# PneutouchAi Live; PNEU1,seq,ms,raw; baud=115200; nominal_sps=40
# PNEF1; version=1; features=12; units_x1000; classes=tail/back/legs/head; gesture=press_release_1s
# PNEM1,READY,43,172,223154
# PNEL1,READY
# PNEL1,UNKNOWN,455
PNEU1,0,753,3941304
PNEU1,1,778,3941383
PNEU1,2,803,3941780
PNEU1,3,828,3941816
PNEU1,4,854,3941405
PNEU1,5,879,3941135
PNEU1,6,904,3941107
PNEU1,7,929,3941266
PNEU1,8,954,3941961
PNEU1,9,979,3941584
PNEU1,10,1005,3941707
PNEU1,11,1030,3941313
PNEU1,12,1055,3940995
PNEU1,13,1080,3941661
PNEU1,14,1105,3942119
PNEU1,15,1131,3941758
PNEU1,16,1156,3941421
PNEU1,17,1181,3941121
PNEU1,18,1206,3940971
PNEU1,19,1231,3941382
PNEU1,20,1256,3941378
PNEU1,21,1282,3941437
PNEU1,22,1307,3941662
PNEU1,23,1332,3941683
PNEU1,24,1357,3941909
PNEU1,25,1382,3941558
PNEU1,26,1408,3941018
PNEU1,27,1433,3941614
PNEU1,28,1458,3941961
PNEU1,29,1483,3941629
PNEU1,30,1508,3941405
PNEU1,31,1534,3941701
PNEU1,32,1559,3941854
PNEU1,33,1584,3941837
PNEU1,34,1609,3941716
PNEU1,35,1634,3941898
PNEU1,36,1659,3941560
PNEU1,37,1685,3941491
PNEU1,38,1710,3942043
PNEU1,39,1735,3942013
PNEU1,40,1760,3941935
PNEU1,41,1785,3941891
PNEU1,42,1811,3941700
PNEU1,43,1836,3941751
PNEU1,44,1861,3941249
PNEU1,45,1886,3941460
PNEU1,46,1911,3941354
PNEU1,47,1936,3941027
PNEU1,48,1962,3941066
PNEU1,49,1987,3941489
PNEU1,50,2012,3941830
PNEU1,51,2037,3941704
PNEU1,52,2062,3941025
PNEU1,53,2088,3941222
PNEU1,54,2113,3941392
PNEU1,55,2138,3941222
PNEU1,56,2163,3941510
PNEU1,57,2188,3941327
PNEU1,58,2214,3941016
PNEU1,59,2239,3941664
PNEU1,60,2264,3941637
PNEU1,61,2289,3941401
PNEU1,62,2314,3941510
PNEU1,63,2339,3941252
PNEU1,64,2365,3941014
PNEU1,65,2390,3941394
PNEU1,66,2415,3941556
PNEU1,67,2440,3941525
PNEU1,68,2465,3941514
PNEU1,69,2491,3941932
PNEU1,70,2516,3941953
PNEU1,71,2541,3941391
PNEU1,72,2566,3941291
PNEU1,73,2591,3941812
PNEU1,74,2616,3942253
PNEU1,75,2642,3941590
PNEU1,76,2667,3941067
PNEU1,77,2692,3941194
PNEU1,78,2717,3941146
PNEU1,79,2742,3941568
PNEU1,80,2768,3940992
PNEU1,81,2793,3941311
PNEU1,82,2818,3941154
PNEU1,83,2843,3940926
PNEU1,84,2868,3941566
PNEU1,85,2894,3941617
PNEU1,86,2919,3941598
PNEU1,87,2944,3941773
PNEU1,88,2969,3941613
PNEU1,89,2994,3941682
PNEU1,90,3019,3941904
PNEU1,91,3045,3942259
PNEU1,92,3070,3941681
PNEU1,93,3095,3941437
PNEU1,94,3120,3941375
PNEU1,95,3145,3941437
PNEU1,96,3171,3941224
PNEU1,97,3196,3941545
PNEU1,98,3221,3941482
PNEU1,99,3246,3941410
PNEU1,100,3271,3941229
PNEU1,101,3297,3940923
PNEU1,102,3322,3941186
PNEU1,103,3347,3942125
PNEU1,104,3372,3941611
PNEU1,105,3397,3941064
PNEU1,106,3422,3941468
PNEU1,107,3448,3941751
PNEU1,108,3473,3941640
PNEU1,109,3498,3941521
PNEU1,110,3523,3941682
PNEU1,111,3548,3941457
PNEU1,112,3574,3941440
PNEU1,113,3599,3941759
PNEU1,114,3624,3941550
PNEU1,115,3649,3941281
PNEU1,116,3674,3941604
PNEU1,117,3700,3941034
PNEU1,118,3725,3940324
PNEU1,119,3750,3940109
PNEU1,120,3775,3940631
PNEU1,121,3800,3941420
PNEU1,122,3825,3941505
PNEU1,123,3851,3942374
PNEU1,124,3876,3942613
PNEU1,125,3901,3941352
PNEU1,126,3926,3941038
PNEU1,127,3951,3941146
PNEU1,128,3977,3940997
PNEU1,129,4002,3940462
PNEU1,130,4027,3941000
PNEU1,131,4052,3941510
PNEU1,132,4077,3941451
PNEU1,133,4103,3941598
PNEU1,134,4128,3941833
PNEU1,135,4153,3941534
PNEU1,136,4178,3941227
PNEU1,137,4203,3941105
PNEU1,138,4229,3941062
PNEU1,139,4254,3941877
PNEU1,140,4279,3941788
PNEU1,141,4304,3941690
PNEU1,142,4329,3941547
PNEU1,143,4354,3941553
PNEU1,144,4380,3941522
PNEU1,145,4405,3941266
PNEU1,146,4430,3940934
PNEU1,147,4455,3941211
PNEU1,148,4480,3940889
PNEU1,149,4506,3941446
PNEU1,150,4531,3941830
PNEU1,151,4556,3941306
PNEU1,152,4581,3941011
PNEU1,153,4606,3941277
PNEU1,154,4632,3941561
PNEU1,155,4657,3941420
PNEU1,156,4682,3940855
PNEU1,157,4707,3940991
PNEU1,158,4732,3941471
PNEU1,159,4757,3941627
PNEU1,160,4783,3941538
PNEU1,161,4808,3941687
PNEU1,162,4833,3941894
PNEU1,163,4858,3941376
PNEU1,164,4883,3941414
PNEU1,165,4909,3941819
PNEU1,166,4934,3942125
PNEU1,167,4959,3941601
PNEU1,168,4984,3941259
PNEU1,169,5009,3941501
PNEU1,170,5035,3941435
PNEU1,171,5060,3941407
PNEU1,172,5085,3942127
PNEU1,173,5110,3941541
PNEU1,174,5135,3941070
PNEU1,175,5160,3941073
PNEU1,176,5186,3941424
PNEU1,177,5211,3941396
PNEU1,178,5236,3941390
PNEU1,179,5261,3941877
PNEU1,180,5286,3941808
PNEU1,181,5312,3941674
PNEU1,182,5337,3941290
PNEU1,183,5362,3941450
PNEU1,184,5387,3941351
PNEU1,185,5412,3941237
PNEU1,186,5438,3941835
PNEU1,187,5463,3940998
PNEU1,188,5488,3941077
PNEU1,189,5513,3941711
PNEU1,190,5538,3941364
PNEU1,191,5563,3941447
PNEU1,192,5589,3941480
PNEU1,193,5614,3940925
PNEU1,194,5639,3941426
PNEU1,195,5664,3941204
PNEU1,196,5689,3941252
PNEU1,197,5715,3941137
PNEU1,198,5740,3940741
PNEU1,199,5765,3940929
PNEU1,200,5790,3941326
PNEU1,201,5815,3941512
PNEU1,202,5841,3941419
PNEU1,203,5866,3941399
PNEU1,204,5891,3941615
PNEU1,205,5916,3942345
PNEU1,206,5941,3942481
PNEU1,207,5966,3942087
PNEU1,208,5992,3941673
PNEU1,209,6017,3941466
PNEU1,210,6042,3941733
PNEU1,211,6067,3941433
PNEU1,212,6092,3940696
PNEU1,213,6118,3940843
PNEU1,214,6143,3941442
PNEU1,215,6168,3941124
PNEU1,216,6193,3941100
PNEU1,217,6218,3941291
PNEU1,218,6244,3941707
PNEU1,219,6269,3941328
PNEU1,220,6294,3941348
PNEU1,221,6319,3941756
PNEU1,222,6344,3941706
PNEU1,223,6370,3941535
PNEU1,224,6395,3941775
PNEU1,225,6420,3941293
PNEU1,226,6445,3941330
PNEU1,227,6470,3941018
PNEU1,228,6495,3940920
PNEU1,229,6521,3941109
PNEU1,230,6546,3941317
PNEU1,231,6571,3941311
PNEU1,232,6596,3941626
PNEU1,233,6621,3941378
PNEU1,234,6647,3941463
PNEU1,235,6672,3941685
PNEU1,236,6697,3941408
PNEU1,237,6722,3941216
PNEU1,238,6747,3941438
PNEU1,239,6773,3941585
PNEU1,240,6798,3941992
PNEU1,241,6823,3942131
PNEU1,242,6848,3941449
PNEU1,243,6873,3941310
PNEU1,244,6898,3941858
PNEU1,245,6924,3941947
PNEU1,246,6949,3941720
PNEU1,247,6974,3941260
PNEU1,248,6999,3941059
PNEU1,249,7024,3941488
PNEU1,250,7050,3941501
PNEU1,251,7075,3941986
PNEU1,252,7100,3941813
PNEU1,253,7125,3941552
PNEU1,254,7150,3941247
PNEU1,255,7176,3941156
PNEU1,256,7201,3941438
PNEU1,257,7226,3941537
PNEU1,258,7251,3941622
PNEU1,259,7276,3941341
PNEU1,260,7301,3941853
PNEU1,261,7327,3941709
PNEU1,262,7352,3941772
PNEU1,263,7377,3941363
PNEU1,264,7402,3941146
PNEU1,265,7427,3941262
PNEU1,266,7453,3941689
PNEU1,267,7478,3941749
PNEU1,268,7503,3941916
PNEU1,269,7528,3942102
PNEU1,270,7553,3942004
PNEU1,271,7579,3941676
PNEU1,272,7604,3941628
PNEU1,273,7629,3941468
PNEU1,274,7654,3941210
PNEU1,275,7679,3941152
PNEU1,276,7704,3941595
PNEU1,277,7730,3942243
PNEU1,278,7755,3941544
PNEU1,279,7780,3941788
PNEU1,280,7805,3941794
PNEU1,281,7830,3941334
PNEU1,282,7856,3941018
PNEU1,283,7881,3941486
PNEU1,284,7906,3941767
PNEU1,285,7931,3941311
PNEU1,286,7956,3940802
PNEU1,287,7982,3941521
PNEU1,288,8007,3942148
PNEU1,289,8032,3941261
PNEU1,290,8057,3941045
PNEU1,291,8082,3941262
PNEU1,292,8107,3941490
PNEU1,293,8133,3941481
PNEU1,294,8158,3941469
PNEU1,295,8183,3941647
PNEU1,296,8208,3941820
PNEU1,297,8233,3941405
PNEU1,298,8259,3940586
PNEU1,299,8284,3940860
PNEU1,300,8309,3941721
PNEU1,301,8334,3941891
PNEU1,302,8359,3941875
PNEU1,303,8385,3941554
PNEU1,304,8410,3941792
PNEU1,305,8435,3941401
PNEU1,306,8460,3941580
PNEU1,307,8485,3941865
PNEU1,308,8511,3941433
PNEU1,309,8536,3941090
PNEU1,310,8561,3941333
PNEU1,311,8586,3941758
PNEU1,312,8611,3941148
PNEU1,313,8636,3941474
PNEU1,314,8662,3941798
PNEU1,315,8687,3941438
PNEU1,316,8712,3941468
PNEU1,317,8737,3941415
PNEU1,318,8762,3941138
PNEU1,319,8788,3941431
PNEU1,320,8813,3941285
PNEU1,321,8838,3941263
PNEU1,322,8863,3941335
PNEU1,323,8888,3941572
PNEU1,324,8914,3941684
PNEU1,325,8939,3941384
PNEU1,326,8964,3941516
PNEU1,327,8989,3941394
PNEU1,328,9014,3940833
PNEU1,329,9040,3940956
PNEU1,330,9065,3941596
PNEU1,331,9090,3941352
PNEU1,332,9115,3941262
PNEU1,333,9140,3941458
PNEU1,334,9165,3941294
PNEU1,335,9191,3940920
PNEU1,336,9216,3940582
PNEU1,337,9241,3940774
PNEU1,338,9266,3941206
PNEU1,339,9291,3941516
PNEU1,340,9317,3941319
PNEU1,341,9342,3941181
PNEU1,342,9367,3941035
PNEU1,343,9392,3941018
PNEU1,344,9417,3941493
PNEU1,345,9443,3941745
PNEU1,346,9468,3941308
PNEU1,347,9493,3941367
PNEU1,348,9518,3941359
PNEU1,349,9543,3940988
PNEU1,350,9568,3941565
PNEU1,351,9594,3941886
PNEU1,352,9619,3941560
PNEU1,353,9644,3940942
PNEU1,354,9669,3940815
PNEU1,355,9694,3941491
PNEU1,356,9720,3941576
PNEU1,357,9745,3941409
PNEU1,358,9770,3941645
PNEU1,359,9795,3941870
PNEU1,360,9820,3941886
PNEU1,361,9846,3941652
PNEU1,362,9871,3941217
PNEU1,363,9896,3941140
PNEU1,364,9921,3941434
PNEU1,365,9946,3941529
PNEU1,366,9971,3941986
PNEU1,367,9997,3941798
PNEU1,368,10022,3941567
PNEU1,369,10047,3941145
PNEU1,370,10072,3941214
PNEU1,371,10097,3941771
PNEU1,372,10123,3942067
PNEU1,373,10148,3942105
PNEU1,374,10173,3941891
PNEU1,375,10198,3941630
PNEU1,376,10223,3941217
PNEU1,377,10249,3941396
PNEU1,378,10274,3941290
PNEU1,379,10299,3941575
PNEU1,380,10324,3942052
PNEU1,381,10349,3941471
PNEU1,382,10375,3941305
PNEU1,383,10400,3942089
PNEU1,384,10425,3941768
PNEU1,385,10450,3941284
PNEU1,386,10475,3941103
PNEU1,387,10500,3941592
PNEU1,388,10526,3941646
PNEU1,389,10551,3942099
PNEU1,390,10576,3941851
PNEU1,391,10601,3941286
PNEU1,392,10626,3941162
PNEU1,393,10652,3941388
PNEU1,394,10677,3941963
PNEU1,395,10702,3942065
PNEU1,396,10727,3941356
PNEU1,397,10752,3941831
PNEU1,398,10778,3942237
PNEU1,399,10803,3942071
PNEU1,400,10828,3941770
PNEU1,401,10853,3941633
PNEU1,402,10878,3941504
PNEU1,403,10903,3941478
PNEU1,404,10929,3941489
PNEU1,405,10954,3941693
PNEU1,406,10979,3941435
PNEU1,407,11004,3940964
PNEU1,408,11029,3940737
PNEU1,409,11055,3941479
PNEU1,410,11080,3941496
PNEU1,411,11105,3941231
PNEU1,412,11130,3941690
PNEU1,413,11155,3941363
PNEU1,414,11181,3941955
PNEU1,415,11206,3941623
PNEU1,416,11231,3941370
PNEU1,417,11256,3941444
PNEU1,418,11281,3941236
PNEU1,419,11306,3941049
PNEU1,420,11332,3940964
PNEU1,421,11357,3941073
PNEU1,422,11382,3941296
PNEU1,423,11407,3941182
PNEU1,424,11432,3941189
PNEU1,425,11458,3941639
PNEU1,426,11483,3941825
PNEU1,427,11508,3941391
PNEU1,428,11533,3941229
PNEU1,429,11558,3941155
PNEU1,430,11584,3940766
PNEU1,431,11609,3941182
PNEU1,432,11634,3941612
PNEU1,433,11659,3941849
PNEU1,434,11684,3941810
PNEU1,435,11710,3941258
PNEU1,436,11735,3941139
PNEU1,437,11760,3941368
PNEU1,438,11785,3941207
PNEU1,439,11810,3941539
PNEU1,440,11835,3942078
PNEU1,441,11861,3942291
PNEU1,442,11886,3942023
PNEU1,443,11911,3941889
PNEU1,444,11936,3942271
PNEU1,445,11961,3941717
PNEU1,446,11987,3941600
PNEU1,447,12012,3942010
PNEU1,448,12037,3942282
PNEU1,449,12062,3941560
PNEU1,450,12087,3941410
PNEU1,451,12113,3941227
PNEU1,452,12138,3941122
PNEU1,453,12163,3941109
PNEU1,454,12188,3941384
PNEU1,455,12213,3941592
PNEU1,456,12238,3941560
PNEU1,457,12264,3941375
PNEU1,458,12289,3940910
PNEU1,459,12314,3941164
PNEU1,460,12339,3941280
PNEU1,461,12364,3941359
PNEU1,462,12390,3941184
PNEU1,463,12415,3941201
PNEU1,464,12440,3940860
PNEU1,465,12465,3940911
PNEU1,466,12490,3941821
PNEU1,467,12516,3942095
PNEU1,468,12541,3941972
PNEU1,469,12566,3942186
PNEU1,470,12591,3942208
PNEU1,471,12616,3940950
PNEU1,472,12642,3940205
PNEU1,473,12667,3939739
PNEU1,474,12692,3940436
PNEU1,475,12717,3941539
PNEU1,476,12742,3939172
PNEU1,477,12767,3934718
PNEU1,478,12793,3928913
PNEU1,479,12818,3925979
PNEU1,480,12843,3930592
PNEU1,481,12868,3938553
PNEU1,482,12893,3947390
PNEU1,483,12919,3954556
PNEU1,484,12944,3954331
PNEU1,485,12969,3955656
PNEU1,486,12994,3956899
PNEU1,487,13019,3953378
PNEU1,488,13045,3948716
PNEU1,489,13070,3946734
PNEU1,490,13095,3949742
PNEU1,491,13120,3954480
PNEU1,492,13145,3956674
PNEU1,493,13170,3959525
PNEU1,494,13196,3962179
PNEU1,495,13221,3964632
PNEU1,496,13246,3965406
PNEU1,497,13271,3963921
PNEU1,498,13296,3963357
PNEU1,499,13322,3962099
PNEU1,500,13347,3959561
PNEU1,501,13372,3957657
PNEU1,502,13397,3955793
PNEU1,503,13422,3954379
PNEU1,504,13448,3952582
PNEU1,505,13473,3950484
PNEU1,506,13498,3947244
PNEU1,507,13523,3944764
PNEU1,508,13548,3942438
PNEU1,509,13573,3940756
PNEU1,510,13599,3939691
PNEU1,511,13624,3940567
PNEU1,512,13649,3943132
PNEU1,513,13674,3945618
PNEU1,514,13699,3945840
PNEU1,515,13725,3945234
PNEU1,516,13750,3944874
PNEU1,517,13775,3944042
PNEU1,518,13800,3942915
PNEU1,519,13825,3942595
PNEU1,520,13851,3942751
PNEU1,521,13876,3942558
PNEU1,522,13901,3941511
PNEU1,523,13926,3940445
PNEU1,524,13951,3939322
PNEU1,525,13977,3937728
PNEU1,526,14002,3937095
PNEU1,527,14027,3936981
PNEU1,528,14052,3936941
PNEU1,529,14077,3936645
PNEU1,530,14102,3936287
PNEU1,531,14128,3935308
PNEU1,532,14153,3934661
PNEU1,533,14178,3934768
PNEU1,534,14203,3933783
PNEU1,535,14228,3933008
PNEU1,536,14254,3933531
PNEU1,537,14279,3934317
PNEU1,538,14304,3936509
PNEU1,539,14329,3938557
PNEU1,540,14354,3938921
PNEU1,541,14380,3936401
PNEU1,542,14405,3934272
PNEU1,543,14430,3934886
PNEU1,544,14455,3937333
PNEU1,545,14480,3938990
PNEU1,546,14505,3939665
PNEU1,547,14531,3939860
PNEU1,548,14556,3939026
PNEU1,549,14581,3939145
PNEU1,550,14606,3939792
PNEU1,551,14631,3939152
PNEU1,552,14657,3938512
PNEU1,553,14682,3937620
PNEU1,554,14707,3937172
PNEU1,555,14732,3937349
PNEU1,556,14757,3938275
PNEU1,557,14783,3938793
PNEU1,558,14808,3938675
PNEU1,559,14833,3938723
PNEU1,560,14858,3940326
PNEU1,561,14883,3942555
PNEU1,562,14909,3943366
PNEU1,563,14934,3942925
PNEU1,564,14959,3942219
PNEU1,565,14984,3940704
PNEU1,566,15009,3937921
PNEU1,567,15034,3935346
PNEU1,568,15060,3933429
PNEU1,569,15085,3932775
PNEU1,570,15110,3930280
PNEU1,571,15135,3926315
PNEU1,572,15160,3921742
PNEU1,573,15186,3918177
PNEU1,574,15211,3915999
PNEU1,575,15236,3916296
PNEU1,576,15261,3917127
PNEU1,577,15286,3918262
PNEU1,578,15312,3918616
PNEU1,579,15337,3918309
PNEU1,580,15362,3919004
PNEU1,581,15387,3919586
PNEU1,582,15412,3919564
PNEU1,583,15438,3919548
PNEU1,584,15463,3920564
PNEU1,585,15488,3921363
PNEU1,586,15513,3921962
PNEU1,587,15538,3923076
PNEU1,588,15564,3923616
PNEU1,589,15589,3925517
PNEU1,590,15614,3927256
PNEU1,591,15639,3927938
PNEU1,592,15664,3928688
PNEU1,593,15689,3929764
PNEU1,594,15715,3931184
PNEU1,595,15740,3932395
PNEU1,596,15765,3933247
PNEU1,597,15790,3932800
PNEU1,598,15815,3933152
PNEU1,599,15841,3934752
PNEU1,600,15866,3935756
PNEU1,601,15891,3935466
PNEU1,602,15916,3933389
PNEU1,603,15941,3931739
PNEU1,604,15967,3930513
PNEU1,605,15992,3929609
PNEU1,606,16017,3929111
PNEU1,607,16042,3929511
PNEU1,608,16067,3930815
PNEU1,609,16092,3932173
PNEU1,610,16118,3934274
PNEU1,611,16143,3936162
PNEU1,612,16168,3937419
PNEU1,613,16193,3938178
PNEU1,614,16218,3939447
PNEU1,615,16244,3939853
PNEU1,616,16269,3940461
PNEU1,617,16294,3941517
PNEU1,618,16319,3942286
PNEU1,619,16344,3943797
PNEU1,620,16370,3945458
PNEU1,621,16395,3946312
PNEU1,622,16420,3946719
PNEU1,623,16445,3947127
PNEU1,624,16470,3947299
PNEU1,625,16495,3947569
PNEU1,626,16521,3947437
PNEU1,627,16546,3946638
PNEU1,628,16571,3946778
PNEU1,629,16596,3947210
PNEU1,630,16621,3947602
PNEU1,631,16647,3947055
PNEU1,632,16672,3946876
PNEU1,633,16697,3946649
PNEU1,634,16722,3945318
PNEU1,635,16747,3944106
PNEU1,636,16773,3944201
PNEU1,637,16798,3945579
PNEU1,638,16823,3947809
PNEU1,639,16848,3950861
PNEU1,640,16873,3953612
PNEU1,641,16898,3953475
PNEU1,642,16924,3950498
PNEU1,643,16949,3947898
PNEU1,644,16974,3946740
PNEU1,645,16999,3945992
PNEU1,646,17024,3945291
PNEU1,647,17050,3946159
PNEU1,648,17075,3948171
PNEU1,649,17100,3949488
PNEU1,650,17125,3949537
PNEU1,651,17150,3949671
PNEU1,652,17176,3949143
PNEU1,653,17201,3948780
PNEU1,654,17226,3948639
PNEU1,655,17251,3948490
PNEU1,656,17276,3948112
PNEU1,657,17302,3947714
PNEU1,658,17327,3947313
PNEU1,659,17352,3947183
PNEU1,660,17377,3947302
PNEU1,661,17402,3947452
PNEU1,662,17427,3947673
PNEU1,663,17453,3947880
PNEU1,664,17478,3948049
PNEU1,665,17503,3947841
PNEU1,666,17528,3947895
PNEU1,667,17553,3947785
PNEU1,668,17579,3947657
PNEU1,669,17604,3947621
PNEU1,670,17629,3947460
PNEU1,671,17654,3947489
PNEU1,672,17679,3947837
PNEU1,673,17705,3947253
PNEU1,674,17730,3947045
PNEU1,675,17755,3947303
PNEU1,676,17780,3947468
PNEU1,677,17805,3947143
PNEU1,678,17831,3947479
PNEU1,679,17856,3947617
PNEU1,680,17881,3947442
PNEU1,681,17906,3947170
PNEU1,682,17931,3947439
PNEU1,683,17957,3947721
PNEU1,684,17982,3947024
PNEU1,685,18007,3946698
PNEU1,686,18032,3947176
PNEU1,687,18057,3947100
PNEU1,688,18082,3946978
PNEU1,689,18108,3947243
PNEU1,690,18133,3947150
PNEU1,691,18158,3947217
PNEU1,692,18183,3946800
PNEU1,693,18208,3947424
PNEU1,694,18234,3947675
PNEU1,695,18259,3947407
PNEU1,696,18284,3947428
PNEU1,697,18309,3947753
PNEU1,698,18334,3947811
PNEU1,699,18360,3947458
PNEU1,700,18385,3947813
PNEU1,701,18410,3947957
PNEU1,702,18435,3947370
PNEU1,703,18460,3947160
PNEU1,704,18485,3946889
PNEU1,705,18511,3947015
PNEU1,706,18536,3947428
PNEU1,707,18561,3947233
PNEU1,708,18586,3947585
PNEU1,709,18611,3947693
PNEU1,710,18637,3947980
PNEU1,711,18662,3948188
PNEU1,712,18687,3947843
PNEU1,713,18712,3947376
PNEU1,714,18737,3947452
PNEU1,715,18763,3946891
PNEU1,716,18788,3947149
PNEU1,717,18813,3946859
PNEU1,718,18838,3946883
PNEU1,719,18863,3947431
PNEU1,720,18889,3947695
PNEU1,721,18914,3946905
PNEU1,722,18939,3946694
PNEU1,723,18964,3947515
PNEU1,724,18989,3947874
PNEU1,725,19014,3947758
PNEU1,726,19040,3947297
PNEU1,727,19065,3947093
PNEU1,728,19090,3947204
PNEU1,729,19115,3947634
PNEU1,730,19140,3947606
PNEU1,731,19166,3947343
PNEU1,732,19191,3947098
PNEU1,733,19216,3946676
PNEU1,734,19241,3946802
PNEU1,735,19266,3947349
PNEU1,736,19292,3947394
PNEU1,737,19317,3947088
PNEU1,738,19342,3947350
PNEU1,739,19367,3947555
PNEU1,740,19392,3947420
PNEU1,741,19418,3947543
PNEU1,742,19443,3947259
PNEU1,743,19468,3947216
PNEU1,744,19493,3947318
PNEU1,745,19518,3947498
PNEU1,746,19543,3947406
PNEU1,747,19569,3947349
PNEU1,748,19594,3946750
PNEU1,749,19619,3946652
PNEU1,750,19644,3947109
PNEU1,751,19669,3947247
PNEU1,752,19695,3947308
PNEU1,753,19720,3947061
PNEU1,754,19745,3947203
PNEU1,755,19770,3947684
PNEU1,756,19795,3947469
PNEU1,757,19821,3947498
PNEU1,758,19846,3947188
PNEU1,759,19871,3947084
PNEU1,760,19896,3947294
PNEU1,761,19921,3946639
PNEU1,762,19946,3946933
PNEU1,763,19972,3946602
PNEU1,764,19997,3946797
PNEU1,765,20022,3946987
PNEU1,766,20047,3947151
PNEU1,767,20072,3947387
PNEU1,768,20098,3947145
PNEU1,769,20123,3946808
PNEU1,770,20148,3946833
PNEU1,771,20173,3947207
PNEU1,772,20198,3947386
PNEU1,773,20224,3947255
PNEU1,774,20249,3947097
PNEU1,775,20274,3947229
PNEU1,776,20299,3947563
PNEU1,777,20324,3947152
PNEU1,778,20350,3947094
PNEU1,779,20375,3947072
PNEU1,780,20400,3946900
PNEU1,781,20425,3947018
PNEU1,782,20450,3947342
PNEU1,783,20476,3947125
PNEU1,784,20501,3946806
PNEU1,785,20526,3947201
PNEU1,786,20551,3947133
PNEU1,787,20576,3946758
PNEU1,788,20601,3946927
PNEU1,789,20627,3947272
PNEU1,790,20652,3947512
PNEU1,791,20677,3947297
PNEU1,792,20702,3946590
PNEU1,793,20727,3947088
PNEU1,794,20753,3947447
PNEU1,795,20778,3946466
PNEU1,796,20803,3946051
PNEU1,797,20828,3946407
PNEU1,798,20853,3946704
PNEU1,799,20879,3946860
PNEU1,800,20904,3947351
PNEU1,801,20929,3946904
PNEU1,802,20954,3946827
PNEU1,803,20979,3946656
PNEU1,804,21004,3946813
PNEU1,805,21030,3946664
PNEU1,806,21055,3946724
PNEU1,807,21080,3946938
PNEU1,808,21105,3947063
PNEU1,809,21130,3946791
PNEU1,810,21156,3946570
PNEU1,811,21181,3946984
PNEU1,812,21206,3947135
PNEU1,813,21231,3946707
PNEU1,814,21256,3947082
PNEU1,815,21281,3947289
PNEU1,816,21307,3946680
PNEU1,817,21332,3946616
PNEU1,818,21357,3946874
PNEU1,819,21382,3946853
PNEU1,820,21407,3946951
PNEU1,821,21433,3947128
PNEU1,822,21458,3947067
PNEU1,823,21483,3946788
PNEU1,824,21508,3946823
PNEU1,825,21533,3946908
PNEU1,826,21559,3947164
PNEU1,827,21584,3947110
PNEU1,828,21609,3946928
PNEU1,829,21634,3947217
PNEU1,830,21659,3947566
PNEU1,831,21685,3947321
PNEU1,832,21710,3946883
PNEU1,833,21735,3946724
PNEU1,834,21760,3946686
PNEU1,835,21785,3946472
PNEU1,836,21810,3946874
PNEU1,837,21836,3946670
PNEU1,838,21861,3946727
PNEU1,839,21886,3946818
PNEU1,840,21911,3947425
PNEU1,841,21936,3947535
PNEU1,842,21962,3947483
PNEU1,843,21987,3947274
PNEU1,844,22012,3947393
PNEU1,845,22037,3947206
PNEU1,846,22062,3947473
PNEU1,847,22088,3947367
PNEU1,848,22113,3946933
PNEU1,849,22138,3946852
PNEU1,850,22163,3946267
PNEU1,851,22188,3946224
PNEU1,852,22213,3946670
PNEU1,853,22239,3947239
PNEU1,854,22264,3947016
PNEU1,855,22289,3946700
PNEU1,856,22314,3946587
PNEU1,857,22339,3946844
PNEU1,858,22365,3947072
PNEU1,859,22390,3947087
PNEU1,860,22415,3946210
PNEU1,861,22440,3946298
PNEU1,862,22465,3946688
PNEU1,863,22491,3947156
PNEU1,864,22516,3947165
PNEU1,865,22541,3947122
PNEU1,866,22566,3947128
PNEU1,867,22591,3947344
PNEU1,868,22617,3946770
PNEU1,869,22642,3946563
PNEU1,870,22667,3946802
PNEU1,871,22692,3946913
PNEU1,872,22717,3946798
PNEU1,873,22742,3946808
PNEU1,874,22768,3946782
PNEU1,875,22793,3947176
PNEU1,876,22818,3947156
PNEU1,877,22843,3946380
PNEU1,878,22868,3947032
PNEU1,879,22894,3947327
PNEU1,880,22919,3946728
PNEU1,881,22944,3946696
PNEU1,882,22969,3946925
PNEU1,883,22994,3946566
PNEU1,884,23020,3946979
PNEU1,885,23045,3947173
PNEU1,886,23070,3946825
PNEU1,887,23095,3946979
PNEU1,888,23120,3947066
PNEU1,889,23146,3947193
PNEU1,890,23171,3946708
PNEU1,891,23196,3946704
PNEU1,892,23221,3946489
PNEU1,893,23246,3946473
PNEU1,894,23271,3946606
PNEU1,895,23297,3946838
PNEU1,896,23322,3946495
PNEU1,897,23347,3944653
PNEU1,898,23372,3942796
PNEU1,899,23397,3941648
PNEU1,900,23423,3941161
PNEU1,901,23448,3939234
PNEU1,902,23473,3938243
PNEU1,903,23498,3938895
PNEU1,904,23523,3940370
PNEU1,905,23549,3940021
PNEU1,906,23574,3937824
PNEU1,907,23599,3936697
PNEU1,908,23624,3936914
PNEU1,909,23649,3936685
PNEU1,910,23674,3936827
PNEU1,911,23700,3937924
PNEU1,912,23725,3941392
PNEU1,913,23750,3945914
PNEU1,914,23775,3948492
PNEU1,915,23800,3949442
PNEU1,916,23826,3951830
PNEU1,917,23851,3954649
PNEU1,918,23876,3956410
PNEU1,919,23901,3958037
PNEU1,920,23926,3959576
PNEU1,921,23952,3960816
PNEU1,922,23977,3964437
PNEU1,923,24002,3969584
PNEU1,924,24027,3972358
PNEU1,925,24052,3969343
PNEU1,926,24077,3967268
PNEU1,927,24103,3969468
PNEU1,928,24128,3970212
PNEU1,929,24153,3969105
PNEU1,930,24178,3964576
PNEU1,931,24203,3958296
PNEU1,932,24229,3953258
PNEU1,933,24254,3949619
PNEU1,934,24279,3947641
PNEU1,935,24304,3947390
PNEU1,936,24329,3947206
PNEU1,937,24355,3946147
PNEU1,938,24380,3944446
PNEU1,939,24405,3943416
PNEU1,940,24430,3943205
PNEU1,941,24455,3944261
PNEU1,942,24481,3948196
PNEU1,943,24506,3952236
PNEU1,944,24531,3954466
PNEU1,945,24556,3954931
PNEU1,946,24581,3955803
PNEU1,947,24606,3956482
PNEU1,948,24632,3955325
PNEU1,949,24657,3952877
PNEU1,950,24682,3950862
PNEU1,951,24707,3950075
PNEU1,952,24732,3948807
PNEU1,953,24758,3947072
PNEU1,954,24783,3945144
PNEU1,955,24808,3944419
PNEU1,956,24833,3944108
PNEU1,957,24858,3943488
PNEU1,958,24884,3942724
PNEU1,959,24909,3942572
PNEU1,960,24934,3942473
PNEU1,961,24959,3942877
PNEU1,962,24984,3943610
PNEU1,963,25009,3943083
PNEU1,964,25035,3942249
PNEU1,965,25060,3941758
PNEU1,966,25085,3941385
PNEU1,967,25110,3941422
PNEU1,968,25135,3943067
PNEU1,969,25161,3946014
PNEU1,970,25186,3947992
PNEU1,971,25211,3949210
PNEU1,972,25236,3949548
PNEU1,973,25261,3949403
PNEU1,974,25287,3949331
PNEU1,975,25312,3949015
PNEU1,976,25337,3949665
PNEU1,977,25362,3951087
PNEU1,978,25387,3952269
PNEU1,979,25413,3954378
PNEU1,980,25438,3956489
PNEU1,981,25463,3957514
PNEU1,982,25488,3957738
PNEU1,983,25513,3955962
PNEU1,984,25538,3953025
PNEU1,985,25564,3950045
PNEU1,986,25589,3947049
PNEU1,987,25614,3943582
PNEU1,988,25639,3940420
PNEU1,989,25664,3937258
PNEU1,990,25690,3938302
PNEU1,991,25715,3941144
PNEU1,992,25740,3939767
PNEU1,993,25765,3935190
PNEU1,994,25790,3932937
PNEU1,995,25816,3928503
PNEU1,996,25841,3926590
PNEU1,997,25866,3927619
PNEU1,998,25891,3930193
PNEU1,999,25916,3932629
PNEU1,1000,25941,3935272
PNEU1,1001,25967,3937860
PNEU1,1002,25992,3941051
PNEU1,1003,26017,3943791
PNEU1,1004,26042,3945919
PNEU1,1005,26067,3947755
PNEU1,1006,26093,3949472
PNEU1,1007,26118,3951724
PNEU1,1008,26143,3954588
PNEU1,1009,26168,3957332
PNEU1,1010,26193,3958741
PNEU1,1011,26219,3958821
PNEU1,1012,26244,3958442
PNEU1,1013,26269,3957848
PNEU1,1014,26294,3956815
PNEU1,1015,26319,3955672
PNEU1,1016,26344,3956725
PNEU1,1017,26370,3957209
PNEU1,1018,26395,3956707
PNEU1,1019,26420,3956087
PNEU1,1020,26445,3955344
PNEU1,1021,26470,3955083
PNEU1,1022,26496,3955392
PNEU1,1023,26521,3955397
PNEU1,1024,26546,3955414
PNEU1,1025,26571,3955149
PNEU1,1026,26596,3955274
PNEU1,1027,26622,3955576
PNEU1,1028,26647,3955475
PNEU1,1029,26672,3955794
PNEU1,1030,26697,3955395
PNEU1,1031,26722,3955471
PNEU1,1032,26747,3955348
PNEU1,1033,26773,3954961
PNEU1,1034,26798,3954493
PNEU1,1035,26823,3954305
PNEU1,1036,26848,3954714
PNEU1,1037,26873,3954915
PNEU1,1038,26899,3954818
PNEU1,1039,26924,3954827
PNEU1,1040,26949,3954473
PNEU1,1041,26974,3954480
PNEU1,1042,26999,3954691
PNEU1,1043,27025,3954252
PNEU1,1044,27050,3954744
PNEU1,1045,27075,3955546
PNEU1,1046,27100,3955058
PNEU1,1047,27125,3954449
PNEU1,1048,27151,3953755
PNEU1,1049,27176,3954227
PNEU1,1050,27201,3953808
PNEU1,1051,27226,3954419
PNEU1,1052,27251,3954708
PNEU1,1053,27276,3954015
PNEU1,1054,27302,3954386
PNEU1,1055,27327,3954180
PNEU1,1056,27352,3953776
PNEU1,1057,27377,3953524
PNEU1,1058,27402,3953310
PNEU1,1059,27428,3953032
PNEU1,1060,27453,3953623
PNEU1,1061,27478,3954237
PNEU1,1062,27503,3954500
PNEU1,1063,27528,3954777
PNEU1,1064,27554,3954207
PNEU1,1065,27579,3954524
PNEU1,1066,27604,3954384
PNEU1,1067,27629,3952502
PNEU1,1068,27654,3949969
PNEU1,1069,27679,3948626
PNEU1,1070,27705,3949236
PNEU1,1071,27730,3949539
PNEU1,1072,27755,3948534
PNEU1,1073,27780,3947636
PNEU1,1074,27805,3946581
PNEU1,1075,27831,3945959
PNEU1,1076,27856,3945647
PNEU1,1077,27881,3946072
PNEU1,1078,27906,3947226
PNEU1,1079,27931,3950086
PNEU1,1080,27957,3950577
PNEU1,1081,27982,3947891
PNEU1,1082,28007,3945525
PNEU1,1083,28032,3946534
PNEU1,1084,28057,3949253
PNEU1,1085,28082,3949401
PNEU1,1086,28108,3949815
PNEU1,1087,28133,3950389
PNEU1,1088,28158,3951603
PNEU1,1089,28183,3952698
PNEU1,1090,28208,3951960
PNEU1,1091,28234,3951396
PNEU1,1092,28259,3951245
PNEU1,1093,28284,3951682
PNEU1,1094,28309,3952020
PNEU1,1095,28334,3952069
PNEU1,1096,28360,3951661
PNEU1,1097,28385,3951303
PNEU1,1098,28410,3952267
PNEU1,1099,28435,3952719
PNEU1,1100,28460,3952008
PNEU1,1101,28485,3950605
PNEU1,1102,28511,3949745
PNEU1,1103,28536,3948686
PNEU1,1104,28561,3947134
PNEU1,1105,28586,3948545
PNEU1,1106,28611,3950674
PNEU1,1107,28637,3951102
PNEU1,1108,28662,3950507
PNEU1,1109,28687,3951081
PNEU1,1110,28712,3952417
PNEU1,1111,28737,3952647
PNEU1,1112,28763,3952167
PNEU1,1113,28788,3951177
PNEU1,1114,28813,3951412
PNEU1,1115,28838,3952931
PNEU1,1116,28863,3953484
PNEU1,1117,28888,3954349
PNEU1,1118,28914,3955971
PNEU1,1119,28939,3956660
PNEU1,1120,28964,3958526
PNEU1,1121,28989,3960954
PNEU1,1122,29014,3963360
PNEU1,1123,29040,3966434
PNEU1,1124,29065,3971319
PNEU1,1125,29090,3978768
PNEU1,1126,29115,3988565
PNEU1,1127,29140,3999402
PNEU1,1128,29166,4013732
PNEU1,1129,29191,4032149
# PNEE1,1,START,29191
PNEU1,1130,29216,4051066
PNEU1,1131,29241,4069081
PNEU1,1132,29266,4086323
PNEU1,1133,29292,4096966
PNEU1,1134,29317,4097080
PNEU1,1135,29342,4095772
PNEU1,1136,29367,4090154
PNEU1,1137,29392,4078452
PNEU1,1138,29417,4052298
PNEU1,1139,29443,3999458
PNEU1,1140,29468,3903023
PNEU1,1141,29493,3792123
PNEU1,1142,29518,3729394
PNEU1,1143,29543,3720760
PNEU1,1144,29569,3749288
PNEU1,1145,29594,3788827
PNEU1,1146,29619,3827818
PNEU1,1147,29644,3867063
PNEU1,1148,29669,3896462
PNEU1,1149,29695,3916109
PNEU1,1150,29720,3929091
PNEU1,1151,29745,3937276
PNEU1,1152,29770,3941310
PNEU1,1153,29795,3944508
PNEU1,1154,29821,3945954
PNEU1,1155,29846,3946626
PNEU1,1156,29871,3947743
PNEU1,1157,29896,3948836
# PNEC1,1,29941,TAIL,106,3f08,3d9c,3ddc,3e88
PNEU1,1158,29944,3949078
# PNEF1,1,29191,29896,0,225610,68359,250690,255258,5188,303
PNEU1,1159,29952,3948552
# PNEF1,1,29191,29896,6,50780,154263,141103,143904,1580,891
# PNEL1,TAIL,29960
PNEU1,1160,29972,3948887
PNEU1,1161,29997,3948873
PNEU1,1162,30022,3948313
PNEU1,1163,30047,3948430
PNEU1,1164,30072,3948648
PNEU1,1165,30098,3948397
PNEU1,1166,30123,3947735
PNEU1,1167,30148,3947235
PNEU1,1168,30173,3947165
PNEU1,1169,30198,3947742
PNEU1,1170,30224,3947966
PNEU1,1171,30249,3947545
PNEU1,1172,30274,3947048
PNEU1,1173,30299,3947029
PNEU1,1174,30324,3946987
PNEU1,1175,30349,3946571
PNEU1,1176,30375,3946397
PNEU1,1177,30400,3946309
PNEU1,1178,30425,3946945
PNEU1,1179,30450,3947613
PNEU1,1180,30475,3947740
PNEU1,1181,30501,3947881
PNEU1,1182,30526,3947633
PNEU1,1183,30551,3947605
PNEU1,1184,30576,3947552
PNEU1,1185,30601,3947254
PNEU1,1186,30627,3947022
PNEU1,1187,30652,3946345
PNEU1,1188,30677,3946390
PNEU1,1189,30702,3946704
PNEU1,1190,30727,3947006
PNEU1,1191,30752,3947190
PNEU1,1192,30778,3947083
PNEU1,1193,30803,3946416
PNEU1,1194,30828,3945617
PNEU1,1195,30853,3944675
PNEU1,1196,30878,3943935
PNEU1,1197,30904,3943195
PNEU1,1198,30929,3942011
PNEU1,1199,30954,3941132
PNEU1,1200,30979,3940878
PNEU1,1201,31004,3940892
PNEU1,1202,31030,3940439
PNEU1,1203,31055,3940152
PNEU1,1204,31080,3940252
PNEU1,1205,31105,3940663
PNEU1,1206,31130,3941017
PNEU1,1207,31156,3941032
PNEU1,1208,31181,3940735
PNEU1,1209,31206,3940830
PNEU1,1210,31231,3940660
PNEU1,1211,31256,3940113
PNEU1,1212,31281,3940174
PNEU1,1213,31307,3940042
PNEU1,1214,31332,3940472
PNEU1,1215,31357,3941588
PNEU1,1216,31382,3942505
PNEU1,1217,31407,3942921
PNEU1,1218,31433,3944163
PNEU1,1219,31458,3945147
PNEU1,1220,31483,3944616
PNEU1,1221,31508,3944785
PNEU1,1222,31533,3945610
PNEU1,1223,31559,3946070
PNEU1,1224,31584,3945687
PNEU1,1225,31609,3944894
PNEU1,1226,31634,3944482
PNEU1,1227,31659,3944330
PNEU1,1228,31684,3943879
PNEU1,1229,31710,3944459
PNEU1,1230,31735,3944426
PNEU1,1231,31760,3944131
PNEU1,1232,31785,3943939
PNEU1,1233,31810,3943653
PNEU1,1234,31836,3943172
PNEU1,1235,31861,3942697
PNEU1,1236,31886,3943228
PNEU1,1237,31911,3943452
PNEU1,1238,31936,3943823
PNEU1,1239,31962,3943231
PNEU1,1240,31987,3943184
PNEU1,1241,32012,3943440
PNEU1,1242,32037,3941992
PNEU1,1243,32062,3941480
PNEU1,1244,32087,3941874
PNEU1,1245,32113,3942987
PNEU1,1246,32138,3943614
PNEU1,1247,32163,3943695
PNEU1,1248,32188,3944583
PNEU1,1249,32213,3944482
PNEU1,1250,32239,3944642
PNEU1,1251,32264,3945040
PNEU1,1252,32289,3944449
PNEU1,1253,32314,3944322
PNEU1,1254,32339,3944041
PNEU1,1255,32365,3943829
PNEU1,1256,32390,3943243
PNEU1,1257,32415,3942814
PNEU1,1258,32440,3942389
PNEU1,1259,32465,3942468
PNEU1,1260,32491,3942756
PNEU1,1261,32516,3942534
PNEU1,1262,32541,3942871
PNEU1,1263,32566,3943381
PNEU1,1264,32591,3943265
PNEU1,1265,32616,3944127
PNEU1,1266,32642,3944536
PNEU1,1267,32667,3944876
PNEU1,1268,32692,3945077
PNEU1,1269,32717,3945531
PNEU1,1270,32742,3946675
PNEU1,1271,32768,3948345
PNEU1,1272,32793,3950435
PNEU1,1273,32818,3953431
PNEU1,1274,32843,3957409
PNEU1,1275,32868,3960972
PNEU1,1276,32894,3964790
PNEU1,1277,32919,3971475
PNEU1,1278,32944,3980767
# PNEL1,UNKNOWN,32961
PNEU1,1279,32969,3996232
PNEU1,1280,32994,4021267
# PNEE1,2,START,32994
PNEU1,1281,33019,4054851
PNEU1,1282,33045,4090902
PNEU1,1283,33070,4122680
PNEU1,1284,33095,4143842
PNEU1,1285,33120,4160966
PNEU1,1286,33145,4171478
PNEU1,1287,33171,4167169
PNEU1,1288,33196,4157502
PNEU1,1289,33221,4138642
PNEU1,1290,33246,4096246
PNEU1,1291,33271,4004395
PNEU1,1292,33297,3862235
PNEU1,1293,33322,3709944
PNEU1,1294,33347,3610577
PNEU1,1295,33372,3602754
PNEU1,1296,33397,3661146
PNEU1,1297,33422,3734406
PNEU1,1298,33448,3802374
PNEU1,1299,33473,3855148
PNEU1,1300,33498,3888671
PNEU1,1301,33523,3909655
PNEU1,1302,33548,3924868
PNEU1,1303,33574,3934607
PNEU1,1304,33599,3939283
PNEU1,1305,33624,3940658
PNEU1,1306,33649,3941237
PNEU1,1307,33674,3942216
PNEU1,1308,33700,3943558
PNEU1,1309,33725,3944420
# PNEC1,2,33773,TAIL,106,3f2d,3dac,be26,3eb8
PNEU1,1310,33776,3945671
# PNEF1,2,32994,33725,0,201024,70260,235430,232818,6094,350
# PNEL1,TAIL,33784
PNEU1,1311,33800,3946237
# PNEF1,2,32994,33725,6,52087,136659,125303,129843,1499,836
PNEU1,1312,33825,3946552
PNEU1,1313,33851,3946597
PNEU1,1314,33876,3946816
PNEU1,1315,33901,3947210
PNEU1,1316,33926,3947669
PNEU1,1317,33951,3948401
PNEU1,1318,33977,3948816
PNEU1,1319,34002,3948773
PNEU1,1320,34027,3949501
PNEU1,1321,34052,3949472
PNEU1,1322,34077,3949492
PNEU1,1323,34103,3949169
PNEU1,1324,34128,3948685
PNEU1,1325,34153,3948809
PNEU1,1326,34178,3949410
PNEU1,1327,34203,3949487
PNEU1,1328,34228,3949376
PNEU1,1329,34254,3949415
PNEU1,1330,34279,3948795
PNEU1,1331,34304,3948154
PNEU1,1332,34329,3948041
PNEU1,1333,34354,3947810
PNEU1,1334,34380,3948200
PNEU1,1335,34405,3947901
PNEU1,1336,34430,3947714
PNEU1,1337,34455,3947664
PNEU1,1338,34480,3947274
PNEU1,1339,34506,3946511
PNEU1,1340,34531,3945816
PNEU1,1341,34556,3946384
PNEU1,1342,34581,3947175
PNEU1,1343,34606,3946953
PNEU1,1344,34632,3946529
PNEU1,1345,34657,3947174
PNEU1,1346,34682,3947490
PNEU1,1347,34707,3948051
PNEU1,1348,34732,3947600
PNEU1,1349,34757,3946825
PNEU1,1350,34783,3946681
PNEU1,1351,34808,3946867
PNEU1,1352,34833,3946256
PNEU1,1353,34858,3945954
PNEU1,1354,34883,3945723
PNEU1,1355,34909,3946202
PNEU1,1356,34934,3946052
PNEU1,1357,34959,3945899
PNEU1,1358,34984,3946990
PNEU1,1359,35009,3948431
PNEU1,1360,35035,3948960
PNEU1,1361,35060,3948293
PNEU1,1362,35085,3948066
PNEU1,1363,35110,3949460
PNEU1,1364,35135,3949815
PNEU1,1365,35160,3949421
PNEU1,1366,35186,3948806
PNEU1,1367,35211,3948758
PNEU1,1368,35236,3949353
PNEU1,1369,35261,3949144
PNEU1,1370,35286,3948725
PNEU1,1371,35312,3948656
PNEU1,1372,35337,3949331
PNEU1,1373,35362,3949577
PNEU1,1374,35387,3949662
PNEU1,1375,35412,3949356
PNEU1,1376,35437,3948534
PNEU1,1377,35463,3947965
PNEU1,1378,35488,3948123
PNEU1,1379,35513,3948749
PNEU1,1380,35538,3948582
PNEU1,1381,35563,3948422
PNEU1,1382,35589,3948865
PNEU1,1383,35614,3948848
PNEU1,1384,35639,3948554
PNEU1,1385,35664,3949259
PNEU1,1386,35689,3950180
PNEU1,1387,35715,3950621
PNEU1,1388,35740,3950602
PNEU1,1389,35765,3951011
PNEU1,1390,35790,3950921
PNEU1,1391,35815,3950689
PNEU1,1392,35841,3950354
PNEU1,1393,35866,3950023
PNEU1,1394,35891,3950456
PNEU1,1395,35916,3950833
PNEU1,1396,35941,3950408
PNEU1,1397,35966,3950250
PNEU1,1398,35992,3949710
PNEU1,1399,36017,3949723
PNEU1,1400,36042,3950163
PNEU1,1401,36067,3950162
PNEU1,1402,36092,3949847
PNEU1,1403,36118,3949391
PNEU1,1404,36143,3949402
PNEU1,1405,36168,3948049
PNEU1,1406,36193,3945547
PNEU1,1407,36218,3944178
PNEU1,1408,36243,3943402
PNEU1,1409,36269,3943786
PNEU1,1410,36294,3944824
PNEU1,1411,36319,3944998
PNEU1,1412,36344,3944517
PNEU1,1413,36369,3944389
PNEU1,1414,36395,3945085
PNEU1,1415,36420,3945189
PNEU1,1416,36445,3944417
PNEU1,1417,36470,3943177
PNEU1,1418,36495,3941682
PNEU1,1419,36521,3940967
PNEU1,1420,36546,3941220
PNEU1,1421,36571,3942255
PNEU1,1422,36596,3943914
PNEU1,1423,36621,3946140
PNEU1,1424,36646,3948329
PNEU1,1425,36672,3952098
PNEU1,1426,36697,3956655
PNEU1,1427,36722,3963911
PNEU1,1428,36747,3975573
PNEU1,1429,36772,3991479
# PNEL1,UNKNOWN,36785
PNEU1,1430,36798,4017359
PNEU1,1431,36823,4062897
# PNEE1,3,START,36823
PNEU1,1432,36848,4145953
PNEU1,1433,36873,4273578
PNEU1,1434,36898,4411871
PNEU1,1435,36924,4500370
PNEU1,1436,36949,4468828
PNEU1,1437,36974,4332554
PNEU1,1438,36999,4159860
PNEU1,1439,37024,3922431
PNEU1,1440,37049,3627184
PNEU1,1441,37075,3380629
PNEU1,1442,37100,3332294
PNEU1,1443,37125,3460280
PNEU1,1444,37150,3600924
PNEU1,1445,37175,3709299
PNEU1,1446,37201,3787285
PNEU1,1447,37226,3840870
PNEU1,1448,37251,3877151
PNEU1,1449,37276,3900502
PNEU1,1450,37301,3915090
PNEU1,1451,37327,3924049
PNEU1,1452,37352,3929683
PNEU1,1453,37377,3933725
PNEU1,1454,37402,3936610
PNEU1,1455,37427,3937670
PNEU1,1456,37452,3938677
PNEU1,1457,37478,3939693
PNEU1,1458,37503,3940161
# PNEC1,3,37548,TAIL,106,3f5b,bd5f,3e8f,be09
PNEU1,1459,37551,3940466
# PNEF1,3,36823,37503,0,126548,62371,126867,129589,9961,493
PNEU1,1460,37558,3941549
# PNEF1,3,36823,37503,6,46362,146114,110679,118529,1103,1009
# PNEL1,TAIL,37567
PNEU1,1461,37578,3941584
PNEU1,1462,37604,3941445
PNEU1,1463,37629,3942084
PNEU1,1464,37654,3942362
PNEU1,1465,37679,3943084
PNEU1,1466,37704,3943743
PNEU1,1467,37730,3943206
PNEU1,1468,37755,3942302
PNEU1,1469,37780,3942464
PNEU1,1470,37805,3942743
PNEU1,1471,37830,3942527
PNEU1,1472,37855,3941980
PNEU1,1473,37881,3941550
PNEU1,1474,37906,3942172
PNEU1,1475,37931,3942414
PNEU1,1476,37956,3941802
PNEU1,1477,37981,3942355
PNEU1,1478,38007,3942891
PNEU1,1479,38032,3942650
PNEU1,1480,38057,3942584
PNEU1,1481,38082,3943282
PNEU1,1482,38107,3943061
PNEU1,1483,38132,3942869
PNEU1,1484,38158,3942919
PNEU1,1485,38183,3942925
PNEU1,1486,38208,3942704
PNEU1,1487,38233,3942715
PNEU1,1488,38258,3942590
PNEU1,1489,38284,3942483
PNEU1,1490,38309,3943041
PNEU1,1491,38334,3942896
PNEU1,1492,38359,3943066
PNEU1,1493,38384,3943588
PNEU1,1494,38410,3944672
PNEU1,1495,38435,3945096
PNEU1,1496,38460,3945008
PNEU1,1497,38485,3945949
PNEU1,1498,38510,3947066
PNEU1,1499,38535,3947980
PNEU1,1500,38561,3948796
PNEU1,1501,38586,3950666
PNEU1,1502,38611,3954361
PNEU1,1503,38636,3959113
PNEU1,1504,38661,3965471
PNEU1,1505,38687,3972800
PNEU1,1506,38712,3984069
PNEU1,1507,38737,4004970
PNEU1,1508,38762,4038295
# PNEE1,4,START,38762
PNEU1,1509,38787,4093877
PNEU1,1510,38813,4181495
PNEU1,1511,38838,4287016
PNEU1,1512,38863,4386483
PNEU1,1513,38888,4464948
PNEU1,1514,38913,4461197
PNEU1,1515,38938,4331182
PNEU1,1516,38964,4131357
PNEU1,1517,38989,3855404
PNEU1,1518,39014,3534517
PNEU1,1519,39039,3311239
PNEU1,1520,39064,3348420
PNEU1,1521,39090,3507898
PNEU1,1522,39115,3647033
PNEU1,1523,39140,3747317
PNEU1,1524,39165,3816686
PNEU1,1525,39190,3861784
PNEU1,1526,39215,3890904
PNEU1,1527,39241,3910337
PNEU1,1528,39266,3922305
PNEU1,1529,39291,3929310
PNEU1,1530,39316,3933550
PNEU1,1531,39341,3937258
PNEU1,1532,39367,3940087
PNEU1,1533,39392,3941231
PNEU1,1534,39417,3942021
PNEU1,1535,39442,3941940
# PNEC1,4,39488,TAIL,103,3f5c,bd54,3e44,bd83
PNEU1,1536,39491,3942716
# PNEF1,4,38762,39442,0,146174,54027,136245,140423,8085,370
PNEU1,1537,39499,3943693
# PNEF1,4,38762,39442,6,45131,137169,104623,112527,1210,970
# PNEL1,TAIL,39507
PNEU1,1538,39518,3944433
PNEU1,1539,39543,3944888
PNEU1,1540,39568,3945063
PNEU1,1541,39593,3945442
PNEU1,1542,39618,3945464
PNEU1,1543,39644,3945426
PNEU1,1544,39669,3945934
PNEU1,1545,39694,3945904
PNEU1,1546,39719,3945748
PNEU1,1547,39744,3946412
PNEU1,1548,39770,3946794
PNEU1,1549,39795,3946465
PNEU1,1550,39820,3946760
PNEU1,1551,39845,3946542
PNEU1,1552,39870,3946278
PNEU1,1553,39896,3946177
PNEU1,1554,39921,3945903
PNEU1,1555,39946,3945815
PNEU1,1556,39971,3945955
PNEU1,1557,39996,3945791
PNEU1,1558,40021,3945780
PNEU1,1559,40047,3946394
PNEU1,1560,40072,3946523
PNEU1,1561,40097,3946429
PNEU1,1562,40122,3946636
PNEU1,1563,40147,3946454
PNEU1,1564,40173,3945962
PNEU1,1565,40198,3946818
PNEU1,1566,40223,3947138
PNEU1,1567,40248,3946640
PNEU1,1568,40273,3946585
PNEU1,1569,40299,3946990
PNEU1,1570,40324,3947226
PNEU1,1571,40349,3946669
PNEU1,1572,40374,3946687
PNEU1,1573,40399,3947226
PNEU1,1574,40425,3947533
PNEU1,1575,40450,3947392
PNEU1,1576,40475,3946947
PNEU1,1577,40500,3947122
PNEU1,1578,40525,3947678
PNEU1,1579,40550,3946684
PNEU1,1580,40576,3946220
PNEU1,1581,40601,3946955
PNEU1,1582,40626,3946966
PNEU1,1583,40651,3946184
PNEU1,1584,40676,3946911
PNEU1,1585,40702,3947313
PNEU1,1586,40727,3947275
PNEU1,1587,40752,3946830
PNEU1,1588,40777,3946613
PNEU1,1589,40802,3947160
PNEU1,1590,40828,3947294
PNEU1,1591,40853,3946838
PNEU1,1592,40878,3946346
PNEU1,1593,40903,3945838
PNEU1,1594,40928,3945377
PNEU1,1595,40953,3945470
PNEU1,1596,40979,3946719
PNEU1,1597,41004,3945967
PNEU1,1598,41029,3945088
PNEU1,1599,41054,3945468
PNEU1,1600,41079,3945314
PNEU1,1601,41105,3945741
PNEU1,1602,41130,3946688
PNEU1,1603,41155,3947514
PNEU1,1604,41180,3949016
PNEU1,1605,41205,3949107
PNEU1,1606,41231,3947077
PNEU1,1607,41256,3945308
PNEU1,1608,41281,3945515
PNEU1,1609,41306,3945967
PNEU1,1610,41331,3946005
PNEU1,1611,41356,3945956
PNEU1,1612,41382,3945829
PNEU1,1613,41407,3946156
PNEU1,1614,41432,3946310
PNEU1,1615,41457,3945883
PNEU1,1616,41482,3945210
PNEU1,1617,41508,3945291
PNEU1,1618,41533,3945584
PNEU1,1619,41558,3945303
PNEU1,1620,41583,3945845
PNEU1,1621,41608,3946999
PNEU1,1622,41634,3947573
PNEU1,1623,41659,3947380
PNEU1,1624,41684,3946197
PNEU1,1625,41709,3945507
PNEU1,1626,41734,3946036
PNEU1,1627,41759,3945940
PNEU1,1628,41785,3945467
PNEU1,1629,41810,3945463
PNEU1,1630,41835,3945959
PNEU1,1631,41860,3945931
PNEU1,1632,41885,3946359
PNEU1,1633,41911,3946695
PNEU1,1634,41936,3946639
PNEU1,1635,41961,3947233
PNEU1,1636,41986,3948158
PNEU1,1637,42011,3947797
PNEU1,1638,42037,3947412
PNEU1,1639,42062,3948086
PNEU1,1640,42087,3948440
PNEU1,1641,42112,3947575
PNEU1,1642,42137,3946272
PNEU1,1643,42162,3946228
PNEU1,1644,42188,3947091
PNEU1,1645,42213,3947097
PNEU1,1646,42238,3946885
PNEU1,1647,42263,3946453
PNEU1,1648,42288,3946465
PNEU1,1649,42314,3946417
PNEU1,1650,42339,3946596
PNEU1,1651,42364,3946806
PNEU1,1652,42389,3946891
PNEU1,1653,42414,3946716
PNEU1,1654,42440,3946679
PNEU1,1655,42465,3946882
PNEU1,1656,42490,3947257
# PNEL1,UNKNOWN,42508
PNEU1,1657,42515,3947791
PNEU1,1658,42540,3947981
PNEU1,1659,42565,3947545
PNEU1,1660,42591,3946895
PNEU1,1661,42616,3946434
PNEU1,1662,42641,3946404
PNEU1,1663,42666,3946886
PNEU1,1664,42691,3948000
PNEU1,1665,42717,3948447
PNEU1,1666,42742,3948476
PNEU1,1667,42767,3948145
PNEU1,1668,42792,3947845
PNEU1,1669,42817,3946925
PNEU1,1670,42843,3947079
PNEU1,1671,42868,3947614
PNEU1,1672,42893,3947495
PNEU1,1673,42918,3947377
PNEU1,1674,42943,3947594
PNEU1,1675,42969,3947379
PNEU1,1676,42994,3947404
PNEU1,1677,43019,3947169
PNEU1,1678,43044,3946322
PNEU1,1679,43069,3946456
PNEU1,1680,43094,3947056
PNEU1,1681,43120,3948421
PNEU1,1682,43145,3950228
PNEU1,1683,43170,3950368
PNEU1,1684,43195,3949856
PNEU1,1685,43220,3949422
PNEU1,1686,43246,3949387
PNEU1,1687,43271,3949136
PNEU1,1688,43296,3948778
PNEU1,1689,43321,3948714
PNEU1,1690,43346,3949112
PNEU1,1691,43372,3949158
PNEU1,1692,43397,3949535
PNEU1,1693,43422,3950322
PNEU1,1694,43447,3951398
PNEU1,1695,43472,3951812
PNEU1,1696,43497,3951852
PNEU1,1697,43523,3951990
PNEU1,1698,43548,3951390
PNEU1,1699,43573,3950069
PNEU1,1700,43598,3949180
PNEU1,1701,43623,3948334
PNEU1,1702,43649,3947858
PNEU1,1703,43674,3948100
PNEU1,1704,43699,3947559
PNEU1,1705,43724,3946867
PNEU1,1706,43749,3947525
PNEU1,1707,43775,3948241
PNEU1,1708,43800,3948012
PNEU1,1709,43825,3947737
PNEU1,1710,43850,3949326
PNEU1,1711,43875,3951227
PNEU1,1712,43900,3952345
PNEU1,1713,43926,3956677
PNEU1,1714,43951,3962010
PNEU1,1715,43976,3967679
PNEU1,1716,44001,3975270
PNEU1,1717,44026,3982402
PNEU1,1718,44052,3989040
PNEU1,1719,44077,3994104
PNEU1,1720,44102,3992891
PNEU1,1721,44127,3979201
PNEU1,1722,44152,3959672
PNEU1,1723,44178,3941436
PNEU1,1724,44203,3926503
PNEU1,1725,44228,3918858
PNEU1,1726,44253,3918140
PNEU1,1727,44278,3920632
PNEU1,1728,44303,3919127
PNEU1,1729,44329,3912133
PNEU1,1730,44354,3903482
PNEU1,1731,44379,3900695
PNEU1,1732,44404,3905366
PNEU1,1733,44429,3913315
PNEU1,1734,44455,3921729
PNEU1,1735,44480,3925650
PNEU1,1736,44505,3928824
PNEU1,1737,44530,3935051
PNEU1,1738,44555,3944541
PNEU1,1739,44581,3954752
PNEU1,1740,44606,3961985
PNEU1,1741,44631,3963714
PNEU1,1742,44656,3965278
PNEU1,1743,44681,3967408
PNEU1,1744,44706,3963815
PNEU1,1745,44732,3959108
PNEU1,1746,44757,3956957
PNEU1,1747,44782,3952341
PNEU1,1748,44807,3948517
PNEU1,1749,44832,3949860
PNEU1,1750,44858,3952239
PNEU1,1751,44883,3953807
PNEU1,1752,44908,3957261
PNEU1,1753,44933,3959058
PNEU1,1754,44958,3959965
PNEU1,1755,44984,3962670
PNEU1,1756,45009,3967383
PNEU1,1757,45034,3969006
PNEU1,1758,45059,3970411
PNEU1,1759,45084,3973411
PNEU1,1760,45109,3978212
PNEU1,1761,45135,3989881
PNEU1,1762,45160,4007753
PNEU1,1763,45185,4037259
# PNEE1,5,START,45185
PNEU1,1764,45210,4091464
PNEU1,1765,45235,4225421
PNEU1,1766,45261,4478794
PNEU1,1767,45286,4807100
PNEU1,1768,45311,5303364
PNEU1,1769,45336,6135098
PNEU1,1770,45361,7074951
PNEU1,1771,45387,7769947
PNEU1,1772,45412,7904143
PNEU1,1773,45437,7099441
PNEU1,1774,45462,5691107
PNEU1,1775,45487,4338803
PNEU1,1776,45512,3329776
PNEU1,1777,45538,2650227
PNEU1,1778,45563,2204326
PNEU1,1779,45588,1854591
PNEU1,1780,45613,1416522
PNEU1,1781,45638,1278527
PNEU1,1782,45664,1715056
PNEU1,1783,45689,2240142
PNEU1,1784,45714,2663637
PNEU1,1785,45739,2994672
PNEU1,1786,45764,3250528
PNEU1,1787,45790,3445094
PNEU1,1788,45815,3589239
PNEU1,1789,45840,3694206
PNEU1,1790,45865,3767781
PNEU1,1791,45890,3818955
PNEU1,1792,45915,3854540
PNEU1,1793,45941,3879548
PNEU1,1794,45966,3896201
PNEU1,1795,45991,3906026
PNEU1,1796,46016,3913994
PNEU1,1797,46041,3919890
PNEU1,1798,46067,3924184
PNEU1,1799,46092,3928211
PNEU1,1800,46117,3931604
PNEU1,1801,46142,3933416
PNEU1,1802,46167,3933869
PNEU1,1803,46193,3934736
PNEU1,1804,46218,3935832
PNEU1,1805,46243,3937203
PNEU1,1806,46268,3938293
# PNEC1,5,46311,TAIL,104,3eea,3e9d,3e45,bcc1
PNEU1,1807,46314,3939021
# PNEF1,5,45185,46268,0,129822,62579,128039,132947,9510,482
PNEU1,1808,46322,3939973
# PNEF1,5,45185,46268,6,102395,183603,171129,176235,676,896
# PNEL1,TAIL,46330
PNEU1,1809,46344,3940611
PNEU1,1810,46369,3941055
PNEU1,1811,46394,3940743
PNEU1,1812,46419,3941176
PNEU1,1813,46444,3941609
PNEU1,1814,46470,3941849
PNEU1,1815,46495,3941320
PNEU1,1816,46520,3941486
PNEU1,1817,46545,3942381
PNEU1,1818,46570,3942065
PNEU1,1819,46596,3941430
PNEU1,1820,46621,3940836
PNEU1,1821,46646,3941432
PNEU1,1822,46671,3942314
PNEU1,1823,46696,3942382
PNEU1,1824,46722,3942219
PNEU1,1825,46747,3942098
PNEU1,1826,46772,3942032
PNEU1,1827,46797,3942243
PNEU1,1828,46822,3942487
PNEU1,1829,46847,3942515
PNEU1,1830,46873,3942571
PNEU1,1831,46898,3942543
PNEU1,1832,46923,3942343
PNEU1,1833,46948,3941939
PNEU1,1834,46973,3941514
PNEU1,1835,46999,3941776
PNEU1,1836,47024,3942126
PNEU1,1837,47049,3942525
PNEU1,1838,47074,3942793
PNEU1,1839,47099,3942151
PNEU1,1840,47125,3942380
PNEU1,1841,47150,3942466
PNEU1,1842,47175,3942063
PNEU1,1843,47200,3942880
PNEU1,1844,47225,3942770
PNEU1,1845,47251,3942478
PNEU1,1846,47276,3942716
PNEU1,1847,47301,3942637
PNEU1,1848,47326,3942114
PNEU1,1849,47351,3941852
PNEU1,1850,47376,3940933
PNEU1,1851,47402,3940220
PNEU1,1852,47427,3940325
PNEU1,1853,47452,3940467
PNEU1,1854,47477,3940092
PNEU1,1855,47502,3940473
PNEU1,1856,47528,3940586
PNEU1,1857,47553,3940545
PNEU1,1858,47578,3941273
PNEU1,1859,47603,3942610
PNEU1,1860,47628,3942982
PNEU1,1861,47654,3943005
PNEU1,1862,47679,3943411
PNEU1,1863,47704,3943949
PNEU1,1864,47729,3943924
PNEU1,1865,47754,3944748
PNEU1,1866,47779,3945494
PNEU1,1867,47805,3945885
PNEU1,1868,47830,3946479
PNEU1,1869,47855,3945839
PNEU1,1870,47880,3944801
PNEU1,1871,47905,3944485
PNEU1,1872,47931,3944630
PNEU1,1873,47956,3945109
PNEU1,1874,47981,3945461
PNEU1,1875,48006,3945304
PNEU1,1876,48031,3945314
PNEU1,1877,48057,3945467
PNEU1,1878,48082,3945445
PNEU1,1879,48107,3944881
PNEU1,1880,48132,3944158
PNEU1,1881,48157,3943409
PNEU1,1882,48183,3942285
PNEU1,1883,48208,3942243
PNEU1,1884,48233,3942900
PNEU1,1885,48258,3943387
PNEU1,1886,48283,3943669
PNEU1,1887,48308,3944265
PNEU1,1888,48334,3945118
PNEU1,1889,48359,3945379
PNEU1,1890,48384,3944972
PNEU1,1891,48409,3945071
PNEU1,1892,48434,3944599
PNEU1,1893,48460,3943975
PNEU1,1894,48485,3943677
PNEU1,1895,48510,3943488
PNEU1,1896,48535,3942846
PNEU1,1897,48560,3943333
PNEU1,1898,48586,3943460
PNEU1,1899,48611,3943614
PNEU1,1900,48636,3944084
PNEU1,1901,48661,3943730
PNEU1,1902,48686,3943712
PNEU1,1903,48712,3944353
PNEU1,1904,48737,3944973
PNEU1,1905,48762,3944220
PNEU1,1906,48787,3944131
PNEU1,1907,48812,3944629
PNEU1,1908,48837,3944231
PNEU1,1909,48863,3944063
PNEU1,1910,48888,3943508
PNEU1,1911,48913,3943720
PNEU1,1912,48938,3943343
PNEU1,1913,48963,3943574
PNEU1,1914,48989,3943467
PNEU1,1915,49014,3943205
PNEU1,1916,49039,3943190
PNEU1,1917,49064,3943849
PNEU1,1918,49089,3944654
PNEU1,1919,49115,3944565
PNEU1,1920,49140,3944398
PNEU1,1921,49165,3944123
PNEU1,1922,49190,3944197
PNEU1,1923,49215,3944124
PNEU1,1924,49240,3943599
PNEU1,1925,49266,3943135
PNEU1,1926,49291,3943503
PNEU1,1927,49316,3944194
# PNEL1,UNKNOWN,49331
PNEU1,1928,49341,3944122
PNEU1,1929,49366,3944185
PNEU1,1930,49392,3943745
PNEU1,1931,49417,3944078
PNEU1,1932,49442,3944640
PNEU1,1933,49467,3944724
PNEU1,1934,49492,3944705
PNEU1,1935,49518,3944530
PNEU1,1936,49543,3944198
PNEU1,1937,49568,3943825
PNEU1,1938,49593,3944156
PNEU1,1939,49618,3943989
PNEU1,1940,49643,3943759
PNEU1,1941,49669,3944199
PNEU1,1942,49694,3944702
PNEU1,1943,49719,3943634
PNEU1,1944,49744,3943566
PNEU1,1945,49769,3943860
PNEU1,1946,49795,3944128
PNEU1,1947,49820,3943979
PNEU1,1948,49845,3943444
PNEU1,1949,49870,3943582
PNEU1,1950,49895,3943678
PNEU1,1951,49920,3943310
PNEU1,1952,49946,3943214
PNEU1,1953,49971,3942597
PNEU1,1954,49996,3942353
PNEU1,1955,50021,3943281
PNEU1,1956,50046,3943525
PNEU1,1957,50072,3943445
PNEU1,1958,50097,3943961
PNEU1,1959,50122,3944492
PNEU1,1960,50147,3944920
PNEU1,1961,50172,3944686
PNEU1,1962,50198,3944629
PNEU1,1963,50223,3944550
PNEU1,1964,50248,3943913
PNEU1,1965,50273,3943730
PNEU1,1966,50298,3943153
PNEU1,1967,50323,3943343
PNEU1,1968,50349,3943565
PNEU1,1969,50374,3944105
PNEU1,1970,50399,3943751
PNEU1,1971,50424,3943416
PNEU1,1972,50449,3943958
PNEU1,1973,50475,3944310
PNEU1,1974,50500,3944573
PNEU1,1975,50525,3944325
PNEU1,1976,50550,3944049
PNEU1,1977,50575,3943646
PNEU1,1978,50601,3943108
PNEU1,1979,50626,3943413
PNEU1,1980,50651,3943979
PNEU1,1981,50676,3944138
PNEU1,1982,50701,3943754
PNEU1,1983,50726,3943935
PNEU1,1984,50752,3944486
PNEU1,1985,50777,3944324
PNEU1,1986,50802,3944089
PNEU1,1987,50827,3944135
PNEU1,1988,50852,3943968
PNEU1,1989,50878,3943055
PNEU1,1990,50903,3943048
PNEU1,1991,50928,3943643
PNEU1,1992,50953,3943281
PNEU1,1993,50978,3942302
PNEU1,1994,51004,3942327
PNEU1,1995,51029,3942672
PNEU1,1996,51054,3942600
PNEU1,1997,51079,3942321
PNEU1,1998,51104,3941357
PNEU1,1999,51129,3940470
PNEU1,2000,51155,3940343
PNEU1,2001,51180,3940615
PNEU1,2002,51205,3940233
PNEU1,2003,51230,3940501
PNEU1,2004,51255,3941602
PNEU1,2005,51281,3942403
PNEU1,2006,51306,3943265
PNEU1,2007,51331,3944136
PNEU1,2008,51356,3945057
PNEU1,2009,51381,3945273
PNEU1,2010,51407,3945063
PNEU1,2011,51432,3944744
PNEU1,2012,51457,3944557
PNEU1,2013,51482,3944098
PNEU1,2014,51507,3945434
PNEU1,2015,51532,3946803
PNEU1,2016,51558,3947453
PNEU1,2017,51583,3947335
PNEU1,2018,51608,3947027
PNEU1,2019,51633,3947037
PNEU1,2020,51658,3947617
PNEU1,2021,51684,3949579
PNEU1,2022,51709,3952134
PNEU1,2023,51734,3953386
PNEU1,2024,51759,3952817
PNEU1,2025,51784,3952035
PNEU1,2026,51810,3952989
PNEU1,2027,51835,3955159
PNEU1,2028,51860,3954816
PNEU1,2029,51885,3953556
PNEU1,2030,51910,3954363
PNEU1,2031,51936,3956271
PNEU1,2032,51961,3957029
PNEU1,2033,51986,3958455
PNEU1,2034,52011,3958977
PNEU1,2035,52036,3959654
PNEU1,2036,52061,3963201
PNEU1,2037,52087,3965202
PNEU1,2038,52112,3969371
PNEU1,2039,52137,3979043
PNEU1,2040,52162,3991255
PNEU1,2041,52187,4004963
PNEU1,2042,52213,4024480
# PNEE1,6,START,52213
PNEU1,2043,52238,4048846
PNEU1,2044,52263,4071406
PNEU1,2045,52288,4095112
PNEU1,2046,52313,4128247
PNEU1,2047,52339,4169897
PNEU1,2048,52364,4253964
PNEU1,2049,52389,4490724
PNEU1,2050,52414,4922368
PNEU1,2051,52439,5582725
PNEU1,2052,52464,6417469
PNEU1,2053,52490,6961107
PNEU1,2054,52515,6720084
PNEU1,2055,52540,5749461
PNEU1,2056,52565,4681013
PNEU1,2057,52590,3840028
PNEU1,2058,52616,3219025
PNEU1,2059,52641,2712608
PNEU1,2060,52666,2215717
PNEU1,2061,52691,1749801
PNEU1,2062,52716,1820952
PNEU1,2063,52742,2286094
PNEU1,2064,52767,2713694
PNEU1,2065,52792,3045548
PNEU1,2066,52817,3299041
PNEU1,2067,52842,3488225
PNEU1,2068,52867,3626863
PNEU1,2069,52893,3726246
PNEU1,2070,52918,3795413
PNEU1,2071,52943,3842437
PNEU1,2072,52968,3873232
PNEU1,2073,52993,3894319
PNEU1,2074,53019,3908698
PNEU1,2075,53044,3918297
PNEU1,2076,53069,3924523
PNEU1,2077,53094,3929172
PNEU1,2078,53119,3933267
PNEU1,2079,53145,3935899
PNEU1,2080,53170,3937554
PNEU1,2081,53195,3938860
PNEU1,2082,53220,3939871
PNEU1,2083,53245,3941219
# PNEC1,6,53290,TAIL,103,3f26,3e18,3e87,be0a
PNEU1,2084,53293,3942290
# PNEF1,6,52213,53245,0,113096,61292,112767,117178,11080,542
PNEU1,2085,53301,3942430
# PNEF1,6,52213,53245,6,84507,169240,142885,153421,729,955
# PNEL1,TAIL,53309
PNEU1,2086,53321,3943171
PNEU1,2087,53346,3943443
PNEU1,2088,53371,3943448
PNEU1,2089,53396,3943674
PNEU1,2090,53422,3944705
PNEU1,2091,53447,3945612
PNEU1,2092,53472,3945339
PNEU1,2093,53497,3945321
PNEU1,2094,53522,3946117
PNEU1,2095,53548,3946041
PNEU1,2096,53573,3945914
PNEU1,2097,53598,3946570
PNEU1,2098,53623,3946573
PNEU1,2099,53648,3946642
PNEU1,2100,53673,3946825
PNEU1,2101,53699,3946885
PNEU1,2102,53724,3946888
PNEU1,2103,53749,3946665
PNEU1,2104,53774,3946699
PNEU1,2105,53799,3947283
PNEU1,2106,53825,3947544
PNEU1,2107,53850,3947513
PNEU1,2108,53875,3947742
PNEU1,2109,53900,3947474
PNEU1,2110,53925,3947632
PNEU1,2111,53951,3947747
PNEU1,2112,53976,3947447
PNEU1,2113,54001,3947983
PNEU1,2114,54026,3948463
PNEU1,2115,54051,3948372
PNEU1,2116,54077,3948235
PNEU1,2117,54102,3947671
PNEU1,2118,54127,3947828
PNEU1,2119,54152,3947563
PNEU1,2120,54177,3947455
PNEU1,2121,54202,3947862
PNEU1,2122,54228,3948107
PNEU1,2123,54253,3948444
PNEU1,2124,54278,3948568
PNEU1,2125,54303,3948495
PNEU1,2126,54328,3948177
PNEU1,2127,54354,3947825
PNEU1,2128,54379,3948130
PNEU1,2129,54404,3948053
PNEU1,2130,54429,3947994
PNEU1,2131,54454,3948445
PNEU1,2132,54480,3948299
PNEU1,2133,54505,3948039
PNEU1,2134,54530,3947897
PNEU1,2135,54555,3948136
PNEU1,2136,54580,3948340
PNEU1,2137,54605,3947850
PNEU1,2138,54631,3948075
PNEU1,2139,54656,3948223
PNEU1,2140,54681,3948585
PNEU1,2141,54706,3948476
PNEU1,2142,54731,3948058
PNEU1,2143,54757,3947944
PNEU1,2144,54782,3947960
PNEU1,2145,54807,3948256
PNEU1,2146,54832,3948380
PNEU1,2147,54857,3947984
PNEU1,2148,54883,3948077
PNEU1,2149,54908,3948016
PNEU1,2150,54933,3948207
PNEU1,2151,54958,3948161
PNEU1,2152,54983,3948227
PNEU1,2153,55008,3948513
PNEU1,2154,55034,3948753
PNEU1,2155,55059,3948895
PNEU1,2156,55084,3948809
PNEU1,2157,55109,3948635
PNEU1,2158,55134,3948335
PNEU1,2159,55160,3948173
PNEU1,2160,55185,3948816
PNEU1,2161,55210,3948853
PNEU1,2162,55235,3948808
PNEU1,2163,55260,3948805
PNEU1,2164,55286,3948860
PNEU1,2165,55311,3948831
PNEU1,2166,55336,3949040
PNEU1,2167,55361,3948904
PNEU1,2168,55386,3948909
PNEU1,2169,55411,3949067
PNEU1,2170,55437,3948996
PNEU1,2171,55462,3947953
PNEU1,2172,55487,3948194
PNEU1,2173,55512,3948029
PNEU1,2174,55537,3947760
PNEU1,2175,55563,3948229
PNEU1,2176,55588,3948131
PNEU1,2177,55613,3948215
PNEU1,2178,55638,3948424
PNEU1,2179,55663,3948525
PNEU1,2180,55689,3948558
PNEU1,2181,55714,3948696
PNEU1,2182,55739,3948278
PNEU1,2183,55764,3948138
PNEU1,2184,55789,3947927
PNEU1,2185,55814,3947778
PNEU1,2186,55840,3947858
PNEU1,2187,55865,3948661
PNEU1,2188,55890,3948550
PNEU1,2189,55915,3948084
PNEU1,2190,55940,3948210
PNEU1,2191,55966,3947945
PNEU1,2192,55991,3947974
PNEU1,2193,56016,3948783
PNEU1,2194,56041,3948500
PNEU1,2195,56066,3948193
PNEU1,2196,56092,3948273
PNEU1,2197,56117,3948613
PNEU1,2198,56142,3948584
PNEU1,2199,56167,3947795
PNEU1,2200,56192,3947952
PNEU1,2201,56218,3948712
PNEU1,2202,56243,3948625
PNEU1,2203,56268,3948385
PNEU1,2204,56293,3948620
# PNEL1,UNKNOWN,56310
PNEU1,2205,56318,3948270
PNEU1,2206,56343,3948461
PNEU1,2207,56369,3948732
PNEU1,2208,56394,3948272
PNEU1,2209,56419,3948405
PNEU1,2210,56444,3948136
PNEU1,2211,56469,3948194
PNEU1,2212,56495,3948489
PNEU1,2213,56520,3948324
PNEU1,2214,56545,3948286
PNEU1,2215,56570,3948308
PNEU1,2216,56595,3948700
PNEU1,2217,56621,3948761
PNEU1,2218,56646,3948764
PNEU1,2219,56671,3948030
PNEU1,2220,56696,3948525
PNEU1,2221,56721,3948745
PNEU1,2222,56746,3948730
PNEU1,2223,56772,3948396
PNEU1,2224,56797,3948200
PNEU1,2225,56822,3948535
PNEU1,2226,56847,3948511
PNEU1,2227,56872,3948096
PNEU1,2228,56898,3947748
PNEU1,2229,56923,3948071
PNEU1,2230,56948,3948830
PNEU1,2231,56973,3949030
PNEU1,2232,56998,3948880
PNEU1,2233,57024,3948756
PNEU1,2234,57049,3948202
PNEU1,2235,57074,3948088
PNEU1,2236,57099,3947827
PNEU1,2237,57124,3947978
PNEU1,2238,57150,3948103
PNEU1,2239,57175,3947908
PNEU1,2240,57200,3948590
PNEU1,2241,57225,3948857
PNEU1,2242,57250,3948019
PNEU1,2243,57275,3948169
PNEU1,2244,57301,3948484
PNEU1,2245,57326,3948763
PNEU1,2246,57351,3948769
PNEU1,2247,57376,3948141
PNEU1,2248,57401,3948110
PNEU1,2249,57427,3948406
PNEU1,2250,57452,3948318
PNEU1,2251,57477,3948267
PNEU1,2252,57502,3948456
PNEU1,2253,57527,3948344
PNEU1,2254,57553,3948301
PNEU1,2255,57578,3948667
PNEU1,2256,57603,3949169
PNEU1,2257,57628,3948786
PNEU1,2258,57653,3948439
PNEU1,2259,57679,3947750
PNEU1,2260,57704,3948313
PNEU1,2261,57729,3948544
PNEU1,2262,57754,3948344
PNEU1,2263,57779,3948418
PNEU1,2264,57804,3948370
PNEU1,2265,57830,3948232
PNEU1,2266,57855,3949080
PNEU1,2267,57880,3949047
PNEU1,2268,57905,3949003
PNEU1,2269,57930,3948192
PNEU1,2270,57956,3947968
PNEU1,2271,57981,3948670
PNEU1,2272,58006,3948533
PNEU1,2273,58031,3948327
PNEU1,2274,58056,3948453
PNEU1,2275,58081,3948141
PNEU1,2276,58107,3948020
PNEU1,2277,58132,3948649
PNEU1,2278,58157,3948883
PNEU1,2279,58182,3948331
PNEU1,2280,58207,3948162
PNEU1,2281,58233,3948741
PNEU1,2282,58258,3949056
PNEU1,2283,58283,3949138
PNEU1,2284,58308,3949216
PNEU1,2285,58333,3948417
PNEU1,2286,58359,3948330
PNEU1,2287,58384,3948488
PNEU1,2288,58409,3948734
PNEU1,2289,58434,3948328
PNEU1,2290,58459,3948141
PNEU1,2291,58485,3948302
PNEU1,2292,58510,3948505
PNEU1,2293,58535,3948919
PNEU1,2294,58560,3948741
PNEU1,2295,58585,3948706
PNEU1,2296,58610,3948334
PNEU1,2297,58636,3948306
PNEU1,2298,58661,3948208
PNEU1,2299,58686,3948286
PNEU1,2300,58711,3947641
PNEU1,2301,58736,3947830
PNEU1,2302,58762,3948371
PNEU1,2303,58787,3948327
PNEU1,2304,58812,3947444
PNEU1,2305,58837,3947549
PNEU1,2306,58862,3948218
PNEU1,2307,58888,3948500
PNEU1,2308,58913,3948343
PNEU1,2309,58938,3948855
PNEU1,2310,58963,3948926
PNEU1,2311,58988,3948661
PNEU1,2312,59013,3948573
PNEU1,2313,59039,3948789
PNEU1,2314,59064,3948677
PNEU1,2315,59089,3948580
PNEU1,2316,59114,3948277
PNEU1,2317,59139,3948512
PNEU1,2318,59165,3949258
PNEU1,2319,59190,3949037
PNEU1,2320,59215,3948844
PNEU1,2321,59240,3948748
PNEU1,2322,59265,3948612
PNEU1,2323,59291,3948808
PNEU1,2324,59316,3948929
PNEU1,2325,59341,3948410
PNEU1,2326,59366,3948287
PNEU1,2327,59391,3948873
PNEU1,2328,59417,3948850
PNEU1,2329,59442,3948705
PNEU1,2330,59467,3948930
PNEU1,2331,59492,3948872
PNEU1,2332,59517,3949083
PNEU1,2333,59542,3948459
PNEU1,2334,59568,3948505
PNEU1,2335,59593,3948502
PNEU1,2336,59618,3948375
PNEU1,2337,59643,3948968
PNEU1,2338,59668,3949052
PNEU1,2339,59694,3948228
PNEU1,2340,59719,3948286
PNEU1,2341,59744,3948478
PNEU1,2342,59769,3948783
PNEU1,2343,59794,3949065
PNEU1,2344,59820,3949125
PNEU1,2345,59845,3948592
PNEU1,2346,59870,3948453
PNEU1,2347,59895,3948393
PNEU1,2348,59920,3948174
PNEU1,2349,59945,3948435
PNEU1,2350,59971,3948809
PNEU1,2351,59996,3948721
PNEU1,2352,60021,3948433
PNEU1,2353,60046,3948370
PNEU1,2354,60071,3948769
PNEU1,2355,60097,3948715
PNEU1,2356,60122,3948588
PNEU1,2357,60147,3948382
PNEU1,2358,60172,3948468
PNEU1,2359,60197,3948537
PNEU1,2360,60223,3948686
PNEU1,2361,60248,3948596
PNEU1,2362,60273,3948705
PNEU1,2363,60298,3948858
PNEU1,2364,60323,3949054
PNEU1,2365,60349,3948989
PNEU1,2366,60374,3948644
PNEU1,2367,60399,3949006
PNEU1,2368,60424,3948872
PNEU1,2369,60449,3948617
PNEU1,2370,60474,3948054
PNEU1,2371,60500,3948513
PNEU1,2372,60525,3948442
PNEU1,2373,60550,3948310
PNEU1,2374,60575,3948309
PNEU1,2375,60600,3948725
PNEU1,2376,60626,3948891
PNEU1,2377,60651,3948532
PNEU1,2378,60676,3948124
PNEU1,2379,60701,3948187
PNEU1,2380,60726,3948443
PNEU1,2381,60752,3948409
PNEU1,2382,60777,3948088
PNEU1,2383,60802,3948057
PNEU1,2384,60827,3947666
PNEU1,2385,60852,3948417
PNEU1,2386,60877,3948652
PNEU1,2387,60903,3948330
PNEU1,2388,60928,3948301
PNEU1,2389,60953,3948504
PNEU1,2390,60978,3948650
PNEU1,2391,61003,3948328
PNEU1,2392,61029,3948157
PNEU1,2393,61054,3948096
PNEU1,2394,61079,3948687
PNEU1,2395,61104,3948705
PNEU1,2396,61129,3948719
PNEU1,2397,61155,3948163
PNEU1,2398,61180,3948168
PNEU1,2399,61205,3948501
PNEU1,2400,61230,3948601
PNEU1,2401,61255,3948356
PNEU1,2402,61281,3948189
PNEU1,2403,61306,3948588
PNEU1,2404,61331,3948375
PNEU1,2405,61356,3948522
PNEU1,2406,61381,3948383
PNEU1,2407,61406,3947952
PNEU1,2408,61432,3948463
PNEU1,2409,61457,3948424
PNEU1,2410,61482,3948130
PNEU1,2411,61507,3948127
PNEU1,2412,61532,3947982
PNEU1,2413,61558,3948243
PNEU1,2414,61583,3948114
PNEU1,2415,61608,3948157
PNEU1,2416,61633,3948526
PNEU1,2417,61658,3948602
PNEU1,2418,61684,3948397
PNEU1,2419,61709,3948243
PNEU1,2420,61734,3948503
PNEU1,2421,61759,3948585
PNEU1,2422,61784,3948776
PNEU1,2423,61809,3948458
PNEU1,2424,61835,3948262
PNEU1,2425,61860,3948080
PNEU1,2426,61885,3948310
PNEU1,2427,61910,3948411
PNEU1,2428,61935,3948831
PNEU1,2429,61961,3948601
PNEU1,2430,61986,3948760
PNEU1,2431,62011,3948760
PNEU1,2432,62036,3948430
PNEU1,2433,62061,3948197
PNEU1,2434,62087,3948388
PNEU1,2435,62112,3948754
PNEU1,2436,62137,3948448
PNEU1,2437,62162,3948338
PNEU1,2438,62187,3948518
PNEU1,2439,62212,3948409
PNEU1,2440,62238,3948437
PNEU1,2441,62263,3948187
PNEU1,2442,62288,3948698
PNEU1,2443,62313,3948220
PNEU1,2444,62338,3947740
PNEU1,2445,62364,3948421
PNEU1,2446,62389,3948725
PNEU1,2447,62414,3948639
PNEU1,2448,62439,3948483
PNEU1,2449,62464,3948366
PNEU1,2450,62490,3947892
PNEU1,2451,62515,3947950
PNEU1,2452,62540,3948799
PNEU1,2453,62565,3948904
PNEU1,2454,62590,3948872
PNEU1,2455,62615,3948465
PNEU1,2456,62641,3948266
PNEU1,2457,62666,3948434
PNEU1,2458,62691,3948498
PNEU1,2459,62716,3948314
PNEU1,2460,62741,3948204
PNEU1,2461,62767,3948604
PNEU1,2462,62792,3948894
PNEU1,2463,62817,3948244
PNEU1,2464,62842,3948358
PNEU1,2465,62867,3948677
PNEU1,2466,62893,3948329
PNEU1,2467,62918,3948475
PNEU1,2468,62943,3948184
PNEU1,2469,62968,3947979
PNEU1,2470,62993,3947718
PNEU1,2471,63019,3947711
PNEU1,2472,63044,3948042
PNEU1,2473,63069,3948418
PNEU1,2474,63094,3948281
PNEU1,2475,63119,3948140
PNEU1,2476,63144,3948145
PNEU1,2477,63170,3948657
PNEU1,2478,63195,3948028
PNEU1,2479,63220,3947872
PNEU1,2480,63245,3948531
PNEU1,2481,63270,3948851
PNEU1,2482,63296,3948866
PNEU1,2483,63321,3948474
PNEU1,2484,63346,3948195
PNEU1,2485,63371,3947867
PNEU1,2486,63396,3947623
PNEU1,2487,63422,3947962
PNEU1,2488,63447,3947867
PNEU1,2489,63472,3947959
PNEU1,2490,63497,3948340
PNEU1,2491,63522,3948786
PNEU1,2492,63548,3949067
PNEU1,2493,63573,3948565
PNEU1,2494,63598,3948465
PNEU1,2495,63623,3948473
PNEU1,2496,63648,3948214
PNEU1,2497,63673,3948500
PNEU1,2498,63699,3948291
PNEU1,2499,63724,3948208
PNEU1,2500,63749,3948420
PNEU1,2501,63774,3948852
PNEU1,2502,63799,3949084
PNEU1,2503,63825,3949188
PNEU1,2504,63850,3949034
PNEU1,2505,63875,3948988
PNEU1,2506,63900,3948856
PNEU1,2507,63925,3948799
PNEU1,2508,63951,3948951
PNEU1,2509,63976,3949271
PNEU1,2510,64001,3948760
PNEU1,2511,64026,3948760
PNEU1,2512,64051,3948959
PNEU1,2513,64076,3948648
PNEU1,2514,64102,3948081
PNEU1,2515,64127,3947707
PNEU1,2516,64152,3948183
PNEU1,2517,64177,3948381
PNEU1,2518,64202,3948393
PNEU1,2519,64228,3948728
PNEU1,2520,64253,3948720
PNEU1,2521,64278,3948254
PNEU1,2522,64303,3948062
PNEU1,2523,64328,3948745
PNEU1,2524,64354,3948028
PNEU1,2525,64379,3948199
PNEU1,2526,64404,3948898
PNEU1,2527,64429,3948698
PNEU1,2528,64454,3948544
PNEU1,2529,64479,3948755
PNEU1,2530,64505,3948803
PNEU1,2531,64530,3948590
PNEU1,2532,64555,3948253
PNEU1,2533,64580,3948185
PNEU1,2534,64605,3948284
PNEU1,2535,64631,3948424
PNEU1,2536,64656,3948277
PNEU1,2537,64681,3948258
PNEU1,2538,64706,3948389
PNEU1,2539,64731,3948440
PNEU1,2540,64757,3948757
PNEU1,2541,64782,3948413
PNEU1,2542,64807,3948296
PNEU1,2543,64832,3948159
PNEU1,2544,64857,3947960
PNEU1,2545,64883,3948586
PNEU1,2546,64908,3948751
PNEU1,2547,64933,3948328
PNEU1,2548,64958,3948449
PNEU1,2549,64983,3948954
PNEU1,2550,65008,3948530
PNEU1,2551,65034,3948427
PNEU1,2552,65059,3948126
PNEU1,2553,65084,3947820
PNEU1,2554,65109,3948372
PNEU1,2555,65134,3948308
PNEU1,2556,65160,3948395
PNEU1,2557,65185,3948834
PNEU1,2558,65210,3948785
PNEU1,2559,65235,3947661
PNEU1,2560,65260,3947818
PNEU1,2561,65286,3947836
PNEU1,2562,65311,3948363
PNEU1,2563,65336,3948612
PNEU1,2564,65361,3948490
PNEU1,2565,65386,3948660
PNEU1,2566,65411,3948470
PNEU1,2567,65437,3948578
PNEU1,2568,65462,3948723
PNEU1,2569,65487,3948546
PNEU1,2570,65512,3948244
PNEU1,2571,65537,3947955
PNEU1,2572,65563,3948046
PNEU1,2573,65588,3948542
PNEU1,2574,65613,3948427
PNEU1,2575,65638,3947876
PNEU1,2576,65663,3948211
PNEU1,2577,65689,3948662
PNEU1,2578,65714,3949104
PNEU1,2579,65739,3949006
PNEU1,2580,65764,3948888
PNEU1,2581,65789,3949008
PNEU1,2582,65814,3948881
PNEU1,2583,65840,3948039
PNEU1,2584,65865,3947674
PNEU1,2585,65890,3947917
PNEU1,2586,65915,3948584
PNEU1,2587,65940,3948500
PNEU1,2588,65966,3948211
PNEU1,2589,65991,3948065
PNEU1,2590,66016,3948124
PNEU1,2591,66041,3948527
PNEU1,2592,66066,3948961
PNEU1,2593,66092,3949070
PNEU1,2594,66117,3948386
PNEU1,2595,66142,3948525
PNEU1,2596,66167,3948449
PNEU1,2597,66192,3948294
PNEU1,2598,66217,3948314
PNEU1,2599,66243,3947966
PNEU1,2600,66268,3948367
PNEU1,2601,66293,3948071
PNEU1,2602,66318,3948043
PNEU1,2603,66343,3948797
PNEU1,2604,66369,3949333
PNEU1,2605,66394,3949130
PNEU1,2606,66419,3948442
PNEU1,2607,66444,3948032
PNEU1,2608,66469,3948157
PNEU1,2609,66494,3948612
PNEU1,2610,66520,3948469
PNEU1,2611,66545,3948441
PNEU1,2612,66570,3948377
PNEU1,2613,66595,3948380
PNEU1,2614,66620,3948410
PNEU1,2615,66646,3948241
PNEU1,2616,66671,3948323
PNEU1,2617,66696,3947736
PNEU1,2618,66721,3948105
PNEU1,2619,66746,3948573
PNEU1,2620,66771,3948384
PNEU1,2621,66797,3948810
PNEU1,2622,66822,3948885
PNEU1,2623,66847,3948642
PNEU1,2624,66872,3948083
PNEU1,2625,66897,3947940
PNEU1,2626,66923,3948520
PNEU1,2627,66948,3948719
PNEU1,2628,66973,3948588
PNEU1,2629,66998,3948742
PNEU1,2630,67023,3948581
PNEU1,2631,67049,3948231
PNEU1,2632,67074,3948293
PNEU1,2633,67099,3948520
PNEU1,2634,67124,3948138
PNEU1,2635,67149,3948267
PNEU1,2636,67174,3947752
PNEU1,2637,67200,3948429
PNEU1,2638,67225,3948810
PNEU1,2639,67250,3948261
PNEU1,2640,67275,3947865
PNEU1,2641,67300,3948285
PNEU1,2642,67326,3948688
PNEU1,2643,67351,3948347
PNEU1,2644,67376,3948250
PNEU1,2645,67401,3948157
PNEU1,2646,67426,3947951
PNEU1,2647,67451,3948050
PNEU1,2648,67477,3948058
PNEU1,2649,67502,3947859
PNEU1,2650,67527,3948177
PNEU1,2651,67552,3948304
PNEU1,2652,67577,3948867
PNEU1,2653,67603,3948442
PNEU1,2654,67628,3947825
PNEU1,2655,67653,3947921
PNEU1,2656,67678,3947785
PNEU1,2657,67703,3948441
PNEU1,2658,67729,3948042
PNEU1,2659,67754,3947937
PNEU1,2660,67779,3948571
PNEU1,2661,67804,3948206
PNEU1,2662,67829,3948055
PNEU1,2663,67854,3948152
PNEU1,2664,67880,3948121
PNEU1,2665,67905,3948646
PNEU1,2666,67930,3948436
PNEU1,2667,67955,3948688
PNEU1,2668,67980,3948613
PNEU1,2669,68006,3948421
PNEU1,2670,68031,3948305
PNEU1,2671,68056,3947868
PNEU1,2672,68081,3947895
PNEU1,2673,68106,3948076
PNEU1,2674,68131,3948472
PNEU1,2675,68157,3948742
PNEU1,2676,68182,3948671
PNEU1,2677,68207,3948441
PNEU1,2678,68232,3948180
PNEU1,2679,68257,3948369
PNEU1,2680,68283,3948624
PNEU1,2681,68308,3948101
PNEU1,2682,68333,3948763
PNEU1,2683,68358,3948645
PNEU1,2684,68383,3948077
PNEU1,2685,68409,3948662
PNEU1,2686,68434,3948382
PNEU1,2687,68459,3948399
PNEU1,2688,68484,3948210
PNEU1,2689,68509,3948182
PNEU1,2690,68534,3948797
PNEU1,2691,68560,3948919
PNEU1,2692,68585,3948322
PNEU1,2693,68610,3948027
PNEU1,2694,68635,3948535
PNEU1,2695,68660,3948778
PNEU1,2696,68686,3948892
PNEU1,2697,68711,3948594
PNEU1,2698,68736,3948470
PNEU1,2699,68761,3948908
PNEU1,2700,68786,3948895
PNEU1,2701,68811,3948386
PNEU1,2702,68837,3948437
PNEU1,2703,68862,3948632
PNEU1,2704,68887,3948422
PNEU1,2705,68912,3948842
PNEU1,2706,68937,3948560
PNEU1,2707,68963,3948314
PNEU1,2708,68988,3948088
PNEU1,2709,69013,3948350
PNEU1,2710,69038,3948793
PNEU1,2711,69063,3948625
PNEU1,2712,69089,3947836
PNEU1,2713,69114,3948269
PNEU1,2714,69139,3948265
PNEU1,2715,69164,3947683
PNEU1,2716,69189,3947421
PNEU1,2717,69214,3947620
PNEU1,2718,69240,3948142
PNEU1,2719,69265,3948109
PNEU1,2720,69290,3948171
PNEU1,2721,69315,3948040
PNEU1,2722,69340,3948068
PNEU1,2723,69366,3948060
PNEU1,2724,69391,3947916
PNEU1,2725,69416,3947755
PNEU1,2726,69441,3947875
PNEU1,2727,69466,3948379
PNEU1,2728,69491,3948096
PNEU1,2729,69517,3948386
PNEU1,2730,69542,3948806
PNEU1,2731,69567,3948543
PNEU1,2732,69592,3948539
PNEU1,2733,69617,3948869
PNEU1,2734,69643,3948115
PNEU1,2735,69668,3947709
PNEU1,2736,69693,3948072
PNEU1,2737,69718,3948171
PNEU1,2738,69743,3948394
PNEU1,2739,69769,3948245
PNEU1,2740,69794,3948589
PNEU1,2741,69819,3948581
PNEU1,2742,69844,3948332
PNEU1,2743,69869,3948226
PNEU1,2744,69894,3948046
PNEU1,2745,69920,3948061
PNEU1,2746,69945,3947703
PNEU1,2747,69970,3948399
PNEU1,2748,69995,3948991
PNEU1,2749,70020,3949018
PNEU1,2750,70046,3948596
PNEU1,2751,70071,3948679
PNEU1,2752,70096,3948415
PNEU1,2753,70121,3947513
PNEU1,2754,70146,3948042
PNEU1,2755,70172,3948244
PNEU1,2756,70197,3948073
PNEU1,2757,70222,3948236
PNEU1,2758,70247,3948550
PNEU1,2759,70272,3948379
PNEU1,2760,70297,3947852
PNEU1,2761,70323,3948220
PNEU1,2762,70348,3948190
PNEU1,2763,70373,3947780
PNEU1,2764,70398,3947406
PNEU1,2765,70423,3948239
PNEU1,2766,70449,3948446
PNEU1,2767,70474,3948358
PNEU1,2768,70499,3947965
PNEU1,2769,70524,3948157
PNEU1,2770,70549,3948370
PNEU1,2771,70574,3948841
PNEU1,2772,70600,3948389
PNEU1,2773,70625,3947671
PNEU1,2774,70650,3948287
PNEU1,2775,70675,3948799
PNEU1,2776,70700,3948784
PNEU1,2777,70726,3948467
PNEU1,2778,70751,3948854
PNEU1,2779,70776,3948390
PNEU1,2780,70801,3948450
PNEU1,2781,70826,3948269
PNEU1,2782,70851,3948121
PNEU1,2783,70877,3947922
PNEU1,2784,70902,3948291
PNEU1,2785,70927,3947773
PNEU1,2786,70952,3948523
PNEU1,2787,70977,3948414
PNEU1,2788,71003,3947972
PNEU1,2789,71028,3947937
PNEU1,2790,71053,3948090
PNEU1,2791,71078,3947986
PNEU1,2792,71103,3948267
PNEU1,2793,71128,3948420
PNEU1,2794,71154,3948455
PNEU1,2795,71179,3948710
PNEU1,2796,71204,3948933
PNEU1,2797,71229,3948878
PNEU1,2798,71254,3948755
PNEU1,2799,71280,3948686
PNEU1,2800,71305,3948501
PNEU1,2801,71330,3947684
PNEU1,2802,71355,3947313
PNEU1,2803,71380,3947795
PNEU1,2804,71405,3947720
PNEU1,2805,71431,3948312
PNEU1,2806,71456,3948199
PNEU1,2807,71481,3948262
PNEU1,2808,71506,3948721
PNEU1,2809,71531,3948868
PNEU1,2810,71557,3948214
PNEU1,2811,71582,3948507
PNEU1,2812,71607,3949155
PNEU1,2813,71632,3948606
PNEU1,2814,71657,3948382
PNEU1,2815,71683,3948283
PNEU1,2816,71708,3948559
PNEU1,2817,71733,3948358
PNEU1,2818,71758,3948244
PNEU1,2819,71783,3947858
PNEU1,2820,71808,3947765
PNEU1,2821,71834,3948637
PNEU1,2822,71859,3948559
PNEU1,2823,71884,3948540
PNEU1,2824,71909,3948449
PNEU1,2825,71934,3948516
PNEU1,2826,71960,3948200
PNEU1,2827,71985,3948309
PNEU1,2828,72010,3948430
PNEU1,2829,72035,3948408
PNEU1,2830,72060,3948396
PNEU1,2831,72085,3948427
PNEU1,2832,72111,3948726
PNEU1,2833,72136,3948801
PNEU1,2834,72161,3948593
PNEU1,2835,72186,3948455
PNEU1,2836,72211,3948569
PNEU1,2837,72237,3948222
PNEU1,2838,72262,3948562
PNEU1,2839,72287,3948684
PNEU1,2840,72312,3948685
PNEU1,2841,72337,3948238
PNEU1,2842,72362,3948168
PNEU1,2843,72388,3948594
PNEU1,2844,72413,3948669
PNEU1,2845,72438,3948346
PNEU1,2846,72463,3948110
PNEU1,2847,72488,3948452
PNEU1,2848,72514,3948426
PNEU1,2849,72539,3948615
PNEU1,2850,72564,3948615
PNEU1,2851,72589,3948470
PNEU1,2852,72614,3948187
PNEU1,2853,72639,3948499
PNEU1,2854,72665,3948086
PNEU1,2855,72690,3948306
PNEU1,2856,72715,3948405
PNEU1,2857,72740,3948556
PNEU1,2858,72765,3947859
PNEU1,2859,72791,3947372
PNEU1,2860,72816,3948236
PNEU1,2861,72841,3948518
PNEU1,2862,72866,3948428
PNEU1,2863,72891,3948232
PNEU1,2864,72917,3948315
PNEU1,2865,72942,3948014
PNEU1,2866,72967,3947792
PNEU1,2867,72992,3947468
PNEU1,2868,73017,3947658
PNEU1,2869,73042,3948128
PNEU1,2870,73068,3948307
PNEU1,2871,73093,3948466
PNEU1,2872,73118,3948449
PNEU1,2873,73143,3948035
PNEU1,2874,73168,3948319
PNEU1,2875,73194,3948423
PNEU1,2876,73219,3948179
PNEU1,2877,73244,3948262
PNEU1,2878,73269,3948640
PNEU1,2879,73294,3948786
PNEU1,2880,73319,3948507
PNEU1,2881,73345,3948404
PNEU1,2882,73370,3948435
PNEU1,2883,73395,3948648
PNEU1,2884,73420,3948503
PNEU1,2885,73445,3947947
PNEU1,2886,73471,3947982
PNEU1,2887,73496,3948215
PNEU1,2888,73521,3948202
PNEU1,2889,73546,3947842
PNEU1,2890,73571,3947799
PNEU1,2891,73596,3947873
PNEU1,2892,73622,3947782
PNEU1,2893,73647,3948302
PNEU1,2894,73672,3948676
PNEU1,2895,73697,3948255
PNEU1,2896,73722,3948261
PNEU1,2897,73748,3948369
PNEU1,2898,73773,3948006
PNEU1,2899,73798,3948174
PNEU1,2900,73823,3948283
PNEU1,2901,73848,3947860
PNEU1,2902,73874,3948086
PNEU1,2903,73899,3948332
PNEU1,2904,73924,3947624
PNEU1,2905,73949,3948126
PNEU1,2906,73974,3948292
PNEU1,2907,73999,3948264
PNEU1,2908,74025,3948114
PNEU1,2909,74050,3948404
PNEU1,2910,74075,3948660
PNEU1,2911,74100,3948247
PNEU1,2912,74125,3947941
PNEU1,2913,74151,3947821
PNEU1,2914,74176,3947968
PNEU1,2915,74201,3947752
PNEU1,2916,74226,3947489
PNEU1,2917,74251,3947866
PNEU1,2918,74276,3948169
PNEU1,2919,74302,3948259
PNEU1,2920,74327,3948059
PNEU1,2921,74352,3947995
PNEU1,2922,74377,3948274
PNEU1,2923,74402,3948051
PNEU1,2924,74428,3947950
PNEU1,2925,74453,3948323
PNEU1,2926,74478,3948601
PNEU1,2927,74503,3948360
PNEU1,2928,74528,3948253
PNEU1,2929,74554,3948445
PNEU1,2930,74579,3948536
PNEU1,2931,74604,3948531
PNEU1,2932,74629,3948274
PNEU1,2933,74654,3947943
PNEU1,2934,74679,3948050
PNEU1,2935,74705,3948135
PNEU1,2936,74730,3947999
PNEU1,2937,74755,3947971
PNEU1,2938,74780,3947904
PNEU1,2939,74805,3947618
PNEU1,2940,74831,3947808
PNEU1,2941,74856,3947992
PNEU1,2942,74881,3948383
PNEU1,2943,74906,3948570
PNEU1,2944,74931,3948712
PNEU1,2945,74957,3948623
PNEU1,2946,74982,3948791
PNEU1,2947,75007,3948556
PNEU1,2948,75032,3948730
PNEU1,2949,75057,3948452
PNEU1,2950,75082,3947904
PNEU1,2951,75108,3948292
PNEU1,2952,75133,3948770
PNEU1,2953,75158,3948632
PNEU1,2954,75183,3948597
PNEU1,2955,75208,3948584
PNEU1,2956,75234,3947924
PNEU1,2957,75259,3947863
PNEU1,2958,75284,3948331
PNEU1,2959,75309,3948367
PNEU1,2960,75334,3948354
PNEU1,2961,75359,3948542
PNEU1,2962,75385,3948001
PNEU1,2963,75410,3948006
PNEU1,2964,75435,3948278
PNEU1,2965,75460,3948556
PNEU1,2966,75485,3948172
PNEU1,2967,75511,3948154
PNEU1,2968,75536,3948467
PNEU1,2969,75561,3948287
PNEU1,2970,75586,3948629
PNEU1,2971,75611,3948099
PNEU1,2972,75637,3947858
PNEU1,2973,75662,3948152
PNEU1,2974,75687,3948433
PNEU1,2975,75712,3947952
PNEU1,2976,75737,3948379
PNEU1,2977,75762,3948405
PNEU1,2978,75788,3948522
PNEU1,2979,75813,3948817
PNEU1,2980,75838,3948380
PNEU1,2981,75863,3947851
PNEU1,2982,75888,3947959
PNEU1,2983,75914,3948273
PNEU1,2984,75939,3948678
PNEU1,2985,75964,3948413
PNEU1,2986,75989,3948464
PNEU1,2987,76014,3948517
PNEU1,2988,76040,3948639
PNEU1,2989,76065,3948182
PNEU1,2990,76090,3947588
PNEU1,2991,76115,3948215
PNEU1,2992,76140,3948905
PNEU1,2993,76165,3949066
PNEU1,2994,76191,3948357
PNEU1,2995,76216,3947883
PNEU1,2996,76241,3948237
PNEU1,2997,76266,3948533
PNEU1,2998,76291,3947957
PNEU1,2999,76317,3947858
PNEU1,3000,76342,3948316
PNEU1,3001,76367,3948029
PNEU1,3002,76392,3947843
PNEU1,3003,76417,3947501
PNEU1,3004,76443,3947965
PNEU1,3005,76468,3948303
PNEU1,3006,76493,3948418
PNEU1,3007,76518,3948053
PNEU1,3008,76543,3947858
PNEU1,3009,76568,3948190
PNEU1,3010,76594,3948045
PNEU1,3011,76619,3948301
PNEU1,3012,76644,3947946
PNEU1,3013,76669,3948061
PNEU1,3014,76694,3948391
PNEU1,3015,76720,3948154
PNEU1,3016,76745,3948003
PNEU1,3017,76770,3947763
PNEU1,3018,76795,3948247
PNEU1,3019,76820,3948384
PNEU1,3020,76846,3948013
PNEU1,3021,76871,3948154
PNEU1,3022,76896,3948330
PNEU1,3023,76921,3948158
PNEU1,3024,76946,3947789
PNEU1,3025,76971,3947485
PNEU1,3026,76997,3947903
PNEU1,3027,77022,3948274
PNEU1,3028,77047,3948004
PNEU1,3029,77072,3948374
PNEU1,3030,77097,3948545
PNEU1,3031,77123,3948140
PNEU1,3032,77148,3947496
PNEU1,3033,77173,3947770
PNEU1,3034,77198,3947893
PNEU1,3035,77223,3948180
PNEU1,3036,77249,3947779
PNEU1,3037,77274,3946704
PNEU1,3038,77299,3947224
PNEU1,3039,77324,3948100
PNEU1,3040,77349,3948640
PNEU1,3041,77375,3948105
PNEU1,3042,77400,3948091
PNEU1,3043,77425,3948261
PNEU1,3044,77450,3948495
PNEU1,3045,77475,3948330
PNEU1,3046,77500,3947965
PNEU1,3047,77526,3948228
PNEU1,3048,77551,3948293
PNEU1,3049,77576,3947700
PNEU1,3050,77601,3948020
PNEU1,3051,77626,3948122
PNEU1,3052,77652,3948097
PNEU1,3053,77677,3947933
PNEU1,3054,77702,3947960
PNEU1,3055,77727,3948244
PNEU1,3056,77752,3948090
PNEU1,3057,77778,3947708
PNEU1,3058,77803,3946952
PNEU1,3059,77828,3947775
PNEU1,3060,77853,3948105
PNEU1,3061,77878,3947935
PNEU1,3062,77903,3948018
PNEU1,3063,77929,3948309
PNEU1,3064,77954,3948280
PNEU1,3065,77979,3947685
PNEU1,3066,78004,3947564
PNEU1,3067,78029,3948185
PNEU1,3068,78055,3948462
PNEU1,3069,78080,3947997
PNEU1,3070,78105,3948252
PNEU1,3071,78130,3948466
PNEU1,3072,78155,3948347
PNEU1,3073,78181,3948179
PNEU1,3074,78206,3948151
PNEU1,3075,78231,3947940
PNEU1,3076,78256,3948177
PNEU1,3077,78281,3948469
PNEU1,3078,78306,3948238
PNEU1,3079,78332,3947836
PNEU1,3080,78357,3948296
PNEU1,3081,78382,3948642
PNEU1,3082,78407,3948610
PNEU1,3083,78432,3948451
PNEU1,3084,78458,3948491
PNEU1,3085,78483,3948589
PNEU1,3086,78508,3947777
PNEU1,3087,78533,3948051
PNEU1,3088,78558,3948101
PNEU1,3089,78584,3948328
PNEU1,3090,78609,3948868
PNEU1,3091,78634,3948516
PNEU1,3092,78659,3948463
PNEU1,3093,78684,3947866
PNEU1,3094,78709,3948176
PNEU1,3095,78735,3948144
PNEU1,3096,78760,3947946
PNEU1,3097,78785,3948258
PNEU1,3098,78810,3948599
PNEU1,3099,78835,3948381
PNEU1,3100,78861,3947923
PNEU1,3101,78886,3947909
PNEU1,3102,78911,3948073
PNEU1,3103,78936,3948334
PNEU1,3104,78961,3948469
PNEU1,3105,78987,3948124
PNEU1,3106,79012,3947586
PNEU1,3107,79037,3947717
PNEU1,3108,79062,3947561
PNEU1,3109,79087,3947590
PNEU1,3110,79112,3948541
PNEU1,3111,79138,3948399
PNEU1,3112,79163,3948394
PNEU1,3113,79188,3948273
PNEU1,3114,79213,3948059
PNEU1,3115,79238,3948115
PNEU1,3116,79264,3948209
PNEU1,3117,79289,3948043
PNEU1,3118,79314,3948104
PNEU1,3119,79339,3948240
PNEU1,3120,79364,3948443
PNEU1,3121,79390,3948264
PNEU1,3122,79415,3948845
PNEU1,3123,79440,3948659
PNEU1,3124,79465,3948399
PNEU1,3125,79490,3948302
PNEU1,3126,79515,3948481
PNEU1,3127,79541,3948169
PNEU1,3128,79566,3947373
PNEU1,3129,79591,3948095
PNEU1,3130,79616,3948390
PNEU1,3131,79641,3948497
PNEU1,3132,79667,3948666
PNEU1,3133,79692,3948456
PNEU1,3134,79717,3948703
PNEU1,3135,79742,3948241
PNEU1,3136,79767,3947655
PNEU1,3137,79793,3947734
PNEU1,3138,79818,3947572
PNEU1,3139,79843,3948160
PNEU1,3140,79868,3947861
PNEU1,3141,79893,3948091
PNEU1,3142,79918,3948027
PNEU1,3143,79944,3948084
PNEU1,3144,79969,3948435
PNEU1,3145,79994,3948616
PNEU1,3146,80019,3948254
PNEU1,3147,80044,3948062
PNEU1,3148,80070,3948055
PNEU1,3149,80095,3947967
PNEU1,3150,80120,3947800
PNEU1,3151,80145,3947542
PNEU1,3152,80170,3947962
PNEU1,3153,80196,3947984
PNEU1,3154,80221,3948527
PNEU1,3155,80246,3948544
PNEU1,3156,80271,3948222
PNEU1,3157,80296,3948085
PNEU1,3158,80321,3947629
PNEU1,3159,80347,3948104
PNEU1,3160,80372,3948499
PNEU1,3161,80397,3948486
PNEU1,3162,80422,3948029
PNEU1,3163,80447,3948132
PNEU1,3164,80473,3947814
PNEU1,3165,80498,3947806
PNEU1,3166,80523,3947332
PNEU1,3167,80548,3947652
PNEU1,3168,80573,3948556
PNEU1,3169,80599,3948565
PNEU1,3170,80624,3948132
PNEU1,3171,80649,3948203
PNEU1,3172,80674,3947802
PNEU1,3173,80699,3947917
PNEU1,3174,80724,3947949
PNEU1,3175,80750,3948149
PNEU1,3176,80775,3948573
PNEU1,3177,80800,3948276
PNEU1,3178,80825,3947901
PNEU1,3179,80850,3948400
PNEU1,3180,80876,3948444
PNEU1,3181,80901,3948157
PNEU1,3182,80926,3947860
PNEU1,3183,80951,3947774
PNEU1,3184,80976,3948027
PNEU1,3185,81002,3948158
PNEU1,3186,81027,3948794
PNEU1,3187,81052,3948429
PNEU1,3188,81077,3948303
PNEU1,3189,81102,3948567
PNEU1,3190,81127,3948058
PNEU1,3191,81153,3948205
PNEU1,3192,81178,3948199
PNEU1,3193,81203,3947788
PNEU1,3194,81228,3947474
PNEU1,3195,81253,3947963
PNEU1,3196,81279,3947795
PNEU1,3197,81304,3947759
PNEU1,3198,81329,3947715
PNEU1,3199,81354,3947558
PNEU1,3200,81379,3947974
PNEU1,3201,81405,3947859
PNEU1,3202,81430,3948299
PNEU1,3203,81455,3948688
PNEU1,3204,81480,3948514
PNEU1,3205,81505,3948174
PNEU1,3206,81530,3948045
PNEU1,3207,81556,3948296
PNEU1,3208,81581,3948536
PNEU1,3209,81606,3948762
PNEU1,3210,81631,3948966
PNEU1,3211,81656,3948355
PNEU1,3212,81682,3947872
PNEU1,3213,81707,3948053
PNEU1,3214,81732,3948307
PNEU1,3215,81757,3948200
PNEU1,3216,81782,3947979
PNEU1,3217,81808,3947793
PNEU1,3218,81833,3948089
PNEU1,3219,81858,3948315
PNEU1,3220,81883,3947584
PNEU1,3221,81908,3947329
PNEU1,3222,81933,3947850
PNEU1,3223,81959,3947932
PNEU1,3224,81984,3948230
PNEU1,3225,82009,3948131
PNEU1,3226,82034,3947772
PNEU1,3227,82059,3948124
PNEU1,3228,82085,3948002
PNEU1,3229,82110,3947802
PNEU1,3230,82135,3948215
PNEU1,3231,82160,3948303
PNEU1,3232,82185,3948123
PNEU1,3233,82211,3948330
PNEU1,3234,82236,3948167
PNEU1,3235,82261,3947571
PNEU1,3236,82286,3947930
PNEU1,3237,82311,3948137
PNEU1,3238,82336,3948230
PNEU1,3239,82362,3948391
PNEU1,3240,82387,3948523
PNEU1,3241,82412,3948458
PNEU1,3242,82437,3948384
PNEU1,3243,82462,3947718
PNEU1,3244,82488,3947807
PNEU1,3245,82513,3947898
PNEU1,3246,82538,3947644
PNEU1,3247,82563,3947456
PNEU1,3248,82588,3947885
PNEU1,3249,82613,3947940
PNEU1,3250,82639,3947962
PNEU1,3251,82664,3948351
PNEU1,3252,82689,3948508
PNEU1,3253,82714,3948152
PNEU1,3254,82739,3947813
PNEU1,3255,82765,3948178
PNEU1,3256,82790,3948134
PNEU1,3257,82815,3948094
PNEU1,3258,82840,3948205
PNEU1,3259,82865,3948151
PNEU1,3260,82891,3948018
PNEU1,3261,82916,3947893
PNEU1,3262,82941,3947735
PNEU1,3263,82966,3947839
PNEU1,3264,82991,3948261
PNEU1,3265,83016,3948141
PNEU1,3266,83042,3947994
PNEU1,3267,83067,3948253
PNEU1,3268,83092,3948058
PNEU1,3269,83117,3948084
PNEU1,3270,83142,3948501
PNEU1,3271,83168,3948389
PNEU1,3272,83193,3948223
PNEU1,3273,83218,3948051
PNEU1,3274,83243,3948078
PNEU1,3275,83268,3947992
PNEU1,3276,83293,3948001
PNEU1,3277,83319,3948197
PNEU1,3278,83344,3947956
PNEU1,3279,83369,3947819
PNEU1,3280,83394,3947610
PNEU1,3281,83419,3947403
PNEU1,3282,83445,3948098
PNEU1,3283,83470,3948088
PNEU1,3284,83495,3948018
PNEU1,3285,83520,3947988
PNEU1,3286,83545,3947683
PNEU1,3287,83570,3947644
PNEU1,3288,83596,3947615
PNEU1,3289,83621,3947850
PNEU1,3290,83646,3948243
PNEU1,3291,83671,3948036
PNEU1,3292,83696,3947508
PNEU1,3293,83722,3947683
PNEU1,3294,83747,3948162
PNEU1,3295,83772,3948628
PNEU1,3296,83797,3948421
PNEU1,3297,83822,3947991
PNEU1,3298,83847,3948159
PNEU1,3299,83873,3948550
PNEU1,3300,83898,3948545
PNEU1,3301,83923,3948050
PNEU1,3302,83948,3948026
PNEU1,3303,83973,3948085
PNEU1,3304,83999,3948041
PNEU1,3305,84024,3947942
PNEU1,3306,84049,3947939
PNEU1,3307,84074,3947649
PNEU1,3308,84099,3947496
PNEU1,3309,84125,3948170
PNEU1,3310,84150,3948489
PNEU1,3311,84175,3948235
PNEU1,3312,84200,3947919
PNEU1,3313,84225,3948089
PNEU1,3314,84250,3948004
PNEU1,3315,84276,3947728
PNEU1,3316,84301,3947408
PNEU1,3317,84326,3948024
PNEU1,3318,84351,3948119
PNEU1,3319,84376,3947911
PNEU1,3320,84402,3947933
PNEU1,3321,84427,3947836
PNEU1,3322,84452,3947607
PNEU1,3323,84477,3947715
PNEU1,3324,84502,3948076
PNEU1,3325,84527,3948120
PNEU1,3326,84553,3948323
PNEU1,3327,84578,3948597
PNEU1,3328,84603,3948958
PNEU1,3329,84628,3948462
PNEU1,3330,84653,3947899
PNEU1,3331,84679,3947644
PNEU1,3332,84704,3948049
PNEU1,3333,84729,3948081
PNEU1,3334,84754,3947592
PNEU1,3335,84779,3947623
PNEU1,3336,84805,3948248
PNEU1,3337,84830,3948474
PNEU1,3338,84855,3948171
PNEU1,3339,84880,3948163
PNEU1,3340,84905,3948126
PNEU1,3341,84930,3948067
PNEU1,3342,84956,3948164
PNEU1,3343,84981,3947702
PNEU1,3344,85006,3947654
PNEU1,3345,85031,3947846
PNEU1,3346,85056,3948124
PNEU1,3347,85082,3948299
PNEU1,3348,85107,3948424
PNEU1,3349,85132,3948145
PNEU1,3350,85157,3947999
PNEU1,3351,85182,3947946
PNEU1,3352,85207,3948110
PNEU1,3353,85233,3948411
PNEU1,3354,85258,3948593
PNEU1,3355,85283,3948335
PNEU1,3356,85308,3947849
PNEU1,3357,85333,3947760
PNEU1,3358,85359,3947768
PNEU1,3359,85384,3947752
PNEU1,3360,85409,3947875
PNEU1,3361,85434,3947832
PNEU1,3362,85459,3947714
PNEU1,3363,85485,3948080
PNEU1,3364,85510,3948373
PNEU1,3365,85535,3948208
PNEU1,3366,85560,3948283
PNEU1,3367,85585,3948655
PNEU1,3368,85610,3948769
PNEU1,3369,85636,3948293
PNEU1,3370,85661,3948048
PNEU1,3371,85686,3947629
PNEU1,3372,85711,3947572
PNEU1,3373,85736,3947881
PNEU1,3374,85762,3948202
PNEU1,3375,85787,3948388
PNEU1,3376,85812,3948558
PNEU1,3377,85837,3948736
PNEU1,3378,85862,3948222
PNEU1,3379,85888,3948204
PNEU1,3380,85913,3948135
PNEU1,3381,85938,3948255
PNEU1,3382,85963,3947757
PNEU1,3383,85988,3947878
PNEU1,3384,86014,3948175
PNEU1,3385,86039,3948467
PNEU1,3386,86064,3948122
PNEU1,3387,86089,3948230
PNEU1,3388,86114,3948491
PNEU1,3389,86139,3948367
PNEU1,3390,86165,3947933
PNEU1,3391,86190,3948492
PNEU1,3392,86215,3948334
PNEU1,3393,86240,3948150
PNEU1,3394,86265,3948019
PNEU1,3395,86291,3947985
PNEU1,3396,86316,3947995
PNEU1,3397,86341,3948180
PNEU1,3398,86366,3947939
PNEU1,3399,86391,3947707
PNEU1,3400,86416,3947897
PNEU1,3401,86442,3948021
PNEU1,3402,86467,3948419
PNEU1,3403,86492,3948604
PNEU1,3404,86517,3948151
PNEU1,3405,86542,3947946
PNEU1,3406,86568,3948143
PNEU1,3407,86593,3948135
PNEU1,3408,86618,3948259
PNEU1,3409,86643,3948286
PNEU1,3410,86668,3947992
PNEU1,3411,86694,3948134
PNEU1,3412,86719,3948110
PNEU1,3413,86744,3947626
PNEU1,3414,86769,3948078
PNEU1,3415,86794,3948163
PNEU1,3416,86819,3948003
PNEU1,3417,86845,3947896
PNEU1,3418,86870,3948284
PNEU1,3419,86895,3948232
PNEU1,3420,86920,3947882
PNEU1,3421,86945,3948116
PNEU1,3422,86971,3948119
PNEU1,3423,86996,3947961
PNEU1,3424,87021,3948273
PNEU1,3425,87046,3947952
PNEU1,3426,87071,3948123
PNEU1,3427,87097,3948085
PNEU1,3428,87122,3947964
PNEU1,3429,87147,3947679
PNEU1,3430,87172,3948033
PNEU1,3431,87197,3948415
PNEU1,3432,87223,3947890
PNEU1,3433,87248,3947597
PNEU1,3434,87273,3947658
PNEU1,3435,87298,3947502
PNEU1,3436,87323,3947870
PNEU1,3437,87348,3948295
PNEU1,3438,87374,3948232
PNEU1,3439,87399,3947844
PNEU1,3440,87424,3948201
PNEU1,3441,87449,3948201
PNEU1,3442,87474,3947711
PNEU1,3443,87500,3947553
PNEU1,3444,87525,3947896
PNEU1,3445,87550,3948107
PNEU1,3446,87575,3947733
PNEU1,3447,87600,3947706
PNEU1,3448,87626,3948057
PNEU1,3449,87651,3947511
PNEU1,3450,87676,3947280
PNEU1,3451,87701,3947966
PNEU1,3452,87726,3948439
PNEU1,3453,87751,3947957
PNEU1,3454,87777,3947713
PNEU1,3455,87802,3948109
PNEU1,3456,87827,3948154
PNEU1,3457,87852,3947703
PNEU1,3458,87877,3947726
PNEU1,3459,87903,3948016
PNEU1,3460,87928,3948007
PNEU1,3461,87953,3948138
PNEU1,3462,87978,3948028
PNEU1,3463,88003,3947566
PNEU1,3464,88028,3947353
PNEU1,3465,88054,3948055
PNEU1,3466,88079,3947966
PNEU1,3467,88104,3947953
PNEU1,3468,88129,3948093
PNEU1,3469,88154,3947648
PNEU1,3470,88180,3948509
PNEU1,3471,88205,3948225
PNEU1,3472,88230,3947755
PNEU1,3473,88255,3948285
PNEU1,3474,88280,3948024
PNEU1,3475,88306,3947757
PNEU1,3476,88331,3947878
PNEU1,3477,88356,3947702
PNEU1,3478,88381,3948015
PNEU1,3479,88406,3948065
PNEU1,3480,88431,3947923
PNEU1,3481,88457,3948230
PNEU1,3482,88482,3948139
PNEU1,3483,88507,3947867
PNEU1,3484,88532,3948340
PNEU1,3485,88557,3948297
PNEU1,3486,88583,3947962
PNEU1,3487,88608,3948321
PNEU1,3488,88633,3948359
PNEU1,3489,88658,3947847
PNEU1,3490,88683,3947728
PNEU1,3491,88709,3948285
PNEU1,3492,88734,3948450
PNEU1,3493,88759,3948221
PNEU1,3494,88784,3948130
PNEU1,3495,88809,3948217
PNEU1,3496,88834,3947955
PNEU1,3497,88860,3947620
PNEU1,3498,88885,3948003
PNEU1,3499,88910,3947984
PNEU1,3500,88935,3947645
PNEU1,3501,88960,3947973
PNEU1,3502,88986,3948270
PNEU1,3503,89011,3947942
PNEU1,3504,89036,3948180
PNEU1,3505,89061,3948133
PNEU1,3506,89086,3947627
PNEU1,3507,89112,3947820
PNEU1,3508,89137,3947933
PNEU1,3509,89162,3947064
PNEU1,3510,89187,3947592
PNEU1,3511,89212,3948081
PNEU1,3512,89237,3947790
PNEU1,3513,89263,3947182
PNEU1,3514,89288,3946923
PNEU1,3515,89313,3947214
PNEU1,3516,89338,3947601
PNEU1,3517,89363,3947898
PNEU1,3518,89389,3947753
PNEU1,3519,89414,3947722
PNEU1,3520,89439,3947545
PNEU1,3521,89464,3947986
PNEU1,3522,89489,3948039
PNEU1,3523,89514,3947654
PNEU1,3524,89540,3948023
PNEU1,3525,89565,3947837
PNEU1,3526,89590,3947771
PNEU1,3527,89615,3947931
PNEU1,3528,89640,3947529
PNEU1,3529,89666,3947386
PNEU1,3530,89691,3947791
PNEU1,3531,89716,3948378
PNEU1,3532,89741,3947686
PNEU1,3533,89766,3947582
PNEU1,3534,89791,3947892
PNEU1,3535,89817,3947529
PNEU1,3536,89842,3947963
PNEU1,3537,89867,3948278
PNEU1,3538,89892,3947817
PNEU1,3539,89917,3947764
PNEU1,3540,89943,3947805
PNEU1,3541,89968,3947915
PNEU1,3542,89993,3947884
PNEU1,3543,90018,3947574
PNEU1,3544,90043,3947455
PNEU1,3545,90068,3947423
PNEU1,3546,90094,3948121
PNEU1,3547,90119,3948484
PNEU1,3548,90144,3948058
PNEU1,3549,90169,3948092
PNEU1,3550,90194,3948102
PNEU1,3551,90220,3948183
PNEU1,3552,90245,3948262
PNEU1,3553,90270,3947866
PNEU1,3554,90295,3947738
PNEU1,3555,90320,3947886
PNEU1,3556,90346,3948197
PNEU1,3557,90371,3948274
PNEU1,3558,90396,3947948
PNEU1,3559,90421,3947969
PNEU1,3560,90446,3948363
PNEU1,3561,90471,3948128
PNEU1,3562,90497,3948258
PNEU1,3563,90522,3948011
PNEU1,3564,90547,3947712
PNEU1,3565,90572,3948163
PNEU1,3566,90597,3948352
PNEU1,3567,90623,3948345
PNEU1,3568,90648,3948287
PNEU1,3569,90673,3948097
PNEU1,3570,90698,3947799
PNEU1,3571,90723,3947882
PNEU1,3572,90748,3947742
PNEU1,3573,90774,3947296
PNEU1,3574,90799,3947485
PNEU1,3575,90824,3948163
PNEU1,3576,90849,3948373
PNEU1,3577,90874,3948176
PNEU1,3578,90900,3947514
PNEU1,3579,90925,3947750
PNEU1,3580,90950,3948032
PNEU1,3581,90975,3947697
PNEU1,3582,91000,3947773
PNEU1,3583,91025,3948187
PNEU1,3584,91051,3948252
PNEU1,3585,91076,3948091
PNEU1,3586,91101,3947595
PNEU1,3587,91126,3947785
PNEU1,3588,91151,3947944
PNEU1,3589,91177,3948143
PNEU1,3590,91202,3947996
PNEU1,3591,91227,3947589
PNEU1,3592,91252,3947879
PNEU1,3593,91277,3947843
PNEU1,3594,91302,3947745
PNEU1,3595,91328,3947757
PNEU1,3596,91353,3947998
PNEU1,3597,91378,3947932
PNEU1,3598,91403,3947862
PNEU1,3599,91428,3947969
PNEU1,3600,91454,3947554
PNEU1,3601,91479,3947498
PNEU1,3602,91504,3947643
PNEU1,3603,91529,3948042
PNEU1,3604,91554,3947494
PNEU1,3605,91579,3947398
PNEU1,3606,91605,3947600
PNEU1,3607,91630,3947754
PNEU1,3608,91655,3947821
PNEU1,3609,91680,3947693
PNEU1,3610,91705,3947577
PNEU1,3611,91731,3947513
PNEU1,3612,91756,3947687
PNEU1,3613,91781,3947943
PNEU1,3614,91806,3947921
PNEU1,3615,91831,3947898
PNEU1,3616,91857,3947553
PNEU1,3617,91882,3947513
PNEU1,3618,91907,3947276
PNEU1,3619,91932,3947637
PNEU1,3620,91957,3947504
PNEU1,3621,91982,3947678
PNEU1,3622,92008,3947838
PNEU1,3623,92033,3947710
PNEU1,3624,92058,3947785
PNEU1,3625,92083,3947976
PNEU1,3626,92108,3947670
PNEU1,3627,92134,3947659
PNEU1,3628,92159,3947833
PNEU1,3629,92184,3947922
PNEU1,3630,92209,3947936
PNEU1,3631,92234,3948201
PNEU1,3632,92259,3947854
PNEU1,3633,92285,3947744
PNEU1,3634,92310,3947871
PNEU1,3635,92335,3948255
PNEU1,3636,92360,3948308
PNEU1,3637,92385,3947867
PNEU1,3638,92411,3947476
PNEU1,3639,92436,3947200
PNEU1,3640,92461,3947441
PNEU1,3641,92486,3947589
PNEU1,3642,92511,3947277
PNEU1,3643,92536,3947175
PNEU1,3644,92562,3947366
PNEU1,3645,92587,3948274
PNEU1,3646,92612,3948207
PNEU1,3647,92637,3948029
PNEU1,3648,92662,3948074
PNEU1,3649,92688,3947856
PNEU1,3650,92713,3947605
PNEU1,3651,92738,3948069
PNEU1,3652,92763,3948755
PNEU1,3653,92788,3948005
PNEU1,3654,92813,3947952
PNEU1,3655,92839,3947411
PNEU1,3656,92864,3947847
PNEU1,3657,92889,3947872
PNEU1,3658,92914,3947901
PNEU1,3659,92939,3947823
PNEU1,3660,92965,3947843
PNEU1,3661,92990,3947799
PNEU1,3662,93015,3947723
PNEU1,3663,93040,3947974
PNEU1,3664,93065,3948119
PNEU1,3665,93090,3947668
PNEU1,3666,93116,3947183
PNEU1,3667,93141,3947759
PNEU1,3668,93166,3948056
PNEU1,3669,93191,3947992
PNEU1,3670,93216,3947911
PNEU1,3671,93242,3948191
PNEU1,3672,93267,3948116
PNEU1,3673,93292,3948216
PNEU1,3674,93317,3947977
PNEU1,3675,93342,3947946
PNEU1,3676,93367,3947804
PNEU1,3677,93393,3947280
PNEU1,3678,93418,3946849
PNEU1,3679,93443,3947125
PNEU1,3680,93468,3947486
PNEU1,3681,93493,3947368
PNEU1,3682,93519,3947772
PNEU1,3683,93544,3948049
PNEU1,3684,93569,3948065
PNEU1,3685,93594,3948231
PNEU1,3686,93619,3948005
PNEU1,3687,93645,3947728
PNEU1,3688,93670,3947847
PNEU1,3689,93695,3948026
PNEU1,3690,93720,3947525
PNEU1,3691,93745,3947555
PNEU1,3692,93770,3947580
PNEU1,3693,93796,3947170
PNEU1,3694,93821,3947541
PNEU1,3695,93846,3948228
PNEU1,3696,93871,3948275
PNEU1,3697,93896,3947853
PNEU1,3698,93922,3947671
PNEU1,3699,93947,3947828
PNEU1,3700,93972,3947803
PNEU1,3701,93997,3947724
PNEU1,3702,94022,3947128
PNEU1,3703,94047,3947221
PNEU1,3704,94073,3947344
PNEU1,3705,94098,3947672
PNEU1,3706,94123,3947753
PNEU1,3707,94148,3947498
PNEU1,3708,94173,3947302
PNEU1,3709,94199,3947400
PNEU1,3710,94224,3947876
PNEU1,3711,94249,3947719
PNEU1,3712,94274,3947809
PNEU1,3713,94299,3948281
PNEU1,3714,94324,3947746
PNEU1,3715,94350,3947864
PNEU1,3716,94375,3948561
PNEU1,3717,94400,3947863
PNEU1,3718,94425,3947463
PNEU1,3719,94450,3947705
PNEU1,3720,94476,3947366
PNEU1,3721,94501,3947328
PNEU1,3722,94526,3947423
PNEU1,3723,94551,3948126
PNEU1,3724,94576,3948000
PNEU1,3725,94602,3947622
PNEU1,3726,94627,3947649
PNEU1,3727,94652,3947527
PNEU1,3728,94677,3947630
PNEU1,3729,94702,3947714
PNEU1,3730,94727,3947908
PNEU1,3731,94753,3947954
PNEU1,3732,94778,3947702
PNEU1,3733,94803,3947371
PNEU1,3734,94828,3947074
PNEU1,3735,94853,3947220
PNEU1,3736,94879,3947708
PNEU1,3737,94904,3947964
PNEU1,3738,94929,3948111
PNEU1,3739,94954,3948096
PNEU1,3740,94979,3947841
PNEU1,3741,95004,3947391
PNEU1,3742,95030,3947754
PNEU1,3743,95055,3948070
PNEU1,3744,95080,3948036
PNEU1,3745,95105,3948168
PNEU1,3746,95130,3948014
PNEU1,3747,95156,3947715
PNEU1,3748,95181,3947824
PNEU1,3749,95206,3947874
PNEU1,3750,95231,3947437
PNEU1,3751,95256,3947835
PNEU1,3752,95281,3947659
PNEU1,3753,95307,3947872
PNEU1,3754,95332,3947889
PNEU1,3755,95357,3948073
PNEU1,3756,95382,3948161
PNEU1,3757,95407,3947629
PNEU1,3758,95433,3947839
PNEU1,3759,95458,3947902
PNEU1,3760,95483,3947468
PNEU1,3761,95508,3947277
PNEU1,3762,95533,3947656
PNEU1,3763,95559,3947982
PNEU1,3764,95584,3947830
PNEU1,3765,95609,3948192
PNEU1,3766,95634,3947737
PNEU1,3767,95659,3947338
PNEU1,3768,95684,3947218
PNEU1,3769,95710,3947700
PNEU1,3770,95735,3948014
PNEU1,3771,95760,3948071
PNEU1,3772,95785,3948218
PNEU1,3773,95810,3948311
PNEU1,3774,95836,3947914
PNEU1,3775,95861,3947885
PNEU1,3776,95886,3948139
PNEU1,3777,95911,3948230
PNEU1,3778,95936,3947839
PNEU1,3779,95961,3947568
PNEU1,3780,95987,3947791
PNEU1,3781,96012,3948010
PNEU1,3782,96037,3947871
PNEU1,3783,96062,3948254
PNEU1,3784,96087,3947932
PNEU1,3785,96113,3947581
PNEU1,3786,96138,3947649
PNEU1,3787,96163,3947449
PNEU1,3788,96188,3947438
PNEU1,3789,96213,3947367
PNEU1,3790,96238,3947998
PNEU1,3791,96264,3947737
PNEU1,3792,96289,3947479
PNEU1,3793,96314,3947404
PNEU1,3794,96339,3947396
PNEU1,3795,96364,3947806
PNEU1,3796,96390,3947522
PNEU1,3797,96415,3947771
PNEU1,3798,96440,3947615
PNEU1,3799,96465,3947344
PNEU1,3800,96490,3947525
PNEU1,3801,96515,3948019
PNEU1,3802,96541,3947883
PNEU1,3803,96566,3947482
PNEU1,3804,96591,3947553
PNEU1,3805,96616,3947700
PNEU1,3806,96641,3948038
PNEU1,3807,96667,3948353
PNEU1,3808,96692,3948314
PNEU1,3809,96717,3947817
PNEU1,3810,96742,3948158
PNEU1,3811,96767,3947790
PNEU1,3812,96793,3947650
PNEU1,3813,96818,3947839
PNEU1,3814,96843,3947253
PNEU1,3815,96868,3947078
PNEU1,3816,96893,3947331
PNEU1,3817,96918,3947550
PNEU1,3818,96944,3948009
PNEU1,3819,96969,3947776
PNEU1,3820,96994,3947275
PNEU1,3821,97019,3947753
PNEU1,3822,97044,3947884
PNEU1,3823,97070,3947885
PNEU1,3824,97095,3947834
PNEU1,3825,97120,3947784
PNEU1,3826,97145,3947515
PNEU1,3827,97170,3947740
PNEU1,3828,97195,3947712
PNEU1,3829,97221,3947455
PNEU1,3830,97246,3947817
PNEU1,3831,97271,3947598
PNEU1,3832,97296,3947377
PNEU1,3833,97321,3947413
PNEU1,3834,97347,3947257
PNEU1,3835,97372,3947750
PNEU1,3836,97397,3948007
PNEU1,3837,97422,3947405
PNEU1,3838,97447,3946868
PNEU1,3839,97472,3947500
PNEU1,3840,97498,3947693
PNEU1,3841,97523,3947809
PNEU1,3842,97548,3947580
PNEU1,3843,97573,3947511
PNEU1,3844,97598,3948032
PNEU1,3845,97624,3947878
PNEU1,3846,97649,3947650
PNEU1,3847,97674,3947858
PNEU1,3848,97699,3947668
PNEU1,3849,97724,3947534
PNEU1,3850,97750,3947688
PNEU1,3851,97775,3947637
PNEU1,3852,97800,3947745
PNEU1,3853,97825,3947911
PNEU1,3854,97850,3947466
PNEU1,3855,97875,3947637
PNEU1,3856,97901,3947703
PNEU1,3857,97926,3948007
PNEU1,3858,97951,3948177
PNEU1,3859,97976,3947843
PNEU1,3860,98001,3947882
PNEU1,3861,98027,3947712
PNEU1,3862,98052,3947810
PNEU1,3863,98077,3947531
PNEU1,3864,98102,3947306
PNEU1,3865,98127,3947723
PNEU1,3866,98153,3947359
PNEU1,3867,98178,3947373
PNEU1,3868,98203,3947830
PNEU1,3869,98228,3947774
PNEU1,3870,98253,3947432
PNEU1,3871,98278,3947418
PNEU1,3872,98304,3947403
PNEU1,3873,98329,3947596
PNEU1,3874,98354,3947590
PNEU1,3875,98379,3947623
PNEU1,3876,98404,3947161
PNEU1,3877,98430,3946824
PNEU1,3878,98455,3947541
PNEU1,3879,98480,3947622
PNEU1,3880,98505,3947150
PNEU1,3881,98530,3947410
PNEU1,3882,98555,3947780
PNEU1,3883,98581,3947659
PNEU1,3884,98606,3947544
PNEU1,3885,98631,3947656
PNEU1,3886,98656,3947476
PNEU1,3887,98681,3947447
PNEU1,3888,98707,3948000
PNEU1,3889,98732,3947562
PNEU1,3890,98757,3947111
PNEU1,3891,98782,3947393
PNEU1,3892,98807,3948125
PNEU1,3893,98832,3948151
PNEU1,3894,98858,3947465
PNEU1,3895,98883,3947406
PNEU1,3896,98908,3948033
PNEU1,3897,98933,3948305
PNEU1,3898,98958,3947968
PNEU1,3899,98984,3948057
PNEU1,3900,99009,3948053
PNEU1,3901,99034,3947456
PNEU1,3902,99059,3947490
PNEU1,3903,99084,3948024
PNEU1,3904,99110,3947706
PNEU1,3905,99135,3947320
PNEU1,3906,99160,3947314
PNEU1,3907,99185,3947648
PNEU1,3908,99210,3947515
PNEU1,3909,99235,3947787
PNEU1,3910,99261,3947815
PNEU1,3911,99286,3947890
PNEU1,3912,99311,3947432
PNEU1,3913,99336,3947102
PNEU1,3914,99361,3947077
PNEU1,3915,99387,3947864
PNEU1,3916,99412,3948437
PNEU1,3917,99437,3947302
PNEU1,3918,99462,3947391
PNEU1,3919,99487,3947794
PNEU1,3920,99512,3947596
PNEU1,3921,99538,3947176
PNEU1,3922,99563,3947158
PNEU1,3923,99588,3947465
PNEU1,3924,99613,3947476
PNEU1,3925,99638,3946928
PNEU1,3926,99664,3947179
PNEU1,3927,99689,3947863
PNEU1,3928,99714,3948186
PNEU1,3929,99739,3947849
PNEU1,3930,99764,3947999
PNEU1,3931,99789,3948145
PNEU1,3932,99815,3948072
PNEU1,3933,99840,3947543
PNEU1,3934,99865,3947049
PNEU1,3935,99890,3947815
PNEU1,3936,99915,3947577
PNEU1,3937,99941,3947181
PNEU1,3938,99966,3947013
PNEU1,3939,99991,3947426
PNEU1,3940,100016,3947760
PNEU1,3941,100041,3947317
PNEU1,3942,100067,3947640
PNEU1,3943,100092,3947904
PNEU1,3944,100117,3947962
PNEU1,3945,100142,3947399
PNEU1,3946,100167,3947207
PNEU1,3947,100192,3947352
PNEU1,3948,100218,3947683
PNEU1,3949,100243,3947706
PNEU1,3950,100268,3947266
PNEU1,3951,100293,3947090
PNEU1,3952,100318,3947426
PNEU1,3953,100344,3947550
PNEU1,3954,100369,3946967
PNEU1,3955,100394,3947255
PNEU1,3956,100419,3947451
PNEU1,3957,100444,3947236
PNEU1,3958,100470,3948018
PNEU1,3959,100495,3948189
PNEU1,3960,100520,3947710
PNEU1,3961,100545,3947730
PNEU1,3962,100570,3947016
PNEU1,3963,100595,3947076
PNEU1,3964,100621,3947769
PNEU1,3965,100646,3947563
PNEU1,3966,100671,3947904
PNEU1,3967,100696,3947813
PNEU1,3968,100721,3947762
PNEU1,3969,100747,3948036
PNEU1,3970,100772,3947540
PNEU1,3971,100797,3947501
PNEU1,3972,100822,3947650
PNEU1,3973,100847,3947595
PNEU1,3974,100872,3947702
PNEU1,3975,100898,3948131
PNEU1,3976,100923,3948019
PNEU1,3977,100948,3947665
PNEU1,3978,100973,3947427
PNEU1,3979,100998,3947334
PNEU1,3980,101024,3947023
PNEU1,3981,101049,3947378
PNEU1,3982,101074,3948053
PNEU1,3983,101099,3947830
PNEU1,3984,101124,3947653
PNEU1,3985,101149,3947659
PNEU1,3986,101175,3947523
PNEU1,3987,101200,3947568
PNEU1,3988,101225,3946977
PNEU1,3989,101250,3947426
PNEU1,3990,101275,3947958
PNEU1,3991,101301,3947522
PNEU1,3992,101326,3947513
PNEU1,3993,101351,3947531
PNEU1,3994,101376,3947575
PNEU1,3995,101401,3947995
PNEU1,3996,101426,3948148
PNEU1,3997,101452,3948450
PNEU1,3998,101477,3947742
PNEU1,3999,101502,3947504
PNEU1,4000,101527,3947449
PNEU1,4001,101552,3947261
PNEU1,4002,101578,3947216
PNEU1,4003,101603,3947584
PNEU1,4004,101628,3947162
PNEU1,4005,101653,3947473
PNEU1,4006,101678,3947831
PNEU1,4007,101704,3947860
PNEU1,4008,101729,3948111
PNEU1,4009,101754,3948067
PNEU1,4010,101779,3947785
PNEU1,4011,101804,3947310
PNEU1,4012,101829,3947634
PNEU1,4013,101855,3947865
PNEU1,4014,101880,3947415
PNEU1,4015,101905,3947301
PNEU1,4016,101930,3947195
PNEU1,4017,101955,3947393
PNEU1,4018,101981,3947496
PNEU1,4019,102006,3947009
PNEU1,4020,102031,3947424
PNEU1,4021,102056,3947633
PNEU1,4022,102081,3947298
PNEU1,4023,102106,3947272
PNEU1,4024,102132,3947405
PNEU1,4025,102157,3947713
PNEU1,4026,102182,3947738
PNEU1,4027,102207,3947354
PNEU1,4028,102232,3947365
PNEU1,4029,102258,3947734
PNEU1,4030,102283,3948053
PNEU1,4031,102308,3947657
PNEU1,4032,102333,3946622
PNEU1,4033,102358,3947434
PNEU1,4034,102383,3948274
PNEU1,4035,102409,3948331
PNEU1,4036,102434,3947462
PNEU1,4037,102459,3947468
PNEU1,4038,102484,3947730
PNEU1,4039,102509,3947657
PNEU1,4040,102535,3947465
PNEU1,4041,102560,3947516
PNEU1,4042,102585,3947796
PNEU1,4043,102610,3948095
PNEU1,4044,102635,3948300
PNEU1,4045,102660,3948684
PNEU1,4046,102686,3947811
PNEU1,4047,102711,3947380
PNEU1,4048,102736,3947724
PNEU1,4049,102761,3947777
PNEU1,4050,102786,3947596
PNEU1,4051,102812,3947048
PNEU1,4052,102837,3946821
PNEU1,4053,102862,3947437
PNEU1,4054,102887,3947493
PNEU1,4055,102912,3947150
PNEU1,4056,102938,3947391
PNEU1,4057,102963,3947970
PNEU1,4058,102988,3948044
PNEU1,4059,103013,3947611
PNEU1,4060,103038,3947323
PNEU1,4061,103063,3947209
PNEU1,4062,103089,3947156
PNEU1,4063,103114,3946973
PNEU1,4064,103139,3948039
PNEU1,4065,103164,3948247
PNEU1,4066,103189,3947532
PNEU1,4067,103215,3947247
PNEU1,4068,103240,3947801
PNEU1,4069,103265,3948193
PNEU1,4070,103290,3947955
PNEU1,4071,103315,3947865
PNEU1,4072,103340,3947579
PNEU1,4073,103366,3947132
PNEU1,4074,103391,3947593
PNEU1,4075,103416,3947541
PNEU1,4076,103441,3947659
PNEU1,4077,103466,3947184
PNEU1,4078,103492,3947599
PNEU1,4079,103517,3947571
PNEU1,4080,103542,3947613
PNEU1,4081,103567,3947622
PNEU1,4082,103592,3947335
PNEU1,4083,103617,3947797
PNEU1,4084,103643,3948044
PNEU1,4085,103668,3947519
PNEU1,4086,103693,3947816
PNEU1,4087,103718,3947536
PNEU1,4088,103743,3947242
PNEU1,4089,103769,3947816
PNEU1,4090,103794,3947773
PNEU1,4091,103819,3947843
PNEU1,4092,103844,3947581
PNEU1,4093,103869,3947513
PNEU1,4094,103895,3947441
PNEU1,4095,103920,3947625
PNEU1,4096,103945,3947571
PNEU1,4097,103970,3947241
PNEU1,4098,103995,3947760
PNEU1,4099,104020,3947720
PNEU1,4100,104046,3947772
PNEU1,4101,104071,3947671
PNEU1,4102,104096,3947611
PNEU1,4103,104121,3947694
PNEU1,4104,104146,3947499
PNEU1,4105,104172,3947590
PNEU1,4106,104197,3947613
PNEU1,4107,104222,3947478
PNEU1,4108,104247,3947664
PNEU1,4109,104272,3947847
PNEU1,4110,104298,3947758
PNEU1,4111,104323,3947259
PNEU1,4112,104348,3947656
PNEU1,4113,104373,3948071
PNEU1,4114,104398,3948022
PNEU1,4115,104423,3947390
PNEU1,4116,104449,3947069
PNEU1,4117,104474,3947704
PNEU1,4118,104499,3947766
PNEU1,4119,104524,3947408
PNEU1,4120,104549,3947188
PNEU1,4121,104575,3947914
PNEU1,4122,104600,3948015
PNEU1,4123,104625,3947660
PNEU1,4124,104650,3947428
PNEU1,4125,104675,3947530
PNEU1,4126,104700,3947884
PNEU1,4127,104726,3947569
PNEU1,4128,104751,3947863
PNEU1,4129,104776,3947908
PNEU1,4130,104801,3947620
PNEU1,4131,104826,3947595
PNEU1,4132,104852,3947567
PNEU1,4133,104877,3947472
PNEU1,4134,104902,3947386
PNEU1,4135,104927,3946942
PNEU1,4136,104952,3947058
PNEU1,4137,104978,3947741
PNEU1,4138,105003,3947814
PNEU1,4139,105028,3947765
PNEU1,4140,105053,3947271
PNEU1,4141,105078,3946944
PNEU1,4142,105103,3947139
PNEU1,4143,105129,3947127
PNEU1,4144,105154,3947751
PNEU1,4145,105179,3947826
PNEU1,4146,105204,3946916
PNEU1,4147,105229,3947050
PNEU1,4148,105255,3947777
PNEU1,4149,105280,3948187
PNEU1,4150,105305,3948074
PNEU1,4151,105330,3947725
PNEU1,4152,105355,3947682
PNEU1,4153,105380,3947903
PNEU1,4154,105406,3948127
PNEU1,4155,105431,3947877
PNEU1,4156,105456,3947721
PNEU1,4157,105481,3947430
PNEU1,4158,105506,3947358
PNEU1,4159,105532,3947528
PNEU1,4160,105557,3947587
PNEU1,4161,105582,3947429
PNEU1,4162,105607,3947439
PNEU1,4163,105632,3947774
PNEU1,4164,105658,3947938
PNEU1,4165,105683,3947356
PNEU1,4166,105708,3947156
PNEU1,4167,105733,3947365
PNEU1,4168,105758,3947319
PNEU1,4169,105783,3947797
PNEU1,4170,105809,3948031
PNEU1,4171,105834,3947463
PNEU1,4172,105859,3947478
PNEU1,4173,105884,3948085
PNEU1,4174,105909,3947597
PNEU1,4175,105935,3947887
PNEU1,4176,105960,3947827
PNEU1,4177,105985,3947449
PNEU1,4178,106010,3947480
PNEU1,4179,106035,3947600
PNEU1,4180,106060,3947980
PNEU1,4181,106086,3948275
PNEU1,4182,106111,3948093
PNEU1,4183,106136,3947966
PNEU1,4184,106161,3947461
PNEU1,4185,106186,3947673
PNEU1,4186,106212,3947742
PNEU1,4187,106237,3948065
PNEU1,4188,106262,3947907
PNEU1,4189,106287,3947907
PNEU1,4190,106312,3947611
PNEU1,4191,106337,3947831
PNEU1,4192,106363,3947734
PNEU1,4193,106388,3947591
PNEU1,4194,106413,3947948
PNEU1,4195,106438,3947993
PNEU1,4196,106463,3947958
PNEU1,4197,106489,3947471
PNEU1,4198,106514,3947875
PNEU1,4199,106539,3948130
PNEU1,4200,106564,3948434
PNEU1,4201,106589,3948007
PNEU1,4202,106615,3947846
PNEU1,4203,106640,3947698
PNEU1,4204,106665,3947370
PNEU1,4205,106690,3947574
PNEU1,4206,106715,3947560
PNEU1,4207,106740,3947804
PNEU1,4208,106766,3948184
PNEU1,4209,106791,3948049
PNEU1,4210,106816,3948021
PNEU1,4211,106841,3948129
PNEU1,4212,106866,3948186
PNEU1,4213,106892,3947900
PNEU1,4214,106917,3947467
PNEU1,4215,106942,3947595
PNEU1,4216,106967,3947789
PNEU1,4217,106992,3947551
PNEU1,4218,107017,3947372
PNEU1,4219,107043,3947476
PNEU1,4220,107068,3947438
PNEU1,4221,107093,3947516
PNEU1,4222,107118,3947689
PNEU1,4223,107143,3947012
PNEU1,4224,107169,3946996
PNEU1,4225,107194,3947087
PNEU1,4226,107219,3947685
PNEU1,4227,107244,3947791
PNEU1,4228,107269,3947216
PNEU1,4229,107295,3946964
PNEU1,4230,107320,3947581
PNEU1,4231,107345,3947722
PNEU1,4232,107370,3947478
PNEU1,4233,107395,3947800
PNEU1,4234,107420,3947736
PNEU1,4235,107446,3947567
PNEU1,4236,107471,3947738
PNEU1,4237,107496,3947750
PNEU1,4238,107521,3947719
PNEU1,4239,107546,3948038
PNEU1,4240,107572,3948142
PNEU1,4241,107597,3947752
PNEU1,4242,107622,3947953
PNEU1,4243,107647,3947872
PNEU1,4244,107672,3947327
PNEU1,4245,107697,3947059
PNEU1,4246,107723,3947412
PNEU1,4247,107748,3947980
PNEU1,4248,107773,3947904
PNEU1,4249,107798,3947825
PNEU1,4250,107823,3947356
PNEU1,4251,107849,3947564
PNEU1,4252,107874,3947923
PNEU1,4253,107899,3947779
PNEU1,4254,107924,3947547
PNEU1,4255,107949,3947033
PNEU1,4256,107974,3947886
PNEU1,4257,108000,3947683
PNEU1,4258,108025,3947477
PNEU1,4259,108050,3947874
PNEU1,4260,108075,3947851
PNEU1,4261,108100,3947753
PNEU1,4262,108126,3947608
PNEU1,4263,108151,3947450
PNEU1,4264,108176,3947254
PNEU1,4265,108201,3947120
PNEU1,4266,108226,3947625
PNEU1,4267,108251,3947594
PNEU1,4268,108277,3947193
PNEU1,4269,108302,3948075
PNEU1,4270,108327,3947867
PNEU1,4271,108352,3947649
PNEU1,4272,108377,3947227
PNEU1,4273,108403,3947394
PNEU1,4274,108428,3947952
PNEU1,4275,108453,3947963
PNEU1,4276,108478,3947398
PNEU1,4277,108503,3947717
PNEU1,4278,108528,3947521
PNEU1,4279,108554,3947606
PNEU1,4280,108579,3947467
PNEU1,4281,108604,3947580
PNEU1,4282,108629,3947681
PNEU1,4283,108654,3947895
PNEU1,4284,108680,3947639
PNEU1,4285,108705,3947768
PNEU1,4286,108730,3947694
PNEU1,4287,108755,3947426
PNEU1,4288,108780,3947885
PNEU1,4289,108805,3948068
PNEU1,4290,108831,3948009
PNEU1,4291,108856,3947994
PNEU1,4292,108881,3948307
PNEU1,4293,108906,3948059
PNEU1,4294,108931,3947823
PNEU1,4295,108957,3947981
PNEU1,4296,108982,3947526
PNEU1,4297,109007,3947991
PNEU1,4298,109032,3947957
PNEU1,4299,109057,3947581
PNEU1,4300,109082,3947631
PNEU1,4301,109108,3947520
PNEU1,4302,109133,3947422
PNEU1,4303,109158,3947974
PNEU1,4304,109183,3948059
PNEU1,4305,109208,3947490
PNEU1,4306,109234,3947546
PNEU1,4307,109259,3948005
PNEU1,4308,109284,3948007
PNEU1,4309,109309,3948161
PNEU1,4310,109334,3947265
PNEU1,4311,109359,3947002
PNEU1,4312,109385,3947034
PNEU1,4313,109410,3946790
PNEU1,4314,109435,3947288
PNEU1,4315,109460,3947426
PNEU1,4316,109485,3947235
PNEU1,4317,109511,3947355
PNEU1,4318,109536,3947323
PNEU1,4319,109561,3947242
PNEU1,4320,109586,3947865
PNEU1,4321,109611,3947852
PNEU1,4322,109637,3948139
PNEU1,4323,109662,3948237
PNEU1,4324,109687,3947809
PNEU1,4325,109712,3947467
PNEU1,4326,109737,3947269
PNEU1,4327,109762,3947673
PNEU1,4328,109788,3947597
PNEU1,4329,109813,3947701
PNEU1,4330,109838,3947987
PNEU1,4331,109863,3947874
PNEU1,4332,109888,3947824
PNEU1,4333,109914,3947932
PNEU1,4334,109939,3947712
PNEU1,4335,109964,3947819
PNEU1,4336,109989,3947545
PNEU1,4337,110014,3947526
PNEU1,4338,110039,3947916
PNEU1,4339,110065,3947932
PNEU1,4340,110090,3947750
PNEU1,4341,110115,3947766
PNEU1,4342,110140,3947650
PNEU1,4343,110165,3947656
PNEU1,4344,110191,3947601
PNEU1,4345,110216,3947362
PNEU1,4346,110241,3947428
PNEU1,4347,110266,3948070
PNEU1,4348,110291,3947948
PNEU1,4349,110316,3947352
PNEU1,4350,110342,3947823
PNEU1,4351,110367,3947773
PNEU1,4352,110392,3947411
PNEU1,4353,110417,3947520
PNEU1,4354,110442,3947644
PNEU1,4355,110468,3947871
PNEU1,4356,110493,3948139
PNEU1,4357,110518,3947768
PNEU1,4358,110543,3947200
PNEU1,4359,110568,3947288
PNEU1,4360,110594,3947952
PNEU1,4361,110619,3947948
PNEU1,4362,110644,3947773
PNEU1,4363,110669,3947493
PNEU1,4364,110694,3946883
PNEU1,4365,110719,3947345
PNEU1,4366,110745,3947573
PNEU1,4367,110770,3947269
PNEU1,4368,110795,3947468
PNEU1,4369,110820,3947860
PNEU1,4370,110845,3947923
PNEU1,4371,110871,3947632
PNEU1,4372,110896,3947326
PNEU1,4373,110921,3947541
PNEU1,4374,110946,3947216
PNEU1,4375,110971,3947099
PNEU1,4376,110996,3947156
PNEU1,4377,111022,3948262
PNEU1,4378,111047,3948431
PNEU1,4379,111072,3948225
PNEU1,4380,111097,3948070
PNEU1,4381,111122,3947921
PNEU1,4382,111148,3947501
PNEU1,4383,111173,3947002
PNEU1,4384,111198,3947827
PNEU1,4385,111223,3948168
PNEU1,4386,111248,3947643
PNEU1,4387,111273,3947488
PNEU1,4388,111299,3947067
PNEU1,4389,111324,3947563
PNEU1,4390,111349,3948105
PNEU1,4391,111374,3947812
PNEU1,4392,111399,3947393
PNEU1,4393,111425,3947577
PNEU1,4394,111450,3948321
PNEU1,4395,111475,3948217
PNEU1,4396,111500,3947525
PNEU1,4397,111525,3947178
PNEU1,4398,111550,3947168
PNEU1,4399,111576,3947386
PNEU1,4400,111601,3947613
PNEU1,4401,111626,3947749
PNEU1,4402,111651,3947829
PNEU1,4403,111676,3947611
PNEU1,4404,111702,3947718
PNEU1,4405,111727,3947903
PNEU1,4406,111752,3947881
PNEU1,4407,111777,3947640
PNEU1,4408,111802,3947173
PNEU1,4409,111827,3947032
PNEU1,4410,111853,3947149
PNEU1,4411,111878,3947492
PNEU1,4412,111903,3948563
PNEU1,4413,111928,3948373
PNEU1,4414,111953,3948587
PNEU1,4415,111979,3947997
PNEU1,4416,112004,3947693
PNEU1,4417,112029,3947540
PNEU1,4418,112054,3947531
PNEU1,4419,112079,3948120
PNEU1,4420,112105,3947800
PNEU1,4421,112130,3947439
PNEU1,4422,112155,3947729
PNEU1,4423,112180,3947727
PNEU1,4424,112205,3947685
PNEU1,4425,112230,3947695
PNEU1,4426,112256,3947776
PNEU1,4427,112281,3947982
PNEU1,4428,112306,3948055
PNEU1,4429,112331,3947614
PNEU1,4430,112356,3947662
PNEU1,4431,112382,3947412
PNEU1,4432,112407,3948259
PNEU1,4433,112432,3948027
PNEU1,4434,112457,3947564
PNEU1,4435,112482,3947810
PNEU1,4436,112507,3947423
PNEU1,4437,112533,3947230
PNEU1,4438,112558,3947514
PNEU1,4439,112583,3947760
PNEU1,4440,112608,3947530
PNEU1,4441,112633,3947666
PNEU1,4442,112659,3947722
PNEU1,4443,112684,3947620
PNEU1,4444,112709,3947537
PNEU1,4445,112734,3947981
PNEU1,4446,112759,3947715
PNEU1,4447,112784,3947675
PNEU1,4448,112810,3947771
PNEU1,4449,112835,3947849
PNEU1,4450,112860,3947773
PNEU1,4451,112885,3948048
PNEU1,4452,112910,3948104
PNEU1,4453,112936,3948194
PNEU1,4454,112961,3947531
PNEU1,4455,112986,3947229
PNEU1,4456,113011,3947861
PNEU1,4457,113036,3947856
PNEU1,4458,113062,3947661
PNEU1,4459,113087,3948092
PNEU1,4460,113112,3948046
PNEU1,4461,113137,3948107
PNEU1,4462,113162,3947620
PNEU1,4463,113187,3947552
PNEU1,4464,113213,3947590
PNEU1,4465,113238,3947421
PNEU1,4466,113263,3947263
PNEU1,4467,113288,3947533
PNEU1,4468,113313,3947896
PNEU1,4469,113339,3947369
PNEU1,4470,113364,3947487
PNEU1,4471,113389,3947681
PNEU1,4472,113414,3947680
PNEU1,4473,113439,3947655
PNEU1,4474,113464,3947539
PNEU1,4475,113490,3947422
PNEU1,4476,113515,3947211
PNEU1,4477,113540,3947022
PNEU1,4478,113565,3947455
PNEU1,4479,113590,3947971
PNEU1,4480,113616,3948029
PNEU1,4481,113641,3947987
PNEU1,4482,113666,3947981
PNEU1,4483,113691,3947833
PNEU1,4484,113716,3947866
PNEU1,4485,113741,3947878
PNEU1,4486,113767,3947850
PNEU1,4487,113792,3948135
PNEU1,4488,113817,3948024
PNEU1,4489,113842,3948211
PNEU1,4490,113867,3947762
PNEU1,4491,113893,3948029
PNEU1,4492,113918,3948091
PNEU1,4493,113943,3948333
PNEU1,4494,113968,3948053
PNEU1,4495,113993,3947752
PNEU1,4496,114019,3947845
PNEU1,4497,114044,3947953
PNEU1,4498,114069,3947216
PNEU1,4499,114094,3947664
PNEU1,4500,114119,3948009
PNEU1,4501,114144,3947395
PNEU1,4502,114170,3947312
PNEU1,4503,114195,3947539
PNEU1,4504,114220,3947397
PNEU1,4505,114245,3947642
PNEU1,4506,114270,3947997
PNEU1,4507,114296,3948005
PNEU1,4508,114321,3947456
PNEU1,4509,114346,3947345
PNEU1,4510,114371,3947696
PNEU1,4511,114396,3947879
PNEU1,4512,114421,3948125
PNEU1,4513,114447,3948137
PNEU1,4514,114472,3947890
PNEU1,4515,114497,3947441
PNEU1,4516,114522,3947173
PNEU1,4517,114547,3947763
PNEU1,4518,114573,3948267
PNEU1,4519,114598,3947799
PNEU1,4520,114623,3947633
PNEU1,4521,114648,3947594
PNEU1,4522,114673,3947621
PNEU1,4523,114698,3947186
PNEU1,4524,114724,3947402
PNEU1,4525,114749,3947508
PNEU1,4526,114774,3947046
PNEU1,4527,114799,3947356
PNEU1,4528,114824,3947928
PNEU1,4529,114850,3948078
PNEU1,4530,114875,3947968
PNEU1,4531,114900,3948068
PNEU1,4532,114925,3948033
PNEU1,4533,114950,3947589
PNEU1,4534,114975,3947600
PNEU1,4535,115001,3947783
PNEU1,4536,115026,3947633
PNEU1,4537,115051,3947951
PNEU1,4538,115076,3947536
PNEU1,4539,115101,3947588
PNEU1,4540,115127,3947901
PNEU1,4541,115152,3947990
PNEU1,4542,115177,3947546
PNEU1,4543,115202,3947882
PNEU1,4544,115227,3948320
PNEU1,4545,115253,3947895
PNEU1,4546,115278,3947494
PNEU1,4547,115303,3947405
PNEU1,4548,115328,3947620
PNEU1,4549,115353,3947544
PNEU1,4550,115378,3947842
PNEU1,4551,115404,3948089
PNEU1,4552,115429,3948039
PNEU1,4553,115454,3947441
PNEU1,4554,115479,3947187
PNEU1,4555,115504,3947367
PNEU1,4556,115530,3947876
PNEU1,4557,115555,3947740
PNEU1,4558,115580,3947450
PNEU1,4559,115605,3947924
PNEU1,4560,115630,3947621
PNEU1,4561,115656,3947704
PNEU1,4562,115681,3947600
PNEU1,4563,115706,3948215
PNEU1,4564,115731,3947968
PNEU1,4565,115756,3947908
PNEU1,4566,115781,3948030
PNEU1,4567,115807,3948152
PNEU1,4568,115832,3948085
PNEU1,4569,115857,3947788
PNEU1,4570,115882,3947229
PNEU1,4571,115907,3947583
PNEU1,4572,115933,3947930
PNEU1,4573,115958,3947718
PNEU1,4574,115983,3948035
PNEU1,4575,116008,3947861
PNEU1,4576,116033,3947944
PNEU1,4577,116059,3947756
PNEU1,4578,116084,3947350
PNEU1,4579,116109,3947511
PNEU1,4580,116134,3947620
PNEU1,4581,116159,3947852
PNEU1,4582,116184,3948028
PNEU1,4583,116210,3947754
PNEU1,4584,116235,3947393
PNEU1,4585,116260,3947457
PNEU1,4586,116285,3948011
PNEU1,4587,116310,3948042
PNEU1,4588,116336,3947822
PNEU1,4589,116361,3947885
PNEU1,4590,116386,3947751
PNEU1,4591,116411,3947605
PNEU1,4592,116436,3947615
PNEU1,4593,116462,3947550
PNEU1,4594,116487,3947721
PNEU1,4595,116512,3947927
PNEU1,4596,116537,3947525
PNEU1,4597,116562,3947386
PNEU1,4598,116587,3947490
PNEU1,4599,116613,3947576
PNEU1,4600,116638,3947770
PNEU1,4601,116663,3946991
PNEU1,4602,116688,3947154
PNEU1,4603,116713,3947509
PNEU1,4604,116739,3947100
PNEU1,4605,116764,3947009
PNEU1,4606,116789,3947187
PNEU1,4607,116814,3947635
PNEU1,4608,116839,3947458
PNEU1,4609,116864,3947262
PNEU1,4610,116890,3947473
PNEU1,4611,116915,3947421
PNEU1,4612,116940,3947186
PNEU1,4613,116965,3947546
PNEU1,4614,116990,3948132
PNEU1,4615,117016,3948341
PNEU1,4616,117041,3947762
PNEU1,4617,117066,3947300
PNEU1,4618,117091,3947185
PNEU1,4619,117116,3947340
PNEU1,4620,117142,3947229
PNEU1,4621,117167,3946878
PNEU1,4622,117192,3947229
PNEU1,4623,117217,3947652
PNEU1,4624,117242,3947679
PNEU1,4625,117267,3947683
PNEU1,4626,117293,3947357
PNEU1,4627,117318,3947314
PNEU1,4628,117343,3947638
PNEU1,4629,117368,3947827
PNEU1,4630,117393,3947314
PNEU1,4631,117419,3947663
PNEU1,4632,117444,3947595
PNEU1,4633,117469,3947502
PNEU1,4634,117494,3947627
PNEU1,4635,117519,3947609
PNEU1,4636,117544,3947348
PNEU1,4637,117570,3947481
PNEU1,4638,117595,3947373
PNEU1,4639,117620,3946925
PNEU1,4640,117645,3946931
PNEU1,4641,117670,3946952
PNEU1,4642,117696,3947478
PNEU1,4643,117721,3947104
PNEU1,4644,117746,3947052
PNEU1,4645,117771,3947699
PNEU1,4646,117796,3947937
PNEU1,4647,117822,3947692
PNEU1,4648,117847,3947513
PNEU1,4649,117872,3947401
PNEU1,4650,117897,3947870
PNEU1,4651,117922,3948180
PNEU1,4652,117947,3947566
PNEU1,4653,117973,3947587
PNEU1,4654,117998,3947276
PNEU1,4655,118023,3947267
PNEU1,4656,118048,3948003
PNEU1,4657,118073,3948000
PNEU1,4658,118099,3947469
PNEU1,4659,118124,3947569
PNEU1,4660,118149,3948285
PNEU1,4661,118174,3947840
PNEU1,4662,118199,3947684
PNEU1,4663,118225,3947296
PNEU1,4664,118250,3947286
PNEU1,4665,118275,3947255
PNEU1,4666,118300,3947799
PNEU1,4667,118325,3947357
PNEU1,4668,118350,3947166
PNEU1,4669,118376,3947458
PNEU1,4670,118401,3947395
PNEU1,4671,118426,3948068
PNEU1,4672,118451,3947826
PNEU1,4673,118476,3947519
PNEU1,4674,118502,3948041
PNEU1,4675,118527,3947534
PNEU1,4676,118552,3947228
PNEU1,4677,118577,3947700
PNEU1,4678,118602,3947534
PNEU1,4679,118628,3947264
PNEU1,4680,118653,3947279
PNEU1,4681,118678,3947669
PNEU1,4682,118703,3947672
PNEU1,4683,118728,3947356
PNEU1,4684,118753,3947554
PNEU1,4685,118779,3947685
PNEU1,4686,118804,3947702
PNEU1,4687,118829,3947946
PNEU1,4688,118854,3947714
PNEU1,4689,118879,3947388
PNEU1,4690,118905,3947135
PNEU1,4691,118930,3946425
PNEU1,4692,118955,3947015
PNEU1,4693,118980,3947563
PNEU1,4694,119005,3947247
PNEU1,4695,119031,3947764
PNEU1,4696,119056,3947834
PNEU1,4697,119081,3947884
PNEU1,4698,119106,3947749
PNEU1,4699,119131,3947815
PNEU1,4700,119156,3947796
PNEU1,4701,119182,3947623
PNEU1,4702,119207,3947514
PNEU1,4703,119232,3947494
PNEU1,4704,119257,3947226
PNEU1,4705,119282,3947469
PNEU1,4706,119308,3947271
PNEU1,4707,119333,3946938
PNEU1,4708,119358,3947670
PNEU1,4709,119383,3948233
PNEU1,4710,119408,3947614
PNEU1,4711,119434,3946984
PNEU1,4712,119459,3947581
PNEU1,4713,119484,3947631
PNEU1,4714,119509,3947503
PNEU1,4715,119534,3947569
PNEU1,4716,119559,3947507
PNEU1,4717,119585,3947754
PNEU1,4718,119610,3947751
PNEU1,4719,119635,3947512
PNEU1,4720,119660,3947725
PNEU1,4721,119685,3947153
PNEU1,4722,119711,3947336
PNEU1,4723,119736,3947930
PNEU1,4724,119761,3947942
PNEU1,4725,119786,3947901
PNEU1,4726,119811,3947682
PNEU1,4727,119837,3947543
PNEU1,4728,119862,3947441
PNEU1,4729,119887,3947610
PNEU1,4730,119912,3947825
PNEU1,4731,119937,3947622
PNEU1,4732,119962,3947680
PNEU1,4733,119988,3947839
PNEU1,4734,120013,3947680
PNEU1,4735,120038,3947939
PNEU1,4736,120063,3947626
PNEU1,4737,120088,3947364
PNEU1,4738,120114,3947419
PNEU1,4739,120139,3947509
PNEU1,4740,120164,3947793
PNEU1,4741,120189,3947461
PNEU1,4742,120214,3947605
PNEU1,4743,120240,3947802
PNEU1,4744,120265,3947880
PNEU1,4745,120290,3947657
PNEU1,4746,120315,3947945
PNEU1,4747,120340,3947955
PNEU1,4748,120365,3947535
PNEU1,4749,120391,3947835
PNEU1,4750,120416,3947993
PNEU1,4751,120441,3947810
PNEU1,4752,120466,3947436
PNEU1,4753,120491,3947170
PNEU1,4754,120517,3947275
PNEU1,4755,120542,3947476
PNEU1,4756,120567,3947720
PNEU1,4757,120592,3947674
PNEU1,4758,120617,3947149
PNEU1,4759,120643,3947675
PNEU1,4760,120668,3948151
PNEU1,4761,120693,3948663
PNEU1,4762,120718,3948456
PNEU1,4763,120743,3947895
PNEU1,4764,120769,3947635
PNEU1,4765,120794,3947426
PNEU1,4766,120819,3947525
PNEU1,4767,120844,3947609
PNEU1,4768,120869,3947628
PNEU1,4769,120894,3947669
PNEU1,4770,120920,3948072
PNEU1,4771,120945,3947815
PNEU1,4772,120970,3947624
PNEU1,4773,120995,3947849
PNEU1,4774,121020,3947527
PNEU1,4775,121046,3947202
PNEU1,4776,121071,3947689
PNEU1,4777,121096,3947796
PNEU1,4778,121121,3948206
PNEU1,4779,121146,3947946
PNEU1,4780,121172,3947546
PNEU1,4781,121197,3947704
PNEU1,4782,121222,3947614
PNEU1,4783,121247,3947304
PNEU1,4784,121272,3947688
PNEU1,4785,121297,3947905
PNEU1,4786,121323,3947501
PNEU1,4787,121348,3947465
PNEU1,4788,121373,3947728
PNEU1,4789,121398,3947588
PNEU1,4790,121423,3947446
PNEU1,4791,121449,3947524
PNEU1,4792,121474,3947486
PNEU1,4793,121499,3947963
PNEU1,4794,121524,3948031
PNEU1,4795,121549,3947990
PNEU1,4796,121574,3948500
PNEU1,4797,121600,3947969
PNEU1,4798,121625,3947697
PNEU1,4799,121650,3947657
PNEU1,4800,121675,3947511
PNEU1,4801,121700,3947381
PNEU1,4802,121726,3947715
PNEU1,4803,121751,3947681
PNEU1,4804,121776,3947606
PNEU1,4805,121801,3947456
PNEU1,4806,121826,3947801
PNEU1,4807,121852,3947748
PNEU1,4808,121877,3948195
PNEU1,4809,121902,3948049
PNEU1,4810,121927,3947834
PNEU1,4811,121952,3948031
PNEU1,4812,121977,3947960
PNEU1,4813,122003,3947976
PNEU1,4814,122028,3947329
PNEU1,4815,122053,3947468
PNEU1,4816,122078,3947503
PNEU1,4817,122103,3947722
PNEU1,4818,122129,3947596
PNEU1,4819,122154,3947608
PNEU1,4820,122179,3947610
PNEU1,4821,122204,3947438
PNEU1,4822,122229,3947360
PNEU1,4823,122254,3948073
PNEU1,4824,122280,3948137
PNEU1,4825,122305,3947619
PNEU1,4826,122330,3947155
PNEU1,4827,122355,3947464
PNEU1,4828,122380,3947167
PNEU1,4829,122406,3947397
PNEU1,4830,122431,3948093
PNEU1,4831,122456,3947780
PNEU1,4832,122481,3947555
PNEU1,4833,122506,3947215
PNEU1,4834,122532,3947589
PNEU1,4835,122557,3947750
PNEU1,4836,122582,3947590
PNEU1,4837,122607,3947498
PNEU1,4838,122632,3947467
PNEU1,4839,122657,3947563
PNEU1,4840,122683,3947730
PNEU1,4841,122708,3947451
PNEU1,4842,122733,3947217
PNEU1,4843,122758,3946966
PNEU1,4844,122783,3947411
PNEU1,4845,122809,3948013
PNEU1,4846,122834,3947874
PNEU1,4847,122859,3947677
PNEU1,4848,122884,3947369
PNEU1,4849,122909,3947633
PNEU1,4850,122934,3947071
PNEU1,4851,122960,3947150
PNEU1,4852,122985,3947508
PNEU1,4853,123010,3947192
PNEU1,4854,123035,3947729
PNEU1,4855,123060,3948196
PNEU1,4856,123086,3948181
PNEU1,4857,123111,3947936
PNEU1,4858,123136,3947306
PNEU1,4859,123161,3947659
PNEU1,4860,123186,3947493
PNEU1,4861,123212,3947815
PNEU1,4862,123237,3947952
PNEU1,4863,123262,3948110
PNEU1,4864,123287,3947939
PNEU1,4865,123312,3947331
PNEU1,4866,123337,3947437
PNEU1,4867,123363,3947664
PNEU1,4868,123388,3947885
PNEU1,4869,123413,3947900
PNEU1,4870,123438,3947515
PNEU1,4871,123463,3947727
PNEU1,4872,123489,3947456
PNEU1,4873,123514,3947730
PNEU1,4874,123539,3948009
PNEU1,4875,123564,3947626
PNEU1,4876,123589,3947721
PNEU1,4877,123615,3947994
PNEU1,4878,123640,3948098
PNEU1,4879,123665,3948179
PNEU1,4880,123690,3947856
PNEU1,4881,123715,3948138
PNEU1,4882,123741,3948044
PNEU1,4883,123766,3947964
PNEU1,4884,123791,3947992
PNEU1,4885,123816,3947853
PNEU1,4886,123841,3948007
PNEU1,4887,123866,3947767
PNEU1,4888,123892,3947518
PNEU1,4889,123917,3947208
PNEU1,4890,123942,3947287
PNEU1,4891,123967,3947257
PNEU1,4892,123992,3947884
PNEU1,4893,124018,3947955
PNEU1,4894,124043,3947353
PNEU1,4895,124068,3947802
PNEU1,4896,124093,3947798
PNEU1,4897,124118,3947638
PNEU1,4898,124144,3948025
PNEU1,4899,124169,3947860
PNEU1,4900,124194,3947550
PNEU1,4901,124219,3947265
PNEU1,4902,124244,3947322
PNEU1,4903,124269,3947485
PNEU1,4904,124295,3947743
PNEU1,4905,124320,3947527
PNEU1,4906,124345,3947640
PNEU1,4907,124370,3947831
PNEU1,4908,124395,3948191
PNEU1,4909,124421,3948220
PNEU1,4910,124446,3947631
PNEU1,4911,124471,3947874
PNEU1,4912,124496,3947660
PNEU1,4913,124521,3947109
PNEU1,4914,124547,3947750
PNEU1,4915,124572,3947730
PNEU1,4916,124597,3947431
PNEU1,4917,124622,3947359
PNEU1,4918,124647,3947652
PNEU1,4919,124673,3947651
PNEU1,4920,124698,3947792
PNEU1,4921,124723,3947450
PNEU1,4922,124748,3947305
PNEU1,4923,124773,3947505
PNEU1,4924,124798,3947533
PNEU1,4925,124824,3947905
PNEU1,4926,124849,3948049
PNEU1,4927,124874,3947777
PNEU1,4928,124899,3947233
PNEU1,4929,124924,3946871
PNEU1,4930,124950,3947002
PNEU1,4931,124975,3947317
PNEU1,4932,125000,3947583
PNEU1,4933,125025,3947625
PNEU1,4934,125050,3947636
PNEU1,4935,125076,3947872
PNEU1,4936,125101,3947508
PNEU1,4937,125126,3947526
PNEU1,4938,125151,3947295
PNEU1,4939,125176,3946985
PNEU1,4940,125202,3947060
PNEU1,4941,125227,3947649
PNEU1,4942,125252,3947815
PNEU1,4943,125277,3947830
PNEU1,4944,125302,3947898
PNEU1,4945,125327,3947981
PNEU1,4946,125353,3947820
PNEU1,4947,125378,3947518
PNEU1,4948,125403,3947363
PNEU1,4949,125428,3947114
PNEU1,4950,125453,3947188
PNEU1,4951,125479,3947462
PNEU1,4952,125504,3947406
PNEU1,4953,125529,3947493
PNEU1,4954,125554,3947670
PNEU1,4955,125579,3947263
PNEU1,4956,125605,3947379
PNEU1,4957,125630,3947210
PNEU1,4958,125655,3947409
PNEU1,4959,125680,3947629
PNEU1,4960,125705,3947698
PNEU1,4961,125730,3947502
PNEU1,4962,125756,3947598
PNEU1,4963,125781,3948014
PNEU1,4964,125806,3947784
PNEU1,4965,125831,3947777
PNEU1,4966,125856,3947641
PNEU1,4967,125882,3947883
PNEU1,4968,125907,3948115
PNEU1,4969,125932,3947925
PNEU1,4970,125957,3947627
PNEU1,4971,125982,3947608
PNEU1,4972,126008,3947636
PNEU1,4973,126033,3947407
PNEU1,4974,126058,3947555
PNEU1,4975,126083,3947534
PNEU1,4976,126108,3947326
PNEU1,4977,126133,3947413
PNEU1,4978,126159,3947633
PNEU1,4979,126184,3947860
PNEU1,4980,126209,3948079
PNEU1,4981,126234,3947856
PNEU1,4982,126259,3947565
PNEU1,4983,126285,3947441
PNEU1,4984,126310,3947335
PNEU1,4985,126335,3947728
PNEU1,4986,126360,3947569
PNEU1,4987,126385,3947172
PNEU1,4988,126411,3947509
PNEU1,4989,126436,3947669
PNEU1,4990,126461,3947779
PNEU1,4991,126486,3947442
PNEU1,4992,126511,3947254
PNEU1,4993,126536,3947481
PNEU1,4994,126562,3948034
PNEU1,4995,126587,3948201
PNEU1,4996,126612,3947926
PNEU1,4997,126637,3947612
PNEU1,4998,126662,3947397
PNEU1,4999,126688,3947377
PNEU1,5000,126713,3947364
PNEU1,5001,126738,3947324
PNEU1,5002,126763,3946957
PNEU1,5003,126788,3947125
PNEU1,5004,126814,3947263
PNEU1,5005,126839,3947037
PNEU1,5006,126864,3948050
PNEU1,5007,126889,3947996
PNEU1,5008,126914,3948153
PNEU1,5009,126939,3948061
PNEU1,5010,126965,3947753
PNEU1,5011,126990,3947421
PNEU1,5012,127015,3947533
PNEU1,5013,127040,3947998
PNEU1,5014,127065,3948180
PNEU1,5015,127091,3947862
PNEU1,5016,127116,3947589
PNEU1,5017,127141,3947636
PNEU1,5018,127166,3947813
PNEU1,5019,127191,3947580
PNEU1,5020,127217,3947228
PNEU1,5021,127242,3947579
PNEU1,5022,127267,3947472
PNEU1,5023,127292,3946929
PNEU1,5024,127317,3946970
PNEU1,5025,127342,3947046
PNEU1,5026,127368,3946998
PNEU1,5027,127393,3947513
PNEU1,5028,127418,3948060
PNEU1,5029,127443,3948237
PNEU1,5030,127468,3947794
PNEU1,5031,127494,3947513
PNEU1,5032,127519,3947150
PNEU1,5033,127544,3946842
PNEU1,5034,127569,3946973
PNEU1,5035,127594,3947297
PNEU1,5036,127619,3947491
PNEU1,5037,127645,3947596
PNEU1,5038,127670,3947661
PNEU1,5039,127695,3947693
PNEU1,5040,127720,3947486
PNEU1,5041,127745,3947510
PNEU1,5042,127771,3947618
PNEU1,5043,127796,3947755
PNEU1,5044,127821,3947496
PNEU1,5045,127846,3947377
PNEU1,5046,127871,3947066
PNEU1,5047,127897,3947343
PNEU1,5048,127922,3947672
PNEU1,5049,127947,3947672
PNEU1,5050,127972,3947372
PNEU1,5051,127997,3947574
PNEU1,5052,128022,3947622
PNEU1,5053,128048,3947084
PNEU1,5054,128073,3947485
PNEU1,5055,128098,3947901
PNEU1,5056,128123,3947700
PNEU1,5057,128148,3947901
PNEU1,5058,128174,3947995
PNEU1,5059,128199,3947274
PNEU1,5060,128224,3947181
PNEU1,5061,128249,3947416
PNEU1,5062,128274,3947460
PNEU1,5063,128300,3947685
PNEU1,5064,128325,3947894
PNEU1,5065,128350,3947854
PNEU1,5066,128375,3947666
PNEU1,5067,128400,3947243
PNEU1,5068,128425,3947718
PNEU1,5069,128451,3947099
PNEU1,5070,128476,3947093
PNEU1,5071,128501,3947541
PNEU1,5072,128526,3947694
PNEU1,5073,128551,3947575
PNEU1,5074,128577,3947224
PNEU1,5075,128602,3947656
PNEU1,5076,128627,3947249
PNEU1,5077,128652,3947393
PNEU1,5078,128677,3947979
PNEU1,5079,128703,3947642
PNEU1,5080,128728,3947427
PNEU1,5081,128753,3947848
PNEU1,5082,128778,3948057
PNEU1,5083,128803,3947791
PNEU1,5084,128828,3947790
PNEU1,5085,128854,3947933
PNEU1,5086,128879,3947704
PNEU1,5087,128904,3948108
PNEU1,5088,128929,3947409
PNEU1,5089,128954,3947107
PNEU1,5090,128980,3947050
PNEU1,5091,129005,3947739
PNEU1,5092,129030,3948068
PNEU1,5093,129055,3947239
PNEU1,5094,129080,3946488
PNEU1,5095,129106,3947511
PNEU1,5096,129131,3947947
PNEU1,5097,129156,3947496
PNEU1,5098,129181,3947663
PNEU1,5099,129206,3947530
PNEU1,5100,129232,3947280
PNEU1,5101,129257,3947485
PNEU1,5102,129282,3947777
PNEU1,5103,129307,3947911
PNEU1,5104,129332,3947433
PNEU1,5105,129357,3947696
PNEU1,5106,129383,3947837
PNEU1,5107,129408,3947879
PNEU1,5108,129433,3948175
PNEU1,5109,129458,3947814
PNEU1,5110,129483,3947324
PNEU1,5111,129509,3947492
PNEU1,5112,129534,3947552
PNEU1,5113,129559,3947380
PNEU1,5114,129584,3947875
PNEU1,5115,129609,3947482
PNEU1,5116,129635,3947542
PNEU1,5117,129660,3947543
PNEU1,5118,129685,3947099
PNEU1,5119,129710,3947191
PNEU1,5120,129735,3947418
PNEU1,5121,129760,3947918
PNEU1,5122,129786,3947733
PNEU1,5123,129811,3947525
PNEU1,5124,129836,3947317
PNEU1,5125,129861,3947605
PNEU1,5126,129886,3947933
PNEU1,5127,129912,3947770
PNEU1,5128,129937,3947519
PNEU1,5129,129962,3947696
PNEU1,5130,129987,3947813
PNEU1,5131,130012,3948225
PNEU1,5132,130038,3948115
PNEU1,5133,130063,3947677
PNEU1,5134,130088,3947840
PNEU1,5135,130113,3948048
PNEU1,5136,130138,3947848
PNEU1,5137,130163,3948040
PNEU1,5138,130189,3948402
PNEU1,5139,130214,3948297
PNEU1,5140,130239,3948012
PNEU1,5141,130264,3947324
PNEU1,5142,130289,3947593
PNEU1,5143,130315,3947881
PNEU1,5144,130340,3947554
PNEU1,5145,130365,3947423
PNEU1,5146,130390,3947668
PNEU1,5147,130415,3947417
PNEU1,5148,130440,3947050
PNEU1,5149,130466,3947089
PNEU1,5150,130491,3947427
PNEU1,5151,130516,3947792
PNEU1,5152,130541,3947782
PNEU1,5153,130566,3947393
PNEU1,5154,130592,3947319
PNEU1,5155,130617,3947439
PNEU1,5156,130642,3947161
PNEU1,5157,130667,3947453
PNEU1,5158,130692,3947221
PNEU1,5159,130717,3947214
PNEU1,5160,130743,3947436
PNEU1,5161,130768,3947054
PNEU1,5162,130793,3947303
PNEU1,5163,130818,3947457
PNEU1,5164,130843,3947465
PNEU1,5165,130869,3947619
PNEU1,5166,130894,3947803
PNEU1,5167,130919,3947187
PNEU1,5168,130944,3947137
PNEU1,5169,130969,3946989
PNEU1,5170,130995,3946972
PNEU1,5171,131020,3946926
PNEU1,5172,131045,3947773
PNEU1,5173,131070,3947902
PNEU1,5174,131095,3948080
PNEU1,5175,131120,3948156
PNEU1,5176,131146,3947494
PNEU1,5177,131171,3947203
PNEU1,5178,131196,3947367
PNEU1,5179,131221,3947719
PNEU1,5180,131246,3947757
PNEU1,5181,131272,3947739
PNEU1,5182,131297,3947370
PNEU1,5183,131322,3947132
PNEU1,5184,131347,3947337
PNEU1,5185,131372,3947504
PNEU1,5186,131397,3947290
PNEU1,5187,131423,3947267
PNEU1,5188,131448,3947797
PNEU1,5189,131473,3947922
PNEU1,5190,131498,3947445
PNEU1,5191,131523,3947757
PNEU1,5192,131549,3947882
PNEU1,5193,131574,3947522
PNEU1,5194,131599,3947558
PNEU1,5195,131624,3947355
PNEU1,5196,131649,3947298
PNEU1,5197,131674,3947889
PNEU1,5198,131700,3947782
PNEU1,5199,131725,3947318
PNEU1,5200,131750,3947215
PNEU1,5201,131775,3946909
PNEU1,5202,131800,3946506
PNEU1,5203,131826,3947047
PNEU1,5204,131851,3947343
PNEU1,5205,131876,3947367
PNEU1,5206,131901,3947634
PNEU1,5207,131926,3947608
PNEU1,5208,131951,3948014
PNEU1,5209,131977,3948291
PNEU1,5210,132002,3948159
PNEU1,5211,132027,3947646
PNEU1,5212,132052,3947575
PNEU1,5213,132077,3947419
PNEU1,5214,132103,3946857
PNEU1,5215,132128,3947211
PNEU1,5216,132153,3947731
PNEU1,5217,132178,3948008
PNEU1,5218,132203,3947654
PNEU1,5219,132229,3947424
PNEU1,5220,132254,3947508
PNEU1,5221,132279,3947251
PNEU1,5222,132304,3947275
PNEU1,5223,132329,3947003
PNEU1,5224,132354,3946982
PNEU1,5225,132380,3947604
PNEU1,5226,132405,3947487
PNEU1,5227,132430,3947511
PNEU1,5228,132455,3947376
PNEU1,5229,132480,3947431
PNEU1,5230,132506,3947382
PNEU1,5231,132531,3947879
PNEU1,5232,132556,3947804
PNEU1,5233,132581,3947334
PNEU1,5234,132606,3947640
PNEU1,5235,132631,3947661
PNEU1,5236,132657,3947515
PNEU1,5237,132682,3947542
PNEU1,5238,132707,3947387
PNEU1,5239,132732,3947415
PNEU1,5240,132757,3947391
PNEU1,5241,132783,3947253
PNEU1,5242,132808,3947880
PNEU1,5243,132833,3947864
PNEU1,5244,132858,3947729
PNEU1,5245,132883,3947631
PNEU1,5246,132908,3947706
PNEU1,5247,132934,3947055
PNEU1,5248,132959,3947123
PNEU1,5249,132984,3947422
PNEU1,5250,133009,3947156
PNEU1,5251,133034,3947144
PNEU1,5252,133060,3947479
PNEU1,5253,133085,3947340
PNEU1,5254,133110,3947557
PNEU1,5255,133135,3947494
PNEU1,5256,133160,3947469
PNEU1,5257,133186,3947203
PNEU1,5258,133211,3947038
PNEU1,5259,133236,3947395
PNEU1,5260,133261,3947596
PNEU1,5261,133286,3947266
PNEU1,5262,133311,3947268
PNEU1,5263,133337,3947462
PNEU1,5264,133362,3947867
PNEU1,5265,133387,3947754
PNEU1,5266,133412,3947354
PNEU1,5267,133437,3947504
PNEU1,5268,133463,3947555
PNEU1,5269,133488,3947138
PNEU1,5270,133513,3947444
PNEU1,5271,133538,3947738
PNEU1,5272,133563,3947725
PNEU1,5273,133588,3948328
PNEU1,5274,133614,3948472
PNEU1,5275,133639,3947513
PNEU1,5276,133664,3947345
PNEU1,5277,133689,3947838
PNEU1,5278,133714,3947532
PNEU1,5279,133740,3947397
PNEU1,5280,133765,3947515
PNEU1,5281,133790,3947800
PNEU1,5282,133815,3947890
PNEU1,5283,133840,3948257
PNEU1,5284,133866,3948307
PNEU1,5285,133891,3947900
PNEU1,5286,133916,3947588
PNEU1,5287,133941,3947649
PNEU1,5288,133966,3947741
PNEU1,5289,133991,3947174
PNEU1,5290,134017,3947315
PNEU1,5291,134042,3947380
PNEU1,5292,134067,3947312
PNEU1,5293,134092,3947228
PNEU1,5294,134117,3947402
PNEU1,5295,134143,3947582
PNEU1,5296,134168,3947820
PNEU1,5297,134193,3947807
PNEU1,5298,134218,3947807
PNEU1,5299,134243,3947759
PNEU1,5300,134268,3947601
PNEU1,5301,134294,3947305
PNEU1,5302,134319,3947310
PNEU1,5303,134344,3947429
PNEU1,5304,134369,3947429
PNEU1,5305,134394,3947788
PNEU1,5306,134420,3947778
PNEU1,5307,134445,3947598
PNEU1,5308,134470,3947652
PNEU1,5309,134495,3947601
PNEU1,5310,134520,3947669
PNEU1,5311,134546,3947090
PNEU1,5312,134571,3947198
PNEU1,5313,134596,3947658
PNEU1,5314,134621,3947123
PNEU1,5315,134646,3947227
PNEU1,5316,134671,3947542
PNEU1,5317,134697,3948036
PNEU1,5318,134722,3947515
PNEU1,5319,134747,3947548
PNEU1,5320,134772,3948178
PNEU1,5321,134797,3947899
PNEU1,5322,134823,3947241
PNEU1,5323,134848,3947787
PNEU1,5324,134873,3947139
PNEU1,5325,134898,3947194
PNEU1,5326,134923,3947844
PNEU1,5327,134948,3947741
PNEU1,5328,134974,3947413
PNEU1,5329,134999,3947328
PNEU1,5330,135024,3947046
PNEU1,5331,135049,3947449
PNEU1,5332,135074,3947156
PNEU1,5333,135100,3947626
PNEU1,5334,135125,3947834
PNEU1,5335,135150,3947830
PNEU1,5336,135175,3947499
PNEU1,5337,135200,3947737
PNEU1,5338,135226,3947526
PNEU1,5339,135251,3947161
PNEU1,5340,135276,3947105
PNEU1,5341,135301,3947117
PNEU1,5342,135326,3947329
PNEU1,5343,135351,3947674
PNEU1,5344,135377,3947797
PNEU1,5345,135402,3947525
PNEU1,5346,135427,3947699
PNEU1,5347,135452,3947553
PNEU1,5348,135477,3947870
PNEU1,5349,135503,3947914
PNEU1,5350,135528,3947474
PNEU1,5351,135553,3947553
PNEU1,5352,135578,3947223
PNEU1,5353,135603,3947663
PNEU1,5354,135628,3947575
PNEU1,5355,135654,3947635
PNEU1,5356,135679,3947893
PNEU1,5357,135704,3947568
PNEU1,5358,135729,3947180
PNEU1,5359,135754,3947374
PNEU1,5360,135780,3947248
PNEU1,5361,135805,3947551
PNEU1,5362,135830,3947980
PNEU1,5363,135855,3947705
PNEU1,5364,135880,3947700
PNEU1,5365,135905,3947501
PNEU1,5366,135931,3947712
PNEU1,5367,135956,3947788
PNEU1,5368,135981,3947525
PNEU1,5369,136006,3947562
PNEU1,5370,136031,3947264
PNEU1,5371,136057,3947397
PNEU1,5372,136082,3946903
PNEU1,5373,136107,3946903
PNEU1,5374,136132,3947278
PNEU1,5375,136157,3947159
PNEU1,5376,136183,3947428
PNEU1,5377,136208,3947878
PNEU1,5378,136233,3947761
PNEU1,5379,136258,3947626
PNEU1,5380,136283,3947629
PNEU1,5381,136308,3947887
PNEU1,5382,136334,3947417
PNEU1,5383,136359,3947429
PNEU1,5384,136384,3947345
PNEU1,5385,136409,3947278
PNEU1,5386,136434,3947565
PNEU1,5387,136460,3947768
PNEU1,5388,136485,3947587
PNEU1,5389,136510,3947599
PNEU1,5390,136535,3947730
PNEU1,5391,136560,3947264
PNEU1,5392,136585,3947606
PNEU1,5393,136611,3947372
PNEU1,5394,136636,3947352
PNEU1,5395,136661,3947312
PNEU1,5396,136686,3947415
PNEU1,5397,136711,3947375
PNEU1,5398,136737,3947585
PNEU1,5399,136762,3947552
PNEU1,5400,136787,3947566
PNEU1,5401,136812,3947701
PNEU1,5402,136837,3947771
PNEU1,5403,136863,3947095
PNEU1,5404,136888,3947016
PNEU1,5405,136913,3947599
PNEU1,5406,136938,3947299
PNEU1,5407,136963,3947081
PNEU1,5408,136988,3947822
PNEU1,5409,137014,3947865
PNEU1,5410,137039,3947624
PNEU1,5411,137064,3947408
PNEU1,5412,137089,3947512
PNEU1,5413,137114,3947286
PNEU1,5414,137140,3947250
PNEU1,5415,137165,3947669
PNEU1,5416,137190,3947274
PNEU1,5417,137215,3947218
PNEU1,5418,137240,3947461
PNEU1,5419,137265,3947198
PNEU1,5420,137291,3947630
PNEU1,5421,137316,3947467
PNEU1,5422,137341,3947283
PNEU1,5423,137366,3947527
PNEU1,5424,137391,3947293
PNEU1,5425,137417,3947283
PNEU1,5426,137442,3947473
PNEU1,5427,137467,3948036
PNEU1,5428,137492,3947802
PNEU1,5429,137517,3947453
PNEU1,5430,137542,3947481
PNEU1,5431,137568,3948122
PNEU1,5432,137593,3947838
PNEU1,5433,137618,3947090
PNEU1,5434,137643,3947402
PNEU1,5435,137668,3947329
PNEU1,5436,137694,3947239
PNEU1,5437,137719,3947537
PNEU1,5438,137744,3947533
PNEU1,5439,137769,3947508
PNEU1,5440,137794,3947113
PNEU1,5441,137819,3947195
PNEU1,5442,137845,3947768
PNEU1,5443,137870,3947979
PNEU1,5444,137895,3947715
PNEU1,5445,137920,3947660
PNEU1,5446,137945,3947716
PNEU1,5447,137971,3947440
PNEU1,5448,137996,3947264
PNEU1,5449,138021,3947210
PNEU1,5450,138046,3947072
PNEU1,5451,138071,3947265
PNEU1,5452,138096,3947573
PNEU1,5453,138122,3947625
PNEU1,5454,138147,3947491
PNEU1,5455,138172,3947530
PNEU1,5456,138197,3947689
PNEU1,5457,138222,3947328
PNEU1,5458,138248,3947146
PNEU1,5459,138273,3947645
PNEU1,5460,138298,3947422
PNEU1,5461,138323,3947572
PNEU1,5462,138348,3947501
PNEU1,5463,138374,3947477
PNEU1,5464,138399,3947644
PNEU1,5465,138424,3947504
PNEU1,5466,138449,3947871
PNEU1,5467,138474,3947596
PNEU1,5468,138499,3947031
PNEU1,5469,138525,3947410
PNEU1,5470,138550,3947364
PNEU1,5471,138575,3947356
PNEU1,5472,138600,3947653
PNEU1,5473,138625,3947635
PNEU1,5474,138651,3947353
PNEU1,5475,138676,3947365
PNEU1,5476,138701,3947537
PNEU1,5477,138726,3947474
PNEU1,5478,138751,3946948
PNEU1,5479,138776,3947456
PNEU1,5480,138802,3947529
PNEU1,5481,138827,3947349
PNEU1,5482,138852,3947573
PNEU1,5483,138877,3947732
PNEU1,5484,138902,3947226
PNEU1,5485,138928,3947187
PNEU1,5486,138953,3947878
PNEU1,5487,138978,3948004
PNEU1,5488,139003,3947833
PNEU1,5489,139028,3947748
PNEU1,5490,139054,3947599
PNEU1,5491,139079,3947404
PNEU1,5492,139104,3947219
PNEU1,5493,139129,3947128
PNEU1,5494,139154,3947282
PNEU1,5495,139179,3947162
PNEU1,5496,139205,3947691
PNEU1,5497,139230,3947345
PNEU1,5498,139255,3947500
PNEU1,5499,139280,3947740
PNEU1,5500,139305,3947589
PNEU1,5501,139331,3947842
PNEU1,5502,139356,3947588
PNEU1,5503,139381,3947398
PNEU1,5504,139406,3946912
PNEU1,5505,139431,3946964
PNEU1,5506,139457,3947167
PNEU1,5507,139482,3947348
PNEU1,5508,139507,3947562
PNEU1,5509,139532,3947900
PNEU1,5510,139557,3947834
PNEU1,5511,139582,3947446
PNEU1,5512,139608,3947238
PNEU1,5513,139633,3947626
PNEU1,5514,139658,3947823
PNEU1,5515,139683,3947233
PNEU1,5516,139708,3947097
PNEU1,5517,139734,3947394
PNEU1,5518,139759,3947652
PNEU1,5519,139784,3947971
PNEU1,5520,139809,3947505
PNEU1,5521,139834,3947551
PNEU1,5522,139860,3947112
PNEU1,5523,139885,3947363
PNEU1,5524,139910,3947692
PNEU1,5525,139935,3947891
PNEU1,5526,139960,3947594
PNEU1,5527,139985,3947030
PNEU1,5528,140011,3947343
PNEU1,5529,140036,3947666
PNEU1,5530,140061,3947538
PNEU1,5531,140086,3947059
PNEU1,5532,140111,3947123
PNEU1,5533,140137,3947562
PNEU1,5534,140162,3947665
PNEU1,5535,140187,3947584
PNEU1,5536,140212,3947950
PNEU1,5537,140237,3947619
PNEU1,5538,140263,3947377
PNEU1,5539,140288,3948185
PNEU1,5540,140313,3947579
PNEU1,5541,140338,3947169
PNEU1,5542,140363,3946653
PNEU1,5543,140388,3947441
PNEU1,5544,140414,3947595
PNEU1,5545,140439,3947222
PNEU1,5546,140464,3947613
PNEU1,5547,140489,3947494
PNEU1,5548,140514,3947152
PNEU1,5549,140540,3946918
PNEU1,5550,140565,3947049
PNEU1,5551,140590,3947254
PNEU1,5552,140615,3947211
PNEU1,5553,140640,3947467
PNEU1,5554,140666,3947419
PNEU1,5555,140691,3947076
PNEU1,5556,140716,3947345
PNEU1,5557,140741,3947397
PNEU1,5558,140766,3947402
PNEU1,5559,140791,3947477
PNEU1,5560,140817,3947412
PNEU1,5561,140842,3947306
PNEU1,5562,140867,3947359
PNEU1,5563,140892,3947259
PNEU1,5564,140917,3947248
PNEU1,5565,140943,3947268
PNEU1,5566,140968,3947427
PNEU1,5567,140993,3947537
PNEU1,5568,141018,3947765
PNEU1,5569,141043,3948353
PNEU1,5570,141069,3947832
PNEU1,5571,141094,3947493
PNEU1,5572,141119,3947531
PNEU1,5573,141144,3947221
PNEU1,5574,141169,3946685
PNEU1,5575,141195,3946980
PNEU1,5576,141220,3947331
PNEU1,5577,141245,3947035
PNEU1,5578,141270,3947340
PNEU1,5579,141295,3947709
PNEU1,5580,141320,3947850
PNEU1,5581,141346,3947584
PNEU1,5582,141371,3947570
PNEU1,5583,141396,3947813
PNEU1,5584,141421,3947319
PNEU1,5585,141446,3946886
PNEU1,5586,141472,3947257
PNEU1,5587,141497,3947180
PNEU1,5588,141522,3947016
PNEU1,5589,141547,3946903
PNEU1,5590,141572,3947443
PNEU1,5591,141598,3947614
PNEU1,5592,141623,3947703
PNEU1,5593,141648,3947605
PNEU1,5594,141673,3947678
PNEU1,5595,141698,3947522
PNEU1,5596,141723,3947561
PNEU1,5597,141749,3947894
PNEU1,5598,141774,3947210
PNEU1,5599,141799,3947282
PNEU1,5600,141824,3947479
PNEU1,5601,141849,3947603
PNEU1,5602,141875,3948160
PNEU1,5603,141900,3947832
PNEU1,5604,141925,3946965
PNEU1,5605,141950,3947024
PNEU1,5606,141975,3946936
PNEU1,5607,142001,3946832
PNEU1,5608,142026,3946835
PNEU1,5609,142051,3947015
PNEU1,5610,142076,3947630
PNEU1,5611,142101,3947614
PNEU1,5612,142127,3947468
PNEU1,5613,142152,3947556
PNEU1,5614,142177,3947565
PNEU1,5615,142202,3947680
PNEU1,5616,142227,3947261
PNEU1,5617,142252,3946976
PNEU1,5618,142278,3947511
PNEU1,5619,142303,3947285
PNEU1,5620,142328,3947450
PNEU1,5621,142353,3947573
PNEU1,5622,142378,3947655
PNEU1,5623,142404,3947866
PNEU1,5624,142429,3947723
PNEU1,5625,142454,3947291
PNEU1,5626,142479,3947263
PNEU1,5627,142504,3947360
PNEU1,5628,142530,3947483
PNEU1,5629,142555,3947745
PNEU1,5630,142580,3947421
PNEU1,5631,142605,3947228
PNEU1,5632,142630,3947038
PNEU1,5633,142656,3947424
PNEU1,5634,142681,3947173
PNEU1,5635,142706,3947685
PNEU1,5636,142731,3947698
PNEU1,5637,142756,3947100
PNEU1,5638,142781,3946874
PNEU1,5639,142807,3947603
PNEU1,5640,142832,3947747
PNEU1,5641,142857,3947821
PNEU1,5642,142882,3947684
PNEU1,5643,142907,3947554
PNEU1,5644,142933,3947514
PNEU1,5645,142958,3947676
PNEU1,5646,142983,3947943
PNEU1,5647,143008,3947861
PNEU1,5648,143033,3947544
PNEU1,5649,143059,3947212
PNEU1,5650,143084,3947444
PNEU1,5651,143109,3947489
PNEU1,5652,143134,3947203
PNEU1,5653,143159,3947167
PNEU1,5654,143184,3947532
PNEU1,5655,143210,3947472
PNEU1,5656,143235,3947329
PNEU1,5657,143260,3947684
PNEU1,5658,143285,3948087
PNEU1,5659,143310,3947634
PNEU1,5660,143336,3947726
PNEU1,5661,143361,3947790
PNEU1,5662,143386,3947674
PNEU1,5663,143411,3947337
PNEU1,5664,143436,3947264
PNEU1,5665,143462,3947495
PNEU1,5666,143487,3947495
PNEU1,5667,143512,3947472
PNEU1,5668,143537,3947885
PNEU1,5669,143562,3947960
PNEU1,5670,143587,3947653
PNEU1,5671,143613,3947323
PNEU1,5672,143638,3947260
PNEU1,5673,143663,3947154
PNEU1,5674,143688,3947393
PNEU1,5675,143713,3946991
PNEU1,5676,143739,3946736
PNEU1,5677,143764,3947559
PNEU1,5678,143789,3947713
PNEU1,5679,143814,3947613
PNEU1,5680,143839,3947651
PNEU1,5681,143865,3947175
PNEU1,5682,143890,3946972
PNEU1,5683,143915,3947734
PNEU1,5684,143940,3947887
PNEU1,5685,143965,3947188
PNEU1,5686,143990,3947013
PNEU1,5687,144016,3947900
PNEU1,5688,144041,3947936
PNEU1,5689,144066,3947596
PNEU1,5690,144091,3947727
PNEU1,5691,144116,3948017
PNEU1,5692,144142,3947610
PNEU1,5693,144167,3947689
PNEU1,5694,144192,3947370
PNEU1,5695,144217,3947373
PNEU1,5696,144242,3947554
PNEU1,5697,144268,3947419
PNEU1,5698,144293,3947324
PNEU1,5699,144318,3947266
PNEU1,5700,144343,3947282
PNEU1,5701,144368,3947582
PNEU1,5702,144393,3947513
PNEU1,5703,144419,3947108
PNEU1,5704,144444,3947161
PNEU1,5705,144469,3947441
PNEU1,5706,144494,3946966
PNEU1,5707,144519,3946999
PNEU1,5708,144545,3947181
PNEU1,5709,144570,3947221
