TX PAI1,MODE,1*1f24
RX PNEU1,4317,281501,3945243
RX PNEU1,4318,281526,3945230
RX PNEU1,4319,281551,3944970
RX PNEU1,4320,281576,3945414
RX PNEU1,4321,281601,3945377
RX PNEU1,4322,281626,3945276
RX PNEU1,4323,281652,3945565
RX PNEU1,4324,281677,3945396
RX PNEU1,4325,281702,3945147
RX PNEU1,4326,281727,3945239
RX PNEU1,4327,281752,3945148
RX # PAI1,MODE,1
TX PAI1,INIT,1,12,32,1,2*aba5
RX # PAI1,INIT,1,12,32,4
TX PAI1,PREDICT,2,408000000000000000000000000000000000000000000000*26d1
RX # PAI1,PREDICT,2,88,3e35,3e5c,3e5e,3e4c
TX PAI1,PREDICT,3,000040800000000000000000000000000000000000000000*e1e2
RX # PAI1,PREDICT,3,87,3e2d,3e4c,3e5d,3e48
TX PAI1,PREDICT,4,000000004080000000000000000000000000000000000000*19a3
RX # PAI1,PREDICT,4,87,3dff,3e2d,3e38,3e08
TX PAI1,PREDICT,5,000000000000408000000000000000000000000000000000*d1b1
RX # PAI1,PREDICT,5,88,3e00,3e1b,3e00,3e1b
TX PAI1,TRAIN,6,1,408000000000000000000000000000000000000000000000*eda0
RX # PAI1,TRAIN,6,1272
TX PAI1,TRAIN,7,2,000040800000000000000000000000000000000000000000*753f
RX # PAI1,TRAIN,7,1272
TX PAI1,TRAIN,8,3,000000004080000000000000000000000000000000000000*7ac8
RX # PAI1,TRAIN,8,1266
TX PAI1,TRAIN,9,4,000000000000408000000000000000000000000000000000*a4ae
RX # PAI1,TRAIN,9,1266
TX PAI1,TRAIN,10,1,408000000000000000000000000000000000000000000000*17bf
RX # PAI1,TRAIN,10,1272
TX PAI1,TRAIN,11,2,000040800000000000000000000000000000000000000000*8f20
RX # PAI1,TRAIN,11,1265
TX PAI1,TRAIN,12,3,000000004080000000000000000000000000000000000000*9795
RX # PAI1,TRAIN,12,1267
TX PAI1,TRAIN,13,4,000000000000408000000000000000000000000000000000*49f3
RX # PAI1,TRAIN,13,1266
TX PAI1,TRAIN,14,1,408000000000000000000000000000000000000000000000*ea9e
RX # PAI1,TRAIN,14,1265
TX PAI1,TRAIN,15,2,000040800000000000000000000000000000000000000000*7201
RX # PAI1,TRAIN,15,1271
TX PAI1,TRAIN,16,3,000000004080000000000000000000000000000000000000*6ab4
RX # PAI1,TRAIN,16,1265
TX PAI1,TRAIN,17,4,000000000000408000000000000000000000000000000000*b4d2
RX # PAI1,TRAIN,17,1273
TX PAI1,TRAIN,18,1,408000000000000000000000000000000000000000000000*fddc
RX # PAI1,TRAIN,18,1268
TX PAI1,TRAIN,19,2,000040800000000000000000000000000000000000000000*6543
RX # PAI1,TRAIN,19,1265
TX PAI1,TRAIN,20,3,000000004080000000000000000000000000000000000000*e130
RX # PAI1,TRAIN,20,1265
TX PAI1,TRAIN,21,4,000000000000408000000000000000000000000000000000*3f56
RX # PAI1,TRAIN,21,1267
TX PAI1,TRAIN,22,1,408000000000000000000000000000000000000000000000*611a
RX # PAI1,TRAIN,22,1274
TX PAI1,TRAIN,23,2,000040800000000000000000000000000000000000000000*f985
RX # PAI1,TRAIN,23,1266
TX PAI1,TRAIN,24,3,000000004080000000000000000000000000000000000000*1c11
RX # PAI1,TRAIN,24,1265
TX PAI1,TRAIN,25,4,000000000000408000000000000000000000000000000000*c277
RX # PAI1,TRAIN,25,1268
TX PAI1,TRAIN,26,1,408000000000000000000000000000000000000000000000*9c3b
RX # PAI1,TRAIN,26,1269
TX PAI1,TRAIN,27,2,000040800000000000000000000000000000000000000000*04a4
RX # PAI1,TRAIN,27,1265
TX PAI1,TRAIN,28,3,000000004080000000000000000000000000000000000000*0b53
RX # PAI1,TRAIN,28,1268
TX PAI1,TRAIN,29,4,000000000000408000000000000000000000000000000000*d535
RX # PAI1,TRAIN,29,1268
TX PAI1,TRAIN,30,1,408000000000000000000000000000000000000000000000*1866
RX # PAI1,TRAIN,30,1272
TX PAI1,TRAIN,31,2,000040800000000000000000000000000000000000000000*80f9
RX # PAI1,TRAIN,31,1272
TX PAI1,TRAIN,32,3,000000004080000000000000000000000000000000000000*984c
RX # PAI1,TRAIN,32,1266
TX PAI1,TRAIN,33,4,000000000000408000000000000000000000000000000000*462a
RX # PAI1,TRAIN,33,1266
TX PAI1,TRAIN,34,1,408000000000000000000000000000000000000000000000*e547
RX # PAI1,TRAIN,34,1266
TX PAI1,TRAIN,35,2,000040800000000000000000000000000000000000000000*7dd8
RX # PAI1,TRAIN,35,1268
TX PAI1,TRAIN,36,3,000000004080000000000000000000000000000000000000*656d
RX # PAI1,TRAIN,36,1265
TX PAI1,TRAIN,37,4,000000000000408000000000000000000000000000000000*bb0b
RX # PAI1,TRAIN,37,1273
TX PAI1,TRAIN,38,1,408000000000000000000000000000000000000000000000*f205
RX # PAI1,TRAIN,38,1265
TX PAI1,TRAIN,39,2,000040800000000000000000000000000000000000000000*6a9a
RX # PAI1,TRAIN,39,1272
TX PAI1,TRAIN,40,3,000000004080000000000000000000000000000000000000*f15b
RX # PAI1,TRAIN,40,1273
TX PAI1,TRAIN,41,4,000000000000408000000000000000000000000000000000*2f3d
RX # PAI1,TRAIN,41,1269
TX PAI1,TRAIN,42,1,408000000000000000000000000000000000000000000000*7171
RX # PAI1,TRAIN,42,1271
TX PAI1,TRAIN,43,2,000040800000000000000000000000000000000000000000*e9ee
RX # PAI1,TRAIN,43,1266
TX PAI1,TRAIN,44,3,000000004080000000000000000000000000000000000000*0c7a
RX # PAI1,TRAIN,44,1273
TX PAI1,TRAIN,45,4,000000000000408000000000000000000000000000000000*d21c
RX # PAI1,TRAIN,45,1271
TX PAI1,TRAIN,46,1,408000000000000000000000000000000000000000000000*8c50
RX # PAI1,TRAIN,46,1273
TX PAI1,TRAIN,47,2,000040800000000000000000000000000000000000000000*14cf
RX # PAI1,TRAIN,47,1265
TX PAI1,TRAIN,48,3,000000004080000000000000000000000000000000000000*1b38
RX # PAI1,TRAIN,48,1272
TX PAI1,TRAIN,49,4,000000000000408000000000000000000000000000000000*c55e
RX # PAI1,TRAIN,49,1273
TX PAI1,TRAIN,50,1,408000000000000000000000000000000000000000000000*080d
RX # PAI1,TRAIN,50,1272
TX PAI1,TRAIN,51,2,000040800000000000000000000000000000000000000000*9092
RX # PAI1,TRAIN,51,1269
TX PAI1,TRAIN,52,3,000000004080000000000000000000000000000000000000*8827
RX # PAI1,TRAIN,52,1269
TX PAI1,TRAIN,53,4,000000000000408000000000000000000000000000000000*5641
RX # PAI1,TRAIN,53,1265
TX PAI1,TRAIN,54,1,408000000000000000000000000000000000000000000000*f52c
RX # PAI1,TRAIN,54,1267
TX PAI1,TRAIN,55,2,000040800000000000000000000000000000000000000000*6db3
RX # PAI1,TRAIN,55,1266
TX PAI1,TRAIN,56,3,000000004080000000000000000000000000000000000000*7506
RX # PAI1,TRAIN,56,1266
TX PAI1,TRAIN,57,4,000000000000408000000000000000000000000000000000*ab60
RX # PAI1,TRAIN,57,1269
TX PAI1,TRAIN,58,1,408000000000000000000000000000000000000000000000*e26e
RX # PAI1,TRAIN,58,1271
TX PAI1,TRAIN,59,2,000040800000000000000000000000000000000000000000*7af1
RX # PAI1,TRAIN,59,1266
TX PAI1,TRAIN,60,3,000000004080000000000000000000000000000000000000*fe82
RX # PAI1,TRAIN,60,1271
TX PAI1,TRAIN,61,4,000000000000408000000000000000000000000000000000*20e4
RX # PAI1,TRAIN,61,1270
TX PAI1,TRAIN,62,1,408000000000000000000000000000000000000000000000*7ea8
RX # PAI1,TRAIN,62,1273
TX PAI1,TRAIN,63,2,000040800000000000000000000000000000000000000000*e637
RX # PAI1,TRAIN,63,1265
TX PAI1,TRAIN,64,3,000000004080000000000000000000000000000000000000*03a3
RX # PAI1,TRAIN,64,1267
TX PAI1,TRAIN,65,4,000000000000408000000000000000000000000000000000*ddc5
RX # PAI1,TRAIN,65,1274
TX PAI1,TRAIN,66,1,408000000000000000000000000000000000000000000000*8389
RX # PAI1,TRAIN,66,1267
TX PAI1,TRAIN,67,2,000040800000000000000000000000000000000000000000*1b16
RX # PAI1,TRAIN,67,1271
TX PAI1,TRAIN,68,3,000000004080000000000000000000000000000000000000*14e1
RX # PAI1,TRAIN,68,1267
TX PAI1,TRAIN,69,4,000000000000408000000000000000000000000000000000*ca87
RX # PAI1,TRAIN,69,1264
TX PAI1,PREDICT,70,408000000000000000000000000000000000000000000000*54b2
RX # PAI1,PREDICT,70,85,3f7d,3d88,be3c,3e18
TX PAI1,PREDICT,71,000040800000000000000000000000000000000000000000*9381
RX # PAI1,PREDICT,71,87,3d16,3f16,3f0b,bd26
TX PAI1,PREDICT,72,000000004080000000000000000000000000000000000000*2218
RX # PAI1,PREDICT,72,85,3e08,bd68,3f76,bda4
TX PAI1,PREDICT,73,000000000000408000000000000000000000000000000000*ea0a
RX # PAI1,PREDICT,73,87,be0b,3f06,bed5,3f70
TX PAI1,INIT,74,12,32,1,2*e9fe
RX # PAI1,INIT,74,12,32,4
TX PAI1,PREDICT,75,408000000000000000000000000000000000000000000000*0f1c
RX # PAI1,PREDICT,75,87,3e35,3e5c,3e5e,3e4c
TX PAI1,PREDICT,76,000040800000000000000000000000000000000000000000*ecc3
RX # PAI1,PREDICT,76,87,3e2d,3e4c,3e5d,3e48
TX PAI1,PREDICT,77,000000004080000000000000000000000000000000000000*79b6
RX # PAI1,PREDICT,77,87,3dff,3e2d,3e38,3e08
TX PAI1,PREDICT,78,000000000000408000000000000000000000000000000000*4f20
RX # PAI1,PREDICT,78,88,3e00,3e1b,3e00,3e1b
TX PAI1,TRAIN,79,1,408000000000000000000000000000000000000000000000*96f7
RX # PAI1,TRAIN,79,1270
TX PAI1,TRAIN,80,2,000040800000000000000000000000000000000000000000*44f8
RX # PAI1,TRAIN,80,1271
TX PAI1,TRAIN,81,3,000000004080000000000000000000000000000000000000*aacd
RX # PAI1,TRAIN,81,1267
TX PAI1,TRAIN,82,4,000000000000408000000000000000000000000000000000*822b
RX # PAI1,TRAIN,82,1272
TX PAI1,TRAIN,83,1,408000000000000000000000000000000000000000000000*2ae7
RX # PAI1,TRAIN,83,1264
TX PAI1,TRAIN,84,2,000040800000000000000000000000000000000000000000*b9d9
RX # PAI1,TRAIN,84,1264
TX PAI1,TRAIN,85,3,000000004080000000000000000000000000000000000000*57ec
RX # PAI1,TRAIN,85,1266
TX PAI1,TRAIN,86,4,000000000000408000000000000000000000000000000000*7f0a
RX # PAI1,TRAIN,86,1271
TX PAI1,TRAIN,87,1,408000000000000000000000000000000000000000000000*d7c6
RX # PAI1,TRAIN,87,1267
TX PAI1,TRAIN,88,2,000040800000000000000000000000000000000000000000*ae9b
RX # PAI1,TRAIN,88,1265
TX PAI1,TRAIN,89,3,000000004080000000000000000000000000000000000000*40ae
RX # PAI1,TRAIN,89,1268
TX PAI1,TRAIN,90,4,000000000000408000000000000000000000000000000000*fb57
RX # PAI1,TRAIN,90,1266
TX PAI1,TRAIN,91,1,408000000000000000000000000000000000000000000000*539b
RX # PAI1,TRAIN,91,1268
TX PAI1,TRAIN,92,2,000040800000000000000000000000000000000000000000*3d84
RX # PAI1,TRAIN,92,1266
TX PAI1,TRAIN,93,3,000000004080000000000000000000000000000000000000*d3b1
RX # PAI1,TRAIN,93,1265
TX PAI1,TRAIN,94,4,000000000000408000000000000000000000000000000000*0676
RX # PAI1,TRAIN,94,1269
TX PAI1,TRAIN,95,1,408000000000000000000000000000000000000000000000*aeba
RX # PAI1,TRAIN,95,1267
TX PAI1,TRAIN,96,2,000040800000000000000000000000000000000000000000*c0a5
RX # PAI1,TRAIN,96,1268
TX PAI1,TRAIN,97,3,000000004080000000000000000000000000000000000000*2e90
RX # PAI1,TRAIN,97,1266
TX PAI1,TRAIN,98,4,000000000000408000000000000000000000000000000000*1134
RX # PAI1,TRAIN,98,1269
TX PAI1,TRAIN,99,1,408000000000000000000000000000000000000000000000*b9f8
RX # PAI1,TRAIN,99,1269
TX PAI1,TRAIN,100,2,000040800000000000000000000000000000000000000000*3aa2
RX # PAI1,TRAIN,100,1268
TX PAI1,TRAIN,101,3,000000004080000000000000000000000000000000000000*d497
RX # PAI1,TRAIN,101,1269
TX PAI1,TRAIN,102,4,000000000000408000000000000000000000000000000000*fc71
RX # PAI1,TRAIN,102,1270
TX PAI1,TRAIN,103,1,408000000000000000000000000000000000000000000000*54bd
RX # PAI1,TRAIN,103,1272
TX PAI1,TRAIN,104,2,000040800000000000000000000000000000000000000000*c783
RX # PAI1,TRAIN,104,1269
TX PAI1,TRAIN,105,3,000000004080000000000000000000000000000000000000*29b6
RX # PAI1,TRAIN,105,1269
TX PAI1,TRAIN,106,4,000000000000408000000000000000000000000000000000*0150
RX # PAI1,TRAIN,106,1268
TX PAI1,TRAIN,107,1,408000000000000000000000000000000000000000000000*a99c
RX # PAI1,TRAIN,107,1270
TX PAI1,TRAIN,108,2,000040800000000000000000000000000000000000000000*d0c1
RX # PAI1,TRAIN,108,1266
TX PAI1,TRAIN,109,3,000000004080000000000000000000000000000000000000*3ef4
RX # PAI1,TRAIN,109,1268
TX PAI1,TRAIN,110,4,000000000000408000000000000000000000000000000000*850d
RX # PAI1,TRAIN,110,1270
TX PAI1,TRAIN,111,1,408000000000000000000000000000000000000000000000*2dc1
RX # PAI1,TRAIN,111,1270
TX PAI1,TRAIN,112,2,000040800000000000000000000000000000000000000000*43de
RX # PAI1,TRAIN,112,1270
TX PAI1,TRAIN,113,3,000000004080000000000000000000000000000000000000*adeb
RX # PAI1,TRAIN,113,1269
TX PAI1,TRAIN,114,4,000000000000408000000000000000000000000000000000*782c
RX # PAI1,TRAIN,114,1270
TX PAI1,TRAIN,115,1,408000000000000000000000000000000000000000000000*d0e0
RX # PAI1,TRAIN,115,1268
TX PAI1,TRAIN,116,2,000040800000000000000000000000000000000000000000*beff
RX # PAI1,TRAIN,116,1270
TX PAI1,TRAIN,117,3,000000004080000000000000000000000000000000000000*50ca
RX # PAI1,TRAIN,117,1272
TX PAI1,TRAIN,118,4,000000000000408000000000000000000000000000000000*6f6e
RX # PAI1,TRAIN,118,1270
TX PAI1,TRAIN,119,1,408000000000000000000000000000000000000000000000*c7a2
RX # PAI1,TRAIN,119,1269
TX PAI1,TRAIN,120,2,000040800000000000000000000000000000000000000000*357b
RX # PAI1,TRAIN,120,1268
TX PAI1,TRAIN,121,3,000000004080000000000000000000000000000000000000*db4e
RX # PAI1,TRAIN,121,1271
TX PAI1,TRAIN,122,4,000000000000408000000000000000000000000000000000*f3a8
RX # PAI1,TRAIN,122,1268
TX PAI1,TRAIN,123,1,408000000000000000000000000000000000000000000000*5b64
RX # PAI1,TRAIN,123,1272
TX PAI1,TRAIN,124,2,000040800000000000000000000000000000000000000000*c85a
RX # PAI1,TRAIN,124,1269
TX PAI1,TRAIN,125,3,000000004080000000000000000000000000000000000000*266f
RX # PAI1,TRAIN,125,1270
TX PAI1,TRAIN,126,4,000000000000408000000000000000000000000000000000*0e89
RX # PAI1,TRAIN,126,1269
TX PAI1,TRAIN,127,1,408000000000000000000000000000000000000000000000*a645
RX # PAI1,TRAIN,127,1270
TX PAI1,TRAIN,128,2,000040800000000000000000000000000000000000000000*df18
RX # PAI1,TRAIN,128,1272
TX PAI1,TRAIN,129,3,000000004080000000000000000000000000000000000000*312d
RX # PAI1,TRAIN,129,1270
TX PAI1,TRAIN,130,4,000000000000408000000000000000000000000000000000*8ad4
RX # PAI1,TRAIN,130,1270
TX PAI1,TRAIN,131,1,408000000000000000000000000000000000000000000000*2218
RX # PAI1,TRAIN,131,1269
TX PAI1,TRAIN,132,2,000040800000000000000000000000000000000000000000*4c07
RX # PAI1,TRAIN,132,1271
TX PAI1,TRAIN,133,3,000000004080000000000000000000000000000000000000*a232
RX # PAI1,TRAIN,133,1269
TX PAI1,TRAIN,134,4,000000000000408000000000000000000000000000000000*77f5
RX # PAI1,TRAIN,134,1269
TX PAI1,TRAIN,135,1,408000000000000000000000000000000000000000000000*df39
RX # PAI1,TRAIN,135,1269
TX PAI1,TRAIN,136,2,000040800000000000000000000000000000000000000000*b126
RX # PAI1,TRAIN,136,1270
TX PAI1,TRAIN,137,3,000000004080000000000000000000000000000000000000*5f13
RX # PAI1,TRAIN,137,1269
TX PAI1,TRAIN,138,4,000000000000408000000000000000000000000000000000*60b7
RX # PAI1,TRAIN,138,1269
TX PAI1,TRAIN,139,1,408000000000000000000000000000000000000000000000*c87b
RX # PAI1,TRAIN,139,1269
TX PAI1,TRAIN,140,2,000040800000000000000000000000000000000000000000*2510
RX # PAI1,TRAIN,140,1267
TX PAI1,TRAIN,141,3,000000004080000000000000000000000000000000000000*cb25
RX # PAI1,TRAIN,141,1272
TX PAI1,TRAIN,142,4,000000000000408000000000000000000000000000000000*e3c3
RX # PAI1,TRAIN,142,1269
TX PAI1,PREDICT,143,408000000000000000000000000000000000000000000000*102f
RX # PAI1,PREDICT,143,88,3f7d,3d88,be3c,3e18
TX PAI1,PREDICT,144,000040800000000000000000000000000000000000000000*ba28
RX # PAI1,PREDICT,144,88,3d16,3f16,3f0b,bd26
TX PAI1,PREDICT,145,000000004080000000000000000000000000000000000000*2f5d
RX # PAI1,PREDICT,145,89,3e08,bd68,3f76,bda4
TX PAI1,PREDICT,146,000000000000408000000000000000000000000000000000*c3a3
RX # PAI1,PREDICT,146,88,be0b,3f06,bed5,3f70
TX PAI1,INIT,147,64,32,1,2*17b7
RX # PAI1,INIT,147,64,32,4
TX PAI1,PREDICT,148,4080000000000000000000000000000000000000000000000000000000000000000000000000000000000000000000000000000000000000000000000000000000000000000000000000000000000000000000000000000000000000000000000000000000000000000000000000000000000000000000000000000000000000*6d7b
RX # PAI1,PREDICT,148,230,3e35,3e5a,3e6f,3e3c
TX PAI1,PREDICT,149,0000408000000000000000000000000000000000000000000000000000000000000000000000000000000000000000000000000000000000000000000000000000000000000000000000000000000000000000000000000000000000000000000000000000000000000000000000000000000000000000000000000000000000*11fa
RX # PAI1,PREDICT,149,230,3dff,3e0c,3de4,3e21
TX PAI1,PREDICT,150,0000000040800000000000000000000000000000000000000000000000000000000000000000000000000000000000000000000000000000000000000000000000000000000000000000000000000000000000000000000000000000000000000000000000000000000000000000000000000000000000000000000000000000*71e6
RX # PAI1,PREDICT,150,232,3e3d,3e66,3e63,3e3f
TX PAI1,PREDICT,151,0000000000004080000000000000000000000000000000000000000000000000000000000000000000000000000000000000000000000000000000000000000000000000000000000000000000000000000000000000000000000000000000000000000000000000000000000000000000000000000000000000000000000000*741d
RX # PAI1,PREDICT,151,226,3df0,3e14,3e27,3e0a
TX PAI1,TRAIN,152,1,4080000000000000000000000000000000000000000000000000000000000000000000000000000000000000000000000000000000000000000000000000000000000000000000000000000000000000000000000000000000000000000000000000000000000000000000000000000000000000000000000000000000000000*2fd6
RX # PAI1,TRAIN,152,1411
TX PAI1,TRAIN,153,2,0000408000000000000000000000000000000000000000000000000000000000000000000000000000000000000000000000000000000000000000000000000000000000000000000000000000000000000000000000000000000000000000000000000000000000000000000000000000000000000000000000000000000000*7719
RX # PAI1,TRAIN,153,1414
TX PAI1,TRAIN,154,3,0000000040800000000000000000000000000000000000000000000000000000000000000000000000000000000000000000000000000000000000000000000000000000000000000000000000000000000000000000000000000000000000000000000000000000000000000000000000000000000000000000000000000000*c301
RX # PAI1,TRAIN,154,1412
TX PAI1,TRAIN,155,4,0000000000004080000000000000000000000000000000000000000000000000000000000000000000000000000000000000000000000000000000000000000000000000000000000000000000000000000000000000000000000000000000000000000000000000000000000000000000000000000000000000000000000000*7c06
RX # PAI1,TRAIN,155,1407
TX PAI1,TRAIN,156,1,4080000000000000000000000000000000000000000000000000000000000000000000000000000000000000000000000000000000000000000000000000000000000000000000000000000000000000000000000000000000000000000000000000000000000000000000000000000000000000000000000000000000000000*93ab
RX # PAI1,TRAIN,156,1411
TX PAI1,TRAIN,157,2,0000408000000000000000000000000000000000000000000000000000000000000000000000000000000000000000000000000000000000000000000000000000000000000000000000000000000000000000000000000000000000000000000000000000000000000000000000000000000000000000000000000000000000*cb64
RX # PAI1,TRAIN,157,1413
TX PAI1,TRAIN,158,3,0000000040800000000000000000000000000000000000000000000000000000000000000000000000000000000000000000000000000000000000000000000000000000000000000000000000000000000000000000000000000000000000000000000000000000000000000000000000000000000000000000000000000000*17a7
RX # PAI1,TRAIN,158,1407
TX PAI1,TRAIN,159,4,0000000000004080000000000000000000000000000000000000000000000000000000000000000000000000000000000000000000000000000000000000000000000000000000000000000000000000000000000000000000000000000000000000000000000000000000000000000000000000000000000000000000000000*a8a0
RX # PAI1,TRAIN,159,1413
TX PAI1,TRAIN,160,1,4080000000000000000000000000000000000000000000000000000000000000000000000000000000000000000000000000000000000000000000000000000000000000000000000000000000000000000000000000000000000000000000000000000000000000000000000000000000000000000000000000000000000000*b68e
RX # PAI1,TRAIN,160,1414
TX PAI1,TRAIN,161,2,0000408000000000000000000000000000000000000000000000000000000000000000000000000000000000000000000000000000000000000000000000000000000000000000000000000000000000000000000000000000000000000000000000000000000000000000000000000000000000000000000000000000000000*ee41
RX # PAI1,TRAIN,161,1412
TX PAI1,TRAIN,162,3,0000000040800000000000000000000000000000000000000000000000000000000000000000000000000000000000000000000000000000000000000000000000000000000000000000000000000000000000000000000000000000000000000000000000000000000000000000000000000000000000000000000000000000*e624
RX # PAI1,TRAIN,162,1411
TX PAI1,TRAIN,163,4,0000000000004080000000000000000000000000000000000000000000000000000000000000000000000000000000000000000000000000000000000000000000000000000000000000000000000000000000000000000000000000000000000000000000000000000000000000000000000000000000000000000000000000*5923
RX # PAI1,TRAIN,163,1408
TX PAI1,TRAIN,164,1,4080000000000000000000000000000000000000000000000000000000000000000000000000000000000000000000000000000000000000000000000000000000000000000000000000000000000000000000000000000000000000000000000000000000000000000000000000000000000000000000000000000000000000*0af3
RX # PAI1,TRAIN,164,1412
TX PAI1,TRAIN,165,2,0000408000000000000000000000000000000000000000000000000000000000000000000000000000000000000000000000000000000000000000000000000000000000000000000000000000000000000000000000000000000000000000000000000000000000000000000000000000000000000000000000000000000000*523c
RX # PAI1,TRAIN,165,1410
TX PAI1,TRAIN,166,3,0000000040800000000000000000000000000000000000000000000000000000000000000000000000000000000000000000000000000000000000000000000000000000000000000000000000000000000000000000000000000000000000000000000000000000000000000000000000000000000000000000000000000000*5a59
RX # PAI1,TRAIN,166,1414
TX PAI1,TRAIN,167,4,0000000000004080000000000000000000000000000000000000000000000000000000000000000000000000000000000000000000000000000000000000000000000000000000000000000000000000000000000000000000000000000000000000000000000000000000000000000000000000000000000000000000000000*e55e
RX # PAI1,TRAIN,167,1414
TX PAI1,TRAIN,168,1,4080000000000000000000000000000000000000000000000000000000000000000000000000000000000000000000000000000000000000000000000000000000000000000000000000000000000000000000000000000000000000000000000000000000000000000000000000000000000000000000000000000000000000*de55
RX # PAI1,TRAIN,168,1411
TX PAI1,TRAIN,169,2,0000408000000000000000000000000000000000000000000000000000000000000000000000000000000000000000000000000000000000000000000000000000000000000000000000000000000000000000000000000000000000000000000000000000000000000000000000000000000000000000000000000000000000*869a
RX # PAI1,TRAIN,169,1415
TX PAI1,TRAIN,170,3,0000000040800000000000000000000000000000000000000000000000000000000000000000000000000000000000000000000000000000000000000000000000000000000000000000000000000000000000000000000000000000000000000000000000000000000000000000000000000000000000000000000000000000*fac7
RX # PAI1,TRAIN,170,1407
TX PAI1,TRAIN,171,4,0000000000004080000000000000000000000000000000000000000000000000000000000000000000000000000000000000000000000000000000000000000000000000000000000000000000000000000000000000000000000000000000000000000000000000000000000000000000000000000000000000000000000000*45c0
RX # PAI1,TRAIN,171,1407
TX PAI1,TRAIN,172,1,4080000000000000000000000000000000000000000000000000000000000000000000000000000000000000000000000000000000000000000000000000000000000000000000000000000000000000000000000000000000000000000000000000000000000000000000000000000000000000000000000000000000000000*aa6d
RX # PAI1,TRAIN,172,1415
TX PAI1,TRAIN,173,2,0000408000000000000000000000000000000000000000000000000000000000000000000000000000000000000000000000000000000000000000000000000000000000000000000000000000000000000000000000000000000000000000000000000000000000000000000000000000000000000000000000000000000000*f2a2
RX # PAI1,TRAIN,173,1414
TX PAI1,TRAIN,174,3,0000000040800000000000000000000000000000000000000000000000000000000000000000000000000000000000000000000000000000000000000000000000000000000000000000000000000000000000000000000000000000000000000000000000000000000000000000000000000000000000000000000000000000*46ba
RX # PAI1,TRAIN,174,1414
TX PAI1,TRAIN,175,4,0000000000004080000000000000000000000000000000000000000000000000000000000000000000000000000000000000000000000000000000000000000000000000000000000000000000000000000000000000000000000000000000000000000000000000000000000000000000000000000000000000000000000000*f9bd
RX # PAI1,TRAIN,175,1414
TX PAI1,TRAIN,176,1,4080000000000000000000000000000000000000000000000000000000000000000000000000000000000000000000000000000000000000000000000000000000000000000000000000000000000000000000000000000000000000000000000000000000000000000000000000000000000000000000000000000000000000*1610
RX # PAI1,TRAIN,176,1414
TX PAI1,TRAIN,177,2,0000408000000000000000000000000000000000000000000000000000000000000000000000000000000000000000000000000000000000000000000000000000000000000000000000000000000000000000000000000000000000000000000000000000000000000000000000000000000000000000000000000000000000*4edf
RX # PAI1,TRAIN,177,1415
TX PAI1,TRAIN,178,3,0000000040800000000000000000000000000000000000000000000000000000000000000000000000000000000000000000000000000000000000000000000000000000000000000000000000000000000000000000000000000000000000000000000000000000000000000000000000000000000000000000000000000000*921c
RX # PAI1,TRAIN,178,1407
TX PAI1,TRAIN,179,4,0000000000004080000000000000000000000000000000000000000000000000000000000000000000000000000000000000000000000000000000000000000000000000000000000000000000000000000000000000000000000000000000000000000000000000000000000000000000000000000000000000000000000000*2d1b
RX # PAI1,TRAIN,179,1414
TX PAI1,TRAIN,180,1,4080000000000000000000000000000000000000000000000000000000000000000000000000000000000000000000000000000000000000000000000000000000000000000000000000000000000000000000000000000000000000000000000000000000000000000000000000000000000000000000000000000000000000*1ecc
RX # PAI1,TRAIN,180,1413
TX PAI1,TRAIN,181,2,0000408000000000000000000000000000000000000000000000000000000000000000000000000000000000000000000000000000000000000000000000000000000000000000000000000000000000000000000000000000000000000000000000000000000000000000000000000000000000000000000000000000000000*4603
RX # PAI1,TRAIN,181,1413
TX PAI1,TRAIN,182,3,0000000040800000000000000000000000000000000000000000000000000000000000000000000000000000000000000000000000000000000000000000000000000000000000000000000000000000000000000000000000000000000000000000000000000000000000000000000000000000000000000000000000000000*4e66
RX # PAI1,TRAIN,182,1413
TX PAI1,TRAIN,183,4,0000000000004080000000000000000000000000000000000000000000000000000000000000000000000000000000000000000000000000000000000000000000000000000000000000000000000000000000000000000000000000000000000000000000000000000000000000000000000000000000000000000000000000*f161
RX # PAI1,TRAIN,183,1414
TX PAI1,TRAIN,184,1,4080000000000000000000000000000000000000000000000000000000000000000000000000000000000000000000000000000000000000000000000000000000000000000000000000000000000000000000000000000000000000000000000000000000000000000000000000000000000000000000000000000000000000*a2b1
RX # PAI1,TRAIN,184,1414
TX PAI1,TRAIN,185,2,0000408000000000000000000000000000000000000000000000000000000000000000000000000000000000000000000000000000000000000000000000000000000000000000000000000000000000000000000000000000000000000000000000000000000000000000000000000000000000000000000000000000000000*fa7e
RX # PAI1,TRAIN,185,1416
TX PAI1,TRAIN,186,3,0000000040800000000000000000000000000000000000000000000000000000000000000000000000000000000000000000000000000000000000000000000000000000000000000000000000000000000000000000000000000000000000000000000000000000000000000000000000000000000000000000000000000000*f21b
RX # PAI1,TRAIN,186,1413
TX PAI1,TRAIN,187,4,0000000000004080000000000000000000000000000000000000000000000000000000000000000000000000000000000000000000000000000000000000000000000000000000000000000000000000000000000000000000000000000000000000000000000000000000000000000000000000000000000000000000000000*4d1c
RX # PAI1,TRAIN,187,1415
TX PAI1,TRAIN,188,1,4080000000000000000000000000000000000000000000000000000000000000000000000000000000000000000000000000000000000000000000000000000000000000000000000000000000000000000000000000000000000000000000000000000000000000000000000000000000000000000000000000000000000000*7617
RX # PAI1,TRAIN,188,1415
TX PAI1,TRAIN,189,2,0000408000000000000000000000000000000000000000000000000000000000000000000000000000000000000000000000000000000000000000000000000000000000000000000000000000000000000000000000000000000000000000000000000000000000000000000000000000000000000000000000000000000000*2ed8
RX # PAI1,TRAIN,189,1413
TX PAI1,TRAIN,190,3,0000000040800000000000000000000000000000000000000000000000000000000000000000000000000000000000000000000000000000000000000000000000000000000000000000000000000000000000000000000000000000000000000000000000000000000000000000000000000000000000000000000000000000*5285
RX # PAI1,TRAIN,190,1414
TX PAI1,TRAIN,191,4,0000000000004080000000000000000000000000000000000000000000000000000000000000000000000000000000000000000000000000000000000000000000000000000000000000000000000000000000000000000000000000000000000000000000000000000000000000000000000000000000000000000000000000*ed82
RX # PAI1,TRAIN,191,1415
TX PAI1,TRAIN,192,1,4080000000000000000000000000000000000000000000000000000000000000000000000000000000000000000000000000000000000000000000000000000000000000000000000000000000000000000000000000000000000000000000000000000000000000000000000000000000000000000000000000000000000000*022f
RX # PAI1,TRAIN,192,1407
TX PAI1,TRAIN,193,2,0000408000000000000000000000000000000000000000000000000000000000000000000000000000000000000000000000000000000000000000000000000000000000000000000000000000000000000000000000000000000000000000000000000000000000000000000000000000000000000000000000000000000000*5ae0
RX # PAI1,TRAIN,193,1413
TX PAI1,TRAIN,194,3,0000000040800000000000000000000000000000000000000000000000000000000000000000000000000000000000000000000000000000000000000000000000000000000000000000000000000000000000000000000000000000000000000000000000000000000000000000000000000000000000000000000000000000*eef8
RX # PAI1,TRAIN,194,1413
TX PAI1,TRAIN,195,4,0000000000004080000000000000000000000000000000000000000000000000000000000000000000000000000000000000000000000000000000000000000000000000000000000000000000000000000000000000000000000000000000000000000000000000000000000000000000000000000000000000000000000000*51ff
RX # PAI1,TRAIN,195,1414
TX PAI1,TRAIN,196,1,4080000000000000000000000000000000000000000000000000000000000000000000000000000000000000000000000000000000000000000000000000000000000000000000000000000000000000000000000000000000000000000000000000000000000000000000000000000000000000000000000000000000000000*be52
RX # PAI1,TRAIN,196,1413
TX PAI1,TRAIN,197,2,0000408000000000000000000000000000000000000000000000000000000000000000000000000000000000000000000000000000000000000000000000000000000000000000000000000000000000000000000000000000000000000000000000000000000000000000000000000000000000000000000000000000000000*e69d
RX # PAI1,TRAIN,197,1413
TX PAI1,TRAIN,198,3,0000000040800000000000000000000000000000000000000000000000000000000000000000000000000000000000000000000000000000000000000000000000000000000000000000000000000000000000000000000000000000000000000000000000000000000000000000000000000000000000000000000000000000*3a5e
RX # PAI1,TRAIN,198,1414
TX PAI1,TRAIN,199,4,0000000000004080000000000000000000000000000000000000000000000000000000000000000000000000000000000000000000000000000000000000000000000000000000000000000000000000000000000000000000000000000000000000000000000000000000000000000000000000000000000000000000000000*8559
RX # PAI1,TRAIN,199,1408
TX PAI1,TRAIN,200,1,4080000000000000000000000000000000000000000000000000000000000000000000000000000000000000000000000000000000000000000000000000000000000000000000000000000000000000000000000000000000000000000000000000000000000000000000000000000000000000000000000000000000000000*e749
RX # PAI1,TRAIN,200,1412
TX PAI1,TRAIN,201,2,0000408000000000000000000000000000000000000000000000000000000000000000000000000000000000000000000000000000000000000000000000000000000000000000000000000000000000000000000000000000000000000000000000000000000000000000000000000000000000000000000000000000000000*bf86
RX # PAI1,TRAIN,201,1414
TX PAI1,TRAIN,202,3,0000000040800000000000000000000000000000000000000000000000000000000000000000000000000000000000000000000000000000000000000000000000000000000000000000000000000000000000000000000000000000000000000000000000000000000000000000000000000000000000000000000000000000*b7e3
RX # PAI1,TRAIN,202,1409
TX PAI1,TRAIN,203,4,0000000000004080000000000000000000000000000000000000000000000000000000000000000000000000000000000000000000000000000000000000000000000000000000000000000000000000000000000000000000000000000000000000000000000000000000000000000000000000000000000000000000000000*08e4
RX # PAI1,TRAIN,203,1408
TX PAI1,TRAIN,204,1,4080000000000000000000000000000000000000000000000000000000000000000000000000000000000000000000000000000000000000000000000000000000000000000000000000000000000000000000000000000000000000000000000000000000000000000000000000000000000000000000000000000000000000*5b34
RX # PAI1,TRAIN,204,1412
TX PAI1,TRAIN,205,2,0000408000000000000000000000000000000000000000000000000000000000000000000000000000000000000000000000000000000000000000000000000000000000000000000000000000000000000000000000000000000000000000000000000000000000000000000000000000000000000000000000000000000000*03fb
RX # PAI1,TRAIN,205,1410
TX PAI1,TRAIN,206,3,0000000040800000000000000000000000000000000000000000000000000000000000000000000000000000000000000000000000000000000000000000000000000000000000000000000000000000000000000000000000000000000000000000000000000000000000000000000000000000000000000000000000000000*0b9e
RX # PAI1,TRAIN,206,1408
TX PAI1,TRAIN,207,4,0000000000004080000000000000000000000000000000000000000000000000000000000000000000000000000000000000000000000000000000000000000000000000000000000000000000000000000000000000000000000000000000000000000000000000000000000000000000000000000000000000000000000000*b499
RX # PAI1,TRAIN,207,1409
TX PAI1,TRAIN,208,1,4080000000000000000000000000000000000000000000000000000000000000000000000000000000000000000000000000000000000000000000000000000000000000000000000000000000000000000000000000000000000000000000000000000000000000000000000000000000000000000000000000000000000000*8f92
RX # PAI1,TRAIN,208,1409
TX PAI1,TRAIN,209,2,0000408000000000000000000000000000000000000000000000000000000000000000000000000000000000000000000000000000000000000000000000000000000000000000000000000000000000000000000000000000000000000000000000000000000000000000000000000000000000000000000000000000000000*d75d
RX # PAI1,TRAIN,209,1409
TX PAI1,TRAIN,210,3,0000000040800000000000000000000000000000000000000000000000000000000000000000000000000000000000000000000000000000000000000000000000000000000000000000000000000000000000000000000000000000000000000000000000000000000000000000000000000000000000000000000000000000*ab00
RX # PAI1,TRAIN,210,1408
TX PAI1,TRAIN,211,4,0000000000004080000000000000000000000000000000000000000000000000000000000000000000000000000000000000000000000000000000000000000000000000000000000000000000000000000000000000000000000000000000000000000000000000000000000000000000000000000000000000000000000000*1407
RX # PAI1,TRAIN,211,1409
TX PAI1,TRAIN,212,1,4080000000000000000000000000000000000000000000000000000000000000000000000000000000000000000000000000000000000000000000000000000000000000000000000000000000000000000000000000000000000000000000000000000000000000000000000000000000000000000000000000000000000000*fbaa
RX # PAI1,TRAIN,212,1410
TX PAI1,TRAIN,213,2,0000408000000000000000000000000000000000000000000000000000000000000000000000000000000000000000000000000000000000000000000000000000000000000000000000000000000000000000000000000000000000000000000000000000000000000000000000000000000000000000000000000000000000*a365
RX # PAI1,TRAIN,213,1408
TX PAI1,TRAIN,214,3,0000000040800000000000000000000000000000000000000000000000000000000000000000000000000000000000000000000000000000000000000000000000000000000000000000000000000000000000000000000000000000000000000000000000000000000000000000000000000000000000000000000000000000*177d
RX # PAI1,TRAIN,214,1412
TX PAI1,TRAIN,215,4,0000000000004080000000000000000000000000000000000000000000000000000000000000000000000000000000000000000000000000000000000000000000000000000000000000000000000000000000000000000000000000000000000000000000000000000000000000000000000000000000000000000000000000*a87a
RX # PAI1,TRAIN,215,1409
TX PAI1,PREDICT,216,4080000000000000000000000000000000000000000000000000000000000000000000000000000000000000000000000000000000000000000000000000000000000000000000000000000000000000000000000000000000000000000000000000000000000000000000000000000000000000000000000000000000000000*049e
RX # PAI1,PREDICT,216,230,3f0a,3eaf,be28,3f26
TX PAI1,PREDICT,217,0000408000000000000000000000000000000000000000000000000000000000000000000000000000000000000000000000000000000000000000000000000000000000000000000000000000000000000000000000000000000000000000000000000000000000000000000000000000000000000000000000000000000000*781f
RX # PAI1,PREDICT,217,230,be48,3f81,bda8,3ece
TX PAI1,PREDICT,218,0000000040800000000000000000000000000000000000000000000000000000000000000000000000000000000000000000000000000000000000000000000000000000000000000000000000000000000000000000000000000000000000000000000000000000000000000000000000000000000000000000000000000000*31ed
RX # PAI1,PREDICT,218,230,3ec7,be46,3f84,bedc
TX PAI1,PREDICT,219,0000000000004080000000000000000000000000000000000000000000000000000000000000000000000000000000000000000000000000000000000000000000000000000000000000000000000000000000000000000000000000000000000000000000000000000000000000000000000000000000000000000000000000*3416
RX # PAI1,PREDICT,219,228,3e87,be5b,3ec2,3e7f
TX PAI1,INIT,220,64,32,1,2*fa91
RX # PAI1,INIT,220,64,32,4
TX PAI1,PREDICT,221,4080000000000000000000000000000000000000000000000000000000000000000000000000000000000000000000000000000000000000000000000000000000000000000000000000000000000000000000000000000000000000000000000000000000000000000000000000000000000000000000000000000000000000*62e7
RX # PAI1,PREDICT,221,231,3e35,3e5a,3e6f,3e3c
TX PAI1,PREDICT,222,0000408000000000000000000000000000000000000000000000000000000000000000000000000000000000000000000000000000000000000000000000000000000000000000000000000000000000000000000000000000000000000000000000000000000000000000000000000000000000000000000000000000000000*513f
RX # PAI1,PREDICT,222,229,3dff,3e0c,3de4,3e21
TX PAI1,PREDICT,223,0000000040800000000000000000000000000000000000000000000000000000000000000000000000000000000000000000000000000000000000000000000000000000000000000000000000000000000000000000000000000000000000000000000000000000000000000000000000000000000000000000000000000000*e463
RX # PAI1,PREDICT,223,232,3e3d,3e66,3e63,3e3f
TX PAI1,PREDICT,224,0000000000004080000000000000000000000000000000000000000000000000000000000000000000000000000000000000000000000000000000000000000000000000000000000000000000000000000000000000000000000000000000000000000000000000000000000000000000000000000000000000000000000000*3073
RX # PAI1,PREDICT,224,233,3df0,3e14,3e27,3e0a
TX PAI1,TRAIN,225,1,4080000000000000000000000000000000000000000000000000000000000000000000000000000000000000000000000000000000000000000000000000000000000000000000000000000000000000000000000000000000000000000000000000000000000000000000000000000000000000000000000000000000000000*b598
RX # PAI1,TRAIN,225,1413
TX PAI1,TRAIN,226,2,0000408000000000000000000000000000000000000000000000000000000000000000000000000000000000000000000000000000000000000000000000000000000000000000000000000000000000000000000000000000000000000000000000000000000000000000000000000000000000000000000000000000000000*3b79
RX # PAI1,TRAIN,226,1412
TX PAI1,TRAIN,227,3,0000000040800000000000000000000000000000000000000000000000000000000000000000000000000000000000000000000000000000000000000000000000000000000000000000000000000000000000000000000000000000000000000000000000000000000000000000000000000000000000000000000000000000*e532
RX # PAI1,TRAIN,227,1407
TX PAI1,TRAIN,228,4,0000000000004080000000000000000000000000000000000000000000000000000000000000000000000000000000000000000000000000000000000000000000000000000000000000000000000000000000000000000000000000000000000000000000000000000000000000000000000000000000000000000000000000*58bd
RX # PAI1,TRAIN,228,1408
TX PAI1,TRAIN,229,1,4080000000000000000000000000000000000000000000000000000000000000000000000000000000000000000000000000000000000000000000000000000000000000000000000000000000000000000000000000000000000000000000000000000000000000000000000000000000000000000000000000000000000000*613e
RX # PAI1,TRAIN,229,1411
TX PAI1,TRAIN,230,2,0000408000000000000000000000000000000000000000000000000000000000000000000000000000000000000000000000000000000000000000000000000000000000000000000000000000000000000000000000000000000000000000000000000000000000000000000000000000000000000000000000000000000000*9be7
RX # PAI1,TRAIN,230,1408
TX PAI1,TRAIN,231,3,0000000040800000000000000000000000000000000000000000000000000000000000000000000000000000000000000000000000000000000000000000000000000000000000000000000000000000000000000000000000000000000000000000000000000000000000000000000000000000000000000000000000000000*45ac
RX # PAI1,TRAIN,231,1412
TX PAI1,TRAIN,232,4,0000000000004080000000000000000000000000000000000000000000000000000000000000000000000000000000000000000000000000000000000000000000000000000000000000000000000000000000000000000000000000000000000000000000000000000000000000000000000000000000000000000000000000*2c85
RX # PAI1,TRAIN,232,1413
TX PAI1,TRAIN,233,1,4080000000000000000000000000000000000000000000000000000000000000000000000000000000000000000000000000000000000000000000000000000000000000000000000000000000000000000000000000000000000000000000000000000000000000000000000000000000000000000000000000000000000000*1506
RX # PAI1,TRAIN,233,1414
TX PAI1,TRAIN,234,2,0000408000000000000000000000000000000000000000000000000000000000000000000000000000000000000000000000000000000000000000000000000000000000000000000000000000000000000000000000000000000000000000000000000000000000000000000000000000000000000000000000000000000000*279a
RX # PAI1,TRAIN,234,1412
TX PAI1,TRAIN,235,3,0000000040800000000000000000000000000000000000000000000000000000000000000000000000000000000000000000000000000000000000000000000000000000000000000000000000000000000000000000000000000000000000000000000000000000000000000000000000000000000000000000000000000000*f9d1
RX # PAI1,TRAIN,235,1412
TX PAI1,TRAIN,236,4,0000000000004080000000000000000000000000000000000000000000000000000000000000000000000000000000000000000000000000000000000000000000000000000000000000000000000000000000000000000000000000000000000000000000000000000000000000000000000000000000000000000000000000*90f8
RX # PAI1,TRAIN,236,1407
TX PAI1,TRAIN,237,1,4080000000000000000000000000000000000000000000000000000000000000000000000000000000000000000000000000000000000000000000000000000000000000000000000000000000000000000000000000000000000000000000000000000000000000000000000000000000000000000000000000000000000000*a97b
RX # PAI1,TRAIN,237,1410
TX PAI1,TRAIN,238,2,0000408000000000000000000000000000000000000000000000000000000000000000000000000000000000000000000000000000000000000000000000000000000000000000000000000000000000000000000000000000000000000000000000000000000000000000000000000000000000000000000000000000000000*f33c
RX # PAI1,TRAIN,238,1407
TX PAI1,TRAIN,239,3,0000000040800000000000000000000000000000000000000000000000000000000000000000000000000000000000000000000000000000000000000000000000000000000000000000000000000000000000000000000000000000000000000000000000000000000000000000000000000000000000000000000000000000*2d77
RX # PAI1,TRAIN,239,1410
TX PAI1,TRAIN,240,4,0000000000004080000000000000000000000000000000000000000000000000000000000000000000000000000000000000000000000000000000000000000000000000000000000000000000000000000000000000000000000000000000000000000000000000000000000000000000000000000000000000000000000000*ae8a
RX # PAI1,TRAIN,240,1407
TX PAI1,TRAIN,241,1,4080000000000000000000000000000000000000000000000000000000000000000000000000000000000000000000000000000000000000000000000000000000000000000000000000000000000000000000000000000000000000000000000000000000000000000000000000000000000000000000000000000000000000*9709
RX # PAI1,TRAIN,241,1407
TX PAI1,TRAIN,242,2,0000408000000000000000000000000000000000000000000000000000000000000000000000000000000000000000000000000000000000000000000000000000000000000000000000000000000000000000000000000000000000000000000000000000000000000000000000000000000000000000000000000000000000*19e8
RX # PAI1,TRAIN,242,1407
TX PAI1,TRAIN,243,3,0000000040800000000000000000000000000000000000000000000000000000000000000000000000000000000000000000000000000000000000000000000000000000000000000000000000000000000000000000000000000000000000000000000000000000000000000000000000000000000000000000000000000000*c7a3
RX # PAI1,TRAIN,243,1411
TX PAI1,TRAIN,244,4,0000000000004080000000000000000000000000000000000000000000000000000000000000000000000000000000000000000000000000000000000000000000000000000000000000000000000000000000000000000000000000000000000000000000000000000000000000000000000000000000000000000000000000*12f7
RX # PAI1,TRAIN,244,1411
TX PAI1,TRAIN,245,1,4080000000000000000000000000000000000000000000000000000000000000000000000000000000000000000000000000000000000000000000000000000000000000000000000000000000000000000000000000000000000000000000000000000000000000000000000000000000000000000000000000000000000000*2b74
RX # PAI1,TRAIN,245,1414
TX PAI1,TRAIN,246,2,0000408000000000000000000000000000000000000000000000000000000000000000000000000000000000000000000000000000000000000000000000000000000000000000000000000000000000000000000000000000000000000000000000000000000000000000000000000000000000000000000000000000000000*a595
RX # PAI1,TRAIN,246,1414
TX PAI1,TRAIN,247,3,0000000040800000000000000000000000000000000000000000000000000000000000000000000000000000000000000000000000000000000000000000000000000000000000000000000000000000000000000000000000000000000000000000000000000000000000000000000000000000000000000000000000000000*7bde
RX # PAI1,TRAIN,247,1411
TX PAI1,TRAIN,248,4,0000000000004080000000000000000000000000000000000000000000000000000000000000000000000000000000000000000000000000000000000000000000000000000000000000000000000000000000000000000000000000000000000000000000000000000000000000000000000000000000000000000000000000*c651
RX # PAI1,TRAIN,248,1408
TX PAI1,TRAIN,249,1,4080000000000000000000000000000000000000000000000000000000000000000000000000000000000000000000000000000000000000000000000000000000000000000000000000000000000000000000000000000000000000000000000000000000000000000000000000000000000000000000000000000000000000*ffd2
RX # PAI1,TRAIN,249,1413
TX PAI1,TRAIN,250,2,0000408000000000000000000000000000000000000000000000000000000000000000000000000000000000000000000000000000000000000000000000000000000000000000000000000000000000000000000000000000000000000000000000000000000000000000000000000000000000000000000000000000000000*050b
RX # PAI1,TRAIN,250,1411
TX PAI1,TRAIN,251,3,0000000040800000000000000000000000000000000000000000000000000000000000000000000000000000000000000000000000000000000000000000000000000000000000000000000000000000000000000000000000000000000000000000000000000000000000000000000000000000000000000000000000000000*db40
RX # PAI1,TRAIN,251,1413
TX PAI1,TRAIN,252,4,0000000000004080000000000000000000000000000000000000000000000000000000000000000000000000000000000000000000000000000000000000000000000000000000000000000000000000000000000000000000000000000000000000000000000000000000000000000000000000000000000000000000000000*b269
RX # PAI1,TRAIN,252,1411
TX PAI1,TRAIN,253,1,4080000000000000000000000000000000000000000000000000000000000000000000000000000000000000000000000000000000000000000000000000000000000000000000000000000000000000000000000000000000000000000000000000000000000000000000000000000000000000000000000000000000000000*8bea
RX # PAI1,TRAIN,253,1413
TX PAI1,TRAIN,254,2,0000408000000000000000000000000000000000000000000000000000000000000000000000000000000000000000000000000000000000000000000000000000000000000000000000000000000000000000000000000000000000000000000000000000000000000000000000000000000000000000000000000000000000*b976
RX # PAI1,TRAIN,254,1412
TX PAI1,TRAIN,255,3,0000000040800000000000000000000000000000000000000000000000000000000000000000000000000000000000000000000000000000000000000000000000000000000000000000000000000000000000000000000000000000000000000000000000000000000000000000000000000000000000000000000000000000*673d
RX # PAI1,TRAIN,255,1413
TX PAI1,TRAIN,256,4,0000000000004080000000000000000000000000000000000000000000000000000000000000000000000000000000000000000000000000000000000000000000000000000000000000000000000000000000000000000000000000000000000000000000000000000000000000000000000000000000000000000000000000*0e14
RX # PAI1,TRAIN,256,1413
TX PAI1,TRAIN,257,1,4080000000000000000000000000000000000000000000000000000000000000000000000000000000000000000000000000000000000000000000000000000000000000000000000000000000000000000000000000000000000000000000000000000000000000000000000000000000000000000000000000000000000000*3797
RX # PAI1,TRAIN,257,1411
TX PAI1,TRAIN,258,2,0000408000000000000000000000000000000000000000000000000000000000000000000000000000000000000000000000000000000000000000000000000000000000000000000000000000000000000000000000000000000000000000000000000000000000000000000000000000000000000000000000000000000000*6dd0
RX # PAI1,TRAIN,258,1413
TX PAI1,TRAIN,259,3,0000000040800000000000000000000000000000000000000000000000000000000000000000000000000000000000000000000000000000000000000000000000000000000000000000000000000000000000000000000000000000000000000000000000000000000000000000000000000000000000000000000000000000*b39b
RX # PAI1,TRAIN,259,1408
TX PAI1,TRAIN,260,4,0000000000004080000000000000000000000000000000000000000000000000000000000000000000000000000000000000000000000000000000000000000000000000000000000000000000000000000000000000000000000000000000000000000000000000000000000000000000000000000000000000000000000000*2b31
RX # PAI1,TRAIN,260,1413
TX PAI1,TRAIN,261,1,4080000000000000000000000000000000000000000000000000000000000000000000000000000000000000000000000000000000000000000000000000000000000000000000000000000000000000000000000000000000000000000000000000000000000000000000000000000000000000000000000000000000000000*12b2
RX # PAI1,TRAIN,261,1412
TX PAI1,TRAIN,262,2,0000408000000000000000000000000000000000000000000000000000000000000000000000000000000000000000000000000000000000000000000000000000000000000000000000000000000000000000000000000000000000000000000000000000000000000000000000000000000000000000000000000000000000*9c53
RX # PAI1,TRAIN,262,1412
TX PAI1,TRAIN,263,3,0000000040800000000000000000000000000000000000000000000000000000000000000000000000000000000000000000000000000000000000000000000000000000000000000000000000000000000000000000000000000000000000000000000000000000000000000000000000000000000000000000000000000000*4218
RX # PAI1,TRAIN,263,1413
TX PAI1,TRAIN,264,4,0000000000004080000000000000000000000000000000000000000000000000000000000000000000000000000000000000000000000000000000000000000000000000000000000000000000000000000000000000000000000000000000000000000000000000000000000000000000000000000000000000000000000000*974c
RX # PAI1,TRAIN,264,1413
TX PAI1,TRAIN,265,1,4080000000000000000000000000000000000000000000000000000000000000000000000000000000000000000000000000000000000000000000000000000000000000000000000000000000000000000000000000000000000000000000000000000000000000000000000000000000000000000000000000000000000000*aecf
RX # PAI1,TRAIN,265,1412
TX PAI1,TRAIN,266,2,0000408000000000000000000000000000000000000000000000000000000000000000000000000000000000000000000000000000000000000000000000000000000000000000000000000000000000000000000000000000000000000000000000000000000000000000000000000000000000000000000000000000000000*202e
RX # PAI1,TRAIN,266,1414
TX PAI1,TRAIN,267,3,0000000040800000000000000000000000000000000000000000000000000000000000000000000000000000000000000000000000000000000000000000000000000000000000000000000000000000000000000000000000000000000000000000000000000000000000000000000000000000000000000000000000000000*fe65
RX # PAI1,TRAIN,267,1412
TX PAI1,TRAIN,268,4,0000000000004080000000000000000000000000000000000000000000000000000000000000000000000000000000000000000000000000000000000000000000000000000000000000000000000000000000000000000000000000000000000000000000000000000000000000000000000000000000000000000000000000*43ea
RX # PAI1,TRAIN,268,1414
TX PAI1,TRAIN,269,1,4080000000000000000000000000000000000000000000000000000000000000000000000000000000000000000000000000000000000000000000000000000000000000000000000000000000000000000000000000000000000000000000000000000000000000000000000000000000000000000000000000000000000000*7a69
RX # PAI1,TRAIN,269,1412
TX PAI1,TRAIN,270,2,0000408000000000000000000000000000000000000000000000000000000000000000000000000000000000000000000000000000000000000000000000000000000000000000000000000000000000000000000000000000000000000000000000000000000000000000000000000000000000000000000000000000000000*80b0
RX # PAI1,TRAIN,270,1413
TX PAI1,TRAIN,271,3,0000000040800000000000000000000000000000000000000000000000000000000000000000000000000000000000000000000000000000000000000000000000000000000000000000000000000000000000000000000000000000000000000000000000000000000000000000000000000000000000000000000000000000*5efb
RX # PAI1,TRAIN,271,1411
TX PAI1,TRAIN,272,4,0000000000004080000000000000000000000000000000000000000000000000000000000000000000000000000000000000000000000000000000000000000000000000000000000000000000000000000000000000000000000000000000000000000000000000000000000000000000000000000000000000000000000000*37d2
RX # PAI1,TRAIN,272,1414
TX PAI1,TRAIN,273,1,4080000000000000000000000000000000000000000000000000000000000000000000000000000000000000000000000000000000000000000000000000000000000000000000000000000000000000000000000000000000000000000000000000000000000000000000000000000000000000000000000000000000000000*0e51
RX # PAI1,TRAIN,273,1413
TX PAI1,TRAIN,274,2,0000408000000000000000000000000000000000000000000000000000000000000000000000000000000000000000000000000000000000000000000000000000000000000000000000000000000000000000000000000000000000000000000000000000000000000000000000000000000000000000000000000000000000*3ccd
RX # PAI1,TRAIN,274,1411
TX PAI1,TRAIN,275,3,0000000040800000000000000000000000000000000000000000000000000000000000000000000000000000000000000000000000000000000000000000000000000000000000000000000000000000000000000000000000000000000000000000000000000000000000000000000000000000000000000000000000000000*e286
RX # PAI1,TRAIN,275,1411
TX PAI1,TRAIN,276,4,0000000000004080000000000000000000000000000000000000000000000000000000000000000000000000000000000000000000000000000000000000000000000000000000000000000000000000000000000000000000000000000000000000000000000000000000000000000000000000000000000000000000000000*8baf
RX # PAI1,TRAIN,276,1409
TX PAI1,TRAIN,277,1,4080000000000000000000000000000000000000000000000000000000000000000000000000000000000000000000000000000000000000000000000000000000000000000000000000000000000000000000000000000000000000000000000000000000000000000000000000000000000000000000000000000000000000*b22c
RX # PAI1,TRAIN,277,1413
TX PAI1,TRAIN,278,2,0000408000000000000000000000000000000000000000000000000000000000000000000000000000000000000000000000000000000000000000000000000000000000000000000000000000000000000000000000000000000000000000000000000000000000000000000000000000000000000000000000000000000000*e86b
RX # PAI1,TRAIN,278,1408
TX PAI1,TRAIN,279,3,0000000040800000000000000000000000000000000000000000000000000000000000000000000000000000000000000000000000000000000000000000000000000000000000000000000000000000000000000000000000000000000000000000000000000000000000000000000000000000000000000000000000000000*3620
RX # PAI1,TRAIN,279,1414
TX PAI1,TRAIN,280,4,0000000000004080000000000000000000000000000000000000000000000000000000000000000000000000000000000000000000000000000000000000000000000000000000000000000000000000000000000000000000000000000000000000000000000000000000000000000000000000000000000000000000000000*8373
RX # PAI1,TRAIN,280,1412
TX PAI1,TRAIN,281,1,4080000000000000000000000000000000000000000000000000000000000000000000000000000000000000000000000000000000000000000000000000000000000000000000000000000000000000000000000000000000000000000000000000000000000000000000000000000000000000000000000000000000000000*baf0
RX # PAI1,TRAIN,281,1412
TX PAI1,TRAIN,282,2,0000408000000000000000000000000000000000000000000000000000000000000000000000000000000000000000000000000000000000000000000000000000000000000000000000000000000000000000000000000000000000000000000000000000000000000000000000000000000000000000000000000000000000*3411
RX # PAI1,TRAIN,282,1413
TX PAI1,TRAIN,283,3,0000000040800000000000000000000000000000000000000000000000000000000000000000000000000000000000000000000000000000000000000000000000000000000000000000000000000000000000000000000000000000000000000000000000000000000000000000000000000000000000000000000000000000*ea5a
RX # PAI1,TRAIN,283,1412
TX PAI1,TRAIN,284,4,0000000000004080000000000000000000000000000000000000000000000000000000000000000000000000000000000000000000000000000000000000000000000000000000000000000000000000000000000000000000000000000000000000000000000000000000000000000000000000000000000000000000000000*3f0e
RX # PAI1,TRAIN,284,1406
TX PAI1,TRAIN,285,1,4080000000000000000000000000000000000000000000000000000000000000000000000000000000000000000000000000000000000000000000000000000000000000000000000000000000000000000000000000000000000000000000000000000000000000000000000000000000000000000000000000000000000000*068d
RX # PAI1,TRAIN,285,1414
TX PAI1,TRAIN,286,2,0000408000000000000000000000000000000000000000000000000000000000000000000000000000000000000000000000000000000000000000000000000000000000000000000000000000000000000000000000000000000000000000000000000000000000000000000000000000000000000000000000000000000000*886c
RX # PAI1,TRAIN,286,1407
TX PAI1,TRAIN,287,3,0000000040800000000000000000000000000000000000000000000000000000000000000000000000000000000000000000000000000000000000000000000000000000000000000000000000000000000000000000000000000000000000000000000000000000000000000000000000000000000000000000000000000000*5627
RX # PAI1,TRAIN,287,1406
TX PAI1,TRAIN,288,4,0000000000004080000000000000000000000000000000000000000000000000000000000000000000000000000000000000000000000000000000000000000000000000000000000000000000000000000000000000000000000000000000000000000000000000000000000000000000000000000000000000000000000000*eba8
RX # PAI1,TRAIN,288,1412
TX PAI1,PREDICT,289,4080000000000000000000000000000000000000000000000000000000000000000000000000000000000000000000000000000000000000000000000000000000000000000000000000000000000000000000000000000000000000000000000000000000000000000000000000000000000000000000000000000000000000*1f46
RX # PAI1,PREDICT,289,226,3f0a,3eaf,be28,3f26
TX PAI1,PREDICT,290,0000408000000000000000000000000000000000000000000000000000000000000000000000000000000000000000000000000000000000000000000000000000000000000000000000000000000000000000000000000000000000000000000000000000000000000000000000000000000000000000000000000000000000*b687
RX # PAI1,PREDICT,290,234,be48,3f81,bda8,3ece
TX PAI1,PREDICT,291,0000000040800000000000000000000000000000000000000000000000000000000000000000000000000000000000000000000000000000000000000000000000000000000000000000000000000000000000000000000000000000000000000000000000000000000000000000000000000000000000000000000000000000*03db
RX # PAI1,PREDICT,291,228,3ec7,be46,3f84,bedc
TX PAI1,PREDICT,292,0000000000004080000000000000000000000000000000000000000000000000000000000000000000000000000000000000000000000000000000000000000000000000000000000000000000000000000000000000000000000000000000000000000000000000000000000000000000000000000000000000000000000000*4979
RX # PAI1,PREDICT,292,231,3e87,be5b,3ec2,3e7f
TX PAI1,INIT,293,128,32,1,2*4c20
RX # PAI1,INIT,293,128,32,4
TX PAI1,PREDICT,294,40800000000000000000000000000000000000000000000000000000000000000000000000000000000000000000000000000000000000000000000000000000000000000000000000000000000000000000000000000000000000000000000000000000000000000000000000000000000000000000000000000000000000000000000000000000000000000000000000000000000000000000000000000000000000000000000000000000000000000000000000000000000000000000000000000000000000000000000000000000000000000000000000000000000000000000000000000000000000000000000000000000000000000000000000000000*9731
RX # PAI1,PREDICT,294,407,3e05,3e1b,3e36,3e27
TX PAI1,PREDICT,295,00004080000000000000000000000000000000000000000000000000000000000000000000000000000000000000000000000000000000000000000000000000000000000000000000000000000000000000000000000000000000000000000000000000000000000000000000000000000000000000000000000000000000000000000000000000000000000000000000000000000000000000000000000000000000000000000000000000000000000000000000000000000000000000000000000000000000000000000000000000000000000000000000000000000000000000000000000000000000000000000000000000000000000000000000000000*31f3
RX # PAI1,PREDICT,295,404,3e26,3e5b,3e21,3e70
TX PAI1,PREDICT,296,00000000408000000000000000000000000000000000000000000000000000000000000000000000000000000000000000000000000000000000000000000000000000000000000000000000000000000000000000000000000000000000000000000000000000000000000000000000000000000000000000000000000000000000000000000000000000000000000000000000000000000000000000000000000000000000000000000000000000000000000000000000000000000000000000000000000000000000000000000000000000000000000000000000000000000000000000000000000000000000000000000000000000000000000000000000*0d72
RX # PAI1,PREDICT,296,405,3e00,3e32,3e42,3e01
TX PAI1,PREDICT,297,00000000000040800000000000000000000000000000000000000000000000000000000000000000000000000000000000000000000000000000000000000000000000000000000000000000000000000000000000000000000000000000000000000000000000000000000000000000000000000000000000000000000000000000000000000000000000000000000000000000000000000000000000000000000000000000000000000000000000000000000000000000000000000000000000000000000000000000000000000000000000000000000000000000000000000000000000000000000000000000000000000000000000000000000000000000*8d4b
RX # PAI1,PREDICT,297,405,3e13,3e06,3e36,3e24
TX PAI1,TRAIN,298,1,40800000000000000000000000000000000000000000000000000000000000000000000000000000000000000000000000000000000000000000000000000000000000000000000000000000000000000000000000000000000000000000000000000000000000000000000000000000000000000000000000000000000000000000000000000000000000000000000000000000000000000000000000000000000000000000000000000000000000000000000000000000000000000000000000000000000000000000000000000000000000000000000000000000000000000000000000000000000000000000000000000000000000000000000000000000*6395
RX # PAI1,TRAIN,298,1587
TX PAI1,TRAIN,299,2,00004080000000000000000000000000000000000000000000000000000000000000000000000000000000000000000000000000000000000000000000000000000000000000000000000000000000000000000000000000000000000000000000000000000000000000000000000000000000000000000000000000000000000000000000000000000000000000000000000000000000000000000000000000000000000000000000000000000000000000000000000000000000000000000000000000000000000000000000000000000000000000000000000000000000000000000000000000000000000000000000000000000000000000000000000000*4e2a
RX # PAI1,TRAIN,299,1586
TX PAI1,TRAIN,300,3,00000000408000000000000000000000000000000000000000000000000000000000000000000000000000000000000000000000000000000000000000000000000000000000000000000000000000000000000000000000000000000000000000000000000000000000000000000000000000000000000000000000000000000000000000000000000000000000000000000000000000000000000000000000000000000000000000000000000000000000000000000000000000000000000000000000000000000000000000000000000000000000000000000000000000000000000000000000000000000000000000000000000000000000000000000000*7f24
RX # PAI1,TRAIN,300,1587
TX PAI1,TRAIN,301,4,00000000000040800000000000000000000000000000000000000000000000000000000000000000000000000000000000000000000000000000000000000000000000000000000000000000000000000000000000000000000000000000000000000000000000000000000000000000000000000000000000000000000000000000000000000000000000000000000000000000000000000000000000000000000000000000000000000000000000000000000000000000000000000000000000000000000000000000000000000000000000000000000000000000000000000000000000000000000000000000000000000000000000000000000000000000*62a5
RX # PAI1,TRAIN,301,1587
TX PAI1,TRAIN,302,1,40800000000000000000000000000000000000000000000000000000000000000000000000000000000000000000000000000000000000000000000000000000000000000000000000000000000000000000000000000000000000000000000000000000000000000000000000000000000000000000000000000000000000000000000000000000000000000000000000000000000000000000000000000000000000000000000000000000000000000000000000000000000000000000000000000000000000000000000000000000000000000000000000000000000000000000000000000000000000000000000000000000000000000000000000000000*f579
RX # PAI1,TRAIN,302,1586
TX PAI1,TRAIN,303,2,00004080000000000000000000000000000000000000000000000000000000000000000000000000000000000000000000000000000000000000000000000000000000000000000000000000000000000000000000000000000000000000000000000000000000000000000000000000000000000000000000000000000000000000000000000000000000000000000000000000000000000000000000000000000000000000000000000000000000000000000000000000000000000000000000000000000000000000000000000000000000000000000000000000000000000000000000000000000000000000000000000000000000000000000000000000*d8c6
RX # PAI1,TRAIN,303,1586
TX PAI1,TRAIN,304,3,00000000408000000000000000000000000000000000000000000000000000000000000000000000000000000000000000000000000000000000000000000000000000000000000000000000000000000000000000000000000000000000000000000000000000000000000000000000000000000000000000000000000000000000000000000000000000000000000000000000000000000000000000000000000000000000000000000000000000000000000000000000000000000000000000000000000000000000000000000000000000000000000000000000000000000000000000000000000000000000000000000000000000000000000000000000*5f18
RX # PAI1,TRAIN,304,1587
TX PAI1,TRAIN,305,4,00000000000040800000000000000000000000000000000000000000000000000000000000000000000000000000000000000000000000000000000000000000000000000000000000000000000000000000000000000000000000000000000000000000000000000000000000000000000000000000000000000000000000000000000000000000000000000000000000000000000000000000000000000000000000000000000000000000000000000000000000000000000000000000000000000000000000000000000000000000000000000000000000000000000000000000000000000000000000000000000000000000000000000000000000000000*4299
RX # PAI1,TRAIN,305,1586
TX PAI1,TRAIN,306,1,40800000000000000000000000000000000000000000000000000000000000000000000000000000000000000000000000000000000000000000000000000000000000000000000000000000000000000000000000000000000000000000000000000000000000000000000000000000000000000000000000000000000000000000000000000000000000000000000000000000000000000000000000000000000000000000000000000000000000000000000000000000000000000000000000000000000000000000000000000000000000000000000000000000000000000000000000000000000000000000000000000000000000000000000000000000*d545
RX # PAI1,TRAIN,306,1586
TX PAI1,TRAIN,307,2,00004080000000000000000000000000000000000000000000000000000000000000000000000000000000000000000000000000000000000000000000000000000000000000000000000000000000000000000000000000000000000000000000000000000000000000000000000000000000000000000000000000000000000000000000000000000000000000000000000000000000000000000000000000000000000000000000000000000000000000000000000000000000000000000000000000000000000000000000000000000000000000000000000000000000000000000000000000000000000000000000000000000000000000000000000000*f8fa
RX # PAI1,TRAIN,307,1583
TX PAI1,TRAIN,308,3,00000000408000000000000000000000000000000000000000000000000000000000000000000000000000000000000000000000000000000000000000000000000000000000000000000000000000000000000000000000000000000000000000000000000000000000000000000000000000000000000000000000000000000000000000000000000000000000000000000000000000000000000000000000000000000000000000000000000000000000000000000000000000000000000000000000000000000000000000000000000000000000000000000000000000000000000000000000000000000000000000000000000000000000000000000000*3f5c
RX # PAI1,TRAIN,308,1585
TX PAI1,TRAIN,309,4,00000000000040800000000000000000000000000000000000000000000000000000000000000000000000000000000000000000000000000000000000000000000000000000000000000000000000000000000000000000000000000000000000000000000000000000000000000000000000000000000000000000000000000000000000000000000000000000000000000000000000000000000000000000000000000000000000000000000000000000000000000000000000000000000000000000000000000000000000000000000000000000000000000000000000000000000000000000000000000000000000000000000000000000000000000000*22dd
RX # PAI1,TRAIN,309,1589
TX PAI1,TRAIN,310,1,40800000000000000000000000000000000000000000000000000000000000000000000000000000000000000000000000000000000000000000000000000000000000000000000000000000000000000000000000000000000000000000000000000000000000000000000000000000000000000000000000000000000000000000000000000000000000000000000000000000000000000000000000000000000000000000000000000000000000000000000000000000000000000000000000000000000000000000000000000000000000000000000000000000000000000000000000000000000000000000000000000000000000000000000000000000*6b6f
RX # PAI1,TRAIN,310,1585
TX PAI1,TRAIN,311,2,00004080000000000000000000000000000000000000000000000000000000000000000000000000000000000000000000000000000000000000000000000000000000000000000000000000000000000000000000000000000000000000000000000000000000000000000000000000000000000000000000000000000000000000000000000000000000000000000000000000000000000000000000000000000000000000000000000000000000000000000000000000000000000000000000000000000000000000000000000000000000000000000000000000000000000000000000000000000000000000000000000000000000000000000000000000*46d0
RX # PAI1,TRAIN,311,1583
TX PAI1,TRAIN,312,3,00000000408000000000000000000000000000000000000000000000000000000000000000000000000000000000000000000000000000000000000000000000000000000000000000000000000000000000000000000000000000000000000000000000000000000000000000000000000000000000000000000000000000000000000000000000000000000000000000000000000000000000000000000000000000000000000000000000000000000000000000000000000000000000000000000000000000000000000000000000000000000000000000000000000000000000000000000000000000000000000000000000000000000000000000000000*e132
RX # PAI1,TRAIN,312,1584
TX PAI1,TRAIN,313,4,00000000000040800000000000000000000000000000000000000000000000000000000000000000000000000000000000000000000000000000000000000000000000000000000000000000000000000000000000000000000000000000000000000000000000000000000000000000000000000000000000000000000000000000000000000000000000000000000000000000000000000000000000000000000000000000000000000000000000000000000000000000000000000000000000000000000000000000000000000000000000000000000000000000000000000000000000000000000000000000000000000000000000000000000000000000*fcb3
RX # PAI1,TRAIN,313,1583
TX PAI1,TRAIN,314,1,40800000000000000000000000000000000000000000000000000000000000000000000000000000000000000000000000000000000000000000000000000000000000000000000000000000000000000000000000000000000000000000000000000000000000000000000000000000000000000000000000000000000000000000000000000000000000000000000000000000000000000000000000000000000000000000000000000000000000000000000000000000000000000000000000000000000000000000000000000000000000000000000000000000000000000000000000000000000000000000000000000000000000000000000000000000*4b53
RX # PAI1,TRAIN,314,1583
TX PAI1,TRAIN,315,2,00004080000000000000000000000000000000000000000000000000000000000000000000000000000000000000000000000000000000000000000000000000000000000000000000000000000000000000000000000000000000000000000000000000000000000000000000000000000000000000000000000000000000000000000000000000000000000000000000000000000000000000000000000000000000000000000000000000000000000000000000000000000000000000000000000000000000000000000000000000000000000000000000000000000000000000000000000000000000000000000000000000000000000000000000000000*66ec
RX # PAI1,TRAIN,315,1586
TX PAI1,TRAIN,316,3,00000000408000000000000000000000000000000000000000000000000000000000000000000000000000000000000000000000000000000000000000000000000000000000000000000000000000000000000000000000000000000000000000000000000000000000000000000000000000000000000000000000000000000000000000000000000000000000000000000000000000000000000000000000000000000000000000000000000000000000000000000000000000000000000000000000000000000000000000000000000000000000000000000000000000000000000000000000000000000000000000000000000000000000000000000000*c10e
RX # PAI1,TRAIN,316,1585
TX PAI1,TRAIN,317,4,00000000000040800000000000000000000000000000000000000000000000000000000000000000000000000000000000000000000000000000000000000000000000000000000000000000000000000000000000000000000000000000000000000000000000000000000000000000000000000000000000000000000000000000000000000000000000000000000000000000000000000000000000000000000000000000000000000000000000000000000000000000000000000000000000000000000000000000000000000000000000000000000000000000000000000000000000000000000000000000000000000000000000000000000000000000*dc8f
RX # PAI1,TRAIN,317,1588
TX PAI1,TRAIN,318,1,40800000000000000000000000000000000000000000000000000000000000000000000000000000000000000000000000000000000000000000000000000000000000000000000000000000000000000000000000000000000000000000000000000000000000000000000000000000000000000000000000000000000000000000000000000000000000000000000000000000000000000000000000000000000000000000000000000000000000000000000000000000000000000000000000000000000000000000000000000000000000000000000000000000000000000000000000000000000000000000000000000000000000000000000000000000*2b17
RX # PAI1,TRAIN,318,1586
TX PAI1,TRAIN,319,2,00004080000000000000000000000000000000000000000000000000000000000000000000000000000000000000000000000000000000000000000000000000000000000000000000000000000000000000000000000000000000000000000000000000000000000000000000000000000000000000000000000000000000000000000000000000000000000000000000000000000000000000000000000000000000000000000000000000000000000000000000000000000000000000000000000000000000000000000000000000000000000000000000000000000000000000000000000000000000000000000000000000000000000000000000000000*06a8
RX # PAI1,TRAIN,319,1586
TX PAI1,TRAIN,320,3,00000000408000000000000000000000000000000000000000000000000000000000000000000000000000000000000000000000000000000000000000000000000000000000000000000000000000000000000000000000000000000000000000000000000000000000000000000000000000000000000000000000000000000000000000000000000000000000000000000000000000000000000000000000000000000000000000000000000000000000000000000000000000000000000000000000000000000000000000000000000000000000000000000000000000000000000000000000000000000000000000000000000000000000000000000000*7315
RX # PAI1,TRAIN,320,1583
TX PAI1,TRAIN,321,4,00000000000040800000000000000000000000000000000000000000000000000000000000000000000000000000000000000000000000000000000000000000000000000000000000000000000000000000000000000000000000000000000000000000000000000000000000000000000000000000000000000000000000000000000000000000000000000000000000000000000000000000000000000000000000000000000000000000000000000000000000000000000000000000000000000000000000000000000000000000000000000000000000000000000000000000000000000000000000000000000000000000000000000000000000000000*6e94
RX # PAI1,TRAIN,321,1588
TX PAI1,TRAIN,322,1,40800000000000000000000000000000000000000000000000000000000000000000000000000000000000000000000000000000000000000000000000000000000000000000000000000000000000000000000000000000000000000000000000000000000000000000000000000000000000000000000000000000000000000000000000000000000000000000000000000000000000000000000000000000000000000000000000000000000000000000000000000000000000000000000000000000000000000000000000000000000000000000000000000000000000000000000000000000000000000000000000000000000000000000000000000000*f948
RX # PAI1,TRAIN,322,1586
TX PAI1,TRAIN,323,2,00004080000000000000000000000000000000000000000000000000000000000000000000000000000000000000000000000000000000000000000000000000000000000000000000000000000000000000000000000000000000000000000000000000000000000000000000000000000000000000000000000000000000000000000000000000000000000000000000000000000000000000000000000000000000000000000000000000000000000000000000000000000000000000000000000000000000000000000000000000000000000000000000000000000000000000000000000000000000000000000000000000000000000000000000000000*d4f7
RX # PAI1,TRAIN,323,1583
TX PAI1,TRAIN,324,3,00000000408000000000000000000000000000000000000000000000000000000000000000000000000000000000000000000000000000000000000000000000000000000000000000000000000000000000000000000000000000000000000000000000000000000000000000000000000000000000000000000000000000000000000000000000000000000000000000000000000000000000000000000000000000000000000000000000000000000000000000000000000000000000000000000000000000000000000000000000000000000000000000000000000000000000000000000000000000000000000000000000000000000000000000000000*5329
RX # PAI1,TRAIN,324,1586
TX PAI1,TRAIN,325,4,00000000000040800000000000000000000000000000000000000000000000000000000000000000000000000000000000000000000000000000000000000000000000000000000000000000000000000000000000000000000000000000000000000000000000000000000000000000000000000000000000000000000000000000000000000000000000000000000000000000000000000000000000000000000000000000000000000000000000000000000000000000000000000000000000000000000000000000000000000000000000000000000000000000000000000000000000000000000000000000000000000000000000000000000000000000*4ea8
RX # PAI1,TRAIN,325,1587
TX PAI1,TRAIN,326,1,40800000000000000000000000000000000000000000000000000000000000000000000000000000000000000000000000000000000000000000000000000000000000000000000000000000000000000000000000000000000000000000000000000000000000000000000000000000000000000000000000000000000000000000000000000000000000000000000000000000000000000000000000000000000000000000000000000000000000000000000000000000000000000000000000000000000000000000000000000000000000000000000000000000000000000000000000000000000000000000000000000000000000000000000000000000*d974
RX # PAI1,TRAIN,326,1584
TX PAI1,TRAIN,327,2,00004080000000000000000000000000000000000000000000000000000000000000000000000000000000000000000000000000000000000000000000000000000000000000000000000000000000000000000000000000000000000000000000000000000000000000000000000000000000000000000000000000000000000000000000000000000000000000000000000000000000000000000000000000000000000000000000000000000000000000000000000000000000000000000000000000000000000000000000000000000000000000000000000000000000000000000000000000000000000000000000000000000000000000000000000000*f4cb
RX # PAI1,TRAIN,327,1587
TX PAI1,TRAIN,328,3,00000000408000000000000000000000000000000000000000000000000000000000000000000000000000000000000000000000000000000000000000000000000000000000000000000000000000000000000000000000000000000000000000000000000000000000000000000000000000000000000000000000000000000000000000000000000000000000000000000000000000000000000000000000000000000000000000000000000000000000000000000000000000000000000000000000000000000000000000000000000000000000000000000000000000000000000000000000000000000000000000000000000000000000000000000000*336d
RX # PAI1,TRAIN,328,1582
TX PAI1,TRAIN,329,4,00000000000040800000000000000000000000000000000000000000000000000000000000000000000000000000000000000000000000000000000000000000000000000000000000000000000000000000000000000000000000000000000000000000000000000000000000000000000000000000000000000000000000000000000000000000000000000000000000000000000000000000000000000000000000000000000000000000000000000000000000000000000000000000000000000000000000000000000000000000000000000000000000000000000000000000000000000000000000000000000000000000000000000000000000000000*2eec
RX # PAI1,TRAIN,329,1585
TX PAI1,TRAIN,330,1,40800000000000000000000000000000000000000000000000000000000000000000000000000000000000000000000000000000000000000000000000000000000000000000000000000000000000000000000000000000000000000000000000000000000000000000000000000000000000000000000000000000000000000000000000000000000000000000000000000000000000000000000000000000000000000000000000000000000000000000000000000000000000000000000000000000000000000000000000000000000000000000000000000000000000000000000000000000000000000000000000000000000000000000000000000000*675e
RX # PAI1,TRAIN,330,1586
TX PAI1,TRAIN,331,2,00004080000000000000000000000000000000000000000000000000000000000000000000000000000000000000000000000000000000000000000000000000000000000000000000000000000000000000000000000000000000000000000000000000000000000000000000000000000000000000000000000000000000000000000000000000000000000000000000000000000000000000000000000000000000000000000000000000000000000000000000000000000000000000000000000000000000000000000000000000000000000000000000000000000000000000000000000000000000000000000000000000000000000000000000000000*4ae1
RX # PAI1,TRAIN,331,1585
TX PAI1,TRAIN,332,3,00000000408000000000000000000000000000000000000000000000000000000000000000000000000000000000000000000000000000000000000000000000000000000000000000000000000000000000000000000000000000000000000000000000000000000000000000000000000000000000000000000000000000000000000000000000000000000000000000000000000000000000000000000000000000000000000000000000000000000000000000000000000000000000000000000000000000000000000000000000000000000000000000000000000000000000000000000000000000000000000000000000000000000000000000000000*ed03
RX # PAI1,TRAIN,332,1582
TX PAI1,TRAIN,333,4,00000000000040800000000000000000000000000000000000000000000000000000000000000000000000000000000000000000000000000000000000000000000000000000000000000000000000000000000000000000000000000000000000000000000000000000000000000000000000000000000000000000000000000000000000000000000000000000000000000000000000000000000000000000000000000000000000000000000000000000000000000000000000000000000000000000000000000000000000000000000000000000000000000000000000000000000000000000000000000000000000000000000000000000000000000000*f082
RX # PAI1,TRAIN,333,1585
TX PAI1,TRAIN,334,1,40800000000000000000000000000000000000000000000000000000000000000000000000000000000000000000000000000000000000000000000000000000000000000000000000000000000000000000000000000000000000000000000000000000000000000000000000000000000000000000000000000000000000000000000000000000000000000000000000000000000000000000000000000000000000000000000000000000000000000000000000000000000000000000000000000000000000000000000000000000000000000000000000000000000000000000000000000000000000000000000000000000000000000000000000000000*4762
RX # PAI1,TRAIN,334,1588
TX PAI1,TRAIN,335,2,00004080000000000000000000000000000000000000000000000000000000000000000000000000000000000000000000000000000000000000000000000000000000000000000000000000000000000000000000000000000000000000000000000000000000000000000000000000000000000000000000000000000000000000000000000000000000000000000000000000000000000000000000000000000000000000000000000000000000000000000000000000000000000000000000000000000000000000000000000000000000000000000000000000000000000000000000000000000000000000000000000000000000000000000000000000*6add
RX # PAI1,TRAIN,335,1587
TX PAI1,TRAIN,336,3,00000000408000000000000000000000000000000000000000000000000000000000000000000000000000000000000000000000000000000000000000000000000000000000000000000000000000000000000000000000000000000000000000000000000000000000000000000000000000000000000000000000000000000000000000000000000000000000000000000000000000000000000000000000000000000000000000000000000000000000000000000000000000000000000000000000000000000000000000000000000000000000000000000000000000000000000000000000000000000000000000000000000000000000000000000000*cd3f
RX # PAI1,TRAIN,336,1585
TX PAI1,TRAIN,337,4,00000000000040800000000000000000000000000000000000000000000000000000000000000000000000000000000000000000000000000000000000000000000000000000000000000000000000000000000000000000000000000000000000000000000000000000000000000000000000000000000000000000000000000000000000000000000000000000000000000000000000000000000000000000000000000000000000000000000000000000000000000000000000000000000000000000000000000000000000000000000000000000000000000000000000000000000000000000000000000000000000000000000000000000000000000000*d0be
RX # PAI1,TRAIN,337,1588
TX PAI1,TRAIN,338,1,40800000000000000000000000000000000000000000000000000000000000000000000000000000000000000000000000000000000000000000000000000000000000000000000000000000000000000000000000000000000000000000000000000000000000000000000000000000000000000000000000000000000000000000000000000000000000000000000000000000000000000000000000000000000000000000000000000000000000000000000000000000000000000000000000000000000000000000000000000000000000000000000000000000000000000000000000000000000000000000000000000000000000000000000000000000*2726
RX # PAI1,TRAIN,338,1584
TX PAI1,TRAIN,339,2,00004080000000000000000000000000000000000000000000000000000000000000000000000000000000000000000000000000000000000000000000000000000000000000000000000000000000000000000000000000000000000000000000000000000000000000000000000000000000000000000000000000000000000000000000000000000000000000000000000000000000000000000000000000000000000000000000000000000000000000000000000000000000000000000000000000000000000000000000000000000000000000000000000000000000000000000000000000000000000000000000000000000000000000000000000000*0a99
RX # PAI1,TRAIN,339,1588
TX PAI1,TRAIN,340,3,00000000408000000000000000000000000000000000000000000000000000000000000000000000000000000000000000000000000000000000000000000000000000000000000000000000000000000000000000000000000000000000000000000000000000000000000000000000000000000000000000000000000000000000000000000000000000000000000000000000000000000000000000000000000000000000000000000000000000000000000000000000000000000000000000000000000000000000000000000000000000000000000000000000000000000000000000000000000000000000000000000000000000000000000000000000*6746
RX # PAI1,TRAIN,340,1586
TX PAI1,TRAIN,341,4,00000000000040800000000000000000000000000000000000000000000000000000000000000000000000000000000000000000000000000000000000000000000000000000000000000000000000000000000000000000000000000000000000000000000000000000000000000000000000000000000000000000000000000000000000000000000000000000000000000000000000000000000000000000000000000000000000000000000000000000000000000000000000000000000000000000000000000000000000000000000000000000000000000000000000000000000000000000000000000000000000000000000000000000000000000000*7ac7
RX # PAI1,TRAIN,341,1584
TX PAI1,TRAIN,342,1,40800000000000000000000000000000000000000000000000000000000000000000000000000000000000000000000000000000000000000000000000000000000000000000000000000000000000000000000000000000000000000000000000000000000000000000000000000000000000000000000000000000000000000000000000000000000000000000000000000000000000000000000000000000000000000000000000000000000000000000000000000000000000000000000000000000000000000000000000000000000000000000000000000000000000000000000000000000000000000000000000000000000000000000000000000000*ed1b
RX # PAI1,TRAIN,342,1584
TX PAI1,TRAIN,343,2,00004080000000000000000000000000000000000000000000000000000000000000000000000000000000000000000000000000000000000000000000000000000000000000000000000000000000000000000000000000000000000000000000000000000000000000000000000000000000000000000000000000000000000000000000000000000000000000000000000000000000000000000000000000000000000000000000000000000000000000000000000000000000000000000000000000000000000000000000000000000000000000000000000000000000000000000000000000000000000000000000000000000000000000000000000000*c0a4
RX # PAI1,TRAIN,343,1587
TX PAI1,TRAIN,344,3,00000000408000000000000000000000000000000000000000000000000000000000000000000000000000000000000000000000000000000000000000000000000000000000000000000000000000000000000000000000000000000000000000000000000000000000000000000000000000000000000000000000000000000000000000000000000000000000000000000000000000000000000000000000000000000000000000000000000000000000000000000000000000000000000000000000000000000000000000000000000000000000000000000000000000000000000000000000000000000000000000000000000000000000000000000000*477a
RX # PAI1,TRAIN,344,1582
TX PAI1,TRAIN,345,4,00000000000040800000000000000000000000000000000000000000000000000000000000000000000000000000000000000000000000000000000000000000000000000000000000000000000000000000000000000000000000000000000000000000000000000000000000000000000000000000000000000000000000000000000000000000000000000000000000000000000000000000000000000000000000000000000000000000000000000000000000000000000000000000000000000000000000000000000000000000000000000000000000000000000000000000000000000000000000000000000000000000000000000000000000000000*5afb
RX # PAI1,TRAIN,345,1589
TX PAI1,TRAIN,346,1,40800000000000000000000000000000000000000000000000000000000000000000000000000000000000000000000000000000000000000000000000000000000000000000000000000000000000000000000000000000000000000000000000000000000000000000000000000000000000000000000000000000000000000000000000000000000000000000000000000000000000000000000000000000000000000000000000000000000000000000000000000000000000000000000000000000000000000000000000000000000000000000000000000000000000000000000000000000000000000000000000000000000000000000000000000000*cd27
RX # PAI1,TRAIN,346,1582
TX PAI1,TRAIN,347,2,00004080000000000000000000000000000000000000000000000000000000000000000000000000000000000000000000000000000000000000000000000000000000000000000000000000000000000000000000000000000000000000000000000000000000000000000000000000000000000000000000000000000000000000000000000000000000000000000000000000000000000000000000000000000000000000000000000000000000000000000000000000000000000000000000000000000000000000000000000000000000000000000000000000000000000000000000000000000000000000000000000000000000000000000000000000*e098
RX # PAI1,TRAIN,347,1587
TX PAI1,TRAIN,348,3,00000000408000000000000000000000000000000000000000000000000000000000000000000000000000000000000000000000000000000000000000000000000000000000000000000000000000000000000000000000000000000000000000000000000000000000000000000000000000000000000000000000000000000000000000000000000000000000000000000000000000000000000000000000000000000000000000000000000000000000000000000000000000000000000000000000000000000000000000000000000000000000000000000000000000000000000000000000000000000000000000000000000000000000000000000000*273e
RX # PAI1,TRAIN,348,1582
TX PAI1,TRAIN,349,4,00000000000040800000000000000000000000000000000000000000000000000000000000000000000000000000000000000000000000000000000000000000000000000000000000000000000000000000000000000000000000000000000000000000000000000000000000000000000000000000000000000000000000000000000000000000000000000000000000000000000000000000000000000000000000000000000000000000000000000000000000000000000000000000000000000000000000000000000000000000000000000000000000000000000000000000000000000000000000000000000000000000000000000000000000000000*3abf
RX # PAI1,TRAIN,349,1582
TX PAI1,TRAIN,350,1,40800000000000000000000000000000000000000000000000000000000000000000000000000000000000000000000000000000000000000000000000000000000000000000000000000000000000000000000000000000000000000000000000000000000000000000000000000000000000000000000000000000000000000000000000000000000000000000000000000000000000000000000000000000000000000000000000000000000000000000000000000000000000000000000000000000000000000000000000000000000000000000000000000000000000000000000000000000000000000000000000000000000000000000000000000000*730d
RX # PAI1,TRAIN,350,1586
TX PAI1,TRAIN,351,2,00004080000000000000000000000000000000000000000000000000000000000000000000000000000000000000000000000000000000000000000000000000000000000000000000000000000000000000000000000000000000000000000000000000000000000000000000000000000000000000000000000000000000000000000000000000000000000000000000000000000000000000000000000000000000000000000000000000000000000000000000000000000000000000000000000000000000000000000000000000000000000000000000000000000000000000000000000000000000000000000000000000000000000000000000000000*5eb2
RX # PAI1,TRAIN,351,1586
TX PAI1,TRAIN,352,3,00000000408000000000000000000000000000000000000000000000000000000000000000000000000000000000000000000000000000000000000000000000000000000000000000000000000000000000000000000000000000000000000000000000000000000000000000000000000000000000000000000000000000000000000000000000000000000000000000000000000000000000000000000000000000000000000000000000000000000000000000000000000000000000000000000000000000000000000000000000000000000000000000000000000000000000000000000000000000000000000000000000000000000000000000000000*f950
RX # PAI1,TRAIN,352,1586
TX PAI1,TRAIN,353,4,00000000000040800000000000000000000000000000000000000000000000000000000000000000000000000000000000000000000000000000000000000000000000000000000000000000000000000000000000000000000000000000000000000000000000000000000000000000000000000000000000000000000000000000000000000000000000000000000000000000000000000000000000000000000000000000000000000000000000000000000000000000000000000000000000000000000000000000000000000000000000000000000000000000000000000000000000000000000000000000000000000000000000000000000000000000*e4d1
RX # PAI1,TRAIN,353,1584
TX PAI1,TRAIN,354,1,40800000000000000000000000000000000000000000000000000000000000000000000000000000000000000000000000000000000000000000000000000000000000000000000000000000000000000000000000000000000000000000000000000000000000000000000000000000000000000000000000000000000000000000000000000000000000000000000000000000000000000000000000000000000000000000000000000000000000000000000000000000000000000000000000000000000000000000000000000000000000000000000000000000000000000000000000000000000000000000000000000000000000000000000000000000*5331
RX # PAI1,TRAIN,354,1585
TX PAI1,TRAIN,355,2,00004080000000000000000000000000000000000000000000000000000000000000000000000000000000000000000000000000000000000000000000000000000000000000000000000000000000000000000000000000000000000000000000000000000000000000000000000000000000000000000000000000000000000000000000000000000000000000000000000000000000000000000000000000000000000000000000000000000000000000000000000000000000000000000000000000000000000000000000000000000000000000000000000000000000000000000000000000000000000000000000000000000000000000000000000000*7e8e
RX # PAI1,TRAIN,355,1584
TX PAI1,TRAIN,356,3,00000000408000000000000000000000000000000000000000000000000000000000000000000000000000000000000000000000000000000000000000000000000000000000000000000000000000000000000000000000000000000000000000000000000000000000000000000000000000000000000000000000000000000000000000000000000000000000000000000000000000000000000000000000000000000000000000000000000000000000000000000000000000000000000000000000000000000000000000000000000000000000000000000000000000000000000000000000000000000000000000000000000000000000000000000000*d96c
RX # PAI1,TRAIN,356,1586
TX PAI1,TRAIN,357,4,00000000000040800000000000000000000000000000000000000000000000000000000000000000000000000000000000000000000000000000000000000000000000000000000000000000000000000000000000000000000000000000000000000000000000000000000000000000000000000000000000000000000000000000000000000000000000000000000000000000000000000000000000000000000000000000000000000000000000000000000000000000000000000000000000000000000000000000000000000000000000000000000000000000000000000000000000000000000000000000000000000000000000000000000000000000*c4ed
RX # PAI1,TRAIN,357,1587
TX PAI1,TRAIN,358,1,40800000000000000000000000000000000000000000000000000000000000000000000000000000000000000000000000000000000000000000000000000000000000000000000000000000000000000000000000000000000000000000000000000000000000000000000000000000000000000000000000000000000000000000000000000000000000000000000000000000000000000000000000000000000000000000000000000000000000000000000000000000000000000000000000000000000000000000000000000000000000000000000000000000000000000000000000000000000000000000000000000000000000000000000000000000*3375
RX # PAI1,TRAIN,358,1583
TX PAI1,TRAIN,359,2,00004080000000000000000000000000000000000000000000000000000000000000000000000000000000000000000000000000000000000000000000000000000000000000000000000000000000000000000000000000000000000000000000000000000000000000000000000000000000000000000000000000000000000000000000000000000000000000000000000000000000000000000000000000000000000000000000000000000000000000000000000000000000000000000000000000000000000000000000000000000000000000000000000000000000000000000000000000000000000000000000000000000000000000000000000000*1eca
RX # PAI1,TRAIN,359,1587
TX PAI1,TRAIN,360,3,00000000408000000000000000000000000000000000000000000000000000000000000000000000000000000000000000000000000000000000000000000000000000000000000000000000000000000000000000000000000000000000000000000000000000000000000000000000000000000000000000000000000000000000000000000000000000000000000000000000000000000000000000000000000000000000000000000000000000000000000000000000000000000000000000000000000000000000000000000000000000000000000000000000000000000000000000000000000000000000000000000000000000000000000000000000*6b77
RX # PAI1,TRAIN,360,1587
TX PAI1,TRAIN,361,4,00000000000040800000000000000000000000000000000000000000000000000000000000000000000000000000000000000000000000000000000000000000000000000000000000000000000000000000000000000000000000000000000000000000000000000000000000000000000000000000000000000000000000000000000000000000000000000000000000000000000000000000000000000000000000000000000000000000000000000000000000000000000000000000000000000000000000000000000000000000000000000000000000000000000000000000000000000000000000000000000000000000000000000000000000000000*76f6
RX # PAI1,TRAIN,361,1585
TX PAI1,PREDICT,362,40800000000000000000000000000000000000000000000000000000000000000000000000000000000000000000000000000000000000000000000000000000000000000000000000000000000000000000000000000000000000000000000000000000000000000000000000000000000000000000000000000000000000000000000000000000000000000000000000000000000000000000000000000000000000000000000000000000000000000000000000000000000000000000000000000000000000000000000000000000000000000000000000000000000000000000000000000000000000000000000000000000000000000000000000000000*f0bf
RX # PAI1,PREDICT,362,403,3f4e,3df4,be51,3e8c
TX PAI1,PREDICT,363,00004080000000000000000000000000000000000000000000000000000000000000000000000000000000000000000000000000000000000000000000000000000000000000000000000000000000000000000000000000000000000000000000000000000000000000000000000000000000000000000000000000000000000000000000000000000000000000000000000000000000000000000000000000000000000000000000000000000000000000000000000000000000000000000000000000000000000000000000000000000000000000000000000000000000000000000000000000000000000000000000000000000000000000000000000000*567d
RX # PAI1,PREDICT,363,404,3e6f,3f85,bed2,3e48
TX PAI1,PREDICT,364,00000000408000000000000000000000000000000000000000000000000000000000000000000000000000000000000000000000000000000000000000000000000000000000000000000000000000000000000000000000000000000000000000000000000000000000000000000000000000000000000000000000000000000000000000000000000000000000000000000000000000000000000000000000000000000000000000000000000000000000000000000000000000000000000000000000000000000000000000000000000000000000000000000000000000000000000000000000000000000000000000000000000000000000000000000000*7c39
RX # PAI1,PREDICT,364,408,be68,3dd8,3fa7,be40
TX PAI1,PREDICT,365,00000000000040800000000000000000000000000000000000000000000000000000000000000000000000000000000000000000000000000000000000000000000000000000000000000000000000000000000000000000000000000000000000000000000000000000000000000000000000000000000000000000000000000000000000000000000000000000000000000000000000000000000000000000000000000000000000000000000000000000000000000000000000000000000000000000000000000000000000000000000000000000000000000000000000000000000000000000000000000000000000000000000000000000000000000000*fc00
RX # PAI1,PREDICT,365,407,3e34,be9b,3ecb,3f3c
TX PAI1,INIT,366,128,32,1,2*f8b2
RX # PAI1,INIT,366,128,32,4
TX PAI1,PREDICT,367,40800000000000000000000000000000000000000000000000000000000000000000000000000000000000000000000000000000000000000000000000000000000000000000000000000000000000000000000000000000000000000000000000000000000000000000000000000000000000000000000000000000000000000000000000000000000000000000000000000000000000000000000000000000000000000000000000000000000000000000000000000000000000000000000000000000000000000000000000000000000000000000000000000000000000000000000000000000000000000000000000000000000000000000000000000000*a7c3
RX # PAI1,PREDICT,367,408,3e05,3e1b,3e36,3e27
TX PAI1,PREDICT,368,00004080000000000000000000000000000000000000000000000000000000000000000000000000000000000000000000000000000000000000000000000000000000000000000000000000000000000000000000000000000000000000000000000000000000000000000000000000000000000000000000000000000000000000000000000000000000000000000000000000000000000000000000000000000000000000000000000000000000000000000000000000000000000000000000000000000000000000000000000000000000000000000000000000000000000000000000000000000000000000000000000000000000000000000000000000*b93c
RX # PAI1,PREDICT,368,404,3e26,3e5b,3e21,3e70
TX PAI1,PREDICT,369,00000000408000000000000000000000000000000000000000000000000000000000000000000000000000000000000000000000000000000000000000000000000000000000000000000000000000000000000000000000000000000000000000000000000000000000000000000000000000000000000000000000000000000000000000000000000000000000000000000000000000000000000000000000000000000000000000000000000000000000000000000000000000000000000000000000000000000000000000000000000000000000000000000000000000000000000000000000000000000000000000000000000000000000000000000000*06cf
RX # PAI1,PREDICT,369,408,3e00,3e32,3e42,3e01
TX PAI1,PREDICT,370,00000000000040800000000000000000000000000000000000000000000000000000000000000000000000000000000000000000000000000000000000000000000000000000000000000000000000000000000000000000000000000000000000000000000000000000000000000000000000000000000000000000000000000000000000000000000000000000000000000000000000000000000000000000000000000000000000000000000000000000000000000000000000000000000000000000000000000000000000000000000000000000000000000000000000000000000000000000000000000000000000000000000000000000000000000000*4a99
RX # PAI1,PREDICT,370,402,3e13,3e06,3e36,3e24
TX PAI1,TRAIN,371,1,40800000000000000000000000000000000000000000000000000000000000000000000000000000000000000000000000000000000000000000000000000000000000000000000000000000000000000000000000000000000000000000000000000000000000000000000000000000000000000000000000000000000000000000000000000000000000000000000000000000000000000000000000000000000000000000000000000000000000000000000000000000000000000000000000000000000000000000000000000000000000000000000000000000000000000000000000000000000000000000000000000000000000000000000000000000*7733
RX # PAI1,TRAIN,371,1586
TX PAI1,TRAIN,372,2,00004080000000000000000000000000000000000000000000000000000000000000000000000000000000000000000000000000000000000000000000000000000000000000000000000000000000000000000000000000000000000000000000000000000000000000000000000000000000000000000000000000000000000000000000000000000000000000000000000000000000000000000000000000000000000000000000000000000000000000000000000000000000000000000000000000000000000000000000000000000000000000000000000000000000000000000000000000000000000000000000000000000000000000000000000000*4a92
RX # PAI1,TRAIN,372,1585
TX PAI1,TRAIN,373,3,00000000408000000000000000000000000000000000000000000000000000000000000000000000000000000000000000000000000000000000000000000000000000000000000000000000000000000000000000000000000000000000000000000000000000000000000000000000000000000000000000000000000000000000000000000000000000000000000000000000000000000000000000000000000000000000000000000000000000000000000000000000000000000000000000000000000000000000000000000000000000000000000000000000000000000000000000000000000000000000000000000000000000000000000000000000*fd6e
RX # PAI1,TRAIN,373,1587
TX PAI1,TRAIN,374,4,00000000000040800000000000000000000000000000000000000000000000000000000000000000000000000000000000000000000000000000000000000000000000000000000000000000000000000000000000000000000000000000000000000000000000000000000000000000000000000000000000000000000000000000000000000000000000000000000000000000000000000000000000000000000000000000000000000000000000000000000000000000000000000000000000000000000000000000000000000000000000000000000000000000000000000000000000000000000000000000000000000000000000000000000000000000*d0cd
RX # PAI1,TRAIN,374,1588
TX PAI1,TRAIN,375,1,40800000000000000000000000000000000000000000000000000000000000000000000000000000000000000000000000000000000000000000000000000000000000000000000000000000000000000000000000000000000000000000000000000000000000000000000000000000000000000000000000000000000000000000000000000000000000000000000000000000000000000000000000000000000000000000000000000000000000000000000000000000000000000000000000000000000000000000000000000000000000000000000000000000000000000000000000000000000000000000000000000000000000000000000000000000*570f
RX # PAI1,TRAIN,375,1585
TX PAI1,TRAIN,376,2,00004080000000000000000000000000000000000000000000000000000000000000000000000000000000000000000000000000000000000000000000000000000000000000000000000000000000000000000000000000000000000000000000000000000000000000000000000000000000000000000000000000000000000000000000000000000000000000000000000000000000000000000000000000000000000000000000000000000000000000000000000000000000000000000000000000000000000000000000000000000000000000000000000000000000000000000000000000000000000000000000000000000000000000000000000000*6aae
RX # PAI1,TRAIN,376,1586
TX PAI1,TRAIN,377,3,00000000408000000000000000000000000000000000000000000000000000000000000000000000000000000000000000000000000000000000000000000000000000000000000000000000000000000000000000000000000000000000000000000000000000000000000000000000000000000000000000000000000000000000000000000000000000000000000000000000000000000000000000000000000000000000000000000000000000000000000000000000000000000000000000000000000000000000000000000000000000000000000000000000000000000000000000000000000000000000000000000000000000000000000000000000*dd52
RX # PAI1,TRAIN,377,1585
TX PAI1,TRAIN,378,4,00000000000040800000000000000000000000000000000000000000000000000000000000000000000000000000000000000000000000000000000000000000000000000000000000000000000000000000000000000000000000000000000000000000000000000000000000000000000000000000000000000000000000000000000000000000000000000000000000000000000000000000000000000000000000000000000000000000000000000000000000000000000000000000000000000000000000000000000000000000000000000000000000000000000000000000000000000000000000000000000000000000000000000000000000000000*b089
RX # PAI1,TRAIN,378,1587
TX PAI1,TRAIN,379,1,40800000000000000000000000000000000000000000000000000000000000000000000000000000000000000000000000000000000000000000000000000000000000000000000000000000000000000000000000000000000000000000000000000000000000000000000000000000000000000000000000000000000000000000000000000000000000000000000000000000000000000000000000000000000000000000000000000000000000000000000000000000000000000000000000000000000000000000000000000000000000000000000000000000000000000000000000000000000000000000000000000000000000000000000000000000*374b
RX # PAI1,TRAIN,379,1582
TX PAI1,TRAIN,380,2,00004080000000000000000000000000000000000000000000000000000000000000000000000000000000000000000000000000000000000000000000000000000000000000000000000000000000000000000000000000000000000000000000000000000000000000000000000000000000000000000000000000000000000000000000000000000000000000000000000000000000000000000000000000000000000000000000000000000000000000000000000000000000000000000000000000000000000000000000000000000000000000000000000000000000000000000000000000000000000000000000000000000000000000000000000000*f013
RX # PAI1,TRAIN,380,1581
TX PAI1,TRAIN,381,3,00000000408000000000000000000000000000000000000000000000000000000000000000000000000000000000000000000000000000000000000000000000000000000000000000000000000000000000000000000000000000000000000000000000000000000000000000000000000000000000000000000000000000000000000000000000000000000000000000000000000000000000000000000000000000000000000000000000000000000000000000000000000000000000000000000000000000000000000000000000000000000000000000000000000000000000000000000000000000000000000000000000000000000000000000000000*47ef
RX # PAI1,TRAIN,381,1581
TX PAI1,TRAIN,382,4,00000000000040800000000000000000000000000000000000000000000000000000000000000000000000000000000000000000000000000000000000000000000000000000000000000000000000000000000000000000000000000000000000000000000000000000000000000000000000000000000000000000000000000000000000000000000000000000000000000000000000000000000000000000000000000000000000000000000000000000000000000000000000000000000000000000000000000000000000000000000000000000000000000000000000000000000000000000000000000000000000000000000000000000000000000000*4a70
RX # PAI1,TRAIN,382,1584
TX PAI1,TRAIN,383,1,40800000000000000000000000000000000000000000000000000000000000000000000000000000000000000000000000000000000000000000000000000000000000000000000000000000000000000000000000000000000000000000000000000000000000000000000000000000000000000000000000000000000000000000000000000000000000000000000000000000000000000000000000000000000000000000000000000000000000000000000000000000000000000000000000000000000000000000000000000000000000000000000000000000000000000000000000000000000000000000000000000000000000000000000000000000*cdb2
RX # PAI1,TRAIN,383,1583
TX PAI1,TRAIN,384,2,00004080000000000000000000000000000000000000000000000000000000000000000000000000000000000000000000000000000000000000000000000000000000000000000000000000000000000000000000000000000000000000000000000000000000000000000000000000000000000000000000000000000000000000000000000000000000000000000000000000000000000000000000000000000000000000000000000000000000000000000000000000000000000000000000000000000000000000000000000000000000000000000000000000000000000000000000000000000000000000000000000000000000000000000000000000*d02f
RX # PAI1,TRAIN,384,1583
TX PAI1,TRAIN,385,3,00000000408000000000000000000000000000000000000000000000000000000000000000000000000000000000000000000000000000000000000000000000000000000000000000000000000000000000000000000000000000000000000000000000000000000000000000000000000000000000000000000000000000000000000000000000000000000000000000000000000000000000000000000000000000000000000000000000000000000000000000000000000000000000000000000000000000000000000000000000000000000000000000000000000000000000000000000000000000000000000000000000000000000000000000000000*67d3
RX # PAI1,TRAIN,385,1585
TX PAI1,TRAIN,386,4,00000000000040800000000000000000000000000000000000000000000000000000000000000000000000000000000000000000000000000000000000000000000000000000000000000000000000000000000000000000000000000000000000000000000000000000000000000000000000000000000000000000000000000000000000000000000000000000000000000000000000000000000000000000000000000000000000000000000000000000000000000000000000000000000000000000000000000000000000000000000000000000000000000000000000000000000000000000000000000000000000000000000000000000000000000000*6a4c
RX # PAI1,TRAIN,386,1587
TX PAI1,TRAIN,387,1,40800000000000000000000000000000000000000000000000000000000000000000000000000000000000000000000000000000000000000000000000000000000000000000000000000000000000000000000000000000000000000000000000000000000000000000000000000000000000000000000000000000000000000000000000000000000000000000000000000000000000000000000000000000000000000000000000000000000000000000000000000000000000000000000000000000000000000000000000000000000000000000000000000000000000000000000000000000000000000000000000000000000000000000000000000000*ed8e
RX # PAI1,TRAIN,387,1584
TX PAI1,TRAIN,388,2,00004080000000000000000000000000000000000000000000000000000000000000000000000000000000000000000000000000000000000000000000000000000000000000000000000000000000000000000000000000000000000000000000000000000000000000000000000000000000000000000000000000000000000000000000000000000000000000000000000000000000000000000000000000000000000000000000000000000000000000000000000000000000000000000000000000000000000000000000000000000000000000000000000000000000000000000000000000000000000000000000000000000000000000000000000000*b06b
RX # PAI1,TRAIN,388,1586
TX PAI1,TRAIN,389,3,00000000408000000000000000000000000000000000000000000000000000000000000000000000000000000000000000000000000000000000000000000000000000000000000000000000000000000000000000000000000000000000000000000000000000000000000000000000000000000000000000000000000000000000000000000000000000000000000000000000000000000000000000000000000000000000000000000000000000000000000000000000000000000000000000000000000000000000000000000000000000000000000000000000000000000000000000000000000000000000000000000000000000000000000000000000*0797
RX # PAI1,TRAIN,389,1588
TX PAI1,TRAIN,390,4,00000000000040800000000000000000000000000000000000000000000000000000000000000000000000000000000000000000000000000000000000000000000000000000000000000000000000000000000000000000000000000000000000000000000000000000000000000000000000000000000000000000000000000000000000000000000000000000000000000000000000000000000000000000000000000000000000000000000000000000000000000000000000000000000000000000000000000000000000000000000000000000000000000000000000000000000000000000000000000000000000000000000000000000000000000000*d466
RX # PAI1,TRAIN,390,1586
TX PAI1,TRAIN,391,1,40800000000000000000000000000000000000000000000000000000000000000000000000000000000000000000000000000000000000000000000000000000000000000000000000000000000000000000000000000000000000000000000000000000000000000000000000000000000000000000000000000000000000000000000000000000000000000000000000000000000000000000000000000000000000000000000000000000000000000000000000000000000000000000000000000000000000000000000000000000000000000000000000000000000000000000000000000000000000000000000000000000000000000000000000000000*53a4
RX # PAI1,TRAIN,391,1586
TX PAI1,TRAIN,392,2,00004080000000000000000000000000000000000000000000000000000000000000000000000000000000000000000000000000000000000000000000000000000000000000000000000000000000000000000000000000000000000000000000000000000000000000000000000000000000000000000000000000000000000000000000000000000000000000000000000000000000000000000000000000000000000000000000000000000000000000000000000000000000000000000000000000000000000000000000000000000000000000000000000000000000000000000000000000000000000000000000000000000000000000000000000000*6e05
RX # PAI1,TRAIN,392,1586
TX PAI1,TRAIN,393,3,00000000408000000000000000000000000000000000000000000000000000000000000000000000000000000000000000000000000000000000000000000000000000000000000000000000000000000000000000000000000000000000000000000000000000000000000000000000000000000000000000000000000000000000000000000000000000000000000000000000000000000000000000000000000000000000000000000000000000000000000000000000000000000000000000000000000000000000000000000000000000000000000000000000000000000000000000000000000000000000000000000000000000000000000000000000*d9f9
RX # PAI1,TRAIN,393,1582
TX PAI1,TRAIN,394,4,00000000000040800000000000000000000000000000000000000000000000000000000000000000000000000000000000000000000000000000000000000000000000000000000000000000000000000000000000000000000000000000000000000000000000000000000000000000000000000000000000000000000000000000000000000000000000000000000000000000000000000000000000000000000000000000000000000000000000000000000000000000000000000000000000000000000000000000000000000000000000000000000000000000000000000000000000000000000000000000000000000000000000000000000000000000*f45a
RX # PAI1,TRAIN,394,1584
TX PAI1,TRAIN,395,1,40800000000000000000000000000000000000000000000000000000000000000000000000000000000000000000000000000000000000000000000000000000000000000000000000000000000000000000000000000000000000000000000000000000000000000000000000000000000000000000000000000000000000000000000000000000000000000000000000000000000000000000000000000000000000000000000000000000000000000000000000000000000000000000000000000000000000000000000000000000000000000000000000000000000000000000000000000000000000000000000000000000000000000000000000000000*7398
RX # PAI1,TRAIN,395,1585
TX PAI1,TRAIN,396,2,00004080000000000000000000000000000000000000000000000000000000000000000000000000000000000000000000000000000000000000000000000000000000000000000000000000000000000000000000000000000000000000000000000000000000000000000000000000000000000000000000000000000000000000000000000000000000000000000000000000000000000000000000000000000000000000000000000000000000000000000000000000000000000000000000000000000000000000000000000000000000000000000000000000000000000000000000000000000000000000000000000000000000000000000000000000*4e39
RX # PAI1,TRAIN,396,1588
TX PAI1,TRAIN,397,3,00000000408000000000000000000000000000000000000000000000000000000000000000000000000000000000000000000000000000000000000000000000000000000000000000000000000000000000000000000000000000000000000000000000000000000000000000000000000000000000000000000000000000000000000000000000000000000000000000000000000000000000000000000000000000000000000000000000000000000000000000000000000000000000000000000000000000000000000000000000000000000000000000000000000000000000000000000000000000000000000000000000000000000000000000000000*f9c5
RX # PAI1,TRAIN,397,1583
TX PAI1,TRAIN,398,4,00000000000040800000000000000000000000000000000000000000000000000000000000000000000000000000000000000000000000000000000000000000000000000000000000000000000000000000000000000000000000000000000000000000000000000000000000000000000000000000000000000000000000000000000000000000000000000000000000000000000000000000000000000000000000000000000000000000000000000000000000000000000000000000000000000000000000000000000000000000000000000000000000000000000000000000000000000000000000000000000000000000000000000000000000000000*941e
RX # PAI1,TRAIN,398,1583
TX PAI1,TRAIN,399,1,40800000000000000000000000000000000000000000000000000000000000000000000000000000000000000000000000000000000000000000000000000000000000000000000000000000000000000000000000000000000000000000000000000000000000000000000000000000000000000000000000000000000000000000000000000000000000000000000000000000000000000000000000000000000000000000000000000000000000000000000000000000000000000000000000000000000000000000000000000000000000000000000000000000000000000000000000000000000000000000000000000000000000000000000000000000*13dc
RX # PAI1,TRAIN,399,1588
TX PAI1,TRAIN,400,2,00004080000000000000000000000000000000000000000000000000000000000000000000000000000000000000000000000000000000000000000000000000000000000000000000000000000000000000000000000000000000000000000000000000000000000000000000000000000000000000000000000000000000000000000000000000000000000000000000000000000000000000000000000000000000000000000000000000000000000000000000000000000000000000000000000000000000000000000000000000000000000000000000000000000000000000000000000000000000000000000000000000000000000000000000000000*b924
RX # PAI1,TRAIN,400,1588
TX PAI1,TRAIN,401,3,00000000408000000000000000000000000000000000000000000000000000000000000000000000000000000000000000000000000000000000000000000000000000000000000000000000000000000000000000000000000000000000000000000000000000000000000000000000000000000000000000000000000000000000000000000000000000000000000000000000000000000000000000000000000000000000000000000000000000000000000000000000000000000000000000000000000000000000000000000000000000000000000000000000000000000000000000000000000000000000000000000000000000000000000000000000*0ed8
RX # PAI1,TRAIN,401,1583
TX PAI1,TRAIN,402,4,00000000000040800000000000000000000000000000000000000000000000000000000000000000000000000000000000000000000000000000000000000000000000000000000000000000000000000000000000000000000000000000000000000000000000000000000000000000000000000000000000000000000000000000000000000000000000000000000000000000000000000000000000000000000000000000000000000000000000000000000000000000000000000000000000000000000000000000000000000000000000000000000000000000000000000000000000000000000000000000000000000000000000000000000000000000*0347
RX # PAI1,TRAIN,402,1585
TX PAI1,TRAIN,403,1,40800000000000000000000000000000000000000000000000000000000000000000000000000000000000000000000000000000000000000000000000000000000000000000000000000000000000000000000000000000000000000000000000000000000000000000000000000000000000000000000000000000000000000000000000000000000000000000000000000000000000000000000000000000000000000000000000000000000000000000000000000000000000000000000000000000000000000000000000000000000000000000000000000000000000000000000000000000000000000000000000000000000000000000000000000000*8485
RX # PAI1,TRAIN,403,1588
TX PAI1,TRAIN,404,2,00004080000000000000000000000000000000000000000000000000000000000000000000000000000000000000000000000000000000000000000000000000000000000000000000000000000000000000000000000000000000000000000000000000000000000000000000000000000000000000000000000000000000000000000000000000000000000000000000000000000000000000000000000000000000000000000000000000000000000000000000000000000000000000000000000000000000000000000000000000000000000000000000000000000000000000000000000000000000000000000000000000000000000000000000000000*9918
RX # PAI1,TRAIN,404,1589
TX PAI1,TRAIN,405,3,00000000408000000000000000000000000000000000000000000000000000000000000000000000000000000000000000000000000000000000000000000000000000000000000000000000000000000000000000000000000000000000000000000000000000000000000000000000000000000000000000000000000000000000000000000000000000000000000000000000000000000000000000000000000000000000000000000000000000000000000000000000000000000000000000000000000000000000000000000000000000000000000000000000000000000000000000000000000000000000000000000000000000000000000000000000*2ee4
RX # PAI1,TRAIN,405,1585
TX PAI1,TRAIN,406,4,00000000000040800000000000000000000000000000000000000000000000000000000000000000000000000000000000000000000000000000000000000000000000000000000000000000000000000000000000000000000000000000000000000000000000000000000000000000000000000000000000000000000000000000000000000000000000000000000000000000000000000000000000000000000000000000000000000000000000000000000000000000000000000000000000000000000000000000000000000000000000000000000000000000000000000000000000000000000000000000000000000000000000000000000000000000*237b
RX # PAI1,TRAIN,406,1587
TX PAI1,TRAIN,407,1,40800000000000000000000000000000000000000000000000000000000000000000000000000000000000000000000000000000000000000000000000000000000000000000000000000000000000000000000000000000000000000000000000000000000000000000000000000000000000000000000000000000000000000000000000000000000000000000000000000000000000000000000000000000000000000000000000000000000000000000000000000000000000000000000000000000000000000000000000000000000000000000000000000000000000000000000000000000000000000000000000000000000000000000000000000000*a4b9
RX # PAI1,TRAIN,407,1583
TX PAI1,TRAIN,408,2,00004080000000000000000000000000000000000000000000000000000000000000000000000000000000000000000000000000000000000000000000000000000000000000000000000000000000000000000000000000000000000000000000000000000000000000000000000000000000000000000000000000000000000000000000000000000000000000000000000000000000000000000000000000000000000000000000000000000000000000000000000000000000000000000000000000000000000000000000000000000000000000000000000000000000000000000000000000000000000000000000000000000000000000000000000000*f95c
RX # PAI1,TRAIN,408,1587
TX PAI1,TRAIN,409,3,00000000408000000000000000000000000000000000000000000000000000000000000000000000000000000000000000000000000000000000000000000000000000000000000000000000000000000000000000000000000000000000000000000000000000000000000000000000000000000000000000000000000000000000000000000000000000000000000000000000000000000000000000000000000000000000000000000000000000000000000000000000000000000000000000000000000000000000000000000000000000000000000000000000000000000000000000000000000000000000000000000000000000000000000000000000*4ea0
RX # PAI1,TRAIN,409,1588
TX PAI1,TRAIN,410,4,00000000000040800000000000000000000000000000000000000000000000000000000000000000000000000000000000000000000000000000000000000000000000000000000000000000000000000000000000000000000000000000000000000000000000000000000000000000000000000000000000000000000000000000000000000000000000000000000000000000000000000000000000000000000000000000000000000000000000000000000000000000000000000000000000000000000000000000000000000000000000000000000000000000000000000000000000000000000000000000000000000000000000000000000000000000*9d51
RX # PAI1,TRAIN,410,1585
TX PAI1,TRAIN,411,1,40800000000000000000000000000000000000000000000000000000000000000000000000000000000000000000000000000000000000000000000000000000000000000000000000000000000000000000000000000000000000000000000000000000000000000000000000000000000000000000000000000000000000000000000000000000000000000000000000000000000000000000000000000000000000000000000000000000000000000000000000000000000000000000000000000000000000000000000000000000000000000000000000000000000000000000000000000000000000000000000000000000000000000000000000000000*1a93
RX # PAI1,TRAIN,411,1586
TX PAI1,TRAIN,412,2,00004080000000000000000000000000000000000000000000000000000000000000000000000000000000000000000000000000000000000000000000000000000000000000000000000000000000000000000000000000000000000000000000000000000000000000000000000000000000000000000000000000000000000000000000000000000000000000000000000000000000000000000000000000000000000000000000000000000000000000000000000000000000000000000000000000000000000000000000000000000000000000000000000000000000000000000000000000000000000000000000000000000000000000000000000000*2732
RX # PAI1,TRAIN,412,1583
TX PAI1,TRAIN,413,3,00000000408000000000000000000000000000000000000000000000000000000000000000000000000000000000000000000000000000000000000000000000000000000000000000000000000000000000000000000000000000000000000000000000000000000000000000000000000000000000000000000000000000000000000000000000000000000000000000000000000000000000000000000000000000000000000000000000000000000000000000000000000000000000000000000000000000000000000000000000000000000000000000000000000000000000000000000000000000000000000000000000000000000000000000000000*90ce
RX # PAI1,TRAIN,413,1585
TX PAI1,TRAIN,414,4,00000000000040800000000000000000000000000000000000000000000000000000000000000000000000000000000000000000000000000000000000000000000000000000000000000000000000000000000000000000000000000000000000000000000000000000000000000000000000000000000000000000000000000000000000000000000000000000000000000000000000000000000000000000000000000000000000000000000000000000000000000000000000000000000000000000000000000000000000000000000000000000000000000000000000000000000000000000000000000000000000000000000000000000000000000000*bd6d
RX # PAI1,TRAIN,414,1588
TX PAI1,TRAIN,415,1,40800000000000000000000000000000000000000000000000000000000000000000000000000000000000000000000000000000000000000000000000000000000000000000000000000000000000000000000000000000000000000000000000000000000000000000000000000000000000000000000000000000000000000000000000000000000000000000000000000000000000000000000000000000000000000000000000000000000000000000000000000000000000000000000000000000000000000000000000000000000000000000000000000000000000000000000000000000000000000000000000000000000000000000000000000000*3aaf
RX # PAI1,TRAIN,415,1585
TX PAI1,TRAIN,416,2,00004080000000000000000000000000000000000000000000000000000000000000000000000000000000000000000000000000000000000000000000000000000000000000000000000000000000000000000000000000000000000000000000000000000000000000000000000000000000000000000000000000000000000000000000000000000000000000000000000000000000000000000000000000000000000000000000000000000000000000000000000000000000000000000000000000000000000000000000000000000000000000000000000000000000000000000000000000000000000000000000000000000000000000000000000000*070e
RX # PAI1,TRAIN,416,1586
TX PAI1,TRAIN,417,3,00000000408000000000000000000000000000000000000000000000000000000000000000000000000000000000000000000000000000000000000000000000000000000000000000000000000000000000000000000000000000000000000000000000000000000000000000000000000000000000000000000000000000000000000000000000000000000000000000000000000000000000000000000000000000000000000000000000000000000000000000000000000000000000000000000000000000000000000000000000000000000000000000000000000000000000000000000000000000000000000000000000000000000000000000000000*b0f2
RX # PAI1,TRAIN,417,1588
TX PAI1,TRAIN,418,4,00000000000040800000000000000000000000000000000000000000000000000000000000000000000000000000000000000000000000000000000000000000000000000000000000000000000000000000000000000000000000000000000000000000000000000000000000000000000000000000000000000000000000000000000000000000000000000000000000000000000000000000000000000000000000000000000000000000000000000000000000000000000000000000000000000000000000000000000000000000000000000000000000000000000000000000000000000000000000000000000000000000000000000000000000000000*dd29
RX # PAI1,TRAIN,418,1583
TX PAI1,TRAIN,419,1,40800000000000000000000000000000000000000000000000000000000000000000000000000000000000000000000000000000000000000000000000000000000000000000000000000000000000000000000000000000000000000000000000000000000000000000000000000000000000000000000000000000000000000000000000000000000000000000000000000000000000000000000000000000000000000000000000000000000000000000000000000000000000000000000000000000000000000000000000000000000000000000000000000000000000000000000000000000000000000000000000000000000000000000000000000000*5aeb
RX # PAI1,TRAIN,419,1583
TX PAI1,TRAIN,420,2,00004080000000000000000000000000000000000000000000000000000000000000000000000000000000000000000000000000000000000000000000000000000000000000000000000000000000000000000000000000000000000000000000000000000000000000000000000000000000000000000000000000000000000000000000000000000000000000000000000000000000000000000000000000000000000000000000000000000000000000000000000000000000000000000000000000000000000000000000000000000000000000000000000000000000000000000000000000000000000000000000000000000000000000000000000000*b515
RX # PAI1,TRAIN,420,1585
TX PAI1,TRAIN,421,3,00000000408000000000000000000000000000000000000000000000000000000000000000000000000000000000000000000000000000000000000000000000000000000000000000000000000000000000000000000000000000000000000000000000000000000000000000000000000000000000000000000000000000000000000000000000000000000000000000000000000000000000000000000000000000000000000000000000000000000000000000000000000000000000000000000000000000000000000000000000000000000000000000000000000000000000000000000000000000000000000000000000000000000000000000000000*02e9
RX # PAI1,TRAIN,421,1582
TX PAI1,TRAIN,422,4,00000000000040800000000000000000000000000000000000000000000000000000000000000000000000000000000000000000000000000000000000000000000000000000000000000000000000000000000000000000000000000000000000000000000000000000000000000000000000000000000000000000000000000000000000000000000000000000000000000000000000000000000000000000000000000000000000000000000000000000000000000000000000000000000000000000000000000000000000000000000000000000000000000000000000000000000000000000000000000000000000000000000000000000000000000000*0f76
RX # PAI1,TRAIN,422,1585
TX PAI1,TRAIN,423,1,40800000000000000000000000000000000000000000000000000000000000000000000000000000000000000000000000000000000000000000000000000000000000000000000000000000000000000000000000000000000000000000000000000000000000000000000000000000000000000000000000000000000000000000000000000000000000000000000000000000000000000000000000000000000000000000000000000000000000000000000000000000000000000000000000000000000000000000000000000000000000000000000000000000000000000000000000000000000000000000000000000000000000000000000000000000*88b4
RX # PAI1,TRAIN,423,1586
TX PAI1,TRAIN,424,2,00004080000000000000000000000000000000000000000000000000000000000000000000000000000000000000000000000000000000000000000000000000000000000000000000000000000000000000000000000000000000000000000000000000000000000000000000000000000000000000000000000000000000000000000000000000000000000000000000000000000000000000000000000000000000000000000000000000000000000000000000000000000000000000000000000000000000000000000000000000000000000000000000000000000000000000000000000000000000000000000000000000000000000000000000000000*9529
RX # PAI1,TRAIN,424,1586
TX PAI1,TRAIN,425,3,00000000408000000000000000000000000000000000000000000000000000000000000000000000000000000000000000000000000000000000000000000000000000000000000000000000000000000000000000000000000000000000000000000000000000000000000000000000000000000000000000000000000000000000000000000000000000000000000000000000000000000000000000000000000000000000000000000000000000000000000000000000000000000000000000000000000000000000000000000000000000000000000000000000000000000000000000000000000000000000000000000000000000000000000000000000*22d5
RX # PAI1,TRAIN,425,1587
TX PAI1,TRAIN,426,4,00000000000040800000000000000000000000000000000000000000000000000000000000000000000000000000000000000000000000000000000000000000000000000000000000000000000000000000000000000000000000000000000000000000000000000000000000000000000000000000000000000000000000000000000000000000000000000000000000000000000000000000000000000000000000000000000000000000000000000000000000000000000000000000000000000000000000000000000000000000000000000000000000000000000000000000000000000000000000000000000000000000000000000000000000000000*2f4a
RX # PAI1,TRAIN,426,1582
TX PAI1,TRAIN,427,1,40800000000000000000000000000000000000000000000000000000000000000000000000000000000000000000000000000000000000000000000000000000000000000000000000000000000000000000000000000000000000000000000000000000000000000000000000000000000000000000000000000000000000000000000000000000000000000000000000000000000000000000000000000000000000000000000000000000000000000000000000000000000000000000000000000000000000000000000000000000000000000000000000000000000000000000000000000000000000000000000000000000000000000000000000000000*a888
RX # PAI1,TRAIN,427,1587
TX PAI1,TRAIN,428,2,00004080000000000000000000000000000000000000000000000000000000000000000000000000000000000000000000000000000000000000000000000000000000000000000000000000000000000000000000000000000000000000000000000000000000000000000000000000000000000000000000000000000000000000000000000000000000000000000000000000000000000000000000000000000000000000000000000000000000000000000000000000000000000000000000000000000000000000000000000000000000000000000000000000000000000000000000000000000000000000000000000000000000000000000000000000*f56d
RX # PAI1,TRAIN,428,1583
TX PAI1,TRAIN,429,3,00000000408000000000000000000000000000000000000000000000000000000000000000000000000000000000000000000000000000000000000000000000000000000000000000000000000000000000000000000000000000000000000000000000000000000000000000000000000000000000000000000000000000000000000000000000000000000000000000000000000000000000000000000000000000000000000000000000000000000000000000000000000000000000000000000000000000000000000000000000000000000000000000000000000000000000000000000000000000000000000000000000000000000000000000000000*4291
RX # PAI1,TRAIN,429,1582
TX PAI1,TRAIN,430,4,00000000000040800000000000000000000000000000000000000000000000000000000000000000000000000000000000000000000000000000000000000000000000000000000000000000000000000000000000000000000000000000000000000000000000000000000000000000000000000000000000000000000000000000000000000000000000000000000000000000000000000000000000000000000000000000000000000000000000000000000000000000000000000000000000000000000000000000000000000000000000000000000000000000000000000000000000000000000000000000000000000000000000000000000000000000*9160
RX # PAI1,TRAIN,430,1582
TX PAI1,TRAIN,431,1,40800000000000000000000000000000000000000000000000000000000000000000000000000000000000000000000000000000000000000000000000000000000000000000000000000000000000000000000000000000000000000000000000000000000000000000000000000000000000000000000000000000000000000000000000000000000000000000000000000000000000000000000000000000000000000000000000000000000000000000000000000000000000000000000000000000000000000000000000000000000000000000000000000000000000000000000000000000000000000000000000000000000000000000000000000000*16a2
RX # PAI1,TRAIN,431,1589
TX PAI1,TRAIN,432,2,00004080000000000000000000000000000000000000000000000000000000000000000000000000000000000000000000000000000000000000000000000000000000000000000000000000000000000000000000000000000000000000000000000000000000000000000000000000000000000000000000000000000000000000000000000000000000000000000000000000000000000000000000000000000000000000000000000000000000000000000000000000000000000000000000000000000000000000000000000000000000000000000000000000000000000000000000000000000000000000000000000000000000000000000000000000*2b03
RX # PAI1,TRAIN,432,1586
TX PAI1,TRAIN,433,3,00000000408000000000000000000000000000000000000000000000000000000000000000000000000000000000000000000000000000000000000000000000000000000000000000000000000000000000000000000000000000000000000000000000000000000000000000000000000000000000000000000000000000000000000000000000000000000000000000000000000000000000000000000000000000000000000000000000000000000000000000000000000000000000000000000000000000000000000000000000000000000000000000000000000000000000000000000000000000000000000000000000000000000000000000000000*9cff
RX # PAI1,TRAIN,433,1586
TX PAI1,TRAIN,434,4,00000000000040800000000000000000000000000000000000000000000000000000000000000000000000000000000000000000000000000000000000000000000000000000000000000000000000000000000000000000000000000000000000000000000000000000000000000000000000000000000000000000000000000000000000000000000000000000000000000000000000000000000000000000000000000000000000000000000000000000000000000000000000000000000000000000000000000000000000000000000000000000000000000000000000000000000000000000000000000000000000000000000000000000000000000000*b15c
RX # PAI1,TRAIN,434,1585
TX PAI1,PREDICT,435,40800000000000000000000000000000000000000000000000000000000000000000000000000000000000000000000000000000000000000000000000000000000000000000000000000000000000000000000000000000000000000000000000000000000000000000000000000000000000000000000000000000000000000000000000000000000000000000000000000000000000000000000000000000000000000000000000000000000000000000000000000000000000000000000000000000000000000000000000000000000000000000000000000000000000000000000000000000000000000000000000000000000000000000000000000000*4a8e
RX # PAI1,PREDICT,435,405,3f4e,3df4,be51,3e8c
TX PAI1,PREDICT,436,00004080000000000000000000000000000000000000000000000000000000000000000000000000000000000000000000000000000000000000000000000000000000000000000000000000000000000000000000000000000000000000000000000000000000000000000000000000000000000000000000000000000000000000000000000000000000000000000000000000000000000000000000000000000000000000000000000000000000000000000000000000000000000000000000000000000000000000000000000000000000000000000000000000000000000000000000000000000000000000000000000000000000000000000000000000*6f3e
RX # PAI1,PREDICT,436,407,3e6f,3f85,bed2,3e48
TX PAI1,PREDICT,437,00000000408000000000000000000000000000000000000000000000000000000000000000000000000000000000000000000000000000000000000000000000000000000000000000000000000000000000000000000000000000000000000000000000000000000000000000000000000000000000000000000000000000000000000000000000000000000000000000000000000000000000000000000000000000000000000000000000000000000000000000000000000000000000000000000000000000000000000000000000000000000000000000000000000000000000000000000000000000000000000000000000000000000000000000000000*d0cd
RX # PAI1,PREDICT,437,403,be68,3dd8,3fa7,be40
TX PAI1,PREDICT,438,00000000000040800000000000000000000000000000000000000000000000000000000000000000000000000000000000000000000000000000000000000000000000000000000000000000000000000000000000000000000000000000000000000000000000000000000000000000000000000000000000000000000000000000000000000000000000000000000000000000000000000000000000000000000000000000000000000000000000000000000000000000000000000000000000000000000000000000000000000000000000000000000000000000000000000000000000000000000000000000000000000000000000000000000000000000*e8c9
RX # PAI1,PREDICT,438,407,3e34,be9b,3ecb,3f3c
TX PAI1,MODE,0*0f05
RX # PAI1,MODE,0
