event_key,phase,time_from_peak_s,baseline_subtracted_counts,normalized_pressure
live:pressure-head-20260920-200652.csv:1,press,-0.400,1834.7200000000012,0.007356742169988737
live:pressure-head-20260920-200652.csv:1,press,-0.375,2273.4000000000015,0.009115732999723333
live:pressure-head-20260920-200652.csv:1,press,-0.350,2989.5000000000127,0.011987104690187827
live:pressure-head-20260920-200652.csv:1,press,-0.325,5290.639999999987,0.02121406775651276
live:pressure-head-20260920-200652.csv:1,press,-0.300,7198.200000000056,0.028862879070383114
live:pressure-head-20260920-200652.csv:1,press,-0.275,9575.800000000116,0.038396426523599765
live:pressure-head-20260920-200652.csv:1,press,-0.250,14188.479999999961,0.056892053906885766
live:pressure-head-20260920-200652.csv:1,press,-0.225,19628.80000000012,0.07870629889371442
live:pressure-head-20260920-200652.csv:1,press,-0.200,24673.769230769154,0.09893529181159517
live:pressure-head-20260920-200652.csv:1,press,-0.175,34148.76000000021,0.13692749996992784
live:pressure-head-20260920-200652.csv:1,press,-0.150,50769.7200000003,0.20357315562185105
live:pressure-head-20260920-200652.csv:1,press,-0.125,71961.88000000037,0.2885481148227912
live:pressure-head-20260920-200652.csv:1,press,-0.100,101504.84000000061,0.40700757439062285
live:pressure-head-20260920-200652.csv:1,press,-0.075,145021.84615384677,0.5814992648303953
live:pressure-head-20260920-200652.csv:1,press,-0.050,195043.0,0.7820708680676683
live:pressure-head-20260920-200652.csv:1,press,-0.025,235158.0000000005,0.9429214131912302
live:pressure-head-20260920-200652.csv:1,press,0.000,249393.0,1.0
live:pressure-head-20260920-200652.csv:1,press,0.025,249152.99999999977,0.999037663446848
live:pressure-head-20260920-200652.csv:1,press,0.050,242664.9999999995,0.9730224986266636
live:pressure-head-20260920-200652.csv:1,press,0.075,228672.692307692,0.9169170438131463
live:pressure-head-20260920-200652.csv:1,press,0.100,208413.79999999952,0.8356842413379667
live:pressure-head-20260920-200652.csv:1,press,0.125,185638.7599999987,0.7443623517901412
live:pressure-head-20260920-200652.csv:1,press,0.150,163892.9599999995,0.6571674425505106
live:pressure-head-20260920-200652.csv:1,press,0.175,142811.23999999953,0.5726353185534458
live:pressure-head-20260920-200652.csv:1,press,0.200,122275.15384615367,0.4902910420346749
live:pressure-head-20260920-200652.csv:1,press,0.225,102370.15999999916,0.41047727883300317
live:pressure-head-20260920-200652.csv:1,press,0.250,89162.39999999943,0.35751765286114456
live:pressure-head-20260920-200652.csv:1,press,0.275,76336.43999999987,0.30608894395592445
live:pressure-head-20260920-200652.csv:1,press,0.300,57034.11999999915,0.22869174355334412
live:pressure-head-20260920-200652.csv:1,press,0.325,38574.95999999982,0.1546753918514145
live:pressure-head-20260920-200652.csv:1,press,0.350,28563.49999999972,0.11453208389970737
live:pressure-head-20260920-200652.csv:1,press,0.375,22329.15999999981,0.08953402862149222
live:pressure-head-20260920-200652.csv:1,press,0.400,17141.239999999856,0.06873184090972824
live:pressure-head-20260920-200652.csv:1,press,0.425,12904.279999999864,0.05174275140039963
live:pressure-head-20260920-200652.csv:1,press,0.450,7334.159999999812,0.029408042727742206
live:pressure-head-20260920-200652.csv:1,press,0.475,2126.0769230768383,0.008525006407865651
live:pressure-head-20260920-200652.csv:1,press,0.500,-2783.280000000242,-0.011160217006893706
live:pressure-head-20260920-200652.csv:1,press,0.525,-10458.400000000456,-0.04193541919781412
live:pressure-head-20260920-200652.csv:1,press,0.550,-34015.20000000052,-0.1363919596781005
live:pressure-head-20260920-200652.csv:1,press,0.575,-88637.72000000298,-0.3554138247665451
live:pressure-head-20260920-200652.csv:1,press,0.600,-161487.80769231057,-0.6475234176272412
live:pressure-head-20260920-200652.csv:1,press,0.625,-235270.4000000031,-0.9433721074769665
live:pressure-head-20260920-200652.csv:1,press,0.650,-327128.6000000041,-1.3116992056713865
live:pressure-head-20260920-200652.csv:1,press,0.675,-455634.20000000484,-1.826972689690588
live:pressure-head-20260920-200652.csv:1,press,0.700,-541800.2000000031,-2.172475570685637
live:pressure-head-20260920-200652.csv:1,press,0.725,-488481.59999999695,-1.9586820800904474
live:pressure-head-20260920-200652.csv:1,press,0.750,-368109.9230769188,-1.4760234773105854
live:pressure-head-20260920-200652.csv:1,press,0.775,-254707.87999999383,-1.0213112637483563
live:pressure-head-20260920-200652.csv:1,press,0.800,-169337.55999999767,-0.6789988492058625
live:pressure-head-20260920-200652.csv:1,release,-0.400,53244.55999999995,0.09567480539643056
live:pressure-head-20260920-200652.csv:1,release,-0.375,35993.49999999995,0.06467648728877508
live:pressure-head-20260920-200652.csv:1,release,-0.350,26983.559999999852,0.04848658439290129
live:pressure-head-20260920-200652.csv:1,release,-0.325,21222.840000000037,0.03813518389408398
live:pressure-head-20260920-200652.csv:1,release,-0.300,16199.479999999894,0.0291087408088894
live:pressure-head-20260920-200652.csv:1,release,-0.275,11948.559999999852,0.021470290162367033
live:pressure-head-20260920-200652.csv:1,release,-0.250,6231.461538461581,0.01119727292380018
live:pressure-head-20260920-200652.csv:1,release,-0.225,1110.3199999999308,0.001995126824745256
live:pressure-head-20260920-200652.csv:1,release,-0.200,-3890.400000000105,-0.006990634590919408
live:pressure-head-20260920-200652.csv:1,release,-0.175,-12831.200000000339,-0.023056300268097123
live:pressure-head-20260920-200652.csv:1,release,-0.150,-40651.32000000085,-0.073046093912845
live:pressure-head-20260920-200652.csv:1,release,-0.125,-101247.03846153949,-0.18193014839023405
live:pressure-head-20260920-200652.csv:1,release,-0.100,-176548.00000000262,-0.31723795901645707
live:pressure-head-20260920-200652.csv:1,release,-0.075,-249951.0,-0.44913533483314044
live:pressure-head-20260920-200652.csv:1,release,-0.050,-346423.0,-0.6224852475041149
live:pressure-head-20260920-200652.csv:1,release,-0.025,-482937.0000000026,-0.8677863709219549
live:pressure-head-20260920-200652.csv:1,release,0.000,-556516.0,-1.0
live:pressure-head-20260920-200652.csv:1,release,0.025,-471472.9999999954,-0.8471867834886965
live:pressure-head-20260920-200652.csv:1,release,0.050,-342269.15384615085,-0.6150212282237184
live:pressure-head-20260920-200652.csv:1,release,0.075,-233025.4799999977,-0.4187219774453883
live:pressure-head-20260920-200652.csv:1,release,0.100,-153718.7599999982,-0.276216245355027
live:pressure-head-20260920-200652.csv:1,release,0.125,-99020.91999999696,-0.1779300505286406
live:pressure-head-20260920-200652.csv:1,release,0.150,-62425.279999999184,-0.11217158176943554
live:pressure-head-20260920-200652.csv:1,release,0.175,-39396.46153846056,-0.07079124686165457
live:pressure-head-20260920-200652.csv:1,release,0.200,-24074.839999999855,-0.0432599242429685
live:pressure-head-20260920-200652.csv:1,release,0.225,-14148.879999999595,-0.025424030935318292
live:pressure-head-20260920-200652.csv:1,release,0.250,-8008.759999999734,-0.014390889031042655
live:pressure-head-20260920-200652.csv:1,release,0.275,-4282.359999999964,-0.007694944979120033
live:pressure-head-20260920-200652.csv:1,release,0.300,-2018.346153846089,-0.0036267531460840103
live:pressure-head-20260920-200652.csv:1,release,0.325,-432.95999999995706,-0.000777983022949847
live:pressure-head-20260920-200652.csv:1,release,0.350,615.6800000000322,0.0011063114088364617
live:pressure-head-20260920-200652.csv:1,release,0.375,2198.3200000000543,0.00395014698589089
live:pressure-head-20260920-200652.csv:1,release,0.400,2706.830188679249,0.004863885654103834
live:pressure-head-20260920-200652.csv:1,release,0.425,3057.7735849056694,0.00549449357234234
live:pressure-head-20260920-200652.csv:1,release,0.450,3907.7826086957034,0.007021869288027125
live:pressure-head-20260920-200652.csv:1,release,0.475,3827.919999999994,0.006878364683135785
live:pressure-head-20260920-200652.csv:1,release,0.500,3624.9199999999905,0.006513595296451478
live:pressure-head-20260920-200652.csv:1,release,0.525,4202.32000000004,0.007551121620941788
live:pressure-head-20260920-200652.csv:1,release,0.550,4465.840000000008,0.008024639004089744
live:pressure-head-20260920-200652.csv:1,release,0.575,4355.076923076916,0.007825609547752294
live:pressure-head-20260920-200652.csv:1,release,0.600,4478.800000000007,0.008047926744244562
live:pressure-head-20260920-200652.csv:1,release,0.625,4550.800000000002,0.008177303078438
live:pressure-head-20260920-200652.csv:1,release,0.650,4807.800000000022,0.008639104715767421
live:pressure-head-20260920-200652.csv:1,release,0.675,4874.8,0.008759496582308506
live:pressure-head-20260920-200652.csv:1,release,0.700,4711.384615384603,0.008465856534914726
live:pressure-head-20260920-200652.csv:1,release,0.725,4696.960000000001,0.008439937036850694
live:pressure-head-20260920-200652.csv:1,release,0.750,4846.320000000011,0.008708321054560894
live:pressure-head-20260920-200652.csv:1,release,0.775,5016.160000000011,0.00901350545177499
live:pressure-head-20260920-200652.csv:1,release,0.800,5011.919999999998,0.009005886623205799
live:pressure-head-20260920-200652.csv:2,press,-0.400,7544.740000000004,0.034392996259718256
live:pressure-head-20260920-200652.csv:2,press,-0.375,9555.580000000013,0.04355949008175747
live:pressure-head-20260920-200652.csv:2,press,-0.350,14204.660000000018,0.06475250548734215
live:pressure-head-20260920-200652.csv:2,press,-0.325,20101.980000000014,0.09163567239599128
live:pressure-head-20260920-200652.csv:2,press,-0.300,25008.038461538104,0.1140001343015889
live:pressure-head-20260920-200652.csv:2,press,-0.275,30734.139999999607,0.14010279506857004
live:pressure-head-20260920-200652.csv:2,press,-0.250,39721.89999999949,0.1810738551797523
live:pressure-head-20260920-200652.csv:2,press,-0.225,52814.940000000424,0.24075899684777177
live:pressure-head-20260920-200652.csv:2,press,-0.200,69773.62000000052,0.3180658116365865
live:pressure-head-20260920-200652.csv:2,press,-0.175,89975.03846153748,0.4101547781998668
live:pressure-head-20260920-200652.csv:2,press,-0.150,112416.13999999945,0.5124534288195408
live:pressure-head-20260920-200652.csv:2,press,-0.125,136901.93999999942,0.6240729183998588
live:pressure-head-20260920-200652.csv:2,press,-0.100,161877.4999999995,0.7379249983475271
live:pressure-head-20260920-200652.csv:2,press,-0.075,187025.38000000102,0.8525626058435967
live:pressure-head-20260920-200652.csv:2,press,-0.050,207524.70000000054,0.946009568374678
live:pressure-head-20260920-200652.csv:2,press,-0.025,218092.53846153844,0.9941834787653581
live:pressure-head-20260920-200652.csv:2,press,0.000,219368.5,1.0
live:pressure-head-20260920-200652.csv:2,press,0.025,211691.5,0.9650040912893145
live:pressure-head-20260920-200652.csv:2,press,0.050,196474.5,0.8956367937967393
live:pressure-head-20260920-200652.csv:2,press,0.075,176591.5,0.8049993504081032
live:pressure-head-20260920-200652.csv:2,press,0.100,154290.5,0.703339358203206
live:pressure-head-20260920-200652.csv:2,press,0.125,130332.80769230881,0.5941272684652027
live:pressure-head-20260920-200652.csv:2,press,0.150,103248.09999999945,0.4706605551845386
live:pressure-head-20260920-200652.csv:2,press,0.175,82899.01999999955,0.3778984676469026
live:pressure-head-20260920-200652.csv:2,press,0.200,68963.69999999969,0.31437375922249405
live:pressure-head-20260920-200652.csv:2,press,0.225,52511.21999999962,0.2393744771924849
live:pressure-head-20260920-200652.csv:2,press,0.250,35878.34615384661,0.16355286266645672
live:pressure-head-20260920-200652.csv:2,press,0.275,23547.98000000031,0.10734439994803406
live:pressure-head-20260920-200652.csv:2,press,0.300,12891.01999999958,0.05876422549271924
live:pressure-head-20260920-200652.csv:2,press,0.325,-3061.6600000007475,-0.013956698432093703
live:pressure-head-20260920-200652.csv:2,press,0.350,-41231.62000000182,-0.18795597362429803
live:pressure-head-20260920-200652.csv:2,press,0.375,-117646.41999999796,-0.5362958674558925
live:pressure-head-20260920-200652.csv:2,press,0.400,-198314.88461538416,-0.9040262599935003
live:pressure-head-20260920-200652.csv:2,press,0.425,-265342.8999999998,-1.2095761241928527
live:pressure-head-20260920-200652.csv:2,press,0.450,-363691.4999999997,-1.6579021144786044
live:pressure-head-20260920-200652.csv:2,press,0.475,-481909.3000000072,-2.1968026403061844
live:pressure-head-20260920-200652.csv:2,press,0.500,-493181.14,-2.248185769606849
live:pressure-head-20260920-200652.csv:2,press,0.525,-394177.653846152,-1.7968744548381013
live:pressure-head-20260920-200652.csv:2,press,0.550,-278907.0599999977,-1.271408885049575
live:pressure-head-20260920-200652.csv:2,press,0.575,-186306.73999999824,-0.849286656926579
live:pressure-head-20260920-200652.csv:2,press,0.600,-119865.97999999876,-0.5464138196687253
live:pressure-head-20260920-200652.csv:2,press,0.625,-74437.73999999964,-0.3393273874781459
live:pressure-head-20260920-200652.csv:2,press,0.650,-46018.76923076972,-0.2097783830895034
live:pressure-head-20260920-200652.csv:2,press,0.675,-27826.899999999536,-0.12685002632556422
live:pressure-head-20260920-200652.csv:2,press,0.700,-16527.69999999957,-0.07534217538069309
live:pressure-head-20260920-200652.csv:2,press,0.725,-9146.299999999716,-0.04169377098352642
live:pressure-head-20260920-200652.csv:2,press,0.750,-4727.499999999836,-0.02155049608307408
live:pressure-head-20260920-200652.csv:2,press,0.775,-2124.900000000065,-0.009686440851809012
live:pressure-head-20260920-200652.csv:2,press,0.800,56.57692307689945,0.00025790814577708035
live:pressure-head-20260920-200652.csv:2,release,-0.400,173915.38000000134,0.3503910675304477
live:pressure-head-20260920-200652.csv:2,release,-0.375,151415.576923077,0.30506022893901136
live:pressure-head-20260920-200652.csv:2,release,-0.350,127197.30000000108,0.2562671440213663
live:pressure-head-20260920-200652.csv:2,release,-0.325,100554.45999999948,0.20258923957356298
live:pressure-head-20260920-200652.csv:2,release,-0.300,81002.10000000062,0.16319667812707578
live:pressure-head-20260920-200652.csv:2,release,-0.275,67091.06000000075,0.1351698057707685
live:pressure-head-20260920-200652.csv:2,release,-0.250,50517.65384615457,0.101779006895696
live:pressure-head-20260920-200652.csv:2,release,-0.225,34069.26000000027,0.06864007301351026
live:pressure-head-20260920-200652.csv:2,release,-0.200,22169.74000000021,0.04466585339072646
live:pressure-head-20260920-200652.csv:2,release,-0.175,11390.579999999207,0.02294884722668379
live:pressure-head-20260920-200652.csv:2,release,-0.150,-5977.939999999089,-0.01204388466524714
live:pressure-head-20260920-200652.csv:2,release,-0.125,-47619.53999999819,-0.09594011441603434
live:pressure-head-20260920-200652.csv:2,release,-0.100,-127243.0384615367,-0.2563592942864243
live:pressure-head-20260920-200652.csv:2,release,-0.075,-208006.5,-0.41907518235748614
live:pressure-head-20260920-200652.csv:2,release,-0.050,-273161.5,-0.5503443662844404
live:pressure-head-20260920-200652.csv:2,release,-0.025,-376036.49999999267,-0.7576088478512343
live:pressure-head-20260920-200652.csv:2,release,0.000,-496346.5,-1.0
live:pressure-head-20260920-200652.csv:2,release,0.025,-492749.5,-0.9927530465108548
live:pressure-head-20260920-200652.csv:2,release,0.050,-380736.03846153605,-0.7670771093611742
live:pressure-head-20260920-200652.csv:2,release,0.075,-265000.13999999734,-0.5339014982476905
live:pressure-head-20260920-200652.csv:2,release,0.100,-175727.06000000425,-0.3540410983053255
live:pressure-head-20260920-200652.csv:2,release,0.125,-112389.62000000301,-0.2264337917160754
live:pressure-head-20260920-200652.csv:2,release,0.150,-69372.05999999915,-0.13976538567311173
live:pressure-head-20260920-200652.csv:2,release,0.175,-42923.807692308255,-0.0864795212463637
live:pressure-head-20260920-200652.csv:2,release,0.200,-25871.859999999353,-0.05212459441136253
live:pressure-head-20260920-200652.csv:2,release,0.225,-15321.580000000256,-0.030868717720383354
live:pressure-head-20260920-200652.csv:2,release,0.250,-8340.620000000174,-0.016804027025475496
live:pressure-head-20260920-200652.csv:2,release,0.275,-4266.100000000099,-0.008595003691977477
live:pressure-head-20260920-200652.csv:2,release,0.300,-1849.8600000000588,-0.0037269528444343995
live:pressure-head-20260920-200652.csv:2,release,0.325,315.0384615384496,0.0006347147840036136
live:pressure-head-20260920-200652.csv:2,release,0.350,1596.9400000000692,0.003217389464819575
live:pressure-head-20260920-200652.csv:2,release,0.375,2342.819999999998,0.0047201299898357255
live:pressure-head-20260920-200652.csv:2,release,0.400,2929.8076923076846,0.005902746755155289
live:pressure-head-20260920-200652.csv:2,release,0.425,3502.8846153846007,0.007057337193643152
live:pressure-head-20260920-200652.csv:2,release,0.450,3485.833333333331,0.007022983607889511
live:pressure-head-20260920-200652.csv:2,release,0.475,3899.6600000000103,0.007856729119677504
live:pressure-head-20260920-200652.csv:2,release,0.500,4253.979999999983,0.008570585266542594
live:pressure-head-20260920-200652.csv:2,release,0.525,4393.700000000001,0.00885208216437509
live:pressure-head-20260920-200652.csv:2,release,0.550,4694.420000000006,0.009457949235060601
live:pressure-head-20260920-200652.csv:2,release,0.575,4818.769230769234,0.009708478312568405
live:pressure-head-20260920-200652.csv:2,release,0.600,5008.300000000009,0.010090330041614092
live:pressure-head-20260920-200652.csv:2,release,0.625,5143.499999999996,0.010362720397947797
live:pressure-head-20260920-200652.csv:2,release,0.650,4626.500000000019,0.009321109345991195
live:pressure-head-20260920-200652.csv:2,release,0.675,4395.500000000004,0.008855708663202025
live:pressure-head-20260920-200652.csv:2,release,0.700,4749.900000000013,0.00956972598779283
live:pressure-head-20260920-200652.csv:2,release,0.725,5216.038461538489,0.010508865201101426
live:pressure-head-20260920-200652.csv:2,release,0.750,5541.060000000019,0.011163693105522086
live:pressure-head-20260920-200652.csv:2,release,0.775,5302.220000000002,0.01068249700562007
live:pressure-head-20260920-200652.csv:2,release,0.800,5191.06,0.010458540555841535
live:pressure-head-supplement-20260920.csv:1,press,-0.400,3884.9800000000164,0.02265776681334521
live:pressure-head-supplement-20260920.csv:1,press,-0.375,5338.384615384623,0.0311342333230374
live:pressure-head-supplement-20260920.csv:1,press,-0.350,6924.459999999838,0.04038445500062601
live:pressure-head-supplement-20260920.csv:1,press,-0.325,10163.899999999836,0.059277338908863025
live:pressure-head-supplement-20260920.csv:1,press,-0.300,14266.93999999985,0.08320686326827488
live:pressure-head-supplement-20260920.csv:1,press,-0.275,18118.82000000041,0.10567158608100506
live:pressure-head-supplement-20260920.csv:1,press,-0.250,22858.65384615353,0.13331498450780213
live:pressure-head-supplement-20260920.csv:1,press,-0.225,30098.179999999178,0.175536951012893
live:pressure-head-supplement-20260920.csv:1,press,-0.200,39291.38000000059,0.22915302673747234
live:pressure-head-supplement-20260920.csv:1,press,-0.175,52363.339999998265,0.3053905933332649
live:pressure-head-supplement-20260920.csv:1,press,-0.150,71504.26000000107,0.41702321485331323
live:pressure-head-supplement-20260920.csv:1,press,-0.125,92291.86000000092,0.5382595129575736
live:pressure-head-supplement-20260920.csv:1,press,-0.100,112240.88461538295,0.6546051177969827
live:pressure-head-supplement-20260920.csv:1,press,-0.075,130150.5,0.7590565922193353
live:pressure-head-supplement-20260920.csv:1,press,-0.050,148503.5,0.8660939500243492
live:pressure-head-supplement-20260920.csv:1,press,-0.025,163785.5,0.9552207904306165
live:pressure-head-supplement-20260920.csv:1,press,0.000,171463.5,1.0
live:pressure-head-supplement-20260920.csv:1,press,0.025,169492.5,0.9885048421384143
live:pressure-head-supplement-20260920.csv:1,press,0.050,159784.80769230812,0.9318881726566186
live:pressure-head-supplement-20260920.csv:1,press,0.075,147434.90000000063,0.8598617198412527
live:pressure-head-supplement-20260920.csv:1,press,0.100,135899.37999999896,0.7925848941611419
live:pressure-head-supplement-20260920.csv:1,press,0.125,121081.74000000067,0.7061662686227721
live:pressure-head-supplement-20260920.csv:1,press,0.150,101026.21999999815,0.5891995672548277
live:pressure-head-supplement-20260920.csv:1,press,0.175,85572.7307692301,0.4990725767829894
live:pressure-head-supplement-20260920.csv:1,press,0.200,77036.66000000072,0.44928897403821055
live:pressure-head-supplement-20260920.csv:1,press,0.225,67542.73999999961,0.39391905565907387
live:pressure-head-supplement-20260920.csv:1,press,0.250,55466.619999999515,0.32348937237370934
live:pressure-head-supplement-20260920.csv:1,press,0.275,49406.93999999972,0.2881484397553982
live:pressure-head-supplement-20260920.csv:1,press,0.300,44658.30769230772,0.2604537274248322
live:pressure-head-supplement-20260920.csv:1,press,0.325,37074.98000000009,0.21622666048459346
live:pressure-head-supplement-20260920.csv:1,press,0.350,33620.05999999998,0.1960770659644763
live:pressure-head-supplement-20260920.csv:1,press,0.375,32571.98000000001,0.1899645113974695
live:pressure-head-supplement-20260920.csv:1,press,0.400,28761.019999999447,0.1677384399595217
live:pressure-head-supplement-20260920.csv:1,press,0.425,25084.73999999998,0.14629784181473013
live:pressure-head-supplement-20260920.csv:1,press,0.450,23599.038461538526,0.13763301496550884
live:pressure-head-supplement-20260920.csv:1,press,0.475,22136.579999999878,0.12910374511193273
live:pressure-head-supplement-20260920.csv:1,press,0.500,20288.420000000075,0.11832500794629805
live:pressure-head-supplement-20260920.csv:1,press,0.525,19555.77999999996,0.1140521452087468
live:pressure-head-supplement-20260920.csv:1,press,0.550,20422.86000000009,0.11910908152463989
live:pressure-head-supplement-20260920.csv:1,press,0.575,19548.653846153942,0.11401058444598379
live:pressure-head-supplement-20260920.csv:1,press,0.600,16299.899999999892,0.09506338083615401
live:pressure-head-supplement-20260920.csv:1,press,0.625,14091.299999999948,0.08218250531454185
live:pressure-head-supplement-20260920.csv:1,press,0.650,14693.700000000068,0.08569578948289326
live:pressure-head-supplement-20260920.csv:1,press,0.675,14302.699999999977,0.0834154207746837
live:pressure-head-supplement-20260920.csv:1,press,0.700,13631.423076923083,0.07950043640146785
live:pressure-head-supplement-20260920.csv:1,press,0.725,15137.340000000026,0.08828316230568037
live:pressure-head-supplement-20260920.csv:1,press,0.750,16377.419999999978,0.09551548871917334
live:pressure-head-supplement-20260920.csv:1,press,0.775,16176.379999999934,0.09434299428158141
live:pressure-head-supplement-20260920.csv:1,press,0.800,14862.739999999982,0.08668165527940339
live:pressure-head-supplement-20260920.csv:1,release,-0.400,8741.419999999842,0.024096015568899804
live:pressure-head-supplement-20260920.csv:1,release,-0.375,7501.299999999979,0.02067758345749213
live:pressure-head-supplement-20260920.csv:1,release,-0.350,5275.219999999942,0.014541319745461552
live:pressure-head-supplement-20260920.csv:1,release,-0.325,212.89999999934105,0.000586865945647616
live:pressure-head-supplement-20260920.csv:1,release,-0.300,-3721.5769230769088,-0.01025865082324394
live:pressure-head-supplement-20260920.csv:1,release,-0.275,-894.5399999994821,-0.0024658293237244683
live:pressure-head-supplement-20260920.csv:1,release,-0.250,3562.3399999997723,0.00981970893764521
live:pressure-head-supplement-20260920.csv:1,release,-0.225,945.2200000001568,0.0026055304328175127
live:pressure-head-supplement-20260920.csv:1,release,-0.200,-2463.3799999997223,-0.006790389070895893
live:pressure-head-supplement-20260920.csv:1,release,-0.175,30.807692307689365,8.492243062202378e-05
live:pressure-head-supplement-20260920.csv:1,release,-0.150,-601.180000000767,-0.001657172706463015
live:pressure-head-supplement-20260920.csv:1,release,-0.125,-16653.660000002124,-0.04590636883243482
live:pressure-head-supplement-20260920.csv:1,release,-0.100,-59165.74000000303,-0.1630923342186483
live:pressure-head-supplement-20260920.csv:1,release,-0.075,-126766.46000000456,-0.3494359719329902
live:pressure-head-supplement-20260920.csv:1,release,-0.050,-216075.80769231237,-0.5956201653983738
live:pressure-head-supplement-20260920.csv:1,release,-0.025,-311033.50000000733,-0.8573742090472383
live:pressure-head-supplement-20260920.csv:1,release,0.000,-362774.5,-1.0
live:pressure-head-supplement-20260920.csv:1,release,0.025,-333037.4999999895,-0.918028968408721
live:pressure-head-supplement-20260920.csv:1,release,0.050,-259223.4999999893,-0.7145582172947362
live:pressure-head-supplement-20260920.csv:1,release,0.075,-183761.5,-0.5065446992553225
live:pressure-head-supplement-20260920.csv:1,release,0.100,-122843.4999999939,-0.3386222019463714
live:pressure-head-supplement-20260920.csv:1,release,0.125,-79929.07692307293,-0.22032716445911424
live:pressure-head-supplement-20260920.csv:1,release,0.150,-49088.97999999707,-0.13531540943477854
live:pressure-head-supplement-20260920.csv:1,release,0.175,-29260.139999998235,-0.08065655110819045
live:pressure-head-supplement-20260920.csv:1,release,0.200,-16751.37999999889,-0.04617573726929233
live:pressure-head-supplement-20260920.csv:1,release,0.225,-8197.539999999188,-0.02259679222216332
live:pressure-head-supplement-20260920.csv:1,release,0.250,-3150.11538461517,-0.008683398046486646
live:pressure-head-supplement-20260920.csv:1,release,0.275,229.7400000005905,0.0006332859669039321
live:pressure-head-supplement-20260920.csv:1,release,0.300,2214.5000000000964,0.0061043430560860715
live:pressure-head-supplement-20260920.csv:1,release,0.325,4119.860000000076,0.011356531398982222
live:pressure-head-supplement-20260920.csv:1,release,0.350,5101.4200000000465,0.014062234252958923
live:pressure-head-supplement-20260920.csv:1,release,0.375,6304.038461538455,0.017377292123725494
live:pressure-head-supplement-20260920.csv:1,release,0.400,6657.605263157919,0.01835191079626026
live:pressure-head-supplement-20260920.csv:1,release,0.425,6891.8157894737005,0.018997519917948204
live:pressure-head-supplement-20260920.csv:1,release,0.450,7329.666666666667,0.020204470453867807
live:pressure-head-supplement-20260920.csv:1,release,0.475,8169.380000000115,0.022519168243633758
live:pressure-head-supplement-20260920.csv:1,release,0.500,8496.19230769233,0.023420037261969433
live:pressure-head-supplement-20260920.csv:1,release,0.525,8427.299999999987,0.0232301333197344
live:pressure-head-supplement-20260920.csv:1,release,0.550,8659.340000000024,0.023869759313292483
live:pressure-head-supplement-20260920.csv:1,release,0.575,8465.579999999976,0.02333565341555147
live:pressure-head-supplement-20260920.csv:1,release,0.600,8527.860000000013,0.023507330311253998
live:pressure-head-supplement-20260920.csv:1,release,0.625,9153.300000000057,0.025231376516265773
live:pressure-head-supplement-20260920.csv:1,release,0.650,9159.461538461515,0.025248361002389957
live:pressure-head-supplement-20260920.csv:1,release,0.675,8696.69999999997,0.023972743398447162
live:pressure-head-supplement-20260920.csv:1,release,0.700,8590.7,0.02368055086562038
live:pressure-head-supplement-20260920.csv:1,release,0.725,9025.100000000093,0.024877988943545076
live:pressure-head-supplement-20260920.csv:1,release,0.750,8952.699999999988,0.02467841593055738
live:pressure-head-supplement-20260920.csv:1,release,0.775,9017.500000000018,0.024857039290247848
live:pressure-head-supplement-20260920.csv:1,release,0.800,9248.100000000031,0.025492695875812748
live:pressure-head-supplement-20260920.csv:2,press,-0.400,2533.88,0.009375504132965302
live:pressure-head-supplement-20260920.csv:2,press,-0.375,2752.280000000019,0.010183596900831102
live:pressure-head-supplement-20260920.csv:2,press,-0.350,4462.423076923053,0.016511226261990235
live:pressure-head-supplement-20260920.csv:2,press,-0.325,6701.839999999891,0.02479719979575637
live:pressure-head-supplement-20260920.csv:2,press,-0.300,9491.35999999987,0.03511858687367212
live:pressure-head-supplement-20260920.csv:2,press,-0.275,12766.360000000306,0.047236278333198795
live:pressure-head-supplement-20260920.csv:2,press,-0.250,16324.71999999977,0.06040241835820921
live:pressure-head-supplement-20260920.csv:2,press,-0.225,22345.15384615345,0.08267837554910144
live:pressure-head-supplement-20260920.csv:2,press,-0.200,31551.720000000616,0.11674320854269725
live:pressure-head-supplement-20260920.csv:2,press,-0.175,45277.1999999983,0.16752828694692748
live:pressure-head-supplement-20260920.csv:2,press,-0.150,64404.6000000015,0.23830078515241096
live:pressure-head-supplement-20260920.csv:2,press,-0.125,94233.48000000197,0.3486693849762899
live:pressure-head-supplement-20260920.csv:2,press,-0.100,138096.63999999492,0.5109656412571131
live:pressure-head-supplement-20260920.csv:2,press,-0.075,193757.0384615409,0.7169123695231399
live:pressure-head-supplement-20260920.csv:2,press,-0.050,243883.0,0.9023813576254505
live:pressure-head-supplement-20260920.csv:2,press,-0.025,268209.0,0.99238897974588
live:pressure-head-supplement-20260920.csv:2,press,0.000,270266.0,1.0
live:pressure-head-supplement-20260920.csv:2,press,0.025,262709.0,0.9720386582107997
live:pressure-head-supplement-20260920.csv:2,press,0.050,245552.0,0.9085567551967321
live:pressure-head-supplement-20260920.csv:2,press,0.075,217014.5000000014,0.8029663368681277
live:pressure-head-supplement-20260920.csv:2,press,0.100,179264.35999999655,0.6632886119600562
live:pressure-head-supplement-20260920.csv:2,press,0.125,147461.56000000142,0.5456163927390105
live:pressure-head-supplement-20260920.csv:2,press,0.150,122964.15999999779,0.45497458059836526
live:pressure-head-supplement-20260920.csv:2,press,0.175,100785.75999999799,0.3729132040286162
live:pressure-head-supplement-20260920.csv:2,press,0.200,80686.64000000092,0.29854528501550665
live:pressure-head-supplement-20260920.csv:2,press,0.225,61184.46153846069,0.2263860845924411
live:pressure-head-supplement-20260920.csv:2,press,0.250,45596.919999999394,0.16871126963805805
live:pressure-head-supplement-20260920.csv:2,press,0.275,35315.919999999496,0.13067096860130203
live:pressure-head-supplement-20260920.csv:2,press,0.300,26776.079999999667,0.09907306135436816
live:pressure-head-supplement-20260920.csv:2,press,0.325,16675.68000000093,0.061700990875659285
live:pressure-head-supplement-20260920.csv:2,press,0.350,7711.3461538462025,0.02853243158164994
live:pressure-head-supplement-20260920.csv:2,press,0.375,4211.4000000000315,0.015582426202334113
live:pressure-head-supplement-20260920.csv:2,press,0.400,4271.480000000059,0.01580472571466651
live:pressure-head-supplement-20260920.csv:2,press,0.425,3242.599999999993,0.011997809565391107
live:pressure-head-supplement-20260920.csv:2,press,0.450,537.720000000033,0.0019895954356080048
live:pressure-head-supplement-20260920.csv:2,press,0.475,-1169.076923077058,-0.004325652960701893
live:pressure-head-supplement-20260920.csv:2,press,0.500,-759.9600000000311,-0.002811896427963677
live:pressure-head-supplement-20260920.csv:2,press,0.525,-1495.1600000000815,-0.005532179408434955
live:pressure-head-supplement-20260920.csv:2,press,0.550,-2979.480000000125,-0.011024250183153356
live:pressure-head-supplement-20260920.csv:2,press,0.575,-2378.4000000000406,-0.008800219043461037
live:pressure-head-supplement-20260920.csv:2,press,0.600,-2445.3200000000215,-0.009047826955665979
live:pressure-head-supplement-20260920.csv:2,press,0.625,-3800.6923076923676,-0.014062783730444702
live:pressure-head-supplement-20260920.csv:2,press,0.650,-4096.199999999999,-0.015156179467635585
live:pressure-head-supplement-20260920.csv:2,press,0.675,-3442.399999999977,-0.012737081245883599
live:pressure-head-supplement-20260920.csv:2,press,0.700,-3707.9999999999545,-0.013719816773104847
live:pressure-head-supplement-20260920.csv:2,press,0.725,-4183.000000000013,-0.015477344542043811
live:pressure-head-supplement-20260920.csv:2,press,0.750,-4090.384615384618,-0.01513466220458592
live:pressure-head-supplement-20260920.csv:2,press,0.775,-4766.120000000115,-0.01763492263177801
live:pressure-head-supplement-20260920.csv:2,press,0.800,-6076.200000000016,-0.02248229522026454
live:pressure-head-supplement-20260920.csv:2,release,-0.400,-12341.769230769325,-0.024143543957387718
live:pressure-head-supplement-20260920.csv:2,release,-0.375,-14009.240000000014,-0.027405527961610644
live:pressure-head-supplement-20260920.csv:2,release,-0.350,-15563.72000000004,-0.030446474158960762
live:pressure-head-supplement-20260920.csv:2,release,-0.325,-19137.840000000655,-0.03743833421690599
live:pressure-head-supplement-20260920.csv:2,release,-0.300,-23562.76000000002,-0.04609456887259557
live:pressure-head-supplement-20260920.csv:2,release,-0.275,-25188.538461538705,-0.04927499244211702
live:pressure-head-supplement-20260920.csv:2,release,-0.250,-27222.52000000059,-0.05325396188840511
live:pressure-head-supplement-20260920.csv:2,release,-0.225,-33969.79999999962,-0.06645330537204801
live:pressure-head-supplement-20260920.csv:2,release,-0.200,-43330.28000000054,-0.08476471244153373
live:pressure-head-supplement-20260920.csv:2,release,-0.175,-49023.879999999874,-0.09590279801949571
live:pressure-head-supplement-20260920.csv:2,release,-0.150,-53062.15384615526,-0.1038026574556573
live:pressure-head-supplement-20260920.csv:2,release,-0.125,-68980.00000000266,-0.13494188969508505
live:pressure-head-supplement-20260920.csv:2,release,-0.100,-122450.00000000403,-0.23954239479795697
live:pressure-head-supplement-20260920.csv:2,release,-0.075,-212089.72000000568,-0.4148997912685001
live:pressure-head-supplement-20260920.csv:2,release,-0.050,-323697.12000000576,-0.6332313868027806
live:pressure-head-supplement-20260920.csv:2,release,-0.025,-447541.65384615696,-0.875501833680222
live:pressure-head-supplement-20260920.csv:2,release,0.000,-511183.0,-1.0
live:pressure-head-supplement-20260920.csv:2,release,0.025,-436723.0,-0.8543378789983235
live:pressure-head-supplement-20260920.csv:2,release,0.050,-315045.9999999858,-0.6163076628134851
live:pressure-head-supplement-20260920.csv:2,release,0.075,-214990.0,-0.4205734541250394
live:pressure-head-supplement-20260920.csv:2,release,0.100,-142141.99999999302,-0.27806480262448674
live:pressure-head-supplement-20260920.csv:2,release,0.125,-92919.0,-0.1817724767842436
live:pressure-head-supplement-20260920.csv:2,release,0.150,-62116.11538461252,-0.12151443883034554
live:pressure-head-supplement-20260920.csv:2,release,0.175,-41169.43999999813,-0.08053757656259722
live:pressure-head-supplement-20260920.csv:2,release,0.200,-28467.04000000056,-0.05568854989309222
live:pressure-head-supplement-20260920.csv:2,release,0.225,-20302.559999999274,-0.03971681374380461
live:pressure-head-supplement-20260920.csv:2,release,0.250,-15082.199999999535,-0.0295045023015232
live:pressure-head-supplement-20260920.csv:2,release,0.275,-12076.461538460997,-0.023624536689328474
live:pressure-head-supplement-20260920.csv:2,release,0.300,-10038.8799999999,-0.01963852475532226
live:pressure-head-supplement-20260920.csv:2,release,0.325,-7994.159999999918,-0.015638548230281362
live:pressure-head-supplement-20260920.csv:2,release,0.350,-6033.2399999999,-0.011802505169381415
live:pressure-head-supplement-20260920.csv:2,release,0.375,-5535.679999999985,-0.010829155116660735
live:pressure-head-supplement-20260920.csv:2,release,0.400,-5225.399999999944,-0.01022217092508934
live:pressure-head-supplement-20260920.csv:2,release,0.425,-4959.089285714255,-0.009701201498708399
live:pressure-head-supplement-20260920.csv:2,release,0.450,-4696.142857142847,-0.00918681344477975
live:pressure-head-supplement-20260920.csv:2,release,0.475,-4264.349999999931,-0.00834212014092787
live:pressure-head-supplement-20260920.csv:2,release,0.500,-4136.12,-0.00809127064084682
live:pressure-head-supplement-20260920.csv:2,release,0.525,-4053.959999999989,-0.0079305454211114
live:pressure-head-supplement-20260920.csv:2,release,0.550,-3582.846153846108,-0.007008930566638773
live:pressure-head-supplement-20260920.csv:2,release,0.575,-3141.9999999999663,-0.006146526781993858
live:pressure-head-supplement-20260920.csv:2,release,0.600,-3158.84000000001,-0.006179469974549252
live:pressure-head-supplement-20260920.csv:2,release,0.625,-3416.0800000000227,-0.0066826948470509046
live:pressure-head-supplement-20260920.csv:2,release,0.650,-3474.6000000000017,-0.006797174397427148
live:pressure-head-supplement-20260920.csv:2,release,0.675,-3474.576923076923,-0.006797129253275095
live:pressure-head-supplement-20260920.csv:2,release,0.700,-3317.9999999999945,-0.0064908261816218355
live:pressure-head-supplement-20260920.csv:2,release,0.725,-3243.7999999999975,-0.006345672684733251
live:pressure-head-supplement-20260920.csv:2,release,0.750,-3323.000000000003,-0.006500607414565827
live:pressure-head-supplement-20260920.csv:2,release,0.775,-3232.199999999976,-0.006322980224303187
live:pressure-head-supplement-20260920.csv:2,release,0.800,-2943.1999999999816,-0.00575762496014144
live:pressure-head-supplement-20260920.csv:3,press,-0.400,1915.779999999931,0.0065169124112791285
live:pressure-head-supplement-20260920.csv:3,press,-0.375,1470.6200000000001,0.005002610806186336
live:pressure-head-supplement-20260920.csv:3,press,-0.350,1578.6923076923126,0.005370240577514794
live:pressure-head-supplement-20260920.csv:3,press,-0.325,2505.8600000001197,0.008524188651582793
live:pressure-head-supplement-20260920.csv:3,press,-0.300,3813.899999999952,0.012973750767508821
live:pressure-head-supplement-20260920.csv:3,press,-0.275,5046.900000000159,0.017168049175002795
live:pressure-head-supplement-20260920.csv:3,press,-0.250,6697.1800000002495,0.02278180973941348
live:pressure-head-supplement-20260920.csv:3,press,-0.225,9608.269230769021,0.032684467423666735
live:pressure-head-supplement-20260920.csv:3,press,-0.200,14650.420000000544,0.04983636113147593
live:pressure-head-supplement-20260920.csv:3,press,-0.175,25563.700000000812,0.08696008613109414
live:pressure-head-supplement-20260920.csv:3,press,-0.150,43786.06000000135,0.1489471222452639
live:pressure-head-supplement-20260920.csv:3,press,-0.125,70979.98000000206,0.24145273080122687
live:pressure-head-supplement-20260920.csv:3,press,-0.100,117126.77999999397,0.39843038672245673
live:pressure-head-supplement-20260920.csv:3,press,-0.075,183201.5000000031,0.6231968854017771
live:pressure-head-supplement-20260920.csv:3,press,-0.050,246701.5,0.8392049542386055
live:pressure-head-supplement-20260920.csv:3,press,-0.025,285560.5000000012,0.9713916872611409
live:pressure-head-supplement-20260920.csv:3,press,0.000,293970.5,1.0
live:pressure-head-supplement-20260920.csv:3,press,0.025,279077.5,0.9493384540285504
live:pressure-head-supplement-20260920.csv:3,press,0.050,247148.5,0.840725514975142
live:pressure-head-supplement-20260920.csv:3,press,0.075,212978.30769230938,0.7244887078543915
live:pressure-head-supplement-20260920.csv:3,press,0.100,178837.0999999969,0.6083504977540157
live:pressure-head-supplement-20260920.csv:3,press,0.125,147148.93999999712,0.5005568245793273
live:pressure-head-supplement-20260920.csv:3,press,0.150,116633.33999999706,0.3967518509510208
live:pressure-head-supplement-20260920.csv:3,press,0.175,92978.33999999787,0.3162845931819617
live:pressure-head-supplement-20260920.csv:3,press,0.200,78772.42307692247,0.26796029899912566
live:pressure-head-supplement-20260920.csv:3,press,0.225,64481.05999999927,0.21934534247483767
live:pressure-head-supplement-20260920.csv:3,press,0.250,53331.33999999957,0.18141731908473663
live:pressure-head-supplement-20260920.csv:3,press,0.275,44489.69999999956,0.15134069575008227
live:pressure-head-supplement-20260920.csv:3,press,0.300,34591.8999999996,0.11767133096688137
live:pressure-head-supplement-20260920.csv:3,press,0.325,26375.769230769274,0.08972250355314317
live:pressure-head-supplement-20260920.csv:3,press,0.350,18369.379999998957,0.0624871543233044
live:pressure-head-supplement-20260920.csv:3,press,0.375,13035.019999999971,0.04434125192833965
live:pressure-head-supplement-20260920.csv:3,press,0.400,10914.339999999773,0.03712733080360027
live:pressure-head-supplement-20260920.csv:3,press,0.425,9095.21999999999,0.030939226895215645
live:pressure-head-supplement-20260920.csv:3,press,0.450,6001.420000000037,0.020415041645335287
live:pressure-head-supplement-20260920.csv:3,press,0.475,370.9615384610179,0.0012619005596174375
live:pressure-head-supplement-20260920.csv:3,press,0.500,-3679.4200000002934,-0.012516289899837886
live:pressure-head-supplement-20260920.csv:3,press,0.525,-2485.339999999783,-0.00845438572917957
live:pressure-head-supplement-20260920.csv:3,press,0.550,-563.7799999998501,-0.0019178114810834766
live:pressure-head-supplement-20260920.csv:3,press,0.575,-2834.579999999878,-0.009642396090763795
live:pressure-head-supplement-20260920.csv:3,press,0.600,-6321.038461538598,-0.021502288364099793
live:pressure-head-supplement-20260920.csv:3,press,0.625,-6134.499999999968,-0.020867740130387124
live:pressure-head-supplement-20260920.csv:3,press,0.650,-2647.8999999993043,-0.009007366385400251
live:pressure-head-supplement-20260920.csv:3,press,0.675,651.5000000001764,0.0022162087692478545
live:pressure-head-supplement-20260920.csv:3,press,0.700,2565.3000000000457,0.008726385810821309
live:pressure-head-supplement-20260920.csv:3,press,0.725,2240.038461538355,0.007619943026726679
live:pressure-head-supplement-20260920.csv:3,press,0.750,-390.30000000003656,-0.0013276842404256093
live:pressure-head-supplement-20260920.csv:3,press,0.775,-2684.0600000002396,-0.00913037192507493
live:pressure-head-supplement-20260920.csv:3,press,0.800,-3578.940000000006,-0.012174486895793986
live:pressure-head-supplement-20260920.csv:3,release,-0.400,-7664.219999999844,-0.01372162409665705
live:pressure-head-supplement-20260920.csv:3,release,-0.375,-6423.019999999978,-0.01149944364923132
live:pressure-head-supplement-20260920.csv:3,release,-0.350,-4854.099999999993,-0.008690530220633574
live:pressure-head-supplement-20260920.csv:3,release,-0.325,-6180.7307692307795,-0.011065661509981246
live:pressure-head-supplement-20260920.csv:3,release,-0.300,-7864.02000000001,-0.014079335709125692
live:pressure-head-supplement-20260920.csv:3,release,-0.275,-7609.059999999975,-0.013622868478320178
live:pressure-head-supplement-20260920.csv:3,release,-0.250,-7304.779999999908,-0.013078101263896295
live:pressure-head-supplement-20260920.csv:3,release,-0.225,-6341.460000000017,-0.011353422832850417
live:pressure-head-supplement-20260920.csv:3,release,-0.200,-6246.900000000351,-0.01118412748713026
live:pressure-head-supplement-20260920.csv:3,release,-0.175,-10608.038461538017,-0.01899208480081571
live:pressure-head-supplement-20260920.csv:3,release,-0.150,-21353.66000000124,-0.038230491244750905
live:pressure-head-supplement-20260920.csv:3,release,-0.125,-46606.22000000221,-0.08344137190818415
live:pressure-head-supplement-20260920.csv:3,release,-0.100,-96168.21999999344,-0.1721746198418826
live:pressure-head-supplement-20260920.csv:3,release,-0.075,-169800.1800000055,-0.30400148240849395
live:pressure-head-supplement-20260920.csv:3,release,-0.050,-278810.19230769936,-0.4991673846996813
live:pressure-head-supplement-20260920.csv:3,release,-0.025,-422452.5000000193,-0.7563371619934444
live:pressure-head-supplement-20260920.csv:3,release,0.000,-558550.5,-1.0
live:pressure-head-supplement-20260920.csv:3,release,0.025,-553124.5,-0.9902855695232571
live:pressure-head-supplement-20260920.csv:3,release,0.050,-424833.5,-0.7605999815594113
live:pressure-head-supplement-20260920.csv:3,release,0.075,-296621.5,-0.5310558311200151
live:pressure-head-supplement-20260920.csv:3,release,0.100,-204987.84615383763,-0.3669996645850959
live:pressure-head-supplement-20260920.csv:3,release,0.125,-138296.57999999402,-0.24759906221549174
live:pressure-head-supplement-20260920.csv:3,release,0.150,-93328.73999999574,-0.16709096133652326
live:pressure-head-supplement-20260920.csv:3,release,0.175,-62146.259999997215,-0.1112634578252051
live:pressure-head-supplement-20260920.csv:3,release,0.200,-42408.82000000088,-0.07592656348888933
live:pressure-head-supplement-20260920.csv:3,release,0.225,-30057.979999998905,-0.053814256723427704
live:pressure-head-supplement-20260920.csv:3,release,0.250,-22832.423076922772,-0.04087799236939681
live:pressure-head-supplement-20260920.csv:3,release,0.275,-17185.659999999716,-0.030768319068731863
live:pressure-head-supplement-20260920.csv:3,release,0.300,-12932.859999999835,-0.02315432534748395
live:pressure-head-supplement-20260920.csv:3,release,0.325,-11354.899999999947,-0.020329227169253176
live:pressure-head-supplement-20260920.csv:3,release,0.350,-10228.979999999943,-0.018313438086618745
live:pressure-head-supplement-20260920.csv:3,release,0.375,-8910.000000000007,-0.015952004339804562
live:pressure-head-supplement-20260920.csv:3,release,0.400,-8169.5799999999135,-0.014626394569515045
live:pressure-head-supplement-20260920.csv:3,release,0.425,-7475.379999999996,-0.013383534702770825
live:pressure-head-supplement-20260920.csv:3,release,0.450,-7142.533333333346,-0.012787623202079929
live:pressure-head-supplement-20260920.csv:3,release,0.475,-6859.616666666649,-0.01228110379753782
live:pressure-head-supplement-20260920.csv:3,release,0.500,-6560.249999999977,-0.01174513316163888
live:pressure-head-supplement-20260920.csv:3,release,0.525,-6404.499999999987,-0.0114662863966642
live:pressure-head-supplement-20260920.csv:3,release,0.550,-6243.3799999999865,-0.01117782546072376
live:pressure-head-supplement-20260920.csv:3,release,0.575,-5757.020000000021,-0.010307071607670248
live:pressure-head-supplement-20260920.csv:3,release,0.600,-5340.219999999968,-0.009560854390068523
live:pressure-head-supplement-20260920.csv:3,release,0.625,-5286.740000000001,-0.009465106557061538
live:pressure-head-supplement-20260920.csv:3,release,0.650,-5411.269230769257,-0.009688057267461504
live:pressure-head-supplement-20260920.csv:3,release,0.675,-5202.099999999983,-0.009313571467575417
live:pressure-head-supplement-20260920.csv:3,release,0.700,-5099.299999999998,-0.00912952365095009
live:pressure-head-supplement-20260920.csv:3,release,0.725,-5298.100000000015,-0.009485444915007711
live:pressure-head-supplement-20260920.csv:3,release,0.750,-5076.8999999999905,-0.009089419846549221
live:pressure-head-supplement-20260920.csv:3,release,0.775,-4856.192307692283,-0.00869427618038527
live:pressure-head-supplement-20260920.csv:3,release,0.800,-4830.26,-0.008647848314521247
live:pressure-head-supplement-20260920.csv:4,press,-0.400,78.69230769241517,0.00026761312246083665
live:pressure-head-supplement-20260920.csv:4,press,-0.375,457.1400000000213,0.0015546203484072447
live:pressure-head-supplement-20260920.csv:4,press,-0.350,589.6999999999248,0.002005424201460368
live:pressure-head-supplement-20260920.csv:4,press,-0.325,-119.86000000003318,-0.0004076142865645869
live:pressure-head-supplement-20260920.csv:4,press,-0.300,-491.57999999998475,-0.0016717422909173863
live:pressure-head-supplement-20260920.csv:4,press,-0.275,-187.4999999997718,-0.0006376412375333377
live:pressure-head-supplement-20260920.csv:4,press,-0.250,1879.0200000003022,0.006390083403474897
live:pressure-head-supplement-20260920.csv:4,press,-0.225,3466.300000000395,0.01178803104887867
live:pressure-head-supplement-20260920.csv:4,press,-0.200,5774.299999999489,0.019636969588762175
live:pressure-head-supplement-20260920.csv:4,press,-0.175,11776.900000002935,0.04005033114835934
live:pressure-head-supplement-20260920.csv:4,press,-0.150,27446.700000005276,0.0933394546892316
live:pressure-head-supplement-20260920.csv:4,press,-0.125,55104.15384616056,0.18739563120925876
live:pressure-head-supplement-20260920.csv:4,press,-0.100,91220.5,0.3102184133785634
live:pressure-head-supplement-20260920.csv:4,press,-0.075,143267.5,0.4872174186582328
live:pressure-head-supplement-20260920.csv:4,press,-0.050,207757.5000000163,0.7065319968373549
live:pressure-head-supplement-20260920.csv:4,press,-0.025,265053.50000000827,0.9013815560146854
live:pressure-head-supplement-20260920.csv:4,press,0.000,294052.5,1.0
live:pressure-head-supplement-20260920.csv:4,press,0.025,288582.3076923072,0.9813972256393236
live:pressure-head-supplement-20260920.csv:4,press,0.050,266954.53999999794,0.9078465240050602
live:pressure-head-supplement-20260920.csv:4,press,0.075,237610.01999998887,0.808053051750925
live:pressure-head-supplement-20260920.csv:4,press,0.100,199623.8599999961,0.6788714940359156
live:pressure-head-supplement-20260920.csv:4,press,0.125,158234.1799999962,0.5381154045620976
live:pressure-head-supplement-20260920.csv:4,press,0.150,124144.69999999693,0.4221854940869298
live:pressure-head-supplement-20260920.csv:4,press,0.175,96487.65384615624,0.3281307040278734
live:pressure-head-supplement-20260920.csv:4,press,0.200,70403.09999999528,0.2394235723212531
live:pressure-head-supplement-20260920.csv:4,press,0.225,49872.13999999635,0.16960284302971868
live:pressure-head-supplement-20260920.csv:4,press,0.250,35241.219999997425,0.1198466940427217
live:pressure-head-supplement-20260920.csv:4,press,0.275,24412.61999999808,0.08302129721732712
live:pressure-head-supplement-20260920.csv:4,press,0.300,18040.65384615378,0.06135181250339235
live:pressure-head-supplement-20260920.csv:4,press,0.325,12675.739999998561,0.04310706421471867
live:pressure-head-supplement-20260920.csv:4,press,0.350,6227.459999998197,0.021178054939162895
live:pressure-head-supplement-20260920.csv:4,press,0.375,2122.1799999999143,0.007217010567840486
live:pressure-head-supplement-20260920.csv:4,press,0.400,1070.3400000000079,0.0036399622516387646
live:pressure-head-supplement-20260920.csv:4,press,0.425,-900.8600000005856,-0.0030636025879752274
live:pressure-head-supplement-20260920.csv:4,press,0.450,-2878.7307692314535,-0.009789853067841468
live:pressure-head-supplement-20260920.csv:4,press,0.475,-4985.740000000267,-0.016955271592658683
live:pressure-head-supplement-20260920.csv:4,press,0.500,-6941.980000000152,-0.023607961163398212
live:pressure-head-supplement-20260920.csv:4,press,0.525,-6522.059999999931,-0.022179916851582392
live:pressure-head-supplement-20260920.csv:4,press,0.550,-4207.059999999057,-0.014307173038824894
live:pressure-head-supplement-20260920.csv:4,press,0.575,-3889.423076923101,-0.013226968235002596
live:pressure-head-supplement-20260920.csv:4,press,0.600,-4968.500000000226,-0.01689664260633807
live:pressure-head-supplement-20260920.csv:4,press,0.625,-6934.100000000362,-0.023581163227656157
live:pressure-head-supplement-20260920.csv:4,press,0.650,-9906.700000000543,-0.03369024238869094
live:pressure-head-supplement-20260920.csv:4,press,0.675,-12872.300000000661,-0.04377551627685757
live:pressure-head-supplement-20260920.csv:4,press,0.700,-14765.700000000279,-0.05021450251230743
live:pressure-head-supplement-20260920.csv:4,press,0.725,-14979.653846153811,-0.050942106753568875
live:pressure-head-supplement-20260920.csv:4,press,0.750,-14191.579999999954,-0.0482620620467432
live:pressure-head-supplement-20260920.csv:4,press,0.775,-16097.459999999935,-0.05474348968296456
live:pressure-head-supplement-20260920.csv:4,press,0.800,-18890.340000000728,-0.06424138546688339
live:pressure-head-supplement-20260920.csv:4,release,-0.400,-10892.820000000762,-0.0206694680555346
live:pressure-head-supplement-20260920.csv:4,release,-0.375,-13651.180000000018,-0.025903542786012573
live:pressure-head-supplement-20260920.csv:4,release,-0.350,-15076.423076923074,-0.028607986286394556
live:pressure-head-supplement-20260920.csv:4,release,-0.325,-14866.139999999921,-0.02820896754367391
live:pressure-head-supplement-20260920.csv:4,release,-0.300,-14179.18000000029,-0.0269054393686539
live:pressure-head-supplement-20260920.csv:4,release,-0.275,-16997.220000000285,-0.03225275877347419
live:pressure-head-supplement-20260920.csv:4,release,-0.250,-19603.380000000056,-0.037198029223881296
live:pressure-head-supplement-20260920.csv:4,release,-0.225,-20230.73076923089,-0.03838844701139921
live:pressure-head-supplement-20260920.csv:4,release,-0.200,-21894.099999999253,-0.04154474236741569
live:pressure-head-supplement-20260920.csv:4,release,-0.175,-30138.700000001732,-0.05718912980158791
live:pressure-head-supplement-20260920.csv:4,release,-0.150,-38863.46000000062,-0.07374463591590638
live:pressure-head-supplement-20260920.csv:4,release,-0.125,-42254.86000000155,-0.08017992392796885
live:pressure-head-supplement-20260920.csv:4,release,-0.100,-51853.060000008685,-0.0983928098740109
live:pressure-head-supplement-20260920.csv:4,release,-0.075,-102234.11538460544,-0.19399244475974015
live:pressure-head-supplement-20260920.csv:4,release,-0.050,-216024.50000004855,-0.40991327332715727
live:pressure-head-supplement-20260920.csv:4,release,-0.025,-386804.5000000399,-0.7339736869320614
live:pressure-head-supplement-20260920.csv:4,release,0.000,-527000.5,-1.0
live:pressure-head-supplement-20260920.csv:4,release,0.025,-517555.5,-0.9820778158654498
live:pressure-head-supplement-20260920.csv:4,release,0.050,-397864.5,-0.7549603842880604
live:pressure-head-supplement-20260920.csv:4,release,0.075,-281392.38461537316,-0.533950887362295
live:pressure-head-supplement-20260920.csv:4,release,0.100,-188639.09999999165,-0.3579486167470271
live:pressure-head-supplement-20260920.csv:4,release,0.125,-125137.45999999435,-0.23745226048171558
live:pressure-head-supplement-20260920.csv:4,release,0.150,-83563.85999999629,-0.1585650487997569
live:pressure-head-supplement-20260920.csv:4,release,0.175,-56076.93999999755,-0.1064077548313475
live:pressure-head-supplement-20260920.csv:4,release,0.200,-37616.77999999815,-0.07137902146202546
live:pressure-head-supplement-20260920.csv:4,release,0.225,-25785.11538461336,-0.04892806626296058
live:pressure-head-supplement-20260920.csv:4,release,0.250,-18807.739999998805,-0.035688277335597984
live:pressure-head-supplement-20260920.csv:4,release,0.275,-14876.579999999327,-0.028228777771556815
live:pressure-head-supplement-20260920.csv:4,release,0.300,-11670.540000000252,-0.022145216181009793
live:pressure-head-supplement-20260920.csv:4,release,0.325,-9570.139999999636,-0.018159641214760963
live:pressure-head-supplement-20260920.csv:4,release,0.350,-8516.923076922822,-0.016161129025347835
live:pressure-head-supplement-20260920.csv:4,release,0.375,-7582.0999999999785,-0.014387272877350171
live:pressure-head-supplement-20260920.csv:4,release,0.400,-6649.46000000001,-0.012617559186376503
live:pressure-head-supplement-20260920.csv:4,release,0.425,-6416.89285714286,-0.012176255728681206
live:pressure-head-supplement-20260920.csv:4,release,0.450,-6279.839285714251,-0.011916192272520141
live:pressure-head-supplement-20260920.csv:4,release,0.475,-5662.92105263134,-0.010745570549992534
live:pressure-head-supplement-20260920.csv:4,release,0.500,-5474.423076923067,-0.010387889721021264
live:pressure-head-supplement-20260920.csv:4,release,0.525,-4739.619999999932,-0.008993577804954515
live:pressure-head-supplement-20260920.csv:4,release,0.550,-4474.819999999945,-0.00849111148850892
live:pressure-head-supplement-20260920.csv:4,release,0.575,-4810.860000000156,-0.00912875794235519
live:pressure-head-supplement-20260920.csv:4,release,0.600,-4614.05999999996,-0.008755323761552334
live:pressure-head-supplement-20260920.csv:4,release,0.625,-4456.076923076904,-0.00845554591139269
live:pressure-head-supplement-20260920.csv:4,release,0.650,-4231.299999999957,-0.008029024640394
live:pressure-head-supplement-20260920.csv:4,release,0.675,-4300.7000000000335,-0.008160713320006402
live:pressure-head-supplement-20260920.csv:4,release,0.700,-4047.2999999999397,-0.007679878861594894
live:pressure-head-supplement-20260920.csv:4,release,0.725,-3894.899999999983,-0.007390695075241831
live:pressure-head-supplement-20260920.csv:4,release,0.750,-3903.300000000006,-0.007406634339056616
live:pressure-head-supplement-20260920.csv:4,release,0.775,-3868.1923076923067,-0.007340016390292432
live:pressure-head-supplement-20260920.csv:4,release,0.800,-3614.579999999917,-0.006858779071366948
live:pressure-head-supplement-20260920.csv:5,press,-0.400,5107.576923076916,0.01705091804190946
live:pressure-head-supplement-20260920.csv:5,press,-0.375,5861.619999999733,0.019568183449423827
live:pressure-head-supplement-20260920.csv:5,press,-0.350,7274.41999999985,0.024284615012259616
live:pressure-head-supplement-20260920.csv:5,press,-0.325,8054.81999999995,0.026889869253225937
live:pressure-head-supplement-20260920.csv:5,press,-0.300,8400.700000000114,0.02804454036658542
live:pressure-head-supplement-20260920.csv:5,press,-0.275,9518.576923077024,0.0317764132455246
live:pressure-head-supplement-20260920.csv:5,press,-0.250,10726.219999999767,0.035807957642918484
live:pressure-head-supplement-20260920.csv:5,press,-0.225,13461.419999999387,0.04493903324503173
live:pressure-head-supplement-20260920.csv:5,press,-0.200,20459.21999999867,0.06830019178863747
live:pressure-head-supplement-20260920.csv:5,press,-0.175,33686.85999999828,0.11245878380295106
live:pressure-head-supplement-20260920.csv:5,press,-0.150,52902.73999999747,0.17660826210112043
live:pressure-head-supplement-20260920.csv:5,press,-0.125,81127.53846153464,0.27083273146597175
live:pressure-head-supplement-20260920.csv:5,press,-0.100,120003.49999998896,0.4006145916270285
live:pressure-head-supplement-20260920.csv:5,press,-0.075,172253.49999998516,0.5750437742134752
live:pressure-head-supplement-20260920.csv:5,press,-0.050,226973.5,0.7577186999767984
live:pressure-head-supplement-20260920.csv:5,press,-0.025,273897.5,0.914367790190904
live:pressure-head-supplement-20260920.csv:5,press,0.000,299548.5,1.0
live:pressure-head-supplement-20260920.csv:5,press,0.025,293633.1153846165,0.9802523310402705
live:pressure-head-supplement-20260920.csv:5,press,0.050,264499.5400000058,0.8829940393625934
live:pressure-head-supplement-20260920.csv:5,press,0.075,220237.5799999959,0.7352317905113727
live:pressure-head-supplement-20260920.csv:5,press,0.100,172923.1799999957,0.577279405505271
live:pressure-head-supplement-20260920.csv:5,press,0.125,131378.5000000075,0.4385884088887359
live:pressure-head-supplement-20260920.csv:5,press,0.150,95661.86000000685,0.3193534936746699
live:pressure-head-supplement-20260920.csv:5,press,0.175,71124.96153846417,0.23744055316072077
live:pressure-head-supplement-20260920.csv:5,press,0.200,54696.54000000125,0.18259660789488596
live:pressure-head-supplement-20260920.csv:5,press,0.225,40370.58000000146,0.13477143100366537
live:pressure-head-supplement-20260920.csv:5,press,0.250,28637.94000000118,0.09560368354373726
live:pressure-head-supplement-20260920.csv:5,press,0.275,23934.38000000042,0.07990151845193823
live:pressure-head-supplement-20260920.csv:5,press,0.300,22080.42307692353,0.0737123473391572
live:pressure-head-supplement-20260920.csv:5,press,0.325,20044.940000000024,0.06691717701807895
live:pressure-head-supplement-20260920.csv:5,press,0.350,16902.820000000036,0.05642765695705382
live:pressure-head-supplement-20260920.csv:5,press,0.375,13109.060000000043,0.0437627295746767
live:pressure-head-supplement-20260920.csv:5,press,0.400,8922.220000001107,0.0297855606020431
live:pressure-head-supplement-20260920.csv:5,press,0.425,4236.260000001404,0.014142150603329356
live:pressure-head-supplement-20260920.csv:5,press,0.450,1119.5769230767332,0.003737548086793068
live:pressure-head-supplement-20260920.csv:5,press,0.475,-138.14000000007536,-0.00046116071354079677
live:pressure-head-supplement-20260920.csv:5,press,0.500,-1965.2999999996825,-0.0065608741155428335
live:pressure-head-supplement-20260920.csv:5,press,0.525,-3177.4199999997827,-0.010607364082944106
live:pressure-head-supplement-20260920.csv:5,press,0.550,-4737.700000000132,-0.015816136618945285
live:pressure-head-supplement-20260920.csv:5,press,0.575,-7080.692307692118,-0.02363788270577926
live:pressure-head-supplement-20260920.csv:5,press,0.600,-6572.300000000143,-0.021940687401205958
live:pressure-head-supplement-20260920.csv:5,press,0.625,-3489.500000000402,-0.011649198710727652
live:pressure-head-supplement-20260920.csv:5,press,0.650,-2213.500000000081,-0.007389454462299364
live:pressure-head-supplement-20260920.csv:5,press,0.675,-2922.7000000001817,-0.009757017644889497
live:pressure-head-supplement-20260920.csv:5,press,0.700,-4241.099999999921,-0.01415830825392189
live:pressure-head-supplement-20260920.csv:5,press,0.725,-7095.961538461397,-0.02368885685777561
live:pressure-head-supplement-20260920.csv:5,press,0.750,-8668.259999999977,-0.028937751315730096
live:pressure-head-supplement-20260920.csv:5,press,0.775,-8614.980000000096,-0.028759883624855726
live:pressure-head-supplement-20260920.csv:5,press,0.800,-11136.69999999992,-0.03717828665474847
live:pressure-head-supplement-20260920.csv:5,release,-0.400,-8872.259999999895,-0.017516680536264595
live:pressure-head-supplement-20260920.csv:5,release,-0.375,-8931.90000000004,-0.017634428982228237
live:pressure-head-supplement-20260920.csv:5,release,-0.350,-12386.26000000004,-0.024454441084809958
live:pressure-head-supplement-20260920.csv:5,release,-0.325,-15485.923076923076,-0.030574167951303546
live:pressure-head-supplement-20260920.csv:5,release,-0.300,-15404.859999999651,-0.03041412349569085
live:pressure-head-supplement-20260920.csv:5,release,-0.275,-14605.900000000105,-0.02883672077290701
live:pressure-head-supplement-20260920.csv:5,release,-0.250,-15646.860000000119,-0.030891908940412296
live:pressure-head-supplement-20260920.csv:5,release,-0.225,-17143.38000000054,-0.03384651833600467
live:pressure-head-supplement-20260920.csv:5,release,-0.200,-23028.260000001308,-0.04546515473239831
live:pressure-head-supplement-20260920.csv:5,release,-0.175,-35865.88461538967,-0.07081073401346617
live:pressure-head-supplement-20260920.csv:5,release,-0.150,-49384.42000000227,-0.09750064905771089
live:pressure-head-supplement-20260920.csv:5,release,-0.125,-61506.46000000408,-0.1214334353069704
live:pressure-head-supplement-20260920.csv:5,release,-0.100,-83705.78000000885,-0.165261997202406
live:pressure-head-supplement-20260920.csv:5,release,-0.075,-134244.9799999912,-0.265042551532203
live:pressure-head-supplement-20260920.csv:5,release,-0.050,-232909.50000002768,-0.459837888583253
live:pressure-head-supplement-20260920.csv:5,release,-0.025,-373634.5000000378,-0.7376740733282944
live:pressure-head-supplement-20260920.csv:5,release,0.000,-506503.5,-1.0
live:pressure-head-supplement-20260920.csv:5,release,0.025,-497112.5,-0.9814591606968165
live:pressure-head-supplement-20260920.csv:5,release,0.050,-375396.5,-0.74115282520259
live:pressure-head-supplement-20260920.csv:5,release,0.075,-257672.499999975,-0.5087279752261831
live:pressure-head-supplement-20260920.csv:5,release,0.100,-169696.49999998347,-0.3350351971901151
live:pressure-head-supplement-20260920.csv:5,release,0.125,-111485.92307691736,-0.22010888982389532
live:pressure-head-supplement-20260920.csv:5,release,0.150,-73835.25999999666,-0.1457744319634448
live:pressure-head-supplement-20260920.csv:5,release,0.175,-49661.419999997845,-0.0980475357031054
live:pressure-head-supplement-20260920.csv:5,release,0.200,-32502.059999993664,-0.06416946773318183
live:pressure-head-supplement-20260920.csv:5,release,0.225,-21464.259999998896,-0.04237731822188572
live:pressure-head-supplement-20260920.csv:5,release,0.250,-16657.115384614586,-0.03288647637107066
live:pressure-head-supplement-20260920.csv:5,release,0.275,-12984.179999999345,-0.02563492651087178
live:pressure-head-supplement-20260920.csv:5,release,0.300,-9584.140000000269,-0.018922159471751465
live:pressure-head-supplement-20260920.csv:5,release,0.325,-7896.69999999972,-0.015590612898034702
live:pressure-head-supplement-20260920.csv:5,release,0.350,-6870.979999999821,-0.01356551336762692
live:pressure-head-supplement-20260920.csv:5,release,0.375,-6230.76923076907,-0.012301532429231132
live:pressure-head-supplement-20260920.csv:5,release,0.400,-5490.459999999983,-0.010839925094298425
live:pressure-head-supplement-20260920.csv:5,release,0.425,-5181.043859649119,-0.01022903861404535
live:pressure-head-supplement-20260920.csv:5,release,0.450,-4932.798245613953,-0.009738922328501093
live:pressure-head-supplement-20260920.csv:5,release,0.475,-4742.666666666623,-0.00936354174584504
live:pressure-head-supplement-20260920.csv:5,release,0.500,-4146.339999999821,-0.008186202069679323
live:pressure-head-supplement-20260920.csv:5,release,0.525,-4123.346153846161,-0.008140804858892703
live:pressure-head-supplement-20260920.csv:5,release,0.550,-3967.179999999928,-0.00783248289498479
live:pressure-head-supplement-20260920.csv:5,release,0.575,-3801.9399999999423,-0.007506246254961599
live:pressure-head-supplement-20260920.csv:5,release,0.600,-3309.4599999999305,-0.006533933131755122
live:pressure-head-supplement-20260920.csv:5,release,0.625,-3270.9000000000046,-0.006457803351803106
live:pressure-head-supplement-20260920.csv:5,release,0.650,-3247.3846153846093,-0.006411376457190541
live:pressure-head-supplement-20260920.csv:5,release,0.675,-3331.5000000000264,-0.00657744714498523
live:pressure-head-supplement-20260920.csv:5,release,0.700,-3176.8999999999623,-0.006272217269969432
live:pressure-head-supplement-20260920.csv:5,release,0.725,-3222.100000000019,-0.006361456534851228
live:pressure-head-supplement-20260920.csv:5,release,0.750,-3037.2999999999556,-0.005996602195246342
live:pressure-head-supplement-20260920.csv:5,release,0.775,-2989.500000000001,-0.005902229698314031
live:pressure-head-supplement-20260920.csv:5,release,0.800,-3092.8076923077315,-0.006106192143406179
live:pressure-head-supplement-20260920.csv:6,press,-0.400,1359.9400000000187,0.005510191264746059
live:pressure-head-supplement-20260920.csv:6,press,-0.375,3128.99999999997,0.012678050845912331
live:pressure-head-supplement-20260920.csv:6,press,-0.350,5907.9799999994075,0.023937894163191545
live:pressure-head-supplement-20260920.csv:6,press,-0.325,9102.059999999548,0.03687963550097161
live:pressure-head-supplement-20260920.csv:6,press,-0.300,11529.020000000184,0.04671316770966568
live:pressure-head-supplement-20260920.csv:6,press,-0.275,13408.300000000228,0.05432761558237483
live:pressure-head-supplement-20260920.csv:6,press,-0.250,16296.653846153284,0.06603061875352063
live:pressure-head-supplement-20260920.csv:6,press,-0.225,19690.979999999297,0.07978371545089047
live:pressure-head-supplement-20260920.csv:6,press,-0.200,27569.939999998784,0.11170760662791313
live:pressure-head-supplement-20260920.csv:6,press,-0.175,39632.69999999852,0.16058337672124504
live:pressure-head-supplement-20260920.csv:6,press,-0.150,56361.05999999755,0.2283631781430142
live:pressure-head-supplement-20260920.csv:6,press,-0.125,83657.09999999663,0.3389609994955385
live:pressure-head-supplement-20260920.csv:6,press,-0.100,121090.49999999545,0.49063327451483035
live:pressure-head-supplement-20260920.csv:6,press,-0.075,167365.49999998685,0.6781298558170002
live:pressure-head-supplement-20260920.csv:6,press,-0.050,211752.5,0.857976657637928
live:pressure-head-supplement-20260920.csv:6,press,-0.025,239031.5,0.9685054364892051
live:pressure-head-supplement-20260920.csv:6,press,0.000,246804.5,1.0
live:pressure-head-supplement-20260920.csv:6,press,0.025,235710.50000000314,0.9550494419672378
live:pressure-head-supplement-20260920.csv:6,press,0.050,211985.50000000466,0.8589207247031746
live:pressure-head-supplement-20260920.csv:6,press,0.075,182765.4599999973,0.7405272594300238
live:pressure-head-supplement-20260920.csv:6,press,0.100,155186.5399999975,0.6287832677280905
live:pressure-head-supplement-20260920.csv:6,press,0.125,129418.34000000467,0.5243759331778985
live:pressure-head-supplement-20260920.csv:6,press,0.150,105473.38000000462,0.4273559841899342
live:pressure-head-supplement-20260920.csv:6,press,0.175,87468.90000000343,0.35440561253949354
live:pressure-head-supplement-20260920.csv:6,press,0.200,72917.88461538588,0.2954479542122849
live:pressure-head-supplement-20260920.csv:6,press,0.225,58005.90000000153,0.23502772437294106
live:pressure-head-supplement-20260920.csv:6,press,0.250,43237.66000000151,0.17518991752582108
live:pressure-head-supplement-20260920.csv:6,press,0.275,30718.500000001262,0.124464910485835
live:pressure-head-supplement-20260920.csv:6,press,0.300,19655.74000000112,0.07964093037201962
live:pressure-head-supplement-20260920.csv:6,press,0.325,8904.538461538345,0.03607931971069549
live:pressure-head-supplement-20260920.csv:6,press,0.350,2455.3000000000666,0.00994835993671131
live:pressure-head-supplement-20260920.csv:6,press,0.375,-1641.779999999956,-0.006652147752573215
live:pressure-head-supplement-20260920.csv:6,press,0.400,-8480.979999998106,-0.0343631497804866
live:pressure-head-supplement-20260920.csv:6,press,0.425,-15826.419999999915,-0.06412532996764611
live:pressure-head-supplement-20260920.csv:6,press,0.450,-18578.619999999977,-0.07527666634927636
live:pressure-head-supplement-20260920.csv:6,press,0.475,-19028.115384615397,-0.0770979272445008
live:pressure-head-supplement-20260920.csv:6,press,0.500,-20384.81999999975,-0.08259500941028121
live:pressure-head-supplement-20260920.csv:6,press,0.525,-20933.859999999928,-0.08481960418063661
live:pressure-head-supplement-20260920.csv:6,press,0.550,-21192.94000000002,-0.08586934192853056
live:pressure-head-supplement-20260920.csv:6,press,0.575,-22273.1000000001,-0.09024592339280726
live:pressure-head-supplement-20260920.csv:6,press,0.600,-24448.730769230588,-0.09906112234270682
live:pressure-head-supplement-20260920.csv:6,press,0.625,-26169.099999999824,-0.10603169715300906
live:pressure-head-supplement-20260920.csv:6,press,0.650,-25172.700000000186,-0.1019944936174186
live:pressure-head-supplement-20260920.csv:6,press,0.675,-23869.499999999793,-0.09671420091610887
live:pressure-head-supplement-20260920.csv:6,press,0.700,-25407.899999999874,-0.1029474746206
live:pressure-head-supplement-20260920.csv:6,press,0.725,-27191.89999999981,-0.11017586794406022
live:pressure-head-supplement-20260920.csv:6,press,0.750,-26030.346153846236,-0.10546949570954434
live:pressure-head-supplement-20260920.csv:6,press,0.775,-25835.33999999992,-0.10467937172944546
live:pressure-head-supplement-20260920.csv:6,press,0.800,-27334.41999999996,-0.11075332905194175
live:pressure-head-supplement-20260920.csv:6,release,-0.400,-26054.26000000002,-0.050302217665837486
live:pressure-head-supplement-20260920.csv:6,release,-0.375,-27302.076923076882,-0.05271134225704552
live:pressure-head-supplement-20260920.csv:6,release,-0.350,-25608.220000000027,-0.0494410609426118
live:pressure-head-supplement-20260920.csv:6,release,-0.325,-26064.85999999966,-0.050322682783911825
live:pressure-head-supplement-20260920.csv:6,release,-0.300,-27704.6599999999,-0.05348859793669116
live:pressure-head-supplement-20260920.csv:6,release,-0.275,-26739.65999999991,-0.05162549992325563
live:pressure-head-supplement-20260920.csv:6,release,-0.250,-26086.88461538478,-0.05036520508149805
live:pressure-head-supplement-20260920.csv:6,release,-0.225,-28009.93999999973,-0.05407799333725207
live:pressure-head-supplement-20260920.csv:6,release,-0.200,-31004.979999999654,-0.05986043175607057
live:pressure-head-supplement-20260920.csv:6,release,-0.175,-35136.14000000228,-0.06783634469823561
live:pressure-head-supplement-20260920.csv:6,release,-0.150,-47436.060000004734,-0.09158344989763528
live:pressure-head-supplement-20260920.csv:6,release,-0.125,-72960.22000000905,-0.14086221859257725
live:pressure-head-supplement-20260920.csv:6,release,-0.100,-124643.42307691454,-0.24064550665534237
live:pressure-head-supplement-20260920.csv:6,release,-0.075,-222291.5,-0.4291718674130643
live:pressure-head-supplement-20260920.csv:6,release,-0.050,-368652.5000000381,-0.7117468812415726
live:pressure-head-supplement-20260920.csv:6,release,-0.025,-502769.5,-0.9706827530217422
live:pressure-head-supplement-20260920.csv:6,release,0.000,-517954.5,-1.0
live:pressure-head-supplement-20260920.csv:6,release,0.025,-411354.5,-0.7941904163396591
live:pressure-head-supplement-20260920.csv:6,release,0.050,-298557.3846153747,-0.5764162385216747
live:pressure-head-supplement-20260920.csv:6,release,0.075,-207100.21999999072,-0.3998424958176649
live:pressure-head-supplement-20260920.csv:6,release,0.100,-141333.81999999413,-0.272869180594037
live:pressure-head-supplement-20260920.csv:6,release,0.125,-96756.97999999602,-0.18680594530986028
live:pressure-head-supplement-20260920.csv:6,release,0.150,-67456.45999999739,-0.1302362659268283
live:pressure-head-supplement-20260920.csv:6,release,0.175,-48070.419999998274,-0.09280819068083833
live:pressure-head-supplement-20260920.csv:6,release,0.200,-37022.807692305585,-0.0714788802728919
live:pressure-head-supplement-20260920.csv:6,release,0.225,-29754.939999998733,-0.05744701513356624
live:pressure-head-supplement-20260920.csv:6,release,0.250,-25336.259999999238,-0.04891599551697927
live:pressure-head-supplement-20260920.csv:6,release,0.275,-22093.30000000025,-0.04265490501578855
live:pressure-head-supplement-20260920.csv:6,release,0.300,-20023.500000000204,-0.03865880111090878
live:pressure-head-supplement-20260920.csv:6,release,0.325,-18760.61538461507,-0.03622058575534158
live:pressure-head-supplement-20260920.csv:6,release,0.350,-17725.939999999977,-0.03422296746142755
live:pressure-head-supplement-20260920.csv:6,release,0.375,-16758.82000000001,-0.032355776424377064
live:pressure-head-supplement-20260920.csv:6,release,0.400,-16445.500000000004,-0.03175085842482304
live:pressure-head-supplement-20260920.csv:6,release,0.425,-16301.459999999965,-0.03147276449958435
live:pressure-head-supplement-20260920.csv:6,release,0.450,-16224.81034482757,-0.03132477919359243
live:pressure-head-supplement-20260920.csv:6,release,0.475,-16155.844827586196,-0.031191629433832885
live:pressure-head-supplement-20260920.csv:6,release,0.500,-15505.611111111006,-0.02993624171835751
live:pressure-head-supplement-20260920.csv:6,release,0.525,-14551.499999999927,-0.02809416657254629
live:pressure-head-supplement-20260920.csv:6,release,0.550,-14442.980000000018,-0.02788465009957442
live:pressure-head-supplement-20260920.csv:6,release,0.575,-14546.260000000015,-0.028084049853799926
live:pressure-head-supplement-20260920.csv:6,release,0.600,-14589.538461538466,-0.028167606346770742
live:pressure-head-supplement-20260920.csv:6,release,0.625,-14674.700000000017,-0.02833202530338093
live:pressure-head-supplement-20260920.csv:6,release,0.650,-14894.499999999985,-0.028756386902710537
live:pressure-head-supplement-20260920.csv:6,release,0.675,-14756.49999999996,-0.028489954233431623
live:pressure-head-supplement-20260920.csv:6,release,0.700,-14599.899999999976,-0.02818761107394564
live:pressure-head-supplement-20260920.csv:6,release,0.725,-14850.961538461546,-0.028672328435145455
live:pressure-head-supplement-20260920.csv:6,release,0.750,-14480.780000000013,-0.02795762948289862
live:pressure-head-supplement-20260920.csv:6,release,0.775,-14028.94000000001,-0.027085274864877145
live:pressure-head-supplement-20260920.csv:6,release,0.800,-13994.580000000022,-0.027018936991569764
live:pressure-head-supplement-20260920.csv:7,press,-0.400,4510.200000000009,0.022146603028696053
live:pressure-head-supplement-20260920.csv:7,press,-0.375,5355.119999999975,0.026295445171174235
live:pressure-head-supplement-20260920.csv:7,press,-0.350,6538.499999999531,0.03210624005656478
live:pressure-head-supplement-20260920.csv:7,press,-0.325,8381.959999999548,0.04115825034863173
live:pressure-head-supplement-20260920.csv:7,press,-0.300,10943.360000000272,0.05373558816019618
live:pressure-head-supplement-20260920.csv:7,press,-0.275,14505.959999999048,0.07122915561840319
live:pressure-head-supplement-20260920.csv:7,press,-0.250,19695.599999999155,0.09671203818277824
live:pressure-head-supplement-20260920.csv:7,press,-0.225,24340.61538461447,0.11952063021534023
live:pressure-head-supplement-20260920.csv:7,press,-0.200,29235.159999995918,0.14355449492269126
live:pressure-head-supplement-20260920.csv:7,press,-0.175,40512.879999998106,0.19893190344311917
live:pressure-head-supplement-20260920.csv:7,press,-0.150,61530.19999999772,0.3021340325653454
live:pressure-head-supplement-20260920.csv:7,press,-0.125,86807.51999999733,0.4262541983383287
live:pressure-head-supplement-20260920.csv:7,press,-0.100,116180.88461538182,0.5704873245309735
live:pressure-head-supplement-20260920.csv:7,press,-0.075,144602.9999999919,0.7100494961993592
live:pressure-head-supplement-20260920.csv:7,press,-0.050,172196.0,0.8455404317168503
live:pressure-head-supplement-20260920.csv:7,press,-0.025,194150.0,0.9533419755268792
live:pressure-head-supplement-20260920.csv:7,press,0.000,203652.0,1.0
live:pressure-head-supplement-20260920.csv:7,press,0.025,200242.00000000096,0.983255750004915
live:pressure-head-supplement-20260920.csv:7,press,0.050,187635.00000000358,0.9213511283955158
live:pressure-head-supplement-20260920.csv:7,press,0.075,171683.07692307554,0.8430218064299665
live:pressure-head-supplement-20260920.csv:7,press,0.100,151175.88000000376,0.7423245536503632
live:pressure-head-supplement-20260920.csv:7,press,0.125,129766.56000000414,0.637197572329288
live:pressure-head-supplement-20260920.csv:7,press,0.150,110610.44000000368,0.5431345628817968
live:pressure-head-supplement-20260920.csv:7,press,0.175,95047.68000000298,0.46671616286608025
live:pressure-head-supplement-20260920.csv:7,press,0.200,80319.00000000128,0.39439337693713433
live:pressure-head-supplement-20260920.csv:7,press,0.225,65144.280000001556,0.3198803841847935
live:pressure-head-supplement-20260920.csv:7,press,0.250,54272.520000001074,0.2664963761711207
live:pressure-head-supplement-20260920.csv:7,press,0.275,45364.60000000089,0.22275548484670366
live:pressure-head-supplement-20260920.csv:7,press,0.300,35997.520000003424,0.17675996307428074
live:pressure-head-supplement-20260920.csv:7,press,0.325,28943.840000000702,0.14212401547738643
live:pressure-head-supplement-20260920.csv:7,press,0.350,21747.230769230926,0.1067862371556917
live:pressure-head-supplement-20260920.csv:7,press,0.375,15400.24000000007,0.0756203720071498
live:pressure-head-supplement-20260920.csv:7,press,0.400,11744.600000000864,0.05766994677194854
live:pressure-head-supplement-20260920.csv:7,press,0.425,7435.520000001314,0.03651091076935809
live:pressure-head-supplement-20260920.csv:7,press,0.450,3110.9600000000487,0.015275862746253652
live:pressure-head-supplement-20260920.csv:7,press,0.475,1944.1538461539753,0.009546451034873093
live:pressure-head-supplement-20260920.csv:7,press,0.500,4577.83999999933,0.022478738239739015
live:pressure-head-supplement-20260920.csv:7,press,0.525,6247.759999999721,0.030678608606837746
live:pressure-head-supplement-20260920.csv:7,press,0.550,7311.88000000008,0.03590379667275588
live:pressure-head-supplement-20260920.csv:7,press,0.575,7362.959999999989,0.03615461669907484
live:pressure-head-supplement-20260920.csv:7,press,0.600,6343.692307692399,0.03114966859000844
live:pressure-head-supplement-20260920.csv:7,press,0.625,4315.600000000254,0.021191051401411497
live:pressure-head-supplement-20260920.csv:7,press,0.650,-444.7999999993872,-0.0021841180052215897
live:pressure-head-supplement-20260920.csv:7,press,0.675,-8030.999999999538,-0.03943491839019277
live:pressure-head-supplement-20260920.csv:7,press,0.700,-18934.799999998682,-0.0929762536090914
live:pressure-head-supplement-20260920.csv:7,press,0.725,-38210.79999999759,-0.18762791428514125
live:pressure-head-supplement-20260920.csv:7,press,0.750,-70259.23076922925,-0.34499651743773324
live:pressure-head-supplement-20260920.csv:7,press,0.775,-128869.91999998421,-0.6327947675445574
live:pressure-head-supplement-20260920.csv:7,press,0.800,-231291.2799999974,-1.1357181859249965
live:pressure-head-supplement-20260920.csv:7,release,-0.400,2505.3846153846234,0.005606492721371273
live:pressure-head-supplement-20260920.csv:7,release,-0.375,2088.079999999404,0.00467265794231772
live:pressure-head-supplement-20260920.csv:7,release,-0.350,5211.119999999752,0.011661325838270805
live:pressure-head-supplement-20260920.csv:7,release,-0.325,6546.559999999817,0.014649743103170073
live:pressure-head-supplement-20260920.csv:7,release,-0.300,7462.519999999987,0.016699457562792
live:pressure-head-supplement-20260920.csv:7,release,-0.275,7246.9230769229725,0.016216999670874373
live:pressure-head-supplement-20260920.csv:7,release,-0.250,6016.480000000203,0.013463542132870718
live:pressure-head-supplement-20260920.csv:7,release,-0.225,3652.3600000004903,0.008173168155535569
live:pressure-head-supplement-20260920.csv:7,release,-0.200,-1848.3999999991677,-0.004136307488495962
live:pressure-head-supplement-20260920.csv:7,release,-0.175,-10121.839999998945,-0.022650423387455345
live:pressure-head-supplement-20260920.csv:7,release,-0.150,-22101.839999998072,-0.049458994969472404
live:pressure-head-supplement-20260920.csv:7,release,-0.125,-43840.4615384585,-0.09810518792508481
live:pressure-head-supplement-20260920.csv:7,release,-0.100,-78602.0,-0.17589376823788466
live:pressure-head-supplement-20260920.csv:7,release,-0.075,-144743.9999999812,-0.323904831808619
live:pressure-head-supplement-20260920.csv:7,release,-0.050,-258622.0,-0.5787384306915627
live:pressure-head-supplement-20260920.csv:7,release,-0.025,-392624.0,-0.8786050591668307
live:pressure-head-supplement-20260920.csv:7,release,0.000,-446872.0,-1.0
live:pressure-head-supplement-20260920.csv:7,release,0.025,-381809.5000000121,-0.8544046169820712
live:pressure-head-supplement-20260920.csv:7,release,0.050,-277468.1200000205,-0.6209118494781962
live:pressure-head-supplement-20260920.csv:7,release,0.075,-188014.59999999194,-0.42073479654127344
live:pressure-head-supplement-20260920.csv:7,release,0.100,-121887.35999999408,-0.2727567625628683
live:pressure-head-supplement-20260920.csv:7,release,0.125,-75111.36000000837,-0.16808249342095358
live:pressure-head-supplement-20260920.csv:7,release,0.150,-44559.320000005784,-0.09971383304392709
live:pressure-head-supplement-20260920.csv:7,release,0.175,-26414.384615386545,-0.059109509245122864
live:pressure-head-supplement-20260920.csv:7,release,0.200,-13984.080000000953,-0.03129325623444958
live:pressure-head-supplement-20260920.csv:7,release,0.225,-5827.0000000008,-0.013039528097533075
live:pressure-head-supplement-20260920.csv:7,release,0.250,-1242.2400000004404,-0.0027798564242119453
live:pressure-head-supplement-20260920.csv:7,release,0.275,1762.6399999997043,0.003944395710627885
live:pressure-head-supplement-20260920.csv:7,release,0.300,3642.923076922587,0.00815205042366178
live:pressure-head-supplement-20260920.csv:7,release,0.325,4548.799999999991,0.010179201203029035
live:pressure-head-supplement-20260920.csv:7,release,0.350,5280.119999999992,0.011815732469252922
live:pressure-head-supplement-20260920.csv:7,release,0.375,5852.964285714274,0.013097630385690477
live:pressure-head-supplement-20260920.csv:7,release,0.400,6405.196428571412,0.014333402917550019
live:pressure-head-supplement-20260920.csv:7,release,0.425,7345.052631578982,0.01643659175687665
live:pressure-head-supplement-20260920.csv:7,release,0.450,7743.7692307692505,0.017328830695969428
live:pressure-head-supplement-20260920.csv:7,release,0.475,7846.440000000005,0.017558585008682587
live:pressure-head-supplement-20260920.csv:7,release,0.500,8108.159999999953,0.01814425607332738
live:pressure-head-supplement-20260920.csv:7,release,0.525,8064.440000000022,0.01804642045149399
live:pressure-head-supplement-20260920.csv:7,release,0.550,8345.200000000028,0.018674698795180786
live:pressure-head-supplement-20260920.csv:7,release,0.575,8550.615384615412,0.019134372671851026
live:pressure-head-supplement-20260920.csv:7,release,0.600,8470.800000000008,0.01895576361911243
live:pressure-head-supplement-20260920.csv:7,release,0.625,8399.600000000006,0.018796433878157517
live:pressure-head-supplement-20260920.csv:7,release,0.650,8427.399999999994,0.018858644086002244
live:pressure-head-supplement-20260920.csv:7,release,0.675,8765.80000000007,0.01961590791099033
live:pressure-head-supplement-20260920.csv:7,release,0.700,8868.800000000005,0.01984639896883225
live:pressure-head-supplement-20260920.csv:7,release,0.725,9007.076923076927,0.02015583192295988
live:pressure-head-supplement-20260920.csv:7,release,0.750,8675.360000000011,0.019413523335541298
live:pressure-head-supplement-20260920.csv:7,release,0.775,8497.200000000003,0.019014840938792323
live:pressure-head-supplement-20260920.csv:7,release,0.800,8668.760000000011,0.01939875400562132
live:pressure-head-supplement-20260920.csv:8,press,-0.400,7487.660000000006,0.029994852412455985
live:pressure-head-supplement-20260920.csv:8,press,-0.375,8137.740000000014,0.032599010942128755
live:pressure-head-supplement-20260920.csv:8,press,-0.350,9608.84615384612,0.03849212200321722
live:pressure-head-supplement-20260920.csv:8,press,-0.325,12744.819999999308,0.051054534383678775
live:pressure-head-supplement-20260920.csv:8,press,-0.300,16584.500000000437,0.06643592655574491
live:pressure-head-supplement-20260920.csv:8,press,-0.275,20891.700000000394,0.08369015929480211
live:pressure-head-supplement-20260920.csv:8,press,-0.250,25898.459999999002,0.10374676272825746
live:pressure-head-supplement-20260920.csv:8,press,-0.225,31516.34615384491,0.12625147929586172
live:pressure-head-supplement-20260920.csv:8,press,-0.200,38672.25999999919,0.15491738823024814
live:pressure-head-supplement-20260920.csv:8,press,-0.175,46698.49999999909,0.1870697407979325
live:pressure-head-supplement-20260920.csv:8,press,-0.150,56995.73999999841,0.22831950294733802
live:pressure-head-supplement-20260920.csv:8,press,-0.125,74932.01999999727,0.3001705313632185
live:pressure-head-supplement-20260920.csv:8,press,-0.100,105628.49999999582,0.42313770497711956
live:pressure-head-supplement-20260920.csv:8,press,-0.075,151597.807692303,0.607286370879889
live:pressure-head-supplement-20260920.csv:8,press,-0.050,199230.5,0.7980983970372328
live:pressure-head-supplement-20260920.csv:8,press,-0.025,236862.5,0.948848602840587
live:pressure-head-supplement-20260920.csv:8,press,0.000,249631.5,1.0
live:pressure-head-supplement-20260920.csv:8,press,0.025,233089.5,0.9337343243941569
live:pressure-head-supplement-20260920.csv:8,press,0.050,201457.500000009,0.8070195468120369
live:pressure-head-supplement-20260920.csv:8,press,0.075,169176.73076922796,0.6777058615167876
live:pressure-head-supplement-20260920.csv:8,press,0.100,140736.69999999742,0.5637778084897035
live:pressure-head-supplement-20260920.csv:8,press,0.125,115639.10000000455,0.463239214602342
live:pressure-head-supplement-20260920.csv:8,press,0.150,92196.66000000451,0.3693310339440516
live:pressure-head-supplement-20260920.csv:8,press,0.175,73159.74000000364,0.2930709465752665
live:pressure-head-supplement-20260920.csv:8,press,0.200,60548.53999999887,0.24255168117805195
live:pressure-head-supplement-20260920.csv:8,press,0.225,45601.884615385934,0.18267680407074402
live:pressure-head-supplement-20260920.csv:8,press,0.250,28522.900000001766,0.1142600192684087
live:pressure-head-supplement-20260920.csv:8,press,0.275,18720.82000000094,0.07499382089199856
live:pressure-head-supplement-20260920.csv:8,press,0.300,14448.340000000393,0.05787867316424567
live:pressure-head-supplement-20260920.csv:8,press,0.325,12823.980000000114,0.051371641800013676
live:pressure-head-supplement-20260920.csv:8,press,0.350,12736.038461538461,0.05101935637745421
live:pressure-head-supplement-20260920.csv:8,press,0.375,15473.659999999963,0.061986007374870415
live:pressure-head-supplement-20260920.csv:8,press,0.400,18669.539999999964,0.07478839809879749
live:pressure-head-supplement-20260920.csv:8,press,0.425,15750.979999999914,0.06309692486725399
live:pressure-head-supplement-20260920.csv:8,press,0.450,8902.900000000081,0.035664168985084344
live:pressure-head-supplement-20260920.csv:8,press,0.475,2204.900000000075,0.00883261928082023
live:pressure-head-supplement-20260920.csv:8,press,0.500,-1551.038461537873,-0.006213312268435165
live:pressure-head-supplement-20260920.csv:8,press,0.525,-4921.97999999931,-0.01971698283269263
live:pressure-head-supplement-20260920.csv:8,press,0.550,-11391.060000000562,-0.04563150083222895
live:pressure-head-supplement-20260920.csv:8,press,0.575,-19724.34000000068,-0.07901382638008697
live:pressure-head-supplement-20260920.csv:8,press,0.600,-24084.38000000028,-0.09647973112367743
live:pressure-head-supplement-20260920.csv:8,press,0.625,-26806.807692307495,-0.1073855170213194
live:pressure-head-supplement-20260920.csv:8,press,0.650,-32172.29999999931,-0.12887916789347223
live:pressure-head-supplement-20260920.csv:8,press,0.675,-35023.90000000035,-0.1403024057460711
live:pressure-head-supplement-20260920.csv:8,press,0.700,-34147.09999999973,-0.13679002850201089
live:pressure-head-supplement-20260920.csv:8,press,0.725,-36047.099999999846,-0.14440124743872407
live:pressure-head-supplement-20260920.csv:8,press,0.750,-42573.26923076891,-0.17054445945631425
live:pressure-head-supplement-20260920.csv:8,press,0.775,-49431.419999999845,-0.19801755788031497
live:pressure-head-supplement-20260920.csv:8,press,0.800,-56777.10000000034,-0.22744365194296529
live:pressure-head-supplement-20260920.csv:8,release,-0.400,-6308.58000000008,-0.012031594335295655
live:pressure-head-supplement-20260920.csv:8,release,-0.375,-13549.620000000097,-0.025841557250190664
live:pressure-head-supplement-20260920.csv:8,release,-0.350,-21523.34000000004,-0.041048872427810947
live:pressure-head-supplement-20260920.csv:8,release,-0.325,-24961.115384615357,-0.04760532710438729
live:pressure-head-supplement-20260920.csv:8,release,-0.300,-27804.78000000062,-0.0530287059119715
live:pressure-head-supplement-20260920.csv:8,release,-0.275,-33549.34000000021,-0.06398461287594123
live:pressure-head-supplement-20260920.csv:8,release,-0.250,-35304.85999999983,-0.06733270459983051
live:pressure-head-supplement-20260920.csv:8,release,-0.225,-34047.66000000022,-0.06493499855531197
live:pressure-head-supplement-20260920.csv:8,release,-0.200,-37199.57692307562,-0.07094626983934038
live:pressure-head-supplement-20260920.csv:8,release,-0.175,-44631.18000000129,-0.08511967074453672
live:pressure-head-supplement-20260920.csv:8,release,-0.150,-51333.90000000138,-0.09790296080078914
live:pressure-head-supplement-20260920.csv:8,release,-0.125,-59689.6999999975,-0.1138389711148084
live:pressure-head-supplement-20260920.csv:8,release,-0.100,-89045.77999999317,-0.1698262845568872
live:pressure-head-supplement-20260920.csv:8,release,-0.075,-166375.69999998785,-0.3173083213101328
live:pressure-head-supplement-20260920.csv:8,release,-0.050,-300820.1153846438,-0.5737179517743802
live:pressure-head-supplement-20260920.csv:8,release,-0.025,-453610.5,-0.8651166383291582
live:pressure-head-supplement-20260920.csv:8,release,0.000,-524334.5,-1.0
live:pressure-head-supplement-20260920.csv:8,release,0.025,-436513.5,-0.8325095907288191
live:pressure-head-supplement-20260920.csv:8,release,0.050,-309644.5,-0.5905476370523015
live:pressure-head-supplement-20260920.csv:8,release,0.075,-208831.5,-0.3982791519535716
live:pressure-head-supplement-20260920.csv:8,release,0.100,-139381.49999999392,-0.26582553694253175
live:pressure-head-supplement-20260920.csv:8,release,0.125,-91350.05999999572,-0.17422096009321478
live:pressure-head-supplement-20260920.csv:8,release,0.150,-61227.05999999733,-0.11677099256294851
live:pressure-head-supplement-20260920.csv:8,release,0.175,-42104.2600000034,-0.08030038076839002
live:pressure-head-supplement-20260920.csv:8,release,0.200,-29800.979999998905,-0.05683581759353791
live:pressure-head-supplement-20260920.csv:8,release,0.225,-22444.939999999347,-0.04280652903823675
live:pressure-head-supplement-20260920.csv:8,release,0.250,-17688.961538461946,-0.03373602450050864
live:pressure-head-supplement-20260920.csv:8,release,0.275,-14197.700000000346,-0.027077562128756255
live:pressure-head-supplement-20260920.csv:8,release,0.300,-12483.94000000016,-0.023809114220025882
live:pressure-head-supplement-20260920.csv:8,release,0.325,-10969.299999999725,-0.0209204238897111
live:pressure-head-supplement-20260920.csv:8,release,0.350,-9829.1399999998,-0.018745934131741856
live:pressure-head-supplement-20260920.csv:8,release,0.375,-9337.11538461538,-0.017807554880740022
live:pressure-head-supplement-20260920.csv:8,release,0.400,-9151.620000000003,-0.01745378188923293
live:pressure-head-supplement-20260920.csv:8,release,0.425,-8594.092592592477,-0.016390477057283998
live:pressure-head-supplement-20260920.csv:8,release,0.450,-7981.129629629571,-0.01522144667121765
live:pressure-head-supplement-20260920.csv:8,release,0.475,-7655.214285714285,-0.014599867614498541
live:pressure-head-supplement-20260920.csv:8,release,0.500,-7606.62,-0.014507189589851517
live:pressure-head-supplement-20260920.csv:8,release,0.525,-7544.269230769226,-0.014388275482100121
live:pressure-head-supplement-20260920.csv:8,release,0.550,-7470.499999999991,-0.014247584318788847
live:pressure-head-supplement-20260920.csv:8,release,0.575,-7550.900000000009,-0.014400921549125622
live:pressure-head-supplement-20260920.csv:8,release,0.600,-7583.620000000002,-0.014463324461770113
live:pressure-head-supplement-20260920.csv:8,release,0.625,-7019.499999999946,-0.013387446372496843
live:pressure-head-supplement-20260920.csv:8,release,0.650,-6728.153846153863,-0.01283179696578017
live:pressure-head-supplement-20260920.csv:8,release,0.675,-6880.500000000042,-0.01312234842452679
live:pressure-head-supplement-20260920.csv:8,release,0.700,-7293.500000000077,-0.013910013550510365
live:pressure-head-supplement-20260920.csv:8,release,0.725,-7206.899999999962,-0.013744851807386244
live:pressure-head-supplement-20260920.csv:8,release,0.750,-7106.500000000004,-0.013553370987413577
live:pressure-head-supplement-20260920.csv:8,release,0.775,-6754.100000000048,-0.012881280938027248
live:pressure-head-supplement-20260920.csv:8,release,0.800,-6634.884615384605,-0.012653915802573749
live:pressure-head-supplement-20260920.csv:9,press,-0.400,1360.1200000002095,0.004765161335529585
live:pressure-head-supplement-20260920.csv:9,press,-0.375,2137.360000000007,0.007488210769715891
live:pressure-head-supplement-20260920.csv:9,press,-0.350,2950.5769230769747,0.01033730484909426
live:pressure-head-supplement-20260920.csv:9,press,-0.325,5334.9200000002165,0.01869081736327722
live:pressure-head-supplement-20260920.csv:9,press,-0.300,8150.360000000395,0.02855467189854043
live:pressure-head-supplement-20260920.csv:9,press,-0.275,12108.960000000512,0.042423571453598125
live:pressure-head-supplement-20260920.csv:9,press,-0.250,17031.200000000397,0.05966857022737763
live:pressure-head-supplement-20260920.csv:9,press,-0.225,21145.120000000683,0.07408163122306935
live:pressure-head-supplement-20260920.csv:9,press,-0.200,28186.769230770202,0.09875195049844165
live:pressure-head-supplement-20260920.csv:9,press,-0.175,39522.7600000033,0.138467435097934
live:pressure-head-supplement-20260920.csv:9,press,-0.150,57109.0400000058,0.20008072031673546
live:pressure-head-supplement-20260920.csv:9,press,-0.125,87879.16000000952,0.30788340398700037
live:pressure-head-supplement-20260920.csv:9,press,-0.100,137511.76000001078,0.48177052166909845
live:pressure-head-supplement-20260920.csv:9,press,-0.075,196444.99999999566,0.688242301089569
live:pressure-head-supplement-20260920.csv:9,press,-0.050,246120.00000000873,0.8622779665767745
live:pressure-head-supplement-20260920.csv:9,press,-0.025,276876.00000000244,0.9700311810251285
live:pressure-head-supplement-20260920.csv:9,press,0.000,285430.0,1.0
live:pressure-head-supplement-20260920.csv:9,press,0.025,270094.0,0.9462705391864905
live:pressure-head-supplement-20260920.csv:9,press,0.050,236221.0,0.8275969589741793
live:pressure-head-supplement-20260920.csv:9,press,0.075,197619.9999999902,0.6923588971025827
live:pressure-head-supplement-20260920.csv:9,press,0.100,163129.615384612,0.5715223185531023
live:pressure-head-supplement-20260920.csv:9,press,0.125,130966.63999999709,0.4588397855866485
live:pressure-head-supplement-20260920.csv:9,press,0.150,107243.99999999788,0.37572784920995644
live:pressure-head-supplement-20260920.csv:9,press,0.175,89600.19999999841,0.3139130434782553
live:pressure-head-supplement-20260920.csv:9,press,0.200,70262.71999999802,0.24616445363135628
live:pressure-head-supplement-20260920.csv:9,press,0.225,55058.30769230507,0.19289600845147695
live:pressure-head-supplement-20260920.csv:9,press,0.250,44574.11999999816,0.1561648039799536
live:pressure-head-supplement-20260920.csv:9,press,0.275,33597.31999999799,0.11770773920049747
live:pressure-head-supplement-20260920.csv:9,press,0.300,21535.000000000968,0.07544757033248421
live:pressure-head-supplement-20260920.csv:9,press,0.325,11004.199999998109,0.038553060294986896
live:pressure-head-supplement-20260920.csv:9,press,0.350,5241.799999999025,0.01836457274988272
live:pressure-head-supplement-20260920.csv:9,press,0.375,2753.61538461536,0.0096472528627522
live:pressure-head-supplement-20260920.csv:9,press,0.400,8.680000000031669,3.041025820702683e-05
live:pressure-head-supplement-20260920.csv:9,press,0.425,-3604.359999999958,-0.012627824685561987
live:pressure-head-supplement-20260920.csv:9,press,0.450,-7793.64000000116,-0.027304908383845986
live:pressure-head-supplement-20260920.csv:9,press,0.475,-9605.520000000404,-0.033652804540519235
live:pressure-head-supplement-20260920.csv:9,press,0.500,-9700.923076923067,-0.0339870478818732
live:pressure-head-supplement-20260920.csv:9,press,0.525,-9476.83999999998,-0.033201975966086185
live:pressure-head-supplement-20260920.csv:9,press,0.550,-10985.12000000067,-0.03848621378271615
live:pressure-head-supplement-20260920.csv:9,press,0.575,-14036.040000001194,-0.04917506919385206
live:pressure-head-supplement-20260920.csv:9,press,0.600,-16492.160000000287,-0.05778005115089615
live:pressure-head-supplement-20260920.csv:9,press,0.625,-17884.153846154033,-0.06265688205918801
live:pressure-head-supplement-20260920.csv:9,press,0.650,-19572.80000000031,-0.06857303016501527
live:pressure-head-supplement-20260920.csv:9,press,0.675,-22355.60000000069,-0.07832253091826609
live:pressure-head-supplement-20260920.csv:9,press,0.700,-24998.600000000435,-0.08758224433311297
live:pressure-head-supplement-20260920.csv:9,press,0.725,-25680.800000000036,-0.08997232246084867
live:pressure-head-supplement-20260920.csv:9,press,0.750,-26572.000000000182,-0.09309462915601087
live:pressure-head-supplement-20260920.csv:9,press,0.775,-31737.846153846287,-0.11119309867164029
live:pressure-head-supplement-20260920.csv:9,press,0.800,-41565.76000000287,-0.14562505693165703
live:pressure-head-supplement-20260920.csv:9,release,-0.400,-11673.720000000038,-0.019424376396670183
live:pressure-head-supplement-20260920.csv:9,release,-0.375,-14836.879999999948,-0.024687686673333435
live:pressure-head-supplement-20260920.csv:9,release,-0.350,-17006.30769230737,-0.028297485440199426
live:pressure-head-supplement-20260920.csv:9,release,-0.325,-18272.479999999672,-0.030404320920890727
live:pressure-head-supplement-20260920.csv:9,release,-0.300,-20176.16000000024,-0.033571931319189126
live:pressure-head-supplement-20260920.csv:9,release,-0.275,-23164.759999999536,-0.03854478412866843
live:pressure-head-supplement-20260920.csv:9,release,-0.250,-25525.279999999962,-0.04247254914032504
live:pressure-head-supplement-20260920.csv:9,release,-0.225,-25808.799999999806,-0.04294430957281621
live:pressure-head-supplement-20260920.csv:9,release,-0.200,-27279.3846153834,-0.04539127498678565
live:pressure-head-supplement-20260920.csv:9,release,-0.175,-33663.039999999004,-0.056013298213092554
live:pressure-head-supplement-20260920.csv:9,release,-0.150,-44835.71999999855,-0.07460397382288443
live:pressure-head-supplement-20260920.csv:9,release,-0.125,-61609.119999996554,-0.10251391470307239
live:pressure-head-supplement-20260920.csv:9,release,-0.100,-101415.47999999125,-0.16874933234382877
live:pressure-head-supplement-20260920.csv:9,release,-0.075,-188989.346153795,-0.3144670417529198
live:pressure-head-supplement-20260920.csv:9,release,-0.050,-326648.0,-0.5435228617115626
live:pressure-head-supplement-20260920.csv:9,release,-0.025,-500960.0,-0.8335676716313107
live:pressure-head-supplement-20260920.csv:9,release,0.000,-600983.0,-1.0
live:pressure-head-supplement-20260920.csv:9,release,0.025,-521467.0000000226,-0.8676901010511489
live:pressure-head-supplement-20260920.csv:9,release,0.050,-377825.00000004086,-0.6286783486388814
live:pressure-head-supplement-20260920.csv:9,release,0.075,-264616.34615383623,-0.44030587579654706
live:pressure-head-supplement-20260920.csv:9,release,0.100,-175604.160000016,-0.2921948873762087
live:pressure-head-supplement-20260920.csv:9,release,0.125,-112709.92000001195,-0.18754260935835448
live:pressure-head-supplement-20260920.csv:9,release,0.150,-73641.76000000737,-0.12253551265178445
live:pressure-head-supplement-20260920.csv:9,release,0.175,-50234.760000004404,-0.08358765555765206
live:pressure-head-supplement-20260920.csv:9,release,0.200,-34365.23999999859,-0.05718171728650991
live:pressure-head-supplement-20260920.csv:9,release,0.225,-24547.230769231606,-0.040845133338599605
live:pressure-head-supplement-20260920.csv:9,release,0.250,-18854.400000000547,-0.03137260122166608
live:pressure-head-supplement-20260920.csv:9,release,0.275,-14759.800000000409,-0.024559430133631748
live:pressure-head-supplement-20260920.csv:9,release,0.300,-12336.960000000832,-0.02052796834519584
live:pressure-head-supplement-20260920.csv:9,release,0.325,-10857.720000000145,-0.018066600885549417
live:pressure-head-supplement-20260920.csv:9,release,0.350,-10012.53846153848,-0.016660269028472483
live:pressure-head-supplement-20260920.csv:9,release,0.375,-9092.440000000011,-0.015129279863157546
live:pressure-head-supplement-20260920.csv:9,release,0.400,-8381.600000000179,-0.013946484343151435
live:pressure-head-supplement-20260920.csv:9,release,0.425,-7571.038461538742,-0.012597758108862883
live:pressure-head-supplement-20260920.csv:9,release,0.450,-6742.6730769231635,-0.011219407332525485
live:pressure-head-supplement-20260920.csv:9,release,0.475,-6363.086956521745,-0.010587798584189146
live:pressure-head-supplement-20260920.csv:9,release,0.500,-6674.538461538394,-0.011106035381264352
live:pressure-head-supplement-20260920.csv:9,release,0.525,-6568.160000000041,-0.010929027942554183
live:pressure-head-supplement-20260920.csv:9,release,0.550,-6168.079999999965,-0.01026331859636623
live:pressure-head-supplement-20260920.csv:9,release,0.575,-6076.999999999998,-0.010111766888580872
live:pressure-head-supplement-20260920.csv:9,release,0.600,-5941.120000000025,-0.009885670642930042
live:pressure-head-supplement-20260920.csv:9,release,0.625,-6082.38461538459,-0.010120726568612739
live:pressure-head-supplement-20260920.csv:9,release,0.650,-6155.599999999995,-0.0102425526179609
live:pressure-head-supplement-20260920.csv:9,release,0.675,-6496.7999999999765,-0.010810289142954089
live:pressure-head-supplement-20260920.csv:9,release,0.700,-6279.200000000043,-0.010448215673321945
live:pressure-head-supplement-20260920.csv:9,release,0.725,-6111.2000000000135,-0.010168673656326408
live:pressure-head-supplement-20260920.csv:9,release,0.750,-6121.846153846152,-0.010186388223703753
live:pressure-head-supplement-20260920.csv:9,release,0.775,-5774.800000000112,-0.009608924046104653
live:pressure-head-supplement-20260920.csv:9,release,0.800,-5579.920000000003,-0.009284655306389703
live:pressure-head-supplement-20260920.csv:10,press,-0.400,3646.5000000000387,0.01488458477049631
live:pressure-head-supplement-20260920.csv:10,press,-0.375,5426.160000000203,0.022148947894769896
live:pressure-head-supplement-20260920.csv:10,press,-0.350,7458.280000000213,0.030443823091210534
live:pressure-head-supplement-20260920.csv:10,press,-0.325,10130.4399999995,0.041351266404063516
live:pressure-head-supplement-20260920.csv:10,press,-0.300,12929.360000000352,0.052776129150765766
live:pressure-head-supplement-20260920.csv:10,press,-0.275,16477.46153846206,0.06725906295676086
live:pressure-head-supplement-20260920.csv:10,press,-0.250,21337.880000001285,0.08709872032982136
live:pressure-head-supplement-20260920.csv:10,press,-0.225,28514.31999999912,0.11639210563911717
live:pressure-head-supplement-20260920.csv:10,press,-0.200,38294.8799999989,0.156315202971606
live:pressure-head-supplement-20260920.csv:10,press,-0.175,50602.12000000324,0.20655191134152392
live:pressure-head-supplement-20260920.csv:10,press,-0.150,67481.84000000385,0.2754529460987565
live:pressure-head-supplement-20260920.csv:10,press,-0.125,87723.84615385135,0.35807843808335754
live:pressure-head-supplement-20260920.csv:10,press,-0.100,115670.0,0.472151356205482
live:pressure-head-supplement-20260920.csv:10,press,-0.075,162610.0,0.6637549237708431
live:pressure-head-supplement-20260920.csv:10,press,-0.050,212715.00000000783,0.8682776496520515
live:pressure-head-supplement-20260920.csv:10,press,-0.025,240221.0,0.9805539114639672
live:pressure-head-supplement-20260920.csv:10,press,0.000,244985.0,1.0
live:pressure-head-supplement-20260920.csv:10,press,0.025,235982.1153846146,0.9632512822606061
live:pressure-head-supplement-20260920.csv:10,press,0.050,219830.000000003,0.8973202440965896
live:pressure-head-supplement-20260920.csv:10,press,0.075,201542.55999999834,0.8226730616160105
live:pressure-head-supplement-20260920.csv:10,press,0.100,179611.199999998,0.7331518256219687
live:pressure-head-supplement-20260920.csv:10,press,0.125,152913.59999999756,0.6241753576749497
live:pressure-head-supplement-20260920.csv:10,press,0.150,130990.63999999802,0.5346884094944507
live:pressure-head-supplement-20260920.csv:10,press,0.175,113083.8461538477,0.4615949799124342
live:pressure-head-supplement-20260920.csv:10,press,0.200,97068.19999999712,0.3962209931220161
live:pressure-head-supplement-20260920.csv:10,press,0.225,87467.47999999835,0.3570319815498841
live:pressure-head-supplement-20260920.csv:10,press,0.250,79006.71999999847,0.32249615282567695
live:pressure-head-supplement-20260920.csv:10,press,0.275,69034.6400000008,0.28179129334449377
live:pressure-head-supplement-20260920.csv:10,press,0.300,58621.730769231,0.23928702071241503
live:pressure-head-supplement-20260920.csv:10,press,0.325,46318.83999999658,0.1890680653917447
live:pressure-head-supplement-20260920.csv:10,press,0.350,32925.83999999969,0.1343994122089095
live:pressure-head-supplement-20260920.csv:10,press,0.375,21088.20000000013,0.08607955589117755
live:pressure-head-supplement-20260920.csv:10,press,0.400,11449.400000000107,0.046735106230994174
live:pressure-head-supplement-20260920.csv:10,press,0.425,5105.923076924114,0.020841778382040183
live:pressure-head-supplement-20260920.csv:10,press,0.450,28.399999999608553,0.00011592546482277917
live:pressure-head-supplement-20260920.csv:10,press,0.475,-6067.640000000503,-0.024767393922078915
live:pressure-head-supplement-20260920.csv:10,press,0.500,-16704.560000000914,-0.06818605220728173
live:pressure-head-supplement-20260920.csv:10,press,0.525,-41194.48000000215,-0.1681510296548856
live:pressure-head-supplement-20260920.csv:10,press,0.550,-90304.68000000666,-0.3686130987611758
live:pressure-head-supplement-20260920.csv:10,press,0.575,-177219.5000000143,-0.7233891870931457
live:pressure-head-supplement-20260920.csv:10,press,0.600,-314670.8000000253,-1.2844492519951234
live:pressure-head-supplement-20260920.csv:10,press,0.625,-481537.60000002926,-1.9655799334654336
live:pressure-head-supplement-20260920.csv:10,press,0.650,-587679.5999999949,-2.3988391125987096
live:pressure-head-supplement-20260920.csv:10,press,0.675,-539910.799999986,-2.203852480764071
live:pressure-head-supplement-20260920.csv:10,press,0.700,-413267.23076919763,-1.6869083036479688
live:pressure-head-supplement-20260920.csv:10,press,0.725,-288564.7199999945,-1.177887299222379
live:pressure-head-supplement-20260920.csv:10,press,0.750,-190306.40000000206,-0.7768083760230302
live:pressure-head-supplement-20260920.csv:10,press,0.775,-121180.48000000141,-0.4946444884380734
live:pressure-head-supplement-20260920.csv:10,press,0.800,-76820.07999998987,-0.31357054513537513
live:pressure-head-supplement-20260920.csv:10,release,-0.400,77121.03999999736,0.1273376681273712
live:pressure-head-supplement-20260920.csv:10,release,-0.375,66973.269230769,0.11058227340701107
live:pressure-head-supplement-20260920.csv:10,release,-0.350,56364.439999998714,0.09306560641434827
live:pressure-head-supplement-20260920.csv:10,release,-0.325,43731.439999998925,0.07220674920167182
live:pressure-head-supplement-20260920.csv:10,release,-0.300,30376.19999999881,0.05015537231565646
live:pressure-head-supplement-20260920.csv:10,release,-0.275,18945.39999999904,0.031281516143198525
live:pressure-head-supplement-20260920.csv:10,release,-0.250,9850.538461537943,0.016264622436254327
live:pressure-head-supplement-20260920.csv:10,release,-0.225,3960.400000000447,0.006539176609284771
live:pressure-head-supplement-20260920.csv:10,release,-0.200,-1010.8399999994251,-0.0016690388051017351
live:pressure-head-supplement-20260920.csv:10,release,-0.175,-7537.360000002214,-0.012445239927221385
live:pressure-head-supplement-20260920.csv:10,release,-0.150,-19616.880000005214,-0.032390223927675446
live:pressure-head-supplement-20260920.csv:10,release,-0.125,-47643.0800000097,-0.0786654162029874
live:pressure-head-supplement-20260920.csv:10,release,-0.100,-102569.49999999184,-0.16935664963789143
live:pressure-head-supplement-20260920.csv:10,release,-0.075,-195882.0,-0.32342869219770093
live:pressure-head-supplement-20260920.csv:10,release,-0.050,-344368.0000000487,-0.5685999319730942
live:pressure-head-supplement-20260920.csv:10,release,-0.025,-515830.00000002555,-0.8517077745599307
live:pressure-head-supplement-20260920.csv:10,release,0.000,-605642.0,-1.0
live:pressure-head-supplement-20260920.csv:10,release,0.025,-523478.0,-0.864335696665687
live:pressure-head-supplement-20260920.csv:10,release,0.050,-385714.5384615264,-0.6368688737926471
live:pressure-head-supplement-20260920.csv:10,release,0.075,-264449.11999998766,-0.4366426370694035
live:pressure-head-supplement-20260920.csv:10,release,0.100,-172064.3999999917,-0.2841024895895458
live:pressure-head-supplement-20260920.csv:10,release,0.125,-108750.07999999436,-0.17956165523526169
live:pressure-head-supplement-20260920.csv:10,release,0.150,-69071.67999999647,-0.11404704429348769
live:pressure-head-supplement-20260920.csv:10,release,0.175,-43761.03999999775,-0.07225562295877391
live:pressure-head-supplement-20260920.csv:10,release,0.200,-28065.461538458527,-0.0463400185892962
live:pressure-head-supplement-20260920.csv:10,release,0.225,-18375.07999999833,-0.03033983772591453
live:pressure-head-supplement-20260920.csv:10,release,0.250,-12821.879999999048,-0.02117072461949311
live:pressure-head-supplement-20260920.csv:10,release,0.275,-8541.759999999236,-0.01410364538786814
live:pressure-head-supplement-20260920.csv:10,release,0.300,-5686.120000000218,-0.009388582694067152
live:pressure-head-supplement-20260920.csv:10,release,0.325,-4143.615384615368,-0.006841690940547995
live:pressure-head-supplement-20260920.csv:10,release,0.350,-2957.2400000000525,-0.0048828185627814
live:pressure-head-supplement-20260920.csv:10,release,0.375,-1878.2799999999756,-0.0031013040707216074
live:pressure-head-supplement-20260920.csv:10,release,0.400,-1036.3199999995759,-0.0017111098635820764
live:pressure-head-supplement-20260920.csv:10,release,0.425,-923.5614035087686,-0.0015249295846535885
live:pressure-head-supplement-20260920.csv:10,release,0.450,-906.0175438596425,-0.0014959622084657973
live:pressure-head-supplement-20260920.csv:10,release,0.475,23.894736841875215,3.945356636738406e-05
live:pressure-head-supplement-20260920.csv:10,release,0.500,278.40000000000316,0.00045967749924873634
live:pressure-head-supplement-20260920.csv:10,release,0.525,314.44000000001677,0.0005191846008038029
live:pressure-head-supplement-20260920.csv:10,release,0.550,377.27999999998934,0.0006229422662232629
live:pressure-head-supplement-20260920.csv:10,release,0.575,567.7600000000681,0.000937451497749608
live:pressure-head-supplement-20260920.csv:10,release,0.600,685.9999999999694,0.0011326823436947394
live:pressure-head-supplement-20260920.csv:10,release,0.625,465.9999999999659,0.0007694314462999031
live:pressure-head-supplement-20260920.csv:10,release,0.650,355.5999999999857,0.000587145541425439
live:pressure-head-supplement-20260920.csv:10,release,0.675,590.2000000000352,0.0009745030892838264
live:pressure-head-supplement-20260920.csv:10,release,0.700,843.2000000000544,0.0013922416212879133
live:pressure-head-supplement-20260920.csv:10,release,0.725,1090.2307692307584,0.0018001241149569521
live:pressure-head-supplement-20260920.csv:10,release,0.750,1240.4400000000055,0.0020481406507474806
live:pressure-head-supplement-20260920.csv:10,release,0.775,697.4799999996409,0.0011516374359764364
live:pressure-head-supplement-20260920.csv:10,release,0.800,311.79999999998773,0.0005148255900350169
live:pressure-head-supplement-20260920.csv:11,press,-0.400,6516.079999999739,0.02722508888990912
live:pressure-head-supplement-20260920.csv:11,press,-0.375,7831.5199999997185,0.0327211802407432
live:pressure-head-supplement-20260920.csv:11,press,-0.350,9631.480000000784,0.04024166356788341
live:pressure-head-supplement-20260920.csv:11,press,-0.325,11786.83999999956,0.049247057545508545
live:pressure-head-supplement-20260920.csv:11,press,-0.300,14079.47999999937,0.05882602646433068
live:pressure-head-supplement-20260920.csv:11,press,-0.275,17880.153846153495,0.07470577062080251
live:pressure-head-supplement-20260920.csv:11,press,-0.250,20012.0800000009,0.08361325472861274
live:pressure-head-supplement-20260920.csv:11,press,-0.225,25200.840000001976,0.10529261597470545
live:pressure-head-supplement-20260920.csv:11,press,-0.200,36171.87999999514,0.15113114760945737
live:pressure-head-supplement-20260920.csv:11,press,-0.175,49758.60000000341,0.20789835423100686
live:pressure-head-supplement-20260920.csv:11,press,-0.150,68926.03846152753,0.2879825790881108
live:pressure-head-supplement-20260920.csv:11,press,-0.125,98352.0,0.4109283407356032
live:pressure-head-supplement-20260920.csv:11,press,-0.100,140260.0,0.5860257958310527
live:pressure-head-supplement-20260920.csv:11,press,-0.075,180559.0,0.7544006250496154
live:pressure-head-supplement-20260920.csv:11,press,-0.050,213927.0,0.8938167718861374
live:pressure-head-supplement-20260920.csv:11,press,-0.025,234350.9999999884,0.9791510856894071
live:pressure-head-supplement-20260920.csv:11,press,0.000,239341.0,1.0
live:pressure-head-supplement-20260920.csv:11,press,0.025,231921.76923076648,0.9690014215314822
live:pressure-head-supplement-20260920.csv:11,press,0.050,217885.4800000026,0.9103558521105979
live:pressure-head-supplement-20260920.csv:11,press,0.075,198644.84000000355,0.829965781040455
live:pressure-head-supplement-20260920.csv:11,press,0.100,176795.00000000448,0.7386741093252075
live:pressure-head-supplement-20260920.csv:11,press,0.125,153023.88000000434,0.6393550624423076
live:pressure-head-supplement-20260920.csv:11,press,0.150,130093.38461538061,0.5435482621672869
live:pressure-head-supplement-20260920.csv:11,press,0.175,108815.04000000769,0.45464437768709787
live:pressure-head-supplement-20260920.csv:11,press,0.200,89108.55999999688,0.37230796227974683
live:pressure-head-supplement-20260920.csv:11,press,0.225,73291.20000000563,0.3062208313661497
live:pressure-head-supplement-20260920.csv:11,press,0.250,60706.55999999803,0.2536404544144047
live:pressure-head-supplement-20260920.csv:11,press,0.275,49115.15999999764,0.20520997238249042
live:pressure-head-supplement-20260920.csv:11,press,0.300,39971.38461538481,0.16700600655710812
live:pressure-head-supplement-20260920.csv:11,press,0.325,35476.67999999991,0.14822650527907844
live:pressure-head-supplement-20260920.csv:11,press,0.350,34236.480000000476,0.14304477711716954
live:pressure-head-supplement-20260920.csv:11,press,0.375,30448.20000000019,0.12721681617441302
live:pressure-head-supplement-20260920.csv:11,press,0.400,24762.799999999865,0.10346242390564034
live:pressure-head-supplement-20260920.csv:11,press,0.425,19157.6153846166,0.0800431826749976
live:pressure-head-supplement-20260920.csv:11,press,0.450,15264.00000000057,0.06377511583891005
live:pressure-head-supplement-20260920.csv:11,press,0.475,13097.680000000475,0.05472392945630074
live:pressure-head-supplement-20260920.csv:11,press,0.500,11249.240000000293,0.04700088994363812
live:pressure-head-supplement-20260920.csv:11,press,0.525,9726.919999999534,0.04064042516743698
live:pressure-head-supplement-20260920.csv:11,press,0.550,8483.384615384983,0.03544476130451942
live:pressure-head-supplement-20260920.csv:11,press,0.575,6633.399999999771,0.02771526817385977
live:pressure-head-supplement-20260920.csv:11,press,0.600,3946.200000000974,0.01648777267580972
live:pressure-head-supplement-20260920.csv:11,press,0.625,1175.7999999996873,0.0049126560012688475
live:pressure-head-supplement-20260920.csv:11,press,0.650,-100.40000000020643,-0.0004194851696959837
live:pressure-head-supplement-20260920.csv:11,press,0.675,169.99999999980736,0.0007102836538654362
live:pressure-head-supplement-20260920.csv:11,press,0.700,-248.53846153843244,-0.0010384282740459531
live:pressure-head-supplement-20260920.csv:11,press,0.725,-469.55999999995765,-0.0019618870147611886
live:pressure-head-supplement-20260920.csv:11,press,0.750,341.6799999999006,0.0014275865814879214
live:pressure-head-supplement-20260920.csv:11,press,0.775,214.11999999997664,0.000894623152740135
live:pressure-head-supplement-20260920.csv:11,press,0.800,-2432.199999999698,-0.010162070017254452
live:pressure-head-supplement-20260920.csv:11,release,-0.400,517.0400000000207,0.0008748591365791773
live:pressure-head-supplement-20260920.csv:11,release,-0.375,-214.20000000001284,-0.0003624377747471444
live:pressure-head-supplement-20260920.csv:11,release,-0.350,203.26923076921622,0.0003439423327476848
live:pressure-head-supplement-20260920.csv:11,release,-0.325,-414.4799999999834,-0.0007013221702949645
live:pressure-head-supplement-20260920.csv:11,release,-0.300,-401.560000000174,-0.0006794608441994288
live:pressure-head-supplement-20260920.csv:11,release,-0.275,562.960000000105,0.0009525582150872
live:pressure-head-supplement-20260920.csv:11,release,-0.250,-174.59999999947155,-0.00029543247185180246
live:pressure-head-supplement-20260920.csv:11,release,-0.225,-3507.6923076935263,-0.005935201654986187
live:pressure-head-supplement-20260920.csv:11,release,-0.200,-6885.479999999696,-0.011650597802360914
live:pressure-head-supplement-20260920.csv:11,release,-0.175,-7787.480000000448,-0.013176829701624114
live:pressure-head-supplement-20260920.csv:11,release,-0.150,-10600.319999995914,-0.0179363043529689
live:pressure-head-supplement-20260920.csv:11,release,-0.125,-22537.600000005245,-0.03813481602307494
live:pressure-head-supplement-20260920.csv:11,release,-0.100,-53153.56000001332,-0.08993864615449346
live:pressure-head-supplement-20260920.csv:11,release,-0.075,-128823.46153841174,-0.21797613788610407
live:pressure-head-supplement-20260920.csv:11,release,-0.050,-262835.0,-0.44473077743071887
live:pressure-head-supplement-20260920.csv:11,release,-0.025,-443687.0,-0.7507419652858386
live:pressure-head-supplement-20260920.csv:11,release,0.000,-590998.0,-1.0
live:pressure-head-supplement-20260920.csv:11,release,0.025,-567844.0,-0.9608222024440015
live:pressure-head-supplement-20260920.csv:11,release,0.050,-422797.0,-0.7153949759559254
live:pressure-head-supplement-20260920.csv:11,release,0.075,-291584.50000002293,-0.49337645812680064
live:pressure-head-supplement-20260920.csv:11,release,0.100,-188754.88000002078,-0.3193832804849099
live:pressure-head-supplement-20260920.csv:11,release,0.125,-121495.08000001198,-0.20557612716119508
live:pressure-head-supplement-20260920.csv:11,release,0.150,-77946.7999999845,-0.13189012483965176
live:pressure-head-supplement-20260920.csv:11,release,0.175,-48572.88000000524,-0.08218789234482222
live:pressure-head-supplement-20260920.csv:11,release,0.200,-29586.153846150595,-0.05006134343288911
live:pressure-head-supplement-20260920.csv:11,release,0.225,-17774.840000004086,-0.03007597318434933
live:pressure-head-supplement-20260920.csv:11,release,0.250,-10896.999999998965,-0.01843830266768917
live:pressure-head-supplement-20260920.csv:11,release,0.275,-6255.399999999083,-0.01058446898297301
live:pressure-head-supplement-20260920.csv:11,release,0.300,-3342.1600000010103,-0.0056551122000429955
live:pressure-head-supplement-20260920.csv:11,release,0.325,-1451.1199999997111,-0.002455372099397479
live:pressure-head-supplement-20260920.csv:11,release,0.350,-387.76923076925254,-0.0006561261303240494
live:pressure-head-supplement-20260920.csv:11,release,0.375,390.24000000001706,0.0006603068030687363
live:pressure-head-supplement-20260920.csv:11,release,0.400,1603.760000000029,0.002713647085100168
live:pressure-head-supplement-20260920.csv:11,release,0.425,1901.305084745712,0.003217109169143909
live:pressure-head-supplement-20260920.csv:11,release,0.450,2065.288135593214,0.003494577199234539
live:pressure-head-supplement-20260920.csv:11,release,0.475,2754.235294117372,0.00466031237689023
live:pressure-head-supplement-20260920.csv:11,release,0.500,3294.7999999999333,0.005574976565064406
live:pressure-head-supplement-20260920.csv:11,release,0.525,3286.3999999999714,0.005560763318995955
live:pressure-head-supplement-20260920.csv:11,release,0.550,3161.960000000021,0.005350204230809615
live:pressure-head-supplement-20260920.csv:11,release,0.575,3426.599999999946,0.005797989164091834
live:pressure-head-supplement-20260920.csv:11,release,0.600,3843.879999999892,0.00650404908307624
live:pressure-head-supplement-20260920.csv:11,release,0.625,3715.923076923041,0.006287539174283231
live:pressure-head-supplement-20260920.csv:11,release,0.650,3552.9999999999673,0.006011864676360948
live:pressure-head-supplement-20260920.csv:11,release,0.675,4171.199999999724,0.007057891904879076
live:pressure-head-supplement-20260920.csv:11,release,0.700,4111.399999999969,0.006956707129296493
live:pressure-head-supplement-20260920.csv:11,release,0.725,4025.600000000013,0.006811528973025311
live:pressure-head-supplement-20260920.csv:11,release,0.750,4277.999999999985,0.007238603176322061
live:pressure-head-supplement-20260920.csv:11,release,0.775,4080.8799999999837,0.006905065668580916
live:pressure-head-supplement-20260920.csv:11,release,0.800,4519.919999999937,0.0076479446630952005
live:pressure-head-supplement-20260920.csv:12,press,-0.400,1847.8076923076658,0.013636755858272688
live:pressure-head-supplement-20260920.csv:12,press,-0.375,2431.3599999999497,0.017943351389647012
live:pressure-head-supplement-20260920.csv:12,press,-0.350,2805.640000000376,0.02070552464170548
live:pressure-head-supplement-20260920.csv:12,press,-0.325,3893.9199999997254,0.02873699281191219
live:pressure-head-supplement-20260920.csv:12,press,-0.300,5699.9200000010005,0.042065209369610786
live:pressure-head-supplement-20260920.csv:12,press,-0.275,8413.399999999529,0.062090596448757425
live:pressure-head-supplement-20260920.csv:12,press,-0.250,10669.999999999704,0.07874422517748597
live:pressure-head-supplement-20260920.csv:12,press,-0.225,12547.000000001253,0.09259641924105366
live:pressure-head-supplement-20260920.csv:12,press,-0.200,18813.520000001758,0.13884311670677746
live:pressure-head-supplement-20260920.csv:12,press,-0.175,28618.3600000024,0.2112024914761583
live:pressure-head-supplement-20260920.csv:12,press,-0.150,42066.59999999302,0.3104500302578045
live:pressure-head-supplement-20260920.csv:12,press,-0.125,61370.384615388466,0.4529112826038617
live:pressure-head-supplement-20260920.csv:12,press,-0.100,83405.0,0.6155259700963823
live:pressure-head-supplement-20260920.csv:12,press,-0.075,104772.0,0.7732136795028856
live:pressure-head-supplement-20260920.csv:12,press,-0.050,122136.0,0.9013593895293058
live:pressure-head-supplement-20260920.csv:12,press,-0.025,133124.0,0.9824504435358887
live:pressure-head-supplement-20260920.csv:12,press,0.000,135502.0,1.0
live:pressure-head-supplement-20260920.csv:12,press,0.025,129926.03846153639,0.9588495997220439
live:pressure-head-supplement-20260920.csv:12,press,0.050,122215.96000000142,0.9019494915204308
live:pressure-head-supplement-20260920.csv:12,press,0.075,115159.03999999745,0.8498696698203528
live:pressure-head-supplement-20260920.csv:12,press,0.100,107686.64000000137,0.7947236203155774
live:pressure-head-supplement-20260920.csv:12,press,0.125,96613.88000000204,0.7130070404865023
live:pressure-head-supplement-20260920.csv:12,press,0.150,84560.99999999789,0.6240572094876673
live:pressure-head-supplement-20260920.csv:12,press,0.175,72575.1599999981,0.5356021313338408
live:pressure-head-supplement-20260920.csv:12,press,0.200,61621.19999999778,0.4547622913314769
live:pressure-head-supplement-20260920.csv:12,press,0.225,53997.36000000267,0.39849861994658875
live:pressure-head-supplement-20260920.csv:12,press,0.250,48632.43999999917,0.3589056988088676
live:pressure-head-supplement-20260920.csv:12,press,0.275,42863.51999999881,0.31633127186313714
live:pressure-head-supplement-20260920.csv:12,press,0.300,37067.30769230782,0.27355542864539134
live:pressure-head-supplement-20260920.csv:12,press,0.325,31909.519999999884,0.23549113666218863
live:pressure-head-supplement-20260920.csv:12,press,0.350,29021.80000000012,0.21417986450384585
live:pressure-head-supplement-20260920.csv:12,press,0.375,26494.27999999994,0.19552685569216646
live:pressure-head-supplement-20260920.csv:12,press,0.400,24291.19999999995,0.17926820268335486
live:pressure-head-supplement-20260920.csv:12,press,0.425,23476.923076923216,0.1732588675954836
live:pressure-head-supplement-20260920.csv:12,press,0.450,22082.39999999951,0.16296733627547572
live:pressure-head-supplement-20260920.csv:12,press,0.475,21383.240000000085,0.15780756003601487
live:pressure-head-supplement-20260920.csv:12,press,0.500,22870.3199999997,0.16878215819692477
live:pressure-head-supplement-20260920.csv:12,press,0.525,24758.440000000603,0.18271641746985728
live:pressure-head-supplement-20260920.csv:12,press,0.550,24348.680000000135,0.1796924030641624
live:pressure-head-supplement-20260920.csv:12,press,0.575,23894.769230769172,0.17634255753250264
live:pressure-head-supplement-20260920.csv:12,press,0.600,23069.400000000318,0.1702513616035211
live:pressure-head-supplement-20260920.csv:12,press,0.625,19612.399999999536,0.14473882304319888
live:pressure-head-supplement-20260920.csv:12,press,0.650,19122.20000000009,0.1411211642632588
live:pressure-head-supplement-20260920.csv:12,press,0.675,20884.80000000024,0.1541290903455317
live:pressure-head-supplement-20260920.csv:12,press,0.700,20570.384615384533,0.1518087158520504
live:pressure-head-supplement-20260920.csv:12,press,0.725,18791.240000000187,0.1386786910894318
live:pressure-head-supplement-20260920.csv:12,press,0.750,17421.95999999995,0.12857345279036433
live:pressure-head-supplement-20260920.csv:12,press,0.775,16790.07999999998,0.12391020058744505
live:pressure-head-supplement-20260920.csv:12,press,0.800,15736.360000000113,0.11613378400318898
live:pressure-head-supplement-20260920.csv:12,release,-0.400,20103.880000001074,0.08991926718759566
live:pressure-head-supplement-20260920.csv:12,release,-0.375,18160.520000000026,0.08122713874861916
live:pressure-head-supplement-20260920.csv:12,release,-0.350,17088.96000000001,0.07643433805802927
live:pressure-head-supplement-20260920.csv:12,release,-0.325,16529.320000000647,0.07393121832746949
live:pressure-head-supplement-20260920.csv:12,release,-0.300,15182.961538461492,0.06790931776730831
live:pressure-head-supplement-20260920.csv:12,release,-0.275,12832.80000000099,0.05739767507391633
live:pressure-head-supplement-20260920.csv:12,release,-0.250,7836.080000001391,0.03504868568771113
live:pressure-head-supplement-20260920.csv:12,release,-0.225,1292.920000000573,0.0057828846437718235
live:pressure-head-supplement-20260920.csv:12,release,-0.200,-2128.799999999722,-0.009521551859089808
live:pressure-head-supplement-20260920.csv:12,release,-0.175,-3913.9999999989377,-0.01750627300661042
live:pressure-head-supplement-20260920.csv:12,release,-0.150,-11478.461538457648,-0.0513400821124608
live:pressure-head-supplement-20260920.csv:12,release,-0.125,-29766.639999989027,-0.1331382029456922
live:pressure-head-supplement-20260920.csv:12,release,-0.100,-60345.080000007365,-0.2699073697205319
live:pressure-head-supplement-20260920.csv:12,release,-0.075,-101600.9599999782,-0.4544338639483408
live:pressure-head-supplement-20260920.csv:12,release,-0.050,-161385.96000001015,-0.7218361459363447
live:pressure-head-supplement-20260920.csv:12,release,-0.025,-215330.8461538431,-0.963117163902562
live:pressure-head-supplement-20260920.csv:12,release,0.000,-223577.0,-1.0
live:pressure-head-supplement-20260920.csv:12,release,0.025,-183361.0,-0.8201246103132254
live:pressure-head-supplement-20260920.csv:12,release,0.050,-129157.0,-0.5776846455583535
live:pressure-head-supplement-20260920.csv:12,release,0.075,-85907.0,-0.38423898701565906
live:pressure-head-supplement-20260920.csv:12,release,0.100,-56047.00000001697,-0.2506832098114608
live:pressure-head-supplement-20260920.csv:12,release,0.125,-38993.153846157205,-0.1744059265763348
live:pressure-head-supplement-20260920.csv:12,release,0.150,-28104.280000001934,-0.12570291219580695
live:pressure-head-supplement-20260920.csv:12,release,0.175,-20177.5600000016,-0.09024881808057894
live:pressure-head-supplement-20260920.csv:12,release,0.200,-14962.28000000093,-0.06692226839075992
live:pressure-head-supplement-20260920.csv:12,release,0.225,-10856.56000000083,-0.048558483207131464
live:pressure-head-supplement-20260920.csv:12,release,0.250,-8297.692307693182,-0.03711335382303717
live:pressure-head-supplement-20260920.csv:12,release,0.275,-7010.559999999812,-0.031356355975792734
live:pressure-head-supplement-20260920.csv:12,release,0.300,-5793.600000000444,-0.025913220053943135
live:pressure-head-supplement-20260920.csv:12,release,0.325,-5115.4799999998995,-0.022880171037270827
live:pressure-head-supplement-20260920.csv:12,release,0.350,-4262.760000000317,-0.01906618301524896
live:pressure-head-supplement-20260920.csv:12,release,0.375,-4034.5967741935688,-0.018045670056372386
live:pressure-head-supplement-20260920.csv:12,release,0.400,-3862.4193548386843,-0.0172755666049669
live:pressure-head-supplement-20260920.csv:12,release,0.425,-3617.5000000000136,-0.016180107971750287
live:pressure-head-supplement-20260920.csv:12,release,0.450,-3092.1199999999876,-0.013830224039145295
live:pressure-head-supplement-20260920.csv:12,release,0.475,-2820.9600000001274,-0.012617398032893041
live:pressure-head-supplement-20260920.csv:12,release,0.500,-2680.360000000006,-0.011988531915179138
live:pressure-head-supplement-20260920.csv:12,release,0.525,-2566.8461538461684,-0.011480814904244034
live:pressure-head-supplement-20260920.csv:12,release,0.550,-2076.080000000141,-0.009285749428609118
live:pressure-head-supplement-20260920.csv:12,release,0.575,-1780.200000000039,-0.00796235748757716
live:pressure-head-supplement-20260920.csv:12,release,0.600,-1772.0799999999908,-0.007926038903822803
live:pressure-head-supplement-20260920.csv:12,release,0.625,-2133.319999999933,-0.009541768607682959
live:pressure-head-supplement-20260920.csv:12,release,0.650,-2230.8846153846207,-0.009978148983950141
live:pressure-head-supplement-20260920.csv:12,release,0.675,-2030.8000000000884,-0.009083224124127653
live:pressure-head-supplement-20260920.csv:12,release,0.700,-1983.8000000000006,-0.008873005720624218
live:pressure-head-supplement-20260920.csv:12,release,0.725,-2069.799999999964,-0.009257660671714728
live:pressure-head-supplement-20260920.csv:12,release,0.750,-2077.400000000006,-0.009291653434834558
live:pressure-head-supplement-20260920.csv:12,release,0.775,-2035.5999999999945,-0.00910469323767648
live:pressure-head-supplement-20260920.csv:12,release,0.800,-2122.1538461538407,-0.009491825394176685
live:pressure-head-supplement-20260920.csv:13,press,-0.400,4301.076923076955,0.019005118710613268
live:pressure-head-supplement-20260920.csv:13,press,-0.375,5739.3800000005585,0.02536053183333838
live:pressure-head-supplement-20260920.csv:13,press,-0.350,7389.460000001212,0.032651721189604646
live:pressure-head-supplement-20260920.csv:13,press,-0.325,10438.020000001472,0.0461223579005109
live:pressure-head-supplement-20260920.csv:13,press,-0.300,14504.660000001575,0.06409157289842353
live:pressure-head-supplement-20260920.csv:13,press,-0.275,19000.779999998977,0.08395852619066631
live:pressure-head-supplement-20260920.csv:13,press,-0.250,25821.038461542863,0.11409512314461644
live:pressure-head-supplement-20260920.csv:13,press,-0.225,37016.02000000864,0.16356225821493225
live:pressure-head-supplement-20260920.csv:13,press,-0.200,48517.06000000204,0.214381770259143
live:pressure-head-supplement-20260920.csv:13,press,-0.175,59973.100000003535,0.265002441325357
live:pressure-head-supplement-20260920.csv:13,press,-0.150,77685.22000000517,0.3432667805215606
live:pressure-head-supplement-20260920.csv:13,press,-0.125,106439.03846154558,0.4703209446340358
live:pressure-head-supplement-20260920.csv:13,press,-0.100,142652.50000002113,0.6303369470840904
live:pressure-head-supplement-20260920.csv:13,press,-0.075,179845.5,0.7946812247720509
live:pressure-head-supplement-20260920.csv:13,press,-0.050,209040.5000000091,0.9236848326311704
live:pressure-head-supplement-20260920.csv:13,press,-0.025,225058.5,0.9944633834338953
live:pressure-head-supplement-20260920.csv:13,press,0.000,226311.5,1.0
live:pressure-head-supplement-20260920.csv:13,press,0.025,214597.07692307257,0.9482376146288305
live:pressure-head-supplement-20260920.csv:13,press,0.050,190521.13999999105,0.8418535514102953
live:pressure-head-supplement-20260920.csv:13,press,0.075,161365.33999998865,0.7130231561365138
live:pressure-head-supplement-20260920.csv:13,press,0.100,132558.86000000522,0.5857362970949564
live:pressure-head-supplement-20260920.csv:13,press,0.125,102666.05999998911,0.4536493284697822
live:pressure-head-supplement-20260920.csv:13,press,0.150,76904.97999999012,0.33981914308371475
live:pressure-head-supplement-20260920.csv:13,press,0.175,64753.807692305665,0.2861268989525749
live:pressure-head-supplement-20260920.csv:13,press,0.200,59025.019999998935,0.26081317122638015
live:pressure-head-supplement-20260920.csv:13,press,0.225,50241.01999999855,0.2219994123144363
live:pressure-head-supplement-20260920.csv:13,press,0.250,41837.93999999829,0.18486882018809603
live:pressure-head-supplement-20260920.csv:13,press,0.275,36561.29999999636,0.16155299222530167
live:pressure-head-supplement-20260920.csv:13,press,0.300,28830.576923076573,0.12739333583612222
live:pressure-head-supplement-20260920.csv:13,press,0.325,17597.859999993892,0.0777594598595029
live:pressure-head-supplement-20260920.csv:13,press,0.350,8436.6599999998,0.0372789716828345
live:pressure-head-supplement-20260920.csv:13,press,0.375,6507.462962962775,0.028754451112571723
live:pressure-head-supplement-20260920.csv:13,press,0.400,3765.152173911314,0.016637034237815197
live:pressure-head-supplement-20260920.csv:13,press,0.425,-2039.5000000021555,-0.009011914993282072
live:pressure-head-supplement-20260920.csv:13,press,0.450,-7758.060000002306,-0.03428044973411561
live:pressure-head-supplement-20260920.csv:13,press,0.475,-11145.059999999528,-0.049246547347348804
live:pressure-head-supplement-20260920.csv:13,press,0.500,-14114.140000000945,-0.06236598670417078
live:pressure-head-supplement-20260920.csv:13,press,0.525,-19697.54000000249,-0.08703729152076889
live:pressure-head-supplement-20260920.csv:13,press,0.550,-29408.18000000331,-0.12994558385235974
live:pressure-head-supplement-20260920.csv:13,press,0.575,-37107.57692307881,-0.1639668197289082
live:pressure-head-supplement-20260920.csv:13,press,0.600,-42193.30000000052,-0.18643904529818645
live:pressure-head-supplement-20260920.csv:13,press,0.625,-54836.70000000333,-0.24230629022388755
live:pressure-head-supplement-20260920.csv:13,press,0.650,-92785.50000002986,-0.40999021260532437
live:pressure-head-supplement-20260920.csv:13,press,0.675,-172565.9000000202,-0.7625149406902442
live:pressure-head-supplement-20260920.csv:13,press,0.700,-285445.5769231393,-1.2612950597876789
live:pressure-head-supplement-20260920.csv:13,press,0.725,-398119.06000000506,-1.7591640725283737
live:pressure-head-supplement-20260920.csv:13,press,0.750,-434992.5800000065,-1.9220966676461713
live:pressure-head-supplement-20260920.csv:13,press,0.775,-373039.25999994733,-1.6483442511756907
live:pressure-head-supplement-20260920.csv:13,press,0.800,-274988.2999999954,-1.215087611544245
live:pressure-head-supplement-20260920.csv:13,release,-0.400,7259.722222222785,0.016565385512999613
live:pressure-head-supplement-20260920.csv:13,release,-0.375,6182.282608696832,0.0141068613410417
live:pressure-head-supplement-20260920.csv:13,release,-0.350,2643.9999999998654,0.006033134320524785
live:pressure-head-supplement-20260920.csv:13,release,-0.325,-3476.219999998847,-0.00793211126614553
live:pressure-head-supplement-20260920.csv:13,release,-0.300,-8896.219999999394,-0.020299580259053738
live:pressure-head-supplement-20260920.csv:13,release,-0.275,-11856.179999997838,-0.02705367869451972
live:pressure-head-supplement-20260920.csv:13,release,-0.250,-15075.979999998755,-0.034400685458979716
live:pressure-head-supplement-20260920.csv:13,release,-0.225,-21502.659999998345,-0.04906521786254618
live:pressure-head-supplement-20260920.csv:13,release,-0.200,-31647.26923076766,-0.07221339869404013
live:pressure-head-supplement-20260920.csv:13,release,-0.175,-38726.93999999834,-0.08836793904799775
live:pressure-head-supplement-20260920.csv:13,release,-0.150,-43692.05999999433,-0.09969745337383032
live:pressure-head-supplement-20260920.csv:13,release,-0.125,-59520.299999984076,-0.13581466138345447
live:pressure-head-supplement-20260920.csv:13,release,-0.100,-105090.82000001615,-0.23979842394637754
live:pressure-head-supplement-20260920.csv:13,release,-0.075,-195078.65384610966,-0.4451345392287438
live:pressure-head-supplement-20260920.csv:13,release,-0.050,-313982.5,-0.7164518142187103
live:pressure-head-supplement-20260920.csv:13,release,-0.025,-424688.4999999371,-0.9690630729508098
live:pressure-head-supplement-20260920.csv:13,release,0.000,-438246.5,-1.0
live:pressure-head-supplement-20260920.csv:13,release,0.025,-352447.5,-0.8042220531139439
live:pressure-head-supplement-20260920.csv:13,release,0.050,-250527.50000005795,-0.5716588723470877
live:pressure-head-supplement-20260920.csv:13,release,0.075,-171639.03846155398,-0.3916495361892314
live:pressure-head-supplement-20260920.csv:13,release,0.100,-111287.6600000447,-0.25393850264644374
live:pressure-head-supplement-20260920.csv:13,release,0.125,-69669.30000000837,-0.15897286116377055
live:pressure-head-supplement-20260920.csv:13,release,0.150,-44756.42000000441,-0.10212613221099177
live:pressure-head-supplement-20260920.csv:13,release,0.175,-28929.540000003166,-0.06601202747769387
live:pressure-head-supplement-20260920.csv:13,release,0.200,-18549.22000000185,-0.04232599689900969
live:pressure-head-supplement-20260920.csv:13,release,0.225,-12387.115384617744,-0.02826517812376766
live:pressure-head-supplement-20260920.csv:13,release,0.250,-8360.900000001402,-0.019078075923028254
live:pressure-head-supplement-20260920.csv:13,release,0.275,-5872.099999999623,-0.013399080198015553
live:pressure-head-supplement-20260920.csv:13,release,0.300,-3621.7000000008147,-0.008264070563029744
live:pressure-head-supplement-20260920.csv:13,release,0.325,-1990.740000000574,-0.004542512033754003
live:pressure-head-supplement-20260920.csv:13,release,0.350,-1229.3461538465613,-0.002805147682517855
live:pressure-head-supplement-20260920.csv:13,release,0.375,-591.2200000000287,-0.00134905812139978
live:pressure-head-supplement-20260920.csv:13,release,0.400,-263.5377358490474,-0.0006013458997369001
live:pressure-head-supplement-20260920.csv:13,release,0.425,22.783018867774103,5.198676741919012e-05
live:pressure-head-supplement-20260920.csv:13,release,0.450,297.0454545454406,0.0006778045108071384
live:pressure-head-supplement-20260920.csv:13,release,0.475,679.7399999997829,0.00155104490281105
live:pressure-head-supplement-20260920.csv:13,release,0.500,891.6538461538054,0.0020345943348179744
live:pressure-head-supplement-20260920.csv:13,release,0.525,530.900000000074,0.001211418687884727
live:pressure-head-supplement-20260920.csv:13,release,0.550,438.0200000000055,0.0009994831675780764
live:pressure-head-supplement-20260920.csv:13,release,0.575,699.9399999999497,0.001597137683928907
live:pressure-head-supplement-20260920.csv:13,release,0.600,1003.339999999781,0.002289442129029624
live:pressure-head-supplement-20260920.csv:13,release,0.625,1100.7692307692064,0.0025117581789454255
live:pressure-head-supplement-20260920.csv:13,release,0.650,1115.7000000000005,0.002545827519443967
live:pressure-head-supplement-20260920.csv:13,release,0.675,941.3000000000748,0.00214787796365761
live:pressure-head-supplement-20260920.csv:13,release,0.700,1079.0999999999226,0.0024623128764289562
live:pressure-head-supplement-20260920.csv:13,release,0.725,1514.8999999997782,0.003456730401725463
live:pressure-head-supplement-20260920.csv:13,release,0.750,1440.1923076923172,0.003286260831957168
live:pressure-head-supplement-20260920.csv:13,release,0.775,1342.1399999999971,0.003062523032129172
live:pressure-head-supplement-20260920.csv:13,release,0.800,1617.0599999998008,0.003689841219495879
live:pressure-legs-20260920.csv:1,press,-0.400,1410.76,0.006498951975123805
live:pressure-legs-20260920.csv:1,press,-0.375,1681.24,0.007744972935621329
live:pressure-legs-20260920.csv:1,press,-0.350,1910.56,0.008801382010825752
live:pressure-legs-20260920.csv:1,press,-0.325,2038.6000000000004,0.00939122423125648
live:pressure-legs-20260920.csv:1,press,-0.300,2752.5600000000068,0.012680225728434904
live:pressure-legs-20260920.csv:1,press,-0.275,4330.230769230779,0.019948086003596814
live:pressure-legs-20260920.csv:1,press,-0.250,6771.680000000064,0.03119511689508264
live:pressure-legs-20260920.csv:1,press,-0.225,13890.52000000008,0.06398949671772466
live:pressure-legs-20260920.csv:1,press,-0.200,23321.720000000005,0.10743623171714847
live:pressure-legs-20260920.csv:1,press,-0.175,33599.760000000126,0.15478410687550442
live:pressure-legs-20260920.csv:1,press,-0.150,49657.76923076949,0.22875858219863868
live:pressure-legs-20260920.csv:1,press,-0.125,77147.44000000048,0.35539532419670844
live:pressure-legs-20260920.csv:1,press,-0.100,113517.16000000013,0.5229398134285391
live:pressure-legs-20260920.csv:1,press,-0.075,143965.16000000035,0.6632046988368092
live:pressure-legs-20260920.csv:1,press,-0.050,171205.60000000036,0.7886933087642536
live:pressure-legs-20260920.csv:1,press,-0.025,196706.73076923104,0.9061694380708559
live:pressure-legs-20260920.csv:1,press,0.000,217074.99999999988,0.9999999999999994
live:pressure-legs-20260920.csv:1,press,0.025,204616.99999999907,0.9426096971092898
live:pressure-legs-20260920.csv:1,press,0.050,151880.9999999991,0.6996706207531918
live:pressure-legs-20260920.csv:1,press,0.075,101761.99999999968,0.4687872855004016
live:pressure-legs-20260920.csv:1,press,0.100,83973.99999999996,0.3868432569388458
live:pressure-legs-20260920.csv:1,press,0.125,79165.99999999972,0.36469423010480123
live:pressure-legs-20260920.csv:1,press,0.150,63240.03846153811,0.291328059249283
live:pressure-legs-20260920.csv:1,press,0.175,45988.27999999962,0.21185433605896406
live:pressure-legs-20260920.csv:1,press,0.200,28691.839999999767,0.13217477830242896
live:pressure-legs-20260920.csv:1,press,0.225,10476.1599999996,0.048260555107679834
live:pressure-legs-20260920.csv:1,press,0.250,-4134.640000000449,-0.019047057468618903
live:pressure-legs-20260920.csv:1,press,0.275,-13691.76923076948,-0.06307391100204758
live:pressure-legs-20260920.csv:1,press,0.300,-16212.840000000035,-0.07468773465392162
live:pressure-legs-20260920.csv:1,press,0.325,-19346.880000000085,-0.08912532534838229
live:pressure-legs-20260920.csv:1,press,0.350,-23309.920000000107,-0.10738187262466939
live:pressure-legs-20260920.csv:1,press,0.375,-21916.19999999995,-0.10096141886444754
live:pressure-legs-20260920.csv:1,press,0.400,-20383.461538461506,-0.09390054837480827
live:pressure-legs-20260920.csv:1,press,0.425,-27548.360000000255,-0.12690710583899692
live:pressure-legs-20260920.csv:1,press,0.450,-39652.9600000004,-0.18266939997696832
live:pressure-legs-20260920.csv:1,press,0.475,-49342.20000000029,-0.22730484855464833
live:pressure-legs-20260920.csv:1,press,0.500,-60971.24000000037,-0.2808763791316382
live:pressure-legs-20260920.csv:1,press,0.525,-70610.1200000003,-0.3252798341587023
live:pressure-legs-20260920.csv:1,press,0.550,-71236.53846153844,-0.3281655578096899
live:pressure-legs-20260920.csv:1,press,0.575,-81045.5600000004,-0.37335280433030243
live:pressure-legs-20260920.csv:1,press,0.600,-124502.60000000134,-0.573546470114022
live:pressure-legs-20260920.csv:1,press,0.625,-196057.72000000195,-0.903179638373843
live:pressure-legs-20260920.csv:1,press,0.650,-257686.08000000258,-1.1870831740182084
live:pressure-legs-20260920.csv:1,press,0.675,-280413.0384615391,-1.2917795161190329
live:pressure-legs-20260920.csv:1,press,0.700,-256345.39999999892,-1.1809070597719633
live:pressure-legs-20260920.csv:1,press,0.725,-200704.99999999814,-0.9245882759414863
live:pressure-legs-20260920.csv:1,press,0.750,-143370.5999999977,-0.6604657376482677
live:pressure-legs-20260920.csv:1,press,0.775,-97700.19999999832,-0.450075780260271
live:pressure-legs-20260920.csv:1,press,0.800,-66401.46153846034,-0.30589179563957314
live:pressure-legs-20260920.csv:1,release,-0.400,-14671.240000000007,-0.05173598891314239
live:pressure-legs-20260920.csv:1,release,-0.375,-16755.679999999986,-0.059086462678830186
live:pressure-legs-20260920.csv:1,release,-0.350,-20089.11999999998,-0.07084135285052835
live:pressure-legs-20260920.csv:1,release,-0.325,-23408.200000000008,-0.08254560457579725
live:pressure-legs-20260920.csv:1,release,-0.300,-21586.538461538454,-0.07612178074377318
live:pressure-legs-20260920.csv:1,release,-0.275,-20870.760000000002,-0.07359769235380617
live:pressure-legs-20260920.csv:1,release,-0.250,-29559.359999999997,-0.10423677352695368
live:pressure-legs-20260920.csv:1,release,-0.225,-41910.200000000004,-0.14779021013544727
live:pressure-legs-20260920.csv:1,release,-0.200,-51412.84000000011,-0.18129988468821778
live:pressure-legs-20260920.csv:1,release,-0.175,-63150.92000000008,-0.22269251249211006
live:pressure-legs-20260920.csv:1,release,-0.150,-71684.23076923077,-0.25278398883284997
live:pressure-legs-20260920.csv:1,release,-0.125,-71618.36000000006,-0.25255170516857756
live:pressure-legs-20260920.csv:1,release,-0.100,-84910.60000000065,-0.29942485162864896
live:pressure-legs-20260920.csv:1,release,-0.075,-135451.32000000036,-0.4776493322848319
live:pressure-legs-20260920.csv:1,release,-0.050,-210536.48000000027,-0.7424262022223094
live:pressure-legs-20260920.csv:1,release,-0.025,-267749.19230769255,-0.9441784910296339
live:pressure-legs-20260920.csv:1,release,0.000,-283578.9999999994,-0.999999999999998
live:pressure-legs-20260920.csv:1,release,0.025,-249536.99999999945,-0.8799558500453117
live:pressure-legs-20260920.csv:1,release,0.050,-188496.9999999995,-0.6647071891783225
live:pressure-legs-20260920.csv:1,release,0.075,-132088.99999999924,-0.46579260100359776
live:pressure-legs-20260920.csv:1,release,0.100,-89102.99999999949,-0.3142087390109969
live:pressure-legs-20260920.csv:1,release,0.125,-60726.076923076296,-0.21414165690363637
live:pressure-legs-20260920.csv:1,release,0.150,-41759.959999999905,-0.14726041067921075
live:pressure-legs-20260920.csv:1,release,0.175,-30121.959999999952,-0.10622070040447265
live:pressure-legs-20260920.csv:1,release,0.200,-21900.63999999982,-0.0772294140257206
live:pressure-legs-20260920.csv:1,release,0.225,-15529.95999999986,-0.054764139798785735
live:pressure-legs-20260920.csv:1,release,0.250,-10803.439999999897,-0.03809675610676354
live:pressure-legs-20260920.csv:1,release,0.275,-7472.999999999911,-0.026352444997689923
live:pressure-legs-20260920.csv:1,release,0.300,-4427.99999999992,-0.015614696433797707
live:pressure-legs-20260920.csv:1,release,0.325,-2669.8399999999565,-0.00941480151915324
live:pressure-legs-20260920.csv:1,release,0.350,-1757.8399999999776,-0.006198766481297901
live:pressure-legs-20260920.csv:1,release,0.375,-1206.0799999999947,-0.004253065283395438
live:pressure-legs-20260920.csv:1,release,0.400,-90.39285714283142,-0.0003187572321745666
live:pressure-legs-20260920.csv:1,release,0.425,1076.5714285714494,0.0037963721875436804
live:pressure-legs-20260920.csv:1,release,0.450,1699.0500000000104,0.005991452117399421
live:pressure-legs-20260920.csv:1,release,0.475,350.8399999999483,0.0012371861103958625
live:pressure-legs-20260920.csv:1,release,0.500,-2117.320000000079,-0.007466420292052934
live:pressure-legs-20260920.csv:1,release,0.525,-1952.7999999999836,-0.00688626449772368
live:pressure-legs-20260920.csv:1,release,0.550,-400.46153846150605,-0.0014121692313658841
live:pressure-legs-20260920.csv:1,release,0.575,667.1600000000162,0.002352642473525953
live:pressure-legs-20260920.csv:1,release,0.600,338.5199999999801,0.0011937414265512612
live:pressure-legs-20260920.csv:1,release,0.625,-851.7200000000455,-0.003003466406186796
live:pressure-legs-20260920.csv:1,release,0.650,-2072.360000000042,-0.007307875406853265
live:pressure-legs-20260920.csv:1,release,0.675,-1387.038461538418,-0.004891188915746293
live:pressure-legs-20260920.csv:1,release,0.700,-1416.4000000000117,-0.00499472810045882
live:pressure-legs-20260920.csv:1,release,0.725,-2140.0000000000323,-0.007546398005494174
live:pressure-legs-20260920.csv:1,release,0.750,-2441.2000000000066,-0.008608535892996332
live:pressure-legs-20260920.csv:1,release,0.775,-1834.1999999999657,-0.006468038888634087
live:pressure-legs-20260920.csv:1,release,0.800,-1435.538461538449,-0.005062217094842879
live:pressure-legs-20260920.csv:3,press,-0.400,2586.920000000001,0.017951881640215685
live:pressure-legs-20260920.csv:3,press,-0.375,2909.92307692308,0.0201933552870036
live:pressure-legs-20260920.csv:3,press,-0.350,3438.120000000005,0.02385876768700169
live:pressure-legs-20260920.csv:3,press,-0.325,3700.559999999992,0.025679965025016776
live:pressure-legs-20260920.csv:3,press,-0.300,4822.840000000033,0.033468005523826935
live:pressure-legs-20260920.csv:3,press,-0.275,6111.239999999988,0.04240883257114694
live:pressure-legs-20260920.csv:3,press,-0.250,7610.839999999963,0.052815277960902705
live:pressure-legs-20260920.csv:3,press,-0.225,13274.076923077224,0.09211520178675825
live:pressure-legs-20260920.csv:3,press,-0.200,24567.52000000023,0.1704858330499728
live:pressure-legs-20260920.csv:3,press,-0.175,42658.76000000026,0.29602964546192834
live:pressure-legs-20260920.csv:3,press,-0.150,62507.92000000024,0.4337725099408079
live:pressure-legs-20260920.csv:3,press,-0.125,79420.8800000002,0.5511396709298224
live:pressure-legs-20260920.csv:3,press,-0.100,94841.11538461558,0.6581480981285301
live:pressure-legs-20260920.csv:3,press,-0.075,109019.00000000052,0.7565352560321473
live:pressure-legs-20260920.csv:3,press,-0.050,123583.0,0.8576018542292666
live:pressure-legs-20260920.csv:3,press,-0.025,139966.00000000015,0.9712913679798487
live:pressure-legs-20260920.csv:3,press,0.000,144103.0,1.0
live:pressure-legs-20260920.csv:3,press,0.025,127977.99999999895,0.8881008722927278
live:pressure-legs-20260920.csv:3,press,0.050,98647.23076923008,0.6845605627171543
live:pressure-legs-20260920.csv:3,press,0.075,70054.47999999938,0.48614171807664924
live:pressure-legs-20260920.csv:3,press,0.100,52866.55999999962,0.36686647745015455
live:pressure-legs-20260920.csv:3,press,0.125,43386.15999999981,0.3010774237871509
live:pressure-legs-20260920.csv:3,press,0.150,33185.71999999977,0.23029166637752002
live:pressure-legs-20260920.csv:3,press,0.175,24056.319999999796,0.16693837047111992
live:pressure-legs-20260920.csv:3,press,0.200,17236.999999999945,0.11961583034357332
live:pressure-legs-20260920.csv:3,press,0.225,7907.479999999905,0.0548738055418687
live:pressure-legs-20260920.csv:3,press,0.250,-163.64000000033775,-0.0011355766361584266
live:pressure-legs-20260920.csv:3,press,0.275,-6955.640000000067,-0.04826853014857475
live:pressure-legs-20260920.csv:3,press,0.300,-12091.000000000213,-0.08390526220828305
live:pressure-legs-20260920.csv:3,press,0.325,-11939.884615384595,-0.08285659989996458
live:pressure-legs-20260920.csv:3,press,0.350,-8847.839999999902,-0.06139941569571697
live:pressure-legs-20260920.csv:3,press,0.375,-7073.759999999949,-0.0490882216192581
live:pressure-legs-20260920.csv:3,press,0.400,-6004.479999999971,-0.041667973602214886
live:pressure-legs-20260920.csv:3,press,0.425,-3890.7999999999256,-0.027000131850134456
live:pressure-legs-20260920.csv:3,press,0.450,-3440.461538461528,-0.023875016748169907
live:pressure-legs-20260920.csv:3,press,0.475,-4614.240000000029,-0.03202042983144021
live:pressure-legs-20260920.csv:3,press,0.500,-5729.360000000052,-0.039758783647807834
live:pressure-legs-20260920.csv:3,press,0.525,-7137.000000000029,-0.04952707438429477
live:pressure-legs-20260920.csv:3,press,0.550,-7745.120000000009,-0.053747111441122035
live:pressure-legs-20260920.csv:3,press,0.575,-8963.440000000068,-0.062201619674816404
live:pressure-legs-20260920.csv:3,press,0.600,-12205.192307692445,-0.0846976975336561
live:pressure-legs-20260920.csv:3,press,0.625,-14329.800000000076,-0.0994413717965627
live:pressure-legs-20260920.csv:3,press,0.650,-16119.400000000076,-0.1118602666148524
live:pressure-legs-20260920.csv:3,press,0.675,-18566.20000000009,-0.12883978820704697
live:pressure-legs-20260920.csv:3,press,0.700,-23055.20000000021,-0.15999111746459277
live:pressure-legs-20260920.csv:3,press,0.725,-31813.153846154084,-0.22076676992258373
live:pressure-legs-20260920.csv:3,press,0.750,-41206.44000000028,-0.2859512987238314
live:pressure-legs-20260920.csv:3,press,0.775,-46537.800000000236,-0.3229481690179957
live:pressure-legs-20260920.csv:3,press,0.800,-56048.000000000335,-0.38894401920848515
live:pressure-legs-20260920.csv:3,release,-0.400,-6075.000000000005,-0.021509145369957315
live:pressure-legs-20260920.csv:3,release,-0.375,-7426.160000000002,-0.02629306254824068
live:pressure-legs-20260920.csv:3,release,-0.350,-7979.92000000001,-0.028253705237963767
live:pressure-legs-20260920.csv:3,release,-0.325,-9613.884615384635,-0.03403892045470027
live:pressure-legs-20260920.csv:3,release,-0.300,-13065.480000000045,-0.04625963928366596
live:pressure-legs-20260920.csv:3,release,-0.275,-14824.839999999982,-0.0524888294068078
live:pressure-legs-20260920.csv:3,release,-0.250,-16687.719999999983,-0.05908454244825407
live:pressure-legs-20260920.csv:3,release,-0.225,-19484.72000000013,-0.0689876008185872
live:pressure-legs-20260920.csv:3,release,-0.200,-24823.615384615307,-0.08789049414248545
live:pressure-legs-20260920.csv:3,release,-0.175,-34514.76000000012,-0.12220296135789135
live:pressure-legs-20260920.csv:3,release,-0.150,-43600.200000000055,-0.15437087077517916
live:pressure-legs-20260920.csv:3,release,-0.125,-47966.000000000146,-0.16982842252104938
live:pressure-legs-20260920.csv:3,release,-0.100,-60252.76000000053,-0.2133309257252938
live:pressure-legs-20260920.csv:3,release,-0.075,-99375.80769231112,-0.3518499907672166
live:pressure-legs-20260920.csv:3,release,-0.050,-170996.0,-0.6054284480133693
live:pressure-legs-20260920.csv:3,release,-0.025,-251179.0,-0.8893243826963794
live:pressure-legs-20260920.csv:3,release,0.000,-282438.0,-1.0
live:pressure-legs-20260920.csv:3,release,0.025,-226449.0,-0.8017653431903639
live:pressure-legs-20260920.csv:3,release,0.050,-145595.0,-0.515493665866491
live:pressure-legs-20260920.csv:3,release,0.075,-95268.99999999783,-0.3373094272017145
live:pressure-legs-20260920.csv:3,release,0.100,-64691.11538461471,-0.22904536707034717
live:pressure-legs-20260920.csv:3,release,0.125,-42827.99999999951,-0.15163681940815157
live:pressure-legs-20260920.csv:3,release,0.150,-29936.319999999716,-0.10599253641507062
live:pressure-legs-20260920.csv:3,release,0.175,-21324.91999999981,-0.07550301305065114
live:pressure-legs-20260920.csv:3,release,0.200,-14967.799999999857,-0.052994993591513384
live:pressure-legs-20260920.csv:3,release,0.225,-11065.307692307526,-0.03917782908924269
live:pressure-legs-20260920.csv:3,release,0.250,-8185.000000000071,-0.02897981149845301
live:pressure-legs-20260920.csv:3,release,0.275,-6318.799999999929,-0.022372343664804062
live:pressure-legs-20260920.csv:3,release,0.300,-4550.35999999992,-0.016111004893108998
live:pressure-legs-20260920.csv:3,release,0.325,-3407.1199999999503,-0.012063249279487712
live:pressure-legs-20260920.csv:3,release,0.350,-2743.230769230728,-0.009712683028596463
live:pressure-legs-20260920.csv:3,release,0.375,-2599.6428571428573,-0.009204295658313886
live:pressure-legs-20260920.csv:3,release,0.400,-2521.9642857142862,-0.008929266903583392
live:pressure-legs-20260920.csv:3,release,0.425,-2075.4736842104894,-0.007348422252708522
live:pressure-legs-20260920.csv:3,release,0.450,-1526.1999999999634,-0.005403663812942888
live:pressure-legs-20260920.csv:3,release,0.475,-1329.1199999999897,-0.00470588235294114
live:pressure-legs-20260920.csv:3,release,0.500,-1736.6153846153925,-0.0061486605365262195
live:pressure-legs-20260920.csv:3,release,0.525,-1973.6000000000038,-0.00698772828018894
live:pressure-legs-20260920.csv:3,release,0.550,-1798.199999999995,-0.006366707029507344
live:pressure-legs-20260920.csv:3,release,0.575,-2226.880000000011,-0.007884491463613292
live:pressure-legs-20260920.csv:3,release,0.600,-2918.280000000057,-0.010332462345718555
live:pressure-legs-20260920.csv:3,release,0.625,-3205.038461538469,-0.011347759372104565
live:pressure-legs-20260920.csv:3,release,0.650,-2769.1999999999744,-0.00980462968863954
live:pressure-legs-20260920.csv:3,release,0.675,-1941.9999999999623,-0.0068758453182644055
live:pressure-legs-20260920.csv:3,release,0.700,-2133.8000000000197,-0.007554932409944907
live:pressure-legs-20260920.csv:3,release,0.725,-1772.399999999976,-0.0062753595479361
live:pressure-legs-20260920.csv:3,release,0.750,-1072.5999999999271,-0.003797647625319281
live:pressure-legs-20260920.csv:3,release,0.775,-1591.3846153846198,-0.005634456466143436
live:pressure-legs-20260920.csv:3,release,0.800,-1692.1999999999937,-0.005991403423052116
live:pressure-legs-20260920.csv:4,press,-0.400,350.0000000000011,0.0029580297831341687
live:pressure-legs-20260920.csv:4,press,-0.375,1053.5600000000088,0.008904176738053859
live:pressure-legs-20260920.csv:4,press,-0.350,4221.880000000041,0.03568127651662448
live:pressure-legs-20260920.csv:4,press,-0.325,7562.12000000012,0.06391136052467099
live:pressure-legs-20260920.csv:4,press,-0.300,9366.615384615401,0.07916207792815708
live:pressure-legs-20260920.csv:4,press,-0.275,12613.800000000123,0.10660570308142292
live:pressure-legs-20260920.csv:4,press,-0.250,17167.12000000005,0.14508814928753783
live:pressure-legs-20260920.csv:4,press,-0.225,19388.760000000155,0.16386437010868776
live:pressure-legs-20260920.csv:4,press,-0.200,25751.360000000255,0.2176379709606012
live:pressure-legs-20260920.csv:4,press,-0.175,35573.69230769252,0.3006515466920144
live:pressure-legs-20260920.csv:4,press,-0.150,43712.03999999971,0.3694329034330024
live:pressure-legs-20260920.csv:4,press,-0.125,58469.60000000095,0.49415662345126815
live:pressure-legs-20260920.csv:4,press,-0.100,78203.24000000098,0.6609357515931186
live:pressure-legs-20260920.csv:4,press,-0.075,98055.40000000058,0.8287165531346713
live:pressure-legs-20260920.csv:4,press,-0.050,109707.57692307713,0.9271950856398398
live:pressure-legs-20260920.csv:4,press,-0.025,113972.0,0.9632359155524755
live:pressure-legs-20260920.csv:4,press,0.000,118322.0,1.0
live:pressure-legs-20260920.csv:4,press,0.025,115492.0,0.9760822163249439
live:pressure-legs-20260920.csv:4,press,0.050,103198.99999999917,0.872187758827599
live:pressure-legs-20260920.csv:4,press,0.075,91611.9999999994,0.7742600699785281
live:pressure-legs-20260920.csv:4,press,0.100,83306.0,0.7040617974679265
live:pressure-legs-20260920.csv:4,press,0.125,76389.6538461537,0.645608203429233
live:pressure-legs-20260920.csv:4,press,0.150,68186.27999999981,0.5762772772603557
live:pressure-legs-20260920.csv:4,press,0.175,62118.07999999986,0.5249918020317428
live:pressure-legs-20260920.csv:4,press,0.200,59200.59999999993,0.5003346799411769
live:pressure-legs-20260920.csv:4,press,0.225,55514.919999999925,0.46918510505231426
live:pressure-legs-20260920.csv:4,press,0.250,49281.076923076645,0.41649969509538926
live:pressure-legs-20260920.csv:4,press,0.275,41679.87999999965,0.352258075421305
live:pressure-legs-20260920.csv:4,press,0.300,32986.3199999996,0.27878433427426513
live:pressure-legs-20260920.csv:4,press,0.325,20795.95999999943,0.1757573401396142
live:pressure-legs-20260920.csv:4,press,0.350,9836.159999999509,0.0831304406619184
live:pressure-legs-20260920.csv:4,press,0.375,4663.692307692333,0.039415259272935994
live:pressure-legs-20260920.csv:4,press,0.400,3684.8800000000015,0.031142813677929728
live:pressure-legs-20260920.csv:4,press,0.425,4564.320000000063,0.03857541285644312
live:pressure-legs-20260920.csv:4,press,0.450,7670.800000000231,0.06482987102990341
live:pressure-legs-20260920.csv:4,press,0.475,13264.600000000402,0.1121059481753216
live:pressure-legs-20260920.csv:4,press,0.500,16990.39999999999,0.14359459779246456
live:pressure-legs-20260920.csv:4,press,0.525,16726.76923076922,0.14136651874350686
live:pressure-legs-20260920.csv:4,press,0.550,15370.039999999972,0.12990010310846647
live:pressure-legs-20260920.csv:4,press,0.575,12931.679999999791,0.10929227024559922
live:pressure-legs-20260920.csv:4,press,0.600,2284.159999998892,0.019304609455544127
live:pressure-legs-20260920.csv:4,press,0.625,-27101.76000000065,-0.22905089501530274
live:pressure-legs-20260920.csv:4,press,0.650,-87610.50000000252,-0.7404413380436649
live:pressure-legs-20260920.csv:4,press,0.675,-177962.6000000041,-1.504053345954295
live:pressure-legs-20260920.csv:4,press,0.700,-251613.6000000029,-2.126515778976039
live:pressure-legs-20260920.csv:4,press,0.725,-261141.19999999978,-2.2070384205811244
live:pressure-legs-20260920.csv:4,press,0.750,-209869.99999999374,-1.77371917310385
live:pressure-legs-20260920.csv:4,press,0.775,-143568.30769230364,-1.2133695144800092
live:pressure-legs-20260920.csv:4,press,0.800,-90118.07999999679,-0.7616341846824495
live:pressure-legs-20260920.csv:4,release,-0.400,30785.559999999965,0.11608343828477902
live:pressure-legs-20260920.csv:4,release,-0.375,18497.75999999997,0.06974970022850495
live:pressure-legs-20260920.csv:4,release,-0.350,8408.307692307666,0.03170529517992951
live:pressure-legs-20260920.csv:4,release,-0.325,4064.079999999988,0.01532446964955011
live:pressure-legs-20260920.csv:4,release,-0.300,3713.1199999999576,0.014001101047503253
live:pressure-legs-20260920.csv:4,release,-0.275,4962.800000000087,0.01871328270525896
live:pressure-legs-20260920.csv:4,release,-0.250,8548.600000000151,0.03223429687558974
live:pressure-legs-20260920.csv:4,release,-0.225,14246.400000000087,0.05371905189251999
live:pressure-legs-20260920.csv:4,release,-0.200,17340.615384615365,0.06538644272899663
live:pressure-legs-20260920.csv:4,release,-0.175,16545.240000000034,0.06238731231287861
live:pressure-legs-20260920.csv:4,release,-0.150,15030.080000000053,0.056674082397568847
live:pressure-legs-20260920.csv:4,release,-0.125,12024.959999999412,0.0453426444747755
live:pressure-legs-20260920.csv:4,release,-0.100,-970.5600000015781,-0.0036597009072389278
live:pressure-legs-20260920.csv:4,release,-0.075,-34960.50000000324,-0.13182592891457545
live:pressure-legs-20260920.csv:4,release,-0.050,-100773.00000000685,-0.3799858221280641
live:pressure-legs-20260920.csv:4,release,-0.025,-197260.0,-0.7438103785039328
live:pressure-legs-20260920.csv:4,release,0.000,-265202.0,-1.0
live:pressure-legs-20260920.csv:4,release,0.025,-260126.0,-0.9808598728516377
live:pressure-legs-20260920.csv:4,release,0.050,-197305.99999999523,-0.7439838311928086
live:pressure-legs-20260920.csv:4,release,0.075,-130133.88461537837,-0.4906972217983966
live:pressure-legs-20260920.csv:4,release,0.100,-80294.67999999889,-0.3027680032578898
live:pressure-legs-20260920.csv:4,release,0.125,-50688.719999999346,-0.19113249523004858
live:pressure-legs-20260920.csv:4,release,0.150,-33734.439999999624,-0.12720281144184292
live:pressure-legs-20260920.csv:4,release,0.175,-23176.479999999767,-0.08739179945852507
live:pressure-legs-20260920.csv:4,release,0.200,-16113.11999999937,-0.060757912836250746
live:pressure-legs-20260920.csv:4,release,0.225,-10478.461538461264,-0.03951124628947468
live:pressure-legs-20260920.csv:4,release,0.250,-7249.91999999988,-0.027337350397055378
live:pressure-legs-20260920.csv:4,release,0.275,-6178.159999999959,-0.02329605357425645
live:pressure-legs-20260920.csv:4,release,0.300,-5809.759999999986,-0.02190692377885531
live:pressure-legs-20260920.csv:4,release,0.325,-5098.599999999966,-0.019225345208557877
live:pressure-legs-20260920.csv:4,release,0.350,-5168.153846153856,-0.019487612635477318
live:pressure-legs-20260920.csv:4,release,0.375,-4439.9615384615245,-0.01674181016154299
live:pressure-legs-20260920.csv:4,release,0.400,-3593.326923076891,-0.013549396019173652
live:pressure-legs-20260920.csv:4,release,0.425,-3715.3043478261106,-0.01400933759106685
live:pressure-legs-20260920.csv:4,release,0.450,-3614.679999999989,-0.013629912293270747
live:pressure-legs-20260920.csv:4,release,0.475,-3716.846153846166,-0.01401515129541318
live:pressure-legs-20260920.csv:4,release,0.500,-3803.6800000000017,-0.014342576601986417
live:pressure-legs-20260920.csv:4,release,0.525,-3376.6799999999894,-0.012732483163777005
live:pressure-legs-20260920.csv:4,release,0.550,-2055.6799999999707,-0.007751374424023841
live:pressure-legs-20260920.csv:4,release,0.575,-286.1599999998548,-0.0010790265533436958
live:pressure-legs-20260920.csv:4,release,0.600,-1255.6800000001367,-0.004734805921524486
live:pressure-legs-20260920.csv:4,release,0.625,-1689.8461538461627,-0.006371920852203839
live:pressure-legs-20260920.csv:4,release,0.650,-275.999999999922,-0.0010407161333621994
live:pressure-legs-20260920.csv:4,release,0.675,397.80000000001644,0.0014999886878681776
live:pressure-legs-20260920.csv:4,release,0.700,-2005.800000000132,-0.007563291377893576
live:pressure-legs-20260920.csv:4,release,0.725,-2325.199999999984,-0.008767656352516135
live:pressure-legs-20260920.csv:4,release,0.750,-523.8461538460242,-0.001975272259809595
live:pressure-legs-20260920.csv:4,release,0.775,-1022.1200000000646,-0.0038541187472193443
live:pressure-legs-20260920.csv:4,release,0.800,-2192.680000000073,-0.008267961780077349
live:pressure-legs-20260920.csv:5,press,-0.400,4956.5000000000055,0.039520948534659116
live:pressure-legs-20260920.csv:5,press,-0.375,6209.07692307691,0.049508445379736074
live:pressure-legs-20260920.csv:5,press,-0.350,4105.180000000032,0.03273289771118995
live:pressure-legs-20260920.csv:5,press,-0.325,5237.4199999999955,0.04176088091887298
live:pressure-legs-20260920.csv:5,press,-0.300,5067.740000000004,0.04040792731303003
live:pressure-legs-20260920.csv:5,press,-0.275,5266.2599999998565,0.041990838379931
live:pressure-legs-20260920.csv:5,press,-0.250,9060.940000000155,0.07224794581168968
live:pressure-legs-20260920.csv:5,press,-0.225,15447.500000000275,0.1231715630967733
live:pressure-legs-20260920.csv:5,press,-0.200,25712.460000000745,0.20501983422970027
live:pressure-legs-20260920.csv:5,press,-0.175,41340.02000000099,0.32962711648175447
live:pressure-legs-20260920.csv:5,press,-0.150,61839.45999999954,0.49308062464866137
live:pressure-legs-20260920.csv:5,press,-0.125,81845.65999999968,0.6526012542409345
live:pressure-legs-20260920.csv:5,press,-0.100,97628.38461538513,0.7784457508133839
live:pressure-legs-20260920.csv:5,press,-0.075,108700.5,0.8667299235734305
live:pressure-legs-20260920.csv:5,press,-0.050,115490.50000000044,0.9208703937742481
live:pressure-legs-20260920.csv:5,press,-0.025,121652.5,0.9700034684984591
live:pressure-legs-20260920.csv:5,press,0.000,125414.5,1.0
live:pressure-legs-20260920.csv:5,press,0.025,113969.5,0.9087426095068752
live:pressure-legs-20260920.csv:5,press,0.050,97906.5,0.780663320429456
live:pressure-legs-20260920.csv:5,press,0.075,94051.69230769222,0.7499267812548965
live:pressure-legs-20260920.csv:5,press,0.100,91885.33999999995,0.7326532418500249
live:pressure-legs-20260920.csv:5,press,0.125,84025.49999999981,0.6699823385653159
live:pressure-legs-20260920.csv:5,press,0.150,72966.77999999975,0.5818049747038799
live:pressure-legs-20260920.csv:5,press,0.175,62600.779999999766,0.49915105510128227
live:pressure-legs-20260920.csv:5,press,0.200,58388.115384615216,0.4655611223950597
live:pressure-legs-20260920.csv:5,press,0.225,53516.580000000125,0.4267176442915303
live:pressure-legs-20260920.csv:5,press,0.250,40376.66000000035,0.32194570803216815
live:pressure-legs-20260920.csv:5,press,0.275,24830.939999999377,0.19799098190400136
live:pressure-legs-20260920.csv:5,press,0.300,12830.819999999469,0.10230730896347287
live:pressure-legs-20260920.csv:5,press,0.325,6428.692307691917,0.051259561754756565
live:pressure-legs-20260920.csv:5,press,0.350,8691.66000000023,0.0693034696944949
live:pressure-legs-20260920.csv:5,press,0.375,14903.739999999982,0.11883586028728721
live:pressure-legs-20260920.csv:5,press,0.400,14179.260000000006,0.11305917577313633
live:pressure-legs-20260920.csv:5,press,0.425,12561.859999999904,0.10016274035298872
live:pressure-legs-20260920.csv:5,press,0.450,12886.06000000004,0.10274776839998596
live:pressure-legs-20260920.csv:5,press,0.475,9529.576923076582,0.07598465028427001
live:pressure-legs-20260920.csv:5,press,0.500,8099.259999999981,0.06457993294236297
live:pressure-legs-20260920.csv:5,press,0.525,12022.020000000097,0.09585829389743687
live:pressure-legs-20260920.csv:5,press,0.550,17880.50000000012,0.14257123378875744
live:pressure-legs-20260920.csv:5,press,0.575,19377.70000000001,0.15450924733583446
live:pressure-legs-20260920.csv:5,press,0.600,18783.076923076893,0.14976798474719344
live:pressure-legs-20260920.csv:5,press,0.625,18785.500000000007,0.14978730529563972
live:pressure-legs-20260920.csv:5,press,0.650,14619.499999999776,0.11656945568494692
live:pressure-legs-20260920.csv:5,press,0.675,1925.09999999938,0.01534989973248213
live:pressure-legs-20260920.csv:5,press,0.700,-19569.500000000993,-0.15603857608172095
live:pressure-legs-20260920.csv:5,press,0.725,-59015.50000000261,-0.47056361106572697
live:pressure-legs-20260920.csv:5,press,0.750,-128001.34000000503,-1.020626323112599
live:pressure-legs-20260920.csv:5,press,0.775,-208754.01999999952,-1.6645126360986928
live:pressure-legs-20260920.csv:5,press,0.800,-267295.0600000025,-2.1312931120404937
live:pressure-legs-20260920.csv:5,release,-0.400,13780.140000000096,0.04929004104480983
live:pressure-legs-20260920.csv:5,release,-0.375,12439.940000000002,0.04449629344803227
live:pressure-legs-20260920.csv:5,release,-0.350,12489.192307692287,0.044672463520883804
live:pressure-legs-20260920.csv:5,release,-0.325,8829.619999999975,0.03158257697019548
live:pressure-legs-20260920.csv:5,release,-0.300,8333.73999999978,0.029808868898048912
live:pressure-legs-20260920.csv:5,release,-0.275,13282.499999999725,0.04751003764676327
live:pressure-legs-20260920.csv:5,release,-0.250,18898.899999999972,0.06759928104516708
live:pressure-legs-20260920.csv:5,release,-0.225,19412.269230769267,0.06943554616698447
live:pressure-legs-20260920.csv:5,release,-0.200,18625.899999999994,0.06662279015282259
live:pressure-legs-20260920.csv:5,release,-0.175,18617.10000000012,0.06659131352332621
live:pressure-legs-20260920.csv:5,release,-0.150,12985.38000000033,0.046447272174481864
live:pressure-legs-20260920.csv:5,release,-0.125,-1914.6999999994719,-0.006848670738357571
live:pressure-legs-20260920.csv:5,release,-0.100,-25955.49999999905,-0.0928399610118987
live:pressure-legs-20260920.csv:5,release,-0.075,-69455.5,-0.24843466363823338
live:pressure-legs-20260920.csv:5,release,-0.050,-146489.5,-0.523976785985746
live:pressure-legs-20260920.csv:5,release,-0.025,-228416.49999999418,-0.8170206297114136
live:pressure-legs-20260920.csv:5,release,0.000,-279572.5,-1.0
live:pressure-legs-20260920.csv:5,release,0.025,-258564.5,-0.9248567008557709
live:pressure-legs-20260920.csv:5,release,0.050,-178146.5,-0.6372103837108443
live:pressure-legs-20260920.csv:5,release,0.075,-113162.84615384473,-0.40477102058981024
live:pressure-legs-20260920.csv:5,release,0.100,-72475.50000000192,-0.25923687057919476
live:pressure-legs-20260920.csv:5,release,0.125,-47337.780000001185,-0.1693220184388707
live:pressure-legs-20260920.csv:5,release,0.150,-32130.260000000715,-0.11492639655188087
live:pressure-legs-20260920.csv:5,release,0.175,-23263.259999999827,-0.08321011544411495
live:pressure-legs-20260920.csv:5,release,0.200,-14443.730769230384,-0.05166363204260213
live:pressure-legs-20260920.csv:5,release,0.225,-9645.339999999798,-0.03450031744896153
live:pressure-legs-20260920.csv:5,release,0.250,-8121.100000000032,-0.02904827906893572
live:pressure-legs-20260920.csv:5,release,0.275,-5871.300000000059,-0.021000992586896278
live:pressure-legs-20260920.csv:5,release,0.300,-2788.3400000000806,-0.009973584669450967
live:pressure-legs-20260920.csv:5,release,0.325,-2154.6999999999834,-0.007707124270090883
live:pressure-legs-20260920.csv:5,release,0.350,-2338.23076923077,-0.00836359359103907
live:pressure-legs-20260920.csv:5,release,0.375,-1629.8928571428976,-0.005829946998159324
live:pressure-legs-20260920.csv:5,release,0.400,-792.8392857143017,-0.0028358986871537856
live:pressure-legs-20260920.csv:5,release,0.425,-598.447368421052,-0.0021405802374019336
live:pressure-legs-20260920.csv:5,release,0.450,-1056.7399999999986,-0.003779842438008025
live:pressure-legs-20260920.csv:5,release,0.475,-1801.0384615384742,-0.006442115950383082
live:pressure-legs-20260920.csv:5,release,0.500,-1576.0600000000213,-0.005637392805086413
live:pressure-legs-20260920.csv:5,release,0.525,-1328.0599999999981,-0.0047503241556304645
live:pressure-legs-20260920.csv:5,release,0.550,-2190.6200000000213,-0.007835606148673497
live:pressure-legs-20260920.csv:5,release,0.575,-2026.339999999992,-0.007247994706203192
live:pressure-legs-20260920.csv:5,release,0.600,-1642.6538461538316,-0.005875591648512753
live:pressure-legs-20260920.csv:5,release,0.625,-1662.4999999999966,-0.005946579152098281
live:pressure-legs-20260920.csv:5,release,0.650,-1886.499999999993,-0.006747802448380985
live:pressure-legs-20260920.csv:5,release,0.675,-1607.7000000000116,-0.005750565595686313
live:pressure-legs-20260920.csv:5,release,0.700,-772.6999999999732,-0.0027638626832037242
live:pressure-legs-20260920.csv:5,release,0.725,-59.699999999971965,-0.0002135403160181061
live:pressure-legs-20260920.csv:5,release,0.750,-388.50000000003456,-0.0013896216544904616
live:pressure-legs-20260920.csv:5,release,0.775,-279.5000000000019,-0.0009997406754956295
live:pressure-legs-20260920.csv:5,release,0.800,417.13999999999544,0.001492063775943612
live:pressure-legs-20260920.csv:6,press,-0.400,2472.099999999993,0.023710573893527265
live:pressure-legs-20260920.csv:6,press,-0.375,1832.807692307688,0.017578949970101024
live:pressure-legs-20260920.csv:6,press,-0.350,1159.8599999999774,0.011124528229499647
live:pressure-legs-20260920.csv:6,press,-0.325,1889.8200000002369,0.018125770298722317
live:pressure-legs-20260920.csv:6,press,-0.300,4722.539999999783,0.04529514729789791
live:pressure-legs-20260920.csv:6,press,-0.275,10518.660000000875,0.10088728821281945
live:pressure-legs-20260920.csv:6,press,-0.250,20371.34615384561,0.19538704271323173
live:pressure-legs-20260920.csv:6,press,-0.225,32692.819999999156,0.31356560187604393
live:pressure-legs-20260920.csv:6,press,-0.200,41785.98000000023,0.40078053739875436
live:pressure-legs-20260920.csv:6,press,-0.175,46400.90000000029,0.4450434724227092
live:pressure-legs-20260920.csv:6,press,-0.150,53608.380000001256,0.5141723454966719
live:pressure-legs-20260920.csv:6,press,-0.125,78153.74000000111,0.7495934741011889
live:pressure-legs-20260920.csv:6,press,-0.100,101605.73076923094,0.9745278052706986
live:pressure-legs-20260920.csv:6,press,-0.075,99761.5,0.9568392935071911
live:pressure-legs-20260920.csv:6,press,-0.050,92000.5,0.8824014617092599
live:pressure-legs-20260920.csv:6,press,-0.025,99238.5,0.9518230602859157
live:pressure-legs-20260920.csv:6,press,0.000,104261.5,1.0
live:pressure-legs-20260920.csv:6,press,0.025,75141.49999999582,0.7207022726509384
live:pressure-legs-20260920.csv:6,press,0.050,45717.4615384588,0.4384884309017116
live:pressure-legs-20260920.csv:6,press,0.075,28973.140000000738,0.27788915371446543
live:pressure-legs-20260920.csv:6,press,0.100,23001.299999999494,0.22061163516733878
live:pressure-legs-20260920.csv:6,press,0.125,23622.37999999996,0.22656857996479968
live:pressure-legs-20260920.csv:6,press,0.150,23128.53999999995,0.2218320281215976
live:pressure-legs-20260920.csv:6,press,0.175,20233.21999999973,0.19406223773876002
live:pressure-legs-20260920.csv:6,press,0.200,16052.88461538443,0.15396752027723012
live:pressure-legs-20260920.csv:6,press,0.225,12052.899999999796,0.11560259539714848
live:pressure-legs-20260920.csv:6,press,0.250,5639.499999999736,0.054089956503596597
live:pressure-legs-20260920.csv:6,press,0.275,-853.0200000003315,-0.008181543522780043
live:pressure-legs-20260920.csv:6,press,0.300,-6242.900000000211,-0.059877327680881345
live:pressure-legs-20260920.csv:6,press,0.325,-10567.653846153822,-0.1013572013269886
live:pressure-legs-20260920.csv:6,press,0.350,-9364.01999999999,-0.08981282640284276
live:pressure-legs-20260920.csv:6,press,0.375,-3188.740000000076,-0.03058406027152953
live:pressure-legs-20260920.csv:6,press,0.400,-1454.4999999998627,-0.013950499465285485
live:pressure-legs-20260920.csv:6,press,0.425,-5116.020000000024,-0.049069119473631434
live:pressure-legs-20260920.csv:6,press,0.450,-11534.42307692271,-0.11062974421932076
live:pressure-legs-20260920.csv:6,press,0.475,-16084.26000000033,-0.1542684500031203
live:pressure-legs-20260920.csv:6,press,0.500,-17670.499999999956,-0.1694825031291508
live:pressure-legs-20260920.csv:6,press,0.525,-16484.01999999987,-0.15810265534257487
live:pressure-legs-20260920.csv:6,press,0.550,-15849.019999999964,-0.15201220009303495
live:pressure-legs-20260920.csv:6,press,0.575,-16191.61999999998,-0.15529816854735431
live:pressure-legs-20260920.csv:6,press,0.600,-17313.230769230817,-0.16605583814956448
live:pressure-legs-20260920.csv:6,press,0.625,-20158.30000000009,-0.19334365993199878
live:pressure-legs-20260920.csv:6,press,0.650,-24829.900000000285,-0.23815022803240204
live:pressure-legs-20260920.csv:6,press,0.675,-25877.9,-0.24820187701116905
live:pressure-legs-20260920.csv:6,press,0.700,-22877.299999999894,-0.219422317921763
live:pressure-legs-20260920.csv:6,press,0.725,-19919.884615384253,-0.1910569540567156
live:pressure-legs-20260920.csv:6,press,0.750,-21109.100000000028,-0.20246303765052323
live:pressure-legs-20260920.csv:6,press,0.775,-26343.94000000073,-0.2526717916009335
live:pressure-legs-20260920.csv:6,press,0.800,-36934.020000000135,-0.3542440881821203
live:pressure-legs-20260920.csv:6,release,-0.400,-16170.859999999995,-0.051058161214595464
live:pressure-legs-20260920.csv:6,release,-0.375,-15836.659999999998,-0.05000295218564353
live:pressure-legs-20260920.csv:6,release,-0.350,-16419.461538461368,-0.051843100137383566
live:pressure-legs-20260920.csv:6,release,-0.325,-17821.17999999987,-0.0562689109592389
live:pressure-legs-20260920.csv:6,release,-0.300,-21209.739999999743,-0.06696801062155266
live:pressure-legs-20260920.csv:6,release,-0.275,-25839.739999999998,-0.08158685503821264
live:pressure-legs-20260920.csv:6,release,-0.250,-25587.38000000015,-0.08079004908206018
live:pressure-legs-20260920.csv:6,release,-0.225,-21904.03846153858,-0.06916020094292677
live:pressure-legs-20260920.csv:6,release,-0.200,-19355.90000000011,-0.06111466320613711
live:pressure-legs-20260920.csv:6,release,-0.175,-21938.25999999944,-0.06926825263762613
live:pressure-legs-20260920.csv:6,release,-0.150,-28292.580000000547,-0.08933149571617513
live:pressure-legs-20260920.csv:6,release,-0.125,-41096.45999999708,-0.1297586943445819
live:pressure-legs-20260920.csv:6,release,-0.100,-74385.77999999427,-0.2348669858815882
live:pressure-legs-20260920.csv:6,release,-0.075,-138406.0000000038,-0.43700556810630337
live:pressure-legs-20260920.csv:6,release,-0.050,-225543.4999999876,-0.7121350617037983
live:pressure-legs-20260920.csv:6,release,-0.025,-302211.5,-0.9542079696382705
live:pressure-legs-20260920.csv:6,release,0.000,-316714.5,-1.0
live:pressure-legs-20260920.csv:6,release,0.025,-268726.5000000068,-0.8484818345860603
live:pressure-legs-20260920.csv:6,release,0.050,-191493.5,-0.6046249855942812
live:pressure-legs-20260920.csv:6,release,0.075,-128439.65384615694,-0.4055376493534617
live:pressure-legs-20260920.csv:6,release,0.100,-84997.50000000194,-0.2683726195043231
live:pressure-legs-20260920.csv:6,release,0.125,-55628.18000000148,-0.17564140574555784
live:pressure-legs-20260920.csv:6,release,0.150,-38933.09999999853,-0.12292806297153597
live:pressure-legs-20260920.csv:6,release,0.175,-29388.220000000423,-0.092790888955196
live:pressure-legs-20260920.csv:6,release,0.200,-21647.580000000395,-0.06835045443135819
live:pressure-legs-20260920.csv:6,release,0.225,-16056.807692307451,-0.050698050428090446
live:pressure-legs-20260920.csv:6,release,0.250,-11805.860000000377,-0.0372760325150897
live:pressure-legs-20260920.csv:6,release,0.275,-9367.69999999991,-0.029577742730439907
live:pressure-legs-20260920.csv:6,release,0.300,-8343.619999999964,-0.026344294309227915
live:pressure-legs-20260920.csv:6,release,0.325,-6967.780000000129,-0.022000192602486243
live:pressure-legs-20260920.csv:6,release,0.350,-5504.576923076931,-0.0173802491615538
live:pressure-legs-20260920.csv:6,release,0.375,-3755.0600000000204,-0.011856293286224725
live:pressure-legs-20260920.csv:6,release,0.400,-3163.6999999999634,-0.009989122695676906
live:pressure-legs-20260920.csv:6,release,0.425,-2735.5181818181672,-0.008637173801067419
live:pressure-legs-20260920.csv:6,release,0.450,-1921.9000000001272,-0.006068241270924215
live:pressure-legs-20260920.csv:6,release,0.475,-1329.060000000006,-0.004196397702031344
live:pressure-legs-20260920.csv:6,release,0.500,-1763.7307692307381,-0.005568834926189796
live:pressure-legs-20260920.csv:6,release,0.525,-1701.6199999999856,-0.005372725277813253
live:pressure-legs-20260920.csv:6,release,0.550,-829.14000000004,-0.00261794139516833
live:pressure-legs-20260920.csv:6,release,0.575,-445.0600000000166,-0.0014052403663236657
live:pressure-legs-20260920.csv:6,release,0.600,-475.5799999999965,-0.001501604757597131
live:pressure-legs-20260920.csv:6,release,0.625,-398.23076923078054,-0.0012573809195056765
live:pressure-legs-20260920.csv:6,release,0.650,-313.29999999999774,-0.0009892189969199318
live:pressure-legs-20260920.csv:6,release,0.675,275.3000000000204,0.0008692371204981787
live:pressure-legs-20260920.csv:6,release,0.700,405.70000000000135,0.0012809644016930116
live:pressure-legs-20260920.csv:6,release,0.725,465.70000000000226,0.0014704094697274746
live:pressure-legs-20260920.csv:6,release,0.750,815.0999999999644,0.0025736112492480276
live:pressure-legs-20260920.csv:6,release,0.775,808.5000000000013,0.002552772291764353
live:pressure-legs-20260920.csv:6,release,0.800,441.7800000000102,0.0013948840359377615
live:pressure-legs-20260920.csv:10,press,-0.400,152.6800000001349,0.0012413916465443399
live:pressure-legs-20260920.csv:10,press,-0.375,1014.4799999999992,0.008248408420128295
live:pressure-legs-20260920.csv:10,press,-0.350,963.5199999999994,0.007834069159531994
live:pressure-legs-20260920.csv:10,press,-0.325,1033.8076923076917,0.008405555628523157
live:pressure-legs-20260920.csv:10,press,-0.300,928.919999999998,0.007552747762031352
live:pressure-legs-20260920.csv:10,press,-0.275,1027.6800000000687,0.008355733346342974
live:pressure-legs-20260920.csv:10,press,-0.250,2185.000000000614,0.017765527558932067
live:pressure-legs-20260920.csv:10,press,-0.225,9071.959999999663,0.07376116951646594
live:pressure-legs-20260920.csv:10,press,-0.200,17235.538461538927,0.14013658285190728
live:pressure-legs-20260920.csv:10,press,-0.175,22254.720000000543,0.1809459228724097
live:pressure-legs-20260920.csv:10,press,-0.150,34438.64000000095,0.28000943158443264
live:pressure-legs-20260920.csv:10,press,-0.125,53122.000000000975,0.43191778260198693
live:pressure-legs-20260920.csv:10,press,-0.100,74523.35999999827,0.6059253116081523
live:pressure-legs-20260920.csv:10,press,-0.075,93463.64000000086,0.7599225959623132
live:pressure-legs-20260920.csv:10,press,-0.050,109945.11538461594,0.8939281360800054
live:pressure-legs-20260920.csv:10,press,-0.025,121398.00000000023,0.9870478327682533
live:pressure-legs-20260920.csv:10,press,0.000,122991.0,1.0
live:pressure-legs-20260920.csv:10,press,0.025,118449.99999999908,0.9630785992470919
live:pressure-legs-20260920.csv:10,press,0.050,111997.0,0.9106113455456091
live:pressure-legs-20260920.csv:10,press,0.075,103621.0,0.8425088014570172
live:pressure-legs-20260920.csv:10,press,0.100,93630.61538461446,0.7612802187527092
live:pressure-legs-20260920.csv:10,press,0.125,90596.75999999975,0.7366129228967953
live:pressure-legs-20260920.csv:10,press,0.150,94020.76000000036,0.7644523583026429
live:pressure-legs-20260920.csv:10,press,0.175,87442.23999999936,0.710964542120963
live:pressure-legs-20260920.csv:10,press,0.200,71524.56000000074,0.5815430397346207
live:pressure-legs-20260920.csv:10,press,0.225,55973.615384614706,0.4551033440220399
live:pressure-legs-20260920.csv:10,press,0.250,42355.23999999947,0.3443767430137121
live:pressure-legs-20260920.csv:10,press,0.275,33150.799999998395,0.269538421510504
live:pressure-legs-20260920.csv:10,press,0.300,29423.639999999832,0.23923409029928883
live:pressure-legs-20260920.csv:10,press,0.325,28185.79999999996,0.2291696140367991
live:pressure-legs-20260920.csv:10,press,0.350,22330.75999999968,0.1815641794928058
live:pressure-legs-20260920.csv:10,press,0.375,14705.19230769235,0.11956315752935052
live:pressure-legs-20260920.csv:10,press,0.400,11539.039999999668,0.09382019822588375
live:pressure-legs-20260920.csv:10,press,0.425,12350.720000000007,0.10041970550690707
live:pressure-legs-20260920.csv:10,press,0.450,10675.240000000023,0.0867969200998449
live:pressure-legs-20260920.csv:10,press,0.475,8895.679999999773,0.07232789391093472
live:pressure-legs-20260920.csv:10,press,0.500,10837.92307692329,0.08811964352613842
live:pressure-legs-20260920.csv:10,press,0.525,13560.000000000284,0.11025196965631863
live:pressure-legs-20260920.csv:10,press,0.550,12969.959999999903,0.10545454545454466
live:pressure-legs-20260920.csv:10,press,0.575,12370.64000000002,0.10058166857737574
live:pressure-legs-20260920.csv:10,press,0.600,9005.399999999689,0.07321999170670772
live:pressure-legs-20260920.csv:10,press,0.625,2133.9230769227925,0.017350237634646375
live:pressure-legs-20260920.csv:10,press,0.650,-3519.400000000888,-0.028615101918033743
live:pressure-legs-20260920.csv:10,press,0.675,-10652.200000000434,-0.08660958931954724
live:pressure-legs-20260920.csv:10,press,0.700,-21834.200000000343,-0.17752681090486574
live:pressure-legs-20260920.csv:10,press,0.725,-34693.800000000745,-0.28208405493085464
live:pressure-legs-20260920.csv:10,press,0.750,-53176.200000000565,-0.43235846525355975
live:pressure-legs-20260920.csv:10,press,0.775,-87758.61538462041,-0.7135368879399339
live:pressure-legs-20260920.csv:10,press,0.800,-144725.72000000073,-1.1767179712336735
live:pressure-legs-20260920.csv:10,release,-0.400,10217.31999999998,0.03915627143716675
live:pressure-legs-20260920.csv:10,release,-0.375,8980.307692307706,0.03441561638367769
live:pressure-legs-20260920.csv:10,release,-0.350,11450.999999999858,0.043884155945687495
live:pressure-legs-20260920.csv:10,release,-0.325,13905.52000000005,0.053290717682812516
live:pressure-legs-20260920.csv:10,release,-0.300,12734.680000000024,0.048803657587846966
live:pressure-legs-20260920.csv:10,release,-0.275,11980.800000000156,0.04591453109371287
live:pressure-legs-20260920.csv:10,release,-0.250,7784.230769231094,0.029831839751476772
live:pressure-legs-20260920.csv:10,release,-0.225,438.6800000004737,0.00168117208368485
live:pressure-legs-20260920.csv:10,release,-0.200,-4865.560000000346,-0.018646493214838623
live:pressure-legs-20260920.csv:10,release,-0.175,-12657.959999998902,-0.0485096402579891
live:pressure-legs-20260920.csv:10,release,-0.150,-24771.240000000595,-0.0949318801089941
live:pressure-legs-20260920.csv:10,release,-0.125,-38098.55999999819,-0.14600673725841176
live:pressure-legs-20260920.csv:10,release,-0.100,-58674.730769227215,-0.22486167453916928
live:pressure-legs-20260920.csv:10,release,-0.075,-96943.0,-0.37151879572463853
live:pressure-legs-20260920.csv:10,release,-0.050,-159814.99999999107,-0.6124658442458949
live:pressure-legs-20260920.csv:10,release,-0.025,-223701.0,-0.8572988882373906
live:pressure-legs-20260920.csv:10,release,0.000,-260937.0,-1.0
live:pressure-legs-20260920.csv:10,release,0.025,-248749.00000000175,-0.9532914075045001
live:pressure-legs-20260920.csv:10,release,0.050,-187421.1153846184,-0.7182619382633295
live:pressure-legs-20260920.csv:10,release,0.075,-120662.40000000343,-0.46241966451673555
live:pressure-legs-20260920.csv:10,release,0.100,-75148.76000000203,-0.28799579975243844
live:pressure-legs-20260920.csv:10,release,0.125,-50305.76000000123,-0.19278891073324683
live:pressure-legs-20260920.csv:10,release,0.150,-33269.799999998475,-0.12750127425393284
live:pressure-legs-20260920.csv:10,release,0.175,-21300.800000000534,-0.08163196480376694
live:pressure-legs-20260920.csv:10,release,0.200,-15442.000000000553,-0.059179035552645094
live:pressure-legs-20260920.csv:10,release,0.225,-11186.960000000377,-0.042872264186375936
live:pressure-legs-20260920.csv:10,release,0.250,-8529.320000000258,-0.03268727700556172
live:pressure-legs-20260920.csv:10,release,0.275,-6010.440000000258,-0.023034065694019085
live:pressure-legs-20260920.csv:10,release,0.300,-4423.480000000154,-0.016952291166067494
live:pressure-legs-20260920.csv:10,release,0.325,-3618.307692307684,-0.013866594972379097
live:pressure-legs-20260920.csv:10,release,0.350,-3655.7199999999984,-0.014009971755634495
live:pressure-legs-20260920.csv:10,release,0.375,-3009.586206896596,-0.01153376564801694
live:pressure-legs-20260920.csv:10,release,0.400,-2255.706896551809,-0.008644641796877442
live:pressure-legs-20260920.csv:10,release,0.425,-766.9411764705537,-0.0029391813980790527
live:pressure-legs-20260920.csv:10,release,0.450,422.76923076930086,0.00162019656380391
live:pressure-legs-20260920.csv:10,release,0.475,1332.3600000000702,0.005106060083468692
live:pressure-legs-20260920.csv:10,release,0.500,1769.5200000000282,0.006781407006288982
live:pressure-legs-20260920.csv:10,release,0.525,2555.1199999998616,0.00979209541000265
live:pressure-legs-20260920.csv:10,release,0.550,3353.4000000000624,0.012851377918808228
live:pressure-legs-20260920.csv:10,release,0.575,3747.8000000000256,0.014362853868941644
live:pressure-legs-20260920.csv:10,release,0.600,3065.615384615451,0.011748488656708137
live:pressure-legs-20260920.csv:10,release,0.625,2643.000000000035,0.010128881684084799
live:pressure-legs-20260920.csv:10,release,0.650,3320.999999999895,0.012727210016210407
live:pressure-legs-20260920.csv:10,release,0.675,3659.6000000000327,0.014024841245204906
live:pressure-legs-20260920.csv:10,release,0.700,3263.5999999999076,0.012507233546794467
live:pressure-legs-20260920.csv:10,release,0.725,2828.846153846145,0.010841107830036159
live:pressure-legs-20260920.csv:10,release,0.750,3376.2399999999807,0.01293890862545358
live:pressure-legs-20260920.csv:10,release,0.775,4009.399999999987,0.01536539471213353
live:pressure-legs-20260920.csv:10,release,0.800,3714.839999999974,0.014236539854447526
live:pressure-legs-20260920.csv:12,press,-0.400,-255.55999999999304,-0.0022392401514088832
live:pressure-legs-20260920.csv:12,press,-0.375,366.04000000000786,0.0032072760409365612
live:pressure-legs-20260920.csv:12,press,-0.350,1106.7600000000125,0.009697532594981184
live:pressure-legs-20260920.csv:12,press,-0.325,2347.800000000026,0.020571638861629278
live:pressure-legs-20260920.csv:12,press,-0.300,4688.440000000709,0.041080541146788774
live:pressure-legs-20260920.csv:12,press,-0.275,7428.88461538468,0.06509256812863347
live:pressure-legs-20260920.csv:12,press,-0.250,10227.120000000108,0.08961096312911913
live:pressure-legs-20260920.csv:12,press,-0.225,11537.20000000033,0.1010900042058069
live:pressure-legs-20260920.csv:12,press,-0.200,15930.71999999867,0.13958642927238424
live:pressure-legs-20260920.csv:12,press,-0.175,23386.840000000935,0.20491763633815482
live:pressure-legs-20260920.csv:12,press,-0.150,32493.230769231523,0.2847086671915001
live:pressure-legs-20260920.csv:12,press,-0.125,41125.239999999205,0.36034312351043746
live:pressure-legs-20260920.csv:12,press,-0.100,50237.83999999834,0.4401885602130795
live:pressure-legs-20260920.csv:12,press,-0.075,68873.9599999975,0.6034799523341994
live:pressure-legs-20260920.csv:12,press,-0.050,95831.52000000316,0.8396845646993127
live:pressure-legs-20260920.csv:12,press,-0.025,111639.53846153892,0.978195871841607
live:pressure-legs-20260920.csv:12,press,0.000,114128.0,1.0
live:pressure-legs-20260920.csv:12,press,0.025,111007.0,0.972653511846348
live:pressure-legs-20260920.csv:12,press,0.050,83689.0,0.7332906911537922
live:pressure-legs-20260920.csv:12,press,0.075,48999.99999999539,0.42934249263980256
live:pressure-legs-20260920.csv:12,press,0.100,32780.0,0.28722136548436844
live:pressure-legs-20260920.csv:12,press,0.125,24205.0,0.2120864292723959
live:pressure-legs-20260920.csv:12,press,0.150,16463.653846153167,0.14425604449524365
live:pressure-legs-20260920.csv:12,press,0.175,7203.920000001695,0.06312140754242337
live:pressure-legs-20260920.csv:12,press,0.200,-2829.4800000009145,-0.024792163185203584
live:pressure-legs-20260920.csv:12,press,0.225,-13205.440000000945,-0.11570727604094477
live:pressure-legs-20260920.csv:12,press,0.250,-21482.440000000744,-0.18823110893033038
live:pressure-legs-20260920.csv:12,press,0.275,-25713.692307691952,-0.2253057295991514
live:pressure-legs-20260920.csv:12,press,0.300,-25872.480000000018,-0.2266970419178468
live:pressure-legs-20260920.csv:12,press,0.325,-26365.840000000102,-0.23101990747231269
live:pressure-legs-20260920.csv:12,press,0.350,-30190.28000000075,-0.2645300014019412
live:pressure-legs-20260920.csv:12,press,0.375,-29636.720000000078,-0.25967965792794123
live:pressure-legs-20260920.csv:12,press,0.400,-24414.440000000573,-0.21392156175522722
live:pressure-legs-20260920.csv:12,press,0.425,-23414.115384615397,-0.20515662575893207
live:pressure-legs-20260920.csv:12,press,0.450,-27602.08000000132,-0.241851955698876
live:pressure-legs-20260920.csv:12,press,0.475,-30329.320000000054,-0.2657482826300299
live:pressure-legs-20260920.csv:12,press,0.500,-30416.960000000003,-0.2665161923454367
live:pressure-legs-20260920.csv:12,press,0.525,-32574.03999999997,-0.285416725080611
live:pressure-legs-20260920.csv:12,press,0.550,-35558.538461538796,-0.31156717423891417
live:pressure-legs-20260920.csv:12,press,0.575,-34972.6399999999,-0.306433478199915
live:pressure-legs-20260920.csv:12,press,0.600,-33360.99999999987,-0.2923121407542397
live:pressure-legs-20260920.csv:12,press,0.625,-36931.80000000037,-0.3235998177484961
live:pressure-legs-20260920.csv:12,press,0.650,-47956.360000000976,-0.4201980232721241
live:pressure-legs-20260920.csv:12,press,0.675,-76372.15384616039,-0.6691798142976342
live:pressure-legs-20260920.csv:12,press,0.700,-136178.20000001142,-1.1932058741063667
live:pressure-legs-20260920.csv:12,press,0.725,-205583.00000001193,-1.8013370951914687
live:pressure-legs-20260920.csv:12,press,0.750,-235770.80000000345,-2.0658453666059464
live:pressure-legs-20260920.csv:12,press,0.775,-210935.20000000205,-1.848233562316014
live:pressure-legs-20260920.csv:12,press,0.800,-158758.1999999904,-1.3910539043879715
live:pressure-legs-20260920.csv:12,release,-0.400,-30403.92000000002,-0.12678019815191655
live:pressure-legs-20260920.csv:12,release,-0.375,-28888.840000001524,-0.12046252126631052
live:pressure-legs-20260920.csv:12,release,-0.350,-23894.884615384773,-0.09963840867742257
live:pressure-legs-20260920.csv:12,release,-0.325,-23729.27999999912,-0.09894786002601627
live:pressure-legs-20260920.csv:12,release,-0.300,-28378.120000000195,-0.11833288854788752
live:pressure-legs-20260920.csv:12,release,-0.275,-30603.36000000004,-0.12761183574073473
live:pressure-legs-20260920.csv:12,release,-0.250,-30587.63999999955,-0.12754628548553704
live:pressure-legs-20260920.csv:12,release,-0.225,-33116.23076923017,-0.1380901639975238
live:pressure-legs-20260920.csv:12,release,-0.200,-35995.84000000048,-0.15009774160189676
live:pressure-legs-20260920.csv:12,release,-0.175,-34701.00000000015,-0.14469843546719216
live:pressure-legs-20260920.csv:12,release,-0.150,-33275.79999999958,-0.1387555459185358
live:pressure-legs-20260920.csv:12,release,-0.125,-38153.15999999888,-0.15909347166160256
live:pressure-legs-20260920.csv:12,release,-0.100,-51176.769230766135,-0.21340014523954254
live:pressure-legs-20260920.csv:12,release,-0.075,-82670.99999999105,-0.3447267905393762
live:pressure-legs-20260920.csv:12,release,-0.050,-149555.0,-0.6236239450245188
live:pressure-legs-20260920.csv:12,release,-0.025,-219590.0,-0.9156603395936885
live:pressure-legs-20260920.csv:12,release,0.000,-239816.0,-1.0
live:pressure-legs-20260920.csv:12,release,0.025,-203715.00000001024,-0.8494637555459612
live:pressure-legs-20260920.csv:12,release,0.050,-147519.00000001598,-0.6151341028122226
live:pressure-legs-20260920.csv:12,release,0.075,-101512.2692307652,-0.4232923125678237
live:pressure-legs-20260920.csv:12,release,0.100,-68680.32000000587,-0.286387563798937
live:pressure-legs-20260920.csv:12,release,0.125,-46646.280000004175,-0.19450862327786375
live:pressure-legs-20260920.csv:12,release,0.150,-30793.520000003016,-0.1284047769957093
live:pressure-legs-20260920.csv:12,release,0.175,-21452.200000001754,-0.089452747106122
live:pressure-legs-20260920.csv:12,release,0.200,-16066.53846153892,-0.06699527329927495
live:pressure-legs-20260920.csv:12,release,0.225,-12283.560000000374,-0.05122076925643149
live:pressure-legs-20260920.csv:12,release,0.250,-9603.600000000266,-0.040045701704641334
live:pressure-legs-20260920.csv:12,release,0.275,-8303.040000000121,-0.03462254395036245
live:pressure-legs-20260920.csv:12,release,0.300,-6884.120000000524,-0.028705841144879923
live:pressure-legs-20260920.csv:12,release,0.325,-5940.080000000092,-0.024769323147746988
live:pressure-legs-20260920.csv:12,release,0.350,-5557.500000000007,-0.023174016746172095
live:pressure-legs-20260920.csv:12,release,0.375,-4866.490196078501,-0.020292600143770646
live:pressure-legs-20260920.csv:12,release,0.400,-4127.274509804061,-0.01721017158906854
live:pressure-legs-20260920.csv:12,release,0.425,-3714.1250000000996,-0.015487394502452295
live:pressure-legs-20260920.csv:12,release,0.450,-3248.7200000000053,-0.01354671915134939
live:pressure-legs-20260920.csv:12,release,0.475,-3211.3076923076883,-0.013390714932730462
live:pressure-legs-20260920.csv:12,release,0.500,-3256.15999999999,-0.013577742936251084
live:pressure-legs-20260920.csv:12,release,0.525,-2486.1600000001895,-0.010366947993462444
live:pressure-legs-20260920.csv:12,release,0.550,-1732.3599999999426,-0.007223704840377383
live:pressure-legs-20260920.csv:12,release,0.575,-1108.799999999952,-0.004623544717616639
live:pressure-legs-20260920.csv:12,release,0.600,-687.7600000000614,-0.002867865363445564
live:pressure-legs-20260920.csv:12,release,0.625,-504.8461538461728,-0.002105139581371438
live:pressure-legs-20260920.csv:12,release,0.650,80.79999999992083,0.0003369249758144612
live:pressure-legs-20260920.csv:12,release,0.675,439.1999999999844,0.0018314040764585533
live:pressure-legs-20260920.csv:12,release,0.700,495.5999999999998,0.002066584381359041
live:pressure-legs-20260920.csv:12,release,0.725,-427.9999999998687,-0.0017847016045629512
live:pressure-legs-20260920.csv:12,release,0.750,-445.15384615385784,-0.0018562308025897264
live:pressure-legs-20260920.csv:12,release,0.775,66.63999999985941,0.00027787970777537534
live:pressure-legs-20260920.csv:12,release,0.800,-1013.3199999999633,-0.004225406144710792
live:pressure-legs-20260920.csv:13,press,-0.400,-1389.559999999998,-0.00942944002605791
live:pressure-legs-20260920.csv:13,press,-0.375,-1049.6153846153527,-0.007122603788003533
live:pressure-legs-20260920.csv:13,press,-0.350,385.8800000000904,0.002618549985071594
live:pressure-legs-20260920.csv:13,press,-0.325,1426.5200000000102,0.00968024755028372
live:pressure-legs-20260920.csv:13,press,-0.300,1412.8400000000483,0.009587416193914717
live:pressure-legs-20260920.csv:13,press,-0.275,2155.6800000003936,0.014628267419453826
live:pressure-legs-20260920.csv:13,press,-0.250,6236.307692308285,0.04231907176995932
live:pressure-legs-20260920.csv:13,press,-0.225,13001.159999999416,0.0882248038869698
live:pressure-legs-20260920.csv:13,press,-0.200,19679.63999999885,0.13354442061832503
live:pressure-legs-20260920.csv:13,press,-0.175,32783.440000004564,0.22246573111482157
live:pressure-legs-20260920.csv:13,press,-0.150,56630.60000000537,0.38429060014661226
live:pressure-legs-20260920.csv:13,press,-0.125,86140.07999999732,0.5845395076137817
live:pressure-legs-20260920.csv:13,press,-0.100,115091.49999999836,0.7810014657582472
live:pressure-legs-20260920.csv:13,press,-0.075,133829.0,0.9081526017209087
live:pressure-legs-20260920.csv:13,press,-0.050,141809.00000000114,0.962304226269653
live:pressure-legs-20260920.csv:13,press,-0.025,145829.0,0.989583616079911
live:pressure-legs-20260920.csv:13,press,0.000,147364.0,1.0
live:pressure-legs-20260920.csv:13,press,0.025,132740.0,0.9007627371678293
live:pressure-legs-20260920.csv:13,press,0.050,103149.61538462088,0.6999648176258847
live:pressure-legs-20260920.csv:13,press,0.075,72077.35999999716,0.489111044759895
live:pressure-legs-20260920.csv:13,press,0.100,50993.599999998114,0.34603838115142177
live:pressure-legs-20260920.csv:13,press,0.125,39799.95999999902,0.2700792595206361
live:pressure-legs-20260920.csv:13,press,0.150,32905.27999999939,0.22329252734724483
live:pressure-legs-20260920.csv:13,press,0.175,31651.040000000186,0.21478135772644735
live:pressure-legs-20260920.csv:13,press,0.200,30727.5384615383,0.2085145521398598
live:pressure-legs-20260920.csv:13,press,0.225,25552.59999999899,0.17339784479247977
live:pressure-legs-20260920.csv:13,press,0.250,21512.72000000031,0.1459835509351016
live:pressure-legs-20260920.csv:13,press,0.275,21192.64,0.14381151434543035
live:pressure-legs-20260920.csv:13,press,0.300,19641.800000000174,0.13328764148638864
live:pressure-legs-20260920.csv:13,press,0.325,13012.153846151994,0.08829940722396239
live:pressure-legs-20260920.csv:13,press,0.350,7046.039999999868,0.04781384870117442
live:pressure-legs-20260920.csv:13,press,0.375,5483.840000000011,0.03721288781520596
live:pressure-legs-20260920.csv:13,press,0.400,5209.360000000002,0.03535028908010099
live:pressure-legs-20260920.csv:13,press,0.425,4131.1200000000135,0.02803344100323019
live:pressure-legs-20260920.csv:13,press,0.450,2768.53846153831,0.018787074601247997
live:pressure-legs-20260920.csv:13,press,0.475,-2235.960000000453,-0.015173040905515953
live:pressure-legs-20260920.csv:13,press,0.500,-13743.600000001004,-0.09326294074537203
live:pressure-legs-20260920.csv:13,press,0.525,-41880.12000000248,-0.2841950544230781
live:pressure-legs-20260920.csv:13,press,0.550,-105563.44000000873,-0.7163448332021982
live:pressure-legs-20260920.csv:13,press,0.575,-196513.24000000756,-1.3335227056812218
live:pressure-legs-20260920.csv:13,press,0.600,-263990.538461548,-1.791418110675253
live:pressure-legs-20260920.csv:13,press,0.625,-266668.59999999794,-1.8095912163079038
live:pressure-legs-20260920.csv:13,press,0.650,-207410.80000000403,-1.4074726527510384
live:pressure-legs-20260920.csv:13,press,0.675,-137417.3999999881,-0.9325031893813149
live:pressure-legs-20260920.csv:13,press,0.700,-86535.59999999212,-0.5872234738470191
live:pressure-legs-20260920.csv:13,press,0.725,-56378.92307692251,-0.38258274121849645
live:pressure-legs-20260920.csv:13,press,0.750,-37762.64000000037,-0.2562541733394884
live:pressure-legs-20260920.csv:13,press,0.775,-25596.44000000025,-0.17369533943161322
live:pressure-legs-20260920.csv:13,press,0.800,-17272.839999998032,-0.11721207350504893
live:pressure-legs-20260920.csv:13,release,-0.400,29988.599999999937,0.10848179887787156
live:pressure-legs-20260920.csv:13,release,-0.375,24639.92000000009,0.08913329884712393
live:pressure-legs-20260920.csv:13,release,-0.350,21199.04,0.076686140522864
live:pressure-legs-20260920.csv:13,release,-0.325,20989.80000000046,0.07592922850972714
live:pressure-legs-20260920.csv:13,release,-0.300,18659.846153846,0.06750077287881233
live:pressure-legs-20260920.csv:13,release,-0.275,11699.639999999537,0.042322682400093826
live:pressure-legs-20260920.csv:13,release,-0.250,6269.440000000179,0.022679289101755463
live:pressure-legs-20260920.csv:13,release,-0.225,5351.760000000032,0.019359641729278548
live:pressure-legs-20260920.csv:13,release,-0.200,5091.920000000218,0.0184196875260011
live:pressure-legs-20260920.csv:13,release,-0.175,3876.230769230648,0.014022011254673356
live:pressure-legs-20260920.csv:13,release,-0.150,2319.2400000005177,0.008389698993269827
live:pressure-legs-20260920.csv:13,release,-0.125,-3651.5999999988526,-0.013209424140583827
live:pressure-legs-20260920.csv:13,release,-0.100,-17005.71999999717,-0.06151707971739578
live:pressure-legs-20260920.csv:13,release,-0.075,-49650.63999999285,-0.17960794243935496
live:pressure-legs-20260920.csv:13,release,-0.050,-120544.43999999136,-0.43606162661560544
live:pressure-legs-20260920.csv:13,release,-0.025,-214196.69230768687,-0.7748425233331291
live:pressure-legs-20260920.csv:13,release,0.000,-276439.0,-1.0
live:pressure-legs-20260920.csv:13,release,0.025,-264226.0,-0.9558202713799427
live:pressure-legs-20260920.csv:13,release,0.050,-193207.0000000202,-0.698913684393375
live:pressure-legs-20260920.csv:13,release,0.075,-123470.0,-0.4466446485481426
live:pressure-legs-20260920.csv:13,release,0.100,-77302.0,-0.27963492850140537
live:pressure-legs-20260920.csv:13,release,0.125,-51148.153846158704,-0.1850251008220935
live:pressure-legs-20260920.csv:13,release,0.150,-34515.44000000314,-0.12485734646704386
live:pressure-legs-20260920.csv:13,release,0.175,-23420.2400000021,-0.08472118622915761
live:pressure-legs-20260920.csv:13,release,0.200,-15769.639999999315,-0.057045641172191026
live:pressure-legs-20260920.csv:13,release,0.225,-10185.1599999995,-0.03684415006565463
live:pressure-legs-20260920.csv:13,release,0.250,-7740.680000000421,-0.028001403564621566
live:pressure-legs-20260920.csv:13,release,0.275,-6107.384615384791,-0.0220930643483184
live:pressure-legs-20260920.csv:13,release,0.300,-3509.720000000275,-0.012696182521280554
live:pressure-legs-20260920.csv:13,release,0.325,-914.960000000206,-0.0033098079503984822
live:pressure-legs-20260920.csv:13,release,0.350,373.9199999998798,0.001352631141046957
live:pressure-legs-20260920.csv:13,release,0.375,964.3818181817373,0.003488588144877305
live:pressure-legs-20260920.csv:13,release,0.400,1503.9272727271639,0.0054403585338073275
live:pressure-legs-20260920.csv:13,release,0.425,2000.4285714285716,0.007236419504587166
live:pressure-legs-20260920.csv:13,release,0.450,2470.719999999995,0.008937667984618649
live:pressure-legs-20260920.csv:13,release,0.475,2863.1599999999958,0.010357294014230972
live:pressure-legs-20260920.csv:13,release,0.500,3735.3199999999892,0.013512275764273454
live:pressure-legs-20260920.csv:13,release,0.525,4838.879999999987,0.01750433187791877
live:pressure-legs-20260920.csv:13,release,0.550,5662.769230769316,0.020484697277769474
live:pressure-legs-20260920.csv:13,release,0.575,5858.560000000007,0.021192957578344614
live:pressure-legs-20260920.csv:13,release,0.600,6640.600000000073,0.024021936123340314
live:pressure-legs-20260920.csv:13,release,0.625,7421.19999999988,0.02684570556252873
live:pressure-legs-20260920.csv:13,release,0.650,7297.5600000000595,0.026398445950101324
live:pressure-legs-20260920.csv:13,release,0.675,6892.38461538455,0.024932750499692697
live:pressure-legs-20260920.csv:13,release,0.700,6840.599999999998,0.024745423040887855
live:pressure-legs-20260920.csv:13,release,0.725,6454.600000000056,0.023349093290020786
live:pressure-legs-20260920.csv:13,release,0.750,5728.800000000089,0.02072355926623989
live:pressure-legs-20260920.csv:13,release,0.775,6208.799999999909,0.02245992786835399
live:pressure-legs-20260920.csv:13,release,0.800,6441.846153846156,0.023302957085816964
live:pressure-legs-20260920.csv:16,press,-0.400,-805.2799999998547,-0.005302359882004943
live:pressure-legs-20260920.csv:16,press,-0.375,-266.91999999999535,-0.001757532659081301
live:pressure-legs-20260920.csv:16,press,-0.350,83.88461538461372,0.0005523375960322754
live:pressure-legs-20260920.csv:16,press,-0.325,79.92000000006557,0.0005262326169410133
live:pressure-legs-20260920.csv:16,press,-0.300,963.2000000001601,0.006342182890856512
live:pressure-legs-20260920.csv:16,press,-0.275,2533.1600000001663,0.016679572271387527
live:pressure-legs-20260920.csv:16,press,-0.250,4360.880000000423,0.028714180362413237
live:pressure-legs-20260920.csv:16,press,-0.225,8740.720000000736,0.057553202697012855
live:pressure-legs-20260920.csv:16,press,-0.200,15998.230769231477,0.10534022577717735
live:pressure-legs-20260920.csv:16,press,-0.175,24382.880000002926,0.16054888327014147
live:pressure-legs-20260920.csv:16,press,-0.150,39832.88000000439,0.2622792878213521
live:pressure-legs-20260920.csv:16,press,-0.125,62614.60000000468,0.41228534555418167
live:pressure-legs-20260920.csv:16,press,-0.100,86808.80000000431,0.5715918668352581
live:pressure-legs-20260920.csv:16,press,-0.075,110419.23076922889,0.7270545641673837
live:pressure-legs-20260920.csv:16,press,-0.050,132000.00000000434,0.869152970922911
live:pressure-legs-20260920.csv:16,press,-0.025,147290.0000000013,0.9698298567214583
live:pressure-legs-20260920.csv:16,press,0.000,151872.0,1.0
live:pressure-legs-20260920.csv:16,press,0.025,139952.0,0.9215128529287822
live:pressure-legs-20260920.csv:16,press,0.050,120120.0,0.790929203539823
live:pressure-legs-20260920.csv:16,press,0.075,101668.0769230751,0.6694326598917187
live:pressure-legs-20260920.csv:16,press,0.100,90482.31999999902,0.5957801306363188
live:pressure-legs-20260920.csv:16,press,0.125,86304.91999999965,0.5682740729034954
live:pressure-legs-20260920.csv:16,press,0.150,79116.99999999933,0.5209452697007962
live:pressure-legs-20260920.csv:16,press,0.175,64490.23999999864,0.42463548251157973
live:pressure-legs-20260920.csv:16,press,0.200,46742.59999999817,0.30777628529286616
live:pressure-legs-20260920.csv:16,press,0.225,36170.46153845974,0.2381641220136677
live:pressure-legs-20260920.csv:16,press,0.250,27965.99999999854,0.18414190897597016
live:pressure-legs-20260920.csv:16,press,0.275,16749.51999999791,0.11028708386007893
live:pressure-legs-20260920.csv:16,press,0.300,5974.960000000852,0.039342077538985804
live:pressure-legs-20260920.csv:16,press,0.325,-212.48000000105458,-0.001399072903504626
live:pressure-legs-20260920.csv:16,press,0.350,-3303.3076923084413,-0.021750603747290095
live:pressure-legs-20260920.csv:16,press,0.375,-3553.5999999999976,-0.023398651495996615
live:pressure-legs-20260920.csv:16,press,0.400,-4829.319999999983,-0.03179861989043394
live:pressure-legs-20260920.csv:16,press,0.425,-6662.919999999978,-0.04387194479561722
live:pressure-legs-20260920.csv:16,press,0.450,-10989.800000001273,-0.07236225242310151
live:pressure-legs-20260920.csv:16,press,0.475,-13962.23076923107,-0.09193419964990959
live:pressure-legs-20260920.csv:16,press,0.500,-15795.400000000132,-0.1040046881584501
live:pressure-legs-20260920.csv:16,press,0.525,-16982.480000000087,-0.1118210071639281
live:pressure-legs-20260920.csv:16,press,0.550,-15309.1599999992,-0.10080304466918984
live:pressure-legs-20260920.csv:16,press,0.575,-12495.799999999634,-0.08227849768225633
live:pressure-legs-20260920.csv:16,press,0.600,-8456.999999999662,-0.0556850505688979
live:pressure-legs-20260920.csv:16,press,0.625,-6651.076923076718,-0.0437939641479451
live:pressure-legs-20260920.csv:16,press,0.650,-15719.800000001991,-0.10350690054784287
live:pressure-legs-20260920.csv:16,press,0.675,-47526.00000000838,-0.31293457648551665
live:pressure-legs-20260920.csv:16,press,0.700,-113779.60000001255,-0.7491808891699099
live:pressure-legs-20260920.csv:16,press,0.725,-194205.000000014,-1.278741308470383
live:pressure-legs-20260920.csv:16,press,0.750,-242504.84615384703,-1.5967712689228233
live:pressure-legs-20260920.csv:16,press,0.775,-236166.28000000046,-1.5550350294985282
live:pressure-legs-20260920.csv:16,press,0.800,-184541.79999998398,-1.215114043404867
live:pressure-legs-20260920.csv:16,release,-0.400,-3633.3999999999724,-0.014414421562520966
live:pressure-legs-20260920.csv:16,release,-0.375,-3716.6800000000167,-0.014744809911650539
live:pressure-legs-20260920.csv:16,release,-0.350,-5231.080000000022,-0.020752736375646244
live:pressure-legs-20260920.csv:16,release,-0.325,-7448.2000000000535,-0.029548493059385218
live:pressure-legs-20260920.csv:16,release,-0.300,-11878.076923077673,-0.04712269723159983
live:pressure-legs-20260920.csv:16,release,-0.275,-14533.80000000017,-0.05765847968992439
live:pressure-legs-20260920.csv:16,release,-0.250,-16148.760000000113,-0.06406534770517407
live:pressure-legs-20260920.csv:16,release,-0.225,-16981.919999999776,-0.06737065938817766
live:pressure-legs-20260920.csv:16,release,-0.200,-14722.599999999768,-0.05840748689832373
live:pressure-legs-20260920.csv:16,release,-0.175,-11686.999999999565,-0.0463646570157917
live:pressure-legs-20260920.csv:16,release,-0.150,-7669.769230769084,-0.030427502333780637
live:pressure-legs-20260920.csv:16,release,-0.125,-6849.840000002256,-0.02717467974785377
live:pressure-legs-20260920.csv:16,release,-0.100,-19527.6000000067,-0.07746987904012306
live:pressure-legs-20260920.csv:16,release,-0.075,-57838.279999993305,-0.22945597797408349
live:pressure-legs-20260920.csv:16,release,-0.050,-131786.20000001587,-0.5228221068208686
live:pressure-legs-20260920.csv:16,release,-0.025,-212224.6923076997,-0.8419376289149302
live:pressure-legs-20260920.csv:16,release,0.000,-252067.0,-1.0
live:pressure-legs-20260920.csv:16,release,0.025,-231145.0,-0.9169982583995525
live:pressure-legs-20260920.csv:16,release,0.050,-169825.0,-0.6737296036371282
live:pressure-legs-20260920.csv:16,release,0.075,-107439.99999998852,-0.42623588172981197
live:pressure-legs-20260920.csv:16,release,0.100,-67051.99999999341,-0.266008640559825
live:pressure-legs-20260920.csv:16,release,0.125,-43839.499999997715,-0.17392002919857702
live:pressure-legs-20260920.csv:16,release,0.150,-28711.639999998653,-0.11390479515366411
live:pressure-legs-20260920.csv:16,release,0.175,-20050.239999999234,-0.07954329602843384
live:pressure-legs-20260920.csv:16,release,0.200,-15393.999999998312,-0.061071064439209864
live:pressure-legs-20260920.csv:16,release,0.225,-11971.119999999655,-0.04749181765165474
live:pressure-legs-20260920.csv:16,release,0.250,-9564.639999999785,-0.03794483212796512
live:pressure-legs-20260920.csv:16,release,0.275,-7910.9230769227925,-0.03138420767860447
live:pressure-legs-20260920.csv:16,release,0.300,-6673.320000000096,-0.026474389745583898
live:pressure-legs-20260920.csv:16,release,0.325,-5955.079999999877,-0.023624988594301823
live:pressure-legs-20260920.csv:16,release,0.350,-5806.239999999982,-0.023034510665814967
live:pressure-legs-20260920.csv:16,release,0.375,-5837.185185185189,-0.023157276379633943
live:pressure-legs-20260920.csv:16,release,0.400,-5879.777777777777,-0.023326249678767064
live:pressure-legs-20260920.csv:16,release,0.425,-5039.3181818181965,-0.01999197904453259
live:pressure-legs-20260920.csv:16,release,0.450,-4290.759999999809,-0.017022299626685798
live:pressure-legs-20260920.csv:16,release,0.475,-3268.039999999709,-0.012964965663889796
live:pressure-legs-20260920.csv:16,release,0.500,-2784.479999999991,-0.011046586820170791
live:pressure-legs-20260920.csv:16,release,0.525,-3299.5384615385037,-0.013089926335214462
live:pressure-legs-20260920.csv:16,release,0.550,-3303.7199999999575,-0.01310651533124113
live:pressure-legs-20260920.csv:16,release,0.575,-3471.480000000081,-0.013772052668536861
live:pressure-legs-20260920.csv:16,release,0.600,-3272.6399999999653,-0.012983214780197191
live:pressure-legs-20260920.csv:16,release,0.625,-2199.839999999903,-0.00872720348161363
live:pressure-legs-20260920.csv:16,release,0.650,-965.7599999999018,-0.0038313622965318816
live:pressure-legs-20260920.csv:16,release,0.675,-912.5769230769588,-0.003620374436467125
live:pressure-legs-20260920.csv:16,release,0.700,-1226.2000000000594,-0.004864579655409314
live:pressure-legs-20260920.csv:16,release,0.725,-1023.1999999999418,-0.004059238218409954
live:pressure-legs-20260920.csv:16,release,0.750,-634.9999999999318,-0.0025191714901194196
live:pressure-legs-20260920.csv:16,release,0.775,-315.799999999949,-0.001252841506424677
live:pressure-legs-20260920.csv:16,release,0.800,-48.307692307612825,-0.000191646238133563
live:pressure-legs-20260920.csv:19,press,-0.400,3140.060000000056,0.02525046941655688
live:pressure-legs-20260920.csv:19,press,-0.375,3458.3000000000125,0.0278095636335858
live:pressure-legs-20260920.csv:19,press,-0.350,4644.780000000022,0.037350520479428266
live:pressure-legs-20260920.csv:19,press,-0.325,6674.260000000035,0.053670375090968586
live:pressure-legs-20260920.csv:19,press,-0.300,9292.615384615288,0.07472561051987864
live:pressure-legs-20260920.csv:19,press,-0.275,8652.619999999592,0.0695791534821227
live:pressure-legs-20260920.csv:19,press,-0.250,5271.980000000366,0.04239408474828711
live:pressure-legs-20260920.csv:19,press,-0.225,9411.540000001081,0.07568193057862742
live:pressure-legs-20260920.csv:19,press,-0.200,19927.500000001022,0.16024494095604994
live:pressure-legs-20260920.csv:19,press,-0.175,30412.80769231377,0.24456146395495024
live:pressure-legs-20260920.csv:19,press,-0.150,47150.82000000502,0.3791584677922346
live:pressure-legs-20260920.csv:19,press,-0.125,73087.78000000492,0.587727863038964
live:pressure-legs-20260920.csv:19,press,-0.100,98076.82000000261,0.7886746571349517
live:pressure-legs-20260920.csv:19,press,-0.075,111960.09999999977,0.9003156248366573
live:pressure-legs-20260920.csv:19,press,-0.050,114522.03846153931,0.9209171893832595
live:pressure-legs-20260920.csv:19,press,-0.025,118810.50000000157,0.9554024116150066
live:pressure-legs-20260920.csv:19,press,0.000,124356.5,1.0
live:pressure-legs-20260920.csv:19,press,0.025,104960.5,0.844029061609164
live:pressure-legs-20260920.csv:19,press,0.050,74868.5,0.6020473397048003
live:pressure-legs-20260920.csv:19,press,0.075,64303.49999999689,0.5170899792129635
live:pressure-legs-20260920.csv:19,press,0.100,53364.499999994005,0.42912513620111536
live:pressure-legs-20260920.csv:19,press,0.125,32278.923076921,0.25956763882001344
live:pressure-legs-20260920.csv:19,press,0.150,18458.21999999877,0.14842987700682128
live:pressure-legs-20260920.csv:19,press,0.175,14591.099999999686,0.11733282940577844
live:pressure-legs-20260920.csv:19,press,0.200,10722.899999998543,0.08622709709583772
live:pressure-legs-20260920.csv:19,press,0.225,7339.979999999656,0.05902369397658872
live:pressure-legs-20260920.csv:19,press,0.250,3908.26923076863,0.031427944906527845
live:pressure-legs-20260920.csv:19,press,0.275,-6602.420000002025,-0.05309268112243449
live:pressure-legs-20260920.csv:19,press,0.300,-14813.859999999368,-0.11912413102651946
live:pressure-legs-20260920.csv:19,press,0.325,-14260.939999999764,-0.11467788173517077
live:pressure-legs-20260920.csv:19,press,0.350,-14818.06000000013,-0.1191579048943974
live:pressure-legs-20260920.csv:19,press,0.375,-24032.26000000181,-0.1932529461668816
live:pressure-legs-20260920.csv:19,press,0.400,-31324.230769230846,-0.2518905788537861
live:pressure-legs-20260920.csv:19,press,0.425,-30994.059999999634,-0.249235544583513
live:pressure-legs-20260920.csv:19,press,0.450,-29515.25999999959,-0.2373439265337927
live:pressure-legs-20260920.csv:19,press,0.475,-31278.5400000006,-0.2515231612340376
live:pressure-legs-20260920.csv:19,press,0.500,-29639.17999999995,-0.23834041646395604
live:pressure-legs-20260920.csv:19,press,0.525,-26531.34615384594,-0.2133490903478784
live:pressure-legs-20260920.csv:19,press,0.550,-28216.820000000953,-0.2269026548672643
live:pressure-legs-20260920.csv:19,press,0.575,-28219.01999999982,-0.22692034594090232
live:pressure-legs-20260920.csv:19,press,0.600,-25637.13999999963,-0.20615842356450712
live:pressure-legs-20260920.csv:19,press,0.625,-25563.700000000037,-0.20556786336058055
live:pressure-legs-20260920.csv:19,press,0.650,-26200.780000000053,-0.21069087663290664
live:pressure-legs-20260920.csv:19,press,0.675,-29111.807692308386,-0.23409960631176002
live:pressure-legs-20260920.csv:19,press,0.700,-35522.70000000123,-0.2856521372023274
live:pressure-legs-20260920.csv:19,press,0.725,-45569.70000000183,-0.36644405398995494
live:pressure-legs-20260920.csv:19,press,0.750,-68800.90000000449,-0.5532553585860368
live:pressure-legs-20260920.csv:19,press,0.775,-129828.90000001188,-1.0440057415576338
live:pressure-legs-20260920.csv:19,press,0.800,-239000.80769234413,-1.9219004048227806
live:pressure-legs-20260920.csv:19,release,-0.400,-30653.739999999983,-0.08391720996316575
live:pressure-legs-20260920.csv:19,release,-0.375,-29600.460000000025,-0.08103376673861959
live:pressure-legs-20260920.csv:19,release,-0.350,-31283.82000000005,-0.08564210733795907
live:pressure-legs-20260920.csv:19,release,-0.325,-28991.115384616234,-0.07936563423573133
live:pressure-legs-20260920.csv:19,release,-0.300,-26223.34000000027,-0.0717886146589456
live:pressure-legs-20260920.csv:19,release,-0.275,-28596.73999999995,-0.07828599821235704
live:pressure-legs-20260920.csv:19,release,-0.250,-27901.179999999764,-0.07638184379067815
live:pressure-legs-20260920.csv:19,release,-0.225,-25198.899999999914,-0.06898412337746752
live:pressure-legs-20260920.csv:19,release,-0.200,-25693.859999999877,-0.07033911830609174
live:pressure-legs-20260920.csv:19,release,-0.175,-26574.576923077217,-0.07275015548954782
live:pressure-legs-20260920.csv:19,release,-0.150,-30066.65999999935,-0.08231002873094977
live:pressure-legs-20260920.csv:19,release,-0.125,-37389.05999999902,-0.10235571901977775
live:pressure-legs-20260920.csv:19,release,-0.100,-48776.419999997604,-0.1335295816559858
live:pressure-legs-20260920.csv:19,release,-0.075,-76858.41999999367,-0.2104064355141216
live:pressure-legs-20260920.csv:19,release,-0.050,-148530.1153846375,-0.40661377302038404
live:pressure-legs-20260920.csv:19,release,-0.025,-267570.5,-0.7324969099512573
live:pressure-legs-20260920.csv:19,release,0.000,-365285.5,-1.0
live:pressure-legs-20260920.csv:19,release,0.025,-335314.5,-0.9179518486225158
live:pressure-legs-20260920.csv:19,release,0.050,-230974.5,-0.6323122598624911
live:pressure-legs-20260920.csv:19,release,0.075,-148961.5,-0.4077947249480201
live:pressure-legs-20260920.csv:19,release,0.100,-100802.84615384194,-0.2759563304698433
live:pressure-legs-20260920.csv:19,release,0.125,-67858.89999999705,-0.18576948715456007
live:pressure-legs-20260920.csv:19,release,0.150,-46156.900000003865,-0.1263584237534856
live:pressure-legs-20260920.csv:19,release,0.175,-33287.30000000242,-0.09112680355503412
live:pressure-legs-20260920.csv:19,release,0.200,-24818.499999999243,-0.0679427461533492
live:pressure-legs-20260920.csv:19,release,0.225,-18098.659999999396,-0.049546614908063405
live:pressure-legs-20260920.csv:19,release,0.250,-13911.269230769587,-0.03808327795866408
live:pressure-legs-20260920.csv:19,release,0.275,-12129.060000000161,-0.03320432921646263
live:pressure-legs-20260920.csv:19,release,0.300,-10971.180000000115,-0.030034534631131305
live:pressure-legs-20260920.csv:19,release,0.325,-8728.699999999575,-0.02389555566809954
live:pressure-legs-20260920.csv:19,release,0.350,-6043.700000000216,-0.016545140718698705
live:pressure-legs-20260920.csv:19,release,0.375,-4613.692307692337,-0.012630373523428487
live:pressure-legs-20260920.csv:19,release,0.400,-4861.421568627407,-0.013308553360665581
live:pressure-legs-20260920.csv:19,release,0.425,-5322.696078431285,-0.014571331406341847
live:pressure-legs-20260920.csv:19,release,0.450,-4848.75,-0.013273863868125069
live:pressure-legs-20260920.csv:19,release,0.475,-4827.699999999999,-0.013216237709955635
live:pressure-legs-20260920.csv:19,release,0.500,-5009.807692307705,-0.013714772944197635
live:pressure-legs-20260920.csv:19,release,0.525,-4338.420000000133,-0.011876792262490936
live:pressure-legs-20260920.csv:19,release,0.550,-2685.779999999856,-0.007352550265476883
live:pressure-legs-20260920.csv:19,release,0.575,-1077.699999999875,-0.0029502950431919005
live:pressure-legs-20260920.csv:19,release,0.600,-1424.5800000000568,-0.003899908427791568
live:pressure-legs-20260920.csv:19,release,0.625,-1462.0599999999927,-0.004002513102764804
live:pressure-legs-20260920.csv:19,release,0.650,-1356.2307692307775,-0.003712796618619621
live:pressure-legs-20260920.csv:19,release,0.675,-823.299999999891,-0.0022538534926787156
live:pressure-legs-20260920.csv:19,release,0.700,-644.299999999989,-0.001763825829385478
live:pressure-legs-20260920.csv:19,release,0.725,-923.4999999999793,-0.0025281594807348754
live:pressure-legs-20260920.csv:19,release,0.750,-451.70000000007735,-0.0012365670140207518
live:pressure-legs-20260920.csv:19,release,0.775,111.42307692305354,0.0003050301118523827
live:pressure-legs-20260920.csv:19,release,0.800,233.4199999999979,0.0006390070232735707
live:pressure-legs-20260920.csv:20,press,-0.400,2444.819999997654,0.019081745347244293
live:pressure-legs-20260920.csv:20,press,-0.375,6603.45999999996,0.0515398033928199
live:pressure-legs-20260920.csv:20,press,-0.350,8322.219999999967,0.06495467264006967
live:pressure-legs-20260920.csv:20,press,-0.325,10315.923076919731,0.08051546419602751
live:pressure-legs-20260920.csv:20,press,-0.300,16696.819999998508,0.13031816957855905
live:pressure-legs-20260920.csv:20,press,-0.275,25843.979999998675,0.20171147369529147
live:pressure-legs-20260920.csv:20,press,-0.250,31885.059999999798,0.24886191838343316
live:pressure-legs-20260920.csv:20,press,-0.225,32898.17999999978,0.25676928900630863
live:pressure-legs-20260920.csv:20,press,-0.200,34704.8076923065,0.2708699629053726
live:pressure-legs-20260920.csv:20,press,-0.175,42069.86000000373,0.32835397097334784
live:pressure-legs-20260920.csv:20,press,-0.150,62812.819999990046,0.4902521395371657
live:pressure-legs-20260920.csv:20,press,-0.125,88098.09999999493,0.6876029768152987
live:pressure-legs-20260920.csv:20,press,-0.100,101669.50000000086,0.7935273388566567
live:pressure-legs-20260920.csv:20,press,-0.075,106500.97999999732,0.8312368925294525
live:pressure-legs-20260920.csv:20,press,-0.050,114103.15384615608,0.8905716269548997
live:pressure-legs-20260920.csv:20,press,-0.025,126869.49999999274,0.9902125683422068
live:pressure-legs-20260920.csv:20,press,0.000,128123.5,1.0
live:pressure-legs-20260920.csv:20,press,0.025,111567.5,0.8707809262157216
live:pressure-legs-20260920.csv:20,press,0.050,83571.50000001592,0.6522730022206381
live:pressure-legs-20260920.csv:20,press,0.075,60032.5,0.46855182694821795
live:pressure-legs-20260920.csv:20,press,0.100,47070.961538464086,0.3673874155675117
live:pressure-legs-20260920.csv:20,press,0.125,30620.34000000302,0.2389908174534962
live:pressure-legs-20260920.csv:20,press,0.150,23074.260000001304,0.1800938937821813
live:pressure-legs-20260920.csv:20,press,0.175,28076.13999999887,0.2191334142448409
live:pressure-legs-20260920.csv:20,press,0.200,19077.62000000175,0.14890024078332037
live:pressure-legs-20260920.csv:20,press,0.225,119.42000000396001,0.0009320694486488428
live:pressure-legs-20260920.csv:20,press,0.250,-3097.884615383725,-0.024178894702249976
live:pressure-legs-20260920.csv:20,press,0.275,-5703.6200000004155,-0.044516579706302246
live:pressure-legs-20260920.csv:20,press,0.300,-11421.459999997822,-0.08914414607779074
live:pressure-legs-20260920.csv:20,press,0.325,-15161.900000000565,-0.11833816591023946
live:pressure-legs-20260920.csv:20,press,0.350,-16039.819999999765,-0.12519030466697964
live:pressure-legs-20260920.csv:20,press,0.375,-20974.576923076806,-0.16370593156662755
live:pressure-legs-20260920.csv:20,press,0.400,-26466.460000000126,-0.2065699110623744
live:pressure-legs-20260920.csv:20,press,0.425,-26410.420000000446,-0.20613252057585413
live:pressure-legs-20260920.csv:20,press,0.450,-24760.18000000008,-0.19325244783353623
live:pressure-legs-20260920.csv:20,press,0.475,-27132.1799999984,-0.2117658353073277
live:pressure-legs-20260920.csv:20,press,0.500,-38510.01999999943,-0.30056952861886715
live:pressure-legs-20260920.csv:20,press,0.525,-70941.26923076462,-0.5536944372481599
live:pressure-legs-20260920.csv:20,press,0.550,-150325.73999997805,-1.1732878043448551
live:pressure-legs-20260920.csv:20,press,0.575,-288396.4599999765,-2.2509255522989653
live:pressure-legs-20260920.csv:20,press,0.600,-407948.33999997145,-3.1840243202845024
live:pressure-legs-20260920.csv:20,press,0.625,-412583.94000000256,-3.220205036546789
live:pressure-legs-20260920.csv:20,press,0.650,-326256.269230754,-2.546420205744879
live:pressure-legs-20260920.csv:20,press,0.675,-227462.9000000336,-1.7753409796019748
live:pressure-legs-20260920.csv:20,press,0.700,-154222.8999999924,-1.2037050189855287
live:pressure-legs-20260920.csv:20,press,0.725,-104927.10000001531,-0.8189528072524971
live:pressure-legs-20260920.csv:20,press,0.750,-71570.1000000104,-0.5586024421750139
live:pressure-legs-20260920.csv:20,press,0.775,-49917.09999999779,-0.3896014392363445
live:pressure-legs-20260920.csv:20,press,0.800,-38247.50000000468,-0.2985205680457112
live:pressure-legs-20260920.csv:20,release,-0.400,16371.740000010119,0.038411432580108464
live:pressure-legs-20260920.csv:20,release,-0.375,-959.9230769229656,-0.0022521748177832027
live:pressure-legs-20260920.csv:20,release,-0.350,-3510.3799999995845,-0.008236065604539398
live:pressure-legs-20260920.csv:20,release,-0.325,-6391.539999998775,-0.014995853085430604
live:pressure-legs-20260920.csv:20,release,-0.300,-12184.099999999436,-0.02858637723900994
live:pressure-legs-20260920.csv:20,release,-0.275,-15497.179999999868,-0.03635953690636623
live:pressure-legs-20260920.csv:20,release,-0.250,-16516.115384614455,-0.03875016660300116
live:pressure-legs-20260920.csv:20,release,-0.225,-21832.180000001004,-0.05122273564974234
live:pressure-legs-20260920.csv:20,release,-0.200,-27095.860000000317,-0.06357239973206431
live:pressure-legs-20260920.csv:20,release,-0.175,-26241.940000000643,-0.06156892969718876
live:pressure-legs-20260920.csv:20,release,-0.150,-24665.939999998864,-0.05787131308794125
live:pressure-legs-20260920.csv:20,release,-0.125,-27985.65999999544,-0.06566005154607871
live:pressure-legs-20260920.csv:20,release,-0.100,-41419.307692313836,-0.0971781218695812
live:pressure-legs-20260920.csv:20,release,-0.075,-76564.49999998002,-0.17963589268930052
live:pressure-legs-20260920.csv:20,release,-0.050,-164375.5,-0.3856583622796182
live:pressure-legs-20260920.csv:20,release,-0.025,-312019.49999991606,-0.7320612218321645
live:pressure-legs-20260920.csv:20,release,0.000,-426220.5,-1.0
live:pressure-legs-20260920.csv:20,release,0.025,-409986.5,-0.9619117334806749
live:pressure-legs-20260920.csv:20,release,0.050,-310307.65384617343,-0.7280448825107507
live:pressure-legs-20260920.csv:20,release,0.075,-211691.38000001793,-0.4966710423361099
live:pressure-legs-20260920.csv:20,release,0.100,-143517.7800000137,-0.3367219080265114
live:pressure-legs-20260920.csv:20,release,0.125,-97744.22000000816,-0.22932782444769353
live:pressure-legs-20260920.csv:20,release,0.150,-66694.42000000554,-0.15647867711666977
live:pressure-legs-20260920.csv:20,release,0.175,-46805.42000000398,-0.10981503705242704
live:pressure-legs-20260920.csv:20,release,0.200,-36691.500000003405,-0.0860857232348125
live:pressure-legs-20260920.csv:20,release,0.225,-29648.300000002786,-0.06956094322071038
live:pressure-legs-20260920.csv:20,release,0.250,-23750.020000002118,-0.05572237844027239
live:pressure-legs-20260920.csv:20,release,0.275,-19585.17999999936,-0.04595081653744801
live:pressure-legs-20260920.csv:20,release,0.300,-16532.02000000108,-0.03878748206621005
live:pressure-legs-20260920.csv:20,release,0.325,-13461.961538461606,-0.0315845003665042
live:pressure-legs-20260920.csv:20,release,0.350,-11592.98000000093,-0.027199489466135325
live:pressure-legs-20260920.csv:20,release,0.375,-11556.57999999999,-0.027114087661198816
live:pressure-legs-20260920.csv:20,release,0.400,-12091.660000000013,-0.028369494193733087
live:pressure-legs-20260920.csv:20,release,0.425,-11772.540000000241,-0.02762077375443049
live:pressure-legs-20260920.csv:20,release,0.450,-10302.857142857632,-0.024172598790667348
live:pressure-legs-20260920.csv:20,release,0.475,-8693.035714286678,-0.020395630229626868
live:pressure-legs-20260920.csv:20,release,0.500,-8326.299999999925,-0.019535193638034597
live:pressure-legs-20260920.csv:20,release,0.525,-8409.739999999994,-0.019730960852422617
live:pressure-legs-20260920.csv:20,release,0.550,-8182.820000000069,-0.019198560369574125
live:pressure-legs-20260920.csv:20,release,0.575,-8122.540000000003,-0.01905713122667728
live:pressure-legs-20260920.csv:20,release,0.600,-7548.461538461821,-0.01771022636982928
live:pressure-legs-20260920.csv:20,release,0.625,-6771.700000000274,-0.015887785782242463
live:pressure-legs-20260920.csv:20,release,0.650,-6122.699999999931,-0.014365099754704269
live:pressure-legs-20260920.csv:20,release,0.675,-6050.899999999979,-0.014196642348268042
live:pressure-legs-20260920.csv:20,release,0.700,-6081.100000000002,-0.01426749769192238
live:pressure-legs-20260920.csv:20,release,0.725,-6573.499999999792,-0.015422768261967201
live:pressure-legs-20260920.csv:20,release,0.750,-7180.115384615358,-0.016846011359414572
live:pressure-legs-20260920.csv:20,release,0.775,-6919.659999999975,-0.016234930042079102
live:pressure-legs-20260920.csv:20,release,0.800,-6107.500000000471,-0.014329437462535169
live:pressure-legs-20260920.csv:21,press,-0.400,1271.4230769231053,0.009691093996898551
live:pressure-legs-20260920.csv:21,press,-0.375,2446.519999999925,0.01864796676702561
live:pressure-legs-20260920.csv:21,press,-0.350,2188.1199999996475,0.01667837951141162
live:pressure-legs-20260920.csv:21,press,-0.325,1369.839999999881,0.010441251572086445
live:pressure-legs-20260920.csv:21,press,-0.300,1098.5200000001341,0.008373184953695904
live:pressure-legs-20260920.csv:21,press,-0.275,1571.9199999997336,0.011981554175080861
live:pressure-legs-20260920.csv:21,press,-0.250,3370.0769230780515,0.025687540859621567
live:pressure-legs-20260920.csv:21,press,-0.225,6664.640000001011,0.05079949693205542
live:pressure-legs-20260920.csv:21,press,-0.200,11714.040000001392,0.08928724417852352
live:pressure-legs-20260920.csv:21,press,-0.175,19546.360000002493,0.14898708030033533
live:pressure-legs-20260920.csv:21,press,-0.150,31936.04000000315,0.243424215861909
live:pressure-legs-20260920.csv:21,press,-0.125,49411.807692311835,0.376628741128182
live:pressure-legs-20260920.csv:21,press,-0.100,70482.0000000128,0.537230839590021
live:pressure-legs-20260920.csv:21,press,-0.075,93004.0,0.7088989671862495
live:pressure-legs-20260920.csv:21,press,-0.050,111560.00000000779,0.8503372841953412
live:pressure-legs-20260920.csv:21,press,-0.025,125247.0,0.9546629063607607
live:pressure-legs-20260920.csv:21,press,0.000,131195.0,1.0
live:pressure-legs-20260920.csv:21,press,0.025,125561.99999999348,0.9570639124966156
live:pressure-legs-20260920.csv:21,press,0.050,114082.19230768803,0.8695620435816002
live:pressure-legs-20260920.csv:21,press,0.075,101202.519999995,0.7713900682190251
live:pressure-legs-20260920.csv:21,press,0.100,87366.92000000253,0.6659317809367928
live:pressure-legs-20260920.csv:21,press,0.125,74446.23999999532,0.5674472350317872
live:pressure-legs-20260920.csv:21,press,0.150,65926.51999999677,0.502507869964532
live:pressure-legs-20260920.csv:21,press,0.175,58557.30769230641,0.44633795260723663
live:pressure-legs-20260920.csv:21,press,0.200,48043.279999997794,0.36619749228246345
live:pressure-legs-20260920.csv:21,press,0.225,41102.47999999895,0.31329303708219786
live:pressure-legs-20260920.csv:21,press,0.250,37457.95999999931,0.2855136247570358
live:pressure-legs-20260920.csv:21,press,0.275,32441.639999998944,0.2472780212660463
live:pressure-legs-20260920.csv:21,press,0.300,26993.83999999913,0.20575357292579086
live:pressure-legs-20260920.csv:21,press,0.325,25139.73076922993,0.1916211042282856
live:pressure-legs-20260920.csv:21,press,0.350,24596.83999999999,0.18748305956781883
live:pressure-legs-20260920.csv:21,press,0.375,20085.519999999884,0.1530966881359799
live:pressure-legs-20260920.csv:21,press,0.400,16638.119999998315,0.1268197720949603
live:pressure-legs-20260920.csv:21,press,0.425,14903.719999999965,0.1135997560882653
live:pressure-legs-20260920.csv:21,press,0.450,11304.92307692172,0.08616885610672449
live:pressure-legs-20260920.csv:21,press,0.475,6965.320000000705,0.053091352566795265
live:pressure-legs-20260920.csv:21,press,0.500,5072.599999999551,0.03866458325393156
live:pressure-legs-20260920.csv:21,press,0.525,3801.1999999994905,0.028973665154918178
live:pressure-legs-20260920.csv:21,press,0.550,1035.7999999990275,0.007895117954182915
live:pressure-legs-20260920.csv:21,press,0.575,-3010.4000000017336,-0.022945996417559615
live:pressure-legs-20260920.csv:21,press,0.600,-9563.153846154917,-0.0728926700419598
live:pressure-legs-20260920.csv:21,press,0.625,-22672.400000003327,-0.1728145127482246
live:pressure-legs-20260920.csv:21,press,0.650,-49644.800000006835,-0.37840466481197327
live:pressure-legs-20260920.csv:21,press,0.675,-100892.80000000643,-0.7690293075193905
live:pressure-legs-20260920.csv:21,press,0.700,-172658.8000000172,-1.316047105453845
live:pressure-legs-20260920.csv:21,press,0.725,-235466.84615384354,-1.7947852140237321
live:pressure-legs-20260920.csv:21,press,0.750,-261259.36000000068,-1.991381988642865
live:pressure-legs-20260920.csv:21,press,0.775,-235278.6799999814,-1.793350966118994
live:pressure-legs-20260920.csv:21,press,0.800,-176506.95999999705,-1.345378711078906
live:pressure-legs-20260920.csv:21,release,-0.400,23939.480000000116,0.09037653934145298
live:pressure-legs-20260920.csv:21,release,-0.375,19089.879999999852,0.07206828597962842
live:pressure-legs-20260920.csv:21,release,-0.350,16067.279999999164,0.06065733938373173
live:pressure-legs-20260920.csv:21,release,-0.325,14254.307692307608,0.05381299008746256
live:pressure-legs-20260920.csv:21,release,-0.300,10329.839999998389,0.03899730450079804
live:pressure-legs-20260920.csv:21,release,-0.275,6144.2000000002245,0.023195638878612777
live:pressure-legs-20260920.csv:21,release,-0.250,4747.399999999547,0.017922427006333088
live:pressure-legs-20260920.csv:21,release,-0.225,3357.59999999875,0.01267564159675766
live:pressure-legs-20260920.csv:21,release,-0.200,208.1999999984593,0.0007859985050114363
live:pressure-legs-20260920.csv:21,release,-0.175,-4247.538461541214,-0.0160353452486776
live:pressure-legs-20260920.csv:21,release,-0.150,-11547.520000002663,-0.04359430094456734
live:pressure-legs-20260920.csv:21,release,-0.125,-26802.240000005466,-0.10118405653754999
live:pressure-legs-20260920.csv:21,release,-0.100,-57917.84000001157,-0.21865194838538682
live:pressure-legs-20260920.csv:21,release,-0.075,-115224.84000001375,-0.43499784813094594
live:pressure-legs-20260920.csv:21,release,-0.050,-190157.69230770404,-0.7178850233976278
live:pressure-legs-20260920.csv:21,release,-0.025,-249775.0,-0.9429528174384452
live:pressure-legs-20260920.csv:21,release,0.000,-264886.0,-1.0
live:pressure-legs-20260920.csv:21,release,0.025,-225928.99999996304,-0.8529291846302297
live:pressure-legs-20260920.csv:21,release,0.050,-160900.0,-0.6074311213125646
live:pressure-legs-20260920.csv:21,release,0.075,-104247.99999997935,-0.39355798343430515
live:pressure-legs-20260920.csv:21,release,0.100,-67923.0,-0.2564235180417236
live:pressure-legs-20260920.csv:21,release,0.125,-44762.42307691446,-0.16898750057350884
live:pressure-legs-20260920.csv:21,release,0.150,-28872.479999993975,-0.10899964513033522
live:pressure-legs-20260920.csv:21,release,0.175,-19928.67999999685,-0.07523493125343299
live:pressure-legs-20260920.csv:21,release,0.200,-14271.279999997862,-0.05387706409548961
live:pressure-legs-20260920.csv:21,release,0.225,-9675.280000000828,-0.036526203725379326
live:pressure-legs-20260920.csv:21,release,0.250,-7147.461538461112,-0.026983160825642394
live:pressure-legs-20260920.csv:21,release,0.275,-4985.959999998446,-0.018823040855305475
live:pressure-legs-20260920.csv:21,release,0.300,-3346.6799999996733,-0.012634416314941799
live:pressure-legs-20260920.csv:21,release,0.325,-3023.9599999999564,-0.011416080880076548
live:pressure-legs-20260920.csv:21,release,0.350,-2531.359999999918,-0.00955641294745633
live:pressure-legs-20260920.csv:21,release,0.375,-1654.607142856728,-0.006246487707378751
live:pressure-legs-20260920.csv:21,release,0.400,-746.571428570765,-0.0028184631447897017
live:pressure-legs-20260920.csv:21,release,0.425,604.8000000000886,0.0022832463776873394
live:pressure-legs-20260920.csv:21,release,0.450,1611.2800000004868,0.006082918689551305
live:pressure-legs-20260920.csv:21,release,0.475,2445.4800000000187,0.00923219800215949
live:pressure-legs-20260920.csv:21,release,0.500,3028.0000000000127,0.011431332724266337
live:pressure-legs-20260920.csv:21,release,0.525,3505.2307692309328,0.013232978599212238
live:pressure-legs-20260920.csv:21,release,0.550,3916.0000000001273,0.014783718278807213
live:pressure-legs-20260920.csv:21,release,0.575,3662.4799999998454,0.013826627303820683
live:pressure-legs-20260920.csv:21,release,0.600,3506.240000000018,0.01323678865625219
live:pressure-legs-20260920.csv:21,release,0.625,3048.6799999998334,0.01150940404551329
live:pressure-legs-20260920.csv:21,release,0.650,2477.799999999763,0.00935421275567513
live:pressure-legs-20260920.csv:21,release,0.675,2220.230769230739,0.008381835088418183
live:pressure-legs-20260920.csv:21,release,0.700,2267.4000000000246,0.008559908790951672
live:pressure-legs-20260920.csv:21,release,0.725,2572.2000000000403,0.009710592481293991
live:pressure-legs-20260920.csv:21,release,0.750,3015.800000000106,0.011385275174981335
live:pressure-legs-20260920.csv:21,release,0.775,3399.4000000002475,0.012833445331200016
live:pressure-legs-20260920.csv:21,release,0.800,3295.0769230769038,0.012439603916692101
live:pressure-legs-20260920.csv:22,press,-0.400,1198.499999999996,0.010925499669545759
live:pressure-legs-20260920.csv:22,press,-0.375,1288.4615384615267,0.01174558707775042
live:pressure-legs-20260920.csv:22,press,-0.350,948.0600000006847,0.008642494131595384
live:pressure-legs-20260920.csv:22,press,-0.325,3016.9399999993284,0.02750235875930927
live:pressure-legs-20260920.csv:22,press,-0.300,7261.900000001657,0.06619932085965183
live:pressure-legs-20260920.csv:22,press,-0.275,12069.699999998771,0.11002712003462951
live:pressure-legs-20260920.csv:22,press,-0.250,19761.34615384875,0.18014399739145148
live:pressure-legs-20260920.csv:22,press,-0.225,27101.540000001096,0.2470570432325358
live:pressure-legs-20260920.csv:22,press,-0.200,32456.26000000099,0.295870553111976
live:pressure-legs-20260920.csv:22,press,-0.175,37981.54000000153,0.346238884204303
live:pressure-legs-20260920.csv:22,press,-0.150,45557.86000000182,0.41530445087629
live:pressure-legs-20260920.csv:22,press,-0.125,55647.260000002294,0.5072791996171498
live:pressure-legs-20260920.csv:22,press,-0.100,68333.38461538743,0.6229256329030965
live:pressure-legs-20260920.csv:22,press,-0.075,82630.5,0.7532578226486474
live:pressure-legs-20260920.csv:22,press,-0.050,95083.50000000582,0.8667790970624292
live:pressure-legs-20260920.csv:22,press,-0.025,105334.5,0.9602269878529592
live:pressure-legs-20260920.csv:22,press,0.000,109697.5,1.0
live:pressure-legs-20260920.csv:22,press,0.025,107880.49999999334,0.9834362679185336
live:pressure-legs-20260920.csv:22,press,0.050,96167.0384615405,0.8766566098729734
live:pressure-legs-20260920.csv:22,press,0.075,80396.0999999942,0.732889081337261
live:pressure-legs-20260920.csv:22,press,0.100,74268.26000000104,0.6770278265229476
live:pressure-legs-20260920.csv:22,press,0.125,72938.37999999958,0.6649046696597423
live:pressure-legs-20260920.csv:22,press,0.150,62416.97999999578,0.5689918184096792
live:pressure-legs-20260920.csv:22,press,0.175,45382.10000000315,0.41370222657766265
live:pressure-legs-20260920.csv:22,press,0.200,32251.11538461312,0.2940004593050263
live:pressure-legs-20260920.csv:22,press,0.225,26052.379999999106,0.23749292372204567
live:pressure-legs-20260920.csv:22,press,0.250,21097.339999999,0.19232288794183094
live:pressure-legs-20260920.csv:22,press,0.275,12238.739999998117,0.11156808496089808
live:pressure-legs-20260920.csv:22,press,0.300,6032.1799999990535,0.054989220355970314
live:pressure-legs-20260920.csv:22,press,0.325,3578.499999998825,0.032621527382108294
live:pressure-legs-20260920.csv:22,press,0.350,2641.1399999999826,0.024076574215455983
live:pressure-legs-20260920.csv:22,press,0.375,1276.8999999999671,0.011640192347136143
live:pressure-legs-20260920.csv:22,press,0.400,-566.7400000009925,-0.00516638938901062
live:pressure-legs-20260920.csv:22,press,0.425,432.22000000003186,0.003940108024339951
live:pressure-legs-20260920.csv:22,press,0.450,124.29999999971761,0.001133116069187699
live:pressure-legs-20260920.csv:22,press,0.475,-5707.884615383756,-0.052032950754427
live:pressure-legs-20260920.csv:22,press,0.500,-13331.180000002492,-0.12152674400056968
live:pressure-legs-20260920.csv:22,press,0.525,-23116.220000004156,-0.21072695366807953
live:pressure-legs-20260920.csv:22,press,0.550,-44640.26000000754,-0.4069396294355618
live:pressure-legs-20260920.csv:22,press,0.575,-95084.10000002274,-0.8667845666494016
live:pressure-legs-20260920.csv:22,press,0.600,-169151.2692307811,-1.541979254137798
live:pressure-legs-20260920.csv:22,press,0.625,-238025.70000001515,-2.169837051892843
live:pressure-legs-20260920.csv:22,press,0.650,-268948.500000005,-2.4517286173340778
live:pressure-legs-20260920.csv:22,press,0.675,-247960.4999999964,-2.260402470430013
live:pressure-legs-20260920.csv:22,press,0.700,-189286.49999998513,-1.7255315754687675
live:pressure-legs-20260920.csv:22,press,0.725,-125478.89999999279,-1.1438628956903556
live:pressure-legs-20260920.csv:22,press,0.750,-78747.49999999627,-0.7178604799562094
live:pressure-legs-20260920.csv:22,press,0.775,-48247.339999987256,-0.43982169146960737
live:pressure-legs-20260920.csv:22,press,0.800,-30650.49999999933,-0.27940928462361797
live:pressure-legs-20260920.csv:22,release,-0.400,19601.14000000021,0.071708558247926
live:pressure-legs-20260920.csv:22,release,-0.375,10788.97999999973,0.03947026554402862
live:pressure-legs-20260920.csv:22,release,-0.350,5298.499999998731,0.01938396419170216
live:pressure-legs-20260920.csv:22,release,-0.325,3258.739999999719,0.011921732465806772
live:pressure-legs-20260920.csv:22,release,-0.300,2432.8999999994744,0.008900490040953722
live:pressure-legs-20260920.csv:22,release,-0.275,951.660000000302,0.003481540693155714
live:pressure-legs-20260920.csv:22,release,-0.250,-682.9799999994929,-0.0024986052399060266
live:pressure-legs-20260920.csv:22,release,-0.225,556.299999999779,0.0020351607586755137
live:pressure-legs-20260920.csv:22,release,-0.200,-464.8076923099849,-0.001700446478015782
live:pressure-legs-20260920.csv:22,release,-0.175,-7069.580000001602,-0.025863260464364938
live:pressure-legs-20260920.csv:22,release,-0.150,-14989.820000001848,-0.05483856452206592
live:pressure-legs-20260920.csv:22,release,-0.125,-25689.060000004847,-0.09398052640534142
live:pressure-legs-20260920.csv:22,release,-0.100,-50652.100000041675,-0.18530499058895158
live:pressure-legs-20260920.csv:22,release,-0.075,-107074.34615386142,-0.39171940958702817
live:pressure-legs-20260920.csv:22,release,-0.050,-184670.50000003792,-0.6755961799123008
live:pressure-legs-20260920.csv:22,release,-0.025,-251364.5,-0.919588650951455
live:pressure-legs-20260920.csv:22,release,0.000,-273344.5,-1.0
live:pressure-legs-20260920.csv:22,release,0.025,-241614.4999999628,-0.883919376464362
live:pressure-legs-20260920.csv:22,release,0.050,-176204.5,-0.6446242744961029
live:pressure-legs-20260920.csv:22,release,0.075,-112797.4999999758,-0.4126569219427345
live:pressure-legs-20260920.csv:22,release,0.100,-70235.00000000745,-0.25694681985555756
live:pressure-legs-20260920.csv:22,release,0.125,-42909.13999999029,-0.15697824540091457
live:pressure-legs-20260920.csv:22,release,0.150,-27705.499999994307,-0.10135744454340331
live:pressure-legs-20260920.csv:22,release,0.175,-20423.379999997465,-0.0747166304791114
live:pressure-legs-20260920.csv:22,release,0.200,-16267.059999998439,-0.05951120289597354
live:pressure-legs-20260920.csv:22,release,0.225,-12568.269230768587,-0.04597959436084716
live:pressure-legs-20260920.csv:22,release,0.250,-9910.019999999475,-0.03625468959499633
live:pressure-legs-20260920.csv:22,release,0.275,-8218.699999998826,-0.030067186279580622
live:pressure-legs-20260920.csv:22,release,0.300,-7232.9799999998095,-0.02646104092088851
live:pressure-legs-20260920.csv:22,release,0.325,-6228.379999999794,-0.022785825213237486
live:pressure-legs-20260920.csv:22,release,0.350,-4392.423076923119,-0.016069184040370738
live:pressure-legs-20260920.csv:22,release,0.375,-4182.538461538469,-0.015301344865320024
live:pressure-legs-20260920.csv:22,release,0.400,-4204.173076923093,-0.015380492663737857
live:pressure-legs-20260920.csv:22,release,0.425,-3770.2391304347557,-0.013792994299994168
live:pressure-legs-20260920.csv:22,release,0.450,-2566.659999999324,-0.009389835903042952
live:pressure-legs-20260920.csv:22,release,0.475,-1590.4599999999787,-0.005818518389797412
live:pressure-legs-20260920.csv:22,release,0.500,-1079.96153846138,-0.003950917389819002
live:pressure-legs-20260920.csv:22,release,0.525,-1017.5800000000049,-0.0037227015725577245
live:pressure-legs-20260920.csv:22,release,0.550,-1716.700000000264,-0.006280353180694194
live:pressure-legs-20260920.csv:22,release,0.575,-2023.3800000000847,-0.007402307344761225
live:pressure-legs-20260920.csv:22,release,0.600,-1404.6600000001235,-0.005138790061625983
live:pressure-legs-20260920.csv:22,release,0.625,-1897.5769230770356,-0.006942070987625636
live:pressure-legs-20260920.csv:22,release,0.650,-2295.700000000214,-0.008398559327150222
live:pressure-legs-20260920.csv:22,release,0.675,-1952.8999999998846,-0.0071444642200588805
live:pressure-legs-20260920.csv:22,release,0.700,-1409.8999999998746,-0.005157960010169858
live:pressure-legs-20260920.csv:22,release,0.725,-1129.899999999976,-0.004133611614647362
live:pressure-legs-20260920.csv:22,release,0.750,-1545.10000000013,-0.005652573949723261
live:pressure-legs-20260920.csv:22,release,0.775,-1830.2692307693428,-0.006695833392548022
live:pressure-legs-20260920.csv:22,release,0.800,-1754.5799999999924,-0.006418932885058936
live:pressure-legs-20260920.csv:23,press,-0.400,3164.4230769238243,0.023664634379606746
live:pressure-legs-20260920.csv:23,press,-0.375,1839.0600000001725,0.013753117533345342
live:pressure-legs-20260920.csv:23,press,-0.350,1035.9800000000548,0.00774741155927187
live:pressure-legs-20260920.csv:23,press,-0.325,707.5000000000307,0.005290926155123454
live:pressure-legs-20260920.csv:23,press,-0.300,646.7799999998463,0.004836841298388389
live:pressure-legs-20260920.csv:23,press,-0.275,1945.579999998951,0.014549710401242534
live:pressure-legs-20260920.csv:23,press,-0.250,7291.96153846016,0.05453177388832713
live:pressure-legs-20260920.csv:23,press,-0.225,15086.22000000104,0.11281989537801922
live:pressure-legs-20260920.csv:23,press,-0.200,20854.619999997303,0.15595795676769134
live:pressure-legs-20260920.csv:23,press,-0.175,27881.739999997015,0.20850915535876977
live:pressure-legs-20260920.csv:23,press,-0.150,36286.739999994905,0.2713646102475324
live:pressure-legs-20260920.csv:23,press,-0.125,49735.96153845415,0.37194247315054385
live:pressure-legs-20260920.csv:23,press,-0.100,69622.5,0.5206607861979741
live:pressure-legs-20260920.csv:23,press,-0.075,89370.49999998877,0.6683430614083119
live:pressure-legs-20260920.csv:23,press,-0.050,105085.5,0.7858651879494015
live:pressure-legs-20260920.csv:23,press,-0.025,121160.49999999086,0.9060795171982461
live:pressure-legs-20260920.csv:23,press,0.000,133719.5,1.0
live:pressure-legs-20260920.csv:23,press,0.025,133264.5,0.9965973549108395
live:pressure-legs-20260920.csv:23,press,0.050,126069.30769230911,0.94278925431451
live:pressure-legs-20260920.csv:23,press,0.075,122059.5800000007,0.9128031438945008
live:pressure-legs-20260920.csv:23,press,0.100,113667.70000000176,0.8500458048377518
live:pressure-legs-20260920.csv:23,press,0.125,92761.30000000389,0.693700619580569
live:pressure-legs-20260920.csv:23,press,0.150,74472.8200000033,0.556933132415267
live:pressure-legs-20260920.csv:23,press,0.175,65112.038461542004,0.48693001739867414
live:pressure-legs-20260920.csv:23,press,0.200,55838.34000000339,0.41757813931403714
live:pressure-legs-20260920.csv:23,press,0.225,46310.34000000391,0.3463245076447632
live:pressure-legs-20260920.csv:23,press,0.250,41328.30000000167,0.3090671143700183
live:pressure-legs-20260920.csv:23,press,0.275,35359.619999999035,0.2644312908737995
live:pressure-legs-20260920.csv:23,press,0.300,26662.420000003243,0.19939066478713457
live:pressure-legs-20260920.csv:23,press,0.325,18316.038461538643,0.1369735787341311
live:pressure-legs-20260920.csv:23,press,0.350,10344.740000004327,0.07736149177946618
live:pressure-legs-20260920.csv:23,press,0.375,3820.4600000002874,0.028570702104033348
live:pressure-legs-20260920.csv:23,press,0.400,-1741.6600000001245,-0.013024727134038972
live:pressure-legs-20260920.csv:23,press,0.425,-9261.379999995743,-0.06925975643040651
live:pressure-legs-20260920.csv:23,press,0.450,-21732.269230766364,-0.16252131686677235
live:pressure-legs-20260920.csv:23,press,0.475,-50026.5799999922,-0.3741158170647677
live:pressure-legs-20260920.csv:23,press,0.500,-104244.69999999067,-0.7795773989581973
live:pressure-legs-20260920.csv:23,press,0.525,-180777.81999998726,-1.3519181570375844
live:pressure-legs-20260920.csv:23,press,0.550,-247785.61999998387,-1.853025325401186
live:pressure-legs-20260920.csv:23,press,0.575,-276338.0769230703,-2.066550330528235
live:pressure-legs-20260920.csv:23,press,0.600,-261520.7000000109,-1.9557409353161723
live:pressure-legs-20260920.csv:23,press,0.625,-209894.70000001998,-1.5696641103206337
live:pressure-legs-20260920.csv:23,press,0.650,-144680.6999999924,-1.0819715897830338
live:pressure-legs-20260920.csv:23,press,0.675,-90853.30000001725,-0.6794319452287606
live:pressure-legs-20260920.csv:23,press,0.700,-57118.10000001007,-0.42714862080706306
live:pressure-legs-20260920.csv:23,press,0.725,-37552.50000001045,-0.2808303949686504
live:pressure-legs-20260920.csv:23,press,0.750,-25613.58000000094,-0.19154708176444676
live:pressure-legs-20260920.csv:23,press,0.775,-18412.579999999718,-0.13769554926543787
live:pressure-legs-20260920.csv:23,press,0.800,-14278.740000001817,-0.10678128470418911
live:pressure-legs-20260920.csv:23,release,-0.400,63276.74000000021,0.22544286592263438
live:pressure-legs-20260920.csv:23,release,-0.375,53948.73999999957,0.19220899430841293
live:pressure-legs-20260920.csv:23,release,-0.350,44996.2999999975,0.1603131708099064
live:pressure-legs-20260920.csv:23,release,-0.325,40230.81999999972,0.14333468126230184
live:pressure-legs-20260920.csv:23,release,-0.300,33801.61999999513,0.12042867704035816
live:pressure-legs-20260920.csv:23,release,-0.275,24952.961538461357,0.08890260722167383
live:pressure-legs-20260920.csv:23,release,-0.250,16686.339999997115,0.05945022312083126
live:pressure-legs-20260920.csv:23,release,-0.225,8886.859999997409,0.03166217455976132
live:pressure-legs-20260920.csv:23,release,-0.200,2623.9399999980146,0.009348594026945567
live:pressure-legs-20260920.csv:23,release,-0.175,-3020.580000002838,-0.01076174613213684
live:pressure-legs-20260920.csv:23,release,-0.150,-11246.115384613091,-0.04006774816154872
live:pressure-legs-20260920.csv:23,release,-0.125,-25076.98000000638,-0.08934446116987069
live:pressure-legs-20260920.csv:23,release,-0.100,-57360.70000004397,-0.2043651521765869
live:pressure-legs-20260920.csv:23,release,-0.075,-116819.42000001454,-0.4162051464759895
live:pressure-legs-20260920.csv:23,release,-0.050,-196151.2200000132,-0.698849106180628
live:pressure-legs-20260920.csv:23,release,-0.025,-258980.3846153884,-0.9226973470099613
live:pressure-legs-20260920.csv:23,release,0.000,-280677.5,-1.0
live:pressure-legs-20260920.csv:23,release,0.025,-256731.49999996673,-0.9146850032509436
live:pressure-legs-20260920.csv:23,release,0.050,-198185.5,-0.7060968549313714
live:pressure-legs-20260920.csv:23,release,0.075,-131304.49999997125,-0.4678127031912827
live:pressure-legs-20260920.csv:23,release,0.100,-80740.5,-0.2876628871213403
live:pressure-legs-20260920.csv:23,release,0.125,-51212.5,-0.1824602969600342
live:pressure-legs-20260920.csv:23,release,0.150,-34137.499999993655,-0.12162535294062993
live:pressure-legs-20260920.csv:23,release,0.175,-23550.179999996246,-0.08390476614618644
live:pressure-legs-20260920.csv:23,release,0.200,-17169.1799999976,-0.06117048926257929
live:pressure-legs-20260920.csv:23,release,0.225,-13583.540000000632,-0.04839554292738332
live:pressure-legs-20260920.csv:23,release,0.250,-10789.139999998994,-0.038439632674507195
live:pressure-legs-20260920.csv:23,release,0.275,-8870.192307690908,-0.031602790774789245
live:pressure-legs-20260920.csv:23,release,0.300,-7070.859999999633,-0.025192115506229153
live:pressure-legs-20260920.csv:23,release,0.325,-6277.979999999856,-0.022367236419021316
live:pressure-legs-20260920.csv:23,release,0.350,-5751.379999999919,-0.02049106180580887
live:pressure-legs-20260920.csv:23,release,0.375,-4324.186274509233,-0.015406244798778787
live:pressure-legs-20260920.csv:23,release,0.400,-2817.323529410908,-0.010037582383379174
live:pressure-legs-20260920.csv:23,release,0.425,-2776.4200000000037,-0.009891850967747695
live:pressure-legs-20260920.csv:23,release,0.450,-2509.49999999983,-0.008940866296727846
live:pressure-legs-20260920.csv:23,release,0.475,-2192.419999999993,-0.007811171184010092
live:pressure-legs-20260920.csv:23,release,0.500,-1983.7799999999957,-0.007067826954422765
live:pressure-legs-20260920.csv:23,release,0.525,-1952.5799999999954,-0.006956667349538154
live:pressure-legs-20260920.csv:23,release,0.550,-1772.1153846153134,-0.0063137066014030815
live:pressure-legs-20260920.csv:23,release,0.575,-882.6999999995826,-0.0031448904881922583
live:pressure-legs-20260920.csv:23,release,0.600,-809.3799999999829,-0.0028836654167148524
live:pressure-legs-20260920.csv:23,release,0.625,-1073.4600000000937,-0.0038245317134436986
live:pressure-legs-20260920.csv:23,release,0.650,-1197.7800000000377,-0.0042674599852144815
live:pressure-legs-20260920.csv:23,release,0.675,-1511.3461538462084,-0.005384635939276246
live:pressure-legs-20260920.csv:23,release,0.700,-2124.9000000001543,-0.0075706103980552565
live:pressure-legs-20260920.csv:23,release,0.725,-2342.1000000000117,-0.008344452262828378
live:pressure-legs-20260920.csv:23,release,0.750,-2096.8999999999246,-0.007470851778286199
live:pressure-legs-20260920.csv:23,release,0.775,-1693.6999999997129,-0.006034327653622798
live:pressure-legs-20260920.csv:23,release,0.800,-1494.2999999999672,-0.0053239037685598855
live:pressure-legs-20260920.csv:24,press,-0.400,-134.60000000000556,-0.0010916198308233017
live:pressure-legs-20260920.csv:24,press,-0.375,201.00000000004547,0.0016301306537557518
live:pressure-legs-20260920.csv:24,press,-0.350,1211.2000000005921,0.00982295645686311
live:pressure-legs-20260920.csv:24,press,-0.325,2367.3461538461906,0.019199420564351158
live:pressure-legs-20260920.csv:24,press,-0.300,4213.240000001374,0.034169809331495375
live:pressure-legs-20260920.csv:24,press,-0.275,8127.719999999127,0.06591664436387701
live:pressure-legs-20260920.csv:24,press,-0.250,13709.64000000244,0.11118658913410412
live:pressure-legs-20260920.csv:24,press,-0.225,20475.720000003043,0.1660601931826723
live:pressure-legs-20260920.csv:24,press,-0.200,28204.600000004044,0.22874220416375954
live:pressure-legs-20260920.csv:24,press,-0.175,39434.53846154338,0.3198181590191916
live:pressure-legs-20260920.csv:24,press,-0.150,51923.68000000225,0.42110638021785557
live:pressure-legs-20260920.csv:24,press,-0.125,64237.56000000226,0.5209732123306186
live:pressure-legs-20260920.csv:24,press,-0.100,75366.60000000997,0.6112308702952075
live:pressure-legs-20260920.csv:24,press,-0.075,88742.5600000028,0.7197112803419446
live:pressure-legs-20260920.csv:24,press,-0.050,104037.50000000233,0.8437548153735297
live:pressure-legs-20260920.csv:24,press,-0.025,115875.0,0.9397581567358458
live:pressure-legs-20260920.csv:24,press,0.000,123303.0,1.0
live:pressure-legs-20260920.csv:24,press,0.025,122458.9999999966,0.9931550732747507
live:pressure-legs-20260920.csv:24,press,0.050,116468.0,0.944567447669562
live:pressure-legs-20260920.csv:24,press,0.075,112333.99999999754,0.9110402828803641
live:pressure-legs-20260920.csv:24,press,0.100,108004.19230769307,0.8759250975863772
live:pressure-legs-20260920.csv:24,press,0.125,98057.2399999963,0.7952542922718531
live:pressure-legs-20260920.csv:24,press,0.150,80243.27999999298,0.6507812461983324
live:pressure-legs-20260920.csv:24,press,0.175,60381.35999999275,0.48969903408670307
live:pressure-legs-20260920.csv:24,press,0.200,50429.43999999631,0.4089879402771734
live:pressure-legs-20260920.csv:24,press,0.225,47202.560000000536,0.3828176118991471
live:pressure-legs-20260920.csv:24,press,0.250,44167.99999999947,0.35820701848291986
live:pressure-legs-20260920.csv:24,press,0.275,33494.03999999175,0.2716401060800771
live:pressure-legs-20260920.csv:24,press,0.300,17664.59999999668,0.14326172112597974
live:pressure-legs-20260920.csv:24,press,0.325,6418.119999997787,0.05205161269391489
live:pressure-legs-20260920.csv:24,press,0.350,-1036.0400000011405,-0.008402390858301424
live:pressure-legs-20260920.csv:24,press,0.375,-2441.4230769231167,-0.019800192022279398
live:pressure-legs-20260920.csv:24,press,0.400,-1495.7599999993736,-0.01213076729681657
live:pressure-legs-20260920.csv:24,press,0.425,-7006.8800000001465,-0.05682651679196894
live:pressure-legs-20260920.csv:24,press,0.450,-22154.56000000854,-0.1796757580919243
live:pressure-legs-20260920.csv:24,press,0.475,-35058.680000000284,-0.2843294972547325
live:pressure-legs-20260920.csv:24,press,0.500,-42886.12000000016,-0.34781083996334367
live:pressure-legs-20260920.csv:24,press,0.525,-55111.307692312206,-0.44695836834717895
live:pressure-legs-20260920.csv:24,press,0.550,-88098.24000001172,-0.7144857789349142
live:pressure-legs-20260920.csv:24,press,0.575,-147762.28000002622,-1.1983672741135756
live:pressure-legs-20260920.csv:24,press,0.600,-210305.0799999901,-1.7055958086988159
live:pressure-legs-20260920.csv:24,press,0.625,-246997.48000001014,-2.0031749430266106
live:pressure-legs-20260920.csv:24,press,0.650,-242171.34615383763,-1.9640345016247587
live:pressure-legs-20260920.csv:24,press,0.675,-203778.79999998974,-1.652667007290899
live:pressure-legs-20260920.csv:24,press,0.700,-153304.59999998822,-1.2433160588143697
live:pressure-legs-20260920.csv:24,press,0.725,-106892.39999999487,-0.8669083477287242
live:pressure-legs-20260920.csv:24,press,0.750,-69701.79999999198,-0.5652887602085268
live:pressure-legs-20260920.csv:24,press,0.775,-45045.799999984985,-0.3653260666811431
live:pressure-legs-20260920.csv:24,press,0.800,-31184.538461537428,-0.2529098112903776
live:pressure-legs-20260920.csv:24,release,-0.400,46719.50000000166,0.1853293876369126
live:pressure-legs-20260920.csv:24,release,-0.375,43017.9600000018,0.17064592267017523
live:pressure-legs-20260920.csv:24,release,-0.350,31289.3999999941,0.1241204495237559
live:pressure-legs-20260920.csv:24,release,-0.325,15501.880000002213,0.06149367881979068
live:pressure-legs-20260920.csv:24,release,-0.300,4980.04000000114,0.019755086497233672
live:pressure-legs-20260920.csv:24,release,-0.275,-1681.3846153844177,-0.006669805566226284
live:pressure-legs-20260920.csv:24,release,-0.250,-2502.080000000436,-0.009925383495513236
live:pressure-legs-20260920.csv:24,release,-0.225,-1609.040000001169,-0.0063828251133574605
live:pressure-legs-20260920.csv:24,release,-0.200,-8431.479999994057,-0.03344644153451383
live:pressure-legs-20260920.csv:24,release,-0.175,-24612.44000000226,-0.097633930873629
live:pressure-legs-20260920.csv:24,release,-0.150,-36838.95999999722,-0.14613473812818972
live:pressure-legs-20260920.csv:24,release,-0.125,-44266.423076918276,-0.1755983921429268
live:pressure-legs-20260920.csv:24,release,-0.100,-57177.0,-0.22681275263894896
live:pressure-legs-20260920.csv:24,release,-0.075,-93988.0,-0.372836577557926
live:pressure-legs-20260920.csv:24,release,-0.050,-158005.0,-0.6267826045563273
live:pressure-legs-20260920.csv:24,release,-0.025,-220266.9999999646,-0.8737668045807814
live:pressure-legs-20260920.csv:24,release,0.000,-252089.0,-1.0
live:pressure-legs-20260920.csv:24,release,0.025,-240282.26923076485,-0.9531644349049933
live:pressure-legs-20260920.csv:24,release,0.050,-196572.5600000082,-0.7797744447397872
live:pressure-legs-20260920.csv:24,release,0.075,-145011.32000000944,-0.5752385863723107
live:pressure-legs-20260920.csv:24,release,0.100,-99683.28000000922,-0.3954289159781237
live:pressure-legs-20260920.csv:24,release,0.125,-64065.96000000641,-0.2541402441201576
live:pressure-legs-20260920.csv:24,release,0.150,-41523.559999991994,-0.16471785758201268
live:pressure-legs-20260920.csv:24,release,0.175,-29292.84615385029,-0.11620041395638163
live:pressure-legs-20260920.csv:24,release,0.200,-21111.19999999875,-0.08374502655807571
live:pressure-legs-20260920.csv:24,release,0.225,-16008.040000001769,-0.0635015411223884
live:pressure-legs-20260920.csv:24,release,0.250,-13421.11999999962,-0.05323960982033973
live:pressure-legs-20260920.csv:24,release,0.275,-11631.039999999644,-0.04613862564411634
live:pressure-legs-20260920.csv:24,release,0.300,-10657.807692307711,-0.04227795616749525
live:pressure-legs-20260920.csv:24,release,0.325,-9635.559999999976,-0.0382228498665153
live:pressure-legs-20260920.csv:24,release,0.350,-8391.640000000694,-0.03328840211195528
live:pressure-legs-20260920.csv:24,release,0.375,-7746.200000000025,-0.03072803652678231
live:pressure-legs-20260920.csv:24,release,0.400,-7017.456140350735,-0.02783721677800592
live:pressure-legs-20260920.csv:24,release,0.425,-6265.7017543861075,-0.024855117654424063
live:pressure-legs-20260920.csv:24,release,0.450,-4971.842105263406,-0.01972256665409203
live:pressure-legs-20260920.csv:24,release,0.475,-3950.1600000002254,-0.015669703953763256
live:pressure-legs-20260920.csv:24,release,0.500,-3274.2800000001007,-0.012988587363986928
live:pressure-legs-20260920.csv:24,release,0.525,-3036.9199999999482,-0.012047015141477607
live:pressure-legs-20260920.csv:24,release,0.550,-3679.6399999998735,-0.014596590886551469
live:pressure-legs-20260920.csv:24,release,0.575,-4478.19230769243,-0.017764330485235097
live:pressure-legs-20260920.csv:24,release,0.600,-4221.200000000178,-0.016744879784521254
live:pressure-legs-20260920.csv:24,release,0.625,-3883.399999999967,-0.015404876849049213
live:pressure-legs-20260920.csv:24,release,0.650,-3492.9999999999054,-0.013856217447012386
live:pressure-legs-20260920.csv:24,release,0.675,-3401.200000000004,-0.013492060343767494
live:pressure-legs-20260920.csv:24,release,0.700,-3624.384615384603,-0.014377400899621178
live:pressure-legs-20260920.csv:24,release,0.725,-3894.9199999998605,-0.015450574995338395
live:pressure-legs-20260920.csv:24,release,0.750,-4003.8399999999947,-0.01588264462154237
live:pressure-legs-20260920.csv:24,release,0.775,-3551.359999999972,-0.014087722986722832
live:pressure-legs-20260920.csv:24,release,0.800,-2901.6400000000604,-0.011510379270813326
live:pressure-legs-20260920.csv:25,press,-0.400,1696.8999999994928,0.014117128322021713
live:pressure-legs-20260920.csv:25,press,-0.375,2375.4200000000333,0.019761983003540165
live:pressure-legs-20260920.csv:25,press,-0.350,983.615384615365,0.008183054160017678
live:pressure-legs-20260920.csv:25,press,-0.325,328.01999999956126,0.002728917692371237
live:pressure-legs-20260920.csv:25,press,-0.300,2382.819999999836,0.01982354629517798
live:pressure-legs-20260920.csv:25,press,-0.275,3427.0999999997503,0.028511291456427335
live:pressure-legs-20260920.csv:25,press,-0.250,5112.059999998561,0.04252908657544673
live:pressure-legs-20260920.csv:25,press,-0.225,12149.961538460295,0.10107994940545913
live:pressure-legs-20260920.csv:25,press,-0.200,19084.099999998976,0.15876756945627946
live:pressure-legs-20260920.csv:25,press,-0.175,22220.30000000197,0.1848587580022044
live:pressure-legs-20260920.csv:25,press,-0.150,33340.97999999314,0.2773757399033551
live:pressure-legs-20260920.csv:25,press,-0.125,50975.85999999448,0.42408672104752837
live:pressure-legs-20260920.csv:25,press,-0.100,65764.0384615395,0.5471149566481242
live:pressure-legs-20260920.csv:25,press,-0.075,71052.5,0.5911115917854602
live:pressure-legs-20260920.csv:25,press,-0.050,76986.5,0.6404786961893154
live:pressure-legs-20260920.csv:25,press,-0.025,101436.4999999861,0.8438871395114546
live:pressure-legs-20260920.csv:25,press,0.000,120201.5,1.0
live:pressure-legs-20260920.csv:25,press,0.025,109377.5,0.9099512069316938
live:pressure-legs-20260920.csv:25,press,0.050,90465.5,0.75261539997421
live:pressure-legs-20260920.csv:25,press,0.075,64321.2692307738,0.5351120346316294
live:pressure-legs-20260920.csv:25,press,0.100,42815.020000004355,0.35619372470397087
live:pressure-legs-20260920.csv:25,press,0.125,42555.77999999989,0.35403701284925637
live:pressure-legs-20260920.csv:25,press,0.150,30547.860000002278,0.25413875866775604
live:pressure-legs-20260920.csv:25,press,0.175,10455.780000004179,0.08698543695381654
live:pressure-legs-20260920.csv:25,press,0.200,5135.807692306872,0.0427266522656279
live:pressure-legs-20260920.csv:25,press,0.225,3160.620000000633,0.026294347408315478
live:pressure-legs-20260920.csv:25,press,0.250,-4763.539999996922,-0.03962962192648946
live:pressure-legs-20260920.csv:25,press,0.275,-7780.060000000405,-0.06472514902060628
live:pressure-legs-20260920.csv:25,press,0.300,-11597.259999998572,-0.09648182427006795
live:pressure-legs-20260920.csv:25,press,0.325,-25171.8846153843,-0.20941406401238172
live:pressure-legs-20260920.csv:25,press,0.350,-59454.45999997981,-0.4946232784114991
live:pressure-legs-20260920.csv:25,press,0.375,-141437.339999996,-1.176668677179536
live:pressure-legs-20260920.csv:25,press,0.400,-272223.0200000031,-2.2647223204369586
live:pressure-legs-20260920.csv:25,press,0.425,-380527.09999999526,-3.1657433559480976
live:pressure-legs-20260920.csv:25,press,0.450,-376242.81999999954,-3.1301008722852837
live:pressure-legs-20260920.csv:25,press,0.475,-289955.1923077132,-2.412242711677585
live:pressure-legs-20260920.csv:25,press,0.500,-197715.9800000146,-1.6448711538542746
live:pressure-legs-20260920.csv:25,press,0.525,-132358.14000000962,-1.1011355099562785
live:pressure-legs-20260920.csv:25,press,0.550,-88877.22000001007,-0.7394019209411702
live:pressure-legs-20260920.csv:25,press,0.575,-57734.30000000468,-0.48031264168920257
live:pressure-legs-20260920.csv:25,press,0.600,-38675.192307699406,-0.3217529923312056
live:pressure-legs-20260920.csv:25,press,0.625,-28595.10000000284,-0.23789303794048194
live:pressure-legs-20260920.csv:25,press,0.650,-23079.899999999452,-0.19201008306884235
live:pressure-legs-20260920.csv:25,press,0.675,-18852.70000000139,-0.1568424686880063
live:pressure-legs-20260920.csv:25,press,0.700,-15091.699999999582,-0.1255533416804248
live:pressure-legs-20260920.csv:25,press,0.725,-12628.576923077962,-0.10506172487928989
live:pressure-legs-20260920.csv:25,press,0.750,-11773.06000000004,-0.09794436841470397
live:pressure-legs-20260920.csv:25,press,0.775,-11440.019999999986,-0.09517368751637863
live:pressure-legs-20260920.csv:25,press,0.800,-10672.340000000084,-0.0887870783642474
live:pressure-legs-20260920.csv:25,release,-0.400,107108.0600000099,0.2724976434925664
live:pressure-legs-20260920.csv:25,release,-0.375,87328.19230769345,0.22217493822883105
live:pressure-legs-20260920.csv:25,release,-0.350,61570.46000000339,0.15664372278568667
live:pressure-legs-20260920.csv:25,release,-0.325,42011.93999999987,0.106884156510257
live:pressure-legs-20260920.csv:25,release,-0.300,41577.78000000257,0.10577959372667202
live:pressure-legs-20260920.csv:25,release,-0.275,28413.94000001485,0.07228897332602703
live:pressure-legs-20260920.csv:25,release,-0.250,9264.192307693129,0.02356938005139954
live:pressure-legs-20260920.csv:25,release,-0.225,4690.939999999684,0.011934396867656974
live:pressure-legs-20260920.csv:25,release,-0.200,2683.020000003271,0.006825972083186357
live:pressure-legs-20260920.csv:25,release,-0.175,-5542.219999999075,-0.014100170330010457
live:pressure-legs-20260920.csv:25,release,-0.150,-8140.619999998482,-0.020710857488855997
live:pressure-legs-20260920.csv:25,release,-0.125,-12488.038461533104,-0.03177128829158133
live:pressure-legs-20260920.csv:25,release,-0.100,-26901.5,-0.06844111784318191
live:pressure-legs-20260920.csv:25,release,-0.075,-63893.49999997897,-0.16255385621292134
live:pressure-legs-20260920.csv:25,release,-0.050,-152011.5,-0.3867381738943496
live:pressure-legs-20260920.csv:25,release,-0.025,-288615.49999992235,-0.7342775476037973
live:pressure-legs-20260920.csv:25,release,0.000,-393060.5,-1.0
live:pressure-legs-20260920.csv:25,release,0.025,-373949.5,-0.9513789861866049
live:pressure-legs-20260920.csv:25,release,0.050,-278501.42307694186,-0.7085459441407668
live:pressure-legs-20260920.csv:25,release,0.075,-186720.62000001667,-0.4750429514031979
live:pressure-legs-20260920.csv:25,release,0.100,-125115.66000004529,-0.3183114558701403
live:pressure-legs-20260920.csv:25,release,0.125,-84045.18000000824,-0.21382250315157145
live:pressure-legs-20260920.csv:25,release,0.150,-54205.70000000535,-0.13790675990084314
live:pressure-legs-20260920.csv:25,release,0.175,-36624.576923083645,-0.0931779635020147
live:pressure-legs-20260920.csv:25,release,0.200,-27595.74000000303,-0.07020735993569191
live:pressure-legs-20260920.csv:25,release,0.225,-22502.46000000197,-0.05724935474310436
live:pressure-legs-20260920.csv:25,release,0.250,-18362.980000001484,-0.046717948000375216
live:pressure-legs-20260920.csv:25,release,0.275,-14649.979999999414,-0.03727156506440971
live:pressure-legs-20260920.csv:25,release,0.300,-12369.538461539594,-0.03146980798513103
live:pressure-legs-20260920.csv:25,release,0.325,-11719.78000000002,-0.029816733047457123
live:pressure-legs-20260920.csv:25,release,0.350,-11404.260000000162,-0.029014006749597483
live:pressure-legs-20260920.csv:25,release,0.375,-10562.420000000042,-0.0268722499462552
live:pressure-legs-20260920.csv:25,release,0.400,-9612.099999999979,-0.02445450509527154
live:pressure-legs-20260920.csv:25,release,0.425,-9341.42452830194,-0.023765869448346858
live:pressure-legs-20260920.csv:25,release,0.450,-9164.066037735853,-0.02331464504252107
live:pressure-legs-20260920.csv:25,release,0.475,-8710.934782609069,-0.022161816775303215
live:pressure-legs-20260920.csv:25,release,0.500,-7359.460000000377,-0.018723478955530705
live:pressure-legs-20260920.csv:25,release,0.525,-6253.300000000164,-0.015909255699822707
live:pressure-legs-20260920.csv:25,release,0.550,-6042.300000000014,-0.015372442664678883
live:pressure-legs-20260920.csv:25,release,0.575,-6716.807692307443,-0.017088483051101402
live:pressure-legs-20260920.csv:25,release,0.600,-6950.69999999996,-0.017683537267163603
live:pressure-legs-20260920.csv:25,release,0.625,-6693.3000000001175,-0.017028676247041147
live:pressure-legs-20260920.csv:25,release,0.650,-6194.899999999939,-0.015760678063554946
live:pressure-legs-20260920.csv:25,release,0.675,-6366.699999999881,-0.016197760904491498
live:pressure-legs-20260920.csv:25,release,0.700,-6997.2692307692005,-0.017802015798507355
live:pressure-legs-20260920.csv:25,release,0.725,-7443.659999999809,-0.018937695342065176
live:pressure-legs-20260920.csv:25,release,0.750,-7436.500000000011,-0.018919479316797314
live:pressure-legs-20260920.csv:25,release,0.775,-7217.259999999988,-0.01836170258776954
live:pressure-legs-20260920.csv:25,release,0.800,-7051.100000000073,-0.01793896868293831
live:pressure-legs-20260920.csv:26,press,-0.400,620.6538461536837,0.004308600112139422
live:pressure-legs-20260920.csv:26,press,-0.375,961.9199999998262,0.006677681360637461
live:pressure-legs-20260920.csv:26,press,-0.350,1702.84000000008,0.011821173203749253
live:pressure-legs-20260920.csv:26,press,-0.325,1324.279999999787,0.009193196806662873
live:pressure-legs-20260920.csv:26,press,-0.300,2645.519999999277,0.018365289829915147
live:pressure-legs-20260920.csv:26,press,-0.275,7026.159999999488,0.04877584172162088
live:pressure-legs-20260920.csv:26,press,-0.250,9084.538461538994,0.06306517501936129
live:pressure-legs-20260920.csv:26,press,-0.225,6119.159999999801,0.04247941686914127
live:pressure-legs-20260920.csv:26,press,-0.200,5285.639999998011,0.03669309267614031
live:pressure-legs-20260920.csv:26,press,-0.175,10925.560000001786,0.0758456091634973
live:pressure-legs-20260920.csv:26,press,-0.150,20972.759999993952,0.14559361332866333
live:pressure-legs-20260920.csv:26,press,-0.125,36764.269230762045,0.25521880757210724
live:pressure-legs-20260920.csv:26,press,-0.100,56096.0,0.38942034015966676
live:pressure-legs-20260920.csv:26,press,-0.075,81998.99999998527,0.5692398472751494
live:pressure-legs-20260920.csv:26,press,-0.050,115328.0,0.8006108989934051
live:pressure-legs-20260920.csv:26,press,-0.025,138857.9999999866,0.963956959389008
live:pressure-legs-20260920.csv:26,press,0.000,144050.0,1.0
live:pressure-legs-20260920.csv:26,press,0.025,138347.1153846164,0.960410381010874
live:pressure-legs-20260920.csv:26,press,0.050,112036.76000000557,0.7777629989587336
live:pressure-legs-20260920.csv:26,press,0.075,83544.88000000519,0.5799713988198902
live:pressure-legs-20260920.csv:26,press,0.100,76634.36000000122,0.5319983339118447
live:pressure-legs-20260920.csv:26,press,0.125,81255.43999999909,0.5640780284623331
live:pressure-legs-20260920.csv:26,press,0.150,84369.67999999945,0.5856971884762198
live:pressure-legs-20260920.csv:26,press,0.175,63602.69230770087,0.4415320535071216
live:pressure-legs-20260920.csv:26,press,0.200,30718.15999999461,0.21324651162786956
live:pressure-legs-20260920.csv:26,press,0.225,12468.440000006147,0.08655633460608224
live:pressure-legs-20260920.csv:26,press,0.250,2482.8000000034135,0.017235682054865767
live:pressure-legs-20260920.csv:26,press,0.275,-13376.240000002612,-0.09285831308575225
live:pressure-legs-20260920.csv:26,press,0.300,-34581.461538450196,-0.24006568232176465
live:pressure-legs-20260920.csv:26,press,0.325,-61772.87999999873,-0.4288294342242189
live:pressure-legs-20260920.csv:26,press,0.350,-125538.11999996254,-0.8714898993402467
live:pressure-legs-20260920.csv:26,press,0.375,-253278.23999999382,-1.7582661575841292
live:pressure-legs-20260920.csv:26,press,0.400,-389643.8400000031,-2.7049207913918996
live:pressure-legs-20260920.csv:26,press,0.425,-423072.9230769188,-2.936986623234424
live:pressure-legs-20260920.csv:26,press,0.450,-339957.24000001635,-2.3599947240542614
live:pressure-legs-20260920.csv:26,press,0.475,-230707.44000002765,-1.6015788962167834
live:pressure-legs-20260920.csv:26,press,0.500,-149819.36000001198,-1.0400510933704405
live:pressure-legs-20260920.csv:26,press,0.525,-98622.56000000742,-0.6846411662617662
live:pressure-legs-20260920.csv:26,press,0.550,-65248.38461539743,-0.45295650548696587
live:pressure-legs-20260920.csv:26,press,0.575,-42759.59999999768,-0.29683859770911264
live:pressure-legs-20260920.csv:26,press,0.600,-29142.40000000407,-0.20230753210693556
live:pressure-legs-20260920.csv:26,press,0.625,-20914.80000000249,-0.1451912530371572
live:pressure-legs-20260920.csv:26,press,0.650,-14720.399999999328,-0.10218951752863123
live:pressure-legs-20260920.csv:26,press,0.675,-9079.4000000019,-0.06302950364458106
live:pressure-legs-20260920.csv:26,press,0.700,-4872.692307692477,-0.03382639574934035
live:pressure-legs-20260920.csv:26,press,0.725,-2773.840000000806,-0.019256091634854606
live:pressure-legs-20260920.csv:26,press,0.750,-2220.840000000022,-0.01541714682401959
live:pressure-legs-20260920.csv:26,press,0.775,-1710.799999999973,-0.011876431794515604
live:pressure-legs-20260920.csv:26,press,0.800,-341.3600000008439,-0.002369732731696244
live:pressure-legs-20260920.csv:26,release,-0.400,134858.7200000142,0.3164405149070901
live:pressure-legs-20260920.csv:26,release,-0.375,107524.36000000066,0.2523015481939317
live:pressure-legs-20260920.csv:26,release,-0.350,81681.91999999972,0.19166331122968489
live:pressure-legs-20260920.csv:26,release,-0.325,77001.67999999989,0.1806813179593309
live:pressure-legs-20260920.csv:26,release,-0.300,81821.95999999993,0.19199190940789426
live:pressure-legs-20260920.csv:26,release,-0.275,81879.96153847344,0.19212800766464738
live:pressure-legs-20260920.csv:26,release,-0.250,59153.84000000539,0.13880208553315168
live:pressure-legs-20260920.csv:26,release,-0.225,26658.559999993853,0.06255322943209547
live:pressure-legs-20260920.csv:26,release,-0.200,10366.20000000192,0.02432386771600783
live:pressure-legs-20260920.csv:26,release,-0.175,418.2400000026139,0.0009813831909093794
live:pressure-legs-20260920.csv:26,release,-0.150,-16419.69230768758,-0.03852814180988887
live:pressure-legs-20260920.csv:26,release,-0.125,-38294.03999998983,-0.08985541117006159
live:pressure-legs-20260920.csv:26,release,-0.100,-67872.96000001249,-0.15926114685553902
live:pressure-legs-20260920.csv:26,release,-0.075,-139207.9199999506,-0.3266457362484586
live:pressure-legs-20260920.csv:26,release,-0.050,-275031.7200000248,-0.6453507722198558
live:pressure-legs-20260920.csv:26,release,-0.025,-406792.26923076203,-0.9545215551177736
live:pressure-legs-20260920.csv:26,release,0.000,-426174.0,-1.0
live:pressure-legs-20260920.csv:26,release,0.025,-323535.0,-0.7591617508341664
live:pressure-legs-20260920.csv:26,release,0.050,-213026.0,-0.49985686597493045
live:pressure-legs-20260920.csv:26,release,0.075,-137780.0,-0.3232951799030443
live:pressure-legs-20260920.csv:26,release,0.100,-91164.0000000265,-0.21391262723682464
live:pressure-legs-20260920.csv:26,release,0.125,-60312.07692308299,-0.1415198414804352
live:pressure-legs-20260920.csv:26,release,0.150,-39495.91999999258,-0.09267557382663555
live:pressure-legs-20260920.csv:26,release,0.175,-27234.88000000217,-0.06390554092929689
live:pressure-legs-20260920.csv:26,release,0.200,-19746.160000001328,-0.04633356328636033
live:pressure-legs-20260920.csv:26,release,0.225,-13773.680000001212,-0.03231938128558103
live:pressure-legs-20260920.csv:26,release,0.250,-8187.880000001013,-0.019212528216176993
live:pressure-legs-20260920.csv:26,release,0.275,-4254.230769230093,-0.009982379894667654
live:pressure-legs-20260920.csv:26,release,0.300,-2527.280000000561,-0.005930159981605074
live:pressure-legs-20260920.csv:26,release,0.325,-2182.2799999999615,-0.005120631479161004
live:pressure-legs-20260920.csv:26,release,0.350,-1615.6000000002164,-0.0037909398508595466
live:pressure-legs-20260920.csv:26,release,0.375,-83.1200000005872,-0.00019503770760437568
live:pressure-legs-20260920.csv:26,release,0.400,821.3653846153662,0.001927300550046146
live:pressure-legs-20260920.csv:26,release,0.425,1664.153846153662,0.0039048694809013735
live:pressure-legs-20260920.csv:26,release,0.450,1638.875,0.0038455536940310764
live:pressure-legs-20260920.csv:26,release,0.475,1955.6799999997893,0.004588923772918548
live:pressure-legs-20260920.csv:26,release,0.500,2948.879999999951,0.006919427276182852
live:pressure-legs-20260920.csv:26,release,0.525,2841.923076922983,0.006668457195706409
live:pressure-legs-20260920.csv:26,release,0.550,2366.400000000082,0.005552661588928658
live:pressure-legs-20260920.csv:26,release,0.575,2147.920000000026,0.00504000713323672
live:pressure-legs-20260920.csv:26,release,0.600,995.5600000003355,0.002336041147513306
live:pressure-legs-20260920.csv:26,release,0.625,602.0800000000339,0.0014127562920310342
live:pressure-legs-20260920.csv:26,release,0.650,1425.640000000325,0.0033452064180365883
live:pressure-legs-20260920.csv:26,release,0.675,2789.230769230332,0.006544816833571105
live:pressure-legs-20260920.csv:26,release,0.700,4692.60000000023,0.011010995508877195
live:pressure-legs-20260920.csv:26,release,0.725,5374.599999999882,0.012611280838342748
live:pressure-legs-20260920.csv:26,release,0.750,5104.799999999952,0.011978206084838475
live:pressure-legs-20260920.csv:26,release,0.775,4356.799999999812,0.010223054433165355
live:pressure-legs-20260920.csv:26,release,0.800,3785.6153846154066,0.008882792907627887
original:pressure-zone03-right-hind-leg-20260920-171839.csv:1,press,-0.400,1176.7599999999738,0.0028587462193447443
original:pressure-zone03-right-hind-leg-20260920-171839.csv:1,press,-0.375,3166.43999999998,0.007692348804158976
original:pressure-zone03-right-hind-leg-20260920-171839.csv:1,press,-0.350,4660.519999999988,0.01132197213550837
original:pressure-zone03-right-hind-leg-20260920-171839.csv:1,press,-0.325,5644.192307692295,0.01371164334347734
original:pressure-zone03-right-hind-leg-20260920-171839.csv:1,press,-0.300,6731.599999999971,0.016353322725229807
original:pressure-zone03-right-hind-leg-20260920-171839.csv:1,press,-0.275,10327.839999999942,0.02508980042999245
original:pressure-zone03-right-hind-leg-20260920-171839.csv:1,press,-0.250,17651.399999999885,0.042881193290171836
original:pressure-zone03-right-hind-leg-20260920-171839.csv:1,press,-0.225,31727.760000000177,0.07707741081297795
original:pressure-zone03-right-hind-leg-20260920-171839.csv:1,press,-0.200,51330.880000000216,0.12469998906798552
original:pressure-zone03-right-hind-leg-20260920-171839.csv:1,press,-0.175,80021.07692307657,0.1943981365119015
original:pressure-zone03-right-hind-leg-20260920-171839.csv:1,press,-0.150,124119.31999999972,0.3015276154845912
original:pressure-zone03-right-hind-leg-20260920-171839.csv:1,press,-0.125,192432.11999999965,0.4674824055291694
original:pressure-zone03-right-hind-leg-20260920-171839.csv:1,press,-0.100,274129.7200000009,0.6659533810293121
original:pressure-zone03-right-hind-leg-20260920-171839.csv:1,press,-0.075,342084.87999999983,0.8310393431073642
original:pressure-zone03-right-hind-leg-20260920-171839.csv:1,press,-0.050,384986.8399999999,0.935262647734036
original:pressure-zone03-right-hind-leg-20260920-171839.csv:1,press,-0.025,409108.07692307694,0.9938612531079158
original:pressure-zone03-right-hind-leg-20260920-171839.csv:1,press,0.000,411634.9999999997,0.9999999999999993
original:pressure-zone03-right-hind-leg-20260920-171839.csv:1,press,0.025,395944.0,0.9618812783169556
original:pressure-zone03-right-hind-leg-20260920-171839.csv:1,press,0.050,366699.0,0.8908353274138496
original:pressure-zone03-right-hind-leg-20260920-171839.csv:1,press,0.075,316681.0,0.7693247658726785
original:pressure-zone03-right-hind-leg-20260920-171839.csv:1,press,0.100,246314.99999999892,0.5983820617780289
original:pressure-zone03-right-hind-leg-20260920-171839.csv:1,press,0.125,186389.9999999997,0.4528040618509109
original:pressure-zone03-right-hind-leg-20260920-171839.csv:1,press,0.150,141269.1599999998,0.3431903506747478
original:pressure-zone03-right-hind-leg-20260920-171839.csv:1,press,0.175,116237.79999999946,0.28238074993622864
original:pressure-zone03-right-hind-leg-20260920-171839.csv:1,press,0.200,109463.87999999986,0.2659246176831413
original:pressure-zone03-right-hind-leg-20260920-171839.csv:1,press,0.225,98836.71999999994,0.24010766820119753
original:pressure-zone03-right-hind-leg-20260920-171839.csv:1,press,0.250,79031.19999999955,0.1919933922042575
original:pressure-zone03-right-hind-leg-20260920-171839.csv:1,press,0.275,69296.923076923,0.16834555632276896
original:pressure-zone03-right-hind-leg-20260920-171839.csv:1,press,0.300,61454.279999999926,0.14929313590923982
original:pressure-zone03-right-hind-leg-20260920-171839.csv:1,press,0.325,45392.95999999988,0.1102747822707007
original:pressure-zone03-right-hind-leg-20260920-171839.csv:1,press,0.350,27374.07999999982,0.0665008563411756
original:pressure-zone03-right-hind-leg-20260920-171839.csv:1,press,0.375,7171.639999999134,0.017422328033328393
original:pressure-zone03-right-hind-leg-20260920-171839.csv:1,press,0.400,-15256.307692307662,-0.037062707719964685
original:pressure-zone03-right-hind-leg-20260920-171839.csv:1,press,0.425,-27845.240000000318,-0.06764546260643609
original:pressure-zone03-right-hind-leg-20260920-171839.csv:1,press,0.450,-30106.320000000032,-0.07313838716338511
original:pressure-zone03-right-hind-leg-20260920-171839.csv:1,press,0.475,-40048.27999999997,-0.09729075515930367
original:pressure-zone03-right-hind-leg-20260920-171839.csv:1,press,0.500,-45262.52000000013,-0.10995789959551576
original:pressure-zone03-right-hind-leg-20260920-171839.csv:1,press,0.525,-37144.119999999675,-0.09023557277685249
original:pressure-zone03-right-hind-leg-20260920-171839.csv:1,press,0.550,-41630.84615384626,-0.10113534114894569
original:pressure-zone03-right-hind-leg-20260920-171839.csv:1,press,0.575,-63086.44000000048,-0.15325820204793197
original:pressure-zone03-right-hind-leg-20260920-171839.csv:1,press,0.600,-82059.20000000026,-0.19934942363987576
original:pressure-zone03-right-hind-leg-20260920-171839.csv:1,press,0.625,-87896.36000000007,-0.21352985047432815
original:pressure-zone03-right-hind-leg-20260920-171839.csv:1,press,0.650,-85985.51999999986,-0.20888777679254644
original:pressure-zone03-right-hind-leg-20260920-171839.csv:1,press,0.675,-83182.19230769228,-0.20207755003265584
original:pressure-zone03-right-hind-leg-20260920-171839.csv:1,press,0.700,-98819.80000000072,-0.2400665638247494
original:pressure-zone03-right-hind-leg-20260920-171839.csv:1,press,0.725,-174120.80000000063,-0.4229980443839825
original:pressure-zone03-right-hind-leg-20260920-171839.csv:1,press,0.750,-318714.80000000563,-0.7742655507913702
original:pressure-zone03-right-hind-leg-20260920-171839.csv:1,press,0.775,-470410.8000000064,-1.1427862062264054
original:pressure-zone03-right-hind-leg-20260920-171839.csv:1,press,0.800,-581431.0000000007,-1.4124916491552
original:pressure-zone03-right-hind-leg-20260920-171839.csv:1,release,-0.400,-29316.680000000004,-0.04476936280423556
original:pressure-zone03-right-hind-leg-20260920-171839.csv:1,release,-0.375,-31569.72000000003,-0.04820996948863693
original:pressure-zone03-right-hind-leg-20260920-171839.csv:1,release,-0.350,-41915.48000000003,-0.06400893045302812
original:pressure-zone03-right-hind-leg-20260920-171839.csv:1,release,-0.325,-44611.879999999976,-0.06812659008793011
original:pressure-zone03-right-hind-leg-20260920-171839.csv:1,release,-0.300,-36737.61538461542,-0.05610183798835043
original:pressure-zone03-right-hind-leg-20260920-171839.csv:1,release,-0.275,-44606.27999999976,-0.06811803835452396
original:pressure-zone03-right-hind-leg-20260920-171839.csv:1,release,-0.250,-68413.39999999988,-0.10447377824744422
original:pressure-zone03-right-hind-leg-20260920-171839.csv:1,release,-0.225,-85214.3200000001,-0.13013038339253388
original:pressure-zone03-right-hind-leg-20260920-171839.csv:1,release,-0.200,-88225.24000000002,-0.13472834502579267
original:pressure-zone03-right-hind-leg-20260920-171839.csv:1,release,-0.175,-85291.923076923,-0.13024889068276888
original:pressure-zone03-right-hind-leg-20260920-171839.csv:1,release,-0.150,-83436.64000000029,-0.12741569670666683
original:pressure-zone03-right-hind-leg-20260920-171839.csv:1,release,-0.125,-106430.64000000113,-0.1625297249090632
original:pressure-zone03-right-hind-leg-20260920-171839.csv:1,release,-0.100,-198273.04000000225,-0.3027818177931065
original:pressure-zone03-right-hind-leg-20260920-171839.csv:1,release,-0.075,-356410.04000000726,-0.5442720795066982
original:pressure-zone03-right-hind-leg-20260920-171839.csv:1,release,-0.050,-504462.0000000013,-0.7703615245297329
original:pressure-zone03-right-hind-leg-20260920-171839.csv:1,release,-0.025,-603730.3076923084,-0.9219536857853522
original:pressure-zone03-right-hind-leg-20260920-171839.csv:1,release,0.000,-654838.0,-1.0
original:pressure-zone03-right-hind-leg-20260920-171839.csv:1,release,0.025,-652893.9999999973,-0.9970313268319757
original:pressure-zone03-right-hind-leg-20260920-171839.csv:1,release,0.050,-578825.9999999958,-0.8839224357780028
original:pressure-zone03-right-hind-leg-20260920-171839.csv:1,release,0.075,-460867.0,-0.7037878070606776
original:pressure-zone03-right-hind-leg-20260920-171839.csv:1,release,0.100,-344543.99999999674,-0.5261515061740412
original:pressure-zone03-right-hind-leg-20260920-171839.csv:1,release,0.125,-252249.7692307672,-0.38520942466803576
original:pressure-zone03-right-hind-leg-20260920-171839.csv:1,release,0.150,-178019.11999999834,-0.27185215274617286
original:pressure-zone03-right-hind-leg-20260920-171839.csv:1,release,0.175,-124685.75999999882,-0.19040703196821018
original:pressure-zone03-right-hind-leg-20260920-171839.csv:1,release,0.200,-89282.63999999926,-0.13634309554424034
original:pressure-zone03-right-hind-leg-20260920-171839.csv:1,release,0.225,-66093.39999999948,-0.1009309172650327
original:pressure-zone03-right-hind-leg-20260920-171839.csv:1,release,0.250,-49591.71999999908,-0.07573128010286373
original:pressure-zone03-right-hind-leg-20260920-171839.csv:1,release,0.275,-38132.76923076911,-0.05823237080128079
original:pressure-zone03-right-hind-leg-20260920-171839.csv:1,release,0.300,-30312.67999999968,-0.04629034967427009
original:pressure-zone03-right-hind-leg-20260920-171839.csv:1,release,0.325,-25623.4399999998,-0.03912943353928727
original:pressure-zone03-right-hind-leg-20260920-171839.csv:1,release,0.350,-21037.839999999804,-0.03212678555612198
original:pressure-zone03-right-hind-leg-20260920-171839.csv:1,release,0.375,-16445.35999999979,-0.025113631157629504
original:pressure-zone03-right-hind-leg-20260920-171839.csv:1,release,0.400,-14645.807692307646,-0.02236554337455622
original:pressure-zone03-right-hind-leg-20260920-171839.csv:1,release,0.425,-13824.519999999977,-0.021111358839896243
original:pressure-zone03-right-hind-leg-20260920-171839.csv:1,release,0.450,-14211.440000000035,-0.021702222534428415
original:pressure-zone03-right-hind-leg-20260920-171839.csv:1,release,0.475,-12604.879999999937,-0.01924885238791875
original:pressure-zone03-right-hind-leg-20260920-171839.csv:1,release,0.500,-10495.55999999993,-0.016027719832996758
original:pressure-zone03-right-hind-leg-20260920-171839.csv:1,release,0.525,-10114.039999999995,-0.015445102452820386
original:pressure-zone03-right-hind-leg-20260920-171839.csv:1,release,0.550,-10449.846153846174,-0.01595791043562862
original:pressure-zone03-right-hind-leg-20260920-171839.csv:1,release,0.575,-9726.919999999947,-0.014853933339238021
original:pressure-zone03-right-hind-leg-20260920-171839.csv:1,release,0.600,-7791.159999999958,-0.011897843436086419
original:pressure-zone03-right-hind-leg-20260920-171839.csv:1,release,0.625,-6192.679999999926,-0.009456812219205248
original:pressure-zone03-right-hind-leg-20260920-171839.csv:1,release,0.650,-5739.639999999986,-0.008764976986674545
original:pressure-zone03-right-hind-leg-20260920-171839.csv:1,release,0.675,-5070.679999999963,-0.0077434113475393345
original:pressure-zone03-right-hind-leg-20260920-171839.csv:1,release,0.700,-4624.69230769229,-0.007062345660594362
original:pressure-zone03-right-hind-leg-20260920-171839.csv:1,release,0.725,-4751.000000000009,-0.007255229537687198
original:pressure-zone03-right-hind-leg-20260920-171839.csv:1,release,0.750,-4204.399999999968,-0.006420519273469114
original:pressure-zone03-right-hind-leg-20260920-171839.csv:1,release,0.775,-3530.999999999972,-0.005392173331419331
original:pressure-zone03-right-hind-leg-20260920-171839.csv:1,release,0.800,-2655.999999999967,-0.0040559649867600335
original:pressure-zone03-right-hind-leg-20260920-171839.csv:2,press,-0.400,3621.9799999999505,0.007440164580142848
original:pressure-zone03-right-hind-leg-20260920-171839.csv:2,press,-0.375,4486.3076923075705,0.009215641054873202
original:pressure-zone03-right-hind-leg-20260920-171839.csv:2,press,-0.350,6336.179999999929,0.01301559423558651
original:pressure-zone03-right-hind-leg-20260920-171839.csv:2,press,-0.325,8117.980000000049,0.016675715287856153
original:pressure-zone03-right-hind-leg-20260920-171839.csv:2,press,-0.300,10089.499999999876,0.02072555357328074
original:pressure-zone03-right-hind-leg-20260920-171839.csv:2,press,-0.275,12976.899999999783,0.02665676556470644
original:pressure-zone03-right-hind-leg-20260920-171839.csv:2,press,-0.250,17790.139999999752,0.03654398133169771
original:pressure-zone03-right-hind-leg-20260920-171839.csv:2,press,-0.225,23309.038461538203,0.04788073991538502
original:pressure-zone03-right-hind-leg-20260920-171839.csv:2,press,-0.200,29590.699999999666,0.06078434393387967
original:pressure-zone03-right-hind-leg-20260920-171839.csv:2,press,-0.175,44779.01999999751,0.09198374329441196
original:pressure-zone03-right-hind-leg-20260920-171839.csv:2,press,-0.150,72651.2199999991,0.14923799517064323
original:pressure-zone03-right-hind-leg-20260920-171839.csv:2,press,-0.125,112943.49999999865,0.23200520937646402
original:pressure-zone03-right-hind-leg-20260920-171839.csv:2,press,-0.100,173530.25999999803,0.356460746341775
original:pressure-zone03-right-hind-leg-20260920-171839.csv:2,press,-0.075,261249.73076922863,0.5366514981974214
original:pressure-zone03-right-hind-leg-20260920-171839.csv:2,press,-0.050,359780.5,0.7390505007554212
original:pressure-zone03-right-hind-leg-20260920-171839.csv:2,press,-0.025,445370.49999999395,0.9148669565101162
original:pressure-zone03-right-hind-leg-20260920-171839.csv:2,press,0.000,486814.5,1.0
original:pressure-zone03-right-hind-leg-20260920-171839.csv:2,press,0.025,481912.5,0.9899304560566704
original:pressure-zone03-right-hind-leg-20260920-171839.csv:2,press,0.050,433800.5,0.8911002034655912
original:pressure-zone03-right-hind-leg-20260920-171839.csv:2,press,0.075,361324.53846153687,0.7422222190619566
original:pressure-zone03-right-hind-leg-20260920-171839.csv:2,press,0.100,291586.46000000334,0.5989683133924798
original:pressure-zone03-right-hind-leg-20260920-171839.csv:2,press,0.125,242736.8600000023,0.4986229046176774
original:pressure-zone03-right-hind-leg-20260920-171839.csv:2,press,0.150,199692.06000000206,0.41020154494166067
original:pressure-zone03-right-hind-leg-20260920-171839.csv:2,press,0.175,164407.2999999993,0.3377206307536018
original:pressure-zone03-right-hind-leg-20260920-171839.csv:2,press,0.200,144047.53999999954,0.2958982117418432
original:pressure-zone03-right-hind-leg-20260920-171839.csv:2,press,0.225,122167.96153846057,0.2509538264338071
original:pressure-zone03-right-hind-leg-20260920-171839.csv:2,press,0.250,96760.06000000067,0.19876166383704813
original:pressure-zone03-right-hind-leg-20260920-171839.csv:2,press,0.275,81847.42000000036,0.16812855820851755
original:pressure-zone03-right-hind-leg-20260920-171839.csv:2,press,0.300,68838.50000000033,0.14140601810340558
original:pressure-zone03-right-hind-leg-20260920-171839.csv:2,press,0.325,52824.14000000042,0.10850979171737987
original:pressure-zone03-right-hind-leg-20260920-171839.csv:2,press,0.350,40626.85999999953,0.08345449858210782
original:pressure-zone03-right-hind-leg-20260920-171839.csv:2,press,0.375,30181.38461538467,0.061997710863962906
original:pressure-zone03-right-hind-leg-20260920-171839.csv:2,press,0.400,24706.180000000015,0.05075070689143404
original:pressure-zone03-right-hind-leg-20260920-171839.csv:2,press,0.425,23588.18,0.04845414423769218
original:pressure-zone03-right-hind-leg-20260920-171839.csv:2,press,0.450,27676.019999999986,0.05685126470144169
original:pressure-zone03-right-hind-leg-20260920-171839.csv:2,press,0.475,31036.61999999999,0.06375451018817227
original:pressure-zone03-right-hind-leg-20260920-171839.csv:2,press,0.500,26656.700000000063,0.0547574075957065
original:pressure-zone03-right-hind-leg-20260920-171839.csv:2,press,0.525,7914.192307693207,0.016257100615723663
original:pressure-zone03-right-hind-leg-20260920-171839.csv:2,press,0.550,-16286.46000000021,-0.033455166187531825
original:pressure-zone03-right-hind-leg-20260920-171839.csv:2,press,0.575,-35792.70000000037,-0.07352430956760814
original:pressure-zone03-right-hind-leg-20260920-171839.csv:2,press,0.600,-60938.10000000053,-0.12517724923970122
original:pressure-zone03-right-hind-leg-20260920-171839.csv:2,press,0.625,-99966.53999999788,-0.20534832056152372
original:pressure-zone03-right-hind-leg-20260920-171839.csv:2,press,0.650,-130481.38461538368,-0.2680310151307812
original:pressure-zone03-right-hind-leg-20260920-171839.csv:2,press,0.675,-146167.69999999963,-0.30025338193500734
original:pressure-zone03-right-hind-leg-20260920-171839.csv:2,press,0.700,-166904.30000000066,-0.34284989456969883
original:pressure-zone03-right-hind-leg-20260920-171839.csv:2,press,0.725,-190975.50000000105,-0.3922962442573117
original:pressure-zone03-right-hind-leg-20260920-171839.csv:2,press,0.750,-217617.50000000116,-0.4470234555462115
original:pressure-zone03-right-hind-leg-20260920-171839.csv:2,press,0.775,-285352.09999999776,-0.5861618748003558
original:pressure-zone03-right-hind-leg-20260920-171839.csv:2,press,0.800,-420518.57692307525,-0.8638168684849675
original:pressure-zone03-right-hind-leg-20260920-171839.csv:2,release,-0.400,28624.38000000001,0.03896612630199029
original:pressure-zone03-right-hind-leg-20260920-171839.csv:2,release,-0.375,30768.299999999937,0.0418846264581984
original:pressure-zone03-right-hind-leg-20260920-171839.csv:2,release,-0.350,23540.230769229365,0.032045116971329654
original:pressure-zone03-right-hind-leg-20260920-171839.csv:2,release,-0.325,2632.979999999222,0.003584253396251169
original:pressure-zone03-right-hind-leg-20260920-171839.csv:2,release,-0.300,-21747.900000000474,-0.029605232260159795
original:pressure-zone03-right-hind-leg-20260920-171839.csv:2,release,-0.275,-40862.700000000674,-0.05562604776908231
original:pressure-zone03-right-hind-leg-20260920-171839.csv:2,release,-0.250,-68478.98000000106,-0.09321985607064702
original:pressure-zone03-right-hind-leg-20260920-171839.csv:2,release,-0.225,-108870.34615384693,-0.1482042810629331
original:pressure-zone03-right-hind-leg-20260920-171839.csv:2,release,-0.200,-136668.4600000006,-0.18604561824076293
original:pressure-zone03-right-hind-leg-20260920-171839.csv:2,release,-0.175,-149579.33999999956,-0.2036210899452959
original:pressure-zone03-right-hind-leg-20260920-171839.csv:2,release,-0.150,-172439.10000000117,-0.23473988781596586
original:pressure-zone03-right-hind-leg-20260920-171839.csv:2,release,-0.125,-196941.70000000132,-0.26809506987849974
original:pressure-zone03-right-hind-leg-20260920-171839.csv:2,release,-0.100,-226173.18000000378,-0.3078876362737963
original:pressure-zone03-right-hind-leg-20260920-171839.csv:2,release,-0.075,-306905.1538461612,-0.4177873891941511
original:pressure-zone03-right-hind-leg-20260920-171839.csv:2,release,-0.050,-456396.50000001263,-0.6212886938612049
original:pressure-zone03-right-hind-leg-20260920-171839.csv:2,release,-0.025,-634155.5,-0.863270516535268
original:pressure-zone03-right-hind-leg-20260920-171839.csv:2,release,0.000,-734596.5,-1.0
original:pressure-zone03-right-hind-leg-20260920-171839.csv:2,release,0.025,-694130.4999999908,-0.9449139765844117
original:pressure-zone03-right-hind-leg-20260920-171839.csv:2,release,0.050,-564478.4999999902,-0.7684198059751036
original:pressure-zone03-right-hind-leg-20260920-171839.csv:2,release,0.075,-427456.4999999922,-0.5818929167236602
original:pressure-zone03-right-hind-leg-20260920-171839.csv:2,release,0.100,-317293.03846153605,-0.43192832862875885
original:pressure-zone03-right-hind-leg-20260920-171839.csv:2,release,0.125,-227427.29999999798,-0.3095948592186295
original:pressure-zone03-right-hind-leg-20260920-171839.csv:2,release,0.150,-161408.8999999985,-0.21972456988292008
original:pressure-zone03-right-hind-leg-20260920-171839.csv:2,release,0.175,-114986.33999999585,-0.15652993173803012
original:pressure-zone03-right-hind-leg-20260920-171839.csv:2,release,0.200,-82092.01999999696,-0.11175117224217235
original:pressure-zone03-right-hind-leg-20260920-171839.csv:2,release,0.225,-60011.653846151356,-0.08169335661979243
original:pressure-zone03-right-hind-leg-20260920-171839.csv:2,release,0.250,-45041.61999999934,-0.061314776207073325
original:pressure-zone03-right-hind-leg-20260920-171839.csv:2,release,0.275,-34927.85999999956,-0.04754700029199643
original:pressure-zone03-right-hind-leg-20260920-171839.csv:2,release,0.300,-26980.779999999646,-0.03672870752855431
original:pressure-zone03-right-hind-leg-20260920-171839.csv:2,release,0.325,-22313.1799999998,-0.03037474314130247
original:pressure-zone03-right-hind-leg-20260920-171839.csv:2,release,0.350,-19521.659999999705,-0.026574670584463316
original:pressure-zone03-right-hind-leg-20260920-171839.csv:2,release,0.375,-16372.576923076715,-0.02228785043636434
original:pressure-zone03-right-hind-leg-20260920-171839.csv:2,release,0.400,-13116.299999999777,-0.017855108212467358
original:pressure-zone03-right-hind-leg-20260920-171839.csv:2,release,0.425,-10317.699999999813,-0.01404539771153254
original:pressure-zone03-right-hind-leg-20260920-171839.csv:2,release,0.450,-9040.859999999926,-0.012307246222926362
original:pressure-zone03-right-hind-leg-20260920-171839.csv:2,release,0.475,-7263.259999999872,-0.009887414383270097
original:pressure-zone03-right-hind-leg-20260920-171839.csv:2,release,0.500,-5696.4999999999745,-0.007754597251688478
original:pressure-zone03-right-hind-leg-20260920-171839.csv:2,release,0.525,-5717.940000000006,-0.007783783342283833
original:pressure-zone03-right-hind-leg-20260920-171839.csv:2,release,0.550,-5402.259999999966,-0.007354050829264726
original:pressure-zone03-right-hind-leg-20260920-171839.csv:2,release,0.575,-4021.2599999998583,-0.0054741072139601245
original:pressure-zone03-right-hind-leg-20260920-171839.csv:2,release,0.600,-2961.7399999999125,-0.004031791602600764
original:pressure-zone03-right-hind-leg-20260920-171839.csv:2,release,0.625,-2334.579999999989,-0.0031780440010263987
original:pressure-zone03-right-hind-leg-20260920-171839.csv:2,release,0.650,-1439.2307692307324,-0.001959212668765414
original:pressure-zone03-right-hind-leg-20260920-171839.csv:2,release,0.675,-790.6999999999757,-0.0010763732198560375
original:pressure-zone03-right-hind-leg-20260920-171839.csv:2,release,0.700,-378.0999999999841,-0.000514704330880945
original:pressure-zone03-right-hind-leg-20260920-171839.csv:2,release,0.725,175.70000000005956,0.00023917892339544167
original:pressure-zone03-right-hind-leg-20260920-171839.csv:2,release,0.750,1309.100000000144,0.0017820667536533922
original:pressure-zone03-right-hind-leg-20260920-171839.csv:2,release,0.775,2547.3000000000525,0.0034676179371941635
original:pressure-zone03-right-hind-leg-20260920-171839.csv:2,release,0.800,1503.4999999999031,0.0020467018288269864
original:pressure-zone03-right-hind-leg-20260920-171839.csv:3,press,-0.400,1426.579999999976,0.0029343082959237226
original:pressure-zone03-right-hind-leg-20260920-171839.csv:3,press,-0.375,1934.4199999999864,0.00397887581054047
original:pressure-zone03-right-hind-leg-20260920-171839.csv:3,press,-0.350,2234.2199999999875,0.004595529364577362
original:pressure-zone03-right-hind-leg-20260920-171839.csv:3,press,-0.325,2458.819999999981,0.005057505309329469
original:pressure-zone03-right-hind-leg-20260920-171839.csv:3,press,-0.300,1869.0599999999451,0.0038444379309811746
original:pressure-zone03-right-hind-leg-20260920-171839.csv:3,press,-0.275,3106.2692307691614,0.006389232691625218
original:pressure-zone03-right-hind-leg-20260920-171839.csv:3,press,-0.250,4723.779999999945,0.009716263260468136
original:pressure-zone03-right-hind-leg-20260920-171839.csv:3,press,-0.225,7214.899999999898,0.014840205893998318
original:pressure-zone03-right-hind-leg-20260920-171839.csv:3,press,-0.200,11938.859999999804,0.02455683939342477
original:pressure-zone03-right-hind-leg-20260920-171839.csv:3,press,-0.175,22124.41999999959,0.045507345643777855
original:pressure-zone03-right-hind-leg-20260920-171839.csv:3,press,-0.150,40571.76923076861,0.08345138655676454
original:pressure-zone03-right-hind-leg-20260920-171839.csv:3,press,-0.125,69203.5,0.14234350976248142
original:pressure-zone03-right-hind-leg-20260920-171839.csv:3,press,-0.100,118892.5,0.24454797422725472
original:pressure-zone03-right-hind-leg-20260920-171839.csv:3,press,-0.075,200945.5,0.4133214034113406
original:pressure-zone03-right-hind-leg-20260920-171839.csv:3,press,-0.050,309087.5,0.63575685584849
original:pressure-zone03-right-hind-leg-20260920-171839.csv:3,press,-0.025,416184.49999999243,0.8560428654438341
original:pressure-zone03-right-hind-leg-20260920-171839.csv:3,press,0.000,486172.5,1.0
original:pressure-zone03-right-hind-leg-20260920-171839.csv:3,press,0.025,476839.8076923075,0.9808037428943586
original:pressure-zone03-right-hind-leg-20260920-171839.csv:3,press,0.050,403350.97999999824,0.8296458150142145
original:pressure-zone03-right-hind-leg-20260920-171839.csv:3,press,0.075,322257.45999999816,0.6628459240290189
original:pressure-zone03-right-hind-leg-20260920-171839.csv:3,press,0.100,263338.9400000028,0.5416574158349203
original:pressure-zone03-right-hind-leg-20260920-171839.csv:3,press,0.125,223842.54000000187,0.46041793807753806
original:pressure-zone03-right-hind-leg-20260920-171839.csv:3,press,0.150,196604.26923076995,0.4043919991993993
original:pressure-zone03-right-hind-leg-20260920-171839.csv:3,press,0.175,176590.6600000005,0.3632263445587739
original:pressure-zone03-right-hind-leg-20260920-171839.csv:3,press,0.200,153006.17999999906,0.3147158261728071
original:pressure-zone03-right-hind-leg-20260920-171839.csv:3,press,0.225,122889.73999999861,0.2527698296386542
original:pressure-zone03-right-hind-leg-20260920-171839.csv:3,press,0.250,102570.1800000005,0.2109748700307
original:pressure-zone03-right-hind-leg-20260920-171839.csv:3,press,0.275,86699.4600000004,0.17833065424309355
original:pressure-zone03-right-hind-leg-20260920-171839.csv:3,press,0.300,71748.2692307693,0.14757780259222664
original:pressure-zone03-right-hind-leg-20260920-171839.csv:3,press,0.325,60731.94000000003,0.1249185011492835
original:pressure-zone03-right-hind-leg-20260920-171839.csv:3,press,0.350,57806.77999999989,0.11890178897407791
original:pressure-zone03-right-hind-leg-20260920-171839.csv:3,press,0.375,51070.14000000002,0.10504530799253356
original:pressure-zone03-right-hind-leg-20260920-171839.csv:3,press,0.400,30571.700000000063,0.06288241313525562
original:pressure-zone03-right-hind-leg-20260920-171839.csv:3,press,0.425,12069.820000000052,0.02482620880448823
original:pressure-zone03-right-hind-leg-20260920-171839.csv:3,press,0.450,-673.8846153848135,-0.001386101878211568
original:pressure-zone03-right-hind-leg-20260920-171839.csv:3,press,0.475,-14980.940000000293,-0.030814042340939263
original:pressure-zone03-right-hind-leg-20260920-171839.csv:3,press,0.500,-28585.419999999314,-0.058796867367033954
original:pressure-zone03-right-hind-leg-20260920-171839.csv:3,press,0.525,-35911.14000000005,-0.07386501704641882
original:pressure-zone03-right-hind-leg-20260920-171839.csv:3,press,0.550,-45086.820000000196,-0.09273831818953189
original:pressure-zone03-right-hind-leg-20260920-171839.csv:3,press,0.575,-60875.61538461603,-0.12521402462010095
original:pressure-zone03-right-hind-leg-20260920-171839.csv:3,press,0.600,-77400.3000000007,-0.15920336917452282
original:pressure-zone03-right-hind-leg-20260920-171839.csv:3,press,0.625,-83779.6999999999,-0.17232504923663905
original:pressure-zone03-right-hind-leg-20260920-171839.csv:3,press,0.650,-86362.29999999993,-0.17763715553635784
original:pressure-zone03-right-hind-leg-20260920-171839.csv:3,press,0.675,-92262.50000000019,-0.18977317721590625
original:pressure-zone03-right-hind-leg-20260920-171839.csv:3,press,0.700,-92868.49999999996,-0.1910196483758336
original:pressure-zone03-right-hind-leg-20260920-171839.csv:3,press,0.725,-104818.73076923168,-0.2155998761123504
original:pressure-zone03-right-hind-leg-20260920-171839.csv:3,press,0.750,-158570.3400000043,-0.32616065285470547
original:pressure-zone03-right-hind-leg-20260920-171839.csv:3,press,0.775,-264934.8199999993,-0.5449399544400378
original:pressure-zone03-right-hind-leg-20260920-171839.csv:3,press,0.800,-397869.17999999924,-0.8183703932246255
original:pressure-zone03-right-hind-leg-20260920-171839.csv:3,release,-0.400,-18946.060000000038,-0.031108505881879734
original:pressure-zone03-right-hind-leg-20260920-171839.csv:3,release,-0.375,-31468.02000000007,-0.05166895308370761
original:pressure-zone03-right-hind-leg-20260920-171839.csv:3,release,-0.350,-38068.26000000072,-0.0625062250474741
original:pressure-zone03-right-hind-leg-20260920-171839.csv:3,release,-0.325,-48679.23076923207,-0.07992892119575436
original:pressure-zone03-right-hind-leg-20260920-171839.csv:3,release,-0.300,-65577.18000000042,-0.10767452914997076
original:pressure-zone03-right-hind-leg-20260920-171839.csv:3,release,-0.275,-80994.0200000001,-0.1329882280308984
original:pressure-zone03-right-hind-leg-20260920-171839.csv:3,release,-0.250,-84734.38000000006,-0.13912971660743337
original:pressure-zone03-right-hind-leg-20260920-171839.csv:3,release,-0.225,-87359.3000000002,-0.14343970714158497
original:pressure-zone03-right-hind-leg-20260920-171839.csv:3,release,-0.200,-93548.8999999999,-0.1536027282661076
original:pressure-zone03-right-hind-leg-20260920-171839.csv:3,release,-0.175,-93893.42307692349,-0.15416841834440992
original:pressure-zone03-right-hind-leg-20260920-171839.csv:3,release,-0.150,-111097.86000000319,-0.18241726413166345
original:pressure-zone03-right-hind-leg-20260920-171839.csv:3,release,-0.125,-179159.78000000576,-0.29417161509709394
original:pressure-zone03-right-hind-leg-20260920-171839.csv:3,release,-0.100,-299018.2200000066,-0.4909733240399004
original:pressure-zone03-right-hind-leg-20260920-171839.csv:3,release,-0.075,-435208.0200000053,-0.7145903290716578
original:pressure-zone03-right-hind-leg-20260920-171839.csv:3,release,-0.050,-542958.6923076953,-0.8915116743677384
original:pressure-zone03-right-hind-leg-20260920-171839.csv:3,release,-0.025,-603613.5,-0.99110390841853
original:pressure-zone03-right-hind-leg-20260920-171839.csv:3,release,0.000,-609031.5,-1.0
original:pressure-zone03-right-hind-leg-20260920-171839.csv:3,release,0.025,-537032.499999992,-0.8817811558186924
original:pressure-zone03-right-hind-leg-20260920-171839.csv:3,release,0.050,-424707.4999999924,-0.6973489876960262
original:pressure-zone03-right-hind-leg-20260920-171839.csv:3,release,0.075,-316986.4999999938,-0.5204763628810558
original:pressure-zone03-right-hind-leg-20260920-171839.csv:3,release,0.100,-229398.5,-0.3766611415008912
original:pressure-zone03-right-hind-leg-20260920-171839.csv:3,release,0.125,-165196.57692307554,-0.27124471710096365
original:pressure-zone03-right-hind-leg-20260920-171839.csv:3,release,0.150,-115185.29999999888,-0.18912864112939787
original:pressure-zone03-right-hind-leg-20260920-171839.csv:3,release,0.175,-81352.81999999698,-0.1335773601201202
original:pressure-zone03-right-hind-leg-20260920-171839.csv:3,release,0.200,-60121.81999999806,-0.09871709427180377
original:pressure-zone03-right-hind-leg-20260920-171839.csv:3,release,0.225,-45953.29999999869,-0.07545307590822263
original:pressure-zone03-right-hind-leg-20260920-171839.csv:3,release,0.250,-37059.34615384578,-0.0608496377508319
original:pressure-zone03-right-hind-leg-20260920-171839.csv:3,release,0.275,-30300.7799999997,-0.04975240196935577
original:pressure-zone03-right-hind-leg-20260920-171839.csv:3,release,0.300,-24963.73999999976,-0.04098924275673715
original:pressure-zone03-right-hind-leg-20260920-171839.csv:3,release,0.325,-20631.819999999807,-0.03387644153052807
original:pressure-zone03-right-hind-leg-20260920-171839.csv:3,release,0.350,-18862.739999999827,-0.030971698508204956
original:pressure-zone03-right-hind-leg-20260920-171839.csv:3,release,0.375,-16877.33999999991,-0.02771176860310166
original:pressure-zone03-right-hind-leg-20260920-171839.csv:3,release,0.400,-13958.15384615365,-0.022918607405616374
original:pressure-zone03-right-hind-leg-20260920-171839.csv:3,release,0.425,-11673.05999999985,-0.019166594831301585
original:pressure-zone03-right-hind-leg-20260920-171839.csv:3,release,0.450,-11296.099999999991,-0.018547644908350376
original:pressure-zone03-right-hind-leg-20260920-171839.csv:3,release,0.475,-11169.619999999992,-0.0183399709210443
original:pressure-zone03-right-hind-leg-20260920-171839.csv:3,release,0.500,-11139.539999999999,-0.01829058102906007
original:pressure-zone03-right-hind-leg-20260920-171839.csv:3,release,0.525,-10595.96153846152,-0.01739805172386243
original:pressure-zone03-right-hind-leg-20260920-171839.csv:3,release,0.550,-10026.259999999955,-0.016462629601260288
original:pressure-zone03-right-hind-leg-20260920-171839.csv:3,release,0.575,-9439.220000000023,-0.015498738570993492
original:pressure-zone03-right-hind-leg-20260920-171839.csv:3,release,0.600,-8942.139999999961,-0.014682557470344245
original:pressure-zone03-right-hind-leg-20260920-171839.csv:3,release,0.625,-8824.339999999997,-0.014489135619421977
original:pressure-zone03-right-hind-leg-20260920-171839.csv:3,release,0.650,-8634.219999999978,-0.01417696785798432
original:pressure-zone03-right-hind-leg-20260920-171839.csv:3,release,0.675,-7796.653846153809,-0.012801725109709118
original:pressure-zone03-right-hind-leg-20260920-171839.csv:3,release,0.700,-6709.499999999968,-0.011016671551471423
original:pressure-zone03-right-hind-leg-20260920-171839.csv:3,release,0.725,-4847.899999999883,-0.007960015204467886
original:pressure-zone03-right-hind-leg-20260920-171839.csv:3,release,0.750,-3069.6999999999516,-0.005040297587234735
original:pressure-zone03-right-hind-leg-20260920-171839.csv:3,release,0.775,-2306.6999999999102,-0.003787488824469523
original:pressure-zone03-right-hind-leg-20260920-171839.csv:3,release,0.800,-2710.7307692308527,-0.004450887629344053
original:pressure-zone03-right-hind-leg-20260920-171839.csv:4,press,-0.400,1091.0199999999982,0.0030554835963306813
original:pressure-zone03-right-hind-leg-20260920-171839.csv:4,press,-0.375,1000.1399999999979,0.0028009673186872525
original:pressure-zone03-right-hind-leg-20260920-171839.csv:4,press,-0.350,1501.8461538459553,0.00420603314997768
original:pressure-zone03-right-hind-leg-20260920-171839.csv:4,press,-0.325,3111.299999999864,0.008713429738467901
original:pressure-zone03-right-hind-leg-20260920-171839.csv:4,press,-0.300,6583.619999999786,0.018437923149414292
original:pressure-zone03-right-hind-leg-20260920-171839.csv:4,press,-0.275,10867.499999999785,0.03043525140063709
original:pressure-zone03-right-hind-leg-20260920-171839.csv:4,press,-0.250,16255.21999999978,0.045523966622743696
original:pressure-zone03-right-hind-leg-20260920-171839.csv:4,press,-0.225,22445.57692307632,0.06286052693684653
original:pressure-zone03-right-hind-leg-20260920-171839.csv:4,press,-0.200,36513.260000001,0.10225813182027868
original:pressure-zone03-right-hind-leg-20260920-171839.csv:4,press,-0.175,58668.65999999758,0.1643059964516644
original:pressure-zone03-right-hind-leg-20260920-171839.csv:4,press,-0.150,85953.46000000196,0.24071913170965864
original:pressure-zone03-right-hind-leg-20260920-171839.csv:4,press,-0.125,129535.69999999482,0.3627744738769198
original:pressure-zone03-right-hind-leg-20260920-171839.csv:4,press,-0.100,186893.85999999396,0.5234103164789878
original:pressure-zone03-right-hind-leg-20260920-171839.csv:4,press,-0.075,253146.34615384886,0.7089553886676091
original:pressure-zone03-right-hind-leg-20260920-171839.csv:4,press,-0.050,315042.4999999912,0.8823002244660807
original:pressure-zone03-right-hind-leg-20260920-171839.csv:4,press,-0.025,355235.5,0.9948637450132257
original:pressure-zone03-right-hind-leg-20260920-171839.csv:4,press,0.000,357069.5,1.0
original:pressure-zone03-right-hind-leg-20260920-171839.csv:4,press,0.025,332943.50000000343,0.9324333218043083
original:pressure-zone03-right-hind-leg-20260920-171839.csv:4,press,0.050,310408.5,0.8693223588125001
original:pressure-zone03-right-hind-leg-20260920-171839.csv:4,press,0.075,293252.50000000244,0.8212756900267384
original:pressure-zone03-right-hind-leg-20260920-171839.csv:4,press,0.100,272060.19230769336,0.7619250378643188
original:pressure-zone03-right-hind-leg-20260920-171839.csv:4,press,0.125,249524.18000000116,0.698811239828664
original:pressure-zone03-right-hind-leg-20260920-171839.csv:4,press,0.150,227252.81999999797,0.6364386204926435
original:pressure-zone03-right-hind-leg-20260920-171839.csv:4,press,0.175,212807.30000000063,0.5959828548783938
original:pressure-zone03-right-hind-leg-20260920-171839.csv:4,press,0.200,195364.7400000009,0.5471336532523805
original:pressure-zone03-right-hind-leg-20260920-171839.csv:4,press,0.225,157775.34615384447,0.4418617276296196
original:pressure-zone03-right-hind-leg-20260920-171839.csv:4,press,0.250,116349.46000000379,0.32584541664859024
original:pressure-zone03-right-hind-leg-20260920-171839.csv:4,press,0.275,91538.93999999907,0.2563616886908545
original:pressure-zone03-right-hind-leg-20260920-171839.csv:4,press,0.300,67592.41999999905,0.18929765773889692
original:pressure-zone03-right-hind-leg-20260920-171839.csv:4,press,0.325,41752.500000002365,0.11693101763102803
original:pressure-zone03-right-hind-leg-20260920-171839.csv:4,press,0.350,30295.859999999593,0.08484583533457658
original:pressure-zone03-right-hind-leg-20260920-171839.csv:4,press,0.375,22736.19230769235,0.06367441718682874
original:pressure-zone03-right-hind-leg-20260920-171839.csv:4,press,0.400,8692.579999999914,0.024344224303671735
original:pressure-zone03-right-hind-leg-20260920-171839.csv:4,press,0.425,-6640.419999999824,-0.01859699582294154
original:pressure-zone03-right-hind-leg-20260920-171839.csv:4,press,0.450,-17556.659999998592,-0.049168747260683404
original:pressure-zone03-right-hind-leg-20260920-171839.csv:4,press,0.475,-29144.939999999864,-0.08162259728148123
original:pressure-zone03-right-hind-leg-20260920-171839.csv:4,press,0.500,-39521.49999999945,-0.11068293427469847
original:pressure-zone03-right-hind-leg-20260920-171839.csv:4,press,0.525,-51018.14000000093,-0.14288013958067247
original:pressure-zone03-right-hind-leg-20260920-171839.csv:4,press,0.550,-78567.89999999879,-0.22003531525374972
original:pressure-zone03-right-hind-leg-20260920-171839.csv:4,press,0.575,-112094.77999999787,-0.31392986519430494
original:pressure-zone03-right-hind-leg-20260920-171839.csv:4,press,0.600,-127454.77999999953,-0.35694670085235375
original:pressure-zone03-right-hind-leg-20260920-171839.csv:4,press,0.625,-145563.5799999988,-0.4076617577250333
original:pressure-zone03-right-hind-leg-20260920-171839.csv:4,press,0.650,-176932.42307692437,-0.49551256289580703
original:pressure-zone03-right-hind-leg-20260920-171839.csv:4,press,0.675,-210267.90000000095,-0.5888710741186266
original:pressure-zone03-right-hind-leg-20260920-171839.csv:4,press,0.700,-256547.29999999577,-0.7184800157952325
original:pressure-zone03-right-hind-leg-20260920-171839.csv:4,press,0.725,-336258.50000000244,-0.9417172287187857
original:pressure-zone03-right-hind-leg-20260920-171839.csv:4,press,0.750,-447701.49999999,-1.2538217349843377
original:pressure-zone03-right-hind-leg-20260920-171839.csv:4,press,0.775,-549473.3461538451,-1.5388414472640342
original:pressure-zone03-right-hind-leg-20260920-171839.csv:4,press,0.800,-587927.4999999995,-1.6465351983297356
original:pressure-zone03-right-hind-leg-20260920-171839.csv:4,release,-0.400,5051.419999999825,0.008523366441380912
original:pressure-zone03-right-hind-leg-20260920-171839.csv:4,release,-0.375,-9723.339999999942,-0.016406394608672225
original:pressure-zone03-right-hind-leg-20260920-171839.csv:4,release,-0.350,-20205.059999998462,-0.03409241962657642
original:pressure-zone03-right-hind-leg-20260920-171839.csv:4,release,-0.325,-31779.000000000055,-0.05362137025641381
original:pressure-zone03-right-hind-leg-20260920-171839.csv:4,release,-0.300,-42091.179999999535,-0.07102132689226631
original:pressure-zone03-right-hind-leg-20260920-171839.csv:4,release,-0.275,-55342.30000000278,-0.09338021835619982
original:pressure-zone03-right-hind-leg-20260920-171839.csv:4,release,-0.250,-86184.85999999865,-0.14542151384741836
original:pressure-zone03-right-hind-leg-20260920-171839.csv:4,release,-0.225,-118492.8599999994,-0.1999354768495347
original:pressure-zone03-right-hind-leg-20260920-171839.csv:4,release,-0.200,-130886.45999999924,-0.22084745691215088
original:pressure-zone03-right-hind-leg-20260920-171839.csv:4,release,-0.175,-151346.7307692293,-0.25537049899854014
original:pressure-zone03-right-hind-leg-20260920-171839.csv:4,release,-0.150,-184995.6200000017,-0.3121469723979643
original:pressure-zone03-right-hind-leg-20260920-171839.csv:4,release,-0.125,-218899.94000000224,-0.369354439467789
original:pressure-zone03-right-hind-leg-20260920-171839.csv:4,release,-0.100,-269944.69999999204,-0.4554833288478586
original:pressure-zone03-right-hind-leg-20260920-171839.csv:4,release,-0.075,-358409.10000000533,-0.6047511581348782
original:pressure-zone03-right-hind-leg-20260920-171839.csv:4,release,-0.050,-475113.19230768323,-0.8016684099070762
original:pressure-zone03-right-hind-leg-20260920-171839.csv:4,release,-0.025,-572955.5,-0.9667597786572469
original:pressure-zone03-right-hind-leg-20260920-171839.csv:4,release,0.000,-592655.5,-1.0
original:pressure-zone03-right-hind-leg-20260920-171839.csv:4,release,0.025,-529686.499999985,-0.8937510914856691
original:pressure-zone03-right-hind-leg-20260920-171839.csv:4,release,0.050,-424247.5,-0.7158416651832304
original:pressure-zone03-right-hind-leg-20260920-171839.csv:4,release,0.075,-317418.5,-0.5355868628570898
original:pressure-zone03-right-hind-leg-20260920-171839.csv:4,release,0.100,-229096.5,-0.3865593080634534
original:pressure-zone03-right-hind-leg-20260920-171839.csv:4,release,0.125,-165394.57692308005,-0.27907372313777573
original:pressure-zone03-right-hind-leg-20260920-171839.csv:4,release,0.150,-117488.4199999957,-0.19824066426447692
original:pressure-zone03-right-hind-leg-20260920-171839.csv:4,release,0.175,-83724.5800000015,-0.1412702320319334
original:pressure-zone03-right-hind-leg-20260920-171839.csv:4,release,0.200,-60826.260000001144,-0.10263341857116173
original:pressure-zone03-right-hind-leg-20260920-171839.csv:4,release,0.225,-44547.33999999854,-0.0751656569457274
original:pressure-zone03-right-hind-leg-20260920-171839.csv:4,release,0.250,-34990.49999999959,-0.05904020126363392
original:pressure-zone03-right-hind-leg-20260920-171839.csv:4,release,0.275,-30165.459999999774,-0.05089881052314502
original:pressure-zone03-right-hind-leg-20260920-171839.csv:4,release,0.300,-26750.579999999867,-0.04513681219528017
original:pressure-zone03-right-hind-leg-20260920-171839.csv:4,release,0.325,-23523.940000000293,-0.03969243514993161
original:pressure-zone03-right-hind-leg-20260920-171839.csv:4,release,0.350,-20777.899999999892,-0.0350589845196744
original:pressure-zone03-right-hind-leg-20260920-171839.csv:4,release,0.375,-19084.899999999936,-0.032202350269254124
original:pressure-zone03-right-hind-leg-20260920-171839.csv:4,release,0.400,-18385.038461538377,-0.0310214592820591
original:pressure-zone03-right-hind-leg-20260920-171839.csv:4,release,0.425,-16986.979999999992,-0.02866248604796546
original:pressure-zone03-right-hind-leg-20260920-171839.csv:4,release,0.450,-16370.900000000005,-0.02762296140000389
original:pressure-zone03-right-hind-leg-20260920-171839.csv:4,release,0.475,-16136.38,-0.027227250907145888
original:pressure-zone03-right-hind-leg-20260920-171839.csv:4,release,0.500,-15089.060000000014,-0.025460086002745293
original:pressure-zone03-right-hind-leg-20260920-171839.csv:4,release,0.525,-13561.739999999794,-0.022883007075779765
original:pressure-zone03-right-hind-leg-20260920-171839.csv:4,release,0.550,-12189.576923076967,-0.020567727664852462
original:pressure-zone03-right-hind-leg-20260920-171839.csv:4,release,0.575,-11852.70000000001,-0.019999308198439075
original:pressure-zone03-right-hind-leg-20260920-171839.csv:4,release,0.600,-11769.859999999995,-0.019859530536711453
original:pressure-zone03-right-hind-leg-20260920-171839.csv:4,release,0.625,-11286.420000000022,-0.01904381213031858
original:pressure-zone03-right-hind-leg-20260920-171839.csv:4,release,0.650,-11377.100000000017,-0.019196818387748053
original:pressure-zone03-right-hind-leg-20260920-171839.csv:4,release,0.675,-11699.846153846167,-0.019741394712182992
original:pressure-zone03-right-hind-leg-20260920-171839.csv:4,release,0.700,-11958.89999999998,-0.02017850167593143
original:pressure-zone03-right-hind-leg-20260920-171839.csv:4,release,0.725,-11489.699999999983,-0.019386810718874596
original:pressure-zone03-right-hind-leg-20260920-171839.csv:4,release,0.750,-10474.899999999969,-0.017674517489502703
original:pressure-zone03-right-hind-leg-20260920-171839.csv:4,release,0.775,-10705.500000000033,-0.018063613684509858
original:pressure-zone03-right-hind-leg-20260920-171839.csv:4,release,0.800,-11626.50000000003,-0.01961763621530557
original:pressure-zone03-right-hind-leg-20260920-171839.csv:5,press,-0.400,2478.920000000012,0.006461679621722819
original:pressure-zone03-right-hind-leg-20260920-171839.csv:5,press,-0.375,3541.759999999993,0.009232132709822365
original:pressure-zone03-right-hind-leg-20260920-171839.csv:5,press,-0.350,4938.769230768866,0.012873648401259706
original:pressure-zone03-right-hind-leg-20260920-171839.csv:5,press,-0.325,7770.159999999815,0.020254096352251925
original:pressure-zone03-right-hind-leg-20260920-171839.csv:5,press,-0.300,12313.599999999831,0.0320972593670004
original:pressure-zone03-right-hind-leg-20260920-171839.csv:5,press,-0.275,15566.999999999889,0.040577738156680296
original:pressure-zone03-right-hind-leg-20260920-171839.csv:5,press,-0.250,18690.319999999716,0.04871914376723574
original:pressure-zone03-right-hind-leg-20260920-171839.csv:5,press,-0.225,26476.307692307022,0.06901449739154251
original:pressure-zone03-right-hind-leg-20260920-171839.csv:5,press,-0.200,42047.56000000096,0.10960331983088298
original:pressure-zone03-right-hind-leg-20260920-171839.csv:5,press,-0.175,63456.479999997355,0.16540890536291714
original:pressure-zone03-right-hind-leg-20260920-171839.csv:5,press,-0.150,93055.24000000191,0.24256254659389395
original:pressure-zone03-right-hind-leg-20260920-171839.csv:5,press,-0.125,135344.27999999525,0.3527953205398772
original:pressure-zone03-right-hind-leg-20260920-171839.csv:5,press,-0.100,187498.7199999951,0.4887437505539006
original:pressure-zone03-right-hind-leg-20260920-171839.csv:5,press,-0.075,241491.50000000247,0.6294840916081538
original:pressure-zone03-right-hind-leg-20260920-171839.csv:5,press,-0.050,297878.99999999197,0.7764666322588508
original:pressure-zone03-right-hind-leg-20260920-171839.csv:5,press,-0.025,355899.0,0.9277045308809959
original:pressure-zone03-right-hind-leg-20260920-171839.csv:5,press,0.000,383634.0,1.0
original:pressure-zone03-right-hind-leg-20260920-171839.csv:5,press,0.025,370126.0000000019,0.9647893565221068
original:pressure-zone03-right-hind-leg-20260920-171839.csv:5,press,0.050,341412.0,0.8899419759458234
original:pressure-zone03-right-hind-leg-20260920-171839.csv:5,press,0.075,314466.00000000384,0.8197031545692088
original:pressure-zone03-right-hind-leg-20260920-171839.csv:5,press,0.100,285996.76923077065,0.745493801985149
original:pressure-zone03-right-hind-leg-20260920-171839.csv:5,press,0.125,267063.44000000093,0.6961412179316769
original:pressure-zone03-right-hind-leg-20260920-171839.csv:5,press,0.150,249423.1199999984,0.650159057852011
original:pressure-zone03-right-hind-leg-20260920-171839.csv:5,press,0.175,213236.4400000017,0.5558330075019463
original:pressure-zone03-right-hind-leg-20260920-171839.csv:5,press,0.200,174847.92000000196,0.4557675284255357
original:pressure-zone03-right-hind-leg-20260920-171839.csv:5,press,0.225,150273.69230769126,0.3917110900172854
original:pressure-zone03-right-hind-leg-20260920-171839.csv:5,press,0.250,113460.24000000345,0.295751262922482
original:pressure-zone03-right-hind-leg-20260920-171839.csv:5,press,0.275,58055.919999997735,0.15133152953074477
original:pressure-zone03-right-hind-leg-20260920-171839.csv:5,press,0.300,10575.719999998139,0.02756721249940865
original:pressure-zone03-right-hind-leg-20260920-171839.csv:5,press,0.325,-12794.399999998059,-0.033350537230793044
original:pressure-zone03-right-hind-leg-20260920-171839.csv:5,press,0.350,-19193.080000000202,-0.0500296636898716
original:pressure-zone03-right-hind-leg-20260920-171839.csv:5,press,0.375,-24490.2692307692,-0.06383758798951397
original:pressure-zone03-right-hind-leg-20260920-171839.csv:5,press,0.400,-27504.000000000015,-0.0716933327077371
original:pressure-zone03-right-hind-leg-20260920-171839.csv:5,press,0.425,-19124.800000000112,-0.04985168155064491
original:pressure-zone03-right-hind-leg-20260920-171839.csv:5,press,0.450,-6036.880000001844,-0.015736040079872598
original:pressure-zone03-right-hind-leg-20260920-171839.csv:5,press,0.475,-927.4400000000446,-0.002417512524958801
original:pressure-zone03-right-hind-leg-20260920-171839.csv:5,press,0.500,-436.76923076923174,-0.0011385050093819416
original:pressure-zone03-right-hind-leg-20260920-171839.csv:5,press,0.525,613.4800000000994,0.001599128335862044
original:pressure-zone03-right-hind-leg-20260920-171839.csv:5,press,0.550,-3390.3599999998014,-0.00883748572858454
original:pressure-zone03-right-hind-leg-20260920-171839.csv:5,press,0.575,-11835.839999999433,-0.030851905722640415
original:pressure-zone03-right-hind-leg-20260920-171839.csv:5,press,0.600,-14121.07999999996,-0.036808729153307476
original:pressure-zone03-right-hind-leg-20260920-171839.csv:5,press,0.625,-12562.040000000128,-0.032744855773993255
original:pressure-zone03-right-hind-leg-20260920-171839.csv:5,press,0.650,-21458.84615384657,-0.0559357255974355
original:pressure-zone03-right-hind-leg-20260920-171839.csv:5,press,0.675,-38993.40000000055,-0.10164219021254776
original:pressure-zone03-right-hind-leg-20260920-171839.csv:5,press,0.700,-48735.19999999937,-0.12703566420077306
original:pressure-zone03-right-hind-leg-20260920-171839.csv:5,press,0.725,-45061.59999999982,-0.11745987060583737
original:pressure-zone03-right-hind-leg-20260920-171839.csv:5,press,0.750,-41464.40000000025,-0.10808322515731204
original:pressure-zone03-right-hind-leg-20260920-171839.csv:5,press,0.775,-41253.400000000016,-0.10753322176866496
original:pressure-zone03-right-hind-leg-20260920-171839.csv:5,press,0.800,-36468.07692307699,-0.09505955395787909
original:pressure-zone03-right-hind-leg-20260920-171839.csv:5,release,-0.400,-13552.692307692367,-0.01936890259119064
original:pressure-zone03-right-hind-leg-20260920-171839.csv:5,release,-0.375,-25188.839999999236,-0.03599876520978462
original:pressure-zone03-right-hind-leg-20260920-171839.csv:5,release,-0.350,-43418.71999999962,-0.0620520955704754
original:pressure-zone03-right-hind-leg-20260920-171839.csv:5,release,-0.325,-49696.960000000254,-0.07102467579611134
original:pressure-zone03-right-hind-leg-20260920-171839.csv:5,release,-0.300,-43543.04000000015,-0.06222976816242085
original:pressure-zone03-right-hind-leg-20260920-171839.csv:5,release,-0.275,-40923.639999999985,-0.05848623866322524
original:pressure-zone03-right-hind-leg-20260920-171839.csv:5,release,-0.250,-40857.30769230796,-0.058391439491432155
original:pressure-zone03-right-hind-leg-20260920-171839.csv:5,release,-0.225,-34590.44000000094,-0.049435112060071604
original:pressure-zone03-right-hind-leg-20260920-171839.csv:5,release,-0.200,-24617.999999999975,-0.035182946175151525
original:pressure-zone03-right-hind-leg-20260920-171839.csv:5,release,-0.175,-24418.759999999198,-0.034898201265087164
original:pressure-zone03-right-hind-leg-20260920-171839.csv:5,release,-0.150,-34059.520000001336,-0.04867634490663519
original:pressure-zone03-right-hind-leg-20260920-171839.csv:5,release,-0.125,-65335.26923076206,-0.0933742489513745
original:pressure-zone03-right-hind-leg-20260920-171839.csv:5,release,-0.100,-142516.99999998903,-0.20367893167778411
original:pressure-zone03-right-hind-leg-20260920-171839.csv:5,release,-0.075,-306988.0,-0.43873353970336454
original:pressure-zone03-right-hind-leg-20260920-171839.csv:5,release,-0.050,-516054.9999999703,-0.7375227592987568
original:pressure-zone03-right-hind-leg-20260920-171839.csv:5,release,-0.025,-662425.0,-0.9467082265039716
original:pressure-zone03-right-hind-leg-20260920-171839.csv:5,release,0.000,-699714.0,-1.0
original:pressure-zone03-right-hind-leg-20260920-171839.csv:5,release,0.025,-649039.0,-0.9275775531145583
original:pressure-zone03-right-hind-leg-20260920-171839.csv:5,release,0.050,-545113.0384615436,-0.7790512101537823
original:pressure-zone03-right-hind-leg-20260920-171839.csv:5,release,0.075,-418786.4000000065,-0.598510820135093
original:pressure-zone03-right-hind-leg-20260920-171839.csv:5,release,0.100,-304345.28000000515,-0.4349566823016335
original:pressure-zone03-right-hind-leg-20260920-171839.csv:5,release,0.125,-216551.24000000444,-0.3094853611618525
original:pressure-zone03-right-hind-leg-20260920-171839.csv:5,release,0.150,-152275.63999999425,-0.21762554415088772
original:pressure-zone03-right-hind-leg-20260920-171839.csv:5,release,0.175,-106595.53846153649,-0.15234158307756668
original:pressure-zone03-right-hind-leg-20260920-171839.csv:5,release,0.200,-72665.760000003,-0.10385065898353185
original:pressure-zone03-right-hind-leg-20260920-171839.csv:5,release,0.225,-51513.9199999992,-0.07362139388378566
original:pressure-zone03-right-hind-leg-20260920-171839.csv:5,release,0.250,-38784.880000001096,-0.05542961838694252
original:pressure-zone03-right-hind-leg-20260920-171839.csv:5,release,0.275,-29997.07999999966,-0.0428704870847227
original:pressure-zone03-right-hind-leg-20260920-171839.csv:5,release,0.300,-23792.39999999976,-0.034003035525943116
original:pressure-zone03-right-hind-leg-20260920-171839.csv:5,release,0.325,-20263.615384615405,-0.028959854147002067
original:pressure-zone03-right-hind-leg-20260920-171839.csv:5,release,0.350,-17387.039999999983,-0.02484878107340997
original:pressure-zone03-right-hind-leg-20260920-171839.csv:5,release,0.375,-15010.920000000026,-0.02145293648547839
original:pressure-zone03-right-hind-leg-20260920-171839.csv:5,release,0.400,-13196.51999999999,-0.018859877035474478
original:pressure-zone03-right-hind-leg-20260920-171839.csv:5,release,0.425,-11669.640000000018,-0.01667772832900302
original:pressure-zone03-right-hind-leg-20260920-171839.csv:5,release,0.450,-10385.7692307693,-0.014842877562503107
original:pressure-zone03-right-hind-leg-20260920-171839.csv:5,release,0.475,-9265.200000000044,-0.013241410061825323
original:pressure-zone03-right-hind-leg-20260920-171839.csv:5,release,0.500,-8209.680000000066,-0.011732908016704062
original:pressure-zone03-right-hind-leg-20260920-171839.csv:5,release,0.525,-7170.919999999917,-0.01024835861509119
original:pressure-zone03-right-hind-leg-20260920-171839.csv:5,release,0.550,-6203.640000000038,-0.008865965237225548
original:pressure-zone03-right-hind-leg-20260920-171839.csv:5,release,0.575,-4908.600000000085,-0.007015151904921275
original:pressure-zone03-right-hind-leg-20260920-171839.csv:5,release,0.600,-4334.807692307676,-0.006195113563981392
original:pressure-zone03-right-hind-leg-20260920-171839.csv:5,release,0.625,-3880.400000000039,-0.0055456943837053985
original:pressure-zone03-right-hind-leg-20260920-171839.csv:5,release,0.650,-3273.5999999999817,-0.004678482923022809
original:pressure-zone03-right-hind-leg-20260920-171839.csv:5,release,0.675,-3265.000000000004,-0.00466619218709359
original:pressure-zone03-right-hind-leg-20260920-171839.csv:5,release,0.700,-3144.600000000016,-0.004494121884084091
original:pressure-zone03-right-hind-leg-20260920-171839.csv:5,release,0.725,-2666.9999999999845,-0.0038115572934084275
original:pressure-zone03-right-hind-leg-20260920-171839.csv:5,release,0.750,-2846.2307692307654,-0.004067705904456343
original:pressure-zone03-right-hind-leg-20260920-171839.csv:5,release,0.775,-3151.120000000003,-0.0045034399769048545
original:pressure-zone03-right-hind-leg-20260920-171839.csv:5,release,0.800,-3339.3199999999965,-0.004772407012007758
original:pressure-zone03-right-hind-leg-20260920-171839.csv:6,press,-0.400,5178.46153846154,0.011567522102567255
original:pressure-zone03-right-hind-leg-20260920-171839.csv:6,press,-0.375,5292.420000000031,0.011822079756965262
original:pressure-zone03-right-hind-leg-20260920-171839.csv:6,press,-0.350,4625.139999999977,0.010331525836409377
original:pressure-zone03-right-hind-leg-20260920-171839.csv:6,press,-0.325,5302.54000000016,0.011844685568133312
original:pressure-zone03-right-hind-leg-20260920-171839.csv:6,press,-0.300,7022.259999999951,0.01568615449910359
original:pressure-zone03-right-hind-leg-20260920-171839.csv:6,press,-0.275,8359.940000000242,0.01867423172073389
original:pressure-zone03-right-hind-leg-20260920-171839.csv:6,press,-0.250,11191.88461538441,0.025000161089601014
original:pressure-zone03-right-hind-leg-20260920-171839.csv:6,press,-0.225,16169.619999998979,0.036119305965854456
original:pressure-zone03-right-hind-leg-20260920-171839.csv:6,press,-0.200,27785.42000000107,0.062066398985868174
original:pressure-zone03-right-hind-leg-20260920-171839.csv:6,press,-0.175,49369.300000001705,0.11027994795302751
original:pressure-zone03-right-hind-leg-20260920-171839.csv:6,press,-0.150,87577.34000000289,0.1956281433414
original:pressure-zone03-right-hind-leg-20260920-171839.csv:6,press,-0.125,144663.74000000322,0.3231463625753273
original:pressure-zone03-right-hind-leg-20260920-171839.csv:6,press,-0.100,215503.8076923007,0.4813871919590788
original:pressure-zone03-right-hind-leg-20260920-171839.csv:6,press,-0.075,290761.5,0.6494960043335251
original:pressure-zone03-right-hind-leg-20260920-171839.csv:6,press,-0.050,367302.5,0.8204714383840865
original:pressure-zone03-right-hind-leg-20260920-171839.csv:6,press,-0.025,427257.5000000029,0.9543974668982412
original:pressure-zone03-right-hind-leg-20260920-171839.csv:6,press,0.000,447672.5,1.0
original:pressure-zone03-right-hind-leg-20260920-171839.csv:6,press,0.025,411275.4999999906,0.9186972619492835
original:pressure-zone03-right-hind-leg-20260920-171839.csv:6,press,0.050,345300.4999999939,0.771323903076454
original:pressure-zone03-right-hind-leg-20260920-171839.csv:6,press,0.075,287594.9400000026,0.6424226192138285
original:pressure-zone03-right-hind-leg-20260920-171839.csv:6,press,0.100,249565.45999999662,0.5574732868335593
original:pressure-zone03-right-hind-leg-20260920-171839.csv:6,press,0.125,221603.54000000126,0.4950126264177524
original:pressure-zone03-right-hind-leg-20260920-171839.csv:6,press,0.150,204394.57999999847,0.45657166790454734
original:pressure-zone03-right-hind-leg-20260920-171839.csv:6,press,0.175,180800.61999999784,0.4038680508630703
original:pressure-zone03-right-hind-leg-20260920-171839.csv:6,press,0.200,154683.34615384502,0.34552791639836045
original:pressure-zone03-right-hind-leg-20260920-171839.csv:6,press,0.225,130388.73999999877,0.2912592129290916
original:pressure-zone03-right-hind-leg-20260920-171839.csv:6,press,0.250,106032.57999999903,0.2368530119674517
original:pressure-zone03-right-hind-leg-20260920-171839.csv:6,press,0.275,79089.7799999986,0.1766688371521561
original:pressure-zone03-right-hind-leg-20260920-171839.csv:6,press,0.300,55209.09999999906,0.12332475191127233
original:pressure-zone03-right-hind-leg-20260920-171839.csv:6,press,0.325,36210.419999999256,0.08088596016060681
original:pressure-zone03-right-hind-leg-20260920-171839.csv:6,press,0.350,24006.26923076764,0.05362462342620474
original:pressure-zone03-right-hind-leg-20260920-171839.csv:6,press,0.375,10124.81999999992,0.02261657796715215
original:pressure-zone03-right-hind-leg-20260920-171839.csv:6,press,0.400,-2595.1000000016375,-0.0057968715969858265
original:pressure-zone03-right-hind-leg-20260920-171839.csv:6,press,0.425,-12358.060000000054,-0.027605135450580624
original:pressure-zone03-right-hind-leg-20260920-171839.csv:6,press,0.450,-26021.859999999837,-0.0581270013235118
original:pressure-zone03-right-hind-leg-20260920-171839.csv:6,press,0.475,-37522.34615384713,-0.08381650906376231
original:pressure-zone03-right-hind-leg-20260920-171839.csv:6,press,0.500,-41293.29999999991,-0.0922399745349556
original:pressure-zone03-right-hind-leg-20260920-171839.csv:6,press,0.525,-41621.259999999995,-0.09297256364864939
original:pressure-zone03-right-hind-leg-20260920-171839.csv:6,press,0.550,-41210.81999999996,-0.09205573270638684
original:pressure-zone03-right-hind-leg-20260920-171839.csv:6,press,0.575,-34627.860000000306,-0.07735087591933903
original:pressure-zone03-right-hind-leg-20260920-171839.csv:6,press,0.600,-26952.41999999939,-0.06020566373855752
original:pressure-zone03-right-hind-leg-20260920-171839.csv:6,press,0.625,-23761.384615384526,-0.053077606096833124
original:pressure-zone03-right-hind-leg-20260920-171839.csv:6,press,0.650,-24081.500000000055,-0.05379267209846496
original:pressure-zone03-right-hind-leg-20260920-171839.csv:6,press,0.675,-29513.700000000186,-0.06592698903774565
original:pressure-zone03-right-hind-leg-20260920-171839.csv:6,press,0.700,-33482.500000000095,-0.07479239846092868
original:pressure-zone03-right-hind-leg-20260920-171839.csv:6,press,0.725,-33909.89999999998,-0.07574711424087917
original:pressure-zone03-right-hind-leg-20260920-171839.csv:6,press,0.750,-35912.10000000007,-0.08021958016183722
original:pressure-zone03-right-hind-leg-20260920-171839.csv:6,press,0.775,-40673.65384615454,-0.09085582394753876
original:pressure-zone03-right-hind-leg-20260920-171839.csv:6,press,0.800,-45104.540000000045,-0.10075343024197386
original:pressure-zone03-right-hind-leg-20260920-171839.csv:6,release,-0.400,-37064.423076923864,-0.05514238542981137
original:pressure-zone03-right-hind-leg-20260920-171839.csv:6,release,-0.375,-42279.82000000038,-0.06290156265226189
original:pressure-zone03-right-hind-leg-20260920-171839.csv:6,release,-0.350,-46579.49999999976,-0.06929838721075425
original:pressure-zone03-right-hind-leg-20260920-171839.csv:6,release,-0.325,-52786.340000000906,-0.07853257825349365
original:pressure-zone03-right-hind-leg-20260920-171839.csv:6,release,-0.300,-61709.34000000086,-0.09180772094677202
original:pressure-zone03-right-hind-leg-20260920-171839.csv:6,release,-0.275,-71827.26923077092,-0.10686061283279304
original:pressure-zone03-right-hind-leg-20260920-171839.csv:6,release,-0.250,-89429.26000000133,-0.13304787486880154
original:pressure-zone03-right-hind-leg-20260920-171839.csv:6,release,-0.225,-115496.86000000114,-0.17182979907269064
original:pressure-zone03-right-hind-leg-20260920-171839.csv:6,release,-0.200,-139882.86000000068,-0.2081099324043372
original:pressure-zone03-right-hind-leg-20260920-171839.csv:6,release,-0.175,-153114.06000000017,-0.22779457523783478
original:pressure-zone03-right-hind-leg-20260920-171839.csv:6,release,-0.150,-157354.10000000385,-0.2341026707242471
original:pressure-zone03-right-hind-leg-20260920-171839.csv:6,release,-0.125,-179339.92307692594,-0.2668119544377196
original:pressure-zone03-right-hind-leg-20260920-171839.csv:6,release,-0.100,-237825.5,-0.35382354013227535
original:pressure-zone03-right-hind-leg-20260920-171839.csv:6,release,-0.075,-350665.5000000198,-0.5217006107934659
original:pressure-zone03-right-hind-leg-20260920-171839.csv:6,release,-0.050,-489853.5,-0.7287767691697717
original:pressure-zone03-right-hind-leg-20260920-171839.csv:6,release,-0.025,-613409.5000000084,-0.9125965081152859
original:pressure-zone03-right-hind-leg-20260920-171839.csv:6,release,0.000,-672158.5,-1.0
original:pressure-zone03-right-hind-leg-20260920-171839.csv:6,release,0.025,-630281.4999999839,-0.9376977305203816
original:pressure-zone03-right-hind-leg-20260920-171839.csv:6,release,0.050,-517463.2307692203,-0.7698529896880278
original:pressure-zone03-right-hind-leg-20260920-171839.csv:6,release,0.075,-389806.49999998836,-0.579932411774884
original:pressure-zone03-right-hind-leg-20260920-171839.csv:6,release,0.100,-280717.09999998956,-0.417635275013244
original:pressure-zone03-right-hind-leg-20260920-171839.csv:6,release,0.125,-198326.9399999926,-0.29505978128669447
original:pressure-zone03-right-hind-leg-20260920-171839.csv:6,release,0.150,-140897.85999999454,-0.2096199929034514
original:pressure-zone03-right-hind-leg-20260920-171839.csv:6,release,0.175,-102527.88461538297,-0.15253527942499123
original:pressure-zone03-right-hind-leg-20260920-171839.csv:6,release,0.200,-73654.53999999887,-0.10957912456659981
original:pressure-zone03-right-hind-leg-20260920-171839.csv:6,release,0.225,-53835.339999996526,-0.08009322205997027
original:pressure-zone03-right-hind-leg-20260920-171839.csv:6,release,0.250,-40077.01999999932,-0.05962435943307913
original:pressure-zone03-right-hind-leg-20260920-171839.csv:6,release,0.275,-27777.539999997778,-0.041325877750557016
original:pressure-zone03-right-hind-leg-20260920-171839.csv:6,release,0.300,-16325.379999999417,-0.024287991597219134
original:pressure-zone03-right-hind-leg-20260920-171839.csv:6,release,0.325,-6326.846153846207,-0.009412729518180916
original:pressure-zone03-right-hind-leg-20260920-171839.csv:6,release,0.350,358.5000000008167,0.0005333563437802493
original:pressure-zone03-right-hind-leg-20260920-171839.csv:6,release,0.375,3364.8200000000147,0.005005991890305657
original:pressure-zone03-right-hind-leg-20260920-171839.csv:6,release,0.400,5820.580000000319,0.008659534916244188
original:pressure-zone03-right-hind-leg-20260920-171839.csv:6,release,0.425,7046.300000000006,0.01048309290145108
original:pressure-zone03-right-hind-leg-20260920-171839.csv:6,release,0.450,4944.460000000028,0.007356092350241838
original:pressure-zone03-right-hind-leg-20260920-171839.csv:6,release,0.475,1898.1153846151801,0.0028239104089514307
original:pressure-zone03-right-hind-leg-20260920-171839.csv:6,release,0.500,310.01999999983786,0.0004612304984610592
original:pressure-zone03-right-hind-leg-20260920-171839.csv:6,release,0.525,697.2200000000564,0.0010372851046294236
original:pressure-zone03-right-hind-leg-20260920-171839.csv:6,release,0.550,823.9400000000013,0.0012258120666479727
original:pressure-zone03-right-hind-leg-20260920-171839.csv:6,release,0.575,1276.7400000000425,0.0018994627011337988
original:pressure-zone03-right-hind-leg-20260920-171839.csv:6,release,0.600,1644.3846153845898,0.0024464238946388236
original:pressure-zone03-right-hind-leg-20260920-171839.csv:6,release,0.625,2658.7000000002017,0.003955465861103001
original:pressure-zone03-right-hind-leg-20260920-171839.csv:6,release,0.650,3845.1000000002023,0.005720525739093089
original:pressure-zone03-right-hind-leg-20260920-171839.csv:6,release,0.675,5360.100000000272,0.007974458405272377
original:pressure-zone03-right-hind-leg-20260920-171839.csv:6,release,0.700,6843.499999999917,0.010181378350493101
original:pressure-zone03-right-hind-leg-20260920-171839.csv:6,release,0.725,7518.499999999945,0.011185605776018522
original:pressure-zone03-right-hind-leg-20260920-171839.csv:6,release,0.750,7759.884615384659,0.011544724369898854
original:pressure-zone03-right-hind-leg-20260920-171839.csv:6,release,0.775,9009.620000000416,0.013404011107499817
original:pressure-zone03-right-hind-leg-20260920-171839.csv:6,release,0.800,11213.740000000109,0.016683178149201578
original:pressure-zone04-left-hind-leg-20260920-172018.csv:1,press,-0.400,-4711.660000000001,-0.015229435788201186
original:pressure-zone04-left-hind-leg-20260920-172018.csv:1,press,-0.375,-4640.540000000002,-0.014999555560583563
original:pressure-zone04-left-hind-leg-20260920-172018.csv:1,press,-0.350,-5396.579999999989,-0.017443293570820174
original:pressure-zone04-left-hind-leg-20260920-172018.csv:1,press,-0.325,-6133.9,-0.019826523174687315
original:pressure-zone04-left-hind-leg-20260920-172018.csv:1,press,-0.300,-6055.076923076925,-0.019571744394251456
original:pressure-zone04-left-hind-leg-20260920-172018.csv:1,press,-0.275,-6523.059999999997,-0.021084399853254176
original:pressure-zone04-left-hind-leg-20260920-172018.csv:1,press,-0.250,-6800.660000000003,-0.021981682631469227
original:pressure-zone04-left-hind-leg-20260920-172018.csv:1,press,-0.225,-6250.500000000025,-0.02020340779983103
original:pressure-zone04-left-hind-leg-20260920-172018.csv:1,press,-0.200,-2940.219999999923,-0.009503633898282921
original:pressure-zone04-left-hind-leg-20260920-172018.csv:1,press,-0.175,6030.420000000129,0.019492046150589422
original:pressure-zone04-left-hind-leg-20260920-172018.csv:1,press,-0.150,23699.88461538436,0.07660482100528757
original:pressure-zone04-left-hind-leg-20260920-172018.csv:1,press,-0.125,55689.66000000071,0.1800049453985998
original:pressure-zone04-left-hind-leg-20260920-172018.csv:1,press,-0.100,108831.82000000088,0.3517756405180091
original:pressure-zone04-left-hind-leg-20260920-172018.csv:1,press,-0.075,174369.58000000086,0.5636124682225845
original:pressure-zone04-left-hind-leg-20260920-172018.csv:1,press,-0.050,241140.4599999998,0.7794350932595503
original:pressure-zone04-left-hind-leg-20260920-172018.csv:1,press,-0.025,290310.2307692307,0.9383658876399966
original:pressure-zone04-left-hind-leg-20260920-172018.csv:1,press,0.000,309378.49999999994,0.9999999999999998
original:pressure-zone04-left-hind-leg-20260920-172018.csv:1,press,0.025,307607.49999999977,0.9942756203162139
original:pressure-zone04-left-hind-leg-20260920-172018.csv:1,press,0.050,294838.5,0.953002551890322
original:pressure-zone04-left-hind-leg-20260920-172018.csv:1,press,0.075,284334.5000000001,0.919050612760745
original:pressure-zone04-left-hind-leg-20260920-172018.csv:1,press,0.100,289736.5,0.9365114253252893
original:pressure-zone04-left-hind-leg-20260920-172018.csv:1,press,0.125,288457.4999999997,0.9323773306807025
original:pressure-zone04-left-hind-leg-20260920-172018.csv:1,press,0.150,270802.69230769225,0.8753119312030159
original:pressure-zone04-left-hind-leg-20260920-172018.csv:1,press,0.175,237306.73999999985,0.7670434112260544
original:pressure-zone04-left-hind-leg-20260920-172018.csv:1,press,0.200,208466.25999999937,0.6738227123087072
original:pressure-zone04-left-hind-leg-20260920-172018.csv:1,press,0.225,180894.61999999938,0.5847032680034306
original:pressure-zone04-left-hind-leg-20260920-172018.csv:1,press,0.250,157927.5799999995,0.5104672108759966
original:pressure-zone04-left-hind-leg-20260920-172018.csv:1,press,0.275,148470.6538461536,0.47989971457665487
original:pressure-zone04-left-hind-leg-20260920-172018.csv:1,press,0.300,132169.09999999954,0.42720841946030363
original:pressure-zone04-left-hind-leg-20260920-172018.csv:1,press,0.325,108598.25999999937,0.35102070764451754
original:pressure-zone04-left-hind-leg-20260920-172018.csv:1,press,0.350,93711.05999999987,0.30290100960473937
original:pressure-zone04-left-hind-leg-20260920-172018.csv:1,press,0.375,86045.13999999994,0.2781225586134781
original:pressure-zone04-left-hind-leg-20260920-172018.csv:1,press,0.400,74671.09999999969,0.2413584007938486
original:pressure-zone04-left-hind-leg-20260920-172018.csv:1,press,0.425,64474.88461538431,0.2084013097722832
original:pressure-zone04-left-hind-leg-20260920-172018.csv:1,press,0.450,65373.34000000003,0.21130537513110972
original:pressure-zone04-left-hind-leg-20260920-172018.csv:1,press,0.475,66394.42000000003,0.2146057983990485
original:pressure-zone04-left-hind-leg-20260920-172018.csv:1,press,0.500,63080.09999999988,0.2038929660593735
original:pressure-zone04-left-hind-leg-20260920-172018.csv:1,press,0.525,54621.45999999972,0.17655221678300115
original:pressure-zone04-left-hind-leg-20260920-172018.csv:1,press,0.550,39492.96153846123,0.12765257294369595
original:pressure-zone04-left-hind-leg-20260920-172018.csv:1,press,0.575,19313.939999999642,0.062428190711376653
original:pressure-zone04-left-hind-leg-20260920-172018.csv:1,press,0.600,4109.13999999951,0.013281918426779851
original:pressure-zone04-left-hind-leg-20260920-172018.csv:1,press,0.625,47.33999999992511,0.00015301645072273966
original:pressure-zone04-left-hind-leg-20260920-172018.csv:1,press,0.650,-2646.8200000000975,-0.008555280990760824
original:pressure-zone04-left-hind-leg-20260920-172018.csv:1,press,0.675,-8959.380000000263,-0.02895928450102468
original:pressure-zone04-left-hind-leg-20260920-172018.csv:1,press,0.700,-17374.807692308023,-0.05616035921147727
original:pressure-zone04-left-hind-leg-20260920-172018.csv:1,press,0.725,-24870.100000000282,-0.08038729258820597
original:pressure-zone04-left-hind-leg-20260920-172018.csv:1,press,0.750,-33283.10000000034,-0.10758052030118558
original:pressure-zone04-left-hind-leg-20260920-172018.csv:1,press,0.775,-53994.50000000101,-0.174525702335492
original:pressure-zone04-left-hind-leg-20260920-172018.csv:1,press,0.800,-83235.7000000012,-0.2690416431652529
original:pressure-zone04-left-hind-leg-20260920-172018.csv:1,release,-0.400,1594.6199999999894,0.0021292957428639767
original:pressure-zone04-left-hind-leg-20260920-172018.csv:1,release,-0.375,-632.2600000000139,-0.0008442566419480606
original:pressure-zone04-left-hind-leg-20260920-172018.csv:1,release,-0.350,-3932.34000000002,-0.005250852755825105
original:pressure-zone04-left-hind-leg-20260920-172018.csv:1,release,-0.325,-11119.115384615277,-0.014847352380425944
original:pressure-zone04-left-hind-leg-20260920-172018.csv:1,release,-0.300,-19688.260000000068,-0.026289729341410207
original:pressure-zone04-left-hind-leg-20260920-172018.csv:1,release,-0.275,-27006.86000000008,-0.03606225434656782
original:pressure-zone04-left-hind-leg-20260920-172018.csv:1,release,-0.250,-36923.300000000185,-0.04930367454471309
original:pressure-zone04-left-hind-leg-20260920-172018.csv:1,release,-0.225,-61186.42000000028,-0.08170221345968867
original:pressure-zone04-left-hind-leg-20260920-172018.csv:1,release,-0.200,-92058.96153846187,-0.12292631153273302
original:pressure-zone04-left-hind-leg-20260920-172018.csv:1,release,-0.175,-125643.82000000039,-0.16777216580951598
original:pressure-zone04-left-hind-leg-20260920-172018.csv:1,release,-0.150,-155449.6999999999,-0.20757195095977996
original:pressure-zone04-left-hind-leg-20260920-172018.csv:1,release,-0.125,-180034.45999999976,-0.2403999756975436
original:pressure-zone04-left-hind-leg-20260920-172018.csv:1,release,-0.100,-242477.06000000198,-0.32377956604092556
original:pressure-zone04-left-hind-leg-20260920-172018.csv:1,release,-0.075,-392483.62000000285,-0.524083293329981
original:pressure-zone04-left-hind-leg-20260920-172018.csv:1,release,-0.050,-600065.4615384634,-0.8012672816680877
original:pressure-zone04-left-hind-leg-20260920-172018.csv:1,release,-0.025,-739339.5000000001,-0.9872398752562943
original:pressure-zone04-left-hind-leg-20260920-172018.csv:1,release,0.000,-748895.4999999984,-0.9999999999999978
original:pressure-zone04-left-hind-leg-20260920-172018.csv:1,release,0.025,-654119.4999999974,-0.8734456275942337
original:pressure-zone04-left-hind-leg-20260920-172018.csv:1,release,0.050,-509476.49999999756,-0.6803038608190296
original:pressure-zone04-left-hind-leg-20260920-172018.csv:1,release,0.075,-371793.5,-0.49645578054615097
original:pressure-zone04-left-hind-leg-20260920-172018.csv:1,release,0.100,-270955.0384615363,-0.3618062045526195
original:pressure-zone04-left-hind-leg-20260920-172018.csv:1,release,0.125,-192188.3799999983,-0.25662910245821785
original:pressure-zone04-left-hind-leg-20260920-172018.csv:1,release,0.150,-131730.8199999987,-0.17590013559969142
original:pressure-zone04-left-hind-leg-20260920-172018.csv:1,release,0.175,-88938.93999999904,-0.11876014744380096
original:pressure-zone04-left-hind-leg-20260920-172018.csv:1,release,0.200,-61992.13999999942,-0.08277809120230982
original:pressure-zone04-left-hind-leg-20260920-172018.csv:1,release,0.225,-45253.09999999964,-0.06042645469227635
original:pressure-zone04-left-hind-leg-20260920-172018.csv:1,release,0.250,-34770.57692307666,-0.04642914388332773
original:pressure-zone04-left-hind-leg-20260920-172018.csv:1,release,0.275,-27310.93999999993,-0.0364682923051346
original:pressure-zone04-left-hind-leg-20260920-172018.csv:1,release,0.300,-23100.419999999896,-0.03084598585516924
original:pressure-zone04-left-hind-leg-20260920-172018.csv:1,release,0.325,-20720.93999999994,-0.027668666723194277
original:pressure-zone04-left-hind-leg-20260920-172018.csv:1,release,0.350,-19229.57999999996,-0.025677254036110462
original:pressure-zone04-left-hind-leg-20260920-172018.csv:1,release,0.375,-18096.139999999952,-0.024163771848008102
original:pressure-zone04-left-hind-leg-20260920-172018.csv:1,release,0.400,-18834.615384615412,-0.025149857870177365
original:pressure-zone04-left-hind-leg-20260920-172018.csv:1,release,0.425,-18085.379999999972,-0.024149404022323503
original:pressure-zone04-left-hind-leg-20260920-172018.csv:1,release,0.450,-14993.219999999896,-0.0200204434397054
original:pressure-zone04-left-hind-leg-20260920-172018.csv:1,release,0.475,-13388.939999999959,-0.017878248700920165
original:pressure-zone04-left-hind-leg-20260920-172018.csv:1,release,0.500,-12692.21999999998,-0.016947918634842886
original:pressure-zone04-left-hind-leg-20260920-172018.csv:1,release,0.525,-11508.499999999956,-0.015367297573559938
original:pressure-zone04-left-hind-leg-20260920-172018.csv:1,release,0.550,-10166.619999999952,-0.013575485498310447
original:pressure-zone04-left-hind-leg-20260920-172018.csv:1,release,0.575,-8359.379999999928,-0.011162278315198754
original:pressure-zone04-left-hind-leg-20260920-172018.csv:1,release,0.600,-6956.939999999954,-0.009289600484980821
original:pressure-zone04-left-hind-leg-20260920-172018.csv:1,release,0.625,-5540.419999999929,-0.007398121633792604
original:pressure-zone04-left-hind-leg-20260920-172018.csv:1,release,0.650,-4123.579999999922,-0.0055062154866732695
original:pressure-zone04-left-hind-leg-20260920-172018.csv:1,release,0.675,-4071.9615384615463,-0.005437289366088521
original:pressure-zone04-left-hind-leg-20260920-172018.csv:1,release,0.700,-3530.299999999969,-0.0047140088303374355
original:pressure-zone04-left-hind-leg-20260920-172018.csv:1,release,0.725,-2454.0999999999585,-0.003276959201917969
original:pressure-zone04-left-hind-leg-20260920-172018.csv:1,release,0.750,-2113.499999999994,-0.0028221560952095374
original:pressure-zone04-left-hind-leg-20260920-172018.csv:1,release,0.775,-2848.9000000000406,-0.003804135556963609
original:pressure-zone04-left-hind-leg-20260920-172018.csv:1,release,0.800,-3352.576923076933,-0.00447669524396519
original:pressure-zone04-left-hind-leg-20260920-172018.csv:2,press,-0.400,2089.7199999999907,0.008484553202028407
original:pressure-zone04-left-hind-leg-20260920-172018.csv:2,press,-0.375,2639.5199999999286,0.010716817500821887
original:pressure-zone04-left-hind-leg-20260920-172018.csv:2,press,-0.350,5107.46153846155,0.020737002636904023
original:pressure-zone04-left-hind-leg-20260920-172018.csv:2,press,-0.325,7376.8799999999555,0.029951156530530033
original:pressure-zone04-left-hind-leg-20260920-172018.csv:2,press,-0.300,12262.279999999902,0.04978655850456929
original:pressure-zone04-left-hind-leg-20260920-172018.csv:2,press,-0.275,22854.119999999144,0.09279089879291727
original:pressure-zone04-left-hind-leg-20260920-172018.csv:2,press,-0.250,43724.3999999997,0.17752713187736635
original:pressure-zone04-left-hind-leg-20260920-172018.csv:2,press,-0.225,73790.83999999976,0.29960105076391413
original:pressure-zone04-left-hind-leg-20260920-172018.csv:2,press,-0.200,106141.84615384582,0.430950625276986
original:pressure-zone04-left-hind-leg-20260920-172018.csv:2,press,-0.175,136884.5599999993,0.5557703098291871
original:pressure-zone04-left-hind-leg-20260920-172018.csv:2,press,-0.150,169330.24000000034,0.6875042732960627
original:pressure-zone04-left-hind-leg-20260920-172018.csv:2,press,-0.125,194869.3199999997,0.7911964822957636
original:pressure-zone04-left-hind-leg-20260920-172018.csv:2,press,-0.100,209066.92000000013,0.8488407085754196
original:pressure-zone04-left-hind-leg-20260920-172018.csv:2,press,-0.075,220158.15384615405,0.893872657182808
original:pressure-zone04-left-hind-leg-20260920-172018.csv:2,press,-0.050,234687.0,0.9528617888159417
original:pressure-zone04-left-hind-leg-20260920-172018.csv:2,press,-0.025,243193.0,0.9873973292407134
original:pressure-zone04-left-hind-leg-20260920-172018.csv:2,press,0.000,246297.0,1.0
original:pressure-zone04-left-hind-leg-20260920-172018.csv:2,press,0.025,243121.0,0.9871049992488743
original:pressure-zone04-left-hind-leg-20260920-172018.csv:2,press,0.050,223242.0,0.9063935005298481
original:pressure-zone04-left-hind-leg-20260920-172018.csv:2,press,0.075,194242.0,0.788649476039091
original:pressure-zone04-left-hind-leg-20260920-172018.csv:2,press,0.100,172740.0769230772,0.7013486844057264
original:pressure-zone04-left-hind-leg-20260920-172018.csv:2,press,0.125,159862.72000000018,0.6490648282358298
original:pressure-zone04-left-hind-leg-20260920-172018.csv:2,press,0.150,147798.80000000016,0.6000836388587768
original:pressure-zone04-left-hind-leg-20260920-172018.csv:2,press,0.175,122603.71999999945,0.49778811759785724
original:pressure-zone04-left-hind-leg-20260920-172018.csv:2,press,0.200,100964.72000000028,0.4099307746338781
original:pressure-zone04-left-hind-leg-20260920-172018.csv:2,press,0.225,88041.68000000017,0.35746143883197995
original:pressure-zone04-left-hind-leg-20260920-172018.csv:2,press,0.250,81128.23076923071,0.32939187553738253
original:pressure-zone04-left-hind-leg-20260920-172018.csv:2,press,0.275,67530.9199999999,0.27418490684011537
original:pressure-zone04-left-hind-leg-20260920-172018.csv:2,press,0.300,47780.639999999796,0.1939960291842767
original:pressure-zone04-left-hind-leg-20260920-172018.csv:2,press,0.325,36400.799999999894,0.14779229954079787
original:pressure-zone04-left-hind-leg-20260920-172018.csv:2,press,0.350,30108.359999999957,0.12224411990401815
original:pressure-zone04-left-hind-leg-20260920-172018.csv:2,press,0.375,23789.46153846157,0.09658851524160494
original:pressure-zone04-left-hind-leg-20260920-172018.csv:2,press,0.400,9838.440000000042,0.039945431734856866
original:pressure-zone04-left-hind-leg-20260920-172018.csv:2,press,0.425,-3423.759999999964,-0.013900940734154146
original:pressure-zone04-left-hind-leg-20260920-172018.csv:2,press,0.450,-5042.44,-0.0204730061673508
original:pressure-zone04-left-hind-leg-20260920-172018.csv:2,press,0.475,-8072.800000000205,-0.032776688307207175
original:pressure-zone04-left-hind-leg-20260920-172018.csv:2,press,0.500,-15869.079999999976,-0.06443066704019934
original:pressure-zone04-left-hind-leg-20260920-172018.csv:2,press,0.525,-22008.769230769325,-0.08935865735583189
original:pressure-zone04-left-hind-leg-20260920-172018.csv:2,press,0.550,-33139.60000000024,-0.1345513749659973
original:pressure-zone04-left-hind-leg-20260920-172018.csv:2,press,0.575,-46717.68000000028,-0.18968026407142707
original:pressure-zone04-left-hind-leg-20260920-172018.csv:2,press,0.600,-56259.640000000174,-0.2284219458621103
original:pressure-zone04-left-hind-leg-20260920-172018.csv:2,press,0.625,-67868.5600000001,-0.2755557720962907
original:pressure-zone04-left-hind-leg-20260920-172018.csv:2,press,0.650,-79236.28000000022,-0.3217102928578108
original:pressure-zone04-left-hind-leg-20260920-172018.csv:2,press,0.675,-88478.73076923112,-0.35923592560701556
original:pressure-zone04-left-hind-leg-20260920-172018.csv:2,press,0.700,-100352.80000000054,-0.4074462945143487
original:pressure-zone04-left-hind-leg-20260920-172018.csv:2,press,0.725,-118058.00000000081,-0.47933186356309987
original:pressure-zone04-left-hind-leg-20260920-172018.csv:2,press,0.750,-146721.00000000134,-0.595707621286501
original:pressure-zone04-left-hind-leg-20260920-172018.csv:2,press,0.775,-201930.79999999824,-0.8198670710564816
original:pressure-zone04-left-hind-leg-20260920-172018.csv:2,press,0.800,-292966.2000000028,-1.1894834285435991
original:pressure-zone04-left-hind-leg-20260920-172018.csv:2,release,-0.400,-9491.920000000024,-0.015664707736536315
original:pressure-zone04-left-hind-leg-20260920-172018.csv:2,release,-0.375,-17575.923076923107,-0.029005901672142606
original:pressure-zone04-left-hind-leg-20260920-172018.csv:2,release,-0.350,-23913.20000000031,-0.03946443807420881
original:pressure-zone04-left-hind-leg-20260920-172018.csv:2,release,-0.325,-36190.16000000035,-0.05972535370488702
original:pressure-zone04-left-hind-leg-20260920-172018.csv:2,release,-0.300,-49631.6799999996,-0.0819081662796659
original:pressure-zone04-left-hind-leg-20260920-172018.csv:2,release,-0.275,-58627.719999999514,-0.09675451321328823
original:pressure-zone04-left-hind-leg-20260920-172018.csv:2,release,-0.250,-70711.36000000029,-0.11669638893427317
original:pressure-zone04-left-hind-leg-20260920-172018.csv:2,release,-0.225,-81740.30769230794,-0.1348976845880024
original:pressure-zone04-left-hind-leg-20260920-172018.csv:2,release,-0.200,-90757.0400000006,-0.14977818045591848
original:pressure-zone04-left-hind-leg-20260920-172018.csv:2,release,-0.175,-103637.00000000092,-0.17103423919411714
original:pressure-zone04-left-hind-leg-20260920-172018.csv:2,release,-0.150,-123096.3999999993,-0.20314848096272967
original:pressure-zone04-left-hind-leg-20260920-172018.csv:2,release,-0.125,-155387.63999999862,-0.2564393680593696
original:pressure-zone04-left-hind-leg-20260920-172018.csv:2,release,-0.100,-218118.35999999804,-0.35996514523642986
original:pressure-zone04-left-hind-leg-20260920-172018.csv:2,release,-0.075,-317850.0384615445,-0.5245543532337934
original:pressure-zone04-left-hind-leg-20260920-172018.csv:2,release,-0.050,-447526.0,-0.7385612178043149
original:pressure-zone04-left-hind-leg-20260920-172018.csv:2,release,-0.025,-574464.0,-0.9480495690188682
original:pressure-zone04-left-hind-leg-20260920-172018.csv:2,release,0.000,-605943.0,-1.0
original:pressure-zone04-left-hind-leg-20260920-172018.csv:2,release,0.025,-538959.0,-0.8894549487328016
original:pressure-zone04-left-hind-leg-20260920-172018.csv:2,release,0.050,-423482.0,-0.6988809178421073
original:pressure-zone04-left-hind-leg-20260920-172018.csv:2,release,0.075,-315072.38461538224,-0.51997033485886
original:pressure-zone04-left-hind-leg-20260920-172018.csv:2,release,0.100,-226672.64000000423,-0.3740824466987889
original:pressure-zone04-left-hind-leg-20260920-172018.csv:2,release,0.125,-162523.91999999876,-0.2682165154148142
original:pressure-zone04-left-hind-leg-20260920-172018.csv:2,release,0.150,-115336.83999999895,-0.19034272200520339
original:pressure-zone04-left-hind-leg-20260920-172018.csv:2,release,0.175,-78405.27999999917,-0.12939382087093865
original:pressure-zone04-left-hind-leg-20260920-172018.csv:2,release,0.200,-51487.6799999994,-0.08497116065372386
original:pressure-zone04-left-hind-leg-20260920-172018.csv:2,release,0.225,-33518.0769230774,-0.05531556090767185
original:pressure-zone04-left-hind-leg-20260920-172018.csv:2,release,0.250,-21405.7200000003,-0.03532629306717018
original:pressure-zone04-left-hind-leg-20260920-172018.csv:2,release,0.275,-13606.280000000192,-0.02245471933828791
original:pressure-zone04-left-hind-leg-20260920-172018.csv:2,release,0.300,-8875.43999999982,-0.014647318312118171
original:pressure-zone04-left-hind-leg-20260920-172018.csv:2,release,0.325,-6613.439999999906,-0.010914293918734776
original:pressure-zone04-left-hind-leg-20260920-172018.csv:2,release,0.350,-5858.279999999971,-0.009668038082789918
original:pressure-zone04-left-hind-leg-20260920-172018.csv:2,release,0.375,-5402.730769230771,-0.008916235964819746
original:pressure-zone04-left-hind-leg-20260920-172018.csv:2,release,0.400,-5334.16,-0.008803072236167428
original:pressure-zone04-left-hind-leg-20260920-172018.csv:2,release,0.425,-5500.08,-0.009076893371158674
original:pressure-zone04-left-hind-leg-20260920-172018.csv:2,release,0.450,-5516.839999999999,-0.009104552738458897
original:pressure-zone04-left-hind-leg-20260920-172018.csv:2,release,0.475,-5068.9599999999655,-0.008365407307287923
original:pressure-zone04-left-hind-leg-20260920-172018.csv:2,release,0.500,-3895.680000000004,-0.006429119570652691
original:pressure-zone04-left-hind-leg-20260920-172018.csv:2,release,0.525,-3970.769230769235,-0.006553040848345859
original:pressure-zone04-left-hind-leg-20260920-172018.csv:2,release,0.550,-5178.7600000000275,-0.008546612470149878
original:pressure-zone04-left-hind-leg-20260920-172018.csv:2,release,0.575,-6087.280000000016,-0.010045961418813348
original:pressure-zone04-left-hind-leg-20260920-172018.csv:2,release,0.600,-4882.399999999969,-0.008057523562447242
original:pressure-zone04-left-hind-leg-20260920-172018.csv:2,release,0.625,-3556.159999999989,-0.005868802841191315
original:pressure-zone04-left-hind-leg-20260920-172018.csv:2,release,0.650,-4008.653846153876,-0.006615562596075664
original:pressure-zone04-left-hind-leg-20260920-172018.csv:2,release,0.675,-4760.200000000032,-0.007855854428551913
original:pressure-zone04-left-hind-leg-20260920-172018.csv:2,release,0.700,-3940.9999999999486,-0.006503912084139842
original:pressure-zone04-left-hind-leg-20260920-172018.csv:2,release,0.725,-2234.199999999922,-0.003687145490582319
original:pressure-zone04-left-hind-leg-20260920-172018.csv:2,release,0.750,-1824.7999999999977,-0.003011504382425406
original:pressure-zone04-left-hind-leg-20260920-172018.csv:2,release,0.775,-2274.8000000000166,-0.003754148492515
original:pressure-zone04-left-hind-leg-20260920-172018.csv:2,release,0.800,-1851.5384615384578,-0.0030556314068129475
original:pressure-zone04-left-hind-leg-20260920-172018.csv:3,press,-0.400,8683.384615384593,0.03321850871601822
original:pressure-zone04-left-hind-leg-20260920-172018.csv:3,press,-0.375,8883.320000000062,0.03398336661540486
original:pressure-zone04-left-hind-leg-20260920-172018.csv:3,press,-0.350,7525.200000000048,0.02878784401037501
original:pressure-zone04-left-hind-leg-20260920-172018.csv:3,press,-0.325,6345.119999999979,0.024273417953955895
original:pressure-zone04-left-hind-leg-20260920-172018.csv:3,press,-0.300,5516.400000000034,0.021103128514701624
original:pressure-zone04-left-hind-leg-20260920-172018.csv:3,press,-0.275,4761.48000000004,0.01821516285261796
original:pressure-zone04-left-hind-leg-20260920-172018.csv:3,press,-0.250,3963.846153846153,0.015163794285606663
original:pressure-zone04-left-hind-leg-20260920-172018.csv:3,press,-0.225,4104.159999999933,0.015700568473079518
original:pressure-zone04-left-hind-leg-20260920-172018.csv:3,press,-0.200,7255.3999999998205,0.027755717247763295
original:pressure-zone04-left-hind-leg-20260920-172018.csv:3,press,-0.175,15637.359999998152,0.059821118430609374
original:pressure-zone04-left-hind-leg-20260920-172018.csv:3,press,-0.150,36454.27999999925,0.13945677538809667
original:pressure-zone04-left-hind-leg-20260920-172018.csv:3,press,-0.125,70039.43999999893,0.2679376592374922
original:pressure-zone04-left-hind-leg-20260920-172018.csv:3,press,-0.100,117793.65384615265,0.45062261897825057
original:pressure-zone04-left-hind-leg-20260920-172018.csv:3,press,-0.075,172585.0,0.6602283073580156
original:pressure-zone04-left-hind-leg-20260920-172018.csv:3,press,-0.050,227138.0,0.8689221964636843
original:pressure-zone04-left-hind-leg-20260920-172018.csv:3,press,-0.025,257838.99999999782,0.9863696528718136
original:pressure-zone04-left-hind-leg-20260920-172018.csv:3,press,0.000,261402.0,1.0
original:pressure-zone04-left-hind-leg-20260920-172018.csv:3,press,0.025,253776.0,0.9708265430256846
original:pressure-zone04-left-hind-leg-20260920-172018.csv:3,press,0.050,238109.0,0.9108920360211475
original:pressure-zone04-left-hind-leg-20260920-172018.csv:3,press,0.075,215819.57692307644,0.8256232810884249
original:pressure-zone04-left-hind-leg-20260920-172018.csv:3,press,0.100,200078.72000000076,0.7654062325460431
original:pressure-zone04-left-hind-leg-20260920-172018.csv:3,press,0.125,189805.2800000005,0.7261049265116583
original:pressure-zone04-left-hind-leg-20260920-172018.csv:3,press,0.150,174949.24000000072,0.6692727676146346
original:pressure-zone04-left-hind-leg-20260920-172018.csv:3,press,0.175,152946.67999999956,0.5851014146793045
original:pressure-zone04-left-hind-leg-20260920-172018.csv:3,press,0.200,132653.39999999956,0.5074689558610859
original:pressure-zone04-left-hind-leg-20260920-172018.csv:3,press,0.225,115922.84615384543,0.4434657965656171
original:pressure-zone04-left-hind-leg-20260920-172018.csv:3,press,0.250,95010.12000000055,0.3634636307296828
original:pressure-zone04-left-hind-leg-20260920-172018.csv:3,press,0.275,74624.56000000052,0.28547815242423746
original:pressure-zone04-left-hind-leg-20260920-172018.csv:3,press,0.300,53510.72000000054,0.20470662045432148
original:pressure-zone04-left-hind-leg-20260920-172018.csv:3,press,0.325,34345.19999999924,0.1313884362017094
original:pressure-zone04-left-hind-leg-20260920-172018.csv:3,press,0.350,21618.559999999445,0.08270235116793079
original:pressure-zone04-left-hind-leg-20260920-172018.csv:3,press,0.375,15345.153846153877,0.05870327635654615
original:pressure-zone04-left-hind-leg-20260920-172018.csv:3,press,0.400,7606.080000000023,0.02909725250763201
original:pressure-zone04-left-hind-leg-20260920-172018.csv:3,press,0.425,-3306.039999999968,-0.012647340112164283
original:pressure-zone04-left-hind-leg-20260920-172018.csv:3,press,0.450,-9140.439999999986,-0.034966985715487967
original:pressure-zone04-left-hind-leg-20260920-172018.csv:3,press,0.475,-4830.9200000000155,-0.018480807338888055
original:pressure-zone04-left-hind-leg-20260920-172018.csv:3,press,0.500,-2292.5384615385774,-0.008770164197437577
original:pressure-zone04-left-hind-leg-20260920-172018.csv:3,press,0.525,-10039.680000000082,-0.0384070512084838
original:pressure-zone04-left-hind-leg-20260920-172018.csv:3,press,0.550,-19353.360000000182,-0.07403677095049074
original:pressure-zone04-left-hind-leg-20260920-172018.csv:3,press,0.575,-26183.960000000126,-0.10016740499307629
original:pressure-zone04-left-hind-leg-20260920-172018.csv:3,press,0.600,-41407.400000000336,-0.1584050619352581
original:pressure-zone04-left-hind-leg-20260920-172018.csv:3,press,0.625,-60555.999999998996,-0.23165851829748432
original:pressure-zone04-left-hind-leg-20260920-172018.csv:3,press,0.650,-71553.30769230738,-0.2737289986010336
original:pressure-zone04-left-hind-leg-20260920-172018.csv:3,press,0.675,-89767.59999999942,-0.3434082371213664
original:pressure-zone04-left-hind-leg-20260920-172018.csv:3,press,0.700,-141924.2000000017,-0.5429346370724084
original:pressure-zone04-left-hind-leg-20260920-172018.csv:3,press,0.725,-234974.0000000043,-0.898899013779559
original:pressure-zone04-left-hind-leg-20260920-172018.csv:3,press,0.750,-353630.40000000526,-1.3528220901140973
original:pressure-zone04-left-hind-leg-20260920-172018.csv:3,press,0.775,-471559.5999999967,-1.8039632443515992
original:pressure-zone04-left-hind-leg-20260920-172018.csv:3,press,0.800,-562747.3846153837,-2.152804433842831
original:pressure-zone04-left-hind-leg-20260920-172018.csv:3,release,-0.400,-5273.560000000014,-0.008787919185724878
original:pressure-zone04-left-hind-leg-20260920-172018.csv:3,release,-0.375,-9080.079999999984,-0.015131146557527819
original:pressure-zone04-left-hind-leg-20260920-172018.csv:3,release,-0.350,-3905.3461538461424,-0.0065079123765125054
original:pressure-zone04-left-hind-leg-20260920-172018.csv:3,release,-0.325,-2723.160000000301,-0.004537904188025004
original:pressure-zone04-left-hind-leg-20260920-172018.csv:3,release,-0.300,-12320.320000000236,-0.020530718623144845
original:pressure-zone04-left-hind-leg-20260920-172018.csv:3,release,-0.275,-21343.520000000164,-0.03556707971444406
original:pressure-zone04-left-hind-leg-20260920-172018.csv:3,release,-0.250,-28555.800000000432,-0.04758570352546015
original:pressure-zone04-left-hind-leg-20260920-172018.csv:3,release,-0.225,-45679.0000000005,-0.07611999493411094
original:pressure-zone04-left-hind-leg-20260920-172018.csv:3,release,-0.200,-64437.07692307718,-0.10737866347672886
original:pressure-zone04-left-hind-leg-20260920-172018.csv:3,release,-0.175,-74243.08000000099,-0.12371949634389559
original:pressure-zone04-left-hind-leg-20260920-172018.csv:3,release,-0.150,-96256.5599999988,-0.16040300487258422
original:pressure-zone04-left-hind-leg-20260920-172018.csv:3,release,-0.125,-157993.6000000049,-0.2632822967145119
original:pressure-zone04-left-hind-leg-20260920-172018.csv:3,release,-0.100,-260151.92000000595,-0.4335200602574371
original:pressure-zone04-left-hind-leg-20260920-172018.csv:3,release,-0.075,-382896.4800000056,-0.6380629636789119
original:pressure-zone04-left-hind-leg-20260920-172018.csv:3,release,-0.050,-498284.7692307734,-0.8303472954659842
original:pressure-zone04-left-hind-leg-20260920-172018.csv:3,release,-0.025,-583104.0,-0.9716910073788686
original:pressure-zone04-left-hind-leg-20260920-172018.csv:3,release,0.000,-600092.0,-1.0
original:pressure-zone04-left-hind-leg-20260920-172018.csv:3,release,0.025,-532590.999999992,-0.8875155809442419
original:pressure-zone04-left-hind-leg-20260920-172018.csv:3,release,0.050,-418800.9999999924,-0.6978946561527105
original:pressure-zone04-left-hind-leg-20260920-172018.csv:3,release,0.075,-311393.99999999395,-0.5189104337334841
original:pressure-zone04-left-hind-leg-20260920-172018.csv:3,release,0.100,-226395.0,-0.37726715236996994
original:pressure-zone04-left-hind-leg-20260920-172018.csv:3,release,0.125,-161143.07692307548,-0.2685306201766987
original:pressure-zone04-left-hind-leg-20260920-172018.csv:3,release,0.150,-108779.07999999882,-0.1812706718303174
original:pressure-zone04-left-hind-leg-20260920-172018.csv:3,release,0.175,-73950.79999999922,-0.12323243769288579
original:pressure-zone04-left-hind-leg-20260920-172018.csv:3,release,0.200,-53122.95999999816,-0.08852469288042193
original:pressure-zone04-left-hind-leg-20260920-172018.csv:3,release,0.225,-39016.959999999686,-0.06501829719442967
original:pressure-zone04-left-hind-leg-20260920-172018.csv:3,release,0.250,-28392.23076923031,-0.04731312993546041
original:pressure-zone04-left-hind-leg-20260920-172018.csv:3,release,0.275,-19864.55999999962,-0.03310252427960982
original:pressure-zone04-left-hind-leg-20260920-172018.csv:3,release,0.300,-14907.879999999788,-0.02484265745918924
original:pressure-zone04-left-hind-leg-20260920-172018.csv:3,release,0.325,-13945.279999999972,-0.02323857008592011
original:pressure-zone04-left-hind-leg-20260920-172018.csv:3,release,0.350,-13126.719999999961,-0.021874512574738474
original:pressure-zone04-left-hind-leg-20260920-172018.csv:3,release,0.375,-11283.479999999923,-0.01880291688607734
original:pressure-zone04-left-hind-leg-20260920-172018.csv:3,release,0.400,-10102.84615384608,-0.016835495480436467
original:pressure-zone04-left-hind-leg-20260920-172018.csv:3,release,0.425,-9873.079999999993,-0.016452610599708033
original:pressure-zone04-left-hind-leg-20260920-172018.csv:3,release,0.450,-10457.520000000046,-0.01742652793238378
original:pressure-zone04-left-hind-leg-20260920-172018.csv:3,release,0.475,-11767.480000000096,-0.019609459882818127
original:pressure-zone04-left-hind-leg-20260920-172018.csv:3,release,0.500,-12126.84,-0.020208301393786286
original:pressure-zone04-left-hind-leg-20260920-172018.csv:3,release,0.525,-10943.879999999917,-0.01823700365943875
original:pressure-zone04-left-hind-leg-20260920-172018.csv:3,release,0.550,-9856.69230769228,-0.016425301966518934
original:pressure-zone04-left-hind-leg-20260920-172018.csv:3,release,0.575,-9612.559999999992,-0.016018477166834407
original:pressure-zone04-left-hind-leg-20260920-172018.csv:3,release,0.600,-9421.59999999998,-0.015700259293574954
original:pressure-zone04-left-hind-leg-20260920-172018.csv:3,release,0.625,-10112.920000000016,-0.016852282649993694
original:pressure-zone04-left-hind-leg-20260920-172018.csv:3,release,0.650,-10804.560000000012,-0.018004839257980465
original:pressure-zone04-left-hind-leg-20260920-172018.csv:3,release,0.675,-10642.039999999994,-0.017734014117835255
original:pressure-zone04-left-hind-leg-20260920-172018.csv:3,release,0.700,-9684.769230769189,-0.016138807434142078
original:pressure-zone04-left-hind-leg-20260920-172018.csv:3,release,0.725,-8682.599999999902,-0.014468781453510299
original:pressure-zone04-left-hind-leg-20260920-172018.csv:3,release,0.750,-8784.400000000041,-0.014638422108610083
original:pressure-zone04-left-hind-leg-20260920-172018.csv:3,release,0.775,-9433.40000000003,-0.01571992294514846
original:pressure-zone04-left-hind-leg-20260920-172018.csv:3,release,0.800,-10309.80000000004,-0.017180365677262884
original:pressure-zone04-left-hind-leg-20260920-172018.csv:4,press,-0.400,219.90000000001638,0.0006970518731486564
original:pressure-zone04-left-hind-leg-20260920-172018.csv:4,press,-0.375,322.3799999999997,0.0010218989671016232
original:pressure-zone04-left-hind-leg-20260920-172018.csv:4,press,-0.350,436.29999999999353,0.0013830092417222903
original:pressure-zone04-left-hind-leg-20260920-172018.csv:4,press,-0.325,1679.3800000000226,0.0053233968837122295
original:pressure-zone04-left-hind-leg-20260920-172018.csv:4,press,-0.300,3640.3076923077015,0.011539260098955695
original:pressure-zone04-left-hind-leg-20260920-172018.csv:4,press,-0.275,5119.339999999923,0.016227583157273868
original:pressure-zone04-left-hind-leg-20260920-172018.csv:4,press,-0.250,4340.459999999997,0.013758643807760755
original:pressure-zone04-left-hind-leg-20260920-172018.csv:4,press,-0.225,4681.979999999859,0.014841213865594383
original:pressure-zone04-left-hind-leg-20260920-172018.csv:4,press,-0.200,8947.34000000113,0.028361801303766362
original:pressure-zone04-left-hind-leg-20260920-172018.csv:4,press,-0.175,22604.579999998892,0.07165331892104007
original:pressure-zone04-left-hind-leg-20260920-172018.csv:4,press,-0.150,52022.9615384662,0.1649054242252191
original:pressure-zone04-left-hind-leg-20260920-172018.csv:4,press,-0.125,100276.06000000308,0.3178609161208004
original:pressure-zone04-left-hind-leg-20260920-172018.csv:4,press,-0.100,167655.41999999454,0.5314439497704057
original:pressure-zone04-left-hind-leg-20260920-172018.csv:4,press,-0.075,227040.70000000234,0.7196868813823193
original:pressure-zone04-left-hind-leg-20260920-172018.csv:4,press,-0.050,272569.7400000017,0.8640074935453811
original:pressure-zone04-left-hind-leg-20260920-172018.csv:4,press,-0.025,308471.50000000035,0.9778109908502047
original:pressure-zone04-left-hind-leg-20260920-172018.csv:4,press,0.000,315471.5,1.0
original:pressure-zone04-left-hind-leg-20260920-172018.csv:4,press,0.025,302848.5,0.9599868767860171
original:pressure-zone04-left-hind-leg-20260920-172018.csv:4,press,0.050,282281.5,0.8947923980454653
original:pressure-zone04-left-hind-leg-20260920-172018.csv:4,press,0.075,260346.5,0.8252615529453532
original:pressure-zone04-left-hind-leg-20260920-172018.csv:4,press,0.100,229248.4999999971,0.7266852948681485
original:pressure-zone04-left-hind-leg-20260920-172018.csv:4,press,0.125,208756.5,0.6617285555113537
original:pressure-zone04-left-hind-leg-20260920-172018.csv:4,press,0.150,199468.0384615376,0.6322854472164288
original:pressure-zone04-left-hind-leg-20260920-172018.csv:4,press,0.175,174220.01999999763,0.5522528025510945
original:pressure-zone04-left-hind-leg-20260920-172018.csv:4,press,0.200,135835.66000000178,0.4305798146583821
original:pressure-zone04-left-hind-leg-20260920-172018.csv:4,press,0.225,100186.05999999677,0.317575628860283
original:pressure-zone04-left-hind-leg-20260920-172018.csv:4,press,0.250,74470.7799999977,0.23606183125891783
original:pressure-zone04-left-hind-leg-20260920-172018.csv:4,press,0.275,62833.21999999893,0.1991724133558782
original:pressure-zone04-left-hind-leg-20260920-172018.csv:4,press,0.300,52716.65384615341,0.1671043306484212
original:pressure-zone04-left-hind-leg-20260920-172018.csv:4,press,0.325,35426.85999999929,0.11229813152693441
original:pressure-zone04-left-hind-leg-20260920-172018.csv:4,press,0.350,20026.979999999225,0.06348269178039609
original:pressure-zone04-left-hind-leg-20260920-172018.csv:4,press,0.375,7817.579999999523,0.024780622021322127
original:pressure-zone04-left-hind-leg-20260920-172018.csv:4,press,0.400,-6260.4600000007285,-0.019844772031707234
original:pressure-zone04-left-hind-leg-20260920-172018.csv:4,press,0.425,-12887.460000000237,-0.04085142397966294
original:pressure-zone04-left-hind-leg-20260920-172018.csv:4,press,0.450,-9614.615384615407,-0.03047696982014352
original:pressure-zone04-left-hind-leg-20260920-172018.csv:4,press,0.475,-14253.260000000762,-0.045180816650634885
original:pressure-zone04-left-hind-leg-20260920-172018.csv:4,press,0.500,-29405.620000000094,-0.09321165303363407
original:pressure-zone04-left-hind-leg-20260920-172018.csv:4,press,0.525,-41065.30000000144,-0.13017118820559526
original:pressure-zone04-left-hind-leg-20260920-172018.csv:4,press,0.550,-45203.38000000002,-0.1432883160602464
original:pressure-zone04-left-hind-leg-20260920-172018.csv:4,press,0.575,-50673.01999999993,-0.16062630063254504
original:pressure-zone04-left-hind-leg-20260920-172018.csv:4,press,0.600,-74025.6538461561,-0.23465084435886
original:pressure-zone04-left-hind-leg-20260920-172018.csv:4,press,0.625,-133028.5800000052,-0.4216817684006485
original:pressure-zone04-left-hind-leg-20260920-172018.csv:4,press,0.650,-225967.14000001005,-0.716283848144793
original:pressure-zone04-left-hind-leg-20260920-172018.csv:4,press,0.675,-347138.82000001,-1.1003809218899647
original:pressure-zone04-left-hind-leg-20260920-172018.csv:4,press,0.700,-499239.21999999374,-1.5825176600738695
original:pressure-zone04-left-hind-leg-20260920-172018.csv:4,press,0.725,-630874.6923076971,-1.9997834742843559
original:pressure-zone04-left-hind-leg-20260920-172018.csv:4,press,0.750,-685887.9000000011,-2.1741675555478106
original:pressure-zone04-left-hind-leg-20260920-172018.csv:4,press,0.775,-641180.8999999963,-2.0324526938249456
original:pressure-zone04-left-hind-leg-20260920-172018.csv:4,press,0.800,-529019.2999999964,-1.676916298302688
original:pressure-zone04-left-hind-leg-20260920-172018.csv:4,release,-0.400,17378.379999999863,0.025066085871607073
original:pressure-zone04-left-hind-leg-20260920-172018.csv:4,release,-0.375,5149.940000000081,0.007428128414364699
original:pressure-zone04-left-hind-leg-20260920-172018.csv:4,release,-0.350,-8117.05999999922,-0.011707818737130215
original:pressure-zone04-left-hind-leg-20260920-172018.csv:4,release,-0.325,-12875.384615384593,-0.018571092150085414
original:pressure-zone04-left-hind-leg-20260920-172018.csv:4,release,-0.300,-9591.659999999769,-0.013834740246861606
original:pressure-zone04-left-hind-leg-20260920-172018.csv:4,release,-0.275,-16266.420000001493,-0.023462226084575627
original:pressure-zone04-left-hind-leg-20260920-172018.csv:4,release,-0.250,-32257.299999999563,-0.04652702103338667
original:pressure-zone04-left-hind-leg-20260920-172018.csv:4,release,-0.225,-42642.579999999834,-0.06150645641693176
original:pressure-zone04-left-hind-leg-20260920-172018.csv:4,release,-0.200,-46049.81999999977,-0.06642096343226768
original:pressure-zone04-left-hind-leg-20260920-172018.csv:4,release,-0.175,-53426.42307692195,-0.07706076795759709
original:pressure-zone04-left-hind-leg-20260920-172018.csv:4,release,-0.150,-80758.98000000334,-0.116484478276082
original:pressure-zone04-left-hind-leg-20260920-172018.csv:4,release,-0.125,-147410.34000000448,-0.2126205227876785
original:pressure-zone04-left-hind-leg-20260920-172018.csv:4,release,-0.100,-246700.41999998858,-0.35583373779841926
original:pressure-zone04-left-hind-leg-20260920-172018.csv:4,release,-0.075,-373512.82000000717,-0.5387443720454018
original:pressure-zone04-left-hind-leg-20260920-172018.csv:4,release,-0.050,-529455.4615384497,-0.7636716462704949
original:pressure-zone04-left-hind-leg-20260920-172018.csv:4,release,-0.025,-656229.5,-0.9465269489147955
original:pressure-zone04-left-hind-leg-20260920-172018.csv:4,release,0.000,-693302.5,-1.0
original:pressure-zone04-left-hind-leg-20260920-172018.csv:4,release,0.025,-628150.5,-0.9060265901248012
original:pressure-zone04-left-hind-leg-20260920-172018.csv:4,release,0.050,-504236.5,-0.7272965264080253
original:pressure-zone04-left-hind-leg-20260920-172018.csv:4,release,0.075,-371065.5,-0.5352144266031061
original:pressure-zone04-left-hind-leg-20260920-172018.csv:4,release,0.100,-262840.5,-0.3791137346252177
original:pressure-zone04-left-hind-leg-20260920-172018.csv:4,release,0.125,-188259.73076923445,-0.27154053356108543
original:pressure-zone04-left-hind-leg-20260920-172018.csv:4,release,0.150,-132200.01999999495,-0.1906815855993523
original:pressure-zone04-left-hind-leg-20260920-172018.csv:4,release,0.175,-90483.54000000187,-0.13051090973997911
original:pressure-zone04-left-hind-leg-20260920-172018.csv:4,release,0.200,-61186.62000000148,-0.0882538574431817
original:pressure-zone04-left-hind-leg-20260920-172018.csv:4,release,0.225,-40879.61999999818,-0.05896361256449845
original:pressure-zone04-left-hind-leg-20260920-172018.csv:4,release,0.250,-27431.5800000006,-0.039566538415771756
original:pressure-zone04-left-hind-leg-20260920-172018.csv:4,release,0.275,-20204.80769230739,-0.029142845572181535
original:pressure-zone04-left-hind-leg-20260920-172018.csv:4,release,0.300,-14333.49999999977,-0.020674236714853574
original:pressure-zone04-left-hind-leg-20260920-172018.csv:4,release,0.325,-10215.420000000362,-0.01473443410344022
original:pressure-zone04-left-hind-leg-20260920-172018.csv:4,release,0.350,-7510.099999999897,-0.010832356727402391
original:pressure-zone04-left-hind-leg-20260920-172018.csv:4,release,0.375,-5897.65999999994,-0.008506618683763494
original:pressure-zone04-left-hind-leg-20260920-172018.csv:4,release,0.400,-4260.259999999916,-0.006144879039091761
original:pressure-zone04-left-hind-leg-20260920-172018.csv:4,release,0.425,-3091.7307692307754,-0.004459425386798368
original:pressure-zone04-left-hind-leg-20260920-172018.csv:4,release,0.450,-3673.6999999999907,-0.00529884141482252
original:pressure-zone04-left-hind-leg-20260920-172018.csv:4,release,0.475,-4723.660000000006,-0.006813274148008995
original:pressure-zone04-left-hind-leg-20260920-172018.csv:4,release,0.500,-5113.099999999997,-0.007374991435917217
original:pressure-zone04-left-hind-leg-20260920-172018.csv:4,release,0.525,-4912.659999999965,-0.007085882425059718
original:pressure-zone04-left-hind-leg-20260920-172018.csv:4,release,0.550,-4800.1153846153875,-0.006923551241507693
original:pressure-zone04-left-hind-leg-20260920-172018.csv:4,release,0.575,-4567.940000000016,-0.006588668005668544
original:pressure-zone04-left-hind-leg-20260920-172018.csv:4,release,0.600,-4723.900000000019,-0.006813620317249712
original:pressure-zone04-left-hind-leg-20260920-172018.csv:4,release,0.625,-5123.539999999983,-0.0073900497978876215
original:pressure-zone04-left-hind-leg-20260920-172018.csv:4,release,0.650,-5019.459999999984,-0.007239927737170981
original:pressure-zone04-left-hind-leg-20260920-172018.csv:4,release,0.675,-4816.820000000008,-0.006947645508273817
original:pressure-zone04-left-hind-leg-20260920-172018.csv:4,release,0.700,-3984.076923077022,-0.005746520347289995
original:pressure-zone04-left-hind-leg-20260920-172018.csv:4,release,0.725,-2810.299999999965,-0.004053497571406371
original:pressure-zone04-left-hind-leg-20260920-172018.csv:4,release,0.750,-2010.8999999999803,-0.0029004655255101203
original:pressure-zone04-left-hind-leg-20260920-172018.csv:4,release,0.775,-1715.699999999989,-0.0024746773594498633
original:pressure-zone04-left-hind-leg-20260920-172018.csv:4,release,0.800,-1296.4999999999864,-0.001870035085694897
original:pressure-zone04-left-hind-leg-20260920-172018.csv:5,press,-0.400,-632.5769230768302,-0.001899850051963456
original:pressure-zone04-left-hind-leg-20260920-172018.csv:5,press,-0.375,149.7799999999347,0.00044984179852605987
original:pressure-zone04-left-hind-leg-20260920-172018.csv:5,press,-0.350,1761.0199999999495,0.005288959834695451
original:pressure-zone04-left-hind-leg-20260920-172018.csv:5,press,-0.325,2996.340000000077,0.008999058449700873
original:pressure-zone04-left-hind-leg-20260920-172018.csv:5,press,-0.300,3842.4199999999673,0.011540133018381906
original:pressure-zone04-left-hind-leg-20260920-172018.csv:5,press,-0.275,4786.420000000211,0.014375295642289607
original:pressure-zone04-left-hind-leg-20260920-172018.csv:5,press,-0.250,7313.499999999787,0.02196500195968539
original:pressure-zone04-left-hind-leg-20260920-172018.csv:5,press,-0.225,12618.85999999855,0.03789885617405781
original:pressure-zone04-left-hind-leg-20260920-172018.csv:5,press,-0.200,29360.02000000185,0.08817842303089651
original:pressure-zone04-left-hind-leg-20260920-172018.csv:5,press,-0.175,66072.06000000233,0.19843753707261147
original:pressure-zone04-left-hind-leg-20260920-172018.csv:5,press,-0.150,117205.06000000268,0.3520078447508276
original:pressure-zone04-left-hind-leg-20260920-172018.csv:5,press,-0.125,169322.42000000228,0.5085345302685214
original:pressure-zone04-left-hind-leg-20260920-172018.csv:5,press,-0.100,219453.42307691902,0.659095490250131
original:pressure-zone04-left-hind-leg-20260920-172018.csv:5,press,-0.075,263176.5,0.7904112036977248
original:pressure-zone04-left-hind-leg-20260920-172018.csv:5,press,-0.050,305241.5,0.9167471314251047
original:pressure-zone04-left-hind-leg-20260920-172018.csv:5,press,-0.025,330105.5000000004,0.9914224317225878
original:pressure-zone04-left-hind-leg-20260920-172018.csv:5,press,0.000,332961.5,1.0
original:pressure-zone04-left-hind-leg-20260920-172018.csv:5,press,0.025,311380.5,0.9351846985312116
original:pressure-zone04-left-hind-leg-20260920-172018.csv:5,press,0.050,282205.5,0.8475619553612054
original:pressure-zone04-left-hind-leg-20260920-172018.csv:5,press,0.075,266617.03846153925,0.8007443457022486
original:pressure-zone04-left-hind-leg-20260920-172018.csv:5,press,0.100,247501.97999999824,0.7433351303378866
original:pressure-zone04-left-hind-leg-20260920-172018.csv:5,press,0.125,219510.69999999742,0.6592675129106441
original:pressure-zone04-left-hind-leg-20260920-172018.csv:5,press,0.150,182458.09999999637,0.5479855779121501
original:pressure-zone04-left-hind-leg-20260920-172018.csv:5,press,0.175,137257.49999999587,0.4122323451810371
original:pressure-zone04-left-hind-leg-20260920-172018.csv:5,press,0.200,103188.80769230622,0.30991213005799834
original:pressure-zone04-left-hind-leg-20260920-172018.csv:5,press,0.225,89489.0999999994,0.2687671097108807
original:pressure-zone04-left-hind-leg-20260920-172018.csv:5,press,0.250,78137.33999999955,0.23467379862236187
original:pressure-zone04-left-hind-leg-20260920-172018.csv:5,press,0.275,60163.81999999905,0.18069302306722862
original:pressure-zone04-left-hind-leg-20260920-172018.csv:5,press,0.300,56733.69999999992,0.1703911713516425
original:pressure-zone04-left-hind-leg-20260920-172018.csv:5,press,0.325,57731.06000000005,0.1733865927442063
original:pressure-zone04-left-hind-leg-20260920-172018.csv:5,press,0.350,45235.57692307505,0.13585828068132516
original:pressure-zone04-left-hind-leg-20260920-172018.csv:5,press,0.375,28276.9799999999,0.08492567459000486
original:pressure-zone04-left-hind-leg-20260920-172018.csv:5,press,0.400,15795.699999998456,0.04744001934157089
original:pressure-zone04-left-hind-leg-20260920-172018.csv:5,press,0.425,8603.939999999962,0.025840645239764846
original:pressure-zone04-left-hind-leg-20260920-172018.csv:5,press,0.450,7730.260000000001,0.023216678204537166
original:pressure-zone04-left-hind-leg-20260920-172018.csv:5,press,0.475,6308.739999999791,0.018947355775366794
original:pressure-zone04-left-hind-leg-20260920-172018.csv:5,press,0.500,-4234.50000000103,-0.01271768657938239
original:pressure-zone04-left-hind-leg-20260920-172018.csv:5,press,0.525,-19728.700000001656,-0.059252195824447136
original:pressure-zone04-left-hind-leg-20260920-172018.csv:5,press,0.550,-41275.2600000018,-0.1239640619110672
original:pressure-zone04-left-hind-leg-20260920-172018.csv:5,press,0.575,-69280.77999999885,-0.208074447045676
original:pressure-zone04-left-hind-leg-20260920-172018.csv:5,press,0.600,-102295.98000000269,-0.3072306557965491
original:pressure-zone04-left-hind-leg-20260920-172018.csv:5,press,0.625,-136230.42307692437,-0.40914767346051834
original:pressure-zone04-left-hind-leg-20260920-172018.csv:5,press,0.650,-149617.10000000047,-0.44935255277261926
original:pressure-zone04-left-hind-leg-20260920-172018.csv:5,press,0.675,-147914.29999999987,-0.444238447988731
original:pressure-zone04-left-hind-leg-20260920-172018.csv:5,press,0.700,-183790.9000000013,-0.5519884431082912
original:pressure-zone04-left-hind-leg-20260920-172018.csv:5,press,0.725,-304449.5000000079,-0.9143684780372743
original:pressure-zone04-left-hind-leg-20260920-172018.csv:5,press,0.750,-481643.5000000053,-1.4465441199658378
original:pressure-zone04-left-hind-leg-20260920-172018.csv:5,press,0.775,-588735.2692307807,-1.7681782104861392
original:pressure-zone04-left-hind-leg-20260920-172018.csv:5,press,0.800,-582118.8199999996,-1.7483066961195202
original:pressure-zone04-left-hind-leg-20260920-172018.csv:5,release,-0.400,24771.299999999865,0.04063110223918582
original:pressure-zone04-left-hind-leg-20260920-172018.csv:5,release,-0.375,13591.060000000038,0.022292723773032236
original:pressure-zone04-left-hind-leg-20260920-172018.csv:5,release,-0.350,7804.7400000000125,0.01280171766884521
original:pressure-zone04-left-hind-leg-20260920-172018.csv:5,release,-0.325,7526.259999999982,0.012344941102755835
original:pressure-zone04-left-hind-leg-20260920-172018.csv:5,release,-0.300,4704.999999999935,0.007717371960105756
original:pressure-zone04-left-hind-leg-20260920-172018.csv:5,release,-0.275,-7412.900000001474,-0.012159002466116921
original:pressure-zone04-left-hind-leg-20260920-172018.csv:5,release,-0.250,-24126.6199999991,-0.039573666456986685
original:pressure-zone04-left-hind-leg-20260920-172018.csv:5,release,-0.225,-47208.859999998516,-0.07743428957121185
original:pressure-zone04-left-hind-leg-20260920-172018.csv:5,release,-0.200,-76629.25999999866,-0.12569107384647213
original:pressure-zone04-left-hind-leg-20260920-172018.csv:5,release,-0.175,-110416.73076922928,-0.18111094196918345
original:pressure-zone04-left-hind-leg-20260920-172018.csv:5,release,-0.150,-143353.18000000037,-0.2351349227893754
original:pressure-zone04-left-hind-leg-20260920-172018.csv:5,release,-0.125,-151097.94000000038,-0.2478382583179088
original:pressure-zone04-left-hind-leg-20260920-172018.csv:5,release,-0.100,-148912.21999999584,-0.24425313308078284
original:pressure-zone04-left-hind-leg-20260920-172018.csv:5,release,-0.075,-198543.50000000634,-0.32566079484831606
original:pressure-zone04-left-hind-leg-20260920-172018.csv:5,release,-0.050,-339785.699999983,-0.5573331846173881
original:pressure-zone04-left-hind-leg-20260920-172018.csv:5,release,-0.025,-522462.53846154275,-0.8569687023440681
original:pressure-zone04-left-hind-leg-20260920-172018.csv:5,release,0.000,-609663.5,-1.0
original:pressure-zone04-left-hind-leg-20260920-172018.csv:5,release,0.025,-573420.5000000051,-0.940552452295414
original:pressure-zone04-left-hind-leg-20260920-172018.csv:5,release,0.050,-488826.5,-0.8017972209259698
original:pressure-zone04-left-hind-leg-20260920-172018.csv:5,release,0.075,-378744.5,-0.621235320795816
original:pressure-zone04-left-hind-leg-20260920-172018.csv:5,release,0.100,-277526.5,-0.45521258858370234
original:pressure-zone04-left-hind-leg-20260920-172018.csv:5,release,0.125,-204492.84615384974,-0.33541920445270174
original:pressure-zone04-left-hind-leg-20260920-172018.csv:5,release,0.150,-146416.61999999476,-0.2401597274562029
original:pressure-zone04-left-hind-leg-20260920-172018.csv:5,release,0.175,-101123.94000000204,-0.16586845038287848
original:pressure-zone04-left-hind-leg-20260920-172018.csv:5,release,0.200,-68283.22000000166,-0.11200148934617483
original:pressure-zone04-left-hind-leg-20260920-172018.csv:5,release,0.225,-45820.53999999799,-0.07515709895704432
original:pressure-zone04-left-hind-leg-20260920-172018.csv:5,release,0.250,-30015.300000000705,-0.04923256845784717
original:pressure-zone04-left-hind-leg-20260920-172018.csv:5,release,0.275,-20787.653846153455,-0.03409693026752209
original:pressure-zone04-left-hind-leg-20260920-172018.csv:5,release,0.300,-15971.899999999823,-0.026197894412245154
original:pressure-zone04-left-hind-leg-20260920-172018.csv:5,release,0.325,-13869.340000000173,-0.022749172289304138
original:pressure-zone04-left-hind-leg-20260920-172018.csv:5,release,0.350,-11286.859999999895,-0.018513261823940412
original:pressure-zone04-left-hind-leg-20260920-172018.csv:5,release,0.375,-8184.859999999875,-0.013425209152261657
original:pressure-zone04-left-hind-leg-20260920-172018.csv:5,release,0.400,-4851.499999999829,-0.007957668451530769
original:pressure-zone04-left-hind-leg-20260920-172018.csv:5,release,0.425,-3301.6923076923154,-0.005415597797296895
original:pressure-zone04-left-hind-leg-20260920-172018.csv:5,release,0.450,-3944.9799999999896,-0.006470749848071911
original:pressure-zone04-left-hind-leg-20260920-172018.csv:5,release,0.475,-4364.380000000002,-0.007158670315674141
original:pressure-zone04-left-hind-leg-20260920-172018.csv:5,release,0.500,-4414.42,-0.007240748380048994
original:pressure-zone04-left-hind-leg-20260920-172018.csv:5,release,0.525,-4377.66,-0.007180452823565786
original:pressure-zone04-left-hind-leg-20260920-172018.csv:5,release,0.550,-4882.730769230738,-0.00800889469228638
original:pressure-zone04-left-hind-leg-20260920-172018.csv:5,release,0.575,-5104.859999999991,-0.00837324196052411
original:pressure-zone04-left-hind-leg-20260920-172018.csv:5,release,0.600,-5730.940000000057,-0.009400169109681089
original:pressure-zone04-left-hind-leg-20260920-172018.csv:5,release,0.625,-5489.3400000000165,-0.009003884929965492
original:pressure-zone04-left-hind-leg-20260920-172018.csv:5,release,0.650,-5212.33999999998,-0.008549535932526681
original:pressure-zone04-left-hind-leg-20260920-172018.csv:5,release,0.675,-4811.3000000000175,-0.007891730438184372
original:pressure-zone04-left-hind-leg-20260920-172018.csv:5,release,0.700,-3937.2307692308686,-0.006458039179368403
original:pressure-zone04-left-hind-leg-20260920-172018.csv:5,release,0.725,-2008.6999999999384,-0.003294768343520546
original:pressure-zone04-left-hind-leg-20260920-172018.csv:5,release,0.750,-552.8999999999637,-0.0009068937208803933
original:pressure-zone04-left-hind-leg-20260920-172018.csv:5,release,0.775,-1310.300000000072,-0.002149218380303351
original:pressure-zone04-left-hind-leg-20260920-172018.csv:5,release,0.800,-2164.300000000021,-0.003549991101648731
original:pressure-zone04-left-hind-leg-20260920-172018.csv:6,press,-0.400,2434.1800000005032,0.006967430956979162
original:pressure-zone04-left-hind-leg-20260920-172018.csv:6,press,-0.375,6062.07692307694,0.01735167588979719
original:pressure-zone04-left-hind-leg-20260920-172018.csv:6,press,-0.350,9136.779999999926,0.026152496454286203
original:pressure-zone04-left-hind-leg-20260920-172018.csv:6,press,-0.325,11106.940000000288,0.03179174818349347
original:pressure-zone04-left-hind-leg-20260920-172018.csv:6,press,-0.300,14188.779999999917,0.04061299699025782
original:pressure-zone04-left-hind-leg-20260920-172018.csv:6,press,-0.275,16175.78000000008,0.04630045038791775
original:pressure-zone04-left-hind-leg-20260920-172018.csv:6,press,-0.250,17180.540000000314,0.049176406943445515
original:pressure-zone04-left-hind-leg-20260920-172018.csv:6,press,-0.225,21327.42307692255,0.06104616247718378
original:pressure-zone04-left-hind-leg-20260920-172018.csv:6,press,-0.200,33656.46000000102,0.0963359576145928
original:pressure-zone04-left-hind-leg-20260920-172018.csv:6,press,-0.175,54028.38000000139,0.1546471531962984
original:pressure-zone04-left-hind-leg-20260920-172018.csv:6,press,-0.150,85465.30000000274,0.2446300507634633
original:pressure-zone04-left-hind-leg-20260920-172018.csv:6,press,-0.125,139291.62000000328,0.3986988411849575
original:pressure-zone04-left-hind-leg-20260920-172018.csv:6,press,-0.100,202887.19230769447,0.5807304736950113
original:pressure-zone04-left-hind-leg-20260920-172018.csv:6,press,-0.075,252504.5,0.7227516741063442
original:pressure-zone04-left-hind-leg-20260920-172018.csv:6,press,-0.050,295959.5,0.8471343049041763
original:pressure-zone04-left-hind-leg-20260920-172018.csv:6,press,-0.025,331991.50000000244,0.9502698463357213
original:pressure-zone04-left-hind-leg-20260920-172018.csv:6,press,0.000,349365.5,1.0
original:pressure-zone04-left-hind-leg-20260920-172018.csv:6,press,0.025,339054.5,0.9704864962338868
original:pressure-zone04-left-hind-leg-20260920-172018.csv:6,press,0.050,312363.5,0.8940879966682457
original:pressure-zone04-left-hind-leg-20260920-172018.csv:6,press,0.075,278993.3076923093,0.7985714321886658
original:pressure-zone04-left-hind-leg-20260920-172018.csv:6,press,0.100,249302.9799999973,0.7135878614230579
original:pressure-zone04-left-hind-leg-20260920-172018.csv:6,press,0.125,221793.4999999975,0.6348466004800059
original:pressure-zone04-left-hind-leg-20260920-172018.csv:6,press,0.150,195698.09999999747,0.5601529057677346
original:pressure-zone04-left-hind-leg-20260920-172018.csv:6,press,0.175,166276.0199999973,0.4759371489171006
original:pressure-zone04-left-hind-leg-20260920-172018.csv:6,press,0.200,136006.4600000014,0.3892956230652465
original:pressure-zone04-left-hind-leg-20260920-172018.csv:6,press,0.225,107315.42307692183,0.30717235410171245
original:pressure-zone04-left-hind-leg-20260920-172018.csv:6,press,0.250,83259.21999999906,0.23831551770280424
original:pressure-zone04-left-hind-leg-20260920-172018.csv:6,press,0.275,66429.37999999705,0.1901429305412156
original:pressure-zone04-left-hind-leg-20260920-172018.csv:6,press,0.300,51078.41999999922,0.14620338871468197
original:pressure-zone04-left-hind-leg-20260920-172018.csv:6,press,0.325,35316.81999999937,0.10108845893483863
original:pressure-zone04-left-hind-leg-20260920-172018.csv:6,press,0.350,21899.299999999326,0.06268306401175654
original:pressure-zone04-left-hind-leg-20260920-172018.csv:6,press,0.375,8655.153846153918,0.02477392257150153
original:pressure-zone04-left-hind-leg-20260920-172018.csv:6,press,0.400,-7584.740000002175,-0.021710042920672405
original:pressure-zone04-left-hind-leg-20260920-172018.csv:6,press,0.425,-10350.740000000114,-0.029627252834066656
original:pressure-zone04-left-hind-leg-20260920-172018.csv:6,press,0.450,-7192.459999999979,-0.020587207380236398
original:pressure-zone04-left-hind-leg-20260920-172018.csv:6,press,0.475,-13124.860000000946,-0.037567704882139036
original:pressure-zone04-left-hind-leg-20260920-172018.csv:6,press,0.500,-18421.576923077362,-0.05272866646270843
original:pressure-zone04-left-hind-leg-20260920-172018.csv:6,press,0.525,-20907.340000000204,-0.05984374530398738
original:pressure-zone04-left-hind-leg-20260920-172018.csv:6,press,0.550,-31517.500000000975,-0.09021354426811169
original:pressure-zone04-left-hind-leg-20260920-172018.csv:6,press,0.575,-52133.05999999911,-0.14922211838318067
original:pressure-zone04-left-hind-leg-20260920-172018.csv:6,press,0.600,-77725.58000000208,-0.22247640365176893
original:pressure-zone04-left-hind-leg-20260920-172018.csv:6,press,0.625,-111226.06000000278,-0.3183658947434786
original:pressure-zone04-left-hind-leg-20260920-172018.csv:6,press,0.650,-145193.03846154455,-0.4155906592423824
original:pressure-zone04-left-hind-leg-20260920-172018.csv:6,press,0.675,-177745.10000000184,-0.5087654619588993
original:pressure-zone04-left-hind-leg-20260920-172018.csv:6,press,0.700,-252539.10000000242,-0.722850710788565
original:pressure-zone04-left-hind-leg-20260920-172018.csv:6,press,0.725,-406720.70000000973,-1.1641696160611443
original:pressure-zone04-left-hind-leg-20260920-172018.csv:6,press,0.750,-600164.1000000057,-1.7178688221933924
original:pressure-zone04-left-hind-leg-20260920-172018.csv:6,press,0.775,-716382.6538461663,-2.0505248911130787
original:pressure-zone04-left-hind-leg-20260920-172018.csv:6,press,0.800,-714392.379999996,-2.0448280668812346
original:pressure-zone04-left-hind-leg-20260920-172018.csv:6,release,-0.400,5067.739999999811,0.006854684195611737
original:pressure-zone04-left-hind-leg-20260920-172018.csv:6,release,-0.375,-9687.26000000001,-0.01310310079459173
original:pressure-zone04-left-hind-leg-20260920-172018.csv:6,release,-0.350,-10010.54000000002,-0.013540373090873213
original:pressure-zone04-left-hind-leg-20260920-172018.csv:6,release,-0.325,-7617.140000000082,-0.010303032352442015
original:pressure-zone04-left-hind-leg-20260920-172018.csv:6,release,-0.300,-14598.192307692336,-0.01974568507777495
original:pressure-zone04-left-hind-leg-20260920-172018.csv:6,release,-0.275,-19386.580000000184,-0.026222514085759884
original:pressure-zone04-left-hind-leg-20260920-172018.csv:6,release,-0.250,-22207.499999999513,-0.030038123359535016
original:pressure-zone04-left-hind-leg-20260920-172018.csv:6,release,-0.225,-35254.219999998866,-0.04768526890934035
original:pressure-zone04-left-hind-leg-20260920-172018.csv:6,release,-0.200,-57785.45999999896,-0.07816128676651955
original:pressure-zone04-left-hind-leg-20260920-172018.csv:6,release,-0.175,-84714.21999999862,-0.11458544143495679
original:pressure-zone04-left-hind-leg-20260920-172018.csv:6,release,-0.150,-119510.88461538794,-0.161651815597625
original:pressure-zone04-left-hind-leg-20260920-172018.csv:6,release,-0.125,-153241.18000000148,-0.20727580630871803
original:pressure-zone04-left-hind-leg-20260920-172018.csv:6,release,-0.100,-187610.77999999223,-0.2537645278945615
original:pressure-zone04-left-hind-leg-20260920-172018.csv:6,release,-0.075,-276480.2600000078,-0.37397042244092005
original:pressure-zone04-left-hind-leg-20260920-172018.csv:6,release,-0.050,-448952.9799999819,-0.6072590339241521
original:pressure-zone04-left-hind-leg-20260920-172018.csv:6,release,-0.025,-643777.8076923124,-0.8707813668172065
original:pressure-zone04-left-hind-leg-20260920-172018.csv:6,release,0.000,-739310.5,-1.0
original:pressure-zone04-left-hind-leg-20260920-172018.csv:6,release,0.025,-706523.5,-0.955651921621565
original:pressure-zone04-left-hind-leg-20260920-172018.csv:6,release,0.050,-577347.5,-0.7809269582942485
original:pressure-zone04-left-hind-leg-20260920-172018.csv:6,release,0.075,-416406.5,-0.5632362857013393
original:pressure-zone04-left-hind-leg-20260920-172018.csv:6,release,0.100,-289280.5,-0.39128417626964584
original:pressure-zone04-left-hind-leg-20260920-172018.csv:6,release,0.125,-196527.5,-0.2658253873034402
original:pressure-zone04-left-hind-leg-20260920-172018.csv:6,release,0.150,-130890.96153845543,-0.17704464029451147
original:pressure-zone04-left-hind-leg-20260920-172018.csv:6,release,0.175,-83902.9400000021,-0.1134880946503561
original:pressure-zone04-left-hind-leg-20260920-172018.csv:6,release,0.200,-53532.90000000152,-0.07240922454097638
original:pressure-zone04-left-hind-leg-20260920-172018.csv:6,release,0.225,-35778.73999999843,-0.04839474077535546
original:pressure-zone04-left-hind-leg-20260920-172018.csv:6,release,0.250,-23704.820000000538,-0.032063415844899454
original:pressure-zone04-left-hind-leg-20260920-172018.csv:6,release,0.275,-15929.69999999931,-0.021546697902977585
original:pressure-zone04-left-hind-leg-20260920-172018.csv:6,release,0.300,-10342.73076923053,-0.01398969819748337
original:pressure-zone04-left-hind-leg-20260920-172018.csv:6,release,0.325,-6156.26000000037,-0.008327029035838623
original:pressure-zone04-left-hind-leg-20260920-172018.csv:6,release,0.350,-3671.2599999999065,-0.00496578906968034
original:pressure-zone04-left-hind-leg-20260920-172018.csv:6,release,0.375,-1612.219999999919,-0.0021807075646834706
original:pressure-zone04-left-hind-leg-20260920-172018.csv:6,release,0.400,-633.4599999999547,-0.0008568253798640148
original:pressure-zone04-left-hind-leg-20260920-172018.csv:6,release,0.425,614.0384615384544,0.00083055558055574
original:pressure-zone04-left-hind-leg-20260920-172018.csv:6,release,0.450,1896.5399999999854,0.0025652821108316268
original:pressure-zone04-left-hind-leg-20260920-172018.csv:6,release,0.475,2516.900000000003,0.0034043882779968672
original:pressure-zone04-left-hind-leg-20260920-172018.csv:6,release,0.500,2679.9399999999987,0.0036249180824565576
original:pressure-zone04-left-hind-leg-20260920-172018.csv:6,release,0.525,3137.900000000066,0.0042443601166222665
original:pressure-zone04-left-hind-leg-20260920-172018.csv:6,release,0.550,3726.5000000000036,0.005040507337580088
original:pressure-zone04-left-hind-leg-20260920-172018.csv:6,release,0.575,4155.576923076901,0.005620881785226777
original:pressure-zone04-left-hind-leg-20260920-172018.csv:6,release,0.600,3866.0199999999663,0.005229223715881171
original:pressure-zone04-left-hind-leg-20260920-172018.csv:6,release,0.625,4070.659999999987,0.005506022165247196
original:pressure-zone04-left-hind-leg-20260920-172018.csv:6,release,0.650,4864.22000000007,0.00657940067130126
original:pressure-zone04-left-hind-leg-20260920-172018.csv:6,release,0.675,5230.620000000022,0.007074997582206694
original:pressure-zone04-left-hind-leg-20260920-172018.csv:6,release,0.700,5723.739999999979,0.007741997442211329
original:pressure-zone04-left-hind-leg-20260920-172018.csv:6,release,0.725,5851.500000000002,0.007914807107433213
original:pressure-zone04-left-hind-leg-20260920-172018.csv:6,release,0.750,6102.300000000008,0.00825404211085871
original:pressure-zone04-left-hind-leg-20260920-172018.csv:6,release,0.775,6165.7,0.008339797689874551
original:pressure-zone04-left-hind-leg-20260920-172018.csv:6,release,0.800,6201.700000000002,0.008388491709505006
original:pressure-zone05-right-front-leg-20260920-173826.csv:1,press,-0.400,11557.99999999992,0.05380944621615922
original:pressure-zone05-right-front-leg-20260920-173826.csv:1,press,-0.375,19329.23999999996,0.08998924555971956
original:pressure-zone05-right-front-leg-20260920-173826.csv:1,press,-0.350,24792.76000000015,0.11542521939523802
original:pressure-zone05-right-front-leg-20260920-173826.csv:1,press,-0.325,30858.11999999994,0.14366312064992173
original:pressure-zone05-right-front-leg-20260920-173826.csv:1,press,-0.300,39376.80000000029,0.18332270304243714
original:pressure-zone05-right-front-leg-20260920-173826.csv:1,press,-0.275,50790.38461538501,0.23645980872639033
original:pressure-zone05-right-front-leg-20260920-173826.csv:1,press,-0.250,65233.20000000022,0.3036998067925241
original:pressure-zone05-right-front-leg-20260920-173826.csv:1,press,-0.225,82475.64000000025,0.3839737424055506
original:pressure-zone05-right-front-leg-20260920-173826.csv:1,press,-0.200,101768.95999999961,0.4737957587467102
original:pressure-zone05-right-front-leg-20260920-173826.csv:1,press,-0.175,119837.8000000002,0.5579170837310002
original:pressure-zone05-right-front-leg-20260920-173826.csv:1,press,-0.150,136004.16000000024,0.6331812193021263
original:pressure-zone05-right-front-leg-20260920-173826.csv:1,press,-0.125,152540.5384615386,0.7101680135084085
original:pressure-zone05-right-front-leg-20260920-173826.csv:1,press,-0.100,165654.0,0.7712190693451896
original:pressure-zone05-right-front-leg-20260920-173826.csv:1,press,-0.075,175852.0,0.8186968970413651
original:pressure-zone05-right-front-leg-20260920-173826.csv:1,press,-0.050,187714.0,0.8739216462208153
original:pressure-zone05-right-front-leg-20260920-173826.csv:1,press,-0.025,203805.00000000038,0.9488349356363062
original:pressure-zone05-right-front-leg-20260920-173826.csv:1,press,0.000,214795.0,1.0
original:pressure-zone05-right-front-leg-20260920-173826.csv:1,press,0.025,208830.0,0.9722293349472753
original:pressure-zone05-right-front-leg-20260920-173826.csv:1,press,0.050,191004.03846153806,0.8892387553785612
original:pressure-zone05-right-front-leg-20260920-173826.csv:1,press,0.075,180247.47999999978,0.8391605018738787
original:pressure-zone05-right-front-leg-20260920-173826.csv:1,press,0.100,172249.7999999998,0.8019264880467414
original:pressure-zone05-right-front-leg-20260920-173826.csv:1,press,0.125,154683.7599999996,0.720145999674106
original:pressure-zone05-right-front-leg-20260920-173826.csv:1,press,0.150,135930.4399999996,0.6328380083335254
original:pressure-zone05-right-front-leg-20260920-173826.csv:1,press,0.175,110999.47999999943,0.5167693847622125
original:pressure-zone05-right-front-leg-20260920-173826.csv:1,press,0.200,78005.53846153819,0.36316272940030353
original:pressure-zone05-right-front-leg-20260920-173826.csv:1,press,0.225,58285.03999999982,0.2713519402220714
original:pressure-zone05-right-front-leg-20260920-173826.csv:1,press,0.250,58152.56000000006,0.2707351660885964
original:pressure-zone05-right-front-leg-20260920-173826.csv:1,press,0.275,61110.04000000003,0.2845040154565983
original:pressure-zone05-right-front-leg-20260920-173826.csv:1,press,0.300,61200.59999999999,0.2849256267603994
original:pressure-zone05-right-front-leg-20260920-173826.csv:1,press,0.325,65106.730769230766,0.3031110164074153
original:pressure-zone05-right-front-leg-20260920-173826.csv:1,press,0.350,71343.28000000019,0.3321459065620717
original:pressure-zone05-right-front-leg-20260920-173826.csv:1,press,0.375,72948.56000000003,0.33961945110454167
original:pressure-zone05-right-front-leg-20260920-173826.csv:1,press,0.400,67757.23999999983,0.3154507320933906
original:pressure-zone05-right-front-leg-20260920-173826.csv:1,press,0.425,56380.71999999961,0.26248618450149963
original:pressure-zone05-right-front-leg-20260920-173826.csv:1,press,0.450,40529.439999999464,0.18868893596219402
original:pressure-zone05-right-front-leg-20260920-173826.csv:1,press,0.475,24035.846153845883,0.11190132989057419
original:pressure-zone05-right-front-leg-20260920-173826.csv:1,press,0.500,12104.43999999945,0.05635345329267185
original:pressure-zone05-right-front-leg-20260920-173826.csv:1,press,0.525,4431.479999999611,0.020631206499218378
original:pressure-zone05-right-front-leg-20260920-173826.csv:1,press,0.550,-2563.7600000001394,-0.01193584580646728
original:pressure-zone05-right-front-leg-20260920-173826.csv:1,press,0.575,-7506.520000000226,-0.034947368421053684
original:pressure-zone05-right-front-leg-20260920-173826.csv:1,press,0.600,-9989.760000000042,-0.046508345166321574
original:pressure-zone05-right-front-leg-20260920-173826.csv:1,press,0.625,-15460.11538461562,-0.07197614183112093
original:pressure-zone05-right-front-leg-20260920-173826.csv:1,press,0.650,-31073.400000000765,-0.14466537861682424
original:pressure-zone05-right-front-leg-20260920-173826.csv:1,press,0.675,-67127.80000000144,-0.3125203100630901
original:pressure-zone05-right-front-leg-20260920-173826.csv:1,press,0.700,-127574.0000000028,-0.5939337507856458
original:pressure-zone05-right-front-leg-20260920-173826.csv:1,press,0.725,-192630.6000000023,-0.8968113782909393
original:pressure-zone05-right-front-leg-20260920-173826.csv:1,press,0.750,-262935.20000000304,-1.2241216043204126
original:pressure-zone05-right-front-leg-20260920-173826.csv:1,press,0.775,-369754.5384615454,-1.7214299143906768
original:pressure-zone05-right-front-leg-20260920-173826.csv:1,press,0.800,-522413.3200000049,-2.4321484205870942
original:pressure-zone05-right-front-leg-20260920-173826.csv:1,release,-0.400,36584.61538461588,0.051459787357252804
original:pressure-zone05-right-front-leg-20260920-173826.csv:1,release,-0.375,20509.28000000008,0.028848278888676446
original:pressure-zone05-right-front-leg-20260920-173826.csv:1,release,-0.350,9772.75999999982,0.013746328783462675
original:pressure-zone05-right-front-leg-20260920-173826.csv:1,release,-0.325,2747.8800000000692,0.00386515804516872
original:pressure-zone05-right-front-leg-20260920-173826.csv:1,release,-0.300,-4046.2399999999675,-0.005691426513778973
original:pressure-zone05-right-front-leg-20260920-173826.csv:1,release,-0.275,-8402.120000000054,-0.01181839152891407
original:pressure-zone05-right-front-leg-20260920-173826.csv:1,release,-0.250,-10813.153846153797,-0.015209742995366385
original:pressure-zone05-right-front-leg-20260920-173826.csv:1,release,-0.225,-17402.52000000023,-0.02447832153667873
original:pressure-zone05-right-front-leg-20260920-173826.csv:1,release,-0.200,-36293.83999999914,-0.05105078375549858
original:pressure-zone05-right-front-leg-20260920-173826.csv:1,release,-0.175,-77858.60000000084,-0.10951562447252754
original:pressure-zone05-right-front-leg-20260920-173826.csv:1,release,-0.150,-143255.68000000092,-0.20150292009407447
original:pressure-zone05-right-front-leg-20260920-173826.csv:1,release,-0.125,-208489.56000000093,-0.2932606591873262
original:pressure-zone05-right-front-leg-20260920-173826.csv:1,release,-0.100,-281887.5769230785,-0.39650204367633446
original:pressure-zone05-right-front-leg-20260920-173826.csv:1,release,-0.075,-397502.0,-0.5591248719997299
original:pressure-zone05-right-front-leg-20260920-173826.csv:1,release,-0.050,-561859.0,-0.7903088322999539
original:pressure-zone05-right-front-leg-20260920-173826.csv:1,release,-0.025,-688394.0000000008,-0.9682925045292414
original:pressure-zone05-right-front-leg-20260920-173826.csv:1,release,0.000,-710936.0,-1.0
original:pressure-zone05-right-front-leg-20260920-173826.csv:1,release,0.025,-633164.0,-0.890606186773493
original:pressure-zone05-right-front-leg-20260920-173826.csv:1,release,0.050,-499569.99999999546,-0.7026933507376127
original:pressure-zone05-right-front-leg-20260920-173826.csv:1,release,0.075,-371700.7692307708,-0.5228329543457791
original:pressure-zone05-right-front-leg-20260920-173826.csv:1,release,0.100,-261215.43999999767,-0.36742469083011364
original:pressure-zone05-right-front-leg-20260920-173826.csv:1,release,0.125,-181297.95999999822,-0.2550130532143515
original:pressure-zone05-right-front-leg-20260920-173826.csv:1,release,0.150,-125282.83999999883,-0.17622238851316974
original:pressure-zone05-right-front-leg-20260920-173826.csv:1,release,0.175,-86065.27999999913,-0.12105911080603475
original:pressure-zone05-right-front-leg-20260920-173826.csv:1,release,0.200,-59463.16000000033,-0.08364066526382168
original:pressure-zone05-right-front-leg-20260920-173826.csv:1,release,0.225,-43850.999999999876,-0.061680657611936765
original:pressure-zone05-right-front-leg-20260920-173826.csv:1,release,0.250,-33359.71999999957,-0.04692366120157029
original:pressure-zone05-right-front-leg-20260920-173826.csv:1,release,0.275,-25921.639999999927,-0.03646128484139209
original:pressure-zone05-right-front-leg-20260920-173826.csv:1,release,0.300,-20649.31999999995,-0.029045258644941244
original:pressure-zone05-right-front-leg-20260920-173826.csv:1,release,0.325,-15711.839999999966,-0.022100217178480153
original:pressure-zone05-right-front-leg-20260920-173826.csv:1,release,0.350,-12218.519999999968,-0.017186525932010713
original:pressure-zone05-right-front-leg-20260920-173826.csv:1,release,0.375,-10435.423076923027,-0.014678428264883234
original:pressure-zone05-right-front-leg-20260920-173826.csv:1,release,0.400,-8819.440000000004,-0.012405392327860741
original:pressure-zone05-right-front-leg-20260920-173826.csv:1,release,0.425,-7208.319999999954,-0.010139196777206323
original:pressure-zone05-right-front-leg-20260920-173826.csv:1,release,0.450,-5896.519999999959,-0.008294023653324573
original:pressure-zone05-right-front-leg-20260920-173826.csv:1,release,0.475,-5390.239999999989,-0.007581892040915059
original:pressure-zone05-right-front-leg-20260920-173826.csv:1,release,0.500,-6019.600000000025,-0.008467147535080549
original:pressure-zone05-right-front-leg-20260920-173826.csv:1,release,0.525,-6412.384615384633,-0.00901963695098382
original:pressure-zone05-right-front-leg-20260920-173826.csv:1,release,0.550,-5702.599999999982,-0.00802125648440926
original:pressure-zone05-right-front-leg-20260920-173826.csv:1,release,0.575,-3873.6399999999003,-0.005448647979564828
original:pressure-zone05-right-front-leg-20260920-173826.csv:1,release,0.600,-2387.9199999999723,-0.0033588396142549713
original:pressure-zone05-right-front-leg-20260920-173826.csv:1,release,0.625,-2674.200000000012,-0.0037615200243060025
original:pressure-zone05-right-front-leg-20260920-173826.csv:1,release,0.650,-3038.960000000016,-0.004274590117816535
original:pressure-zone05-right-front-leg-20260920-173826.csv:1,release,0.675,-2905.0384615384532,-0.004086216567368164
original:pressure-zone05-right-front-leg-20260920-173826.csv:1,release,0.700,-2190.599999999964,-0.0030812900176668
original:pressure-zone05-right-front-leg-20260920-173826.csv:1,release,0.725,-1839.7999999999984,-0.0025878560095423473
original:pressure-zone05-right-front-leg-20260920-173826.csv:1,release,0.750,-2079.6000000000126,-0.0029251578201132207
original:pressure-zone05-right-front-leg-20260920-173826.csv:1,release,0.775,-2155.0,-0.0030312151867397347
original:pressure-zone05-right-front-leg-20260920-173826.csv:1,release,0.800,-1649.0769230769074,-0.0023195856210360814
original:pressure-zone05-right-front-leg-20260920-173826.csv:2,press,-0.400,3500.7307692307736,0.012452134274390502
original:pressure-zone05-right-front-leg-20260920-173826.csv:2,press,-0.375,4270.440000000014,0.015189997687943565
original:pressure-zone05-right-front-leg-20260920-173826.csv:2,press,-0.350,4829.200000000019,0.01717751258292286
original:pressure-zone05-right-front-leg-20260920-173826.csv:2,press,-0.325,5652.640000000046,0.020106496878723908
original:pressure-zone05-right-front-leg-20260920-173826.csv:2,press,-0.300,7439.479999999917,0.02646230458676407
original:pressure-zone05-right-front-leg-20260920-173826.csv:2,press,-0.275,9487.279999999819,0.03374634961851004
original:pressure-zone05-right-front-leg-20260920-173826.csv:2,press,-0.250,14518.769230769522,0.05164340701360386
original:pressure-zone05-right-front-leg-20260920-173826.csv:2,press,-0.225,25513.120000000905,0.09075042239493804
original:pressure-zone05-right-front-leg-20260920-173826.csv:2,press,-0.200,44620.76000000136,0.15871648851975514
original:pressure-zone05-right-front-leg-20260920-173826.csv:2,press,-0.175,73338.64000000196,0.26086627420990616
original:pressure-zone05-right-front-leg-20260920-173826.csv:2,press,-0.150,114327.15999999891,0.40666284880928705
original:pressure-zone05-right-front-leg-20260920-173826.csv:2,press,-0.125,162169.6153846145,0.5768389399563003
original:pressure-zone05-right-front-leg-20260920-173826.csv:2,press,-0.100,203135.0,0.722553221761787
original:pressure-zone05-right-front-leg-20260920-173826.csv:2,press,-0.075,234840.0,0.8353282230956658
original:pressure-zone05-right-front-leg-20260920-173826.csv:2,press,-0.050,262512.00000000134,0.9337578031906427
original:pressure-zone05-right-front-leg-20260920-173826.csv:2,press,-0.025,281044.0,0.9996763120920554
original:pressure-zone05-right-front-leg-20260920-173826.csv:2,press,0.000,281135.0,1.0
original:pressure-zone05-right-front-leg-20260920-173826.csv:2,press,0.025,267282.0,0.9507247407828979
original:pressure-zone05-right-front-leg-20260920-173826.csv:2,press,0.050,244476.2307692303,0.8696043920864719
original:pressure-zone05-right-front-leg-20260920-173826.csv:2,press,0.075,218766.2399999994,0.7781536984011219
original:pressure-zone05-right-front-leg-20260920-173826.csv:2,press,0.100,200554.75999999966,0.7133752823376658
original:pressure-zone05-right-front-leg-20260920-173826.csv:2,press,0.125,179535.95999999953,0.6386112010244172
original:pressure-zone05-right-front-leg-20260920-173826.csv:2,press,0.150,150609.99999999933,0.5357212726981675
original:pressure-zone05-right-front-leg-20260920-173826.csv:2,press,0.175,130722.87999999955,0.464982588436159
original:pressure-zone05-right-front-leg-20260920-173826.csv:2,press,0.200,124004.84615384588,0.4410864750167922
original:pressure-zone05-right-front-leg-20260920-173826.csv:2,press,0.225,107761.44000000044,0.3833085172603925
original:pressure-zone05-right-front-leg-20260920-173826.csv:2,press,0.250,88779.52000000048,0.3157896384299375
original:pressure-zone05-right-front-leg-20260920-173826.csv:2,press,0.275,81112.51999999973,0.28851804293310945
original:pressure-zone05-right-front-leg-20260920-173826.csv:2,press,0.300,75080.15999999973,0.26706087822576247
original:pressure-zone05-right-front-leg-20260920-173826.csv:2,press,0.325,64456.239999999496,0.22927148878652426
original:pressure-zone05-right-front-leg-20260920-173826.csv:2,press,0.350,48693.884615383555,0.17320463341591605
original:pressure-zone05-right-front-leg-20260920-173826.csv:2,press,0.375,32164.360000000048,0.11440894943710334
original:pressure-zone05-right-front-leg-20260920-173826.csv:2,press,0.400,20806.52000000003,0.07400899923524296
original:pressure-zone05-right-front-leg-20260920-173826.csv:2,press,0.425,12791.719999999543,0.045500275668271625
original:pressure-zone05-right-front-leg-20260920-173826.csv:2,press,0.450,3359.879999999339,0.011951126682907993
original:pressure-zone05-right-front-leg-20260920-173826.csv:2,press,0.475,-3169.0000000004165,-0.011272164618423236
original:pressure-zone05-right-front-leg-20260920-173826.csv:2,press,0.500,-7544.538461538529,-0.026835998582668573
original:pressure-zone05-right-front-leg-20260920-173826.csv:2,press,0.525,-13644.320000000129,-0.04853298237501602
original:pressure-zone05-right-front-leg-20260920-173826.csv:2,press,0.550,-25477.360000000255,-0.09062322371814344
original:pressure-zone05-right-front-leg-20260920-173826.csv:2,press,0.575,-58530.84000000074,-0.20819478186636575
original:pressure-zone05-right-front-leg-20260920-173826.csv:2,press,0.600,-127988.56000000602,-0.4552565849147421
original:pressure-zone05-right-front-leg-20260920-173826.csv:2,press,0.625,-216600.36000000182,-0.7704496416312513
original:pressure-zone05-right-front-leg-20260920-173826.csv:2,press,0.650,-309280.0769230805,-1.1001123194304534
original:pressure-zone05-right-front-leg-20260920-173826.csv:2,press,0.675,-410453.8000000044,-1.4599882618670903
original:pressure-zone05-right-front-leg-20260920-173826.csv:2,press,0.700,-501056.40000000375,-1.7822626140466458
original:pressure-zone05-right-front-leg-20260920-173826.csv:2,press,0.725,-540305.2000000011,-1.9218709872481232
original:pressure-zone05-right-front-leg-20260920-173826.csv:2,press,0.750,-506319.3999999979,-1.8009831575577495
original:pressure-zone05-right-front-leg-20260920-173826.csv:2,press,0.775,-423449.92307692405,-1.5062156013193806
original:pressure-zone05-right-front-leg-20260920-173826.csv:2,press,0.800,-326181.3599999952,-1.1602303519661203
original:pressure-zone05-right-front-leg-20260920-173826.csv:2,release,-0.400,61633.115384615296,0.1129339075660158
original:pressure-zone05-right-front-leg-20260920-173826.csv:2,release,-0.375,45426.75999999957,0.08323806906155727
original:pressure-zone05-right-front-leg-20260920-173826.csv:2,release,-0.350,29323.319999999727,0.05373080834455602
original:pressure-zone05-right-front-leg-20260920-173826.csv:2,release,-0.325,18916.51999999976,0.03466182924259455
original:pressure-zone05-right-front-leg-20260920-173826.csv:2,release,-0.300,11099.079999999753,0.02033748362330347
original:pressure-zone05-right-front-leg-20260920-173826.csv:2,release,-0.275,1710.999999999844,0.0031351638585783545
original:pressure-zone05-right-front-leg-20260920-173826.csv:2,release,-0.250,-4232.230769230882,-0.00775496022726893
original:pressure-zone05-right-front-leg-20260920-173826.csv:2,release,-0.225,-8465.920000000313,-0.01551259287762657
original:pressure-zone05-right-front-leg-20260920-173826.csv:2,release,-0.200,-15194.160000000622,-0.027841134595828862
original:pressure-zone05-right-front-leg-20260920-173826.csv:2,release,-0.175,-29010.040000001783,-0.05315676735472021
original:pressure-zone05-right-front-leg-20260920-173826.csv:2,release,-0.150,-67461.3599999985,-0.12361333589863123
original:pressure-zone05-right-front-leg-20260920-173826.csv:2,release,-0.125,-143737.1600000044,-0.2633778779466681
original:pressure-zone05-right-front-leg-20260920-173826.csv:2,release,-0.100,-234892.3846153892,-0.4304068468156175
original:pressure-zone05-right-front-leg-20260920-173826.csv:2,release,-0.075,-327877.00000000733,-0.6007879137692647
original:pressure-zone05-right-front-leg-20260920-173826.csv:2,release,-0.050,-431098.0000000062,-0.7899256978992134
original:pressure-zone05-right-front-leg-20260920-173826.csv:2,release,-0.025,-518546.0,-0.9501617055584568
original:pressure-zone05-right-front-leg-20260920-173826.csv:2,release,0.000,-545745.0,-1.0
original:pressure-zone05-right-front-leg-20260920-173826.csv:2,release,0.025,-496463.0,-0.9096977526134
original:pressure-zone05-right-front-leg-20260920-173826.csv:2,release,0.050,-405196.65384615184,-0.7424651693486002
original:pressure-zone05-right-front-leg-20260920-173826.csv:2,release,0.075,-306348.559999991,-0.5613401130564476
original:pressure-zone05-right-front-leg-20260920-173826.csv:2,release,0.100,-220637.03999999806,-0.40428595772750653
original:pressure-zone05-right-front-leg-20260920-173826.csv:2,release,0.125,-155086.35999999853,-0.2841736708536011
original:pressure-zone05-right-front-leg-20260920-173826.csv:2,release,0.150,-109386.27999999898,-0.20043478181201657
original:pressure-zone05-right-front-leg-20260920-173826.csv:2,release,0.175,-77765.6799999993,-0.14249453499344802
original:pressure-zone05-right-front-leg-20260920-173826.csv:2,release,0.200,-56086.99999999907,-0.10277144087439934
original:pressure-zone05-right-front-leg-20260920-173826.csv:2,release,0.225,-40481.88000000038,-0.07417728059808222
original:pressure-zone05-right-front-leg-20260920-173826.csv:2,release,0.250,-30588.199999999626,-0.056048520829324364
original:pressure-zone05-right-front-leg-20260920-173826.csv:2,release,0.275,-22836.399999999652,-0.04184445116308835
original:pressure-zone05-right-front-leg-20260920-173826.csv:2,release,0.300,-16927.87999999974,-0.031017929619143993
original:pressure-zone05-right-front-leg-20260920-173826.csv:2,release,0.325,-13499.079999999853,-0.024735141870287136
original:pressure-zone05-right-front-leg-20260920-173826.csv:2,release,0.350,-12497.038461538408,-0.02289904343885589
original:pressure-zone05-right-front-leg-20260920-173826.csv:2,release,0.375,-11208.480000000003,-0.02053794354506226
original:pressure-zone05-right-front-leg-20260920-173826.csv:2,release,0.400,-8985.91999999986,-0.016465418831138827
original:pressure-zone05-right-front-leg-20260920-173826.csv:2,release,0.425,-8088.119999999953,-0.014820328175246594
original:pressure-zone05-right-front-leg-20260920-173826.csv:2,release,0.450,-6959.439999999919,-0.012752182795994316
original:pressure-zone05-right-front-leg-20260920-173826.csv:2,release,0.475,-6012.6799999999375,-0.011017379911863485
original:pressure-zone05-right-front-leg-20260920-173826.csv:2,release,0.500,-4992.538461538445,-0.009148115807819485
original:pressure-zone05-right-front-leg-20260920-173826.csv:2,release,0.525,-4197.839999999986,-0.007691944039798781
original:pressure-zone05-right-front-leg-20260920-173826.csv:2,release,0.550,-3883.1199999999953,-0.007115264455011031
original:pressure-zone05-right-front-leg-20260920-173826.csv:2,release,0.575,-3416.7599999999593,-0.006260726163317958
original:pressure-zone05-right-front-leg-20260920-173826.csv:2,release,0.600,-3688.6400000000385,-0.006758907548397215
original:pressure-zone05-right-front-leg-20260920-173826.csv:2,release,0.625,-3914.760000000004,-0.007173240249567113
original:pressure-zone05-right-front-leg-20260920-173826.csv:2,release,0.650,-3457.9615384615163,-0.006336222115569572
original:pressure-zone05-right-front-leg-20260920-173826.csv:2,release,0.675,-2281.1999999999434,-0.004179974163757695
original:pressure-zone05-right-front-leg-20260920-173826.csv:2,release,0.700,-1315.1999999999625,-0.002409916719346879
original:pressure-zone05-right-front-leg-20260920-173826.csv:2,release,0.725,-1128.7999999999986,-0.0020683652621645613
original:pressure-zone05-right-front-leg-20260920-173826.csv:2,release,0.750,-1230.800000000015,-0.0022552657376613892
original:pressure-zone05-right-front-leg-20260920-173826.csv:2,release,0.775,-1491.4000000000124,-0.0027327781289796745
original:pressure-zone05-right-front-leg-20260920-173826.csv:2,release,0.800,-1604.6153846153886,-0.0029402291997460144
original:pressure-zone05-right-front-leg-20260920-173826.csv:3,press,-0.400,4797.269230769245,0.02242196561302544
original:pressure-zone05-right-front-leg-20260920-173826.csv:3,press,-0.375,7083.399999999978,0.03310711648298222
original:pressure-zone05-right-front-leg-20260920-173826.csv:3,press,-0.350,6116.359999999947,0.02858726642175396
original:pressure-zone05-right-front-leg-20260920-173826.csv:3,press,-0.325,4145.839999999983,0.019377249315273296
original:pressure-zone05-right-front-leg-20260920-173826.csv:3,press,-0.300,3586.3599999999683,0.016762294698860356
original:pressure-zone05-right-front-leg-20260920-173826.csv:3,press,-0.275,4523.000000000066,0.021140058143339534
original:pressure-zone05-right-front-leg-20260920-173826.csv:3,press,-0.250,7246.538461538575,0.033869609642907236
original:pressure-zone05-right-front-leg-20260920-173826.csv:3,press,-0.225,11583.880000000434,0.05414191835628422
original:pressure-zone05-right-front-leg-20260920-173826.csv:3,press,-0.200,20809.56000000074,0.09726184133038289
original:pressure-zone05-right-front-leg-20260920-173826.csv:3,press,-0.175,36201.08000000083,0.16920029539060186
original:pressure-zone05-right-front-leg-20260920-173826.csv:3,press,-0.150,53633.8799999995,0.2506794918533867
original:pressure-zone05-right-front-leg-20260920-173826.csv:3,press,-0.125,75916.39999999931,0.3548258036774228
original:pressure-zone05-right-front-leg-20260920-173826.csv:3,press,-0.100,110809.50000000214,0.5179127289043539
original:pressure-zone05-right-front-leg-20260920-173826.csv:3,press,-0.075,154297.0000000024,0.7211690363349242
original:pressure-zone05-right-front-leg-20260920-173826.csv:3,press,-0.050,187765.0000000013,0.8775951840115226
original:pressure-zone05-right-front-leg-20260920-173826.csv:3,press,-0.025,206399.0,0.9646886713966554
original:pressure-zone05-right-front-leg-20260920-173826.csv:3,press,0.000,213954.0,1.0
original:pressure-zone05-right-front-leg-20260920-173826.csv:3,press,0.025,204522.0,0.9559157575927536
original:pressure-zone05-right-front-leg-20260920-173826.csv:3,press,0.050,187480.99999999942,0.876267795881355
original:pressure-zone05-right-front-leg-20260920-173826.csv:3,press,0.075,179343.4999999998,0.8382339194406264
original:pressure-zone05-right-front-leg-20260920-173826.csv:3,press,0.100,170435.59999999983,0.7965992690017473
original:pressure-zone05-right-front-leg-20260920-173826.csv:3,press,0.125,154282.15999999963,0.7210996756312087
original:pressure-zone05-right-front-leg-20260920-173826.csv:3,press,0.150,138605.75999999963,0.6478297204071886
original:pressure-zone05-right-front-leg-20260920-173826.csv:3,press,0.175,122483.67999999963,0.5724767005991925
original:pressure-zone05-right-front-leg-20260920-173826.csv:3,press,0.200,101644.39999999953,0.4750759509053326
original:pressure-zone05-right-front-leg-20260920-173826.csv:3,press,0.225,88942.38461538496,0.41570797748761396
original:pressure-zone05-right-front-leg-20260920-173826.csv:3,press,0.250,84106.56000000011,0.39310580779046017
original:pressure-zone05-right-front-leg-20260920-173826.csv:3,press,0.275,65420.75999999921,0.3057702122886191
original:pressure-zone05-right-front-leg-20260920-173826.csv:3,press,0.300,39813.91999999881,0.18608635501088464
original:pressure-zone05-right-front-leg-20260920-173826.csv:3,press,0.325,28545.319999999545,0.13341802443515682
original:pressure-zone05-right-front-leg-20260920-173826.csv:3,press,0.350,25858.239999999907,0.12085887620703473
original:pressure-zone05-right-front-leg-20260920-173826.csv:3,press,0.375,18874.50000000004,0.08821756078409397
original:pressure-zone05-right-front-leg-20260920-173826.csv:3,press,0.400,17824.84,0.08331155295063425
original:pressure-zone05-right-front-leg-20260920-173826.csv:3,press,0.425,21416.280000000246,0.10009759107097903
original:pressure-zone05-right-front-leg-20260920-173826.csv:3,press,0.450,17527.47999999966,0.08192172149153398
original:pressure-zone05-right-front-leg-20260920-173826.csv:3,press,0.475,9683.199999999437,0.04525832655617299
original:pressure-zone05-right-front-leg-20260920-173826.csv:3,press,0.500,1766.760000000023,0.008257662862110654
original:pressure-zone05-right-front-leg-20260920-173826.csv:3,press,0.525,-7626.846153846311,-0.035647130475926186
original:pressure-zone05-right-front-leg-20260920-173826.csv:3,press,0.550,-21264.04000000029,-0.09938603625078422
original:pressure-zone05-right-front-leg-20260920-173826.csv:3,press,0.575,-58075.360000000815,-0.2714385335165541
original:pressure-zone05-right-front-leg-20260920-173826.csv:3,press,0.600,-123108.64000000554,-0.5753977023098682
original:pressure-zone05-right-front-leg-20260920-173826.csv:3,press,0.625,-194150.28000000142,-0.9074393561232855
original:pressure-zone05-right-front-leg-20260920-173826.csv:3,press,0.650,-246483.28000000096,-1.1520386625162462
original:pressure-zone05-right-front-leg-20260920-173826.csv:3,press,0.675,-282871.9230769244,-1.3221156093222113
original:pressure-zone05-right-front-leg-20260920-173826.csv:3,press,0.700,-331608.80000000226,-1.549906989352862
original:pressure-zone05-right-front-leg-20260920-173826.csv:3,press,0.725,-387150.2000000024,-1.809502042495127
original:pressure-zone05-right-front-leg-20260920-173826.csv:3,press,0.750,-418467.0000000025,-1.9558736924759645
original:pressure-zone05-right-front-leg-20260920-173826.csv:3,press,0.775,-410030.39999999927,-1.9164418519868722
original:pressure-zone05-right-front-leg-20260920-173826.csv:3,press,0.800,-360541.59999999753,-1.6851360572833298
original:pressure-zone05-right-front-leg-20260920-173826.csv:3,release,-0.400,24804.500000000487,0.05857301407386532
original:pressure-zone05-right-front-leg-20260920-173826.csv:3,release,-0.375,17970.44000000001,0.042435156323793355
original:pressure-zone05-right-front-leg-20260920-173826.csv:3,release,-0.350,18131.479999999836,0.04281543402285783
original:pressure-zone05-right-front-leg-20260920-173826.csv:3,release,-0.325,21510.679999999873,0.05079503164258022
original:pressure-zone05-right-front-leg-20260920-173826.csv:3,release,-0.300,16271.200000000374,0.03842259374704915
original:pressure-zone05-right-front-leg-20260920-173826.csv:3,release,-0.275,8065.160000000358,0.019044960800983182
original:pressure-zone05-right-front-leg-20260920-173826.csv:3,release,-0.250,53.92307692349675,0.0001273332316130555
original:pressure-zone05-right-front-leg-20260920-173826.csv:3,release,-0.225,-9739.239999999672,-0.022998110890714255
original:pressure-zone05-right-front-leg-20260920-173826.csv:3,release,-0.200,-25212.159999999065,-0.05953565693775164
original:pressure-zone05-right-front-leg-20260920-173826.csv:3,release,-0.175,-67431.83999999861,-0.15923264380844104
original:pressure-zone05-right-front-leg-20260920-173826.csv:3,release,-0.150,-137096.6799999984,-0.3237382639085633
original:pressure-zone05-right-front-leg-20260920-173826.csv:3,release,-0.125,-207509.6799999989,-0.49001057901199324
original:pressure-zone05-right-front-leg-20260920-173826.csv:3,release,-0.100,-255639.61538461465,-0.6036639637872264
original:pressure-zone05-right-front-leg-20260920-173826.csv:3,release,-0.075,-289680.0,-0.6840464720884103
original:pressure-zone05-right-front-leg-20260920-173826.csv:3,release,-0.050,-342091.0,-0.8078091055067536
original:pressure-zone05-right-front-leg-20260920-173826.csv:3,release,-0.025,-398414.999999996,-0.9408118447152073
original:pressure-zone05-right-front-leg-20260920-173826.csv:3,release,0.000,-423480.0,-1.0
original:pressure-zone05-right-front-leg-20260920-173826.csv:3,release,0.025,-406668.0,-0.9603003683763106
original:pressure-zone05-right-front-leg-20260920-173826.csv:3,release,0.050,-349010.0,-0.8241475394351563
original:pressure-zone05-right-front-leg-20260920-173826.csv:3,release,0.075,-278124.42307692155,-0.6567592875151638
original:pressure-zone05-right-front-leg-20260920-173826.csv:3,release,0.100,-209747.8800000033,-0.4952958345140344
original:pressure-zone05-right-front-leg-20260920-173826.csv:3,release,0.125,-152973.80000000272,-0.3612302824218445
original:pressure-zone05-right-front-leg-20260920-173826.csv:3,release,0.150,-110353.04000000203,-0.26058619061113164
original:pressure-zone05-right-front-leg-20260920-173826.csv:3,release,0.175,-80026.51999999941,-0.188973552470009
original:pressure-zone05-right-front-leg-20260920-173826.csv:3,release,0.200,-57970.279999999504,-0.13689024275054196
original:pressure-zone05-right-front-leg-20260920-173826.csv:3,release,0.225,-42353.00000000042,-0.10001180693303208
original:pressure-zone05-right-front-leg-20260920-173826.csv:3,release,0.250,-31815.440000000257,-0.07512855388684296
original:pressure-zone05-right-front-leg-20260920-173826.csv:3,release,0.275,-25264.28000000016,-0.05965873240767016
original:pressure-zone05-right-front-leg-20260920-173826.csv:3,release,0.300,-20453.88000000012,-0.048299518277132615
original:pressure-zone05-right-front-leg-20260920-173826.csv:3,release,0.325,-16917.879999999863,-0.03994965523755517
original:pressure-zone05-right-front-leg-20260920-173826.csv:3,release,0.350,-13829.639999999861,-0.03265712666477723
original:pressure-zone05-right-front-leg-20260920-173826.csv:3,release,0.375,-11891.846153846163,-0.028081246230863707
original:pressure-zone05-right-front-leg-20260920-173826.csv:3,release,0.400,-11342.76,-0.026784641541513176
original:pressure-zone05-right-front-leg-20260920-173826.csv:3,release,0.425,-10859.760000000002,-0.025644091810711256
original:pressure-zone05-right-front-leg-20260920-173826.csv:3,release,0.450,-10722.56,-0.025320109568338526
original:pressure-zone05-right-front-leg-20260920-173826.csv:3,release,0.475,-10706.72,-0.02528270520449608
original:pressure-zone05-right-front-leg-20260920-173826.csv:3,release,0.500,-9877.04000000001,-0.023323509965051503
original:pressure-zone05-right-front-leg-20260920-173826.csv:3,release,0.525,-8168.99999999997,-0.019290167186171648
original:pressure-zone05-right-front-leg-20260920-173826.csv:3,release,0.550,-7037.31999999998,-0.01661783319165009
original:pressure-zone05-right-front-leg-20260920-173826.csv:3,release,0.575,-6263.799999999986,-0.014791253424010544
original:pressure-zone05-right-front-leg-20260920-173826.csv:3,release,0.600,-5027.279999999973,-0.011871351657693334
original:pressure-zone05-right-front-leg-20260920-173826.csv:3,release,0.625,-3784.1600000000626,-0.008935864739775343
original:pressure-zone05-right-front-leg-20260920-173826.csv:3,release,0.650,-2676.599999999991,-0.006320487390195501
original:pressure-zone05-right-front-leg-20260920-173826.csv:3,release,0.675,-1559.6153846154061,-0.0036828548800779404
original:pressure-zone05-right-front-leg-20260920-173826.csv:3,release,0.700,-902.9999999999845,-0.0021323321054122616
original:pressure-zone05-right-front-leg-20260920-173826.csv:3,release,0.725,-1177.4000000000203,-0.0027802965901577888
original:pressure-zone05-right-front-leg-20260920-173826.csv:3,release,0.750,-1843.4000000000306,-0.004352980069897116
original:pressure-zone05-right-front-leg-20260920-173826.csv:3,release,0.775,-2468.399999999983,-0.005828846698781484
original:pressure-zone05-right-front-leg-20260920-173826.csv:3,release,0.800,-3975.3999999999505,-0.009387456314347668
original:pressure-zone05-right-front-leg-20260920-173826.csv:4,press,-0.400,3979.115384615121,0.019000782569902473
original:pressure-zone05-right-front-leg-20260920-173826.csv:4,press,-0.375,2306.2199999999666,0.011012494120624331
original:pressure-zone05-right-front-leg-20260920-173826.csv:4,press,-0.350,2041.899999999964,0.009750332468239262
original:pressure-zone05-right-front-leg-20260920-173826.csv:4,press,-0.325,3037.7800000001857,0.014505786260527058
original:pressure-zone05-right-front-leg-20260920-173826.csv:4,press,-0.300,5045.899999999935,0.02409481492800271
original:pressure-zone05-right-front-leg-20260920-173826.csv:4,press,-0.275,7060.860000000659,0.03371650546633014
original:pressure-zone05-right-front-leg-20260920-173826.csv:4,press,-0.250,14282.730769232185,0.06820185785511874
original:pressure-zone05-right-front-leg-20260920-173826.csv:4,press,-0.225,30715.139999997977,0.14666870405431218
original:pressure-zone05-right-front-leg-20260920-173826.csv:4,press,-0.200,53131.980000001364,0.2537119690953825
original:pressure-zone05-right-front-leg-20260920-173826.csv:4,press,-0.175,79966.42000000144,0.38184983657127447
original:pressure-zone05-right-front-leg-20260920-173826.csv:4,press,-0.150,111550.94000000163,0.5326699408123047
original:pressure-zone05-right-front-leg-20260920-173826.csv:4,press,-0.125,143037.2307692319,0.683020987970174
original:pressure-zone05-right-front-leg-20260920-173826.csv:4,press,-0.100,165530.5,0.7904292123188734
original:pressure-zone05-right-front-leg-20260920-173826.csv:4,press,-0.075,178713.5,0.8533797157366708
original:pressure-zone05-right-front-leg-20260920-173826.csv:4,press,-0.050,189683.5,0.9057628624023188
original:pressure-zone05-right-front-leg-20260920-173826.csv:4,press,-0.025,200490.50000000128,0.9573676633153293
original:pressure-zone05-right-front-leg-20260920-173826.csv:4,press,0.000,209418.5,1.0
original:pressure-zone05-right-front-leg-20260920-173826.csv:4,press,0.025,208183.49999999776,0.9941027177637016
original:pressure-zone05-right-front-leg-20260920-173826.csv:4,press,0.050,192495.99999999854,0.9191929079809021
original:pressure-zone05-right-front-leg-20260920-173826.csv:4,press,0.075,167640.98000000115,0.8005070230185067
original:pressure-zone05-right-front-leg-20260920-173826.csv:4,press,0.100,143015.49999999776,0.6829172207803883
original:pressure-zone05-right-front-leg-20260920-173826.csv:4,press,0.125,122199.81999999812,0.5835196985939548
original:pressure-zone05-right-front-leg-20260920-173826.csv:4,press,0.150,104454.4599999983,0.49878334531093627
original:pressure-zone05-right-front-leg-20260920-173826.csv:4,press,0.175,86498.29999999836,0.4130403951895289
original:pressure-zone05-right-front-leg-20260920-173826.csv:4,press,0.200,72342.26923076862,0.3454435459654645
original:pressure-zone05-right-front-leg-20260920-173826.csv:4,press,0.225,56191.539999999164,0.2683217576288588
original:pressure-zone05-right-front-leg-20260920-173826.csv:4,press,0.250,43490.29999999951,0.20767171954722008
original:pressure-zone05-right-front-leg-20260920-173826.csv:4,press,0.275,39503.97999999941,0.1886365340215855
original:pressure-zone05-right-front-leg-20260920-173826.csv:4,press,0.300,30703.139999999526,0.1466114025265176
original:pressure-zone05-right-front-leg-20260920-173826.csv:4,press,0.325,14454.81999999933,0.06902360584188756
original:pressure-zone05-right-front-leg-20260920-173826.csv:4,press,0.350,-25.615384617334712,-0.00012231672281739537
original:pressure-zone05-right-front-leg-20260920-173826.csv:4,press,0.375,-12555.46000000007,-0.0599539200213929
original:pressure-zone05-right-front-leg-20260920-173826.csv:4,press,0.400,-30966.980000002517,-0.14787127211780485
original:pressure-zone05-right-front-leg-20260920-173826.csv:4,press,0.425,-53812.18000000013,-0.2569600106962858
original:pressure-zone05-right-front-leg-20260920-173826.csv:4,press,0.450,-74979.85999999977,-0.35803837769824426
original:pressure-zone05-right-front-leg-20260920-173826.csv:4,press,0.475,-101209.30000000352,-0.4832872931474704
original:pressure-zone05-right-front-leg-20260920-173826.csv:4,press,0.500,-140109.038461542,-0.6690384968927864
original:pressure-zone05-right-front-leg-20260920-173826.csv:4,press,0.525,-182370.78000000436,-0.8708436933699953
original:pressure-zone05-right-front-leg-20260920-173826.csv:4,press,0.550,-226846.90000000357,-1.0832228289286934
original:pressure-zone05-right-front-leg-20260920-173826.csv:4,press,0.575,-284628.8199999976,-1.3591388535396711
original:pressure-zone05-right-front-leg-20260920-173826.csv:4,press,0.600,-345508.50000000483,-1.6498470765477016
original:pressure-zone05-right-front-leg-20260920-173826.csv:4,press,0.625,-382272.82000000257,-1.8254013852644468
original:pressure-zone05-right-front-leg-20260920-173826.csv:4,press,0.650,-379449.4230769214,-1.8119193054907823
original:pressure-zone05-right-front-leg-20260920-173826.csv:4,press,0.675,-339810.89999999735,-1.6226403111472834
original:pressure-zone05-right-front-leg-20260920-173826.csv:4,press,0.700,-278400.2999999982,-1.3293968775442389
original:pressure-zone05-right-front-leg-20260920-173826.csv:4,press,0.725,-213535.29999999632,-1.0196582441379167
original:pressure-zone05-right-front-leg-20260920-173826.csv:4,press,0.750,-156689.09999999843,-0.7482104016598268
original:pressure-zone05-right-front-leg-20260920-173826.csv:4,press,0.775,-113020.29999999303,-0.539686321886524
original:pressure-zone05-right-front-leg-20260920-173826.csv:4,press,0.800,-83140.1153846148,-0.3970046360976456
original:pressure-zone05-right-front-leg-20260920-173826.csv:4,release,-0.400,53893.70000000049,0.13911049219638424
original:pressure-zone05-right-front-leg-20260920-173826.csv:4,release,-0.375,42239.02000000013,0.10902741623033642
original:pressure-zone05-right-front-leg-20260920-173826.csv:4,release,-0.350,38500.86000000047,0.09937847252246736
original:pressure-zone05-right-front-leg-20260920-173826.csv:4,release,-0.325,28612.18000000067,0.07385379817328552
original:pressure-zone05-right-front-leg-20260920-173826.csv:4,release,-0.300,11964.576923077548,0.030882982328004998
original:pressure-zone05-right-front-leg-20260920-173826.csv:4,release,-0.275,-2230.180000000559,-0.0057565436681208965
original:pressure-zone05-right-front-leg-20260920-173826.csv:4,release,-0.250,-14800.33999999825,-0.038202657863044685
original:pressure-zone05-right-front-leg-20260920-173826.csv:4,release,-0.225,-34209.93999999775,-0.08830274394610903
original:pressure-zone05-right-front-leg-20260920-173826.csv:4,release,-0.200,-57447.3799999981,-0.14828325587577737
original:pressure-zone05-right-front-leg-20260920-173826.csv:4,release,-0.175,-78562.89999999755,-0.20278666499748346
original:pressure-zone05-right-front-leg-20260920-173826.csv:4,release,-0.150,-106065.61538461738,-0.27377671158718686
original:pressure-zone05-right-front-leg-20260920-173826.csv:4,release,-0.125,-146593.5,-0.37838734282096914
original:pressure-zone05-right-front-leg-20260920-173826.csv:4,release,-0.100,-189185.49999999395,-0.48832587151036144
original:pressure-zone05-right-front-leg-20260920-173826.csv:4,release,-0.075,-234020.5,-0.6040540348694493
original:pressure-zone05-right-front-leg-20260920-173826.csv:4,release,-0.050,-294268.49999999144,-0.7595662549220062
original:pressure-zone05-right-front-leg-20260920-173826.csv:4,release,-0.025,-355268.5,-0.9170195384037593
original:pressure-zone05-right-front-leg-20260920-173826.csv:4,release,0.000,-387416.5,-1.0
original:pressure-zone05-right-front-leg-20260920-173826.csv:4,release,0.025,-377931.88461538375,-0.97551829778903
original:pressure-zone05-right-front-leg-20260920-173826.csv:4,release,0.050,-332262.58000000217,-0.8576366262149449
original:pressure-zone05-right-front-leg-20260920-173826.csv:4,release,0.075,-268005.2600000033,-0.691775543891402
original:pressure-zone05-right-front-leg-20260920-173826.csv:4,release,0.100,-203161.06000000297,-0.5243996061086789
original:pressure-zone05-right-front-leg-20260920-173826.csv:4,release,0.125,-147913.4200000028,-0.38179432213135683
original:pressure-zone05-right-front-leg-20260920-173826.csv:4,release,0.150,-106480.45999999628,-0.2748475090761397
original:pressure-zone05-right-front-leg-20260920-173826.csv:4,release,0.175,-78799.03846154083,-0.20339618591758696
original:pressure-zone05-right-front-leg-20260920-173826.csv:4,release,0.200,-58864.22000000198,-0.15194040522280797
original:pressure-zone05-right-front-leg-20260920-173826.csv:4,release,0.225,-43757.77999999942,-0.11294764162083808
original:pressure-zone05-right-front-leg-20260920-173826.csv:4,release,0.250,-31951.58000000105,-0.08247346202343227
original:pressure-zone05-right-front-leg-20260920-173826.csv:4,release,0.275,-24665.699999999724,-0.06366713859631618
original:pressure-zone05-right-front-leg-20260920-173826.csv:4,release,0.300,-19601.740000000445,-0.05059603811402056
original:pressure-zone05-right-front-leg-20260920-173826.csv:4,release,0.325,-16116.000000000497,-0.04159864125560087
original:pressure-zone05-right-front-leg-20260920-173826.csv:4,release,0.350,-13590.820000000027,-0.03508064318375709
original:pressure-zone05-right-front-leg-20260920-173826.csv:4,release,0.375,-11712.220000000021,-0.03023159829279347
original:pressure-zone05-right-front-leg-20260920-173826.csv:4,release,0.400,-10724.619999999995,-0.027682403821210493
original:pressure-zone05-right-front-leg-20260920-173826.csv:4,release,0.425,-9150.780000000019,-0.023620005859327154
original:pressure-zone05-right-front-leg-20260920-173826.csv:4,release,0.450,-6782.180000000336,-0.01750617229777342
original:pressure-zone05-right-front-leg-20260920-173826.csv:4,release,0.475,-4582.653846153964,-0.011828752379297123
original:pressure-zone05-right-front-leg-20260920-173826.csv:4,release,0.500,-4506.13999999998,-0.01163125473489121
original:pressure-zone05-right-front-leg-20260920-173826.csv:4,release,0.525,-6685.220000000201,-0.017255899013078176
original:pressure-zone05-right-front-leg-20260920-173826.csv:4,release,0.550,-8568.05999999993,-0.02211588819784374
original:pressure-zone05-right-front-leg-20260920-173826.csv:4,release,0.575,-8558.860000000022,-0.022092141145253295
original:pressure-zone05-right-front-leg-20260920-173826.csv:4,release,0.600,-7214.100000000061,-0.018621044792878107
original:pressure-zone05-right-front-leg-20260920-173826.csv:4,release,0.625,-5670.538461538622,-0.01463680163735572
original:pressure-zone05-right-front-leg-20260920-173826.csv:4,release,0.650,-4575.099999999972,-0.011809254381266602
original:pressure-zone05-right-front-leg-20260920-173826.csv:4,release,0.675,-4780.100000000014,-0.012338400661820067
original:pressure-zone05-right-front-leg-20260920-173826.csv:4,release,0.700,-5738.899999999909,-0.014813256533988378
original:pressure-zone05-right-front-leg-20260920-173826.csv:4,release,0.725,-6202.300000000009,-0.01600938524817608
original:pressure-zone05-right-front-leg-20260920-173826.csv:4,release,0.750,-6747.699999999949,-0.017417172474584713
original:pressure-zone05-right-front-leg-20260920-173826.csv:4,release,0.775,-6453.884615384621,-0.016658775801713713
original:pressure-zone05-right-front-leg-20260920-173826.csv:4,release,0.800,-5979.14000000001,-0.015433364350769805
original:pressure-zone05-right-front-leg-20260920-173826.csv:5,press,-0.400,4079.2400000002413,0.02076910935853368
original:pressure-zone05-right-front-leg-20260920-173826.csv:5,press,-0.375,6826.559999999848,0.03475685941071869
original:pressure-zone05-right-front-leg-20260920-173826.csv:5,press,-0.350,10856.239999999749,0.05527363817340218
original:pressure-zone05-right-front-leg-20260920-173826.csv:5,press,-0.325,17306.52000000074,0.0881146994282377
original:pressure-zone05-right-front-leg-20260920-173826.csv:5,press,-0.300,25567.846153845734,0.13017655073772452
original:pressure-zone05-right-front-leg-20260920-173826.csv:5,press,-0.275,35296.520000000644,0.17970928012464116
original:pressure-zone05-right-front-leg-20260920-173826.csv:5,press,-0.250,47908.84000000063,0.24392385277660714
original:pressure-zone05-right-front-leg-20260920-173826.csv:5,press,-0.225,61842.79999999843,0.31486744497450947
original:pressure-zone05-right-front-leg-20260920-173826.csv:5,press,-0.200,79166.04000000087,0.40306727288464816
original:pressure-zone05-right-front-leg-20260920-173826.csv:5,press,-0.175,98458.79999999804,0.5012947471857097
original:pressure-zone05-right-front-leg-20260920-173826.csv:5,press,-0.150,119848.69230769323,0.6101995952715671
original:pressure-zone05-right-front-leg-20260920-173826.csv:5,press,-0.125,138716.0,0.706260914723867
original:pressure-zone05-right-front-leg-20260920-173826.csv:5,press,-0.100,159035.0,0.8097134041719066
original:pressure-zone05-right-front-leg-20260920-173826.csv:5,press,-0.075,181728.0,0.9252529161087323
original:pressure-zone05-right-front-leg-20260920-173826.csv:5,press,-0.050,190772.0,0.9712996858596092
original:pressure-zone05-right-front-leg-20260920-173826.csv:5,press,-0.025,194027.0,0.9878722461801649
original:pressure-zone05-right-front-leg-20260920-173826.csv:5,press,0.000,196409.0,1.0
original:pressure-zone05-right-front-leg-20260920-173826.csv:5,press,0.025,188431.11538461578,0.9593812675825231
original:pressure-zone05-right-front-leg-20260920-173826.csv:5,press,0.050,171807.35999999844,0.8747428071014997
original:pressure-zone05-right-front-leg-20260920-173826.csv:5,press,0.075,156509.1200000007,0.796853097363159
original:pressure-zone05-right-front-leg-20260920-173826.csv:5,press,0.100,146746.39999999912,0.7471470248308332
original:pressure-zone05-right-front-leg-20260920-173826.csv:5,press,0.125,136147.7200000005,0.6931847318605588
original:pressure-zone05-right-front-leg-20260920-173826.csv:5,press,0.150,123587.59999999886,0.629235931143679
original:pressure-zone05-right-front-leg-20260920-173826.csv:5,press,0.175,109229.38461538398,0.5561322781307577
original:pressure-zone05-right-front-leg-20260920-173826.csv:5,press,0.200,93637.43999999938,0.4767471959024249
original:pressure-zone05-right-front-leg-20260920-173826.csv:5,press,0.225,82652.07999999946,0.4208161540458913
original:pressure-zone05-right-front-leg-20260920-173826.csv:5,press,0.250,71513.03999999956,0.3641026633199067
original:pressure-zone05-right-front-leg-20260920-173826.csv:5,press,0.275,61839.35999999951,0.3148499305021639
original:pressure-zone05-right-front-leg-20260920-173826.csv:5,press,0.300,57631.51999999985,0.2934260649970208
original:pressure-zone05-right-front-leg-20260920-173826.csv:5,press,0.325,47296.03846153852,0.24080382498530373
original:pressure-zone05-right-front-leg-20260920-173826.csv:5,press,0.350,28351.799999999886,0.14435081895432433
original:pressure-zone05-right-front-leg-20260920-173826.csv:5,press,0.375,11395.320000000187,0.05801831891614023
original:pressure-zone05-right-front-leg-20260920-173826.csv:5,press,0.400,-2700.4400000017995,-0.01374906445224913
original:pressure-zone05-right-front-leg-20260920-173826.csv:5,press,0.425,-23727.840000000124,-0.12080831326466773
original:pressure-zone05-right-front-leg-20260920-173826.csv:5,press,0.450,-58792.71999999958,-0.2993382176987795
original:pressure-zone05-right-front-leg-20260920-173826.csv:5,press,0.475,-105178.15384615802,-0.5355057754286108
original:pressure-zone05-right-front-leg-20260920-173826.csv:5,press,0.500,-163438.9999999976,-0.8321360019143604
original:pressure-zone05-right-front-leg-20260920-173826.csv:5,press,0.525,-236029.24000000596,-1.2017231389600576
original:pressure-zone05-right-front-leg-20260920-173826.csv:5,press,0.550,-323981.0400000072,-1.6495223742293235
original:pressure-zone05-right-front-leg-20260920-173826.csv:5,press,0.575,-405678.5599999968,-2.0654784658543996
original:pressure-zone05-right-front-leg-20260920-173826.csv:5,press,0.600,-458206.76000000373,-2.3329214038053436
original:pressure-zone05-right-front-leg-20260920-173826.csv:5,press,0.625,-465466.8846153846,-2.3698857212010886
original:pressure-zone05-right-front-leg-20260920-173826.csv:5,press,0.650,-429519.5999999975,-2.1868631274534134
original:pressure-zone05-right-front-leg-20260920-173826.csv:5,press,0.675,-362002.9999999979,-1.843108004215682
original:pressure-zone05-right-front-leg-20260920-173826.csv:5,press,0.700,-284598.7999999978,-1.4490109923679555
original:pressure-zone05-right-front-leg-20260920-173826.csv:5,press,0.725,-212478.199999996,-1.0818149881115224
original:pressure-zone05-right-front-leg-20260920-173826.csv:5,press,0.750,-153081.3999999984,-0.7794011476052441
original:pressure-zone05-right-front-leg-20260920-173826.csv:5,press,0.775,-109448.9999999947,-0.5572504314975113
original:pressure-zone05-right-front-leg-20260920-173826.csv:5,press,0.800,-77826.95999999967,-0.3962494590370078
original:pressure-zone05-right-front-leg-20260920-173826.csv:5,release,-0.400,91535.91999999904,0.1965247448864555
original:pressure-zone05-right-front-leg-20260920-173826.csv:5,release,-0.375,80910.96000000044,0.17371328952086196
original:pressure-zone05-right-front-leg-20260920-173826.csv:5,release,-0.350,69854.6400000005,0.14997571778527413
original:pressure-zone05-right-front-leg-20260920-173826.csv:5,release,-0.325,60776.48000000015,0.13048519343113524
original:pressure-zone05-right-front-leg-20260920-173826.csv:5,release,-0.300,56459.30769230817,0.12121636009882103
original:pressure-zone05-right-front-leg-20260920-173826.csv:5,release,-0.275,45185.39999999909,0.09701163442277481
original:pressure-zone05-right-front-leg-20260920-173826.csv:5,release,-0.250,25285.560000001504,0.054287303042472417
original:pressure-zone05-right-front-leg-20260920-173826.csv:5,release,-0.225,8860.480000001251,0.01902317223196976
original:pressure-zone05-right-front-leg-20260920-173826.csv:5,release,-0.200,-5232.720000001002,-0.011234485468245264
original:pressure-zone05-right-front-leg-20260920-173826.csv:5,release,-0.175,-27843.759999996648,-0.05977967808352276
original:pressure-zone05-right-front-leg-20260920-173826.csv:5,release,-0.150,-65121.46153846388,-0.13981373230836455
original:pressure-zone05-right-front-leg-20260920-173826.csv:5,release,-0.125,-112808.0,-0.24219523244155414
original:pressure-zone05-right-front-leg-20260920-173826.csv:5,release,-0.100,-173082.99999999144,-0.3716037640653096
original:pressure-zone05-right-front-leg-20260920-173826.csv:5,release,-0.075,-248019.0,-0.5324890021534094
original:pressure-zone05-right-front-leg-20260920-173826.csv:5,release,-0.050,-338450.0,-0.7266415185079427
original:pressure-zone05-right-front-leg-20260920-173826.csv:5,release,-0.025,-418484.0,-0.898472002456132
original:pressure-zone05-right-front-leg-20260920-173826.csv:5,release,0.000,-465773.0,-1.0
original:pressure-zone05-right-front-leg-20260920-173826.csv:5,release,0.025,-465408.57692307694,-0.9992175951012122
original:pressure-zone05-right-front-leg-20260920-173826.csv:5,release,0.050,-422344.72000000207,-0.9067608470220516
original:pressure-zone05-right-front-leg-20260920-173826.csv:5,release,0.075,-350293.40000000375,-0.7520689262795477
original:pressure-zone05-right-front-leg-20260920-173826.csv:5,release,0.100,-272045.3599999929,-0.5840728423502283
original:pressure-zone05-right-front-leg-20260920-173826.csv:5,release,0.125,-201192.4400000032,-0.4319538487632456
original:pressure-zone05-right-front-leg-20260920-173826.csv:5,release,0.150,-144023.47999999486,-0.30921388745160167
original:pressure-zone05-right-front-leg-20260920-173826.csv:5,release,0.175,-102986.99999999822,-0.22110985394172317
original:pressure-zone05-right-front-leg-20260920-173826.csv:5,release,0.200,-73210.32000000263,-0.15718025733566057
original:pressure-zone05-right-front-leg-20260920-173826.csv:5,release,0.225,-52637.239999999205,-0.11301050082336074
original:pressure-zone05-right-front-leg-20260920-173826.csv:5,release,0.250,-37672.20000000132,-0.08088103002965247
original:pressure-zone05-right-front-leg-20260920-173826.csv:5,release,0.275,-27987.03999999963,-0.060087295742775194
original:pressure-zone05-right-front-leg-20260920-173826.csv:5,release,0.300,-22478.559999999794,-0.048260762216787566
original:pressure-zone05-right-front-leg-20260920-173826.csv:5,release,0.325,-18463.615384615405,-0.03964080224619161
original:pressure-zone05-right-front-leg-20260920-173826.csv:5,release,0.350,-15925.119999999986,-0.034190732395394295
original:pressure-zone05-right-front-leg-20260920-173826.csv:5,release,0.375,-13677.080000000025,-0.02936426113149544
original:pressure-zone05-right-front-leg-20260920-173826.csv:5,release,0.400,-11805.63999999999,-0.025346338237725224
original:pressure-zone05-right-front-leg-20260920-173826.csv:5,release,0.425,-9592.040000000026,-0.02059380857198684
original:pressure-zone05-right-front-leg-20260920-173826.csv:5,release,0.450,-7581.120000000023,-0.01627642649960393
original:pressure-zone05-right-front-leg-20260920-173826.csv:5,release,0.475,-6180.538461538346,-0.013269421932010542
original:pressure-zone05-right-front-leg-20260920-173826.csv:5,release,0.500,-4770.320000000057,-0.010241727193289557
original:pressure-zone05-right-front-leg-20260920-173826.csv:5,release,0.525,-2877.119999999842,-0.006177086263050547
original:pressure-zone05-right-front-leg-20260920-173826.csv:5,release,0.550,-1175.6800000000655,-0.0025241480291903254
original:pressure-zone05-right-front-leg-20260920-173826.csv:5,release,0.575,-1051.4399999999896,-0.0022574086518539925
original:pressure-zone05-right-front-leg-20260920-173826.csv:5,release,0.600,-822.7692307692191,-0.0017664596933897395
original:pressure-zone05-right-front-leg-20260920-173826.csv:5,release,0.625,-930.800000000006,-0.001998398361433587
original:pressure-zone05-right-front-leg-20260920-173826.csv:5,release,0.650,-232.1999999999474,-0.0004985261060644293
original:pressure-zone05-right-front-leg-20260920-173826.csv:5,release,0.675,89.00000000000483,0.00019108020430554117
original:pressure-zone05-right-front-leg-20260920-173826.csv:5,release,0.700,-629.7999999999198,-0.001352160816534921
original:pressure-zone05-right-front-leg-20260920-173826.csv:5,release,0.725,-1592.4000000000276,-0.0034188327790576688
original:pressure-zone05-right-front-leg-20260920-173826.csv:5,release,0.750,-2762.9230769230635,-0.005931909056392413
original:pressure-zone05-right-front-leg-20260920-173826.csv:5,release,0.775,-3744.5600000000104,-0.008039452694767645
original:pressure-zone05-right-front-leg-20260920-173826.csv:5,release,0.800,-3571.3600000000115,-0.007667597735377558
original:pressure-zone05-right-front-leg-20260920-173826.csv:6,press,-0.400,3248.280000000007,0.017552862091139525
original:pressure-zone05-right-front-leg-20260920-173826.csv:6,press,-0.375,3984.520000000018,0.021531311974148603
original:pressure-zone05-right-front-leg-20260920-173826.csv:6,press,-0.350,5623.719999999989,0.03038912335118363
original:pressure-zone05-right-front-leg-20260920-173826.csv:6,press,-0.325,7500.760000000015,0.04053216036140224
original:pressure-zone05-right-front-leg-20260920-173826.csv:6,press,-0.300,9238.269230769258,0.04992120930723646
original:pressure-zone05-right-front-leg-20260920-173826.csv:6,press,-0.275,14569.040000000872,0.07872731104470986
original:pressure-zone05-right-front-leg-20260920-173826.csv:6,press,-0.250,24519.839999999436,0.13249885170514725
original:pressure-zone05-right-front-leg-20260920-173826.csv:6,press,-0.225,39072.439999999224,0.2111373252565384
original:pressure-zone05-right-front-leg-20260920-173826.csv:6,press,-0.200,58886.96000000214,0.3182098488573906
original:pressure-zone05-right-front-leg-20260920-173826.csv:6,press,-0.175,82456.71999999904,0.44557471481759153
original:pressure-zone05-right-front-leg-20260920-173826.csv:6,press,-0.150,106182.30769230945,0.5737816331849617
original:pressure-zone05-right-front-leg-20260920-173826.csv:6,press,-0.125,123956.04000000069,0.6698262697439205
original:pressure-zone05-right-front-leg-20260920-173826.csv:6,press,-0.100,139322.59999999835,0.7528631718875717
original:pressure-zone05-right-front-leg-20260920-173826.csv:6,press,-0.075,157360.3600000007,0.8503345455724491
original:pressure-zone05-right-front-leg-20260920-173826.csv:6,press,-0.050,172631.1599999993,0.9328539855287793
original:pressure-zone05-right-front-leg-20260920-173826.csv:6,press,-0.025,180266.6153846156,0.9741140047910406
original:pressure-zone05-right-front-leg-20260920-173826.csv:6,press,0.000,185057.0,1.0
original:pressure-zone05-right-front-leg-20260920-173826.csv:6,press,0.025,180497.0,0.9753589434606634
original:pressure-zone05-right-front-leg-20260920-173826.csv:6,press,0.050,173308.0,0.9365114532279244
original:pressure-zone05-right-front-leg-20260920-173826.csv:6,press,0.075,165866.0,0.8962968166564896
original:pressure-zone05-right-front-leg-20260920-173826.csv:6,press,0.100,152320.0,0.8230977482613465
original:pressure-zone05-right-front-leg-20260920-173826.csv:6,press,0.125,139668.0,0.7547296238456259
original:pressure-zone05-right-front-leg-20260920-173826.csv:6,press,0.150,129591.07692307599,0.7002765468103125
original:pressure-zone05-right-front-leg-20260920-173826.csv:6,press,0.175,120901.27999999921,0.6533191395083634
original:pressure-zone05-right-front-leg-20260920-173826.csv:6,press,0.200,109684.96000000052,0.5927090572094031
original:pressure-zone05-right-front-leg-20260920-173826.csv:6,press,0.225,88903.99999999808,0.48041414266954546
original:pressure-zone05-right-front-leg-20260920-173826.csv:6,press,0.250,69830.44000000086,0.37734557460674745
original:pressure-zone05-right-front-leg-20260920-173826.csv:6,press,0.275,59370.19999999908,0.32082115240168746
original:pressure-zone05-right-front-leg-20260920-173826.csv:6,press,0.300,50389.69230769192,0.27229281955122975
original:pressure-zone05-right-front-leg-20260920-173826.csv:6,press,0.325,40771.24000000088,0.22031719956554402
original:pressure-zone05-right-front-leg-20260920-173826.csv:6,press,0.350,31372.919999999627,0.1695311174394896
original:pressure-zone05-right-front-leg-20260920-173826.csv:6,press,0.375,24332.95999999973,0.1314890006862736
original:pressure-zone05-right-front-leg-20260920-173826.csv:6,press,0.400,20236.639999999803,0.10935355052767419
original:pressure-zone05-right-front-leg-20260920-173826.csv:6,press,0.425,8831.87999999952,0.04772518737469818
original:pressure-zone05-right-front-leg-20260920-173826.csv:6,press,0.450,-12579.115384615263,-0.06797427486998743
original:pressure-zone05-right-front-leg-20260920-173826.csv:6,press,0.475,-44942.48000000019,-0.242857497960089
original:pressure-zone05-right-front-leg-20260920-173826.csv:6,press,0.500,-87897.6799999995,-0.47497625056063536
original:pressure-zone05-right-front-leg-20260920-173826.csv:6,press,0.525,-129488.04000000539,-0.6997197620192989
original:pressure-zone05-right-front-leg-20260920-173826.csv:6,press,0.550,-166409.0400000002,-0.8992312638808595
original:pressure-zone05-right-front-leg-20260920-173826.csv:6,press,0.575,-206738.11999999953,-1.1171591455605545
original:pressure-zone05-right-front-leg-20260920-173826.csv:6,press,0.600,-254734.23076923506,-1.3765176716862104
original:pressure-zone05-right-front-leg-20260920-173826.csv:6,press,0.625,-308755.5599999978,-1.6684349146479074
original:pressure-zone05-right-front-leg-20260920-173826.csv:6,press,0.650,-363314.5200000043,-1.9632573747548288
original:pressure-zone05-right-front-leg-20260920-173826.csv:6,press,0.675,-403873.720000003,-2.1824287651912817
original:pressure-zone05-right-front-leg-20260920-173826.csv:6,press,0.700,-405735.6400000002,-2.1924900976455914
original:pressure-zone05-right-front-leg-20260920-173826.csv:6,press,0.725,-360481.2307692288,-1.947947015077672
original:pressure-zone05-right-front-leg-20260920-173826.csv:6,press,0.750,-286727.39999999775,-1.5494004549949354
original:pressure-zone05-right-front-leg-20260920-173826.csv:6,press,0.775,-212292.59999999584,-1.147174113921634
original:pressure-zone05-right-front-leg-20260920-173826.csv:6,press,0.800,-152759.9999999984,-0.825475394067765
original:pressure-zone05-right-front-leg-20260920-173826.csv:6,release,-0.400,57893.96153846149,0.14122579588295206
original:pressure-zone05-right-front-leg-20260920-173826.csv:6,release,-0.375,48900.7600000005,0.11928789405253098
original:pressure-zone05-right-front-leg-20260920-173826.csv:6,release,-0.350,39247.080000001704,0.0957388294356031
original:pressure-zone05-right-front-leg-20260920-173826.csv:6,release,-0.325,30076.040000000274,0.07336711071647312
original:pressure-zone05-right-front-leg-20260920-173826.csv:6,release,-0.300,23477.360000000197,0.05727037437277301
original:pressure-zone05-right-front-leg-20260920-173826.csv:6,release,-0.275,18963.12000000048,0.04625839454162809
original:pressure-zone05-right-front-leg-20260920-173826.csv:6,release,-0.250,6089.076923077895,0.014853617057849815
original:pressure-zone05-right-front-leg-20260920-173826.csv:6,release,-0.225,-16595.83999999674,-0.04048368171849163
original:pressure-zone05-right-front-leg-20260920-173826.csv:6,release,-0.200,-50760.43999999598,-0.12382437387024893
original:pressure-zone05-right-front-leg-20260920-173826.csv:6,release,-0.175,-94852.31999999625,-0.23138154701064367
original:pressure-zone05-right-front-leg-20260920-173826.csv:6,release,-0.150,-135889.32000000167,-0.33148668460429886
original:pressure-zone05-right-front-leg-20260920-173826.csv:6,release,-0.125,-172403.9599999963,-0.4205600345417155
original:pressure-zone05-right-front-leg-20260920-173826.csv:6,release,-0.100,-213601.69230768777,-0.5210572604892137
original:pressure-zone05-right-front-leg-20260920-173826.csv:6,release,-0.075,-262569.0,-0.6405074901387767
original:pressure-zone05-right-front-leg-20260920-173826.csv:6,release,-0.050,-317552.9999999922,-0.7746347627329729
original:pressure-zone05-right-front-leg-20260920-173826.csv:6,release,-0.025,-372031.0,-0.9075277053415264
original:pressure-zone05-right-front-leg-20260920-173826.csv:6,release,0.000,-409939.0,-1.0
original:pressure-zone05-right-front-leg-20260920-173826.csv:6,release,0.025,-404935.0,-0.9877933058333069
original:pressure-zone05-right-front-leg-20260920-173826.csv:6,release,0.050,-352013.84615384875,-0.8586981139970794
original:pressure-zone05-right-front-leg-20260920-173826.csv:6,release,0.075,-274093.48000000406,-0.6686201605604836
original:pressure-zone05-right-front-leg-20260920-173826.csv:6,release,0.100,-200564.1200000033,-0.4892535718728965
original:pressure-zone05-right-front-leg-20260920-173826.csv:6,release,0.125,-143785.60000000286,-0.3507487699389491
original:pressure-zone05-right-front-leg-20260920-173826.csv:6,release,0.150,-102936.55999999633,-0.2511021395866125
original:pressure-zone05-right-front-leg-20260920-173826.csv:6,release,0.175,-73002.24000000134,-0.1780807388416358
original:pressure-zone05-right-front-leg-20260920-173826.csv:6,release,0.200,-51992.46153846357,-0.1268297515934409
original:pressure-zone05-right-front-leg-20260920-173826.csv:6,release,0.225,-36972.39999999942,-0.09019000387862443
original:pressure-zone05-right-front-leg-20260920-173826.csv:6,release,0.250,-28720.4800000007,-0.07006037483625784
original:pressure-zone05-right-front-leg-20260920-173826.csv:6,release,0.275,-23156.239999999787,-0.05648703831545617
original:pressure-zone05-right-front-leg-20260920-173826.csv:6,release,0.300,-18571.28000000041,-0.045302545012795584
original:pressure-zone05-right-front-leg-20260920-173826.csv:6,release,0.325,-14583.360000000404,-0.03557446351774387
original:pressure-zone05-right-front-leg-20260920-173826.csv:6,release,0.350,-12762.384615384624,-0.03113239924814332
original:pressure-zone05-right-front-leg-20260920-173826.csv:6,release,0.375,-10796.320000000023,-0.026336406148231867
original:pressure-zone05-right-front-leg-20260920-173826.csv:6,release,0.400,-8317.159999999985,-0.020288774671353507
original:pressure-zone05-right-front-leg-20260920-173826.csv:6,release,0.425,-6663.840000000017,-0.016255686821697906
original:pressure-zone05-right-front-leg-20260920-173826.csv:6,release,0.450,-5496.160000000153,-0.013407263031817301
original:pressure-zone05-right-front-leg-20260920-173826.csv:6,release,0.475,-5989.439999999991,-0.014610564010743041
original:pressure-zone05-right-front-leg-20260920-173826.csv:6,release,0.500,-6739.230769230728,-0.016439594108466692
original:pressure-zone05-right-front-leg-20260920-173826.csv:6,release,0.525,-6028.399999999921,-0.014705602540865644
original:pressure-zone05-right-front-leg-20260920-173826.csv:6,release,0.550,-4371.440000000071,-0.010663635321352864
original:pressure-zone05-right-front-leg-20260920-173826.csv:6,release,0.575,-3555.9600000000396,-0.00867436374680145
original:pressure-zone05-right-front-leg-20260920-173826.csv:6,release,0.600,-2429.360000000049,-0.00592614998816909
original:pressure-zone05-right-front-leg-20260920-173826.csv:6,release,0.625,-1785.4400000000333,-0.004355379702833917
original:pressure-zone05-right-front-leg-20260920-173826.csv:6,release,0.650,-1856.692307692315,-0.004529191678987154
original:pressure-zone05-right-front-leg-20260920-173826.csv:6,release,0.675,-1580.4000000000333,-0.003855207726027612
original:pressure-zone05-right-front-leg-20260920-173826.csv:6,release,0.700,-1801.9999999999573,-0.004395775956910558
original:pressure-zone05-right-front-leg-20260920-173826.csv:6,release,0.725,-2499.4000000000224,-0.006097004676305554
original:pressure-zone05-right-front-leg-20260920-173826.csv:6,release,0.750,-2510.2000000000153,-0.006123350059399119
original:pressure-zone05-right-front-leg-20260920-173826.csv:6,release,0.775,-1769.999999999975,-0.004317715562559246
original:pressure-zone05-right-front-leg-20260920-173826.csv:6,release,0.800,-1622.461538461538,-0.003957812109756666
original:pressure-zone06-left-front-leg-20260920-174028.csv:1,press,-0.400,6505.0,0.025029531384069596
original:pressure-zone06-left-front-leg-20260920-174028.csv:1,press,-0.375,5647.192307692308,0.021728912697503617
original:pressure-zone06-left-front-leg-20260920-174028.csv:1,press,-0.350,6658.4800000000005,0.025620082110714797
original:pressure-zone06-left-front-leg-20260920-174028.csv:1,press,-0.325,8674.360000000006,0.0333766588557599
original:pressure-zone06-left-front-leg-20260920-174028.csv:1,press,-0.300,9953.200000000006,0.038297299273162444
original:pressure-zone06-left-front-leg-20260920-174028.csv:1,press,-0.275,11450.36000000002,0.04405797770620994
original:pressure-zone06-left-front-leg-20260920-174028.csv:1,press,-0.250,14223.560000000061,0.05472852289211353
original:pressure-zone06-left-front-leg-20260920-174028.csv:1,press,-0.225,21018.307692307775,0.08087292729049177
original:pressure-zone06-left-front-leg-20260920-174028.csv:1,press,-0.200,30436.08000000006,0.11711004144013136
original:pressure-zone06-left-front-leg-20260920-174028.csv:1,press,-0.175,44209.60000000008,0.17010692862062493
original:pressure-zone06-left-front-leg-20260920-174028.csv:1,press,-0.150,61115.0400000003,0.23515462132493103
original:pressure-zone06-left-front-leg-20260920-174028.csv:1,press,-0.125,83731.76000000047,0.32217781933334283
original:pressure-zone06-left-front-leg-20260920-174028.csv:1,press,-0.100,119682.3600000002,0.4605062852789425
original:pressure-zone06-left-front-leg-20260920-174028.csv:1,press,-0.075,163920.26923076974,0.6307221403838108
original:pressure-zone06-left-front-leg-20260920-174028.csv:1,press,-0.050,201652.00000000055,0.7759039296941455
original:pressure-zone06-left-front-leg-20260920-174028.csv:1,press,-0.025,233095.00000000047,0.896888334814714
original:pressure-zone06-left-front-leg-20260920-174028.csv:1,press,0.000,259892.99999999997,0.9999999999999999
original:pressure-zone06-left-front-leg-20260920-174028.csv:1,press,0.025,255824.9999999997,0.9843474045087774
original:pressure-zone06-left-front-leg-20260920-174028.csv:1,press,0.050,239964.99999999997,0.923322290327173
original:pressure-zone06-left-front-leg-20260920-174028.csv:1,press,0.075,239042.99999999956,0.9197746765014816
original:pressure-zone06-left-front-leg-20260920-174028.csv:1,press,0.100,213789.15384615352,0.8226045097257468
original:pressure-zone06-left-front-leg-20260920-174028.csv:1,press,0.125,163629.87999999887,0.6296047988980037
original:pressure-zone06-left-front-leg-20260920-174028.csv:1,press,0.150,139980.0799999995,0.5386065804003936
original:pressure-zone06-left-front-leg-20260920-174028.csv:1,press,0.175,123681.59999999964,0.4758943103507968
original:pressure-zone06-left-front-leg-20260920-174028.csv:1,press,0.200,105390.39999999976,0.40551457715290434
original:pressure-zone06-left-front-leg-20260920-174028.csv:1,press,0.225,111346.3846153848,0.42843164154242247
original:pressure-zone06-left-front-leg-20260920-174028.csv:1,press,0.250,114396.28000000007,0.4401668378909785
original:pressure-zone06-left-front-leg-20260920-174028.csv:1,press,0.275,87822.59999999923,0.3379182971453607
original:pressure-zone06-left-front-leg-20260920-174028.csv:1,press,0.300,67850.15999999965,0.2610695940252321
original:pressure-zone06-left-front-leg-20260920-174028.csv:1,press,0.325,53984.31999999965,0.20771748373368906
original:pressure-zone06-left-front-leg-20260920-174028.csv:1,press,0.350,18250.999999998676,0.07022505415689793
original:pressure-zone06-left-front-leg-20260920-174028.csv:1,press,0.375,-16092.53846153952,-0.061919861102605764
original:pressure-zone06-left-front-leg-20260920-174028.csv:1,press,0.400,-37340.760000000446,-0.1436774364834776
original:pressure-zone06-left-front-leg-20260920-174028.csv:1,press,0.425,-59320.84000000068,-0.2282510109929882
original:pressure-zone06-left-front-leg-20260920-174028.csv:1,press,0.450,-77377.00000000055,-0.29772637200694346
original:pressure-zone06-left-front-leg-20260920-174028.csv:1,press,0.475,-80138.40000000002,-0.30835151389225574
original:pressure-zone06-left-front-leg-20260920-174028.csv:1,press,0.500,-83877.48000000013,-0.3227385116182434
original:pressure-zone06-left-front-leg-20260920-174028.csv:1,press,0.525,-102354.07692307765,-0.39383160347942286
original:pressure-zone06-left-front-leg-20260920-174028.csv:1,press,0.550,-141176.00000000154,-0.5432081664377322
original:pressure-zone06-left-front-leg-20260920-174028.csv:1,press,0.575,-199663.44000000216,-0.7682524731331823
original:pressure-zone06-left-front-leg-20260920-174028.csv:1,press,0.600,-256489.32000000196,-0.986903533377205
original:pressure-zone06-left-front-leg-20260920-174028.csv:1,press,0.625,-338055.84000000235,-1.30075007791669
original:pressure-zone06-left-front-leg-20260920-174028.csv:1,press,0.650,-443467.384615389,-1.7063460139957174
original:pressure-zone06-left-front-leg-20260920-174028.csv:1,press,0.675,-503250.4000000019,-1.9363753544728095
original:pressure-zone06-left-front-leg-20260920-174028.csv:1,press,0.700,-471218.59999999835,-1.8131254016075784
original:pressure-zone06-left-front-leg-20260920-174028.csv:1,press,0.725,-380971.3999999963,-1.4658778805123505
original:pressure-zone06-left-front-leg-20260920-174028.csv:1,press,0.750,-284436.19999999594,-1.0944357870354182
original:pressure-zone06-left-front-leg-20260920-174028.csv:1,press,0.775,-205279.59999999707,-0.7898619816616725
original:pressure-zone06-left-front-leg-20260920-174028.csv:1,press,0.800,-146907.53846153617,-0.5652616209806965
original:pressure-zone06-left-front-leg-20260920-174028.csv:1,release,-0.400,83191.75999999992,0.1622478229919354
original:pressure-zone06-left-front-leg-20260920-174028.csv:1,release,-0.375,64707.520000000055,0.12619824669182547
original:pressure-zone06-left-front-leg-20260920-174028.csv:1,release,-0.350,48391.000000000146,0.09437634691708383
original:pressure-zone06-left-front-leg-20260920-174028.csv:1,release,-0.325,11150.53846153831,0.021746752209262518
original:pressure-zone06-left-front-leg-20260920-174028.csv:1,release,-0.300,-21739.160000000167,-0.04239760504734355
original:pressure-zone06-left-front-leg-20260920-174028.csv:1,release,-0.275,-41466.44000000001,-0.08087146632341614
original:pressure-zone06-left-front-leg-20260920-174028.csv:1,release,-0.250,-63396.99999999999,-0.1236423563369706
original:pressure-zone06-left-front-leg-20260920-174028.csv:1,release,-0.225,-79534.4,-0.15511492067206895
original:pressure-zone06-left-front-leg-20260920-174028.csv:1,release,-0.200,-80560.68000000004,-0.15711646139894106
original:pressure-zone06-left-front-leg-20260920-174028.csv:1,release,-0.175,-86009.46153846172,-0.16774315017886418
original:pressure-zone06-left-front-leg-20260920-174028.csv:1,release,-0.150,-107316.00000000017,-0.20929701898604602
original:pressure-zone06-left-front-leg-20260920-174028.csv:1,release,-0.125,-150410.64000000028,-0.2933439428955919
original:pressure-zone06-left-front-leg-20260920-174028.csv:1,release,-0.100,-211750.92000000074,-0.4129751045841515
original:pressure-zone06-left-front-leg-20260920-174028.csv:1,release,-0.075,-268895.04000000114,-0.5244225492203749
original:pressure-zone06-left-front-leg-20260920-174028.csv:1,release,-0.050,-356248.9230769236,-0.6947877074899289
original:pressure-zone06-left-front-leg-20260920-174028.csv:1,release,-0.025,-465272.0000000004,-0.9074140167139619
original:pressure-zone06-left-front-leg-20260920-174028.csv:1,release,0.000,-512744.99999999907,-0.9999999999999982
original:pressure-zone06-left-front-leg-20260920-174028.csv:1,release,0.025,-460836.9999999991,-0.8987644930716031
original:pressure-zone06-left-front-leg-20260920-174028.csv:1,release,0.050,-361004.9999999983,-0.7040634233390833
original:pressure-zone06-left-front-leg-20260920-174028.csv:1,release,0.075,-265293.99999999866,-0.5173994870744691
original:pressure-zone06-left-front-leg-20260920-174028.csv:1,release,0.100,-190275.99999999904,-0.3710928434211919
original:pressure-zone06-left-front-leg-20260920-174028.csv:1,release,0.125,-136065.4230769219,-0.26536665023924544
original:pressure-zone06-left-front-leg-20260920-174028.csv:1,release,0.150,-93713.31999999979,-0.18276788657129722
original:pressure-zone06-left-front-leg-20260920-174028.csv:1,release,0.175,-64289.239999999874,-0.12538248057026372
original:pressure-zone06-left-front-leg-20260920-174028.csv:1,release,0.200,-45876.99999999961,-0.0894733249470977
original:pressure-zone06-left-front-leg-20260920-174028.csv:1,release,0.225,-34132.39999999975,-0.06656798213536894
original:pressure-zone06-left-front-leg-20260920-174028.csv:1,release,0.250,-24257.31999999978,-0.04730874021199579
original:pressure-zone06-left-front-leg-20260920-174028.csv:1,release,0.275,-18178.846153845992,-0.03545397059717012
original:pressure-zone06-left-front-leg-20260920-174028.csv:1,release,0.300,-14154.7199999999,-0.027605768949477614
original:pressure-zone06-left-front-leg-20260920-174028.csv:1,release,0.325,-10062.959999999892,-0.01962566187871143
original:pressure-zone06-left-front-leg-20260920-174028.csv:1,release,0.350,-7236.199999999928,-0.014112668090376167
original:pressure-zone06-left-front-leg-20260920-174028.csv:1,release,0.375,-6751.279999999997,-0.013166934831153882
original:pressure-zone06-left-front-leg-20260920-174028.csv:1,release,0.400,-6617.599999999997,-0.012906220440959924
original:pressure-zone06-left-front-leg-20260920-174028.csv:1,release,0.425,-5619.884615384583,-0.010960388917268006
original:pressure-zone06-left-front-leg-20260920-174028.csv:1,release,0.450,-4759.719999999975,-0.009282820895376796
original:pressure-zone06-left-front-leg-20260920-174028.csv:1,release,0.475,-3827.519999999969,-0.007464763186379134
original:pressure-zone06-left-front-leg-20260920-174028.csv:1,release,0.500,-2119.4399999999446,-0.004133516660328125
original:pressure-zone06-left-front-leg-20260920-174028.csv:1,release,0.525,-908.4799999999655,-0.0017717968970930296
original:pressure-zone06-left-front-leg-20260920-174028.csv:1,release,0.550,-652.8461538461492,-0.0012732374842195423
original:pressure-zone06-left-front-leg-20260920-174028.csv:1,release,0.575,176.2400000000191,0.0003437186125657376
original:pressure-zone06-left-front-leg-20260920-174028.csv:1,release,0.600,94.79999999999023,0.00018488722464380975
original:pressure-zone06-left-front-leg-20260920-174028.csv:1,release,0.625,-1555.2400000000666,-0.003033164633492412
original:pressure-zone06-left-front-leg-20260920-174028.csv:1,release,0.650,-2078.560000000009,-0.0040537889204185495
original:pressure-zone06-left-front-leg-20260920-174028.csv:1,release,0.675,-1820.1199999999812,-0.003549756701674285
original:pressure-zone06-left-front-leg-20260920-174028.csv:1,release,0.700,-1192.7692307692025,-0.002326242539213844
original:pressure-zone06-left-front-leg-20260920-174028.csv:1,release,0.725,-335.39999999996473,-0.000654126320100566
original:pressure-zone06-left-front-leg-20260920-174028.csv:1,release,0.750,493.0000000000317,0.0009614915796351631
original:pressure-zone06-left-front-leg-20260920-174028.csv:1,release,0.775,1124.600000000025,0.00219329296238876
original:pressure-zone06-left-front-leg-20260920-174028.csv:1,release,0.800,2203.6000000000467,0.004297652829379217
original:pressure-zone06-left-front-leg-20260920-174028.csv:2,press,-0.400,-3014.2199999999943,-0.012913538304011492
original:pressure-zone06-left-front-leg-20260920-174028.csv:2,press,-0.375,-1096.6153846153752,-0.004698125808334816
original:pressure-zone06-left-front-leg-20260920-174028.csv:2,press,-0.350,732.8600000000778,0.0031397229404220277
original:pressure-zone06-left-front-leg-20260920-174028.csv:2,press,-0.325,4157.179999999945,0.01781021397465012
original:pressure-zone06-left-front-leg-20260920-174028.csv:2,press,-0.300,12104.74000000024,0.051859195297656924
original:pressure-zone06-left-front-leg-20260920-174028.csv:2,press,-0.275,21449.179999999913,0.09189269778570795
original:pressure-zone06-left-front-leg-20260920-174028.csv:2,press,-0.250,30322.099999999922,0.12990611163354585
original:pressure-zone06-left-front-leg-20260920-174028.csv:2,press,-0.225,42316.03846153904,0.18129061035594912
original:pressure-zone06-left-front-leg-20260920-174028.csv:2,press,-0.200,63762.18000000036,0.27317029074761684
original:pressure-zone06-left-front-leg-20260920-174028.csv:2,press,-0.175,91405.3400000003,0.39159927254188476
original:pressure-zone06-left-front-leg-20260920-174028.csv:2,press,-0.150,115468.22000000034,0.49468959859135464
original:pressure-zone06-left-front-leg-20260920-174028.csv:2,press,-0.125,139644.9400000004,0.5982676386101198
original:pressure-zone06-left-front-leg-20260920-174028.csv:2,press,-0.100,171029.22000000038,0.7327243477832466
original:pressure-zone06-left-front-leg-20260920-174028.csv:2,press,-0.075,196988.80769230827,0.8439405596128289
original:pressure-zone06-left-front-leg-20260920-174028.csv:2,press,-0.050,208946.5,0.8951697723587336
original:pressure-zone06-left-front-leg-20260920-174028.csv:2,press,-0.025,220794.50000000044,0.9459290407020975
original:pressure-zone06-left-front-leg-20260920-174028.csv:2,press,0.000,233415.5,1.0
original:pressure-zone06-left-front-leg-20260920-174028.csv:2,press,0.025,231284.49999999953,0.9908703577954314
original:pressure-zone06-left-front-leg-20260920-174028.csv:2,press,0.050,218050.4999999993,0.934173180444312
original:pressure-zone06-left-front-leg-20260920-174028.csv:2,press,0.075,198176.4615384611,0.8490287129109296
original:pressure-zone06-left-front-leg-20260920-174028.csv:2,press,0.100,174811.89999999947,0.7489301267482213
original:pressure-zone06-left-front-leg-20260920-174028.csv:2,press,0.125,147862.22000000035,0.6334721558765393
original:pressure-zone06-left-front-leg-20260920-174028.csv:2,press,0.150,129252.73999999961,0.5537453168277154
original:pressure-zone06-left-front-leg-20260920-174028.csv:2,press,0.175,124950.33999999991,0.5353129505109983
original:pressure-zone06-left-front-leg-20260920-174028.csv:2,press,0.200,107146.1399999996,0.4590360965745617
original:pressure-zone06-left-front-leg-20260920-174028.csv:2,press,0.225,87943.42307692286,0.3767677085580129
original:pressure-zone06-left-front-leg-20260920-174028.csv:2,press,0.250,87195.70000000004,0.3735643091397103
original:pressure-zone06-left-front-leg-20260920-174028.csv:2,press,0.275,88858.86000000002,0.3806896285807927
original:pressure-zone06-left-front-leg-20260920-174028.csv:2,press,0.300,75238.89999999935,0.3223389192234421
original:pressure-zone06-left-front-leg-20260920-174028.csv:2,press,0.325,42845.29999999846,0.18355807562050705
original:pressure-zone06-left-front-leg-20260920-174028.csv:2,press,0.350,-17760.340000000622,-0.07608894867736128
original:pressure-zone06-left-front-leg-20260920-174028.csv:2,press,0.375,-101323.5769230795,-0.43409103904016444
original:pressure-zone06-left-front-leg-20260920-174028.csv:2,press,0.400,-158833.94000000152,-0.6804772605075563
original:pressure-zone06-left-front-leg-20260920-174028.csv:2,press,0.425,-181802.38000000062,-0.7788787805437112
original:pressure-zone06-left-front-leg-20260920-174028.csv:2,press,0.450,-207215.34000000087,-0.8877531269345903
original:pressure-zone06-left-front-leg-20260920-174028.csv:2,press,0.475,-251382.38000000134,-1.0769738085088665
original:pressure-zone06-left-front-leg-20260920-174028.csv:2,press,0.500,-329273.2692307735,-1.4106743949342417
original:pressure-zone06-left-front-leg-20260920-174028.csv:2,press,0.525,-424452.0600000019,-1.8184399065186414
original:pressure-zone06-left-front-leg-20260920-174028.csv:2,press,0.550,-474494.8200000008,-2.032833380816616
original:pressure-zone06-left-front-leg-20260920-174028.csv:2,press,0.575,-456241.0999999985,-1.9546306907638888
original:pressure-zone06-left-front-leg-20260920-174028.csv:2,press,0.600,-389308.4599999985,-1.667877497424115
original:pressure-zone06-left-front-leg-20260920-174028.csv:2,press,0.625,-305284.17999999574,-1.3079002037139595
original:pressure-zone06-left-front-leg-20260920-174028.csv:2,press,0.650,-229517.84615384284,-0.9833016494356324
original:pressure-zone06-left-front-leg-20260920-174028.csv:2,press,0.675,-167673.8999999979,-0.7183494669377051
original:pressure-zone06-left-front-leg-20260920-174028.csv:2,press,0.700,-120071.69999999809,-0.5144118535401381
original:pressure-zone06-left-front-leg-20260920-174028.csv:2,press,0.725,-85983.89999999889,-0.36837270875327
original:pressure-zone06-left-front-leg-20260920-174028.csv:2,press,0.750,-62449.49999999908,-0.26754649969688854
original:pressure-zone06-left-front-leg-20260920-174028.csv:2,press,0.775,-45022.0999999993,-0.1928839344430824
original:pressure-zone06-left-front-leg-20260920-174028.csv:2,press,0.800,-33291.19230769205,-0.14262631362395406
original:pressure-zone06-left-front-leg-20260920-174028.csv:2,release,-0.400,128075.98,0.26624227601883793
original:pressure-zone06-left-front-leg-20260920-174028.csv:2,release,-0.375,122594.57999999987,0.25484763034234426
original:pressure-zone06-left-front-leg-20260920-174028.csv:2,release,-0.350,104102.11538461468,0.2164057939543035
original:pressure-zone06-left-front-leg-20260920-174028.csv:2,release,-0.325,86473.29999999999,0.17975929762052006
original:pressure-zone06-left-front-leg-20260920-174028.csv:2,release,-0.300,87403.14000000004,0.1816922339754351
original:pressure-zone06-left-front-leg-20260920-174028.csv:2,release,-0.275,87801.10000000011,0.18251950678774911
original:pressure-zone06-left-front-leg-20260920-174028.csv:2,release,-0.250,71329.69999999914,0.14827902683813682
original:pressure-zone06-left-front-leg-20260920-174028.csv:2,release,-0.225,35098.33999999839,0.07296186159249057
original:pressure-zone06-left-front-leg-20260920-174028.csv:2,release,-0.200,-29623.115384614684,-0.0615800532056711
original:pressure-zone06-left-front-leg-20260920-174028.csv:2,release,-0.175,-113715.02000000076,-0.23638894461184587
original:pressure-zone06-left-front-leg-20260920-174028.csv:2,release,-0.150,-166030.5400000009,-0.34514160155742674
original:pressure-zone06-left-front-leg-20260920-174028.csv:2,release,-0.125,-185108.22000000035,-0.38479997422308126
original:pressure-zone06-left-front-leg-20260920-174028.csv:2,release,-0.100,-212237.54000000065,-0.44119596591210414
original:pressure-zone06-left-front-leg-20260920-174028.csv:2,release,-0.075,-260260.80769231173,-0.5410259581734386
original:pressure-zone06-left-front-leg-20260920-174028.csv:2,release,-0.050,-342418.5000000035,-0.7118140403138621
original:pressure-zone06-left-front-leg-20260920-174028.csv:2,release,-0.025,-440077.50000000146,-0.9148259902026948
original:pressure-zone06-left-front-leg-20260920-174028.csv:2,release,0.000,-481050.5,-1.0
original:pressure-zone06-left-front-leg-20260920-174028.csv:2,release,0.025,-451515.4999999974,-0.9386031196308857
original:pressure-zone06-left-front-leg-20260920-174028.csv:2,release,0.050,-377459.499999997,-0.7846567044416272
original:pressure-zone06-left-front-leg-20260920-174028.csv:2,release,0.075,-291536.4999999974,-0.6060413615618264
original:pressure-zone06-left-front-leg-20260920-174028.csv:2,release,0.100,-217704.7692307675,-0.452561153622681
original:pressure-zone06-left-front-leg-20260920-174028.csv:2,release,0.125,-158258.37999999875,-0.32898496103839153
original:pressure-zone06-left-front-leg-20260920-174028.csv:2,release,0.150,-112905.13999999898,-0.2347053791649712
original:pressure-zone06-left-front-leg-20260920-174028.csv:2,release,0.175,-80957.9799999982,-0.1682941395965667
original:pressure-zone06-left-front-leg-20260920-174028.csv:2,release,0.200,-58999.09999999951,-0.12264637496478958
original:pressure-zone06-left-front-leg-20260920-174028.csv:2,release,0.225,-42399.21999999962,-0.08813881286891838
original:pressure-zone06-left-front-leg-20260920-174028.csv:2,release,0.250,-31600.730769230307,-0.06569108808582531
original:pressure-zone06-left-front-leg-20260920-174028.csv:2,release,0.275,-24114.939999999693,-0.05012974729264327
original:pressure-zone06-left-front-leg-20260920-174028.csv:2,release,0.300,-18621.939999999755,-0.03871098772374159
original:pressure-zone06-left-front-leg-20260920-174028.csv:2,release,0.325,-14088.539999999797,-0.02928702911648527
original:pressure-zone06-left-front-leg-20260920-174028.csv:2,release,0.350,-11339.499999999889,-0.02357236922111065
original:pressure-zone06-left-front-leg-20260920-174028.csv:2,release,0.375,-10748.77999999998,-0.0223443900380521
original:pressure-zone06-left-front-leg-20260920-174028.csv:2,release,0.400,-9847.69230769228,-0.020471223515394495
original:pressure-zone06-left-front-leg-20260920-174028.csv:2,release,0.425,-8355.539999999948,-0.017369361428789594
original:pressure-zone06-left-front-leg-20260920-174028.csv:2,release,0.450,-7332.379999999939,-0.01524243296701685
original:pressure-zone06-left-front-leg-20260920-174028.csv:2,release,0.475,-7068.019999999994,-0.014692885674165174
original:pressure-zone06-left-front-leg-20260920-174028.csv:2,release,0.500,-6459.659999999957,-0.013428236744374981
original:pressure-zone06-left-front-leg-20260920-174028.csv:2,release,0.525,-6068.115384615377,-0.012614300129852015
original:pressure-zone06-left-front-leg-20260920-174028.csv:2,release,0.550,-5545.299999999972,-0.011527479963122316
original:pressure-zone06-left-front-leg-20260920-174028.csv:2,release,0.575,-4933.179999999966,-0.010255014806137747
original:pressure-zone06-left-front-leg-20260920-174028.csv:2,release,0.600,-4721.779999999993,-0.009815559904833262
original:pressure-zone06-left-front-leg-20260920-174028.csv:2,release,0.625,-4414.059999999981,-0.009175876545185965
original:pressure-zone06-left-front-leg-20260920-174028.csv:2,release,0.650,-4666.9400000000205,-0.009701559399688848
original:pressure-zone06-left-front-leg-20260920-174028.csv:2,release,0.675,-4164.961538461513,-0.008658054691683124
original:pressure-zone06-left-front-leg-20260920-174028.csv:2,release,0.700,-3909.8999999999937,-0.008127836890305683
original:pressure-zone06-left-front-leg-20260920-174028.csv:2,release,0.725,-3984.3000000000047,-0.008282498407131902
original:pressure-zone06-left-front-leg-20260920-174028.csv:2,release,0.750,-3995.2999999999993,-0.00830536502924329
original:pressure-zone06-left-front-leg-20260920-174028.csv:2,release,0.775,-3725.8999999999764,-0.007745340665896775
original:pressure-zone06-left-front-leg-20260920-174028.csv:2,release,0.800,-3705.1000000000026,-0.007702101962268
original:pressure-zone06-left-front-leg-20260920-174028.csv:3,press,-0.400,3046.3400000000875,0.010647313041852577
original:pressure-zone06-left-front-leg-20260920-174028.csv:3,press,-0.375,6343.100000000048,0.022169873144748668
original:pressure-zone06-left-front-leg-20260920-174028.csv:3,press,-0.350,8068.100000000009,0.028198949018483955
original:pressure-zone06-left-front-leg-20260920-174028.csv:3,press,-0.325,8640.4600000001,0.030199413868971927
original:pressure-zone06-left-front-leg-20260920-174028.csv:3,press,-0.300,12052.807692307824,0.04212596641650193
original:pressure-zone06-left-front-leg-20260920-174028.csv:3,press,-0.275,18153.179999999833,0.06344747801134806
original:pressure-zone06-left-front-leg-20260920-174028.csv:3,press,-0.250,26728.9800000006,0.09342089765075957
original:pressure-zone06-left-front-leg-20260920-174028.csv:3,press,-0.225,39426.820000000975,0.1378013270957189
original:pressure-zone06-left-front-leg-20260920-174028.csv:3,press,-0.200,59829.46000000127,0.2091109297534065
original:pressure-zone06-left-front-leg-20260920-174028.csv:3,press,-0.175,86139.86000000131,0.3010688415611333
original:pressure-zone06-left-front-leg-20260920-174028.csv:3,press,-0.150,113326.4999999994,0.39608931420572396
original:pressure-zone06-left-front-leg-20260920-174028.csv:3,press,-0.125,140576.5,0.49133123742850304
original:pressure-zone06-left-front-leg-20260920-174028.csv:3,press,-0.100,167409.5,0.5851156970922379
original:pressure-zone06-left-front-leg-20260920-174028.csv:3,press,-0.075,199083.50000000323,0.6958200154833771
original:pressure-zone06-left-front-leg-20260920-174028.csv:3,press,-0.050,244555.50000000227,0.8547499506314881
original:pressure-zone06-left-front-leg-20260920-174028.csv:3,press,-0.025,276430.5,0.9661567874287652
original:pressure-zone06-left-front-leg-20260920-174028.csv:3,press,0.000,286113.5,1.0
original:pressure-zone06-left-front-leg-20260920-174028.csv:3,press,0.025,285398.1153846154,0.9974996474637351
original:pressure-zone06-left-front-leg-20260920-174028.csv:3,press,0.050,276261.9799999998,0.9655677904048562
original:pressure-zone06-left-front-leg-20260920-174028.csv:3,press,0.075,260730.81999999855,0.9112845776239099
original:pressure-zone06-left-front-leg-20260920-174028.csv:3,press,0.100,232114.53999999934,0.8112673466998214
original:pressure-zone06-left-front-leg-20260920-174028.csv:3,press,0.125,186137.61999999895,0.6505726573545078
original:pressure-zone06-left-front-leg-20260920-174028.csv:3,press,0.150,142289.8846153827,0.4973197161804064
original:pressure-zone06-left-front-leg-20260920-174028.csv:3,press,0.175,97765.93999999797,0.34170334500119
original:pressure-zone06-left-front-leg-20260920-174028.csv:3,press,0.200,53855.57999999801,0.18823152350377736
original:pressure-zone06-left-front-leg-20260920-174028.csv:3,press,0.225,11140.78000000109,0.03893832342759461
original:pressure-zone06-left-front-leg-20260920-174028.csv:3,press,0.250,-39861.020000002056,-0.13931890665767976
original:pressure-zone06-left-front-leg-20260920-174028.csv:3,press,0.275,-112867.02000000341,-0.39448337809996176
original:pressure-zone06-left-front-leg-20260920-174028.csv:3,press,0.300,-207631.07692308325,-0.7256947921824145
original:pressure-zone06-left-front-leg-20260920-174028.csv:3,press,0.325,-319079.06000000774,-1.1152184709914343
original:pressure-zone06-left-front-leg-20260920-174028.csv:3,press,0.350,-414355.3400000063,-1.4482201643753487
original:pressure-zone06-left-front-leg-20260920-174028.csv:3,press,0.375,-461750.0199999999,-1.6138700900167238
original:pressure-zone06-left-front-leg-20260920-174028.csv:3,press,0.400,-463679.6199999998,-1.6206142667158308
original:pressure-zone06-left-front-leg-20260920-174028.csv:3,press,0.425,-417599.13999999646,-1.4595576231110956
original:pressure-zone06-left-front-leg-20260920-174028.csv:3,press,0.450,-338427.11538460816,-1.1828421776134581
original:pressure-zone06-left-front-leg-20260920-174028.csv:3,press,0.475,-255282.37999999244,-0.8922416453609929
original:pressure-zone06-left-front-leg-20260920-174028.csv:3,press,0.500,-187479.0199999987,-0.6552610065585815
original:pressure-zone06-left-front-leg-20260920-174028.csv:3,press,0.525,-136560.25999999905,-0.4772940109432063
original:pressure-zone06-left-front-leg-20260920-174028.csv:3,press,0.550,-97897.09999999926,-0.3421617644745853
original:pressure-zone06-left-front-leg-20260920-174028.csv:3,press,0.575,-67695.57999999769,-0.23660393515160133
original:pressure-zone06-left-front-leg-20260920-174028.csv:3,press,0.600,-47932.57692307496,-0.1675299380248571
original:pressure-zone06-left-front-leg-20260920-174028.csv:3,press,0.625,-35378.29999999952,-0.12365127825146148
original:pressure-zone06-left-front-leg-20260920-174028.csv:3,press,0.650,-26734.89999999966,-0.09344158874013166
original:pressure-zone06-left-front-leg-20260920-174028.csv:3,press,0.675,-20527.899999999754,-0.07174740094403009
original:pressure-zone06-left-front-leg-20260920-174028.csv:3,press,0.700,-16042.099999999822,-0.0560690075791594
original:pressure-zone06-left-front-leg-20260920-174028.csv:3,press,0.725,-12077.730769230533,-0.04221307547260277
original:pressure-zone06-left-front-leg-20260920-174028.csv:3,press,0.750,-8980.859999999815,-0.03138915150805472
original:pressure-zone06-left-front-leg-20260920-174028.csv:3,press,0.775,-7686.179999999961,-0.02686409414445652
original:pressure-zone06-left-front-leg-20260920-174028.csv:3,press,0.800,-7519.860000000002,-0.026282786376735114
original:pressure-zone06-left-front-leg-20260920-174028.csv:3,release,-0.400,277592.46,0.5948055098142361
original:pressure-zone06-left-front-leg-20260920-174028.csv:3,release,-0.375,286027.6538461538,0.6128798471937291
original:pressure-zone06-left-front-leg-20260920-174028.csv:3,release,-0.350,284610.53999999975,0.6098433557712802
original:pressure-zone06-left-front-leg-20260920-174028.csv:3,release,-0.325,274619.8599999995,0.5884360325651995
original:pressure-zone06-left-front-leg-20260920-174028.csv:3,release,-0.300,257767.41999999926,0.552325814853184
original:pressure-zone06-left-front-leg-20260920-174028.csv:3,release,-0.275,227214.25999999882,0.4868586623583497
original:pressure-zone06-left-front-leg-20260920-174028.csv:3,release,-0.250,180772.11538461418,0.3873457162760954
original:pressure-zone06-left-front-leg-20260920-174028.csv:3,release,-0.225,137007.77999999785,0.2935705906111982
original:pressure-zone06-left-front-leg-20260920-174028.csv:3,release,-0.200,92444.45999999788,0.19808345716522882
original:pressure-zone06-left-front-leg-20260920-174028.csv:3,release,-0.175,48642.85999999794,0.10422848351544306
original:pressure-zone06-left-front-leg-20260920-174028.csv:3,release,-0.150,5662.26000000103,0.012132690657380856
original:pressure-zone06-left-front-leg-20260920-174028.csv:3,release,-0.125,-46993.740000003614,-0.10069486569908927
original:pressure-zone06-left-front-leg-20260920-174028.csv:3,release,-0.100,-122715.30769231243,-0.2629456907941114
original:pressure-zone06-left-front-leg-20260920-174028.csv:3,release,-0.075,-219210.50000000806,-0.469708770941179
original:pressure-zone06-left-front-leg-20260920-174028.csv:3,release,-0.050,-332697.5000000066,-0.7128806960442143
original:pressure-zone06-left-front-leg-20260920-174028.csv:3,release,-0.025,-425490.5,-0.9117109800951158
original:pressure-zone06-left-front-leg-20260920-174028.csv:3,release,0.000,-466694.5,-1.0
original:pressure-zone06-left-front-leg-20260920-174028.csv:3,release,0.025,-463268.49999999633,-0.9926590092662252
original:pressure-zone06-left-front-leg-20260920-174028.csv:3,release,0.050,-411371.4999999941,-0.8814577844821272
original:pressure-zone06-left-front-leg-20260920-174028.csv:3,release,0.075,-328480.15384614613,-0.7038440646850266
original:pressure-zone06-left-front-leg-20260920-174028.csv:3,release,0.100,-245299.2199999981,-0.52560983684187
original:pressure-zone06-left-front-leg-20260920-174028.csv:3,release,0.125,-179694.37999999852,-0.3850364210420275
original:pressure-zone06-left-front-leg-20260920-174028.csv:3,release,0.150,-130768.9399999989,-0.2802024450684525
original:pressure-zone06-left-front-leg-20260920-174028.csv:3,release,0.175,-93476.89999999916,-0.20029569664951946
original:pressure-zone06-left-front-leg-20260920-174028.csv:3,release,0.200,-64223.01999999737,-0.13761254953721838
original:pressure-zone06-left-front-leg-20260920-174028.csv:3,release,0.225,-45770.73076922998,-0.09807428793189116
original:pressure-zone06-left-front-leg-20260920-174028.csv:3,release,0.250,-34035.61999999949,-0.0729291217273816
original:pressure-zone06-left-front-leg-20260920-174028.csv:3,release,0.275,-25774.059999999634,-0.055226834685216206
original:pressure-zone06-left-front-leg-20260920-174028.csv:3,release,0.300,-19837.059999999736,-0.042505450567769144
original:pressure-zone06-left-front-leg-20260920-174028.csv:3,release,0.325,-15541.93999999981,-0.03330217090623483
original:pressure-zone06-left-front-leg-20260920-174028.csv:3,release,0.350,-11608.115384615128,-0.02487304946729633
original:pressure-zone06-left-front-leg-20260920-174028.csv:3,release,0.375,-8640.180000000008,-0.01851356722652615
original:pressure-zone06-left-front-leg-20260920-174028.csv:3,release,0.400,-7589.339999999952,-0.01626190152230196
original:pressure-zone06-left-front-leg-20260920-174028.csv:3,release,0.425,-7524.180000000002,-0.01612228127822377
original:pressure-zone06-left-front-leg-20260920-174028.csv:3,release,0.450,-7162.419999999972,-0.015347127510609128
original:pressure-zone06-left-front-leg-20260920-174028.csv:3,release,0.475,-6862.579999999981,-0.014704651543997155
original:pressure-zone06-left-front-leg-20260920-174028.csv:3,release,0.500,-6301.346153846144,-0.01350207931279701
original:pressure-zone06-left-front-leg-20260920-174028.csv:3,release,0.525,-5590.619999999985,-0.011979185527148885
original:pressure-zone06-left-front-leg-20260920-174028.csv:3,release,0.550,-5185.379999999973,-0.011110865887641643
original:pressure-zone06-left-front-leg-20260920-174028.csv:3,release,0.575,-4991.059999999985,-0.010694490721446225
original:pressure-zone06-left-front-leg-20260920-174028.csv:3,release,0.600,-4968.700000000001,-0.010646579293306436
original:pressure-zone06-left-front-leg-20260920-174028.csv:3,release,0.625,-4975.38,-0.01066089272532674
original:pressure-zone06-left-front-leg-20260920-174028.csv:3,release,0.650,-4260.8846153845825,-0.009129922498303671
original:pressure-zone06-left-front-leg-20260920-174028.csv:3,release,0.675,-3524.8999999999696,-0.007552906665923789
original:pressure-zone06-left-front-leg-20260920-174028.csv:3,release,0.700,-2981.0999999999785,-0.0063876904484624925
original:pressure-zone06-left-front-leg-20260920-174028.csv:3,release,0.725,-3080.500000000025,-0.006600677745291674
original:pressure-zone06-left-front-leg-20260920-174028.csv:3,release,0.750,-2733.6999999999434,-0.005857579208668504
original:pressure-zone06-left-front-leg-20260920-174028.csv:3,release,0.775,-2326.807692307669,-0.004985719120983147
original:pressure-zone06-left-front-leg-20260920-174028.csv:3,release,0.800,-2318.100000000007,-0.004967060893153888
original:pressure-zone06-left-front-leg-20260920-174028.csv:4,press,-0.400,1368.920000000011,0.006743315402652219
original:pressure-zone06-left-front-leg-20260920-174028.csv:4,press,-0.375,1402.0000000000045,0.006906267856791022
original:pressure-zone06-left-front-leg-20260920-174028.csv:4,press,-0.350,3574.15384615388,0.017606322270269946
original:pressure-zone06-left-front-leg-20260920-174028.csv:4,press,-0.325,9856.08000000019,0.04855116155346786
original:pressure-zone06-left-front-leg-20260920-174028.csv:4,press,-0.300,17280.67999999965,0.08512482512659678
original:pressure-zone06-left-front-leg-20260920-174028.csv:4,press,-0.275,25230.919999999507,0.12428779728478014
original:pressure-zone06-left-front-leg-20260920-174028.csv:4,press,-0.250,36784.67999999912,0.18120174971921302
original:pressure-zone06-left-front-leg-20260920-174028.csv:4,press,-0.225,56169.30769230684,0.27669064497402435
original:pressure-zone06-left-front-leg-20260920-174028.csv:4,press,-0.200,75571.07999999968,0.3722639947981305
original:pressure-zone06-left-front-leg-20260920-174028.csv:4,press,-0.175,92033.1599999994,0.4533563870662618
original:pressure-zone06-left-front-leg-20260920-174028.csv:4,press,-0.150,118462.95999999934,0.5835498807905231
original:pressure-zone06-left-front-leg-20260920-174028.csv:4,press,-0.125,147279.3599999997,0.7254997931075234
original:pressure-zone06-left-front-leg-20260920-174028.csv:4,press,-0.100,160793.59999999974,0.7920710921952264
original:pressure-zone06-left-front-leg-20260920-174028.csv:4,press,-0.075,171651.07692307656,0.845555146317691
original:pressure-zone06-left-front-leg-20260920-174028.csv:4,press,-0.050,187728.0,0.9247502512265768
original:pressure-zone06-left-front-leg-20260920-174028.csv:4,press,-0.025,202485.99999999895,0.9974483261413517
original:pressure-zone06-left-front-leg-20260920-174028.csv:4,press,0.000,203004.0,1.0
original:pressure-zone06-left-front-leg-20260920-174028.csv:4,press,0.025,194617.0,0.958685543142007
original:pressure-zone06-left-front-leg-20260920-174028.csv:4,press,0.050,193491.0,0.9531388544068097
original:pressure-zone06-left-front-leg-20260920-174028.csv:4,press,0.075,190882.0,0.9402868908987015
original:pressure-zone06-left-front-leg-20260920-174028.csv:4,press,0.100,166023.34615384738,0.8178328808981468
original:pressure-zone06-left-front-leg-20260920-174028.csv:4,press,0.125,145184.84000000102,0.7151821638982533
original:pressure-zone06-left-front-leg-20260920-174028.csv:4,press,0.150,136287.27999999982,0.6713526827057587
original:pressure-zone06-left-front-leg-20260920-174028.csv:4,press,0.175,110456.2799999994,0.544108884553996
original:pressure-zone06-left-front-leg-20260920-174028.csv:4,press,0.200,86184.07999999945,0.42454375283245377
original:pressure-zone06-left-front-leg-20260920-174028.csv:4,press,0.225,83269.3076923076,0.4101855514783334
original:pressure-zone06-left-front-leg-20260920-174028.csv:4,press,0.250,71789.16000000031,0.35363421410415713
original:pressure-zone06-left-front-leg-20260920-174028.csv:4,press,0.275,63880.16000000019,0.3146743906524019
original:pressure-zone06-left-front-leg-20260920-174028.csv:4,press,0.300,51938.080000000315,0.2558475695060211
original:pressure-zone06-left-front-leg-20260920-174028.csv:4,press,0.325,32932.87999999922,0.1622277393548857
original:pressure-zone06-left-front-leg-20260920-174028.csv:4,press,0.350,31874.760000000024,0.15701542826742343
original:pressure-zone06-left-front-leg-20260920-174028.csv:4,press,0.375,18452.50000000008,0.09089722370002601
original:pressure-zone06-left-front-leg-20260920-174028.csv:4,press,0.400,-41328.559999999816,-0.20358495399105345
original:pressure-zone06-left-front-leg-20260920-174028.csv:4,press,0.425,-146531.15999999968,-0.7218141514452902
original:pressure-zone06-left-front-leg-20260920-174028.csv:4,press,0.450,-273682.3199999996,-1.3481622037004177
original:pressure-zone06-left-front-leg-20260920-174028.csv:4,press,0.475,-411494.1600000083,-2.0270248862091798
original:pressure-zone06-left-front-leg-20260920-174028.csv:4,press,0.500,-546579.1599999997,-2.692455124036963
original:pressure-zone06-left-front-leg-20260920-174028.csv:4,press,0.525,-617405.3076923087,-3.041345528621646
original:pressure-zone06-left-front-leg-20260920-174028.csv:4,press,0.550,-582763.159999999,-2.870697917282413
original:pressure-zone06-left-front-leg-20260920-174028.csv:4,press,0.575,-466966.87999999744,-2.3002841323323553
original:pressure-zone06-left-front-leg-20260920-174028.csv:4,press,0.600,-347807.83999999764,-1.7133053535890803
original:pressure-zone06-left-front-leg-20260920-174028.csv:4,press,0.625,-255991.20000000444,-1.2610155464917165
original:pressure-zone06-left-front-leg-20260920-174028.csv:4,press,0.650,-186921.19999999943,-0.9207759453015676
original:pressure-zone06-left-front-leg-20260920-174028.csv:4,press,0.675,-136354.88461538553,-0.6716857038057651
original:pressure-zone06-left-front-leg-20260920-174028.csv:4,press,0.700,-98888.99999999901,-0.48712833244664644
original:pressure-zone06-left-front-leg-20260920-174028.csv:4,press,0.725,-71145.39999999889,-0.35046304506314596
original:pressure-zone06-left-front-leg-20260920-174028.csv:4,press,0.750,-50748.59999999919,-0.24998817757285172
original:pressure-zone06-left-front-leg-20260920-174028.csv:4,press,0.775,-36335.80000000038,-0.1789905617623317
original:pressure-zone06-left-front-leg-20260920-174028.csv:4,press,0.800,-26894.538461538556,-0.1324828006420492
original:pressure-zone06-left-front-leg-20260920-174028.csv:4,release,-0.400,143349.1600000005,0.22850059058224634
original:pressure-zone06-left-front-leg-20260920-174028.csv:4,release,-0.375,132764.15999999992,0.21162795071945817
original:pressure-zone06-left-front-leg-20260920-174028.csv:4,release,-0.350,106492.75999999994,0.1697509671680903
original:pressure-zone06-left-front-leg-20260920-174028.csv:4,release,-0.325,84973.53846153845,0.13544902336591783
original:pressure-zone06-left-front-leg-20260920-174028.csv:4,release,-0.300,82122.84000000056,0.1309049696579414
original:pressure-zone06-left-front-leg-20260920-174028.csv:4,release,-0.275,70202.84000000035,0.11190432089417873
original:pressure-zone06-left-front-leg-20260920-174028.csv:4,release,-0.250,62291.92000000056,0.0992942024111067
original:pressure-zone06-left-front-leg-20260920-174028.csv:4,release,-0.225,49385.12000000078,0.07872058047619704
original:pressure-zone06-left-front-leg-20260920-174028.csv:4,release,-0.200,31410.240000000013,0.05006836726723809
original:pressure-zone06-left-front-leg-20260920-174028.csv:4,release,-0.175,30748.00000000064,0.049012747331222815
original:pressure-zone06-left-front-leg-20260920-174028.csv:4,release,-0.150,14058.5200000015,0.022409479921003048
original:pressure-zone06-left-front-leg-20260920-174028.csv:4,release,-0.125,-53663.27999999749,-0.08554002808652546
original:pressure-zone06-left-front-leg-20260920-174028.csv:4,release,-0.100,-164974.55999999706,-0.26297178435538393
original:pressure-zone06-left-front-leg-20260920-174028.csv:4,release,-0.075,-294770.27999999723,-0.4698679996875688
original:pressure-zone06-left-front-leg-20260920-174028.csv:4,release,-0.050,-433551.2800000065,-0.6910868785536657
original:pressure-zone06-left-front-leg-20260920-174028.csv:4,release,-0.025,-565211.4230769217,-0.900955010667018
original:pressure-zone06-left-front-leg-20260920-174028.csv:4,release,0.000,-627347.0,-1.0
original:pressure-zone06-left-front-leg-20260920-174028.csv:4,release,0.025,-574271.0,-0.9153961045482006
original:pressure-zone06-left-front-leg-20260920-174028.csv:4,release,0.050,-446528.0,-0.711771953958495
original:pressure-zone06-left-front-leg-20260920-174028.csv:4,release,0.075,-329004.0,-0.5244370340497364
original:pressure-zone06-left-front-leg-20260920-174028.csv:4,release,0.100,-242084.00000000617,-0.38588532343345255
original:pressure-zone06-left-front-leg-20260920-174028.csv:4,release,0.125,-176414.0,-0.28120641367536625
original:pressure-zone06-left-front-leg-20260920-174028.csv:4,release,0.150,-128724.57692307915,-0.2051887981022929
original:pressure-zone06-left-front-leg-20260920-174028.csv:4,release,0.175,-93303.3999999993,-0.1487269405926852
original:pressure-zone06-left-front-leg-20260920-174028.csv:4,release,0.200,-66993.0799999994,-0.10678791801028682
original:pressure-zone06-left-front-leg-20260920-174028.csv:4,release,0.225,-47707.31999999957,-0.07604614352184608
original:pressure-zone06-left-front-leg-20260920-174028.csv:4,release,0.250,-34213.56000000064,-0.05453689903673826
original:pressure-zone06-left-front-leg-20260920-174028.csv:4,release,0.275,-25536.846153846385,-0.040706094320760895
original:pressure-zone06-left-front-leg-20260920-174028.csv:4,release,0.300,-19838.48000000014,-0.031622817993869644
original:pressure-zone06-left-front-leg-20260920-174028.csv:4,release,0.325,-16641.99999999988,-0.026527583617997504
original:pressure-zone06-left-front-leg-20260920-174028.csv:4,release,0.350,-14826.039999999923,-0.0236329176675746
original:pressure-zone06-left-front-leg-20260920-174028.csv:4,release,0.375,-12918.92000000005,-0.020592941386505473
original:pressure-zone06-left-front-leg-20260920-174028.csv:4,release,0.400,-10797.120000000055,-0.017210762145989468
original:pressure-zone06-left-front-leg-20260920-174028.csv:4,release,0.425,-9065.53846153847,-0.014450596657891836
original:pressure-zone06-left-front-leg-20260920-174028.csv:4,release,0.450,-8237.200000000003,-0.013130213422555622
original:pressure-zone06-left-front-leg-20260920-174028.csv:4,release,0.475,-7550.960000000002,-0.01203633714674654
original:pressure-zone06-left-front-leg-20260920-174028.csv:4,release,0.500,-6325.000000000015,-0.010082139549563503
original:pressure-zone06-left-front-leg-20260920-174028.csv:4,release,0.525,-5044.360000000004,-0.008040781258219143
original:pressure-zone06-left-front-leg-20260920-174028.csv:4,release,0.550,-5728.7599999999975,-0.009131724547977432
original:pressure-zone06-left-front-leg-20260920-174028.csv:4,release,0.575,-6526.69230769232,-0.010403639943591537
original:pressure-zone06-left-front-leg-20260920-174028.csv:4,release,0.600,-6918.960000000006,-0.011028920198869217
original:pressure-zone06-left-front-leg-20260920-174028.csv:4,release,0.625,-6862.480000000007,-0.01093889027922347
original:pressure-zone06-left-front-leg-20260920-174028.csv:4,release,0.650,-4817.599999999979,-0.007679322607743369
original:pressure-zone06-left-front-leg-20260920-174028.csv:4,release,0.675,-4287.519999999997,-0.006834367582852866
original:pressure-zone06-left-front-leg-20260920-174028.csv:4,release,0.700,-4506.346153846165,-0.00718317957023173
original:pressure-zone06-left-front-leg-20260920-174028.csv:4,release,0.725,-4895.400000000018,-0.007803336909238456
original:pressure-zone06-left-front-leg-20260920-174028.csv:4,release,0.750,-4551.599999999978,-0.007255314841706388
original:pressure-zone06-left-front-leg-20260920-174028.csv:4,release,0.775,-3745.0000000000246,-0.0059695830218364394
original:pressure-zone06-left-front-leg-20260920-174028.csv:4,release,0.800,-3691.599999999996,-0.005884462665797391
original:pressure-zone06-left-front-leg-20260920-174028.csv:5,press,-0.400,7152.000000000325,0.03613453444957143
original:pressure-zone06-left-front-leg-20260920-174028.csv:5,press,-0.375,10307.000000000266,0.05207475483385423
original:pressure-zone06-left-front-leg-20260920-174028.csv:5,press,-0.350,13186.559999999907,0.06662335103346136
original:pressure-zone06-left-front-leg-20260920-174028.csv:5,press,-0.325,15536.760000000233,0.07849742581861106
original:pressure-zone06-left-front-leg-20260920-174028.csv:5,press,-0.300,17989.00000000041,0.09088704421327262
original:pressure-zone06-left-front-leg-20260920-174028.csv:5,press,-0.275,22628.076923077508,0.11432536704480696
original:pressure-zone06-left-front-leg-20260920-174028.csv:5,press,-0.250,28608.200000000343,0.14453914827183934
original:pressure-zone06-left-front-leg-20260920-174028.csv:5,press,-0.225,35353.60000000038,0.17861938997711468
original:pressure-zone06-left-front-leg-20260920-174028.csv:5,press,-0.200,44008.96000000086,0.22234945207071727
original:pressure-zone06-left-front-leg-20260920-174028.csv:5,press,-0.175,61148.320000001266,0.30894380251305414
original:pressure-zone06-left-front-leg-20260920-174028.csv:5,press,-0.150,85957.96000000511,0.43429122858430186
original:pressure-zone06-left-front-leg-20260920-174028.csv:5,press,-0.125,113048.0384615396,0.5711602684906031
original:pressure-zone06-left-front-leg-20260920-174028.csv:5,press,-0.100,136324.0,0.6887589868992103
original:pressure-zone06-left-front-leg-20260920-174028.csv:5,press,-0.075,159166.00000000236,0.8041651720078734
original:pressure-zone06-left-front-leg-20260920-174028.csv:5,press,-0.050,175770.0,0.8880546868289824
original:pressure-zone06-left-front-leg-20260920-174028.csv:5,press,-0.025,189473.0000000012,0.9572872826850364
original:pressure-zone06-left-front-leg-20260920-174028.csv:5,press,0.000,197927.0,1.0
original:pressure-zone06-left-front-leg-20260920-174028.csv:5,press,0.025,193084.69230769255,0.9755348805756291
original:pressure-zone06-left-front-leg-20260920-174028.csv:5,press,0.050,184861.55999999924,0.9339885917535214
original:pressure-zone06-left-front-leg-20260920-174028.csv:5,press,0.075,171779.15999999878,0.8678914953492893
original:pressure-zone06-left-front-leg-20260920-174028.csv:5,press,0.100,167500.15999999963,0.8462724135666161
original:pressure-zone06-left-front-leg-20260920-174028.csv:5,press,0.125,159736.95999999926,0.8070498719224728
original:pressure-zone06-left-front-leg-20260920-174028.csv:5,press,0.150,139632.479999998,0.7054746446922249
original:pressure-zone06-left-front-leg-20260920-174028.csv:5,press,0.175,127696.92307692257,0.645171821312517
original:pressure-zone06-left-front-leg-20260920-174028.csv:5,press,0.200,116844.19999999958,0.5903398727813769
original:pressure-zone06-left-front-leg-20260920-174028.csv:5,press,0.225,103904.15999999762,0.5249620314560298
original:pressure-zone06-left-front-leg-20260920-174028.csv:5,press,0.250,91536.15999999936,0.46247434660253206
original:pressure-zone06-left-front-leg-20260920-174028.csv:5,press,0.275,67586.95999999545,0.34147417987437517
original:pressure-zone06-left-front-leg-20260920-174028.csv:5,press,0.300,30765.239999998063,0.15543730769424113
original:pressure-zone06-left-front-leg-20260920-174028.csv:5,press,0.325,11885.576923077017,0.06005030603746339
original:pressure-zone06-left-front-leg-20260920-174028.csv:5,press,0.350,4.239999998540952,2.1422039431411338e-05
original:pressure-zone06-left-front-leg-20260920-174028.csv:5,press,0.375,-24050.32000000015,-0.1215110621592817
original:pressure-zone06-left-front-leg-20260920-174028.csv:5,press,0.400,-76072.48000000726,-0.38434614782221355
original:pressure-zone06-left-front-leg-20260920-174028.csv:5,press,0.425,-169289.36000001285,-0.855312110020426
original:pressure-zone06-left-front-leg-20260920-174028.csv:5,press,0.450,-263673.92307693127,-1.33217763658789
original:pressure-zone06-left-front-leg-20260920-174028.csv:5,press,0.475,-344763.40000000806,-1.7418714980776147
original:pressure-zone06-left-front-leg-20260920-174028.csv:5,press,0.500,-423239.44000000623,-2.1383613150303202
original:pressure-zone06-left-front-leg-20260920-174028.csv:5,press,0.525,-476166.2800000049,-2.4057671767874265
original:pressure-zone06-left-front-leg-20260920-174028.csv:5,press,0.550,-467088.0799999984,-2.359900771496554
original:pressure-zone06-left-front-leg-20260920-174028.csv:5,press,0.575,-398511.7599999938,-2.013427981023275
original:pressure-zone06-left-front-leg-20260920-174028.csv:5,press,0.600,-314133.80769229226,-1.587119532414942
original:pressure-zone06-left-front-leg-20260920-174028.csv:5,press,0.625,-234827.39999999557,-1.1864343924780125
original:pressure-zone06-left-front-leg-20260920-174028.csv:5,press,0.650,-168883.59999998927,-0.8532620612649576
original:pressure-zone06-left-front-leg-20260920-174028.csv:5,press,0.675,-118867.19999999733,-0.6005608128249169
original:pressure-zone06-left-front-leg-20260920-174028.csv:5,press,0.700,-83450.59999999907,-0.4216231236769065
original:pressure-zone06-left-front-leg-20260920-174028.csv:5,press,0.725,-59418.199999996265,-0.300202599948447
original:pressure-zone06-left-front-leg-20260920-174028.csv:5,press,0.750,-43089.76923076727,-0.21770536223338538
original:pressure-zone06-left-front-leg-20260920-174028.csv:5,press,0.775,-31287.11999999834,-0.15807403739761802
original:pressure-zone06-left-front-leg-20260920-174028.csv:5,press,0.800,-22697.119999999057,-0.11467419806291743
original:pressure-zone06-left-front-leg-20260920-174028.csv:5,release,-0.400,156946.55999999717,0.3243655873532824
original:pressure-zone06-left-front-leg-20260920-174028.csv:5,release,-0.375,137419.11538461532,0.28400770348391224
original:pressure-zone06-left-front-leg-20260920-174028.csv:5,release,-0.350,125907.80000000042,0.26021696492972185
original:pressure-zone06-left-front-leg-20260920-174028.csv:5,release,-0.325,114930.83999999866,0.2375305927164403
original:pressure-zone06-left-front-leg-20260920-174028.csv:5,release,-0.300,101869.83999999888,0.2105370801703786
original:pressure-zone06-left-front-leg-20260920-174028.csv:5,release,-0.275,88555.03999999745,0.18301903248273238
original:pressure-zone06-left-front-leg-20260920-174028.csv:5,release,-0.250,62561.75999999656,0.1292980364033104
original:pressure-zone06-left-front-leg-20260920-174028.csv:5,release,-0.225,26358.61538461614,0.05447604433668654
original:pressure-zone06-left-front-leg-20260920-174028.csv:5,release,-0.200,9371.919999999429,0.019369193790726245
original:pressure-zone06-left-front-leg-20260920-174028.csv:5,release,-0.175,-2366.5600000011736,-0.004891031854455291
original:pressure-zone06-left-front-leg-20260920-174028.csv:5,release,-0.150,-29371.840000002845,-0.06070355497595952
original:pressure-zone06-left-front-leg-20260920-174028.csv:5,release,-0.125,-86677.88000000503,-0.17913945649232113
original:pressure-zone06-left-front-leg-20260920-174028.csv:5,release,-0.100,-184844.76923077385,-0.38202355082343303
original:pressure-zone06-left-front-leg-20260920-174028.csv:5,release,-0.075,-278689.0000000112,-0.575973893113071
original:pressure-zone06-left-front-leg-20260920-174028.csv:5,release,-0.050,-357349.0,-0.7385425859293139
original:pressure-zone06-left-front-leg-20260920-174028.csv:5,release,-0.025,-435790.0000000068,-0.9006586656801634
original:pressure-zone06-left-front-leg-20260920-174028.csv:5,release,0.000,-483857.0,-1.0
original:pressure-zone06-left-front-leg-20260920-174028.csv:5,release,0.025,-463893.99999998894,-0.958741942350713
original:pressure-zone06-left-front-leg-20260920-174028.csv:5,release,0.050,-386057.99999998783,-0.797876232027206
original:pressure-zone06-left-front-leg-20260920-174028.csv:5,release,0.075,-300433.9615384536,-0.6209147775860504
original:pressure-zone06-left-front-leg-20260920-174028.csv:5,release,0.100,-222391.0799999925,-0.45962149974061034
original:pressure-zone06-left-front-leg-20260920-174028.csv:5,release,0.125,-158803.91999999428,-0.32820424216244526
original:pressure-zone06-left-front-leg-20260920-174028.csv:5,release,0.150,-111383.83999999549,-0.23019991443752078
original:pressure-zone06-left-front-leg-20260920-174028.csv:5,release,0.175,-78238.11999999704,-0.16169678231377668
original:pressure-zone06-left-front-leg-20260920-174028.csv:5,release,0.200,-55914.839999998,-0.11556067185138998
original:pressure-zone06-left-front-leg-20260920-174028.csv:5,release,0.225,-40699.9230769203,-0.08411560249602734
original:pressure-zone06-left-front-leg-20260920-174028.csv:5,release,0.250,-29557.039999999448,-0.06108631269155856
original:pressure-zone06-left-front-leg-20260920-174028.csv:5,release,0.275,-21435.039999998568,-0.04430036147043149
original:pressure-zone06-left-front-leg-20260920-174028.csv:5,release,0.300,-17036.59999999979,-0.03520998972836973
original:pressure-zone06-left-front-leg-20260920-174028.csv:5,release,0.325,-14184.519999999891,-0.029315520908036654
original:pressure-zone06-left-front-leg-20260920-174028.csv:5,release,0.350,-11476.576923076555,-0.023718943661198567
original:pressure-zone06-left-front-leg-20260920-174028.csv:5,release,0.375,-9451.83999999999,-0.019534366558714638
original:pressure-zone06-left-front-leg-20260920-174028.csv:5,release,0.400,-8295.999999999864,-0.017145561601877957
original:pressure-zone06-left-front-leg-20260920-174028.csv:5,release,0.425,-6733.839999999786,-0.01391700440419336
original:pressure-zone06-left-front-leg-20260920-174028.csv:5,release,0.450,-5970.399999999996,-0.012339182857745152
original:pressure-zone06-left-front-leg-20260920-174028.csv:5,release,0.475,-5961.64000000001,-0.012321078335127963
original:pressure-zone06-left-front-leg-20260920-174028.csv:5,release,0.500,-6004.000000000004,-0.012408624862304367
original:pressure-zone06-left-front-leg-20260920-174028.csv:5,release,0.525,-5530.3599999999415,-0.011429740605178682
original:pressure-zone06-left-front-leg-20260920-174028.csv:5,release,0.550,-4943.399999999953,-0.01021665492077195
original:pressure-zone06-left-front-leg-20260920-174028.csv:5,release,0.575,-4518.039999999969,-0.00933755221067375
original:pressure-zone06-left-front-leg-20260920-174028.csv:5,release,0.600,-3446.999999999877,-0.00712400564629607
original:pressure-zone06-left-front-leg-20260920-174028.csv:5,release,0.625,-2904.7199999999666,-0.006003261294142622
original:pressure-zone06-left-front-leg-20260920-174028.csv:5,release,0.650,-3034.269230769273,-0.006271004099908181
original:pressure-zone06-left-front-leg-20260920-174028.csv:5,release,0.675,-4106.600000000073,-0.008487218331035974
original:pressure-zone06-left-front-leg-20260920-174028.csv:5,release,0.700,-4318.999999999998,-0.008926191002713607
original:pressure-zone06-left-front-leg-20260920-174028.csv:5,release,0.725,-3459.999999999819,-0.007150873088536115
original:pressure-zone06-left-front-leg-20260920-174028.csv:5,release,0.750,-2426.3999999999414,-0.005014704757810555
original:pressure-zone06-left-front-leg-20260920-174028.csv:5,release,0.775,-2339.400000000025,-0.004834899567434232
original:pressure-zone06-left-front-leg-20260920-174028.csv:5,release,0.800,-2975.9230769231763,-0.006150418567723886
original:pressure-zone06-left-front-leg-20260920-174028.csv:6,press,-0.400,7548.300000000234,0.04668421068907334
original:pressure-zone06-left-front-leg-20260920-174028.csv:6,press,-0.375,9372.74000000003,0.0579678826880083
original:pressure-zone06-left-front-leg-20260920-174028.csv:6,press,-0.350,12245.38461538464,0.07573441905506353
original:pressure-zone06-left-front-leg-20260920-174028.csv:6,press,-0.325,17213.020000000757,0.10645791135424447
original:pressure-zone06-left-front-leg-20260920-174028.csv:6,press,-0.300,25829.819999999534,0.1597505079210923
original:pressure-zone06-left-front-leg-20260920-174028.csv:6,press,-0.275,38125.50000000189,0.2357959904384164
original:pressure-zone06-left-front-leg-20260920-174028.csv:6,press,-0.250,56956.10000000203,0.35225820018122517
original:pressure-zone06-left-front-leg-20260920-174028.csv:6,press,-0.225,78854.37999999934,0.48769318782720683
original:pressure-zone06-left-front-leg-20260920-174028.csv:6,press,-0.200,95498.19230769381,0.590630702292951
original:pressure-zone06-left-front-leg-20260920-174028.csv:6,press,-0.175,110558.22000000042,0.6837729337584332
original:pressure-zone06-left-front-leg-20260920-174028.csv:6,press,-0.150,119534.49999999994,0.7392888176957542
original:pressure-zone06-left-front-leg-20260920-174028.csv:6,press,-0.125,118579.54000000004,0.7333826462611752
original:pressure-zone06-left-front-leg-20260920-174028.csv:6,press,-0.100,119754.02000000054,0.7406464900101154
original:pressure-zone06-left-front-leg-20260920-174028.csv:6,press,-0.075,131819.74000000078,0.8152697316135704
original:pressure-zone06-left-front-leg-20260920-174028.csv:6,press,-0.050,146855.15384615448,0.9082597330431941
original:pressure-zone06-left-front-leg-20260920-174028.csv:6,press,-0.025,159596.5000000003,0.9870615411733072
original:pressure-zone06-left-front-leg-20260920-174028.csv:6,press,0.000,161688.5,1.0
original:pressure-zone06-left-front-leg-20260920-174028.csv:6,press,0.025,146113.5,0.903672802951354
original:pressure-zone06-left-front-leg-20260920-174028.csv:6,press,0.050,146213.50000000108,0.9042912761266328
original:pressure-zone06-left-front-leg-20260920-174028.csv:6,press,0.075,153855.5,0.9515549961809281
original:pressure-zone06-left-front-leg-20260920-174028.csv:6,press,0.100,145629.53846153768,0.9006796306573299
original:pressure-zone06-left-front-leg-20260920-174028.csv:6,press,0.125,125260.49999999811,0.7747025917118293
original:pressure-zone06-left-front-leg-20260920-174028.csv:6,press,0.150,110596.69999999861,0.6840109222362667
original:pressure-zone06-left-front-leg-20260920-174028.csv:6,press,0.175,96030.41999999867,0.5939223878012269
original:pressure-zone06-left-front-leg-20260920-174028.csv:6,press,0.200,84203.97999999893,0.5207790288115662
original:pressure-zone06-left-front-leg-20260920-174028.csv:6,press,0.225,79173.57999999954,0.489667354202677
original:pressure-zone06-left-front-leg-20260920-174028.csv:6,press,0.250,68005.34615384566,0.4205948237125439
original:pressure-zone06-left-front-leg-20260920-174028.csv:6,press,0.275,40991.01999999484,0.2535184629704329
original:pressure-zone06-left-front-leg-20260920-174028.csv:6,press,0.300,15448.259999998707,0.09554334414629802
original:pressure-zone06-left-front-leg-20260920-174028.csv:6,press,0.325,793.819999999454,0.004909563759942445
original:pressure-zone06-left-front-leg-20260920-174028.csv:6,press,0.350,-16710.860000000914,-0.10335218645729853
original:pressure-zone06-left-front-leg-20260920-174028.csv:6,press,0.375,-33361.66000000066,-0.20633291792552136
original:pressure-zone06-left-front-leg-20260920-174028.csv:6,press,0.400,-38445.11538461594,-0.2377727258562974
original:pressure-zone06-left-front-leg-20260920-174028.csv:6,press,0.425,-59758.0600000031,-0.3695875711630889
original:pressure-zone06-left-front-leg-20260920-174028.csv:6,press,0.450,-121900.70000000038,-0.7539231299690478
original:pressure-zone06-left-front-leg-20260920-174028.csv:6,press,0.475,-233853.90000001545,-1.4463236408279838
original:pressure-zone06-left-front-leg-20260920-174028.csv:6,press,0.500,-375987.1000000008,-2.3253793559838876
original:pressure-zone06-left-front-leg-20260920-174028.csv:6,press,0.525,-490833.192307702,-3.035671629755375
original:pressure-zone06-left-front-leg-20260920-174028.csv:6,press,0.550,-539685.340000003,-3.337809058776617
original:pressure-zone06-left-front-leg-20260920-174028.csv:6,press,0.575,-500407.0199999957,-3.094883185878994
original:pressure-zone06-left-front-leg-20260920-174028.csv:6,press,0.600,-407349.4599999897,-2.519347139716119
original:pressure-zone06-left-front-leg-20260920-174028.csv:6,press,0.625,-308086.0199999921,-1.9054293904637132
original:pressure-zone06-left-front-leg-20260920-174028.csv:6,press,0.650,-225525.49999999188,-1.3948147208984676
original:pressure-zone06-left-front-leg-20260920-174028.csv:6,press,0.675,-164635.42307692088,-1.018225928726662
original:pressure-zone06-left-front-leg-20260920-174028.csv:6,press,0.700,-117957.09999999875,-0.729533021829003
original:pressure-zone06-left-front-leg-20260920-174028.csv:6,press,0.725,-84260.29999999823,-0.5211273529038752
original:pressure-zone06-left-front-leg-20260920-174028.csv:6,press,0.750,-61579.699999999415,-0.3808539259130947
original:pressure-zone06-left-front-leg-20260920-174028.csv:6,press,0.775,-46703.89999999771,-0.28885109330594144
original:pressure-zone06-left-front-leg-20260920-174028.csv:6,press,0.800,-36646.29999999948,-0.22664753522977502
original:pressure-zone06-left-front-leg-20260920-174028.csv:6,release,-0.400,108271.73999999983,0.19843890637671965
original:pressure-zone06-left-front-leg-20260920-174028.csv:6,release,-0.375,94042.05999999987,0.17235895109669294
original:pressure-zone06-left-front-leg-20260920-174028.csv:6,release,-0.350,83165.26000000002,0.15242410663147724
original:pressure-zone06-left-front-leg-20260920-174028.csv:6,release,-0.325,77611.23076923071,0.14224476078797088
original:pressure-zone06-left-front-leg-20260920-174028.csv:6,release,-0.300,64820.98000000113,0.11880297094576536
original:pressure-zone06-left-front-leg-20260920-174028.csv:6,release,-0.275,36697.7399999977,0.06725909634496273
original:pressure-zone06-left-front-leg-20260920-174028.csv:6,release,-0.250,12326.180000000546,0.022591247531467643
original:pressure-zone06-left-front-leg-20260920-174028.csv:6,release,-0.225,-1731.1399999990879,-0.0031728087900389705
original:pressure-zone06-left-front-leg-20260920-174028.csv:6,release,-0.200,-19461.33999999934,-0.03566846737870274
original:pressure-zone06-left-front-leg-20260920-174028.csv:6,release,-0.175,-35012.423076922896,-0.06417027143909955
original:pressure-zone06-left-front-leg-20260920-174028.csv:6,release,-0.150,-39881.98000000121,-0.07309512616439394
original:pressure-zone06-left-front-leg-20260920-174028.csv:6,release,-0.125,-65293.10000000306,-0.11966826577227281
original:pressure-zone06-left-front-leg-20260920-174028.csv:6,release,-0.100,-134708.69999998927,-0.24689219095793166
original:pressure-zone06-left-front-leg-20260920-174028.csv:6,release,-0.075,-253834.30000000662,-0.4652238976939094
original:pressure-zone06-left-front-leg-20260920-174028.csv:6,release,-0.050,-397864.57692306663,-0.729200542363591
original:pressure-zone06-left-front-leg-20260920-174028.csv:6,release,-0.025,-508541.5,-0.9320476341026451
original:pressure-zone06-left-front-leg-20260920-174028.csv:6,release,0.000,-545617.5,-1.0
original:pressure-zone06-left-front-leg-20260920-174028.csv:6,release,0.025,-491795.49999998574,-0.9013558032870752
original:pressure-zone06-left-front-leg-20260920-174028.csv:6,release,0.050,-391264.5,-0.7171040151754663
original:pressure-zone06-left-front-leg-20260920-174028.csv:6,release,0.075,-292242.5,-0.535617900818797
original:pressure-zone06-left-front-leg-20260920-174028.csv:6,release,0.100,-212817.5,-0.39004888956091033
original:pressure-zone06-left-front-leg-20260920-174028.csv:6,release,0.125,-155457.88461538745,-0.28492100164563533
original:pressure-zone06-left-front-leg-20260920-174028.csv:6,release,0.150,-110915.81999999599,-0.20328493862457855
original:pressure-zone06-left-front-leg-20260920-174028.csv:6,release,0.175,-79281.26000000142,-0.14530556662863897
original:pressure-zone06-left-front-leg-20260920-174028.csv:6,release,0.200,-58288.34000000105,-0.10683004119186253
original:pressure-zone06-left-front-leg-20260920-174028.csv:6,release,0.225,-44551.57999999878,-0.08165350268273797
original:pressure-zone06-left-front-leg-20260920-174028.csv:6,release,0.250,-35172.86000000042,-0.06446431795167938
original:pressure-zone06-left-front-leg-20260920-174028.csv:6,release,0.275,-28656.80769230741,-0.05252178988450226
original:pressure-zone06-left-front-leg-20260920-174028.csv:6,release,0.300,-23416.619999999795,-0.0429176483525543
original:pressure-zone06-left-front-leg-20260920-174028.csv:6,release,0.325,-18927.140000000403,-0.034689393210445785
original:pressure-zone06-left-front-leg-20260920-174028.csv:6,release,0.350,-16272.4999999999,-0.029824006744651518
original:pressure-zone06-left-front-leg-20260920-174028.csv:6,release,0.375,-14888.459999999948,-0.027287357901826733
original:pressure-zone06-left-front-leg-20260920-174028.csv:6,release,0.400,-13389.576923076716,-0.024540226299700277
original:pressure-zone06-left-front-leg-20260920-174028.csv:6,release,0.425,-12366.219999999994,-0.02266463227444133
original:pressure-zone06-left-front-leg-20260920-174028.csv:6,release,0.450,-11823.820000000005,-0.021670529262716107
original:pressure-zone06-left-front-leg-20260920-174028.csv:6,release,0.475,-10449.89999999999,-0.019152428212071627
original:pressure-zone06-left-front-leg-20260920-174028.csv:6,release,0.500,-9548.02000000001,-0.017499475365068035
original:pressure-zone06-left-front-leg-20260920-174028.csv:6,release,0.525,-9436.299999999997,-0.01729471653676797
original:pressure-zone06-left-front-leg-20260920-174028.csv:6,release,0.550,-8687.34615384608,-0.01592204457123549
original:pressure-zone06-left-front-leg-20260920-174028.csv:6,release,0.575,-7651.860000000042,-0.01402422026419615
original:pressure-zone06-left-front-leg-20260920-174028.csv:6,release,0.600,-8206.26000000007,-0.015040316705384393
original:pressure-zone06-left-front-leg-20260920-174028.csv:6,release,0.625,-8848.499999999976,-0.016217405050241197
original:pressure-zone06-left-front-leg-20260920-174028.csv:6,release,0.650,-9527.460000000056,-0.017461793289254936
original:pressure-zone06-left-front-leg-20260920-174028.csv:6,release,0.675,-10165.18000000005,-0.018630597442347522
original:pressure-zone06-left-front-leg-20260920-174028.csv:6,release,0.700,-9992.500000000025,-0.01831411199237566
original:pressure-zone06-left-front-leg-20260920-174028.csv:6,release,0.725,-9358.699999999979,-0.017152492359574206
original:pressure-zone06-left-front-leg-20260920-174028.csv:6,release,0.750,-8800.499999999985,-0.01612943133238942
original:pressure-zone06-left-front-leg-20260920-174028.csv:6,release,0.775,-8632.499999999996,-0.01582152331990817
original:pressure-zone06-left-front-leg-20260920-174028.csv:6,release,0.800,-8083.699999999981,-0.014815690479135989
original:pressure-zone06-left-front-leg-20260920-174028.csv:7,press,-0.400,3198.8600000000138,0.012544622811506789
original:pressure-zone06-left-front-leg-20260920-174028.csv:7,press,-0.375,4452.780000000016,0.017461985070500476
original:pressure-zone06-left-front-leg-20260920-174028.csv:7,press,-0.350,6035.019999999985,0.023666884315005715
original:pressure-zone06-left-front-leg-20260920-174028.csv:7,press,-0.325,8842.94000000005,0.03467840006902021
original:pressure-zone06-left-front-leg-20260920-174028.csv:7,press,-0.300,13129.076923076944,0.051486879032923503
original:pressure-zone06-left-front-leg-20260920-174028.csv:7,press,-0.275,16940.74000000043,0.06643466530195445
original:pressure-zone06-left-front-leg-20260920-174028.csv:7,press,-0.250,21978.779999999668,0.08619180112824062
original:pressure-zone06-left-front-leg-20260920-174028.csv:7,press,-0.225,30330.53999999965,0.1189439937881974
original:pressure-zone06-left-front-leg-20260920-174028.csv:7,press,-0.200,39164.34000000088,0.1535865505091241
original:pressure-zone06-left-front-leg-20260920-174028.csv:7,press,-0.175,49363.192307691585,0.19358228502399655
original:pressure-zone06-left-front-leg-20260920-174028.csv:7,press,-0.150,66329.8600000014,0.2601186281487985
original:pressure-zone06-left-front-leg-20260920-174028.csv:7,press,-0.125,93962.06000000155,0.3684808342009916
original:pressure-zone06-left-front-leg-20260920-174028.csv:7,press,-0.100,128035.41999999716,0.5021026398194388
original:pressure-zone06-left-front-leg-20260920-174028.csv:7,press,-0.075,159523.46000000165,0.6255858759953554
original:pressure-zone06-left-front-leg-20260920-174028.csv:7,press,-0.050,195816.85999999617,0.7679137720417814
original:pressure-zone06-left-front-leg-20260920-174028.csv:7,press,-0.025,237009.0769230778,0.9294528278522337
original:pressure-zone06-left-front-leg-20260920-174028.csv:7,press,0.000,254998.5,1.0
original:pressure-zone06-left-front-leg-20260920-174028.csv:7,press,0.025,245838.5,0.9640782200679612
original:pressure-zone06-left-front-leg-20260920-174028.csv:7,press,0.050,241914.5,0.94868989425428
original:pressure-zone06-left-front-leg-20260920-174028.csv:7,press,0.075,226910.5,0.889850332452936
original:pressure-zone06-left-front-leg-20260920-174028.csv:7,press,0.100,213189.5,0.8360421727970949
original:pressure-zone06-left-front-leg-20260920-174028.csv:7,press,0.125,192189.5,0.7536887471887089
original:pressure-zone06-left-front-leg-20260920-174028.csv:7,press,0.150,156093.3461538428,0.612134370021168
original:pressure-zone06-left-front-leg-20260920-174028.csv:7,press,0.175,122957.979999997,0.4821909932803409
original:pressure-zone06-left-front-leg-20260920-174028.csv:7,press,0.200,101811.58000000095,0.3992634466477291
original:pressure-zone06-left-front-leg-20260920-174028.csv:7,press,0.225,74460.69999999748,0.29200446277133973
original:pressure-zone06-left-front-leg-20260920-174028.csv:7,press,0.250,43560.940000001414,0.17082822055816568
original:pressure-zone06-left-front-leg-20260920-174028.csv:7,press,0.275,27666.576923076256,0.10849701830824987
original:pressure-zone06-left-front-leg-20260920-174028.csv:7,press,0.300,27743.620000000057,0.10879914979892061
original:pressure-zone06-left-front-leg-20260920-174028.csv:7,press,0.325,19622.499999999643,0.07695143304764399
original:pressure-zone06-left-front-leg-20260920-174028.csv:7,press,0.350,466.0199999989745,0.0018275401619969314
original:pressure-zone06-left-front-leg-20260920-174028.csv:7,press,0.375,-7187.420000000262,-0.02818612658505937
original:pressure-zone06-left-front-leg-20260920-174028.csv:7,press,0.400,-7681.299999999998,-0.030122922291699748
original:pressure-zone06-left-front-leg-20260920-174028.csv:7,press,0.425,-10649.038461538445,-0.041761180797292706
original:pressure-zone06-left-front-leg-20260920-174028.csv:7,press,0.450,-12866.019999999977,-0.050455277187904934
original:pressure-zone06-left-front-leg-20260920-174028.csv:7,press,0.475,-13097.9,-0.05136461587028943
original:pressure-zone06-left-front-leg-20260920-174028.csv:7,press,0.500,-14914.459999999977,-0.058488422480916465
original:pressure-zone06-left-front-leg-20260920-174028.csv:7,press,0.525,-20470.66000000079,-0.08027757026022031
original:pressure-zone06-left-front-leg-20260920-174028.csv:7,press,0.550,-29218.34000000005,-0.11458239950431101
original:pressure-zone06-left-front-leg-20260920-174028.csv:7,press,0.575,-42539.42307692232,-0.16682224827566564
original:pressure-zone06-left-front-leg-20260920-174028.csv:7,press,0.600,-61665.8200000016,-0.24182816761667852
original:pressure-zone06-left-front-leg-20260920-174028.csv:7,press,0.625,-100300.73999999832,-0.3933385490502819
original:pressure-zone06-left-front-leg-20260920-174028.csv:7,press,0.650,-153447.2600000044,-0.6017575005343342
original:pressure-zone06-left-front-leg-20260920-174028.csv:7,press,0.675,-188938.70000000251,-0.7409404369045407
original:pressure-zone06-left-front-leg-20260920-174028.csv:7,press,0.700,-238583.37999999788,-0.9356266017250999
original:pressure-zone06-left-front-leg-20260920-174028.csv:7,press,0.725,-325720.73076923436,-1.277343712881583
original:pressure-zone06-left-front-leg-20260920-174028.csv:7,press,0.750,-406811.3000000022,-1.595347815771474
original:pressure-zone06-left-front-leg-20260920-174028.csv:7,press,0.775,-418605.6999999997,-1.6416006368664904
original:pressure-zone06-left-front-leg-20260920-174028.csv:7,press,0.800,-361794.89999999804,-1.4188118753639651
original:pressure-zone06-left-front-leg-20260920-174028.csv:7,release,-0.400,-1926.620000000075,-0.00456109989879339
original:pressure-zone06-left-front-leg-20260920-174028.csv:7,release,-0.375,-7709.3,-0.018251075692023604
original:pressure-zone06-left-front-leg-20260920-174028.csv:7,release,-0.350,-8065.961538461097,-0.019095439867096185
original:pressure-zone06-left-front-leg-20260920-174028.csv:7,release,-0.325,-11202.819999999918,-0.026521670681399656
original:pressure-zone06-left-front-leg-20260920-174028.csv:7,release,-0.300,-13113.900000000001,-0.031045981025207003
original:pressure-zone06-left-front-leg-20260920-174028.csv:7,release,-0.275,-13260.859999999917,-0.03139389563271978
original:pressure-zone06-left-front-leg-20260920-174028.csv:7,release,-0.250,-15645.05999999976,-0.037038275104905295
original:pressure-zone06-left-front-leg-20260920-174028.csv:7,release,-0.225,-21923.939999999533,-0.051902959854639906
original:pressure-zone06-left-front-leg-20260920-174028.csv:7,release,-0.200,-31424.038461537853,-0.07439359014574452
original:pressure-zone06-left-front-leg-20260920-174028.csv:7,release,-0.175,-45567.41999999817,-0.10787677629748445
original:pressure-zone06-left-front-leg-20260920-174028.csv:7,release,-0.150,-66571.94000000192,-0.15760309183776594
original:pressure-zone06-left-front-leg-20260920-174028.csv:7,release,-0.125,-109256.05999999498,-0.2586539142168784
original:pressure-zone06-left-front-leg-20260920-174028.csv:7,release,-0.100,-163554.6999999971,-0.38720107006941745
original:pressure-zone06-left-front-leg-20260920-174028.csv:7,release,-0.075,-196137.7800000024,-0.4643385870112095
original:pressure-zone06-left-front-leg-20260920-174028.csv:7,release,-0.050,-250817.65384614514,-0.593788279771415
original:pressure-zone06-left-front-leg-20260920-174028.csv:7,release,-0.025,-344446.5,-0.8154461680506152
original:pressure-zone06-left-front-leg-20260920-174028.csv:7,release,0.000,-422402.5,-1.0
original:pressure-zone06-left-front-leg-20260920-174028.csv:7,release,0.025,-417656.5,-0.9887642710447974
original:pressure-zone06-left-front-leg-20260920-174028.csv:7,release,0.050,-347829.5,-0.8234551168612875
original:pressure-zone06-left-front-leg-20260920-174028.csv:7,release,0.075,-264411.5,-0.6259704902314736
original:pressure-zone06-left-front-leg-20260920-174028.csv:7,release,0.100,-192636.5,-0.4560496209184368
original:pressure-zone06-left-front-leg-20260920-174028.csv:7,release,0.125,-139916.30769231028,-0.33123929828140286
original:pressure-zone06-left-front-leg-20260920-174028.csv:7,release,0.150,-99028.29999999632,-0.2344406105550898
original:pressure-zone06-left-front-leg-20260920-174028.csv:7,release,0.175,-69505.30000000133,-0.16454755831227638
original:pressure-zone06-left-front-leg-20260920-174028.csv:7,release,0.200,-48690.340000001044,-0.11527000905534661
original:pressure-zone06-left-front-leg-20260920-174028.csv:7,release,0.225,-34506.38000000063,-0.08169075703860804
original:pressure-zone06-left-front-leg-20260920-174028.csv:7,release,0.250,-25480.2692307701,-0.060322250059528765
original:pressure-zone06-left-front-leg-20260920-174028.csv:7,release,0.275,-18850.619999999744,-0.0446271506442309
original:pressure-zone06-left-front-leg-20260920-174028.csv:7,release,0.300,-13550.579999999794,-0.032079781724776234
original:pressure-zone06-left-front-leg-20260920-174028.csv:7,release,0.325,-9997.30000000031,-0.023667710300010796
original:pressure-zone06-left-front-leg-20260920-174028.csv:7,release,0.350,-7697.7399999999125,-0.01822370842975577
original:pressure-zone06-left-front-leg-20260920-174028.csv:7,release,0.375,-6986.980000000053,-0.016541047934138773
original:pressure-zone06-left-front-leg-20260920-174028.csv:7,release,0.400,-7067.884615384614,-0.016732582348316153
original:pressure-zone06-left-front-leg-20260920-174028.csv:7,release,0.425,-6431.540000000008,-0.015226093595563492
original:pressure-zone06-left-front-leg-20260920-174028.csv:7,release,0.450,-6182.340000000002,-0.01463613496605726
original:pressure-zone06-left-front-leg-20260920-174028.csv:7,release,0.475,-6196.58,-0.014669846887743325
original:pressure-zone06-left-front-leg-20260920-174028.csv:7,release,0.500,-6405.659999999997,-0.015164825018791312
original:pressure-zone06-left-front-leg-20260920-174028.csv:7,release,0.525,-6351.66,-0.0150369848663301
original:pressure-zone06-left-front-leg-20260920-174028.csv:7,release,0.550,-5945.346153846178,-0.01407507331004475
original:pressure-zone06-left-front-leg-20260920-174028.csv:7,release,0.575,-5072.980000000173,-0.012009824752458077
original:pressure-zone06-left-front-leg-20260920-174028.csv:7,release,0.600,-4888.580000000008,-0.011573274305904931
original:pressure-zone06-left-front-leg-20260920-174028.csv:7,release,0.625,-4875.78,-0.011542971454951142
original:pressure-zone06-left-front-leg-20260920-174028.csv:7,release,0.650,-4260.459999999942,-0.010086256591757723
original:pressure-zone06-left-front-leg-20260920-174028.csv:7,release,0.675,-3469.819999999936,-0.008214487366907004
original:pressure-zone06-left-front-leg-20260920-174028.csv:7,release,0.700,-3245.3846153846243,-0.007683156741223417
original:pressure-zone06-left-front-leg-20260920-174028.csv:7,release,0.725,-3404.899999999974,-0.008060795094725941
original:pressure-zone06-left-front-leg-20260920-174028.csv:7,release,0.750,-3271.299999999962,-0.007744509087895934
original:pressure-zone06-left-front-leg-20260920-174028.csv:7,release,0.775,-3148.8999999999833,-0.007454738075650554
original:pressure-zone06-left-front-leg-20260920-174028.csv:7,release,0.800,-2814.3000000000225,-0.0066626026124372425
original:pressure-zone06-left-front-leg-20260920-174028.csv:8,press,-0.400,1631.460000000037,0.004971273167721849
original:pressure-zone06-left-front-leg-20260920-174028.csv:8,press,-0.375,1984.1000000000251,0.006045813622201477
original:pressure-zone06-left-front-leg-20260920-174028.csv:8,press,-0.350,2201.659999999992,0.006708747552772485
original:pressure-zone06-left-front-leg-20260920-174028.csv:8,press,-0.325,1982.4600000002933,0.006040816326531506
original:pressure-zone06-left-front-leg-20260920-174028.csv:8,press,-0.300,417.219999999896,0.0012713242071741542
original:pressure-zone06-left-front-leg-20260920-174028.csv:8,press,-0.275,-392.49999999986335,-0.0011959991163314468
original:pressure-zone06-left-front-leg-20260920-174028.csv:8,press,-0.250,1305.899999999549,0.003979249034438829
original:pressure-zone06-left-front-leg-20260920-174028.csv:8,press,-0.225,6599.57999999879,0.02010978814817832
original:pressure-zone06-left-front-leg-20260920-174028.csv:8,press,-0.200,20760.49999999684,0.06325997364230283
original:pressure-zone06-left-front-leg-20260920-174028.csv:8,press,-0.175,56593.54000001183,0.17244795880281807
original:pressure-zone06-left-front-leg-20260920-174028.csv:8,press,-0.150,117924.54000001162,0.35933158123275244
original:pressure-zone06-left-front-leg-20260920-174028.csv:8,press,-0.125,181554.0769230718,0.5532191479399771
original:pressure-zone06-left-front-leg-20260920-174028.csv:8,press,-0.100,239868.5,0.7309108637856039
original:pressure-zone06-left-front-leg-20260920-174028.csv:8,press,-0.075,285822.5,0.870938745038889
original:pressure-zone06-left-front-leg-20260920-174028.csv:8,press,-0.050,306718.50000000274,0.9346116050003511
original:pressure-zone06-left-front-leg-20260920-174028.csv:8,press,-0.025,316287.5,0.9637696063867877
original:pressure-zone06-left-front-leg-20260920-174028.csv:8,press,0.000,328177.5,1.0
original:pressure-zone06-left-front-leg-20260920-174028.csv:8,press,0.025,319741.5,0.974294398610508
original:pressure-zone06-left-front-leg-20260920-174028.csv:8,press,0.050,293857.84615385096,0.8954235014705486
original:pressure-zone06-left-front-leg-20260920-174028.csv:8,press,0.075,255157.85999999644,0.7774995543570064
original:pressure-zone06-left-front-leg-20260920-174028.csv:8,press,0.100,220446.41999999687,0.671729231894316
original:pressure-zone06-left-front-leg-20260920-174028.csv:8,press,0.125,192218.13999999745,0.5857139505298122
original:pressure-zone06-left-front-leg-20260920-174028.csv:8,press,0.150,165869.7399999976,0.505426910741893
original:pressure-zone06-left-front-leg-20260920-174028.csv:8,press,0.175,139283.46000000485,0.42441501931121073
original:pressure-zone06-left-front-leg-20260920-174028.csv:8,press,0.200,108024.73076922527,0.3291655606165117
original:pressure-zone06-left-front-leg-20260920-174028.csv:8,press,0.225,73146.5799999936,0.22288724851640834
original:pressure-zone06-left-front-leg-20260920-174028.csv:8,press,0.250,44831.93999999495,0.1366088168749989
original:pressure-zone06-left-front-leg-20260920-174028.csv:8,press,0.275,33046.50000000083,0.10069703133213224
original:pressure-zone06-left-front-leg-20260920-174028.csv:8,press,0.300,20585.700000001292,0.06272733505496657
original:pressure-zone06-left-front-leg-20260920-174028.csv:8,press,0.325,-13303.115384624762,-0.04053634202413255
original:pressure-zone06-left-front-leg-20260920-174028.csv:8,press,0.350,-80984.06000000163,-0.24676908075660772
original:pressure-zone06-left-front-leg-20260920-174028.csv:8,press,0.375,-187794.25999999873,-0.5722338064004958
original:pressure-zone06-left-front-leg-20260920-174028.csv:8,press,0.400,-339773.4599999982,-1.0353344150650128
original:pressure-zone06-left-front-leg-20260920-174028.csv:8,press,0.425,-558958.7399999974,-1.70322078753113
original:pressure-zone06-left-front-leg-20260920-174028.csv:8,press,0.450,-752535.9400000515,-2.2930759726064447
original:pressure-zone06-left-front-leg-20260920-174028.csv:8,press,0.475,-796653.4230769258,-2.4275077452809097
original:pressure-zone06-left-front-leg-20260920-174028.csv:8,press,0.500,-702033.9399999906,-2.139189737261057
original:pressure-zone06-left-front-leg-20260920-174028.csv:8,press,0.525,-544251.8599999868,-1.6584069901196359
original:pressure-zone06-left-front-leg-20260920-174028.csv:8,press,0.550,-399696.2199999824,-1.2179269450220762
original:pressure-zone06-left-front-leg-20260920-174028.csv:8,press,0.575,-286766.05999999144,-0.8738138964432096
original:pressure-zone06-left-front-leg-20260920-174028.csv:8,press,0.600,-202791.4199999937,-0.6179321251456718
original:pressure-zone06-left-front-leg-20260920-174028.csv:8,press,0.625,-143446.9999999915,-0.4371018732240678
original:pressure-zone06-left-front-leg-20260920-174028.csv:8,press,0.650,-102386.90000000213,-0.311986348850857
original:pressure-zone06-left-front-leg-20260920-174028.csv:8,press,0.675,-73811.89999999551,-0.22491456605037063
original:pressure-zone06-left-front-leg-20260920-174028.csv:8,press,0.700,-53320.499999996755,-0.16247457549648212
original:pressure-zone06-left-front-leg-20260920-174028.csv:8,press,0.725,-39860.299999997944,-0.1214595759916446
original:pressure-zone06-left-front-leg-20260920-174028.csv:8,press,0.750,-30552.89999999853,-0.09309870420732236
original:pressure-zone06-left-front-leg-20260920-174028.csv:8,press,0.775,-23187.192307692152,-0.07065442422985169
original:pressure-zone06-left-front-leg-20260920-174028.csv:8,press,0.800,-17862.45999999875,-0.05442926465098537
original:pressure-zone06-left-front-leg-20260920-174028.csv:8,release,-0.400,249445.7399999996,0.31159198178757747
original:pressure-zone06-left-front-leg-20260920-174028.csv:8,release,-0.375,215709.5799999997,0.26945088548221346
original:pressure-zone06-left-front-leg-20260920-174028.csv:8,release,-0.350,187945.7799999997,0.2347700869087283
original:pressure-zone06-left-front-leg-20260920-174028.csv:8,release,-0.325,161626.6200000006,0.2018938420653244
original:pressure-zone06-left-front-leg-20260920-174028.csv:8,release,-0.300,134445.15384615315,0.16794045842858918
original:pressure-zone06-left-front-leg-20260920-174028.csv:8,release,-0.275,102694.4199999964,0.12827943201725858
original:pressure-zone06-left-front-leg-20260920-174028.csv:8,release,-0.250,68115.05999999716,0.08508506312827349
original:pressure-zone06-left-front-leg-20260920-174028.csv:8,release,-0.225,41782.49999999917,0.05219207984485611
original:pressure-zone06-left-front-leg-20260920-174028.csv:8,release,-0.200,31203.3000000023,0.03897720636685576
original:pressure-zone06-left-front-leg-20260920-174028.csv:8,release,-0.175,16715.576923073015,0.020880050868710066
original:pressure-zone06-left-front-leg-20260920-174028.csv:8,release,-0.150,-20472.980000013104,-0.0255735632578914
original:pressure-zone06-left-front-leg-20260920-174028.csv:8,release,-0.125,-94090.57999998986,-0.11753205442490013
original:pressure-zone06-left-front-leg-20260920-174028.csv:8,release,-0.100,-207480.17999998567,-0.2591712348659028
original:pressure-zone06-left-front-leg-20260920-174028.csv:8,release,-0.075,-367776.4199999793,-0.45940324963069795
original:pressure-zone06-left-front-leg-20260920-174028.csv:8,release,-0.050,-593828.0200000366,-0.7417727382027245
original:pressure-zone06-left-front-leg-20260920-174028.csv:8,release,-0.025,-776183.2692307738,-0.9695594845194709
original:pressure-zone06-left-front-leg-20260920-174028.csv:8,release,0.000,-800552.5,-1.0
original:pressure-zone06-left-front-leg-20260920-174028.csv:8,release,0.025,-683268.5,-0.8534961792012391
original:pressure-zone06-left-front-leg-20260920-174028.csv:8,release,0.050,-517772.5,-0.6467689501937725
original:pressure-zone06-left-front-leg-20260920-174028.csv:8,release,0.075,-377205.5,-0.47118146530052685
original:pressure-zone06-left-front-leg-20260920-174028.csv:8,release,0.100,-269539.5,-0.3366918471930323
original:pressure-zone06-left-front-leg-20260920-174028.csv:8,release,0.125,-190077.5,-0.23743289790488445
original:pressure-zone06-left-front-leg-20260920-174028.csv:8,release,0.150,-134564.99999999514,-0.16809016273135757
original:pressure-zone06-left-front-leg-20260920-174028.csv:8,release,0.175,-96395.38000000681,-0.12041106610747804
original:pressure-zone06-left-front-leg-20260920-174028.csv:8,release,0.200,-69594.77999999761,-0.08693343659534836
original:pressure-zone06-left-front-leg-20260920-174028.csv:8,release,0.225,-50276.49999999827,-0.06280225219457596
original:pressure-zone06-left-front-leg-20260920-174028.csv:8,release,0.250,-37929.2599999989,-0.047378853978969404
original:pressure-zone06-left-front-leg-20260920-174028.csv:8,release,0.275,-29174.179999999214,-0.036442556859168154
original:pressure-zone06-left-front-leg-20260920-174028.csv:8,release,0.300,-22058.730769231384,-0.02755438371528586
original:pressure-zone06-left-front-leg-20260920-174028.csv:8,release,0.325,-17097.81999999913,-0.02135752495932388
original:pressure-zone06-left-front-leg-20260920-174028.csv:8,release,0.350,-15514.899999999763,-0.01938024052138962
original:pressure-zone06-left-front-leg-20260920-174028.csv:8,release,0.375,-15663.499999999978,-0.01956586232633085
original:pressure-zone06-left-front-leg-20260920-174028.csv:8,release,0.400,-16404.01999999992,-0.020490873490495526
original:pressure-zone06-left-front-leg-20260920-174028.csv:8,release,0.425,-16197.86000000003,-0.020233351341729655
original:pressure-zone06-left-front-leg-20260920-174028.csv:8,release,0.450,-14334.499999999978,-0.01790575883530434
original:pressure-zone06-left-front-leg-20260920-174028.csv:8,release,0.475,-11395.540000000035,-0.014234594233357632
original:pressure-zone06-left-front-leg-20260920-174028.csv:8,release,0.500,-9519.180000000018,-0.011890762941843313
original:pressure-zone06-left-front-leg-20260920-174028.csv:8,release,0.525,-7838.620000000019,-0.009791512736516367
original:pressure-zone06-left-front-leg-20260920-174028.csv:8,release,0.550,-5934.699999999472,-0.007413255220612605
original:pressure-zone06-left-front-leg-20260920-174028.csv:8,release,0.575,-5656.739999999999,-0.007066045012663128
original:pressure-zone06-left-front-leg-20260920-174028.csv:8,release,0.600,-7416.423076923209,-0.009264130805816244
original:pressure-zone06-left-front-leg-20260920-174028.csv:8,release,0.625,-6913.459999999922,-0.008635860858594436
original:pressure-zone06-left-front-leg-20260920-174028.csv:8,release,0.650,-5651.059999999896,-0.0070589499127164
original:pressure-zone06-left-front-leg-20260920-174028.csv:8,release,0.675,-4389.659999999843,-0.005483288104152874
original:pressure-zone06-left-front-leg-20260920-174028.csv:8,release,0.700,-2318.819999999823,-0.0028965245877063937
original:pressure-zone06-left-front-leg-20260920-174028.csv:8,release,0.725,1869.1923076930057,0.0023348778595944746
original:pressure-zone06-left-front-leg-20260920-174028.csv:8,release,0.750,4791.099999999857,0.005984741787702689
original:pressure-zone06-left-front-leg-20260920-174028.csv:8,release,0.775,6132.699999999881,0.00766058440889246
original:pressure-zone06-left-front-leg-20260920-174028.csv:8,release,0.800,7282.5000000002,0.009096842493153416
original:pressure-zone07-neck-head-20260920-174226.csv:1,press,-0.400,8581.140000000007,0.029845315377512234
original:pressure-zone07-neck-head-20260920-174226.csv:1,press,-0.375,10294.115384615394,0.03580306581483892
original:pressure-zone07-neck-head-20260920-174226.csv:1,press,-0.350,12360.820000000012,0.0429910910700281
original:pressure-zone07-neck-head-20260920-174226.csv:1,press,-0.325,14969.900000000009,0.052065504894433644
original:pressure-zone07-neck-head-20260920-174226.csv:1,press,-0.300,16828.420000000013,0.058529461377536604
original:pressure-zone07-neck-head-20260920-174226.csv:1,press,-0.275,19416.340000000033,0.06753028044956806
original:pressure-zone07-neck-head-20260920-174226.csv:1,press,-0.250,23673.11538461546,0.08233540003100809
original:pressure-zone07-neck-head-20260920-174226.csv:1,press,-0.225,32204.380000000107,0.11200724817882587
original:pressure-zone07-neck-head-20260920-174226.csv:1,press,-0.200,44266.0200000001,0.15395778735777135
original:pressure-zone07-neck-head-20260920-174226.csv:1,press,-0.175,55592.70000000013,0.1933521261962195
original:pressure-zone07-neck-head-20260920-174226.csv:1,press,-0.150,69931.34000000029,0.24322210068499564
original:pressure-zone07-neck-head-20260920-174226.csv:1,press,-0.125,91541.66000000044,0.3183830718157503
original:pressure-zone07-neck-head-20260920-174226.csv:1,press,-0.100,124714.23076923173,0.43375769995263547
original:pressure-zone07-neck-head-20260920-174226.csv:1,press,-0.075,167932.5000000009,0.5840713966482421
original:pressure-zone07-neck-head-20260920-174226.csv:1,press,-0.050,219242.5000000004,0.762528237117007
original:pressure-zone07-neck-head-20260920-174226.csv:1,press,-0.025,266712.50000000035,0.9276295081568109
original:pressure-zone07-neck-head-20260920-174226.csv:1,press,0.000,287520.49999999977,0.9999999999999992
original:pressure-zone07-neck-head-20260920-174226.csv:1,press,0.025,273224.49999999936,0.9502783279800896
original:pressure-zone07-neck-head-20260920-174226.csv:1,press,0.050,238011.03846153797,0.8278054554772198
original:pressure-zone07-neck-head-20260920-174226.csv:1,press,0.075,197328.8999999991,0.68631245424239
original:pressure-zone07-neck-head-20260920-174226.csv:1,press,0.100,160905.9399999992,0.559632930521473
original:pressure-zone07-neck-head-20260920-174226.csv:1,press,0.125,132252.01999999938,0.4599742279246154
original:pressure-zone07-neck-head-20260920-174226.csv:1,press,0.150,104684.8999999994,0.3640954297171833
original:pressure-zone07-neck-head-20260920-174226.csv:1,press,0.175,83906.37999999954,0.29182746969346374
original:pressure-zone07-neck-head-20260920-174226.csv:1,press,0.200,74233.26923076899,0.2581842659245827
original:pressure-zone07-neck-head-20260920-174226.csv:1,press,0.225,61389.21999999965,0.21351249736975156
original:pressure-zone07-neck-head-20260920-174226.csv:1,press,0.250,40189.419999999605,0.13977932008326224
original:pressure-zone07-neck-head-20260920-174226.csv:1,press,0.275,23002.65999999956,0.08000354757312804
original:pressure-zone07-neck-head-20260920-174226.csv:1,press,0.300,18545.37999999988,0.06450107035846098
original:pressure-zone07-neck-head-20260920-174226.csv:1,press,0.325,18511.860000000008,0.06438448736698778
original:pressure-zone07-neck-head-20260920-174226.csv:1,press,0.350,15625.653846153777,0.05434622521230235
original:pressure-zone07-neck-head-20260920-174226.csv:1,press,0.375,11259.219999999861,0.03915971209009396
original:pressure-zone07-neck-head-20260920-174226.csv:1,press,0.400,9769.499999999958,0.03397844675423129
original:pressure-zone07-neck-head-20260920-174226.csv:1,press,0.425,8534.33999999996,0.029682544375096594
original:pressure-zone07-neck-head-20260920-174226.csv:1,press,0.450,6774.859999999944,0.023563050286848918
original:pressure-zone07-neck-head-20260920-174226.csv:1,press,0.475,2238.4230769229025,0.0077852642748009356
original:pressure-zone07-neck-head-20260920-174226.csv:1,press,0.500,-1499.1000000001272,-0.005213889096603989
original:pressure-zone07-neck-head-20260920-174226.csv:1,press,0.525,-3318.9800000000523,-0.011543455162327737
original:pressure-zone07-neck-head-20260920-174226.csv:1,press,0.550,-6927.74000000014,-0.024094768894740166
original:pressure-zone07-neck-head-20260920-174226.csv:1,press,0.575,-8278.46000000003,-0.028792590441377327
original:pressure-zone07-neck-head-20260920-174226.csv:1,press,0.600,-7012.379999999927,-0.02438914790423614
original:pressure-zone07-neck-head-20260920-174226.csv:1,press,0.625,-6783.46153846154,-0.02359296654833843
original:pressure-zone07-neck-head-20260920-174226.csv:1,press,0.650,-8126.900000000065,-0.02826546281047809
original:pressure-zone07-neck-head-20260920-174226.csv:1,press,0.675,-9086.100000000039,-0.03160157275742091
original:pressure-zone07-neck-head-20260920-174226.csv:1,press,0.700,-10571.30000000008,-0.03676711747510205
original:pressure-zone07-neck-head-20260920-174226.csv:1,press,0.725,-16074.700000000264,-0.05590801351555894
original:pressure-zone07-neck-head-20260920-174226.csv:1,press,0.750,-23254.42307692334,-0.0808791827953949
original:pressure-zone07-neck-head-20260920-174226.csv:1,press,0.775,-29189.100000000286,-0.10152006552576351
original:pressure-zone07-neck-head-20260920-174226.csv:1,press,0.800,-35606.62000000035,-0.12384028269288747
original:pressure-zone07-neck-head-20260920-174226.csv:1,release,-0.400,-6992.660000000008,-0.016644930166683548
original:pressure-zone07-neck-head-20260920-174226.csv:1,release,-0.375,-8554.340000000004,-0.020362264420416214
original:pressure-zone07-neck-head-20260920-174226.csv:1,release,-0.350,-9441.819999999994,-0.022474771338288402
original:pressure-zone07-neck-head-20260920-174226.csv:1,release,-0.325,-11679.180000000026,-0.027800455835708778
original:pressure-zone07-neck-head-20260920-174226.csv:1,release,-0.300,-18250.538461538494,-0.04344254378114767
original:pressure-zone07-neck-head-20260920-174226.csv:1,release,-0.275,-25459.300000000003,-0.06060186975952584
original:pressure-zone07-neck-head-20260920-174226.csv:1,release,-0.250,-31042.460000000003,-0.07389170628946164
original:pressure-zone07-neck-head-20260920-174226.csv:1,release,-0.225,-38121.900000000096,-0.09074320263265973
original:pressure-zone07-neck-head-20260920-174226.csv:1,release,-0.200,-49206.660000000076,-0.11712873490713704
original:pressure-zone07-neck-head-20260920-174226.csv:1,release,-0.175,-57543.94000000005,-0.13697432204852342
original:pressure-zone07-neck-head-20260920-174226.csv:1,release,-0.150,-64068.269230769234,-0.15250446428775785
original:pressure-zone07-neck-head-20260920-174226.csv:1,release,-0.125,-79242.13999999982,-0.1886234832751137
original:pressure-zone07-neck-head-20260920-174226.csv:1,release,-0.100,-122390.46000000108,-0.2913312902054857
original:pressure-zone07-neck-head-20260920-174226.csv:1,release,-0.075,-203402.06000000145,-0.4841666954291496
original:pressure-zone07-neck-head-20260920-174226.csv:1,release,-0.050,-309965.6600000012,-0.7378246282201608
original:pressure-zone07-neck-head-20260920-174226.csv:1,release,-0.025,-400374.807692308,-0.953029421498802
original:pressure-zone07-neck-head-20260920-174226.csv:1,release,0.000,-420107.49999999884,-0.9999999999999972
original:pressure-zone07-neck-head-20260920-174226.csv:1,release,0.025,-353323.4999999984,-0.8410311646423795
original:pressure-zone07-neck-head-20260920-174226.csv:1,release,0.050,-263383.49999999866,-0.6269431038484166
original:pressure-zone07-neck-head-20260920-174226.csv:1,release,0.075,-188155.5,-0.44787465113096053
original:pressure-zone07-neck-head-20260920-174226.csv:1,release,0.100,-132785.4999999993,-0.3160750522187757
original:pressure-zone07-neck-head-20260920-174226.csv:1,release,0.125,-93974.49999999955,-0.22369155513767203
original:pressure-zone07-neck-head-20260920-174226.csv:1,release,0.150,-68588.92307692253,-0.1632651715975614
original:pressure-zone07-neck-head-20260920-174226.csv:1,release,0.175,-50905.9799999996,-0.12117369958879479
original:pressure-zone07-neck-head-20260920-174226.csv:1,release,0.200,-38500.45999999973,-0.09164430532661219
original:pressure-zone07-neck-head-20260920-174226.csv:1,release,0.225,-28724.49999999979,-0.068374166136048
original:pressure-zone07-neck-head-20260920-174226.csv:1,release,0.250,-21573.339999999844,-0.051351951583820436
original:pressure-zone07-neck-head-20260920-174226.csv:1,release,0.275,-18090.269230769198,-0.043061048019302675
original:pressure-zone07-neck-head-20260920-174226.csv:1,release,0.300,-15750.73999999994,-0.03749216569568489
original:pressure-zone07-neck-head-20260920-174226.csv:1,release,0.325,-13358.819999999938,-0.03179857536463866
original:pressure-zone07-neck-head-20260920-174226.csv:1,release,0.350,-10605.219999999927,-0.025244062531613758
original:pressure-zone07-neck-head-20260920-174226.csv:1,release,0.375,-8889.33999999993,-0.021159679367780695
original:pressure-zone07-neck-head-20260920-174226.csv:1,release,0.400,-7907.5799999999745,-0.018822753699945786
original:pressure-zone07-neck-head-20260920-174226.csv:1,release,0.425,-7522.115384615375,-0.01790521565222086
original:pressure-zone07-neck-head-20260920-174226.csv:1,release,0.450,-8262.060000000027,-0.01966653773141405
original:pressure-zone07-neck-head-20260920-174226.csv:1,release,0.475,-9683.220000000023,-0.02304938616901632
original:pressure-zone07-neck-head-20260920-174226.csv:1,release,0.500,-10056.100000000006,-0.02393696851401131
original:pressure-zone07-neck-head-20260920-174226.csv:1,release,0.525,-9098.659999999965,-0.02165793279101174
original:pressure-zone07-neck-head-20260920-174226.csv:1,release,0.550,-7313.653846153782,-0.01740900566201218
original:pressure-zone07-neck-head-20260920-174226.csv:1,release,0.575,-6438.099999999974,-0.015324887082472876
original:pressure-zone07-neck-head-20260920-174226.csv:1,release,0.600,-6269.699999999998,-0.014924037299976788
original:pressure-zone07-neck-head-20260920-174226.csv:1,release,0.625,-5436.139999999966,-0.012939878483483313
original:pressure-zone07-neck-head-20260920-174226.csv:1,release,0.650,-4961.139999999987,-0.011809215498414065
original:pressure-zone07-neck-head-20260920-174226.csv:1,release,0.675,-4352.819999999966,-0.010361205167724846
original:pressure-zone07-neck-head-20260920-174226.csv:1,release,0.700,-4120.884615384609,-0.009809119369172436
original:pressure-zone07-neck-head-20260920-174226.csv:1,release,0.725,-4052.8999999999983,-0.009647292657236536
original:pressure-zone07-neck-head-20260920-174226.csv:1,release,0.750,-3899.499999999993,-0.009282148021637304
original:pressure-zone07-neck-head-20260920-174226.csv:1,release,0.775,-3543.4999999999773,-0.008434745868616906
original:pressure-zone07-neck-head-20260920-174226.csv:1,release,0.800,-2912.2999999999706,-0.006932273287194279
original:pressure-zone07-neck-head-20260920-174226.csv:2,press,-0.400,6295.440000000002,0.03990163144751355
original:pressure-zone07-neck-head-20260920-174226.csv:2,press,-0.375,7092.240000000003,0.04495189321434459
original:pressure-zone07-neck-head-20260920-174226.csv:2,press,-0.350,8213.840000000011,0.05206079582187186
original:pressure-zone07-neck-head-20260920-174226.csv:2,press,-0.325,9878.360000000006,0.06261082307604553
original:pressure-zone07-neck-head-20260920-174226.csv:2,press,-0.300,11930.53846153848,0.07561789941015934
original:pressure-zone07-neck-head-20260920-174226.csv:2,press,-0.275,15307.720000000154,0.09702308365129966
original:pressure-zone07-neck-head-20260920-174226.csv:2,press,-0.250,21567.079999999936,0.1366960335670005
original:pressure-zone07-neck-head-20260920-174226.csv:2,press,-0.225,30719.200000000325,0.19470381685195484
original:pressure-zone07-neck-head-20260920-174226.csv:2,press,-0.200,43561.07999999989,0.2760979629089704
original:pressure-zone07-neck-head-20260920-174226.csv:2,press,-0.175,59227.20000000046,0.37539265024655816
original:pressure-zone07-neck-head-20260920-174226.csv:2,press,-0.150,77136.30769230811,0.48890379715484245
original:pressure-zone07-neck-head-20260920-174226.csv:2,press,-0.125,92345.12000000018,0.5852999860560053
original:pressure-zone07-neck-head-20260920-174226.csv:2,press,-0.100,106584.48000000024,0.6755516117991573
original:pressure-zone07-neck-head-20260920-174226.csv:2,press,-0.075,123532.96000000022,0.7829741275495343
original:pressure-zone07-neck-head-20260920-174226.csv:2,press,-0.050,141092.68000000014,0.8942707923992556
original:pressure-zone07-neck-head-20260920-174226.csv:2,press,-0.025,152088.42307692315,0.9639637904656226
original:pressure-zone07-neck-head-20260920-174226.csv:2,press,0.000,157774.0,1.0
original:pressure-zone07-neck-head-20260920-174226.csv:2,press,0.025,155910.0,0.9881856326137386
original:pressure-zone07-neck-head-20260920-174226.csv:2,press,0.050,148156.99999999977,0.9390457236300009
original:pressure-zone07-neck-head-20260920-174226.csv:2,press,0.075,141352.0,0.8959144092182489
original:pressure-zone07-neck-head-20260920-174226.csv:2,press,0.100,135177.99999999968,0.8567824863412202
original:pressure-zone07-neck-head-20260920-174226.csv:2,press,0.125,126437.99999999952,0.8013867937682985
original:pressure-zone07-neck-head-20260920-174226.csv:2,press,0.150,113070.69230769202,0.7166623924581491
original:pressure-zone07-neck-head-20260920-174226.csv:2,press,0.175,98891.51999999967,0.6267922471383097
original:pressure-zone07-neck-head-20260920-174226.csv:2,press,0.200,88698.99999999978,0.5621902214560053
original:pressure-zone07-neck-head-20260920-174226.csv:2,press,0.225,77356.87999999974,0.49030182412818174
original:pressure-zone07-neck-head-20260920-174226.csv:2,press,0.250,61812.679999999644,0.3917798876874494
original:pressure-zone07-neck-head-20260920-174226.csv:2,press,0.275,48607.99999999989,0.308086249952463
original:pressure-zone07-neck-head-20260920-174226.csv:2,press,0.300,45350.159999999894,0.2874374738550071
original:pressure-zone07-neck-head-20260920-174226.csv:2,press,0.325,45330.04,0.28730994967485135
original:pressure-zone07-neck-head-20260920-174226.csv:2,press,0.350,38273.879999999925,0.24258673799231764
original:pressure-zone07-neck-head-20260920-174226.csv:2,press,0.375,29827.039999999637,0.18904914624716138
original:pressure-zone07-neck-head-20260920-174226.csv:2,press,0.400,27105.439999999977,0.1717991557544334
original:pressure-zone07-neck-head-20260920-174226.csv:2,press,0.425,25502.88461538457,0.16164187138175218
original:pressure-zone07-neck-head-20260920-174226.csv:2,press,0.450,20975.079999999838,0.1329438310494748
original:pressure-zone07-neck-head-20260920-174226.csv:2,press,0.475,16211.799999999865,0.10275330536083173
original:pressure-zone07-neck-head-20260920-174226.csv:2,press,0.500,13383.159999999916,0.08482487608858187
original:pressure-zone07-neck-head-20260920-174226.csv:2,press,0.525,11102.039999999857,0.07036672709064774
original:pressure-zone07-neck-head-20260920-174226.csv:2,press,0.550,9320.92307692304,0.05907768755893265
original:pressure-zone07-neck-head-20260920-174226.csv:2,press,0.575,7654.959999999917,0.0485185138235699
original:pressure-zone07-neck-head-20260920-174226.csv:2,press,0.600,-1565.2400000002126,-0.0099207727508982
original:pressure-zone07-neck-head-20260920-174226.csv:2,press,0.625,-15827.320000000742,-0.10031640194202303
original:pressure-zone07-neck-head-20260920-174226.csv:2,press,0.650,-30125.160000000786,-0.19093868444737908
original:pressure-zone07-neck-head-20260920-174226.csv:2,press,0.675,-48125.230769231486,-0.3050263717040291
original:pressure-zone07-neck-head-20260920-174226.csv:2,press,0.700,-80435.00000000153,-0.5098115025289435
original:pressure-zone07-neck-head-20260920-174226.csv:2,press,0.725,-127261.60000000177,-0.8066069187572209
original:pressure-zone07-neck-head-20260920-174226.csv:2,press,0.750,-183374.20000000246,-1.1622586737992473
original:pressure-zone07-neck-head-20260920-174226.csv:2,press,0.775,-247264.4000000028,-1.5672062570512428
original:pressure-zone07-neck-head-20260920-174226.csv:2,press,0.800,-300722.8000000018,-1.9060352149276927
original:pressure-zone07-neck-head-20260920-174226.csv:2,release,-0.400,24724.920000000162,0.07865861573113829
original:pressure-zone07-neck-head-20260920-174226.csv:2,release,-0.375,19814.200000000135,0.06303589834951623
original:pressure-zone07-neck-head-20260920-174226.csv:2,release,-0.350,15334.839999999993,0.048785487955410184
original:pressure-zone07-neck-head-20260920-174226.csv:2,release,-0.325,12805.960000000065,0.04074023643790662
original:pressure-zone07-neck-head-20260920-174226.csv:2,release,-0.300,10626.80769230769,0.033807590993941726
original:pressure-zone07-neck-head-20260920-174226.csv:2,release,-0.275,8913.520000000011,0.02835702378377006
original:pressure-zone07-neck-head-20260920-174226.csv:2,release,-0.250,6537.120000000106,0.020796864461779602
original:pressure-zone07-neck-head-20260920-174226.csv:2,release,-0.225,-4466.839999999894,-0.014210579896414917
original:pressure-zone07-neck-head-20260920-174226.csv:2,release,-0.200,-19352.91999999986,-0.06156840538029809
original:pressure-zone07-neck-head-20260920-174226.csv:2,release,-0.175,-33891.30769230754,-0.10782010006078778
original:pressure-zone07-neck-head-20260920-174226.csv:2,release,-0.150,-53299.200000000455,-0.1695633915732425
original:pressure-zone07-neck-head-20260920-174226.csv:2,release,-0.125,-89560.27999999894,-0.284922565949375
original:pressure-zone07-neck-head-20260920-174226.csv:2,release,-0.100,-139492.56000000073,-0.44377460773958977
original:pressure-zone07-neck-head-20260920-174226.csv:2,release,-0.075,-197539.1199999985,-0.6284410114146778
original:pressure-zone07-neck-head-20260920-174226.csv:2,release,-0.050,-262368.6399999989,-0.83468638255093
original:pressure-zone07-neck-head-20260920-174226.csv:2,release,-0.025,-310951.2307692308,-0.9892445909714277
original:pressure-zone07-neck-head-20260920-174226.csv:2,release,0.000,-314332.0,-1.0
original:pressure-zone07-neck-head-20260920-174226.csv:2,release,0.025,-268485.0,-0.8541446623315475
original:pressure-zone07-neck-head-20260920-174226.csv:2,release,0.050,-203010.0,-0.6458457936194851
original:pressure-zone07-neck-head-20260920-174226.csv:2,release,0.075,-144324.0,-0.4591451077204993
original:pressure-zone07-neck-head-20260920-174226.csv:2,release,0.100,-99268.0,-0.31580621762976724
original:pressure-zone07-neck-head-20260920-174226.csv:2,release,0.125,-68149.73076923008,-0.21680812252405127
original:pressure-zone07-neck-head-20260920-174226.csv:2,release,0.150,-45484.52000000028,-0.14470216204522696
original:pressure-zone07-neck-head-20260920-174226.csv:2,release,0.175,-31293.119999999704,-0.09955435654021769
original:pressure-zone07-neck-head-20260920-174226.csv:2,release,0.200,-21630.52000000012,-0.06881424735629882
original:pressure-zone07-neck-head-20260920-174226.csv:2,release,0.225,-15045.559999999863,-0.047865187126986314
original:pressure-zone07-neck-head-20260920-174226.csv:2,release,0.250,-11249.399999999916,-0.035788274817708396
original:pressure-zone07-neck-head-20260920-174226.csv:2,release,0.275,-8400.153846153822,-0.02672382654694343
original:pressure-zone07-neck-head-20260920-174226.csv:2,release,0.300,-5911.799999999976,-0.01880750289502811
original:pressure-zone07-neck-head-20260920-174226.csv:2,release,0.325,-4141.800000000044,-0.013176514004301323
original:pressure-zone07-neck-head-20260920-174226.csv:2,release,0.350,-3531.199999999996,-0.011233981904483145
original:pressure-zone07-neck-head-20260920-174226.csv:2,release,0.375,-3012.519999999995,-0.009583879465024226
original:pressure-zone07-neck-head-20260920-174226.csv:2,release,0.400,-2434.92307692308,-0.007746341692615069
original:pressure-zone07-neck-head-20260920-174226.csv:2,release,0.425,-2734.5999999999985,-0.008699718768690424
original:pressure-zone07-neck-head-20260920-174226.csv:2,release,0.450,-3115.8800000000106,-0.009912703765445487
original:pressure-zone07-neck-head-20260920-174226.csv:2,release,0.475,-2584.6000000000017,-0.008222516320323739
original:pressure-zone07-neck-head-20260920-174226.csv:2,release,0.500,-2070.399999999986,-0.006586666327322659
original:pressure-zone07-neck-head-20260920-174226.csv:2,release,0.525,-1759.3199999999906,-0.005597012076403263
original:pressure-zone07-neck-head-20260920-174226.csv:2,release,0.550,-1630.2307692307675,-0.005186334096530952
original:pressure-zone07-neck-head-20260920-174226.csv:2,release,0.575,-1296.3199999999924,-0.0041240471857780705
original:pressure-zone07-neck-head-20260920-174226.csv:2,release,0.600,-1175.519999999999,-0.003739740147360113
original:pressure-zone07-neck-head-20260920-174226.csv:2,release,0.625,-801.1199999999914,-0.0025486428362368175
original:pressure-zone07-neck-head-20260920-174226.csv:2,release,0.650,-938.6400000000049,-0.002986142040899447
original:pressure-zone07-neck-head-20260920-174226.csv:2,release,0.675,-1321.2692307692319,-0.004203419412497716
original:pressure-zone07-neck-head-20260920-174226.csv:2,release,0.700,-1096.5999999999863,-0.003488668032526075
original:pressure-zone07-neck-head-20260920-174226.csv:2,release,0.725,-308.7999999999936,-0.000982400773704216
original:pressure-zone07-neck-head-20260920-174226.csv:2,release,0.750,-28.599999999999085,-9.098660015524695e-05
original:pressure-zone07-neck-head-20260920-174226.csv:2,release,0.775,113.00000000000516,0.0003594925111029267
original:pressure-zone07-neck-head-20260920-174226.csv:2,release,0.800,125.19999999999985,0.000398304976903401
original:pressure-zone07-neck-head-20260920-174226.csv:3,press,-0.400,13189.760000000017,0.08630234505862658
original:pressure-zone07-neck-head-20260920-174226.csv:3,press,-0.375,19324.84000000002,0.1264449853433837
original:pressure-zone07-neck-head-20260920-174226.csv:3,press,-0.350,25446.500000000044,0.16649981679229509
original:pressure-zone07-neck-head-20260920-174226.csv:3,press,-0.325,34011.760000000366,0.22254344639866236
original:pressure-zone07-neck-head-20260920-174226.csv:3,press,-0.300,48766.27999999912,0.3190842231993242
original:pressure-zone07-neck-head-20260920-174226.csv:3,press,-0.275,68221.35999999921,0.4463813860971473
original:pressure-zone07-neck-head-20260920-174226.csv:3,press,-0.250,87659.24000000044,0.5735660071189309
original:pressure-zone07-neck-head-20260920-174226.csv:3,press,-0.225,104834.36000000038,0.6859450900335033
original:pressure-zone07-neck-head-20260920-174226.csv:3,press,-0.200,119239.1538461541,0.7801975623308869
original:pressure-zone07-neck-head-20260920-174226.csv:3,press,-0.175,128444.08000000025,0.8404266122278073
original:pressure-zone07-neck-head-20260920-174226.csv:3,press,-0.150,133421.91999999995,0.8729972780569512
original:pressure-zone07-neck-head-20260920-174226.csv:3,press,-0.125,136117.4399999999,0.890634422110552
original:pressure-zone07-neck-head-20260920-174226.csv:3,press,-0.100,141134.9599999999,0.9234647194304851
original:pressure-zone07-neck-head-20260920-174226.csv:3,press,-0.075,145642.80769230783,0.9529601633971146
original:pressure-zone07-neck-head-20260920-174226.csv:3,press,-0.050,148563.00000000012,0.972067368090453
original:pressure-zone07-neck-head-20260920-174226.csv:3,press,-0.025,150399.0,0.9840805590452262
original:pressure-zone07-neck-head-20260920-174226.csv:3,press,0.000,152832.0,1.0
original:pressure-zone07-neck-head-20260920-174226.csv:3,press,0.025,149739.0,0.9797620917085427
original:pressure-zone07-neck-head-20260920-174226.csv:3,press,0.050,136225.0,0.8913382014237856
original:pressure-zone07-neck-head-20260920-174226.csv:3,press,0.075,121111.99999999921,0.7924518425460585
original:pressure-zone07-neck-head-20260920-174226.csv:3,press,0.100,110037.96153846206,0.7199929434834462
original:pressure-zone07-neck-head-20260920-174226.csv:3,press,0.125,95611.63999999971,0.6255996126465643
original:pressure-zone07-neck-head-20260920-174226.csv:3,press,0.150,78444.0399999996,0.5132697340870995
original:pressure-zone07-neck-head-20260920-174226.csv:3,press,0.175,61702.75999999962,0.40372932370184006
original:pressure-zone07-neck-head-20260920-174226.csv:3,press,0.200,51827.59999999978,0.33911484505862505
original:pressure-zone07-neck-head-20260920-174226.csv:3,press,0.225,48715.38461538469,0.31875120796289186
original:pressure-zone07-neck-head-20260920-174226.csv:3,press,0.250,42031.44000000018,0.2750172738693479
original:pressure-zone07-neck-head-20260920-174226.csv:3,press,0.275,35658.36000000016,0.2333173680904533
original:pressure-zone07-neck-head-20260920-174226.csv:3,press,0.300,32083.879999999866,0.20992907244556028
original:pressure-zone07-neck-head-20260920-174226.csv:3,press,0.325,24902.279999999657,0.16293891331658067
original:pressure-zone07-neck-head-20260920-174226.csv:3,press,0.350,21151.769230769005,0.1383988250547595
original:pressure-zone07-neck-head-20260920-174226.csv:3,press,0.375,21871.799999999996,0.14311008165829142
original:pressure-zone07-neck-head-20260920-174226.csv:3,press,0.400,13365.920000000027,0.08745498324958142
original:pressure-zone07-neck-head-20260920-174226.csv:3,press,0.425,-4506.839999999946,-0.029488850502512206
original:pressure-zone07-neck-head-20260920-174226.csv:3,press,0.450,-23854.12000000116,-0.15608066373535098
original:pressure-zone07-neck-head-20260920-174226.csv:3,press,0.475,-46306.72000000156,-0.30299099664992646
original:pressure-zone07-neck-head-20260920-174226.csv:3,press,0.500,-73520.92307692353,-0.48105712859167926
original:pressure-zone07-neck-head-20260920-174226.csv:3,press,0.525,-88019.76000000024,-0.5759249371859312
original:pressure-zone07-neck-head-20260920-174226.csv:3,press,0.550,-91693.80000000005,-0.5999646670854274
original:pressure-zone07-neck-head-20260920-174226.csv:3,press,0.575,-117204.6400000006,-0.7668854690117292
original:pressure-zone07-neck-head-20260920-174226.csv:3,press,0.600,-188491.88000000158,-1.2333273136516016
original:pressure-zone07-neck-head-20260920-174226.csv:3,press,0.625,-284014.92307691986,-1.8583472249065631
original:pressure-zone07-neck-head-20260920-174226.csv:3,press,0.650,-347618.2000000016,-2.2745118823283184
original:pressure-zone07-neck-head-20260920-174226.csv:3,press,0.675,-330578.9999999985,-2.163022141959789
original:pressure-zone07-neck-head-20260920-174226.csv:3,press,0.700,-262960.99999999674,-1.7205886201842333
original:pressure-zone07-neck-head-20260920-174226.csv:3,press,0.725,-190691.79999999696,-1.2477216813232632
original:pressure-zone07-neck-head-20260920-174226.csv:3,press,0.750,-131766.59999999762,-0.8621663002512407
original:pressure-zone07-neck-head-20260920-174226.csv:3,press,0.775,-90184.23076923119,-0.5900873558497644
original:pressure-zone07-neck-head-20260920-174226.csv:3,press,0.800,-61602.76000000014,-0.4030750104690126
original:pressure-zone07-neck-head-20260920-174226.csv:3,release,-0.400,40711.96000000043,0.11353440029895236
original:pressure-zone07-neck-head-20260920-174226.csv:3,release,-0.375,34752.6800000002,0.09691561601508196
original:pressure-zone07-neck-head-20260920-174226.csv:3,release,-0.350,30915.07999999998,0.08621361064399986
original:pressure-zone07-neck-head-20260920-174226.csv:3,release,-0.325,23890.23076923075,0.06662324838666976
original:pressure-zone07-neck-head-20260920-174226.csv:3,release,-0.300,20843.79999999994,0.05812759525582339
original:pressure-zone07-neck-head-20260920-174226.csv:3,release,-0.275,21238.72000000045,0.059228917947389194
original:pressure-zone07-neck-head-20260920-174226.csv:3,release,-0.250,10667.560000000864,0.02974887544724394
original:pressure-zone07-neck-head-20260920-174226.csv:3,release,-0.225,-8334.919999999229,-0.02324378742118155
original:pressure-zone07-neck-head-20260920-174226.csv:3,release,-0.200,-28011.520000000586,-0.0781163845872845
original:pressure-zone07-neck-head-20260920-174226.csv:3,release,-0.175,-51275.538461537246,-0.142993299984487
original:pressure-zone07-neck-head-20260920-174226.csv:3,release,-0.150,-78448.55999999972,-0.21877134419262192
original:pressure-zone07-neck-head-20260920-174226.csv:3,release,-0.125,-90017.79999999996,-0.25103475586119955
original:pressure-zone07-neck-head-20260920-174226.csv:3,release,-0.100,-93227.83999999931,-0.25998666990158403
original:pressure-zone07-neck-head-20260920-174226.csv:3,release,-0.075,-125166.2799999982,-0.3490541486445359
original:pressure-zone07-neck-head-20260920-174226.csv:3,release,-0.050,-205102.61538461322,-0.5719744870411175
original:pressure-zone07-neck-head-20260920-174226.csv:3,release,-0.025,-303742.999999993,-0.8470552474015873
original:pressure-zone07-neck-head-20260920-174226.csv:3,release,0.000,-358587.0,-1.0
original:pressure-zone07-neck-head-20260920-174226.csv:3,release,0.025,-323577.0,-0.9023667896493738
original:pressure-zone07-neck-head-20260920-174226.csv:3,release,0.050,-247807.0,-0.6910652087220117
original:pressure-zone07-neck-head-20260920-174226.csv:3,release,0.075,-176413.0,-0.4919670819075984
original:pressure-zone07-neck-head-20260920-174226.csv:3,release,0.100,-120605.00000000396,-0.33633399983826506
original:pressure-zone07-neck-head-20260920-174226.csv:3,release,0.125,-82579.03846154033,-0.23029010661719562
original:pressure-zone07-neck-head-20260920-174226.csv:3,release,0.150,-56482.960000001236,-0.15751535889477655
original:pressure-zone07-neck-head-20260920-174226.csv:3,release,0.175,-39565.23999999967,-0.11033651526686598
original:pressure-zone07-neck-head-20260920-174226.csv:3,release,0.200,-27773.719999999736,-0.07745322613480057
original:pressure-zone07-neck-head-20260920-174226.csv:3,release,0.225,-19574.319999999818,-0.054587366524720134
original:pressure-zone07-neck-head-20260920-174226.csv:3,release,0.250,-13722.769230769387,-0.03826900928022875
original:pressure-zone07-neck-head-20260920-174226.csv:3,release,0.275,-9062.200000000117,-0.025271970261052736
original:pressure-zone07-neck-head-20260920-174226.csv:3,release,0.300,-6030.840000000075,-0.016818345338788284
original:pressure-zone07-neck-head-20260920-174226.csv:3,release,0.325,-4253.399999999933,-0.01186155660969286
original:pressure-zone07-neck-head-20260920-174226.csv:3,release,0.350,-3698.559999999979,-0.010314261253196516
original:pressure-zone07-neck-head-20260920-174226.csv:3,release,0.375,-3444.880000000006,-0.009606817871255807
original:pressure-zone07-neck-head-20260920-174226.csv:3,release,0.400,-2595.346153846159,-0.007237702855502734
original:pressure-zone07-neck-head-20260920-174226.csv:3,release,0.425,-2060.2000000000016,-0.005745328190927172
original:pressure-zone07-neck-head-20260920-174226.csv:3,release,0.450,-1838.3200000000006,-0.005126566216845565
original:pressure-zone07-neck-head-20260920-174226.csv:3,release,0.475,-1863.5199999999998,-0.005196842049488687
original:pressure-zone07-neck-head-20260920-174226.csv:3,release,0.500,-1709.840000000002,-0.004768271019306339
original:pressure-zone07-neck-head-20260920-174226.csv:3,release,0.525,-1333.4615384615317,-0.00371865555210181
original:pressure-zone07-neck-head-20260920-174226.csv:3,release,0.550,-1003.5599999999938,-0.002798651373306879
original:pressure-zone07-neck-head-20260920-174226.csv:3,release,0.575,-1362.0800000000097,-0.003798464528831245
original:pressure-zone07-neck-head-20260920-174226.csv:3,release,0.600,-1196.3999999999942,-0.0033364288164378355
original:pressure-zone07-neck-head-20260920-174226.csv:3,release,0.625,-854.320000000018,-0.002382462275542666
original:pressure-zone07-neck-head-20260920-174226.csv:3,release,0.650,-1141.5600000000036,-0.0031834952187335393
original:pressure-zone07-neck-head-20260920-174226.csv:3,release,0.675,-1222.3461538461536,-0.0034087854658594804
original:pressure-zone07-neck-head-20260920-174226.csv:3,release,0.700,-1021.1999999999928,-0.002847844456157063
original:pressure-zone07-neck-head-20260920-174226.csv:3,release,0.725,-878.7999999999952,-0.002450730227253066
original:pressure-zone07-neck-head-20260920-174226.csv:3,release,0.750,-767.9999999999953,-0.0021417396615047266
original:pressure-zone07-neck-head-20260920-174226.csv:3,release,0.775,-859.5999999999959,-0.0023971867357154494
original:pressure-zone07-neck-head-20260920-174226.csv:3,release,0.800,-1054.153846153844,-0.0029397436219211624
original:pressure-zone07-neck-head-20260920-174226.csv:4,press,-0.400,-597.769230769215,-0.00298909275399828
original:pressure-zone07-neck-head-20260920-174226.csv:4,press,-0.375,2467.2200000001303,0.012337117812220159
original:pressure-zone07-neck-head-20260920-174226.csv:4,press,-0.350,7712.820000000182,0.03856728180074947
original:pressure-zone07-neck-head-20260920-174226.csv:4,press,-0.325,14961.38000000028,0.07481307207844787
original:pressure-zone07-neck-head-20260920-174226.csv:4,press,-0.300,24041.980000000283,0.12021981813499756
original:pressure-zone07-neck-head-20260920-174226.csv:4,press,-0.275,35173.73076923111,0.17588316420720262
original:pressure-zone07-neck-head-20260920-174226.csv:4,press,-0.250,47496.260000000635,0.23750089382374365
original:pressure-zone07-neck-head-20260920-174226.csv:4,press,-0.225,60625.86000000068,0.3031543102305974
original:pressure-zone07-neck-head-20260920-174226.csv:4,press,-0.200,74784.86000000089,0.3739551512999867
original:pressure-zone07-neck-head-20260920-174226.csv:4,press,-0.175,93299.09999999955,0.4665339890540947
original:pressure-zone07-neck-head-20260920-174226.csv:4,press,-0.150,115674.62000000123,0.5784208197176328
original:pressure-zone07-neck-head-20260920-174226.csv:4,press,-0.125,141258.0000000012,0.7063482737325889
original:pressure-zone07-neck-head-20260920-174226.csv:4,press,-0.100,165770.50000000114,0.8289208859730984
original:pressure-zone07-neck-head-20260920-174226.csv:4,press,-0.075,181801.50000000064,0.909082499306196
original:pressure-zone07-neck-head-20260920-174226.csv:4,press,-0.050,190936.5000000005,0.9547612678045964
original:pressure-zone07-neck-head-20260920-174226.csv:4,press,-0.025,197967.5,0.9899191683313874
original:pressure-zone07-neck-head-20260920-174226.csv:4,press,0.000,199983.5,1.0
original:pressure-zone07-neck-head-20260920-174226.csv:4,press,0.025,195674.84615384607,0.9784549533028778
original:pressure-zone07-neck-head-20260920-174226.csv:4,press,0.050,186556.25999999917,0.9328582608065124
original:pressure-zone07-neck-head-20260920-174226.csv:4,press,0.075,174075.01999999883,0.8704469118702234
original:pressure-zone07-neck-head-20260920-174226.csv:4,press,0.100,160417.5399999997,0.8021538776949083
original:pressure-zone07-neck-head-20260920-174226.csv:4,press,0.125,140313.33999999953,0.70162458402818
original:pressure-zone07-neck-head-20260920-174226.csv:4,press,0.150,121030.97999999956,0.6052048293984231
original:pressure-zone07-neck-head-20260920-174226.csv:4,press,0.175,110696.57692307649,0.5535285507208169
original:pressure-zone07-neck-head-20260920-174226.csv:4,press,0.200,99812.6199999995,0.49910427610277597
original:pressure-zone07-neck-head-20260920-174226.csv:4,press,0.225,95073.33999999953,0.4754059209884792
original:pressure-zone07-neck-head-20260920-174226.csv:4,press,0.250,96768.8600000001,0.48388422044818746
original:pressure-zone07-neck-head-20260920-174226.csv:4,press,0.275,96392.57999999997,0.4820026652198805
original:pressure-zone07-neck-head-20260920-174226.csv:4,press,0.300,91911.93999999978,0.4595976168033852
original:pressure-zone07-neck-head-20260920-174226.csv:4,press,0.325,78339.53846153752,0.3917300100335154
original:pressure-zone07-neck-head-20260920-174226.csv:4,press,0.350,60718.77999999877,0.30361894856325033
original:pressure-zone07-neck-head-20260920-174226.csv:4,press,0.375,39531.06000000006,0.1976716079076527
original:pressure-zone07-neck-head-20260920-174226.csv:4,press,0.400,13899.099999998438,0.06950123385178496
original:pressure-zone07-neck-head-20260920-174226.csv:4,press,0.425,-8178.340000001466,-0.04089507384359943
original:pressure-zone07-neck-head-20260920-174226.csv:4,press,0.450,-33709.884615386894,-0.16856332955162248
original:pressure-zone07-neck-head-20260920-174226.csv:4,press,0.475,-63274.02000000275,-0.3163962026867354
original:pressure-zone07-neck-head-20260920-174226.csv:4,press,0.500,-82889.46000000036,-0.41448149472331647
original:pressure-zone07-neck-head-20260920-174226.csv:4,press,0.525,-105359.66000000047,-0.5268417644455691
original:pressure-zone07-neck-head-20260920-174226.csv:4,press,0.550,-157159.90000000456,-0.7858643338075619
original:pressure-zone07-neck-head-20260920-174226.csv:4,press,0.575,-240208.30000000802,-1.2011405940990534
original:pressure-zone07-neck-head-20260920-174226.csv:4,press,0.600,-329950.5384615483,-1.6498888081344125
original:pressure-zone07-neck-head-20260920-174226.csv:4,press,0.625,-404982.500000003,-2.025079569064463
original:pressure-zone07-neck-head-20260920-174226.csv:4,press,0.650,-420872.50000000006,-2.104536124230249
original:pressure-zone07-neck-head-20260920-174226.csv:4,press,0.675,-369934.29999999725,-1.8498241104891016
original:pressure-zone07-neck-head-20260920-174226.csv:4,press,0.700,-289543.8999999964,-1.4478389467130859
original:pressure-zone07-neck-head-20260920-174226.csv:4,press,0.725,-214627.80769230332,-1.073227579736845
original:pressure-zone07-neck-head-20260920-174226.csv:4,press,0.750,-154404.89999999327,-0.7720881972762417
original:pressure-zone07-neck-head-20260920-174226.csv:4,press,0.775,-111536.33999999748,-0.5577277125362716
original:pressure-zone07-neck-head-20260920-174226.csv:4,press,0.800,-81845.77999999825,-0.4092626641697853
original:pressure-zone07-neck-head-20260920-174226.csv:4,release,-0.400,96873.38,0.2299492856913964
original:pressure-zone07-neck-head-20260920-174226.csv:4,release,-0.375,95766.33999999998,0.22732149406038477
original:pressure-zone07-neck-head-20260920-174226.csv:4,release,-0.350,89806.46153846146,0.21317447250463517
original:pressure-zone07-neck-head-20260920-174226.csv:4,release,-0.325,75173.97999999954,0.17844120855057616
original:pressure-zone07-neck-head-20260920-174226.csv:4,release,-0.300,56821.46000000098,0.13487765306570781
original:pressure-zone07-neck-head-20260920-174226.csv:4,release,-0.275,34843.10000000104,0.08270740585570703
original:pressure-zone07-neck-head-20260920-174226.csv:4,release,-0.250,9036.05999999945,0.0214489836368306
original:pressure-zone07-neck-head-20260920-174226.csv:4,release,-0.225,-12846.807692308405,-0.030494592552268267
original:pressure-zone07-neck-head-20260920-174226.csv:4,release,-0.200,-39091.62000000146,-0.09279215916198898
original:pressure-zone07-neck-head-20260920-174226.csv:4,release,-0.175,-68814.26000000085,-0.16334507924036742
original:pressure-zone07-neck-head-20260920-174226.csv:4,release,-0.150,-86640.45999999947,-0.205659303814669
original:pressure-zone07-neck-head-20260920-174226.csv:4,release,-0.125,-111391.89999999886,-0.26441203803157476
original:pressure-zone07-neck-head-20260920-174226.csv:4,release,-0.100,-169832.30000000424,-0.40313258474441493
original:pressure-zone07-neck-head-20260920-174226.csv:4,release,-0.075,-257886.69230769674,-0.61214815345012
original:pressure-zone07-neck-head-20260920-174226.csv:4,release,-0.050,-347966.50000000506,-0.8259714703826422
original:pressure-zone07-neck-head-20260920-174226.csv:4,release,-0.025,-419236.5,-0.9951457635808836
original:pressure-zone07-neck-head-20260920-174226.csv:4,release,0.000,-421281.5,-1.0
original:pressure-zone07-neck-head-20260920-174226.csv:4,release,0.025,-357097.5,-0.8476458140222155
original:pressure-zone07-neck-head-20260920-174226.csv:4,release,0.050,-272655.5,-0.6472050161234234
original:pressure-zone07-neck-head-20260920-174226.csv:4,release,0.075,-200120.88461538305,-0.475028893068846
original:pressure-zone07-neck-head-20260920-174226.csv:4,release,0.100,-143137.8999999989,-0.33976782745028894
original:pressure-zone07-neck-head-20260920-174226.csv:4,release,0.125,-103813.13999999911,-0.24642226159942726
original:pressure-zone07-neck-head-20260920-174226.csv:4,release,0.150,-76471.3799999994,-0.18152085956776975
original:pressure-zone07-neck-head-20260920-174226.csv:4,release,0.175,-57157.45999999957,-0.13567521953847858
original:pressure-zone07-neck-head-20260920-174226.csv:4,release,0.200,-44078.77999999971,-0.10463022943091427
original:pressure-zone07-neck-head-20260920-174226.csv:4,release,0.225,-35861.50000000022,-0.08512479185532766
original:pressure-zone07-neck-head-20260920-174226.csv:4,release,0.250,-29486.98000000016,-0.06999353164095778
original:pressure-zone07-neck-head-20260920-174226.csv:4,release,0.275,-25099.659999999833,-0.059579307422708644
original:pressure-zone07-neck-head-20260920-174226.csv:4,release,0.300,-22309.69999999988,-0.05295675219538451
original:pressure-zone07-neck-head-20260920-174226.csv:4,release,0.325,-20002.579999999896,-0.04748031897911467
original:pressure-zone07-neck-head-20260920-174226.csv:4,release,0.350,-18403.346153846054,-0.043684202021323164
original:pressure-zone07-neck-head-20260920-174226.csv:4,release,0.375,-17586.660000000003,-0.041745626143089604
original:pressure-zone07-neck-head-20260920-174226.csv:4,release,0.400,-17183.7,-0.04078911606609832
original:pressure-zone07-neck-head-20260920-174226.csv:4,release,0.425,-16795.539999999975,-0.03986773689326489
original:pressure-zone07-neck-head-20260920-174226.csv:4,release,0.450,-16504.73999999998,-0.03917746210075681
original:pressure-zone07-neck-head-20260920-174226.csv:4,release,0.475,-16055.259999999967,-0.03811052704664213
original:pressure-zone07-neck-head-20260920-174226.csv:4,release,0.500,-16044.192307692309,-0.0380842555576077
original:pressure-zone07-neck-head-20260920-174226.csv:4,release,0.525,-15760.179999999973,-0.037410092776445136
original:pressure-zone07-neck-head-20260920-174226.csv:4,release,0.550,-15428.979999999967,-0.036623920110424896
original:pressure-zone07-neck-head-20260920-174226.csv:4,release,0.575,-14963.219999999961,-0.035518341061736534
original:pressure-zone07-neck-head-20260920-174226.csv:4,release,0.600,-14644.260000000011,-0.034761222602938915
original:pressure-zone07-neck-head-20260920-174226.csv:4,release,0.625,-14456.346153846147,-0.03431516967596761
original:pressure-zone07-neck-head-20260920-174226.csv:4,release,0.650,-14478.500000000002,-0.03436775647637032
original:pressure-zone07-neck-head-20260920-174226.csv:4,release,0.675,-15092.500000000042,-0.03582521425697554
original:pressure-zone07-neck-head-20260920-174226.csv:4,release,0.700,-15012.099999999991,-0.035634367993847324
original:pressure-zone07-neck-head-20260920-174226.csv:4,release,0.725,-14767.299999999994,-0.0350532838493976
original:pressure-zone07-neck-head-20260920-174226.csv:4,release,0.750,-14846.900000000009,-0.03524223114473341
original:pressure-zone07-neck-head-20260920-174226.csv:4,release,0.775,-14896.192307692307,-0.035359236775629375
original:pressure-zone07-neck-head-20260920-174226.csv:4,release,0.800,-14657.53999999996,-0.0347927454682913
original:pressure-zone07-neck-head-20260920-174226.csv:5,press,-0.400,4194.060000000268,0.020841551316742164
original:pressure-zone07-neck-head-20260920-174226.csv:5,press,-0.375,6225.0769230769365,0.03093428805094994
original:pressure-zone07-neck-head-20260920-174226.csv:5,press,-0.350,8725.139999999914,0.043357856839374334
original:pressure-zone07-neck-head-20260920-174226.csv:5,press,-0.325,10963.780000000324,0.05448233537323347
original:pressure-zone07-neck-head-20260920-174226.csv:5,press,-0.300,14257.940000000433,0.07085201169773939
original:pressure-zone07-neck-head-20260920-174226.csv:5,press,-0.275,19095.700000000576,0.09489230279945922
original:pressure-zone07-neck-head-20260920-174226.csv:5,press,-0.250,24888.580000000686,0.12367887375736729
original:pressure-zone07-neck-head-20260920-174226.csv:5,press,-0.225,32733.961538461048,0.1626649449946011
original:pressure-zone07-neck-head-20260920-174226.csv:5,press,-0.200,44138.0600000008,0.21933535583930666
original:pressure-zone07-neck-head-20260920-174226.csv:5,press,-0.175,59968.90000000114,0.29800358286684575
original:pressure-zone07-neck-head-20260920-174226.csv:5,press,-0.150,82237.42000000433,0.4086625868696345
original:pressure-zone07-neck-head-20260920-174226.csv:5,press,-0.125,105222.90000000107,0.5228843817318568
original:pressure-zone07-neck-head-20260920-174226.csv:5,press,-0.100,126231.23076923194,0.6272811246983357
original:pressure-zone07-neck-head-20260920-174226.csv:5,press,-0.075,150199.5000000039,0.7463866961843407
original:pressure-zone07-neck-head-20260920-174226.csv:5,press,-0.050,177623.5,0.8826648379634806
original:pressure-zone07-neck-head-20260920-174226.csv:5,press,-0.025,196179.50000000073,0.974875208400112
original:pressure-zone07-neck-head-20260920-174226.csv:5,press,0.000,201235.5,1.0
original:pressure-zone07-neck-head-20260920-174226.csv:5,press,0.025,200643.49999999968,0.9970581731354541
original:pressure-zone07-neck-head-20260920-174226.csv:5,press,0.050,198365.49999999977,0.9857381028695223
original:pressure-zone07-neck-head-20260920-174226.csv:5,press,0.075,196668.38461538445,0.9773046237636225
original:pressure-zone07-neck-head-20260920-174226.csv:5,press,0.100,194068.01999999976,0.9643826263258707
original:pressure-zone07-neck-head-20260920-174226.csv:5,press,0.125,180174.9799999987,0.8953439129775745
original:pressure-zone07-neck-head-20260920-174226.csv:5,press,0.150,162234.09999999826,0.8061902596708744
original:pressure-zone07-neck-head-20260920-174226.csv:5,press,0.175,150890.019999999,0.7498180986953048
original:pressure-zone07-neck-head-20260920-174226.csv:5,press,0.200,140265.73999999903,0.6970228413972636
original:pressure-zone07-neck-head-20260920-174226.csv:5,press,0.225,122905.80769230441,0.6107560926988748
original:pressure-zone07-neck-head-20260920-174226.csv:5,press,0.250,99523.05999999878,0.4945601546446764
original:pressure-zone07-neck-head-20260920-174226.csv:5,press,0.275,81109.53999999673,0.40305781037638355
original:pressure-zone07-neck-head-20260920-174226.csv:5,press,0.300,69972.17999999945,0.34771290353838885
original:pressure-zone07-neck-head-20260920-174226.csv:5,press,0.325,51231.73999999923,0.2545859950157861
original:pressure-zone07-neck-head-20260920-174226.csv:5,press,0.350,29275.384615381587,0.14547823130303345
original:pressure-zone07-neck-head-20260920-174226.csv:5,press,0.375,15732.419999998383,0.07817914831129887
original:pressure-zone07-neck-head-20260920-174226.csv:5,press,0.400,7587.779999998881,0.03770597136190623
original:pressure-zone07-neck-head-20260920-174226.csv:5,press,0.425,313.57999999905405,0.0015582737638192767
original:pressure-zone07-neck-head-20260920-174226.csv:5,press,0.450,-3780.5800000000204,-0.01878684426952511
original:pressure-zone07-neck-head-20260920-174226.csv:5,press,0.475,-5317.860000000163,-0.026426053057239718
original:pressure-zone07-neck-head-20260920-174226.csv:5,press,0.500,-7645.5000000002165,-0.03799279948120593
original:pressure-zone07-neck-head-20260920-174226.csv:5,press,0.525,-14555.700000000794,-0.07233167110177277
original:pressure-zone07-neck-head-20260920-174226.csv:5,press,0.550,-26007.54000000097,-0.12923932407552827
original:pressure-zone07-neck-head-20260920-174226.csv:5,press,0.575,-36717.90000000083,-0.1824623389014405
original:pressure-zone07-neck-head-20260920-174226.csv:5,press,0.600,-48961.420000001286,-0.24330408899026904
original:pressure-zone07-neck-head-20260920-174226.csv:5,press,0.625,-71346.30769230862,-0.35454135921499247
original:pressure-zone07-neck-head-20260920-174226.csv:5,press,0.650,-106096.50000000637,-0.5272255640779404
original:pressure-zone07-neck-head-20260920-174226.csv:5,press,0.675,-149645.10000000257,-0.7436317150801055
original:pressure-zone07-neck-head-20260920-174226.csv:5,press,0.700,-199376.30000000144,-0.9907610734686546
original:pressure-zone07-neck-head-20260920-174226.csv:5,press,0.725,-262089.7000000112,-1.3024029060479447
original:pressure-zone07-neck-head-20260920-174226.csv:5,press,0.750,-327867.5000000037,-1.6292726680928749
original:pressure-zone07-neck-head-20260920-174226.csv:5,press,0.775,-366774.65384615806,-1.8226140708083716
original:pressure-zone07-neck-head-20260920-174226.csv:5,press,0.800,-356000.09999999707,-1.7690720573656094
original:pressure-zone07-neck-head-20260920-174226.csv:5,release,-0.400,13340.219999998968,0.03562155789675785
original:pressure-zone07-neck-head-20260920-174226.csv:5,release,-0.375,5811.419999999917,0.015517872568247717
original:pressure-zone07-neck-head-20260920-174226.csv:5,release,-0.350,-994.4199999999792,-0.002655337738335345
original:pressure-zone07-neck-head-20260920-174226.csv:5,release,-0.325,-4370.140000000014,-0.011669312427152616
original:pressure-zone07-neck-head-20260920-174226.csv:5,release,-0.300,-5764.500000000014,-0.015392585017029477
original:pressure-zone07-neck-head-20260920-174226.csv:5,release,-0.275,-8661.900000000705,-0.02312933162616327
original:pressure-zone07-neck-head-20260920-174226.csv:5,release,-0.250,-16768.979999999516,-0.044777161991301745
original:pressure-zone07-neck-head-20260920-174226.csv:5,release,-0.225,-28787.299999999585,-0.07686893271935558
original:pressure-zone07-neck-head-20260920-174226.csv:5,release,-0.200,-39394.54000000114,-0.10519278448378604
original:pressure-zone07-neck-head-20260920-174226.csv:5,release,-0.175,-52915.57692307586,-0.14129716653892035
original:pressure-zone07-neck-head-20260920-174226.csv:5,release,-0.150,-77691.5000000019,-0.20745476951176547
original:pressure-zone07-neck-head-20260920-174226.csv:5,release,-0.125,-115375.18000000204,-0.3080791511848567
original:pressure-zone07-neck-head-20260920-174226.csv:5,release,-0.100,-160699.13999999536,-0.4291048962812811
original:pressure-zone07-neck-head-20260920-174226.csv:5,release,-0.075,-212181.26000000336,-0.5665743921537826
original:pressure-zone07-neck-head-20260920-174226.csv:5,release,-0.050,-277855.700000003,-0.7419407554369456
original:pressure-zone07-neck-head-20260920-174226.csv:5,release,-0.025,-342315.80769230926,-0.9140645628548826
original:pressure-zone07-neck-head-20260920-174226.csv:5,release,0.000,-374498.5,-1.0
original:pressure-zone07-neck-head-20260920-174226.csv:5,release,0.025,-350158.4999999899,-0.935006415245962
original:pressure-zone07-neck-head-20260920-174226.csv:5,release,0.050,-278933.5,-0.7448187375917393
original:pressure-zone07-neck-head-20260920-174226.csv:5,release,0.075,-203293.5,-0.5428419606487075
original:pressure-zone07-neck-head-20260920-174226.csv:5,release,0.100,-143936.49999999386,-0.38434466359676706
original:pressure-zone07-neck-head-20260920-174226.csv:5,release,0.125,-100646.5,-0.2687500751004343
original:pressure-zone07-neck-head-20260920-174226.csv:5,release,0.150,-71013.80769230494,-0.18962374399978887
original:pressure-zone07-neck-head-20260920-174226.csv:5,release,0.175,-49481.29999999807,-0.1321268309485834
original:pressure-zone07-neck-head-20260920-174226.csv:5,release,0.200,-34656.86000000066,-0.09254205290542061
original:pressure-zone07-neck-head-20260920-174226.csv:5,release,0.225,-25662.979999999203,-0.06852625577939352
original:pressure-zone07-neck-head-20260920-174226.csv:5,release,0.250,-19538.100000000275,-0.05217137051283323
original:pressure-zone07-neck-head-20260920-174226.csv:5,release,0.275,-15507.346153845981,-0.041408299776490375
original:pressure-zone07-neck-head-20260920-174226.csv:5,release,0.300,-12632.979999999889,-0.03373305901091697
original:pressure-zone07-neck-head-20260920-174226.csv:5,release,0.325,-10438.939999999915,-0.027874450765490156
original:pressure-zone07-neck-head-20260920-174226.csv:5,release,0.350,-8988.699999999928,-0.024001965294920883
original:pressure-zone07-neck-head-20260920-174226.csv:5,release,0.375,-7728.41999999995,-0.020636718171100684
original:pressure-zone07-neck-head-20260920-174226.csv:5,release,0.400,-6434.339999999934,-0.017181217014220172
original:pressure-zone07-neck-head-20260920-174226.csv:5,release,0.425,-5473.307692307697,-0.01461503234941581
original:pressure-zone07-neck-head-20260920-174226.csv:5,release,0.450,-4650.460000000009,-0.012417833449266176
original:pressure-zone07-neck-head-20260920-174226.csv:5,release,0.475,-6009.020000000216,-0.016045511530754373
original:pressure-zone07-neck-head-20260920-174226.csv:5,release,0.500,-9560.300000000021,-0.025528273143951234
original:pressure-zone07-neck-head-20260920-174226.csv:5,release,0.525,-13609.660000000535,-0.036341026733085806
original:pressure-zone07-neck-head-20260920-174226.csv:5,release,0.550,-15350.961538461663,-0.0409907156863423
original:pressure-zone07-neck-head-20260920-174226.csv:5,release,0.575,-15423.940000000008,-0.0411855855230395
original:pressure-zone07-neck-head-20260920-174226.csv:5,release,0.600,-12551.939999999731,-0.033516662950585197
original:pressure-zone07-neck-head-20260920-174226.csv:5,release,0.625,-8847.8999999997,-0.023625995831758204
original:pressure-zone07-neck-head-20260920-174226.csv:5,release,0.650,-7237.499999999877,-0.019325845096842518
original:pressure-zone07-neck-head-20260920-174226.csv:5,release,0.675,-6242.459999999924,-0.01666885181115525
original:pressure-zone07-neck-head-20260920-174226.csv:5,release,0.700,-6559.576923076945,-0.017515629363206914
original:pressure-zone07-neck-head-20260920-174226.csv:5,release,0.725,-7377.900000000051,-0.01970074646493925
original:pressure-zone07-neck-head-20260920-174226.csv:5,release,0.750,-8566.500000000036,-0.022874590952967865
original:pressure-zone07-neck-head-20260920-174226.csv:5,release,0.775,-9240.30000000003,-0.024673797091310193
original:pressure-zone07-neck-head-20260920-174226.csv:5,release,0.800,-9345.5,-0.02495470609361586
original:pressure-zone07-neck-head-20260920-174226.csv:6,press,-0.400,4727.900000000021,0.020235443162582557
original:pressure-zone07-neck-head-20260920-174226.csv:6,press,-0.375,6651.419999999984,0.02846812144090695
original:pressure-zone07-neck-head-20260920-174226.csv:6,press,-0.350,9466.059999999681,0.04051479919278939
original:pressure-zone07-neck-head-20260920-174226.csv:6,press,-0.325,12083.339999999978,0.05171677484383317
original:pressure-zone07-neck-head-20260920-174226.csv:6,press,-0.300,16347.038461537546,0.06996543236214653
original:pressure-zone07-neck-head-20260920-174226.csv:6,press,-0.275,23353.09999999958,0.09995142192518797
original:pressure-zone07-neck-head-20260920-174226.csv:6,press,-0.250,34215.579999999434,0.1464429079220758
original:pressure-zone07-neck-head-20260920-174226.csv:6,press,-0.225,49007.01999999891,0.209750368615563
original:pressure-zone07-neck-head-20260920-174226.csv:6,press,-0.200,70909.33999999885,0.3034924425783566
original:pressure-zone07-neck-head-20260920-174226.csv:6,press,-0.175,100043.33999999837,0.4281861546066711
original:pressure-zone07-neck-head-20260920-174226.csv:6,press,-0.150,131669.96153846028,0.563548303248997
original:pressure-zone07-neck-head-20260920-174226.csv:6,press,-0.125,160611.69999999768,0.6874191346254575
original:pressure-zone07-neck-head-20260920-174226.csv:6,press,-0.100,186101.61999999793,0.7965161602348779
original:pressure-zone07-neck-head-20260920-174226.csv:6,press,-0.075,208626.0200000008,0.8929207406979441
original:pressure-zone07-neck-head-20260920-174226.csv:6,press,-0.050,225877.61999999927,0.9667577024068585
original:pressure-zone07-neck-head-20260920-174226.csv:6,press,-0.025,233540.65384615384,0.9995555377770666
original:pressure-zone07-neck-head-20260920-174226.csv:6,press,0.000,233644.5,1.0
original:pressure-zone07-neck-head-20260920-174226.csv:6,press,0.025,229285.5,0.981343451268915
original:pressure-zone07-neck-head-20260920-174226.csv:6,press,0.050,217300.5,0.9300475722732613
original:pressure-zone07-neck-head-20260920-174226.csv:6,press,0.075,195839.50000000306,0.8381943508193134
original:pressure-zone07-neck-head-20260920-174226.csv:6,press,0.100,167918.5,0.7186922867861216
original:pressure-zone07-neck-head-20260920-174226.csv:6,press,0.125,141083.5,0.6038383099109973
original:pressure-zone07-neck-head-20260920-174226.csv:6,press,0.150,121563.30769230588,0.5202917581723767
original:pressure-zone07-neck-head-20260920-174226.csv:6,press,0.175,104442.34000000078,0.4470139036014149
original:pressure-zone07-neck-head-20260920-174226.csv:6,press,0.200,88697.18000000081,0.3796245150217566
original:pressure-zone07-neck-head-20260920-174226.csv:6,press,0.225,71834.94000000077,0.307454016679189
original:pressure-zone07-neck-head-20260920-174226.csv:6,press,0.250,56623.14000000077,0.24234741241501842
original:pressure-zone07-neck-head-20260920-174226.csv:6,press,0.275,43975.96153846099,0.18821740523941713
original:pressure-zone07-neck-head-20260920-174226.csv:6,press,0.300,30079.619999999442,0.1287409718610943
original:pressure-zone07-neck-head-20260920-174226.csv:6,press,0.325,20614.100000000824,0.08822848387186868
original:pressure-zone07-neck-head-20260920-174226.csv:6,press,0.350,16735.659999999865,0.07162873510825149
original:pressure-zone07-neck-head-20260920-174226.csv:6,press,0.375,10127.300000000625,0.043344910751165235
original:pressure-zone07-neck-head-20260920-174226.csv:6,press,0.400,3873.4199999997536,0.016578263130524167
original:pressure-zone07-neck-head-20260920-174226.csv:6,press,0.425,1524.2307692307804,0.006523717738833058
original:pressure-zone07-neck-head-20260920-174226.csv:6,press,0.450,-1434.9399999995785,-0.0061415526579892896
original:pressure-zone07-neck-head-20260920-174226.csv:6,press,0.475,-4258.059999999969,-0.018224524865768157
original:pressure-zone07-neck-head-20260920-174226.csv:6,press,0.500,-8842.899999999945,-0.037847670285412006
original:pressure-zone07-neck-head-20260920-174226.csv:6,press,0.525,-14415.620000000032,-0.061698948616381005
original:pressure-zone07-neck-head-20260920-174226.csv:6,press,0.550,-14595.576923076955,-0.06246916543328413
original:pressure-zone07-neck-head-20260920-174226.csv:6,press,0.575,-14522.979999999998,-0.06215845012401318
original:pressure-zone07-neck-head-20260920-174226.csv:6,press,0.600,-21384.259999999675,-0.09152477374815018
original:pressure-zone07-neck-head-20260920-174226.csv:6,press,0.625,-29771.699999999473,-0.127423072231529
original:pressure-zone07-neck-head-20260920-174226.csv:6,press,0.650,-35197.02000000038,-0.15064347759095711
original:pressure-zone07-neck-head-20260920-174226.csv:6,press,0.675,-44473.4599999996,-0.19034670193391925
original:pressure-zone07-neck-head-20260920-174226.csv:6,press,0.700,-69571.30769230479,-0.29776565548217393
original:pressure-zone07-neck-head-20260920-174226.csv:6,press,0.725,-126891.90000000184,-0.5430981683711872
original:pressure-zone07-neck-head-20260920-174226.csv:6,press,0.750,-210179.6999999925,-0.89957050133854
original:pressure-zone07-neck-head-20260920-174226.csv:6,press,0.775,-299103.7000000025,-1.2801658074553544
original:pressure-zone07-neck-head-20260920-174226.csv:6,press,0.800,-380523.90000000224,-1.6286448001130018
original:pressure-zone07-neck-head-20260920-174226.csv:6,release,-0.400,1035.4599999997192,0.0024332819085368354
original:pressure-zone07-neck-head-20260920-174226.csv:6,release,-0.375,-2028.459999999889,-0.004766784830115792
original:pressure-zone07-neck-head-20260920-174226.csv:6,release,-0.350,-4978.899999999808,-0.011700178948889254
original:pressure-zone07-neck-head-20260920-174226.csv:6,release,-0.325,-9876.420000000517,-0.023209118756030312
original:pressure-zone07-neck-head-20260920-174226.csv:6,release,-0.300,-15050.961538461563,-0.03536904604488072
original:pressure-zone07-neck-head-20260920-174226.csv:6,release,-0.275,-14505.380000000001,-0.03408695529567691
original:pressure-zone07-neck-head-20260920-174226.csv:6,release,-0.250,-14853.06000000037,-0.03490398681206694
original:pressure-zone07-neck-head-20260920-174226.csv:6,release,-0.225,-23027.699999999233,-0.05411400324998263
original:pressure-zone07-neck-head-20260920-174226.csv:6,release,-0.200,-31314.62000000025,-0.07358787236467564
original:pressure-zone07-neck-head-20260920-174226.csv:6,release,-0.175,-36378.26000000046,-0.08548718629601756
original:pressure-zone07-neck-head-20260920-174226.csv:6,release,-0.150,-47210.538461539836,-0.11094252711913398
original:pressure-zone07-neck-head-20260920-174226.csv:6,release,-0.125,-75161.5,-0.1766259615712253
original:pressure-zone07-neck-head-20260920-174226.csv:6,release,-0.100,-139824.5,-0.3285809458794169
original:pressure-zone07-neck-head-20260920-174226.csv:6,release,-0.075,-227768.5,-0.5352451764285655
original:pressure-zone07-neck-head-20260920-174226.csv:6,release,-0.050,-316937.5,-0.7447880989001047
original:pressure-zone07-neck-head-20260920-174226.csv:6,release,-0.025,-396420.50000000413,-0.9315693805877564
original:pressure-zone07-neck-head-20260920-174226.csv:6,release,0.000,-425540.5,-1.0
original:pressure-zone07-neck-head-20260920-174226.csv:6,release,0.025,-369890.50000000274,-0.8692251383828395
original:pressure-zone07-neck-head-20260920-174226.csv:6,release,0.050,-277687.5399999915,-0.652552553752208
original:pressure-zone07-neck-head-20260920-174226.csv:6,release,0.075,-195082.18000000372,-0.45843387409659886
original:pressure-zone07-neck-head-20260920-174226.csv:6,release,0.100,-132545.2999999944,-0.31147517098841215
original:pressure-zone07-neck-head-20260920-174226.csv:6,release,0.125,-90166.41999999623,-0.21188681218355535
original:pressure-zone07-neck-head-20260920-174226.csv:6,release,0.150,-62680.42307692161,-0.14729602253351118
original:pressure-zone07-neck-head-20260920-174226.csv:6,release,0.175,-43127.61999999925,-0.1013478623068762
original:pressure-zone07-neck-head-20260920-174226.csv:6,release,0.200,-30711.57999999953,-0.07217075695497732
original:pressure-zone07-neck-head-20260920-174226.csv:6,release,0.225,-22185.459999999577,-0.05213477918082903
original:pressure-zone07-neck-head-20260920-174226.csv:6,release,0.250,-16756.299999999792,-0.03937651057889858
original:pressure-zone07-neck-head-20260920-174226.csv:6,release,0.275,-12582.37999999979,-0.02956799646567081
original:pressure-zone07-neck-head-20260920-174226.csv:6,release,0.300,-10066.961538461552,-0.023656882337783482
original:pressure-zone07-neck-head-20260920-174226.csv:6,release,0.325,-8349.740000000018,-0.019621493136376015
original:pressure-zone07-neck-head-20260920-174226.csv:6,release,0.350,-6986.739999999827,-0.016418507756605603
original:pressure-zone07-neck-head-20260920-174226.csv:6,release,0.375,-5439.739999999991,-0.012783131100330029
original:pressure-zone07-neck-head-20260920-174226.csv:6,release,0.400,-4340.579999999865,-0.010200157211827935
original:pressure-zone07-neck-head-20260920-174226.csv:6,release,0.425,-3638.5769230768656,-0.008550483263230798
original:pressure-zone07-neck-head-20260920-174226.csv:6,release,0.450,-3365.500000000008,-0.007908765440657254
original:pressure-zone07-neck-head-20260920-174226.csv:6,release,0.475,-3194.899999999987,-0.007507863528853275
original:pressure-zone07-neck-head-20260920-174226.csv:6,release,0.500,-2963.5399999999804,-0.006964178497698763
original:pressure-zone07-neck-head-20260920-174226.csv:6,release,0.525,-3087.46000000002,-0.007255384622615286
original:pressure-zone07-neck-head-20260920-174226.csv:6,release,0.550,-3417.540000000028,-0.008031056973425627
original:pressure-zone07-neck-head-20260920-174226.csv:6,release,0.575,-3360.6153846153793,-0.007897286826084425
original:pressure-zone07-neck-head-20260920-174226.csv:6,release,0.600,-2402.299999999934,-0.005645291106251776
original:pressure-zone07-neck-head-20260920-174226.csv:6,release,0.625,-1926.2999999999913,-0.0045267136735516154
original:pressure-zone07-neck-head-20260920-174226.csv:6,release,0.650,-2059.9000000000137,-0.004840667339536457
original:pressure-zone07-neck-head-20260920-174226.csv:6,release,0.675,-1857.299999999991,-0.004364566944861866
original:pressure-zone07-neck-head-20260920-174226.csv:6,release,0.700,-1823.7307692307688,-0.004285680844081277
original:pressure-zone07-neck-head-20260920-174226.csv:6,release,0.725,-1527.739999999952,-0.0035901165693981
original:pressure-zone07-neck-head-20260920-174226.csv:6,release,0.750,-761.9399999999899,-0.001790522876200949
original:pressure-zone07-neck-head-20260920-174226.csv:6,release,0.775,-789.1400000000375,-0.0018544415866410776
original:pressure-zone07-neck-head-20260920-174226.csv:6,release,0.800,-1149.5000000000043,-0.002701270501867635
original:pressure-zone07-neck-head-20260920-174226.csv:7,press,-0.400,5046.200000000312,0.019790028511258658
original:pressure-zone07-neck-head-20260920-174226.csv:7,press,-0.375,7214.800000000015,0.028294775812100284
original:pressure-zone07-neck-head-20260920-174226.csv:7,press,-0.350,8666.240000000027,0.03398698757191554
original:pressure-zone07-neck-head-20260920-174226.csv:7,press,-0.325,11417.30769230834,0.04477603835610577
original:pressure-zone07-neck-head-20260920-174226.csv:7,press,-0.300,16508.23999999973,0.06474149662531709
original:pressure-zone07-neck-head-20260920-174226.csv:7,press,-0.275,23473.52000000093,0.09205771274614365
original:pressure-zone07-neck-head-20260920-174226.csv:7,press,-0.250,32730.600000000988,0.12836183805449292
original:pressure-zone07-neck-head-20260920-174226.csv:7,press,-0.225,43713.9999999995,0.17143619086463036
original:pressure-zone07-neck-head-20260920-174226.csv:7,press,-0.200,56723.72000000164,0.22245730174480124
original:pressure-zone07-neck-head-20260920-174226.csv:7,press,-0.175,75263.53846153738,0.29516617890926744
original:pressure-zone07-neck-head-20260920-174226.csv:7,press,-0.150,100135.80000000155,0.39270943224557153
original:pressure-zone07-neck-head-20260920-174226.csv:7,press,-0.125,130587.6800000017,0.5121346578453085
original:pressure-zone07-neck-head-20260920-174226.csv:7,press,-0.100,163491.56000000137,0.6411760599560031
original:pressure-zone07-neck-head-20260920-174226.csv:7,press,-0.075,193576.40000000142,0.759161839623202
original:pressure-zone07-neck-head-20260920-174226.csv:7,press,-0.050,220946.5000000011,0.8665010373077886
original:pressure-zone07-neck-head-20260920-174226.csv:7,press,-0.025,243159.0000000017,0.9536133214634538
original:pressure-zone07-neck-head-20260920-174226.csv:7,press,0.000,254987.0,1.0
original:pressure-zone07-neck-head-20260920-174226.csv:7,press,0.025,253324.0,0.9934780988834725
original:pressure-zone07-neck-head-20260920-174226.csv:7,press,0.050,244785.99999999796,0.9599940389117797
original:pressure-zone07-neck-head-20260920-174226.csv:7,press,0.075,230475.0,0.9038696090388921
original:pressure-zone07-neck-head-20260920-174226.csv:7,press,0.100,205777.99999999595,0.8070136908940297
original:pressure-zone07-neck-head-20260920-174226.csv:7,press,0.125,177238.57692307426,0.6950886787290107
original:pressure-zone07-neck-head-20260920-174226.csv:7,press,0.150,156003.23999999798,0.6118086020071533
original:pressure-zone07-neck-head-20260920-174226.csv:7,press,0.175,143669.0399999989,0.5634367242251522
original:pressure-zone07-neck-head-20260920-174226.csv:7,press,0.200,126950.64000000077,0.4978710287191142
original:pressure-zone07-neck-head-20260920-174226.csv:7,press,0.225,107642.31999999823,0.42214826638220077
original:pressure-zone07-neck-head-20260920-174226.csv:7,press,0.250,89650.31999999838,0.35158780643718457
original:pressure-zone07-neck-head-20260920-174226.csv:7,press,0.275,75584.38461538203,0.296424463268253
original:pressure-zone07-neck-head-20260920-174226.csv:7,press,0.300,66233.39999999954,0.2597520657915876
original:pressure-zone07-neck-head-20260920-174226.csv:7,press,0.325,55983.039999999586,0.2195525262072168
original:pressure-zone07-neck-head-20260920-174226.csv:7,press,0.350,43377.999999999345,0.1701184766282177
original:pressure-zone07-neck-head-20260920-174226.csv:7,press,0.375,37432.91999999979,0.14680324879307488
original:pressure-zone07-neck-head-20260920-174226.csv:7,press,0.400,36130.11538461525,0.14169395061165962
original:pressure-zone07-neck-head-20260920-174226.csv:7,press,0.425,28557.999999998894,0.11199786655789862
original:pressure-zone07-neck-head-20260920-174226.csv:7,press,0.450,15430.43999999992,0.06051461447054132
original:pressure-zone07-neck-head-20260920-174226.csv:7,press,0.475,3189.0799999984265,0.012506833681710936
original:pressure-zone07-neck-head-20260920-174226.csv:7,press,0.500,-5076.760000000045,-0.019909877758474137
original:pressure-zone07-neck-head-20260920-174226.csv:7,press,0.525,-9806.840000000564,-0.03846015679230927
original:pressure-zone07-neck-head-20260920-174226.csv:7,press,0.550,-21232.769230770315,-0.0832700068268983
original:pressure-zone07-neck-head-20260920-174226.csv:7,press,0.575,-40877.00000000167,-0.1603101334577907
original:pressure-zone07-neck-head-20260920-174226.csv:7,press,0.600,-62695.800000002244,-0.24587841733108842
original:pressure-zone07-neck-head-20260920-174226.csv:7,press,0.625,-87701.56000000203,-0.34394522073675143
original:pressure-zone07-neck-head-20260920-174226.csv:7,press,0.650,-116834.56000000305,-0.45819810421708973
original:pressure-zone07-neck-head-20260920-174226.csv:7,press,0.675,-154543.3076923092,-0.6060830853820359
original:pressure-zone07-neck-head-20260920-174226.csv:7,press,0.700,-220868.40000000206,-0.8661947471831978
original:pressure-zone07-neck-head-20260920-174226.csv:7,press,0.725,-307920.20000000513,-1.2075917595799204
original:pressure-zone07-neck-head-20260920-174226.csv:7,press,0.750,-383753.6000000021,-1.504992803554699
original:pressure-zone07-neck-head-20260920-174226.csv:7,press,0.775,-419833.0000000046,-1.6464878601654382
original:pressure-zone07-neck-head-20260920-174226.csv:7,press,0.800,-387164.9999999973,-1.5183715248228236
original:pressure-zone07-neck-head-20260920-174226.csv:7,release,-0.400,36890.88461538461,0.08675207143031573
original:pressure-zone07-neck-head-20260920-174226.csv:7,release,-0.375,35338.000000000335,0.08310033039777148
original:pressure-zone07-neck-head-20260920-174226.csv:7,release,-0.350,26440.040000000703,0.06217601617891028
original:pressure-zone07-neck-head-20260920-174226.csv:7,release,-0.325,12816.280000000479,0.030138578936849295
original:pressure-zone07-neck-head-20260920-174226.csv:7,release,-0.300,1124.8400000003967,0.0026451574974435837
original:pressure-zone07-neck-head-20260920-174226.csv:7,release,-0.275,-6352.439999999828,-0.014938306152923204
original:pressure-zone07-neck-head-20260920-174226.csv:7,release,-0.250,-11316.615384614843,-0.02661198928762206
original:pressure-zone07-neck-head-20260920-174226.csv:7,release,-0.225,-24056.999999998086,-0.056572093734195784
original:pressure-zone07-neck-head-20260920-174226.csv:7,release,-0.200,-45119.800000001,-0.10610306999494644
original:pressure-zone07-neck-head-20260920-174226.csv:7,release,-0.175,-67234.35999999767,-0.15810734988065156
original:pressure-zone07-neck-head-20260920-174226.csv:7,release,-0.150,-92987.36000000135,-0.21866773271878884
original:pressure-zone07-neck-head-20260920-174226.csv:7,release,-0.125,-123172.53846153482,-0.28965076241116255
original:pressure-zone07-neck-head-20260920-174226.csv:7,release,-0.100,-162385.9999999944,-0.38186457218778447
original:pressure-zone07-neck-head-20260920-174226.csv:7,release,-0.075,-235489.0,-0.5537725311291138
original:pressure-zone07-neck-head-20260920-174226.csv:7,release,-0.050,-326027.99999998714,-0.7666827358346062
original:pressure-zone07-neck-head-20260920-174226.csv:7,release,-0.025,-398185.0,-0.9363660948394456
original:pressure-zone07-neck-head-20260920-174226.csv:7,release,0.000,-425245.0,-1.0
original:pressure-zone07-neck-head-20260920-174226.csv:7,release,0.025,-377645.0,-0.8880645275076721
original:pressure-zone07-neck-head-20260920-174226.csv:7,release,0.050,-294764.2307692348,-0.6931633076678969
original:pressure-zone07-neck-head-20260920-174226.csv:7,release,0.075,-214989.80000000406,-0.5055669084880576
original:pressure-zone07-neck-head-20260920-174226.csv:7,release,0.100,-151660.00000000285,-0.35664146550812553
original:pressure-zone07-neck-head-20260920-174226.csv:7,release,0.125,-104411.28000000239,-0.24553205799010544
original:pressure-zone07-neck-head-20260920-174226.csv:7,release,0.150,-70496.43999999696,-0.16577841009299807
original:pressure-zone07-neck-head-20260920-174226.csv:7,release,0.175,-49096.076923076005,-0.11545362537613847
original:pressure-zone07-neck-head-20260920-174226.csv:7,release,0.200,-34575.28000000127,-0.08130672906207309
original:pressure-zone07-neck-head-20260920-174226.csv:7,release,0.225,-23295.679999999564,-0.054781784618277846
original:pressure-zone07-neck-head-20260920-174226.csv:7,release,0.250,-15105.36000000072,-0.03552154640266369
original:pressure-zone07-neck-head-20260920-174226.csv:7,release,0.275,-10136.799999999814,-0.023837552469752294
original:pressure-zone07-neck-head-20260920-174226.csv:7,release,0.300,-7112.239999999885,-0.016725040858798775
original:pressure-zone07-neck-head-20260920-174226.csv:7,release,0.325,-5738.192307692314,-0.013493850151541614
original:pressure-zone07-neck-head-20260920-174226.csv:7,release,0.350,-3843.079999999989,-0.009037331420710388
original:pressure-zone07-neck-head-20260920-174226.csv:7,release,0.375,-2685.400000000012,-0.006314947853590311
original:pressure-zone07-neck-head-20260920-174226.csv:7,release,0.400,-2647.120000000001,-0.00622492915848511
original:pressure-zone07-neck-head-20260920-174226.csv:7,release,0.425,-2484.760000000002,-0.005843125727521786
original:pressure-zone07-neck-head-20260920-174226.csv:7,release,0.450,-2101.3846153846375,-0.0049415857103190805
original:pressure-zone07-neck-head-20260920-174226.csv:7,release,0.475,-1627.7600000000193,-0.0038278169055486117
original:pressure-zone07-neck-head-20260920-174226.csv:7,release,0.500,-1313.1200000000176,-0.0030879140260320933
original:pressure-zone07-neck-head-20260920-174226.csv:7,release,0.525,-952.9999999999702,-0.0022410610354030506
original:pressure-zone07-neck-head-20260920-174226.csv:7,release,0.550,-767.840000000006,-0.0018056414537502051
original:pressure-zone07-neck-head-20260920-174226.csv:7,release,0.575,-603.7200000000105,-0.0014196992322073403
original:pressure-zone07-neck-head-20260920-174226.csv:7,release,0.600,-507.53846153845836,-0.001193520115553289
original:pressure-zone07-neck-head-20260920-174226.csv:7,release,0.625,-162.200000000035,-0.0003814271772743595
original:pressure-zone07-neck-head-20260920-174226.csv:7,release,0.650,264.0000000000122,0.0006208185869322678
original:pressure-zone07-neck-head-20260920-174226.csv:7,release,0.675,19.599999999988256,4.609107690857801e-05
original:pressure-zone07-neck-head-20260920-174226.csv:7,release,0.700,123.39999999998014,0.0002901856576796438
original:pressure-zone07-neck-head-20260920-174226.csv:7,release,0.725,369.2307692307665,0.0008682777439611671
original:pressure-zone07-neck-head-20260920-174226.csv:7,release,0.750,402.4000000000008,0.0009462780279603541
original:pressure-zone07-neck-head-20260920-174226.csv:7,release,0.775,357.51999999999947,0.0008407388681818704
original:pressure-zone07-neck-head-20260920-174226.csv:7,release,0.800,276.0800000000021,0.000649225740455507
