TX PAI1,MODE,1*1f24
RX 1851,841606,3933118
RX PNEU1,1852,841631,3936167
RX PNEU1,1853,841656,3937677
RX PNEU1,1854,841681,3938125
RX PNEU1,1855,841706,3939213
RX PNEU1,1856,841731,3939727
RX # PNEC1,20,841752,LEGS,103,3e60,bd06,3f0f,3e8a
RX # PNEL1,LEGS,841756
RX PNEU1,1857,841758,3940545
RX # PNEF1,20,840498,841731,0,206621,188530,251431,263661,5856,912
RX PNEU1,1858,841782,3940626
RX # PNEF1,20,840498,841731,6,122481,133640,124539,143079,2295,1246
RX PNEU1,1859,841807,3939692
RX PNEU1,1860,841832,3939880
RX PNEU1,1861,841857,3940613
RX PNEU1,1862,841883,3940886
RX PNEU1,1863,841908,3941156
RX # PAI1,MODE,1
TX PAI1,INIT,1,12,64,1,1*1542
RX # PNEL1,UNKNOWN,841915
RX # PAI1,INIT,1,12,64,4
TX PAI1,TRAIN,2,2,bf1fbdddbf33bf353f103ee63f393e873d643ee9bee4be28*0f4c
RX # PAI1,TRAIN,2,4247
TX PAI1,TRAIN,3,2,3f6cbe82bf4cbe643ed3bf713ebe3f123e9a3eafbe99be4b*16d3
RX # PAI1,TRAIN,3,4240
TX PAI1,TRAIN,4,3,3eb03ce03ef23ef6bf2dbe8a3e283ebe3e833e623d16bcfb*bf18
RX # PAI1,TRAIN,4,4247
TX PAI1,TRAIN,5,4,3dfe3fac3ef23f4ebeb53f4cbdb33ec23db23d45bd6bbed1*d422
RX # PAI1,TRAIN,5,4248
TX PAI1,TRAIN,6,3,bcfcbe8bbd7cbe18bd32be20396f3d9dbe3abe0c3e483e99*1885
RX # PAI1,TRAIN,6,4239
TX PAI1,TRAIN,7,3,bdcdbe393e2ebe223dacbd16be25bdb0be09be113e4b3e9d*9e65
RX # PAI1,TRAIN,7,4247
TX PAI1,TRAIN,8,3,3d8f3df93e8b3dcabec13cb8be74be28bd1dbdf3bd60be43*131b
RX # PAI1,TRAIN,8,4248
TX PAI1,TRAIN,9,1,be8e3da9be8abe523ebd3e94bea1bebcbe8cbea13e403e5f*d4bf
RX # PAI1,TRAIN,9,4246
TX PAI1,TRAIN,10,4,3de63df83d253d8abe35bc5ebcbf3ef03d953d613d453d9b*8092
RX # PAI1,TRAIN,10,4246
TX PAI1,TRAIN,11,3,3e99bee7be84beabbd9abf0dbe653d3ebdccbe073e783ee9*c9e4
RX # PAI1,TRAIN,11,4246
TX PAI1,TRAIN,12,3,3dd93ee73f1b3f06be873e5a3d72be063de23d983d58bdce*28f0
RX # PAI1,TRAIN,12,4238
TX PAI1,TRAIN,13,4,bdd03e79bd94bd063d4e3e7ebd343e653d9a3d5f3b923d4b*f987
RX # PAI1,TRAIN,13,4246
TX PAI1,TRAIN,14,2,3f3fbe89beac3e69be00bf4f3f193f383f213f1fbe58bdd1*10d0
RX # PAI1,TRAIN,14,4245
TX PAI1,TRAIN,15,4,3e783ec53e613eb4bd8d3d5ebdb93c7d3c6abd6d3df53c10*3779
RX # PAI1,TRAIN,15,4246
TX PAI1,TRAIN,16,4,3d6d3e03bd97bcc2bd483d17bd1e3e26bc2cbd4d3d4a3d7d*5eaa
RX # PAI1,TRAIN,16,4239
TX PAI1,TRAIN,17,1,bd47be753ec33e73be1fbdf4beb8bebbbeccbed53e993e1b*f5cb
RX # PAI1,TRAIN,17,4245
TX PAI1,TRAIN,18,3,bd123e99bdd93d1ebdc23e6bbe74bde4bdb6be10ba96bdbd*5ede
RX # PAI1,TRAIN,18,4243
TX PAI1,TRAIN,19,2,bf09bad6beb8bef93f273ee63f3c3ed03e343ef1bedbbe62*6a31
RX # PAI1,TRAIN,19,4239
TX PAI1,TRAIN,20,1,be73be293e0d3c273df23db7be9bbeafbea9beb03e4f3e08*ae69
RX # PAI1,TRAIN,20,4240
TX PAI1,TRAIN,21,3,3f02be34bd033dadbdb8bf0bbe2d3eb6bd96bd9c3e803ea3*7618
RX # PAI1,TRAIN,21,4248
TX PAI1,TRAIN,22,3,3ed23d673ec83eaebf20be9dbe01be8b3db8bc353dfc3d34*d5a5
RX # PAI1,TRAIN,22,4239
TX PAI1,TRAIN,23,3,3e4cbf12bf06bec43e05bf0c3f123ea13d163e6e3d473eb9*78d4
RX # PAI1,TRAIN,23,4246
TX PAI1,TRAIN,24,3,3e8f3e2a3e9f3eb6beedbdfcbe0dbd3b3e323d8a3d45bd22*d0ad
RX # PAI1,TRAIN,24,4244
TX PAI1,TRAIN,25,4,be20bd70be01be213c923dbdbe2b3e22ba9bbd35bcad3c27*fa81
RX # PAI1,TRAIN,25,4247
TX PAI1,TRAIN,26,2,bea8be47be8dbedd3ee93e163edc3e8b3d0b3e62beb2be7f*5160
RX # PAI1,TRAIN,26,4240
TX PAI1,TRAIN,27,1,bea0beccb982be2f3e36bb63bddfbeccbecbbea73dfd3dc6*494a
RX # PAI1,TRAIN,27,4238
TX PAI1,TRAIN,28,2,be243e6f3e213e7f3db33e953f3d3ee03f353f48be45b86b*1484
RX # PAI1,TRAIN,28,4239
TX PAI1,TRAIN,29,4,3e983ea13ea63eb2bf00bd24bda3be2eb913bd853d8abd9b*fa42
RX # PAI1,TRAIN,29,4239
TX PAI1,TRAIN,30,1,be9dbed0be22beab3dd5bc5ebed3bf08becebedc3e063dfe*9205
RX # PAI1,TRAIN,30,4248
TX PAI1,TRAIN,31,1,3d9abd9c3ee93ecc3c4bbdeabec7bebabed4bedc3ec83e64*daab
RX # PAI1,TRAIN,31,4237
TX PAI1,TRAIN,32,1,bca9bdea3e873dc9be29bd72beb2bf0abeb6bec13e8b3e42*2b88
RX # PAI1,TRAIN,32,4237
TX PAI1,TRAIN,33,1,be08be473a0bbe20bcdabc93be66bef6be3dbe6c3e0f3e29*5739
RX # PAI1,TRAIN,33,4247
TX PAI1,TRAIN,34,1,be71bdd83c96bce93e5c3e02bec8beefbeb9bec53e663e28*926e
RX # PAI1,TRAIN,34,4238
TX PAI1,TRAIN,35,3,3d5e3f1f3e593ea3be923ebebe063adf3dc93c643cffbda1*c617
RX # PAI1,TRAIN,35,4248
TX PAI1,TRAIN,36,4,3d1ebddfbe38be38be56bdd73dc33d1dbaae3cb5bd3f3c6a*d8e6
RX # PAI1,TRAIN,36,4249
TX PAI1,TRAIN,37,2,befcbe12beadbed03f063ea33eb73eb13de13e7dbe9abe30*f306
RX # PAI1,TRAIN,37,4246
TX PAI1,TRAIN,38,4,3e933e733dad3e53beaebda9ba68bcb33d9f3ce53c51bd57*5914
RX # PAI1,TRAIN,38,4246
TX PAI1,TRAIN,39,1,be59be8c3e463d3e3d31bb85be7ebecfbeacbeae3e813e4b*3477
RX # PAI1,TRAIN,39,4249
TX PAI1,TRAIN,40,4,3eb23c8bbe0abd30be1ebe8f3d483e3fbd36bd5c3d463d88*49ca
RX # PAI1,TRAIN,40,4246
TX PAI1,TRAIN,41,4,3e383ef93ea13ebfbe863e33be3bbdeebd0cbdbd3df4bc97*1855
RX # PAI1,TRAIN,41,4246
TX PAI1,TRAIN,42,1,be4a3dfc3e5b3e233e873e7ebe8bbed0be72be903e953e7c*8cd2
RX # PAI1,TRAIN,42,4240
TX PAI1,TRAIN,43,2,bf22be15bf0abf183f343ede3ec93ee53e873e98beb5be17*ffae
RX # PAI1,TRAIN,43,4238
TX PAI1,TRAIN,44,2,bf09be67bf22bf313f353e993f13be3c3fb83f93bfddbfeb*541b
RX # PAI1,TRAIN,44,4247
TX PAI1,TRAIN,45,1,3c68bea93e843d9dbde9be6ebeb4be94bed1bed03e8d3e43*422b
RX # PAI1,TRAIN,45,4248
TX PAI1,TRAIN,46,2,bf1fbdddbf33bf353f103ee63f393e873d643ee9bee4be28*939d
RX # PAI1,TRAIN,46,4244
TX PAI1,TRAIN,47,4,3e383ef93ea13ebfbe863e33be3bbdeebd0cbdbd3df4bc97*13f4
RX # PAI1,TRAIN,47,4246
TX PAI1,TRAIN,48,1,be4a3dfc3e5b3e233e873e7ebe8bbed0be72be903e953e7c*9031
RX # PAI1,TRAIN,48,4248
TX PAI1,TRAIN,49,2,bea8be47be8dbedd3ee93e163edc3e8b3d0b3e62beb2be7f*db89
RX # PAI1,TRAIN,49,4243
TX PAI1,TRAIN,50,3,3d5e3f1f3e593ea3be923ebebe063adf3dc93c643cffbda1*501d
RX # PAI1,TRAIN,50,4245
TX PAI1,TRAIN,51,4,3d1ebddfbe38be38be56bdd73dc33d1dbaae3cb5bd3f3c6a*b86c
RX # PAI1,TRAIN,51,4247
TX PAI1,TRAIN,52,1,be8e3da9be8abe523ebd3e94bea1bebcbe8cbea13e403e5f*5d10
RX # PAI1,TRAIN,52,4238
TX PAI1,TRAIN,53,3,bcfcbe8bbd7cbe18bd32be20396f3d9dbe3abe0c3e483e99*70e8
RX # PAI1,TRAIN,53,4246
TX PAI1,TRAIN,54,3,3e8f3e2a3e9f3eb6beedbdfcbe0dbd3b3e323d8a3d45bd22*4f3a
RX # PAI1,TRAIN,54,4248
TX PAI1,TRAIN,55,3,3e99bee7be84beabbd9abf0dbe653d3ebdccbe073e783ee9*2b77
RX # PAI1,TRAIN,55,4247
TX PAI1,TRAIN,56,2,3f6cbe82bf4cbe643ed3bf713ebe3f123e9a3eafbe99be4b*7ebe
RX # PAI1,TRAIN,56,4247
TX PAI1,TRAIN,57,4,3e983ea13ea63eb2bf00bd24bda3be2eb913bd853d8abd9b*8417
RX # PAI1,TRAIN,57,4244
TX PAI1,TRAIN,58,4,3eb23c8bbe0abd30be1ebe8f3d483e3fbd36bd5c3d463d88*2c55
RX # PAI1,TRAIN,58,4245
TX PAI1,TRAIN,59,3,3eb03ce03ef23ef6bf2dbe8a3e283ebe3e833e623d16bcfb*3d16
RX # PAI1,TRAIN,59,4239
TX PAI1,TRAIN,60,2,be243e6f3e213e7f3db33e953f3d3ee03f353f48be45b86b*e155
RX # PAI1,TRAIN,60,4244
TX PAI1,TRAIN,61,2,bf09be67bf22bf313f353e993f13be3c3fb83f93bfddbfeb*dda3
RX # PAI1,TRAIN,61,4247
TX PAI1,TRAIN,62,3,3f02be34bd033dadbdb8bf0bbe2d3eb6bd96bd9c3e803ea3*e46a
RX # PAI1,TRAIN,62,4247
TX PAI1,TRAIN,63,4,3d6d3e03bd97bcc2bd483d17bd1e3e26bc2cbd4d3d4a3d7d*475c
RX # PAI1,TRAIN,63,4239
TX PAI1,TRAIN,64,1,bca9bdea3e873dc9be29bd72beb2bf0abeb6bec13e8b3e42*b067
RX # PAI1,TRAIN,64,4249
TX PAI1,TRAIN,65,4,be20bd70be01be213c923dbdbe2b3e22ba9bbd35bcad3c27*e533
RX # PAI1,TRAIN,65,4247
TX PAI1,TRAIN,66,1,3c68bea93e843d9dbde9be6ebeb4be94bed1bed03e8d3e43*c032
RX # PAI1,TRAIN,66,4248
TX PAI1,TRAIN,67,3,3d8f3df93e8b3dcabec13cb8be74be28bd1dbdf3bd60be43*e7b0
RX # PAI1,TRAIN,67,4246
TX PAI1,TRAIN,68,1,be59be8c3e463d3e3d31bb85be7ebecfbeacbeae3e813e4b*df79
RX # PAI1,TRAIN,68,4249
TX PAI1,TRAIN,69,1,be73be293e0d3c273df23db7be9bbeafbea9beb03e4f3e08*20f8
RX # PAI1,TRAIN,69,4239
TX PAI1,TRAIN,70,1,bd47be753ec33e73be1fbdf4beb8bebbbeccbed53e993e1b*9541
RX # PAI1,TRAIN,70,4246
TX PAI1,TRAIN,71,4,bdd03e79bd94bd063d4e3e7ebd343e653d9a3d5f3b923d4b*1f6c
RX # PAI1,TRAIN,71,4243
TX PAI1,TRAIN,72,3,3dd93ee73f1b3f06be873e5a3d72be063de23d983d58bdce*389b
RX # PAI1,TRAIN,72,4244
TX PAI1,TRAIN,73,2,bf09bad6beb8bef93f273ee63f3c3ed03e343ef1bedbbe62*66b9
RX # PAI1,TRAIN,73,4247
TX PAI1,TRAIN,74,2,3f3fbe89beac3e69be00bf4f3f193f383f213f1fbe58bdd1*00bb
RX # PAI1,TRAIN,74,4246
TX PAI1,TRAIN,75,1,be71bdd83c96bce93e5c3e02bec8beefbeb9bec53e663e28*f69c
RX # PAI1,TRAIN,75,4239
TX PAI1,TRAIN,76,4,3dfe3fac3ef23f4ebeb53f4cbdb33ec23db23d45bd6bbed1*b837
RX # PAI1,TRAIN,76,4248
TX PAI1,TRAIN,77,1,3d9abd9c3ee93ecc3c4bbdeabec7bebabed4bedc3ec83e64*ceb8
RX # PAI1,TRAIN,77,4249
TX PAI1,TRAIN,78,2,befcbe12beadbed03f063ea33eb73eb13de13e7dbe9abe30*7636
RX # PAI1,TRAIN,78,4247
TX PAI1,TRAIN,79,1,be9dbed0be22beab3dd5bc5ebed3bf08becebedc3e063dfe*1c94
RX # PAI1,TRAIN,79,4238
TX PAI1,TRAIN,80,3,3ed23d673ec83eaebf20be9dbe01be8b3db8bc353dfc3d34*1398
RX # PAI1,TRAIN,80,4238
TX PAI1,TRAIN,81,4,3de63df83d253d8abe35bc5ebcbf3ef03d953d613d453d9b*4b4a
RX # PAI1,TRAIN,81,4245
TX PAI1,TRAIN,82,2,bf22be15bf0abf183f343ede3ec93ee53e873e98beb5be17*a438
RX # PAI1,TRAIN,82,4248
TX PAI1,TRAIN,83,1,bea0beccb982be2f3e36bb63bddfbeccbecbbea73dfd3dc6*84d6
RX # PAI1,TRAIN,83,4247
TX PAI1,TRAIN,84,3,3e4cbf12bf06bec43e05bf0c3f123ea13d163e6e3d473eb9*3888
RX # PAI1,TRAIN,84,4244
TX PAI1,TRAIN,85,4,3e783ec53e613eb4bd8d3d5ebdb93c7d3c6abd6d3df53c10*87e1
RX # PAI1,TRAIN,85,4249
TX PAI1,TRAIN,86,4,3e933e733dad3e53beaebda9ba68bcb33d9f3ce53c51bd57*0797
RX # PAI1,TRAIN,86,4238
TX PAI1,TRAIN,87,3,bd123e99bdd93d1ebdc23e6bbe74bde4bdb6be10ba96bdbd*74c4
RX # PAI1,TRAIN,87,4238
TX PAI1,TRAIN,88,3,bdcdbe393e2ebe223dacbd16be25bdb0be09be113e4b3e9d*45c1
RX # PAI1,TRAIN,88,4247
TX PAI1,TRAIN,89,1,be08be473a0bbe20bcdabc93be66bef6be3dbe6c3e0f3e29*f49b
RX # PAI1,TRAIN,89,4248
TX PAI1,TRAIN,90,1,bca9bdea3e873dc9be29bd72beb2bf0abeb6bec13e8b3e42*edb5
RX # PAI1,TRAIN,90,4238
TX PAI1,TRAIN,91,4,3e383ef93ea13ebfbe863e33be3bbdeebd0cbdbd3df4bc97*b77f
RX # PAI1,TRAIN,91,4245
TX PAI1,TRAIN,92,3,3dd93ee73f1b3f06be873e5a3d72be063de23d983d58bdce*1794
RX # PAI1,TRAIN,92,4248
TX PAI1,TRAIN,93,1,be9dbed0be22beab3dd5bc5ebed3bf08becebedc3e063dfe*2f78
RX # PAI1,TRAIN,93,4247
TX PAI1,TRAIN,94,2,3f3fbe89beac3e69be00bf4f3f193f383f213f1fbe58bdd1*2fb4
RX # PAI1,TRAIN,94,4246
TX PAI1,TRAIN,95,2,bf22be15bf0abf183f343ede3ec93ee53e873e98beb5be17*5b25
RX # PAI1,TRAIN,95,4243
TX PAI1,TRAIN,96,1,be71bdd83c96bce93e5c3e02bec8beefbeb9bec53e663e28*5453
RX # PAI1,TRAIN,96,4248
TX PAI1,TRAIN,97,1,be08be473a0bbe20bcdabc93be66bef6be3dbe6c3e0f3e29*9aa5
RX # PAI1,TRAIN,97,4247
TX PAI1,TRAIN,98,3,bd123e99bdd93d1ebdc23e6bbe74bde4bdb6be10ba96bdbd*61ba
RX # PAI1,TRAIN,98,4247
TX PAI1,TRAIN,99,1,3d9abd9c3ee93ecc3c4bbdeabec7bebabed4bedc3ec83e64*0075
RX # PAI1,TRAIN,99,4249
TX PAI1,TRAIN,100,3,bcfcbe8bbd7cbe18bd32be20396f3d9dbe3abe0c3e483e99*2c58
RX # PAI1,TRAIN,100,4248
TX PAI1,TRAIN,101,2,be243e6f3e213e7f3db33e953f3d3ee03f353f48be45b86b*cb40
RX # PAI1,TRAIN,101,4246
TX PAI1,TRAIN,102,4,3e983ea13ea63eb2bf00bd24bda3be2eb913bd853d8abd9b*d306
RX # PAI1,TRAIN,102,4248
TX PAI1,TRAIN,103,1,be8e3da9be8abe523ebd3e94bea1bebcbe8cbea13e403e5f*f720
RX # PAI1,TRAIN,103,4247
TX PAI1,TRAIN,104,4,bdd03e79bd94bd063d4e3e7ebd343e653d9a3d5f3b923d4b*47a4
RX # PAI1,TRAIN,104,4246
TX PAI1,TRAIN,105,1,be4a3dfc3e5b3e233e873e7ebe8bbed0be72be903e953e7c*a2bf
RX # PAI1,TRAIN,105,4248
TX PAI1,TRAIN,106,3,3eb03ce03ef23ef6bf2dbe8a3e283ebe3e833e623d16bcfb*76e4
RX # PAI1,TRAIN,106,4248
TX PAI1,TRAIN,107,3,3f02be34bd033dadbdb8bf0bbe2d3eb6bd96bd9c3e803ea3*335e
RX # PAI1,TRAIN,107,4247
TX PAI1,TRAIN,108,4,3d6d3e03bd97bcc2bd483d17bd1e3e26bc2cbd4d3d4a3d7d*71aa
RX # PAI1,TRAIN,108,4238
TX PAI1,TRAIN,109,4,3dfe3fac3ef23f4ebeb53f4cbdb33ec23db23d45bd6bbed1*fc1c
RX # PAI1,TRAIN,109,4244
TX PAI1,TRAIN,110,3,3e99bee7be84beabbd9abf0dbe653d3ebdccbe073e783ee9*f39a
RX # PAI1,TRAIN,110,4248
TX PAI1,TRAIN,111,4,be20bd70be01be213c923dbdbe2b3e22ba9bbd35bcad3c27*c6bb
RX # PAI1,TRAIN,111,4239
TX PAI1,TRAIN,112,2,bea8be47be8dbedd3ee93e163edc3e8b3d0b3e62beb2be7f*6d5a
RX # PAI1,TRAIN,112,4248
TX PAI1,TRAIN,113,1,3c68bea93e843d9dbde9be6ebeb4be94bed1bed03e8d3e43*98fa
RX # PAI1,TRAIN,113,4246
TX PAI1,TRAIN,114,4,3d1ebddfbe38be38be56bdd73dc33d1dbaae3cb5bd3f3c6a*6081
RX # PAI1,TRAIN,114,4239
TX PAI1,TRAIN,115,2,bf09be67bf22bf313f353e993f13be3c3fb83f93bfddbfeb*fe2b
RX # PAI1,TRAIN,115,4246
TX PAI1,TRAIN,116,3,3d5e3f1f3e593ea3be923ebebe063adf3dc93c643cffbda1*0530
RX # PAI1,TRAIN,116,4237
TX PAI1,TRAIN,117,4,3e933e733dad3e53beaebda9ba68bcb33d9f3ce53c51bd57*8d71
RX # PAI1,TRAIN,117,4247
TX PAI1,TRAIN,118,4,3e783ec53e613eb4bd8d3d5ebdb93c7d3c6abd6d3df53c10*1a45
RX # PAI1,TRAIN,118,4248
TX PAI1,TRAIN,119,3,bdcdbe393e2ebe223dacbd16be25bdb0be09be113e4b3e9d*cf27
RX # PAI1,TRAIN,119,4249
TX PAI1,TRAIN,120,4,3eb23c8bbe0abd30be1ebe8f3d483e3fbd36bd5c3d463d88*189f
RX # PAI1,TRAIN,120,4237
TX PAI1,TRAIN,121,1,bd47be753ec33e73be1fbdf4beb8bebbbeccbed53e993e1b*3f71
RX # PAI1,TRAIN,121,4239
TX PAI1,TRAIN,122,3,3d8f3df93e8b3dcabec13cb8be74be28bd1dbdf3bd60be43*3f5d
RX # PAI1,TRAIN,122,4247
TX PAI1,TRAIN,123,3,3e4cbf12bf06bec43e05bf0c3f123ea13d163e6e3d473eb9*39ea
RX # PAI1,TRAIN,123,4238
TX PAI1,TRAIN,124,1,be59be8c3e463d3e3d31bb85be7ebecfbeacbeae3e813e4b*96b7
RX # PAI1,TRAIN,124,4239
TX PAI1,TRAIN,125,2,bf1fbdddbf33bf353f103ee63f393e873d643ee9bee4be28*4f08
RX # PAI1,TRAIN,125,4247
TX PAI1,TRAIN,126,3,3ed23d673ec83eaebf20be9dbe01be8b3db8bc353dfc3d34*69ba
RX # PAI1,TRAIN,126,4237
TX PAI1,TRAIN,127,4,3de63df83d253d8abe35bc5ebcbf3ef03d953d613d453d9b*3168
RX # PAI1,TRAIN,127,4238
TX PAI1,TRAIN,128,2,bf09bad6beb8bef93f273ee63f3c3ed03e343ef1bedbbe62*d06a
RX # PAI1,TRAIN,128,4237
TX PAI1,TRAIN,129,1,be73be293e0d3c273df23db7be9bbeafbea9beb03e4f3e08*7e74
RX # PAI1,TRAIN,129,4247
TX PAI1,TRAIN,130,2,befcbe12beadbed03f063ea33eb73eb13de13e7dbe9abe30*c2d9
RX # PAI1,TRAIN,130,4239
TX PAI1,TRAIN,131,3,3e8f3e2a3e9f3eb6beedbdfcbe0dbd3b3e323d8a3d45bd22*980e
RX # PAI1,TRAIN,131,4238
TX PAI1,TRAIN,132,2,3f6cbe82bf4cbe643ed3bf713ebe3f123e9a3eafbe99be4b*d2ca
RX # PAI1,TRAIN,132,4249
TX PAI1,TRAIN,133,1,bea0beccb982be2f3e36bb63bddfbeccbecbbea73dfd3dc6*7aa9
RX # PAI1,TRAIN,133,4239
TX PAI1,TRAIN,134,4,3eb23c8bbe0abd30be1ebe8f3d483e3fbd36bd5c3d463d88*6a42
RX # PAI1,TRAIN,134,4239
TX PAI1,TRAIN,135,3,3d8f3df93e8b3dcabec13cb8be74be28bd1dbdf3bd60be43*c040
RX # PAI1,TRAIN,135,4238
TX PAI1,TRAIN,136,3,bdcdbe393e2ebe223dacbd16be25bdb0be09be113e4b3e9d*5a7c
RX # PAI1,TRAIN,136,4240
TX PAI1,TRAIN,137,3,3dd93ee73f1b3f06be873e5a3d72be063de23d983d58bdce*e076
RX # PAI1,TRAIN,137,4248
TX PAI1,TRAIN,138,1,3d9abd9c3ee93ecc3c4bbdeabec7bebabed4bedc3ec83e64*0ab6
RX # PAI1,TRAIN,138,4238
TX PAI1,TRAIN,139,3,bcfcbe8bbd7cbe18bd32be20396f3d9dbe3abe0c3e483e99*3d5e
RX # PAI1,TRAIN,139,4240
TX PAI1,TRAIN,140,3,3e8f3e2a3e9f3eb6beedbdfcbe0dbd3b3e323d8a3d45bd22*7cd9
RX # PAI1,TRAIN,140,4239
TX PAI1,TRAIN,141,4,3d1ebddfbe38be38be56bdd73dc33d1dbaae3cb5bd3f3c6a*76ae
RX # PAI1,TRAIN,141,4239
TX PAI1,TRAIN,142,4,3de63df83d253d8abe35bc5ebcbf3ef03d953d613d453d9b*a762
RX # PAI1,TRAIN,142,4249
TX PAI1,TRAIN,143,3,bd123e99bdd93d1ebdc23e6bbe74bde4bdb6be10ba96bdbd*e80d
RX # PAI1,TRAIN,143,4245
TX PAI1,TRAIN,144,1,bea0beccb982be2f3e36bb63bddfbeccbecbbea73dfd3dc6*95df
RX # PAI1,TRAIN,144,4247
TX PAI1,TRAIN,145,1,3c68bea93e843d9dbde9be6ebeb4be94bed1bed03e8d3e43*0315
RX # PAI1,TRAIN,145,4237
TX PAI1,TRAIN,146,3,3f02be34bd033dadbdb8bf0bbe2d3eb6bd96bd9c3e803ea3*57ac
RX # PAI1,TRAIN,146,4244
TX PAI1,TRAIN,147,3,3ed23d673ec83eaebf20be9dbe01be8b3db8bc353dfc3d34*0291
RX # PAI1,TRAIN,147,4246
TX PAI1,TRAIN,148,1,be59be8c3e463d3e3d31bb85be7ebecfbeacbeae3e813e4b*919e
RX # PAI1,TRAIN,148,4238
TX PAI1,TRAIN,149,1,be08be473a0bbe20bcdabc93be66bef6be3dbe6c3e0f3e29*9573
RX # PAI1,TRAIN,149,4249
TX PAI1,TRAIN,150,1,be71bdd83c96bce93e5c3e02bec8beefbeb9bec53e663e28*3e1a
RX # PAI1,TRAIN,150,4239
TX PAI1,TRAIN,151,1,bd47be753ec33e73be1fbdf4beb8bebbbeccbed53e993e1b*a0e6
RX # PAI1,TRAIN,151,4243
TX PAI1,TRAIN,152,4,3d6d3e03bd97bcc2bd483d17bd1e3e26bc2cbd4d3d4a3d7d*fd07
RX # PAI1,TRAIN,152,4239
TX PAI1,TRAIN,153,3,3e4cbf12bf06bec43e05bf0c3f123ea13d163e6e3d473eb9*a67d
RX # PAI1,TRAIN,153,4238
TX PAI1,TRAIN,154,2,be243e6f3e213e7f3db33e953f3d3ee03f353f48be45b86b*dd6f
RX # PAI1,TRAIN,154,4248
TX PAI1,TRAIN,155,4,3e383ef93ea13ebfbe863e33be3bbdeebd0cbdbd3df4bc97*2bb6
RX # PAI1,TRAIN,155,4238
TX PAI1,TRAIN,156,4,3e783ec53e613eb4bd8d3d5ebdb93c7d3c6abd6d3df53c10*e435
RX # PAI1,TRAIN,156,4238
TX PAI1,TRAIN,157,2,bea8be47be8dbedd3ee93e163edc3e8b3d0b3e62beb2be7f*f489
RX # PAI1,TRAIN,157,4248
TX PAI1,TRAIN,158,3,3e99bee7be84beabbd9abf0dbe653d3ebdccbe073e783ee9*064b
RX # PAI1,TRAIN,158,4238
TX PAI1,TRAIN,159,1,be9dbed0be22beab3dd5bc5ebed3bf08becebedc3e063dfe*5273
RX # PAI1,TRAIN,159,4239
TX PAI1,TRAIN,160,2,befcbe12beadbed03f063ea33eb73eb13de13e7dbe9abe30*5297
RX # PAI1,TRAIN,160,4248
TX PAI1,TRAIN,161,4,3dfe3fac3ef23f4ebeb53f4cbdb33ec23db23d45bd6bbed1*0614
RX # PAI1,TRAIN,161,4239
TX PAI1,TRAIN,162,4,3e983ea13ea63eb2bf00bd24bda3be2eb913bd853d8abd9b*c36d
RX # PAI1,TRAIN,162,4238
TX PAI1,TRAIN,163,3,3eb03ce03ef23ef6bf2dbe8a3e283ebe3e833e623d16bcfb*e0ee
RX # PAI1,TRAIN,163,4239
TX PAI1,TRAIN,164,1,be4a3dfc3e5b3e233e873e7ebe8bbed0be72be903e953e7c*c994
RX # PAI1,TRAIN,164,4247
TX PAI1,TRAIN,165,1,be73be293e0d3c273df23db7be9bbeafbea9beb03e4f3e08*7684
RX # PAI1,TRAIN,165,4238
TX PAI1,TRAIN,166,4,bdd03e79bd94bd063d4e3e7ebd343e653d9a3d5f3b923d4b*a14f
RX # PAI1,TRAIN,166,4248
TX PAI1,TRAIN,167,2,bf22be15bf0abf183f343ede3ec93ee53e873e98beb5be17*4c68
RX # PAI1,TRAIN,167,4244
TX PAI1,TRAIN,168,2,bf1fbdddbf33bf353f103ee63f393e873d643ee9bee4be28*3cb8
RX # PAI1,TRAIN,168,4239
TX PAI1,TRAIN,169,2,bf09bad6beb8bef93f273ee63f3c3ed03e343ef1bedbbe62*b498
RX # PAI1,TRAIN,169,4238
TX PAI1,TRAIN,170,2,3f3fbe89beac3e69be00bf4f3f193f383f213f1fbe58bdd1*bca4
RX # PAI1,TRAIN,170,4239
TX PAI1,TRAIN,171,2,bf09be67bf22bf313f353e993f13be3c3fb83f93bfddbfeb*1361
RX # PAI1,TRAIN,171,4249
TX PAI1,TRAIN,172,2,3f6cbe82bf4cbe643ed3bf713ebe3f123e9a3eafbe99be4b*cd78
RX # PAI1,TRAIN,172,4238
TX PAI1,TRAIN,173,1,be8e3da9be8abe523ebd3e94bea1bebcbe8cbea13e403e5f*68b7
RX # PAI1,TRAIN,173,4247
TX PAI1,TRAIN,174,1,bca9bdea3e873dc9be29bd72beb2bf0abeb6bec13e8b3e42*7ea5
RX # PAI1,TRAIN,174,4245
TX PAI1,TRAIN,175,3,3d5e3f1f3e593ea3be923ebebe063adf3dc93c643cffbda1*989b
RX # PAI1,TRAIN,175,4240
TX PAI1,TRAIN,176,4,3e933e733dad3e53beaebda9ba68bcb33d9f3ce53c51bd57*e65a
RX # PAI1,TRAIN,176,4248
TX PAI1,TRAIN,177,4,be20bd70be01be213c923dbdbe2b3e22ba9bbd35bcad3c27*dd71
RX # PAI1,TRAIN,177,4238
TX PAI1,PREDICT,178,be53bd023e9f3e373ce13e1cbe83bf1bbea3beaa3e7a3e0a*6736
RX # PAI1,PREDICT,178,174,3f82,bcc0,3d1e,bce4
TX PAI1,PREDICT,179,be14bdc5be03be563d563d6bbe8dbedfbe99bea93e213e27*8597
RX # PAI1,PREDICT,179,175,3f2e,bd72,3e22,3e58
TX PAI1,PREDICT,180,be953beabe11be3c3e9c3e80be6fbedebe85be903e223e38*df09
RX # PAI1,PREDICT,180,176,3f4b,3dba,bd03,3e07
TX PAI1,PREDICT,181,bdd8bd993e523ce9bd6d3d1fbeb3bef1beecbeea3e853e23*3f7d
RX # PAI1,PREDICT,181,176,3f57,be22,3dfd,3e4c
TX PAI1,PREDICT,182,be9cbef9bcbebe043edcbd8e3ee93f0b3f043f0ebdf63e20*6879
RX # PAI1,PREDICT,182,184,3e18,3f5c,3ea4,be9f
TX PAI1,PREDICT,183,3f093f0a3f933f64bedcbdb43e5e3f2f3eba3ea03d7dbdee*7b4f
RX # PAI1,PREDICT,183,183,be98,3e8d,3f08,3eff
TX PAI1,PREDICT,184,3dc8bd98bec3be903bf1be073ecd3f1e3e753ea6be9abe3e*9f38
RX # PAI1,PREDICT,184,184,bebe,3f0c,3eb2,3efd
TX PAI1,PREDICT,185,3e22be6abec4be91be9dbe923ec73eff3e5d3eafbe233d45*59f8
RX # PAI1,PREDICT,185,177,becc,3ea6,3f22,3ee6
TX PAI1,PREDICT,186,3e36be49bddabe0abf0dbe903e613d9bbdf4bc273c943da4*67da
RX # PAI1,PREDICT,186,176,bd34,bc18,3f1a,3ee8
TX PAI1,PREDICT,187,3eb53ea83f133f07be96bd9ebea2be1cbda4be173d9dbe39*4532
RX # PAI1,PREDICT,187,176,3ed1,bd10,3e76,3ec4
TX PAI1,PREDICT,188,3e1a3e643f123ee0beb13cb7be4fbe04bd89be053d98be0c*416a
RX # PAI1,PREDICT,188,185,3ec4,bcc0,3e99,3ead
TX PAI1,PREDICT,189,3ec53a93be493d2e3dd8bea5bcfd3eac3dd53d763e573eb1*1902
RX # PAI1,PREDICT,189,176,3de6,3e4d,3eaa,3eaf
TX PAI1,PREDICT,190,3dde3e843ebb3ebabdbe3da83d0c3d273dd13d423d99bc37*6cee
RX # PAI1,PREDICT,190,175,3e9b,3e5b,3e57,3e8b
TX PAI1,PREDICT,191,3eec3d0f3ee03eddbf47bebabcb1be203e2f3db63da6bc16*979c
RX # PAI1,PREDICT,191,176,3dcf,bde4,3f3a,3e9f
TX PAI1,PREDICT,192,3ed63f713efc3f31bf373e8ebe05bbf03e0c3cf23d53be4a*3e6a
RX # PAI1,PREDICT,192,176,be2a,be45,3ee1,3f68
TX PAI1,PREDICT,193,3da03de63dcb3e0dbd613c1d3dc73e313da33d303b21bd03*6124
RX # PAI1,PREDICT,193,176,3e31,3e84,3e6c,3eae
TX PAI1,INIT,194,12,64,1,1*f5c3
RX # PAI1,INIT,194,12,64,4
TX PAI1,TRAIN,195,2,bf37be0ebf38bf473f253f053f433e603d9a3f02bf59bec5*1c67
RX # PAI1,TRAIN,195,4239
TX PAI1,TRAIN,196,2,3f58be8ebf4fbe9e3effbf703ecb3eff3ebd3ec5bf19bee5*c5b0
RX # PAI1,TRAIN,196,4246
TX PAI1,TRAIN,197,3,3e473df93e493e7dbebabda2be08bd7d3e5d3dafbc4abe19*1836
RX # PAI1,TRAIN,197,4239
TX PAI1,TRAIN,198,4,3d193f9f3eb03f2ebe823f62bda43ea53de73d83be43bf58*4b5e
RX # PAI1,TRAIN,198,4238
TX PAI1,TRAIN,199,3,3e9bbd10be87bd5d3e4abe94bcaf3e913e083d9e3e853f13*b798
RX # PAI1,TRAIN,199,4248
TX PAI1,TRAIN,200,3,3e5cbeeebea4bed53c98bf07be643cb4bde2be073ea13f48*6b54
RX # PAI1,TRAIN,200,4238
TX PAI1,TRAIN,201,3,3d833e333ede3ea7be7d3d96be4cbe0cbd91be053d04beab*af84
RX # PAI1,TRAIN,201,4238
TX PAI1,TRAIN,202,1,be70be02be4ebe983e143de2be8dbed4beb2beb23e2f3e6e*a20c
RX # PAI1,TRAIN,202,4244
TX PAI1,TRAIN,203,4,bc183d903b983d193d1e3d763de53e0c3dd43d70bdb7be0b*187c
RX # PAI1,TRAIN,203,4248
TX PAI1,TRAIN,204,3,3e85bc273eb03ebdbf13be6f3e3a3ea23ea13e81bd02be08*eba1
RX # PAI1,TRAIN,204,4239
TX PAI1,TRAIN,205,3,3d94be81beddbebcbe57be803ed53edd3e883ec5beba3c7b*db48
RX # PAI1,TRAIN,205,4239
TX PAI1,TRAIN,206,4,3cb23e573e7d3e823abd3e0b3d3e3c8a3e063d823d07bdc5*fa33
RX # PAI1,TRAIN,206,4238
TX PAI1,TRAIN,207,2,3f2bbe95bec73dffbcfbbf4c3f213f223f423f31bee6be89*b1a6
RX # PAI1,TRAIN,207,4240
TX PAI1,TRAIN,208,4,3e213ea93dea3e7b3ccf3ddbbdaabbcc3cd3bd523ddfbd71*97a2
RX # PAI1,TRAIN,208,4238
TX PAI1,TRAIN,209,4,bcf43dafbe1cbdf13d373db6bcf13e01bb76bd30bc253d29*3fac
RX # PAI1,TRAIN,209,4245
TX PAI1,TRAIN,210,1,be0dbe873e853e09bd75bd99bebabeb4beefbee23ed23e57*107d
RX # PAI1,TRAIN,210,4247
TX PAI1,TRAIN,211,3,3e8a3e8d3ee03ed3be49bcfbbea3be22bdb1be193d14bed5*f406
RX # PAI1,TRAIN,211,4239
TX PAI1,TRAIN,212,2,bf21bd1abed3bf103f3d3f053f463eb23e603f06bf51befc*630b
RX # PAI1,TRAIN,212,4249
TX PAI1,TRAIN,213,1,bea8be453d22bdae3e563e13be9cbea9bec5beba3e7d3e34*e5da
RX # PAI1,TRAIN,213,4248
TX PAI1,TRAIN,214,3,bdf4be97be10be743d4dbde93c333d4bbe55be0c3e723efb*67bd
RX # PAI1,TRAIN,214,4239
TX PAI1,TRAIN,215,3,bd083f0e3ddb3e58be413ee0be01bc993e013cddbd28be65*aa6f
RX # PAI1,TRAIN,215,4238
TX PAI1,TRAIN,216,3,3dbcbe64be3bbe66bee6be7a3e753d46be083a2abd813d9c*fa20
RX # PAI1,TRAIN,216,4240
TX PAI1,TRAIN,217,3,3ea83c8e3e893e6fbf06be8bbdf8be883deeb9843deb3bf4*2313
RX # PAI1,TRAIN,217,4244
TX PAI1,TRAIN,218,4,3ec2bb3b3ea03ea4bf2cbeaabc41be263e5a3ddf3d31bdbe*f012
RX # PAI1,TRAIN,218,4240
TX PAI1,TRAIN,219,2,becbbeffbddabe613f04bcba3ef83ef23f203f1dbe983e61*853c
RX # PAI1,TRAIN,219,4246
TX PAI1,TRAIN,220,1,bec4bcf1be5bbe8b3ec93ea0be6dbed4be9abe973e323e87*4398
RX # PAI1,TRAIN,220,4248
TX PAI1,TRAIN,221,2,be803e3e3d6b3e143e373eb63f483ec13f5b3f5dbed6bd9a*75a3
RX # PAI1,TRAIN,221,4239
TX PAI1,TRAIN,222,4,3e5b3e863e573e76becc3c03bd94be323c0dbd733ca8be5f*a78f
RX # PAI1,TRAIN,222,4239
TX PAI1,TRAIN,223,1,beccbed8be6bbed53e483d13bed6bf00bef1beea3e033e22*6545
RX # PAI1,TRAIN,223,4248
TX PAI1,TRAIN,224,1,bea7be0cbd8dbdfb3e9c3e3cbecabee3bed8bed13e923e6f*027f
RX # PAI1,TRAIN,224,4248
TX PAI1,TRAIN,225,1,be9bbe973db9bd4d3e0a3d3bbe7dbec6bec9beb83ea93e99*911a
RX # PAI1,TRAIN,225,4249
TX PAI1,TRAIN,226,1,be98bd883e493d9f3df63e57be83bf12bebebeb33ea33e38*2ea2
RX # PAI1,TRAIN,226,4237
TX PAI1,TRAIN,227,1,bd97beb33e19bcabbc9abe46beb6be91bef5bedd3ebf3e91*51c2
RX # PAI1,TRAIN,227,4238
TX PAI1,TRAIN,228,3,3edabe50bdeabc5a3b8cbf05be293e9abda1bd923ea83f06*a0d3
RX # PAI1,TRAIN,228,4239
TX PAI1,TRAIN,229,4,3eac3f5b3eb93f12bf1c3eaebe00bcdc3e313d34bbd4bee5*7a5a
RX # PAI1,TRAIN,229,4238
TX PAI1,TRAIN,230,2,3ee93ef53f753f43bea9bd2d3e723f1a3ee33eb43c32be96*08b2
RX # PAI1,TRAIN,230,4248
TX PAI1,TRAIN,231,4,3e4f3e42bc0e3dd3be77bd153c20bd243dd03d2dbd93be33*49fa
RX # PAI1,TRAIN,231,4248
TX PAI1,TRAIN,232,1,be48bddb3dcdbd8a3d133dbabeb5bee4bf0abefa3eb23e66*e08c
RX # PAI1,TRAIN,232,4239
TX PAI1,TRAIN,233,4,3e87bca4be55be0bbd73be7a3d7c3e18bd35bd40bc423d4d*202a
RX # PAI1,TRAIN,233,4249
TX PAI1,TRAIN,234,4,3dbf3eda3e4d3e87be283e6fbe37be01bd03bdb53dddbde1*ccca
RX # PAI1,TRAIN,234,4238
TX PAI1,TRAIN,235,3,be42be553d8cbe7d3e343c3fbe21bdc9be1abe123e773f00*dd4f
RX # PAI1,TRAIN,235,4239
TX PAI1,TRAIN,236,1,bc45bdde3ea83e943dd7bd8ebec9beb3bef9bee93f113eb0*bd5d
RX # PAI1,TRAIN,236,4239
TX PAI1,TRAIN,237,2,bf3abe33bf13bf2b3f493f013ed63ec53ea63eacbf30beb5*9fe8
RX # PAI1,TRAIN,237,4239
TX PAI1,TRAIN,238,2,3c30bddbbedcbebb3dcdbdb43eda3f0a3e963ebbbf1abeda*f966
RX # PAI1,TRAIN,238,4238
TX PAI1,TRAIN,239,1,bde0be143e1db9aebd8ebc43beb4bf03bed5becc3ebb3e90*b6df
RX # PAI1,TRAIN,239,4239
TX PAI1,TRAIN,240,1,bde0be143e1db9aebd8ebc43beb4bf03bed5becc3ebb3e90*b86b
RX # PAI1,TRAIN,240,4240
TX PAI1,TRAIN,241,4,3dbf3eda3e4d3e87be283e6fbe37be01bd03bdb53dddbde1*d53c
RX # PAI1,TRAIN,241,4238
TX PAI1,TRAIN,242,1,be70be02be4ebe983e143de2be8dbed4beb2beb23e2f3e6e*bdbe
RX # PAI1,TRAIN,242,4239
TX PAI1,TRAIN,243,2,becbbeffbddabe613f04bcba3ef83ef23f203f1dbe983e61*0991
RX # PAI1,TRAIN,243,4249
TX PAI1,TRAIN,244,1,bd97beb33e19bcabbc9abe46beb6be91bef5bedd3ebf3e91*cc69
RX # PAI1,TRAIN,244,4246
TX PAI1,TRAIN,245,4,3eac3f5b3eb93f12bf1c3eaebe00bcdc3e313d34bbd4bee5*7d73
RX # PAI1,TRAIN,245,4239
TX PAI1,TRAIN,246,3,3e473df93e493e7dbebabda2be08bd7d3e5d3dafbc4abe19*78d4
RX # PAI1,TRAIN,246,4238
TX PAI1,TRAIN,247,3,bdf4be97be10be743d4dbde93c333d4bbe55be0c3e723efb*7a33
RX # PAI1,TRAIN,247,4248
TX PAI1,TRAIN,248,3,3e85bc273eb03ebdbf13be6f3e3a3ea23ea13e81bd02be08*e351
RX # PAI1,TRAIN,248,4240
TX PAI1,TRAIN,249,3,be42be553d8cbe7d3e343c3fbe21bdc9be1abe123e773f00*559a
RX # PAI1,TRAIN,249,4239
TX PAI1,TRAIN,250,2,3f58be8ebf4fbe9e3effbf703ecb3eff3ebd3ec5bf19bee5*5a4f
RX # PAI1,TRAIN,250,4240
TX PAI1,TRAIN,251,4,3e5b3e863e573e76becc3c03bd94be323c0dbd733ca8be5f*b5d8
RX # PAI1,TRAIN,251,4248
TX PAI1,TRAIN,252,4,3e87bca4be55be0bbd73be7a3d7c3e18bd35bd40bc423d4d*4b01
RX # PAI1,TRAIN,252,4247
TX PAI1,TRAIN,253,1,be0dbe873e853e09bd75bd99bebabeb4beefbee23ed23e57*820f
RX # PAI1,TRAIN,253,4248
TX PAI1,TRAIN,254,2,be803e3e3d6b3e143e373eb63f483ec13f5b3f5dbed6bd9a*6c55
RX # PAI1,TRAIN,254,4238
TX PAI1,TRAIN,255,2,3c30bddbbedcbebb3dcdbdb43eda3f0a3e963ebbbf1abeda*850f
RX # PAI1,TRAIN,255,4247
TX PAI1,TRAIN,256,3,3edabe50bdeabc5a3b8cbf05be293e9abda1bd923ea83f06*de86
RX # PAI1,TRAIN,256,4240
TX PAI1,TRAIN,257,4,bcf43dafbe1cbdf13d373db6bcf13e01bb76bd30bc253d29*4e20
RX # PAI1,TRAIN,257,4248
TX PAI1,TRAIN,258,1,be48bddb3dcdbd8a3d133dbabeb5bee4bf0abefa3eb23e66*ec04
RX # PAI1,TRAIN,258,4245
TX PAI1,TRAIN,259,2,bf37be0ebf38bf473f253f053f433e603d9a3f02bf59bec5*9f7b
RX # PAI1,TRAIN,259,4248
TX PAI1,TRAIN,260,4,3ec2bb3b3ea03ea4bf2cbeaabc41be263e5a3ddf3d31bdbe*85e6
RX # PAI1,TRAIN,260,4246
TX PAI1,TRAIN,261,3,3e9bbd10be87bd5d3e4abe94bcaf3e913e083d9e3e853f13*4980
RX # PAI1,TRAIN,261,4238
TX PAI1,TRAIN,262,3,3d833e333ede3ea7be7d3d96be4cbe0cbd91be053d04beab*322f
RX # PAI1,TRAIN,262,4239
TX PAI1,TRAIN,263,1,be9bbe973db9bd4d3e0a3d3bbe7dbec6bec9beb83ea93e99*8509
RX # PAI1,TRAIN,263,4239
TX PAI1,TRAIN,264,1,bea8be453d22bdae3e563e13be9cbea9bec5beba3e7d3e34*0aac
RX # PAI1,TRAIN,264,4248
TX PAI1,TRAIN,265,1,bc45bdde3ea83e943dd7bd8ebec9beb3bef9bee93f113eb0*a0d3
RX # PAI1,TRAIN,265,4239
TX PAI1,TRAIN,266,4,3cb23e573e7d3e823abd3e0b3d3e3c8a3e063d823d07bdc5*ea58
RX # PAI1,TRAIN,266,4240
TX PAI1,TRAIN,267,3,3d94be81beddbebcbe57be803ed53edd3e883ec5beba3c7b*3da3
RX # PAI1,TRAIN,267,4240
TX PAI1,TRAIN,268,3,3ea83c8e3e893e6fbf06be8bbdf8be883deeb9843deb3bf4*2606
RX # PAI1,TRAIN,268,4238
TX PAI1,TRAIN,269,2,bf21bd1abed3bf103f3d3f053f463eb23e603f06bf51befc*9b3f
RX # PAI1,TRAIN,269,4248
TX PAI1,TRAIN,270,2,3f2bbe95bec73dffbcfbbf4c3f213f223f423f31bee6be89*5ed0
RX # PAI1,TRAIN,270,4248
TX PAI1,TRAIN,271,1,bea7be0cbd8dbdfb3e9c3e3cbecabee3bed8bed13e923e6f*1450
RX # PAI1,TRAIN,271,4239
TX PAI1,TRAIN,272,4,3d193f9f3eb03f2ebe823f62bda43ea53de73d83be43bf58*cc3a
RX # PAI1,TRAIN,272,4249
TX PAI1,TRAIN,273,2,3ee93ef53f753f43bea9bd2d3e723f1a3ee33eb43c32be96*9ac0
RX # PAI1,TRAIN,273,4239
TX PAI1,TRAIN,274,1,beccbed8be6bbed53e483d13bed6bf00bef1beea3e033e22*85ea
RX # PAI1,TRAIN,274,4240
TX PAI1,TRAIN,275,3,bd083f0e3ddb3e58be413ee0be01bc993e013cddbd28be65*ba04
RX # PAI1,TRAIN,275,4245
TX PAI1,TRAIN,276,4,bc183d903b983d193d1e3d763de53e0c3dd43d70bdb7be0b*018a
RX # PAI1,TRAIN,276,4247
TX PAI1,TRAIN,277,2,bf3abe33bf13bf2b3f493f013ed63ec53ea63eacbf30beb5*805a
RX # PAI1,TRAIN,277,4246
TX PAI1,TRAIN,278,1,bec4bcf1be5bbe8b3ec93ea0be6dbed4be9abe973e323e87*39b5
RX # PAI1,TRAIN,278,4238
TX PAI1,TRAIN,279,3,3dbcbe64be3bbe66bee6be7a3e753d46be083a2abd813d9c*70c9
RX # PAI1,TRAIN,279,4240
TX PAI1,TRAIN,280,4,3e213ea93dea3e7b3ccf3ddbbdaabbcc3cd3bd523ddfbd71*42a5
RX # PAI1,TRAIN,280,4238
TX PAI1,TRAIN,281,4,3e4f3e42bc0e3dd3be77bd153c20bd243dd03d2dbd93be33*f6bb
RX # PAI1,TRAIN,281,4238
TX PAI1,TRAIN,282,3,3e8a3e8d3ee03ed3be49bcfbbea3be22bdb1be193d14bed5*c95e
RX # PAI1,TRAIN,282,4246
TX PAI1,TRAIN,283,3,3e5cbeeebea4bed53c98bf07be643cb4bde2be073ea13f48*d9f0
RX # PAI1,TRAIN,283,4245
TX PAI1,TRAIN,284,1,be98bd883e493d9f3df63e57be83bf12bebebeb33ea33e38*e89f
RX # PAI1,TRAIN,284,4237
TX PAI1,TRAIN,285,1,bde0be143e1db9aebd8ebc43beb4bf03bed5becc3ebb3e90*1edc
RX # PAI1,TRAIN,285,4246
TX PAI1,TRAIN,286,4,3dbf3eda3e4d3e87be283e6fbe37be01bd03bdb53dddbde1*850b
RX # PAI1,TRAIN,286,4242
TX PAI1,TRAIN,287,3,3d94be81beddbebcbe57be803ed53edd3e883ec5beba3c7b*12ac
RX # PAI1,TRAIN,287,4246
TX PAI1,TRAIN,288,1,be48bddb3dcdbd8a3d133dbabeb5bee4bf0abefa3eb23e66*432e
RX # PAI1,TRAIN,288,4248
TX PAI1,TRAIN,289,2,3f2bbe95bec73dffbcfbbf4c3f213f223f423f31bee6be89*6f00
RX # PAI1,TRAIN,289,4243
TX PAI1,TRAIN,290,2,bf3abe33bf13bf2b3f493f013ed63ec53ea63eacbf30beb5*dfb4
RX # PAI1,TRAIN,290,4249
TX PAI1,TRAIN,291,1,bea7be0cbd8dbdfb3e9c3e3cbecabee3bed8bed13e923e6f*3b5f
RX # PAI1,TRAIN,291,4238
TX PAI1,TRAIN,292,1,be98bd883e493d9f3df63e57be83bf12bebebeb33ea33e38*6cc2
RX # PAI1,TRAIN,292,4248
TX PAI1,TRAIN,293,3,3e8a3e8d3ee03ed3be49bcfbbea3be22bdb1be193d14bed5*3de2
RX # PAI1,TRAIN,293,4244
TX PAI1,TRAIN,294,1,bc45bdde3ea83e943dd7bd8ebec9beb3bef9bee93f113eb0*7b60
RX # PAI1,TRAIN,294,4247
TX PAI1,TRAIN,295,3,3e9bbd10be87bd5d3e4abe94bcaf3e913e083d9e3e853f13*1452
RX # PAI1,TRAIN,295,4248
TX PAI1,TRAIN,296,2,be803e3e3d6b3e143e373eb63f483ec13f5b3f5dbed6bd9a*ba03
RX # PAI1,TRAIN,296,4243
TX PAI1,TRAIN,297,4,3e5b3e863e573e76becc3c03bd94be323c0dbd733ca8be5f*9eaf
RX # PAI1,TRAIN,297,4239
TX PAI1,TRAIN,298,1,beccbed8be6bbed53e483d13bed6bf00bef1beea3e033e22*bda7
RX # PAI1,TRAIN,298,4238
TX PAI1,TRAIN,299,4,3cb23e573e7d3e823abd3e0b3d3e3c8a3e063d823d07bdc5*d029
RX # PAI1,TRAIN,299,4248
TX PAI1,TRAIN,300,3,be42be553d8cbe7d3e343c3fbe21bdc9be1abe123e773f00*476c
RX # PAI1,TRAIN,300,4237
TX PAI1,TRAIN,301,3,3e473df93e493e7dbebabda2be08bd7d3e5d3dafbc4abe19*8be0
RX # PAI1,TRAIN,301,4244
TX PAI1,TRAIN,302,3,bdf4be97be10be743d4dbde93c333d4bbe55be0c3e723efb*7f87
RX # PAI1,TRAIN,302,4244
TX PAI1,TRAIN,303,4,bcf43dafbe1cbdf13d373db6bcf13e01bb76bd30bc253d29*bf28
RX # PAI1,TRAIN,303,4240
TX PAI1,TRAIN,304,4,3d193f9f3eb03f2ebe823f62bda43ea53de73d83be43bf58*c46b
RX # PAI1,TRAIN,304,4238
TX PAI1,TRAIN,305,3,3e85bc273eb03ebdbf13be6f3e3a3ea23ea13e81bd02be08*0c86
RX # PAI1,TRAIN,305,4247
TX PAI1,TRAIN,306,4,3ec2bb3b3ea03ea4bf2cbeaabc41be263e5a3ddf3d31bdbe*024b
RX # PAI1,TRAIN,306,4240
TX PAI1,TRAIN,307,2,becbbeffbddabe613f04bcba3ef83ef23f203f1dbe983e61*7765
RX # PAI1,TRAIN,307,4245
TX PAI1,TRAIN,308,1,bd97beb33e19bcabbc9abe46beb6be91bef5bedd3ebf3e91*58fe
RX # PAI1,TRAIN,308,4248
TX PAI1,TRAIN,309,4,3eac3f5b3eb93f12bf1c3eaebe00bcdc3e313d34bbd4bee5*e9e4
RX # PAI1,TRAIN,309,4239
TX PAI1,TRAIN,310,2,3c30bddbbedcbebb3dcdbdb43eda3f0a3e963ebbbf1abeda*80bb
RX # PAI1,TRAIN,310,4239
TX PAI1,TRAIN,311,3,3edabe50bdeabc5a3b8cbf05be293e9abda1bd923ea83f06*2db2
RX # PAI1,TRAIN,311,4238
TX PAI1,TRAIN,312,4,3e4f3e42bc0e3dd3be77bd153c20bd243dd03d2dbd93be33*5784
RX # PAI1,TRAIN,312,4243
TX PAI1,TRAIN,313,4,3e213ea93dea3e7b3ccf3ddbbdaabbcc3cd3bd523ddfbd71*e39a
RX # PAI1,TRAIN,313,4238
TX PAI1,TRAIN,314,3,3e5cbeeebea4bed53c98bf07be643cb4bde2be073ea13f48*85ee
RX # PAI1,TRAIN,314,4244
TX PAI1,TRAIN,315,4,3e87bca4be55be0bbd73be7a3d7c3e18bd35bd40bc423d4d*b835
RX # PAI1,TRAIN,315,4239
TX PAI1,TRAIN,316,1,be0dbe873e853e09bd75bd99bebabeb4beefbee23ed23e57*87bb
RX # PAI1,TRAIN,316,4238
TX PAI1,TRAIN,317,3,3d833e333ede3ea7be7d3d96be4cbe0cbd91be053d04beab*b7be
RX # PAI1,TRAIN,317,4239
TX PAI1,TRAIN,318,3,3dbcbe64be3bbe66bee6be7a3e753d46be083a2abd813d9c*8785
RX # PAI1,TRAIN,318,4237
TX PAI1,TRAIN,319,1,be70be02be4ebe983e143de2be8dbed4beb2beb23e2f3e6e*d634
RX # PAI1,TRAIN,319,4245
TX PAI1,TRAIN,320,1,be9bbe973db9bd4d3e0a3d3bbe7dbec6bec9beb83ea93e99*8b1c
RX # PAI1,TRAIN,320,4245
TX PAI1,TRAIN,321,2,bf37be0ebf38bf473f253f053f433e603d9a3f02bf59bec5*76e8
RX # PAI1,TRAIN,321,4240
TX PAI1,TRAIN,322,3,bd083f0e3ddb3e58be413ee0be01bc993e013cddbd28be65*c6cc
RX # PAI1,TRAIN,322,4238
TX PAI1,TRAIN,323,4,bc183d903b983d193d1e3d763de53e0c3dd43d70bdb7be0b*8bc2
RX # PAI1,TRAIN,323,4245
TX PAI1,TRAIN,324,2,bf21bd1abed3bf103f3d3f053f463eb23e603f06bf51befc*74e8
RX # PAI1,TRAIN,324,4240
TX PAI1,TRAIN,325,1,bea8be453d22bdae3e563e13be9cbea9bec5beba3e7d3e34*f239
RX # PAI1,TRAIN,325,4241
TX PAI1,TRAIN,326,2,3ee93ef53f753f43bea9bd2d3e723f1a3ee33eb43c32be96*1088
RX # PAI1,TRAIN,326,4247
TX PAI1,TRAIN,327,3,3ea83c8e3e893e6fbf06be8bbdf8be883deeb9843deb3bf4*3f51
RX # PAI1,TRAIN,327,4239
TX PAI1,TRAIN,328,2,3f58be8ebf4fbe9e3effbf703ecb3eff3ebd3ec5bf19bee5*b3dc
RX # PAI1,TRAIN,328,4248
TX PAI1,TRAIN,329,1,bec4bcf1be5bbe8b3ec93ea0be6dbed4be9abe973e323e87*4edc
RX # PAI1,TRAIN,329,4245
TX PAI1,TRAIN,330,4,3e87bca4be55be0bbd73be7a3d7c3e18bd35bd40bc423d4d*318d
RX # PAI1,TRAIN,330,4239
TX PAI1,TRAIN,331,3,3d833e333ede3ea7be7d3d96be4cbe0cbd91be053d04beab*b3c6
RX # PAI1,TRAIN,331,4246
TX PAI1,TRAIN,332,3,3e5cbeeebea4bed53c98bf07be643cb4bde2be073ea13f48*8196
RX # PAI1,TRAIN,332,4239
TX PAI1,TRAIN,333,3,3d94be81beddbebcbe57be803ed53edd3e883ec5beba3c7b*ccab
RX # PAI1,TRAIN,333,4248
TX PAI1,TRAIN,334,1,bea7be0cbd8dbdfb3e9c3e3cbecabee3bed8bed13e923e6f*11e4
RX # PAI1,TRAIN,334,4240
TX PAI1,TRAIN,335,3,3e9bbd10be87bd5d3e4abe94bcaf3e913e083d9e3e853f13*b888
RX # PAI1,TRAIN,335,4248
TX PAI1,TRAIN,336,3,3ea83c8e3e893e6fbf06be8bbdf8be883deeb9843deb3bf4*cbed
RX # PAI1,TRAIN,336,4237
TX PAI1,TRAIN,337,4,3eac3f5b3eb93f12bf1c3eaebe00bcdc3e313d34bbd4bee5*8803
RX # PAI1,TRAIN,337,4248
TX PAI1,TRAIN,338,4,bc183d903b983d193d1e3d763de53e0c3dd43d70bdb7be0b*639d
RX # PAI1,TRAIN,338,4239
TX PAI1,TRAIN,339,3,3e8a3e8d3ee03ed3be49bcfbbea3be22bdb1be193d14bed5*8ddb
RX # PAI1,TRAIN,339,4240
TX PAI1,TRAIN,340,1,bec4bcf1be5bbe8b3ec93ea0be6dbed4be9abe973e323e87*cf94
RX # PAI1,TRAIN,340,4247
TX PAI1,TRAIN,341,1,bde0be143e1db9aebd8ebc43beb4bf03bed5becc3ebb3e90*5f4c
RX # PAI1,TRAIN,341,4247
TX PAI1,TRAIN,342,3,bdf4be97be10be743d4dbde93c333d4bbe55be0c3e723efb*6035
RX # PAI1,TRAIN,342,4247
TX PAI1,TRAIN,343,3,bd083f0e3ddb3e58be413ee0be01bc993e013cddbd28be65*ade7
RX # PAI1,TRAIN,343,4244
TX PAI1,TRAIN,344,1,be48bddb3dcdbd8a3d133dbabeb5bee4bf0abefa3eb23e66*e8dd
RX # PAI1,TRAIN,344,4246
TX PAI1,TRAIN,345,1,be98bd883e493d9f3df63e57be83bf12bebebeb33ea33e38*2f6e
RX # PAI1,TRAIN,345,4239
TX PAI1,TRAIN,346,1,bd97beb33e19bcabbc9abe46beb6be91bef5bedd3ebf3e91*a68e
RX # PAI1,TRAIN,346,4247
TX PAI1,TRAIN,347,1,bea8be453d22bdae3e563e13be9cbea9bec5beba3e7d3e34*14d2
RX # PAI1,TRAIN,347,4246
TX PAI1,TRAIN,348,4,bcf43dafbe1cbdf13d373db6bcf13e01bb76bd30bc253d29*c739
RX # PAI1,TRAIN,348,4246
TX PAI1,TRAIN,349,3,3dbcbe64be3bbe66bee6be7a3e753d46be083a2abd813d9c*6c8b
RX # PAI1,TRAIN,349,4247
TX PAI1,TRAIN,350,2,be803e3e3d6b3e143e373eb63f483ec13f5b3f5dbed6bd9a*0d13
RX # PAI1,TRAIN,350,4248
TX PAI1,TRAIN,351,4,3dbf3eda3e4d3e87be283e6fbe37be01bd03bdb53dddbde1*c6a7
RX # PAI1,TRAIN,351,4238
TX PAI1,TRAIN,352,4,3e213ea93dea3e7b3ccf3ddbbdaabbcc3cd3bd523ddfbd71*8768
RX # PAI1,TRAIN,352,4238
TX PAI1,TRAIN,353,2,becbbeffbddabe613f04bcba3ef83ef23f203f1dbe983e61*1a0a
RX # PAI1,TRAIN,353,4249
TX PAI1,TRAIN,354,3,3e85bc273eb03ebdbf13be6f3e3a3ea23ea13e81bd02be08*e788
RX # PAI1,TRAIN,354,4248
TX PAI1,TRAIN,355,1,beccbed8be6bbed53e483d13bed6bf00bef1beea3e033e22*6d14
RX # PAI1,TRAIN,355,4248
TX PAI1,TRAIN,356,2,3ee93ef53f753f43bea9bd2d3e723f1a3ee33eb43c32be96*8f1f
RX # PAI1,TRAIN,356,4248
TX PAI1,TRAIN,357,4,3d193f9f3eb03f2ebe823f62bda43ea53de73d83be43bf58*d9e5
RX # PAI1,TRAIN,357,4243
TX PAI1,TRAIN,358,4,3e5b3e863e573e76becc3c03bd94be323c0dbd733ca8be5f*b89c
RX # PAI1,TRAIN,358,4248
TX PAI1,TRAIN,359,3,3e473df93e493e7dbebabda2be08bd7d3e5d3dafbc4abe19*f1cd
RX # PAI1,TRAIN,359,4246
TX PAI1,TRAIN,360,3,be42be553d8cbe7d3e343c3fbe21bdc9be1abe123e773f00*5707
RX # PAI1,TRAIN,360,4247
TX PAI1,TRAIN,361,1,bc45bdde3ea83e943dd7bd8ebec9beb3bef9bee93f113eb0*c195
RX # PAI1,TRAIN,361,4245
TX PAI1,TRAIN,362,4,3cb23e573e7d3e823abd3e0b3d3e3c8a3e063d823d07bdc5*8b1e
RX # PAI1,TRAIN,362,4247
TX PAI1,TRAIN,363,2,bf3abe33bf13bf2b3f493f013ed63ec53ea63eacbf30beb5*6ee0
RX # PAI1,TRAIN,363,4246
TX PAI1,TRAIN,364,2,bf37be0ebf38bf473f253f053f433e603d9a3f02bf59bec5*ef3b
RX # PAI1,TRAIN,364,4244
TX PAI1,TRAIN,365,2,bf21bd1abed3bf103f3d3f053f463eb23e603f06bf51befc*101a
RX # PAI1,TRAIN,365,4246
TX PAI1,TRAIN,366,2,3f2bbe95bec73dffbcfbbf4c3f213f223f423f31bee6be89*46ea
RX # PAI1,TRAIN,366,4248
TX PAI1,TRAIN,367,2,3c30bddbbedcbebb3dcdbdb43eda3f0a3e963ebbbf1abeda*6fcd
RX # PAI1,TRAIN,367,4244
TX PAI1,TRAIN,368,2,3f58be8ebf4fbe9e3effbf703ecb3eff3ebd3ec5bf19bee5*ac6e
RX # PAI1,TRAIN,368,4238
TX PAI1,TRAIN,369,1,be70be02be4ebe983e143de2be8dbed4beb2beb23e2f3e6e*49a3
RX # PAI1,TRAIN,369,4247
TX PAI1,TRAIN,370,1,be9bbe973db9bd4d3e0a3d3bbe7dbec6bec9beb83ea93e99*1b52
RX # PAI1,TRAIN,370,4245
TX PAI1,TRAIN,371,3,3edabe50bdeabc5a3b8cbf05be293e9abda1bd923ea83f06*3dd9
RX # PAI1,TRAIN,371,4246
TX PAI1,TRAIN,372,4,3e4f3e42bc0e3dd3be77bd153c20bd243dd03d2dbd93be33*47ef
RX # PAI1,TRAIN,372,4247
TX PAI1,TRAIN,373,1,be0dbe873e853e09bd75bd99bebabeb4beefbee23ed23e57*11b1
RX # PAI1,TRAIN,373,4243
TX PAI1,TRAIN,374,4,3ec2bb3b3ea03ea4bf2cbeaabc41be263e5a3ddf3d31bdbe*6b5c
RX # PAI1,TRAIN,374,4237
TX PAI1,PREDICT,375,be933da53dde3d6e3eb53e9fbe8bbec7be8bbe973ecd3ec7*cd20
RX # PAI1,PREDICT,375,175,3f4a,3c20,bda4,3e94
TX PAI1,PREDICT,376,be64be62bdaebe7b3d883d00be65bee9be59be763e113e73*3940
RX # PAI1,PREDICT,376,185,3f23,bc30,3e56,3e36
TX PAI1,PREDICT,377,bebd3d2dbea9be953ee93eb5bea2beb5bea2bea93e643eac*d266
RX # PAI1,PREDICT,377,186,3f2f,bd8c,3ce8,3eae
TX PAI1,PREDICT,378,becfbed4bdafbe853e893d3ebdd2bec4beeebeb03dec3ddb*141e
RX # PAI1,PREDICT,378,184,3f70,3e3d,bdb5,bce8
TX PAI1,PREDICT,379,bed8be62beacbf023f0a3e503eea3e693d4a3e81bf2ebf0b*0364
RX # PAI1,PREDICT,379,176,3e8c,3f67,be4e,3d00
TX PAI1,PREDICT,380,bf16be30bec9bef93f1b3ec43ec43e963e0f3e90bf1abecd*4fdb
RX # PAI1,PREDICT,380,185,3e74,3f56,bdea,3ca0
TX PAI1,PREDICT,381,bf22be80bf29bf433f4a3eba3f1cbe3f3fdd3fa2c041c062*5ff5
RX # PAI1,PREDICT,381,185,3d6b,3fda,bf1c,be32
TX PAI1,PREDICT,382,3c9d3ec93eef3ed2be2a3e8b3d94be0e3e0f3dbebb91be87*cbf0
RX # PAI1,PREDICT,382,184,3e83,3e8e,bd0d,3f01
TX PAI1,PREDICT,383,3de8bf14bf10beee3e62bf063f1b3e873d573e88bc3d3f1b*0736
RX # PAI1,PREDICT,383,175,3e21,3ee5,3ec5,bbc0
TX PAI1,PREDICT,384,bdff3e7dbe3abd6cb99a3e94be73bdf8bdc8be11bdc4be7f*ab63
RX # PAI1,PREDICT,384,184,3e9e,3c30,3e32,3f03
TX PAI1,PREDICT,385,bc8e3da23e2638d0be8e3d96be73be2dbd17bdf1be3ebedf*1ef7
RX # PAI1,PREDICT,385,183,3e7f,3dd4,3e97,3eb6
TX PAI1,PREDICT,386,be443e48be1bbe013e123e9fbd103e3b3dc93d92bdb03c95*aebd
RX # PAI1,PREDICT,386,184,3d96,3e3d,3eb4,3eca
TX PAI1,PREDICT,387,be7dbdbcbe4dbe7c3de23e16be273dfc3bf1bd15be04bd66*ea2e
RX # PAI1,PREDICT,387,184,3e57,3e3b,3ed4,3e3d
TX PAI1,PREDICT,388,bd4abe0fbe7ebe89bde6bd763de13c713beb3d13be30bd46*743c
RX # PAI1,PREDICT,388,177,3e27,3e3d,3ec0,3e88
TX PAI1,PREDICT,389,3cd13da1bd48bcf3bda53d13bc5f3ecf3dc33d93bc4d3d8b*e24c
RX # PAI1,PREDICT,389,184,bd88,3e1c,3f17,3eaa
TX PAI1,INIT,390,12,64,1,1*2e42
RX # PAI1,INIT,390,12,64,4
TX PAI1,TRAIN,391,2,bf2cbe06bf27bf223f093f053f443e803d5a3ef6bee8be1a*270c
RX # PAI1,TRAIN,391,4245
TX PAI1,TRAIN,392,2,bf14be7abf19bf1e3f2c3eaa3f1cbe3a3fc43f9cbfe3bfec*713a
RX # PAI1,TRAIN,392,4249
TX PAI1,TRAIN,393,3,3eaf3e063e6a3e96becbbe54be1cbd463e383d843d69bcc9*f51b
RX # PAI1,TRAIN,393,4246
TX PAI1,TRAIN,394,4,3e2b3fa13ebd3f30be983f77bdc93eb93db23d35bd55becc*1d45
RX # PAI1,TRAIN,394,4238
TX PAI1,TRAIN,395,3,3eecbcd9be5d3cab3df8beecbd1b3ea43dd73d693e653ebb*8ed2
RX # PAI1,TRAIN,395,4246
TX PAI1,TRAIN,396,3,3ebbbeebbe8abe9dbd33bf41be7a3d26bde7be183e843ef4*f040
RX # PAI1,TRAIN,396,4247
TX PAI1,TRAIN,397,3,3e493e3e3eea3ebbbe94bcb0be62be03bd9fbe163dacbdfc*7090
RX # PAI1,TRAIN,397,4248
TX PAI1,TRAIN,398,1,be0cbdf5be1fbe4b3d953cbdbe99bed9bea7beb93e2d3e39*c468
RX # PAI1,TRAIN,398,4246
TX PAI1,TRAIN,399,4,3deb3da43d313dd4bccebd1a3dca3e263da13d1e3c21bc8a*2af7
RX # PAI1,TRAIN,399,4245
TX PAI1,TRAIN,400,3,3ed4babc3ebd3ecebf17beca3e2e3eb53e893e6b3d38bc7f*8e84
RX # PAI1,TRAIN,400,4246
TX PAI1,TRAIN,401,3,3e53be7cbec2be86be83bed43ed23ef43e663eb8be213d83*c327
RX # PAI1,TRAIN,401,4248
TX PAI1,TRAIN,402,4,3e193e623e8e3e9abd743d5f3d013d103dd33d323dad3b89*956a
RX # PAI1,TRAIN,402,4246
TX PAI1,TRAIN,403,2,bf07be28beaebebe3f003eb63ec13ea93de43e83be9bbe23*dfae
RX # PAI1,TRAIN,403,4248
TX PAI1,TRAIN,404,4,3e1d3db4bc073d30be0bbd89bcf53ee53d923d523d693dbd*0be5
RX # PAI1,TRAIN,404,4249
TX PAI1,TRAIN,405,4,3d90be07be4dbe30be29be3c3dc53d06bbf73c85bd273cf6*903e
RX # PAI1,TRAIN,405,4248
TX PAI1,TRAIN,406,1,bce6be833e943e43bdefbe4fbec7beb7beddbee83ea13e2d*1739
RX # PAI1,TRAIN,406,4238
TX PAI1,TRAIN,407,3,3ed93e923eeb3ee3be79be17beb0be1bbdbbbe2a3db1be2b*c0cb
RX # PAI1,TRAIN,407,4246
TX PAI1,TRAIN,408,2,bf14bcefbeb8bee13f1f3f053f473ec63e3a3efebedebe56*e7cf
RX # PAI1,TRAIN,408,4248
TX PAI1,TRAIN,409,1,be77be3e3d9dbbec3e083d83bea8beabbeb8bec13e5d3e1a*2da5
RX # PAI1,TRAIN,409,4244
TX PAI1,TRAIN,410,3,3e163ecf3efa3ee1be5c3e623d6dbe053de53d933d7dbdb0*05a2
RX # PAI1,TRAIN,410,4249
TX PAI1,TRAIN,411,3,bc5b3e84be0c3c8fbd7b3e78be84bde4bdd0be223bc7bda0*49be
RX # PAI1,TRAIN,411,4240
TX PAI1,TRAIN,412,3,3e69be5dbe0cbe08bef4bed13e6b3d8dbe09bc973cd43dc6*9bf8
RX # PAI1,TRAIN,412,4246
TX PAI1,TRAIN,413,3,3dd93db63e483d8fbea3bcaebe84be27bd41be0abd4abe36*06f3
RX # PAI1,TRAIN,413,4237
TX PAI1,TRAIN,414,4,3f0c3bc43eae3eb9bf2fbf03bce6be1e3e353db43dba3bcb*f147
RX # PAI1,TRAIN,414,4248
TX PAI1,TRAIN,415,2,bea2befcbd83be043ed5be0d3ef53f053f0c3f16bdef3e32*8a7f
RX # PAI1,TRAIN,415,4243
TX PAI1,TRAIN,416,1,be9bbcaabe2cbe343e9b3e89be82bed8be91be9e3e2e3e4a*8ffc
RX # PAI1,TRAIN,416,4238
TX PAI1,TRAIN,417,2,beb0be5abe92bec93ee13e0c3ee83e843cf83e6bbeb4be73*d36a
RX # PAI1,TRAIN,417,4247
TX PAI1,TRAIN,418,4,bdb43e52bddbbd363d913e88bd553e583d983d513c423d86*0568
RX # PAI1,TRAIN,418,4247
TX PAI1,TRAIN,419,1,bea4bed5be3abe9d3df5bd89bee3bf04bedfbef03e123e10*19b6
RX # PAI1,TRAIN,419,4244
TX PAI1,TRAIN,420,1,bea7bed1bd33be293e40bd5fbdf8bec7bedcbeb63e0a3de9*24c9
RX # PAI1,TRAIN,420,4247
TX PAI1,TRAIN,421,1,be493db83e133dfb3e883e88be97becabe84be9e3e9e3e87*5e99
RX # PAI1,TRAIN,421,4248
TX PAI1,TRAIN,422,1,be53bd6d3e6a3e0f3d4d3e13be8ebf17beb1beba3e853e1c*a6a7
RX # PAI1,TRAIN,422,4243
TX PAI1,TRAIN,423,1,be933d53be8fbe473eb93ea3beaebeb8be99beb03e4e3e72*e03e
RX # PAI1,TRAIN,423,4247
TX PAI1,TRAIN,424,3,3e80bf13bf01beb33e13bf403f1a3e993d083e783d6b3ec4*e077
RX # PAI1,TRAIN,424,4239
TX PAI1,TRAIN,425,4,3eff3f5f3ec63f16bf203e9bbe13bc393e103cc63d78be3d*8917
RX # PAI1,TRAIN,425,4246
TX PAI1,TRAIN,426,2,3f213efb3f763f42bebbbe263e673f283ec43ea83d91bdd1*47ea
RX # PAI1,TRAIN,426,4247
TX PAI1,TRAIN,427,4,3eb33e4c3cf93e27be92be1ebbc4bccf3d9e3cb83ca7bd1b*4575
RX # PAI1,TRAIN,427,4247
TX PAI1,TRAIN,428,1,bdbdbdcb3e0b3c0ebce3b9e4bec1beeabf00beff3e8d3e35*e7c0
RX # PAI1,TRAIN,428,4247
TX PAI1,TRAIN,429,4,be19bdabbe1dbe1d3d293d8abe3b3e18bbf2bd61bc6e3cd4*315e
RX # PAI1,TRAIN,429,4246
TX PAI1,TRAIN,430,4,3e6b3ee13e6e3e9ebe5a3e31be4cbdefbd2fbdd93e05bb4d*12f9
RX # PAI1,TRAIN,430,4244
TX PAI1,TRAIN,431,3,bdb1be4d3dd7be1d3dd0bdc6be35bdb3be19be233e593ea7*bd9f
RX # PAI1,TRAIN,431,4245
TX PAI1,TRAIN,432,1,3de5bdce3eb63eaa3d14be48bed7beb6bee6beef3ed33e77*b397
RX # PAI1,TRAIN,432,4245
TX PAI1,TRAIN,433,2,bf2fbe2bbf04bf093f2b3f003ed33edb3e8d3e9fbeb7be09*14e4
RX # PAI1,TRAIN,433,4237
TX PAI1,TRAIN,434,2,3e0cbdcabec1be863d01be5f3ed73f173e7f3eaebe9cbe31*a545
RX # PAI1,TRAIN,434,4244
TX PAI1,TRAIN,435,1,bdfdbe5abd31be1c3a48bd95be7abeefbe50be823e1b3e3c*2109
RX # PAI1,TRAIN,435,4239
TX PAI1,TRAIN,436,1,bdfdbe5abd31be1c3a48bd95be7abeefbe50be823e1b3e3c*acc9
RX # PAI1,TRAIN,436,4246
TX PAI1,TRAIN,437,4,3e6b3ee13e6e3e9ebe5a3e31be4cbdefbd2fbdd93e05bb4d*6218
RX # PAI1,TRAIN,437,4249
TX PAI1,TRAIN,438,1,be0cbdf5be1fbe4b3d953cbdbe99bed9bea7beb93e2d3e39*1183
RX # PAI1,TRAIN,438,4246
TX PAI1,TRAIN,439,2,bea2befcbd83be043ed5be0d3ef53f053f0c3f16bdef3e32*92e4
RX # PAI1,TRAIN,439,4238
TX PAI1,TRAIN,440,1,be933d53be8fbe473eb93ea3beaebeb8be99beb03e4e3e72*7d95
RX # PAI1,TRAIN,440,4246
TX PAI1,TRAIN,441,4,3eff3f5f3ec63f16bf203e9bbe13bc393e103cc63d78be3d*645d
RX # PAI1,TRAIN,441,4243
TX PAI1,TRAIN,442,3,3eaf3e063e6a3e96becbbe54be1cbd463e383d843d69bcc9*c427
RX # PAI1,TRAIN,442,4247
TX PAI1,TRAIN,443,3,3e163ecf3efa3ee1be5c3e623d6dbe053de53d933d7dbdb0*182c
RX # PAI1,TRAIN,443,4248
TX PAI1,TRAIN,444,3,3ed4babc3ebd3ecebf17beca3e2e3eb53e893e6b3d38bc7f*6c17
RX # PAI1,TRAIN,444,4248
TX PAI1,TRAIN,445,3,bdb1be4d3dd7be1d3dd0bdc6be35bdb3be19be233e593ea7*df29
RX # PAI1,TRAIN,445,4245
TX PAI1,TRAIN,446,2,bf14be7abf19bf1e3f2c3eaa3f1cbe3a3fc43f9cbfe3bfec*c667
RX # PAI1,TRAIN,446,4248
TX PAI1,TRAIN,447,4,bdb43e52bddbbd363d913e88bd553e583d983d513c423d86*0fa4
RX # PAI1,TRAIN,447,4248
TX PAI1,TRAIN,448,4,be19bdabbe1dbe1d3d293d8abe3b3e18bbf2bd61bc6e3cd4*5a75
RX # PAI1,TRAIN,448,4247
TX PAI1,TRAIN,449,1,bce6be833e943e43bdefbe4fbec7beb7beddbee83ea13e2d*9209
RX # PAI1,TRAIN,449,4246
TX PAI1,TRAIN,450,2,beb0be5abe92bec93ee13e0c3ee83e843cf83e6bbeb4be73*bc39
RX # PAI1,TRAIN,450,4248
TX PAI1,TRAIN,451,2,3e0cbdcabec1be863d01be5f3ed73f173e7f3eaebe9cbe31*334f
RX # PAI1,TRAIN,451,4247
TX PAI1,TRAIN,452,3,3e80bf13bf01beb33e13bf403f1a3e993d083e783d6b3ec4*7441
RX # PAI1,TRAIN,452,4237
TX PAI1,TRAIN,453,4,3d90be07be4dbe30be29be3c3dc53d06bbf73c85bd273cf6*0bd1
RX # PAI1,TRAIN,453,4248
TX PAI1,TRAIN,454,1,bdbdbdcb3e0b3c0ebce3b9e4bec1beeabf00beff3e8d3e35*6f15
RX # PAI1,TRAIN,454,4240
TX PAI1,TRAIN,455,2,bf2cbe06bf27bf223f093f053f443e803d5a3ef6bee8be1a*1fad
RX # PAI1,TRAIN,455,4239
TX PAI1,TRAIN,456,4,3f0c3bc43eae3eb9bf2fbf03bce6be1e3e353db43dba3bcb*1875
RX # PAI1,TRAIN,456,4247
TX PAI1,TRAIN,457,3,3eecbcd9be5d3cab3df8beecbd1b3ea43dd73d693e653ebb*bdd2
RX # PAI1,TRAIN,457,4238
TX PAI1,TRAIN,458,3,3e493e3e3eea3ebbbe94bcb0be62be03bd9fbe163dacbdfc*2f92
RX # PAI1,TRAIN,458,4249
TX PAI1,TRAIN,459,1,be493db83e133dfb3e883e88be97becabe84be9e3e9e3e87*2b6d
RX # PAI1,TRAIN,459,4246
TX PAI1,TRAIN,460,1,be77be3e3d9dbbec3e083d83bea8beabbeb8bec13e5d3e1a*aced
RX # PAI1,TRAIN,460,4247
TX PAI1,TRAIN,461,1,3de5bdce3eb63eaa3d14be48bed7beb6bee6beef3ed33e77*ae19
RX # PAI1,TRAIN,461,4246
TX PAI1,TRAIN,462,4,3e193e623e8e3e9abd743d5f3d013d103dd33d323dad3b89*8501
RX # PAI1,TRAIN,462,4248
TX PAI1,TRAIN,463,3,3e53be7cbec2be86be83bed43ed23ef43e663eb8be213d83*25cc
RX # PAI1,TRAIN,463,4248
TX PAI1,TRAIN,464,3,3dd93db63e483d8fbea3bcaebe84be27bd41be0abd4abe36*e985
RX # PAI1,TRAIN,464,4247
TX PAI1,TRAIN,465,2,bf14bcefbeb8bee13f1f3f053f473ec63e3a3efebedebe56*9ba6
RX # PAI1,TRAIN,465,4243
TX PAI1,TRAIN,466,2,bf07be28beaebebe3f003eb63ec13ea93de43e83be9bbe23*49a4
RX # PAI1,TRAIN,466,4239
TX PAI1,TRAIN,467,1,bea7bed1bd33be293e40bd5fbdf8bec7bedcbeb63e0a3de9*4b9a
RX # PAI1,TRAIN,467,4245
TX PAI1,TRAIN,468,4,3e2b3fa13ebd3f30be983f77bdc93eb93db23d35bd55becc*4fa2
RX # PAI1,TRAIN,468,4248
TX PAI1,TRAIN,469,2,3f213efb3f763f42bebbbe263e673f283ec43ea83d91bdd1*c2da
RX # PAI1,TRAIN,469,4248
TX PAI1,TRAIN,470,1,bea4bed5be3abe9d3df5bd89bee3bf04bedfbef03e123e10*98fe
RX # PAI1,TRAIN,470,4247
TX PAI1,TRAIN,471,3,bc5b3e84be0c3c8fbd7b3e78be84bde4bdd0be223bc7bda0*59d5
RX # PAI1,TRAIN,471,4238
TX PAI1,TRAIN,472,4,3deb3da43d313dd4bccebd1a3dca3e263da13d1e3c21bc8a*870d
RX # PAI1,TRAIN,472,4247
TX PAI1,TRAIN,473,2,bf2fbe2bbf04bf093f2b3f003ed33edb3e8d3e9fbeb7be09*0b56
RX # PAI1,TRAIN,473,4237
TX PAI1,TRAIN,474,1,be9bbcaabe2cbe343e9b3e89be82bed8be91be9e3e2e3e4a*6917
RX # PAI1,TRAIN,474,4248
TX PAI1,TRAIN,475,3,3e69be5dbe0cbe08bef4bed13e6b3d8dbe09bc973cd43dc6*fb72
RX # PAI1,TRAIN,475,4248
TX PAI1,TRAIN,476,4,3e1d3db4bc073d30be0bbd89bcf53ee53d923d523d693dbd*62f2
RX # PAI1,TRAIN,476,4248
TX PAI1,TRAIN,477,4,3eb33e4c3cf93e27be92be1ebbc4bccf3d9e3cb83ca7bd1b*d53b
RX # PAI1,TRAIN,477,4249
TX PAI1,TRAIN,478,3,3ed93e923eeb3ee3be79be17beb0be1bbdbbbe2a3db1be2b*c5de
RX # PAI1,TRAIN,478,4246
TX PAI1,TRAIN,479,3,3ebbbeebbe8abe9dbd33bf41be7a3d26bde7be183e843ef4*a09b
RX # PAI1,TRAIN,479,4243
TX PAI1,TRAIN,480,1,be53bd6d3e6a3e0f3d4d3e13be8ebf17beb1beba3e853e1c*609a
RX # PAI1,TRAIN,480,4244
TX PAI1,TRAIN,481,1,bdfdbe5abd31be1c3a48bd95be7abeefbe50be823e1b3e3c*6369
RX # PAI1,TRAIN,481,4244
TX PAI1,TRAIN,482,4,3e6b3ee13e6e3e9ebe5a3e31be4cbdefbd2fbdd93e05bb4d*5b38
RX # PAI1,TRAIN,482,4238
TX PAI1,TRAIN,483,3,3e53be7cbec2be86be83bed43ed23ef43e663eb8be213d83*0ac3
RX # PAI1,TRAIN,483,4239
TX PAI1,TRAIN,484,1,bdbdbdcb3e0b3c0ebce3b9e4bec1beeabf00beff3e8d3e35*c03f
RX # PAI1,TRAIN,484,4246
TX PAI1,TRAIN,485,2,bf07be28beaebebe3f003eb63ec13ea93de43e83be9bbe23*eb6b
RX # PAI1,TRAIN,485,4247
TX PAI1,TRAIN,486,2,bf2fbe2bbf04bf093f2b3f003ed33edb3e8d3e9fbeb7be09*2dc4
RX # PAI1,TRAIN,486,4238
TX PAI1,TRAIN,487,1,bea7bed1bd33be293e40bd5fbdf8bec7bedcbeb63e0a3de9*6495
RX # PAI1,TRAIN,487,4248
TX PAI1,TRAIN,488,1,be53bd6d3e6a3e0f3d4d3e13be8ebf17beb1beba3e853e1c*8af9
RX # PAI1,TRAIN,488,4239
TX PAI1,TRAIN,489,3,3ed93e923eeb3ee3be79be17beb0be1bbdbbbe2a3db1be2b*1e6d
RX # PAI1,TRAIN,489,4237
TX PAI1,TRAIN,490,1,3de5bdce3eb63eaa3d14be48bed7beb6bee6beef3ed33e77*75aa
RX # PAI1,TRAIN,490,4248
TX PAI1,TRAIN,491,3,3eecbcd9be5d3cab3df8beecbd1b3ea43dd73d693e653ebb*96a5
RX # PAI1,TRAIN,491,4248
TX PAI1,TRAIN,492,2,beb0be5abe92bec93ee13e0c3ee83e843cf83e6bbeb4be73*6a6f
RX # PAI1,TRAIN,492,4248
TX PAI1,TRAIN,493,4,bdb43e52bddbbd363d913e88bd553e583d983d513c423d86*5daf
RX # PAI1,TRAIN,493,4248
TX PAI1,TRAIN,494,1,bea4bed5be3abe9d3df5bd89bee3bf04bedfbef03e123e10*4ad0
RX # PAI1,TRAIN,494,4238
TX PAI1,TRAIN,495,4,3e193e623e8e3e9abd743d5f3d013d103dd33d323dad3b89*5513
RX # PAI1,TRAIN,495,4238
TX PAI1,TRAIN,496,3,bdb1be4d3dd7be1d3dd0bdc6be35bdb3be19be233e593ea7*fdc3
RX # PAI1,TRAIN,496,4247
TX PAI1,TRAIN,497,3,3eaf3e063e6a3e96becbbe54be1cbd463e383d843d69bcc9*ed6c
RX # PAI1,TRAIN,497,4245
TX PAI1,TRAIN,498,3,3e163ecf3efa3ee1be5c3e623d6dbe053de53d933d7dbdb0*d0a5
RX # PAI1,TRAIN,498,4238
TX PAI1,TRAIN,499,4,3d90be07be4dbe30be29be3c3dc53d06bbf73c85bd273cf6*37e4
RX # PAI1,TRAIN,499,4246
TX PAI1,TRAIN,500,4,3e2b3fa13ebd3f30be983f77bdc93eb93db23d35bd55becc*29cd
RX # PAI1,TRAIN,500,4246
TX PAI1,TRAIN,501,3,3ed4babc3ebd3ecebf17beca3e2e3eb53e893e6b3d38bc7f*69a3
RX # PAI1,TRAIN,501,4246
TX PAI1,TRAIN,502,4,3f0c3bc43eae3eb9bf2fbf03bce6be1e3e353db43dba3bcb*e97d
RX # PAI1,TRAIN,502,4237
TX PAI1,TRAIN,503,2,bea2befcbd83be043ed5be0d3ef53f053f0c3f16bdef3e32*9245
RX # PAI1,TRAIN,503,4238
TX PAI1,TRAIN,504,1,be933d53be8fbe473eb93ea3beaebeb8be99beb03e4e3e72*0361
RX # PAI1,TRAIN,504,4248
TX PAI1,TRAIN,505,4,3eff3f5f3ec63f16bf203e9bbe13bc393e103cc63d78be3d*1aa9
RX # PAI1,TRAIN,505,4248
TX PAI1,TRAIN,506,2,3e0cbdcabec1be863d01be5f3ed73f173e7f3eaebe9cbe31*4f87
RX # PAI1,TRAIN,506,4248
TX PAI1,TRAIN,507,3,3e80bf13bf01beb33e13bf403f1a3e993d083e783d6b3ec4*fe09
RX # PAI1,TRAIN,507,4248
TX PAI1,TRAIN,508,4,3eb33e4c3cf93e27be92be1ebbc4bccf3d9e3cb83ca7bd1b*4c49
RX # PAI1,TRAIN,508,4239
TX PAI1,TRAIN,509,4,3e1d3db4bc073d30be0bbd89bcf53ee53d923d523d693dbd*fb80
RX # PAI1,TRAIN,509,4237
TX PAI1,TRAIN,510,3,3ebbbeebbe8abe9dbd33bf41be7a3d26bde7be183e843ef4*bdb4
RX # PAI1,TRAIN,510,4239
TX PAI1,TRAIN,511,4,be19bdabbe1dbe1d3d293d8abe3b3e18bbf2bd61bc6e3cd4*c77f
RX # PAI1,TRAIN,511,4249
TX PAI1,TRAIN,512,1,bce6be833e943e43bdefbe4fbec7beb7beddbee83ea13e2d*f983
RX # PAI1,TRAIN,512,4240
TX PAI1,TRAIN,513,3,3e493e3e3eea3ebbbe94bcb0be62be03bd9fbe163dacbdfc*cbe4
RX # PAI1,TRAIN,513,4244
TX PAI1,TRAIN,514,3,3e69be5dbe0cbe08bef4bed13e6b3d8dbe09bc973cd43dc6*0c3e
RX # PAI1,TRAIN,514,4238
TX PAI1,TRAIN,515,1,be0cbdf5be1fbe4b3d953cbdbe99bed9bea7beb93e2d3e39*ee3f
RX # PAI1,TRAIN,515,4240
TX PAI1,TRAIN,516,1,be493db83e133dfb3e883e88be97becabe84be9e3e9e3e87*323a
RX # PAI1,TRAIN,516,4248
TX PAI1,TRAIN,517,2,bf2cbe06bf27bf223f093f053f443e803d5a3ef6bee8be1a*6af8
RX # PAI1,TRAIN,517,4238
TX PAI1,TRAIN,518,3,bc5b3e84be0c3c8fbd7b3e78be84bde4bdd0be223bc7bda0*44fa
RX # PAI1,TRAIN,518,4247
TX PAI1,TRAIN,519,4,3deb3da43d313dd4bccebd1a3dca3e263da13d1e3c21bc8a*6ca2
RX # PAI1,TRAIN,519,4237
TX PAI1,TRAIN,520,2,bf14bcefbeb8bee13f1f3f053f473ec63e3a3efebedebe56*9e12
RX # PAI1,TRAIN,520,4246
TX PAI1,TRAIN,521,1,be77be3e3d9dbbec3e083d83bea8beabbeb8bec13e5d3e1a*5478
RX # PAI1,TRAIN,521,4247
TX PAI1,TRAIN,522,2,3f213efb3f763f42bebbbe263e673f283ec43ea83d91bdd1*26ac
RX # PAI1,TRAIN,522,4249
TX PAI1,TRAIN,523,3,3dd93db63e483d8fbea3bcaebe84be27bd41be0abd4abe36*1ab1
RX # PAI1,TRAIN,523,4247
TX PAI1,TRAIN,524,2,bf14be7abf19bf1e3f2c3eaa3f1cbe3a3fc43f9cbfe3bfec*bceb
RX # PAI1,TRAIN,524,4237
TX PAI1,TRAIN,525,1,be9bbcaabe2cbe343e9b3e89be82bed8be91be9e3e2e3e4a*1e7e
RX # PAI1,TRAIN,525,4248
TX PAI1,TRAIN,526,4,be19bdabbe1dbe1d3d293d8abe3b3e18bbf2bd61bc6e3cd4*37bb
RX # PAI1,TRAIN,526,4247
TX PAI1,TRAIN,527,3,3e493e3e3eea3ebbbe94bcb0be62be03bd9fbe163dacbdfc*b6e0
RX # PAI1,TRAIN,527,4248
TX PAI1,TRAIN,528,3,3ebbbeebbe8abe9dbd33bf41be7a3d26bde7be183e843ef4*d7f2
RX # PAI1,TRAIN,528,4248
TX PAI1,TRAIN,529,3,3e53be7cbec2be86be83bed43ed23ef43e663eb8be213d83*bafa
RX # PAI1,TRAIN,529,4247
TX PAI1,TRAIN,530,1,bea7bed1bd33be293e40bd5fbdf8bec7bedcbeb63e0a3de9*3752
RX # PAI1,TRAIN,530,4247
TX PAI1,TRAIN,531,3,3eecbcd9be5d3cab3df8beecbd1b3ea43dd73d693e653ebb*3a7f
RX # PAI1,TRAIN,531,4238
TX PAI1,TRAIN,532,3,3dd93db63e483d8fbea3bcaebe84be27bd41be0abd4abe36*ee0d
RX # PAI1,TRAIN,532,4247
TX PAI1,TRAIN,533,4,3eff3f5f3ec63f16bf203e9bbe13bc393e103cc63d78be3d*912d
RX # PAI1,TRAIN,533,4238
TX PAI1,TRAIN,534,4,3deb3da43d313dd4bccebd1a3dca3e263da13d1e3c21bc8a*0f79
RX # PAI1,TRAIN,534,4247
TX PAI1,TRAIN,535,3,3ed93e923eeb3ee3be79be17beb0be1bbdbbbe2a3db1be2b*2a09
RX # PAI1,TRAIN,535,4238
TX PAI1,TRAIN,536,1,be9bbcaabe2cbe343e9b3e89be82bed8be91be9e3e2e3e4a*1c42
RX # PAI1,TRAIN,536,4239
TX PAI1,TRAIN,537,1,bdfdbe5abd31be1c3a48bd95be7abeefbe50be823e1b3e3c*4bee
RX # PAI1,TRAIN,537,4238
TX PAI1,TRAIN,538,3,3e163ecf3efa3ee1be5c3e623d6dbe053de53d933d7dbdb0*7c7f
RX # PAI1,TRAIN,538,4248
TX PAI1,TRAIN,539,3,bc5b3e84be0c3c8fbd7b3e78be84bde4bdd0be223bc7bda0*3063
RX # PAI1,TRAIN,539,4239
TX PAI1,TRAIN,540,1,bdbdbdcb3e0b3c0ebce3b9e4bec1beeabf00beff3e8d3e35*81af
RX # PAI1,TRAIN,540,4248
TX PAI1,TRAIN,541,1,be53bd6d3e6a3e0f3d4d3e13be8ebf17beb1beba3e853e1c*a76b
RX # PAI1,TRAIN,541,4248
TX PAI1,TRAIN,542,1,be933d53be8fbe473eb93ea3beaebeb8be99beb03e4e3e72*1772
RX # PAI1,TRAIN,542,4249
TX PAI1,TRAIN,543,1,be77be3e3d9dbbec3e083d83bea8beabbeb8bec13e5d3e1a*b293
RX # PAI1,TRAIN,543,4238
TX PAI1,TRAIN,544,4,3d90be07be4dbe30be29be3c3dc53d06bbf73c85bd273cf6*68ab
RX # PAI1,TRAIN,544,4238
TX PAI1,TRAIN,545,3,3e69be5dbe0cbe08bef4bed13e6b3d8dbe09bc973cd43dc6*e730
RX # PAI1,TRAIN,545,4238
TX PAI1,TRAIN,546,2,beb0be5abe92bec93ee13e0c3ee83e843cf83e6bbeb4be73*a403
RX # PAI1,TRAIN,546,4238
TX PAI1,TRAIN,547,4,3e6b3ee13e6e3e9ebe5a3e31be4cbdefbd2fbdd93e05bb4d*61e8
RX # PAI1,TRAIN,547,4247
TX PAI1,TRAIN,548,4,3e1d3db4bc073d30be0bbd89bcf53ee53d923d523d693dbd*9f72
RX # PAI1,TRAIN,548,4240
TX PAI1,TRAIN,549,2,bea2befcbd83be043ed5be0d3ef53f053f0c3f16bdef3e32*9114
RX # PAI1,TRAIN,549,4238
TX PAI1,TRAIN,550,3,3ed4babc3ebd3ecebf17beca3e2e3eb53e893e6b3d38bc7f*82ad
RX # PAI1,TRAIN,550,4239
TX PAI1,TRAIN,551,1,bea4bed5be3abe9d3df5bd89bee3bf04bedfbef03e123e10*7000
RX # PAI1,TRAIN,551,4247
TX PAI1,TRAIN,552,2,3f213efb3f763f42bebbbe263e673f283ec43ea83d91bdd1*b93b
RX # PAI1,TRAIN,552,4239
TX PAI1,TRAIN,553,4,3e2b3fa13ebd3f30be983f77bdc93eb93db23d35bd55becc*3443
RX # PAI1,TRAIN,553,4240
TX PAI1,TRAIN,554,4,bdb43e52bddbbd363d913e88bd553e583d983d513c423d86*91ff
RX # PAI1,TRAIN,554,4246
TX PAI1,TRAIN,555,3,3eaf3e063e6a3e96becbbe54be1cbd463e383d843d69bcc9*a75d
RX # PAI1,TRAIN,555,4249
TX PAI1,TRAIN,556,3,bdb1be4d3dd7be1d3dd0bdc6be35bdb3be19be233e593ea7*4172
RX # PAI1,TRAIN,556,4248
TX PAI1,TRAIN,557,1,3de5bdce3eb63eaa3d14be48bed7beb6bee6beef3ed33e77*b9fa
RX # PAI1,TRAIN,557,4248
TX PAI1,TRAIN,558,4,3e193e623e8e3e9abd743d5f3d013d103dd33d323dad3b89*85a0
RX # PAI1,TRAIN,558,4249
TX PAI1,TRAIN,559,2,bf2fbe2bbf04bf093f2b3f003ed33edb3e8d3e9fbeb7be09*840b
RX # PAI1,TRAIN,559,4239
TX PAI1,TRAIN,560,2,bf2cbe06bf27bf223f093f053f443e803d5a3ef6bee8be1a*858e
RX # PAI1,TRAIN,560,4247
TX PAI1,TRAIN,561,2,bf14bcefbeb8bee13f1f3f053f473ec63e3a3efebedebe56*fae0
RX # PAI1,TRAIN,561,4247
TX PAI1,TRAIN,562,2,bf07be28beaebebe3f003eb63ec13ea93de43e83be9bbe23*28e2
RX # PAI1,TRAIN,562,4237
TX PAI1,TRAIN,563,2,3e0cbdcabec1be863d01be5f3ed73f173e7f3eaebe9cbe31*d98d
RX # PAI1,TRAIN,563,4246
TX PAI1,TRAIN,564,2,bf14be7abf19bf1e3f2c3eaa3f1cbe3a3fc43f9cbfe3bfec*a359
RX # PAI1,TRAIN,564,4248
TX PAI1,TRAIN,565,1,be0cbdf5be1fbe4b3d953cbdbe99bed9bea7beb93e2d3e39*71a8
RX # PAI1,TRAIN,565,4248
TX PAI1,TRAIN,566,1,be493db83e133dfb3e883e88be97becabe84be9e3e9e3e87*adad
RX # PAI1,TRAIN,566,4247
TX PAI1,TRAIN,567,3,3e80bf13bf01beb33e13bf403f1a3e993d083e783d6b3ec4*ee62
RX # PAI1,TRAIN,567,4239
TX PAI1,TRAIN,568,4,3eb33e4c3cf93e27be92be1ebbc4bccf3d9e3cb83ca7bd1b*5c22
RX # PAI1,TRAIN,568,4249
TX PAI1,TRAIN,569,1,bce6be833e943e43bdefbe4fbec7beb7beddbee83ea13e2d*01b7
RX # PAI1,TRAIN,569,4247
TX PAI1,TRAIN,570,4,3f0c3bc43eae3eb9bf2fbf03bce6be1e3e353db43dba3bcb*806a
RX # PAI1,TRAIN,570,4237
TX PAI1,PREDICT,571,be5abe943e013cc83d83bd62be8abecabebbbebf3e883e5e*6fb5
RX # PAI1,PREDICT,571,175,3f67,3d0c,3d7a,3b00
TX PAI1,PREDICT,572,3b60be0c3e3f3d8ebe00be00bec0bf07bec6bed33e933e55*77f5
RX # PAI1,PREDICT,572,176,3f56,be26,3e58,3e00
TX PAI1,PREDICT,573,3d2fbeb03e3b3d50bda1beb1bec3be91bee3bee33e963e56*f067
RX # PAI1,PREDICT,573,176,3f4d,bd4c,3e87,bbc0
TX PAI1,PREDICT,574,be75be03bce2bd283e623de5bed8bee9bec9bed73e753e3a*6ff2
RX # PAI1,PREDICT,574,176,3f6c,bd00,bc9e,3dda
TX PAI1,PREDICT,575,be1e3e493dc13e4d3dd73ea43f493ed63f403f54be443c7d*d902
RX # PAI1,PREDICT,575,176,be9f,3f48,3dae,3ee0
TX PAI1,PREDICT,576,3f5fbe91beac3e3abdb7bf8a3f213f313f2a3f29be57bdb4*12a1
RX # PAI1,PREDICT,576,176,bf1a,3ee0,3f5e,3e96
TX PAI1,PREDICT,577,3f88be8abf3ebe573ecdbfa03ec83f0c3ea23eb7be9abe3d*bd42
RX # PAI1,PREDICT,577,176,bedf,3ed6,3f6a,3dec
TX PAI1,PREDICT,578,bc02be94bdc7be15bc70be7fbb9d3d8fbe4dbe1e3e563ea3*34fe
RX # PAI1,PREDICT,578,176,3eda,3deb,3e9e,3e25
TX PAI1,PREDICT,579,3f19be48bd923d6cbd6abf3ebe3e3eadbdadbdb73e883ead*6489
RX # PAI1,PREDICT,579,177,3db1,3bc0,3f24,3e8a
TX PAI1,PREDICT,580,3db43f113e113e85be713ed8be14bb2b3dcb3bf43d21bd84*2afb
RX # PAI1,PREDICT,580,185,3dff,3d26,3de0,3f3c
TX PAI1,PREDICT,581,3efb3cd83e983e90bf0cbee2be0fbe883db8bc9e3e0a3d76*d890
RX # PAI1,PREDICT,581,184,3e42,be3c,3f1a,3ecf
TX PAI1,PREDICT,582,3eba3e8c3e773e93bedcbdcfbdb8be2cbbcdbd9e3d9ebd7a*c98c
RX # PAI1,PREDICT,582,175,3e4d,bd9e,3ec6,3eee
TX PAI1,PREDICT,583,3ed6bc39be26bd5cbdeebed03d413e34bd5cbd853d6a3daa*8344
RX # PAI1,PREDICT,583,176,3d92,3da1,3f04,3eaa
TX PAI1,PREDICT,584,3dbc3dc2bddebd16bca0bb3bbd3d3e1bbc8ebd7b3d6f3da0*fc3b
RX # PAI1,PREDICT,584,185,3e3a,3e20,3e71,3ed5
TX PAI1,PREDICT,585,3e993eaf3e183e95bd1a3c9dbdcf3c2e3c15bd8e3e063cc8*9f76
RX # PAI1,PREDICT,585,175,3e75,3dd2,3e65,3ee6
TX PAI1,INIT,586,12,64,1,1*53a8
RX # PAI1,INIT,586,12,64,4
TX PAI1,TRAIN,587,2,3f3ebea5beb63e45bd93bf663f2a3f273f1b3f22be76bde0*8159
RX # PAI1,TRAIN,587,4247
TX PAI1,TRAIN,588,2,bf19be39beb8befb3f1b3ed63ecb3e9d3db23e79beadbe3c*9141
RX # PAI1,TRAIN,588,4246
TX PAI1,TRAIN,589,3,3c2f3df43e5b3d5bbeac3d94be8cbe26bd7bbe09bd91be50*d2ba
RX # PAI1,TRAIN,589,4248
TX PAI1,TRAIN,590,4,3e9f398dbe2dbdcbbdd2be903d493e24bd8abd893d273d8b*caca
RX # PAI1,TRAIN,590,4239
TX PAI1,TRAIN,591,3,3dc83e6f3efd3ed6be9b3d94be6ebe04bdb8be153d8dbe16*46a4
RX # PAI1,TRAIN,591,4237
TX PAI1,TRAIN,592,3,3ef8be5fbd933d1dbd0ebf17be483ea1bdc5bdb83e853eab*5d38
RX # PAI1,TRAIN,592,4247
TX PAI1,TRAIN,593,3,3ea23eb53eff3f04be7ebd35beb9be1abdd3be283d93be45*eb9e
RX # PAI1,TRAIN,593,4238
TX PAI1,TRAIN,594,1,be63be03be26be8e3dea3de8bea1bed2bea5beb53e223e2e*f090
RX # PAI1,TRAIN,594,4239
TX PAI1,TRAIN,595,4,3c9e3dde3d513dc33af43d6a3dd43e173d683d07bc13bd12*40c8
RX # PAI1,TRAIN,595,4238
TX PAI1,TRAIN,596,3,bdc9bea8bdccbe5a3c65be0cbbb53d75be52be1c3e4d3ea1*10a2
RX # PAI1,TRAIN,596,4249
TX PAI1,TRAIN,597,2,3f6ebe9dbf4abe953efbbf873ed33f033e8f3eafbeacbe57*10fd
RX # PAI1,TRAIN,597,4237
TX PAI1,TRAIN,598,4,3d573e8c3e9a3eadbd1b3e113d063cdb3da33d1a3d8ebc62*553b
RX # PAI1,TRAIN,598,4239
TX PAI1,TRAIN,599,2,bed7be75be9abf043f093e5f3ef43e763c383e5ebec7be87*56c8
RX # PAI1,TRAIN,599,4239
TX PAI1,TRAIN,600,4,3d673df2bb853ca5be003cf7bd033ed73d4c3d393d263da0*acef
RX # PAI1,TRAIN,600,4239
TX PAI1,TRAIN,601,4,bcc0be11be57be7cbe23bd9d3dcf3cc9bcc63c3bbd7f3c55*4968
RX # PAI1,TRAIN,601,4239
TX PAI1,TRAIN,602,1,bd4cbec93e4d3cf5bd73be68becdbe8dbeddbedd3e943e4c*84ce
RX # PAI1,TRAIN,602,4239
TX PAI1,TRAIN,603,3,3e02be77be11be4abf04be913e773d71be11bcb43c023da9*8a2d
RX # PAI1,TRAIN,603,4239
TX PAI1,TRAIN,604,2,bf25be8dbf22bf4c3f4d3ecb3f24be383fb53f96bff2bff7*a370
RX # PAI1,TRAIN,604,4243
TX PAI1,TRAIN,605,1,bdb3be183e523d59bde7bcbebecbbf02bec2becd3e913e4a*80d5
RX # PAI1,TRAIN,605,4239
TX PAI1,TRAIN,606,3,3eb4bc91be67bbe83e2ebeaabd253e983da73d4f3e5e3eb9*ae4f
RX # PAI1,TRAIN,606,4239
TX PAI1,TRAIN,607,3,3e1abf2abf08beee3e48bf193f223e8e3c653e6a3d283ec2*d8ca
RX # PAI1,TRAIN,607,4238
TX PAI1,TRAIN,608,3,3ddabe8ebecdbeb7be86be943edc3ee53e463eafbe3d3d47*e11e
RX # PAI1,TRAIN,608,4238
TX PAI1,TRAIN,609,3,bdd43ea3be11bc38bd223ea1be8cbde7bde6be20bc53bdcb*6569
RX # PAI1,TRAIN,609,4239
TX PAI1,TRAIN,610,4,3ede3caa3ebd3ed3bf41bec3bcf6be1e3e183da53d9cbc40*cd63
RX # PAI1,TRAIN,610,4238
TX PAI1,TRAIN,611,4,3e4a3ed63e283ea7bc4d3de0bddb3b5bbc0cbd913df23bed*7c78
RX # PAI1,TRAIN,611,4248
TX PAI1,TRAIN,612,1,bea3be0ebccbbdab3e913e48bee3bee1bec5bed23e6d3e2f*e0de
RX # PAI1,TRAIN,612,4238
TX PAI1,TRAIN,613,2,3d26bdd3beccbeb63d89bdde3ee33f0e3e5e3ea6beadbe4b*b547
RX # PAI1,TRAIN,613,4247
TX PAI1,TRAIN,614,4,be333e83bde1bdb43de53eacbd623e473d573d38bbdf3d4e*74ae
RX # PAI1,TRAIN,614,4249
TX PAI1,TRAIN,615,1,be56be75bd2abe623d013ccdbe84bee7be55be803e0f3e30*244c
RX # PAI1,TRAIN,615,4239
TX PAI1,TRAIN,616,1,be97bea83e0fbb303dd63d29be91bec4beb8beba3e863e54*dfc2
RX # PAI1,TRAIN,616,4239
TX PAI1,TRAIN,617,1,be37bdd43e19bcb5ba913dbbbeccbee2bef8bef83e8b3e2a*f10b
RX # PAI1,TRAIN,617,4238
TX PAI1,TRAIN,618,3,3ec23d373ea63ea1bf19bea1be17be853d89bcbb3dfa3d35*d28f
RX # PAI1,TRAIN,618,4239
TX PAI1,TRAIN,619,1,bebb3d99be97be8c3ee43ec5beb7beb3be98beac3e443e69*dc5c
RX # PAI1,TRAIN,619,4247
TX PAI1,TRAIN,620,3,3d4b3efc3f073f03be5d3e973d78be063db33d853d3bbddd*67fa
RX # PAI1,TRAIN,620,4239
TX PAI1,TRAIN,621,1,be93bd613e7f3e0f3db53e66be96bf11beafbeb53e813e10*9c0a
RX # PAI1,TRAIN,621,4238
TX PAI1,TRAIN,622,4,3ec63f863ed73f31bf303ebebe1cbc903deb3c9c3d36be57*2b1b
RX # PAI1,TRAIN,622,4239
TX PAI1,TRAIN,623,2,becabf12bd82be453f02bd103f013efb3efd3f0fbe113e27*f201
RX # PAI1,TRAIN,623,4237
TX PAI1,TRAIN,624,4,bb273e01bde4bda03c073db7bd493e0dbd08bd813d2c3d81*2e4f
RX # PAI1,TRAIN,624,4240
TX PAI1,TRAIN,625,1,bec3bc33be33be803ec23eadbe89bed1be91be9b3e243e40*469c
RX # PAI1,TRAIN,625,4239
TX PAI1,TRAIN,626,4,be70bdafbe24be633da03e1ebe463e0abcc5bd6abd0d3c0e*7c28
RX # PAI1,TRAIN,626,4240
TX PAI1,TRAIN,627,4,3e833ead3e863ea5beedba76bdc3be2bbcbcbda13d7dbda7*6d97
RX # PAI1,TRAIN,627,4240
TX PAI1,TRAIN,628,3,bbcf3f303e203e94be753ef6be1dbc173d9b3b413cb5bdae*fcf5
RX # PAI1,TRAIN,628,4241
TX PAI1,TRAIN,629,1,becfbef1bd2dbe733e7c3d2cbe03bec1bed7beb23dfb3dcd*c123
RX # PAI1,TRAIN,629,4238
TX PAI1,TRAIN,630,2,be743e7c3dd83e5c3e1b3ec63f533ec83f303f4bbe62bb08*beda
RX # PAI1,TRAIN,630,4239
TX PAI1,TRAIN,631,2,3f033f183f843f67bec8bd693e733f1e3eaf3e9f3d63bdff*c4b9
RX # PAI1,TRAIN,631,4239
TX PAI1,TRAIN,632,1,be8f3df63e223df23eac3eacbe9fbec4be85be9a3e9c3e83*abfb
RX # PAI1,TRAIN,632,4239
TX PAI1,TRAIN,633,1,bebb3d99be97be8c3ee43ec5beb7beb3be98beac3e443e69*cf66
RX # PAI1,TRAIN,633,4239
TX PAI1,TRAIN,634,4,3e4a3ed63e283ea7bc4d3de0bddb3b5bbc0cbd913df23bed*f5c0
RX # PAI1,TRAIN,634,4239
TX PAI1,TRAIN,635,4,3e833ead3e863ea5beedba76bdc3be2bbcbcbda13d7dbda7*14eb
RX # PAI1,TRAIN,635,4239
TX PAI1,TRAIN,636,2,3d26bdd3beccbeb63d89bdde3ee33f0e3e5e3ea6beadbe4b*3cff
RX # PAI1,TRAIN,636,4240
TX PAI1,TRAIN,637,3,bbcf3f303e203e94be753ef6be1dbc173d9b3b413cb5bdae*e98b
RX # PAI1,TRAIN,637,4239
TX PAI1,TRAIN,638,3,3d4b3efc3f073f03be5d3e973d78be063db33d853d3bbddd*0265
RX # PAI1,TRAIN,638,4238
TX PAI1,TRAIN,639,3,3c2f3df43e5b3d5bbeac3d94be8cbe26bd7bbe09bd91be50*d973
RX # PAI1,TRAIN,639,4239
TX PAI1,TRAIN,640,3,3eb4bc91be67bbe83e2ebeaabd253e983da73d4f3e5e3eb9*ba5c
RX # PAI1,TRAIN,640,4238
TX PAI1,TRAIN,641,1,be93bd613e7f3e0f3db53e66be96bf11beafbeb53e813e10*8c61
RX # PAI1,TRAIN,641,4239
TX PAI1,TRAIN,642,4,3ec63f863ed73f31bf303ebebe1cbc903deb3c9c3d36be57*3b70
RX # PAI1,TRAIN,642,4244
TX PAI1,TRAIN,643,2,bf19be39beb8befb3f1b3ed63ecb3e9d3db23e79beadbe3c*62bc
RX # PAI1,TRAIN,643,4240
TX PAI1,TRAIN,644,1,becfbef1bd2dbe733e7c3d2cbe03bec1bed7beb23dfb3dcd*bd4a
RX # PAI1,TRAIN,644,4249
TX PAI1,TRAIN,645,1,be56be75bd2abe623d013ccdbe84bee7be55be803e0f3e30*b402
RX # PAI1,TRAIN,645,4248
TX PAI1,TRAIN,646,3,bdc9bea8bdccbe5a3c65be0cbbb53d75be52be1c3e4d3ea1*0b00
RX # PAI1,TRAIN,646,4249
TX PAI1,TRAIN,647,4,be333e83bde1bdb43de53eacbd623e473d573d38bbdf3d4e*6920
RX # PAI1,TRAIN,647,4238
TX PAI1,TRAIN,648,4,be70bdafbe24be633da03e1ebe463e0abcc5bd6abd0d3c0e*8d81
RX # PAI1,TRAIN,648,4239
TX PAI1,TRAIN,649,2,3f033f183f843f67bec8bd693e733f1e3eaf3e9f3d63bdff*b14d
RX # PAI1,TRAIN,649,4240
TX PAI1,TRAIN,650,1,bec3bc33be33be803ec23eadbe89bed1be91be9b3e243e40*5f6a
RX # PAI1,TRAIN,650,4239
TX PAI1,TRAIN,651,4,bcc0be11be57be7cbe23bd9d3dcf3cc9bcc63c3bbd7f3c55*d926
RX # PAI1,TRAIN,651,4248
TX PAI1,TRAIN,652,1,be37bdd43e19bcb5ba913dbbbeccbee2bef8bef83e8b3e2a*68d8
RX # PAI1,TRAIN,652,4240
TX PAI1,TRAIN,653,2,3f3ebea5beb63e45bd93bf663f2a3f273f1b3f22be76bde0*67da
RX # PAI1,TRAIN,653,4239
TX PAI1,TRAIN,654,4,3ede3caa3ebd3ed3bf41bec3bcf6be1e3e183da53d9cbc40*2ff0
RX # PAI1,TRAIN,654,4238
TX PAI1,TRAIN,655,3,3ea23eb53eff3f04be7ebd35beb9be1abdd3be283d93be45*7461
RX # PAI1,TRAIN,655,4237
TX PAI1,TRAIN,656,3,3dc83e6f3efd3ed6be9b3d94be6ebe04bdb8be153d8dbe16*a21b
RX # PAI1,TRAIN,656,4247
TX PAI1,TRAIN,657,1,be8f3df63e223df23eac3eacbe9fbec4be85be9a3e9c3e83*3df1
RX # PAI1,TRAIN,657,4238
TX PAI1,TRAIN,658,1,bdb3be183e523d59bde7bcbebecbbf02bec2becd3e913e4a*7c99
RX # PAI1,TRAIN,658,4249
TX PAI1,TRAIN,659,1,be97bea83e0fbb303dd63d29be91bec4beb8beba3e863e54*5af2
RX # PAI1,TRAIN,659,4247
TX PAI1,TRAIN,660,4,3d573e8c3e9a3eadbd1b3e113d063cdb3da33d1a3d8ebc62*ab23
RX # PAI1,TRAIN,660,4240
TX PAI1,TRAIN,661,2,3f6ebe9dbf4abe953efbbf873ed33f033e8f3eafbeacbe57*0f27
RX # PAI1,TRAIN,661,4240
TX PAI1,TRAIN,662,3,bdd43ea3be11bc38bd223ea1be8cbde7bde6be20bc53bdcb*12a1
RX # PAI1,TRAIN,662,4246
TX PAI1,TRAIN,663,2,bf25be8dbf22bf4c3f4d3ecb3f24be383fb53f96bff2bff7*c3fa
RX # PAI1,TRAIN,663,4239
TX PAI1,TRAIN,664,1,bd4cbec93e4d3cf5bd73be68becdbe8dbeddbedd3e943e4c*9f04
RX # PAI1,TRAIN,664,4244
TX PAI1,TRAIN,665,2,bed7be75be9abf043f093e5f3ef43e763c383e5ebec7be87*55f1
RX # PAI1,TRAIN,665,4239
TX PAI1,TRAIN,666,4,3e9f398dbe2dbdcbbdd2be903d493e24bd8abd893d273d8b*d510
RX # PAI1,TRAIN,666,4240
TX PAI1,TRAIN,667,2,becabf12bd82be453f02bd103f013efb3efd3f0fbe113e27*1092
RX # PAI1,TRAIN,667,4248
TX PAI1,TRAIN,668,1,bea3be0ebccbbdab3e913e48bee3bee1bec5bed23e6d3e2f*63aa
RX # PAI1,TRAIN,668,4248
TX PAI1,TRAIN,669,3,3e1abf2abf08beee3e48bf193f223e8e3c653e6a3d283ec2*2963
RX # PAI1,TRAIN,669,4246
TX PAI1,TRAIN,670,4,3c9e3dde3d513dc33af43d6a3dd43e173d683d07bc13bd12*5d2e
RX # PAI1,TRAIN,670,4238
TX PAI1,TRAIN,671,2,be743e7c3dd83e5c3e1b3ec63f533ec83f303f4bbe62bb08*da28
RX # PAI1,TRAIN,671,4238
TX PAI1,TRAIN,672,1,be63be03be26be8e3dea3de8bea1bed2bea5beb53e223e2e*60b6
RX # PAI1,TRAIN,672,4240
TX PAI1,TRAIN,673,3,3ddabe8ebecdbeb7be86be943edc3ee53e463eafbe3d3d47*192a
RX # PAI1,TRAIN,673,4239
TX PAI1,TRAIN,674,4,3d673df2bb853ca5be003cf7bd033ed73d4c3d393d263da0*ce59
RX # PAI1,TRAIN,674,4238
TX PAI1,TRAIN,675,4,bb273e01bde4bda03c073db7bd493e0dbd08bd813d2c3d81*c541
RX # PAI1,TRAIN,675,4248
TX PAI1,TRAIN,676,3,3e02be77be11be4abf04be913e773d71be11bcb43c023da9*93db
RX # PAI1,TRAIN,676,4240
TX PAI1,TRAIN,677,3,3ef8be5fbd933d1dbd0ebf17be483ea1bdc5bdb83e853eab*40de
RX # PAI1,TRAIN,677,4240
TX PAI1,TRAIN,678,3,3ec23d373ea63ea1bf19bea1be17be853d89bcbb3dfa3d35*c2e4
RX # PAI1,TRAIN,678,4247
TX PAI1,TRAIN,679,2,3d26bdd3beccbeb63d89bdde3ee33f0e3e5e3ea6beadbe4b*b9cf
RX # PAI1,TRAIN,679,4239
TX PAI1,TRAIN,680,1,bdb3be183e523d59bde7bcbebecbbf02bec2becd3e913e4a*39d0
RX # PAI1,TRAIN,680,4239
TX PAI1,TRAIN,681,4,3e833ead3e863ea5beedba76bdc3be2bbcbcbda13d7dbda7*568b
RX # PAI1,TRAIN,681,4240
TX PAI1,TRAIN,682,2,3f6ebe9dbf4abe953efbbf873ed33f033e8f3eafbeacbe57*ade8
RX # PAI1,TRAIN,682,4239
TX PAI1,TRAIN,683,3,3eb4bc91be67bbe83e2ebeaabd253e983da73d4f3e5e3eb9*174a
RX # PAI1,TRAIN,683,4239
TX PAI1,TRAIN,684,2,becabf12bd82be453f02bd103f013efb3efd3f0fbe113e27*b25d
RX # PAI1,TRAIN,684,4248
TX PAI1,TRAIN,685,3,3c2f3df43e5b3d5bbeac3d94be8cbe26bd7bbe09bd91be50*7170
RX # PAI1,TRAIN,685,4239
TX PAI1,TRAIN,686,3,3e02be77be11be4abf04be913e773d71be11bcb43c023da9*3328
RX # PAI1,TRAIN,686,4238
TX PAI1,TRAIN,687,3,bbcf3f303e203e94be753ef6be1dbc173d9b3b413cb5bdae*56ca
RX # PAI1,TRAIN,687,4246
TX PAI1,TRAIN,688,3,bdc9bea8bdccbe5a3c65be0cbbb53d75be52be1c3e4d3ea1*ca14
RX # PAI1,TRAIN,688,4238
TX PAI1,TRAIN,689,3,3dc83e6f3efd3ed6be9b3d94be6ebe04bdb8be153d8dbe16*97b3
RX # PAI1,TRAIN,689,4239
TX PAI1,TRAIN,690,2,be743e7c3dd83e5c3e1b3ec63f533ec83f303f4bbe62bb08*8e67
RX # PAI1,TRAIN,690,4240
TX PAI1,TRAIN,691,1,bec3bc33be33be803ec23eadbe89bed1be91be9b3e243e40*04fc
RX # PAI1,TRAIN,691,4239
TX PAI1,TRAIN,692,2,bed7be75be9abf043f093e5f3ef43e763c383e5ebec7be87*85e3
RX # PAI1,TRAIN,692,4243
TX PAI1,TRAIN,693,1,be63be03be26be8e3dea3de8bea1bed2bea5beb53e223e2e*34f9
RX # PAI1,TRAIN,693,4248
TX PAI1,TRAIN,694,1,be56be75bd2abe623d013ccdbe84bee7be55be803e0f3e30*6068
RX # PAI1,TRAIN,694,4239
TX PAI1,TRAIN,695,1,be97bea83e0fbb303dd63d29be91bec4beb8beba3e863e54*6d66
RX # PAI1,TRAIN,695,4238
TX PAI1,TRAIN,696,4,be333e83bde1bdb43de53eacbd623e473d573d38bbdf3d4e*bd4a
RX # PAI1,TRAIN,696,4238
TX PAI1,TRAIN,697,3,3ef8be5fbd933d1dbd0ebf17be483ea1bdc5bdb83e853eab*6fd1
RX # PAI1,TRAIN,697,4239
TX PAI1,TRAIN,698,1,be37bdd43e19bcb5ba913dbbbeccbee2bef8bef83e8b3e2a*54ed
RX # PAI1,TRAIN,698,4249
TX PAI1,TRAIN,699,1,be8f3df63e223df23eac3eacbe9fbec4be85be9a3e9c3e83*fce5
RX # PAI1,TRAIN,699,4240
TX PAI1,TRAIN,700,4,3d573e8c3e9a3eadbd1b3e113d063cdb3da33d1a3d8ebc62*272f
RX # PAI1,TRAIN,700,4238
TX PAI1,TRAIN,701,2,bf19be39beb8befb3f1b3ed63ecb3e9d3db23e79beadbe3c*17e9
RX # PAI1,TRAIN,701,4239
TX PAI1,TRAIN,702,2,3f033f183f843f67bec8bd693e733f1e3eaf3e9f3d63bdff*553b
RX # PAI1,TRAIN,702,4238
TX PAI1,TRAIN,703,4,bcc0be11be57be7cbe23bd9d3dcf3cc9bcc63c3bbd7f3c55*238f
RX # PAI1,TRAIN,703,4240
TX PAI1,TRAIN,704,4,3e9f398dbe2dbdcbbdd2be903d493e24bd8abd893d273d8b*af9c
RX # PAI1,TRAIN,704,4249
TX PAI1,TRAIN,705,4,be70bdafbe24be633da03e1ebe463e0abcc5bd6abd0d3c0e*6256
RX # PAI1,TRAIN,705,4238
TX PAI1,TRAIN,706,4,3ede3caa3ebd3ed3bf41bec3bcf6be1e3e183da53d9cbc40*d559
RX # PAI1,TRAIN,706,4248
TX PAI1,TRAIN,707,4,3e4a3ed63e283ea7bc4d3de0bddb3b5bbc0cbd913df23bed*6442
RX # PAI1,TRAIN,707,4247
TX PAI1,TRAIN,708,1,bd4cbec93e4d3cf5bd73be68becdbe8dbeddbedd3e943e4c*044a
RX # PAI1,TRAIN,708,4240
TX PAI1,TRAIN,709,3,3ec23d373ea63ea1bf19bea1be17be853d89bcbb3dfa3d35*ba54
RX # PAI1,TRAIN,709,4249
TX PAI1,TRAIN,710,4,3ec63f863ed73f31bf303ebebe1cbc903deb3c9c3d36be57*c1d9
RX # PAI1,TRAIN,710,4239
TX PAI1,TRAIN,711,1,bea3be0ebccbbdab3e913e48bee3bee1bec5bed23e6d3e2f*f179
RX # PAI1,TRAIN,711,4238
TX PAI1,TRAIN,712,3,3d4b3efc3f073f03be5d3e973d78be063db33d853d3bbddd*8d38
RX # PAI1,TRAIN,712,4240
TX PAI1,TRAIN,713,4,bb273e01bde4bda03c073db7bd493e0dbd08bd813d2c3d81*42ec
RX # PAI1,TRAIN,713,4249
TX PAI1,TRAIN,714,4,3d673df2bb853ca5be003cf7bd033ed73d4c3d393d263da0*4255
RX # PAI1,TRAIN,714,4246
TX PAI1,TRAIN,715,3,3ea23eb53eff3f04be7ebd35beb9be1abdd3be283d93be45*f7b4
RX # PAI1,TRAIN,715,4240
TX PAI1,TRAIN,716,3,3ddabe8ebecdbeb7be86be943edc3ee53e463eafbe3d3d47*1347
RX # PAI1,TRAIN,716,4238
TX PAI1,TRAIN,717,1,be93bd613e7f3e0f3db53e66be96bf11beafbeb53e813e10*8be9
RX # PAI1,TRAIN,717,4239
TX PAI1,TRAIN,718,1,becfbef1bd2dbe733e7c3d2cbe03bec1bed7beb23dfb3dcd*a621
RX # PAI1,TRAIN,718,4245
TX PAI1,TRAIN,719,2,3f3ebea5beb63e45bd93bf663f2a3f273f1b3f22be76bde0*f8ec
RX # PAI1,TRAIN,719,4248
TX PAI1,TRAIN,720,3,3e1abf2abf08beee3e48bf193f223e8e3c653e6a3d283ec2*3b95
RX # PAI1,TRAIN,720,4246
TX PAI1,TRAIN,721,1,bebb3d99be97be8c3ee43ec5beb7beb3be98beac3e443e69*2a7d
RX # PAI1,TRAIN,721,4241
TX PAI1,TRAIN,722,4,3c9e3dde3d513dc33af43d6a3dd43e173d683d07bc13bd12*a787
RX # PAI1,TRAIN,722,4247
TX PAI1,TRAIN,723,2,bf25be8dbf22bf4c3f4d3ecb3f24be383fb53f96bff2bff7*402f
RX # PAI1,TRAIN,723,4246
TX PAI1,TRAIN,724,3,bdd43ea3be11bc38bd223ea1be8cbde7bde6be20bc53bdcb*9ad5
RX # PAI1,TRAIN,724,4248
TX PAI1,TRAIN,725,3,3c2f3df43e5b3d5bbeac3d94be8cbe26bd7bbe09bd91be50*ddaa
RX # PAI1,TRAIN,725,4248
TX PAI1,TRAIN,726,4,3ec63f863ed73f31bf303ebebe1cbc903deb3c9c3d36be57*4a5d
RX # PAI1,TRAIN,726,4243
TX PAI1,TRAIN,727,4,be70bdafbe24be633da03e1ebe463e0abcc5bd6abd0d3c0e*9b0f
RX # PAI1,TRAIN,727,4239
TX PAI1,TRAIN,728,1,be8f3df63e223df23eac3eacbe9fbec4be85be9a3e9c3e83*a483
RX # PAI1,TRAIN,728,4239
TX PAI1,TRAIN,729,3,bdc9bea8bdccbe5a3c65be0cbbb53d75be52be1c3e4d3ea1*1d8e
RX # PAI1,TRAIN,729,4238
TX PAI1,TRAIN,730,1,becfbef1bd2dbe733e7c3d2cbe03bec1bed7beb23dfb3dcd*439b
RX # PAI1,TRAIN,730,4248
TX PAI1,TRAIN,731,1,be97bea83e0fbb303dd63d29be91bec4beb8beba3e863e54*3c9d
RX # PAI1,TRAIN,731,4241
TX PAI1,TRAIN,732,1,bebb3d99be97be8c3ee43ec5beb7beb3be98beac3e443e69*2841
RX # PAI1,TRAIN,732,4247
TX PAI1,TRAIN,733,3,bbcf3f303e203e94be753ef6be1dbc173d9b3b413cb5bdae*88cd
RX # PAI1,TRAIN,733,4239
TX PAI1,TRAIN,734,2,3f6ebe9dbf4abe953efbbf873ed33f033e8f3eafbeacbe57*856f
RX # PAI1,TRAIN,734,4240
TX PAI1,TRAIN,735,3,bdd43ea3be11bc38bd223ea1be8cbde7bde6be20bc53bdcb*6e69
RX # PAI1,TRAIN,735,4247
TX PAI1,TRAIN,736,3,3e02be77be11be4abf04be913e773d71be11bcb43c023da9*100e
RX # PAI1,TRAIN,736,4246
TX PAI1,TRAIN,737,4,3c9e3dde3d513dc33af43d6a3dd43e173d683d07bc13bd12*ae1a
RX # PAI1,TRAIN,737,4244
TX PAI1,TRAIN,738,3,3eb4bc91be67bbe83e2ebeaabd253e983da73d4f3e5e3eb9*53cf
RX # PAI1,TRAIN,738,4248
TX PAI1,TRAIN,739,1,bdb3be183e523d59bde7bcbebecbbf02bec2becd3e913e4a*8bd5
RX # PAI1,TRAIN,739,4239
TX PAI1,TRAIN,740,1,bec3bc33be33be803ec23eadbe89bed1be91be9b3e243e40*4cf1
RX # PAI1,TRAIN,740,4243
TX PAI1,TRAIN,741,1,be56be75bd2abe623d013ccdbe84bee7be55be803e0f3e30*d544
RX # PAI1,TRAIN,741,4239
TX PAI1,TRAIN,742,3,3ef8be5fbd933d1dbd0ebf17be483ea1bdc5bdb83e853eab*dafd
RX # PAI1,TRAIN,742,4246
TX PAI1,TRAIN,743,3,3ea23eb53eff3f04be7ebd35beb9be1abdd3be283d93be45*6c5b
RX # PAI1,TRAIN,743,4238
TX PAI1,TRAIN,744,1,bea3be0ebccbbdab3e913e48bee3bee1bec5bed23e6d3e2f*e756
RX # PAI1,TRAIN,744,4247
TX PAI1,TRAIN,745,4,bcc0be11be57be7cbe23bd9d3dcf3cc9bcc63c3bbd7f3c55*379c
RX # PAI1,TRAIN,745,4239
TX PAI1,TRAIN,746,3,3dc83e6f3efd3ed6be9b3d94be6ebe04bdb8be153d8dbe16*b180
RX # PAI1,TRAIN,746,4240
TX PAI1,TRAIN,747,2,3d26bdd3beccbeb63d89bdde3ee33f0e3e5e3ea6beadbe4b*444f
RX # PAI1,TRAIN,747,4245
TX PAI1,TRAIN,748,3,3ddabe8ebecdbeb7be86be943edc3ee53e463eafbe3d3d47*62cb
RX # PAI1,TRAIN,748,4239
TX PAI1,TRAIN,749,4,3e833ead3e863ea5beedba76bdc3be2bbcbcbda13d7dbda7*0059
RX # PAI1,TRAIN,749,4239
TX PAI1,TRAIN,750,4,3d673df2bb853ca5be003cf7bd033ed73d4c3d393d263da0*a0c6
RX # PAI1,TRAIN,750,4248
TX PAI1,TRAIN,751,4,3e4a3ed63e283ea7bc4d3de0bddb3b5bbc0cbd913df23bed*ffad
RX # PAI1,TRAIN,751,4248
TX PAI1,TRAIN,752,3,3e1abf2abf08beee3e48bf193f223e8e3c653e6a3d283ec2*5282
RX # PAI1,TRAIN,752,4240
TX PAI1,TRAIN,753,3,3ec23d373ea63ea1bf19bea1be17be853d89bcbb3dfa3d35*36f9
RX # PAI1,TRAIN,753,4237
TX PAI1,TRAIN,754,4,3ede3caa3ebd3ed3bf41bec3bcf6be1e3e183da53d9cbc40*b397
RX # PAI1,TRAIN,754,4247
TX PAI1,TRAIN,755,2,becabf12bd82be453f02bd103f013efb3efd3f0fbe113e27*fa50
RX # PAI1,TRAIN,755,4237
TX PAI1,TRAIN,756,4,3e9f398dbe2dbdcbbdd2be903d493e24bd8abd893d273d8b*c952
RX # PAI1,TRAIN,756,4247
TX PAI1,TRAIN,757,4,be333e83bde1bdb43de53eacbd623e473d573d38bbdf3d4e*7abb
RX # PAI1,TRAIN,757,4239
TX PAI1,TRAIN,758,1,be63be03be26be8e3dea3de8bea1bed2bea5beb53e223e2e*efeb
RX # PAI1,TRAIN,758,4244
TX PAI1,TRAIN,759,1,bd4cbec93e4d3cf5bd73be68becdbe8dbeddbedd3e943e4c*ef44
RX # PAI1,TRAIN,759,4247
TX PAI1,TRAIN,760,4,3d573e8c3e9a3eadbd1b3e113d063cdb3da33d1a3d8ebc62*3744
RX # PAI1,TRAIN,760,4245
TX PAI1,TRAIN,761,2,be743e7c3dd83e5c3e1b3ec63f533ec83f303f4bbe62bb08*c9b3
RX # PAI1,TRAIN,761,4240
TX PAI1,TRAIN,762,2,3f3ebea5beb63e45bd93bf663f2a3f273f1b3f22be76bde0*00d8
RX # PAI1,TRAIN,762,4240
TX PAI1,TRAIN,763,2,bf25be8dbf22bf4c3f4d3ecb3f24be383fb53f96bff2bff7*5f9d
RX # PAI1,TRAIN,763,4239
TX PAI1,TRAIN,764,2,bed7be75be9abf043f093e5f3ef43e763c383e5ebec7be87*b2d6
RX # PAI1,TRAIN,764,4239
TX PAI1,TRAIN,765,2,3f033f183f843f67bec8bd693e733f1e3eaf3e9f3d63bdff*35b1
RX # PAI1,TRAIN,765,4238
TX PAI1,TRAIN,766,2,bf19be39beb8befb3f1b3ed63ecb3e9d3db23e79beadbe3c*7763
RX # PAI1,TRAIN,766,4246
TX PAI1,TRAIN,767,1,be93bd613e7f3e0f3db53e66be96bf11beafbeb53e813e10*147e
RX # PAI1,TRAIN,767,4240
TX PAI1,TRAIN,768,1,be37bdd43e19bcb5ba913dbbbeccbee2bef8bef83e8b3e2a*6879
RX # PAI1,TRAIN,768,4238
TX PAI1,TRAIN,769,3,3d4b3efc3f073f03be5d3e973d78be063db33d853d3bbddd*750c
RX # PAI1,TRAIN,769,4239
TX PAI1,TRAIN,770,4,bb273e01bde4bda03c073db7bd493e0dbd08bd813d2c3d81*df47
RX # PAI1,TRAIN,770,4247
TX PAI1,PREDICT,771,3c86bdd83ec53ec13d94bdb3bee2beb1bee0bee93ed43e6e*3230
RX # PAI1,PREDICT,771,186,3f5d,bd08,3dd6,3d3c
TX PAI1,PREDICT,772,bea5be533db2bd2b3e3c3e1abeb1bea6beb5bebc3e543e0e*c002
RX # PAI1,PREDICT,772,175,3f4f,bb40,3d9e,3dfc
TX PAI1,PREDICT,773,bdf1be953ea13e50bdd3bdc0bed2beb2bed8bee23ea03e21*d8ef
RX # PAI1,PREDICT,773,177,3f50,bdc8,3e4a,3da9
TX PAI1,PREDICT,774,becbbef6be43bed33e2c3cf7beefbf00bedabee93e063e03*1f97
RX # PAI1,PREDICT,774,176,3f6f,be3e,3e17,3dd8
TX PAI1,PREDICT,775,bf25bcabbec2bf133f3e3f123f523eba3e1d3ef3bef4be71*fc75
RX # PAI1,PREDICT,775,177,3db0,3f82,be3b,3da2
TX PAI1,PREDICT,776,bf3fbe3dbf0cbf323f4c3f0d3ede3ecd3e783e97becabe21*e10c
RX # PAI1,PREDICT,776,185,3e1e,3f44,be21,3e67
TX PAI1,PREDICT,777,bf3cbe11bf32bf503f263f123f4e3e6c3d063eebbefebe33*8d0a
RX # PAI1,PREDICT,777,182,3e1e,3f4a,bd91,3e08
TX PAI1,PREDICT,778,3e723e2d3e7f3ea8bedabdc9be24bd583e1a3d6e3d26bd33*0514
RX # PAI1,PREDICT,778,185,3dd8,3d08,3ed7,3ee3
TX PAI1,PREDICT,779,3e9d3c443ecd3eeebf26be8a3e363ea93e6f3e5e3ce6bd0c*9dc4
RX # PAI1,PREDICT,779,185,be53,3e73,3f09,3edf
TX PAI1,PREDICT,780,3e84bf08be91bed3bca0bf1abe833d02bdfbbe173e803ef5*0286
RX # PAI1,PREDICT,780,175,3ed2,be21,3f02,3e78
TX PAI1,PREDICT,781,be32be653df0be643e173b51be3fbdb8be20be213e513ea4*7f02
RX # PAI1,PREDICT,781,177,3f06,3d68,3e72,3e29
TX PAI1,PREDICT,782,3e043f083e813eb2be5b3e80be57bdf1bd6abdda3df1bcaf*6921
RX # PAI1,PREDICT,782,182,3e55,3bf0,3e89,3f08
TX PAI1,PREDICT,783,3d8d3fc13ecd3f51be9e3f7abdd53eac3d843d1dbd97bedd*89d4
RX # PAI1,PREDICT,783,186,bee0,3e54,3e29,3f85
TX PAI1,PREDICT,784,3e7b3e803d193e2cbe97bd4fbbdebcfd3d613c8e3b12bd6b*981a
RX # PAI1,PREDICT,784,176,3db7,3d8b,3eb7,3eec
TX PAI1,INIT,785,12,64,1,1*a194
RX # PAI1,INIT,785,12,64,4
TX PAI1,TRAIN,786,1,bdaabe863e9d3e41bdddbdf2bec2beb6bedbbee03ea33e26*980b
RX # PAI1,TRAIN,786,4243
TX PAI1,TRAIN,787,2,bf31be2bbf0abf1d3f3b3efb3ed43ed43e8c3e9ebed4be31*5e24
RX # PAI1,TRAIN,787,4238
TX PAI1,TRAIN,788,1,be7ebd593e783e073d913e39be8abf15beafbeb33e843e14*8102
RX # PAI1,TRAIN,788,4237
TX PAI1,TRAIN,789,2,bf17bcbabec0bf023f2f3f023f463ec03e383efbbeffbe83*5ec5
RX # PAI1,TRAIN,789,4248
TX PAI1,TRAIN,790,3,3ebdbca3be663a273e17beafbd053e9e3dd63d793e613ec3*457b
RX # PAI1,TRAIN,790,4243
TX PAI1,TRAIN,791,3,3e08be80becbbea0be83be9a3ed23eec3e643eb6be493d3f*7468
RX # PAI1,TRAIN,791,4239
TX PAI1,TRAIN,792,2,3f063f053f823f51bec0bdab3e6a3f233ec23ea63d59be0d*7617
RX # PAI1,TRAIN,792,4238
TX PAI1,TRAIN,793,3,3e1cbe5fbe11be2ebefdbe973e6e3d80be07bc4f3b6e3da9*ef46
RX # PAI1,TRAIN,793,4246
TX PAI1,TRAIN,794,4,3d473dbb3d443dbdbc213cc43dd23e1e3da03d30bc64bd31*59ca
RX # PAI1,TRAIN,794,4244
TX PAI1,TRAIN,795,4,3bf8be05be56be5abe24bdd13dce3cdfbbea3caebd8e3c0c*8f7b
RX # PAI1,TRAIN,795,4246
TX PAI1,TRAIN,796,2,beb3bf02bd85be293eedbd813ef63f013f0a3f14be1b3e2c*ff8a
RX # PAI1,TRAIN,796,4244
TX PAI1,TRAIN,797,3,3e33bf18bf07bed23e2fbf173f1a3e933d083e773d1b3ecc*56f5
RX # PAI1,TRAIN,797,4247
TX PAI1,TRAIN,798,2,3f6dbe8dbf47be823ee5bf833ec93f083ea03eb6beb5be6b*a30e
RX # PAI1,TRAIN,798,4237
TX PAI1,TRAIN,799,1,bd5ebe0b3e4c3d5fbdf0bd54bebcbf05bec4becb3e943e52*0b09
RX # PAI1,TRAIN,799,4248
TX PAI1,TRAIN,800,3,3d263dcf3e553d60bea63d1cbe80be28bd3dbe01bda0be63*876a
RX # PAI1,TRAIN,800,4247
TX PAI1,TRAIN,801,4,3e883e5e3d0c3e22be93bd9eba61bcf43d9c3cdfbb17bd88*424a
RX # PAI1,TRAIN,801,4238
TX PAI1,TRAIN,802,3,3dff3e4f3ef73ec3be963d1cbe5abe06bd9cbe0d3d89be25*127d
RX # PAI1,TRAIN,802,4247
TX PAI1,TRAIN,803,1,be3cbdf0be25be783dc23d9dbe94bed7bea5beb23e243e34*92cb
RX # PAI1,TRAIN,803,4239
TX PAI1,TRAIN,804,4,3ea8bb83be2dbda7bddcbe973d543e2bbd58bd6f3d1b3d89*944b
RX # PAI1,TRAIN,804,4238
TX PAI1,TRAIN,805,3,3e843e153e783e9abed1bdfbbe15bd563e363d8c3d19bd54*5086
RX # PAI1,TRAIN,805,4244
TX PAI1,TRAIN,806,1,be82be973e0a3b963db03c12be86bec8beb9beb73e883e5c*481a
RX # PAI1,TRAIN,806,4246
TX PAI1,TRAIN,807,2,bf17be7ebf20bf353f3c3eb03f1bbe3b3fc23f99bffbc004*9753
RX # PAI1,TRAIN,807,4245
TX PAI1,TRAIN,808,4,3da53e743e963e9ebd403dd43d143cf23dd23d433d8abca4*cd0f
RX # PAI1,TRAIN,808,4238
TX PAI1,TRAIN,809,1,3d3cbdc73ec13eb03d65bde6bed2beb5bee3bee73ed93e79*e7d7
RX # PAI1,TRAIN,809,4247
TX PAI1,TRAIN,810,4,3dad3dcdbbd43ccdbe03bac4bcc93ede3d913d633d193d9f*dc52
RX # PAI1,TRAIN,810,4238
TX PAI1,TRAIN,811,2,3f3fbe94beb53e37bda1bf603f213f2c3f283f26be82bdfa*f692
RX # PAI1,TRAIN,811,4246
TX PAI1,TRAIN,812,1,be8fbe3f3daabcf93e233de5bea3beaabeb5beba3e583e11*ea53
RX # PAI1,TRAIN,812,4247
TX PAI1,TRAIN,813,3,3ecb3d113ea23e93bf11bea7be08be883db7bc5d3dfa3d2b*207f
RX # PAI1,TRAIN,813,4247
TX PAI1,TRAIN,814,2,3d8ebdc4becabe9f3d51be073ed83f133e7d3eadbeb6be5e*f02a
RX # PAI1,TRAIN,814,4246
TX PAI1,TRAIN,815,2,bf0bbe28beb6bedd3f0e3eba3ec13ea33de23e83beb6be4e*7c9a
RX # PAI1,TRAIN,815,4246
TX PAI1,TRAIN,816,1,be8ebe02bcdcbd8b3e823e1dbed3bee6bec7becf3e723e35*dfc8
RX # PAI1,TRAIN,816,4245
TX PAI1,TRAIN,817,3,3effbe4abd963d29bd34bf16be373ea7bdaabda73e873eb3*7f78
RX # PAI1,TRAIN,817,4247
TX PAI1,TRAIN,818,4,be0e3e64bde3bd933dbe3e93bd3e3e4f3d973d62bc3f3d46*2f65
RX # PAI1,TRAIN,818,4246
TX PAI1,TRAIN,819,2,be4d3e5a3dd03e4c3e043eab3f483ecf3f3e3f50be6fbbf7*736e
RX # PAI1,TRAIN,819,4246
TX PAI1,TRAIN,820,3,3eab3e9d3ef93ef0be79bd92beabbe1dbdb9be203d8fbe57*204a
RX # PAI1,TRAIN,820,4242
TX PAI1,TRAIN,821,4,3ee53c673eb83ec1bf37bec7bcbabe203e343dbb3d98bc92*65a0
RX # PAI1,TRAIN,821,4245
TX PAI1,TRAIN,822,4,3e613ebb3e233e99bcbe3d96bdc33bb13c19bd803df23b1d*1e1e
RX # PAI1,TRAIN,822,4246
TX PAI1,TRAIN,823,1,be12bdc43e14bc53bc4e3d66bebdbee8befdbef63e8e3e30*adb8
RX # PAI1,TRAIN,823,4248
TX PAI1,TRAIN,824,3,be0cbe4f3de7be453e01bcdcbe2ebdb9be17be193e543eac*da4f
RX # PAI1,TRAIN,824,4244
TX PAI1,TRAIN,825,1,bea53d7dbe96be733ecf3eaabea9beb7be97bea93e473e73*bd81
RX # PAI1,TRAIN,825,4248
TX PAI1,TRAIN,826,1,be743dd13e1d3de73e9b3e93be93bec9be83be983ea03e89*8011
RX # PAI1,TRAIN,826,4247
TX PAI1,TRAIN,827,1,beb4bedbbe42beb93e15bac4bedebf03beddbee73e063e07*df14
RX # PAI1,TRAIN,827,4245
TX PAI1,TRAIN,828,2,bf2ebe04bf30bf393f183f023f433e753d593ef3bf05be44*ffa1
RX # PAI1,TRAIN,828,4243
TX PAI1,TRAIN,829,1,be2fbe5dbd31be433c93bbd1be73beedbe4ebe793e103e37*c367
RX # PAI1,TRAIN,829,4239
TX PAI1,TRAIN,830,3,bd8e3e8ebe11bb49bd473e88be80bdeabdcdbe19bc93bde4*94ba
RX # PAI1,TRAIN,830,4245
TX PAI1,TRAIN,831,4,3ece3f6c3ed23f20bf273ea3be0dbc833e0f3ced3d29be6a*4379
RX # PAI1,TRAIN,831,4246
TX PAI1,TRAIN,832,3,3e8fbef2be90beb9bcf4bf19be723d0ebde4be0f3e833f01*1a44
RX # PAI1,TRAIN,832,4248
TX PAI1,TRAIN,833,4,3e1e3eef3e7d3ea3be583e53be45bdf4bd2cbdc93df1bce7*d506
RX # PAI1,TRAIN,833,4247
TX PAI1,TRAIN,834,4,3ce33ddbbde5bd81bb7c3d5ebd263e13bc8abd5f3d1f3d7e*3d97
RX # PAI1,TRAIN,834,4246
TX PAI1,TRAIN,835,3,bd84be97bdcebe3c3ac1be2339a63d82be4bbe143e503ea9*139e
RX # PAI1,TRAIN,835,4246
TX PAI1,TRAIN,836,4,be48bda3be24be443d7b3decbe343e0fbbe4bd46bd263b82*f7bd
RX # PAI1,TRAIN,836,4247
TX PAI1,TRAIN,837,4,3e8e3e963e833e97bee3bcfcbdacbe2ebbc0bd903d73bdbd*9f0f
RX # PAI1,TRAIN,837,4248
TX PAI1,TRAIN,838,3,3d9f3edd3f043eeebe5a3e7e3d80be083de33d9b3d2fbdf6*46ca
RX # PAI1,TRAIN,838,4244
TX PAI1,TRAIN,839,3,3ea73bcf3ec93ed9bf1ebe923e313eaf3e873e6b3cc8bd2c*cdaa
RX # PAI1,TRAIN,839,4245
TX PAI1,TRAIN,840,1,beacbc64be33be5e3eaf3e94be7cbed6be8fbe983e253e47*ec7b
RX # PAI1,TRAIN,840,4245
TX PAI1,TRAIN,841,2,bec0be5dbe99beea3efa3e333ee83e7f3cf83e6bbed1be93*af0a
RX # PAI1,TRAIN,841,4244
TX PAI1,TRAIN,842,1,bc91beb43e483d0abd89be79bebebe90bee0bedb3e973e54*317f
RX # PAI1,TRAIN,842,4247
TX PAI1,TRAIN,843,4,3dc63faa3ec93f3dbe9a3f64bdbc3eb23db13d46bda6beef*c367
RX # PAI1,TRAIN,843,4245
TX PAI1,TRAIN,844,3,3cc53f1a3e1b3e88be713ed8be0ebbf73dc93c4f3c96bdc5*e898
RX # PAI1,TRAIN,844,4248
TX PAI1,TRAIN,845,1,beb8bed7bd34be523e5f3c1dbdebbec6bedabeaf3dfb3dcf*0ef3
RX # PAI1,TRAIN,845,4246
TX PAI1,TRAIN,846,4,be0e3e64bde3bd933dbe3e93bd3e3e4f3d973d62bc3f3d46*5ee9
RX # PAI1,TRAIN,846,4245
TX PAI1,TRAIN,847,3,3effbe4abd963d29bd34bf16be373ea7bdaabda73e873eb3*ef36
RX # PAI1,TRAIN,847,4249
TX PAI1,TRAIN,848,1,bc91beb43e483d0abd89be79bebebe90bee0bedb3e973e54*2d9c
RX # PAI1,TRAIN,848,4238
TX PAI1,TRAIN,849,3,bd8e3e8ebe11bb49bd473e88be80bdeabdcdbe19bc93bde4*9a0e
RX # PAI1,TRAIN,849,4238
TX PAI1,TRAIN,850,2,3f3fbe94beb53e37bda1bf603f213f2c3f283f26be82bdfa*9260
RX # PAI1,TRAIN,850,4238
TX PAI1,TRAIN,851,3,3ea73bcf3ec93ed9bf1ebe923e313eaf3e873e6b3cc8bd2c*37a2
RX # PAI1,TRAIN,851,4246
TX PAI1,TRAIN,852,4,3bf8be05be56be5abe24bdd13dce3cdfbbea3caebd8e3c0c*99a6
RX # PAI1,TRAIN,852,4244
TX PAI1,TRAIN,853,2,bf17bcbabec0bf023f2f3f023f463ec03e383efbbeffbe83*abe6
RX # PAI1,TRAIN,853,4244
TX PAI1,TRAIN,854,1,3d3cbdc73ec13eb03d65bde6bed2beb5bee3bee73ed93e79*1b9b
RX # PAI1,TRAIN,854,4243
TX PAI1,TRAIN,855,1,be743dd13e1d3de73e9b3e93be93bec9be83be983ea03e89*9246
RX # PAI1,TRAIN,855,4238
TX PAI1,TRAIN,856,3,3e08be80becbbea0be83be9a3ed23eec3e643eb6be493d3f*62b5
RX # PAI1,TRAIN,856,4244
TX PAI1,TRAIN,857,2,bf17be7ebf20bf353f3c3eb03f1bbe3b3fc23f99bffbc004*071d
RX # PAI1,TRAIN,857,4243
TX PAI1,TRAIN,858,1,be82be973e0a3b963db03c12be86bec8beb9beb73e883e5c*3996
RX # PAI1,TRAIN,858,4245
TX PAI1,TRAIN,859,1,bd5ebe0b3e4c3d5fbdf0bd54bebcbf05bec4becb3e943e52*6d35
RX # PAI1,TRAIN,859,4245
TX PAI1,TRAIN,860,4,3ce33ddbbde5bd81bb7c3d5ebd263e13bc8abd5f3d1f3d7e*50f8
RX # PAI1,TRAIN,860,4246
TX PAI1,TRAIN,861,4,3dad3dcdbbd43ccdbe03bac4bcc93ede3d913d633d193d9f*3885
RX # PAI1,TRAIN,861,4245
TX PAI1,TRAIN,862,2,bec0be5dbe99beea3efa3e333ee83e7f3cf83e6bbed1be93*2d13
RX # PAI1,TRAIN,862,4247
TX PAI1,TRAIN,863,4,be48bda3be24be443d7b3decbe343e0fbbe4bd46bd263b82*e192
RX # PAI1,TRAIN,863,4246
TX PAI1,TRAIN,864,1,beb8bed7bd34be523e5f3c1dbdebbec6bedabeaf3dfb3dcf*7a6a
RX # PAI1,TRAIN,864,4246
TX PAI1,TRAIN,865,1,be8ebe02bcdcbd8b3e823e1dbed3bee6bec7becf3e723e35*cd9f
RX # PAI1,TRAIN,865,4244
TX PAI1,TRAIN,866,2,bf0bbe28beb6bedd3f0e3eba3ec13ea33de23e83beb6be4e*6ecd
RX # PAI1,TRAIN,866,4244
TX PAI1,TRAIN,867,4,3e8e3e963e833e97bee3bcfcbdacbe2ebbc0bd903d73bdbd*0f41
RX # PAI1,TRAIN,867,4247
TX PAI1,TRAIN,868,3,be0cbe4f3de7be453e01bcdcbe2ebdb9be17be193e543eac*d2bf
RX # PAI1,TRAIN,868,4247
TX PAI1,TRAIN,869,4,3dc63faa3ec93f3dbe9a3f64bdbc3eb23db13d46bda6beef*d05d
RX # PAI1,TRAIN,869,4238
TX PAI1,TRAIN,870,1,beacbc64be33be5e3eaf3e94be7cbed6be8fbe983e253e47*6c5e
RX # PAI1,TRAIN,870,4245
TX PAI1,TRAIN,871,2,3d8ebdc4becabe9f3d51be073ed83f133e7d3eadbeb6be5e*6620
RX # PAI1,TRAIN,871,4239
TX PAI1,TRAIN,872,1,beb4bedbbe42beb93e15bac4bedebf03beddbee73e063e07*c93b
RX # PAI1,TRAIN,872,4247
TX PAI1,TRAIN,873,2,bf2ebe04bf30bf393f183f023f433e753d593ef3bf05be44*084c
RX # PAI1,TRAIN,873,4237
TX PAI1,TRAIN,874,1,be7ebd593e783e073d913e39be8abf15beafbeb33e843e14*7059
RX # PAI1,TRAIN,874,4246
TX PAI1,TRAIN,875,2,3f063f053f823f51bec0bdab3e6a3f233ec23ea63d59be0d*6f13
RX # PAI1,TRAIN,875,4248
TX PAI1,TRAIN,876,1,be12bdc43e14bc53bc4e3d66bebdbee8befdbef63e8e3e30*bb97
RX # PAI1,TRAIN,876,4244
TX PAI1,TRAIN,877,3,3e33bf18bf07bed23e2fbf173f1a3e933d083e773d1b3ecc*3f10
RX # PAI1,TRAIN,877,4238
TX PAI1,TRAIN,878,4,3ece3f6c3ed23f20bf273ea3be0dbc833e0f3ced3d29be6a*cde8
RX # PAI1,TRAIN,878,4246
TX PAI1,TRAIN,879,3,3e843e153e783e9abed1bdfbbe15bd563e363d8c3d19bd54*d853
RX # PAI1,TRAIN,879,4246
TX PAI1,TRAIN,880,3,3d263dcf3e553d60bea63d1cbe80be28bd3dbe01bda0be63*b80e
RX # PAI1,TRAIN,880,4247
TX PAI1,TRAIN,881,4,3e613ebb3e233e99bcbe3d96bdc33bb13c19bd803df23b1d*a363
RX # PAI1,TRAIN,881,4249
TX PAI1,TRAIN,882,4,3e883e5e3d0c3e22be93bd9eba61bcf43d9c3cdfbb17bd88*f0ee
RX # PAI1,TRAIN,882,4239
TX PAI1,TRAIN,883,1,be3cbdf0be25be783dc23d9dbe94bed7bea5beb23e243e34*adaf
RX # PAI1,TRAIN,883,4245
TX PAI1,TRAIN,884,2,bf31be2bbf0abf1d3f3b3efb3ed43ed43e8c3e9ebed4be31*950e
RX # PAI1,TRAIN,884,4238
TX PAI1,TRAIN,885,3,3d9f3edd3f043eeebe5a3e7e3d80be083de33d9b3d2fbdf6*9589
RX # PAI1,TRAIN,885,4248
TX PAI1,TRAIN,886,3,bd84be97bdcebe3c3ac1be2339a63d82be4bbe143e503ea9*211f
RX # PAI1,TRAIN,886,4244
TX PAI1,TRAIN,887,2,be4d3e5a3dd03e4c3e043eab3f483ecf3f3e3f50be6fbbf7*2234
RX # PAI1,TRAIN,887,4245
TX PAI1,TRAIN,888,2,3f6dbe8dbf47be823ee5bf833ec93f083ea03eb6beb5be6b*6a18
RX # PAI1,TRAIN,888,4246
TX PAI1,TRAIN,889,3,3dff3e4f3ef73ec3be963d1cbe5abe06bd9cbe0d3d89be25*4aba
RX # PAI1,TRAIN,889,4246
TX PAI1,TRAIN,890,3,3eab3e9d3ef93ef0be79bd92beabbe1dbdb9be203d8fbe57*9f0b
RX # PAI1,TRAIN,890,4244
TX PAI1,TRAIN,891,1,bea53d7dbe96be733ecf3eaabea9beb7be97bea93e473e73*ffe1
RX # PAI1,TRAIN,891,4244
TX PAI1,TRAIN,892,3,3cc53f1a3e1b3e88be713ed8be0ebbf73dc93c4f3c96bdc5*4c13
RX # PAI1,TRAIN,892,4246
TX PAI1,TRAIN,893,4,3d473dbb3d443dbdbc213cc43dd23e1e3da03d30bc64bd31*6fc1
RX # PAI1,TRAIN,893,4244
TX PAI1,TRAIN,894,4,3ee53c673eb83ec1bf37bec7bcbabe203e343dbb3d98bc92*5c80
RX # PAI1,TRAIN,894,4247
TX PAI1,TRAIN,895,1,be8fbe3f3daabcf93e233de5bea3beaabeb5beba3e583e11*a5d6
RX # PAI1,TRAIN,895,4246
TX PAI1,TRAIN,896,4,3da53e743e963e9ebd403dd43d143cf23dd23d433d8abca4*9c55
RX # PAI1,TRAIN,896,4245
TX PAI1,TRAIN,897,3,3e1cbe5fbe11be2ebefdbe973e6e3d80be07bc4f3b6e3da9*548d
RX # PAI1,TRAIN,897,4237
TX PAI1,TRAIN,898,1,be2fbe5dbd31be433c93bbd1be73beedbe4ebe793e103e37*0766
RX # PAI1,TRAIN,898,4245
TX PAI1,TRAIN,899,3,3ebdbca3be663a273e17beafbd053e9e3dd63d793e613ec3*92b2
RX # PAI1,TRAIN,899,4248
TX PAI1,TRAIN,900,2,beb3bf02bd85be293eedbd813ef63f013f0a3f14be1b3e2c*9e3e
RX # PAI1,TRAIN,900,4247
TX PAI1,TRAIN,901,3,3ecb3d113ea23e93bf11bea7be08be883db7bc5d3dfa3d2b*c564
RX # PAI1,TRAIN,901,4244
TX PAI1,TRAIN,902,4,3ea8bb83be2dbda7bddcbe973d543e2bbd58bd6f3d1b3d89*038d
RX # PAI1,TRAIN,902,4239
TX PAI1,TRAIN,903,3,3e8fbef2be90beb9bcf4bf19be723d0ebde4be0f3e833f01*7d46
RX # PAI1,TRAIN,903,4237
TX PAI1,TRAIN,904,4,3e1e3eef3e7d3ea3be583e53be45bdf4bd2cbdc93df1bce7*b9a5
RX # PAI1,TRAIN,904,4247
TX PAI1,TRAIN,905,1,bdaabe863e9d3e41bdddbdf2bec2beb6bedbbee03ea33e26*f022
RX # PAI1,TRAIN,905,4247
TX PAI1,TRAIN,906,1,beb4bedbbe42beb93e15bac4bedebf03beddbee73e063e07*37ea
RX # PAI1,TRAIN,906,4249
TX PAI1,TRAIN,907,3,3e08be80becbbea0be83be9a3ed23eec3e643eb6be493d3f*15dc
RX # PAI1,TRAIN,907,4245
TX PAI1,TRAIN,908,3,3d263dcf3e553d60bea63d1cbe80be28bd3dbe01bda0be63*f16e
RX # PAI1,TRAIN,908,4238
TX PAI1,TRAIN,909,2,3f6dbe8dbf47be823ee5bf833ec93f083ea03eb6beb5be6b*b25b
RX # PAI1,TRAIN,909,4248
TX PAI1,TRAIN,910,1,be12bdc43e14bc53bc4e3d66bebdbee8befdbef63e8e3e30*3c3a
RX # PAI1,TRAIN,910,4248
TX PAI1,TRAIN,911,4,3d473dbb3d443dbdbc213cc43dd23e1e3da03d30bc64bd31*3a42
RX # PAI1,TRAIN,911,4248
TX PAI1,TRAIN,912,1,be7ebd593e783e073d913e39be8abf15beafbeb33e843e14*f7f4
RX # PAI1,TRAIN,912,4246
TX PAI1,TRAIN,913,3,be0cbe4f3de7be453e01bcdcbe2ebdb9be17be193e543eac*b6ec
RX # PAI1,TRAIN,913,4247
TX PAI1,TRAIN,914,3,bd84be97bdcebe3c3ac1be2339a63d82be4bbe143e503ea9*fb60
RX # PAI1,TRAIN,914,4247
TX PAI1,TRAIN,915,2,bf17bcbabec0bf023f2f3f023f463ec03e383efbbeffbe83*2392
RX # PAI1,TRAIN,915,4239
TX PAI1,TRAIN,916,1,bdaabe863e9d3e41bdddbdf2bec2beb6bedbbee03ea33e26*f21e
RX # PAI1,TRAIN,916,4245
TX PAI1,TRAIN,917,1,beb8bed7bd34be523e5f3c1dbdebbec6bedabeaf3dfb3dcf*f45a
RX # PAI1,TRAIN,917,4248
TX PAI1,TRAIN,918,1,be3cbdf0be25be783dc23d9dbe94bed7bea5beb23e243e34*e6f3
RX # PAI1,TRAIN,918,4248
TX PAI1,TRAIN,919,1,bc91beb43e483d0abd89be79bebebe90bee0bedb3e973e54*5af5
RX # PAI1,TRAIN,919,4248
TX PAI1,TRAIN,920,2,be4d3e5a3dd03e4c3e043eab3f483ecf3f3e3f50be6fbbf7*fe0f
RX # PAI1,TRAIN,920,4244
TX PAI1,TRAIN,921,2,3f3fbe94beb53e37bda1bf603f213f2c3f283f26be82bdfa*ead0
RX # PAI1,TRAIN,921,4247
TX PAI1,TRAIN,922,3,3ea73bcf3ec93ed9bf1ebe923e313eaf3e873e6b3cc8bd2c*b992
RX # PAI1,TRAIN,922,4246
TX PAI1,TRAIN,923,4,3bf8be05be56be5abe24bdd13dce3cdfbbea3caebd8e3c0c*e116
RX # PAI1,TRAIN,923,4247
TX PAI1,TRAIN,924,2,bf17be7ebf20bf353f3c3eb03f1bbe3b3fc23f99bffbc004*892d
RX # PAI1,TRAIN,924,4247
TX PAI1,TRAIN,925,4,3e883e5e3d0c3e22be93bd9eba61bcf43d9c3cdfbb17bd88*2cd5
RX # PAI1,TRAIN,925,4248
TX PAI1,TRAIN,926,4,3e8e3e963e833e97bee3bcfcbdacbe2ebbc0bd903d73bdbd*f7d4
RX # PAI1,TRAIN,926,4238
TX PAI1,TRAIN,927,4,3dad3dcdbbd43ccdbe03bac4bcc93ede3d913d633d193d9f*b0f1
RX # PAI1,TRAIN,927,4247
TX PAI1,TRAIN,928,4,3e613ebb3e233e99bcbe3d96bdc33bb13c19bd803df23b1d*9e9a
RX # PAI1,TRAIN,928,4249
TX PAI1,TRAIN,929,3,3e1cbe5fbe11be2ebefdbe973e6e3d80be07bc4f3b6e3da9*9669
RX # PAI1,TRAIN,929,4248
TX PAI1,TRAIN,930,1,3d3cbdc73ec13eb03d65bde6bed2beb5bee3bee73ed93e79*6ab6
RX # PAI1,TRAIN,930,4248
TX PAI1,TRAIN,931,4,3e1e3eef3e7d3ea3be583e53be45bdf4bd2cbdc93df1bce7*bfe1
RX # PAI1,TRAIN,931,4237
TX PAI1,TRAIN,932,3,3ebdbca3be663a273e17beafbd053e9e3dd63d793e613ec3*59cb
RX # PAI1,TRAIN,932,4247
TX PAI1,TRAIN,933,1,be8ebe02bcdcbd8b3e823e1dbed3bee6bec7becf3e723e35*ca17
RX # PAI1,TRAIN,933,4238
TX PAI1,TRAIN,934,3,3dff3e4f3ef73ec3be963d1cbe5abe06bd9cbe0d3d89be25*059e
RX # PAI1,TRAIN,934,4246
TX PAI1,TRAIN,935,3,3e843e153e783e9abed1bdfbbe15bd563e363d8c3d19bd54*4cc4
RX # PAI1,TRAIN,935,4246
TX PAI1,TRAIN,936,1,bea53d7dbe96be733ecf3eaabea9beb7be97bea93e473e73*23da
RX # PAI1,TRAIN,936,4247
TX PAI1,TRAIN,937,4,3ea8bb83be2dbda7bddcbe973d543e2bbd58bd6f3d1b3d89*05c9
RX # PAI1,TRAIN,937,4247
TX PAI1,TRAIN,938,2,bec0be5dbe99beea3efa3e333ee83e7f3cf83e6bbed1be93*3dd9
RX # PAI1,TRAIN,938,4249
TX PAI1,TRAIN,939,2,bf0bbe28beb6bedd3f0e3eba3ec13ea33de23e83beb6be4e*f866
RX # PAI1,TRAIN,939,4248
TX PAI1,TRAIN,940,2,3d8ebdc4becabe9f3d51be073ed83f133e7d3eadbeb6be5e*0122
RX # PAI1,TRAIN,940,4238
TX PAI1,TRAIN,941,2,beb3bf02bd85be293eedbd813ef63f013f0a3f14be1b3e2c*facc
RX # PAI1,TRAIN,941,4247
TX PAI1,TRAIN,942,4,3dc63faa3ec93f3dbe9a3f64bdbc3eb23db13d46bda6beef*2440
RX # PAI1,TRAIN,942,4237
TX PAI1,TRAIN,943,2,3f063f053f823f51bec0bdab3e6a3f233ec23ea63d59be0d*78f0
RX # PAI1,TRAIN,943,4246
TX PAI1,TRAIN,944,1,beacbc64be33be5e3eaf3e94be7cbed6be8fbe983e253e47*8d3d
RX # PAI1,TRAIN,944,4238
TX PAI1,TRAIN,945,3,3effbe4abd963d29bd34bf16be373ea7bdaabda73e873eb3*85d1
RX # PAI1,TRAIN,945,4247
TX PAI1,TRAIN,946,2,bf2ebe04bf30bf393f183f023f433e753d593ef3bf05be44*926f
RX # PAI1,TRAIN,946,4249
TX PAI1,TRAIN,947,4,3ce33ddbbde5bd81bb7c3d5ebd263e13bc8abd5f3d1f3d7e*b3a7
RX # PAI1,TRAIN,947,4245
TX PAI1,TRAIN,948,4,3ee53c673eb83ec1bf37bec7bcbabe203e343dbb3d98bc92*788f
RX # PAI1,TRAIN,948,4238
TX PAI1,TRAIN,949,4,3ece3f6c3ed23f20bf273ea3be0dbc833e0f3ced3d29be6a*aaea
RX # PAI1,TRAIN,949,4247
TX PAI1,TRAIN,950,4,be48bda3be24be443d7b3decbe343e0fbbe4bd46bd263b82*7010
RX # PAI1,TRAIN,950,4237
TX PAI1,TRAIN,951,3,3cc53f1a3e1b3e88be713ed8be0ebbf73dc93c4f3c96bdc5*7d62
RX # PAI1,TRAIN,951,4246
TX PAI1,TRAIN,952,1,bd5ebe0b3e4c3d5fbdf0bd54bebcbf05bec4becb3e943e52*96f1
RX # PAI1,TRAIN,952,4238
TX PAI1,TRAIN,953,3,3e33bf18bf07bed23e2fbf173f1a3e933d083e773d1b3ecc*518f
RX # PAI1,TRAIN,953,4246
TX PAI1,TRAIN,954,3,3ecb3d113ea23e93bf11bea7be08be883db7bc5d3dfa3d2b*d34b
RX # PAI1,TRAIN,954,4246
TX PAI1,TRAIN,955,1,be2fbe5dbd31be433c93bbd1be73beedbe4ebe793e103e37*d7d5
RX # PAI1,TRAIN,955,4237
TX PAI1,TRAIN,956,4,3da53e743e963e9ebd403dd43d143cf23dd23d433d8abca4*20e4
RX # PAI1,TRAIN,956,4238
TX PAI1,TRAIN,957,2,bf31be2bbf0abf1d3f3b3efb3ed43ed43e8c3e9ebed4be31*2b83
RX # PAI1,TRAIN,957,4246
TX PAI1,TRAIN,958,4,be0e3e64bde3bd933dbe3e93bd3e3e4f3d973d62bc3f3d46*acb0
RX # PAI1,TRAIN,958,4248
TX PAI1,TRAIN,959,3,bd8e3e8ebe11bb49bd473e88be80bdeabdcdbe19bc93bde4*8995
RX # PAI1,TRAIN,959,4245
TX PAI1,TRAIN,960,1,be8fbe3f3daabcf93e233de5bea3beaabeb5beba3e583e11*1f23
RX # PAI1,TRAIN,960,4239
TX PAI1,TRAIN,961,1,be82be973e0a3b963db03c12be86bec8beb9beb73e883e5c*b4f7
RX # PAI1,TRAIN,961,4247
TX PAI1,TRAIN,962,3,3e8fbef2be90beb9bcf4bf19be723d0ebde4be0f3e833f01*166d
RX # PAI1,TRAIN,962,4246
TX PAI1,TRAIN,963,3,3d9f3edd3f043eeebe5a3e7e3d80be083de33d9b3d2fbdf6*2d40
RX # PAI1,TRAIN,963,4238
TX PAI1,TRAIN,964,3,3eab3e9d3ef93ef0be79bd92beabbe1dbdb9be203d8fbe57*5ebe
RX # PAI1,TRAIN,964,4238
TX PAI1,TRAIN,965,1,be743dd13e1d3de73e9b3e93be93bec9be83be983ea03e89*8e04
RX # PAI1,TRAIN,965,4248
TX PAI1,TRAIN,966,3,3eab3e9d3ef93ef0be79bd92beabbe1dbdb9be203d8fbe57*a83e
RX # PAI1,TRAIN,966,4238
TX PAI1,TRAIN,967,3,3effbe4abd963d29bd34bf16be373ea7bdaabda73e873eb3*7c88
RX # PAI1,TRAIN,967,4248
TX PAI1,TRAIN,968,4,3dc63faa3ec93f3dbe9a3f64bdbc3eb23db13d46bda6beef*377a
RX # PAI1,TRAIN,968,4246
TX PAI1,TRAIN,969,1,be7ebd593e783e073d913e39be8abf15beafbeb33e843e14*0fc0
RX # PAI1,TRAIN,969,4238
TX PAI1,TRAIN,970,3,3e33bf18bf07bed23e2fbf173f1a3e933d083e773d1b3ecc*d396
RX # PAI1,TRAIN,970,4239
TX PAI1,TRAIN,971,3,3d9f3edd3f043eeebe5a3e7e3d80be083de33d9b3d2fbdf6*543c
RX # PAI1,TRAIN,971,4247
TX PAI1,TRAIN,972,2,bf31be2bbf0abf1d3f3b3efb3ed43ed43e8c3e9ebed4be31*a23b
RX # PAI1,TRAIN,972,4247
TX PAI1,TRAIN,973,4,3dad3dcdbbd43ccdbe03bac4bcc93ede3d913d633d193d9f*dd9e
RX # PAI1,TRAIN,973,4238
TX PAI1,TRAIN,974,1,beb8bed7bd34be523e5f3c1dbdebbec6bedabeaf3dfb3dcf*69f1
RX # PAI1,TRAIN,974,4238
TX PAI1,TRAIN,975,2,3d8ebdc4becabe9f3d51be073ed83f133e7d3eadbeb6be5e*0766
RX # PAI1,TRAIN,975,4238
TX PAI1,TRAIN,976,1,be8fbe3f3daabcf93e233de5bea3beaabeb5beba3e583e11*9b7e
RX # PAI1,TRAIN,976,4239
TX PAI1,TRAIN,977,2,bec0be5dbe99beea3efa3e333ee83e7f3cf83e6bbed1be93*b8e9
RX # PAI1,TRAIN,977,4238
TX PAI1,TRAIN,978,3,be0cbe4f3de7be453e01bcdcbe2ebdb9be17be193e543eac*c124
RX # PAI1,TRAIN,978,4240
TX PAI1,TRAIN,979,1,bdaabe863e9d3e41bdddbdf2bec2beb6bedbbee03ea33e26*78f7
RX # PAI1,TRAIN,979,4244
TX PAI1,TRAIN,980,2,3f063f053f823f51bec0bdab3e6a3f233ec23ea63d59be0d*d5e6
RX # PAI1,TRAIN,980,4247
TX PAI1,TRAIN,981,2,be4d3e5a3dd03e4c3e043eab3f483ecf3f3e3f50be6fbbf7*b5f2
RX # PAI1,TRAIN,981,4238
TX PAI1,TRAIN,982,1,be12bdc43e14bc53bc4e3d66bebdbee8befdbef63e8e3e30*7a22
RX # PAI1,TRAIN,982,4247
TX PAI1,TRAIN,983,3,3e8fbef2be90beb9bcf4bf19be723d0ebde4be0f3e833f01*4222
RX # PAI1,TRAIN,983,4249
TX PAI1,TRAIN,984,3,3d263dcf3e553d60bea63d1cbe80be28bd3dbe01bda0be63*d948
RX # PAI1,TRAIN,984,4248
TX PAI1,TRAIN,985,3,3e843e153e783e9abed1bdfbbe15bd563e363d8c3d19bd54*f385
RX # PAI1,TRAIN,985,4248
TX PAI1,TRAIN,986,2,3f6dbe8dbf47be823ee5bf833ec93f083ea03eb6beb5be6b*17bd
RX # PAI1,TRAIN,986,4248
TX PAI1,TRAIN,987,1,be2fbe5dbd31be433c93bbd1be73beedbe4ebe793e103e37*8e7f
RX # PAI1,TRAIN,987,4249
TX PAI1,TRAIN,988,4,3e883e5e3d0c3e22be93bd9eba61bcf43d9c3cdfbb17bd88*706a
RX # PAI1,TRAIN,988,4245
TX PAI1,TRAIN,989,4,3da53e743e963e9ebd403dd43d143cf23dd23d433d8abca4*154c
RX # PAI1,TRAIN,989,4246
TX PAI1,TRAIN,990,1,beb4bedbbe42beb93e15bac4bedebf03beddbee73e063e07*8cd3
RX # PAI1,TRAIN,990,4247
TX PAI1,TRAIN,991,3,3e1cbe5fbe11be2ebefdbe973e6e3d80be07bc4f3b6e3da9*c34b
RX # PAI1,TRAIN,991,4238
TX PAI1,TRAIN,992,4,3ee53c673eb83ec1bf37bec7bcbabe203e343dbb3d98bc92*cb46
RX # PAI1,TRAIN,992,4247
TX PAI1,TRAIN,993,2,3f3fbe94beb53e37bda1bf603f213f2c3f283f26be82bdfa*a311
RX # PAI1,TRAIN,993,4247
TX PAI1,TRAIN,994,1,bd5ebe0b3e4c3d5fbdf0bd54bebcbf05bec4becb3e943e52*bd86
RX # PAI1,TRAIN,994,4248
TX PAI1,TRAIN,995,3,3cc53f1a3e1b3e88be713ed8be0ebbf73dc93c4f3c96bdc5*a095
RX # PAI1,TRAIN,995,4249
TX PAI1,TRAIN,996,3,3dff3e4f3ef73ec3be963d1cbe5abe06bd9cbe0d3d89be25*c3a3
RX # PAI1,TRAIN,996,4238
TX PAI1,TRAIN,997,3,3ecb3d113ea23e93bf11bea7be08be883db7bc5d3dfa3d2b*7e5d
RX # PAI1,TRAIN,997,4248
TX PAI1,TRAIN,998,4,3ce33ddbbde5bd81bb7c3d5ebd263e13bc8abd5f3d1f3d7e*860f
RX # PAI1,TRAIN,998,4238
TX PAI1,TRAIN,999,4,3e8e3e963e833e97bee3bcfcbdacbe2ebbc0bd903d73bdbd*d217
RX # PAI1,TRAIN,999,4248
TX PAI1,TRAIN,1000,1,be743dd13e1d3de73e9b3e93be93bec9be83be983ea03e89*4130
RX # PAI1,TRAIN,1000,4238
TX PAI1,TRAIN,1001,4,3ece3f6c3ed23f20bf273ea3be0dbc833e0f3ced3d29be6a*0605
RX # PAI1,TRAIN,1001,4237
TX PAI1,TRAIN,1002,3,bd84be97bdcebe3c3ac1be2339a63d82be4bbe143e503ea9*2603
RX # PAI1,TRAIN,1002,4239
TX PAI1,TRAIN,1003,1,bea53d7dbe96be733ecf3eaabea9beb7be97bea93e473e73*7ca0
RX # PAI1,TRAIN,1003,4239
TX PAI1,TRAIN,1004,4,be48bda3be24be443d7b3decbe343e0fbbe4bd46bd263b82*4441
RX # PAI1,TRAIN,1004,4239
TX PAI1,TRAIN,1005,1,bc91beb43e483d0abd89be79bebebe90bee0bedb3e973e54*9b75
RX # PAI1,TRAIN,1005,4240
TX PAI1,TRAIN,1006,2,bf17bcbabec0bf023f2f3f023f463ec03e383efbbeffbe83*7890
RX # PAI1,TRAIN,1006,4239
TX PAI1,TRAIN,1007,2,bf0bbe28beb6bedd3f0e3eba3ec13ea33de23e83beb6be4e*c0bf
RX # PAI1,TRAIN,1007,4245
TX PAI1,TRAIN,1008,2,bf2ebe04bf30bf393f183f023f433e753d593ef3bf05be44*3521
RX # PAI1,TRAIN,1008,4238
TX PAI1,TRAIN,1009,1,be3cbdf0be25be783dc23d9dbe94bed7bea5beb23e243e34*4b71
RX # PAI1,TRAIN,1009,4238
TX PAI1,TRAIN,1010,3,3ebdbca3be663a273e17beafbd053e9e3dd63d793e613ec3*f9ac
RX # PAI1,TRAIN,1010,4238
TX PAI1,TRAIN,1011,1,beacbc64be33be5e3eaf3e94be7cbed6be8fbe983e253e47*c22c
RX # PAI1,TRAIN,1011,4249
TX PAI1,TRAIN,1012,3,bd8e3e8ebe11bb49bd473e88be80bdeabdcdbe19bc93bde4*a8ba
RX # PAI1,TRAIN,1012,4249
TX PAI1,TRAIN,1013,1,be8ebe02bcdcbd8b3e823e1dbed3bee6bec7becf3e723e35*9cf0
RX # PAI1,TRAIN,1013,4238
TX PAI1,TRAIN,1014,4,3d473dbb3d443dbdbc213cc43dd23e1e3da03d30bc64bd31*e51d
RX # PAI1,TRAIN,1014,4238
TX PAI1,TRAIN,1015,3,3e08be80becbbea0be83be9a3ed23eec3e643eb6be493d3f*359e
RX # PAI1,TRAIN,1015,4245
TX PAI1,TRAIN,1016,2,bf17be7ebf20bf353f3c3eb03f1bbe3b3fc23f99bffbc004*a6b6
RX # PAI1,TRAIN,1016,4247
TX PAI1,TRAIN,1017,4,3e1e3eef3e7d3ea3be583e53be45bdf4bd2cbdc93df1bce7*e2a7
RX # PAI1,TRAIN,1017,4239
TX PAI1,TRAIN,1018,4,3e613ebb3e233e99bcbe3d96bdc33bb13c19bd803df23b1d*4781
RX # PAI1,TRAIN,1018,4249
TX PAI1,TRAIN,1019,1,be82be973e0a3b963db03c12be86bec8beb9beb73e883e5c*983d
RX # PAI1,TRAIN,1019,4237
TX PAI1,TRAIN,1020,1,3d3cbdc73ec13eb03d65bde6bed2beb5bee3bee73ed93e79*bc74
RX # PAI1,TRAIN,1020,4249
TX PAI1,TRAIN,1021,4,be0e3e64bde3bd933dbe3e93bd3e3e4f3d973d62bc3f3d46*fb3a
RX # PAI1,TRAIN,1021,4239
TX PAI1,TRAIN,1022,2,beb3bf02bd85be293eedbd813ef63f013f0a3f14be1b3e2c*3e59
RX # PAI1,TRAIN,1022,4238
TX PAI1,TRAIN,1023,4,3ea8bb83be2dbda7bddcbe973d543e2bbd58bd6f3d1b3d89*2e2a
RX # PAI1,TRAIN,1023,4237
TX PAI1,TRAIN,1024,3,3ea73bcf3ec93ed9bf1ebe923e313eaf3e873e6b3cc8bd2c*eb0d
RX # PAI1,TRAIN,1024,4245
TX PAI1,TRAIN,1025,4,3bf8be05be56be5abe24bdd13dce3cdfbbea3caebd8e3c0c*b389
RX # PAI1,TRAIN,1025,4240
TX PAI1,PREDICT,1026,3da53e743e963e9ebd403dd43d143cf23dd23d433d8abca4*f7bb
RX # PAI1,PREDICT,1026,177,3e71,3e7f,3e0f,3ec8
TX PAI1,PREDICT,1027,3ee53c673eb83ec1bf37bec7bcbabe203e343dbb3d98bc92*d398
RX # PAI1,PREDICT,1027,177,3d85,bdc7,3f21,3ed2
TX PAI1,PREDICT,1028,3ece3f6c3ed23f20bf273ea3be0dbc833e0f3ced3d29be6a*964f
RX # PAI1,PREDICT,1028,177,be2c,be54,3ec8,3f7e
TX PAI1,PREDICT,1029,3d473dbb3d443dbdbc213cc43dd23e1e3da03d30bc64bd31*6ebc
RX # PAI1,PREDICT,1029,176,3e0f,3e8c,3e42,3ec6
TX PAI1,PREDICT,1030,be0e3e64bde3bd933dbe3e93bd3e3e4f3d973d62bc3f3d46*b36a
RX # PAI1,PREDICT,1030,177,3d5e,3e1e,3e78,3f0b
TX PAI1,PREDICT,1031,be48bda3be24be443d7b3decbe343e0fbbe4bd46bd263b82*97df
RX # PAI1,PREDICT,1031,177,3e35,3dc6,3e9e,3ed6
TX PAI1,PREDICT,1032,3bf8be05be56be5abe24bdd13dce3cdfbbea3caebd8e3c0c*2214
RX # PAI1,PREDICT,1032,176,3dee,3dad,3ed2,3ec5
TX PAI1,PREDICT,1033,3dad3dcdbbd43ccdbe03bac4bcc93ede3d913d633d193d9f*9ca4
RX # PAI1,PREDICT,1033,175,be02,3df0,3ee0,3f13
TX PAI1,PREDICT,1034,3e8e3e963e833e97bee3bcfcbdacbe2ebbc0bd903d73bdbd*df83
RX # PAI1,PREDICT,1034,176,3e27,bdb9,3ec0,3f0e
TX PAI1,PREDICT,1035,3ea8bb83be2dbda7bddcbe973d543e2bbd58bd6f3d1b3d89*cb54
RX # PAI1,PREDICT,1035,176,3d8f,3dc3,3ec0,3eec
TX PAI1,PREDICT,1036,3ce33ddbbde5bd81bb7c3d5ebd263e13bc8abd5f3d1f3d7e*d437
RX # PAI1,PREDICT,1036,186,3dfd,3dad,3e91,3f02
TX PAI1,PREDICT,1037,3e613ebb3e233e99bcbe3d96bdc33bb13c19bd803df23b1d*6195
RX # PAI1,PREDICT,1037,184,3e81,3de3,3e07,3f02
TX PAI1,PREDICT,1038,3e1e3eef3e7d3ea3be583e53be45bdf4bd2cbdc93df1bce7*b2c3
RX # PAI1,PREDICT,1038,176,3e69,bd83,3e6a,3f19
TX PAI1,PREDICT,1039,3dc63faa3ec93f3dbe9a3f64bdbc3eb23db13d46bda6beef*2943
RX # PAI1,PREDICT,1039,185,be86,3d90,3c26,3f97
TX PAI1,PREDICT,1040,3e883e5e3d0c3e22be93bd9eba61bcf43d9c3cdfbb17bd88*0de2
RX # PAI1,PREDICT,1040,176,3daa,3c98,3eb8,3f06
TX PAI1,PREDICT,1041,beb3bf02bd85be293eedbd813ef63f013f0a3f14be1b3e2c*49f3
RX # PAI1,PREDICT,1041,177,3d76,3f60,3e39,bde4
TX PAI1,PREDICT,1042,3f063f053f823f51bec0bdab3e6a3f233ec23ea63d59be0d*0bd5
RX # PAI1,PREDICT,1042,184,bec2,3f0a,3ebc,3efd
TX PAI1,PREDICT,1043,3d8ebdc4becabe9f3d51be073ed83f133e7d3eadbeb6be5e*edb1
RX # PAI1,PREDICT,1043,176,beaa,3f0d,3eb0,3ee6
TX PAI1,PREDICT,1044,bec0be5dbe99beea3efa3e333ee83e7f3cf83e6bbed1be93*dbfc
RX # PAI1,PREDICT,1044,176,3e31,3f4c,bd81,3dba
TX PAI1,PREDICT,1045,bf0bbe28beb6bedd3f0e3eba3ec13ea33de23e83beb6be4e*7775
RX # PAI1,PREDICT,1045,176,3e26,3f3e,bda0,3e29
TX PAI1,PREDICT,1046,bf17be7ebf20bf353f3c3eb03f1bbe3b3fc23f99bffbc004*d35a
RX # PAI1,PREDICT,1046,176,bd9a,3f95,bdfc,3d28
TX PAI1,PREDICT,1047,be4d3e5a3dd03e4c3e043eab3f483ecf3f3e3f50be6fbbf7*4b2f
RX # PAI1,PREDICT,1047,176,be73,3f52,3e09,3e8f
TX PAI1,PREDICT,1048,3f3fbe94beb53e37bda1bf603f213f2c3f283f26be82bdfa*c842
RX # PAI1,PREDICT,1048,176,beb6,3f3b,3ec5,3e7a
TX PAI1,PREDICT,1049,3f6dbe8dbf47be823ee5bf833ec93f083ea03eb6beb5be6b*6705
RX # PAI1,PREDICT,1049,177,be0b,3f4e,3dee,3e56
TX PAI1,PREDICT,1050,bf17bcbabec0bf023f2f3f023f463ec03e383efbbeffbe83*abc7
RX # PAI1,PREDICT,1050,176,3d0e,3f85,be4c,3df8
TX PAI1,PREDICT,1051,bf31be2bbf0abf1d3f3b3efb3ed43ed43e8c3e9ebed4be31*5892
RX # PAI1,PREDICT,1051,186,3da0,3f4e,bde6,3e65
TX PAI1,PREDICT,1052,bf2ebe04bf30bf393f183f023f433e753d593ef3bf05be44*2358
RX # PAI1,PREDICT,1052,176,3db5,3f54,bdb7,3e2d
TX PAI1,PREDICT,1053,3e08be80becbbea0be83be9a3ed23eec3e643eb6be493d3f*c019
RX # PAI1,PREDICT,1053,176,beb6,3e89,3f26,3ede
TX PAI1,PREDICT,1054,3e1cbe5fbe11be2ebefdbe973e6e3d80be07bc4f3b6e3da9*d2f5
RX # PAI1,PREDICT,1054,177,3d09,bd24,3f19,3eca
TX PAI1,PREDICT,1055,3eab3e9d3ef93ef0be79bd92beabbe1dbdb9be203d8fbe57*7be4
RX # PAI1,PREDICT,1055,176,3ea5,3d2e,3e68,3ed4
TX PAI1,PREDICT,1056,3dff3e4f3ef73ec3be963d1cbe5abe06bd9cbe0d3d89be25*8610
RX # PAI1,PREDICT,1056,176,3ea4,3d28,3e82,3ec8
TX PAI1,PREDICT,1057,3ebdbca3be663a273e17beafbd053e9e3dd63d793e613ec3*c392
RX # PAI1,PREDICT,1057,177,3d9e,3e04,3ec2,3ed4
TX PAI1,PREDICT,1058,3d9f3edd3f043eeebe5a3e7e3d80be083de33d9b3d2fbdf6*b0e5
RX # PAI1,PREDICT,1058,184,3e7e,3e54,3e04,3ed7
TX PAI1,PREDICT,1059,3e33bf18bf07bed23e2fbf173f1a3e933d083e773d1b3ecc*5e79
RX # PAI1,PREDICT,1059,175,3e17,3ee0,3ebe,3d14
TX PAI1,PREDICT,1060,bd8e3e8ebe11bb49bd473e88be80bdeabdcdbe19bc93bde4*d7d3
RX # PAI1,PREDICT,1060,176,3e8a,bd85,3e38,3f18
TX PAI1,PREDICT,1061,3d263dcf3e553d60bea63d1cbe80be28bd3dbe01bda0be63*5650
RX # PAI1,PREDICT,1061,183,3e47,bd1c,3ec7,3ee8
TX PAI1,PREDICT,1062,bd84be97bdcebe3c3ac1be2339a63d82be4bbe143e503ea9*f27a
RX # PAI1,PREDICT,1062,175,3ebb,3d20,3ebb,3e71
TX PAI1,PREDICT,1063,3effbe4abd963d29bd34bf16be373ea7bdaabda73e873eb3*75b3
RX # PAI1,PREDICT,1063,176,3de4,3ca0,3f05,3eb1
TX PAI1,PREDICT,1064,3cc53f1a3e1b3e88be713ed8be0ebbf73dc93c4f3c96bdc5*809f
RX # PAI1,PREDICT,1064,176,3d19,bd68,3e87,3f43
TX PAI1,PREDICT,1065,3ecb3d113ea23e93bf11bea7be08be883db7bc5d3dfa3d2b*baa1
RX # PAI1,PREDICT,1065,176,3e44,be12,3f13,3ec5
TX PAI1,PREDICT,1066,3e843e153e783e9abed1bdfbbe15bd563e363d8c3d19bd54*789f
RX # PAI1,PREDICT,1066,176,3da9,bd06,3ef7,3ef6
TX PAI1,PREDICT,1067,3ea73bcf3ec93ed9bf1ebe923e313eaf3e873e6b3cc8bd2c*60a2
RX # PAI1,PREDICT,1067,175,be41,3e1a,3f1a,3ee0
TX PAI1,PREDICT,1068,3e8fbef2be90beb9bcf4bf19be723d0ebde4be0f3e833f01*3c1d
RX # PAI1,PREDICT,1068,176,3e77,be18,3f27,3e72
TX PAI1,PREDICT,1069,be0cbe4f3de7be453e01bcdcbe2ebdb9be17be193e543eac*6a3d
RX # PAI1,PREDICT,1069,176,3eda,3d68,3eae,3e2c
TX PAI1,PREDICT,1070,be7ebd593e783e073d913e39be8abf15beafbeb33e843e14*b13c
RX # PAI1,PREDICT,1070,177,3f72,bd78,bc1c,3dda
TX PAI1,PREDICT,1071,be3cbdf0be25be783dc23d9dbe94bed7bea5beb23e243e34*aeae
RX # PAI1,PREDICT,1071,185,3f2f,be21,3e34,3e90
TX PAI1,PREDICT,1072,beacbc64be33be5e3eaf3e94be7cbed6be8fbe983e253e47*74f6
RX # PAI1,PREDICT,1072,176,3f45,bc88,bc8a,3e7f
TX PAI1,PREDICT,1073,be12bdc43e14bc53bc4e3d66bebdbee8befdbef63e8e3e30*bae8
RX # PAI1,PREDICT,1073,176,3f52,be4c,3e14,3e50
TX PAI1,PREDICT,1074,be743dd13e1d3de73e9b3e93be93bec9be83be983ea03e89*6e62
RX # PAI1,PREDICT,1074,176,3f56,3bc0,bd8e,3e4b
TX PAI1,PREDICT,1075,be2fbe5dbd31be433c93bbd1be73beedbe4ebe793e103e37*a5e0
RX # PAI1,PREDICT,1075,177,3f2a,bdca,3e7c,3e28
TX PAI1,PREDICT,1076,bea53d7dbe96be733ecf3eaabea9beb7be97bea93e473e73*fade
RX # PAI1,PREDICT,1076,174,3f40,bdac,bcc2,3ebb
TX PAI1,PREDICT,1077,beb8bed7bd34be523e5f3c1dbdebbec6bedabeaf3dfb3dcf*4bb1
RX # PAI1,PREDICT,1077,175,3f69,3dec,3b60,bcc8
TX PAI1,PREDICT,1078,be82be973e0a3b963db03c12be86bec8beb9beb73e883e5c*73d8
RX # PAI1,PREDICT,1078,177,3f5f,bd3c,3dcc,3d68
TX PAI1,PREDICT,1079,bd5ebe0b3e4c3d5fbdf0bd54bebcbf05bec4becb3e943e52*4e4d
RX # PAI1,PREDICT,1079,176,3f4c,be66,3e75,3e3d
TX PAI1,PREDICT,1080,bc91beb43e483d0abd89be79bebebe90bee0bedb3e973e54*b53c
RX # PAI1,PREDICT,1080,177,3f43,bdea,3e8d,3dc2
TX PAI1,PREDICT,1081,be8ebe02bcdcbd8b3e823e1dbed3bee6bec7becf3e723e35*2492
RX # PAI1,PREDICT,1081,185,3f6a,bdaa,3ba8,3e32
TX PAI1,PREDICT,1082,3d3cbdc73ec13eb03d65bde6bed2beb5bee3bee73ed93e79*3f69
RX # PAI1,PREDICT,1082,177,3f6c,bdac,3d26,3dd5
TX PAI1,PREDICT,1083,be8fbe3f3daabcf93e233de5bea3beaabeb5beba3e583e11*c8c4
RX # PAI1,PREDICT,1083,175,3f50,bc98,3d74,3e1b
TX PAI1,PREDICT,1084,bdaabe863e9d3e41bdddbdf2bec2beb6bedbbee03ea33e26*ce8d
RX # PAI1,PREDICT,1084,176,3f58,be07,3e35,3dca
TX PAI1,PREDICT,1085,beb4bedbbe42beb93e15bac4bedebf03beddbee73e063e07*96f3
RX # PAI1,PREDICT,1085,175,3f5f,be2d,3e34,3dca
TX PAI1,INIT,1086,12,64,1,1*d8ff
RX # PAI1,INIT,1086,12,64,4
TX PAI1,TRAIN,1087,2,bf1fbdddbf33bf353f103f063f393e873d643ee9bee4be28*9ba9
RX # PAI1,TRAIN,1087,4247
TX PAI1,TRAIN,1088,2,3f6cbe82bf4cbe643ed33f003ebe3f123e9a3eafbe99be4b*42a5
RX # PAI1,TRAIN,1088,4239
TX PAI1,TRAIN,1089,3,3eb03ce03ef23ef6bf2dbed23e283ebe3e833e623d16bcfb*dbf0
RX # PAI1,TRAIN,1089,4237
TX PAI1,TRAIN,1090,4,3dfe3fac3ef23f4ebeb5bec1bdb33ec23db23d45bd6bbed1*81db
RX # PAI1,TRAIN,1090,4238
TX PAI1,TRAIN,1091,3,bcfcbe8bbd7cbe18bd32bed0396f3d9dbe3abe0c3e483e99*2e34
RX # PAI1,TRAIN,1091,4240
TX PAI1,TRAIN,1092,3,bdcdbe393e2ebe223dacbeb5be25bdb0be09be113e4b3e9d*b849
RX # PAI1,TRAIN,1092,4238
TX PAI1,TRAIN,1093,3,3d8f3df93e8b3dcabec1beacbe74be28bd1dbdf3bd60be43*d45d
RX # PAI1,TRAIN,1093,4238
TX PAI1,TRAIN,1094,1,be8e3da9be8abe523ebd3e9ebea1bebcbe8cbea13e403e5f*fcbb
RX # PAI1,TRAIN,1094,4238
TX PAI1,TRAIN,1095,4,3de63df83d253d8abe35be26bcbf3ef03d953d613d453d9b*3233
RX # PAI1,TRAIN,1095,4238
TX PAI1,TRAIN,1096,3,3e99bee7be84beabbd9abed6be653d3ebdccbe073e783ee9*861e
RX # PAI1,TRAIN,1096,4240
TX PAI1,TRAIN,1097,3,3dd93ee73f1b3f06be87bed23d72be063de23d983d58bdce*2f8c
RX # PAI1,TRAIN,1097,4239
TX PAI1,TRAIN,1098,4,bdd03e79bd94bd063d4ebdcdbd343e653d9a3d5f3b923d4b*c844
RX # PAI1,TRAIN,1098,4249
TX PAI1,TRAIN,1099,2,3f3fbe89beac3e69be003eef3f193f383f213f1fbe58bdd1*786d
RX # PAI1,TRAIN,1099,4246
TX PAI1,TRAIN,1100,4,3e783ec53e613eb4bd8dbe29bdb93c7d3c6abd6d3df53c10*ff65
RX # PAI1,TRAIN,1100,4239
TX PAI1,TRAIN,1101,4,3d6d3e03bd97bcc2bd48bde3bd1e3e26bc2cbd4d3d4a3d7d*02f7
RX # PAI1,TRAIN,1101,4249
TX PAI1,TRAIN,1102,1,bd47be753ec33e73be1f3e16beb8bebbbeccbed53e993e1b*236b
RX # PAI1,TRAIN,1102,4248
TX PAI1,TRAIN,1103,3,bd123e99bdd93d1ebdc2beb1be74bde4bdb6be10ba96bdbd*a938
RX # PAI1,TRAIN,1103,4245
TX PAI1,TRAIN,1104,2,bf09bad6beb8bef93f273f0b3f3c3ed03e343ef1bedbbe62*342f
RX # PAI1,TRAIN,1104,4247
TX PAI1,TRAIN,1105,1,be73be293e0d3c273df23e86be9bbeafbea9beb03e4f3e08*c185
RX # PAI1,TRAIN,1105,4249
TX PAI1,TRAIN,1106,3,3f02be34bd033dadbdb8becbbe2d3eb6bd96bd9c3e803ea3*1fc0
RX # PAI1,TRAIN,1106,4239
TX PAI1,TRAIN,1107,3,3ed23d673ec83eaebf20bee7be01be8b3db8bc353dfc3d34*89b6
RX # PAI1,TRAIN,1107,4247
TX PAI1,TRAIN,1108,3,3e4cbf12bf06bec43e05bee03f123ea13d163e6e3d473eb9*6563
RX # PAI1,TRAIN,1108,4239
TX PAI1,TRAIN,1109,3,3e8f3e2a3e9f3eb6beedbec3be0dbd3b3e323d8a3d45bd22*c8b8
RX # PAI1,TRAIN,1109,4247
TX PAI1,TRAIN,1110,4,be20bd70be01be213c92bdcdbe2b3e22ba9bbd35bcad3c27*8ec0
RX # PAI1,TRAIN,1110,4244
TX PAI1,TRAIN,1111,2,bea8be47be8dbedd3ee93eef3edc3e8b3d0b3e62beb2be7f*897e
RX # PAI1,TRAIN,1111,4247
TX PAI1,TRAIN,1112,1,bea0beccb982be2f3e363e84bddfbeccbecbbea73dfd3dc6*d9fd
RX # PAI1,TRAIN,1112,4247
TX PAI1,TRAIN,1113,2,be243e6f3e213e7f3db33e123f3d3ee03f353f48be45b86b*2f59
RX # PAI1,TRAIN,1113,4240
TX PAI1,TRAIN,1114,4,3e983ea13ea63eb2bf00be6dbda3be2eb913bd853d8abd9b*c1ca
RX # PAI1,TRAIN,1114,4237
TX PAI1,TRAIN,1115,1,be9dbed0be22beab3dd53eb5bed3bf08becebedc3e063dfe*510e
RX # PAI1,TRAIN,1115,4240
TX PAI1,TRAIN,1116,1,3d9abd9c3ee93ecc3c4b3d05bec7bebabed4bedc3ec83e64*de66
RX # PAI1,TRAIN,1116,4238
TX PAI1,TRAIN,1117,1,bca9bdea3e873dc9be293e22beb2bf0abeb6bec13e8b3e42*5495
RX # PAI1,TRAIN,1117,4237
TX PAI1,TRAIN,1118,1,be08be473a0bbe20bcda3eaabe66bef6be3dbe6c3e0f3e29*b871
RX # PAI1,TRAIN,1118,4240
TX PAI1,TRAIN,1119,1,be71bdd83c96bce93e5c3e12bec8beefbeb9bec53e663e28*7a0f
RX # PAI1,TRAIN,1119,4240
TX PAI1,TRAIN,1120,3,3d5e3f1f3e593ea3be92bec6be063adf3dc93c643cffbda1*0787
RX # PAI1,TRAIN,1120,4238
TX PAI1,TRAIN,1121,4,3d1ebddfbe38be38be56bdbf3dc33d1dbaae3cb5bd3f3c6a*e865
RX # PAI1,TRAIN,1121,4241
TX PAI1,TRAIN,1122,2,befcbe12beadbed03f063ed63eb73eb13de13e7dbe9abe30*a3a2
RX # PAI1,TRAIN,1122,4240
TX PAI1,TRAIN,1123,4,3e933e733dad3e53beaebe46ba68bcb33d9f3ce53c51bd57*918d
RX # PAI1,TRAIN,1123,4246
TX PAI1,TRAIN,1124,1,be59be8c3e463d3e3d313e6bbe7ebecfbeacbeae3e813e4b*35ae
RX # PAI1,TRAIN,1124,4238
TX PAI1,TRAIN,1125,4,3eb23c8bbe0abd30be1ebe223d483e3fbd36bd5c3d463d88*f170
RX # PAI1,TRAIN,1125,4239
TX PAI1,TRAIN,1126,4,3e383ef93ea13ebfbe86be31be3bbdeebd0cbdbd3df4bc97*2dd3
RX # PAI1,TRAIN,1126,4239
TX PAI1,TRAIN,1127,1,be4a3dfc3e5b3e233e873e87be8bbed0be72be903e953e7c*8456
RX # PAI1,TRAIN,1127,4246
TX PAI1,TRAIN,1128,2,bf22be15bf0abf183f343f003ec93ee53e873e98beb5be17*dc53
RX # PAI1,TRAIN,1128,4248
TX PAI1,TRAIN,1129,2,bf09be67bf22bf313f353efc3f13be3c3fb83f93bfddbfeb*510d
RX # PAI1,TRAIN,1129,4247
TX PAI1,TRAIN,1130,1,3c68bea93e843d9dbde93d6dbeb4be94bed1bed03e8d3e43*d56b
RX # PAI1,TRAIN,1130,4247
TX PAI1,TRAIN,1131,2,bf1fbdddbf33bf353f103f063f393e873d643ee9bee4be28*b32e
RX # PAI1,TRAIN,1131,4240
TX PAI1,TRAIN,1132,4,3e383ef93ea13ebfbe86be31be3bbdeebd0cbdbd3df4bc97*5f0e
RX # PAI1,TRAIN,1132,4240
TX PAI1,TRAIN,1133,1,be4a3dfc3e5b3e233e873e87be8bbed0be72be903e953e7c*f68b
RX # PAI1,TRAIN,1133,4239
TX PAI1,TRAIN,1134,2,bea8be47be8dbedd3ee93eef3edc3e8b3d0b3e62beb2be7f*00c6
RX # PAI1,TRAIN,1134,4244
TX PAI1,TRAIN,1135,3,3d5e3f1f3e593ea3be92bec6be063adf3dc93c643cffbda1*0e1a
RX # PAI1,TRAIN,1135,4247
TX PAI1,TRAIN,1136,4,3d1ebddfbe38be38be56bdbf3dc33d1dbaae3cb5bd3f3c6a*1778
RX # PAI1,TRAIN,1136,4247
TX PAI1,TRAIN,1137,1,be8e3da9be8abe523ebd3e9ebea1bebcbe8cbea13e403e5f*dda1
RX # PAI1,TRAIN,1137,4246
TX PAI1,TRAIN,1138,3,bcfcbe8bbd7cbe18bd32bed0396f3d9dbe3abe0c3e483e99*13cd
RX # PAI1,TRAIN,1138,4239
TX PAI1,TRAIN,1139,3,3e8f3e2a3e9f3eb6beedbec3be0dbd3b3e323d8a3d45bd22*489d
RX # PAI1,TRAIN,1139,4248
TX PAI1,TRAIN,1140,3,3e99bee7be84beabbd9abed6be653d3ebdccbe073e783ee9*bef2
RX # PAI1,TRAIN,1140,4248
TX PAI1,TRAIN,1141,2,3f6cbe82bf4cbe643ed33f003ebe3f123e9a3eafbe99be4b*6f37
RX # PAI1,TRAIN,1141,4239
TX PAI1,TRAIN,1142,4,3e983ea13ea63eb2bf00be6dbda3be2eb913bd853d8abd9b*5a25
RX # PAI1,TRAIN,1142,4241
TX PAI1,TRAIN,1143,4,3eb23c8bbe0abd30be1ebe223d483e3fbd36bd5c3d463d88*eaba
RX # PAI1,TRAIN,1143,4247
TX PAI1,TRAIN,1144,3,3eb03ce03ef23ef6bf2dbed23e283ebe3e833e623d16bcfb*0b43
RX # PAI1,TRAIN,1144,4238
TX PAI1,TRAIN,1145,2,be243e6f3e213e7f3db33e123f3d3ee03f353f48be45b86b*b4b6
RX # PAI1,TRAIN,1145,4238
TX PAI1,TRAIN,1146,2,bf09be67bf22bf313f353efc3f13be3c3fb83f93bfddbfeb*dbe4
RX # PAI1,TRAIN,1146,4249
TX PAI1,TRAIN,1147,3,3f02be34bd033dadbdb8becbbe2d3eb6bd96bd9c3e803ea3*7b32
RX # PAI1,TRAIN,1147,4241
TX PAI1,TRAIN,1148,4,3d6d3e03bd97bcc2bd48bde3bd1e3e26bc2cbd4d3d4a3d7d*8c66
RX # PAI1,TRAIN,1148,4240
TX PAI1,TRAIN,1149,1,bca9bdea3e873dc9be293e22beb2bf0abeb6bec13e8b3e42*2519
RX # PAI1,TRAIN,1149,4243
TX PAI1,TRAIN,1150,4,be20bd70be01be213c92bdcdbe2b3e22ba9bbd35bcad3c27*9172
RX # PAI1,TRAIN,1150,4247
TX PAI1,TRAIN,1151,1,3c68bea93e843d9dbde93d6dbeb4be94bed1bed03e8d3e43*be40
RX # PAI1,TRAIN,1151,4239
TX PAI1,TRAIN,1152,3,3d8f3df93e8b3dcabec1beacbe74be28bd1dbdf3bd60be43*13ac
RX # PAI1,TRAIN,1152,4244
TX PAI1,TRAIN,1153,1,be59be8c3e463d3e3d313e6bbe7ebecfbeacbeae3e813e4b*dad8
RX # PAI1,TRAIN,1153,4243
TX PAI1,TRAIN,1154,1,be73be293e0d3c273df23e86be9bbeafbea9beb03e4f3e08*2a8b
RX # PAI1,TRAIN,1154,4247
TX PAI1,TRAIN,1155,1,bd47be753ec33e73be1f3e16beb8bebbbeccbed53e993e1b*c3c4
RX # PAI1,TRAIN,1155,4245
TX PAI1,TRAIN,1156,4,bdd03e79bd94bd063d4ebdcdbd343e653d9a3d5f3b923d4b*9537
RX # PAI1,TRAIN,1156,4240
TX PAI1,TRAIN,1157,3,3dd93ee73f1b3f06be87bed23d72be063de23d983d58bdce*933d
RX # PAI1,TRAIN,1157,4247
TX PAI1,TRAIN,1158,2,bf09bad6beb8bef93f273f0b3f3c3ed03e343ef1bedbbe62*b323
RX # PAI1,TRAIN,1158,4246
TX PAI1,TRAIN,1159,2,3f3fbe89beac3e69be003eef3f193f383f213f1fbe58bdd1*c4dc
RX # PAI1,TRAIN,1159,4238
TX PAI1,TRAIN,1160,1,be71bdd83c96bce93e5c3e12bec8beefbeb9bec53e663e28*74bb
RX # PAI1,TRAIN,1160,4247
TX PAI1,TRAIN,1161,4,3dfe3fac3ef23f4ebeb5bec1bdb33ec23db23d45bd6bbed1*c60f
RX # PAI1,TRAIN,1161,4246
TX PAI1,TRAIN,1162,1,3d9abd9c3ee93ecc3c4b3d05bec7bebabed4bedc3ec83e64*bcd0
RX # PAI1,TRAIN,1162,4239
TX PAI1,TRAIN,1163,2,befcbe12beadbed03f063ed63eb73eb13de13e7dbe9abe30*c750
RX # PAI1,TRAIN,1163,4244
TX PAI1,TRAIN,1164,1,be9dbed0be22beab3dd53eb5bed3bf08becebedc3e063dfe*b5d9
RX # PAI1,TRAIN,1164,4247
TX PAI1,TRAIN,1165,3,3ed23d673ec83eaebf20bee7be01be8b3db8bc353dfc3d34*6f5d
RX # PAI1,TRAIN,1165,4249
TX PAI1,TRAIN,1166,4,3de63df83d253d8abe35be26bcbf3ef03d953d613d453d9b*8367
RX # PAI1,TRAIN,1166,4240
TX PAI1,TRAIN,1167,2,bf22be15bf0abf183f343f003ec93ee53e873e98beb5be17*5963
RX # PAI1,TRAIN,1167,4239
TX PAI1,TRAIN,1168,1,bea0beccb982be2f3e363e84bddfbeccbecbbea73dfd3dc6*5a89
RX # PAI1,TRAIN,1168,4245
TX PAI1,TRAIN,1169,3,3e4cbf12bf06bec43e05bee03f123ea13d163e6e3d473eb9*0e48
RX # PAI1,TRAIN,1169,4244
TX PAI1,TRAIN,1170,4,3e783ec53e613eb4bd8dbe29bdb93c7d3c6abd6d3df53c10*60f2
RX # PAI1,TRAIN,1170,4244
TX PAI1,TRAIN,1171,4,3e933e733dad3e53beaebe46ba68bcb33d9f3ce53c51bd57*f743
RX # PAI1,TRAIN,1171,4246
TX PAI1,TRAIN,1172,3,bd123e99bdd93d1ebdc2beb1be74bde4bdb6be10ba96bdbd*4def
RX # PAI1,TRAIN,1172,4247
TX PAI1,TRAIN,1173,3,bdcdbe393e2ebe223dacbeb5be25bdb0be09be113e4b3e9d*7061
RX # PAI1,TRAIN,1173,4247
TX PAI1,TRAIN,1174,1,be08be473a0bbe20bcda3eaabe66bef6be3dbe6c3e0f3e29*bf58
RX # PAI1,TRAIN,1174,4237
TX PAI1,TRAIN,1175,1,bca9bdea3e873dc9be293e22beb2bf0abeb6bec13e8b3e42*b27e
RX # PAI1,TRAIN,1175,4247
TX PAI1,TRAIN,1176,4,3e383ef93ea13ebfbe86be31be3bbdeebd0cbdbd3df4bc97*bd9d
RX # PAI1,TRAIN,1176,4247
TX PAI1,TRAIN,1177,3,3dd93ee73f1b3f06be87bed23d72be063de23d983d58bdce*9ce4
RX # PAI1,TRAIN,1177,4246
TX PAI1,TRAIN,1178,1,be9dbed0be22beab3dd53eb5bed3bf08becebedc3e063dfe*2d67
RX # PAI1,TRAIN,1178,4246
TX PAI1,TRAIN,1179,2,3f3fbe89beac3e69be003eef3f193f383f213f1fbe58bdd1*cb05
RX # PAI1,TRAIN,1179,4243
TX PAI1,TRAIN,1180,2,bf22be15bf0abf183f343f003ec93ee53e873e98beb5be17*068d
RX # PAI1,TRAIN,1180,4246
TX PAI1,TRAIN,1181,1,be71bdd83c96bce93e5c3e12bec8beefbeb9bec53e663e28*20f4
RX # PAI1,TRAIN,1181,4238
TX PAI1,TRAIN,1182,1,be08be473a0bbe20bcda3eaabe66bef6be3dbe6c3e0f3e29*140a
RX # PAI1,TRAIN,1182,4238
TX PAI1,TRAIN,1183,3,bd123e99bdd93d1ebdc2beb1be74bde4bdb6be10ba96bdbd*965c
RX # PAI1,TRAIN,1183,4248
TX PAI1,TRAIN,1184,1,3d9abd9c3ee93ecc3c4b3d05bec7bebabed4bedc3ec83e64*987e
RX # PAI1,TRAIN,1184,4246
TX PAI1,TRAIN,1185,3,bcfcbe8bbd7cbe18bd32bed0396f3d9dbe3abe0c3e483e99*c08e
RX # PAI1,TRAIN,1185,4248
TX PAI1,TRAIN,1186,2,be243e6f3e213e7f3db33e123f3d3ee03f353f48be45b86b*19a0
RX # PAI1,TRAIN,1186,4238
TX PAI1,TRAIN,1187,4,3e983ea13ea63eb2bf00be6dbda3be2eb913bd853d8abd9b*fc92
RX # PAI1,TRAIN,1187,4248
TX PAI1,TRAIN,1188,1,be8e3da9be8abe523ebd3e9ebea1bebcbe8cbea13e403e5f*f862
RX # PAI1,TRAIN,1188,4248
TX PAI1,TRAIN,1189,4,bdd03e79bd94bd063d4ebdcdbd343e653d9a3d5f3b923d4b*a09f
RX # PAI1,TRAIN,1189,4238
TX PAI1,TRAIN,1190,1,be4a3dfc3e5b3e233e873e87be8bbed0be72be903e953e7c*4bf6
RX # PAI1,TRAIN,1190,4248
TX PAI1,TRAIN,1191,3,3eb03ce03ef23ef6bf2dbed23e283ebe3e833e623d16bcfb*2208
RX # PAI1,TRAIN,1191,4245
TX PAI1,TRAIN,1192,3,3f02be34bd033dadbdb8becbbe2d3eb6bd96bd9c3e803ea3*5279
RX # PAI1,TRAIN,1192,4241
TX PAI1,TRAIN,1193,4,3d6d3e03bd97bcc2bd48bde3bd1e3e26bc2cbd4d3d4a3d7d*44ef
RX # PAI1,TRAIN,1193,4240
TX PAI1,TRAIN,1194,4,3dfe3fac3ef23f4ebeb5bec1bdb33ec23db23d45bd6bbed1*e09d
RX # PAI1,TRAIN,1194,4247
TX PAI1,TRAIN,1195,3,3e99bee7be84beabbd9abed6be653d3ebdccbe073e783ee9*97b9
RX # PAI1,TRAIN,1195,4238
TX PAI1,TRAIN,1196,4,be20bd70be01be213c92bdcdbe2b3e22ba9bbd35bcad3c27*ba05
RX # PAI1,TRAIN,1196,4246
TX PAI1,TRAIN,1197,2,bea8be47be8dbedd3ee93eef3edc3e8b3d0b3e62beb2be7f*bdbb
RX # PAI1,TRAIN,1197,4248
TX PAI1,TRAIN,1198,1,3c68bea93e843d9dbde93d6dbeb4be94bed1bed03e8d3e43*0fb5
RX # PAI1,TRAIN,1198,4247
TX PAI1,TRAIN,1199,4,3d1ebddfbe38be38be56bdbf3dc33d1dbaae3cb5bd3f3c6a*bd47
RX # PAI1,TRAIN,1199,4246
TX PAI1,TRAIN,1200,2,bf09be67bf22bf313f353efc3f13be3c3fb83f93bfddbfeb*7b7f
RX # PAI1,TRAIN,1200,4238
TX PAI1,TRAIN,1201,3,3d5e3f1f3e593ea3be92bec6be063adf3dc93c643cffbda1*c796
RX # PAI1,TRAIN,1201,4244
TX PAI1,TRAIN,1202,4,3e933e733dad3e53beaebe46ba68bcb33d9f3ce53c51bd57*519c
RX # PAI1,TRAIN,1202,4246
TX PAI1,TRAIN,1203,4,3e783ec53e613eb4bd8dbe29bdb93c7d3c6abd6d3df53c10*c62d
RX # PAI1,TRAIN,1203,4244
TX PAI1,TRAIN,1204,3,bdcdbe393e2ebe223dacbeb5be25bdb0be09be113e4b3e9d*2b9f
RX # PAI1,TRAIN,1204,4243
TX PAI1,TRAIN,1205,4,3eb23c8bbe0abd30be1ebe223d483e3fbd36bd5c3d463d88*4a21
RX # PAI1,TRAIN,1205,4245
TX PAI1,TRAIN,1206,1,bd47be753ec33e73be1f3e16beb8bebbbeccbed53e993e1b*6ac2
RX # PAI1,TRAIN,1206,4246
TX PAI1,TRAIN,1207,3,3d8f3df93e8b3dcabec1beacbe74be28bd1dbdf3bd60be43*b10b
RX # PAI1,TRAIN,1207,4246
TX PAI1,TRAIN,1208,3,3e4cbf12bf06bec43e05bee03f123ea13d163e6e3d473eb9*d1eb
RX # PAI1,TRAIN,1208,4240
TX PAI1,TRAIN,1209,1,be59be8c3e463d3e3d313e6bbe7ebecfbeacbeae3e813e4b*e2fd
RX # PAI1,TRAIN,1209,4245
TX PAI1,TRAIN,1210,2,bf1fbdddbf33bf353f103f063f393e873d643ee9bee4be28*733f
RX # PAI1,TRAIN,1210,4247
TX PAI1,TRAIN,1211,3,3ed23d673ec83eaebf20bee7be01be8b3db8bc353dfc3d34*b963
RX # PAI1,TRAIN,1211,4243
TX PAI1,TRAIN,1212,4,3de63df83d253d8abe35be26bcbf3ef03d953d613d453d9b*5559
RX # PAI1,TRAIN,1212,4245
TX PAI1,TRAIN,1213,2,bf09bad6beb8bef93f273f0b3f3c3ed03e343ef1bedbbe62*7fba
RX # PAI1,TRAIN,1213,4246
TX PAI1,TRAIN,1214,1,be73be293e0d3c273df23e86be9bbeafbea9beb03e4f3e08*81b1
RX # PAI1,TRAIN,1214,4246
TX PAI1,TRAIN,1215,2,befcbe12beadbed03f063ed63eb73eb13de13e7dbe9abe30*e7ee
RX # PAI1,TRAIN,1215,4247
TX PAI1,TRAIN,1216,3,3e8f3e2a3e9f3eb6beedbec3be0dbd3b3e323d8a3d45bd22*694e
RX # PAI1,TRAIN,1216,4247
TX PAI1,TRAIN,1217,2,3f6cbe82bf4cbe643ed33f003ebe3f123e9a3eafbe99be4b*4050
RX # PAI1,TRAIN,1217,4246
TX PAI1,TRAIN,1218,1,bea0beccb982be2f3e363e84bddfbeccbecbbea73dfd3dc6*7196
RX # PAI1,TRAIN,1218,4248
TX PAI1,TRAIN,1219,4,3eb23c8bbe0abd30be1ebe223d483e3fbd36bd5c3d463d88*d29f
RX # PAI1,TRAIN,1219,4246
TX PAI1,TRAIN,1220,3,3d8f3df93e8b3dcabec1beacbe74be28bd1dbdf3bd60be43*ce33
RX # PAI1,TRAIN,1220,4238
TX PAI1,TRAIN,1221,3,bdcdbe393e2ebe223dacbeb5be25bdb0be09be113e4b3e9d*a227
RX # PAI1,TRAIN,1221,4240
TX PAI1,TRAIN,1222,3,3dd93ee73f1b3f06be87bed23d72be063de23d983d58bdce*3e43
RX # PAI1,TRAIN,1222,4248
TX PAI1,TRAIN,1223,1,3d9abd9c3ee93ecc3c4b3d05bec7bebabed4bedc3ec83e64*6caa
RX # PAI1,TRAIN,1223,4247
TX PAI1,TRAIN,1224,3,bcfcbe8bbd7cbe18bd32bed0396f3d9dbe3abe0c3e483e99*3ffb
RX # PAI1,TRAIN,1224,4247
TX PAI1,TRAIN,1225,3,3e8f3e2a3e9f3eb6beedbec3be0dbd3b3e323d8a3d45bd22*64ab
RX # PAI1,TRAIN,1225,4248
TX PAI1,TRAIN,1226,4,3d1ebddfbe38be38be56bdbf3dc33d1dbaae3cb5bd3f3c6a*2c0c
RX # PAI1,TRAIN,1226,4247
TX PAI1,TRAIN,1227,4,3de63df83d253d8abe35be26bcbf3ef03d953d613d453d9b*531d
RX # PAI1,TRAIN,1227,4248
TX PAI1,TRAIN,1228,3,bd123e99bdd93d1ebdc2beb1be74bde4bdb6be10ba96bdbd*75ca
RX # PAI1,TRAIN,1228,4239
TX PAI1,TRAIN,1229,1,bea0beccb982be2f3e363e84bddfbeccbecbbea73dfd3dc6*8af3
RX # PAI1,TRAIN,1229,4238
TX PAI1,TRAIN,1230,1,3c68bea93e843d9dbde93d6dbeb4be94bed1bed03e8d3e43*61e3
RX # PAI1,TRAIN,1230,4244
TX PAI1,TRAIN,1231,3,3f02be34bd033dadbdb8becbbe2d3eb6bd96bd9c3e803ea3*5b8c
RX # PAI1,TRAIN,1231,4248
TX PAI1,TRAIN,1232,3,3ed23d673ec83eaebf20bee7be01be8b3db8bc353dfc3d34*3b7a
RX # PAI1,TRAIN,1232,4238
TX PAI1,TRAIN,1233,1,be59be8c3e463d3e3d313e6bbe7ebecfbeacbeae3e813e4b*7e3b
RX # PAI1,TRAIN,1233,4240
TX PAI1,TRAIN,1234,1,be08be473a0bbe20bcda3eaabe66bef6be3dbe6c3e0f3e29*1462
RX # PAI1,TRAIN,1234,4237
TX PAI1,TRAIN,1235,1,be71bdd83c96bce93e5c3e12bec8beefbeb9bec53e663e28*d61c
RX # PAI1,TRAIN,1235,4247
TX PAI1,TRAIN,1236,1,bd47be753ec33e73be1f3e16beb8bebbbeccbed53e993e1b*eae7
RX # PAI1,TRAIN,1236,4237
TX PAI1,TRAIN,1237,4,3d6d3e03bd97bcc2bd48bde3bd1e3e26bc2cbd4d3d4a3d7d*3dfb
RX # PAI1,TRAIN,1237,4240
TX PAI1,TRAIN,1238,3,3e4cbf12bf06bec43e05bee03f123ea13d163e6e3d473eb9*51ce
RX # PAI1,TRAIN,1238,4237
TX PAI1,TRAIN,1239,2,be243e6f3e213e7f3db33e123f3d3ee03f353f48be45b86b*88eb
RX # PAI1,TRAIN,1239,4248
TX PAI1,TRAIN,1240,4,3e383ef93ea13ebfbe86be31be3bbdeebd0cbdbd3df4bc97*8291
RX # PAI1,TRAIN,1240,4247
TX PAI1,TRAIN,1241,4,3e783ec53e613eb4bd8dbe29bdb93c7d3c6abd6d3df53c10*2f1f
RX # PAI1,TRAIN,1241,4244
TX PAI1,TRAIN,1242,2,bea8be47be8dbedd3ee93eef3edc3e8b3d0b3e62beb2be7f*2078
RX # PAI1,TRAIN,1242,4243
TX PAI1,TRAIN,1243,3,3e99bee7be84beabbd9abed6be653d3ebdccbe073e783ee9*87ba
RX # PAI1,TRAIN,1243,4238
TX PAI1,TRAIN,1244,1,be9dbed0be22beab3dd53eb5bed3bf08becebedc3e063dfe*0e88
RX # PAI1,TRAIN,1244,4246
TX PAI1,TRAIN,1245,2,befcbe12beadbed03f063ed63eb73eb13de13e7dbe9abe30*77a0
RX # PAI1,TRAIN,1245,4238
TX PAI1,TRAIN,1246,4,3dfe3fac3ef23f4ebeb5bec1bdb33ec23db23d45bd6bbed1*0dbf
RX # PAI1,TRAIN,1246,4247
TX PAI1,TRAIN,1247,4,3e983ea13ea63eb2bf00be6dbda3be2eb913bd853d8abd9b*68cc
RX # PAI1,TRAIN,1247,4239
TX PAI1,TRAIN,1248,3,3eb03ce03ef23ef6bf2dbed23e283ebe3e833e623d16bcfb*a889
RX # PAI1,TRAIN,1248,4248
TX PAI1,TRAIN,1249,1,be4a3dfc3e5b3e233e873e87be8bbed0be72be903e953e7c*c177
RX # PAI1,TRAIN,1249,4247
TX PAI1,TRAIN,1250,1,be73be293e0d3c273df23e86be9bbeafbea9beb03e4f3e08*6322
RX # PAI1,TRAIN,1250,4244
TX PAI1,TRAIN,1251,4,bdd03e79bd94bd063d4ebdcdbd343e653d9a3d5f3b923d4b*515e
RX # PAI1,TRAIN,1251,4239
TX PAI1,TRAIN,1252,2,bf22be15bf0abf183f343f003ec93ee53e873e98beb5be17*ebaf
RX # PAI1,TRAIN,1252,4239
TX PAI1,TRAIN,1253,2,bf1fbdddbf33bf353f103f063f393e873d643ee9bee4be28*e14d
RX # PAI1,TRAIN,1253,4238
TX PAI1,TRAIN,1254,2,bf09bad6beb8bef93f273f0b3f3c3ed03e343ef1bedbbe62*10e9
RX # PAI1,TRAIN,1254,4247
TX PAI1,TRAIN,1255,2,3f3fbe89beac3e69be003eef3f193f383f213f1fbe58bdd1*6716
RX # PAI1,TRAIN,1255,4245
TX PAI1,TRAIN,1256,2,bf09be67bf22bf313f353efc3f13be3c3fb83f93bfddbfeb*e090
RX # PAI1,TRAIN,1256,4248
TX PAI1,TRAIN,1257,2,3f6cbe82bf4cbe643ed33f003ebe3f123e9a3eafbe99be4b*5fe2
RX # PAI1,TRAIN,1257,4243
TX PAI1,TRAIN,1258,1,be8e3da9be8abe523ebd3e9ebea1bebcbe8cbea13e403e5f*e3c0
RX # PAI1,TRAIN,1258,4248
TX PAI1,TRAIN,1259,1,bca9bdea3e873dc9be293e22beb2bf0abeb6bec13e8b3e42*1e6d
RX # PAI1,TRAIN,1259,4247
TX PAI1,TRAIN,1260,3,3d5e3f1f3e593ea3be92bec6be063adf3dc93c643cffbda1*acbd
RX # PAI1,TRAIN,1260,4240
TX PAI1,TRAIN,1261,4,3e933e733dad3e53beaebe46ba68bcb33d9f3ce53c51bd57*cc37
RX # PAI1,TRAIN,1261,4240
TX PAI1,TRAIN,1262,4,be20bd70be01be213c92bdcdbe2b3e22ba9bbd35bcad3c27*535f
RX # PAI1,TRAIN,1262,4248
TX PAI1,PREDICT,1263,be53bd023e9f3e373ce13e4ebe83bf1bbea3beaa3e7a3e0a*6f84
RX # PAI1,PREDICT,1263,176,3f83,3b80,3c08,bd04
TX PAI1,PREDICT,1264,be14bdc5be03be563d563e80be8dbedfbe99bea93e213e27*507d
RX # PAI1,PREDICT,1264,175,3f4a,3c84,bc50,3e62
TX PAI1,PREDICT,1265,be953beabe11be3c3e9c3eaabe6fbedebe85be903e223e38*131c
RX # PAI1,PREDICT,1265,175,3f60,3e06,bde8,3e04
TX PAI1,PREDICT,1266,bdd8bd993e523ce9bd6d3df2beb3bef1beecbeea3e853e23*7e49
RX # PAI1,PREDICT,1266,176,3f62,bde8,3d2a,3e42
TX PAI1,PREDICT,1267,be9cbef9bcbebe043edc3e883ee93f0b3f043f0ebdf63e20*3679
RX # PAI1,PREDICT,1267,176,3e0d,3f5b,3e9a,bea1
TX PAI1,PREDICT,1268,3f093f0a3f933f64bedc3e5e3e5e3f2f3eba3ea03d7dbdee*4f8f
RX # PAI1,PREDICT,1268,175,3dd4,3f1f,be85,3f0e
TX PAI1,PREDICT,1269,3dc8bd98bec3be903bf13f0a3ecd3f1e3e753ea6be9abe3e*bb7a
RX # PAI1,PREDICT,1269,174,bc64,3f50,be98,3f04
TX PAI1,PREDICT,1270,3e22be6abec4be91be9dbe553ec73eff3e5d3eafbe233d45*ff67
RX # PAI1,PREDICT,1270,175,bed0,3ea3,3f26,3ee3
TX PAI1,PREDICT,1271,3e36be49bddabe0abf0dbeb53e613d9bbdf4bc273c943da4*f196
RX # PAI1,PREDICT,1271,176,bde0,bd6e,3f38,3ef1
TX PAI1,PREDICT,1272,3eb53ea83f133f07be96bed9bea2be1cbda4be173d9dbe39*0753
RX # PAI1,PREDICT,1272,176,3e82,bde7,3f04,3ebc
TX PAI1,PREDICT,1273,3e1a3e643f123ee0beb1becfbe4fbe04bd89be053d98be0c*68dd
RX # PAI1,PREDICT,1273,175,3e71,bdde,3f0d,3ea2
TX PAI1,PREDICT,1274,3ec53a93be493d2e3dd8bef0bcfd3eac3dd53d763e573eb1*706a
RX # PAI1,PREDICT,1274,175,be0f,3c8a,3f4a,3eac
TX PAI1,PREDICT,1275,3dde3e843ebb3ebabdbebe223d0c3d273dd13d423d99bc37*8086
RX # PAI1,PREDICT,1275,176,3e68,3e38,3eb2,3e7f
TX PAI1,PREDICT,1276,3eec3d0f3ee03eddbf47be51bcb1be203e2f3db63da6bc16*d059
RX # PAI1,PREDICT,1276,175,3e62,bb90,3ef5,3ea2
TX PAI1,PREDICT,1277,3ed63f713efc3f31bf37be95be05bbf03e0c3cf23d53be4a*97ca
RX # PAI1,PREDICT,1277,175,bd12,bdbc,3e5d,3f6c
TX PAI1,PREDICT,1278,3da03de63dcb3e0dbd61be053dc73e313da33d303b21bd03*0ce0
RX # PAI1,PREDICT,1278,176,3dda,3e62,3eb5,3eac
TX PAI1,INIT,1279,12,64,1,1*cae9
RX # PAI1,INIT,1279,12,64,4
TX PAI1,TRAIN,1280,2,bf37be0ebf38bf473f253f113f433e603d9a3f02bf59bec5*6d07
RX # PAI1,TRAIN,1280,4246
TX PAI1,TRAIN,1281,2,3f58be8ebf4fbe9e3eff3f0a3ecb3eff3ebd3ec5bf19bee5*555b
RX # PAI1,TRAIN,1281,4248
TX PAI1,TRAIN,1282,3,3e473df93e493e7dbebabeb9be08bd7d3e5d3dafbc4abe19*f11c
RX # PAI1,TRAIN,1282,4246
TX PAI1,TRAIN,1283,4,3d193f9f3eb03f2ebe82beb6bda43ea53de73d83be43bf58*ca5d
RX # PAI1,TRAIN,1283,4240
TX PAI1,TRAIN,1284,3,3e9bbd10be87bd5d3e4abee7bcaf3e913e083d9e3e853f13*00af
RX # PAI1,TRAIN,1284,4238
TX PAI1,TRAIN,1285,3,3e5cbeeebea4bed53c98becdbe643cb4bde2be073ea13f48*3f87
RX # PAI1,TRAIN,1285,4239
TX PAI1,TRAIN,1286,3,3d833e333ede3ea7be7dbec5be4cbe0cbd91be053d04beab*35bc
RX # PAI1,TRAIN,1286,4248
TX PAI1,TRAIN,1287,1,be70be02be4ebe983e143e92be8dbed4beb2beb23e2f3e6e*20f2
RX # PAI1,TRAIN,1287,4238
TX PAI1,TRAIN,1288,4,bc183d903b983d193d1ebdd63de53e0c3dd43d70bdb7be0b*d170
RX # PAI1,TRAIN,1288,4245
TX PAI1,TRAIN,1289,3,3e85bc273eb03ebdbf13bec83e3a3ea23ea13e81bd02be08*fd39
RX # PAI1,TRAIN,1289,4248
TX PAI1,TRAIN,1290,3,3d94be81beddbebcbe57be3d3ed53edd3e883ec5beba3c7b*2e5e
RX # PAI1,TRAIN,1290,4244
TX PAI1,TRAIN,1291,4,3cb23e573e7d3e823abdbe093d3e3c8a3e063d823d07bdc5*12fa
RX # PAI1,TRAIN,1291,4244
TX PAI1,TRAIN,1292,2,3f2bbe95bec73dffbcfb3f023f213f223f423f31bee6be89*b8a3
RX # PAI1,TRAIN,1292,4240
TX PAI1,TRAIN,1293,4,3e213ea93dea3e7b3ccfbe0fbdaabbcc3cd3bd523ddfbd71*b781
RX # PAI1,TRAIN,1293,4248
TX PAI1,TRAIN,1294,4,bcf43dafbe1cbdf13d37bdadbcf13e01bb76bd30bc253d29*6752
RX # PAI1,TRAIN,1294,4237
TX PAI1,TRAIN,1295,1,be0dbe873e853e09bd753e37bebabeb4beefbee23ed23e57*d871
RX # PAI1,TRAIN,1295,4246
TX PAI1,TRAIN,1296,3,3e8a3e8d3ee03ed3be49bed0bea3be22bdb1be193d14bed5*156d
RX # PAI1,TRAIN,1296,4248
TX PAI1,TRAIN,1297,2,bf21bd1abed3bf103f3d3f163f463eb23e603f06bf51befc*de56
RX # PAI1,TRAIN,1297,4240
TX PAI1,TRAIN,1298,1,bea8be453d22bdae3e563e98be9cbea9bec5beba3e7d3e34*2b6b
RX # PAI1,TRAIN,1298,4239
TX PAI1,TRAIN,1299,3,bdf4be97be10be743d4dbec63c333d4bbe55be0c3e723efb*5bb2
RX # PAI1,TRAIN,1299,4244
TX PAI1,TRAIN,1300,3,bd083f0e3ddb3e58be41bebcbe01bc993e013cddbd28be65*6f83
RX # PAI1,TRAIN,1300,4237
TX PAI1,TRAIN,1301,3,3dbcbe64be3bbe66bee6beab3e753d46be083a2abd813d9c*0255
RX # PAI1,TRAIN,1301,4240
TX PAI1,TRAIN,1302,3,3ea83c8e3e893e6fbf06bedebdf8be883deeb9843deb3bf4*5059
RX # PAI1,TRAIN,1302,4249
TX PAI1,TRAIN,1303,4,3ec2bb3b3ea03ea4bf2cbe39bc41be263e5a3ddf3d31bdbe*3909
RX # PAI1,TRAIN,1303,4237
TX PAI1,TRAIN,1304,2,becbbeffbddabe613f043e9b3ef83ef23f203f1dbe983e61*e94b
RX # PAI1,TRAIN,1304,4238
TX PAI1,TRAIN,1305,1,bec4bcf1be5bbe8b3ec93ebdbe6dbed4be9abe973e323e87*a605
RX # PAI1,TRAIN,1305,4238
TX PAI1,TRAIN,1306,2,be803e3e3d6b3e143e373e343f483ec13f5b3f5dbed6bd9a*3d03
RX # PAI1,TRAIN,1306,4237
TX PAI1,TRAIN,1307,4,3e5b3e863e573e76beccbe55bd94be323c0dbd733ca8be5f*e260
RX # PAI1,TRAIN,1307,4248
TX PAI1,TRAIN,1308,1,beccbed8be6bbed53e483ec8bed6bf00bef1beea3e033e22*8315
RX # PAI1,TRAIN,1308,4247
TX PAI1,TRAIN,1309,1,bea7be0cbd8dbdfb3e9c3e33becabee3bed8bed13e923e6f*eff2
RX # PAI1,TRAIN,1309,4239
TX PAI1,TRAIN,1310,1,be9bbe973db9bd4d3e0a3e87be7dbec6bec9beb83ea93e99*9804
RX # PAI1,TRAIN,1310,4249
TX PAI1,TRAIN,1311,1,be98bd883e493d9f3df63e71be83bf12bebebeb33ea33e38*e19e
RX # PAI1,TRAIN,1311,4247
TX PAI1,TRAIN,1312,1,bd97beb33e19bcabbc9a3db5beb6be91bef5bedd3ebf3e91*bc37
RX # PAI1,TRAIN,1312,4240
TX PAI1,TRAIN,1313,3,3edabe50bdeabc5a3b8cbec1be293e9abda1bd923ea83f06*8a1d
RX # PAI1,TRAIN,1313,4240
TX PAI1,TRAIN,1314,4,3eac3f5b3eb93f12bf1cbe8abe00bcdc3e313d34bbd4bee5*e66e
RX # PAI1,TRAIN,1314,4243
TX PAI1,TRAIN,1315,2,3ee93ef53f753f43bea93e803e723f1a3ee33eb43c32be96*9e3a
RX # PAI1,TRAIN,1315,4239
TX PAI1,TRAIN,1316,4,3e4f3e42bc0e3dd3be77be2d3c20bd243dd03d2dbd93be33*0cc4
RX # PAI1,TRAIN,1316,4239
TX PAI1,TRAIN,1317,1,be48bddb3dcdbd8a3d133e19beb5bee4bf0abefa3eb23e66*f177
RX # PAI1,TRAIN,1317,4248
TX PAI1,TRAIN,1318,4,3e87bca4be55be0bbd73be083d7c3e18bd35bd40bc423d4d*fb14
RX # PAI1,TRAIN,1318,4238
TX PAI1,TRAIN,1319,4,3dbf3eda3e4d3e87be28be18be37be01bd03bdb53dddbde1*2dc7
RX # PAI1,TRAIN,1319,4248
TX PAI1,TRAIN,1320,3,be42be553d8cbe7d3e34beabbe21bdc9be1abe123e773f00*0cba
RX # PAI1,TRAIN,1320,4248
TX PAI1,TRAIN,1321,1,bc45bdde3ea83e943dd73d7fbec9beb3bef9bee93f113eb0*c948
RX # PAI1,TRAIN,1321,4247
TX PAI1,TRAIN,1322,2,bf3abe33bf13bf2b3f493f0a3ed63ec53ea63eacbf30beb5*1823
RX # PAI1,TRAIN,1322,4239
TX PAI1,TRAIN,1323,2,3c30bddbbedcbebb3dcd3f153eda3f0a3e963ebbbf1abeda*73ed
RX # PAI1,TRAIN,1323,4239
TX PAI1,TRAIN,1324,1,bde0be143e1db9aebd8e3e43beb4bf03bed5becc3ebb3e90*2948
RX # PAI1,TRAIN,1324,4248
TX PAI1,TRAIN,1325,1,bde0be143e1db9aebd8e3e43beb4bf03bed5becc3ebb3e90*5208
RX # PAI1,TRAIN,1325,4240
TX PAI1,TRAIN,1326,4,3dbf3eda3e4d3e87be28be18be37be01bd03bdb53dddbde1*3760
RX # PAI1,TRAIN,1326,4238
TX PAI1,TRAIN,1327,1,be70be02be4ebe983e143e92be8dbed4beb2beb23e2f3e6e*8c28
RX # PAI1,TRAIN,1327,4237
TX PAI1,TRAIN,1328,2,becbbeffbddabe613f043e9b3ef83ef23f203f1dbe983e61*f1d0
RX # PAI1,TRAIN,1328,4239
TX PAI1,TRAIN,1329,1,bd97beb33e19bcabbc9a3db5beb6be91bef5bedd3ebf3e91*5bb1
RX # PAI1,TRAIN,1329,4248
TX PAI1,TRAIN,1330,4,3eac3f5b3eb93f12bf1cbe8abe00bcdc3e313d34bbd4bee5*1496
RX # PAI1,TRAIN,1330,4237
TX PAI1,TRAIN,1331,3,3e473df93e493e7dbebabeb9be08bd7d3e5d3dafbc4abe19*5ffa
RX # PAI1,TRAIN,1331,4249
TX PAI1,TRAIN,1332,3,bdf4be97be10be743d4dbec63c333d4bbe55be0c3e723efb*90cb
RX # PAI1,TRAIN,1332,4238
TX PAI1,TRAIN,1333,3,3e85bc273eb03ebdbf13bec83e3a3ea23ea13e81bd02be08*c2fc
RX # PAI1,TRAIN,1333,4240
TX PAI1,TRAIN,1334,3,be42be553d8cbe7d3e34beabbe21bdc9be1abe123e773f00*7e67
RX # PAI1,TRAIN,1334,4248
TX PAI1,TRAIN,1335,2,3f58be8ebf4fbe9e3eff3f0a3ecb3eff3ebd3ec5bf19bee5*8b5c
RX # PAI1,TRAIN,1335,4248
TX PAI1,TRAIN,1336,4,3e5b3e863e573e76beccbe55bd94be323c0dbd733ca8be5f*1905
RX # PAI1,TRAIN,1336,4239
TX PAI1,TRAIN,1337,4,3e87bca4be55be0bbd73be083d7c3e18bd35bd40bc423d4d*6e4f
RX # PAI1,TRAIN,1337,4239
TX PAI1,TRAIN,1338,1,be0dbe873e853e09bd753e37bebabeb4beefbee23ed23e57*18a9
RX # PAI1,TRAIN,1338,4238
TX PAI1,TRAIN,1339,2,be803e3e3d6b3e143e373e343f483ec13f5b3f5dbed6bd9a*27a4
RX # PAI1,TRAIN,1339,4238
TX PAI1,TRAIN,1340,2,3c30bddbbedcbebb3dcd3f153eda3f0a3e963ebbbf1abeda*ee46
RX # PAI1,TRAIN,1340,4239
TX PAI1,TRAIN,1341,3,3edabe50bdeabc5a3b8cbec1be293e9abda1bd923ea83f06*ecd3
RX # PAI1,TRAIN,1341,4245
TX PAI1,TRAIN,1342,4,bcf43dafbe1cbdf13d37bdadbcf13e01bb76bd30bc253d29*5fbe
RX # PAI1,TRAIN,1342,4245
TX PAI1,TRAIN,1343,1,be48bddb3dcdbd8a3d133e19beb5bee4bf0abefa3eb23e66*9c18
RX # PAI1,TRAIN,1343,4239
TX PAI1,TRAIN,1344,2,bf37be0ebf38bf473f253f113f433e603d9a3f02bf59bec5*2c97
RX # PAI1,TRAIN,1344,4249
TX PAI1,TRAIN,1345,4,3ec2bb3b3ea03ea4bf2cbe39bc41be263e5a3ddf3d31bdbe*2d1a
RX # PAI1,TRAIN,1345,4248
TX PAI1,TRAIN,1346,3,3e9bbd10be87bd5d3e4abee7bcaf3e913e083d9e3e853f13*4a9e
RX # PAI1,TRAIN,1346,4249
TX PAI1,TRAIN,1347,3,3d833e333ede3ea7be7dbec5be4cbe0cbd91be053d04beab*f24d
RX # PAI1,TRAIN,1347,4249
TX PAI1,TRAIN,1348,1,be9bbe973db9bd4d3e0a3e87be7dbec6bec9beb83ea93e99*e229
RX # PAI1,TRAIN,1348,4239
TX PAI1,TRAIN,1349,1,bea8be453d22bdae3e563e98be9cbea9bec5beba3e7d3e34*6366
RX # PAI1,TRAIN,1349,4240
TX PAI1,TRAIN,1350,1,bc45bdde3ea83e943dd73d7fbec9beb3bef9bee93f113eb0*2d9f
RX # PAI1,TRAIN,1350,4238
TX PAI1,TRAIN,1351,4,3cb23e573e7d3e823abdbe093d3e3c8a3e063d823d07bdc5*ae4b
RX # PAI1,TRAIN,1351,4239
TX PAI1,TRAIN,1352,3,3d94be81beddbebcbe57be3d3ed53edd3e883ec5beba3c7b*646f
RX # PAI1,TRAIN,1352,4249
TX PAI1,TRAIN,1353,3,3ea83c8e3e893e6fbf06bedebdf8be883deeb9843deb3bf4*bb57
RX # PAI1,TRAIN,1353,4240
TX PAI1,TRAIN,1354,2,bf21bd1abed3bf103f3d3f163f463eb23e603f06bf51befc*ef27
RX # PAI1,TRAIN,1354,4239
TX PAI1,TRAIN,1355,2,3f2bbe95bec73dffbcfb3f023f213f223f423f31bee6be89*74f3
RX # PAI1,TRAIN,1355,4240
TX PAI1,TRAIN,1356,1,bea7be0cbd8dbdfb3e9c3e33becabee3bed8bed13e923e6f*e53e
RX # PAI1,TRAIN,1356,4237
TX PAI1,TRAIN,1357,4,3d193f9f3eb03f2ebe82beb6bda43ea53de73d83be43bf58*0431
RX # PAI1,TRAIN,1357,4238
TX PAI1,TRAIN,1358,2,3ee93ef53f753f43bea93e803e723f1a3ee33eb43c32be96*ed8a
RX # PAI1,TRAIN,1358,4240
TX PAI1,TRAIN,1359,1,beccbed8be6bbed53e483ec8bed6bf00bef1beea3e033e22*681b
RX # PAI1,TRAIN,1359,4239
TX PAI1,TRAIN,1360,3,bd083f0e3ddb3e58be41bebcbe01bc993e013cddbd28be65*7fe8
RX # PAI1,TRAIN,1360,4248
TX PAI1,TRAIN,1361,4,bc183d903b983d193d1ebdd63de53e0c3dd43d70bdb7be0b*f33b
RX # PAI1,TRAIN,1361,4240
TX PAI1,TRAIN,1362,2,bf3abe33bf13bf2b3f493f0a3ed63ec53ea63eacbf30beb5*0791
RX # PAI1,TRAIN,1362,4238
TX PAI1,TRAIN,1363,1,bec4bcf1be5bbe8b3ec93ebdbe6dbed4be9abe973e323e87*bdcf
RX # PAI1,TRAIN,1363,4248
TX PAI1,TRAIN,1364,3,3dbcbe64be3bbe66bee6beab3e753d46be083a2abd813d9c*945f
RX # PAI1,TRAIN,1364,4239
TX PAI1,TRAIN,1365,4,3e213ea93dea3e7b3ccfbe0fbdaabbcc3cd3bd523ddfbd71*80b4
RX # PAI1,TRAIN,1365,4248
TX PAI1,TRAIN,1366,4,3e4f3e42bc0e3dd3be77be2d3c20bd243dd03d2dbd93be33*9353
RX # PAI1,TRAIN,1366,4238
TX PAI1,TRAIN,1367,3,3e8a3e8d3ee03ed3be49bed0bea3be22bdb1be193d14bed5*52b9
RX # PAI1,TRAIN,1367,4238
TX PAI1,TRAIN,1368,3,3e5cbeeebea4bed53c98becdbe643cb4bde2be073ea13f48*e0ed
RX # PAI1,TRAIN,1368,4248
TX PAI1,TRAIN,1369,1,be98bd883e493d9f3df63e71be83bf12bebebeb33ea33e38*946a
RX # PAI1,TRAIN,1369,4248
TX PAI1,TRAIN,1370,1,bde0be143e1db9aebd8e3e43beb4bf03bed5becc3ebb3e90*4427
RX # PAI1,TRAIN,1370,4238
TX PAI1,TRAIN,1371,4,3dbf3eda3e4d3e87be28be18be37be01bd03bdb53dddbde1*d7cf
RX # PAI1,TRAIN,1371,4247
TX PAI1,TRAIN,1372,3,3d94be81beddbebcbe57be3d3ed53edd3e883ec5beba3c7b*6bb6
RX # PAI1,TRAIN,1372,4249
TX PAI1,TRAIN,1373,1,be48bddb3dcdbd8a3d133e19beb5bee4bf0abefa3eb23e66*1c3d
RX # PAI1,TRAIN,1373,4239
TX PAI1,TRAIN,1374,2,3f2bbe95bec73dffbcfb3f023f213f223f423f31bee6be89*006a
RX # PAI1,TRAIN,1374,4248
TX PAI1,TRAIN,1375,2,bf3abe33bf13bf2b3f493f0a3ed63ec53ea63eacbf30beb5*f88c
RX # PAI1,TRAIN,1375,4240
TX PAI1,TRAIN,1376,1,bea7be0cbd8dbdfb3e9c3e33becabee3bed8bed13e923e6f*eae7
RX # PAI1,TRAIN,1376,4237
TX PAI1,TRAIN,1377,1,be98bd883e493d9f3df63e71be83bf12bebebeb33ea33e38*fa54
RX # PAI1,TRAIN,1377,4239
TX PAI1,TRAIN,1378,3,3e8a3e8d3ee03ed3be49bed0bea3be22bdb1be193d14bed5*47c7
RX # PAI1,TRAIN,1378,4238
TX PAI1,TRAIN,1379,1,bc45bdde3ea83e943dd73d7fbec9beb3bef9bee93f113eb0*b365
RX # PAI1,TRAIN,1379,4240
TX PAI1,TRAIN,1380,3,3e9bbd10be87bd5d3e4abee7bcaf3e913e083d9e3e853f13*61e9
RX # PAI1,TRAIN,1380,4248
TX PAI1,TRAIN,1381,2,be803e3e3d6b3e143e373e343f483ec13f5b3f5dbed6bd9a*7286
RX # PAI1,TRAIN,1381,4238
TX PAI1,TRAIN,1382,4,3e5b3e863e573e76beccbe55bd94be323c0dbd733ca8be5f*5b65
RX # PAI1,TRAIN,1382,4238
TX PAI1,TRAIN,1383,1,beccbed8be6bbed53e483ec8bed6bf00bef1beea3e033e22*dbd2
RX # PAI1,TRAIN,1383,4248
TX PAI1,TRAIN,1384,4,3cb23e573e7d3e823abdbe093d3e3c8a3e063d823d07bdc5*8700
RX # PAI1,TRAIN,1384,4238
TX PAI1,TRAIN,1385,3,be42be553d8cbe7d3e34beabbe21bdc9be1abe123e773f00*ba66
RX # PAI1,TRAIN,1385,4239
TX PAI1,TRAIN,1386,3,3e473df93e493e7dbebabeb9be08bd7d3e5d3dafbc4abe19*905a
RX # PAI1,TRAIN,1386,4238
TX PAI1,TRAIN,1387,3,bdf4be97be10be743d4dbec63c333d4bbe55be0c3e723efb*a9eb
RX # PAI1,TRAIN,1387,4240
TX PAI1,TRAIN,1388,4,bcf43dafbe1cbdf13d37bdadbcf13e01bb76bd30bc253d29*638b
RX # PAI1,TRAIN,1388,4239
TX PAI1,TRAIN,1389,4,3d193f9f3eb03f2ebe82beb6bda43ea53de73d83be43bf58*4ad9
RX # PAI1,TRAIN,1389,4239
TX PAI1,TRAIN,1390,3,3e85bc273eb03ebdbf13bec83e3a3ea23ea13e81bd02be08*7f81
RX # PAI1,TRAIN,1390,4240
TX PAI1,TRAIN,1391,4,3ec2bb3b3ea03ea4bf2cbe39bc41be263e5a3ddf3d31bdbe*7f11
RX # PAI1,TRAIN,1391,4239
TX PAI1,TRAIN,1392,2,becbbeffbddabe613f043e9b3ef83ef23f203f1dbe983e61*5272
RX # PAI1,TRAIN,1392,4239
TX PAI1,TRAIN,1393,1,bd97beb33e19bcabbc9a3db5beb6be91bef5bedd3ebf3e91*f813
RX # PAI1,TRAIN,1393,4248
TX PAI1,TRAIN,1394,4,3eac3f5b3eb93f12bf1cbe8abe00bcdc3e313d34bbd4bee5*d90a
RX # PAI1,TRAIN,1394,4238
TX PAI1,TRAIN,1395,2,3c30bddbbedcbebb3dcd3f153eda3f0a3e963ebbbf1abeda*c70d
RX # PAI1,TRAIN,1395,4244
TX PAI1,TRAIN,1396,3,3edabe50bdeabc5a3b8cbec1be293e9abda1bd923ea83f06*3318
RX # PAI1,TRAIN,1396,4238
TX PAI1,TRAIN,1397,4,3e4f3e42bc0e3dd3be77be2d3c20bd243dd03d2dbd93be33*48e0
RX # PAI1,TRAIN,1397,4248
TX PAI1,TRAIN,1398,4,3e213ea93dea3e7b3ccfbe0fbdaabbcc3cd3bd523ddfbd71*4c45
RX # PAI1,TRAIN,1398,4239
TX PAI1,TRAIN,1399,3,3e5cbeeebea4bed53c98becdbe643cb4bde2be073ea13f48*3b5e
RX # PAI1,TRAIN,1399,4249
TX PAI1,TRAIN,1400,4,3e87bca4be55be0bbd73be083d7c3e18bd35bd40bc423d4d*7bdd
RX # PAI1,TRAIN,1400,4243
TX PAI1,TRAIN,1401,1,be0dbe873e853e09bd753e37bebabeb4beefbee23ed23e57*ecf9
RX # PAI1,TRAIN,1401,4238
TX PAI1,TRAIN,1402,3,3d833e333ede3ea7be7dbec5be4cbe0cbd91be053d04beab*8ec8
RX # PAI1,TRAIN,1402,4246
TX PAI1,TRAIN,1403,3,3dbcbe64be3bbe66bee6beab3e753d46be083a2abd813d9c*1183
RX # PAI1,TRAIN,1403,4247
TX PAI1,TRAIN,1404,1,be70be02be4ebe983e143e92be8dbed4beb2beb23e2f3e6e*eb67
RX # PAI1,TRAIN,1404,4248
TX PAI1,TRAIN,1405,1,be9bbe973db9bd4d3e0a3e87be7dbec6bec9beb83ea93e99*74cf
RX # PAI1,TRAIN,1405,4239
TX PAI1,TRAIN,1406,2,bf37be0ebf38bf473f253f113f433e603d9a3f02bf59bec5*20f3
RX # PAI1,TRAIN,1406,4247
TX PAI1,TRAIN,1407,3,bd083f0e3ddb3e58be41bebcbe01bc993e013cddbd28be65*fa34
RX # PAI1,TRAIN,1407,4237
TX PAI1,TRAIN,1408,4,bc183d903b983d193d1ebdd63de53e0c3dd43d70bdb7be0b*9725
RX # PAI1,TRAIN,1408,4240
TX PAI1,TRAIN,1409,2,bf21bd1abed3bf103f3d3f163f463eb23e603f06bf51befc*f63d
RX # PAI1,TRAIN,1409,4240
TX PAI1,TRAIN,1410,1,bea8be453d22bdae3e563e98be9cbea9bec5beba3e7d3e34*875d
RX # PAI1,TRAIN,1410,4239
TX PAI1,TRAIN,1411,2,3ee93ef53f753f43bea93e803e723f1a3ee33eb43c32be96*864d
RX # PAI1,TRAIN,1411,4240
TX PAI1,TRAIN,1412,3,3ea83c8e3e893e6fbf06bedebdf8be883deeb9843deb3bf4*3af3
RX # PAI1,TRAIN,1412,4238
TX PAI1,TRAIN,1413,2,3f58be8ebf4fbe9e3eff3f0a3ecb3eff3ebd3ec5bf19bee5*6a72
RX # PAI1,TRAIN,1413,4239
TX PAI1,TRAIN,1414,1,bec4bcf1be5bbe8b3ec93ebdbe6dbed4be9abe973e323e87*b7ef
RX # PAI1,TRAIN,1414,4250
TX PAI1,TRAIN,1415,4,3e87bca4be55be0bbd73be083d7c3e18bd35bd40bc423d4d*7240
RX # PAI1,TRAIN,1415,4239
TX PAI1,TRAIN,1416,3,3d833e333ede3ea7be7dbec5be4cbe0cbd91be053d04beab*fc15
RX # PAI1,TRAIN,1416,4238
TX PAI1,TRAIN,1417,3,3e5cbeeebea4bed53c98becdbe643cb4bde2be073ea13f48*00ae
RX # PAI1,TRAIN,1417,4247
TX PAI1,TRAIN,1418,3,3d94be81beddbebcbe57be3d3ed53edd3e883ec5beba3c7b*8268
RX # PAI1,TRAIN,1418,4240
TX PAI1,TRAIN,1419,1,bea7be0cbd8dbdfb3e9c3e33becabee3bed8bed13e923e6f*8558
RX # PAI1,TRAIN,1419,4238
TX PAI1,TRAIN,1420,3,3e9bbd10be87bd5d3e4abee7bcaf3e913e083d9e3e853f13*b402
RX # PAI1,TRAIN,1420,4245
TX PAI1,TRAIN,1421,3,3ea83c8e3e893e6fbf06bedebdf8be883deeb9843deb3bf4*3716
RX # PAI1,TRAIN,1421,4238
TX PAI1,TRAIN,1422,4,3eac3f5b3eb93f12bf1cbe8abe00bcdc3e313d34bbd4bee5*88bc
RX # PAI1,TRAIN,1422,4239
TX PAI1,TRAIN,1423,4,bc183d903b983d193d1ebdd63de53e0c3dd43d70bdb7be0b*ff5f
RX # PAI1,TRAIN,1423,4243
TX PAI1,TRAIN,1424,3,3e8a3e8d3ee03ed3be49bed0bea3be22bdb1be193d14bed5*259d
RX # PAI1,TRAIN,1424,4248
TX PAI1,TRAIN,1425,1,bec4bcf1be5bbe8b3ec93ebdbe6dbed4be9abe973e323e87*4c8a
RX # PAI1,TRAIN,1425,4248
TX PAI1,TRAIN,1426,1,bde0be143e1db9aebd8e3e43beb4bf03bed5becc3ebb3e90*3a9e
RX # PAI1,TRAIN,1426,4248
TX PAI1,TRAIN,1427,3,bdf4be97be10be743d4dbec63c333d4bbe55be0c3e723efb*7c00
RX # PAI1,TRAIN,1427,4238
TX PAI1,TRAIN,1428,3,bd083f0e3ddb3e58be41bebcbe01bc993e013cddbd28be65*6f6f
RX # PAI1,TRAIN,1428,4239
TX PAI1,TRAIN,1429,1,be48bddb3dcdbd8a3d133e19beb5bee4bf0abefa3eb23e66*75c6
RX # PAI1,TRAIN,1429,4240
TX PAI1,TRAIN,1430,1,be98bd883e493d9f3df63e71be83bf12bebebeb33ea33e38*7051
RX # PAI1,TRAIN,1430,4247
TX PAI1,TRAIN,1431,1,bd97beb33e19bcabbc9a3db5beb6be91bef5bedd3ebf3e91*db78
RX # PAI1,TRAIN,1431,4238
TX PAI1,TRAIN,1432,1,bea8be453d22bdae3e563e98be9cbea9bec5beba3e7d3e34*7e04
RX # PAI1,TRAIN,1432,4238
TX PAI1,TRAIN,1433,4,bcf43dafbe1cbdf13d37bdadbcf13e01bb76bd30bc253d29*5e3f
RX # PAI1,TRAIN,1433,4247
TX PAI1,TRAIN,1434,3,3dbcbe64be3bbe66bee6beab3e753d46be083a2abd813d9c*e147
RX # PAI1,TRAIN,1434,4238
TX PAI1,TRAIN,1435,2,be803e3e3d6b3e143e373e343f483ec13f5b3f5dbed6bd9a*d5b0
RX # PAI1,TRAIN,1435,4239
TX PAI1,TRAIN,1436,4,3dbf3eda3e4d3e87be28be18be37be01bd03bdb53dddbde1*5dca
RX # PAI1,TRAIN,1436,4240
TX PAI1,TRAIN,1437,4,3e213ea93dea3e7b3ccfbe0fbdaabbcc3cd3bd523ddfbd71*032c
RX # PAI1,TRAIN,1437,4238
TX PAI1,TRAIN,1438,2,becbbeffbddabe613f043e9b3ef83ef23f203f1dbe983e61*9b7a
RX # PAI1,TRAIN,1438,4243
TX PAI1,TRAIN,1439,3,3e85bc273eb03ebdbf13bec83e3a3ea23ea13e81bd02be08*3b49
RX # PAI1,TRAIN,1439,4239
TX PAI1,TRAIN,1440,1,beccbed8be6bbed53e483ec8bed6bf00bef1beea3e033e22*9392
RX # PAI1,TRAIN,1440,4239
TX PAI1,TRAIN,1441,2,3ee93ef53f753f43bea93e803e723f1a3ee33eb43c32be96*1603
RX # PAI1,TRAIN,1441,4239
TX PAI1,TRAIN,1442,4,3d193f9f3eb03f2ebe82beb6bda43ea53de73d83be43bf58*e8fa
RX # PAI1,TRAIN,1442,4246
TX PAI1,TRAIN,1443,4,3e5b3e863e573e76beccbe55bd94be323c0dbd733ca8be5f*e5a5
RX # PAI1,TRAIN,1443,4249
TX PAI1,TRAIN,1444,3,3e473df93e493e7dbebabeb9be08bd7d3e5d3dafbc4abe19*a35a
RX # PAI1,TRAIN,1444,4248
TX PAI1,TRAIN,1445,3,be42be553d8cbe7d3e34beabbe21bdc9be1abe123e773f00*7fe6
RX # PAI1,TRAIN,1445,4238
TX PAI1,TRAIN,1446,1,bc45bdde3ea83e943dd73d7fbec9beb3bef9bee93f113eb0*4c94
RX # PAI1,TRAIN,1446,4249
TX PAI1,TRAIN,1447,4,3cb23e573e7d3e823abdbe093d3e3c8a3e063d823d07bdc5*cf40
RX # PAI1,TRAIN,1447,4239
TX PAI1,TRAIN,1448,2,bf3abe33bf13bf2b3f493f0a3ed63ec53ea63eacbf30beb5*f1fd
RX # PAI1,TRAIN,1448,4246
TX PAI1,TRAIN,1449,2,bf37be0ebf38bf473f253f113f433e603d9a3f02bf59bec5*a5c3
RX # PAI1,TRAIN,1449,4247
TX PAI1,TRAIN,1450,2,bf21bd1abed3bf103f3d3f163f463eb23e603f06bf51befc*f750
RX # PAI1,TRAIN,1450,4238
TX PAI1,TRAIN,1451,2,3f2bbe95bec73dffbcfb3f023f213f223f423f31bee6be89*6c84
RX # PAI1,TRAIN,1451,4245
TX PAI1,TRAIN,1452,2,3c30bddbbedcbebb3dcd3f153eda3f0a3e963ebbbf1abeda*726c
RX # PAI1,TRAIN,1452,4247
TX PAI1,TRAIN,1453,2,3f58be8ebf4fbe9e3eff3f0a3ecb3eff3ebd3ec5bf19bee5*75c0
RX # PAI1,TRAIN,1453,4246
TX PAI1,TRAIN,1454,1,be70be02be4ebe983e143e92be8dbed4beb2beb23e2f3e6e*7b29
RX # PAI1,TRAIN,1454,4248
TX PAI1,TRAIN,1455,1,be9bbe973db9bd4d3e0a3e87be7dbec6bec9beb83ea93e99*e481
RX # PAI1,TRAIN,1455,4248
TX PAI1,TRAIN,1456,3,3edabe50bdeabc5a3b8cbec1be293e9abda1bd923ea83f06*f698
RX # PAI1,TRAIN,1456,4239
TX PAI1,TRAIN,1457,4,3e4f3e42bc0e3dd3be77be2d3c20bd243dd03d2dbd93be33*8d60
RX # PAI1,TRAIN,1457,4244
TX PAI1,TRAIN,1458,1,be0dbe873e853e09bd753e37bebabeb4beefbee23ed23e57*ed94
RX # PAI1,TRAIN,1458,4238
TX PAI1,TRAIN,1459,4,3ec2bb3b3ea03ea4bf2cbe39bc41be263e5a3ddf3d31bdbe*50f2
RX # PAI1,TRAIN,1459,4239
TX PAI1,PREDICT,1460,be933da53dde3d6e3eb53e99be8bbec7be8bbe973ecd3ec7*c712
RX # PAI1,PREDICT,1460,176,3f75,3de8,be86,3e65
TX PAI1,PREDICT,1461,be64be62bdaebe7b3d883ebdbe65bee9be59be763e113e73*6336
RX # PAI1,PREDICT,1461,176,3f5d,3e07,bdb8,3dec
TX PAI1,PREDICT,1462,bebd3d2dbea9be953ee93eb1bea2beb5bea2bea93e643eac*6fbe
RX # PAI1,PREDICT,1462,186,3f5e,3d80,be4f,3e81
TX PAI1,PREDICT,1463,becfbed4bdafbe853e893e96bdd2bec4beeebeb03dec3ddb*8593
RX # PAI1,PREDICT,1463,176,3f5b,3e10,3d10,bd18
TX PAI1,PREDICT,1464,bed8be62beacbf023f0a3f023eea3e693d4a3e81bf2ebf0b*a298
RX # PAI1,PREDICT,1464,175,3e36,3f5a,bcc0,bc00
TX PAI1,PREDICT,1465,bf16be30bec9bef93f1b3eea3ec43e963e0f3e90bf1abecd*d4e4
RX # PAI1,PREDICT,1465,184,3e32,3f4c,3d2c,bb80
TX PAI1,PREDICT,1466,bf22be80bf29bf433f4a3f083f1cbe3f3fdd3fa2c041c062*af4a
RX # PAI1,PREDICT,1466,175,bf59,3f81,3f30,3db0
TX PAI1,PREDICT,1467,3c9d3ec93eef3ed2be2abec83d94be0e3e0f3dbebb91be87*88a6
RX # PAI1,PREDICT,1467,183,bd4b,3d70,3ee2,3f0b
TX PAI1,PREDICT,1468,3de8bf14bf10beee3e62bed63f1b3e873d573e88bc3d3f1b*c846
RX # PAI1,PREDICT,1468,183,be88,3e2b,3f89,3ca0
TX PAI1,PREDICT,1469,bdff3e7dbe3abd6cb99abea7be73bdf8bdc8be11bdc4be7f*a385
RX # PAI1,PREDICT,1469,183,3d9c,be1b,3f0e,3f08
TX PAI1,PREDICT,1470,bc8e3da23e2638d0be8ebea1be73be2dbd17bdf1be3ebedf*d245
RX # PAI1,PREDICT,1470,183,3cf8,bd81,3f26,3ec3
TX PAI1,PREDICT,1471,be443e48be1bbe013e12bd97bd103e3b3dc93d92bdb03c95*6610
RX # PAI1,PREDICT,1471,177,3da8,3e40,3ec5,3eae
TX PAI1,PREDICT,1472,be7dbdbcbe4dbe7c3de2bd96be273dfc3bf1bd15be04bd66*04a2
RX # PAI1,PREDICT,1472,178,3e1c,3e16,3f08,3e2c
TX PAI1,PREDICT,1473,bd4abe0fbe7ebe89bde6bd893de13c713beb3d13be30bd46*3866
RX # PAI1,PREDICT,1473,184,3dd7,3e0c,3f02,3e75
TX PAI1,PREDICT,1474,3cd13da1bd48bcf3bda5be0dbc5f3ecf3dc33d93bc4d3d8b*bc45
RX # PAI1,PREDICT,1474,185,3b00,3e4d,3f09,3e86
TX PAI1,INIT,1475,12,64,1,1*b64b
RX # PAI1,INIT,1475,12,64,4
TX PAI1,TRAIN,1476,2,bf2cbe06bf27bf223f093f063f443e803d5a3ef6bee8be1a*358d
RX # PAI1,TRAIN,1476,4246
TX PAI1,TRAIN,1477,2,bf14be7abf19bf1e3f2c3efc3f1cbe3a3fc43f9cbfe3bfec*a5cb
RX # PAI1,TRAIN,1477,4239
TX PAI1,TRAIN,1478,3,3eaf3e063e6a3e96becbbec1be1cbd463e383d843d69bcc9*4e77
RX # PAI1,TRAIN,1478,4239
TX PAI1,TRAIN,1479,4,3e2b3fa13ebd3f30be98bebebdc93eb93db23d35bd55becc*33e6
RX # PAI1,TRAIN,1479,4238
TX PAI1,TRAIN,1480,3,3eecbcd9be5d3cab3df8beeebd1b3ea43dd73d693e653ebb*8965
RX # PAI1,TRAIN,1480,4245
TX PAI1,TRAIN,1481,3,3ebbbeebbe8abe9dbd33bed4be7a3d26bde7be183e843ef4*1a12
RX # PAI1,TRAIN,1481,4244
TX PAI1,TRAIN,1482,3,3e493e3e3eea3ebbbe94beccbe62be03bd9fbe163dacbdfc*9383
RX # PAI1,TRAIN,1482,4246
TX PAI1,TRAIN,1483,1,be0cbdf5be1fbe4b3d953e81be99bed9bea7beb93e2d3e39*761c
RX # PAI1,TRAIN,1483,4247
TX PAI1,TRAIN,1484,4,3deb3da43d313dd4bccebe023dca3e263da13d1e3c21bc8a*49b5
RX # PAI1,TRAIN,1484,4239
TX PAI1,TRAIN,1485,3,3ed4babc3ebd3ecebf17bed03e2e3eb53e893e6b3d38bc7f*1540
RX # PAI1,TRAIN,1485,4238
TX PAI1,TRAIN,1486,3,3e53be7cbec2be86be83be523ed23ef43e663eb8be213d83*21ac
RX # PAI1,TRAIN,1486,4238
TX PAI1,TRAIN,1487,4,3e193e623e8e3e9abd74be1f3d013d103dd33d323dad3b89*3795
RX # PAI1,TRAIN,1487,4248
TX PAI1,TRAIN,1488,2,bf07be28beaebebe3f003ed63ec13ea93de43e83be9bbe23*38a9
RX # PAI1,TRAIN,1488,4238
TX PAI1,TRAIN,1489,4,3e1d3db4bc073d30be0bbe23bcf53ee53d923d523d693dbd*d6c4
RX # PAI1,TRAIN,1489,4239
TX PAI1,TRAIN,1490,4,3d90be07be4dbe30be29bdba3dc53d06bbf73c85bd273cf6*185e
RX # PAI1,TRAIN,1490,4246
TX PAI1,TRAIN,1491,1,bce6be833e943e43bdef3e17bec7beb7beddbee83ea13e2d*44dd
RX # PAI1,TRAIN,1491,4247
TX PAI1,TRAIN,1492,3,3ed93e923eeb3ee3be79bed7beb0be1bbdbbbe2a3db1be2b*4763
RX # PAI1,TRAIN,1492,4239
TX PAI1,TRAIN,1493,2,bf14bcefbeb8bee13f1f3f0b3f473ec63e3a3efebedebe56*eae8
RX # PAI1,TRAIN,1493,4248
TX PAI1,TRAIN,1494,1,be77be3e3d9dbbec3e083e87bea8beabbeb8bec13e5d3e1a*844d
RX # PAI1,TRAIN,1494,4247
TX PAI1,TRAIN,1495,3,3e163ecf3efa3ee1be5cbed03d6dbe053de53d933d7dbdb0*0a65
RX # PAI1,TRAIN,1495,4247
TX PAI1,TRAIN,1496,3,bc5b3e84be0c3c8fbd7bbeafbe84bde4bdd0be223bc7bda0*5ef8
RX # PAI1,TRAIN,1496,4238
TX PAI1,TRAIN,1497,3,3e69be5dbe0cbe08bef4beb33e6b3d8dbe09bc973cd43dc6*1655
RX # PAI1,TRAIN,1497,4245
TX PAI1,TRAIN,1498,3,3dd93db63e483d8fbea3beaabe84be27bd41be0abd4abe36*4174
RX # PAI1,TRAIN,1498,4240
TX PAI1,TRAIN,1499,4,3f0c3bc43eae3eb9bf2fbe4ebce6be1e3e353db43dba3bcb*93e5
RX # PAI1,TRAIN,1499,4247
TX PAI1,TRAIN,1500,2,bea2befcbd83be043ed53e893ef53f053f0c3f16bdef3e32*8901
RX # PAI1,TRAIN,1500,4245
TX PAI1,TRAIN,1501,1,be9bbcaabe2cbe343e9b3eaabe82bed8be91be9e3e2e3e4a*868a
RX # PAI1,TRAIN,1501,4243
TX PAI1,TRAIN,1502,2,beb0be5abe92bec93ee13eef3ee83e843cf83e6bbeb4be73*b484
RX # PAI1,TRAIN,1502,4238
TX PAI1,TRAIN,1503,4,bdb43e52bddbbd363d91bdc7bd553e583d983d513c423d86*039f
RX # PAI1,TRAIN,1503,4244
TX PAI1,TRAIN,1504,1,bea4bed5be3abe9d3df53eb5bee3bf04bedfbef03e123e10*765d
RX # PAI1,TRAIN,1504,4238
TX PAI1,TRAIN,1505,1,bea7bed1bd33be293e403e85bdf8bec7bedcbeb63e0a3de9*0f28
RX # PAI1,TRAIN,1505,4248
TX PAI1,TRAIN,1506,1,be493db83e133dfb3e883e87be97becabe84be9e3e9e3e87*1eec
RX # PAI1,TRAIN,1506,4247
TX PAI1,TRAIN,1507,1,be53bd6d3e6a3e0f3d4d3e4fbe8ebf17beb1beba3e853e1c*dfab
RX # PAI1,TRAIN,1507,4245
TX PAI1,TRAIN,1508,1,be933d53be8fbe473eb93e9ebeaebeb8be99beb03e4e3e72*5235
RX # PAI1,TRAIN,1508,4240
TX PAI1,TRAIN,1509,3,3e80bf13bf01beb33e13bede3f1a3e993d083e783d6b3ec4*9b06
RX # PAI1,TRAIN,1509,4247
TX PAI1,TRAIN,1510,4,3eff3f5f3ec63f16bf20be94be13bc393e103cc63d78be3d*7523
RX # PAI1,TRAIN,1510,4246
TX PAI1,TRAIN,1511,2,3f213efb3f763f42bebb3e603e673f283ec43ea83d91bdd1*a84c
RX # PAI1,TRAIN,1511,4245
TX PAI1,TRAIN,1512,4,3eb33e4c3cf93e27be92be43bbc4bccf3d9e3cb83ca7bd1b*7d59
RX # PAI1,TRAIN,1512,4246
TX PAI1,TRAIN,1513,1,bdbdbdcb3e0b3c0ebce33df6bec1beeabf00beff3e8d3e35*c83b
RX # PAI1,TRAIN,1513,4246
TX PAI1,TRAIN,1514,4,be19bdabbe1dbe1d3d29bdc7be3b3e18bbf2bd61bc6e3cd4*1a35
RX # PAI1,TRAIN,1514,4244
TX PAI1,TRAIN,1515,4,3e6b3ee13e6e3e9ebe5abe2ebe4cbdefbd2fbdd93e05bb4d*4638
RX # PAI1,TRAIN,1515,4245
TX PAI1,TRAIN,1516,3,bdb1be4d3dd7be1d3dd0beb3be35bdb3be19be233e593ea7*c267
RX # PAI1,TRAIN,1516,4246
TX PAI1,TRAIN,1517,1,3de5bdce3eb63eaa3d143d0ebed7beb6bee6beef3ed33e77*87c1
RX # PAI1,TRAIN,1517,4248
TX PAI1,TRAIN,1518,2,bf2fbe2bbf04bf093f2b3f003ed33edb3e8d3e9fbeb7be09*861c
RX # PAI1,TRAIN,1518,4248
TX PAI1,TRAIN,1519,2,3e0cbdcabec1be863d013f0a3ed73f173e7f3eaebe9cbe31*0f83
RX # PAI1,TRAIN,1519,4247
TX PAI1,TRAIN,1520,1,bdfdbe5abd31be1c3a483eabbe7abeefbe50be823e1b3e3c*5b88
RX # PAI1,TRAIN,1520,4245
TX PAI1,TRAIN,1521,1,bdfdbe5abd31be1c3a483eabbe7abeefbe50be823e1b3e3c*20c8
RX # PAI1,TRAIN,1521,4248
TX PAI1,TRAIN,1522,4,3e6b3ee13e6e3e9ebe5abe2ebe4cbdefbd2fbdd93e05bb4d*b6fc
RX # PAI1,TRAIN,1522,4246
TX PAI1,TRAIN,1523,1,be0cbdf5be1fbe4b3d953e81be99bed9bea7beb93e2d3e39*dac6
RX # PAI1,TRAIN,1523,4238
TX PAI1,TRAIN,1524,2,bea2befcbd83be043ed53e893ef53f053f0c3f16bdef3e32*7bf9
RX # PAI1,TRAIN,1524,4245
TX PAI1,TRAIN,1525,1,be933d53be8fbe473eb93e9ebeaebeb8be99beb03e4e3e72*31ee
RX # PAI1,TRAIN,1525,4238
TX PAI1,TRAIN,1526,4,3eff3f5f3ec63f16bf20be94be13bc393e103cc63d78be3d*fea7
RX # PAI1,TRAIN,1526,4245
TX PAI1,TRAIN,1527,3,3eaf3e063e6a3e96becbbec1be1cbd463e383d843d69bcc9*d8dc
RX # PAI1,TRAIN,1527,4246
TX PAI1,TRAIN,1528,3,3e163ecf3efa3ee1be5cbed03d6dbe053de53d933d7dbdb0*4541
RX # PAI1,TRAIN,1528,4247
TX PAI1,TRAIN,1529,3,3ed4babc3ebd3ecebf17bed03e2e3eb53e893e6b3d38bc7f*aed8
RX # PAI1,TRAIN,1529,4238
TX PAI1,TRAIN,1530,3,bdb1be4d3dd7be1d3dd0beb3be35bdb3be19be233e593ea7*c61f
RX # PAI1,TRAIN,1530,4247
TX PAI1,TRAIN,1531,2,bf14be7abf19bf1e3f2c3efc3f1cbe3a3fc43f9cbfe3bfec*2dbf
RX # PAI1,TRAIN,1531,4239
TX PAI1,TRAIN,1532,4,bdb43e52bddbbd363d91bdc7bd553e583d983d513c423d86*f8fa
RX # PAI1,TRAIN,1532,4244
TX PAI1,TRAIN,1533,4,be19bdabbe1dbe1d3d29bdc7be3b3e18bbf2bd61bc6e3cd4*650d
RX # PAI1,TRAIN,1533,4243
TX PAI1,TRAIN,1534,1,bce6be833e943e43bdef3e17bec7beb7beddbee83ea13e2d*6e66
RX # PAI1,TRAIN,1534,4240
TX PAI1,TRAIN,1535,2,beb0be5abe92bec93ee13eef3ee83e843cf83e6bbeb4be73*4440
RX # PAI1,TRAIN,1535,4247
TX PAI1,TRAIN,1536,2,3e0cbdcabec1be863d013f0a3ed73f173e7f3eaebe9cbe31*9ad8
RX # PAI1,TRAIN,1536,4239
TX PAI1,TRAIN,1537,3,3e80bf13bf01beb33e13bede3f1a3e993d083e783d6b3ec4*fae1
RX # PAI1,TRAIN,1537,4239
TX PAI1,TRAIN,1538,4,3d90be07be4dbe30be29bdba3dc53d06bbf73c85bd273cf6*5ee7
RX # PAI1,TRAIN,1538,4248
TX PAI1,TRAIN,1539,1,bdbdbdcb3e0b3c0ebce33df6bec1beeabf00beff3e8d3e35*db01
RX # PAI1,TRAIN,1539,4246
TX PAI1,TRAIN,1540,2,bf2cbe06bf27bf223f093f063f443e803d5a3ef6bee8be1a*226e
RX # PAI1,TRAIN,1540,4248
TX PAI1,TRAIN,1541,4,3f0c3bc43eae3eb9bf2fbe4ebce6be1e3e353db43dba3bcb*4acb
RX # PAI1,TRAIN,1541,4246
TX PAI1,TRAIN,1542,3,3eecbcd9be5d3cab3df8beeebd1b3ea43dd73d693e653ebb*c354
RX # PAI1,TRAIN,1542,4247
TX PAI1,TRAIN,1543,3,3e493e3e3eea3ebbbe94beccbe62be03bd9fbe163dacbdfc*5472
RX # PAI1,TRAIN,1543,4245
TX PAI1,TRAIN,1544,1,be493db83e133dfb3e883e87be97becabe84be9e3e9e3e87*f7de
RX # PAI1,TRAIN,1544,4246
TX PAI1,TRAIN,1545,1,be77be3e3d9dbbec3e083e87bea8beabbeb8bec13e5d3e1a*cc40
RX # PAI1,TRAIN,1545,4247
TX PAI1,TRAIN,1546,1,3de5bdce3eb63eaa3d143d0ebed7beb6bee6beef3ed33e77*6ccf
RX # PAI1,TRAIN,1546,4246
TX PAI1,TRAIN,1547,4,3e193e623e8e3e9abd74be1f3d013d103dd33d323dad3b89*8b24
RX # PAI1,TRAIN,1547,4245
TX PAI1,TRAIN,1548,3,3e53be7cbec2be86be83be523ed23ef43e663eb8be213d83*7cdf
RX # PAI1,TRAIN,1548,4247
TX PAI1,TRAIN,1549,3,3dd93db63e483d8fbea3beaabe84be27bd41be0abd4abe36*0979
RX # PAI1,TRAIN,1549,4246
TX PAI1,TRAIN,1550,2,bf14bcefbeb8bee13f1f3f0b3f473ec63e3a3efebedebe56*db99
RX # PAI1,TRAIN,1550,4246
TX PAI1,TRAIN,1551,2,bf07be28beaebebe3f003ed63ec13ea93de43e83be9bbe23*9ac7
RX # PAI1,TRAIN,1551,4237
TX PAI1,TRAIN,1552,1,bea7bed1bd33be293e403e85bdf8bec7bedcbeb63e0a3de9*ef87
RX # PAI1,TRAIN,1552,4246
TX PAI1,TRAIN,1553,4,3e2b3fa13ebd3f30be98bebebdc93eb93db23d35bd55becc*bcbb
RX # PAI1,TRAIN,1553,4246
TX PAI1,TRAIN,1554,2,3f213efb3f763f42bebb3e603e673f283ec43ea83d91bdd1*319f
RX # PAI1,TRAIN,1554,4248
TX PAI1,TRAIN,1555,1,bea4bed5be3abe9d3df53eb5bee3bf04bedfbef03e123e10*9d53
RX # PAI1,TRAIN,1555,4245
TX PAI1,TRAIN,1556,3,bc5b3e84be0c3c8fbd7bbeafbe84bde4bdd0be223bc7bda0*e249
RX # PAI1,TRAIN,1556,4248
TX PAI1,TRAIN,1557,4,3deb3da43d313dd4bccebe023dca3e263da13d1e3c21bc8a*f738
RX # PAI1,TRAIN,1557,4237
TX PAI1,TRAIN,1558,2,bf2fbe2bbf04bf093f2b3f003ed33edb3e8d3e9fbeb7be09*99ae
RX # PAI1,TRAIN,1558,4243
TX PAI1,TRAIN,1559,1,be9bbcaabe2cbe343e9b3eaabe82bed8be91be9e3e2e3e4a*fca7
RX # PAI1,TRAIN,1559,4248
TX PAI1,TRAIN,1560,3,3e69be5dbe0cbe08bef4beb33e6b3d8dbe09bc973cd43dc6*5a20
RX # PAI1,TRAIN,1560,4237
TX PAI1,TRAIN,1561,4,3e1d3db4bc073d30be0bbe23bcf53ee53d923d523d693dbd*8fcf
RX # PAI1,TRAIN,1561,4245
TX PAI1,TRAIN,1562,4,3eb33e4c3cf93e27be92be43bbc4bccf3d9e3cb83ca7bd1b*e2ce
RX # PAI1,TRAIN,1562,4239
TX PAI1,TRAIN,1563,3,3ed93e923eeb3ee3be79bed7beb0be1bbdbbbe2a3db1be2b*00b7
RX # PAI1,TRAIN,1563,4246
TX PAI1,TRAIN,1564,3,3ebbbeebbe8abe9dbd33bed4be7a3d26bde7be183e843ef4*2f1b
RX # PAI1,TRAIN,1564,4246
TX PAI1,TRAIN,1565,1,be53bd6d3e6a3e0f3d4d3e4fbe8ebf17beb1beba3e853e1c*3940
RX # PAI1,TRAIN,1565,4238
TX PAI1,TRAIN,1566,1,bdfdbe5abd31be1c3a483eabbe7abeefbe50be823e1b3e3c*4f9b
RX # PAI1,TRAIN,1566,4248
TX PAI1,TRAIN,1567,4,3e6b3ee13e6e3e9ebe5abe2ebe4cbdefbd2fbdd93e05bb4d*2f2f
RX # PAI1,TRAIN,1567,4248
TX PAI1,TRAIN,1568,3,3e53be7cbec2be86be83be523ed23ef43e663eb8be213d83*7306
RX # PAI1,TRAIN,1568,4238
TX PAI1,TRAIN,1569,1,bdbdbdcb3e0b3c0ebce33df6bec1beeabf00beff3e8d3e35*4b4f
RX # PAI1,TRAIN,1569,4247
TX PAI1,TRAIN,1570,2,bf07be28beaebebe3f003ed63ec13ea93de43e83be9bbe23*ee5e
RX # PAI1,TRAIN,1570,4245
TX PAI1,TRAIN,1571,2,bf2fbe2bbf04bf093f2b3f003ed33edb3e8d3e9fbeb7be09*0754
RX # PAI1,TRAIN,1571,4248
TX PAI1,TRAIN,1572,1,bea7bed1bd33be293e403e85bdf8bec7bedcbeb63e0a3de9*e05e
RX # PAI1,TRAIN,1572,4239
TX PAI1,TRAIN,1573,1,be53bd6d3e6a3e0f3d4d3e4fbe8ebf17beb1beba3e853e1c*bd1d
RX # PAI1,TRAIN,1573,4238
TX PAI1,TRAIN,1574,3,3ed93e923eeb3ee3be79bed7beb0be1bbdbbbe2a3db1be2b*ffaa
RX # PAI1,TRAIN,1574,4243
TX PAI1,TRAIN,1575,1,3de5bdce3eb63eaa3d143d0ebed7beb6bee6beef3ed33e77*612a
RX # PAI1,TRAIN,1575,4244
TX PAI1,TRAIN,1576,3,3eecbcd9be5d3cab3df8beeebd1b3ea43dd73d693e653ebb*be50
RX # PAI1,TRAIN,1576,4244
TX PAI1,TRAIN,1577,2,beb0be5abe92bec93ee13eef3ee83e843cf83e6bbeb4be73*ad72
RX # PAI1,TRAIN,1577,4246
TX PAI1,TRAIN,1578,4,bdb43e52bddbbd363d91bdc7bd553e583d983d513c423d86*fbab
RX # PAI1,TRAIN,1578,4246
TX PAI1,TRAIN,1579,1,bea4bed5be3abe9d3df53eb5bee3bf04bedfbef03e123e10*85c8
RX # PAI1,TRAIN,1579,4239
TX PAI1,TRAIN,1580,4,3e193e623e8e3e9abd74be1f3d013d103dd33d323dad3b89*db13
RX # PAI1,TRAIN,1580,4245
TX PAI1,TRAIN,1581,3,bdb1be4d3dd7be1d3dd0beb3be35bdb3be19be233e593ea7*021e
RX # PAI1,TRAIN,1581,4238
TX PAI1,TRAIN,1582,3,3eaf3e063e6a3e96becbbec1be1cbd463e383d843d69bcc9*6e00
RX # PAI1,TRAIN,1582,4246
TX PAI1,TRAIN,1583,3,3e163ecf3efa3ee1be5cbed03d6dbe053de53d933d7dbdb0*125f
RX # PAI1,TRAIN,1583,4238
TX PAI1,TRAIN,1584,4,3d90be07be4dbe30be29bdba3dc53d06bbf73c85bd273cf6*f6e4
RX # PAI1,TRAIN,1584,4248
TX PAI1,TRAIN,1585,4,3e2b3fa13ebd3f30be98bebebdc93eb93db23d35bd55becc*1830
RX # PAI1,TRAIN,1585,4238
TX PAI1,TRAIN,1586,3,3ed4babc3ebd3ecebf17bed03e2e3eb53e893e6b3d38bc7f*04e7
RX # PAI1,TRAIN,1586,4246
TX PAI1,TRAIN,1587,4,3f0c3bc43eae3eb9bf2fbe4ebce6be1e3e353db43dba3bcb*61bc
RX # PAI1,TRAIN,1587,4245
TX PAI1,TRAIN,1588,2,bea2befcbd83be043ed53e893ef53f053f0c3f16bdef3e32*5c06
RX # PAI1,TRAIN,1588,4247
TX PAI1,TRAIN,1589,1,be933d53be8fbe473eb93e9ebeaebeb8be99beb03e4e3e72*1611
RX # PAI1,TRAIN,1589,4244
TX PAI1,TRAIN,1590,4,3eff3f5f3ec63f16bf20be94be13bc393e103cc63d78be3d*4a47
RX # PAI1,TRAIN,1590,4238
TX PAI1,TRAIN,1591,2,3e0cbdcabec1be863d013f0a3ed73f173e7f3eaebe9cbe31*da84
RX # PAI1,TRAIN,1591,4246
TX PAI1,TRAIN,1592,3,3e80bf13bf01beb33e13bede3f1a3e993d083e783d6b3ec4*4c3d
RX # PAI1,TRAIN,1592,4247
TX PAI1,TRAIN,1593,4,3eb33e4c3cf93e27be92be43bbc4bccf3d9e3cb83ca7bd1b*397d
RX # PAI1,TRAIN,1593,4237
TX PAI1,TRAIN,1594,4,3e1d3db4bc073d30be0bbe23bcf53ee53d923d523d693dbd*a95d
RX # PAI1,TRAIN,1594,4246
TX PAI1,TRAIN,1595,3,3ebbbeebbe8abe9dbd33bed4be7a3d26bde7be183e843ef4*f4a8
RX # PAI1,TRAIN,1595,4248
TX PAI1,TRAIN,1596,4,be19bdabbe1dbe1d3d29bdc7be3b3e18bbf2bd61bc6e3cd4*d3d1
RX # PAI1,TRAIN,1596,4246
TX PAI1,TRAIN,1597,1,bce6be833e943e43bdef3e17bec7beb7beddbee83ea13e2d*d31b
RX # PAI1,TRAIN,1597,4247
TX PAI1,TRAIN,1598,3,3e493e3e3eea3ebbbe94beccbe62be03bd9fbe163dacbdfc*9cfb
RX # PAI1,TRAIN,1598,4245
TX PAI1,TRAIN,1599,3,3e69be5dbe0cbe08bef4beb33e6b3d8dbe09bc973cd43dc6*6bf0
RX # PAI1,TRAIN,1599,4238
TX PAI1,TRAIN,1600,1,be0cbdf5be1fbe4b3d953e81be99bed9bea7beb93e2d3e39*ec57
RX # PAI1,TRAIN,1600,4238
TX PAI1,TRAIN,1601,1,be493db83e133dfb3e883e87be97becabe84be9e3e9e3e87*da85
RX # PAI1,TRAIN,1601,4244
TX PAI1,TRAIN,1602,2,bf2cbe06bf27bf223f093f063f443e803d5a3ef6bee8be1a*7fd4
RX # PAI1,TRAIN,1602,4248
TX PAI1,TRAIN,1603,3,bc5b3e84be0c3c8fbd7bbeafbe84bde4bdd0be223bc7bda0*40ee
RX # PAI1,TRAIN,1603,4245
TX PAI1,TRAIN,1604,4,3deb3da43d313dd4bccebe023dca3e263da13d1e3c21bc8a*5e3e
RX # PAI1,TRAIN,1604,4244
TX PAI1,TRAIN,1605,2,bf14bcefbeb8bee13f1f3f0b3f473ec63e3a3efebedebe56*793e
RX # PAI1,TRAIN,1605,4239
TX PAI1,TRAIN,1606,1,be77be3e3d9dbbec3e083e87bea8beabbeb8bec13e5d3e1a*eaba
RX # PAI1,TRAIN,1606,4247
TX PAI1,TRAIN,1607,2,3f213efb3f763f42bebb3e603e673f283ec43ea83d91bdd1*9899
RX # PAI1,TRAIN,1607,4247
TX PAI1,TRAIN,1608,3,3dd93db63e483d8fbea3beaabe84be27bd41be0abd4abe36*d903
RX # PAI1,TRAIN,1608,4238
TX PAI1,TRAIN,1609,2,bf14be7abf19bf1e3f2c3efc3f1cbe3a3fc43f9cbfe3bfec*f371
RX # PAI1,TRAIN,1609,4240
TX PAI1,TRAIN,1610,1,be9bbcaabe2cbe343e9b3eaabe82bed8be91be9e3e2e3e4a*c6be
RX # PAI1,TRAIN,1610,4246
TX PAI1,TRAIN,1611,4,be19bdabbe1dbe1d3d29bdc7be3b3e18bbf2bd61bc6e3cd4*28dc
RX # PAI1,TRAIN,1611,4247
TX PAI1,TRAIN,1612,3,3e493e3e3eea3ebbbe94beccbe62be03bd9fbe163dacbdfc*0bf4
RX # PAI1,TRAIN,1612,4246
TX PAI1,TRAIN,1613,3,3ebbbeebbe8abe9dbd33bed4be7a3d26bde7be183e843ef4*74e5
RX # PAI1,TRAIN,1613,4244
TX PAI1,TRAIN,1614,3,3e53be7cbec2be86be83be523ed23ef43e663eb8be213d83*4f5b
RX # PAI1,TRAIN,1614,4246
TX PAI1,TRAIN,1615,1,bea7bed1bd33be293e403e85bdf8bec7bedcbeb63e0a3de9*345c
RX # PAI1,TRAIN,1615,4245
TX PAI1,TRAIN,1616,3,3eecbcd9be5d3cab3df8beeebd1b3ea43dd73d693e653ebb*1ab3
RX # PAI1,TRAIN,1616,4246
TX PAI1,TRAIN,1617,3,3dd93db63e483d8fbea3beaabe84be27bd41be0abd4abe36*cc7d
RX # PAI1,TRAIN,1617,4248
TX PAI1,TRAIN,1618,4,3eff3f5f3ec63f16bf20be94be13bc393e103cc63d78be3d*2bc8
RX # PAI1,TRAIN,1618,4238
TX PAI1,TRAIN,1619,4,3deb3da43d313dd4bccebe023dca3e263da13d1e3c21bc8a*bdc0
RX # PAI1,TRAIN,1619,4248
TX PAI1,TRAIN,1620,3,3ed93e923eeb3ee3be79bed7beb0be1bbdbbbe2a3db1be2b*264d
RX # PAI1,TRAIN,1620,4248
TX PAI1,TRAIN,1621,1,be9bbcaabe2cbe343e9b3eaabe82bed8be91be9e3e2e3e4a*3ddb
RX # PAI1,TRAIN,1621,4248
TX PAI1,TRAIN,1622,1,bdfdbe5abd31be1c3a483eabbe7abeefbe50be823e1b3e3c*1980
RX # PAI1,TRAIN,1622,4238
TX PAI1,TRAIN,1623,3,3e163ecf3efa3ee1be5cbed03d6dbe053de53d933d7dbdb0*966a
RX # PAI1,TRAIN,1623,4245
TX PAI1,TRAIN,1624,3,bc5b3e84be0c3c8fbd7bbeafbe84bde4bdd0be223bc7bda0*3fd6
RX # PAI1,TRAIN,1624,4248
TX PAI1,TRAIN,1625,1,bdbdbdcb3e0b3c0ebce33df6bec1beeabf00beff3e8d3e35*f737
RX # PAI1,TRAIN,1625,4248
TX PAI1,TRAIN,1626,1,be53bd6d3e6a3e0f3d4d3e4fbe8ebf17beb1beba3e853e1c*1fba
RX # PAI1,TRAIN,1626,4240
TX PAI1,TRAIN,1627,1,be933d53be8fbe473eb93e9ebeaebeb8be99beb03e4e3e72*73e6
RX # PAI1,TRAIN,1627,4238
TX PAI1,TRAIN,1628,1,be77be3e3d9dbbec3e083e87bea8beabbeb8bec13e5d3e1a*04a1
RX # PAI1,TRAIN,1628,4247
TX PAI1,TRAIN,1629,4,3d90be07be4dbe30be29bdba3dc53d06bbf73c85bd273cf6*1ed3
RX # PAI1,TRAIN,1629,4237
TX PAI1,TRAIN,1630,3,3e69be5dbe0cbe08bef4beb33e6b3d8dbe09bc973cd43dc6*7ee6
RX # PAI1,TRAIN,1630,4248
TX PAI1,TRAIN,1631,2,beb0be5abe92bec93ee13eef3ee83e843cf83e6bbeb4be73*0de9
RX # PAI1,TRAIN,1631,4237
TX PAI1,TRAIN,1632,4,3e6b3ee13e6e3e9ebe5abe2ebe4cbdefbd2fbdd93e05bb4d*8d88
RX # PAI1,TRAIN,1632,4248
TX PAI1,TRAIN,1633,4,3e1d3db4bc073d30be0bbe23bcf53ee53d923d523d693dbd*5d89
RX # PAI1,TRAIN,1633,4248
TX PAI1,TRAIN,1634,2,bea2befcbd83be043ed53e893ef53f053f0c3f16bdef3e32*408d
RX # PAI1,TRAIN,1634,4238
TX PAI1,TRAIN,1635,3,3ed4babc3ebd3ecebf17bed03e2e3eb53e893e6b3d38bc7f*82ee
RX # PAI1,TRAIN,1635,4244
TX PAI1,TRAIN,1636,1,bea4bed5be3abe9d3df53eb5bee3bf04bedfbef03e123e10*b470
RX # PAI1,TRAIN,1636,4239
TX PAI1,TRAIN,1637,2,3f213efb3f763f42bebb3e603e673f283ec43ea83d91bdd1*18bc
RX # PAI1,TRAIN,1637,4238
TX PAI1,TRAIN,1638,4,3e2b3fa13ebd3f30be98bebebdc93eb93db23d35bd55becc*7ffb
RX # PAI1,TRAIN,1638,4238
TX PAI1,TRAIN,1639,4,bdb43e52bddbbd363d91bdc7bd553e583d983d513c423d86*2bd1
RX # PAI1,TRAIN,1639,4238
TX PAI1,TRAIN,1640,3,3eaf3e063e6a3e96becbbec1be1cbd463e383d843d69bcc9*0cde
RX # PAI1,TRAIN,1640,4248
TX PAI1,TRAIN,1641,3,bdb1be4d3dd7be1d3dd0beb3be35bdb3be19be233e593ea7*9640
RX # PAI1,TRAIN,1641,4248
TX PAI1,TRAIN,1642,1,3de5bdce3eb63eaa3d143d0ebed7beb6bee6beef3ed33e77*2566
RX # PAI1,TRAIN,1642,4248
TX PAI1,TRAIN,1643,4,3e193e623e8e3e9abd74be1f3d013d103dd33d323dad3b89*c28d
RX # PAI1,TRAIN,1643,4247
TX PAI1,TRAIN,1644,2,bf2fbe2bbf04bf093f2b3f003ed33edb3e8d3e9fbeb7be09*b598
RX # PAI1,TRAIN,1644,4247
TX PAI1,TRAIN,1645,2,bf2cbe06bf27bf223f093f063f443e803d5a3ef6bee8be1a*1087
RX # PAI1,TRAIN,1645,4247
TX PAI1,TRAIN,1646,2,bf14bcefbeb8bee13f1f3f0b3f473ec63e3a3efebedebe56*eb4c
RX # PAI1,TRAIN,1646,4245
TX PAI1,TRAIN,1647,2,bf07be28beaebebe3f003ed63ec13ea93de43e83be9bbe23*aa12
RX # PAI1,TRAIN,1647,4237
TX PAI1,TRAIN,1648,2,3e0cbdcabec1be863d013f0a3ed73f173e7f3eaebe9cbe31*5005
RX # PAI1,TRAIN,1648,4249
TX PAI1,TRAIN,1649,2,bf14be7abf19bf1e3f2c3efc3f1cbe3a3fc43f9cbfe3bfec*ecc3
RX # PAI1,TRAIN,1649,4247
TX PAI1,TRAIN,1650,1,be0cbdf5be1fbe4b3d953e81be99bed9bea7beb93e2d3e39*7c19
RX # PAI1,TRAIN,1650,4249
TX PAI1,TRAIN,1651,1,be493db83e133dfb3e883e87be97becabe84be9e3e9e3e87*4acb
RX # PAI1,TRAIN,1651,4238
TX PAI1,TRAIN,1652,3,3e80bf13bf01beb33e13bede3f1a3e993d083e783d6b3ec4*d863
RX # PAI1,TRAIN,1652,4237
TX PAI1,TRAIN,1653,4,3eb33e4c3cf93e27be92be43bbc4bccf3d9e3cb83ca7bd1b*ad23
RX # PAI1,TRAIN,1653,4238
TX PAI1,TRAIN,1654,1,bce6be833e943e43bdef3e17bec7beb7beddbee83ea13e2d*ca85
RX # PAI1,TRAIN,1654,4245
TX PAI1,TRAIN,1655,4,3f0c3bc43eae3eb9bf2fbe4ebce6be1e3e353db43dba3bcb*8c9e
RX # PAI1,TRAIN,1655,4245
TX PAI1,PREDICT,1656,be5abe943e013cc83d833e6dbe8abecabebbbebf3e883e5e*d450
RX # PAI1,PREDICT,1656,176,3f6b,3d84,3d00,bc60
TX PAI1,PREDICT,1657,3b60be0c3e3f3d8ebe003e23bec0bf07bec6bed33e933e55*82e8
RX # PAI1,PREDICT,1657,175,3f6d,bda3,3d94,3dd2
TX PAI1,PREDICT,1658,3d2fbeb03e3b3d50bda13d76bec3be91bee3bee33e963e56*773e
RX # PAI1,PREDICT,1658,176,3f51,bcac,3e72,bc40
TX PAI1,PREDICT,1659,be75be03bce2bd283e623e14bed8bee9bec9bed73e753e3a*5dd8
RX # PAI1,PREDICT,1659,177,3f64,bd36,3d6c,3de2
TX PAI1,PREDICT,1660,be1e3e493dc13e4d3dd73e143f493ed63f403f54be443c7d*7519
RX # PAI1,PREDICT,1660,175,bea1,3f46,3dbd,3ede
TX PAI1,PREDICT,1661,3f5fbe91beac3e3abdb73ef03f213f313f2a3f29be57bdb4*87ab
RX # PAI1,PREDICT,1661,176,bd2f,3f75,be82,3eb8
TX PAI1,PREDICT,1662,3f88be8abf3ebe573ecd3f003ec83f0c3ea23eb7be9abe3d*4487
RX # PAI1,PREDICT,1662,176,3e04,3f7c,be8c,3e42
TX PAI1,PREDICT,1663,bc02be94bdc7be15bc70becebb9d3d8fbe4dbe1e3e563ea3*397b
RX # PAI1,PREDICT,1663,176,3e0a,be0a,3f54,3e30
TX PAI1,PREDICT,1664,3f19be48bd923d6cbd6abec9be3e3eadbdadbdb73e883ead*1b4f
RX # PAI1,PREDICT,1664,176,3d2c,bc38,3f2e,3e9b
TX PAI1,PREDICT,1665,3db43f113e113e85be71bec4be14bb2b3dcb3bf43d21bd84*25b9
RX # PAI1,PREDICT,1665,184,bd50,bde8,3ee8,3f3b
TX PAI1,PREDICT,1666,3efb3cd83e983e90bf0cbee5be0fbe883db8bc9e3e0a3d76*bcfb
RX # PAI1,PREDICT,1666,175,3dfd,be6a,3f39,3ec9
TX PAI1,PREDICT,1667,3eba3e8c3e773e93bedcbe69bdb8be2cbbcdbd9e3d9ebd7a*32ef
RX # PAI1,PREDICT,1667,176,3e48,bd6a,3ec6,3ef2
TX PAI1,PREDICT,1668,3ed6bc39be26bd5cbdeebe1f3d413e34bd5cbd853d6a3daa*db93
RX # PAI1,PREDICT,1668,176,3dcd,3df7,3ee0,3eb1
TX PAI1,PREDICT,1669,3dbc3dc2bddebd16bca0bdddbd3d3e1bbc8ebd7b3d6f3da0*8abb
RX # PAI1,PREDICT,1669,175,3e07,3dfa,3ea6,3ed8
TX PAI1,PREDICT,1670,3e993eaf3e183e95bd1abe26bdcf3c2e3c15bd8e3e063cc8*fdd7
RX # PAI1,PREDICT,1670,176,3e4d,3db8,3e83,3ee8
TX PAI1,INIT,1671,12,64,1,1*6dca
RX # PAI1,INIT,1671,12,64,4
TX PAI1,TRAIN,1672,2,3f3ebea5beb63e45bd933f033f2a3f273f1b3f22be76bde0*1679
RX # PAI1,TRAIN,1672,4246
TX PAI1,TRAIN,1673,2,bf19be39beb8befb3f1b3eec3ecb3e9d3db23e79beadbe3c*1f8c
RX # PAI1,TRAIN,1673,4240
TX PAI1,TRAIN,1674,3,3c2f3df43e5b3d5bbeacbeadbe8cbe26bd7bbe09bd91be50*8d95
RX # PAI1,TRAIN,1674,4240
TX PAI1,TRAIN,1675,4,3e9f398dbe2dbdcbbdd2be193d493e24bd8abd893d273d8b*ca32
RX # PAI1,TRAIN,1675,4245
TX PAI1,TRAIN,1676,3,3dc83e6f3efd3ed6be9bbed2be6ebe04bdb8be153d8dbe16*4e7e
RX # PAI1,TRAIN,1676,4240
TX PAI1,TRAIN,1677,3,3ef8be5fbd933d1dbd0ebecebe483ea1bdc5bdb83e853eab*44dd
RX # PAI1,TRAIN,1677,4240
TX PAI1,TRAIN,1678,3,3ea23eb53eff3f04be7ebeddbeb9be1abdd3be283d93be45*ca0e
RX # PAI1,TRAIN,1678,4247
TX PAI1,TRAIN,1679,1,be63be03be26be8e3dea3e91bea1bed2bea5beb53e223e2e*74b8
RX # PAI1,TRAIN,1679,4237
TX PAI1,TRAIN,1680,4,3c9e3dde3d513dc33af4bdf63dd43e173d683d07bc13bd12*346d
RX # PAI1,TRAIN,1680,4237
TX PAI1,TRAIN,1681,3,bdc9bea8bdccbe5a3c65bed3bbb53d75be52be1c3e4d3ea1*32d3
RX # PAI1,TRAIN,1681,4244
TX PAI1,TRAIN,1682,2,3f6ebe9dbf4abe953efb3f0c3ed33f033e8f3eafbeacbe57*733a
RX # PAI1,TRAIN,1682,4248
TX PAI1,TRAIN,1683,4,3d573e8c3e9a3eadbd1bbe1a3d063cdb3da33d1a3d8ebc62*e262
RX # PAI1,TRAIN,1683,4240
TX PAI1,TRAIN,1684,2,bed7be75be9abf043f093f033ef43e763c383e5ebec7be87*52c7
RX # PAI1,TRAIN,1684,4248
TX PAI1,TRAIN,1685,4,3d673df2bb853ca5be00be1ebd033ed73d4c3d393d263da0*950f
RX # PAI1,TRAIN,1685,4239
TX PAI1,TRAIN,1686,4,bcc0be11be57be7cbe23bda63dcf3cc9bcc63c3bbd7f3c55*460a
RX # PAI1,TRAIN,1686,4245
TX PAI1,TRAIN,1687,1,bd4cbec93e4d3cf5bd733da2becdbe8dbeddbedd3e943e4c*ae2a
RX # PAI1,TRAIN,1687,4239
TX PAI1,TRAIN,1688,3,3e02be77be11be4abf04beb73e773d71be11bcb43c023da9*04aa
RX # PAI1,TRAIN,1688,4238
TX PAI1,TRAIN,1689,2,bf25be8dbf22bf4c3f4d3f0a3f24be383fb53f96bff2bff7*6914
RX # PAI1,TRAIN,1689,4248
TX PAI1,TRAIN,1690,1,bdb3be183e523d59bde73e3dbecbbf02bec2becd3e913e4a*55e4
RX # PAI1,TRAIN,1690,4248
TX PAI1,TRAIN,1691,3,3eb4bc91be67bbe83e2ebef6bd253e983da73d4f3e5e3eb9*c16e
RX # PAI1,TRAIN,1691,4248
TX PAI1,TRAIN,1692,3,3e1abf2abf08beee3e48bee43f223e8e3c653e6a3d283ec2*820e
RX # PAI1,TRAIN,1692,4238
TX PAI1,TRAIN,1693,3,3ddabe8ebecdbeb7be86be503edc3ee53e463eafbe3d3d47*f45a
RX # PAI1,TRAIN,1693,4239
TX PAI1,TRAIN,1694,3,bdd43ea3be11bc38bd22beb3be8cbde7bde6be20bc53bdcb*4943
RX # PAI1,TRAIN,1694,4249
TX PAI1,TRAIN,1695,4,3ede3caa3ebd3ed3bf41be4bbcf6be1e3e183da53d9cbc40*bcb4
RX # PAI1,TRAIN,1695,4239
TX PAI1,TRAIN,1696,4,3e4a3ed63e283ea7bc4dbe21bddb3b5bbc0cbd913df23bed*6322
RX # PAI1,TRAIN,1696,4239
TX PAI1,TRAIN,1697,1,bea3be0ebccbbdab3e913e2dbee3bee1bec5bed23e6d3e2f*99dc
RX # PAI1,TRAIN,1697,4248
TX PAI1,TRAIN,1698,2,3d26bdd3beccbeb63d893f173ee33f0e3e5e3ea6beadbe4b*701e
RX # PAI1,TRAIN,1698,4245
TX PAI1,TRAIN,1699,4,be333e83bde1bdb43de5bdb5bd623e473d573d38bbdf3d4e*b03b
RX # PAI1,TRAIN,1699,4245
TX PAI1,TRAIN,1700,1,be56be75bd2abe623d013ebebe84bee7be55be803e0f3e30*41d2
RX # PAI1,TRAIN,1700,4246
TX PAI1,TRAIN,1701,1,be97bea83e0fbb303dd63e86be91bec4beb8beba3e863e54*71ba
RX # PAI1,TRAIN,1701,4238
TX PAI1,TRAIN,1702,1,be37bdd43e19bcb5ba913e12beccbee2bef8bef83e8b3e2a*6d37
RX # PAI1,TRAIN,1702,4239
TX PAI1,TRAIN,1703,3,3ec23d373ea63ea1bf19beecbe17be853d89bcbb3dfa3d35*ae28
RX # PAI1,TRAIN,1703,4248
TX PAI1,TRAIN,1704,1,bebb3d99be97be8c3ee43eb0beb7beb3be98beac3e443e69*2a04
RX # PAI1,TRAIN,1704,4238
TX PAI1,TRAIN,1705,3,3d4b3efc3f073f03be5dbed63d78be063db33d853d3bbddd*4cd2
RX # PAI1,TRAIN,1705,4249
TX PAI1,TRAIN,1706,1,be93bd613e7f3e0f3db53e6cbe96bf11beafbeb53e813e10*2e21
RX # PAI1,TRAIN,1706,4237
TX PAI1,TRAIN,1707,4,3ec63f863ed73f31bf30be95be1cbc903deb3c9c3d36be57*e876
RX # PAI1,TRAIN,1707,4246
TX PAI1,TRAIN,1708,2,becabf12bd82be453f023e9a3f013efb3efd3f0fbe113e27*8eed
RX # PAI1,TRAIN,1708,4247
TX PAI1,TRAIN,1709,4,bb273e01bde4bda03c07bdccbd493e0dbd08bd813d2c3d81*90ed
RX # PAI1,TRAIN,1709,4239
TX PAI1,TRAIN,1710,1,bec3bc33be33be803ec23ebdbe89bed1be91be9b3e243e40*5ed8
RX # PAI1,TRAIN,1710,4237
TX PAI1,TRAIN,1711,4,be70bdafbe24be633da0bdb5be463e0abcc5bd6abd0d3c0e*e0f2
RX # PAI1,TRAIN,1711,4249
TX PAI1,TRAIN,1712,4,3e833ead3e863ea5beedbe68bdc3be2bbcbcbda13d7dbda7*e8d3
RX # PAI1,TRAIN,1712,4238
TX PAI1,TRAIN,1713,3,bbcf3f303e203e94be75bec9be1dbc173d9b3b413cb5bdae*e026
RX # PAI1,TRAIN,1713,4239
TX PAI1,TRAIN,1714,1,becfbef1bd2dbe733e7c3e95be03bec1bed7beb23dfb3dcd*ec82
RX # PAI1,TRAIN,1714,4247
TX PAI1,TRAIN,1715,2,be743e7c3dd83e5c3e1b3e2d3f533ec83f303f4bbe62bb08*742e
RX # PAI1,TRAIN,1715,4243
TX PAI1,TRAIN,1716,2,3f033f183f843f67bec83e7e3e733f1e3eaf3e9f3d63bdff*7e7c
RX # PAI1,TRAIN,1716,4238
TX PAI1,TRAIN,1717,1,be8f3df63e223df23eac3e98be9fbec4be85be9a3e9c3e83*b695
RX # PAI1,TRAIN,1717,4240
TX PAI1,TRAIN,1718,1,bebb3d99be97be8c3ee43eb0beb7beb3be98beac3e443e69*b2ba
RX # PAI1,TRAIN,1718,4241
TX PAI1,TRAIN,1719,4,3e4a3ed63e283ea7bc4dbe21bddb3b5bbc0cbd913df23bed*5aa3
RX # PAI1,TRAIN,1719,4238
TX PAI1,TRAIN,1720,4,3e833ead3e863ea5beedbe68bdc3be2bbcbcbda13d7dbda7*9e76
RX # PAI1,TRAIN,1720,4245
TX PAI1,TRAIN,1721,2,3d26bdd3beccbeb63d893f173ee33f0e3e5e3ea6beadbe4b*c21b
RX # PAI1,TRAIN,1721,4238
TX PAI1,TRAIN,1722,3,bbcf3f303e203e94be75bec9be1dbc173d9b3b413cb5bdae*1b43
RX # PAI1,TRAIN,1722,4238
TX PAI1,TRAIN,1723,3,3d4b3efc3f073f03be5dbed63d78be063db33d853d3bbddd*48aa
RX # PAI1,TRAIN,1723,4246
TX PAI1,TRAIN,1724,3,3c2f3df43e5b3d5bbeacbeadbe8cbe26bd7bbe09bd91be50*81bc
RX # PAI1,TRAIN,1724,4239
TX PAI1,TRAIN,1725,3,3eb4bc91be67bbe83e2ebef6bd253e983da73d4f3e5e3eb9*1f69
RX # PAI1,TRAIN,1725,4238
TX PAI1,TRAIN,1726,1,be93bd613e7f3e0f3db53e6cbe96bf11beafbeb53e813e10*21f8
RX # PAI1,TRAIN,1726,4240
TX PAI1,TRAIN,1727,4,3ec63f863ed73f31bf30be95be1cbc903deb3c9c3d36be57*e7af
RX # PAI1,TRAIN,1727,4247
TX PAI1,TRAIN,1728,2,bf19be39beb8befb3f1b3eec3ecb3e9d3db23e79beadbe3c*7406
RX # PAI1,TRAIN,1728,4244
TX PAI1,TRAIN,1729,1,becfbef1bd2dbe733e7c3e95be03bec1bed7beb23dfb3dcd*00a5
RX # PAI1,TRAIN,1729,4246
TX PAI1,TRAIN,1730,1,be56be75bd2abe623d013ebebe84bee7be55be803e0f3e30*c1f7
RX # PAI1,TRAIN,1730,4238
TX PAI1,TRAIN,1731,3,bdc9bea8bdccbe5a3c65bed3bbb53d75be52be1c3e4d3ea1*11f5
RX # PAI1,TRAIN,1731,4246
TX PAI1,TRAIN,1732,4,be333e83bde1bdb43de5bdb5bd623e473d573d38bbdf3d4e*7b42
RX # PAI1,TRAIN,1732,4240
TX PAI1,TRAIN,1733,4,be70bdafbe24be633da0bdb5be463e0abcc5bd6abd0d3c0e*19ab
RX # PAI1,TRAIN,1733,4249
TX PAI1,TRAIN,1734,2,3f033f183f843f67bec83e7e3e733f1e3eaf3e9f3d63bdff*8725
RX # PAI1,TRAIN,1734,4248
TX PAI1,TRAIN,1735,1,bec3bc33be33be803ec23ebdbe89bed1be91be9b3e243e40*d760
RX # PAI1,TRAIN,1735,4239
TX PAI1,TRAIN,1736,4,bcc0be11be57be7cbe23bda63dcf3cc9bcc63c3bbd7f3c55*652c
RX # PAI1,TRAIN,1736,4248
TX PAI1,TRAIN,1737,1,be37bdd43e19bcb5ba913e12beccbee2bef8bef83e8b3e2a*6b73
RX # PAI1,TRAIN,1737,4248
TX PAI1,TRAIN,1738,2,3f3ebea5beb63e45bd933f033f2a3f273f1b3f22be76bde0*894f
RX # PAI1,TRAIN,1738,4239
TX PAI1,TRAIN,1739,4,3ede3caa3ebd3ed3bf41be4bbcf6be1e3e183da53d9cbc40*072c
RX # PAI1,TRAIN,1739,4249
TX PAI1,TRAIN,1740,3,3ea23eb53eff3f04be7ebeddbeb9be1abdd3be283d93be45*3c2f
RX # PAI1,TRAIN,1740,4239
TX PAI1,TRAIN,1741,3,3dc83e6f3efd3ed6be9bbed2be6ebe04bdb8be153d8dbe16*22dd
RX # PAI1,TRAIN,1741,4248
TX PAI1,TRAIN,1742,1,be8f3df63e223df23eac3e98be9fbec4be85be9a3e9c3e83*a0ba
RX # PAI1,TRAIN,1742,4246
TX PAI1,TRAIN,1743,1,bdb3be183e523d59bde73e3dbecbbf02bec2becd3e913e4a*eb69
RX # PAI1,TRAIN,1743,4239
TX PAI1,TRAIN,1744,1,be97bea83e0fbb303dd63e86be91bec4beb8beba3e863e54*e869
RX # PAI1,TRAIN,1744,4248
TX PAI1,TRAIN,1745,4,3d573e8c3e9a3eadbd1bbe1a3d063cdb3da33d1a3d8ebc62*5572
RX # PAI1,TRAIN,1745,4249
TX PAI1,TRAIN,1746,2,3f6ebe9dbf4abe953efb3f0c3ed33f033e8f3eafbeacbe57*32aa
RX # PAI1,TRAIN,1746,4244
TX PAI1,TRAIN,1747,3,bdd43ea3be11bc38bd22beb3be8cbde7bde6be20bc53bdcb*f7ce
RX # PAI1,TRAIN,1747,4240
TX PAI1,TRAIN,1748,2,bf25be8dbf22bf4c3f4d3f0a3f24be383fb53f96bff2bff7*aee5
RX # PAI1,TRAIN,1748,4248
TX PAI1,TRAIN,1749,1,bd4cbec93e4d3cf5bd733da2becdbe8dbeddbedd3e943e4c*f359
RX # PAI1,TRAIN,1749,4240
TX PAI1,TRAIN,1750,2,bed7be75be9abf043f093f033ef43e763c383e5ebec7be87*9cab
RX # PAI1,TRAIN,1750,4248
TX PAI1,TRAIN,1751,4,3e9f398dbe2dbdcbbdd2be193d493e24bd8abd893d273d8b*a4ad
RX # PAI1,TRAIN,1751,4238
TX PAI1,TRAIN,1752,2,becabf12bd82be453f023e9a3f013efb3efd3f0fbe113e27*0240
RX # PAI1,TRAIN,1752,4238
TX PAI1,TRAIN,1753,1,bea3be0ebccbbdab3e913e2dbee3bee1bec5bed23e6d3e2f*d84c
RX # PAI1,TRAIN,1753,4240
TX PAI1,TRAIN,1754,3,3e1abf2abf08beee3e48bee43f223e8e3c653e6a3d283ec2*351e
RX # PAI1,TRAIN,1754,4239
TX PAI1,TRAIN,1755,4,3c9e3dde3d513dc33af4bdf63dd43e173d683d07bc13bd12*8141
RX # PAI1,TRAIN,1755,4248
TX PAI1,TRAIN,1756,2,be743e7c3dd83e5c3e1b3e2d3f533ec83f303f4bbe62bb08*e65c
RX # PAI1,TRAIN,1756,4246
TX PAI1,TRAIN,1757,1,be63be03be26be8e3dea3e91bea1bed2bea5beb53e223e2e*06c4
RX # PAI1,TRAIN,1757,4238
TX PAI1,TRAIN,1758,3,3ddabe8ebecdbeb7be86be503edc3ee53e463eafbe3d3d47*2f48
RX # PAI1,TRAIN,1758,4249
TX PAI1,TRAIN,1759,4,3d673df2bb853ca5be00be1ebd033ed73d4c3d393d263da0*b100
RX # PAI1,TRAIN,1759,4246
TX PAI1,TRAIN,1760,4,bb273e01bde4bda03c07bdccbd493e0dbd08bd813d2c3d81*11a5
RX # PAI1,TRAIN,1760,4249
TX PAI1,TRAIN,1761,3,3e02be77be11be4abf04beb73e773d71be11bcb43c023da9*26e1
RX # PAI1,TRAIN,1761,4248
TX PAI1,TRAIN,1762,3,3ef8be5fbd933d1dbd0ebecebe483ea1bdc5bdb83e853eab*d127
RX # PAI1,TRAIN,1762,4247
TX PAI1,TRAIN,1763,3,3ec23d373ea63ea1bf19beecbe17be853d89bcbb3dfa3d35*be43
RX # PAI1,TRAIN,1763,4240
TX PAI1,TRAIN,1764,2,3d26bdd3beccbeb63d893f173ee33f0e3e5e3ea6beadbe4b*5bc8
RX # PAI1,TRAIN,1764,4239
TX PAI1,TRAIN,1765,1,bdb3be183e523d59bde73e3dbecbbf02bec2becd3e913e4a*ef11
RX # PAI1,TRAIN,1765,4239
TX PAI1,TRAIN,1766,4,3e833ead3e863ea5beedbe68bdc3be2bbcbcbda13d7dbda7*8a65
RX # PAI1,TRAIN,1766,4239
TX PAI1,TRAIN,1767,2,3f6ebe9dbf4abe953efb3f0c3ed33f033e8f3eafbeacbe57*4633
RX # PAI1,TRAIN,1767,4238
TX PAI1,TRAIN,1768,3,3eb4bc91be67bbe83e2ebef6bd253e983da73d4f3e5e3eb9*6cd9
RX # PAI1,TRAIN,1768,4238
TX PAI1,TRAIN,1769,2,becabf12bd82be453f023e9a3f013efb3efd3f0fbe113e27*e5c6
RX # PAI1,TRAIN,1769,4249
TX PAI1,TRAIN,1770,3,3c2f3df43e5b3d5bbeacbeadbe8cbe26bd7bbe09bd91be50*ecd3
RX # PAI1,TRAIN,1770,4250
TX PAI1,TRAIN,1771,3,3e02be77be11be4abf04beb73e773d71be11bcb43c023da9*a91d
RX # PAI1,TRAIN,1771,4239
TX PAI1,TRAIN,1772,3,bbcf3f303e203e94be75bec9be1dbc173d9b3b413cb5bdae*8b0d
RX # PAI1,TRAIN,1772,4238
TX PAI1,TRAIN,1773,3,bdc9bea8bdccbe5a3c65bed3bbb53d75be52be1c3e4d3ea1*f8c7
RX # PAI1,TRAIN,1773,4246
TX PAI1,TRAIN,1774,3,3dc83e6f3efd3ed6be9bbed2be6ebe04bdb8be153d8dbe16*2499
RX # PAI1,TRAIN,1774,4239
TX PAI1,TRAIN,1775,2,be743e7c3dd83e5c3e1b3e2d3f533ec83f303f4bbe62bb08*6445
RX # PAI1,TRAIN,1775,4248
TX PAI1,TRAIN,1776,1,bec3bc33be33be803ec23ebdbe89bed1be91be9b3e243e40*4512
RX # PAI1,TRAIN,1776,4247
TX PAI1,TRAIN,1777,2,bed7be75be9abf043f093f033ef43e763c383e5ebec7be87*e393
RX # PAI1,TRAIN,1777,4238
TX PAI1,TRAIN,1778,1,be63be03be26be8e3dea3e91bea1bed2bea5beb53e223e2e*939f
RX # PAI1,TRAIN,1778,4240
TX PAI1,TRAIN,1779,1,be56be75bd2abe623d013ebebe84bee7be55be803e0f3e30*4f66
RX # PAI1,TRAIN,1779,4239
TX PAI1,TRAIN,1780,1,be97bea83e0fbb303dd63e86be91bec4beb8beba3e863e54*359e
RX # PAI1,TRAIN,1780,4240
TX PAI1,TRAIN,1781,4,be333e83bde1bdb43de5bdb5bd623e473d573d38bbdf3d4e*49c3
RX # PAI1,TRAIN,1781,4248
TX PAI1,TRAIN,1782,3,3ef8be5fbd933d1dbd0ebecebe483ea1bdc5bdb83e853eab*fe28
RX # PAI1,TRAIN,1782,4240
TX PAI1,TRAIN,1783,1,be37bdd43e19bcb5ba913e12beccbee2bef8bef83e8b3e2a*2913
RX # PAI1,TRAIN,1783,4239
TX PAI1,TRAIN,1784,1,be8f3df63e223df23eac3e98be9fbec4be85be9a3e9c3e83*8bcd
RX # PAI1,TRAIN,1784,4240
TX PAI1,TRAIN,1785,4,3d573e8c3e9a3eadbd1bbe1a3d063cdb3da33d1a3d8ebc62*75a4
RX # PAI1,TRAIN,1785,4240
TX PAI1,TRAIN,1786,2,bf19be39beb8befb3f1b3eec3ecb3e9d3db23e79beadbe3c*a579
RX # PAI1,TRAIN,1786,4246
TX PAI1,TRAIN,1787,2,3f033f183f843f67bec83e7e3e733f1e3eaf3e9f3d63bdff*b5a4
RX # PAI1,TRAIN,1787,4238
TX PAI1,TRAIN,1788,4,bcc0be11be57be7cbe23bda63dcf3cc9bcc63c3bbd7f3c55*3baf
RX # PAI1,TRAIN,1788,4239
TX PAI1,TRAIN,1789,4,3e9f398dbe2dbdcbbdd2be193d493e24bd8abd893d273d8b*e1e4
RX # PAI1,TRAIN,1789,4245
TX PAI1,TRAIN,1790,4,be70bdafbe24be633da0bdb5be463e0abcc5bd6abd0d3c0e*a4d6
RX # PAI1,TRAIN,1790,4239
TX PAI1,TRAIN,1791,4,3ede3caa3ebd3ed3bf41be4bbcf6be1e3e183da53d9cbc40*ddf2
RX # PAI1,TRAIN,1791,4248
TX PAI1,TRAIN,1792,4,3e4a3ed63e283ea7bc4dbe21bddb3b5bbc0cbd913df23bed*0264
RX # PAI1,TRAIN,1792,4245
TX PAI1,TRAIN,1793,1,bd4cbec93e4d3cf5bd733da2becdbe8dbeddbedd3e943e4c*4090
RX # PAI1,TRAIN,1793,4245
TX PAI1,TRAIN,1794,3,3ec23d373ea63ea1bf19beecbe17be853d89bcbb3dfa3d35*6e51
RX # PAI1,TRAIN,1794,4238
TX PAI1,TRAIN,1795,4,3ec63f863ed73f31bf30be95be1cbc903deb3c9c3d36be57*ae6e
RX # PAI1,TRAIN,1795,4238
TX PAI1,TRAIN,1796,1,bea3be0ebccbbdab3e913e2dbee3bee1bec5bed23e6d3e2f*7efb
RX # PAI1,TRAIN,1796,4246
TX PAI1,TRAIN,1797,3,3d4b3efc3f073f03be5dbed63d78be063db33d853d3bbddd*0aca
RX # PAI1,TRAIN,1797,4246
TX PAI1,TRAIN,1798,4,bb273e01bde4bda03c07bdccbd493e0dbd08bd813d2c3d81*5b35
RX # PAI1,TRAIN,1798,4244
TX PAI1,TRAIN,1799,4,3d673df2bb853ca5be00be1ebd033ed73d4c3d393d263da0*91d6
RX # PAI1,TRAIN,1799,4239
TX PAI1,TRAIN,1800,3,3ea23eb53eff3f04be7ebeddbeb9be1abdd3be283d93be45*6577
RX # PAI1,TRAIN,1800,4246
TX PAI1,TRAIN,1801,3,3ddabe8ebecdbeb7be86be503edc3ee53e463eafbe3d3d47*68cf
RX # PAI1,TRAIN,1801,4248
TX PAI1,TRAIN,1802,1,be93bd613e7f3e0f3db53e6cbe96bf11beafbeb53e813e10*95ea
RX # PAI1,TRAIN,1802,4240
TX PAI1,TRAIN,1803,1,becfbef1bd2dbe733e7c3e95be03bec1bed7beb23dfb3dcd*5575
RX # PAI1,TRAIN,1803,4248
TX PAI1,TRAIN,1804,2,3f3ebea5beb63e45bd933f033f2a3f273f1b3f22be76bde0*58c2
RX # PAI1,TRAIN,1804,4238
TX PAI1,TRAIN,1805,3,3e1abf2abf08beee3e48bee43f223e8e3c653e6a3d283ec2*98fa
RX # PAI1,TRAIN,1805,4239
TX PAI1,TRAIN,1806,1,bebb3d99be97be8c3ee43eb0beb7beb3be98beac3e443e69*9a6e
RX # PAI1,TRAIN,1806,4239
TX PAI1,TRAIN,1807,4,3c9e3dde3d513dc33af4bdf63dd43e173d683d07bc13bd12*a165
RX # PAI1,TRAIN,1807,4238
TX PAI1,TRAIN,1808,2,bf25be8dbf22bf4c3f4d3f0a3f24be383fb53f96bff2bff7*f7bd
RX # PAI1,TRAIN,1808,4249
TX PAI1,TRAIN,1809,3,bdd43ea3be11bc38bd22beb3be8cbde7bde6be20bc53bdcb*4f54
RX # PAI1,TRAIN,1809,4246
TX PAI1,TRAIN,1810,3,3c2f3df43e5b3d5bbeacbeadbe8cbe26bd7bbe09bd91be50*ba52
RX # PAI1,TRAIN,1810,4237
TX PAI1,TRAIN,1811,4,3ec63f863ed73f31bf30be95be1cbc903deb3c9c3d36be57*2ac1
RX # PAI1,TRAIN,1811,4248
TX PAI1,TRAIN,1812,4,be70bdafbe24be633da0bdb5be463e0abcc5bd6abd0d3c0e*2bd8
RX # PAI1,TRAIN,1812,4248
TX PAI1,TRAIN,1813,1,be8f3df63e223df23eac3e98be9fbec4be85be9a3e9c3e83*0d5e
RX # PAI1,TRAIN,1813,4238
TX PAI1,TRAIN,1814,3,bdc9bea8bdccbe5a3c65bed3bbb53d75be52be1c3e4d3ea1*dea7
RX # PAI1,TRAIN,1814,4247
TX PAI1,TRAIN,1815,1,becfbef1bd2dbe733e7c3e95be03bec1bed7beb23dfb3dcd*d128
RX # PAI1,TRAIN,1815,4247
TX PAI1,TRAIN,1816,1,be97bea83e0fbb303dd63e86be91bec4beb8beba3e863e54*c84d
RX # PAI1,TRAIN,1816,4248
TX PAI1,TRAIN,1817,1,bebb3d99be97be8c3ee43eb0beb7beb3be98beac3e443e69*6ed2
RX # PAI1,TRAIN,1817,4237
TX PAI1,TRAIN,1818,3,bbcf3f303e203e94be75bec9be1dbc173d9b3b413cb5bdae*c16f
RX # PAI1,TRAIN,1818,4237
TX PAI1,TRAIN,1819,2,3f6ebe9dbf4abe953efb3f0c3ed33f033e8f3eafbeacbe57*7e8c
RX # PAI1,TRAIN,1819,4243
TX PAI1,TRAIN,1820,3,bdd43ea3be11bc38bd22beb3be8cbde7bde6be20bc53bdcb*d1ae
RX # PAI1,TRAIN,1820,4244
TX PAI1,TRAIN,1821,3,3e02be77be11be4abf04beb73e773d71be11bcb43c023da9*7fb9
RX # PAI1,TRAIN,1821,4243
TX PAI1,TRAIN,1822,4,3c9e3dde3d513dc33af4bdf63dd43e173d683d07bc13bd12*28dd
RX # PAI1,TRAIN,1822,4244
TX PAI1,TRAIN,1823,3,3eb4bc91be67bbe83e2ebef6bd253e983da73d4f3e5e3eb9*5222
RX # PAI1,TRAIN,1823,4239
TX PAI1,TRAIN,1824,1,bdb3be183e523d59bde73e3dbecbbf02bec2becd3e913e4a*cd09
RX # PAI1,TRAIN,1824,4240
TX PAI1,TRAIN,1825,1,bec3bc33be33be803ec23ebdbe89bed1be91be9b3e243e40*1e76
RX # PAI1,TRAIN,1825,4238
TX PAI1,TRAIN,1826,1,be56be75bd2abe623d013ebebe84bee7be55be803e0f3e30*0340
RX # PAI1,TRAIN,1826,4237
TX PAI1,TRAIN,1827,3,3ef8be5fbd933d1dbd0ebecebe483ea1bdc5bdb83e853eab*0e1e
RX # PAI1,TRAIN,1827,4247
TX PAI1,TRAIN,1828,3,3ea23eb53eff3f04be7ebeddbeb9be1abdd3be283d93be45*80cd
RX # PAI1,TRAIN,1828,4244
TX PAI1,TRAIN,1829,1,bea3be0ebccbbdab3e913e2dbee3bee1bec5bed23e6d3e2f*1dd2
RX # PAI1,TRAIN,1829,4245
TX PAI1,TRAIN,1830,4,bcc0be11be57be7cbe23bda63dcf3cc9bcc63c3bbd7f3c55*2867
RX # PAI1,TRAIN,1830,4245
TX PAI1,TRAIN,1831,3,3dc83e6f3efd3ed6be9bbed2be6ebe04bdb8be153d8dbe16*fba0
RX # PAI1,TRAIN,1831,4246
TX PAI1,TRAIN,1832,2,3d26bdd3beccbeb63d893f173ee33f0e3e5e3ea6beadbe4b*86cd
RX # PAI1,TRAIN,1832,4247
TX PAI1,TRAIN,1833,3,3ddabe8ebecdbeb7be86be503edc3ee53e463eafbe3d3d47*1e6a
RX # PAI1,TRAIN,1833,4247
TX PAI1,TRAIN,1834,4,3e833ead3e863ea5beedbe68bdc3be2bbcbcbda13d7dbda7*aa41
RX # PAI1,TRAIN,1834,4240
TX PAI1,TRAIN,1835,4,3d673df2bb853ca5be00be1ebd033ed73d4c3d393d263da0*f0c3
RX # PAI1,TRAIN,1835,4248
TX PAI1,TRAIN,1836,4,3e4a3ed63e283ea7bc4dbe21bddb3b5bbc0cbd913df23bed*8912
RX # PAI1,TRAIN,1836,4245
TX PAI1,TRAIN,1837,3,3e1abf2abf08beee3e48bee43f223e8e3c653e6a3d283ec2*ee5f
RX # PAI1,TRAIN,1837,4246
TX PAI1,TRAIN,1838,3,3ec23d373ea63ea1bf19beecbe17be853d89bcbb3dfa3d35*0f44
RX # PAI1,TRAIN,1838,4238
TX PAI1,TRAIN,1839,4,3ede3caa3ebd3ed3bf41be4bbcf6be1e3e183da53d9cbc40*41c6
RX # PAI1,TRAIN,1839,4239
TX PAI1,TRAIN,1840,2,becabf12bd82be453f023e9a3f013efb3efd3f0fbe113e27*3dd6
RX # PAI1,TRAIN,1840,4244
TX PAI1,TRAIN,1841,4,3e9f398dbe2dbdcbbdd2be193d493e24bd8abd893d273d8b*6dbb
RX # PAI1,TRAIN,1841,4247
TX PAI1,TRAIN,1842,4,be333e83bde1bdb43de5bdb5bd623e473d573d38bbdf3d4e*a23f
RX # PAI1,TRAIN,1842,4248
TX PAI1,TRAIN,1843,1,be63be03be26be8e3dea3e91bea1bed2bea5beb53e223e2e*32f3
RX # PAI1,TRAIN,1843,4246
TX PAI1,TRAIN,1844,1,bd4cbec93e4d3cf5bd733da2becdbe8dbeddbedd3e943e4c*d9b1
RX # PAI1,TRAIN,1844,4246
TX PAI1,TRAIN,1845,4,3d573e8c3e9a3eadbd1bbe1a3d063cdb3da33d1a3d8ebc62*1398
RX # PAI1,TRAIN,1845,4245
TX PAI1,TRAIN,1846,2,be743e7c3dd83e5c3e1b3e2d3f533ec83f303f4bbe62bb08*2f4a
RX # PAI1,TRAIN,1846,4248
TX PAI1,TRAIN,1847,2,3f3ebea5beb63e45bd933f033f2a3f273f1b3f22be76bde0*cab0
RX # PAI1,TRAIN,1847,4247
TX PAI1,TRAIN,1848,2,bf25be8dbf22bf4c3f4d3f0a3f24be383fb53f96bff2bff7*e80f
RX # PAI1,TRAIN,1848,4249
TX PAI1,TRAIN,1849,2,bed7be75be9abf043f093f033ef43e763c383e5ebec7be87*c49e
RX # PAI1,TRAIN,1849,4247
TX PAI1,TRAIN,1850,2,3f033f183f843f67bec83e7e3e733f1e3eaf3e9f3d63bdff*2c85
RX # PAI1,TRAIN,1850,4239
TX PAI1,TRAIN,1851,2,bf19be39beb8befb3f1b3eec3ecb3e9d3db23e79beadbe3c*3c58
RX # PAI1,TRAIN,1851,4248
TX PAI1,TRAIN,1852,1,be93bd613e7f3e0f3db53e6cbe96bf11beafbeb53e813e10*05a4
RX # PAI1,TRAIN,1852,4237
TX PAI1,TRAIN,1853,1,be37bdd43e19bcb5ba913e12beccbee2bef8bef83e8b3e2a*c0d3
RX # PAI1,TRAIN,1853,4238
TX PAI1,TRAIN,1854,3,3d4b3efc3f073f03be5dbed63d78be063db33d853d3bbddd*e136
RX # PAI1,TRAIN,1854,4248
TX PAI1,TRAIN,1855,4,bb273e01bde4bda03c07bdccbd493e0dbd08bd813d2c3d81*510b
RX # PAI1,TRAIN,1855,4238
TX PAI1,PREDICT,1856,3c86bdd83ec53ec13d943d55bee2beb1bee0bee93ed43e6e*6072
RX # PAI1,PREDICT,1856,176,3f60,bcd0,3dd8,3d40
TX PAI1,PREDICT,1857,bea5be533db2bd2b3e3c3e97beb1bea6beb5bebc3e543e0e*973d
RX # PAI1,PREDICT,1857,185,3f68,3dc6,bdc5,3dc2
TX PAI1,PREDICT,1858,bdf1be953ea13e50bdd33e31bed2beb2bed8bee23ea03e21*f8ca
RX # PAI1,PREDICT,1858,175,3f6b,3c30,0000,3d9b
TX PAI1,PREDICT,1859,becbbef6be43bed33e2c3ec8beefbf00bedabee93e063e03*96c4
RX # PAI1,PREDICT,1859,184,3f8b,bca4,bdf6,3d89
TX PAI1,PREDICT,1860,bf25bcabbec2bf133f3e3f183f523eba3e1d3ef3bef4be71*2bb5
RX # PAI1,PREDICT,1860,185,3dc3,3f86,be6e,3d78
TX PAI1,PREDICT,1861,bf3fbe3dbf0cbf323f4c3f0c3ede3ecd3e783e97becabe21*5c87
RX # PAI1,PREDICT,1861,184,3e42,3f52,be68,3e53
TX PAI1,PREDICT,1862,bf3cbe11bf32bf503f263f133f4e3e6c3d063eebbefebe33*99f4
RX # PAI1,PREDICT,1862,186,3e50,3f58,be17,3db0
TX PAI1,PREDICT,1863,3e723e2d3e7f3ea8bedabec5be24bd583e1a3d6e3d26bd33*b4af
RX # PAI1,PREDICT,1863,182,3b50,bd2a,3f17,3ee0
TX PAI1,PREDICT,1864,3e9d3c443ecd3eeebf26bed53e363ea93e6f3e5e3ce6bd0c*6563
RX # PAI1,PREDICT,1864,175,be92,3e3d,3f25,3ee5
TX PAI1,PREDICT,1865,3e84bf08be91bed3bca0bedabe833d02bdfbbe173e803ef5*7570
RX # PAI1,PREDICT,1865,176,3e5e,be9c,3f50,3e89
TX PAI1,PREDICT,1866,be32be653df0be643e17beb7be3fbdb8be20be213e513ea4*4545
RX # PAI1,PREDICT,1866,183,3e8a,be16,3f2e,3e39
TX PAI1,PREDICT,1867,3e043f083e813eb2be5bbe2abe57bdf1bd6abdda3df1bcaf*4558
RX # PAI1,PREDICT,1867,184,3e4b,3bf0,3e96,3efc
TX PAI1,PREDICT,1868,3d8d3fc13ecd3f51be9ebec3bdd53eac3d843d1dbd97bedd*aac4
RX # PAI1,PREDICT,1868,176,beec,3e0e,3ea4,3f7b
TX PAI1,PREDICT,1869,3e7b3e803d193e2cbe97be3fbbdebcfd3d613c8e3b12bd6b*f460
RX # PAI1,PREDICT,1869,176,3d7b,3d92,3ed2,3ee2
TX PAI1,INIT,1870,12,64,1,1*31b2
RX # PAI1,INIT,1870,12,64,4
TX PAI1,TRAIN,1871,1,bdaabe863e9d3e41bddd3e25bec2beb6bedbbee03ea33e26*3737
RX # PAI1,TRAIN,1871,4238
TX PAI1,TRAIN,1872,2,bf31be2bbf0abf1d3f3b3f053ed43ed43e8c3e9ebed4be31*e8dc
RX # PAI1,TRAIN,1872,4246
TX PAI1,TRAIN,1873,1,be7ebd593e783e073d913e5ebe8abf15beafbeb33e843e14*c0bf
RX # PAI1,TRAIN,1873,4244
TX PAI1,TRAIN,1874,2,bf17bcbabec0bf023f2f3f103f463ec03e383efbbeffbe83*9532
RX # PAI1,TRAIN,1874,4248
TX PAI1,TRAIN,1875,3,3ebdbca3be663a273e17beefbd053e9e3dd63d793e613ec3*5ddc
RX # PAI1,TRAIN,1875,4245
TX PAI1,TRAIN,1876,3,3e08be80becbbea0be83be4d3ed23eec3e643eb6be493d3f*46c6
RX # PAI1,TRAIN,1876,4238
TX PAI1,TRAIN,1877,2,3f063f053f823f51bec03e6f3e6a3f233ec23ea63d59be0d*8a09
RX # PAI1,TRAIN,1877,4246
TX PAI1,TRAIN,1878,3,3e1cbe5fbe11be2ebefdbeb23e6e3d80be07bc4f3b6e3da9*f99c
RX # PAI1,TRAIN,1878,4247
TX PAI1,TRAIN,1879,4,3d473dbb3d443dbdbc21bdf73dd23e1e3da03d30bc64bd31*5a3e
RX # PAI1,TRAIN,1879,4246
TX PAI1,TRAIN,1880,4,3bf8be05be56be5abe24bdaa3dce3cdfbbea3caebd8e3c0c*ef9a
RX # PAI1,TRAIN,1880,4246
TX PAI1,TRAIN,1881,2,beb3bf02bd85be293eed3e913ef63f013f0a3f14be1b3e2c*6020
RX # PAI1,TRAIN,1881,4243
TX PAI1,TRAIN,1882,3,3e33bf18bf07bed23e2fbede3f1a3e933d083e773d1b3ecc*68c5
RX # PAI1,TRAIN,1882,4246
TX PAI1,TRAIN,1883,2,3f6dbe8dbf47be823ee53f053ec93f083ea03eb6beb5be6b*2cd5
RX # PAI1,TRAIN,1883,4245
TX PAI1,TRAIN,1884,1,bd5ebe0b3e4c3d5fbdf03e31bebcbf05bec4becb3e943e52*be41
RX # PAI1,TRAIN,1884,4248
TX PAI1,TRAIN,1885,3,3d263dcf3e553d60bea6bea9be80be28bd3dbe01bda0be63*ac1e
RX # PAI1,TRAIN,1885,4244
TX PAI1,TRAIN,1886,4,3e883e5e3d0c3e22be93be3dba61bcf43d9c3cdfbb17bd88*40b6
RX # PAI1,TRAIN,1886,4240
TX PAI1,TRAIN,1887,3,3dff3e4f3ef73ec3be96beccbe5abe06bd9cbe0d3d89be25*83b4
RX # PAI1,TRAIN,1887,4245
TX PAI1,TRAIN,1888,1,be3cbdf0be25be783dc23e89be94bed7bea5beb23e243e34*2f9d
RX # PAI1,TRAIN,1888,4238
TX PAI1,TRAIN,1889,4,3ea8bb83be2dbda7bddcbe193d543e2bbd58bd6f3d1b3d89*121e
RX # PAI1,TRAIN,1889,4247
TX PAI1,TRAIN,1890,3,3e843e153e783e9abed1bec0be15bd563e363d8c3d19bd54*d7e7
RX # PAI1,TRAIN,1890,4246
TX PAI1,TRAIN,1891,1,be82be973e0a3b963db03e7cbe86bec8beb9beb73e883e5c*7997
RX # PAI1,TRAIN,1891,4248
TX PAI1,TRAIN,1892,2,bf17be7ebf20bf353f3c3f033f1bbe3b3fc23f99bffbc004*94c9
RX # PAI1,TRAIN,1892,4248
TX PAI1,TRAIN,1893,4,3da53e743e963e9ebd40be193d143cf23dd23d433d8abca4*091b
RX # PAI1,TRAIN,1893,4247
TX PAI1,TRAIN,1894,1,3d3cbdc73ec13eb03d653d39bed2beb5bee3bee73ed93e79*52ee
RX # PAI1,TRAIN,1894,4246
TX PAI1,TRAIN,1895,4,3dad3dcdbbd43ccdbe03be1dbcc93ede3d913d633d193d9f*800e
RX # PAI1,TRAIN,1895,4244
TX PAI1,TRAIN,1896,2,3f3fbe94beb53e37bda13efa3f213f2c3f283f26be82bdfa*c294
RX # PAI1,TRAIN,1896,4243
TX PAI1,TRAIN,1897,1,be8fbe3f3daabcf93e233e8fbea3beaabeb5beba3e583e11*7ec4
RX # PAI1,TRAIN,1897,4247
TX PAI1,TRAIN,1898,3,3ecb3d113ea23e93bf11bee5be08be883db7bc5d3dfa3d2b*04f3
RX # PAI1,TRAIN,1898,4238
TX PAI1,TRAIN,1899,2,3d8ebdc4becabe9f3d513f103ed83f133e7d3eadbeb6be5e*67f0
RX # PAI1,TRAIN,1899,4246
TX PAI1,TRAIN,1900,2,bf0bbe28beb6bedd3f0e3ee03ec13ea33de23e83beb6be4e*cba1
RX # PAI1,TRAIN,1900,4240
TX PAI1,TRAIN,1901,1,be8ebe02bcdcbd8b3e823e21bed3bee6bec7becf3e723e35*0944
RX # PAI1,TRAIN,1901,4237
TX PAI1,TRAIN,1902,3,3effbe4abd963d29bd34bec8be373ea7bdaabda73e873eb3*9146
RX # PAI1,TRAIN,1902,4247
TX PAI1,TRAIN,1903,4,be0e3e64bde3bd933dbebdb8bd3e3e4f3d973d62bc3f3d46*2f63
RX # PAI1,TRAIN,1903,4248
TX PAI1,TRAIN,1904,2,be4d3e5a3dd03e4c3e043e223f483ecf3f3e3f50be6fbbf7*1057
RX # PAI1,TRAIN,1904,4247
TX PAI1,TRAIN,1905,3,3eab3e9d3ef93ef0be79bed7beabbe1dbdb9be203d8fbe57*e14a
RX # PAI1,TRAIN,1905,4245
TX PAI1,TRAIN,1906,4,3ee53c673eb83ec1bf37be49bcbabe203e343dbb3d98bc92*ff36
RX # PAI1,TRAIN,1906,4244
TX PAI1,TRAIN,1907,4,3e613ebb3e233e99bcbebe20bdc33bb13c19bd803df23b1d*db4b
RX # PAI1,TRAIN,1907,4238
TX PAI1,TRAIN,1908,1,be12bdc43e14bc53bc4e3e08bebdbee8befdbef63e8e3e30*7378
RX # PAI1,TRAIN,1908,4244
TX PAI1,TRAIN,1909,3,be0cbe4f3de7be453e01beb2be2ebdb9be17be193e543eac*d407
RX # PAI1,TRAIN,1909,4246
TX PAI1,TRAIN,1910,1,bea53d7dbe96be733ecf3ea7bea9beb7be97bea93e473e73*b80a
RX # PAI1,TRAIN,1910,4246
TX PAI1,TRAIN,1911,1,be743dd13e1d3de73e9b3e8fbe93bec9be83be983ea03e89*11a7
RX # PAI1,TRAIN,1911,4238
TX PAI1,TRAIN,1912,1,beb4bedbbe42beb93e153ebebedebf03beddbee73e063e07*12f4
RX # PAI1,TRAIN,1912,4248
TX PAI1,TRAIN,1913,2,bf2ebe04bf30bf393f183f0c3f433e753d593ef3bf05be44*d3c5
RX # PAI1,TRAIN,1913,4238
TX PAI1,TRAIN,1914,1,be2fbe5dbd31be433c933eb4be73beedbe4ebe793e103e37*dc2f
RX # PAI1,TRAIN,1914,4246
TX PAI1,TRAIN,1915,3,bd8e3e8ebe11bb49bd47beaebe80bdeabdcdbe19bc93bde4*5193
RX # PAI1,TRAIN,1915,4245
TX PAI1,TRAIN,1916,4,3ece3f6c3ed23f20bf27be92be0dbc833e0f3ced3d29be6a*a376
RX # PAI1,TRAIN,1916,4246
TX PAI1,TRAIN,1917,3,3e8fbef2be90beb9bcf4bed4be723d0ebde4be0f3e833f01*cfc7
RX # PAI1,TRAIN,1917,4247
TX PAI1,TRAIN,1918,4,3e1e3eef3e7d3ea3be58be28be45bdf4bd2cbdc93df1bce7*083b
RX # PAI1,TRAIN,1918,4245
TX PAI1,TRAIN,1919,4,3ce33ddbbde5bd81bb7cbdcebd263e13bc8abd5f3d1f3d7e*6e47
RX # PAI1,TRAIN,1919,4245
TX PAI1,TRAIN,1920,3,bd84be97bdcebe3c3ac1bece39a63d82be4bbe143e503ea9*5fbe
RX # PAI1,TRAIN,1920,4245
TX PAI1,TRAIN,1921,4,be48bda3be24be443d7bbdb8be343e0fbbe4bd46bd263b82*c933
RX # PAI1,TRAIN,1921,4245
TX PAI1,TRAIN,1922,4,3e8e3e963e833e97bee3be64bdacbe2ebbc0bd903d73bdbd*45ae
RX # PAI1,TRAIN,1922,4244
TX PAI1,TRAIN,1923,3,3d9f3edd3f043eeebe5abed03d80be083de33d9b3d2fbdf6*94a8
RX # PAI1,TRAIN,1923,4247
TX PAI1,TRAIN,1924,3,3ea73bcf3ec93ed9bf1ebecf3e313eaf3e873e6b3cc8bd2c*37ae
RX # PAI1,TRAIN,1924,4245
TX PAI1,TRAIN,1925,1,beacbc64be33be5e3eaf3eb3be7cbed6be8fbe983e253e47*75e2
RX # PAI1,TRAIN,1925,4244
TX PAI1,TRAIN,1926,2,bec0be5dbe99beea3efa3efa3ee83e7f3cf83e6bbed1be93*1d0a
RX # PAI1,TRAIN,1926,4244
TX PAI1,TRAIN,1927,1,bc91beb43e483d0abd893d92bebebe90bee0bedb3e973e54*9898
RX # PAI1,TRAIN,1927,4248
TX PAI1,TRAIN,1928,4,3dc63faa3ec93f3dbe9abebebdbc3eb23db13d46bda6beef*c28d
RX # PAI1,TRAIN,1928,4244
TX PAI1,TRAIN,1929,3,3cc53f1a3e1b3e88be71bec4be0ebbf73dc93c4f3c96bdc5*e99b
RX # PAI1,TRAIN,1929,4237
TX PAI1,TRAIN,1930,1,beb8bed7bd34be523e5f3e8dbdebbec6bedabeaf3dfb3dcf*0d1f
RX # PAI1,TRAIN,1930,4244
TX PAI1,TRAIN,1931,4,be0e3e64bde3bd933dbebdb8bd3e3e4f3d973d62bc3f3d46*59c6
RX # PAI1,TRAIN,1931,4244
TX PAI1,TRAIN,1932,3,3effbe4abd963d29bd34bec8be373ea7bdaabda73e873eb3*1163
RX # PAI1,TRAIN,1932,4237
TX PAI1,TRAIN,1933,1,bc91beb43e483d0abd893d92bebebe90bee0bedb3e973e54*ea45
RX # PAI1,TRAIN,1933,4248
TX PAI1,TRAIN,1934,3,bd8e3e8ebe11bb49bd47beaebe80bdeabdcdbe19bc93bde4*250a
RX # PAI1,TRAIN,1934,4245
TX PAI1,TRAIN,1935,2,3f3fbe94beb53e37bda13efa3f213f2c3f283f26be82bdfa*e38e
RX # PAI1,TRAIN,1935,4248
TX PAI1,TRAIN,1936,3,3ea73bcf3ec93ed9bf1ebecf3e313eaf3e873e6b3cc8bd2c*4ed2
RX # PAI1,TRAIN,1936,4249
TX PAI1,TRAIN,1937,4,3bf8be05be56be5abe24bdaa3dce3cdfbbea3caebd8e3c0c*bc5d
RX # PAI1,TRAIN,1937,4245
TX PAI1,TRAIN,1938,2,bf17bcbabec0bf023f2f3f103f463ec03e383efbbeffbe83*01a5
RX # PAI1,TRAIN,1938,4248
TX PAI1,TRAIN,1939,1,3d3cbdc73ec13eb03d653d39bed2beb5bee3bee73ed93e79*9236
RX # PAI1,TRAIN,1939,4247
TX PAI1,TRAIN,1940,1,be743dd13e1d3de73e9b3e8fbe93bec9be83be983ea03e89*faa9
RX # PAI1,TRAIN,1940,4247
TX PAI1,TRAIN,1941,3,3e08be80becbbea0be83be4d3ed23eec3e643eb6be493d3f*2a65
RX # PAI1,TRAIN,1941,4247
TX PAI1,TRAIN,1942,2,bf17be7ebf20bf353f3c3f033f1bbe3b3fc23f99bffbc004*a784
RX # PAI1,TRAIN,1942,4248
TX PAI1,TRAIN,1943,1,be82be973e0a3b963db03e7cbe86bec8beb9beb73e883e5c*bc5a
RX # PAI1,TRAIN,1943,4248
TX PAI1,TRAIN,1944,1,bd5ebe0b3e4c3d5fbdf03e31bebcbf05bec4becb3e943e52*02f0
RX # PAI1,TRAIN,1944,4247
TX PAI1,TRAIN,1945,4,3ce33ddbbde5bd81bb7cbdcebd263e13bc8abd5f3d1f3d7e*e94b
RX # PAI1,TRAIN,1945,4239
TX PAI1,TRAIN,1946,4,3dad3dcdbbd43ccdbe03be1dbcc93ede3d913d633d193d9f*3e83
RX # PAI1,TRAIN,1946,4246
TX PAI1,TRAIN,1947,2,bec0be5dbe99beea3efa3efa3ee83e7f3cf83e6bbed1be93*7621
RX # PAI1,TRAIN,1947,4248
TX PAI1,TRAIN,1948,4,be48bda3be24be443d7bbdb8be343e0fbbe4bd46bd263b82*487b
RX # PAI1,TRAIN,1948,4240
TX PAI1,TRAIN,1949,1,beb8bed7bd34be523e5f3e8dbdebbec6bedabeaf3dfb3dcf*03ab
RX # PAI1,TRAIN,1949,4239
TX PAI1,TRAIN,1950,1,be8ebe02bcdcbd8b3e823e21bed3bee6bec7becf3e723e35*e24a
RX # PAI1,TRAIN,1950,4244
TX PAI1,TRAIN,1951,2,bf0bbe28beb6bedd3f0e3ee03ec13ea33de23e83beb6be4e*20af
RX # PAI1,TRAIN,1951,4238
TX PAI1,TRAIN,1952,4,3e8e3e963e833e97bee3be64bdacbe2ebbc0bd903d73bdbd*da39
RX # PAI1,TRAIN,1952,4239
TX PAI1,TRAIN,1953,3,be0cbe4f3de7be453e01beb2be2ebdb9be17be193e543eac*58aa
RX # PAI1,TRAIN,1953,4247
TX PAI1,TRAIN,1954,4,3dc63faa3ec93f3dbe9abebebdbc3eb23db13d46bda6beef*4a58
RX # PAI1,TRAIN,1954,4239
TX PAI1,TRAIN,1955,1,beacbc64be33be5e3eaf3eb3be7cbed6be8fbe983e253e47*ea75
RX # PAI1,TRAIN,1955,4248
TX PAI1,TRAIN,1956,2,3d8ebdc4becabe9f3d513f103ed83f133e7d3eadbeb6be5e*41c3
RX # PAI1,TRAIN,1956,4237
TX PAI1,TRAIN,1957,1,beb4bedbbe42beb93e153ebebedebf03beddbee73e063e07*8b27
RX # PAI1,TRAIN,1957,4238
TX PAI1,TRAIN,1958,2,bf2ebe04bf30bf393f183f0c3f433e753d593ef3bf05be44*abd4
RX # PAI1,TRAIN,1958,4238
TX PAI1,TRAIN,1959,1,be7ebd593e783e073d913e5ebe8abf15beafbeb33e843e14*4fe2
RX # PAI1,TRAIN,1959,4248
TX PAI1,TRAIN,1960,2,3f063f053f823f51bec03e6f3e6a3f233ec23ea63d59be0d*e973
RX # PAI1,TRAIN,1960,4247
TX PAI1,TRAIN,1961,1,be12bdc43e14bc53bc4e3e08bebdbee8befdbef63e8e3e30*f230
RX # PAI1,TRAIN,1961,4248
TX PAI1,TRAIN,1962,3,3e33bf18bf07bed23e2fbede3f1a3e933d083e773d1b3ecc*dbad
RX # PAI1,TRAIN,1962,4246
TX PAI1,TRAIN,1963,4,3ece3f6c3ed23f20bf27be92be0dbc833e0f3ced3d29be6a*ba80
RX # PAI1,TRAIN,1963,4237
TX PAI1,TRAIN,1964,3,3e843e153e783e9abed1bec0be15bd563e363d8c3d19bd54*1652
RX # PAI1,TRAIN,1964,4238
TX PAI1,TRAIN,1965,3,3d263dcf3e553d60bea6bea9be80be28bd3dbe01bda0be63*1f76
RX # PAI1,TRAIN,1965,4245
TX PAI1,TRAIN,1966,4,3e613ebb3e233e99bcbebe20bdc33bb13c19bd803df23b1d*b060
RX # PAI1,TRAIN,1966,4248
TX PAI1,TRAIN,1967,4,3e883e5e3d0c3e22be93be3dba61bcf43d9c3cdfbb17bd88*889e
RX # PAI1,TRAIN,1967,4248
TX PAI1,TRAIN,1968,1,be3cbdf0be25be783dc23e89be94bed7bea5beb23e243e34*9cf5
RX # PAI1,TRAIN,1968,4246
TX PAI1,TRAIN,1969,2,bf31be2bbf0abf1d3f3b3f053ed43ed43e8c3e9ebed4be31*9ce4
RX # PAI1,TRAIN,1969,4247
TX PAI1,TRAIN,1970,3,3d9f3edd3f043eeebe5abed03d80be083de33d9b3d2fbdf6*8926
RX # PAI1,TRAIN,1970,4245
TX PAI1,TRAIN,1971,3,bd84be97bdcebe3c3ac1bece39a63d82be4bbe143e503ea9*b4b0
RX # PAI1,TRAIN,1971,4244
TX PAI1,TRAIN,1972,2,be4d3e5a3dd03e4c3e043e223f483ecf3f3e3f50be6fbbf7*8461
RX # PAI1,TRAIN,1972,4248
TX PAI1,TRAIN,1973,2,3f6dbe8dbf47be823ee53f053ec93f083ea03eb6beb5be6b*1041
RX # PAI1,TRAIN,1973,4239
TX PAI1,TRAIN,1974,3,3dff3e4f3ef73ec3be96beccbe5abe06bd9cbe0d3d89be25*32e0
RX # PAI1,TRAIN,1974,4247
TX PAI1,TRAIN,1975,3,3eab3e9d3ef93ef0be79bed7beabbe1dbdb9be203d8fbe57*7edd
RX # PAI1,TRAIN,1975,4245
TX PAI1,TRAIN,1976,1,bea53d7dbe96be733ecf3ea7bea9beb7be97bea93e473e73*a3c0
RX # PAI1,TRAIN,1976,4246
TX PAI1,TRAIN,1977,3,3cc53f1a3e1b3e88be71bec4be0ebbf73dc93c4f3c96bdc5*9817
RX # PAI1,TRAIN,1977,4249
TX PAI1,TRAIN,1978,4,3d473dbb3d443dbdbc21bdf73dd23e1e3da03d30bc64bd31*bd19
RX # PAI1,TRAIN,1978,4238
TX PAI1,TRAIN,1979,4,3ee53c673eb83ec1bf37be49bcbabe203e343dbb3d98bc92*fa23
RX # PAI1,TRAIN,1979,4247
TX PAI1,TRAIN,1980,1,be8fbe3f3daabcf93e233e8fbea3beaabeb5beba3e583e11*1dbe
RX # PAI1,TRAIN,1980,4248
TX PAI1,TRAIN,1981,4,3da53e743e963e9ebd40be193d143cf23dd23d433d8abca4*ec00
RX # PAI1,TRAIN,1981,4248
TX PAI1,TRAIN,1982,3,3e1cbe5fbe11be2ebefdbeb23e6e3d80be07bc4f3b6e3da9*d9eb
RX # PAI1,TRAIN,1982,4244
TX PAI1,TRAIN,1983,1,be2fbe5dbd31be433c933eb4be73beedbe4ebe793e103e37*1c56
RX # PAI1,TRAIN,1983,4248
TX PAI1,TRAIN,1984,3,3ebdbca3be663a273e17beefbd053e9e3dd63d793e613ec3*1a08
RX # PAI1,TRAIN,1984,4238
TX PAI1,TRAIN,1985,2,beb3bf02bd85be293eed3e913ef63f013f0a3f14be1b3e2c*0166
RX # PAI1,TRAIN,1985,4237
TX PAI1,TRAIN,1986,3,3ecb3d113ea23e93bf11bee5be08be883db7bc5d3dfa3d2b*f6aa
RX # PAI1,TRAIN,1986,4249
TX PAI1,TRAIN,1987,4,3ea8bb83be2dbda7bddcbe193d543e2bbd58bd6f3d1b3d89*6fbb
RX # PAI1,TRAIN,1987,4238
TX PAI1,TRAIN,1988,3,3e8fbef2be90beb9bcf4bed4be723d0ebde4be0f3e833f01*e5dd
RX # PAI1,TRAIN,1988,4248
TX PAI1,TRAIN,1989,4,3e1e3eef3e7d3ea3be58be28be45bdf4bd2cbdc93df1bce7*c3e3
RX # PAI1,TRAIN,1989,4248
TX PAI1,TRAIN,1990,1,bdaabe863e9d3e41bddd3e25bec2beb6bedbbee03ea33e26*ff1f
RX # PAI1,TRAIN,1990,4239
TX PAI1,TRAIN,1991,1,beb4bedbbe42beb93e153ebebedebf03beddbee73e063e07*a050
RX # PAI1,TRAIN,1991,4247
TX PAI1,TRAIN,1992,3,3e08be80becbbea0be83be4d3ed23eec3e643eb6be493d3f*088f
RX # PAI1,TRAIN,1992,4239
TX PAI1,TRAIN,1993,3,3d263dcf3e553d60bea6bea9be80be28bd3dbe01bda0be63*b424
RX # PAI1,TRAIN,1993,4247
TX PAI1,TRAIN,1994,2,3f6dbe8dbf47be823ee53f053ec93f083ea03eb6beb5be6b*4faf
RX # PAI1,TRAIN,1994,4240
TX PAI1,TRAIN,1995,1,be12bdc43e14bc53bc4e3e08bebdbee8befdbef63e8e3e30*afe2
RX # PAI1,TRAIN,1995,4239
TX PAI1,TRAIN,1996,4,3d473dbb3d443dbdbc21bdf73dd23e1e3da03d30bc64bd31*73d4
RX # PAI1,TRAIN,1996,4238
TX PAI1,TRAIN,1997,1,be7ebd593e783e073d913e5ebe8abf15beafbeb33e843e14*8ef6
RX # PAI1,TRAIN,1997,4246
TX PAI1,TRAIN,1998,3,be0cbe4f3de7be453e01beb2be2ebdb9be17be193e543eac*1fdf
RX # PAI1,TRAIN,1998,4238
TX PAI1,TRAIN,1999,3,bd84be97bdcebe3c3ac1bece39a63d82be4bbe143e503ea9*71dc
RX # PAI1,TRAIN,1999,4248
TX PAI1,TRAIN,2000,2,bf17bcbabec0bf023f2f3f103f463ec03e383efbbeffbe83*3b67
RX # PAI1,TRAIN,2000,4249
TX PAI1,TRAIN,2001,1,bdaabe863e9d3e41bddd3e25bec2beb6bedbbee03ea33e26*6443
RX # PAI1,TRAIN,2001,4247
TX PAI1,TRAIN,2002,1,beb8bed7bd34be523e5f3e8dbdebbec6bedabeaf3dfb3dcf*2b3e
RX # PAI1,TRAIN,2002,4247
TX PAI1,TRAIN,2003,1,be3cbdf0be25be783dc23e89be94bed7bea5beb23e243e34*bbb9
RX # PAI1,TRAIN,2003,4239
TX PAI1,TRAIN,2004,1,bc91beb43e483d0abd893d92bebebe90bee0bedb3e973e54*4a05
RX # PAI1,TRAIN,2004,4248
TX PAI1,TRAIN,2005,2,be4d3e5a3dd03e4c3e043e223f483ecf3f3e3f50be6fbbf7*3b93
RX # PAI1,TRAIN,2005,4238
TX PAI1,TRAIN,2006,2,3f3fbe94beb53e37bda13efa3f213f2c3f283f26be82bdfa*beef
RX # PAI1,TRAIN,2006,4237
TX PAI1,TRAIN,2007,3,3ea73bcf3ec93ed9bf1ebecf3e313eaf3e873e6b3cc8bd2c*e533
RX # PAI1,TRAIN,2007,4240
TX PAI1,TRAIN,2008,4,3bf8be05be56be5abe24bdaa3dce3cdfbbea3caebd8e3c0c*f67e
RX # PAI1,TRAIN,2008,4238
TX PAI1,TRAIN,2009,2,bf17be7ebf20bf353f3c3f033f1bbe3b3fc23f99bffbc004*8f11
RX # PAI1,TRAIN,2009,4247
TX PAI1,TRAIN,2010,4,3e883e5e3d0c3e22be93be3dba61bcf43d9c3cdfbb17bd88*376c
RX # PAI1,TRAIN,2010,4238
TX PAI1,TRAIN,2011,4,3e8e3e963e833e97bee3be64bdacbe2ebbc0bd903d73bdbd*18cf
RX # PAI1,TRAIN,2011,4248
TX PAI1,TRAIN,2012,4,3dad3dcdbbd43ccdbe03be1dbcc93ede3d913d633d193d9f*0368
RX # PAI1,TRAIN,2012,4248
TX PAI1,TRAIN,2013,4,3e613ebb3e233e99bcbebe20bdc33bb13c19bd803df23b1d*f912
RX # PAI1,TRAIN,2013,4238
TX PAI1,TRAIN,2014,3,3e1cbe5fbe11be2ebefdbeb23e6e3d80be07bc4f3b6e3da9*3256
RX # PAI1,TRAIN,2014,4248
TX PAI1,TRAIN,2015,1,3d3cbdc73ec13eb03d653d39bed2beb5bee3bee73ed93e79*da29
RX # PAI1,TRAIN,2015,4238
TX PAI1,TRAIN,2016,4,3e1e3eef3e7d3ea3be58be28be45bdf4bd2cbdc93df1bce7*b97d
RX # PAI1,TRAIN,2016,4238
TX PAI1,TRAIN,2017,3,3ebdbca3be663a273e17beefbd053e9e3dd63d793e613ec3*77d4
RX # PAI1,TRAIN,2017,4248
TX PAI1,TRAIN,2018,1,be8ebe02bcdcbd8b3e823e21bed3bee6bec7becf3e723e35*471f
RX # PAI1,TRAIN,2018,4249
TX PAI1,TRAIN,2019,3,3dff3e4f3ef73ec3be96beccbe5abe06bd9cbe0d3d89be25*1e0d
RX # PAI1,TRAIN,2019,4249
TX PAI1,TRAIN,2020,3,3e843e153e783e9abed1bec0be15bd563e363d8c3d19bd54*a445
RX # PAI1,TRAIN,2020,4248
TX PAI1,TRAIN,2021,1,bea53d7dbe96be733ecf3ea7bea9beb7be97bea93e473e73*13eb
RX # PAI1,TRAIN,2021,4248
TX PAI1,TRAIN,2022,4,3ea8bb83be2dbda7bddcbe193d543e2bbd58bd6f3d1b3d89*89e3
RX # PAI1,TRAIN,2022,4249
TX PAI1,TRAIN,2023,2,bec0be5dbe99beea3efa3efa3ee83e7f3cf83e6bbed1be93*cbef
RX # PAI1,TRAIN,2023,4247
TX PAI1,TRAIN,2024,2,bf0bbe28beb6bedd3f0e3ee03ec13ea33de23e83beb6be4e*69dd
RX # PAI1,TRAIN,2024,4239
TX PAI1,TRAIN,2025,2,3d8ebdc4becabe9f3d513f103ed83f133e7d3eadbeb6be5e*0310
RX # PAI1,TRAIN,2025,4240
TX PAI1,TRAIN,2026,2,beb3bf02bd85be293eed3e913ef63f013f0a3f14be1b3e2c*ec9f
RX # PAI1,TRAIN,2026,4238
TX PAI1,TRAIN,2027,4,3dc63faa3ec93f3dbe9abebebdbc3eb23db13d46bda6beef*088b
RX # PAI1,TRAIN,2027,4249
TX PAI1,TRAIN,2028,2,3f063f053f823f51bec03e6f3e6a3f233ec23ea63d59be0d*4c26
RX # PAI1,TRAIN,2028,4238
TX PAI1,TRAIN,2029,1,beacbc64be33be5e3eaf3eb3be7cbed6be8fbe983e253e47*3224
RX # PAI1,TRAIN,2029,4240
TX PAI1,TRAIN,2030,3,3effbe4abd963d29bd34bec8be373ea7bdaabda73e873eb3*b767
RX # PAI1,TRAIN,2030,4245
TX PAI1,TRAIN,2031,2,bf2ebe04bf30bf393f183f0c3f433e753d593ef3bf05be44*7a18
RX # PAI1,TRAIN,2031,4246
TX PAI1,TRAIN,2032,4,3ce33ddbbde5bd81bb7cbdcebd263e13bc8abd5f3d1f3d7e*56b9
RX # PAI1,TRAIN,2032,4249
TX PAI1,TRAIN,2033,4,3ee53c673eb83ec1bf37be49bcbabe203e343dbb3d98bc92*a9f6
RX # PAI1,TRAIN,2033,4238
TX PAI1,TRAIN,2034,4,3ece3f6c3ed23f20bf27be92be0dbc833e0f3ced3d29be6a*0aab
RX # PAI1,TRAIN,2034,4239
TX PAI1,TRAIN,2035,4,be48bda3be24be443d7bbdb8be343e0fbbe4bd46bd263b82*eb6a
RX # PAI1,TRAIN,2035,4238
TX PAI1,TRAIN,2036,3,3cc53f1a3e1b3e88be71bec4be0ebbf73dc93c4f3c96bdc5*ac61
RX # PAI1,TRAIN,2036,4237
TX PAI1,TRAIN,2037,1,bd5ebe0b3e4c3d5fbdf03e31bebcbf05bec4becb3e943e52*4023
RX # PAI1,TRAIN,2037,4247
TX PAI1,TRAIN,2038,3,3e33bf18bf07bed23e2fbede3f1a3e933d083e773d1b3ecc*0784
RX # PAI1,TRAIN,2038,4239
TX PAI1,TRAIN,2039,3,3ecb3d113ea23e93bf11bee5be08be883db7bc5d3dfa3d2b*83ed
RX # PAI1,TRAIN,2039,4239
TX PAI1,TRAIN,2040,1,be2fbe5dbd31be433c933eb4be73beedbe4ebe793e103e37*e1c4
RX # PAI1,TRAIN,2040,4248
TX PAI1,TRAIN,2041,4,3da53e743e963e9ebd40be193d143cf23dd23d433d8abca4*9c52
RX # PAI1,TRAIN,2041,4238
TX PAI1,TRAIN,2042,2,bf31be2bbf0abf1d3f3b3f053ed43ed43e8c3e9ebed4be31*a41a
RX # PAI1,TRAIN,2042,4240
TX PAI1,TRAIN,2043,4,be0e3e64bde3bd933dbebdb8bd3e3e4f3d973d62bc3f3d46*6055
RX # PAI1,TRAIN,2043,4238
TX PAI1,TRAIN,2044,3,bd8e3e8ebe11bb49bd47beaebe80bdeabdcdbe19bc93bde4*ea19
RX # PAI1,TRAIN,2044,4238
TX PAI1,TRAIN,2045,1,be8fbe3f3daabcf93e233e8fbea3beaabeb5beba3e583e11*eb8d
RX # PAI1,TRAIN,2045,4248
TX PAI1,TRAIN,2046,1,be82be973e0a3b963db03e7cbe86bec8beb9beb73e883e5c*6abf
RX # PAI1,TRAIN,2046,4248
TX PAI1,TRAIN,2047,3,3e8fbef2be90beb9bcf4bed4be723d0ebde4be0f3e833f01*0f0d
RX # PAI1,TRAIN,2047,4247
TX PAI1,TRAIN,2048,3,3d9f3edd3f043eeebe5abed03d80be083de33d9b3d2fbdf6*b3e4
RX # PAI1,TRAIN,2048,4246
TX PAI1,TRAIN,2049,3,3eab3e9d3ef93ef0be79bed7beabbe1dbdb9be203d8fbe57*b93e
RX # PAI1,TRAIN,2049,4237
TX PAI1,TRAIN,2050,1,be743dd13e1d3de73e9b3e8fbe93bec9be83be983ea03e89*25d1
RX # PAI1,TRAIN,2050,4249
TX PAI1,TRAIN,2051,3,3eab3e9d3ef93ef0be79bed7beabbe1dbdb9be203d8fbe57*dca1
RX # PAI1,TRAIN,2051,4247
TX PAI1,TRAIN,2052,3,3effbe4abd963d29bd34bec8be373ea7bdaabda73e873eb3*518c
RX # PAI1,TRAIN,2052,4247
TX PAI1,TRAIN,2053,4,3dc63faa3ec93f3dbe9abebebdbc3eb23db13d46bda6beef*6a3d
RX # PAI1,TRAIN,2053,4248
TX PAI1,TRAIN,2054,1,be7ebd593e783e073d913e5ebe8abf15beafbeb33e843e14*7364
RX # PAI1,TRAIN,2054,4238
TX PAI1,TRAIN,2055,3,3e33bf18bf07bed23e2fbede3f1a3e933d083e773d1b3ecc*7bed
RX # PAI1,TRAIN,2055,4248
TX PAI1,TRAIN,2056,3,3d9f3edd3f043eeebe5abed03d80be083de33d9b3d2fbdf6*ddda
RX # PAI1,TRAIN,2056,4239
TX PAI1,TRAIN,2057,2,bf31be2bbf0abf1d3f3b3f053ed43ed43e8c3e9ebed4be31*ad87
RX # PAI1,TRAIN,2057,4238
TX PAI1,TRAIN,2058,4,3dad3dcdbbd43ccdbe03be1dbcc93ede3d913d633d193d9f*0039
RX # PAI1,TRAIN,2058,4248
TX PAI1,TRAIN,2059,1,beb8bed7bd34be523e5f3e8dbdebbec6bedabeaf3dfb3dcf*dcd3
RX # PAI1,TRAIN,2059,4249
TX PAI1,TRAIN,2060,2,3d8ebdc4becabe9f3d513f103ed83f133e7d3eadbeb6be5e*9ac3
RX # PAI1,TRAIN,2060,4248
TX PAI1,TRAIN,2061,1,be8fbe3f3daabcf93e233e8fbea3beaabeb5beba3e583e11*1975
RX # PAI1,TRAIN,2061,4238
TX PAI1,TRAIN,2062,2,bec0be5dbe99beea3efa3efa3ee83e7f3cf83e6bbed1be93*af1d
RX # PAI1,TRAIN,2062,4238
TX PAI1,TRAIN,2063,3,be0cbe4f3de7be453e01beb2be2ebdb9be17be193e543eac*880b
RX # PAI1,TRAIN,2063,4247
TX PAI1,TRAIN,2064,1,bdaabe863e9d3e41bddd3e25bec2beb6bedbbee03ea33e26*f249
RX # PAI1,TRAIN,2064,4247
TX PAI1,TRAIN,2065,2,3f063f053f823f51bec03e6f3e6a3f233ec23ea63d59be0d*3f96
RX # PAI1,TRAIN,2065,4239
TX PAI1,TRAIN,2066,2,be4d3e5a3dd03e4c3e043e223f483ecf3f3e3f50be6fbbf7*a638
RX # PAI1,TRAIN,2066,4248
TX PAI1,TRAIN,2067,1,be12bdc43e14bc53bc4e3e08bebdbee8befdbef63e8e3e30*a915
RX # PAI1,TRAIN,2067,4244
TX PAI1,TRAIN,2068,3,3e8fbef2be90beb9bcf4bed4be723d0ebde4be0f3e833f01*9a56
RX # PAI1,TRAIN,2068,4238
TX PAI1,TRAIN,2069,3,3d263dcf3e553d60bea6bea9be80be28bd3dbe01bda0be63*58b0
RX # PAI1,TRAIN,2069,4238
TX PAI1,TRAIN,2070,3,3e843e153e783e9abed1bec0be15bd563e363d8c3d19bd54*340b
RX # PAI1,TRAIN,2070,4244
TX PAI1,TRAIN,2071,2,3f6dbe8dbf47be823ee53f053ec93f083ea03eb6beb5be6b*b645
RX # PAI1,TRAIN,2071,4249
TX PAI1,TRAIN,2072,1,be2fbe5dbd31be433c933eb4be73beedbe4ebe793e103e37*9761
RX # PAI1,TRAIN,2072,4238
TX PAI1,TRAIN,2073,4,3e883e5e3d0c3e22be93be3dba61bcf43d9c3cdfbb17bd88*aac7
RX # PAI1,TRAIN,2073,4238
TX PAI1,TRAIN,2074,4,3da53e743e963e9ebd40be193d143cf23dd23d433d8abca4*9a16
RX # PAI1,TRAIN,2074,4240
TX PAI1,TRAIN,2075,1,beb4bedbbe42beb93e153ebebedebf03beddbee73e063e07*22fa
RX # PAI1,TRAIN,2075,4238
TX PAI1,TRAIN,2076,3,3e1cbe5fbe11be2ebefdbeb23e6e3d80be07bc4f3b6e3da9*d4bd
RX # PAI1,TRAIN,2076,4243
TX PAI1,TRAIN,2077,4,3ee53c673eb83ec1bf37be49bcbabe203e343dbb3d98bc92*4b65
RX # PAI1,TRAIN,2077,4240
TX PAI1,TRAIN,2078,2,3f3fbe94beb53e37bda13efa3f213f2c3f283f26be82bdfa*c0ba
RX # PAI1,TRAIN,2078,4240
TX PAI1,TRAIN,2079,1,bd5ebe0b3e4c3d5fbdf03e31bebcbf05bec4becb3e943e52*be53
RX # PAI1,TRAIN,2079,4238
TX PAI1,TRAIN,2080,3,3cc53f1a3e1b3e88be71bec4be0ebbf73dc93c4f3c96bdc5*1881
RX # PAI1,TRAIN,2080,4248
TX PAI1,TRAIN,2081,3,3dff3e4f3ef73ec3be96beccbe5abe06bd9cbe0d3d89be25*44f6
RX # PAI1,TRAIN,2081,4239
TX PAI1,TRAIN,2082,3,3ecb3d113ea23e93bf11bee5be08be883db7bc5d3dfa3d2b*5b0f
RX # PAI1,TRAIN,2082,4248
TX PAI1,TRAIN,2083,4,3ce33ddbbde5bd81bb7cbdcebd263e13bc8abd5f3d1f3d7e*92b8
RX # PAI1,TRAIN,2083,4248
TX PAI1,TRAIN,2084,4,3e8e3e963e833e97bee3be64bdacbe2ebbc0bd903d73bdbd*2e36
RX # PAI1,TRAIN,2084,4238
TX PAI1,TRAIN,2085,1,be743dd13e1d3de73e9b3e8fbe93bec9be83be983ea03e89*0c9a
RX # PAI1,TRAIN,2085,4238
TX PAI1,TRAIN,2086,4,3ece3f6c3ed23f20bf27be92be0dbc833e0f3ced3d29be6a*436a
RX # PAI1,TRAIN,2086,4239
TX PAI1,TRAIN,2087,3,bd84be97bdcebe3c3ac1bece39a63d82be4bbe143e503ea9*4f66
RX # PAI1,TRAIN,2087,4237
TX PAI1,TRAIN,2088,1,bea53d7dbe96be733ecf3ea7bea9beb7be97bea93e473e73*b275
RX # PAI1,TRAIN,2088,4238
TX PAI1,TRAIN,2089,4,be48bda3be24be443d7bbdb8be343e0fbbe4bd46bd263b82*4369
RX # PAI1,TRAIN,2089,4248
TX PAI1,TRAIN,2090,1,bc91beb43e483d0abd893d92bebebe90bee0bedb3e973e54*07bc
RX # PAI1,TRAIN,2090,4238
TX PAI1,TRAIN,2091,2,bf17bcbabec0bf023f2f3f103f463ec03e383efbbeffbe83*f0bf
RX # PAI1,TRAIN,2091,4248
TX PAI1,TRAIN,2092,2,bf0bbe28beb6bedd3f0e3ee03ec13ea33de23e83beb6be4e*dd3d
RX # PAI1,TRAIN,2092,4238
TX PAI1,TRAIN,2093,2,bf2ebe04bf30bf393f183f0c3f433e753d593ef3bf05be44*bc25
RX # PAI1,TRAIN,2093,4248
TX PAI1,TRAIN,2094,1,be3cbdf0be25be783dc23e89be94bed7bea5beb23e243e34*7bc0
RX # PAI1,TRAIN,2094,4239
TX PAI1,TRAIN,2095,3,3ebdbca3be663a273e17beefbd053e9e3dd63d793e613ec3*be30
RX # PAI1,TRAIN,2095,4248
TX PAI1,TRAIN,2096,1,beacbc64be33be5e3eaf3eb3be7cbed6be8fbe983e253e47*17e7
RX # PAI1,TRAIN,2096,4248
TX PAI1,TRAIN,2097,3,bd8e3e8ebe11bb49bd47beaebe80bdeabdcdbe19bc93bde4*c8f3
RX # PAI1,TRAIN,2097,4238
TX PAI1,TRAIN,2098,1,be8ebe02bcdcbd8b3e823e21bed3bee6bec7becf3e723e35*787b
RX # PAI1,TRAIN,2098,4247
TX PAI1,TRAIN,2099,4,3d473dbb3d443dbdbc21bdf73dd23e1e3da03d30bc64bd31*b9d2
RX # PAI1,TRAIN,2099,4239
TX PAI1,TRAIN,2100,3,3e08be80becbbea0be83be4d3ed23eec3e643eb6be493d3f*8274
RX # PAI1,TRAIN,2100,4238
TX PAI1,TRAIN,2101,2,bf17be7ebf20bf353f3c3f033f1bbe3b3fc23f99bffbc004*f915
RX # PAI1,TRAIN,2101,4238
TX PAI1,TRAIN,2102,4,3e1e3eef3e7d3ea3be58be28be45bdf4bd2cbdc93df1bce7*57c7
RX # PAI1,TRAIN,2102,4248
TX PAI1,TRAIN,2103,4,3e613ebb3e233e99bcbebe20bdc33bb13c19bd803df23b1d*ea89
RX # PAI1,TRAIN,2103,4247
TX PAI1,TRAIN,2104,1,be82be973e0a3b963db03e7cbe86bec8beb9beb73e883e5c*1fea
RX # PAI1,TRAIN,2104,4238
TX PAI1,TRAIN,2105,1,3d3cbdc73ec13eb03d653d39bed2beb5bee3bee73ed93e79*c9b2
RX # PAI1,TRAIN,2105,4238
TX PAI1,TRAIN,2106,4,be0e3e64bde3bd933dbebdb8bd3e3e4f3d973d62bc3f3d46*65e1
RX # PAI1,TRAIN,2106,4237
TX PAI1,TRAIN,2107,2,beb3bf02bd85be293eed3e913ef63f013f0a3f14be1b3e2c*0461
RX # PAI1,TRAIN,2107,4241
TX PAI1,TRAIN,2108,4,3ea8bb83be2dbda7bddcbe193d543e2bbd58bd6f3d1b3d89*06be
RX # PAI1,TRAIN,2108,4239
TX PAI1,TRAIN,2109,3,3ea73bcf3ec93ed9bf1ebecf3e313eaf3e873e6b3cc8bd2c*9896
RX # PAI1,TRAIN,2109,4240
TX PAI1,TRAIN,2110,4,3bf8be05be56be5abe24bdaa3dce3cdfbbea3caebd8e3c0c*0f86
RX # PAI1,TRAIN,2110,4239
TX PAI1,PREDICT,2111,3da53e743e963e9ebd40be193d143cf23dd23d433d8abca4*cac3
RX # PAI1,PREDICT,2111,184,3e0c,3e3a,3e84,3ee2
TX PAI1,PREDICT,2112,3ee53c673eb83ec1bf37be49bcbabe203e343dbb3d98bc92*a0ea
RX # PAI1,PREDICT,2112,177,3e3c,bbc0,3ebd,3ee7
TX PAI1,PREDICT,2113,3ece3f6c3ed23f20bf27be92be0dbc833e0f3ced3d29be6a*6120
RX # PAI1,PREDICT,2113,184,bd81,bdb7,3e04,3f83
TX PAI1,PREDICT,2114,3d473dbb3d443dbdbc21bdf73dd23e1e3da03d30bc64bd31*f1a4
RX # PAI1,PREDICT,2114,183,3d5e,3e55,3e9c,3ee0
TX PAI1,PREDICT,2115,be0e3e64bde3bd933dbebdb8bd3e3e4f3d973d62bc3f3d46*899c
RX # PAI1,PREDICT,2115,185,3d14,3e1a,3e6e,3f17
TX PAI1,PREDICT,2116,be48bda3be24be443d7bbdb8be343e0fbbe4bd46bd263b82*a00f
RX # PAI1,PREDICT,2116,176,3e10,3dc1,3ea6,3eee
TX PAI1,PREDICT,2117,3bf8be05be56be5abe24bdaa3dce3cdfbbea3caebd8e3c0c*434a
RX # PAI1,PREDICT,2117,176,3de0,3dc3,3ec3,3ed8
TX PAI1,PREDICT,2118,3dad3dcdbbd43ccdbe03be1dbcc93ede3d913d633d193d9f*c9b1
RX # PAI1,PREDICT,2118,176,bd97,3e28,3ea6,3f1a
TX PAI1,PREDICT,2119,3e8e3e963e833e97bee3be64bdacbe2ebbc0bd903d73bdbd*4da0
RX # PAI1,PREDICT,2119,175,3e32,bd8a,3ea2,3f17
TX PAI1,PREDICT,2120,3ea8bb83be2dbda7bddcbe193d543e2bbd58bd6f3d1b3d89*9c3a
RX # PAI1,PREDICT,2120,176,3ce4,3da6,3ebe,3f02
TX PAI1,PREDICT,2121,3ce33ddbbde5bd81bb7cbdcebd263e13bc8abd5f3d1f3d7e*deea
RX # PAI1,PREDICT,2121,175,3dcc,3db0,3e88,3f09
TX PAI1,PREDICT,2122,3e613ebb3e233e99bcbebe20bdc33bb13c19bd803df23b1d*3342
RX # PAI1,PREDICT,2122,186,3e31,3d7a,3e48,3f14
TX PAI1,PREDICT,2123,3e1e3eef3e7d3ea3be58be28be45bdf4bd2cbdc93df1bce7*e73a
RX # PAI1,PREDICT,2123,185,3e74,bd56,3e2e,3f26
TX PAI1,PREDICT,2124,3dc63faa3ec93f3dbe9abebebdbc3eb23db13d46bda6beef*d2eb
RX # PAI1,PREDICT,2124,176,be9f,3cd8,3d9a,3f9e
TX PAI1,PREDICT,2125,3e883e5e3d0c3e22be93be3dba61bcf43d9c3cdfbb17bd88*0fbe
RX # PAI1,PREDICT,2125,176,3d88,3cd8,3ea3,3f16
TX PAI1,PREDICT,2126,beb3bf02bd85be293eed3e913ef63f013f0a3f14be1b3e2c*0467
RX # PAI1,PREDICT,2126,176,3d60,3f64,3df6,bd8c
TX PAI1,PREDICT,2127,3f063f053f823f51bec03e6f3e6a3f233ec23ea63d59be0d*576a
RX # PAI1,PREDICT,2127,176,bd76,3f4f,be9a,3f0b
TX PAI1,PREDICT,2128,3d8ebdc4becabe9f3d513f103ed83f133e7d3eadbeb6be5e*98ac
RX # PAI1,PREDICT,2128,176,3c94,3f5a,bea8,3efa
TX PAI1,PREDICT,2129,bec0be5dbe99beea3efa3efa3ee83e7f3cf83e6bbed1be93*4984
RX # PAI1,PREDICT,2129,184,3e46,3f58,be24,3df4
TX PAI1,PREDICT,2130,bf0bbe28beb6bedd3f0e3ee03ec13ea33de23e83beb6be4e*5ee2
RX # PAI1,PREDICT,2130,176,3e38,3f48,be15,3e4b
TX PAI1,PREDICT,2131,bf17be7ebf20bf353f3c3f033f1bbe3b3fc23f99bffbc004*c983
RX # PAI1,PREDICT,2131,177,be65,3f8c,3d3c,3d98
TX PAI1,PREDICT,2132,be4d3e5a3dd03e4c3e043e223f483ecf3f3e3f50be6fbbf7*5cd9
RX # PAI1,PREDICT,2132,176,be64,3f5a,3d85,3ead
TX PAI1,PREDICT,2133,3f3fbe94beb53e37bda13efa3f213f2c3f283f26be82bdfa*4613
RX # PAI1,PREDICT,2133,177,bd6f,3f79,be82,3eaf
TX PAI1,PREDICT,2134,3f6dbe8dbf47be823ee53f053ec93f083ea03eb6beb5be6b*de8d
RX # PAI1,PREDICT,2134,175,3c40,3f6e,be88,3ea0
TX PAI1,PREDICT,2135,bf17bcbabec0bf023f2f3f103f463ec03e383efbbeffbe83*a50e
RX # PAI1,PREDICT,2135,177,3cfc,3f89,be66,3e1b
TX PAI1,PREDICT,2136,bf31be2bbf0abf1d3f3b3f053ed43ed43e8c3e9ebed4be31*e5db
RX # PAI1,PREDICT,2136,176,3dcc,3f5b,be4f,3e7c
TX PAI1,PREDICT,2137,bf2ebe04bf30bf393f183f0c3f433e753d593ef3bf05be44*3bf8
RX # PAI1,PREDICT,2137,176,3dd6,3f5c,be1d,3e3c
TX PAI1,PREDICT,2138,3e08be80becbbea0be83be4d3ed23eec3e643eb6be493d3f*5a12
RX # PAI1,PREDICT,2138,175,beb2,3e8b,3f20,3ef4
TX PAI1,PREDICT,2139,3e1cbe5fbe11be2ebefdbeb23e6e3d80be07bc4f3b6e3da9*16fc
RX # PAI1,PREDICT,2139,183,bd71,bde0,3f3a,3ee4
TX PAI1,PREDICT,2140,3eab3e9d3ef93ef0be79bed7beabbe1dbdb9be203d8fbe57*2d66
RX # PAI1,PREDICT,2140,175,3e19,bdd0,3ef7,3efe
TX PAI1,PREDICT,2141,3dff3e4f3ef73ec3be96beccbe5abe06bd9cbe0d3d89be25*086d
RX # PAI1,PREDICT,2141,176,3e18,bdcc,3f06,3ede
TX PAI1,PREDICT,2142,3ebdbca3be663a273e17beefbd053e9e3dd63d793e613ec3*b6ec
RX # PAI1,PREDICT,2142,176,be1f,bd58,3f3b,3eef
TX PAI1,PREDICT,2143,3d9f3edd3f043eeebe5abed03d80be083de33d9b3d2fbdf6*6a66
RX # PAI1,PREDICT,2143,186,3a80,3ca8,3f00,3ef0
TX PAI1,PREDICT,2144,3e33bf18bf07bed23e2fbede3f1a3e933d083e773d1b3ecc*3ed3
RX # PAI1,PREDICT,2144,183,be70,3dfc,3f83,3dae
TX PAI1,PREDICT,2145,bd8e3e8ebe11bb49bd47beaebe80bdeabdcdbe19bc93bde4*49ed
RX # PAI1,PREDICT,2145,175,3dd2,be4a,3eec,3f24
TX PAI1,PREDICT,2146,3d263dcf3e553d60bea6bea9be80be28bd3dbe01bda0be63*ae05
RX # PAI1,PREDICT,2146,186,3da9,bddf,3f07,3efc
TX PAI1,PREDICT,2147,bd84be97bdcebe3c3ac1bece39a63d82be4bbe143e503ea9*6568
RX # PAI1,PREDICT,2147,177,3de0,be23,3f45,3e8e
TX PAI1,PREDICT,2148,3effbe4abd963d29bd34bec8be373ea7bdaabda73e873eb3*be3b
RX # PAI1,PREDICT,2148,175,bac0,bd85,3f28,3ed4
TX PAI1,PREDICT,2149,3cc53f1a3e1b3e88be71bec4be0ebbf73dc93c4f3c96bdc5*bcea
RX # PAI1,PREDICT,2149,176,bda0,be02,3ecd,3f4c
TX PAI1,PREDICT,2150,3ecb3d113ea23e93bf11bee5be08be883db7bc5d3dfa3d2b*cc51
RX # PAI1,PREDICT,2150,176,3dc8,be5c,3f2a,3ee9
TX PAI1,PREDICT,2151,3e843e153e783e9abed1bec0be15bd563e363d8c3d19bd54*e750
RX # PAI1,PREDICT,2151,183,3c8c,bd9d,3f08,3f06
TX PAI1,PREDICT,2152,3ea73bcf3ec93ed9bf1ebecf3e313eaf3e873e6b3cc8bd2c*ef84
RX # PAI1,PREDICT,2152,176,be6c,3e04,3f1d,3f01
TX PAI1,PREDICT,2153,3e8fbef2be90beb9bcf4bed4be723d0ebde4be0f3e833f01*087e
RX # PAI1,PREDICT,2153,176,3dd8,be75,3f5a,3e90
TX PAI1,PREDICT,2154,be0cbe4f3de7be453e01beb2be2ebdb9be17be193e543eac*02c2
RX # PAI1,PREDICT,2154,183,3e4a,bde1,3f33,3e61
TX PAI1,PREDICT,2155,be7ebd593e783e073d913e5ebe8abf15beafbeb33e843e14*3ff3
RX # PAI1,PREDICT,2155,185,3f7f,bc80,bddd,3e18
TX PAI1,PREDICT,2156,be3cbdf0be25be783dc23e89be94bed7bea5beb23e243e34*211b
RX # PAI1,PREDICT,2156,184,3f51,bcb4,bde4,3e9e
TX PAI1,PREDICT,2157,beacbc64be33be5e3eaf3eb3be7cbed6be8fbe983e253e47*a9ca
RX # PAI1,PREDICT,2157,176,3f5e,3da4,be5e,3e8a
TX PAI1,PREDICT,2158,be12bdc43e14bc53bc4e3e08bebdbee8befdbef63e8e3e30*2079
RX # PAI1,PREDICT,2158,185,3f63,be0a,3b80,3e7c
TX PAI1,PREDICT,2159,be743dd13e1d3de73e9b3e8fbe93bec9be83be983ea03e89*4e0f
RX # PAI1,PREDICT,2159,176,3f69,3d9f,be74,3e76
TX PAI1,PREDICT,2160,be2fbe5dbd31be433c933eb4be73beedbe4ebe793e103e37*48b5
RX # PAI1,PREDICT,2160,176,3f60,3dae,be14,3e52
TX PAI1,PREDICT,2161,bea53d7dbe96be733ecf3ea7bea9beb7be97bea93e473e73*c3c7
RX # PAI1,PREDICT,2161,185,3f5a,3ca0,be6b,3ebf
TX PAI1,PREDICT,2162,beb8bed7bd34be523e5f3e8dbdebbec6bedabeaf3dfb3dcf*4f91
RX # PAI1,PREDICT,2162,175,3f67,3df2,0000,3a80
TX PAI1,PREDICT,2163,be82be973e0a3b963db03e7cbe86bec8beb9beb73e883e5c*fef5
RX # PAI1,PREDICT,2163,176,3f70,3d20,bd9c,3db8
TX PAI1,PREDICT,2164,bd5ebe0b3e4c3d5fbdf03e31bebcbf05bec4becb3e943e52*4ffc
RX # PAI1,PREDICT,2164,184,3f6e,bdd1,bd08,3e60
TX PAI1,PREDICT,2165,bc91beb43e483d0abd893d92bebebe90bee0bedb3e973e54*5a49
RX # PAI1,PREDICT,2165,175,3f4e,bd95,3dff,3dfe
TX PAI1,PREDICT,2166,be8ebe02bcdcbd8b3e823e21bed3bee6bec7becf3e723e35*f977
RX # PAI1,PREDICT,2166,176,3f64,bda0,bc90,3e41
TX PAI1,PREDICT,2167,3d3cbdc73ec13eb03d653d39bed2beb5bee3bee73ed93e79*1a35
RX # PAI1,PREDICT,2167,175,3f6a,bdbe,3c84,3e1f
TX PAI1,PREDICT,2168,be8fbe3f3daabcf93e233e8fbea3beaabeb5beba3e583e11*572d
RX # PAI1,PREDICT,2168,184,3f69,3d8b,be10,3e2b
TX PAI1,PREDICT,2169,bdaabe863e9d3e41bddd3e25bec2beb6bedbbee03ea33e26*2806
RX # PAI1,PREDICT,2169,175,3f74,bd32,bd18,3e0f
TX PAI1,PREDICT,2170,beb4bedbbe42beb93e153ebebedebf03beddbee73e063e07*c9bc
RX # PAI1,PREDICT,2170,174,3f85,bc88,be02,3de4
TX PAI1,INIT,2171,12,64,1,1*2a61
RX # PAI1,INIT,2171,12,64,4
TX PAI1,TRAIN,2172,2,bf1fbdddbf33bf353f103e283f393e873d643ee9bee4be28*b931
RX # PAI1,TRAIN,2172,4238
TX PAI1,TRAIN,2173,2,3f6cbe82bf4cbe643ed33e863ebe3f123e9a3eafbe99be4b*f753
RX # PAI1,TRAIN,2173,4246
TX PAI1,TRAIN,2174,3,3eb03ce03ef23ef6bf2dbec53e283ebe3e833e623d16bcfb*5950
RX # PAI1,TRAIN,2174,4245
TX PAI1,TRAIN,2175,4,3dfe3fac3ef23f4ebeb5bedcbdb33ec23db23d45bd6bbed1*5175
RX # PAI1,TRAIN,2175,4239
TX PAI1,TRAIN,2176,3,bcfcbe8bbd7cbe18bd32be81396f3d9dbe3abe0c3e483e99*8f2e
RX # PAI1,TRAIN,2176,4238
TX PAI1,TRAIN,2177,3,bdcdbe393e2ebe223dacbe48be25bdb0be09be113e4b3e9d*9f8e
RX # PAI1,TRAIN,2177,4248
TX PAI1,TRAIN,2178,3,3d8f3df93e8b3dcabec1bec5be74be28bd1dbdf3bd60be43*de67
RX # PAI1,TRAIN,2178,4239
TX PAI1,TRAIN,2179,1,be8e3da9be8abe523ebd3ef0bea1bebcbe8cbea13e403e5f*d7e5
RX # PAI1,TRAIN,2179,4238
TX PAI1,TRAIN,2180,4,3de63df83d253d8abe35be00bcbf3ef03d953d613d453d9b*0dec
RX # PAI1,TRAIN,2180,4238
TX PAI1,TRAIN,2181,3,3e99bee7be84beabbd9abe66be653d3ebdccbe073e783ee9*28cb
RX # PAI1,TRAIN,2181,4246
TX PAI1,TRAIN,2182,3,3dd93ee73f1b3f06be87bebf3d72be063de23d983d58bdce*7e29
RX # PAI1,TRAIN,2182,4247
TX PAI1,TRAIN,2183,4,bdd03e79bd94bd063d4ebdc9bd343e653d9a3d5f3b923d4b*e950
RX # PAI1,TRAIN,2183,4247
TX PAI1,TRAIN,2184,2,3f3fbe89beac3e69be003e9a3f193f383f213f1fbe58bdd1*e8fe
RX # PAI1,TRAIN,2184,4245
TX PAI1,TRAIN,2185,4,3e783ec53e613eb4bd8dbd8dbdb93c7d3c6abd6d3df53c10*7d64
RX # PAI1,TRAIN,2185,4245
TX PAI1,TRAIN,2186,4,3d6d3e03bd97bcc2bd48bd92bd1e3e26bc2cbd4d3d4a3d7d*2fe1
RX # PAI1,TRAIN,2186,4245
TX PAI1,TRAIN,2187,1,bd47be753ec33e73be1f3ecabeb8bebbbeccbed53e993e1b*eb38
RX # PAI1,TRAIN,2187,4247
TX PAI1,TRAIN,2188,3,bd123e99bdd93d1ebdc2beb4be74bde4bdb6be10ba96bdbd*dde5
RX # PAI1,TRAIN,2188,4243
TX PAI1,TRAIN,2189,2,bf09bad6beb8bef93f273e4b3f3c3ed03e343ef1bedbbe62*a67a
RX # PAI1,TRAIN,2189,4246
TX PAI1,TRAIN,2190,1,be73be293e0d3c273df23eddbe9bbeafbea9beb03e4f3e08*2fe7
RX # PAI1,TRAIN,2190,4245
TX PAI1,TRAIN,2191,3,3f02be34bd033dadbdb8be48be2d3eb6bd96bd9c3e803ea3*ddef
RX # PAI1,TRAIN,2191,4248
TX PAI1,TRAIN,2192,3,3ed23d673ec83eaebf20beb6be01be8b3db8bc353dfc3d34*e0e0
RX # PAI1,TRAIN,2192,4243
TX PAI1,TRAIN,2193,3,3e4cbf12bf06bec43e05becf3f123ea13d163e6e3d473eb9*fd6f
RX # PAI1,TRAIN,2193,4249
TX PAI1,TRAIN,2194,3,3e8f3e2a3e9f3eb6beedbeb1be0dbd3b3e323d8a3d45bd22*5c74
RX # PAI1,TRAIN,2194,4246
TX PAI1,TRAIN,2195,4,be20bd70be01be213c92bdf4be2b3e22ba9bbd35bcad3c27*11e9
RX # PAI1,TRAIN,2195,4247
TX PAI1,TRAIN,2196,2,bea8be47be8dbedd3ee93e3f3edc3e8b3d0b3e62beb2be7f*9a92
RX # PAI1,TRAIN,2196,4237
TX PAI1,TRAIN,2197,1,bea0beccb982be2f3e363ebabddfbeccbecbbea73dfd3dc6*a96b
RX # PAI1,TRAIN,2197,4247
TX PAI1,TRAIN,2198,2,be243e6f3e213e7f3db3bc623f3d3ee03f353f48be45b86b*eb6e
RX # PAI1,TRAIN,2198,4238
TX PAI1,TRAIN,2199,4,3e983ea13ea63eb2bf00be37bda3be2eb913bd853d8abd9b*7a5c
RX # PAI1,TRAIN,2199,4239
TX PAI1,TRAIN,2200,1,be9dbed0be22beab3dd53eefbed3bf08becebedc3e063dfe*4c08
RX # PAI1,TRAIN,2200,4246
TX PAI1,TRAIN,2201,1,3d9abd9c3ee93ecc3c4b3eb6bec7bebabed4bedc3ec83e64*83e6
RX # PAI1,TRAIN,2201,4249
TX PAI1,TRAIN,2202,1,bca9bdea3e873dc9be293ec5beb2bf0abeb6bec13e8b3e42*0880
RX # PAI1,TRAIN,2202,4247
TX PAI1,TRAIN,2203,1,be08be473a0bbe20bcda3ee8be66bef6be3dbe6c3e0f3e29*26bd
RX # PAI1,TRAIN,2203,4248
TX PAI1,TRAIN,2204,1,be71bdd83c96bce93e5c3ea9bec8beefbeb9bec53e663e28*6b0b
RX # PAI1,TRAIN,2204,4238
TX PAI1,TRAIN,2205,3,3d5e3f1f3e593ea3be92bebcbe063adf3dc93c643cffbda1*ce18
RX # PAI1,TRAIN,2205,4247
TX PAI1,TRAIN,2206,4,3d1ebddfbe38be38be56be083dc33d1dbaae3cb5bd3f3c6a*0fb3
RX # PAI1,TRAIN,2206,4244
TX PAI1,TRAIN,2207,2,befcbe12beadbed03f063e343eb73eb13de13e7dbe9abe30*e5f2
RX # PAI1,TRAIN,2207,4245
TX PAI1,TRAIN,2208,4,3e933e733dad3e53beaebe3eba68bcb33d9f3ce53c51bd57*ed6c
RX # PAI1,TRAIN,2208,4247
TX PAI1,TRAIN,2209,1,be59be8c3e463d3e3d313ee2be7ebecfbeacbeae3e813e4b*f7e7
RX # PAI1,TRAIN,2209,4249
TX PAI1,TRAIN,2210,4,3eb23c8bbe0abd30be1ebdf83d483e3fbd36bd5c3d463d88*c4da
RX # PAI1,TRAIN,2210,4244
TX PAI1,TRAIN,2211,4,3e383ef93ea13ebfbe86bd9fbe3bbdeebd0cbdbd3df4bc97*d411
RX # PAI1,TRAIN,2211,4240
TX PAI1,TRAIN,2212,1,be4a3dfc3e5b3e233e873f02be8bbed0be72be903e953e7c*1687
RX # PAI1,TRAIN,2212,4246
TX PAI1,TRAIN,2213,2,bf22be15bf0abf183f343e5c3ec93ee53e873e98beb5be17*5807
RX # PAI1,TRAIN,2213,4248
TX PAI1,TRAIN,2214,2,bf09be67bf22bf313f35bf6d3f13be3c3fb83f93bfddbfeb*82d6
RX # PAI1,TRAIN,2214,4238
TX PAI1,TRAIN,2215,1,3c68bea93e843d9dbde93e93beb4be94bed1bed03e8d3e43*6872
RX # PAI1,TRAIN,2215,4246
TX PAI1,TRAIN,2216,2,bf1fbdddbf33bf353f103e283f393e873d643ee9bee4be28*e0f3
RX # PAI1,TRAIN,2216,4244
TX PAI1,TRAIN,2217,4,3e383ef93ea13ebfbe86bd9fbe3bbdeebd0cbdbd3df4bc97*dfb0
RX # PAI1,TRAIN,2217,4246
TX PAI1,TRAIN,2218,1,be4a3dfc3e5b3e233e873f02be8bbed0be72be903e953e7c*0a64
RX # PAI1,TRAIN,2218,4248
TX PAI1,TRAIN,2219,2,bea8be47be8dbedd3ee93e3f3edc3e8b3d0b3e62beb2be7f*8bfc
RX # PAI1,TRAIN,2219,4239
TX PAI1,TRAIN,2220,3,3d5e3f1f3e593ea3be92bebcbe063adf3dc93c643cffbda1*47a0
RX # PAI1,TRAIN,2220,4246
TX PAI1,TRAIN,2221,4,3d1ebddfbe38be38be56be083dc33d1dbaae3cb5bd3f3c6a*708b
RX # PAI1,TRAIN,2221,4248
TX PAI1,TRAIN,2222,1,be8e3da9be8abe523ebd3ef0bea1bebcbe8cbea13e403e5f*9480
RX # PAI1,TRAIN,2222,4246
TX PAI1,TRAIN,2223,3,bcfcbe8bbd7cbe18bd32be81396f3d9dbe3abe0c3e483e99*2d89
RX # PAI1,TRAIN,2223,4237
TX PAI1,TRAIN,2224,3,3e8f3e2a3e9f3eb6beedbeb1be0dbd3b3e323d8a3d45bd22*57bd
RX # PAI1,TRAIN,2224,4240
TX PAI1,TRAIN,2225,3,3e99bee7be84beabbd9abe66be653d3ebdccbe073e783ee9*51df
RX # PAI1,TRAIN,2225,4248
TX PAI1,TRAIN,2226,2,3f6cbe82bf4cbe643ed33e863ebe3f123e9a3eafbe99be4b*55f4
RX # PAI1,TRAIN,2226,4247
TX PAI1,TRAIN,2227,4,3e983ea13ea63eb2bf00be37bda3be2eb913bd853d8abd9b*9057
RX # PAI1,TRAIN,2227,4246
TX PAI1,TRAIN,2228,4,3eb23c8bbe0abd30be1ebdf83d483e3fbd36bd5c3d463d88*ae9c
RX # PAI1,TRAIN,2228,4248
TX PAI1,TRAIN,2229,3,3eb03ce03ef23ef6bf2dbec53e283ebe3e833e623d16bcfb*1194
RX # PAI1,TRAIN,2229,4248
TX PAI1,TRAIN,2230,2,be243e6f3e213e7f3db3bc623f3d3ee03f353f48be45b86b*8538
RX # PAI1,TRAIN,2230,4238
TX PAI1,TRAIN,2231,2,bf09be67bf22bf313f35bf6d3f13be3c3fb83f93bfddbfeb*0b6e
RX # PAI1,TRAIN,2231,4247
TX PAI1,TRAIN,2232,3,3f02be34bd033dadbdb8be48be2d3eb6bd96bd9c3e803ea3*d41a
RX # PAI1,TRAIN,2232,4249
TX PAI1,TRAIN,2233,4,3d6d3e03bd97bcc2bd48bd92bd1e3e26bc2cbd4d3d4a3d7d*a249
RX # PAI1,TRAIN,2233,4238
TX PAI1,TRAIN,2234,1,bca9bdea3e873dc9be293ec5beb2bf0abeb6bec13e8b3e42*8304
RX # PAI1,TRAIN,2234,4239
TX PAI1,TRAIN,2235,4,be20bd70be01be213c92bdf4be2b3e22ba9bbd35bcad3c27*95dc
RX # PAI1,TRAIN,2235,4247
TX PAI1,TRAIN,2236,1,3c68bea93e843d9dbde93e93beb4be94bed1bed03e8d3e43*ea6b
RX # PAI1,TRAIN,2236,4239
TX PAI1,TRAIN,2237,3,3d8f3df93e8b3dcabec1bec5be74be28bd1dbdf3bd60be43*efdf
RX # PAI1,TRAIN,2237,4246
TX PAI1,TRAIN,2238,1,be59be8c3e463d3e3d313ee2be7ebecfbeacbeae3e813e4b*0c82
RX # PAI1,TRAIN,2238,4247
TX PAI1,TRAIN,2239,1,be73be293e0d3c273df23eddbe9bbeafbea9beb03e4f3e08*3af1
RX # PAI1,TRAIN,2239,4240
TX PAI1,TRAIN,2240,1,bd47be753ec33e73be1f3ecabeb8bebbbeccbed53e993e1b*0f87
RX # PAI1,TRAIN,2240,4247
TX PAI1,TRAIN,2241,4,bdd03e79bd94bd063d4ebdc9bd343e653d9a3d5f3b923d4b*8b8e
RX # PAI1,TRAIN,2241,4238
TX PAI1,TRAIN,2242,3,3dd93ee73f1b3f06be87bebf3d72be063de23d983d58bdce*ea77
RX # PAI1,TRAIN,2242,4247
TX PAI1,TRAIN,2243,2,bf09bad6beb8bef93f273e4b3f3c3ed03e343ef1bedbbe62*2ec7
RX # PAI1,TRAIN,2243,4245
TX PAI1,TRAIN,2244,2,3f3fbe89beac3e69be003e9a3f193f383f213f1fbe58bdd1*7ca0
RX # PAI1,TRAIN,2244,4247
TX PAI1,TRAIN,2245,1,be71bdd83c96bce93e5c3ea9bec8beefbeb9bec53e663e28*0ff9
RX # PAI1,TRAIN,2245,4247
TX PAI1,TRAIN,2246,4,3dfe3fac3ef23f4ebeb5bedcbdb33ec23db23d45bd6bbed1*e818
RX # PAI1,TRAIN,2246,4237
TX PAI1,TRAIN,2247,1,3d9abd9c3ee93ecc3c4b3eb6bec7bebabed4bedc3ec83e64*97f5
RX # PAI1,TRAIN,2247,4248
TX PAI1,TRAIN,2248,2,befcbe12beadbed03f063e343eb73eb13de13e7dbe9abe30*60c2
RX # PAI1,TRAIN,2248,4238
TX PAI1,TRAIN,2249,1,be9dbed0be22beab3dd53eefbed3bf08becebedc3e063dfe*c299
RX # PAI1,TRAIN,2249,4247
TX PAI1,TRAIN,2250,3,3ed23d673ec83eaebf20beb6be01be8b3db8bc353dfc3d34*823e
RX # PAI1,TRAIN,2250,4248
TX PAI1,TRAIN,2251,4,3de63df83d253d8abe35be00bcbf3ef03d953d613d453d9b*6d0e
RX # PAI1,TRAIN,2251,4248
TX PAI1,TRAIN,2252,2,bf22be15bf0abf183f343e5c3ec93ee53e873e98beb5be17*3cf5
RX # PAI1,TRAIN,2252,4247
TX PAI1,TRAIN,2253,1,bea0beccb982be2f3e363ebabddfbeccbecbbea73dfd3dc6*c014
RX # PAI1,TRAIN,2253,4238
TX PAI1,TRAIN,2254,3,3e4cbf12bf06bec43e05becf3f123ea13d163e6e3d473eb9*19d0
RX # PAI1,TRAIN,2254,4245
TX PAI1,TRAIN,2255,4,3e783ec53e613eb4bd8dbd8dbdb93c7d3c6abd6d3df53c10*66c6
RX # PAI1,TRAIN,2255,4237
TX PAI1,TRAIN,2256,4,3e933e733dad3e53beaebe3eba68bcb33d9f3ce53c51bd57*9ce0
RX # PAI1,TRAIN,2256,4245
TX PAI1,TRAIN,2257,3,bd123e99bdd93d1ebdc2beb4be74bde4bdb6be10ba96bdbd*5cc5
RX # PAI1,TRAIN,2257,4246
TX PAI1,TRAIN,2258,3,bdcdbe393e2ebe223dacbe48be25bdb0be09be113e4b3e9d*be5d
RX # PAI1,TRAIN,2258,4245
TX PAI1,TRAIN,2259,1,be08be473a0bbe20bcda3ee8be66bef6be3dbe6c3e0f3e29*aa10
RX # PAI1,TRAIN,2259,4248
TX PAI1,TRAIN,2260,1,bca9bdea3e873dc9be293ec5beb2bf0abeb6bec13e8b3e42*ee6b
RX # PAI1,TRAIN,2260,4239
TX PAI1,TRAIN,2261,4,3e383ef93ea13ebfbe86bd9fbe3bbdeebd0cbdbd3df4bc97*4b86
RX # PAI1,TRAIN,2261,4245
TX PAI1,TRAIN,2262,3,3dd93ee73f1b3f06be87bebf3d72be063de23d983d58bdce*e5ae
RX # PAI1,TRAIN,2262,4247
TX PAI1,TRAIN,2263,1,be9dbed0be22beab3dd53eefbed3bf08becebedc3e063dfe*d1a3
RX # PAI1,TRAIN,2263,4248
TX PAI1,TRAIN,2264,2,3f3fbe89beac3e69be003e9a3f193f383f213f1fbe58bdd1*7379
RX # PAI1,TRAIN,2264,4238
TX PAI1,TRAIN,2265,2,bf22be15bf0abf183f343e5c3ec93ee53e873e98beb5be17*cc31
RX # PAI1,TRAIN,2265,4247
TX PAI1,TRAIN,2266,1,be71bdd83c96bce93e5c3ea9bec8beefbeb9bec53e663e28*8de0
RX # PAI1,TRAIN,2266,4237
TX PAI1,TRAIN,2267,1,be08be473a0bbe20bcda3ee8be66bef6be3dbe6c3e0f3e29*cbf7
RX # PAI1,TRAIN,2267,4245
TX PAI1,TRAIN,2268,3,bd123e99bdd93d1ebdc2beb4be74bde4bdb6be10ba96bdbd*4662
RX # PAI1,TRAIN,2268,4243
TX PAI1,TRAIN,2269,1,3d9abd9c3ee93ecc3c4b3eb6bec7bebabed4bedc3ec83e64*79ee
RX # PAI1,TRAIN,2269,4248
TX PAI1,TRAIN,2270,3,bcfcbe8bbd7cbe18bd32be81396f3d9dbe3abe0c3e483e99*3007
RX # PAI1,TRAIN,2270,4245
TX PAI1,TRAIN,2271,2,be243e6f3e213e7f3db3bc623f3d3ee03f353f48be45b86b*e1ca
RX # PAI1,TRAIN,2271,4239
TX PAI1,TRAIN,2272,4,3e983ea13ea63eb2bf00be37bda3be2eb913bd853d8abd9b*8678
RX # PAI1,TRAIN,2272,4245
TX PAI1,TRAIN,2273,1,be8e3da9be8abe523ebd3ef0bea1bebcbe8cbea13e403e5f*7f8e
RX # PAI1,TRAIN,2273,4247
TX PAI1,TRAIN,2274,4,bdd03e79bd94bd063d4ebdc9bd343e653d9a3d5f3b923d4b*8dca
RX # PAI1,TRAIN,2274,4248
TX PAI1,TRAIN,2275,1,be4a3dfc3e5b3e233e873f02be8bbed0be72be903e953e7c*760d
RX # PAI1,TRAIN,2275,4245
TX PAI1,TRAIN,2276,3,3eb03ce03ef23ef6bf2dbec53e283ebe3e833e623d16bcfb*1b58
RX # PAI1,TRAIN,2276,4238
TX PAI1,TRAIN,2277,3,3f02be34bd033dadbdb8be48be2d3eb6bd96bd9c3e803ea3*4dc9
RX # PAI1,TRAIN,2277,4238
TX PAI1,TRAIN,2278,4,3d6d3e03bd97bcc2bd48bd92bd1e3e26bc2cbd4d3d4a3d7d*da58
RX # PAI1,TRAIN,2278,4239
TX PAI1,TRAIN,2279,4,3dfe3fac3ef23f4ebeb5bedcbdb33ec23db23d45bd6bbed1*f2bf
RX # PAI1,TRAIN,2279,4246
TX PAI1,TRAIN,2280,3,3e99bee7be84beabbd9abe66be653d3ebdccbe073e783ee9*e703
RX # PAI1,TRAIN,2280,4243
TX PAI1,TRAIN,2281,4,be20bd70be01be213c92bdf4be2b3e22ba9bbd35bcad3c27*d7bc
RX # PAI1,TRAIN,2281,4247
TX PAI1,TRAIN,2282,2,bea8be47be8dbedd3ee93e3f3edc3e8b3d0b3e62beb2be7f*5cc7
RX # PAI1,TRAIN,2282,4239
TX PAI1,TRAIN,2283,1,3c68bea93e843d9dbde93e93beb4be94bed1bed03e8d3e43*d34b
RX # PAI1,TRAIN,2283,4247
TX PAI1,TRAIN,2284,4,3d1ebddfbe38be38be56be083dc33d1dbaae3cb5bd3f3c6a*c657
RX # PAI1,TRAIN,2284,4248
TX PAI1,TRAIN,2285,2,bf09be67bf22bf313f35bf6d3f13be3c3fb83f93bfddbfeb*490e
RX # PAI1,TRAIN,2285,4237
TX PAI1,TRAIN,2286,3,3d5e3f1f3e593ea3be92bebcbe063adf3dc93c643cffbda1*7cbc
RX # PAI1,TRAIN,2286,4246
TX PAI1,TRAIN,2287,4,3e933e733dad3e53beaebe3eba68bcb33d9f3ce53c51bd57*488a
RX # PAI1,TRAIN,2287,4247
TX PAI1,TRAIN,2288,4,3e783ec53e613eb4bd8dbd8dbdb93c7d3c6abd6d3df53c10*a5ee
RX # PAI1,TRAIN,2288,4246
TX PAI1,TRAIN,2289,3,bdcdbe393e2ebe223dacbe48be25bdb0be09be113e4b3e9d*6a37
RX # PAI1,TRAIN,2289,4246
TX PAI1,TRAIN,2290,4,3eb23c8bbe0abd30be1ebdf83d483e3fbd36bd5c3d463d88*fbbe
RX # PAI1,TRAIN,2290,4247
TX PAI1,TRAIN,2291,1,bd47be753ec33e73be1f3ecabeb8bebbbeccbed53e993e1b*dbed
RX # PAI1,TRAIN,2291,4247
TX PAI1,TRAIN,2292,3,3d8f3df93e8b3dcabec1bec5be74be28bd1dbdf3bd60be43*5903
RX # PAI1,TRAIN,2292,4238
TX PAI1,TRAIN,2293,3,3e4cbf12bf06bec43e05becf3f123ea13d163e6e3d473eb9*49e7
RX # PAI1,TRAIN,2293,4246
TX PAI1,TRAIN,2294,1,be59be8c3e463d3e3d313ee2be7ebecfbeacbeae3e813e4b*2b7d
RX # PAI1,TRAIN,2294,4238
TX PAI1,TRAIN,2295,2,bf1fbdddbf33bf353f103e283f393e873d643ee9bee4be28*5257
RX # PAI1,TRAIN,2295,4243
TX PAI1,TRAIN,2296,3,3ed23d673ec83eaebf20beb6be01be8b3db8bc353dfc3d34*a949
RX # PAI1,TRAIN,2296,4246
TX PAI1,TRAIN,2297,4,3de63df83d253d8abe35be00bcbf3ef03d953d613d453d9b*4679
RX # PAI1,TRAIN,2297,4245
TX PAI1,TRAIN,2298,2,bf09bad6beb8bef93f273e4b3f3c3ed03e343ef1bedbbe62*e64e
RX # PAI1,TRAIN,2298,4248
TX PAI1,TRAIN,2299,1,be73be293e0d3c273df23eddbe9bbeafbea9beb03e4f3e08*0a4c
RX # PAI1,TRAIN,2299,4246
TX PAI1,TRAIN,2300,2,befcbe12beadbed03f063e343eb73eb13de13e7dbe9abe30*0974
RX # PAI1,TRAIN,2300,4238
TX PAI1,TRAIN,2301,3,3e8f3e2a3e9f3eb6beedbeb1be0dbd3b3e323d8a3d45bd22*4262
RX # PAI1,TRAIN,2301,4248
TX PAI1,TRAIN,2302,2,3f6cbe82bf4cbe643ed33e863ebe3f123e9a3eafbe99be4b*3b6b
RX # PAI1,TRAIN,2302,4248
TX PAI1,TRAIN,2303,1,bea0beccb982be2f3e363ebabddfbeccbecbbea73dfd3dc6*cc3d
RX # PAI1,TRAIN,2303,4239
TX PAI1,TRAIN,2304,4,3eb23c8bbe0abd30be1ebdf83d483e3fbd36bd5c3d463d88*2a60
RX # PAI1,TRAIN,2304,4246
TX PAI1,TRAIN,2305,3,3d8f3df93e8b3dcabec1bec5be74be28bd1dbdf3bd60be43*051d
RX # PAI1,TRAIN,2305,4248
TX PAI1,TRAIN,2306,3,bdcdbe393e2ebe223dacbe48be25bdb0be09be113e4b3e9d*53b6
RX # PAI1,TRAIN,2306,4240
TX PAI1,TRAIN,2307,3,3dd93ee73f1b3f06be87bebf3d72be063de23d983d58bdce*efc3
RX # PAI1,TRAIN,2307,4245
TX PAI1,TRAIN,2308,1,3d9abd9c3ee93ecc3c4b3eb6bec7bebabed4bedc3ec83e64*8ea2
RX # PAI1,TRAIN,2308,4240
TX PAI1,TRAIN,2309,3,bcfcbe8bbd7cbe18bd32be81396f3d9dbe3abe0c3e483e99*a2d4
RX # PAI1,TRAIN,2309,4244
TX PAI1,TRAIN,2310,3,3e8f3e2a3e9f3eb6beedbeb1be0dbd3b3e323d8a3d45bd22*b6de
RX # PAI1,TRAIN,2310,4247
TX PAI1,TRAIN,2311,4,3d1ebddfbe38be38be56be083dc33d1dbaae3cb5bd3f3c6a*6cc9
RX # PAI1,TRAIN,2311,4239
TX PAI1,TRAIN,2312,4,3de63df83d253d8abe35be00bcbf3ef03d953d613d453d9b*631b
RX # PAI1,TRAIN,2312,4249
TX PAI1,TRAIN,2313,3,bd123e99bdd93d1ebdc2beb4be74bde4bdb6be10ba96bdbd*2231
RX # PAI1,TRAIN,2313,4248
TX PAI1,TRAIN,2314,1,bea0beccb982be2f3e363ebabddfbeccbecbbea73dfd3dc6*3320
RX # PAI1,TRAIN,2314,4238
TX PAI1,TRAIN,2315,1,3c68bea93e843d9dbde93e93beb4be94bed1bed03e8d3e43*f415
RX # PAI1,TRAIN,2315,4249
TX PAI1,TRAIN,2316,3,3f02be34bd033dadbdb8be48be2d3eb6bd96bd9c3e803ea3*ba85
RX # PAI1,TRAIN,2316,4237
TX PAI1,TRAIN,2317,3,3ed23d673ec83eaebf20beb6be01be8b3db8bc353dfc3d34*710a
RX # PAI1,TRAIN,2317,4249
TX PAI1,TRAIN,2318,1,be59be8c3e463d3e3d313ee2be7ebecfbeacbeae3e813e4b*9f3c
RX # PAI1,TRAIN,2318,4244
TX PAI1,TRAIN,2319,1,be08be473a0bbe20bcda3ee8be66bef6be3dbe6c3e0f3e29*29c5
RX # PAI1,TRAIN,2319,4241
TX PAI1,TRAIN,2320,1,be71bdd83c96bce93e5c3ea9bec8beefbeb9bec53e663e28*0594
RX # PAI1,TRAIN,2320,4247
TX PAI1,TRAIN,2321,1,bd47be753ec33e73be1f3ecabeb8bebbbeccbed53e993e1b*f8cb
RX # PAI1,TRAIN,2321,4238
TX PAI1,TRAIN,2322,4,3d6d3e03bd97bcc2bd48bd92bd1e3e26bc2cbd4d3d4a3d7d*ca92
RX # PAI1,TRAIN,2322,4248
TX PAI1,TRAIN,2323,3,3e4cbf12bf06bec43e05becf3f123ea13d163e6e3d473eb9*6ac1
RX # PAI1,TRAIN,2323,4244
TX PAI1,TRAIN,2324,2,be243e6f3e213e7f3db3bc623f3d3ee03f353f48be45b86b*6b82
RX # PAI1,TRAIN,2324,4238
TX PAI1,TRAIN,2325,4,3e383ef93ea13ebfbe86bd9fbe3bbdeebd0cbdbd3df4bc97*3572
RX # PAI1,TRAIN,2325,4238
TX PAI1,TRAIN,2326,4,3e783ec53e613eb4bd8dbd8dbdb93c7d3c6abd6d3df53c10*e8f6
RX # PAI1,TRAIN,2326,4248
TX PAI1,TRAIN,2327,2,bea8be47be8dbedd3ee93e3f3edc3e8b3d0b3e62beb2be7f*767c
RX # PAI1,TRAIN,2327,4247
TX PAI1,TRAIN,2328,3,3e99bee7be84beabbd9abe66be653d3ebdccbe073e783ee9*a1ba
RX # PAI1,TRAIN,2328,4238
TX PAI1,TRAIN,2329,1,be9dbed0be22beab3dd53eefbed3bf08becebedc3e063dfe*4e95
RX # PAI1,TRAIN,2329,4238
TX PAI1,TRAIN,2330,2,befcbe12beadbed03f063e343eb73eb13de13e7dbe9abe30*8951
RX # PAI1,TRAIN,2330,4238
TX PAI1,TRAIN,2331,4,3dfe3fac3ef23f4ebeb5bedcbdb33ec23db23d45bd6bbed1*9b09
RX # PAI1,TRAIN,2331,4244
TX PAI1,TRAIN,2332,4,3e983ea13ea63eb2bf00be37bda3be2eb913bd853d8abd9b*05ad
RX # PAI1,TRAIN,2332,4248
TX PAI1,TRAIN,2333,3,3eb03ce03ef23ef6bf2dbec53e283ebe3e833e623d16bcfb*1eec
RX # PAI1,TRAIN,2333,4238
TX PAI1,TRAIN,2334,1,be4a3dfc3e5b3e233e873f02be8bbed0be72be903e953e7c*8e98
RX # PAI1,TRAIN,2334,4238
TX PAI1,TRAIN,2335,1,be73be293e0d3c273df23eddbe9bbeafbea9beb03e4f3e08*b1d4
RX # PAI1,TRAIN,2335,4239
TX PAI1,TRAIN,2336,4,bdd03e79bd94bd063d4ebdc9bd343e653d9a3d5f3b923d4b*f89f
RX # PAI1,TRAIN,2336,4244
TX PAI1,TRAIN,2337,2,bf22be15bf0abf183f343e5c3ec93ee53e873e98beb5be17*3698
RX # PAI1,TRAIN,2337,4248
TX PAI1,TRAIN,2338,2,bf1fbdddbf33bf353f103e283f393e873d643ee9bee4be28*928f
RX # PAI1,TRAIN,2338,4239
TX PAI1,TRAIN,2339,2,bf09bad6beb8bef93f273e4b3f3c3ed03e343ef1bedbbe62*31d4
RX # PAI1,TRAIN,2339,4247
TX PAI1,TRAIN,2340,2,3f3fbe89beac3e69be003e9a3f193f383f213f1fbe58bdd1*1de6
RX # PAI1,TRAIN,2340,4248
TX PAI1,TRAIN,2341,2,bf09be67bf22bf313f35bf6d3f13be3c3fb83f93bfddbfeb*089e
RX # PAI1,TRAIN,2341,4238
TX PAI1,TRAIN,2342,2,3f6cbe82bf4cbe643ed33e863ebe3f123e9a3eafbe99be4b*24d9
RX # PAI1,TRAIN,2342,4237
TX PAI1,TRAIN,2343,1,be8e3da9be8abe523ebd3ef0bea1bebcbe8cbea13e403e5f*63cc
RX # PAI1,TRAIN,2343,4249
TX PAI1,TRAIN,2344,1,bca9bdea3e873dc9be293ec5beb2bf0abeb6bec13e8b3e42*80f4
RX # PAI1,TRAIN,2344,4247
TX PAI1,TRAIN,2345,3,3d5e3f1f3e593ea3be92bebcbe063adf3dc93c643cffbda1*4dcd
RX # PAI1,TRAIN,2345,4239
TX PAI1,TRAIN,2346,4,3e933e733dad3e53beaebe3eba68bcb33d9f3ce53c51bd57*8f7b
RX # PAI1,TRAIN,2346,4239
TX PAI1,TRAIN,2347,4,be20bd70be01be213c92bdf4be2b3e22ba9bbd35bcad3c27*60ac
RX # PAI1,TRAIN,2347,4240
TX PAI1,PREDICT,2348,be53bd023e9f3e373ce13ed0be83bf1bbea3beaa3e7a3e0a*64af
RX # PAI1,PREDICT,2348,177,3f83,3a00,bba8,bcf0
TX PAI1,PREDICT,2349,be14bdc5be03be563d563ec4be8dbedfbe99bea93e213e27*d02d
RX # PAI1,PREDICT,2349,176,3f48,3c40,bbf0,3e62
TX PAI1,PREDICT,2350,be953beabe11be3c3e9c3eefbe6fbedebe85be903e223e38*26a9
RX # PAI1,PREDICT,2350,186,3f5f,3e06,bde2,3e05
TX PAI1,PREDICT,2351,bdd8bd993e523ce9bd6d3eacbeb3bef1beecbeea3e853e23*67b9
RX # PAI1,PREDICT,2351,176,3f61,be02,3d6d,3e3a
TX PAI1,PREDICT,2352,be9cbef9bcbebe043edc3e303ee93f0b3f043f0ebdf63e20*80ea
RX # PAI1,PREDICT,2352,184,3e21,3f5f,3e87,be90
TX PAI1,PREDICT,2353,3f093f0a3f933f64bedc3e8b3e5e3f2f3eba3ea03d7dbdee*1b72
RX # PAI1,PREDICT,2353,175,3dd4,3f1e,be75,3f0c
TX PAI1,PREDICT,2354,3dc8bd98bec3be903bf13e9a3ecd3f1e3e753ea6be9abe3e*e4f2
RX # PAI1,PREDICT,2354,184,bc8e,3f48,be8f,3f08
TX PAI1,PREDICT,2355,3e22be6abec4be91be9dbeb03ec73eff3e5d3eafbe233d45*0b58
RX # PAI1,PREDICT,2355,175,bedd,3e9e,3f2b,3eea
TX PAI1,PREDICT,2356,3e36be49bddabe0abf0dbeb03e613d9bbdf4bc273c943da4*be12
RX # PAI1,PREDICT,2356,185,be11,bd72,3f3f,3eea
TX PAI1,PREDICT,2357,3eb53ea83f133f07be96bebcbea2be1cbda4be173d9dbe39*0405
RX # PAI1,PREDICT,2357,184,3e52,be05,3f0a,3ec1
TX PAI1,PREDICT,2358,3e1a3e643f123ee0beb1beb2be4fbe04bd89be053d98be0c*6030
RX # PAI1,PREDICT,2358,175,3e55,bde0,3f10,3eb2
TX PAI1,PREDICT,2359,3ec53a93be493d2e3dd8be9bbcfd3eac3dd53d763e573eb1*98b1
RX # PAI1,PREDICT,2359,174,be13,3d12,3f44,3eb4
TX PAI1,PREDICT,2360,3dde3e843ebb3ebabdbebdcb3d0c3d273dd13d423d99bc37*43fe
RX # PAI1,PREDICT,2360,175,3e61,3e35,3eac,3e8b
TX PAI1,PREDICT,2361,3eec3d0f3ee03eddbf47be10bcb1be203e2f3db63da6bc16*c47f
RX # PAI1,PREDICT,2361,176,3e55,bc3c,3efa,3ea4
TX PAI1,PREDICT,2362,3ed63f713efc3f31bf37be82be05bbf03e0c3cf23d53be4a*173e
RX # PAI1,PREDICT,2362,176,bd51,bdbc,3e5d,3f6e
TX PAI1,PREDICT,2363,3da03de63dcb3e0dbd61be053dc73e313da33d303b21bd03*16dc
RX # PAI1,PREDICT,2363,183,3d9f,3e63,3eb3,3eaf
TX PAI1,INIT,2364,12,64,1,1*2adc
RX # PAI1,INIT,2364,12,64,4
TX PAI1,TRAIN,2365,2,bf37be0ebf38bf473f253e283f433e603d9a3f02bf59bec5*a42f
RX # PAI1,TRAIN,2365,4240
TX PAI1,TRAIN,2366,2,3f58be8ebf4fbe9e3eff3e8b3ecb3eff3ebd3ec5bf19bee5*3b56
RX # PAI1,TRAIN,2366,4239
TX PAI1,TRAIN,2367,3,3e473df93e493e7dbebabecfbe08bd7d3e5d3dafbc4abe19*b630
RX # PAI1,TRAIN,2367,4248
TX PAI1,TRAIN,2368,4,3d193f9f3eb03f2ebe82befebda43ea53de73d83be43bf58*5a07
RX # PAI1,TRAIN,2368,4240
TX PAI1,TRAIN,2369,3,3e9bbd10be87bd5d3e4abeb6bcaf3e913e083d9e3e853f13*806a
RX # PAI1,TRAIN,2369,4238
TX PAI1,TRAIN,2370,3,3e5cbeeebea4bed53c98be8abe643cb4bde2be073ea13f48*9454
RX # PAI1,TRAIN,2370,4238
TX PAI1,TRAIN,2371,3,3d833e333ede3ea7be7dbed0be4cbe0cbd91be053d04beab*2097
RX # PAI1,TRAIN,2371,4248
TX PAI1,TRAIN,2372,1,be70be02be4ebe983e143ed1be8dbed4beb2beb23e2f3e6e*df9d
RX # PAI1,TRAIN,2372,4239
TX PAI1,TRAIN,2373,4,bc183d903b983d193d1ebe283de53e0c3dd43d70bdb7be0b*4333
RX # PAI1,TRAIN,2373,4240
TX PAI1,TRAIN,2374,3,3e85bc273eb03ebdbf13bee63e3a3ea23ea13e81bd02be08*9bae
RX # PAI1,TRAIN,2374,4239
TX PAI1,TRAIN,2375,3,3d94be81beddbebcbe57becd3ed53edd3e883ec5beba3c7b*9e1b
RX # PAI1,TRAIN,2375,4249
TX PAI1,TRAIN,2376,4,3cb23e573e7d3e823abdbe043d3e3c8a3e063d823d07bdc5*f08b
RX # PAI1,TRAIN,2376,4238
TX PAI1,TRAIN,2377,2,3f2bbe95bec73dffbcfb3ea13f213f223f423f31bee6be89*55f1
RX # PAI1,TRAIN,2377,4238
TX PAI1,TRAIN,2378,4,3e213ea93dea3e7b3ccfbdc4bdaabbcc3cd3bd523ddfbd71*e85e
RX # PAI1,TRAIN,2378,4240
TX PAI1,TRAIN,2379,4,bcf43dafbe1cbdf13d37bdcabcf13e01bb76bd30bc253d29*dcc1
RX # PAI1,TRAIN,2379,4247
TX PAI1,TRAIN,2380,1,be0dbe873e853e09bd753ed7bebabeb4beefbee23ed23e57*bd83
RX # PAI1,TRAIN,2380,4239
TX PAI1,TRAIN,2381,3,3e8a3e8d3ee03ed3be49bedbbea3be22bdb1be193d14bed5*e6f4
RX # PAI1,TRAIN,2381,4248
TX PAI1,TRAIN,2382,2,bf21bd1abed3bf103f3d3e4e3f463eb23e603f06bf51befc*9cf6
RX # PAI1,TRAIN,2382,4238
TX PAI1,TRAIN,2383,1,bea8be453d22bdae3e563eedbe9cbea9bec5beba3e7d3e34*07b3
RX # PAI1,TRAIN,2383,4248
TX PAI1,TRAIN,2384,3,bdf4be97be10be743d4dbe993c333d4bbe55be0c3e723efb*1fe6
RX # PAI1,TRAIN,2384,4239
TX PAI1,TRAIN,2385,3,bd083f0e3ddb3e58be41bedbbe01bc993e013cddbd28be65*2548
RX # PAI1,TRAIN,2385,4247
TX PAI1,TRAIN,2386,3,3dbcbe64be3bbe66bee6bece3e753d46be083a2abd813d9c*a241
RX # PAI1,TRAIN,2386,4248
TX PAI1,TRAIN,2387,3,3ea83c8e3e893e6fbf06bed5bdf8be883deeb9843deb3bf4*f2d7
RX # PAI1,TRAIN,2387,4238
TX PAI1,TRAIN,2388,4,3ec2bb3b3ea03ea4bf2cbe34bc41be263e5a3ddf3d31bdbe*4036
RX # PAI1,TRAIN,2388,4238
TX PAI1,TRAIN,2389,2,becbbeffbddabe613f043e303ef83ef23f203f1dbe983e61*5180
RX # PAI1,TRAIN,2389,4247
TX PAI1,TRAIN,2390,1,bec4bcf1be5bbe8b3ec93f00be6dbed4be9abe973e323e87*10dc
RX # PAI1,TRAIN,2390,4239
TX PAI1,TRAIN,2391,2,be803e3e3d6b3e143e37bd0c3f483ec13f5b3f5dbed6bd9a*2687
RX # PAI1,TRAIN,2391,4240
TX PAI1,TRAIN,2392,4,3e5b3e863e573e76beccbe5fbd94be323c0dbd733ca8be5f*01ce
RX # PAI1,TRAIN,2392,4238
TX PAI1,TRAIN,2393,1,beccbed8be6bbed53e483f00bed6bf00bef1beea3e033e22*07a8
RX # PAI1,TRAIN,2393,4239
TX PAI1,TRAIN,2394,1,bea7be0cbd8dbdfb3e9c3eb2becabee3bed8bed13e923e6f*5ff1
RX # PAI1,TRAIN,2394,4240
TX PAI1,TRAIN,2395,1,be9bbe973db9bd4d3e0a3ef2be7dbec6bec9beb83ea93e99*0d80
RX # PAI1,TRAIN,2395,4237
TX PAI1,TRAIN,2396,1,be98bd883e493d9f3df63edebe83bf12bebebeb33ea33e38*bdf0
RX # PAI1,TRAIN,2396,4238
TX PAI1,TRAIN,2397,1,bd97beb33e19bcabbc9a3e9abeb6be91bef5bedd3ebf3e91*3012
RX # PAI1,TRAIN,2397,4248
TX PAI1,TRAIN,2398,3,3edabe50bdeabc5a3b8cbe73be293e9abda1bd923ea83f06*4d38
RX # PAI1,TRAIN,2398,4240
TX PAI1,TRAIN,2399,4,3eac3f5b3eb93f12bf1cbe9abe00bcdc3e313d34bbd4bee5*7636
RX # PAI1,TRAIN,2399,4237
TX PAI1,TRAIN,2400,2,3ee93ef53f753f43bea93e913e723f1a3ee33eb43c32be96*f47b
RX # PAI1,TRAIN,2400,4249
TX PAI1,TRAIN,2401,4,3e4f3e42bc0e3dd3be77be673c20bd243dd03d2dbd93be33*521e
RX # PAI1,TRAIN,2401,4245
TX PAI1,TRAIN,2402,1,be48bddb3dcdbd8a3d133eb5beb5bee4bf0abefa3eb23e66*7761
RX # PAI1,TRAIN,2402,4238
TX PAI1,TRAIN,2403,4,3e87bca4be55be0bbd73be1d3d7c3e18bd35bd40bc423d4d*4ae4
RX # PAI1,TRAIN,2403,4238
TX PAI1,TRAIN,2404,4,3dbf3eda3e4d3e87be28bdd8be37be01bd03bdb53dddbde1*86e2
RX # PAI1,TRAIN,2404,4243
TX PAI1,TRAIN,2405,3,be42be553d8cbe7d3e34be73be21bdc9be1abe123e773f00*0d5d
RX # PAI1,TRAIN,2405,4239
TX PAI1,TRAIN,2406,1,bc45bdde3ea83e943dd73ec1bec9beb3bef9bee93f113eb0*ee33
RX # PAI1,TRAIN,2406,4239
TX PAI1,TRAIN,2407,2,bf3abe33bf13bf2b3f493e623ed63ec53ea63eacbf30beb5*4715
RX # PAI1,TRAIN,2407,4248
TX PAI1,TRAIN,2408,2,3c30bddbbedcbebb3dcd3ea23eda3f0a3e963ebbbf1abeda*8c0a
RX # PAI1,TRAIN,2408,4238
TX PAI1,TRAIN,2409,1,bde0be143e1db9aebd8e3ed2beb4bf03bed5becc3ebb3e90*6f3d
RX # PAI1,TRAIN,2409,4239
TX PAI1,TRAIN,2410,1,bde0be143e1db9aebd8e3ed2beb4bf03bed5becc3ebb3e90*71e2
RX # PAI1,TRAIN,2410,4240
TX PAI1,TRAIN,2411,4,3dbf3eda3e4d3e87be28bdd8be37be01bd03bdb53dddbde1*8f7f
RX # PAI1,TRAIN,2411,4246
TX PAI1,TRAIN,2412,1,be70be02be4ebe983e143ed1be8dbed4beb2beb23e2f3e6e*2aa0
RX # PAI1,TRAIN,2412,4248
TX PAI1,TRAIN,2413,2,becbbeffbddabe613f043e303ef83ef23f203f1dbe983e61*18ad
RX # PAI1,TRAIN,2413,4241
TX PAI1,TRAIN,2414,1,bd97beb33e19bcabbc9a3e9abeb6be91bef5bedd3ebf3e91*67e0
RX # PAI1,TRAIN,2414,4239
TX PAI1,TRAIN,2415,4,3eac3f5b3eb93f12bf1cbe9abe00bcdc3e313d34bbd4bee5*bb46
RX # PAI1,TRAIN,2415,4246
TX PAI1,TRAIN,2416,3,3e473df93e493e7dbebabecfbe08bd7d3e5d3dafbc4abe19*b7b1
RX # PAI1,TRAIN,2416,4246
TX PAI1,TRAIN,2417,3,bdf4be97be10be743d4dbe993c333d4bbe55be0c3e723efb*c7e8
RX # PAI1,TRAIN,2417,4239
TX PAI1,TRAIN,2418,3,3e85bc273eb03ebdbf13bee63e3a3ea23ea13e81bd02be08*79d1
RX # PAI1,TRAIN,2418,4238
TX PAI1,TRAIN,2419,3,be42be553d8cbe7d3e34be73be21bdc9be1abe123e773f00*95e3
RX # PAI1,TRAIN,2419,4239
TX PAI1,TRAIN,2420,2,3f58be8ebf4fbe9e3eff3e8b3ecb3eff3ebd3ec5bf19bee5*ca13
RX # PAI1,TRAIN,2420,4239
TX PAI1,TRAIN,2421,4,3e5b3e863e573e76beccbe5fbd94be323c0dbd733ca8be5f*d619
RX # PAI1,TRAIN,2421,4249
TX PAI1,TRAIN,2422,4,3e87bca4be55be0bbd73be1d3d7c3e18bd35bd40bc423d4d*3e7d
RX # PAI1,TRAIN,2422,4244
TX PAI1,TRAIN,2423,1,be0dbe873e853e09bd753ed7bebabeb4beefbee23ed23e57*e5a8
RX # PAI1,TRAIN,2423,4247
TX PAI1,TRAIN,2424,2,be803e3e3d6b3e143e37bd0c3f483ec13f5b3f5dbed6bd9a*faf1
RX # PAI1,TRAIN,2424,4239
TX PAI1,TRAIN,2425,2,3c30bddbbedcbebb3dcd3ea23eda3f0a3e963ebbbf1abeda*efd1
RX # PAI1,TRAIN,2425,4238
TX PAI1,TRAIN,2426,3,3edabe50bdeabc5a3b8cbe73be293e9abda1bd923ea83f06*f6ed
RX # PAI1,TRAIN,2426,4237
TX PAI1,TRAIN,2427,4,bcf43dafbe1cbdf13d37bdcabcf13e01bb76bd30bc253d29*481b
RX # PAI1,TRAIN,2427,4240
TX PAI1,TRAIN,2428,1,be48bddb3dcdbd8a3d133eb5beb5bee4bf0abefa3eb23e66*645b
RX # PAI1,TRAIN,2428,4239
TX PAI1,TRAIN,2429,2,bf37be0ebf38bf473f253e283f433e603d9a3f02bf59bec5*4989
RX # PAI1,TRAIN,2429,4239
TX PAI1,TRAIN,2430,4,3ec2bb3b3ea03ea4bf2cbe34bc41be263e5a3ddf3d31bdbe*f042
RX # PAI1,TRAIN,2430,4238
TX PAI1,TRAIN,2431,3,3e9bbd10be87bd5d3e4abeb6bcaf3e913e083d9e3e853f13*1f11
RX # PAI1,TRAIN,2431,4240
TX PAI1,TRAIN,2432,3,3d833e333ede3ea7be7dbed0be4cbe0cbd91be053d04beab*57b3
RX # PAI1,TRAIN,2432,4240
TX PAI1,TRAIN,2433,1,be9bbe973db9bd4d3e0a3ef2be7dbec6bec9beb83ea93e99*d3ca
RX # PAI1,TRAIN,2433,4245
TX PAI1,TRAIN,2434,1,bea8be453d22bdae3e563eedbe9cbea9bec5beba3e7d3e34*2d45
RX # PAI1,TRAIN,2434,4238
TX PAI1,TRAIN,2435,1,bc45bdde3ea83e943dd73ec1bec9beb3bef9bee93f113eb0*e3d6
RX # PAI1,TRAIN,2435,4246
TX PAI1,TRAIN,2436,4,3cb23e573e7d3e823abdbe043d3e3c8a3e063d823d07bdc5*0a6f
RX # PAI1,TRAIN,2436,4247
TX PAI1,TRAIN,2437,3,3d94be81beddbebcbe57becd3ed53edd3e883ec5beba3c7b*927f
RX # PAI1,TRAIN,2437,4238
TX PAI1,TRAIN,2438,3,3ea83c8e3e893e6fbf06bed5bdf8be883deeb9843deb3bf4*3242
RX # PAI1,TRAIN,2438,4238
TX PAI1,TRAIN,2439,2,bf21bd1abed3bf103f3d3e4e3f463eb23e603f06bf51befc*a142
RX # PAI1,TRAIN,2439,4239
TX PAI1,TRAIN,2440,2,3f2bbe95bec73dffbcfb3ea13f213f223f423f31bee6be89*4063
RX # PAI1,TRAIN,2440,4239
TX PAI1,TRAIN,2441,1,bea7be0cbd8dbdfb3e9c3eb2becabee3bed8bed13e923e6f*93ec
RX # PAI1,TRAIN,2441,4245
TX PAI1,TRAIN,2442,4,3d193f9f3eb03f2ebe82befebda43ea53de73d83be43bf58*ac6b
RX # PAI1,TRAIN,2442,4249
TX PAI1,TRAIN,2443,2,3ee93ef53f753f43bea93e913e723f1a3ee33eb43c32be96*6609
RX # PAI1,TRAIN,2443,4238
TX PAI1,TRAIN,2444,1,beccbed8be6bbed53e483f00bed6bf00bef1beea3e033e22*3d35
RX # PAI1,TRAIN,2444,4238
TX PAI1,TRAIN,2445,3,bd083f0e3ddb3e58be41bedbbe01bc993e013cddbd28be65*e0c8
RX # PAI1,TRAIN,2445,4240
TX PAI1,TRAIN,2446,4,bc183d903b983d193d1ebe283de53e0c3dd43d70bdb7be0b*a021
RX # PAI1,TRAIN,2446,4239
TX PAI1,TRAIN,2447,2,bf3abe33bf13bf2b3f493e623ed63ec53ea63eacbf30beb5*58a7
RX # PAI1,TRAIN,2447,4238
TX PAI1,TRAIN,2448,1,bec4bcf1be5bbe8b3ec93f00be6dbed4be9abe973e323e87*b0c3
RX # PAI1,TRAIN,2448,4250
TX PAI1,TRAIN,2449,3,3dbcbe64be3bbe66bee6bece3e753d46be083a2abd813d9c*fd43
RX # PAI1,TRAIN,2449,4238
TX PAI1,TRAIN,2450,4,3e213ea93dea3e7b3ccfbdc4bdaabbcc3cd3bd523ddfbd71*e8b2
RX # PAI1,TRAIN,2450,4238
TX PAI1,TRAIN,2451,4,3e4f3e42bc0e3dd3be77be673c20bd243dd03d2dbd93be33*c250
RX # PAI1,TRAIN,2451,4248
TX PAI1,TRAIN,2452,3,3e8a3e8d3ee03ed3be49bedbbea3be22bdb1be193d14bed5*2148
RX # PAI1,TRAIN,2452,4240
TX PAI1,TRAIN,2453,3,3e5cbeeebea4bed53c98be8abe643cb4bde2be073ea13f48*f31b
RX # PAI1,TRAIN,2453,4240
TX PAI1,TRAIN,2454,1,be98bd883e493d9f3df63edebe83bf12bebebeb33ea33e38*8ef0
RX # PAI1,TRAIN,2454,4247
TX PAI1,TRAIN,2455,1,bde0be143e1db9aebd8e3ed2beb4bf03bed5becc3ebb3e90*e831
RX # PAI1,TRAIN,2455,4239
TX PAI1,TRAIN,2456,4,3dbf3eda3e4d3e87be28bdd8be37be01bd03bdb53dddbde1*e02c
RX # PAI1,TRAIN,2456,4246
TX PAI1,TRAIN,2457,3,3d94be81beddbebcbe57becd3ed53edd3e883ec5beba3c7b*8214
RX # PAI1,TRAIN,2457,4249
TX PAI1,TRAIN,2458,1,be48bddb3dcdbd8a3d133eb5beb5bee4bf0abefa3eb23e66*fbcc
RX # PAI1,TRAIN,2458,4239
TX PAI1,TRAIN,2459,2,3f2bbe95bec73dffbcfb3ea13f213f223f423f31bee6be89*5ebc
RX # PAI1,TRAIN,2459,4239
TX PAI1,TRAIN,2460,2,bf3abe33bf13bf2b3f493e623ed63ec53ea63eacbf30beb5*279f
RX # PAI1,TRAIN,2460,4239
TX PAI1,TRAIN,2461,1,bea7be0cbd8dbdfb3e9c3eb2becabee3bed8bed13e923e6f*9c35
RX # PAI1,TRAIN,2461,4240
TX PAI1,TRAIN,2462,1,be98bd883e493d9f3df63edebe83bf12bebebeb33ea33e38*0574
RX # PAI1,TRAIN,2462,4239
TX PAI1,TRAIN,2463,3,3e8a3e8d3ee03ed3be49bedbbea3be22bdb1be193d14bed5*da2d
RX # PAI1,TRAIN,2463,4245
TX PAI1,TRAIN,2464,1,bc45bdde3ea83e943dd73ec1bec9beb3bef9bee93f113eb0*08d8
RX # PAI1,TRAIN,2464,4249
TX PAI1,TRAIN,2465,3,3e9bbd10be87bd5d3e4abeb6bcaf3e913e083d9e3e853f13*727e
RX # PAI1,TRAIN,2465,4240
TX PAI1,TRAIN,2466,2,be803e3e3d6b3e143e37bd0c3f483ec13f5b3f5dbed6bd9a*13c3
RX # PAI1,TRAIN,2466,4246
TX PAI1,TRAIN,2467,4,3e5b3e863e573e76beccbe5fbd94be323c0dbd733ca8be5f*c20a
RX # PAI1,TRAIN,2467,4246
TX PAI1,TRAIN,2468,1,beccbed8be6bbed53e483f00bed6bf00bef1beea3e033e22*25ae
RX # PAI1,TRAIN,2468,4249
TX PAI1,TRAIN,2469,4,3cb23e573e7d3e823abdbe043d3e3c8a3e063d823d07bdc5*00a3
RX # PAI1,TRAIN,2469,4245
TX PAI1,TRAIN,2470,3,be42be553d8cbe7d3e34be73be21bdc9be1abe123e773f00*14ab
RX # PAI1,TRAIN,2470,4239
TX PAI1,TRAIN,2471,3,3e473df93e493e7dbebabecfbe08bd7d3e5d3dafbc4abe19*d73b
RX # PAI1,TRAIN,2471,4241
TX PAI1,TRAIN,2472,3,bdf4be97be10be743d4dbe993c333d4bbe55be0c3e723efb*51e2
RX # PAI1,TRAIN,2472,4247
TX PAI1,TRAIN,2473,4,bcf43dafbe1cbdf13d37bdcabcf13e01bb76bd30bc253d29*2574
RX # PAI1,TRAIN,2473,4238
TX PAI1,TRAIN,2474,4,3d193f9f3eb03f2ebe82befebda43ea53de73d83be43bf58*27ef
RX # PAI1,TRAIN,2474,4246
TX PAI1,TRAIN,2475,3,3e85bc273eb03ebdbf13bee63e3a3ea23ea13e81bd02be08*05b8
RX # PAI1,TRAIN,2475,4238
TX PAI1,TRAIN,2476,4,3ec2bb3b3ea03ea4bf2cbe34bc41be263e5a3ddf3d31bdbe*e451
RX # PAI1,TRAIN,2476,4239
TX PAI1,TRAIN,2477,2,becbbeffbddabe613f043e303ef83ef23f203f1dbe983e61*f5e7
RX # PAI1,TRAIN,2477,4248
TX PAI1,TRAIN,2478,1,bd97beb33e19bcabbc9a3e9abeb6be91bef5bedd3ebf3e91*60c9
RX # PAI1,TRAIN,2478,4239
TX PAI1,TRAIN,2479,4,3eac3f5b3eb93f12bf1cbe9abe00bcdc3e313d34bbd4bee5*bc6f
RX # PAI1,TRAIN,2479,4245
TX PAI1,TRAIN,2480,2,3c30bddbbedcbebb3dcd3ea23eda3f0a3e963ebbbf1abeda*590d
RX # PAI1,TRAIN,2480,4245
TX PAI1,TRAIN,2481,3,3edabe50bdeabc5a3b8cbe73be293e9abda1bd923ea83f06*b6b1
RX # PAI1,TRAIN,2481,4247
TX PAI1,TRAIN,2482,4,3e4f3e42bc0e3dd3be77be673c20bd243dd03d2dbd93be33*e0ba
RX # PAI1,TRAIN,2482,4248
TX PAI1,TRAIN,2483,4,3e213ea93dea3e7b3ccfbdc4bdaabbcc3cd3bd523ddfbd71*ca58
RX # PAI1,TRAIN,2483,4238
TX PAI1,TRAIN,2484,3,3e5cbeeebea4bed53c98be8abe643cb4bde2be073ea13f48*2cd0
RX # PAI1,TRAIN,2484,4238
TX PAI1,TRAIN,2485,4,3e87bca4be55be0bbd73be1d3d7c3e18bd35bd40bc423d4d*7e21
RX # PAI1,TRAIN,2485,4249
TX PAI1,TRAIN,2486,1,be0dbe873e853e09bd753ed7bebabeb4beefbee23ed23e57*5374
RX # PAI1,TRAIN,2486,4237
TX PAI1,TRAIN,2487,3,3d833e333ede3ea7be7dbed0be4cbe0cbd91be053d04beab*6e93
RX # PAI1,TRAIN,2487,4240
TX PAI1,TRAIN,2488,3,3dbcbe64be3bbe66bee6bece3e753d46be083a2abd813d9c*a6d5
RX # PAI1,TRAIN,2488,4248
TX PAI1,TRAIN,2489,1,be70be02be4ebe983e143ed1be8dbed4beb2beb23e2f3e6e*fd9b
RX # PAI1,TRAIN,2489,4239
TX PAI1,TRAIN,2490,1,be9bbe973db9bd4d3e0a3ef2be7dbec6bec9beb83ea93e99*6eb7
RX # PAI1,TRAIN,2490,4247
TX PAI1,TRAIN,2491,2,bf37be0ebf38bf473f253e283f433e603d9a3f02bf59bec5*1cab
RX # PAI1,TRAIN,2491,4239
TX PAI1,TRAIN,2492,3,bd083f0e3ddb3e58be41bedbbe01bc993e013cddbd28be65*3f03
RX # PAI1,TRAIN,2492,4239
TX PAI1,TRAIN,2493,4,bc183d903b983d193d1ebe283de53e0c3dd43d70bdb7be0b*896a
RX # PAI1,TRAIN,2493,4248
TX PAI1,TRAIN,2494,2,bf21bd1abed3bf103f3d3e4e3f463eb23e603f06bf51befc*fdfd
RX # PAI1,TRAIN,2494,4246
TX PAI1,TRAIN,2495,1,bea8be453d22bdae3e563eedbe9cbea9bec5beba3e7d3e34*66b8
RX # PAI1,TRAIN,2495,4248
TX PAI1,TRAIN,2496,2,3ee93ef53f753f43bea93e913e723f1a3ee33eb43c32be96*4f42
RX # PAI1,TRAIN,2496,4247
TX PAI1,TRAIN,2497,3,3ea83c8e3e893e6fbf06bed5bdf8be883deeb9843deb3bf4*987d
RX # PAI1,TRAIN,2497,4240
TX PAI1,TRAIN,2498,2,3f58be8ebf4fbe9e3eff3e8b3ecb3eff3ebd3ec5bf19bee5*9f31
RX # PAI1,TRAIN,2498,4247
TX PAI1,TRAIN,2499,1,bec4bcf1be5bbe8b3ec93f00be6dbed4be9abe973e323e87*64a9
RX # PAI1,TRAIN,2499,4248
TX PAI1,TRAIN,2500,4,3e87bca4be55be0bbd73be1d3d7c3e18bd35bd40bc423d4d*5b43
RX # PAI1,TRAIN,2500,4247
TX PAI1,TRAIN,2501,3,3d833e333ede3ea7be7dbed0be4cbe0cbd91be053d04beab*c631
RX # PAI1,TRAIN,2501,4243
TX PAI1,TRAIN,2502,3,3e5cbeeebea4bed53c98be8abe643cb4bde2be073ea13f48*8472
RX # PAI1,TRAIN,2502,4245
TX PAI1,TRAIN,2503,3,3d94be81beddbebcbe57becd3ed53edd3e883ec5beba3c7b*731c
RX # PAI1,TRAIN,2503,4246
TX PAI1,TRAIN,2504,1,bea7be0cbd8dbdfb3e9c3eb2becabee3bed8bed13e923e6f*9658
RX # PAI1,TRAIN,2504,4237
TX PAI1,TRAIN,2505,3,3e9bbd10be87bd5d3e4abeb6bcaf3e913e083d9e3e853f13*fe72
RX # PAI1,TRAIN,2505,4239
TX PAI1,TRAIN,2506,3,3ea83c8e3e893e6fbf06bed5bdf8be883deeb9843deb3bf4*cfc2
RX # PAI1,TRAIN,2506,4246
TX PAI1,TRAIN,2507,4,3eac3f5b3eb93f12bf1cbe9abe00bcdc3e313d34bbd4bee5*5e5d
RX # PAI1,TRAIN,2507,4246
TX PAI1,TRAIN,2508,4,bc183d903b983d193d1ebe283de53e0c3dd43d70bdb7be0b*c236
RX # PAI1,TRAIN,2508,4245
TX PAI1,TRAIN,2509,3,3e8a3e8d3ee03ed3be49bedbbea3be22bdb1be193d14bed5*4ac2
RX # PAI1,TRAIN,2509,4247
TX PAI1,TRAIN,2510,1,bec4bcf1be5bbe8b3ec93f00be6dbed4be9abe973e323e87*5689
RX # PAI1,TRAIN,2510,4245
TX PAI1,TRAIN,2511,1,bde0be143e1db9aebd8e3ed2beb4bf03bed5becc3ebb3e90*96c5
RX # PAI1,TRAIN,2511,4246
TX PAI1,TRAIN,2512,3,bdf4be97be10be743d4dbe993c333d4bbe55be0c3e723efb*ddee
RX # PAI1,TRAIN,2512,4246
TX PAI1,TRAIN,2513,3,bd083f0e3ddb3e58be41bedbbe01bc993e013cddbd28be65*e740
RX # PAI1,TRAIN,2513,4238
TX PAI1,TRAIN,2514,1,be48bddb3dcdbd8a3d133eb5beb5bee4bf0abefa3eb23e66*6f5b
RX # PAI1,TRAIN,2514,4238
TX PAI1,TRAIN,2515,1,be98bd883e493d9f3df63edebe83bf12bebebeb33ea33e38*7665
RX # PAI1,TRAIN,2515,4247
TX PAI1,TRAIN,2516,1,bd97beb33e19bcabbc9a3e9abeb6be91bef5bedd3ebf3e91*0d07
RX # PAI1,TRAIN,2516,4239
TX PAI1,TRAIN,2517,1,bea8be453d22bdae3e563eedbe9cbea9bec5beba3e7d3e34*333b
RX # PAI1,TRAIN,2517,4239
TX PAI1,TRAIN,2518,4,bcf43dafbe1cbdf13d37bdcabcf13e01bb76bd30bc253d29*cedb
RX # PAI1,TRAIN,2518,4246
TX PAI1,TRAIN,2519,3,3dbcbe64be3bbe66bee6bece3e753d46be083a2abd813d9c*f16a
RX # PAI1,TRAIN,2519,4246
TX PAI1,TRAIN,2520,2,be803e3e3d6b3e143e37bd0c3f483ec13f5b3f5dbed6bd9a*9bb7
RX # PAI1,TRAIN,2520,4240
TX PAI1,TRAIN,2521,4,3dbf3eda3e4d3e87be28bdd8be37be01bd03bdb53dddbde1*933d
RX # PAI1,TRAIN,2521,4247
TX PAI1,TRAIN,2522,4,3e213ea93dea3e7b3ccfbdc4bdaabbcc3cd3bd523ddfbd71*1dc2
RX # PAI1,TRAIN,2522,4243
TX PAI1,TRAIN,2523,2,becbbeffbddabe613f043e303ef83ef23f203f1dbe983e61*04ef
RX # PAI1,TRAIN,2523,4238
TX PAI1,TRAIN,2524,3,3e85bc273eb03ebdbf13bee63e3a3ea23ea13e81bd02be08*72d1
RX # PAI1,TRAIN,2524,4249
TX PAI1,TRAIN,2525,1,beccbed8be6bbed53e483f00bed6bf00bef1beea3e033e22*ca79
RX # PAI1,TRAIN,2525,4246
TX PAI1,TRAIN,2526,2,3ee93ef53f753f43bea93e913e723f1a3ee33eb43c32be96*6c64
RX # PAI1,TRAIN,2526,4245
TX PAI1,TRAIN,2527,4,3d193f9f3eb03f2ebe82befebda43ea53de73d83be43bf58*a606
RX # PAI1,TRAIN,2527,4248
TX PAI1,TRAIN,2528,4,3e5b3e863e573e76beccbe5fbd94be323c0dbd733ca8be5f*db5d
RX # PAI1,TRAIN,2528,4239
TX PAI1,TRAIN,2529,3,3e473df93e493e7dbebabecfbe08bd7d3e5d3dafbc4abe19*3171
RX # PAI1,TRAIN,2529,4239
TX PAI1,TRAIN,2530,3,be42be553d8cbe7d3e34be73be21bdc9be1abe123e773f00*977e
RX # PAI1,TRAIN,2530,4246
TX PAI1,TRAIN,2531,1,bc45bdde3ea83e943dd73ec1bec9beb3bef9bee93f113eb0*8290
RX # PAI1,TRAIN,2531,4239
TX PAI1,TRAIN,2532,4,3cb23e573e7d3e823abdbe043d3e3c8a3e063d823d07bdc5*6b29
RX # PAI1,TRAIN,2532,4246
TX PAI1,TRAIN,2533,2,bf3abe33bf13bf2b3f493e623ed63ec53ea63eacbf30beb5*a676
RX # PAI1,TRAIN,2533,4245
TX PAI1,TRAIN,2534,2,bf37be0ebf38bf473f253e283f433e603d9a3f02bf59bec5*3610
RX # PAI1,TRAIN,2534,4246
TX PAI1,TRAIN,2535,2,bf21bd1abed3bf103f3d3e4e3f463eb23e603f06bf51befc*2a67
RX # PAI1,TRAIN,2535,4238
TX PAI1,TRAIN,2536,2,3f2bbe95bec73dffbcfb3ea13f213f223f423f31bee6be89*4832
RX # PAI1,TRAIN,2536,4246
TX PAI1,TRAIN,2537,2,3c30bddbbedcbebb3dcd3ea23eda3f0a3e963ebbbf1abeda*0aca
RX # PAI1,TRAIN,2537,4239
TX PAI1,TRAIN,2538,2,3f58be8ebf4fbe9e3eff3e8b3ecb3eff3ebd3ec5bf19bee5*33eb
RX # PAI1,TRAIN,2538,4238
TX PAI1,TRAIN,2539,1,be70be02be4ebe983e143ed1be8dbed4beb2beb23e2f3e6e*debd
RX # PAI1,TRAIN,2539,4238
TX PAI1,TRAIN,2540,1,be9bbe973db9bd4d3e0a3ef2be7dbec6bec9beb83ea93e99*5dfa
RX # PAI1,TRAIN,2540,4239
TX PAI1,TRAIN,2541,3,3edabe50bdeabc5a3b8cbe73be293e9abda1bd923ea83f06*0a00
RX # PAI1,TRAIN,2541,4244
TX PAI1,TRAIN,2542,4,3e4f3e42bc0e3dd3be77be673c20bd243dd03d2dbd93be33*5c0b
RX # PAI1,TRAIN,2542,4246
TX PAI1,TRAIN,2543,1,be0dbe873e853e09bd753ed7bebabeb4beefbee23ed23e57*69a4
RX # PAI1,TRAIN,2543,4247
TX PAI1,TRAIN,2544,4,3ec2bb3b3ea03ea4bf2cbe34bc41be263e5a3ddf3d31bdbe*0e93
RX # PAI1,TRAIN,2544,4240
TX PAI1,PREDICT,2545,be933da53dde3d6e3eb53f0cbe8bbec7be8bbe973ecd3ec7*bd07
RX # PAI1,PREDICT,2545,175,3f70,3dfe,be9e,3e83
TX PAI1,PREDICT,2546,be64be62bdaebe7b3d883ef9be65bee9be59be763e113e73*c442
RX # PAI1,PREDICT,2546,177,3f5c,3e0a,bde0,3e20
TX PAI1,PREDICT,2547,bebd3d2dbea9be953ee93f00bea2beb5bea2bea93e643eac*9f7d
RX # PAI1,PREDICT,2547,177,3f63,3d8a,be73,3e9c
TX PAI1,PREDICT,2548,becfbed4bdafbe853e893ec6bdd2bec4beeebeb03dec3ddb*c267
RX # PAI1,PREDICT,2548,176,3f58,3e19,3c50,bc88
TX PAI1,PREDICT,2549,bed8be62beacbf023f0a3e423eea3e693d4a3e81bf2ebf0b*b769
RX # PAI1,PREDICT,2549,174,3e16,3f58,bd10,3d84
TX PAI1,PREDICT,2550,bf16be30bec9bef93f1b3e353ec43e963e0f3e90bf1abecd*f9a9
RX # PAI1,PREDICT,2550,183,3e14,3f48,3be0,3d80
TX PAI1,PREDICT,2551,bf22be80bf29bf433f4abf863f1cbe3f3fdd3fa2c041c062*ad91
RX # PAI1,PREDICT,2551,182,bf4c,3f92,3f0d,3d90
TX PAI1,PREDICT,2552,3c9d3ec93eef3ed2be2abede3d94be0e3e0f3dbebb91be87*abcf
RX # PAI1,PREDICT,2552,175,bd90,3d85,3eec,3f10
TX PAI1,PREDICT,2553,3de8bf14bf10beee3e62bef03f1b3e873d573e88bc3d3f1b*9fe6
RX # PAI1,PREDICT,2553,184,be8d,3e38,3f85,3d9c
TX PAI1,PREDICT,2554,bdff3e7dbe3abd6cb99abed3be73bdf8bdc8be11bdc4be7f*673d
RX # PAI1,PREDICT,2554,176,3d18,be18,3f10,3f10
TX PAI1,PREDICT,2555,bc8e3da23e2638d0be8ebee6be73be2dbd17bdf1be3ebedf*a383
RX # PAI1,PREDICT,2555,185,bce0,bd83,3f30,3ed1
TX PAI1,PREDICT,2556,be443e48be1bbe013e12be03bd103e3b3dc93d92bdb03c95*e68a
RX # PAI1,PREDICT,2556,176,3d80,3e48,3eb8,3ec6
TX PAI1,PREDICT,2557,be7dbdbcbe4dbe7c3de2be1bbe273dfc3bf1bd15be04bd66*7861
RX # PAI1,PREDICT,2557,175,3e01,3e12,3f08,3e5d
TX PAI1,PREDICT,2558,bd4abe0fbe7ebe89bde6be2b3de13c713beb3d13be30bd46*370d
RX # PAI1,PREDICT,2558,175,3da1,3e0c,3f00,3e97
TX PAI1,PREDICT,2559,3cd13da1bd48bcf3bda5be22bc5f3ecf3dc33d93bc4d3d8b*b676
RX # PAI1,PREDICT,2559,185,bc50,3e4e,3f02,3ea4
TX PAI1,INIT,2560,12,64,1,1*f4f0
RX # PAI1,INIT,2560,12,64,4
TX PAI1,TRAIN,2561,2,bf2cbe06bf27bf223f093e2b3f443e803d5a3ef6bee8be1a*3cc4
RX # PAI1,TRAIN,2561,4240
TX PAI1,TRAIN,2562,2,bf14be7abf19bf1e3f2cbf643f1cbe3a3fc43f9cbfe3bfec*cf91
RX # PAI1,TRAIN,2562,4248
TX PAI1,TRAIN,2563,3,3eaf3e063e6a3e96becbbea8be1cbd463e383d843d69bcc9*55a5
RX # PAI1,TRAIN,2563,4239
TX PAI1,TRAIN,2564,4,3e2b3fa13ebd3f30be98bed1bdc93eb93db23d35bd55becc*8820
RX # PAI1,TRAIN,2564,4249
TX PAI1,TRAIN,2565,3,3eecbcd9be5d3cab3df8be92bd1b3ea43dd73d693e653ebb*27b2
RX # PAI1,TRAIN,2565,4245
TX PAI1,TRAIN,2566,3,3ebbbeebbe8abe9dbd33be57be7a3d26bde7be183e843ef4*3e6a
RX # PAI1,TRAIN,2566,4246
TX PAI1,TRAIN,2567,3,3e493e3e3eea3ebbbe94bea9be62be03bd9fbe163dacbdfc*7368
RX # PAI1,TRAIN,2567,4245
TX PAI1,TRAIN,2568,1,be0cbdf5be1fbe4b3d953ec3be99bed9bea7beb93e2d3e39*7bdc
RX # PAI1,TRAIN,2568,4238
TX PAI1,TRAIN,2569,4,3deb3da43d313dd4bccebdf23dca3e263da13d1e3c21bc8a*dfd0
RX # PAI1,TRAIN,2569,4247
TX PAI1,TRAIN,2570,3,3ed4babc3ebd3ecebf17bebb3e2e3eb53e893e6b3d38bc7f*e673
RX # PAI1,TRAIN,2570,4244
TX PAI1,TRAIN,2571,3,3e53be7cbec2be86be83bea63ed23ef43e663eb8be213d83*7fa2
RX # PAI1,TRAIN,2571,4246
TX PAI1,TRAIN,2572,4,3e193e623e8e3e9abd74bdb53d013d103dd33d323dad3b89*43c0
RX # PAI1,TRAIN,2572,4246
TX PAI1,TRAIN,2573,2,bf07be28beaebebe3f003e373ec13ea93de43e83be9bbe23*d622
RX # PAI1,TRAIN,2573,4238
TX PAI1,TRAIN,2574,4,3e1d3db4bc073d30be0bbde9bcf53ee53d923d523d693dbd*e5b6
RX # PAI1,TRAIN,2574,4244
TX PAI1,TRAIN,2575,4,3d90be07be4dbe30be29bdf93dc53d06bbf73c85bd273cf6*aaf8
RX # PAI1,TRAIN,2575,4246
TX PAI1,TRAIN,2576,1,bce6be833e943e43bdef3ec8bec7beb7beddbee83ea13e2d*8f34
RX # PAI1,TRAIN,2576,4245
TX PAI1,TRAIN,2577,3,3ed93e923eeb3ee3be79beb2beb0be1bbdbbbe2a3db1be2b*8755
RX # PAI1,TRAIN,2577,4247
TX PAI1,TRAIN,2578,2,bf14bcefbeb8bee13f1f3e4d3f473ec63e3a3efebedebe56*7289
RX # PAI1,TRAIN,2578,4246
TX PAI1,TRAIN,2579,1,be77be3e3d9dbbec3e083edbbea8beabbeb8bec13e5d3e1a*4b91
RX # PAI1,TRAIN,2579,4245
TX PAI1,TRAIN,2580,3,3e163ecf3efa3ee1be5cbeb53d6dbe053de53d933d7dbdb0*6aa0
RX # PAI1,TRAIN,2580,4246
TX PAI1,TRAIN,2581,3,bc5b3e84be0c3c8fbd7bbeabbe84bde4bdd0be223bc7bda0*542c
RX # PAI1,TRAIN,2581,4247
TX PAI1,TRAIN,2582,3,3e69be5dbe0cbe08bef4bea73e6b3d8dbe09bc973cd43dc6*0e83
RX # PAI1,TRAIN,2582,4246
TX PAI1,TRAIN,2583,3,3dd93db63e483d8fbea3bebbbe84be27bd41be0abd4abe36*704d
RX # PAI1,TRAIN,2583,4243
TX PAI1,TRAIN,2584,4,3f0c3bc43eae3eb9bf2fbe03bce6be1e3e353db43dba3bcb*eba8
RX # PAI1,TRAIN,2584,4246
TX PAI1,TRAIN,2585,2,bea2befcbd83be043ed53e333ef53f053f0c3f16bdef3e32*0efe
RX # PAI1,TRAIN,2585,4245
TX PAI1,TRAIN,2586,1,be9bbcaabe2cbe343e9b3eedbe82bed8be91be9e3e2e3e4a*74d3
RX # PAI1,TRAIN,2586,4248
TX PAI1,TRAIN,2587,2,beb0be5abe92bec93ee13e423ee83e843cf83e6bbeb4be73*5689
RX # PAI1,TRAIN,2587,4248
TX PAI1,TRAIN,2588,4,bdb43e52bddbbd363d91bdb2bd553e583d983d513c423d86*db23
RX # PAI1,TRAIN,2588,4248
TX PAI1,TRAIN,2589,1,bea4bed5be3abe9d3df53eecbee3bf04bedfbef03e123e10*c66d
RX # PAI1,TRAIN,2589,4248
TX PAI1,TRAIN,2590,1,bea7bed1bd33be293e403eb9bdf8bec7bedcbeb63e0a3de9*ccc0
RX # PAI1,TRAIN,2590,4248
TX PAI1,TRAIN,2591,1,be493db83e133dfb3e883f00be97becabe84be9e3e9e3e87*75e0
RX # PAI1,TRAIN,2591,4248
TX PAI1,TRAIN,2592,1,be53bd6d3e6a3e0f3d4d3ecebe8ebf17beb1beba3e853e1c*d786
RX # PAI1,TRAIN,2592,4249
TX PAI1,TRAIN,2593,1,be933d53be8fbe473eb93eedbeaebeb8be99beb03e4e3e72*e79d
RX # PAI1,TRAIN,2593,4247
TX PAI1,TRAIN,2594,3,3e80bf13bf01beb33e13bec43f1a3e993d083e783d6b3ec4*6ce7
RX # PAI1,TRAIN,2594,4247
TX PAI1,TRAIN,2595,4,3eff3f5f3ec63f16bf20be74be13bc393e103cc63d78be3d*49f1
RX # PAI1,TRAIN,2595,4248
TX PAI1,TRAIN,2596,2,3f213efb3f763f42bebb3e8b3e673f283ec43ea83d91bdd1*9da2
RX # PAI1,TRAIN,2596,4248
TX PAI1,TRAIN,2597,4,3eb33e4c3cf93e27be92be30bbc4bccf3d9e3cb83ca7bd1b*109b
RX # PAI1,TRAIN,2597,4247
TX PAI1,TRAIN,2598,1,bdbdbdcb3e0b3c0ebce33eabbec1beeabf00beff3e8d3e35*eda4
RX # PAI1,TRAIN,2598,4245
TX PAI1,TRAIN,2599,4,be19bdabbe1dbe1d3d29bddcbe3b3e18bbf2bd61bc6e3cd4*216d
RX # PAI1,TRAIN,2599,4248
TX PAI1,TRAIN,2600,4,3e6b3ee13e6e3e9ebe5abd8abe4cbdefbd2fbdd93e05bb4d*fcab
RX # PAI1,TRAIN,2600,4243
TX PAI1,TRAIN,2601,3,bdb1be4d3dd7be1d3dd0be3abe35bdb3be19be233e593ea7*5f63
RX # PAI1,TRAIN,2601,4243
TX PAI1,TRAIN,2602,1,3de5bdce3eb63eaa3d143eb5bed7beb6bee6beef3ed33e77*96c9
RX # PAI1,TRAIN,2602,4248
TX PAI1,TRAIN,2603,2,bf2fbe2bbf04bf093f2b3e5e3ed33edb3e8d3e9fbeb7be09*8008
RX # PAI1,TRAIN,2603,4240
TX PAI1,TRAIN,2604,2,3e0cbdcabec1be863d013e993ed73f173e7f3eaebe9cbe31*eefa
RX # PAI1,TRAIN,2604,4245
TX PAI1,TRAIN,2605,1,bdfdbe5abd31be1c3a483ee5be7abeefbe50be823e1b3e3c*24d8
RX # PAI1,TRAIN,2605,4244
TX PAI1,TRAIN,2606,1,bdfdbe5abd31be1c3a483ee5be7abeefbe50be823e1b3e3c*a918
RX # PAI1,TRAIN,2606,4244
TX PAI1,TRAIN,2607,4,3e6b3ee13e6e3e9ebe5abd8abe4cbdefbd2fbdd93e05bb4d*8c4a
RX # PAI1,TRAIN,2607,4248
TX PAI1,TRAIN,2608,1,be0cbdf5be1fbe4b3d953ec3be99bed9bea7beb93e2d3e39*df3f
RX # PAI1,TRAIN,2608,4246
TX PAI1,TRAIN,2609,2,bea2befcbd83be043ed53e333ef53f053f0c3f16bdef3e32*9250
RX # PAI1,TRAIN,2609,4246
TX PAI1,TRAIN,2610,1,be933d53be8fbe473eb93eedbeaebeb8be99beb03e4e3e72*e1b1
RX # PAI1,TRAIN,2610,4246
TX PAI1,TRAIN,2611,4,3eff3f5f3ec63f16bf20be74be13bc393e103cc63d78be3d*3f3c
RX # PAI1,TRAIN,2611,4243
TX PAI1,TRAIN,2612,3,3eaf3e063e6a3e96becbbea8be1cbd463e383d843d69bcc9*05fa
RX # PAI1,TRAIN,2612,4248
TX PAI1,TRAIN,2613,3,3e163ecf3efa3ee1be5cbeb53d6dbe053de53d933d7dbdb0*e370
RX # PAI1,TRAIN,2613,4238
TX PAI1,TRAIN,2614,3,3ed4babc3ebd3ecebf17bebb3e2e3eb53e893e6b3d38bc7f*bfb1
RX # PAI1,TRAIN,2614,4238
TX PAI1,TRAIN,2615,3,bdb1be4d3dd7be1d3dd0be3abe35bdb3be19be233e593ea7*2dbe
RX # PAI1,TRAIN,2615,4238
TX PAI1,TRAIN,2616,2,bf14be7abf19bf1e3f2cbf643f1cbe3a3fc43f9cbfe3bfec*19af
RX # PAI1,TRAIN,2616,4246
TX PAI1,TRAIN,2617,4,bdb43e52bddbbd363d91bdb2bd553e583d983d513c423d86*45b1
RX # PAI1,TRAIN,2617,4240
TX PAI1,TRAIN,2618,4,be19bdabbe1dbe1d3d29bddcbe3b3e18bbf2bd61bc6e3cd4*d1c1
RX # PAI1,TRAIN,2618,4246
TX PAI1,TRAIN,2619,1,bce6be833e943e43bdef3ec8bec7beb7beddbee83ea13e2d*b155
RX # PAI1,TRAIN,2619,4249
TX PAI1,TRAIN,2620,2,beb0be5abe92bec93ee13e423ee83e843cf83e6bbeb4be73*a25d
RX # PAI1,TRAIN,2620,4237
TX PAI1,TRAIN,2621,2,3e0cbdcabec1be863d013e993ed73f173e7f3eaebe9cbe31*6742
RX # PAI1,TRAIN,2621,4238
TX PAI1,TRAIN,2622,3,3e80bf13bf01beb33e13bec43f1a3e993d083e783d6b3ec4*6c8f
RX # PAI1,TRAIN,2622,4239
TX PAI1,TRAIN,2623,4,3d90be07be4dbe30be29bdf93dc53d06bbf73c85bd273cf6*859f
RX # PAI1,TRAIN,2623,4237
TX PAI1,TRAIN,2624,1,bdbdbdcb3e0b3c0ebce33eabbec1beeabf00beff3e8d3e35*f12f
RX # PAI1,TRAIN,2624,4245
TX PAI1,TRAIN,2625,2,bf2cbe06bf27bf223f093e2b3f443e803d5a3ef6bee8be1a*6adf
RX # PAI1,TRAIN,2625,4247
TX PAI1,TRAIN,2626,4,3f0c3bc43eae3eb9bf2fbe03bce6be1e3e353db43dba3bcb*991d
RX # PAI1,TRAIN,2626,4239
TX PAI1,TRAIN,2627,3,3eecbcd9be5d3cab3df8be92bd1b3ea43dd73d693e653ebb*7a08
RX # PAI1,TRAIN,2627,4244
TX PAI1,TRAIN,2628,3,3e493e3e3eea3ebbbe94bea9be62be03bd9fbe163dacbdfc*42d0
RX # PAI1,TRAIN,2628,4248
TX PAI1,TRAIN,2629,1,be493db83e133dfb3e883f00be97becabe84be9e3e9e3e87*944a
RX # PAI1,TRAIN,2629,4248
TX PAI1,TRAIN,2630,1,be77be3e3d9dbbec3e083edbbea8beabbeb8bec13e5d3e1a*7188
RX # PAI1,TRAIN,2630,4243
TX PAI1,TRAIN,2631,1,3de5bdce3eb63eaa3d143eb5bed7beb6bee6beef3ed33e77*9b2c
RX # PAI1,TRAIN,2631,4238
TX PAI1,TRAIN,2632,4,3e193e623e8e3e9abd74bdb53d013d103dd33d323dad3b89*e8fa
RX # PAI1,TRAIN,2632,4249
TX PAI1,TRAIN,2633,3,3e53be7cbec2be86be83bea63ed23ef43e663eb8be213d83*2218
RX # PAI1,TRAIN,2633,4246
TX PAI1,TRAIN,2634,3,3dd93db63e483d8fbea3bebbbe84be27bd41be0abd4abe36*0b65
RX # PAI1,TRAIN,2634,4239
TX PAI1,TRAIN,2635,2,bf14bcefbeb8bee13f1f3e4d3f473ec63e3a3efebedebe56*b5b1
RX # PAI1,TRAIN,2635,4245
TX PAI1,TRAIN,2636,2,bf07be28beaebebe3f003e373ec13ea93de43e83be9bbe23*fb79
RX # PAI1,TRAIN,2636,4247
TX PAI1,TRAIN,2637,1,bea7bed1bd33be293e403eb9bdf8bec7bedcbeb63e0a3de9*3814
RX # PAI1,TRAIN,2637,4249
TX PAI1,TRAIN,2638,4,3e2b3fa13ebd3f30be98bed1bdc93eb93db23d35bd55becc*bba4
RX # PAI1,TRAIN,2638,4238
TX PAI1,TRAIN,2639,2,3f213efb3f763f42bebb3e8b3e673f283ec43ea83d91bdd1*8315
RX # PAI1,TRAIN,2639,4247
TX PAI1,TRAIN,2640,1,bea4bed5be3abe9d3df53eecbee3bf04bedfbef03e123e10*c310
RX # PAI1,TRAIN,2640,4239
TX PAI1,TRAIN,2641,3,bc5b3e84be0c3c8fbd7bbeabbe84bde4bdd0be223bc7bda0*c072
RX # PAI1,TRAIN,2641,4246
TX PAI1,TRAIN,2642,4,3deb3da43d313dd4bccebdf23dca3e263da13d1e3c21bc8a*0322
RX # PAI1,TRAIN,2642,4247
TX PAI1,TRAIN,2643,2,bf2fbe2bbf04bf093f2b3e5e3ed33edb3e8d3e9fbeb7be09*9fba
RX # PAI1,TRAIN,2643,4247
TX PAI1,TRAIN,2644,1,be9bbcaabe2cbe343e9b3eedbe82bed8be91be9e3e2e3e4a*160d
RX # PAI1,TRAIN,2644,4238
TX PAI1,TRAIN,2645,3,3e69be5dbe0cbe08bef4bea73e6b3d8dbe09bc973cd43dc6*ea3c
RX # PAI1,TRAIN,2645,4248
TX PAI1,TRAIN,2646,4,3e1d3db4bc073d30be0bbde9bcf53ee53d923d523d693dbd*279b
RX # PAI1,TRAIN,2646,4245
TX PAI1,TRAIN,2647,4,3eb33e4c3cf93e27be92be30bbc4bccf3d9e3cb83ca7bd1b*0b39
RX # PAI1,TRAIN,2647,4238
TX PAI1,TRAIN,2648,3,3ed93e923eeb3ee3be79beb2beb0be1bbdbbbe2a3db1be2b*297a
RX # PAI1,TRAIN,2648,4247
TX PAI1,TRAIN,2649,3,3ebbbeebbe8abe9dbd33be57be7a3d26bde7be183e843ef4*1fb9
RX # PAI1,TRAIN,2649,4247
TX PAI1,TRAIN,2650,1,be53bd6d3e6a3e0f3d4d3ecebe8ebf17beb1beba3e853e1c*b558
RX # PAI1,TRAIN,2650,4246
TX PAI1,TRAIN,2651,1,bdfdbe5abd31be1c3a483ee5be7abeefbe50be823e1b3e3c*49b7
RX # PAI1,TRAIN,2651,4238
TX PAI1,TRAIN,2652,4,3e6b3ee13e6e3e9ebe5abd8abe4cbdefbd2fbdd93e05bb4d*9a65
RX # PAI1,TRAIN,2652,4248
TX PAI1,TRAIN,2653,3,3e53be7cbec2be86be83bea63ed23ef43e663eb8be213d83*3273
RX # PAI1,TRAIN,2653,4239
TX PAI1,TRAIN,2654,1,bdbdbdcb3e0b3c0ebce33eabbec1beeabf00beff3e8d3e35*6eb8
RX # PAI1,TRAIN,2654,4238
TX PAI1,TRAIN,2655,2,bf07be28beaebebe3f003e373ec13ea93de43e83be9bbe23*66d2
RX # PAI1,TRAIN,2655,4238
TX PAI1,TRAIN,2656,2,bf2fbe2bbf04bf093f2b3e5e3ed33edb3e8d3e9fbeb7be09*9627
RX # PAI1,TRAIN,2656,4238
TX PAI1,TRAIN,2657,1,bea7bed1bd33be293e403eb9bdf8bec7bedcbeb63e0a3de9*287f
RX # PAI1,TRAIN,2657,4247
TX PAI1,TRAIN,2658,1,be53bd6d3e6a3e0f3d4d3ecebe8ebf17beb1beba3e853e1c*5f3b
RX # PAI1,TRAIN,2658,4246
TX PAI1,TRAIN,2659,3,3ed93e923eeb3ee3be79beb2beb0be1bbdbbbe2a3db1be2b*ddc6
RX # PAI1,TRAIN,2659,4245
TX PAI1,TRAIN,2660,1,3de5bdce3eb63eaa3d143eb5bed7beb6bee6beef3ed33e77*7022
RX # PAI1,TRAIN,2660,4246
TX PAI1,TRAIN,2661,3,3eecbcd9be5d3cab3df8be92bd1b3ea43dd73d693e653ebb*6e1b
RX # PAI1,TRAIN,2661,4247
TX PAI1,TRAIN,2662,2,beb0be5abe92bec93ee13e423ee83e843cf83e6bbeb4be73*4b6f
RX # PAI1,TRAIN,2662,4237
TX PAI1,TRAIN,2663,4,bdb43e52bddbbd363d91bdb2bd553e583d983d513c423d86*2707
RX # PAI1,TRAIN,2663,4237
TX PAI1,TRAIN,2664,1,bea4bed5be3abe9d3df53eecbee3bf04bedfbef03e123e10*31e8
RX # PAI1,TRAIN,2664,4248
TX PAI1,TRAIN,2665,4,3e193e623e8e3e9abd74bdb53d013d103dd33d323dad3b89*0855
RX # PAI1,TRAIN,2665,4246
TX PAI1,TRAIN,2666,3,bdb1be4d3dd7be1d3dd0be3abe35bdb3be19be233e593ea7*3fe9
RX # PAI1,TRAIN,2666,4248
TX PAI1,TRAIN,2667,3,3eaf3e063e6a3e96becbbea8be1cbd463e383d843d69bcc9*1c0c
RX # PAI1,TRAIN,2667,4237
TX PAI1,TRAIN,2668,3,3e163ecf3efa3ee1be5cbeb53d6dbe053de53d933d7dbdb0*1b44
RX # PAI1,TRAIN,2668,4248
TX PAI1,TRAIN,2669,4,3d90be07be4dbe30be29bdf93dc53d06bbf73c85bd273cf6*86ce
RX # PAI1,TRAIN,2669,4237
TX PAI1,TRAIN,2670,4,3e2b3fa13ebd3f30be98bed1bdc93eb93db23d35bd55becc*4e75
RX # PAI1,TRAIN,2670,4247
TX PAI1,TRAIN,2671,3,3ed4babc3ebd3ecebf17bebb3e2e3eb53e893e6b3d38bc7f*29bb
RX # PAI1,TRAIN,2671,4238
TX PAI1,TRAIN,2672,4,3f0c3bc43eae3eb9bf2fbe03bce6be1e3e353db43dba3bcb*f472
RX # PAI1,TRAIN,2672,4239
TX PAI1,TRAIN,2673,2,bea2befcbd83be043ed53e333ef53f053f0c3f16bdef3e32*1124
RX # PAI1,TRAIN,2673,4240
TX PAI1,TRAIN,2674,1,be933d53be8fbe473eb93eedbeaebeb8be99beb03e4e3e72*0cfb
RX # PAI1,TRAIN,2674,4238
TX PAI1,TRAIN,2675,4,3eff3f5f3ec63f16bf20be74be13bc393e103cc63d78be3d*d276
RX # PAI1,TRAIN,2675,4246
TX PAI1,TRAIN,2676,2,3e0cbdcabec1be863d013e993ed73f173e7f3eaebe9cbe31*87ed
RX # PAI1,TRAIN,2676,4248
TX PAI1,TRAIN,2677,3,3e80bf13bf01beb33e13bec43f1a3e993d083e783d6b3ec4*7aa0
RX # PAI1,TRAIN,2677,4248
TX PAI1,TRAIN,2678,4,3eb33e4c3cf93e27be92be30bbc4bccf3d9e3cb83ca7bd1b*119e
RX # PAI1,TRAIN,2678,4248
TX PAI1,TRAIN,2679,4,3e1d3db4bc073d30be0bbde9bcf53ee53d923d523d693dbd*3d3c
RX # PAI1,TRAIN,2679,4240
TX PAI1,TRAIN,2680,3,3ebbbeebbe8abe9dbd33be57be7a3d26bde7be183e843ef4*ae4c
RX # PAI1,TRAIN,2680,4248
TX PAI1,TRAIN,2681,4,be19bdabbe1dbe1d3d29bddcbe3b3e18bbf2bd61bc6e3cd4*f07a
RX # PAI1,TRAIN,2681,4238
TX PAI1,TRAIN,2682,1,bce6be833e943e43bdef3ec8bec7beb7beddbee83ea13e2d*666e
RX # PAI1,TRAIN,2682,4247
TX PAI1,TRAIN,2683,3,3e493e3e3eea3ebbbe94bea9be62be03bd9fbe163dacbdfc*15ce
RX # PAI1,TRAIN,2683,4249
TX PAI1,TRAIN,2684,3,3e69be5dbe0cbe08bef4bea73e6b3d8dbe09bc973cd43dc6*b1aa
RX # PAI1,TRAIN,2684,4249
TX PAI1,TRAIN,2685,1,be0cbdf5be1fbe4b3d953ec3be99bed9bea7beb93e2d3e39*8c59
RX # PAI1,TRAIN,2685,4248
TX PAI1,TRAIN,2686,1,be493db83e133dfb3e883f00be97becabe84be9e3e9e3e87*3e75
RX # PAI1,TRAIN,2686,4248
TX PAI1,TRAIN,2687,2,bf2cbe06bf27bf223f093e2b3f443e803d5a3ef6bee8be1a*ace2
RX # PAI1,TRAIN,2687,4247
TX PAI1,TRAIN,2688,3,bc5b3e84be0c3c8fbd7bbeabbe84bde4bdd0be223bc7bda0*7187
RX # PAI1,TRAIN,2688,4248
TX PAI1,TRAIN,2689,4,3deb3da43d313dd4bccebdf23dca3e263da13d1e3c21bc8a*4457
RX # PAI1,TRAIN,2689,4247
TX PAI1,TRAIN,2690,2,bf14bcefbeb8bee13f1f3e4d3f473ec63e3a3efebedebe56*036d
RX # PAI1,TRAIN,2690,4246
TX PAI1,TRAIN,2691,1,be77be3e3d9dbbec3e083edbbea8beabbeb8bec13e5d3e1a*3a75
RX # PAI1,TRAIN,2691,4238
TX PAI1,TRAIN,2692,2,3f213efb3f763f42bebb3e8b3e673f283ec43ea83d91bdd1*d40b
RX # PAI1,TRAIN,2692,4239
TX PAI1,TRAIN,2693,3,3dd93db63e483d8fbea3bebbbe84be27bd41be0abd4abe36*4b39
RX # PAI1,TRAIN,2693,4240
TX PAI1,TRAIN,2694,2,bf14be7abf19bf1e3f2cbf643f1cbe3a3fc43f9cbfe3bfec*d04b
RX # PAI1,TRAIN,2694,4248
TX PAI1,TRAIN,2695,1,be9bbcaabe2cbe343e9b3eedbe82bed8be91be9e3e2e3e4a*c267
RX # PAI1,TRAIN,2695,4248
TX PAI1,TRAIN,2696,4,be19bdabbe1dbe1d3d29bddcbe3b3e18bbf2bd61bc6e3cd4*0f67
RX # PAI1,TRAIN,2696,4248
TX PAI1,TRAIN,2697,3,3e493e3e3eea3ebbbe94bea9be62be03bd9fbe163dacbdfc*6713
RX # PAI1,TRAIN,2697,4238
TX PAI1,TRAIN,2698,3,3ebbbeebbe8abe9dbd33be57be7a3d26bde7be183e843ef4*cbd3
RX # PAI1,TRAIN,2698,4247
TX PAI1,TRAIN,2699,3,3e53be7cbec2be86be83bea63ed23ef43e663eb8be213d83*0e46
RX # PAI1,TRAIN,2699,4248
TX PAI1,TRAIN,2700,1,bea7bed1bd33be293e403eb9bdf8bec7bedcbeb63e0a3de9*54b7
RX # PAI1,TRAIN,2700,4238
TX PAI1,TRAIN,2701,3,3eecbcd9be5d3cab3df8be92bd1b3ea43dd73d693e653ebb*e217
RX # PAI1,TRAIN,2701,4248
TX PAI1,TRAIN,2702,3,3dd93db63e483d8fbea3bebbbe84be27bd41be0abd4abe36*1c86
RX # PAI1,TRAIN,2702,4247
TX PAI1,TRAIN,2703,4,3eff3f5f3ec63f16bf20be74be13bc393e103cc63d78be3d*da27
RX # PAI1,TRAIN,2703,4238
TX PAI1,TRAIN,2704,4,3deb3da43d313dd4bccebdf23dca3e263da13d1e3c21bc8a*8b56
RX # PAI1,TRAIN,2704,4249
TX PAI1,TRAIN,2705,3,3ed93e923eeb3ee3be79beb2beb0be1bbdbbbe2a3db1be2b*c6ad
RX # PAI1,TRAIN,2705,4247
TX PAI1,TRAIN,2706,1,be9bbcaabe2cbe343e9b3eedbe82bed8be91be9e3e2e3e4a*6358
RX # PAI1,TRAIN,2706,4240
TX PAI1,TRAIN,2707,1,bdfdbe5abd31be1c3a483ee5be7abeefbe50be823e1b3e3c*4e3f
RX # PAI1,TRAIN,2707,4238
TX PAI1,TRAIN,2708,3,3e163ecf3efa3ee1be5cbeb53d6dbe053de53d933d7dbdb0*9748
RX # PAI1,TRAIN,2708,4246
TX PAI1,TRAIN,2709,3,bc5b3e84be0c3c8fbd7bbeabbe84bde4bdd0be223bc7bda0*a9c4
RX # PAI1,TRAIN,2709,4249
TX PAI1,TRAIN,2710,1,bdbdbdcb3e0b3c0ebce33eabbec1beeabf00beff3e8d3e35*104c
RX # PAI1,TRAIN,2710,4248
TX PAI1,TRAIN,2711,1,be53bd6d3e6a3e0f3d4d3ecebe8ebf17beb1beba3e853e1c*4dcd
RX # PAI1,TRAIN,2711,4247
TX PAI1,TRAIN,2712,1,be933d53be8fbe473eb93eedbeaebeb8be99beb03e4e3e72*8b56
RX # PAI1,TRAIN,2712,4244
TX PAI1,TRAIN,2713,1,be77be3e3d9dbbec3e083edbbea8beabbeb8bec13e5d3e1a*6ff6
RX # PAI1,TRAIN,2713,4237
TX PAI1,TRAIN,2714,4,3d90be07be4dbe30be29bdf93dc53d06bbf73c85bd273cf6*e93c
RX # PAI1,TRAIN,2714,4248
TX PAI1,TRAIN,2715,3,3e69be5dbe0cbe08bef4bea73e6b3d8dbe09bc973cd43dc6*e615
RX # PAI1,TRAIN,2715,4248
TX PAI1,TRAIN,2716,2,beb0be5abe92bec93ee13e423ee83e843cf83e6bbeb4be73*b5be
RX # PAI1,TRAIN,2716,4248
TX PAI1,TRAIN,2717,4,3e6b3ee13e6e3e9ebe5abd8abe4cbdefbd2fbdd93e05bb4d*9fd1
RX # PAI1,TRAIN,2717,4247
TX PAI1,TRAIN,2718,4,3e1d3db4bc073d30be0bbde9bcf53ee53d923d523d693dbd*ca70
RX # PAI1,TRAIN,2718,4248
TX PAI1,TRAIN,2719,2,bea2befcbd83be043ed53e333ef53f053f0c3f16bdef3e32*81cb
RX # PAI1,TRAIN,2719,4238
TX PAI1,TRAIN,2720,3,3ed4babc3ebd3ecebf17bebb3e2e3eb53e893e6b3d38bc7f*5ed2
RX # PAI1,TRAIN,2720,4239
TX PAI1,TRAIN,2721,1,bea4bed5be3abe9d3df53eecbee3bf04bedfbef03e123e10*345c
RX # PAI1,TRAIN,2721,4239
TX PAI1,TRAIN,2722,2,3f213efb3f763f42bebb3e8b3e673f283ec43ea83d91bdd1*f72d
RX # PAI1,TRAIN,2722,4239
TX PAI1,TRAIN,2723,4,3e2b3fa13ebd3f30be98bed1bdc93eb93db23d35bd55becc*cf9c
RX # PAI1,TRAIN,2723,4249
TX PAI1,TRAIN,2724,4,bdb43e52bddbbd363d91bdb2bd553e583d983d513c423d86*d433
RX # PAI1,TRAIN,2724,4238
TX PAI1,TRAIN,2725,3,3eaf3e063e6a3e96becbbea8be1cbd463e383d843d69bcc9*6959
RX # PAI1,TRAIN,2725,4237
TX PAI1,TRAIN,2726,3,bdb1be4d3dd7be1d3dd0be3abe35bdb3be19be233e593ea7*bc3c
RX # PAI1,TRAIN,2726,4248
TX PAI1,TRAIN,2727,1,3de5bdce3eb63eaa3d143eb5bed7beb6bee6beef3ed33e77*8316
RX # PAI1,TRAIN,2727,4247
TX PAI1,TRAIN,2728,4,3e193e623e8e3e9abd74bdb53d013d103dd33d323dad3b89*e782
RX # PAI1,TRAIN,2728,4239
TX PAI1,TRAIN,2729,2,bf2fbe2bbf04bf093f2b3e5e3ed33edb3e8d3e9fbeb7be09*0f55
RX # PAI1,TRAIN,2729,4240
TX PAI1,TRAIN,2730,2,bf2cbe06bf27bf223f093e2b3f443e803d5a3ef6bee8be1a*ff25
RX # PAI1,TRAIN,2730,4238
TX PAI1,TRAIN,2731,2,bf14bcefbeb8bee13f1f3e4d3f473ec63e3a3efebedebe56*d4f7
RX # PAI1,TRAIN,2731,4248
TX PAI1,TRAIN,2732,2,bf07be28beaebebe3f003e373ec13ea93de43e83be9bbe23*9a3f
RX # PAI1,TRAIN,2732,4238
TX PAI1,TRAIN,2733,2,3e0cbdcabec1be863d013e993ed73f173e7f3eaebe9cbe31*8259
RX # PAI1,TRAIN,2733,4248
TX PAI1,TRAIN,2734,2,bf14be7abf19bf1e3f2cbf643f1cbe3a3fc43f9cbfe3bfec*7c91
RX # PAI1,TRAIN,2734,4246
TX PAI1,TRAIN,2735,1,be0cbdf5be1fbe4b3d953ec3be99bed9bea7beb93e2d3e39*af7f
RX # PAI1,TRAIN,2735,4247
TX PAI1,TRAIN,2736,1,be493db83e133dfb3e883f00be97becabe84be9e3e9e3e87*1d53
RX # PAI1,TRAIN,2736,4248
TX PAI1,TRAIN,2737,3,3e80bf13bf01beb33e13bec43f1a3e993d083e783d6b3ec4*f975
RX # PAI1,TRAIN,2737,4239
TX PAI1,TRAIN,2738,4,3eb33e4c3cf93e27be92be30bbc4bccf3d9e3cb83ca7bd1b*924b
RX # PAI1,TRAIN,2738,4247
TX PAI1,TRAIN,2739,1,bce6be833e943e43bdef3ec8bec7beb7beddbee83ea13e2d*22eb
RX # PAI1,TRAIN,2739,4238
TX PAI1,TRAIN,2740,4,3f0c3bc43eae3eb9bf2fbe03bce6be1e3e353db43dba3bcb*1eb0
RX # PAI1,TRAIN,2740,4248
TX PAI1,PREDICT,2741,be5abe943e013cc83d833edfbe8abecabebbbebf3e883e5e*3d9c
RX # PAI1,PREDICT,2741,175,3f71,3d6a,3c8c,3b00
TX PAI1,PREDICT,2742,3b60be0c3e3f3d8ebe003ec3bec0bf07bec6bed33e933e55*2022
RX # PAI1,PREDICT,2742,175,3f69,bdc3,3d69,3df6
TX PAI1,PREDICT,2743,3d2fbeb03e3b3d50bda13e93bec3be91bee3bee33e963e56*d1a9
RX # PAI1,PREDICT,2743,177,3f4e,bd3c,3e72,3ba0
TX PAI1,PREDICT,2744,be75be03bce2bd283e623ea8bed8bee9bec9bed73e753e3a*cbd0
RX # PAI1,PREDICT,2744,185,3f65,bd6c,3d6e,3dde
TX PAI1,PREDICT,2745,be1e3e493dc13e4d3dd7bbae3f493ed63f403f54be443c7d*15ca
RX # PAI1,PREDICT,2745,176,be78,3f4d,3d1e,3ec8
TX PAI1,PREDICT,2746,3f5fbe91beac3e3abdb73e993f213f313f2a3f29be57bdb4*6fc6
RX # PAI1,PREDICT,2746,176,bc30,3f69,be7c,3eb5
TX PAI1,PREDICT,2747,3f88be8abf3ebe573ecd3e863ec83f0c3ea23eb7be9abe3d*ed34
RX # PAI1,PREDICT,2747,176,3dfa,3f68,be60,3e3e
TX PAI1,PREDICT,2748,bc02be94bdc7be15bc70be72bb9d3d8fbe4dbe1e3e563ea3*28fe
RX # PAI1,PREDICT,2748,177,3e07,bdea,3f53,3e1f
TX PAI1,PREDICT,2749,3f19be48bd923d6cbd6abe3abe3e3eadbdadbdb73e883ead*33f7
RX # PAI1,PREDICT,2749,176,3d2c,bcf0,3f30,3e9f
TX PAI1,PREDICT,2750,3db43f113e113e85be71beb3be14bb2b3dcb3bf43d21bd84*2dab
RX # PAI1,PREDICT,2750,176,bd27,bde7,3ee9,3f35
TX PAI1,PREDICT,2751,3efb3cd83e983e90bf0cbeadbe0fbe883db8bc9e3e0a3d76*54ef
RX # PAI1,PREDICT,2751,176,3e02,be7f,3f34,3ed2
TX PAI1,PREDICT,2752,3eba3e8c3e773e93bedcbe29bdb8be2cbbcdbd9e3d9ebd7a*cf77
RX # PAI1,PREDICT,2752,176,3e4e,bd99,3ec4,3efb
TX PAI1,PREDICT,2753,3ed6bc39be26bd5cbdeebde03d413e34bd5cbd853d6a3daa*deb7
RX # PAI1,PREDICT,2753,176,3dc2,3dd1,3ee3,3ec0
TX PAI1,PREDICT,2754,3dbc3dc2bddebd16bca0bd7bbd3d3e1bbc8ebd7b3d6f3da0*f65d
RX # PAI1,PREDICT,2754,177,3e20,3ded,3ea8,3ed6
TX PAI1,PREDICT,2755,3e993eaf3e183e95bd1abd70bdcf3c2e3c15bd8e3e063cc8*70a2
RX # PAI1,PREDICT,2755,176,3e59,3dae,3e7b,3eeb
TX PAI1,INIT,2756,12,64,1,1*8a5d
RX # PAI1,INIT,2756,12,64,4
TX PAI1,TRAIN,2757,2,3f3ebea5beb63e45bd933e9f3f2a3f273f1b3f22be76bde0*fb0e
RX # PAI1,TRAIN,2757,4239
TX PAI1,TRAIN,2758,2,bf19be39beb8befb3f1b3e3e3ecb3e9d3db23e79beadbe3c*3a61
RX # PAI1,TRAIN,2758,4248
TX PAI1,TRAIN,2759,3,3c2f3df43e5b3d5bbeacbec3be8cbe26bd7bbe09bd91be50*e96c
RX # PAI1,TRAIN,2759,4250
TX PAI1,TRAIN,2760,4,3e9f398dbe2dbdcbbdd2bde93d493e24bd8abd893d273d8b*5e24
RX # PAI1,TRAIN,2760,4239
TX PAI1,TRAIN,2761,3,3dc83e6f3efd3ed6be9bbeafbe6ebe04bdb8be153d8dbe16*0dd9
RX # PAI1,TRAIN,2761,4246
TX PAI1,TRAIN,2762,3,3ef8be5fbd933d1dbd0ebe41be483ea1bdc5bdb83e853eab*530a
RX # PAI1,TRAIN,2762,4247
TX PAI1,TRAIN,2763,3,3ea23eb53eff3f04be7ebeb9beb9be1abdd3be283d93be45*323f
RX # PAI1,TRAIN,2763,4248
TX PAI1,TRAIN,2764,1,be63be03be26be8e3dea3ecabea1bed2bea5beb53e223e2e*81f7
RX # PAI1,TRAIN,2764,4238
TX PAI1,TRAIN,2765,4,3c9e3dde3d513dc33af4bdfc3dd43e173d683d07bc13bd12*59aa
RX # PAI1,TRAIN,2765,4238
TX PAI1,TRAIN,2766,3,bdc9bea8bdccbe5a3c65be7bbbb53d75be52be1c3e4d3ea1*a1f4
RX # PAI1,TRAIN,2766,4238
TX PAI1,TRAIN,2767,2,3f6ebe9dbf4abe953efb3e8b3ed33f033e8f3eafbeacbe57*60df
RX # PAI1,TRAIN,2767,4239
TX PAI1,TRAIN,2768,4,3d573e8c3e9a3eadbd1bbdbc3d063cdb3da33d1a3d8ebc62*c969
RX # PAI1,TRAIN,2768,4240
TX PAI1,TRAIN,2769,2,bed7be75be9abf043f093e493ef43e763c383e5ebec7be87*ca14
RX # PAI1,TRAIN,2769,4248
TX PAI1,TRAIN,2770,4,3d673df2bb853ca5be00bdf2bd033ed73d4c3d393d263da0*766d
RX # PAI1,TRAIN,2770,4238
TX PAI1,TRAIN,2771,4,bcc0be11be57be7cbe23be013dcf3cc9bcc63c3bbd7f3c55*fe19
RX # PAI1,TRAIN,2771,4240
TX PAI1,TRAIN,2772,1,bd4cbec93e4d3cf5bd733e98becdbe8dbeddbedd3e943e4c*31d2
RX # PAI1,TRAIN,2772,4240
TX PAI1,TRAIN,2773,3,3e02be77be11be4abf04bead3e773d71be11bcb43c023da9*6e48
RX # PAI1,TRAIN,2773,4247
TX PAI1,TRAIN,2774,2,bf25be8dbf22bf4c3f4dbf6d3f24be383fb53f96bff2bff7*3502
RX # PAI1,TRAIN,2774,4249
TX PAI1,TRAIN,2775,1,bdb3be183e523d59bde73ecbbecbbf02bec2becd3e913e4a*6838
RX # PAI1,TRAIN,2775,4249
TX PAI1,TRAIN,2776,3,3eb4bc91be67bbe83e2ebe98bd253e983da73d4f3e5e3eb9*4139
RX # PAI1,TRAIN,2776,4249
TX PAI1,TRAIN,2777,3,3e1abf2abf08beee3e48becc3f223e8e3c653e6a3d283ec2*bd84
RX # PAI1,TRAIN,2777,4238
TX PAI1,TRAIN,2778,3,3ddabe8ebecdbeb7be86bead3edc3ee53e463eafbe3d3d47*463e
RX # PAI1,TRAIN,2778,4238
TX PAI1,TRAIN,2779,3,bdd43ea3be11bc38bd22beb1be8cbde7bde6be20bc53bdcb*721e
RX # PAI1,TRAIN,2779,4248
TX PAI1,TRAIN,2780,4,3ede3caa3ebd3ed3bf41be09bcf6be1e3e183da53d9cbc40*603d
RX # PAI1,TRAIN,2780,4247
TX PAI1,TRAIN,2781,4,3e4a3ed63e283ea7bc4dbd7abddb3b5bbc0cbd913df23bed*3312
RX # PAI1,TRAIN,2781,4237
TX PAI1,TRAIN,2782,1,bea3be0ebccbbdab3e913eaebee3bee1bec5bed23e6d3e2f*285c
RX # PAI1,TRAIN,2782,4239
TX PAI1,TRAIN,2783,2,3d26bdd3beccbeb63d893e9f3ee33f0e3e5e3ea6beadbe4b*561e
RX # PAI1,TRAIN,2783,4238
TX PAI1,TRAIN,2784,4,be333e83bde1bdb43de5bdb9bd623e473d573d38bbdf3d4e*abee
RX # PAI1,TRAIN,2784,4238
TX PAI1,TRAIN,2785,1,be56be75bd2abe623d013eeebe84bee7be55be803e0f3e30*e2cc
RX # PAI1,TRAIN,2785,4238
TX PAI1,TRAIN,2786,1,be97bea83e0fbb303dd63ee8be91bec4beb8beba3e863e54*3502
RX # PAI1,TRAIN,2786,4239
TX PAI1,TRAIN,2787,1,be37bdd43e19bcb5ba913eb1beccbee2bef8bef83e8b3e2a*7b20
RX # PAI1,TRAIN,2787,4249
TX PAI1,TRAIN,2788,3,3ec23d373ea63ea1bf19beb4be17be853d89bcbb3dfa3d35*500d
RX # PAI1,TRAIN,2788,4246
TX PAI1,TRAIN,2789,1,bebb3d99be97be8c3ee43ef6beb7beb3be98beac3e443e69*0a62
RX # PAI1,TRAIN,2789,4240
TX PAI1,TRAIN,2790,3,3d4b3efc3f073f03be5dbebc3d78be063db33d853d3bbddd*fbc0
RX # PAI1,TRAIN,2790,4238
TX PAI1,TRAIN,2791,1,be93bd613e7f3e0f3db53ed5be96bf11beafbeb53e813e10*daba
RX # PAI1,TRAIN,2791,4247
TX PAI1,TRAIN,2792,4,3ec63f863ed73f31bf30be7ebe1cbc903deb3c9c3d36be57*2f8c
RX # PAI1,TRAIN,2792,4239
TX PAI1,TRAIN,2793,2,becabf12bd82be453f023e3a3f013efb3efd3f0fbe113e27*4dc7
RX # PAI1,TRAIN,2793,4246
TX PAI1,TRAIN,2794,4,bb273e01bde4bda03c07bd83bd493e0dbd08bd813d2c3d81*6ac0
RX # PAI1,TRAIN,2794,4238
TX PAI1,TRAIN,2795,1,bec3bc33be33be803ec23ef5be89bed1be91be9b3e243e40*2824
RX # PAI1,TRAIN,2795,4240
TX PAI1,TRAIN,2796,4,be70bdafbe24be633da0bde5be463e0abcc5bd6abd0d3c0e*b56c
RX # PAI1,TRAIN,2796,4239
TX PAI1,TRAIN,2797,4,3e833ead3e863ea5beedbe30bdc3be2bbcbcbda13d7dbda7*0ecc
RX # PAI1,TRAIN,2797,4247
TX PAI1,TRAIN,2798,3,bbcf3f303e203e94be75beb9be1dbc173d9b3b413cb5bdae*7bdf
RX # PAI1,TRAIN,2798,4239
TX PAI1,TRAIN,2799,1,becfbef1bd2dbe733e7c3ec0be03bec1bed7beb23dfb3dcd*02a3
RX # PAI1,TRAIN,2799,4248
TX PAI1,TRAIN,2800,2,be743e7c3dd83e5c3e1bbbb93f533ec83f303f4bbe62bb08*17eb
RX # PAI1,TRAIN,2800,4238
TX PAI1,TRAIN,2801,2,3f033f183f843f67bec83e903e733f1e3eaf3e9f3d63bdff*75cd
RX # PAI1,TRAIN,2801,4238
TX PAI1,TRAIN,2802,1,be8f3df63e223df23eac3f05be9fbec4be85be9a3e9c3e83*787c
RX # PAI1,TRAIN,2802,4237
TX PAI1,TRAIN,2803,1,bebb3d99be97be8c3ee43ef6beb7beb3be98beac3e443e69*6f0f
RX # PAI1,TRAIN,2803,4248
TX PAI1,TRAIN,2804,4,3e4a3ed63e283ea7bc4dbd7abddb3b5bbc0cbd913df23bed*ccfd
RX # PAI1,TRAIN,2804,4248
TX PAI1,TRAIN,2805,4,3e833ead3e863ea5beedbe30bdc3be2bbcbcbda13d7dbda7*0e3e
RX # PAI1,TRAIN,2805,4237
TX PAI1,TRAIN,2806,2,3d26bdd3beccbeb63d893e9f3ee33f0e3e5e3ea6beadbe4b*a9f1
RX # PAI1,TRAIN,2806,4237
TX PAI1,TRAIN,2807,3,bbcf3f303e203e94be75beb9be1dbc173d9b3b413cb5bdae*172f
RX # PAI1,TRAIN,2807,4247
TX PAI1,TRAIN,2808,3,3d4b3efc3f073f03be5dbebc3d78be063db33d853d3bbddd*e7d1
RX # PAI1,TRAIN,2808,4238
TX PAI1,TRAIN,2809,3,3c2f3df43e5b3d5bbeacbec3be8cbe26bd7bbe09bd91be50*3fc8
RX # PAI1,TRAIN,2809,4248
TX PAI1,TRAIN,2810,3,3eb4bc91be67bbe83e2ebe98bd253e983da73d4f3e5e3eb9*1c19
RX # PAI1,TRAIN,2810,4239
TX PAI1,TRAIN,2811,1,be93bd613e7f3e0f3db53ed5be96bf11beafbeb53e813e10*a334
RX # PAI1,TRAIN,2811,4239
TX PAI1,TRAIN,2812,4,3ec63f863ed73f31bf30be7ebe1cbc903deb3c9c3d36be57*5602
RX # PAI1,TRAIN,2812,4249
TX PAI1,TRAIN,2813,2,bf19be39beb8befb3f1b3e3e3ecb3e9d3db23e79beadbe3c*049a
RX # PAI1,TRAIN,2813,4239
TX PAI1,TRAIN,2814,1,becfbef1bd2dbe733e7c3ec0be03bec1bed7beb23dfb3dcd*172f
RX # PAI1,TRAIN,2814,4238
TX PAI1,TRAIN,2815,1,be56be75bd2abe623d013eeebe84bee7be55be803e0f3e30*14be
RX # PAI1,TRAIN,2815,4239
TX PAI1,TRAIN,2816,3,bdc9bea8bdccbe5a3c65be7bbbb53d75be52be1c3e4d3ea1*7889
RX # PAI1,TRAIN,2816,4249
TX PAI1,TRAIN,2817,4,be333e83bde1bdb43de5bdb9bd623e473d573d38bbdf3d4e*d05c
RX # PAI1,TRAIN,2817,4240
TX PAI1,TRAIN,2818,4,be70bdafbe24be633da0bde5be463e0abcc5bd6abd0d3c0e*2d20
RX # PAI1,TRAIN,2818,4249
TX PAI1,TRAIN,2819,2,3f033f183f843f67bec83e903e733f1e3eaf3e9f3d63bdff*1052
RX # PAI1,TRAIN,2819,4245
TX PAI1,TRAIN,2820,1,bec3bc33be33be803ec23ef5be89bed1be91be9b3e243e40*57ee
RX # PAI1,TRAIN,2820,4238
TX PAI1,TRAIN,2821,4,bcc0be11be57be7cbe23be013dcf3cc9bcc63c3bbd7f3c55*28bd
RX # PAI1,TRAIN,2821,4239
TX PAI1,TRAIN,2822,1,be37bdd43e19bcb5ba913eb1beccbee2bef8bef83e8b3e2a*8b16
RX # PAI1,TRAIN,2822,4240
TX PAI1,TRAIN,2823,2,3f3ebea5beb63e45bd933e9f3f2a3f273f1b3f22be76bde0*df52
RX # PAI1,TRAIN,2823,4248
TX PAI1,TRAIN,2824,4,3ede3caa3ebd3ed3bf41be09bcf6be1e3e183da53d9cbc40*eb4b
RX # PAI1,TRAIN,2824,4248
TX PAI1,TRAIN,2825,3,3ea23eb53eff3f04be7ebeb9beb9be1abdd3be283d93be45*60c6
RX # PAI1,TRAIN,2825,4240
TX PAI1,TRAIN,2826,3,3dc83e6f3efd3ed6be9bbeafbe6ebe04bdb8be153d8dbe16*2460
RX # PAI1,TRAIN,2826,4240
TX PAI1,TRAIN,2827,1,be8f3df63e223df23eac3f05be9fbec4be85be9a3e9c3e83*f1c4
RX # PAI1,TRAIN,2827,4247
TX PAI1,TRAIN,2828,1,bdb3be183e523d59bde73ecbbecbbf02bec2becd3e913e4a*d29e
RX # PAI1,TRAIN,2828,4243
TX PAI1,TRAIN,2829,1,be97bea83e0fbb303dd63ee8be91bec4beb8beba3e863e54*d9d7
RX # PAI1,TRAIN,2829,4238
TX PAI1,TRAIN,2830,4,3d573e8c3e9a3eadbd1bbdbc3d063cdb3da33d1a3d8ebc62*f5ae
RX # PAI1,TRAIN,2830,4238
TX PAI1,TRAIN,2831,2,3f6ebe9dbf4abe953efb3e8b3ed33f033e8f3eafbeacbe57*bdda
RX # PAI1,TRAIN,2831,4239
TX PAI1,TRAIN,2832,3,bdd43ea3be11bc38bd22beb1be8cbde7bde6be20bc53bdcb*4ce5
RX # PAI1,TRAIN,2832,4245
TX PAI1,TRAIN,2833,2,bf25be8dbf22bf4c3f4dbf6d3f24be383fb53f96bff2bff7*1cbb
RX # PAI1,TRAIN,2833,4240
TX PAI1,TRAIN,2834,1,bd4cbec93e4d3cf5bd733e98becdbe8dbeddbedd3e943e4c*632b
RX # PAI1,TRAIN,2834,4239
TX PAI1,TRAIN,2835,2,bed7be75be9abf043f093e493ef43e763c383e5ebec7be87*0bf2
RX # PAI1,TRAIN,2835,4239
TX PAI1,TRAIN,2836,4,3e9f398dbe2dbdcbbdd2bde93d493e24bd8abd893d273d8b*8321
RX # PAI1,TRAIN,2836,4239
TX PAI1,TRAIN,2837,2,becabf12bd82be453f023e3a3f013efb3efd3f0fbe113e27*c6b1
RX # PAI1,TRAIN,2837,4239
TX PAI1,TRAIN,2838,1,bea3be0ebccbbdab3e913eaebee3bee1bec5bed23e6d3e2f*cd14
RX # PAI1,TRAIN,2838,4248
TX PAI1,TRAIN,2839,3,3e1abf2abf08beee3e48becc3f223e8e3c653e6a3d283ec2*051e
RX # PAI1,TRAIN,2839,4239
TX PAI1,TRAIN,2840,4,3c9e3dde3d513dc33af4bdfc3dd43e173d683d07bc13bd12*96f8
RX # PAI1,TRAIN,2840,4238
TX PAI1,TRAIN,2841,2,be743e7c3dd83e5c3e1bbbb93f533ec83f303f4bbe62bb08*7319
RX # PAI1,TRAIN,2841,4237
TX PAI1,TRAIN,2842,1,be63be03be26be8e3dea3ecabea1bed2bea5beb53e223e2e*c365
RX # PAI1,TRAIN,2842,4238
TX PAI1,TRAIN,2843,3,3ddabe8ebecdbeb7be86bead3edc3ee53e463eafbe3d3d47*e752
RX # PAI1,TRAIN,2843,4239
TX PAI1,TRAIN,2844,4,3d673df2bb853ca5be00bdf2bd033ed73d4c3d393d263da0*4d83
RX # PAI1,TRAIN,2844,4249
TX PAI1,TRAIN,2845,4,bb273e01bde4bda03c07bd83bd493e0dbd08bd813d2c3d81*f840
RX # PAI1,TRAIN,2845,4246
TX PAI1,TRAIN,2846,3,3e02be77be11be4abf04bead3e773d71be11bcb43c023da9*2ee6
RX # PAI1,TRAIN,2846,4247
TX PAI1,TRAIN,2847,3,3ef8be5fbd933d1dbd0ebe41be483ea1bdc5bdb83e853eab*9c58
RX # PAI1,TRAIN,2847,4238
TX PAI1,TRAIN,2848,3,3ec23d373ea63ea1bf19beb4be17be853d89bcbb3dfa3d35*3631
RX # PAI1,TRAIN,2848,4248
TX PAI1,TRAIN,2849,2,3d26bdd3beccbeb63d893e9f3ee33f0e3e5e3ea6beadbe4b*2cc1
RX # PAI1,TRAIN,2849,4238
TX PAI1,TRAIN,2850,1,bdb3be183e523d59bde73ecbbecbbf02bec2becd3e913e4a*a76a
RX # PAI1,TRAIN,2850,4247
TX PAI1,TRAIN,2851,4,3e833ead3e863ea5beedbe30bdc3be2bbcbcbda13d7dbda7*6351
RX # PAI1,TRAIN,2851,4238
TX PAI1,TRAIN,2852,2,3f6ebe9dbf4abe953efb3e8b3ed33f033e8f3eafbeacbe57*2071
RX # PAI1,TRAIN,2852,4238
TX PAI1,TRAIN,2853,3,3eb4bc91be67bbe83e2ebe98bd253e983da73d4f3e5e3eb9*8e6b
RX # PAI1,TRAIN,2853,4248
TX PAI1,TRAIN,2854,2,becabf12bd82be453f023e3a3f013efb3efd3f0fbe113e27*5b1a
RX # PAI1,TRAIN,2854,4248
TX PAI1,TRAIN,2855,3,3c2f3df43e5b3d5bbeacbec3be8cbe26bd7bbe09bd91be50*b8c4
RX # PAI1,TRAIN,2855,4245
TX PAI1,TRAIN,2856,3,3e02be77be11be4abf04bead3e773d71be11bcb43c023da9*a11a
RX # PAI1,TRAIN,2856,4246
TX PAI1,TRAIN,2857,3,bbcf3f303e203e94be75beb9be1dbc173d9b3b413cb5bdae*8761
RX # PAI1,TRAIN,2857,4240
TX PAI1,TRAIN,2858,3,bdc9bea8bdccbe5a3c65be7bbbb53d75be52be1c3e4d3ea1*86f9
RX # PAI1,TRAIN,2858,4243
TX PAI1,TRAIN,2859,3,3dc83e6f3efd3ed6be9bbeafbe6ebe04bdb8be153d8dbe16*2175
RX # PAI1,TRAIN,2859,4244
TX PAI1,TRAIN,2860,2,be743e7c3dd83e5c3e1bbbb93f533ec83f303f4bbe62bb08*0780
RX # PAI1,TRAIN,2860,4244
TX PAI1,TRAIN,2861,1,bec3bc33be33be803ec23ef5be89bed1be91be9b3e243e40*331c
RX # PAI1,TRAIN,2861,4246
TX PAI1,TRAIN,2862,2,bed7be75be9abf043f093e493ef43e763c383e5ebec7be87*eb5d
RX # PAI1,TRAIN,2862,4249
TX PAI1,TRAIN,2863,1,be63be03be26be8e3dea3ecabea1bed2bea5beb53e223e2e*b7fc
RX # PAI1,TRAIN,2863,4238
TX PAI1,TRAIN,2864,1,be56be75bd2abe623d013eeebe84bee7be55be803e0f3e30*f069
RX # PAI1,TRAIN,2864,4248
TX PAI1,TRAIN,2865,1,be97bea83e0fbb303dd63ee8be91bec4beb8beba3e863e54*d127
RX # PAI1,TRAIN,2865,4238
TX PAI1,TRAIN,2866,4,be333e83bde1bdb43de5bdb9bd623e473d573d38bbdf3d4e*348b
RX # PAI1,TRAIN,2866,4247
TX PAI1,TRAIN,2867,3,3ef8be5fbd933d1dbd0ebe41be483ea1bdc5bdb83e853eab*9381
RX # PAI1,TRAIN,2867,4245
TX PAI1,TRAIN,2868,1,be37bdd43e19bcb5ba913eb1beccbee2bef8bef83e8b3e2a*8847
RX # PAI1,TRAIN,2868,4244
TX PAI1,TRAIN,2869,1,be8f3df63e223df23eac3f05be9fbec4be85be9a3e9c3e83*0fb4
RX # PAI1,TRAIN,2869,4247
TX PAI1,TRAIN,2870,4,3d573e8c3e9a3eadbd1bbdbc3d063cdb3da33d1a3d8ebc62*ea1c
RX # PAI1,TRAIN,2870,4239
TX PAI1,TRAIN,2871,2,bf19be39beb8befb3f1b3e3e3ecb3e9d3db23e79beadbe3c*e271
RX # PAI1,TRAIN,2871,4245
TX PAI1,TRAIN,2872,2,3f033f183f843f67bec83e903e733f1e3eaf3e9f3d63bdff*679a
RX # PAI1,TRAIN,2872,4248
TX PAI1,TRAIN,2873,4,bcc0be11be57be7cbe23be013dcf3cc9bcc63c3bbd7f3c55*4e73
RX # PAI1,TRAIN,2873,4248
TX PAI1,TRAIN,2874,4,3e9f398dbe2dbdcbbdd2bde93d493e24bd8abd893d273d8b*6a13
RX # PAI1,TRAIN,2874,4246
TX PAI1,TRAIN,2875,4,be70bdafbe24be633da0bde5be463e0abcc5bd6abd0d3c0e*5149
RX # PAI1,TRAIN,2875,4247
TX PAI1,TRAIN,2876,4,3ede3caa3ebd3ed3bf41be09bcf6be1e3e183da53d9cbc40*8d85
RX # PAI1,TRAIN,2876,4246
TX PAI1,TRAIN,2877,4,3e4a3ed63e283ea7bc4dbd7abddb3b5bbc0cbd913df23bed*deaa
RX # PAI1,TRAIN,2877,4238
TX PAI1,TRAIN,2878,1,bd4cbec93e4d3cf5bd733e98becdbe8dbeddbedd3e943e4c*6bdb
RX # PAI1,TRAIN,2878,4238
TX PAI1,TRAIN,2879,3,3ec23d373ea63ea1bf19beb4be17be853d89bcbb3dfa3d35*cd54
RX # PAI1,TRAIN,2879,4246
TX PAI1,TRAIN,2880,4,3ec63f863ed73f31bf30be7ebe1cbc903deb3c9c3d36be57*101a
RX # PAI1,TRAIN,2880,4247
TX PAI1,TRAIN,2881,1,bea3be0ebccbbdab3e913eaebee3bee1bec5bed23e6d3e2f*e376
RX # PAI1,TRAIN,2881,4239
TX PAI1,TRAIN,2882,3,3d4b3efc3f073f03be5dbebc3d78be063db33d853d3bbddd*c456
RX # PAI1,TRAIN,2882,4244
TX PAI1,TRAIN,2883,4,bb273e01bde4bda03c07bd83bd493e0dbd08bd813d2c3d81*d337
RX # PAI1,TRAIN,2883,4248
TX PAI1,TRAIN,2884,4,3d673df2bb853ca5be00bdf2bd033ed73d4c3d393d263da0*6d55
RX # PAI1,TRAIN,2884,4243
TX PAI1,TRAIN,2885,3,3ea23eb53eff3f04be7ebeb9beb9be1abdd3be283d93be45*507b
RX # PAI1,TRAIN,2885,4246
TX PAI1,TRAIN,2886,3,3ddabe8ebecdbeb7be86bead3edc3ee53e463eafbe3d3d47*41e5
RX # PAI1,TRAIN,2886,4239
TX PAI1,TRAIN,2887,1,be93bd613e7f3e0f3db53ed5be96bf11beafbeb53e813e10*180d
RX # PAI1,TRAIN,2887,4244
TX PAI1,TRAIN,2888,1,becfbef1bd2dbe733e7c3ec0be03bec1bed7beb23dfb3dcd*b0f5
RX # PAI1,TRAIN,2888,4238
TX PAI1,TRAIN,2889,2,3f3ebea5beb63e45bd933e9f3f2a3f273f1b3f22be76bde0*f30c
RX # PAI1,TRAIN,2889,4246
TX PAI1,TRAIN,2890,3,3e1abf2abf08beee3e48becc3f223e8e3c653e6a3d283ec2*a480
RX # PAI1,TRAIN,2890,4246
TX PAI1,TRAIN,2891,1,bebb3d99be97be8c3ee43ef6beb7beb3be98beac3e443e69*2917
RX # PAI1,TRAIN,2891,4245
TX PAI1,TRAIN,2892,4,3c9e3dde3d513dc33af4bdfc3dd43e173d683d07bc13bd12*cf52
RX # PAI1,TRAIN,2892,4240
TX PAI1,TRAIN,2893,2,bf25be8dbf22bf4c3f4dbf6d3f24be383fb53f96bff2bff7*2c06
RX # PAI1,TRAIN,2893,4244
TX PAI1,TRAIN,2894,3,bdd43ea3be11bc38bd22beb1be8cbde7bde6be20bc53bdcb*77f9
RX # PAI1,TRAIN,2894,4248
TX PAI1,TRAIN,2895,3,3c2f3df43e5b3d5bbeacbec3be8cbe26bd7bbe09bd91be50*9812
RX # PAI1,TRAIN,2895,4246
TX PAI1,TRAIN,2896,4,3ec63f863ed73f31bf30be7ebe1cbc903deb3c9c3d36be57*9447
RX # PAI1,TRAIN,2896,4238
TX PAI1,TRAIN,2897,4,be70bdafbe24be633da0bde5be463e0abcc5bd6abd0d3c0e*88c6
RX # PAI1,TRAIN,2897,4238
TX PAI1,TRAIN,2898,1,be8f3df63e223df23eac3f05be9fbec4be85be9a3e9c3e83*d407
RX # PAI1,TRAIN,2898,4239
TX PAI1,TRAIN,2899,3,bdc9bea8bdccbe5a3c65be7bbbb53d75be52be1c3e4d3ea1*dd6f
RX # PAI1,TRAIN,2899,4241
TX PAI1,TRAIN,2900,1,becfbef1bd2dbe733e7c3ec0be03bec1bed7beb23dfb3dcd*f995
RX # PAI1,TRAIN,2900,4248
TX PAI1,TRAIN,2901,1,be97bea83e0fbb303dd63ee8be91bec4beb8beba3e863e54*a00a
RX # PAI1,TRAIN,2901,4237
TX PAI1,TRAIN,2902,1,bebb3d99be97be8c3ee43ef6beb7beb3be98beac3e443e69*8828
RX # PAI1,TRAIN,2902,4246
TX PAI1,TRAIN,2903,3,bbcf3f303e203e94be75beb9be1dbc173d9b3b413cb5bdae*7669
RX # PAI1,TRAIN,2903,4240
TX PAI1,TRAIN,2904,2,3f6ebe9dbf4abe953efb3e8b3ed33f033e8f3eafbeacbe57*27f9
RX # PAI1,TRAIN,2904,4239
TX PAI1,TRAIN,2905,3,bdd43ea3be11bc38bd22beb1be8cbde7bde6be20bc53bdcb*2046
RX # PAI1,TRAIN,2905,4248
TX PAI1,TRAIN,2906,3,3e02be77be11be4abf04bead3e773d71be11bcb43c023da9*ad33
RX # PAI1,TRAIN,2906,4244
TX PAI1,TRAIN,2907,4,3c9e3dde3d513dc33af4bdfc3dd43e173d683d07bc13bd12*65cc
RX # PAI1,TRAIN,2907,4245
TX PAI1,TRAIN,2908,3,3eb4bc91be67bbe83e2ebe98bd253e983da73d4f3e5e3eb9*e5e1
RX # PAI1,TRAIN,2908,4239
TX PAI1,TRAIN,2909,1,bdb3be183e523d59bde73ecbbecbbf02bec2becd3e913e4a*3a60
RX # PAI1,TRAIN,2909,4238
TX PAI1,TRAIN,2910,1,bec3bc33be33be803ec23ef5be89bed1be91be9b3e243e40*4bac
RX # PAI1,TRAIN,2910,4246
TX PAI1,TRAIN,2911,1,be56be75bd2abe623d013eeebe84bee7be55be803e0f3e30*75f8
RX # PAI1,TRAIN,2911,4246
TX PAI1,TRAIN,2912,3,3ef8be5fbd933d1dbd0ebe41be483ea1bdc5bdb83e853eab*1610
RX # PAI1,TRAIN,2912,4238
TX PAI1,TRAIN,2913,3,3ea23eb53eff3f04be7ebeb9beb9be1abdd3be283d93be45*7725
RX # PAI1,TRAIN,2913,4245
TX PAI1,TRAIN,2914,1,bea3be0ebccbbdab3e913eaebee3bee1bec5bed23e6d3e2f*49e8
RX # PAI1,TRAIN,2914,4239
TX PAI1,TRAIN,2915,4,bcc0be11be57be7cbe23be013dcf3cc9bcc63c3bbd7f3c55*c9de
RX # PAI1,TRAIN,2915,4243
TX PAI1,TRAIN,2916,3,3dc83e6f3efd3ed6be9bbeafbe6ebe04bdb8be153d8dbe16*3822
RX # PAI1,TRAIN,2916,4246
TX PAI1,TRAIN,2917,2,3d26bdd3beccbeb63d893e9f3ee33f0e3e5e3ea6beadbe4b*c12a
RX # PAI1,TRAIN,2917,4239
TX PAI1,TRAIN,2918,3,3ddabe8ebecdbeb7be86bead3edc3ee53e463eafbe3d3d47*8cd8
RX # PAI1,TRAIN,2918,4239
TX PAI1,TRAIN,2919,4,3e833ead3e863ea5beedbe30bdc3be2bbcbcbda13d7dbda7*0ae7
RX # PAI1,TRAIN,2919,4238
TX PAI1,TRAIN,2920,4,3d673df2bb853ca5be00bdf2bd033ed73d4c3d393d263da0*3cae
RX # PAI1,TRAIN,2920,4239
TX PAI1,TRAIN,2921,4,3e4a3ed63e283ea7bc4dbd7abddb3b5bbc0cbd913df23bed*d922
RX # PAI1,TRAIN,2921,4240
TX PAI1,TRAIN,2922,3,3e1abf2abf08beee3e48becc3f223e8e3c653e6a3d283ec2*7126
RX # PAI1,TRAIN,2922,4245
TX PAI1,TRAIN,2923,3,3ec23d373ea63ea1bf19beb4be17be853d89bcbb3dfa3d35*dd9e
RX # PAI1,TRAIN,2923,4238
TX PAI1,TRAIN,2924,4,3ede3caa3ebd3ed3bf41be09bcf6be1e3e183da53d9cbc40*772c
RX # PAI1,TRAIN,2924,4239
TX PAI1,TRAIN,2925,2,becabf12bd82be453f023e3a3f013efb3efd3f0fbe113e27*23aa
RX # PAI1,TRAIN,2925,4248
TX PAI1,TRAIN,2926,4,3e9f398dbe2dbdcbbdd2bde93d493e24bd8abd893d273d8b*90ba
RX # PAI1,TRAIN,2926,4240
TX PAI1,TRAIN,2927,4,be333e83bde1bdb43de5bdb9bd623e473d573d38bbdf3d4e*cc1e
RX # PAI1,TRAIN,2927,4247
TX PAI1,TRAIN,2928,1,be63be03be26be8e3dea3ecabea1bed2bea5beb53e223e2e*538a
RX # PAI1,TRAIN,2928,4245
TX PAI1,TRAIN,2929,1,bd4cbec93e4d3cf5bd733e98becdbe8dbeddbedd3e943e4c*1cb2
RX # PAI1,TRAIN,2929,4248
TX PAI1,TRAIN,2930,4,3d573e8c3e9a3eadbd1bbdbc3d063cdb3da33d1a3d8ebc62*69c9
RX # PAI1,TRAIN,2930,4244
TX PAI1,TRAIN,2931,2,be743e7c3dd83e5c3e1bbbb93f533ec83f303f4bbe62bb08*70e9
RX # PAI1,TRAIN,2931,4247
TX PAI1,TRAIN,2932,2,3f3ebea5beb63e45bd933e9f3f2a3f273f1b3f22be76bde0*b789
RX # PAI1,TRAIN,2932,4244
TX PAI1,TRAIN,2933,2,bf25be8dbf22bf4c3f4dbf6d3f24be383fb53f96bff2bff7*80dc
RX # PAI1,TRAIN,2933,4240
TX PAI1,TRAIN,2934,2,bed7be75be9abf043f093e493ef43e763c383e5ebec7be87*ecd5
RX # PAI1,TRAIN,2934,4247
TX PAI1,TRAIN,2935,2,3f033f183f843f67bec83e903e733f1e3eaf3e9f3d63bdff*94ae
RX # PAI1,TRAIN,2935,4239
TX PAI1,TRAIN,2936,2,bf19be39beb8befb3f1b3e3e3ecb3e9d3db23e79beadbe3c*1145
RX # PAI1,TRAIN,2936,4243
TX PAI1,TRAIN,2937,1,be93bd613e7f3e0f3db53ed5be96bf11beafbeb53e813e10*3b2b
RX # PAI1,TRAIN,2937,4244
TX PAI1,TRAIN,2938,1,be37bdd43e19bcb5ba913eb1beccbee2bef8bef83e8b3e2a*846e
RX # PAI1,TRAIN,2938,4238
TX PAI1,TRAIN,2939,3,3d4b3efc3f073f03be5dbebc3d78be063db33d853d3bbddd*80d3
RX # PAI1,TRAIN,2939,4248
TX PAI1,TRAIN,2940,4,bb273e01bde4bda03c07bd83bd493e0dbd08bd813d2c3d81*e246
RX # PAI1,TRAIN,2940,4244
TX PAI1,PREDICT,2941,3c86bdd83ec53ec13d943ebcbee2beb1bee0bee93ed43e6e*d35a
RX # PAI1,PREDICT,2941,176,3f5f,bcec,3d82,3db1
TX PAI1,PREDICT,2942,bea5be533db2bd2b3e3c3ee3beb1bea6beb5bebc3e543e0e*3d0c
RX # PAI1,PREDICT,2942,176,3f68,3db4,be01,3e01
TX PAI1,PREDICT,2943,bdf1be953ea13e50bdd33ed0bed2beb2bed8bee23ea03e21*3815
RX # PAI1,PREDICT,2943,175,3f6a,bbf0,bcdc,3de8
TX PAI1,PREDICT,2944,becbbef6be43bed33e2c3ef5beefbf00bedabee93e063e03*92cc
RX # PAI1,PREDICT,2944,177,3f8d,bd30,be16,3db4
TX PAI1,PREDICT,2945,bf25bcabbec2bf133f3e3e553f523eba3e1d3ef3bef4be71*e353
RX # PAI1,PREDICT,2945,176,3da0,3f87,be28,3d14
TX PAI1,PREDICT,2946,bf3fbe3dbf0cbf323f4c3e663ede3ecd3e783e97becabe21*8158
RX # PAI1,PREDICT,2946,174,3e3c,3f54,be4e,3e39
TX PAI1,PREDICT,2947,bf3cbe11bf32bf503f263e323f4e3e6c3d063eebbefebe33*8324
RX # PAI1,PREDICT,2947,185,3e32,3f59,bdd4,3da6
TX PAI1,PREDICT,2948,3e723e2d3e7f3ea8bedabeafbe24bd583e1a3d6e3d26bd33*90ed
RX # PAI1,PREDICT,2948,186,3c12,bd3a,3f0e,3ef3
TX PAI1,PREDICT,2949,3e9d3c443ecd3eeebf26bec33e363ea93e6f3e5e3ce6bd0c*2623
RX # PAI1,PREDICT,2949,176,be8c,3e36,3f1a,3f00
TX PAI1,PREDICT,2950,3e84bf08be91bed3bca0be60be833d02bdfbbe173e803ef5*8abe
RX # PAI1,PREDICT,2950,176,3e68,be96,3f48,3e98
TX PAI1,PREDICT,2951,be32be653df0be643e17be41be3fbdb8be20be213e513ea4*b358
RX # PAI1,PREDICT,2951,175,3e8e,be0a,3f26,3e56
TX PAI1,PREDICT,2952,3e043f083e813eb2be5bbd8fbe57bdf1bd6abdda3df1bcaf*8f03
RX # PAI1,PREDICT,2952,175,3e42,3b60,3e85,3f0c
TX PAI1,PREDICT,2953,3d8d3fc13ecd3f51be9ebed9bdd53eac3d843d1dbd97bedd*cbd0
RX # PAI1,PREDICT,2953,175,bef9,3e0c,3e95,3f87
TX PAI1,PREDICT,2954,3e7b3e803d193e2cbe97be37bbdebcfd3d613c8e3b12bd6b*3aee
RX # PAI1,PREDICT,2954,174,3d8c,3d90,3ec3,3ef7
TX PAI1,INIT,2955,12,64,1,1*7696
RX # PAI1,INIT,2955,12,64,4
TX PAI1,TRAIN,2956,1,bdaabe863e9d3e41bddd3ecebec2beb6bedbbee03ea33e26*8991
RX # PAI1,TRAIN,2956,4248
TX PAI1,TRAIN,2957,2,bf31be2bbf0abf1d3f3b3e603ed43ed43e8c3e9ebed4be31*3796
RX # PAI1,TRAIN,2957,4244
TX PAI1,TRAIN,2958,1,be7ebd593e783e073d913ed3be8abf15beafbeb33e843e14*e4c2
RX # PAI1,TRAIN,2958,4247
TX PAI1,TRAIN,2959,2,bf17bcbabec0bf023f2f3e4e3f463ec03e383efbbeffbe83*304d
RX # PAI1,TRAIN,2959,4246
TX PAI1,TRAIN,2960,3,3ebdbca3be663a273e17be9ebd053e9e3dd63d793e613ec3*21dd
RX # PAI1,TRAIN,2960,4247
TX PAI1,TRAIN,2961,3,3e08be80becbbea0be83beb33ed23eec3e643eb6be493d3f*c52c
RX # PAI1,TRAIN,2961,4238
TX PAI1,TRAIN,2962,2,3f063f053f823f51bec03e8d3e6a3f233ec23ea63d59be0d*114c
RX # PAI1,TRAIN,2962,4249
TX PAI1,TRAIN,2963,3,3e1cbe5fbe11be2ebefdbeb43e6e3d80be07bc4f3b6e3da9*6f62
RX # PAI1,TRAIN,2963,4249
TX PAI1,TRAIN,2964,4,3d473dbb3d443dbdbc21be083dd23e1e3da03d30bc64bd31*a967
RX # PAI1,TRAIN,2964,4245
TX PAI1,TRAIN,2965,4,3bf8be05be56be5abe24be0b3dce3cdfbbea3caebd8e3c0c*2804
RX # PAI1,TRAIN,2965,4246
TX PAI1,TRAIN,2966,2,beb3bf02bd85be293eed3e333ef63f013f0a3f14be1b3e2c*3cd0
RX # PAI1,TRAIN,2966,4247
TX PAI1,TRAIN,2967,3,3e33bf18bf07bed23e2fbed33f1a3e933d083e773d1b3ecc*cbde
RX # PAI1,TRAIN,2967,4238
TX PAI1,TRAIN,2968,2,3f6dbe8dbf47be823ee53e883ec93f083ea03eb6beb5be6b*d5e1
RX # PAI1,TRAIN,2968,4238
TX PAI1,TRAIN,2969,1,bd5ebe0b3e4c3d5fbdf03ec9bebcbf05bec4becb3e943e52*e985
RX # PAI1,TRAIN,2969,4246
TX PAI1,TRAIN,2970,3,3d263dcf3e553d60bea6bec9be80be28bd3dbe01bda0be63*3157
RX # PAI1,TRAIN,2970,4245
TX PAI1,TRAIN,2971,4,3e883e5e3d0c3e22be93be42ba61bcf43d9c3cdfbb17bd88*ef95
RX # PAI1,TRAIN,2971,4246
TX PAI1,TRAIN,2972,3,3dff3e4f3ef73ec3be96beb6be5abe06bd9cbe0d3d89be25*cdee
RX # PAI1,TRAIN,2972,4247
TX PAI1,TRAIN,2973,1,be3cbdf0be25be783dc23ec8be94bed7bea5beb23e243e34*637d
RX # PAI1,TRAIN,2973,4246
TX PAI1,TRAIN,2974,4,3ea8bb83be2dbda7bddcbdfc3d543e2bbd58bd6f3d1b3d89*55b8
RX # PAI1,TRAIN,2974,4247
TX PAI1,TRAIN,2975,3,3e843e153e783e9abed1beb5be15bd563e363d8c3d19bd54*6295
RX # PAI1,TRAIN,2975,4238
TX PAI1,TRAIN,2976,1,be82be973e0a3b963db03ee6be86bec8beb9beb73e883e5c*4020
RX # PAI1,TRAIN,2976,4247
TX PAI1,TRAIN,2977,2,bf17be7ebf20bf353f3cbf723f1bbe3b3fc23f99bffbc004*07d0
RX # PAI1,TRAIN,2977,4246
TX PAI1,TRAIN,2978,4,3da53e743e963e9ebd40bdcf3d143cf23dd23d433d8abca4*b402
RX # PAI1,TRAIN,2978,4247
TX PAI1,TRAIN,2979,1,3d3cbdc73ec13eb03d653eb9bed2beb5bee3bee73ed93e79*b1cf
RX # PAI1,TRAIN,2979,4248
TX PAI1,TRAIN,2980,4,3dad3dcdbbd43ccdbe03be03bcc93ede3d913d633d193d9f*6a33
RX # PAI1,TRAIN,2980,4246
TX PAI1,TRAIN,2981,2,3f3fbe94beb53e37bda13e9c3f213f2c3f283f26be82bdfa*e923
RX # PAI1,TRAIN,2981,4246
TX PAI1,TRAIN,2982,1,be8fbe3f3daabcf93e233ee1bea3beaabeb5beba3e583e11*dc81
RX # PAI1,TRAIN,2982,4246
TX PAI1,TRAIN,2983,3,3ecb3d113ea23e93bf11bebabe08be883db7bc5d3dfa3d2b*18f5
RX # PAI1,TRAIN,2983,4246
TX PAI1,TRAIN,2984,2,3d8ebdc4becabe9f3d513e9d3ed83f133e7d3eadbeb6be5e*0914
RX # PAI1,TRAIN,2984,4238
TX PAI1,TRAIN,2985,2,bf0bbe28beb6bedd3f0e3e373ec13ea33de23e83beb6be4e*e6e0
RX # PAI1,TRAIN,2985,4246
TX PAI1,TRAIN,2986,1,be8ebe02bcdcbd8b3e823eacbed3bee6bec7becf3e723e35*d8b3
RX # PAI1,TRAIN,2986,4245
TX PAI1,TRAIN,2987,3,3effbe4abd963d29bd34be4cbe373ea7bdaabda73e873eb3*6fa1
RX # PAI1,TRAIN,2987,4248
TX PAI1,TRAIN,2988,4,be0e3e64bde3bd933dbebdcdbd3e3e4f3d973d62bc3f3d46*cb5d
RX # PAI1,TRAIN,2988,4246
TX PAI1,TRAIN,2989,2,be4d3e5a3dd03e4c3e04bc673f483ecf3f3e3f50be6fbbf7*7806
RX # PAI1,TRAIN,2989,4247
TX PAI1,TRAIN,2990,3,3eab3e9d3ef93ef0be79bec0beabbe1dbdb9be203d8fbe57*0585
RX # PAI1,TRAIN,2990,4245
TX PAI1,TRAIN,2991,4,3ee53c673eb83ec1bf37be13bcbabe203e343dbb3d98bc92*eb3d
RX # PAI1,TRAIN,2991,4244
TX PAI1,TRAIN,2992,4,3e613ebb3e233e99bcbebd8fbdc33bb13c19bd803df23b1d*1588
RX # PAI1,TRAIN,2992,4245
TX PAI1,TRAIN,2993,1,be12bdc43e14bc53bc4e3eafbebdbee8befdbef63e8e3e30*79c1
RX # PAI1,TRAIN,2993,4247
TX PAI1,TRAIN,2994,3,be0cbe4f3de7be453e01be4cbe2ebdb9be17be193e543eac*6594
RX # PAI1,TRAIN,2994,4246
TX PAI1,TRAIN,2995,1,bea53d7dbe96be733ecf3ef4bea9beb7be97bea93e473e73*d5c8
RX # PAI1,TRAIN,2995,4239
TX PAI1,TRAIN,2996,1,be743dd13e1d3de73e9b3f04be93bec9be83be983ea03e89*c2c6
RX # PAI1,TRAIN,2996,4238
TX PAI1,TRAIN,2997,1,beb4bedbbe42beb93e153ef3bedebf03beddbee73e063e07*ac25
RX # PAI1,TRAIN,2997,4238
TX PAI1,TRAIN,2998,2,bf2ebe04bf30bf393f183e2b3f433e753d593ef3bf05be44*d6a0
RX # PAI1,TRAIN,2998,4247
TX PAI1,TRAIN,2999,1,be2fbe5dbd31be433c933eecbe73beedbe4ebe793e103e37*29ab
RX # PAI1,TRAIN,2999,4238
TX PAI1,TRAIN,3000,3,bd8e3e8ebe11bb49bd47beb8be80bdeabdcdbe19bc93bde4*f34e
RX # PAI1,TRAIN,3000,4245
TX PAI1,TRAIN,3001,4,3ece3f6c3ed23f20bf27be84be0dbc833e0f3ced3d29be6a*0822
RX # PAI1,TRAIN,3001,4247
TX PAI1,TRAIN,3002,3,3e8fbef2be90beb9bcf4be6bbe723d0ebde4be0f3e833f01*e856
RX # PAI1,TRAIN,3002,4246
TX PAI1,TRAIN,3003,4,3e1e3eef3e7d3ea3be58bda2be45bdf4bd2cbdc93df1bce7*08a8
RX # PAI1,TRAIN,3003,4246
TX PAI1,TRAIN,3004,4,3ce33ddbbde5bd81bb7cbd95bd263e13bc8abd5f3d1f3d7e*1d81
RX # PAI1,TRAIN,3004,4248
TX PAI1,TRAIN,3005,3,bd84be97bdcebe3c3ac1be8339a63d82be4bbe143e503ea9*67c6
RX # PAI1,TRAIN,3005,4247
TX PAI1,TRAIN,3006,4,be48bda3be24be443d7bbdf9be343e0fbbe4bd46bd263b82*17c8
RX # PAI1,TRAIN,3006,4237
TX PAI1,TRAIN,3007,4,3e8e3e963e833e97bee3be3abdacbe2ebbc0bd903d73bdbd*b391
RX # PAI1,TRAIN,3007,4244
TX PAI1,TRAIN,3008,3,3d9f3edd3f043eeebe5abec33d80be083de33d9b3d2fbdf6*32fb
RX # PAI1,TRAIN,3008,4238
TX PAI1,TRAIN,3009,3,3ea73bcf3ec93ed9bf1ebec93e313eaf3e873e6b3cc8bd2c*90df
RX # PAI1,TRAIN,3009,4249
TX PAI1,TRAIN,3010,1,beacbc64be33be5e3eaf3ef4be7cbed6be8fbe983e253e47*5ffc
RX # PAI1,TRAIN,3010,4237
TX PAI1,TRAIN,3011,2,bec0be5dbe99beea3efa3e433ee83e7f3cf83e6bbed1be93*c533
RX # PAI1,TRAIN,3011,4245
TX PAI1,TRAIN,3012,1,bc91beb43e483d0abd893e95bebebe90bee0bedb3e973e54*3626
RX # PAI1,TRAIN,3012,4248
TX PAI1,TRAIN,3013,4,3dc63faa3ec93f3dbe9abee0bdbc3eb23db13d46bda6beef*126f
RX # PAI1,TRAIN,3013,4248
TX PAI1,TRAIN,3014,3,3cc53f1a3e1b3e88be71bec0be0ebbf73dc93c4f3c96bdc5*76fc
RX # PAI1,TRAIN,3014,4240
TX PAI1,TRAIN,3015,1,beb8bed7bd34be523e5f3ebebdebbec6bedabeaf3dfb3dcf*25ff
RX # PAI1,TRAIN,3015,4247
TX PAI1,TRAIN,3016,4,be0e3e64bde3bd933dbebdcdbd3e3e4f3d973d62bc3f3d46*80e9
RX # PAI1,TRAIN,3016,4248
TX PAI1,TRAIN,3017,3,3effbe4abd963d29bd34be4cbe373ea7bdaabda73e873eb3*c5d7
RX # PAI1,TRAIN,3017,4248
TX PAI1,TRAIN,3018,1,bc91beb43e483d0abd893e95bebebe90bee0bedb3e973e54*2ac5
RX # PAI1,TRAIN,3018,4247
TX PAI1,TRAIN,3019,3,bd8e3e8ebe11bb49bd47beb8be80bdeabdcdbe19bc93bde4*ed91
RX # PAI1,TRAIN,3019,4241
TX PAI1,TRAIN,3020,2,3f3fbe94beb53e37bda13e9c3f213f2c3f283f26be82bdfa*b830
RX # PAI1,TRAIN,3020,4237
TX PAI1,TRAIN,3021,3,3ea73bcf3ec93ed9bf1ebec93e313eaf3e873e6b3cc8bd2c*7565
RX # PAI1,TRAIN,3021,4238
TX PAI1,TRAIN,3022,4,3bf8be05be56be5abe24be0b3dce3cdfbbea3caebd8e3c0c*5db9
RX # PAI1,TRAIN,3022,4240
TX PAI1,TRAIN,3023,2,bf17bcbabec0bf023f2f3e4e3f463ec03e383efbbeffbe83*a9d7
RX # PAI1,TRAIN,3023,4239
TX PAI1,TRAIN,3024,1,3d3cbdc73ec13eb03d653eb9bed2beb5bee3bee73ed93e79*576d
RX # PAI1,TRAIN,3024,4238
TX PAI1,TRAIN,3025,1,be743dd13e1d3de73e9b3f04be93bec9be83be983ea03e89*eaa9
RX # PAI1,TRAIN,3025,4248
TX PAI1,TRAIN,3026,3,3e08be80becbbea0be83beb33ed23eec3e643eb6be493d3f*b091
RX # PAI1,TRAIN,3026,4246
TX PAI1,TRAIN,3027,2,bf17be7ebf20bf353f3cbf723f1bbe3b3fc23f99bffbc004*8d70
RX # PAI1,TRAIN,3027,4246
TX PAI1,TRAIN,3028,1,be82be973e0a3b963db03ee6be86bec8beb9beb73e883e5c*2b42
RX # PAI1,TRAIN,3028,4238
TX PAI1,TRAIN,3029,1,bd5ebe0b3e4c3d5fbdf03ec9bebcbf05bec4becb3e943e52*ecd9
RX # PAI1,TRAIN,3029,4238
TX PAI1,TRAIN,3030,4,3ce33ddbbde5bd81bb7cbd95bd263e13bc8abd5f3d1f3d7e*6085
RX # PAI1,TRAIN,3030,4248
TX PAI1,TRAIN,3031,4,3dad3dcdbbd43ccdbe03be03bcc93ede3d913d633d193d9f*b4dc
RX # PAI1,TRAIN,3031,4247
TX PAI1,TRAIN,3032,2,bec0be5dbe99beea3efa3e433ee83e7f3cf83e6bbed1be93*472a
RX # PAI1,TRAIN,3032,4247
TX PAI1,TRAIN,3033,4,be48bda3be24be443d7bbdf9be343e0fbbe4bd46bd263b82*118c
RX # PAI1,TRAIN,3033,4247
TX PAI1,TRAIN,3034,1,beb8bed7bd34be523e5f3ebebdebbec6bedabeaf3dfb3dcf*5166
RX # PAI1,TRAIN,3034,4246
TX PAI1,TRAIN,3035,1,be8ebe02bcdcbd8b3e823eacbed3bee6bec7becf3e723e35*f0dc
RX # PAI1,TRAIN,3035,4249
TX PAI1,TRAIN,3036,2,bf0bbe28beb6bedd3f0e3e373ec13ea33de23e83beb6be4e*ce8f
RX # PAI1,TRAIN,3036,4239
TX PAI1,TRAIN,3037,4,3e8e3e963e833e97bee3be3abdacbe2ebbc0bd903d73bdbd*33b4
RX # PAI1,TRAIN,3037,4238
TX PAI1,TRAIN,3038,3,be0cbe4f3de7be453e01be4cbe2ebdb9be17be193e543eac*5885
RX # PAI1,TRAIN,3038,4248
TX PAI1,TRAIN,3039,4,3dc63faa3ec93f3dbe9abee0bdbc3eb23db13d46bda6beef*0155
RX # PAI1,TRAIN,3039,4237
TX PAI1,TRAIN,3040,1,beacbc64be33be5e3eaf3ef4be7cbed6be8fbe983e253e47*cfb2
RX # PAI1,TRAIN,3040,4248
TX PAI1,TRAIN,3041,2,3d8ebdc4becabe9f3d513e9d3ed83f133e7d3eadbeb6be5e*b54d
RX # PAI1,TRAIN,3041,4245
TX PAI1,TRAIN,3042,1,beb4bedbbe42beb93e153ef3bedebf03beddbee73e063e07*9f80
RX # PAI1,TRAIN,3042,4239
TX PAI1,TRAIN,3043,2,bf2ebe04bf30bf393f183e2b3f433e753d593ef3bf05be44*04c7
RX # PAI1,TRAIN,3043,4240
TX PAI1,TRAIN,3044,1,be7ebd593e783e073d913ed3be8abf15beafbeb33e843e14*6692
RX # PAI1,TRAIN,3044,4248
TX PAI1,TRAIN,3045,2,3f063f053f823f51bec03e8d3e6a3f233ec23ea63d59be0d*749a
RX # PAI1,TRAIN,3045,4245
TX PAI1,TRAIN,3046,1,be12bdc43e14bc53bc4e3eafbebdbee8befdbef63e8e3e30*4a64
RX # PAI1,TRAIN,3046,4247
TX PAI1,TRAIN,3047,3,3e33bf18bf07bed23e2fbed33f1a3e933d083e773d1b3ecc*dee9
RX # PAI1,TRAIN,3047,4238
TX PAI1,TRAIN,3048,4,3ece3f6c3ed23f20bf27be84be0dbc833e0f3ced3d29be6a*86b3
RX # PAI1,TRAIN,3048,4244
TX PAI1,TRAIN,3049,3,3e843e153e783e9abed1beb5be15bd563e363d8c3d19bd54*ef1c
RX # PAI1,TRAIN,3049,4239
TX PAI1,TRAIN,3050,3,3d263dcf3e553d60bea6bec9be80be28bd3dbe01bda0be63*2460
RX # PAI1,TRAIN,3050,4249
TX PAI1,TRAIN,3051,4,3e613ebb3e233e99bcbebd8fbdc33bb13c19bd803df23b1d*a270
RX # PAI1,TRAIN,3051,4239
TX PAI1,TRAIN,3052,4,3e883e5e3d0c3e22be93be42ba61bcf43d9c3cdfbb17bd88*7762
RX # PAI1,TRAIN,3052,4237
TX PAI1,TRAIN,3053,1,be3cbdf0be25be783dc23ec8be94bed7bea5beb23e243e34*764a
RX # PAI1,TRAIN,3053,4244
TX PAI1,TRAIN,3054,2,bf31be2bbf0abf1d3f3b3e603ed43ed43e8c3e9ebed4be31*a0b8
RX # PAI1,TRAIN,3054,4247
TX PAI1,TRAIN,3055,3,3d9f3edd3f043eeebe5abec33d80be083de33d9b3d2fbdf6*ceb7
RX # PAI1,TRAIN,3055,4237
TX PAI1,TRAIN,3056,3,bd84be97bdcebe3c3ac1be8339a63d82be4bbe143e503ea9*7a48
RX # PAI1,TRAIN,3056,4247
TX PAI1,TRAIN,3057,2,be4d3e5a3dd03e4c3e04bc673f483ecf3f3e3f50be6fbbf7*2c00
RX # PAI1,TRAIN,3057,4248
TX PAI1,TRAIN,3058,2,3f6dbe8dbf47be823ee53e883ec93f083ea03eb6beb5be6b*4f2a
RX # PAI1,TRAIN,3058,4246
TX PAI1,TRAIN,3059,3,3dff3e4f3ef73ec3be96beb6be5abe06bd9cbe0d3d89be25*bf7a
RX # PAI1,TRAIN,3059,4248
TX PAI1,TRAIN,3060,3,3eab3e9d3ef93ef0be79bec0beabbe1dbdb9be203d8fbe57*bf98
RX # PAI1,TRAIN,3060,4248
TX PAI1,TRAIN,3061,1,bea53d7dbe96be733ecf3ef4bea9beb7be97bea93e473e73*92f4
RX # PAI1,TRAIN,3061,4245
TX PAI1,TRAIN,3062,3,3cc53f1a3e1b3e88be71bec0be0ebbf73dc93c4f3c96bdc5*e2ca
RX # PAI1,TRAIN,3062,4239
TX PAI1,TRAIN,3063,4,3d473dbb3d443dbdbc21be083dd23e1e3da03d30bc64bd31*c368
RX # PAI1,TRAIN,3063,4240
TX PAI1,TRAIN,3064,4,3ee53c673eb83ec1bf37be13bcbabe203e343dbb3d98bc92*d741
RX # PAI1,TRAIN,3064,4239
TX PAI1,TRAIN,3065,1,be8fbe3f3daabcf93e233ee1bea3beaabeb5beba3e583e11*9981
RX # PAI1,TRAIN,3065,4247
TX PAI1,TRAIN,3066,4,3da53e743e963e9ebd40bdcf3d143cf23dd23d433d8abca4*c0d2
RX # PAI1,TRAIN,3066,4238
TX PAI1,TRAIN,3067,3,3e1cbe5fbe11be2ebefdbeb43e6e3d80be07bc4f3b6e3da9*88ad
RX # PAI1,TRAIN,3067,4247
TX PAI1,TRAIN,3068,1,be2fbe5dbd31be433c933eecbe73beedbe4ebe793e103e37*e8f6
RX # PAI1,TRAIN,3068,4249
TX PAI1,TRAIN,3069,3,3ebdbca3be663a273e17be9ebd053e9e3dd63d793e613ec3*aa10
RX # PAI1,TRAIN,3069,4237
TX PAI1,TRAIN,3070,2,beb3bf02bd85be293eed3e333ef63f013f0a3f14be1b3e2c*a263
RX # PAI1,TRAIN,3070,4240
TX PAI1,TRAIN,3071,3,3ecb3d113ea23e93bf11bebabe08be883db7bc5d3dfa3d2b*5468
RX # PAI1,TRAIN,3071,4238
TX PAI1,TRAIN,3072,4,3ea8bb83be2dbda7bddcbdfc3d543e2bbd58bd6f3d1b3d89*44f7
RX # PAI1,TRAIN,3072,4248
TX PAI1,TRAIN,3073,3,3e8fbef2be90beb9bcf4be6bbe723d0ebde4be0f3e833f01*0c81
RX # PAI1,TRAIN,3073,4248
TX PAI1,TRAIN,3074,4,3e1e3eef3e7d3ea3be58bda2be45bdf4bd2cbdc93df1bce7*e7de
RX # PAI1,TRAIN,3074,4248
TX PAI1,TRAIN,3075,1,bdaabe863e9d3e41bddd3ecebec2beb6bedbbee03ea33e26*1166
RX # PAI1,TRAIN,3075,4247
TX PAI1,TRAIN,3076,1,beb4bedbbe42beb93e153ef3bedebf03beddbee73e063e07*e284
RX # PAI1,TRAIN,3076,4237
TX PAI1,TRAIN,3077,3,3e08be80becbbea0be83beb33ed23eec3e643eb6be493d3f*5b9f
RX # PAI1,TRAIN,3077,4247
TX PAI1,TRAIN,3078,3,3d263dcf3e553d60bea6bec9be80be28bd3dbe01bda0be63*c1da
RX # PAI1,TRAIN,3078,4247
TX PAI1,TRAIN,3079,2,3f6dbe8dbf47be823ee53e883ec93f083ea03eb6beb5be6b*3bb3
RX # PAI1,TRAIN,3079,4238
TX PAI1,TRAIN,3080,1,be12bdc43e14bc53bc4e3eafbebdbee8befdbef63e8e3e30*6113
RX # PAI1,TRAIN,3080,4248
TX PAI1,TRAIN,3081,4,3d473dbb3d443dbdbc21be083dd23e1e3da03d30bc64bd31*1ae7
RX # PAI1,TRAIN,3081,4238
TX PAI1,TRAIN,3082,1,be7ebd593e783e073d913ed3be8abf15beafbeb33e843e14*4de5
RX # PAI1,TRAIN,3082,4248
TX PAI1,TRAIN,3083,3,be0cbe4f3de7be453e01be4cbe2ebdb9be17be193e543eac*8067
RX # PAI1,TRAIN,3083,4239
TX PAI1,TRAIN,3084,3,bd84be97bdcebe3c3ac1be8339a63d82be4bbe143e503ea9*23e2
RX # PAI1,TRAIN,3084,4237
TX PAI1,TRAIN,3085,2,bf17bcbabec0bf023f2f3e4e3f463ec03e383efbbeffbe83*92cb
RX # PAI1,TRAIN,3085,4237
TX PAI1,TRAIN,3086,1,bdaabe863e9d3e41bddd3ecebec2beb6bedbbee03ea33e26*3c55
RX # PAI1,TRAIN,3086,4248
TX PAI1,TRAIN,3087,1,beb8bed7bd34be523e5f3ebebdebbec6bedabeaf3dfb3dcf*63e7
RX # PAI1,TRAIN,3087,4239
TX PAI1,TRAIN,3088,1,be3cbdf0be25be783dc23ec8be94bed7bea5beb23e243e34*bec3
RX # PAI1,TRAIN,3088,4247
TX PAI1,TRAIN,3089,1,bc91beb43e483d0abd893e95bebebe90bee0bedb3e973e54*e11d
RX # PAI1,TRAIN,3089,4247
TX PAI1,TRAIN,3090,2,be4d3e5a3dd03e4c3e04bc673f483ecf3f3e3f50be6fbbf7*7c37
RX # PAI1,TRAIN,3090,4248
TX PAI1,TRAIN,3091,2,3f3fbe94beb53e37bda13e9c3f213f2c3f283f26be82bdfa*7c31
RX # PAI1,TRAIN,3091,4238
TX PAI1,TRAIN,3092,3,3ea73bcf3ec93ed9bf1ebec93e313eaf3e873e6b3cc8bd2c*47e4
RX # PAI1,TRAIN,3092,4238
TX PAI1,TRAIN,3093,4,3bf8be05be56be5abe24be0b3dce3cdfbbea3caebd8e3c0c*99b8
RX # PAI1,TRAIN,3093,4238
TX PAI1,TRAIN,3094,2,bf17be7ebf20bf353f3cbf723f1bbe3b3fc23f99bffbc004*bff1
RX # PAI1,TRAIN,3094,4248
TX PAI1,TRAIN,3095,4,3e883e5e3d0c3e22be93be42ba61bcf43d9c3cdfbb17bd88*2755
RX # PAI1,TRAIN,3095,4239
TX PAI1,TRAIN,3096,4,3e8e3e963e833e97bee3be3abdacbe2ebbc0bd903d73bdbd*7849
RX # PAI1,TRAIN,3096,4248
TX PAI1,TRAIN,3097,4,3dad3dcdbbd43ccdbe03be03bcc93ede3d913d633d193d9f*8fc0
RX # PAI1,TRAIN,3097,4238
TX PAI1,TRAIN,3098,4,3e613ebb3e233e99bcbebd8fbdc33bb13c19bd803df23b1d*1385
RX # PAI1,TRAIN,3098,4248
TX PAI1,TRAIN,3099,3,3e1cbe5fbe11be2ebefdbeb43e6e3d80be07bc4f3b6e3da9*c99c
RX # PAI1,TRAIN,3099,4246
TX PAI1,TRAIN,3100,1,3d3cbdc73ec13eb03d653eb9bed2beb5bee3bee73ed93e79*39f2
RX # PAI1,TRAIN,3100,4247
TX PAI1,TRAIN,3101,4,3e1e3eef3e7d3ea3be58bda2be45bdf4bd2cbdc93df1bce7*624f
RX # PAI1,TRAIN,3101,4237
TX PAI1,TRAIN,3102,3,3ebdbca3be663a273e17be9ebd053e9e3dd63d793e613ec3*41bf
RX # PAI1,TRAIN,3102,4249
TX PAI1,TRAIN,3103,1,be8ebe02bcdcbd8b3e823eacbed3bee6bec7becf3e723e35*e73f
RX # PAI1,TRAIN,3103,4239
TX PAI1,TRAIN,3104,3,3dff3e4f3ef73ec3be96beb6be5abe06bd9cbe0d3d89be25*df51
RX # PAI1,TRAIN,3104,4247
TX PAI1,TRAIN,3105,3,3e843e153e783e9abed1beb5be15bd563e363d8c3d19bd54*7b8b
RX # PAI1,TRAIN,3105,4238
TX PAI1,TRAIN,3106,1,bea53d7dbe96be733ecf3ef4bea9beb7be97bea93e473e73*6e19
RX # PAI1,TRAIN,3106,4247
TX PAI1,TRAIN,3107,4,3ea8bb83be2dbda7bddcbdfc3d543e2bbd58bd6f3d1b3d89*c166
RX # PAI1,TRAIN,3107,4237
TX PAI1,TRAIN,3108,2,bec0be5dbe99beea3efa3e433ee83e7f3cf83e6bbed1be93*478b
RX # PAI1,TRAIN,3108,4248
TX PAI1,TRAIN,3109,2,bf0bbe28beb6bedd3f0e3e373ec13ea33de23e83beb6be4e*484f
RX # PAI1,TRAIN,3109,4249
TX PAI1,TRAIN,3110,2,3d8ebdc4becabe9f3d513e9d3ed83f133e7d3eadbeb6be5e*c224
RX # PAI1,TRAIN,3110,4240
TX PAI1,TRAIN,3111,2,beb3bf02bd85be293eed3e333ef63f013f0a3f14be1b3e2c*552f
RX # PAI1,TRAIN,3111,4246
TX PAI1,TRAIN,3112,4,3dc63faa3ec93f3dbe9abee0bdbc3eb23db13d46bda6beef*f548
RX # PAI1,TRAIN,3112,4237
TX PAI1,TRAIN,3113,2,3f063f053f823f51bec03e8d3e6a3f233ec23ea63d59be0d*7312
RX # PAI1,TRAIN,3113,4247
TX PAI1,TRAIN,3114,1,beacbc64be33be5e3eaf3ef4be7cbed6be8fbe983e253e47*3eba
RX # PAI1,TRAIN,3114,4237
TX PAI1,TRAIN,3115,3,3effbe4abd963d29bd34be4cbe373ea7bdaabda73e873eb3*af30
RX # PAI1,TRAIN,3115,4238
TX PAI1,TRAIN,3116,2,bf2ebe04bf30bf393f183e2b3f433e753d593ef3bf05be44*8e8f
RX # PAI1,TRAIN,3116,4249
TX PAI1,TRAIN,3117,4,3ce33ddbbde5bd81bb7cbd95bd263e13bc8abd5f3d1f3d7e*83da
RX # PAI1,TRAIN,3117,4239
TX PAI1,TRAIN,3118,4,3ee53c673eb83ec1bf37be13bcbabe203e343dbb3d98bc92*c3f3
RX # PAI1,TRAIN,3118,4240
TX PAI1,TRAIN,3119,4,3ece3f6c3ed23f20bf27be84be0dbc833e0f3ced3d29be6a*f1da
RX # PAI1,TRAIN,3119,4239
TX PAI1,TRAIN,3120,4,be48bda3be24be443d7bbdf9be343e0fbbe4bd46bd263b82*8fd7
RX # PAI1,TRAIN,3120,4239
TX PAI1,TRAIN,3121,3,3cc53f1a3e1b3e88be71bec0be0ebbf73dc93c4f3c96bdc5*ecdf
RX # PAI1,TRAIN,3121,4247
TX PAI1,TRAIN,3122,1,bd5ebe0b3e4c3d5fbdf03ec9bebcbf05bec4becb3e943e52*171d
RX # PAI1,TRAIN,3122,4247
TX PAI1,TRAIN,3123,3,3e33bf18bf07bed23e2fbed33f1a3e933d083e773d1b3ecc*afc4
RX # PAI1,TRAIN,3123,4248
TX PAI1,TRAIN,3124,3,3ecb3d113ea23e93bf11bebabe08be883db7bc5d3dfa3d2b*de20
RX # PAI1,TRAIN,3124,4237
TX PAI1,TRAIN,3125,1,be2fbe5dbd31be433c933eecbe73beedbe4ebe793e103e37*0721
RX # PAI1,TRAIN,3125,4248
TX PAI1,TRAIN,3126,4,3da53e743e963e9ebd40bdcf3d143cf23dd23d433d8abca4*4307
RX # PAI1,TRAIN,3126,4237
TX PAI1,TRAIN,3127,2,bf31be2bbf0abf1d3f3b3e603ed43ed43e8c3e9ebed4be31*2e88
RX # PAI1,TRAIN,3127,4248
TX PAI1,TRAIN,3128,4,be0e3e64bde3bd933dbebdcdbd3e3e4f3d973d62bc3f3d46*7d69
RX # PAI1,TRAIN,3128,4248
TX PAI1,TRAIN,3129,3,bd8e3e8ebe11bb49bd47beb8be80bdeabdcdbe19bc93bde4*f1d3
RX # PAI1,TRAIN,3129,4239
TX PAI1,TRAIN,3130,1,be8fbe3f3daabcf93e233ee1bea3beaabeb5beba3e583e11*13c9
RX # PAI1,TRAIN,3130,4238
TX PAI1,TRAIN,3131,1,be82be973e0a3b963db03ee6be86bec8beb9beb73e883e5c*a9fa
RX # PAI1,TRAIN,3131,4241
TX PAI1,TRAIN,3132,3,3e8fbef2be90beb9bcf4be6bbe723d0ebde4be0f3e833f01*f414
RX # PAI1,TRAIN,3132,4247
TX PAI1,TRAIN,3133,3,3d9f3edd3f043eeebe5abec33d80be083de33d9b3d2fbdf6*491a
RX # PAI1,TRAIN,3133,4239
TX PAI1,TRAIN,3134,3,3eab3e9d3ef93ef0be79bec0beabbe1dbdb9be203d8fbe57*4e90
RX # PAI1,TRAIN,3134,4239
TX PAI1,TRAIN,3135,1,be743dd13e1d3de73e9b3f04be93bec9be83be983ea03e89*f932
RX # PAI1,TRAIN,3135,4240
TX PAI1,TRAIN,3136,3,3eab3e9d3ef93ef0be79bec0beabbe1dbdb9be203d8fbe57*b810
RX # PAI1,TRAIN,3136,4239
TX PAI1,TRAIN,3137,3,3effbe4abd963d29bd34be4cbe373ea7bdaabda73e873eb3*5669
RX # PAI1,TRAIN,3137,4249
TX PAI1,TRAIN,3138,4,3dc63faa3ec93f3dbe9abee0bdbc3eb23db13d46bda6beef*e672
RX # PAI1,TRAIN,3138,4240
TX PAI1,TRAIN,3139,1,be7ebd593e783e073d913ed3be8abf15beafbeb33e843e14*0960
RX # PAI1,TRAIN,3139,4239
TX PAI1,TRAIN,3140,3,3e33bf18bf07bed23e2fbed33f1a3e933d083e773d1b3ecc*326f
RX # PAI1,TRAIN,3140,4238
TX PAI1,TRAIN,3141,3,3d9f3edd3f043eeebe5abec33d80be083de33d9b3d2fbdf6*200d
RX # PAI1,TRAIN,3141,4247
TX PAI1,TRAIN,3142,2,bf31be2bbf0abf1d3f3b3e603ed43ed43e8c3e9ebed4be31*b882
RX # PAI1,TRAIN,3142,4239
TX PAI1,TRAIN,3143,4,3dad3dcdbbd43ccdbe03be03bcc93ede3d913d633d193d9f*41ac
RX # PAI1,TRAIN,3143,4238
TX PAI1,TRAIN,3144,1,beb8bed7bd34be523e5f3ebebdebbec6bedabeaf3dfb3dcf*5296
RX # PAI1,TRAIN,3144,4240
TX PAI1,TRAIN,3145,2,3d8ebdc4becabe9f3d513e9d3ed83f133e7d3eadbeb6be5e*d40b
RX # PAI1,TRAIN,3145,4248
TX PAI1,TRAIN,3146,1,be8fbe3f3daabcf93e233ee1bea3beaabeb5beba3e583e11*87ff
RX # PAI1,TRAIN,3146,4238
TX PAI1,TRAIN,3147,2,bec0be5dbe99beea3efa3e433ee83e7f3cf83e6bbed1be93*c2bb
RX # PAI1,TRAIN,3147,4238
TX PAI1,TRAIN,3148,3,be0cbe4f3de7be453e01be4cbe2ebdb9be17be193e543eac*5b75
RX # PAI1,TRAIN,3148,4247
TX PAI1,TRAIN,3149,1,bdaabe863e9d3e41bddd3ecebec2beb6bedbbee03ea33e26*1a66
RX # PAI1,TRAIN,3149,4239
TX PAI1,TRAIN,3150,2,3f063f053f823f51bec03e8d3e6a3f233ec23ea63d59be0d*e160
RX # PAI1,TRAIN,3150,4238
TX PAI1,TRAIN,3151,2,be4d3e5a3dd03e4c3e04bc673f483ecf3f3e3f50be6fbbf7*bbc6
RX # PAI1,TRAIN,3151,4237
TX PAI1,TRAIN,3152,1,be12bdc43e14bc53bc4e3eafbebdbee8befdbef63e8e3e30*a4de
RX # PAI1,TRAIN,3152,4239
TX PAI1,TRAIN,3153,3,3e8fbef2be90beb9bcf4be6bbe723d0ebde4be0f3e833f01*9f3f
RX # PAI1,TRAIN,3153,4248
TX PAI1,TRAIN,3154,3,3d263dcf3e553d60bea6bec9be80be28bd3dbe01bda0be63*4526
RX # PAI1,TRAIN,3154,4245
TX PAI1,TRAIN,3155,3,3e843e153e783e9abed1beb5be15bd563e363d8c3d19bd54*ebc5
RX # PAI1,TRAIN,3155,4240
TX PAI1,TRAIN,3156,2,3f6dbe8dbf47be823ee53e883ec93f083ea03eb6beb5be6b*328f
RX # PAI1,TRAIN,3156,4249
TX PAI1,TRAIN,3157,1,be2fbe5dbd31be433c933eecbe73beedbe4ebe793e103e37*6e36
RX # PAI1,TRAIN,3157,4239
TX PAI1,TRAIN,3158,4,3e883e5e3d0c3e22be93be42ba61bcf43d9c3cdfbb17bd88*f7e6
RX # PAI1,TRAIN,3158,4248
TX PAI1,TRAIN,3159,4,3da53e743e963e9ebd40bdcf3d143cf23dd23d433d8abca4*4612
RX # PAI1,TRAIN,3159,4246
TX PAI1,TRAIN,3160,1,beb4bedbbe42beb93e153ef3bedebf03beddbee73e063e07*fabe
RX # PAI1,TRAIN,3160,4245
TX PAI1,TRAIN,3161,3,3e1cbe5fbe11be2ebefdbeb43e6e3d80be07bc4f3b6e3da9*1f6b
RX # PAI1,TRAIN,3161,4240
TX PAI1,TRAIN,3162,4,3ee53c673eb83ec1bf37be13bcbabe203e343dbb3d98bc92*4087
RX # PAI1,TRAIN,3162,4248
TX PAI1,TRAIN,3163,2,3f3fbe94beb53e37bda13e9c3f213f2c3f283f26be82bdfa*b625
RX # PAI1,TRAIN,3163,4249
TX PAI1,TRAIN,3164,1,bd5ebe0b3e4c3d5fbdf03ec9bebcbf05bec4becb3e943e52*030e
RX # PAI1,TRAIN,3164,4238
TX PAI1,TRAIN,3165,3,3cc53f1a3e1b3e88be71bec0be0ebbf73dc93c4f3c96bdc5*0e4c
RX # PAI1,TRAIN,3165,4246
TX PAI1,TRAIN,3166,3,3dff3e4f3ef73ec3be96beb6be5abe06bd9cbe0d3d89be25*39ba
RX # PAI1,TRAIN,3166,4238
TX PAI1,TRAIN,3167,3,3ecb3d113ea23e93bf11bebabe08be883db7bc5d3dfa3d2b*4c52
RX # PAI1,TRAIN,3167,4241
TX PAI1,TRAIN,3168,4,3ce33ddbbde5bd81bb7cbd95bd263e13bc8abd5f3d1f3d7e*86cf
RX # PAI1,TRAIN,3168,4238
TX PAI1,TRAIN,3169,4,3e8e3e963e833e97bee3be3abdacbe2ebbc0bd903d73bdbd*de5f
RX # PAI1,TRAIN,3169,4245
TX PAI1,TRAIN,3170,1,be743dd13e1d3de73e9b3f04be93bec9be83be983ea03e89*60e1
RX # PAI1,TRAIN,3170,4248
TX PAI1,TRAIN,3171,4,3ece3f6c3ed23f20bf27be84be0dbc833e0f3ced3d29be6a*0bd2
RX # PAI1,TRAIN,3171,4240
TX PAI1,TRAIN,3172,3,bd84be97bdcebe3c3ac1be8339a63d82be4bbe143e503ea9*14d7
RX # PAI1,TRAIN,3172,4240
TX PAI1,TRAIN,3173,1,bea53d7dbe96be733ecf3ef4bea9beb7be97bea93e473e73*77ef
RX # PAI1,TRAIN,3173,4240
TX PAI1,TRAIN,3174,4,be48bda3be24be443d7bbdf9be343e0fbbe4bd46bd263b82*e2b8
RX # PAI1,TRAIN,3174,4240
TX PAI1,TRAIN,3175,1,bc91beb43e483d0abd893e95bebebe90bee0bedb3e973e54*cacb
RX # PAI1,TRAIN,3175,4240
TX PAI1,TRAIN,3176,2,bf17bcbabec0bf023f2f3e4e3f463ec03e383efbbeffbe83*239f
RX # PAI1,TRAIN,3176,4240
TX PAI1,TRAIN,3177,2,bf0bbe28beb6bedd3f0e3e373ec13ea33de23e83beb6be4e*361a
RX # PAI1,TRAIN,3177,4245
TX PAI1,TRAIN,3178,2,bf2ebe04bf30bf393f183e2b3f433e753d593ef3bf05be44*7f26
RX # PAI1,TRAIN,3178,4239
TX PAI1,TRAIN,3179,1,be3cbdf0be25be783dc23ec8be94bed7bea5beb23e243e34*f917
RX # PAI1,TRAIN,3179,4239
TX PAI1,TRAIN,3180,3,3ebdbca3be663a273e17be9ebd053e9e3dd63d793e613ec3*885b
RX # PAI1,TRAIN,3180,4247
TX PAI1,TRAIN,3181,1,beacbc64be33be5e3eaf3ef4be7cbed6be8fbe983e253e47*0843
RX # PAI1,TRAIN,3181,4238
TX PAI1,TRAIN,3182,3,bd8e3e8ebe11bb49bd47beb8be80bdeabdcdbe19bc93bde4*a6cd
RX # PAI1,TRAIN,3182,4248
TX PAI1,TRAIN,3183,1,be8ebe02bcdcbd8b3e823eacbed3bee6bec7becf3e723e35*d85b
RX # PAI1,TRAIN,3183,4245
TX PAI1,TRAIN,3184,4,3d473dbb3d443dbdbc21be083dd23e1e3da03d30bc64bd31*00e1
RX # PAI1,TRAIN,3184,4240
TX PAI1,TRAIN,3185,3,3e08be80becbbea0be83beb33ed23eec3e643eb6be493d3f*918b
RX # PAI1,TRAIN,3185,4247
TX PAI1,TRAIN,3186,2,bf17be7ebf20bf353f3cbf723f1bbe3b3fc23f99bffbc004*5aea
RX # PAI1,TRAIN,3186,4244
TX PAI1,TRAIN,3187,4,3e1e3eef3e7d3ea3be58bda2be45bdf4bd2cbdc93df1bce7*568a
RX # PAI1,TRAIN,3187,4239
TX PAI1,TRAIN,3188,4,3e613ebb3e233e99bcbebd8fbdc33bb13c19bd803df23b1d*001e
RX # PAI1,TRAIN,3188,4246
TX PAI1,TRAIN,3189,1,be82be973e0a3b963db03ee6be86bec8beb9beb73e883e5c*fcd8
RX # PAI1,TRAIN,3189,4238
TX PAI1,TRAIN,3190,1,3d3cbdc73ec13eb03d653eb9bed2beb5bee3bee73ed93e79*896a
RX # PAI1,TRAIN,3190,4248
TX PAI1,TRAIN,3191,4,be0e3e64bde3bd933dbebdcdbd3e3e4f3d973d62bc3f3d46*530b
RX # PAI1,TRAIN,3191,4245
TX PAI1,TRAIN,3192,2,beb3bf02bd85be293eed3e333ef63f013f0a3f14be1b3e2c*e78b
RX # PAI1,TRAIN,3192,4238
TX PAI1,TRAIN,3193,4,3ea8bb83be2dbda7bddcbdfc3d543e2bbd58bd6f3d1b3d89*8cdf
RX # PAI1,TRAIN,3193,4248
TX PAI1,TRAIN,3194,3,3ea73bcf3ec93ed9bf1ebec93e313eaf3e873e6b3cc8bd2c*d022
RX # PAI1,TRAIN,3194,4238
TX PAI1,TRAIN,3195,4,3bf8be05be56be5abe24be0b3dce3cdfbbea3caebd8e3c0c*0e7e
RX # PAI1,TRAIN,3195,4248
TX PAI1,PREDICT,3196,3da53e743e963e9ebd40bdcf3d143cf23dd23d433d8abca4*3f2a
RX # PAI1,PREDICT,3196,175,3e06,3e3b,3e7d,3edc
TX PAI1,PREDICT,3197,3ee53c673eb83ec1bf37be13bcbabe203e343dbb3d98bc92*cc4f
RX # PAI1,PREDICT,3197,186,3e38,bc30,3eba,3ee8
TX PAI1,PREDICT,3198,3ece3f6c3ed23f20bf27be84be0dbc833e0f3ced3d29be6a*69d4
RX # PAI1,PREDICT,3198,183,bd7a,bdce,3dee,3f87
TX PAI1,PREDICT,3199,3d473dbb3d443dbdbc21be083dd23e1e3da03d30bc64bd31*5603
RX # PAI1,PREDICT,3199,176,3d52,3e5b,3e98,3ee6
TX PAI1,PREDICT,3200,be0e3e64bde3bd933dbebdcdbd3e3e4f3d973d62bc3f3d46*47db
RX # PAI1,PREDICT,3200,185,3d2c,3e14,3e60,3f16
TX PAI1,PREDICT,3201,be48bda3be24be443d7bbdf9be343e0fbbe4bd46bd263b82*4d70
RX # PAI1,PREDICT,3201,183,3e12,3da6,3ea8,3ee4
TX PAI1,PREDICT,3202,3bf8be05be56be5abe24be0b3dce3cdfbbea3caebd8e3c0c*c363
RX # PAI1,PREDICT,3202,184,3dc2,3db0,3ecb,3ed2
TX PAI1,PREDICT,3203,3dad3dcdbbd43ccdbe03be03bcc93ede3d913d633d193d9f*3a4c
RX # PAI1,PREDICT,3203,176,bda2,3e26,3e9f,3f1a
TX PAI1,PREDICT,3204,3e8e3e963e833e97bee3be3abdacbe2ebbc0bd903d73bdbd*c9c7
RX # PAI1,PREDICT,3204,176,3e25,bd99,3ea0,3f17
TX PAI1,PREDICT,3205,3ea8bb83be2dbda7bddcbdfc3d543e2bbd58bd6f3d1b3d89*3521
RX # PAI1,PREDICT,3205,176,3cdc,3da8,3ebc,3f02
TX PAI1,PREDICT,3206,3ce33ddbbde5bd81bb7cbd95bd263e13bc8abd5f3d1f3d7e*cefb
RX # PAI1,PREDICT,3206,184,3dd1,3daf,3e77,3f0b
TX PAI1,PREDICT,3207,3e613ebb3e233e99bcbebd8fbdc33bb13c19bd803df23b1d*7553
RX # PAI1,PREDICT,3207,186,3e32,3d8c,3e38,3f14
TX PAI1,PREDICT,3208,3e1e3eef3e7d3ea3be58bda2be45bdf4bd2cbdc93df1bce7*55b7
RX # PAI1,PREDICT,3208,183,3e6c,bd44,3e18,3f28
TX PAI1,PREDICT,3209,3dc63faa3ec93f3dbe9abee0bdbc3eb23db13d46bda6beef*d2fa
RX # PAI1,PREDICT,3209,176,beae,3cdc,3d83,3f9f
TX PAI1,PREDICT,3210,3e883e5e3d0c3e22be93be42ba61bcf43d9c3cdfbb17bd88*16b0
RX # PAI1,PREDICT,3210,185,3d84,3cd4,3ea3,3f17
TX PAI1,PREDICT,3211,beb3bf02bd85be293eed3e333ef63f013f0a3f14be1b3e2c*45aa
RX # PAI1,PREDICT,3211,177,3d98,3f65,3dda,bda8
TX PAI1,PREDICT,3212,3f063f053f823f51bec03e8d3e6a3f233ec23ea63d59be0d*a38d
RX # PAI1,PREDICT,3212,175,bd96,3f50,be9a,3f13
TX PAI1,PREDICT,3213,3d8ebdc4becabe9f3d513e9d3ed83f133e7d3eadbeb6be5e*8d0d
RX # PAI1,PREDICT,3213,184,3c7c,3f54,bea6,3ef5
TX PAI1,PREDICT,3214,bec0be5dbe99beea3efa3e433ee83e7f3cf83e6bbed1be93*127f
RX # PAI1,PREDICT,3214,184,3e27,3f54,bdda,3de6
TX PAI1,PREDICT,3215,bf0bbe28beb6bedd3f0e3e373ec13ea33de23e83beb6be4e*748d
RX # PAI1,PREDICT,3215,184,3e37,3f44,bdde,3e2b
TX PAI1,PREDICT,3216,bf17be7ebf20bf353f3cbf723f1bbe3b3fc23f99bffbc004*f554
RX # PAI1,PREDICT,3216,176,be68,3f8e,3db2,3d28
TX PAI1,PREDICT,3217,be4d3e5a3dd03e4c3e04bc673f483ecf3f3e3f50be6fbbf7*d9c5
RX # PAI1,PREDICT,3217,176,be47,3f5b,3d00,3ea3
TX PAI1,PREDICT,3218,3f3fbe94beb53e37bda13e9c3f213f2c3f283f26be82bdfa*4e71
RX # PAI1,PREDICT,3218,176,bd4a,3f74,be8a,3eb2
TX PAI1,PREDICT,3219,3f6dbe8dbf47be823ee53e883ec93f083ea03eb6beb5be6b*dee9
RX # PAI1,PREDICT,3219,175,b980,3f6e,be7a,3e9e
TX PAI1,PREDICT,3220,bf17bcbabec0bf023f2f3e4e3f463ec03e383efbbeffbe83*8d73
RX # PAI1,PREDICT,3220,185,3c58,3f86,be47,3e09
TX PAI1,PREDICT,3221,bf31be2bbf0abf1d3f3b3e603ed43ed43e8c3e9ebed4be31*791c
RX # PAI1,PREDICT,3221,183,3df7,3f59,be40,3e5c
TX PAI1,PREDICT,3222,bf2ebe04bf30bf393f183e2b3f433e753d593ef3bf05be44*14e4
RX # PAI1,PREDICT,3222,177,3d92,3f5d,bdce,3e28
TX PAI1,PREDICT,3223,3e08be80becbbea0be83beb33ed23eec3e643eb6be493d3f*36b8
RX # PAI1,PREDICT,3223,176,beb3,3e84,3f23,3eec
TX PAI1,PREDICT,3224,3e1cbe5fbe11be2ebefdbeb43e6e3d80be07bc4f3b6e3da9*1534
RX # PAI1,PREDICT,3224,175,bd95,bde2,3f3d,3ee2
TX PAI1,PREDICT,3225,3eab3e9d3ef93ef0be79bec0beabbe1dbdb9be203d8fbe57*4096
RX # PAI1,PREDICT,3225,185,3dbe,bdf9,3f05,3efa
TX PAI1,PREDICT,3226,3dff3e4f3ef73ec3be96beb6be5abe06bd9cbe0d3d89be25*67e8
RX # PAI1,PREDICT,3226,186,3ddb,bdd4,3f0b,3ee2
TX PAI1,PREDICT,3227,3ebdbca3be663a273e17be9ebd053e9e3dd63d793e613ec3*e0d1
RX # PAI1,PREDICT,3227,175,be16,bd2c,3f32,3efe
TX PAI1,PREDICT,3228,3d9f3edd3f043eeebe5abec33d80be083de33d9b3d2fbdf6*ffe3
RX # PAI1,PREDICT,3228,175,bc30,3ce4,3f02,3ef9
TX PAI1,PREDICT,3229,3e33bf18bf07bed23e2fbed33f1a3e933d083e773d1b3ecc*84b7
RX # PAI1,PREDICT,3229,186,be76,3e0c,3f81,3da4
TX PAI1,PREDICT,3230,bd8e3e8ebe11bb49bd47beb8be80bdeabdcdbe19bc93bde4*03f6
RX # PAI1,PREDICT,3230,175,3db2,be55,3ef0,3f24
TX PAI1,PREDICT,3231,3d263dcf3e553d60bea6bec9be80be28bd3dbe01bda0be63*56e0
RX # PAI1,PREDICT,3231,175,3d60,bdfb,3f13,3f00
TX PAI1,PREDICT,3232,bd84be97bdcebe3c3ac1be8339a63d82be4bbe143e503ea9*35f3
RX # PAI1,PREDICT,3232,175,3dd2,be1c,3f43,3e89
TX PAI1,PREDICT,3233,3effbe4abd963d29bd34be4cbe373ea7bdaabda73e873eb3*fce8
RX # PAI1,PREDICT,3233,184,bc2c,bd7c,3f25,3ed2
TX PAI1,PREDICT,3234,3cc53f1a3e1b3e88be71bec0be0ebbf73dc93c4f3c96bdc5*bd41
RX # PAI1,PREDICT,3234,176,bd9d,be05,3ecc,3f4f
TX PAI1,PREDICT,3235,3ecb3d113ea23e93bf11bebabe08be883db7bc5d3dfa3d2b*1ba9
RX # PAI1,PREDICT,3235,185,3dac,be5e,3f2c,3ee4
TX PAI1,PREDICT,3236,3e843e153e783e9abed1beb5be15bd563e363d8c3d19bd54*fc01
RX # PAI1,PREDICT,3236,175,3bd8,bda3,3f0a,3f08
TX PAI1,PREDICT,3237,3ea73bcf3ec93ed9bf1ebec93e313eaf3e873e6b3cc8bd2c*8e06
RX # PAI1,PREDICT,3237,177,be75,3e02,3f1a,3efb
TX PAI1,PREDICT,3238,3e8fbef2be90beb9bcf4be6bbe723d0ebde4be0f3e833f01*7dde
RX # PAI1,PREDICT,3238,177,3ddc,be81,3f56,3e98
TX PAI1,PREDICT,3239,be0cbe4f3de7be453e01be4cbe2ebdb9be17be193e543eac*43bd
RX # PAI1,PREDICT,3239,176,3e40,bde2,3f34,3e56
TX PAI1,PREDICT,3240,be7ebd593e783e073d913ed3be8abf15beafbeb33e843e14*9d2d
RX # PAI1,PREDICT,3240,177,3f79,bc78,be04,3e0f
TX PAI1,PREDICT,3241,be3cbdf0be25be783dc23ec8be94bed7bea5beb23e243e34*609e
RX # PAI1,PREDICT,3241,175,3f55,bce4,bdd7,3e9e
TX PAI1,PREDICT,3242,beacbc64be33be5e3eaf3ef4be7cbed6be8fbe983e253e47*edc0
RX # PAI1,PREDICT,3242,183,3f64,3da1,be73,3e8a
TX PAI1,PREDICT,3243,be12bdc43e14bc53bc4e3eafbebdbee8befdbef63e8e3e30*71c1
RX # PAI1,PREDICT,3243,175,3f61,be0c,3a80,3e82
TX PAI1,PREDICT,3244,be743dd13e1d3de73e9b3f04be93bec9be83be983ea03e89*33e5
RX # PAI1,PREDICT,3244,176,3f70,3daf,be8e,3e79
TX PAI1,PREDICT,3245,be2fbe5dbd31be433c933eecbe73beedbe4ebe793e103e37*507c
RX # PAI1,PREDICT,3245,175,3f60,3d98,be2a,3e41
TX PAI1,PREDICT,3246,bea53d7dbe96be733ecf3ef4bea9beb7be97bea93e473e73*8dc7
RX # PAI1,PREDICT,3246,184,3f5e,3c9c,be88,3ebc
TX PAI1,PREDICT,3247,beb8bed7bd34be523e5f3ebebdebbec6bedabeaf3dfb3dcf*4a0c
RX # PAI1,PREDICT,3247,186,3f62,3de3,3bb0,bca8
TX PAI1,PREDICT,3248,be82be973e0a3b963db03ee6be86bec8beb9beb73e883e5c*4464
RX # PAI1,PREDICT,3248,185,3f74,3d18,bda2,3da0
TX PAI1,PREDICT,3249,bd5ebe0b3e4c3d5fbdf03ec9bebcbf05bec4becb3e943e52*eac9
RX # PAI1,PREDICT,3249,183,3f70,bde3,bd20,3e59
TX PAI1,PREDICT,3250,bc91beb43e483d0abd893e95bebebe90bee0bedb3e973e54*1205
RX # PAI1,PREDICT,3250,185,3f4f,bd9e,3e0a,3df0
TX PAI1,PREDICT,3251,be8ebe02bcdcbd8b3e823eacbed3bee6bec7becf3e723e35*b9b1
RX # PAI1,PREDICT,3251,175,3f6a,bd9f,bd02,3e49
TX PAI1,PREDICT,3252,3d3cbdc73ec13eb03d653eb9bed2beb5bee3bee73ed93e79*dc26
RX # PAI1,PREDICT,3252,185,3f6a,bdb5,bb20,3e30
TX PAI1,PREDICT,3253,be8fbe3f3daabcf93e233ee1bea3beaabeb5beba3e583e11*644e
RX # PAI1,PREDICT,3253,185,3f66,3d83,be16,3e24
TX PAI1,PREDICT,3254,bdaabe863e9d3e41bddd3ecebec2beb6bedbbee03ea33e26*1c17
RX # PAI1,PREDICT,3254,184,3f6f,bd44,bd0c,3e15
TX PAI1,PREDICT,3255,beb4bedbbe42beb93e153ef3bedebf03beddbee73e063e07*7043
RX # PAI1,PREDICT,3255,176,3f84,bd10,bdfa,3dea
TX PAI1,MODE,0*0f05
RX # PAI1,MODE,0
