TX PAI1,MODE,1*1f24
RX 3942602
RX PNEU1,1236,939011,3943173
RX PNEU1,1237,939036,3942874
RX PNEU1,1238,939061,3942633
RX PNEU1,1239,939086,3942769
RX PNEU1,1240,939111,3942943
RX PNEU1,1241,939137,3942896
RX PNEU1,1242,939162,3942743
RX PNEU1,1243,939187,3942294
RX PNEU1,1244,939212,3942255
RX PNEU1,1245,939237,3943063
RX PNEU1,1246,939262,3942737
RX # PAI1,MODE,1
TX PAI1,INIT,1,12,32,1,1*9bc6
RX # PNEL1,UNKNOWN,939280
RX # PAI1,INIT,1,12,32,4
TX PAI1,TRAIN,2,2,bfeebea6c006c0083fd83fac400b3f4a3e2b3fafbfabbefc*8300
RX # PAI1,TRAIN,2,1291
TX PAI1,TRAIN,3,2,4031bf43c019bf2b3f9ec0353f8f3fdb3f683f83bf65bf18*76b7
RX # PAI1,TRAIN,3,1288
TX PAI1,TRAIN,4,3,3f843da83fb53fb9c002bf503efc3f8e3f443f2a3de1bdbc*1237
RX # PAI1,TRAIN,4,1292
TX PAI1,TRAIN,5,4,3ebe40813fb5401bbf874019be863f913e863e14be30bf9d*db2b
RX # PAI1,TRAIN,5,1289
TX PAI1,TRAIN,6,3,bdbdbf51be3dbee5be05bef03a333e6cbf0bbed23f163f66*1e80
RX # PAI1,TRAIN,6,1292
TX PAI1,TRAIN,7,3,be9abf0b3f02bef33e81bde1bef8be84becdbed93f183f6b*6608
RX # PAI1,TRAIN,7,1292
TX PAI1,TRAIN,8,3,3e573ebb3f513e97bf913d8abf37befdbdecbeb6be28bf12*f663
RX # PAI1,TRAIN,8,1293
TX PAI1,TRAIN,9,1,bf563e7ebf4fbf1d3f8d3f5ebf71bf8dbf52bf713f103f27*abf6
RX # PAI1,TRAIN,9,1291
TX PAI1,TRAIN,10,4,3eac3eba3df83e50bf07bd26bd8f3fb43e5f3e293e133e69*8844
RX # PAI1,TRAIN,10,1289
TX PAI1,TRAIN,11,3,3f66bfadbf47bf80be68bfd4bf2c3e0fbe99becb3f3a3faf*0310
RX # PAI1,TRAIN,11,1291
TX PAI1,TRAIN,12,3,3ea33fad3fe93fc9bf4a3f233e35bec93ea93e643e22be9a*7ba7
RX # PAI1,TRAIN,12,1292
TX PAI1,TRAIN,13,4,be9c3f3bbe5fbdc93e1a3f3fbe073f2b3e673e273c5b3e18*22c3
RX # PAI1,TRAIN,13,1290
TX PAI1,TRAIN,14,2,400fbf4ebf813f2fbec1c01b3fe5400a3ff13fefbf22be9d*b681
RX # PAI1,TRAIN,14,1286
TX PAI1,TRAIN,15,4,3f3a3f943f293f87be533e27be8a3d3d3d2fbe313eb83cd8*3565
RX # PAI1,TRAIN,15,1294
TX PAI1,TRAIN,16,4,3e313ec4be63bd92be163de3bded3ef9bd01be1a3e183e3e*95e5
RX # PAI1,TRAIN,16,1289
TX PAI1,TRAIN,17,1,be15bf383f923f36beeebeb7bf8abf8cbf99bfa03f653ee9*19d2
RX # PAI1,TRAIN,17,1292
TX PAI1,TRAIN,18,3,bddb3f65bea33dedbe913f30bf37beabbe89bed8bb61be8e*f509
RX # PAI1,TRAIN,18,1289
TX PAI1,TRAIN,19,2,bfcebba0bf8abfbb3ffb3fac400d3f9c3f073fb5bfa4bf2a*0871
RX # PAI1,TRAIN,19,1286
TX PAI1,TRAIN,20,1,bf36befd3ed33cfb3eb63e89bf69bf83bf7dbf843f1b3ecd*b95d
RX # PAI1,TRAIN,20,1290
TX PAI1,TRAIN,21,3,3fc3bf07bdc43e82be8abfd1bf023f88be61be6a3f403f75*e3c8
RX # PAI1,TRAIN,21,1291
TX PAI1,TRAIN,22,3,3f9e3e2d3f963f83bff1bf6cbec2bf513e8abd073ebd3e07*524e
RX # PAI1,TRAIN,22,1288
TX PAI1,TRAIN,23,3,3f19bfdbbfc9bf933ec7bfd33fdb3f713de23f323e153f8b*b5a6
RX # PAI1,TRAIN,23,1287
TX PAI1,TRAIN,24,3,3f563eff3f6e3f88bfb2bebdbed4be0c3f053e4f3e14bdf3*17d8
RX # PAI1,TRAIN,24,1290
TX PAI1,TRAIN,25,4,bef0be34bec1bef13d5b3e8dbf003ef3bb68be08bd823cfa*5735
RX # PAI1,TRAIN,25,1292
TX PAI1,TRAIN,26,2,bf7dbf15bf54bfa63fae3ee13fa53f513dd13f2abf85bf3f*2414
RX # PAI1,TRAIN,26,1291
TX PAI1,TRAIN,27,1,bf71bf99ba44bf033f09bc2abea7bf99bf98bf7a3ebe3e94*584d
RX # PAI1,TRAIN,27,1286
TX PAI1,TRAIN,28,2,bef73f333ef23f3f3e863f60400e3fa840084016bf14b930*7a4e
RX # PAI1,TRAIN,28,1292
TX PAI1,TRAIN,29,4,3f653f713f7a3f85bfc0bdf7be75bf02b9ddbe483e4fbe68*4f0c
RX # PAI1,TRAIN,29,1290
TX PAI1,TRAIN,30,1,bf6cbf9cbef3bf803ea0bd26bf9ebfccbf9abfa53eca3ebe*5ed2
RX # PAI1,TRAIN,30,1287
TX PAI1,TRAIN,31,1,3e67be6a3faf3f993d18beafbf95bf8cbf9fbfa53f963f2b*89f8
RX # PAI1,TRAIN,31,1293
TX PAI1,TRAIN,32,1,bd7ebeb03f4a3e97befdbe35bf85bfd0bf89bf913f513f11*abd4
RX # PAI1,TRAIN,32,1290
TX PAI1,TRAIN,33,1,beccbf153ad1bef0bda3bd5dbf2dbfb8bf0ebf313ed63efe*f296
RX # PAI1,TRAIN,33,1292
TX PAI1,TRAIN,34,1,bf35bea23d61bdaf3f253ec3bf96bfb3bf8bbf943f2c3efc*fcc9
RX # PAI1,TRAIN,34,1289
TX PAI1,TRAIN,35,3,3e273fef3f223f74bf5b3f8ebeca3ba73e973d2b3dbfbe72*d6e0
RX # PAI1,TRAIN,35,1287
TX PAI1,TRAIN,36,4,3dedbea7bf0abf0abf20bea13e923decbb823d88be0f3d2f*c82f
RX # PAI1,TRAIN,36,1291
TX PAI1,TRAIN,37,2,bfbdbedcbf82bf9c3fc93f743f893f853ea83f3dbf67bf04*4ee3
RX # PAI1,TRAIN,37,1289
TX PAI1,TRAIN,38,4,3f5c3f363e823f1ebf82be7dbb2ebd863e6f3dab3d1dbe21*2505
RX # PAI1,TRAIN,38,1289
TX PAI1,TRAIN,39,1,bf23bf523f153e0f3e04bc48bf3ebf9bbf81bf833f413f18*0eb8
RX # PAI1,TRAIN,39,1289
TX PAI1,TRAIN,40,4,3f853d51bed0be04beeebf573e163f0fbe08be253e143e4c*914d
RX # PAI1,TRAIN,40,1289
TX PAI1,TRAIN,41,4,3f0a3fbb3f723f8fbf493f06bf0cbeb3bdd3be8d3eb7bd62*aa06
RX # PAI1,TRAIN,41,1287
TX PAI1,TRAIN,42,1,bf183ebd3f243ef43f4b3f3fbf51bf9cbf35bf583f603f3d*28ab
RX # PAI1,TRAIN,42,1292
TX PAI1,TRAIN,43,2,bff3bee0bfcfbfe540073fa63f963fac3f4b3f65bf87bee3*f64a
RX # PAI1,TRAIN,43,1289
TX PAI1,TRAIN,44,2,bfcebf2dbff3c00540083f663fddbf0d408a405cc0a6c0b0*47d6
RX # PAI1,TRAIN,44,1291
TX PAI1,TRAIN,45,1,3d2ebf7e3f473e6cbeaebf33bf87bf5ebf9dbf9c3f543f12*abda
RX # PAI1,TRAIN,45,1289
TX PAI1,TRAIN,46,2,bfeebea6c006c0083fd83fac400b3f4a3e2b3fafbfabbefc*1fd1
RX # PAI1,TRAIN,46,1291
TX PAI1,TRAIN,47,4,3f0a3fbb3f723f8fbf493f06bf0cbeb3bdd3be8d3eb7bd62*a1a7
RX # PAI1,TRAIN,47,1289
TX PAI1,TRAIN,48,1,bf183ebd3f243ef43f4b3f3fbf51bf9cbf35bf583f603f3d*3448
RX # PAI1,TRAIN,48,1291
TX PAI1,TRAIN,49,2,bf7dbf15bf54bfa63fae3ee13fa53f513dd13f2abf85bf3f*aefd
RX # PAI1,TRAIN,49,1292
TX PAI1,TRAIN,50,3,3e273fef3f223f74bf5b3f8ebeca3ba73e973d2b3dbfbe72*40ea
RX # PAI1,TRAIN,50,1291
TX PAI1,TRAIN,51,4,3dedbea7bf0abf0abf20bea13e923decbb823d88be0f3d2f*a8a5
RX # PAI1,TRAIN,51,1292
TX PAI1,TRAIN,52,1,bf563e7ebf4fbf1d3f8d3f5ebf71bf8dbf52bf713f103f27*2259
RX # PAI1,TRAIN,52,1293
TX PAI1,TRAIN,53,3,bdbdbf51be3dbee5be05bef03a333e6cbf0bbed23f163f66*76ed
RX # PAI1,TRAIN,53,1292
TX PAI1,TRAIN,54,3,3f563eff3f6e3f88bfb2bebdbed4be0c3f053e4f3e14bdf3*884f
RX # PAI1,TRAIN,54,1291
TX PAI1,TRAIN,55,3,3f66bfadbf47bf80be68bfd4bf2c3e0fbe99becb3f3a3faf*e183
RX # PAI1,TRAIN,55,1287
TX PAI1,TRAIN,56,2,4031bf43c019bf2b3f9ec0353f8f3fdb3f683f83bf65bf18*1eda
RX # PAI1,TRAIN,56,1290
TX PAI1,TRAIN,57,4,3f653f713f7a3f85bfc0bdf7be75bf02b9ddbe483e4fbe68*3159
RX # PAI1,TRAIN,57,1289
TX PAI1,TRAIN,58,4,3f853d51bed0be04beeebf573e163f0fbe08be253e143e4c*f4d2
RX # PAI1,TRAIN,58,1290
TX PAI1,TRAIN,59,3,3f843da83fb53fb9c002bf503efc3f8e3f443f2a3de1bdbc*9039
RX # PAI1,TRAIN,59,1292
TX PAI1,TRAIN,60,2,bef73f333ef23f3f3e863f60400e3fa840084016bf14b930*8f9f
RX # PAI1,TRAIN,60,1291
TX PAI1,TRAIN,61,2,bfcebf2dbff3c00540083f663fddbf0d408a405cc0a6c0b0*ce6e
RX # PAI1,TRAIN,61,1286
TX PAI1,TRAIN,62,3,3fc3bf07bdc43e82be8abfd1bf023f88be61be6a3f403f75*71ba
RX # PAI1,TRAIN,62,1289
TX PAI1,TRAIN,63,4,3e313ec4be63bd92be163de3bded3ef9bd01be1a3e183e3e*8c13
RX # PAI1,TRAIN,63,1292
TX PAI1,TRAIN,64,1,bd7ebeb03f4a3e97befdbe35bf85bfd0bf89bf913f513f11*303b
RX # PAI1,TRAIN,64,1290
TX PAI1,TRAIN,65,4,bef0be34bec1bef13d5b3e8dbf003ef3bb68be08bd823cfa*4887
RX # PAI1,TRAIN,65,1292
TX PAI1,TRAIN,66,1,3d2ebf7e3f473e6cbeaebf33bf87bf5ebf9dbf9c3f543f12*29c3
RX # PAI1,TRAIN,66,1285
TX PAI1,TRAIN,67,3,3e573ebb3f513e97bf913d8abf37befdbdecbeb6be28bf12*02c8
RX # PAI1,TRAIN,67,1291
TX PAI1,TRAIN,68,1,bf23bf523f153e0f3e04bc48bf3ebf9bbf81bf833f413f18*e5b6
RX # PAI1,TRAIN,68,1291
TX PAI1,TRAIN,69,1,bf36befd3ed33cfb3eb63e89bf69bf83bf7dbf843f1b3ecd*37cc
RX # PAI1,TRAIN,69,1291
TX PAI1,TRAIN,70,1,be15bf383f923f36beeebeb7bf8abf8cbf99bfa03f653ee9*7958
RX # PAI1,TRAIN,70,1292
TX PAI1,TRAIN,71,4,be9c3f3bbe5fbdc93e1a3f3fbe073f2b3e673e273c5b3e18*c428
RX # PAI1,TRAIN,71,1289
TX PAI1,TRAIN,72,3,3ea33fad3fe93fc9bf4a3f233e35bec93ea93e643e22be9a*6bcc
RX # PAI1,TRAIN,72,1291
TX PAI1,TRAIN,73,2,bfcebba0bf8abfbb3ffb3fac400d3f9c3f073fb5bfa4bf2a*04f9
RX # PAI1,TRAIN,73,1285
TX PAI1,TRAIN,74,2,400fbf4ebf813f2fbec1c01b3fe5400a3ff13fefbf22be9d*a6ea
RX # PAI1,TRAIN,74,1289
TX PAI1,TRAIN,75,1,bf35bea23d61bdaf3f253ec3bf96bfb3bf8bbf943f2c3efc*983b
RX # PAI1,TRAIN,75,1289
TX PAI1,TRAIN,76,4,3ebe40813fb5401bbf874019be863f913e863e14be30bf9d*b73e
RX # PAI1,TRAIN,76,1290
TX PAI1,TRAIN,77,1,3e67be6a3faf3f993d18beafbf95bf8cbf9fbfa53f963f2b*9deb
RX # PAI1,TRAIN,77,1286
TX PAI1,TRAIN,78,2,bfbdbedcbf82bf9c3fc93f743f893f853ea83f3dbf67bf04*cbd3
RX # PAI1,TRAIN,78,1289
TX PAI1,TRAIN,79,1,bf6cbf9cbef3bf803ea0bd26bf9ebfccbf9abfa53eca3ebe*d043
RX # PAI1,TRAIN,79,1289
TX PAI1,TRAIN,80,3,3f9e3e2d3f963f83bff1bf6cbec2bf513e8abd073ebd3e07*9473
RX # PAI1,TRAIN,80,1291
TX PAI1,TRAIN,81,4,3eac3eba3df83e50bf07bd26bd8f3fb43e5f3e293e133e69*439c
RX # PAI1,TRAIN,81,1294
TX PAI1,TRAIN,82,2,bff3bee0bfcfbfe540073fa63f963fac3f4b3f65bf87bee3*addc
RX # PAI1,TRAIN,82,1293
TX PAI1,TRAIN,83,1,bf71bf99ba44bf033f09bc2abea7bf99bf98bf7a3ebe3e94*95d1
RX # PAI1,TRAIN,83,1292
TX PAI1,TRAIN,84,3,3f19bfdbbfc9bf933ec7bfd33fdb3f713de23f323e153f8b*f5fa
RX # PAI1,TRAIN,84,1289
TX PAI1,TRAIN,85,4,3f3a3f943f293f87be533e27be8a3d3d3d2fbe313eb83cd8*85fd
RX # PAI1,TRAIN,85,1290
TX PAI1,TRAIN,86,4,3f5c3f363e823f1ebf82be7dbb2ebd863e6f3dab3d1dbe21*7b86
RX # PAI1,TRAIN,86,1293
TX PAI1,TRAIN,87,3,bddb3f65bea33dedbe913f30bf37beabbe89bed8bb61be8e*df13
RX # PAI1,TRAIN,87,1290
TX PAI1,TRAIN,88,3,be9abf0b3f02bef33e81bde1bef8be84becdbed93f183f6b*bdac
RX # PAI1,TRAIN,88,1287
TX PAI1,TRAIN,89,1,beccbf153ad1bef0bda3bd5dbf2dbfb8bf0ebf313ed63efe*5134
RX # PAI1,TRAIN,89,1290
TX PAI1,TRAIN,90,1,bd7ebeb03f4a3e97befdbe35bf85bfd0bf89bf913f513f11*6de9
RX # PAI1,TRAIN,90,1293
TX PAI1,TRAIN,91,4,3f0a3fbb3f723f8fbf493f06bf0cbeb3bdd3be8d3eb7bd62*052c
RX # PAI1,TRAIN,91,1289
TX PAI1,TRAIN,92,3,3ea33fad3fe93fc9bf4a3f233e35bec93ea93e643e22be9a*44c3
RX # PAI1,TRAIN,92,1289
TX PAI1,TRAIN,93,1,bf6cbf9cbef3bf803ea0bd26bf9ebfccbf9abfa53eca3ebe*e3af
RX # PAI1,TRAIN,93,1290
TX PAI1,TRAIN,94,2,400fbf4ebf813f2fbec1c01b3fe5400a3ff13fefbf22be9d*89e5
RX # PAI1,TRAIN,94,1290
TX PAI1,TRAIN,95,2,bff3bee0bfcfbfe540073fa63f963fac3f4b3f65bf87bee3*52c1
RX # PAI1,TRAIN,95,1292
TX PAI1,TRAIN,96,1,bf35bea23d61bdaf3f253ec3bf96bfb3bf8bbf943f2c3efc*3af4
RX # PAI1,TRAIN,96,1290
TX PAI1,TRAIN,97,1,beccbf153ad1bef0bda3bd5dbf2dbfb8bf0ebf313ed63efe*3f0a
RX # PAI1,TRAIN,97,1289
TX PAI1,TRAIN,98,3,bddb3f65bea33dedbe913f30bf37beabbe89bed8bb61be8e*ca6d
RX # PAI1,TRAIN,98,1288
TX PAI1,TRAIN,99,1,3e67be6a3faf3f993d18beafbf95bf8cbf9fbfa53f963f2b*5326
RX # PAI1,TRAIN,99,1290
TX PAI1,TRAIN,100,3,bdbdbf51be3dbee5be05bef03a333e6cbf0bbed23f163f66*2a5d
RX # PAI1,TRAIN,100,1290
TX PAI1,TRAIN,101,2,bef73f333ef23f3f3e863f60400e3fa840084016bf14b930*a58a
RX # PAI1,TRAIN,101,1290
TX PAI1,TRAIN,102,4,3f653f713f7a3f85bfc0bdf7be75bf02b9ddbe483e4fbe68*6648
RX # PAI1,TRAIN,102,1291
TX PAI1,TRAIN,103,1,bf563e7ebf4fbf1d3f8d3f5ebf71bf8dbf52bf713f103f27*8869
RX # PAI1,TRAIN,103,1288
TX PAI1,TRAIN,104,4,be9c3f3bbe5fbdc93e1a3f3fbe073f2b3e673e273c5b3e18*9ce0
RX # PAI1,TRAIN,104,1292
TX PAI1,TRAIN,105,1,bf183ebd3f243ef43f4b3f3fbf51bf9cbf35bf583f603f3d*06c6
RX # PAI1,TRAIN,105,1287
TX PAI1,TRAIN,106,3,3f843da83fb53fb9c002bf503efc3f8e3f443f2a3de1bdbc*dbcb
RX # PAI1,TRAIN,106,1292
TX PAI1,TRAIN,107,3,3fc3bf07bdc43e82be8abfd1bf023f88be61be6a3f403f75*a68e
RX # PAI1,TRAIN,107,1287
TX PAI1,TRAIN,108,4,3e313ec4be63bd92be163de3bded3ef9bd01be1a3e183e3e*bae5
RX # PAI1,TRAIN,108,1293
TX PAI1,TRAIN,109,4,3ebe40813fb5401bbf874019be863f913e863e14be30bf9d*f315
RX # PAI1,TRAIN,109,1291
TX PAI1,TRAIN,110,3,3f66bfadbf47bf80be68bfd4bf2c3e0fbe99becb3f3a3faf*396e
RX # PAI1,TRAIN,110,1285
TX PAI1,TRAIN,111,4,bef0be34bec1bef13d5b3e8dbf003ef3bb68be08bd823cfa*6b0f
RX # PAI1,TRAIN,111,1291
TX PAI1,TRAIN,112,2,bf7dbf15bf54bfa63fae3ee13fa53f513dd13f2abf85bf3f*182e
RX # PAI1,TRAIN,112,1293
TX PAI1,TRAIN,113,1,3d2ebf7e3f473e6cbeaebf33bf87bf5ebf9dbf9c3f543f12*710b
RX # PAI1,TRAIN,113,1293
TX PAI1,TRAIN,114,4,3dedbea7bf0abf0abf20bea13e923decbb823d88be0f3d2f*7048
RX # PAI1,TRAIN,114,1292
TX PAI1,TRAIN,115,2,bfcebf2dbff3c00540083f663fddbf0d408a405cc0a6c0b0*ede6
RX # PAI1,TRAIN,115,1289
TX PAI1,TRAIN,116,3,3e273fef3f223f74bf5b3f8ebeca3ba73e973d2b3dbfbe72*15c7
RX # PAI1,TRAIN,116,1290
TX PAI1,TRAIN,117,4,3f5c3f363e823f1ebf82be7dbb2ebd863e6f3dab3d1dbe21*f160
RX # PAI1,TRAIN,117,1289
TX PAI1,TRAIN,118,4,3f3a3f943f293f87be533e27be8a3d3d3d2fbe313eb83cd8*1859
RX # PAI1,TRAIN,118,1290
TX PAI1,TRAIN,119,3,be9abf0b3f02bef33e81bde1bef8be84becdbed93f183f6b*374a
RX # PAI1,TRAIN,119,1290
TX PAI1,TRAIN,120,4,3f853d51bed0be04beeebf573e163f0fbe08be253e143e4c*c018
RX # PAI1,TRAIN,120,1292
TX PAI1,TRAIN,121,1,be15bf383f923f36beeebeb7bf8abf8cbf99bfa03f653ee9*d368
RX # PAI1,TRAIN,121,1292
TX PAI1,TRAIN,122,3,3e573ebb3f513e97bf913d8abf37befdbdecbeb6be28bf12*da25
RX # PAI1,TRAIN,122,1293
TX PAI1,TRAIN,123,3,3f19bfdbbfc9bf933ec7bfd33fdb3f713de23f323e153f8b*f498
RX # PAI1,TRAIN,123,1292
TX PAI1,TRAIN,124,1,bf23bf523f153e0f3e04bc48bf3ebf9bbf81bf833f413f18*ac78
RX # PAI1,TRAIN,124,1290
TX PAI1,TRAIN,125,2,bfeebea6c006c0083fd83fac400b3f4a3e2b3fafbfabbefc*c344
RX # PAI1,TRAIN,125,1289
TX PAI1,TRAIN,126,3,3f9e3e2d3f963f83bff1bf6cbec2bf513e8abd073ebd3e07*ee51
RX # PAI1,TRAIN,126,1289
TX PAI1,TRAIN,127,4,3eac3eba3df83e50bf07bd26bd8f3fb43e5f3e293e133e69*39be
RX # PAI1,TRAIN,127,1292
TX PAI1,TRAIN,128,2,bfcebba0bf8abfbb3ffb3fac400d3f9c3f073fb5bfa4bf2a*b22a
RX # PAI1,TRAIN,128,1286
TX PAI1,TRAIN,129,1,bf36befd3ed33cfb3eb63e89bf69bf83bf7dbf843f1b3ecd*6940
RX # PAI1,TRAIN,129,1292
TX PAI1,TRAIN,130,2,bfbdbedcbf82bf9c3fc93f743f893f853ea83f3dbf67bf04*7f3c
RX # PAI1,TRAIN,130,1292
TX PAI1,TRAIN,131,3,3f563eff3f6e3f88bfb2bebdbed4be0c3f053e4f3e14bdf3*5f7b
RX # PAI1,TRAIN,131,1291
TX PAI1,TRAIN,132,2,4031bf43c019bf2b3f9ec0353f8f3fdb3f683f83bf65bf18*b2ae
RX # PAI1,TRAIN,132,1288
TX PAI1,TRAIN,133,1,bf71bf99ba44bf033f09bc2abea7bf99bf98bf7a3ebe3e94*6bae
RX # PAI1,TRAIN,133,1290
TX PAI1,TRAIN,134,4,3f853d51bed0be04beeebf573e163f0fbe08be253e143e4c*b2c5
RX # PAI1,TRAIN,134,1291
TX PAI1,TRAIN,135,3,3e573ebb3f513e97bf913d8abf37befdbdecbeb6be28bf12*2538
RX # PAI1,TRAIN,135,1291
TX PAI1,TRAIN,136,3,be9abf0b3f02bef33e81bde1bef8be84becdbed93f183f6b*a211
RX # PAI1,TRAIN,136,1292
TX PAI1,TRAIN,137,3,3ea33fad3fe93fc9bf4a3f233e35bec93ea93e643e22be9a*b321
RX # PAI1,TRAIN,137,1292
TX PAI1,TRAIN,138,1,3e67be6a3faf3f993d18beafbf95bf8cbf9fbfa53f963f2b*59e5
RX # PAI1,TRAIN,138,1289
TX PAI1,TRAIN,139,3,bdbdbf51be3dbee5be05bef03a333e6cbf0bbed23f163f66*3b5b
RX # PAI1,TRAIN,139,1287
TX PAI1,TRAIN,140,3,3f563eff3f6e3f88bfb2bebdbed4be0c3f053e4f3e14bdf3*bbac
RX # PAI1,TRAIN,140,1292
TX PAI1,TRAIN,141,4,3dedbea7bf0abf0abf20bea13e923decbb823d88be0f3d2f*6667
RX # PAI1,TRAIN,141,1291
TX PAI1,TRAIN,142,4,3eac3eba3df83e50bf07bd26bd8f3fb43e5f3e293e133e69*afb4
RX # PAI1,TRAIN,142,1292
TX PAI1,TRAIN,143,3,bddb3f65bea33dedbe913f30bf37beabbe89bed8bb61be8e*43da
RX # PAI1,TRAIN,143,1291
TX PAI1,TRAIN,144,1,bf71bf99ba44bf033f09bc2abea7bf99bf98bf7a3ebe3e94*84d8
RX # PAI1,TRAIN,144,1292
TX PAI1,TRAIN,145,1,3d2ebf7e3f473e6cbeaebf33bf87bf5ebf9dbf9c3f543f12*eae4
RX # PAI1,TRAIN,145,1292
TX PAI1,TRAIN,146,3,3fc3bf07bdc43e82be8abfd1bf023f88be61be6a3f403f75*c27c
RX # PAI1,TRAIN,146,1287
TX PAI1,TRAIN,147,3,3f9e3e2d3f963f83bff1bf6cbec2bf513e8abd073ebd3e07*857a
RX # PAI1,TRAIN,147,1292
TX PAI1,TRAIN,148,1,bf23bf523f153e0f3e04bc48bf3ebf9bbf81bf833f413f18*ab51
RX # PAI1,TRAIN,148,1291
TX PAI1,TRAIN,149,1,beccbf153ad1bef0bda3bd5dbf2dbfb8bf0ebf313ed63efe*30dc
RX # PAI1,TRAIN,149,1286
TX PAI1,TRAIN,150,1,bf35bea23d61bdaf3f253ec3bf96bfb3bf8bbf943f2c3efc*50bd
RX # PAI1,TRAIN,150,1292
TX PAI1,TRAIN,151,1,be15bf383f923f36beeebeb7bf8abf8cbf99bfa03f653ee9*4cff
RX # PAI1,TRAIN,151,1291
TX PAI1,TRAIN,152,4,3e313ec4be63bd92be163de3bded3ef9bd01be1a3e183e3e*3648
RX # PAI1,TRAIN,152,1292
TX PAI1,TRAIN,153,3,3f19bfdbbfc9bf933ec7bfd33fdb3f713de23f323e153f8b*6b0f
RX # PAI1,TRAIN,153,1293
TX PAI1,TRAIN,154,2,bef73f333ef23f3f3e863f60400e3fa840084016bf14b930*b3a5
RX # PAI1,TRAIN,154,1291
TX PAI1,TRAIN,155,4,3f0a3fbb3f723f8fbf493f06bf0cbeb3bdd3be8d3eb7bd62*99e5
RX # PAI1,TRAIN,155,1286
TX PAI1,TRAIN,156,4,3f3a3f943f293f87be533e27be8a3d3d3d2fbe313eb83cd8*e629
RX # PAI1,TRAIN,156,1291
TX PAI1,TRAIN,157,2,bf7dbf15bf54bfa63fae3ee13fa53f513dd13f2abf85bf3f*81fd
RX # PAI1,TRAIN,157,1292
TX PAI1,TRAIN,158,3,3f66bfadbf47bf80be68bfd4bf2c3e0fbe99becb3f3a3faf*ccbf
RX # PAI1,TRAIN,158,1291
TX PAI1,TRAIN,159,1,bf6cbf9cbef3bf803ea0bd26bf9ebfccbf9abfa53eca3ebe*9ea4
RX # PAI1,TRAIN,159,1291
TX PAI1,TRAIN,160,2,bfbdbedcbf82bf9c3fc93f743f893f853ea83f3dbf67bf04*ef72
RX # PAI1,TRAIN,160,1291
TX PAI1,TRAIN,161,4,3ebe40813fb5401bbf874019be863f913e863e14be30bf9d*091d
RX # PAI1,TRAIN,161,1291
TX PAI1,TRAIN,162,4,3f653f713f7a3f85bfc0bdf7be75bf02b9ddbe483e4fbe68*7623
RX # PAI1,TRAIN,162,1292
TX PAI1,TRAIN,163,3,3f843da83fb53fb9c002bf503efc3f8e3f443f2a3de1bdbc*4dc1
RX # PAI1,TRAIN,163,1291
TX PAI1,TRAIN,164,1,bf183ebd3f243ef43f4b3f3fbf51bf9cbf35bf583f603f3d*6ded
RX # PAI1,TRAIN,164,1292
TX PAI1,TRAIN,165,1,bf36befd3ed33cfb3eb63e89bf69bf83bf7dbf843f1b3ecd*61b0
RX # PAI1,TRAIN,165,1291
TX PAI1,TRAIN,166,4,be9c3f3bbe5fbdc93e1a3f3fbe073f2b3e673e273c5b3e18*7a0b
RX # PAI1,TRAIN,166,1291
TX PAI1,TRAIN,167,2,bff3bee0bfcfbfe540073fa63f963fac3f4b3f65bf87bee3*458c
RX # PAI1,TRAIN,167,1290
TX PAI1,TRAIN,168,2,bfeebea6c006c0083fd83fac400b3f4a3e2b3fafbfabbefc*b0f4
RX # PAI1,TRAIN,168,1290
TX PAI1,TRAIN,169,2,bfcebba0bf8abfbb3ffb3fac400d3f9c3f073fb5bfa4bf2a*d6d8
RX # PAI1,TRAIN,169,1291
TX PAI1,TRAIN,170,2,400fbf4ebf813f2fbec1c01b3fe5400a3ff13fefbf22be9d*1af5
RX # PAI1,TRAIN,170,1292
TX PAI1,TRAIN,171,2,bfcebf2dbff3c00540083f663fddbf0d408a405cc0a6c0b0*00ac
RX # PAI1,TRAIN,171,1292
TX PAI1,TRAIN,172,2,4031bf43c019bf2b3f9ec0353f8f3fdb3f683f83bf65bf18*ad1c
RX # PAI1,TRAIN,172,1288
TX PAI1,TRAIN,173,1,bf563e7ebf4fbf1d3f8d3f5ebf71bf8dbf52bf713f103f27*17fe
RX # PAI1,TRAIN,173,1293
TX PAI1,TRAIN,174,1,bd7ebeb03f4a3e97befdbe35bf85bfd0bf89bf913f513f11*fef9
RX # PAI1,TRAIN,174,1289
TX PAI1,TRAIN,175,3,3e273fef3f223f74bf5b3f8ebeca3ba73e973d2b3dbfbe72*886c
RX # PAI1,TRAIN,175,1292
TX PAI1,TRAIN,176,4,3f5c3f363e823f1ebf82be7dbb2ebd863e6f3dab3d1dbe21*9a4b
RX # PAI1,TRAIN,176,1293
TX PAI1,TRAIN,177,4,bef0be34bec1bef13d5b3e8dbf003ef3bb68be08bd823cfa*70c5
RX # PAI1,TRAIN,177,1292
TX PAI1,PREDICT,178,bf1ebdc33f6e3f093da93eeabf44bfe9bf75bf7f3f3b3ed0*7812
RX # PAI1,PREDICT,178,107,3f85,bb40,3d88,bdce
TX PAI1,PREDICT,179,bedebe93bec4bf213e203e30bf53bfa7bf66bf7e3ef13efb*9e4f
RX # PAI1,PREDICT,179,107,3f44,bd44,3d98,3e6a
TX PAI1,PREDICT,180,bf603cafbedabf0d3f6b3f40bf33bfa6bf47bf583ef33f0a*85e0
RX # PAI1,PREDICT,180,105,3f65,3dc6,bde4,3e0a
TX PAI1,PREDICT,181,bea2be653f1d3daebe323defbf86bfb4bfb1bfb03f483ef5*17d2
RX # PAI1,PREDICT,181,105,3f64,be67,3e02,3e66
TX PAI1,PREDICT,182,bf6abfbbbd8ebec73fa5be553fae3fd13fc63fd5beb83ef1*fc2f
RX # PAI1,PREDICT,182,108,3c68,3f67,3ee0,beb0
TX PAI1,PREDICT,183,3fce3fd0405c402bbfa5be873f2640033f8b3f703e3ebeb2*558d
RX # PAI1,PREDICT,183,107,bdfe,3e88,3eac,3eef
TX PAI1,PREDICT,184,3e96be64bf92bf583cb4beca3f993fed3f373f79bf68bf0f*bd07
RX # PAI1,PREDICT,184,108,bed1,3f14,3e7a,3f16
TX PAI1,PREDICT,185,3ef4bf2fbf93bf59bf6cbf5c3f953fbf3f263f83bef53e14*6b66
RX # PAI1,PREDICT,185,108,be94,3e97,3f02,3f0a
TX PAI1,PREDICT,186,3f09bf17bea4becfbfd4bf583f293e69beb7bcfb3d5e3e77*65d9
RX # PAI1,PREDICT,186,105,bd9c,bdbe,3f20,3f01
TX PAI1,PREDICT,187,3f873f7c3fdd3fcabf62be6dbf74beeabe76bee33e6cbf0b*dfc5
RX # PAI1,PREDICT,187,107,3e89,3d94,3ec8,3e89
TX PAI1,PREDICT,188,3ee73f2b3fdb3fa8bf853d89bf1bbec6be4ebec83e65bed2*d55a
RX # PAI1,PREDICT,188,106,3e99,3d1c,3ec5,3e83
TX PAI1,PREDICT,189,3f943b5dbf173e023ea2bf78bdbd3f813ea03e383f213f84*58d3
RX # PAI1,PREDICT,189,108,3d90,3e07,3ea2,3efe
TX PAI1,PREDICT,190,3ea73f473f8c3f8bbe8f3e7c3dd33dfb3e9d3e123e66bd09*7235
RX # PAI1,PREDICT,190,105,3e5e,3e82,3e7f,3e8a
TX PAI1,PREDICT,191,3fb13dd73fa83fa6c015bf8cbd85bef03f033e893e79bce2*4318
RX # PAI1,PREDICT,191,107,3e07,bd96,3f47,3e0a
TX PAI1,PREDICT,192,3fa040343fbd4005c0093f55bec8bcb43ed33db63e1ebf17*87d4
RX # PAI1,PREDICT,192,107,be11,bd7a,3efc,3f43
TX PAI1,PREDICT,193,3e703eac3e983ed3be293ceb3e953f053e743e043bf2bdc4*7619
RX # PAI1,PREDICT,193,108,3de6,3e8c,3e33,3ed4
TX PAI1,INIT,194,12,32,1,1*7b47
RX # PAI1,INIT,194,12,32,4
TX PAI1,TRAIN,195,2,c009bed5c00ac0153ff83fc840123f283e673fc3c022bf94*52cc
RX # PAI1,TRAIN,195,1293
TX PAI1,TRAIN,196,2,4022bf55c01bbf6d3fbfc0343f983fbf3f8d3f93bfe6bfac*3c66
RX # PAI1,TRAIN,196,1291
TX PAI1,TRAIN,197,3,3f153ebb3f173f3dbf8bbe73beccbe3d3f263e83bd18bee6*766e
RX # PAI1,TRAIN,197,1292
TX PAI1,TRAIN,198,4,3de5406f3f844003bf43402abe763f783ead3e45bf12c022*f6b4
RX # PAI1,TRAIN,198,1292
TX PAI1,TRAIN,199,3,3f68bdd8bf4abe263f17bf5ebd833f5a3ecc3e6d3f483fdd*e96b
RX # PAI1,TRAIN,199,1289
TX PAI1,TRAIN,200,3,3f25bfb2bf76bfa03d64bfcbbf2b3d87bea9becb3f724016*0a48
RX # PAI1,TRAIN,200,1289
TX PAI1,TRAIN,201,3,3e453f063fa63f7bbf3e3e62bf19bed2be5abec83dc6bf80*3248
RX # PAI1,TRAIN,201,1291
TX PAI1,TRAIN,202,1,bf34bec4bf1bbf643ede3ea9bf54bf9fbf85bf863f033f32*4d26
RX # PAI1,TRAIN,202,1292
TX PAI1,TRAIN,203,4,bce43e593c643de63dee3e383eac3ed23e9f3e34be89bed0*42b3
RX # PAI1,TRAIN,203,1291
TX PAI1,TRAIN,204,3,3f47bcfb3f843f8dbfdcbf333f0b3f733f713f42bdc4becc*9a8b
RX # PAI1,TRAIN,204,1293
TX PAI1,TRAIN,205,3,3e5fbf42bfa6bf8dbf21bf403f9f3fa63f4c3f94bf8b3d3c*4cc7
RX # PAI1,TRAIN,205,1292
TX PAI1,TRAIN,206,4,3d863f213f3e3f443b8d3ed13e0e3d503ec93e433dcabe94*5894
RX # PAI1,TRAIN,206,1292
TX PAI1,TRAIN,207,2,4000bf5fbf953ebfbdbcc0193ff23ff340114004bfacbf4e*3a59
RX # PAI1,TRAIN,207,1290
TX PAI1,TRAIN,208,4,3ef13f7e3eaf3f3c3d9b3ea4be7fbc993d9ebe1d3ea7be34*b008
RX # PAI1,TRAIN,208,1286
TX PAI1,TRAIN,209,4,bdb73e83beeabeb53e093e88bdb43ec2bc38be04bcf73dfd*84d6
RX # PAI1,TRAIN,209,1292
TX PAI1,TRAIN,210,1,bed3bf4b3f483ecebe38be66bf8cbf87bfb3bfaa3f9d3f21*e5d7
RX # PAI1,TRAIN,210,1292
TX PAI1,TRAIN,211,3,3f4f3f543fa83f9ebf16bdbcbf75bef3be85bee63ddebfa0*765c
RX # PAI1,TRAIN,211,1293
TX PAI1,TRAIN,212,2,bff2bde8bf9ebfd8400d3fc840153f863f283fc9c01cbfbd*eb66
RX # PAI1,TRAIN,212,1292
TX PAI1,TRAIN,213,1,bf7dbf143df3be823f213eddbf6abf7dbf94bf8c3f3e3f07*a342
RX # PAI1,TRAIN,213,1292
TX PAI1,TRAIN,214,3,beb7bf63bed9bf373e1abeaf3d063e18bf20bed33f353fbc*251c
RX # PAI1,TRAIN,214,1292
TX PAI1,TRAIN,215,3,bdcc3fd53ea43f22bf103fa8bec2bd653ec23da6bdfdbf2c*7ad6
RX # PAI1,TRAIN,215,1292
TX PAI1,TRAIN,216,3,3e8dbf2bbf0cbf2cbfacbf3b3f383e15becd3b00be423e6a*a524
RX # PAI1,TRAIN,216,1293
TX PAI1,TRAIN,217,3,3f7c3d553f4e3f33bfc9bf51bebabf4d3eb2ba473eb03cb7*04f0
RX # PAI1,TRAIN,217,1293
TX PAI1,TRAIN,218,4,3f91bc0c3f703f77c001bf7fbd10bef93f243ea73e04be8e*8fc2
RX # PAI1,TRAIN,218,1289
TX PAI1,TRAIN,219,2,bf98bfbfbea3bf293fc6bd8b3fba3fb63ff03fecbf643f29*181d
RX # PAI1,TRAIN,219,1292
TX PAI1,TRAIN,220,1,bf93bdb5bf24bf513f973f70bf32bf9fbf67bf633f053f4b*afb0
RX # PAI1,TRAIN,220,1289
TX PAI1,TRAIN,221,2,bf413f0e3e303ede3f093f8840163f9040244025bfa1be68*9edb
RX # PAI1,TRAIN,221,1288
TX PAI1,TRAIN,222,4,3f243f4a3f213f38bf993cc4be5ebf063cd3be363d7cbf27*a337
RX # PAI1,TRAIN,222,1288
TX PAI1,TRAIN,223,1,bf99bfa2bf30bfa03f163ddcbfa0bfc1bfb5bfaf3ec53ef3*2dfc
RX # PAI1,TRAIN,223,1289
TX PAI1,TRAIN,224,1,bf7bbed2be53bebc3f6a3f0dbf98bfaabfa2bf9d3f5b3f33*ea17
RX # PAI1,TRAIN,224,1293
TX PAI1,TRAIN,225,1,bf69bf633e8bbe1a3ed03e0cbf3ebf95bf96bf8a3f7e3f65*9986
RX # PAI1,TRAIN,225,1289
TX PAI1,TRAIN,226,1,bf64be4c3f173e6e3eb83f21bf44bfdbbf8ebf863f753f0a*84f9
RX # PAI1,TRAIN,226,1292
TX PAI1,TRAIN,227,1,be63bf863ee6bd80bd68bf15bf88bf59bfb8bfa53f8f3f5a*f4e8
RX # PAI1,TRAIN,227,1292
TX PAI1,TRAIN,228,3,3fa4bf1cbeb0bd233c53bfc8befe3f68be72be5b3f7c3fca*006a
RX # PAI1,TRAIN,228,1292
TX PAI1,TRAIN,229,4,3f8140243f8b3fdbbfea3f82bec0bda53f043e07bc9fbfab*a96b
RX # PAI1,TRAIN,229,1293
TX PAI1,TRAIN,230,2,3fae3fb840374012bf7dbe013f353fe73faa3f873d05bf62*6b4a
RX # PAI1,TRAIN,230,1292
TX PAI1,TRAIN,231,4,3f1b3f11bcd53e9ebf39bddf3cf0bdf63e9c3e01be5dbf06*4705
RX # PAI1,TRAIN,231,1287
TX PAI1,TRAIN,232,1,bf16bea43e9abe4f3ddd3e8bbf87bfabbfd0bfbb3f853f2d*890f
RX # PAI1,TRAIN,232,1292
TX PAI1,TRAIN,233,4,3f4abd76bf20bed1be36bf3b3e3d3ee5be08be10bd123e19*792f
RX # PAI1,TRAIN,233,1287
TX PAI1,TRAIN,234,4,3e8f3fa43f1a3f4abefc3f33bf09bec1bdc5be883ea5bea9*6c3b
RX # PAI1,TRAIN,234,1293
TX PAI1,TRAIN,235,3,bf12bf203e53bf3e3f073d0fbef1be97bee8bedb3f393fc1*8e5a
RX # PAI1,TRAIN,235,1289
TX PAI1,TRAIN,236,1,bd14bea73f7c3f5f3ea1be56bf97bf86bfbabfaf3fda3f84*52e1
RX # PAI1,TRAIN,236,1286
TX PAI1,TRAIN,237,2,c00bbf06bfdcc00040173fc13fa13f943f793f81c004bf87*4620
RX # PAI1,TRAIN,237,1290
TX PAI1,TRAIN,238,2,3d04bea4bfa5bf8c3e9abe873fa43fcf3f613f8cbfe8bfa3*17c2
RX # PAI1,TRAIN,238,1291
TX PAI1,TRAIN,239,1,bea8bede3eecba83be55bd12bf87bfc4bfa0bf993f8c3f59*e81a
RX # PAI1,TRAIN,239,1292
TX PAI1,TRAIN,240,1,bea8bede3eecba83be55bd12bf87bfc4bfa0bf993f8c3f59*e6ae
RX # PAI1,TRAIN,240,1288
TX PAI1,TRAIN,241,4,3e8f3fa43f1a3f4abefc3f33bf09bec1bdc5be883ea5bea9*75cd
RX # PAI1,TRAIN,241,1290
TX PAI1,TRAIN,242,1,bf34bec4bf1bbf643ede3ea9bf54bf9fbf85bf863f033f32*5294
RX # PAI1,TRAIN,242,1290
TX PAI1,TRAIN,243,2,bf98bfbfbea3bf293fc6bd8b3fba3fb63ff03fecbf643f29*94b0
RX # PAI1,TRAIN,243,1286
TX PAI1,TRAIN,244,1,be63bf863ee6bd80bd68bf15bf88bf59bfb8bfa53f8f3f5a*6943
RX # PAI1,TRAIN,244,1293
TX PAI1,TRAIN,245,4,3f8140243f8b3fdbbfea3f82bec0bda53f043e07bc9fbfab*ae42
RX # PAI1,TRAIN,245,1291
TX PAI1,TRAIN,246,3,3f153ebb3f173f3dbf8bbe73beccbe3d3f263e83bd18bee6*168c
RX # PAI1,TRAIN,246,1293
TX PAI1,TRAIN,247,3,beb7bf63bed9bf373e1abeaf3d063e18bf20bed33f353fbc*3892
RX # PAI1,TRAIN,247,1287
TX PAI1,TRAIN,248,3,3f47bcfb3f843f8dbfdcbf333f0b3f733f713f42bdc4becc*927b
RX # PAI1,TRAIN,248,1292
TX PAI1,TRAIN,249,3,bf12bf203e53bf3e3f073d0fbef1be97bee8bedb3f393fc1*068f
RX # PAI1,TRAIN,249,1290
TX PAI1,TRAIN,250,2,4022bf55c01bbf6d3fbfc0343f983fbf3f8d3f93bfe6bfac*a399
RX # PAI1,TRAIN,250,1292
TX PAI1,TRAIN,251,4,3f243f4a3f213f38bf993cc4be5ebf063cd3be363d7cbf27*b160
RX # PAI1,TRAIN,251,1292
TX PAI1,TRAIN,252,4,3f4abd76bf20bed1be36bf3b3e3d3ee5be08be10bd123e19*1204
RX # PAI1,TRAIN,252,1292
TX PAI1,TRAIN,253,1,bed3bf4b3f483ecebe38be66bf8cbf87bfb3bfaa3f9d3f21*77a5
RX # PAI1,TRAIN,253,1289
TX PAI1,TRAIN,254,2,bf413f0e3e303ede3f093f8840163f9040244025bfa1be68*872d
RX # PAI1,TRAIN,254,1292
TX PAI1,TRAIN,255,2,3d04bea4bfa5bf8c3e9abe873fa43fcf3f613f8cbfe8bfa3*6bab
RX # PAI1,TRAIN,255,1289
TX PAI1,TRAIN,256,3,3fa4bf1cbeb0bd233c53bfc8befe3f68be72be5b3f7c3fca*7e3f
RX # PAI1,TRAIN,256,1288
TX PAI1,TRAIN,257,4,bdb73e83beeabeb53e093e88bdb43ec2bc38be04bcf73dfd*f55a
RX # PAI1,TRAIN,257,1286
TX PAI1,TRAIN,258,1,bf16bea43e9abe4f3ddd3e8bbf87bfabbfd0bfbb3f853f2d*8587
RX # PAI1,TRAIN,258,1292
TX PAI1,TRAIN,259,2,c009bed5c00ac0153ff83fc840123f283e673fc3c022bf94*d1d0
RX # PAI1,TRAIN,259,1290
TX PAI1,TRAIN,260,4,3f91bc0c3f703f77c001bf7fbd10bef93f243ea73e04be8e*fa36
RX # PAI1,TRAIN,260,1292
TX PAI1,TRAIN,261,3,3f68bdd8bf4abe263f17bf5ebd833f5a3ecc3e6d3f483fdd*1773
RX # PAI1,TRAIN,261,1287
TX PAI1,TRAIN,262,3,3e453f063fa63f7bbf3e3e62bf19bed2be5abec83dc6bf80*afe3
RX # PAI1,TRAIN,262,1292
TX PAI1,TRAIN,263,1,bf69bf633e8bbe1a3ed03e0cbf3ebf95bf96bf8a3f7e3f65*8d95
RX # PAI1,TRAIN,263,1292
TX PAI1,TRAIN,264,1,bf7dbf143df3be823f213eddbf6abf7dbf94bf8c3f3e3f07*4c34
RX # PAI1,TRAIN,264,1293
TX PAI1,TRAIN,265,1,bd14bea73f7c3f5f3ea1be56bf97bf86bfbabfaf3fda3f84*4f6f
RX # PAI1,TRAIN,265,1293
TX PAI1,TRAIN,266,4,3d863f213f3e3f443b8d3ed13e0e3d503ec93e433dcabe94*48ff
RX # PAI1,TRAIN,266,1289
TX PAI1,TRAIN,267,3,3e5fbf42bfa6bf8dbf21bf403f9f3fa63f4c3f94bf8b3d3c*aa2c
RX # PAI1,TRAIN,267,1288
TX PAI1,TRAIN,268,3,3f7c3d553f4e3f33bfc9bf51bebabf4d3eb2ba473eb03cb7*01e5
RX # PAI1,TRAIN,268,1288
TX PAI1,TRAIN,269,2,bff2bde8bf9ebfd8400d3fc840153f863f283fc9c01cbfbd*1352
RX # PAI1,TRAIN,269,1292
TX PAI1,TRAIN,270,2,4000bf5fbf953ebfbdbcc0193ff23ff340114004bfacbf4e*d52f
RX # PAI1,TRAIN,270,1286
TX PAI1,TRAIN,271,1,bf7bbed2be53bebc3f6a3f0dbf98bfaabfa2bf9d3f5b3f33*fc38
RX # PAI1,TRAIN,271,1293
TX PAI1,TRAIN,272,4,3de5406f3f844003bf43402abe763f783ead3e45bf12c022*71d0
RX # PAI1,TRAIN,272,1293
TX PAI1,TRAIN,273,2,3fae3fb840374012bf7dbe013f353fe73faa3f873d05bf62*f938
RX # PAI1,TRAIN,273,1293
TX PAI1,TRAIN,274,1,bf99bfa2bf30bfa03f163ddcbfa0bfc1bfb5bfaf3ec53ef3*cd53
RX # PAI1,TRAIN,274,1293
TX PAI1,TRAIN,275,3,bdcc3fd53ea43f22bf103fa8bec2bd653ec23da6bdfdbf2c*6abd
RX # PAI1,TRAIN,275,1293
TX PAI1,TRAIN,276,4,bce43e593c643de63dee3e383eac3ed23e9f3e34be89bed0*5b45
RX # PAI1,TRAIN,276,1292
TX PAI1,TRAIN,277,2,c00bbf06bfdcc00040173fc13fa13f943f793f81c004bf87*5992
RX # PAI1,TRAIN,277,1292
TX PAI1,TRAIN,278,1,bf93bdb5bf24bf513f973f70bf32bf9fbf67bf633f053f4b*d59d
RX # PAI1,TRAIN,278,1289
TX PAI1,TRAIN,279,3,3e8dbf2bbf0cbf2cbfacbf3b3f383e15becd3b00be423e6a*2fcd
RX # PAI1,TRAIN,279,1287
TX PAI1,TRAIN,280,4,3ef13f7e3eaf3f3c3d9b3ea4be7fbc993d9ebe1d3ea7be34*650f
RX # PAI1,TRAIN,280,1292
TX PAI1,TRAIN,281,4,3f1b3f11bcd53e9ebf39bddf3cf0bdf63e9c3e01be5dbf06*f844
RX # PAI1,TRAIN,281,1289
TX PAI1,TRAIN,282,3,3f4f3f543fa83f9ebf16bdbcbf75bef3be85bee63ddebfa0*4b04
RX # PAI1,TRAIN,282,1287
TX PAI1,TRAIN,283,3,3f25bfb2bf76bfa03d64bfcbbf2b3d87bea9becb3f724016*b8ec
RX # PAI1,TRAIN,283,1288
TX PAI1,TRAIN,284,1,bf64be4c3f173e6e3eb83f21bf44bfdbbf8ebf863f753f0a*42c4
RX # PAI1,TRAIN,284,1290
TX PAI1,TRAIN,285,1,bea8bede3eecba83be55bd12bf87bfc4bfa0bf993f8c3f59*4019
RX # PAI1,TRAIN,285,1286
TX PAI1,TRAIN,286,4,3e8f3fa43f1a3f4abefc3f33bf09bec1bdc5be883ea5bea9*25fa
RX # PAI1,TRAIN,286,1292
TX PAI1,TRAIN,287,3,3e5fbf42bfa6bf8dbf21bf403f9f3fa63f4c3f94bf8b3d3c*8523
RX # PAI1,TRAIN,287,1287
TX PAI1,TRAIN,288,1,bf16bea43e9abe4f3ddd3e8bbf87bfabbfd0bfbb3f853f2d*2aad
RX # PAI1,TRAIN,288,1286
TX PAI1,TRAIN,289,2,4000bf5fbf953ebfbdbcc0193ff23ff340114004bfacbf4e*e4ff
RX # PAI1,TRAIN,289,1289
TX PAI1,TRAIN,290,2,c00bbf06bfdcc00040173fc13fa13f943f793f81c004bf87*067c
RX # PAI1,TRAIN,290,1286
TX PAI1,TRAIN,291,1,bf7bbed2be53bebc3f6a3f0dbf98bfaabfa2bf9d3f5b3f33*d337
RX # PAI1,TRAIN,291,1292
TX PAI1,TRAIN,292,1,bf64be4c3f173e6e3eb83f21bf44bfdbbf8ebf863f753f0a*c699
RX # PAI1,TRAIN,292,1292
TX PAI1,TRAIN,293,3,3f4f3f543fa83f9ebf16bdbcbf75bef3be85bee63ddebfa0*bfb8
RX # PAI1,TRAIN,293,1292
TX PAI1,TRAIN,294,1,bd14bea73f7c3f5f3ea1be56bf97bf86bfbabfaf3fda3f84*94dc
RX # PAI1,TRAIN,294,1289
TX PAI1,TRAIN,295,3,3f68bdd8bf4abe263f17bf5ebd833f5a3ecc3e6d3f483fdd*4aa1
RX # PAI1,TRAIN,295,1293
TX PAI1,TRAIN,296,2,bf413f0e3e303ede3f093f8840163f9040244025bfa1be68*517b
RX # PAI1,TRAIN,296,1290
TX PAI1,TRAIN,297,4,3f243f4a3f213f38bf993cc4be5ebf063cd3be363d7cbf27*9a17
RX # PAI1,TRAIN,297,1287
TX PAI1,TRAIN,298,1,bf99bfa2bf30bfa03f163ddcbfa0bfc1bfb5bfaf3ec53ef3*f51e
RX # PAI1,TRAIN,298,1293
TX PAI1,TRAIN,299,4,3d863f213f3e3f443b8d3ed13e0e3d503ec93e433dcabe94*728e
RX # PAI1,TRAIN,299,1292
TX PAI1,TRAIN,300,3,bf12bf203e53bf3e3f073d0fbef1be97bee8bedb3f393fc1*1479
RX # PAI1,TRAIN,300,1289
TX PAI1,TRAIN,301,3,3f153ebb3f173f3dbf8bbe73beccbe3d3f263e83bd18bee6*e5b8
RX # PAI1,TRAIN,301,1290
TX PAI1,TRAIN,302,3,beb7bf63bed9bf373e1abeaf3d063e18bf20bed33f353fbc*3d26
RX # PAI1,TRAIN,302,1290
TX PAI1,TRAIN,303,4,bdb73e83beeabeb53e093e88bdb43ec2bc38be04bcf73dfd*0452
RX # PAI1,TRAIN,303,1290
TX PAI1,TRAIN,304,4,3de5406f3f844003bf43402abe763f783ead3e45bf12c022*7981
RX # PAI1,TRAIN,304,1289
TX PAI1,TRAIN,305,3,3f47bcfb3f843f8dbfdcbf333f0b3f733f713f42bdc4becc*7dac
RX # PAI1,TRAIN,305,1287
TX PAI1,TRAIN,306,4,3f91bc0c3f703f77c001bf7fbd10bef93f243ea73e04be8e*7d9b
RX # PAI1,TRAIN,306,1293
TX PAI1,TRAIN,307,2,bf98bfbfbea3bf293fc6bd8b3fba3fb63ff03fecbf643f29*ea44
RX # PAI1,TRAIN,307,1291
TX PAI1,TRAIN,308,1,be63bf863ee6bd80bd68bf15bf88bf59bfb8bfa53f8f3f5a*fdd4
RX # PAI1,TRAIN,308,1288
TX PAI1,TRAIN,309,4,3f8140243f8b3fdbbfea3f82bec0bda53f043e07bc9fbfab*3ad5
RX # PAI1,TRAIN,309,1289
TX PAI1,TRAIN,310,2,3d04bea4bfa5bf8c3e9abe873fa43fcf3f613f8cbfe8bfa3*6e1f
RX # PAI1,TRAIN,310,1289
TX PAI1,TRAIN,311,3,3fa4bf1cbeb0bd233c53bfc8befe3f68be72be5b3f7c3fca*8d0b
RX # PAI1,TRAIN,311,1288
TX PAI1,TRAIN,312,4,3f1b3f11bcd53e9ebf39bddf3cf0bdf63e9c3e01be5dbf06*597b
RX # PAI1,TRAIN,312,1292
TX PAI1,TRAIN,313,4,3ef13f7e3eaf3f3c3d9b3ea4be7fbc993d9ebe1d3ea7be34*c430
RX # PAI1,TRAIN,313,1286
TX PAI1,TRAIN,314,3,3f25bfb2bf76bfa03d64bfcbbf2b3d87bea9becb3f724016*e4f2
RX # PAI1,TRAIN,314,1293
TX PAI1,TRAIN,315,4,3f4abd76bf20bed1be36bf3b3e3d3ee5be08be10bd123e19*e130
RX # PAI1,TRAIN,315,1290
TX PAI1,TRAIN,316,1,bed3bf4b3f483ecebe38be66bf8cbf87bfb3bfaa3f9d3f21*7211
RX # PAI1,TRAIN,316,1288
TX PAI1,TRAIN,317,3,3e453f063fa63f7bbf3e3e62bf19bed2be5abec83dc6bf80*2a72
RX # PAI1,TRAIN,317,1292
TX PAI1,TRAIN,318,3,3e8dbf2bbf0cbf2cbfacbf3b3f383e15becd3b00be423e6a*d881
RX # PAI1,TRAIN,318,1287
TX PAI1,TRAIN,319,1,bf34bec4bf1bbf643ede3ea9bf54bf9fbf85bf863f033f32*391e
RX # PAI1,TRAIN,319,1289
TX PAI1,TRAIN,320,1,bf69bf633e8bbe1a3ed03e0cbf3ebf95bf96bf8a3f7e3f65*8380
RX # PAI1,TRAIN,320,1292
TX PAI1,TRAIN,321,2,c009bed5c00ac0153ff83fc840123f283e673fc3c022bf94*3843
RX # PAI1,TRAIN,321,1285
TX PAI1,TRAIN,322,3,bdcc3fd53ea43f22bf103fa8bec2bd653ec23da6bdfdbf2c*1675
RX # PAI1,TRAIN,322,1286
TX PAI1,TRAIN,323,4,bce43e593c643de63dee3e383eac3ed23e9f3e34be89bed0*d10d
RX # PAI1,TRAIN,323,1288
TX PAI1,TRAIN,324,2,bff2bde8bf9ebfd8400d3fc840153f863f283fc9c01cbfbd*fc85
RX # PAI1,TRAIN,324,1288
TX PAI1,TRAIN,325,1,bf7dbf143df3be823f213eddbf6abf7dbf94bf8c3f3e3f07*b4a1
RX # PAI1,TRAIN,325,1291
TX PAI1,TRAIN,326,2,3fae3fb840374012bf7dbe013f353fe73faa3f873d05bf62*7370
RX # PAI1,TRAIN,326,1289
TX PAI1,TRAIN,327,3,3f7c3d553f4e3f33bfc9bf51bebabf4d3eb2ba473eb03cb7*18b2
RX # PAI1,TRAIN,327,1292
TX PAI1,TRAIN,328,2,4022bf55c01bbf6d3fbfc0343f983fbf3f8d3f93bfe6bfac*4a0a
RX # PAI1,TRAIN,328,1286
TX PAI1,TRAIN,329,1,bf93bdb5bf24bf513f973f70bf32bf9fbf67bf633f053f4b*a2f4
RX # PAI1,TRAIN,329,1290
TX PAI1,TRAIN,330,4,3f4abd76bf20bed1be36bf3b3e3d3ee5be08be10bd123e19*6888
RX # PAI1,TRAIN,330,1286
TX PAI1,TRAIN,331,3,3e453f063fa63f7bbf3e3e62bf19bed2be5abec83dc6bf80*2e0a
RX # PAI1,TRAIN,331,1286
TX PAI1,TRAIN,332,3,3f25bfb2bf76bfa03d64bfcbbf2b3d87bea9becb3f724016*e08a
RX # PAI1,TRAIN,332,1291
TX PAI1,TRAIN,333,3,3e5fbf42bfa6bf8dbf21bf403f9f3fa63f4c3f94bf8b3d3c*5b24
RX # PAI1,TRAIN,333,1289
TX PAI1,TRAIN,334,1,bf7bbed2be53bebc3f6a3f0dbf98bfaabfa2bf9d3f5b3f33*f98c
RX # PAI1,TRAIN,334,1288
TX PAI1,TRAIN,335,3,3f68bdd8bf4abe263f17bf5ebd833f5a3ecc3e6d3f483fdd*e67b
RX # PAI1,TRAIN,335,1292
TX PAI1,TRAIN,336,3,3f7c3d553f4e3f33bfc9bf51bebabf4d3eb2ba473eb03cb7*ec0e
RX # PAI1,TRAIN,336,1292
TX PAI1,TRAIN,337,4,3f8140243f8b3fdbbfea3f82bec0bda53f043e07bc9fbfab*5b32
RX # PAI1,TRAIN,337,1291
TX PAI1,TRAIN,338,4,bce43e593c643de63dee3e383eac3ed23e9f3e34be89bed0*3952
RX # PAI1,TRAIN,338,1288
TX PAI1,TRAIN,339,3,3f4f3f543fa83f9ebf16bdbcbf75bef3be85bee63ddebfa0*0f81
RX # PAI1,TRAIN,339,1287
TX PAI1,TRAIN,340,1,bf93bdb5bf24bf513f973f70bf32bf9fbf67bf633f053f4b*23bc
RX # PAI1,TRAIN,340,1288
TX PAI1,TRAIN,341,1,bea8bede3eecba83be55bd12bf87bfc4bfa0bf993f8c3f59*0189
RX # PAI1,TRAIN,341,1289
TX PAI1,TRAIN,342,3,beb7bf63bed9bf373e1abeaf3d063e18bf20bed33f353fbc*2294
RX # PAI1,TRAIN,342,1289
TX PAI1,TRAIN,343,3,bdcc3fd53ea43f22bf103fa8bec2bd653ec23da6bdfdbf2c*7d5e
RX # PAI1,TRAIN,343,1290
TX PAI1,TRAIN,344,1,bf16bea43e9abe4f3ddd3e8bbf87bfabbfd0bfbb3f853f2d*815e
RX # PAI1,TRAIN,344,1289
TX PAI1,TRAIN,345,1,bf64be4c3f173e6e3eb83f21bf44bfdbbf8ebf863f753f0a*8535
RX # PAI1,TRAIN,345,1289
TX PAI1,TRAIN,346,1,be63bf863ee6bd80bd68bf15bf88bf59bfb8bfa53f8f3f5a*03a4
RX # PAI1,TRAIN,346,1286
TX PAI1,TRAIN,347,1,bf7dbf143df3be823f213eddbf6abf7dbf94bf8c3f3e3f07*524a
RX # PAI1,TRAIN,347,1285
TX PAI1,TRAIN,348,4,bdb73e83beeabeb53e093e88bdb43ec2bc38be04bcf73dfd*7c43
RX # PAI1,TRAIN,348,1286
TX PAI1,TRAIN,349,3,3e8dbf2bbf0cbf2cbfacbf3b3f383e15becd3b00be423e6a*338f
RX # PAI1,TRAIN,349,1289
TX PAI1,TRAIN,350,2,bf413f0e3e303ede3f093f8840163f9040244025bfa1be68*e66b
RX # PAI1,TRAIN,350,1287
TX PAI1,TRAIN,351,4,3e8f3fa43f1a3f4abefc3f33bf09bec1bdc5be883ea5bea9*6656
RX # PAI1,TRAIN,351,1287
TX PAI1,TRAIN,352,4,3ef13f7e3eaf3f3c3d9b3ea4be7fbc993d9ebe1d3ea7be34*a0c2
RX # PAI1,TRAIN,352,1289
TX PAI1,TRAIN,353,2,bf98bfbfbea3bf293fc6bd8b3fba3fb63ff03fecbf643f29*872b
RX # PAI1,TRAIN,353,1289
TX PAI1,TRAIN,354,3,3f47bcfb3f843f8dbfdcbf333f0b3f733f713f42bdc4becc*96a2
RX # PAI1,TRAIN,354,1290
TX PAI1,TRAIN,355,1,bf99bfa2bf30bfa03f163ddcbfa0bfc1bfb5bfaf3ec53ef3*25ad
RX # PAI1,TRAIN,355,1292
TX PAI1,TRAIN,356,2,3fae3fb840374012bf7dbe013f353fe73faa3f873d05bf62*ece7
RX # PAI1,TRAIN,356,1288
TX PAI1,TRAIN,357,4,3de5406f3f844003bf43402abe763f783ead3e45bf12c022*640f
RX # PAI1,TRAIN,357,1289
TX PAI1,TRAIN,358,4,3f243f4a3f213f38bf993cc4be5ebf063cd3be363d7cbf27*bc24
RX # PAI1,TRAIN,358,1287
TX PAI1,TRAIN,359,3,3f153ebb3f173f3dbf8bbe73beccbe3d3f263e83bd18bee6*9f95
RX # PAI1,TRAIN,359,1286
TX PAI1,TRAIN,360,3,bf12bf203e53bf3e3f073d0fbef1be97bee8bedb3f393fc1*0412
RX # PAI1,TRAIN,360,1290
TX PAI1,TRAIN,361,1,bd14bea73f7c3f5f3ea1be56bf97bf86bfbabfaf3fda3f84*2e29
RX # PAI1,TRAIN,361,1289
TX PAI1,TRAIN,362,4,3d863f213f3e3f443b8d3ed13e0e3d503ec93e433dcabe94*29b9
RX # PAI1,TRAIN,362,1289
TX PAI1,TRAIN,363,2,c00bbf06bfdcc00040173fc13fa13f943f793f81c004bf87*b728
RX # PAI1,TRAIN,363,1288
TX PAI1,TRAIN,364,2,c009bed5c00ac0153ff83fc840123f283e673fc3c022bf94*a190
RX # PAI1,TRAIN,364,1293
TX PAI1,TRAIN,365,2,bff2bde8bf9ebfd8400d3fc840153f863f283fc9c01cbfbd*9877
RX # PAI1,TRAIN,365,1288
TX PAI1,TRAIN,366,2,4000bf5fbf953ebfbdbcc0193ff23ff340114004bfacbf4e*cd15
RX # PAI1,TRAIN,366,1292
TX PAI1,TRAIN,367,2,3d04bea4bfa5bf8c3e9abe873fa43fcf3f613f8cbfe8bfa3*8169
RX # PAI1,TRAIN,367,1287
TX PAI1,TRAIN,368,2,4022bf55c01bbf6d3fbfc0343f983fbf3f8d3f93bfe6bfac*55b8
RX # PAI1,TRAIN,368,1290
TX PAI1,TRAIN,369,1,bf34bec4bf1bbf643ede3ea9bf54bf9fbf85bf863f033f32*a689
RX # PAI1,TRAIN,369,1289
TX PAI1,TRAIN,370,1,bf69bf633e8bbe1a3ed03e0cbf3ebf95bf96bf8a3f7e3f65*13ce
RX # PAI1,TRAIN,370,1288
TX PAI1,TRAIN,371,3,3fa4bf1cbeb0bd233c53bfc8befe3f68be72be5b3f7c3fca*9d60
RX # PAI1,TRAIN,371,1290
TX PAI1,TRAIN,372,4,3f1b3f11bcd53e9ebf39bddf3cf0bdf63e9c3e01be5dbf06*4910
RX # PAI1,TRAIN,372,1288
TX PAI1,TRAIN,373,1,bed3bf4b3f483ecebe38be66bf8cbf87bfb3bfaa3f9d3f21*e41b
RX # PAI1,TRAIN,373,1291
TX PAI1,TRAIN,374,4,3f91bc0c3f703f77c001bf7fbd10bef93f243ea73e04be8e*148c
RX # PAI1,TRAIN,374,1287
TX PAI1,PREDICT,375,bf5d3e783ea63e333f873f6ebf51bf95bf51bf623f993f95*6105
RX # PAI1,PREDICT,375,105,3f46,3d12,bd06,3e61
TX PAI1,PREDICT,376,bf2bbf29be82bf3c3e4d3dc0bf2bbfafbf22bf383eda3f36*2bd3
RX # PAI1,PREDICT,376,108,3f48,3d48,3e2c,3cc0
TX PAI1,PREDICT,377,bf8e3e02bf7ebf603faf3f87bf73bf88bf74bf7e3f2b3f81*1024
RX # PAI1,PREDICT,377,106,3f54,bc40,3be0,3e5c
TX PAI1,PREDICT,378,bf9bbf9fbe83bf473f4e3e0ebe9dbf93bfb2bf843eb13ea4*7349
RX # PAI1,PREDICT,378,105,3f89,3e94,be73,be08
TX PAI1,PREDICT,379,bfa2bf29bf81bfc43fcf3f1c3fb03f2e3e173f42c002bfd1*f0d8
RX # PAI1,PREDICT,379,105,3e88,3f88,bf07,3e60
TX PAI1,PREDICT,380,bfe1bf04bf97bfbb3fe93f933f933f623ed63f58bfe7bf99*672c
RX # PAI1,PREDICT,380,106,3e1d,3f74,be33,3dbe
TX PAI1,PREDICT,381,bff3bf41bffdc01240183f8c3feabf0f40a54073c110c129*0bfe
RX # PAI1,PREDICT,381,108,3e2e,3f87,bef8,3e98
TX PAI1,PREDICT,382,3d6b3f973fb33f9dbeff3f513e5ebed53ed73e8ebc5abf4b*f37f
RX # PAI1,PREDICT,382,105,3df6,3e9b,bcd6,3f23
TX PAI1,PREDICT,383,3eaebfdebfd8bfb23f29bfca3fe83f4b3e213f4cbd0e3fe9*2e79
RX # PAI1,PREDICT,383,106,3e8e,3eea,3e8e,3d0c
TX PAI1,PREDICT,384,bebf3f3ebf0bbe31ba673f5fbf36bebabe96bedabe93bf3f*cd7b
RX # PAI1,PREDICT,384,105,3e9c,bc60,3e7d,3efa
TX PAI1,PREDICT,385,bd553e743ef9399cbf563e62bf36bf02bde3beb5bf0fbfa7*817d
RX # PAI1,PREDICT,385,106,3e4a,3e14,3eeb,3e79
TX PAI1,PREDICT,386,bf133f16bee8bec23edb3f6ebdd83f0c3e973e5bbe843d5f*a324
RX # PAI1,PREDICT,386,105,3cb0,3e20,3ef0,3ecb
TX PAI1,PREDICT,387,bf3dbe8dbf19bf3d3ea93ee1befa3ebd3cb5bde0bec6be2c*3c7a
RX # PAI1,PREDICT,387,106,3e78,3e32,3f19,3c10
TX PAI1,PREDICT,388,be17bed6bf3fbf4dbeadbe383ea83d343cb03dddbf04be15*bf6e
RX # PAI1,PREDICT,388,106,3e52,3e8b,3e93,3e84
TX PAI1,PREDICT,389,3d9d3e72be16bdb6be783ddcbd273f9b3e923e5cbd193e50*1b3a
RX # PAI1,PREDICT,389,106,be48,3d10,3f61,3e98
TX PAI1,INIT,390,12,32,1,1*a0c6
RX # PAI1,INIT,390,12,32,4
TX PAI1,TRAIN,391,2,c001bec9bffbbff33fce3fc840133f403e243fb8bfaebee8*4414
RX # PAI1,TRAIN,391,1289
TX PAI1,TRAIN,392,2,bfdebf3bbfe5bfee40013f7f3feabf0b4093406bc0aac0b1*8ca7
RX # PAI1,TRAIN,392,1293
TX PAI1,TRAIN,393,3,3f833eca3f2f3f61bf98bf1fbeeabe143f0a3e473e2fbd96*d2fc
RX # PAI1,TRAIN,393,1291
TX PAI1,TRAIN,394,4,3f0040723f8e4004bf644039be973f8a3e863e07be1fbf99*fb69
RX # PAI1,TRAIN,394,1285
TX PAI1,TRAIN,395,3,3fb1bda3bf253d803ebabfb1bde93f763ea13e2e3f2c3f8c*d6a6
RX # PAI1,TRAIN,395,1289
TX PAI1,TRAIN,396,3,3f8cbfb0bf4fbf6bbe06c011bf3b3df9beadbee53f463fb7*6f19
RX # PAI1,TRAIN,396,1288
TX PAI1,TRAIN,397,3,3f173f0e3faf3f8cbf5fbd84bf29bec5be6fbee23e81bebd*ceae
RX # PAI1,TRAIN,397,1286
TX PAI1,TRAIN,398,1,bed2beb7beefbf183e5f3d8ebf65bfa3bf7abf8b3f023f0b*7790
RX # PAI1,TRAIN,398,1291
TX PAI1,TRAIN,399,4,3eb03e763e053e9fbd9abde83e973efa3e723dee3cf1bd4f*2596
RX # PAI1,TRAIN,399,1292
TX PAI1,TRAIN,400,3,3f9fbb8d3f8e3f9bbfe3bf973f023f873f4d3f303e0abd3f*3554
RX # PAI1,TRAIN,400,1293
TX PAI1,TRAIN,401,3,3f1ebf3dbf91bf4abf44bf9f3f9d3fb73f2c3f8abef23e45*55ee
RX # PAI1,TRAIN,401,1291
TX PAI1,TRAIN,402,4,3ee53f293f553f67be373e273dc13dd83e9e3e053e823c4e*2054
RX # PAI1,TRAIN,402,1287
TX PAI1,TRAIN,403,2,bfcbbefdbf82bf8e3fc03f883f903f7d3eab3f45bf69bef4*86f2
RX # PAI1,TRAIN,403,1290
TX PAI1,TRAIN,404,4,3eec3e87bcca3e04bed1be4ebdb83fac3e5c3e1e3e2e3e8e*1c7c
RX # PAI1,TRAIN,404,1289
TX PAI1,TRAIN,405,4,3e58becabf1abf04befebf0d3e943dcabcb93d47bdfb3db8*bc80
RX # PAI1,TRAIN,405,1285
TX PAI1,TRAIN,406,1,bdacbf453f5f3f12beb3bf1bbf95bf89bfa6bfae3f723f02*3a86
RX # PAI1,TRAIN,406,1286
TX PAI1,TRAIN,407,3,3fa33f5c3fb03faabf3abee3bf84bee8be8cbeff3e85bf00*8f32
RX # PAI1,TRAIN,407,1290
TX PAI1,TRAIN,408,2,bfdebdb3bf8abfa93fef3fc840153f953f0c3fbfbfa7bf20*268b
RX # PAI1,TRAIN,408,1292
TX PAI1,TRAIN,409,1,bf39bf0e3e6cbcb13ecc3e44bf7cbf80bf8abf913f253ee7*0980
RX # PAI1,TRAIN,409,1290
TX PAI1,TRAIN,410,3,3ee13f9b3fbb3fa9bf253f293e32bec83eac3e5d3e3ebe84*cc6e
RX # PAI1,TRAIN,410,1289
TX PAI1,TRAIN,411,3,bd243f46bed23d57be3c3f3abf47beabbe9cbef33c95be70*6f87
RX # PAI1,TRAIN,411,1288
TX PAI1,TRAIN,412,3,3f2fbf25bed2becdbfb7bf9c3f303e53becdbd623d9f3e95*548a
RX # PAI1,TRAIN,412,1286
TX PAI1,TRAIN,413,3,3ea23e883f163e56bf75bd83bf47befabe10becfbe17bf08*12be
RX # PAI1,TRAIN,413,1290
TX PAI1,TRAIN,414,4,3fd23c933f823f8ac003bfc5bdacbeee3f083e873e8b3c98*459d
RX # PAI1,TRAIN,414,1288
TX PAI1,TRAIN,415,2,bf73bfbdbe44bec63fa0bed43fb83fc83fd23fe1beb33f06*afbc
RX # PAI1,TRAIN,415,1291
TX PAI1,TRAIN,416,1,bf68bd7fbf01bf073f693f4ebf43bfa2bf5abf6d3f033f18*2bc4
RX # PAI1,TRAIN,416,1292
TX PAI1,TRAIN,417,2,bf84bf24bf5bbf963fa93ed23fae3f473dba3f30bf87bf36*4732
RX # PAI1,TRAIN,417,1286
TX PAI1,TRAIN,418,4,be873f1ebea4be093e593f4cbe203f223e643e1c3d123e4a*25d7
RX # PAI1,TRAIN,418,1287
TX PAI1,TRAIN,419,1,bf76bfa0bf0cbf6c3eb8be4ebfaabfc7bfa7bfb43edb3ed9*a1c1
RX # PAI1,TRAIN,419,1286
TX PAI1,TRAIN,420,1,bf7bbf9dbe06befe3f10be27bebabf95bfa5bf893ecf3eae*cccc
RX # PAI1,TRAIN,420,1289
TX PAI1,TRAIN,421,1,bf163e8a3edc3ebc3f4c3f4cbf63bf98bf46bf6d3f6d3f4b*0df3
RX # PAI1,TRAIN,421,1288
TX PAI1,TRAIN,422,1,bf1ebe323f2f3ed73e1a3eddbf55bfe2bf85bf8b3f473eea*e2e0
RX # PAI1,TRAIN,422,1289
TX PAI1,TRAIN,423,1,bf5c3e1ebf57bf153f8a3f74bf82bf8abf65bf843f1a3f36*a582
RX # PAI1,TRAIN,423,1291
TX PAI1,TRAIN,424,3,3f41bfdcbfc1bf863edcc0103fe83f653dcc3f3a3e303f93*f2ff
RX # PAI1,TRAIN,424,1289
TX PAI1,TRAIN,425,4,3fbf40273f953fe1bff13f69beddbd0b3ed83d953e3abf0d*1a72
RX # PAI1,TRAIN,425,1290
TX PAI1,TRAIN,426,2,3ff23fbc40384011bf8cbef93f2d3ffc3f933f7c3e5abe9d*999a
RX # PAI1,TRAIN,426,1292
TX PAI1,TRAIN,427,4,3f863f193dbb3efbbf5bbeeebc93bd9b3e6d3d8a3d7bbde8*7e88
RX # PAI1,TRAIN,427,1291
TX PAI1,TRAIN,428,1,be8ebe983ed03cd5bdaabaabbf91bfafbfc0bfbf3f543f08*6f2d
RX # PAI1,TRAIN,428,1292
TX PAI1,TRAIN,429,4,bee6be80beecbeeb3dfd3e4fbf0c3ee4bcb5be29bd333d9f*f0a5
RX # PAI1,TRAIN,429,1289
TX PAI1,TRAIN,430,4,3f303fa83f323f6dbf233f05bf19beb3be03bea33ec8bc1a*f90f
RX # PAI1,TRAIN,430,1290
TX PAI1,TRAIN,431,3,be84bf1a3ea1beec3e9cbe94bf07be86bee5bef43f233f7a*e8f0
RX # PAI1,TRAIN,431,1291
TX PAI1,TRAIN,432,1,3eabbe9a3f883f7f3ddfbf16bfa1bf88bfacbfb33f9e3f39*e2f1
RX # PAI1,TRAIN,432,1289
TX PAI1,TRAIN,433,2,c003bf00bfc6bfce40003fc03f9e3fa43f543f6fbf89bece*c086
RX # PAI1,TRAIN,433,1291
TX PAI1,TRAIN,434,2,3ed2be97bf90bf493dc2bf273fa13fe33f3f3f83bf6abf05*cbb6
RX # PAI1,TRAIN,434,1290
TX PAI1,TRAIN,435,1,bebdbf24be04beea3b16be60bf3cbfb3bf1cbf443ee83f0d*0d85
RX # PAI1,TRAIN,435,1292
TX PAI1,TRAIN,436,1,bebdbf24be04beea3b16be60bf3cbfb3bf1cbf443ee83f0d*8045
RX # PAI1,TRAIN,436,1288
TX PAI1,TRAIN,437,4,3f303fa83f323f6dbf233f05bf19beb3be03bea33ec8bc1a*89ee
RX # PAI1,TRAIN,437,1288
TX PAI1,TRAIN,438,1,bed2beb7beefbf183e5f3d8ebf65bfa3bf7abf8b3f023f0b*a27b
RX # PAI1,TRAIN,438,1292
TX PAI1,TRAIN,439,2,bf73bfbdbe44bec63fa0bed43fb83fc83fd23fe1beb33f06*b727
RX # PAI1,TRAIN,439,1293
TX PAI1,TRAIN,440,1,bf5c3e1ebf57bf153f8a3f74bf82bf8abf65bf843f1a3f36*3829
RX # PAI1,TRAIN,440,1287
TX PAI1,TRAIN,441,4,3fbf40273f953fe1bff13f69beddbd0b3ed83d953e3abf0d*f738
RX # PAI1,TRAIN,441,1292
TX PAI1,TRAIN,442,3,3f833eca3f2f3f61bf98bf1fbeeabe143f0a3e473e2fbd96*e3c0
RX # PAI1,TRAIN,442,1289
TX PAI1,TRAIN,443,3,3ee13f9b3fbb3fa9bf253f293e32bec83eac3e5d3e3ebe84*d1e0
RX # PAI1,TRAIN,443,1290
TX PAI1,TRAIN,444,3,3f9fbb8d3f8e3f9bbfe3bf973f023f873f4d3f303e0abd3f*d7c7
RX # PAI1,TRAIN,444,1291
TX PAI1,TRAIN,445,3,be84bf1a3ea1beec3e9cbe94bf07be86bee5bef43f233f7a*8a46
RX # PAI1,TRAIN,445,1292
TX PAI1,TRAIN,446,2,bfdebf3bbfe5bfee40013f7f3feabf0b4093406bc0aac0b1*3bfa
RX # PAI1,TRAIN,446,1290
TX PAI1,TRAIN,447,4,be873f1ebea4be093e593f4cbe203f223e643e1c3d123e4a*2f1b
RX # PAI1,TRAIN,447,1290
TX PAI1,TRAIN,448,4,bee6be80beecbeeb3dfd3e4fbf0c3ee4bcb5be29bd333d9f*9b8e
RX # PAI1,TRAIN,448,1289
TX PAI1,TRAIN,449,1,bdacbf453f5f3f12beb3bf1bbf95bf89bfa6bfae3f723f02*bfb6
RX # PAI1,TRAIN,449,1291
TX PAI1,TRAIN,450,2,bf84bf24bf5bbf963fa93ed23fae3f473dba3f30bf87bf36*2861
RX # PAI1,TRAIN,450,1287
TX PAI1,TRAIN,451,2,3ed2be97bf90bf493dc2bf273fa13fe33f3f3f83bf6abf05*5dbc
RX # PAI1,TRAIN,451,1289
TX PAI1,TRAIN,452,3,3f41bfdcbfc1bf863edcc0103fe83f653dcc3f3a3e303f93*66c9
RX # PAI1,TRAIN,452,1290
TX PAI1,TRAIN,453,4,3e58becabf1abf04befebf0d3e943dcabcb93d47bdfb3db8*276f
RX # PAI1,TRAIN,453,1293
TX PAI1,TRAIN,454,1,be8ebe983ed03cd5bdaabaabbf91bfafbfc0bfbf3f543f08*e7f8
RX # PAI1,TRAIN,454,1289
TX PAI1,TRAIN,455,2,c001bec9bffbbff33fce3fc840133f403e243fb8bfaebee8*7cb5
RX # PAI1,TRAIN,455,1286
TX PAI1,TRAIN,456,4,3fd23c933f823f8ac003bfc5bdacbeee3f083e873e8b3c98*acaf
RX # PAI1,TRAIN,456,1286
TX PAI1,TRAIN,457,3,3fb1bda3bf253d803ebabfb1bde93f763ea13e2e3f2c3f8c*e5a6
RX # PAI1,TRAIN,457,1289
TX PAI1,TRAIN,458,3,3f173f0e3faf3f8cbf5fbd84bf29bec5be6fbee23e81bebd*91ac
RX # PAI1,TRAIN,458,1286
TX PAI1,TRAIN,459,1,bf163e8a3edc3ebc3f4c3f4cbf63bf98bf46bf6d3f6d3f4b*7807
RX # PAI1,TRAIN,459,1290
TX PAI1,TRAIN,460,1,bf39bf0e3e6cbcb13ecc3e44bf7cbf80bf8abf913f253ee7*88c8
RX # PAI1,TRAIN,460,1286
TX PAI1,TRAIN,461,1,3eabbe9a3f883f7f3ddfbf16bfa1bf88bfacbfb33f9e3f39*ff7f
RX # PAI1,TRAIN,461,1292
TX PAI1,TRAIN,462,4,3ee53f293f553f67be373e273dc13dd83e9e3e053e823c4e*303f
RX # PAI1,TRAIN,462,1287
TX PAI1,TRAIN,463,3,3f1ebf3dbf91bf4abf44bf9f3f9d3fb73f2c3f8abef23e45*b305
RX # PAI1,TRAIN,463,1287
TX PAI1,TRAIN,464,3,3ea23e883f163e56bf75bd83bf47befabe10becfbe17bf08*fdc8
RX # PAI1,TRAIN,464,1286
TX PAI1,TRAIN,465,2,bfdebdb3bf8abfa93fef3fc840153f953f0c3fbfbfa7bf20*5ae2
RX # PAI1,TRAIN,465,1291
TX PAI1,TRAIN,466,2,bfcbbefdbf82bf8e3fc03f883f903f7d3eab3f45bf69bef4*10f8
RX # PAI1,TRAIN,466,1287
TX PAI1,TRAIN,467,1,bf7bbf9dbe06befe3f10be27bebabf95bfa5bf893ecf3eae*a39f
RX # PAI1,TRAIN,467,1292
TX PAI1,TRAIN,468,4,3f0040723f8e4004bf644039be973f8a3e863e07be1fbf99*a98e
RX # PAI1,TRAIN,468,1285
TX PAI1,TRAIN,469,2,3ff23fbc40384011bf8cbef93f2d3ffc3f933f7c3e5abe9d*1caa
RX # PAI1,TRAIN,469,1289
TX PAI1,TRAIN,470,1,bf76bfa0bf0cbf6c3eb8be4ebfaabfc7bfa7bfb43edb3ed9*2089
RX # PAI1,TRAIN,470,1290
TX PAI1,TRAIN,471,3,bd243f46bed23d57be3c3f3abf47beabbe9cbef33c95be70*7fec
RX # PAI1,TRAIN,471,1290
TX PAI1,TRAIN,472,4,3eb03e763e053e9fbd9abde83e973efa3e723dee3cf1bd4f*886c
RX # PAI1,TRAIN,472,1292
TX PAI1,TRAIN,473,2,c003bf00bfc6bfce40003fc03f9e3fa43f543f6fbf89bece*df34
RX # PAI1,TRAIN,473,1293
TX PAI1,TRAIN,474,1,bf68bd7fbf01bf073f693f4ebf43bfa2bf5abf6d3f033f18*cd2f
RX # PAI1,TRAIN,474,1287
TX PAI1,TRAIN,475,3,3f2fbf25bed2becdbfb7bf9c3f303e53becdbd623d9f3e95*3400
RX # PAI1,TRAIN,475,1291
TX PAI1,TRAIN,476,4,3eec3e87bcca3e04bed1be4ebdb83fac3e5c3e1e3e2e3e8e*756b
RX # PAI1,TRAIN,476,1290
TX PAI1,TRAIN,477,4,3f863f193dbb3efbbf5bbeeebc93bd9b3e6d3d8a3d7bbde8*eec6
RX # PAI1,TRAIN,477,1288
TX PAI1,TRAIN,478,3,3fa33f5c3fb03faabf3abee3bf84bee8be8cbeff3e85bf00*8a27
RX # PAI1,TRAIN,478,1293
TX PAI1,TRAIN,479,3,3f8cbfb0bf4fbf6bbe06c011bf3b3df9beadbee53f463fb7*3fc2
RX # PAI1,TRAIN,479,1289
TX PAI1,TRAIN,480,1,bf1ebe323f2f3ed73e1a3eddbf55bfe2bf85bf8b3f473eea*24dd
RX # PAI1,TRAIN,480,1292
TX PAI1,TRAIN,481,1,bebdbf24be04beea3b16be60bf3cbfb3bf1cbf443ee83f0d*4fe5
RX # PAI1,TRAIN,481,1292
TX PAI1,TRAIN,482,4,3f303fa83f323f6dbf233f05bf19beb3be03bea33ec8bc1a*b0ce
RX # PAI1,TRAIN,482,1287
TX PAI1,TRAIN,483,3,3f1ebf3dbf91bf4abf44bf9f3f9d3fb73f2c3f8abef23e45*9c0a
RX # PAI1,TRAIN,483,1292
TX PAI1,TRAIN,484,1,be8ebe983ed03cd5bdaabaabbf91bfafbfc0bfbf3f543f08*48d2
RX # PAI1,TRAIN,484,1290
TX PAI1,TRAIN,485,2,bfcbbefdbf82bf8e3fc03f883f903f7d3eab3f45bf69bef4*b237
RX # PAI1,TRAIN,485,1290
TX PAI1,TRAIN,486,2,c003bf00bfc6bfce40003fc03f9e3fa43f543f6fbf89bece*f9a6
RX # PAI1,TRAIN,486,1290
TX PAI1,TRAIN,487,1,bf7bbf9dbe06befe3f10be27bebabf95bfa5bf893ecf3eae*8c90
RX # PAI1,TRAIN,487,1289
TX PAI1,TRAIN,488,1,bf1ebe323f2f3ed73e1a3eddbf55bfe2bf85bf8b3f473eea*cebe
RX # PAI1,TRAIN,488,1288
TX PAI1,TRAIN,489,3,3fa33f5c3fb03faabf3abee3bf84bee8be8cbeff3e85bf00*5194
RX # PAI1,TRAIN,489,1289
TX PAI1,TRAIN,490,1,3eabbe9a3f883f7f3ddfbf16bfa1bf88bfacbfb33f9e3f39*24cc
RX # PAI1,TRAIN,490,1290
TX PAI1,TRAIN,491,3,3fb1bda3bf253d803ebabfb1bde93f763ea13e2e3f2c3f8c*ced1
RX # PAI1,TRAIN,491,1288
TX PAI1,TRAIN,492,2,bf84bf24bf5bbf963fa93ed23fae3f473dba3f30bf87bf36*fe37
RX # PAI1,TRAIN,492,1289
TX PAI1,TRAIN,493,4,be873f1ebea4be093e593f4cbe203f223e643e1c3d123e4a*7d10
RX # PAI1,TRAIN,493,1286
TX PAI1,TRAIN,494,1,bf76bfa0bf0cbf6c3eb8be4ebfaabfc7bfa7bfb43edb3ed9*f2a7
RX # PAI1,TRAIN,494,1290
TX PAI1,TRAIN,495,4,3ee53f293f553f67be373e273dc13dd83e9e3e053e823c4e*e02d
RX # PAI1,TRAIN,495,1289
TX PAI1,TRAIN,496,3,be84bf1a3ea1beec3e9cbe94bf07be86bee5bef43f233f7a*a8ac
RX # PAI1,TRAIN,496,1290
TX PAI1,TRAIN,497,3,3f833eca3f2f3f61bf98bf1fbeeabe143f0a3e473e2fbd96*ca8b
RX # PAI1,TRAIN,497,1290
TX PAI1,TRAIN,498,3,3ee13f9b3fbb3fa9bf253f293e32bec83eac3e5d3e3ebe84*1969
RX # PAI1,TRAIN,498,1290
TX PAI1,TRAIN,499,4,3e58becabf1abf04befebf0d3e943dcabcb93d47bdfb3db8*1b5a
RX # PAI1,TRAIN,499,1290
TX PAI1,TRAIN,500,4,3f0040723f8e4004bf644039be973f8a3e863e07be1fbf99*cfe1
RX # PAI1,TRAIN,500,1290
TX PAI1,TRAIN,501,3,3f9fbb8d3f8e3f9bbfe3bf973f023f873f4d3f303e0abd3f*d273
RX # PAI1,TRAIN,501,1289
TX PAI1,TRAIN,502,4,3fd23c933f823f8ac003bfc5bdacbeee3f083e873e8b3c98*5da7
RX # PAI1,TRAIN,502,1291
TX PAI1,TRAIN,503,2,bf73bfbdbe44bec63fa0bed43fb83fc83fd23fe1beb33f06*b786
RX # PAI1,TRAIN,503,1289
TX PAI1,TRAIN,504,1,bf5c3e1ebf57bf153f8a3f74bf82bf8abf65bf843f1a3f36*46dd
RX # PAI1,TRAIN,504,1292
TX PAI1,TRAIN,505,4,3fbf40273f953fe1bff13f69beddbd0b3ed83d953e3abf0d*89cc
RX # PAI1,TRAIN,505,1291
TX PAI1,TRAIN,506,2,3ed2be97bf90bf493dc2bf273fa13fe33f3f3f83bf6abf05*2174
RX # PAI1,TRAIN,506,1291
TX PAI1,TRAIN,507,3,3f41bfdcbfc1bf863edcc0103fe83f653dcc3f3a3e303f93*ec81
RX # PAI1,TRAIN,507,1290
TX PAI1,TRAIN,508,4,3f863f193dbb3efbbf5bbeeebc93bd9b3e6d3d8a3d7bbde8*77b4
RX # PAI1,TRAIN,508,1288
TX PAI1,TRAIN,509,4,3eec3e87bcca3e04bed1be4ebdb83fac3e5c3e1e3e2e3e8e*ec19
RX # PAI1,TRAIN,509,1289
TX PAI1,TRAIN,510,3,3f8cbfb0bf4fbf6bbe06c011bf3b3df9beadbee53f463fb7*22ed
RX # PAI1,TRAIN,510,1292
TX PAI1,TRAIN,511,4,bee6be80beecbeeb3dfd3e4fbf0c3ee4bcb5be29bd333d9f*0684
RX # PAI1,TRAIN,511,1291
TX PAI1,TRAIN,512,1,bdacbf453f5f3f12beb3bf1bbf95bf89bfa6bfae3f723f02*d43c
RX # PAI1,TRAIN,512,1292
TX PAI1,TRAIN,513,3,3f173f0e3faf3f8cbf5fbd84bf29bec5be6fbee23e81bebd*75da
RX # PAI1,TRAIN,513,1289
TX PAI1,TRAIN,514,3,3f2fbf25bed2becdbfb7bf9c3f303e53becdbd623d9f3e95*c34c
RX # PAI1,TRAIN,514,1290
TX PAI1,TRAIN,515,1,bed2beb7beefbf183e5f3d8ebf65bfa3bf7abf8b3f023f0b*5dc7
RX # PAI1,TRAIN,515,1291
TX PAI1,TRAIN,516,1,bf163e8a3edc3ebc3f4c3f4cbf63bf98bf46bf6d3f6d3f4b*6150
RX # PAI1,TRAIN,516,1291
TX PAI1,TRAIN,517,2,c001bec9bffbbff33fce3fc840133f403e243fb8bfaebee8*09e0
RX # PAI1,TRAIN,517,1289
TX PAI1,TRAIN,518,3,bd243f46bed23d57be3c3f3abf47beabbe9cbef33c95be70*62c3
RX # PAI1,TRAIN,518,1290
TX PAI1,TRAIN,519,4,3eb03e763e053e9fbd9abde83e973efa3e723dee3cf1bd4f*63c3
RX # PAI1,TRAIN,519,1291
TX PAI1,TRAIN,520,2,bfdebdb3bf8abfa93fef3fc840153f953f0c3fbfbfa7bf20*5f56
RX # PAI1,TRAIN,520,1291
TX PAI1,TRAIN,521,1,bf39bf0e3e6cbcb13ecc3e44bf7cbf80bf8abf913f253ee7*705d
RX # PAI1,TRAIN,521,1290
TX PAI1,TRAIN,522,2,3ff23fbc40384011bf8cbef93f2d3ffc3f933f7c3e5abe9d*f8dc
RX # PAI1,TRAIN,522,1293
TX PAI1,TRAIN,523,3,3ea23e883f163e56bf75bd83bf47befabe10becfbe17bf08*0efc
RX # PAI1,TRAIN,523,1290
TX PAI1,TRAIN,524,2,bfdebf3bbfe5bfee40013f7f3feabf0b4093406bc0aac0b1*4176
RX # PAI1,TRAIN,524,1290
TX PAI1,TRAIN,525,1,bf68bd7fbf01bf073f693f4ebf43bfa2bf5abf6d3f033f18*ba46
RX # PAI1,TRAIN,525,1290
TX PAI1,TRAIN,526,4,bee6be80beecbeeb3dfd3e4fbf0c3ee4bcb5be29bd333d9f*f640
RX # PAI1,TRAIN,526,1291
TX PAI1,TRAIN,527,3,3f173f0e3faf3f8cbf5fbd84bf29bec5be6fbee23e81bebd*08de
RX # PAI1,TRAIN,527,1290
TX PAI1,TRAIN,528,3,3f8cbfb0bf4fbf6bbe06c011bf3b3df9beadbee53f463fb7*48ab
RX # PAI1,TRAIN,528,1291
TX PAI1,TRAIN,529,3,3f1ebf3dbf91bf4abf44bf9f3f9d3fb73f2c3f8abef23e45*2c33
RX # PAI1,TRAIN,529,1293
TX PAI1,TRAIN,530,1,bf7bbf9dbe06befe3f10be27bebabf95bfa5bf893ecf3eae*df57
RX # PAI1,TRAIN,530,1289
TX PAI1,TRAIN,531,3,3fb1bda3bf253d803ebabfb1bde93f763ea13e2e3f2c3f8c*620b
RX # PAI1,TRAIN,531,1289
TX PAI1,TRAIN,532,3,3ea23e883f163e56bf75bd83bf47befabe10becfbe17bf08*fa40
RX # PAI1,TRAIN,532,1291
TX PAI1,TRAIN,533,4,3fbf40273f953fe1bff13f69beddbd0b3ed83d953e3abf0d*0248
RX # PAI1,TRAIN,533,1291
TX PAI1,TRAIN,534,4,3eb03e763e053e9fbd9abde83e973efa3e723dee3cf1bd4f*0018
RX # PAI1,TRAIN,534,1288
TX PAI1,TRAIN,535,3,3fa33f5c3fb03faabf3abee3bf84bee8be8cbeff3e85bf00*65f0
RX # PAI1,TRAIN,535,1291
TX PAI1,TRAIN,536,1,bf68bd7fbf01bf073f693f4ebf43bfa2bf5abf6d3f033f18*b87a
RX # PAI1,TRAIN,536,1291
TX PAI1,TRAIN,537,1,bebdbf24be04beea3b16be60bf3cbfb3bf1cbf443ee83f0d*6762
RX # PAI1,TRAIN,537,1288
TX PAI1,TRAIN,538,3,3ee13f9b3fbb3fa9bf253f293e32bec83eac3e5d3e3ebe84*b5b3
RX # PAI1,TRAIN,538,1293
TX PAI1,TRAIN,539,3,bd243f46bed23d57be3c3f3abf47beabbe9cbef33c95be70*165a
RX # PAI1,TRAIN,539,1292
TX PAI1,TRAIN,540,1,be8ebe983ed03cd5bdaabaabbf91bfafbfc0bfbf3f543f08*0942
RX # PAI1,TRAIN,540,1293
TX PAI1,TRAIN,541,1,bf1ebe323f2f3ed73e1a3eddbf55bfe2bf85bf8b3f473eea*e32c
RX # PAI1,TRAIN,541,1289
TX PAI1,TRAIN,542,1,bf5c3e1ebf57bf153f8a3f74bf82bf8abf65bf843f1a3f36*52ce
RX # PAI1,TRAIN,542,1290
TX PAI1,TRAIN,543,1,bf39bf0e3e6cbcb13ecc3e44bf7cbf80bf8abf913f253ee7*96b6
RX # PAI1,TRAIN,543,1291
TX PAI1,TRAIN,544,4,3e58becabf1abf04befebf0d3e943dcabcb93d47bdfb3db8*4415
RX # PAI1,TRAIN,544,1292
TX PAI1,TRAIN,545,3,3f2fbf25bed2becdbfb7bf9c3f303e53becdbd623d9f3e95*2842
RX # PAI1,TRAIN,545,1291
TX PAI1,TRAIN,546,2,bf84bf24bf5bbf963fa93ed23fae3f473dba3f30bf87bf36*305b
RX # PAI1,TRAIN,546,1288
TX PAI1,TRAIN,547,4,3f303fa83f323f6dbf233f05bf19beb3be03bea33ec8bc1a*8a1e
RX # PAI1,TRAIN,547,1291
TX PAI1,TRAIN,548,4,3eec3e87bcca3e04bed1be4ebdb83fac3e5c3e1e3e2e3e8e*88eb
RX # PAI1,TRAIN,548,1291
TX PAI1,TRAIN,549,2,bf73bfbdbe44bec63fa0bed43fb83fc83fd23fe1beb33f06*b4d7
RX # PAI1,TRAIN,549,1291
TX PAI1,TRAIN,550,3,3f9fbb8d3f8e3f9bbfe3bf973f023f873f4d3f303e0abd3f*397d
RX # PAI1,TRAIN,550,1291
TX PAI1,TRAIN,551,1,bf76bfa0bf0cbf6c3eb8be4ebfaabfc7bfa7bfb43edb3ed9*c877
RX # PAI1,TRAIN,551,1292
TX PAI1,TRAIN,552,2,3ff23fbc40384011bf8cbef93f2d3ffc3f933f7c3e5abe9d*674b
RX # PAI1,TRAIN,552,1292
TX PAI1,TRAIN,553,4,3f0040723f8e4004bf644039be973f8a3e863e07be1fbf99*d26f
RX # PAI1,TRAIN,553,1291
TX PAI1,TRAIN,554,4,be873f1ebea4be093e593f4cbe203f223e643e1c3d123e4a*b140
RX # PAI1,TRAIN,554,1290
TX PAI1,TRAIN,555,3,3f833eca3f2f3f61bf98bf1fbeeabe143f0a3e473e2fbd96*80ba
RX # PAI1,TRAIN,555,1290
TX PAI1,TRAIN,556,3,be84bf1a3ea1beec3e9cbe94bf07be86bee5bef43f233f7a*141d
RX # PAI1,TRAIN,556,1290
TX PAI1,TRAIN,557,1,3eabbe9a3f883f7f3ddfbf16bfa1bf88bfacbfb33f9e3f39*e89c
RX # PAI1,TRAIN,557,1289
TX PAI1,TRAIN,558,4,3ee53f293f553f67be373e273dc13dd83e9e3e053e823c4e*309e
RX # PAI1,TRAIN,558,1290
TX PAI1,TRAIN,559,2,c003bf00bfc6bfce40003fc03f9e3fa43f543f6fbf89bece*5069
RX # PAI1,TRAIN,559,1291
TX PAI1,TRAIN,560,2,c001bec9bffbbff33fce3fc840133f403e243fb8bfaebee8*e696
RX # PAI1,TRAIN,560,1291
TX PAI1,TRAIN,561,2,bfdebdb3bf8abfa93fef3fc840153f953f0c3fbfbfa7bf20*3ba4
RX # PAI1,TRAIN,561,1289
TX PAI1,TRAIN,562,2,bfcbbefdbf82bf8e3fc03f883f903f7d3eab3f45bf69bef4*71be
RX # PAI1,TRAIN,562,1291
TX PAI1,TRAIN,563,2,3ed2be97bf90bf493dc2bf273fa13fe33f3f3f83bf6abf05*b77e
RX # PAI1,TRAIN,563,1290
TX PAI1,TRAIN,564,2,bfdebf3bbfe5bfee40013f7f3feabf0b4093406bc0aac0b1*5ec4
RX # PAI1,TRAIN,564,1292
TX PAI1,TRAIN,565,1,bed2beb7beefbf183e5f3d8ebf65bfa3bf7abf8b3f023f0b*c250
RX # PAI1,TRAIN,565,1292
TX PAI1,TRAIN,566,1,bf163e8a3edc3ebc3f4c3f4cbf63bf98bf46bf6d3f6d3f4b*fec7
RX # PAI1,TRAIN,566,1290
TX PAI1,TRAIN,567,3,3f41bfdcbfc1bf863edcc0103fe83f653dcc3f3a3e303f93*fcea
RX # PAI1,TRAIN,567,1292
TX PAI1,TRAIN,568,4,3f863f193dbb3efbbf5bbeeebc93bd9b3e6d3d8a3d7bbde8*67df
RX # PAI1,TRAIN,568,1292
TX PAI1,TRAIN,569,1,bdacbf453f5f3f12beb3bf1bbf95bf89bfa6bfae3f723f02*2c08
RX # PAI1,TRAIN,569,1291
TX PAI1,TRAIN,570,4,3fd23c933f823f8ac003bfc5bdacbeee3f083e873e8b3c98*34b0
RX # PAI1,TRAIN,570,1292
TX PAI1,PREDICT,571,bf23bf5e3ec23d963e45be29bf4fbf97bf8cbf8f3f4d3f26*0bf6
RX # PAI1,PREDICT,571,107,3f86,3c78,3ca8,bda2
TX PAI1,PREDICT,572,3c28bed23f0f3e55bec0bec0bf90bfcabf94bf9e3f5d3f1f*df56
RX # PAI1,PREDICT,572,108,3f62,be0d,3e8f,3c40
TX PAI1,PREDICT,573,3e03bf843f0c3e1cbe71bf85bf92bf5abfaabfaa3f613f20*e923
RX # PAI1,PREDICT,573,107,3f54,bc3c,3eaf,be16
TX PAI1,PREDICT,574,bf37bec5bda9bdfc3f293eacbfa2bfaebf97bfa13f373f0b*5cf0
RX # PAI1,PREDICT,574,108,3f85,3ce0,bd96,3c90
TX PAI1,PREDICT,575,beed3f163e913f1a3ea13f7640163fa04010401fbf133d3e*cf27
RX # PAI1,PREDICT,575,107,beb3,3f1d,3e39,3f12
TX PAI1,PREDICT,576,4027bf5abf813f0cbe89c04f3ff240043fff3ffebf21be87*8140
RX # PAI1,PREDICT,576,107,be95,3f0c,3ed8,3eaf
TX PAI1,PREDICT,577,404cbf50c00ebf213f9ac0703f963fd23f733f89bf67bf0e*4e49
RX # PAI1,PREDICT,577,107,be84,3f3a,3f1a,bbc0
TX PAI1,PREDICT,578,bcc3bf5ebe95bee0bd34bf3fbc6b3e57bf1abeed3f203f75*1325
RX # PAI1,PREDICT,578,107,3f0d,bd3f,3e94,3e54
TX PAI1,PREDICT,579,3fe6bf16be5c3e31be2fc00ebf0e3f82be82be893f4c3f82*d881
RX # PAI1,PREDICT,579,107,bd03,bd86,3f51,3e77
TX PAI1,PREDICT,580,3e873fda3eda3f48bf353fa2bedfbc003e983cb73df2be46*afeb
RX # PAI1,PREDICT,580,107,bd8a,bd93,3e42,3f73
TX PAI1,PREDICT,581,3fbc3da23f653f58bfd2bfaabed7bf4c3e8abd6d3ecf3e38*e6c7
RX # PAI1,PREDICT,581,107,3e48,bdf4,3f0e,3ec7
TX PAI1,PREDICT,582,3f8b3f523f393f5cbfa5be9bbe8abf01bc9abe6e3e6dbe3b*6b85
RX # PAI1,PREDICT,582,108,3dde,bdd8,3efd,3f04
TX PAI1,PREDICT,583,3fa1bd0bbef9be25beb2bf9c3e103f07be25be483e303e7f*d5fc
RX # PAI1,PREDICT,583,106,3d0c,3dc3,3f06,3eae
TX PAI1,PREDICT,584,3e8d3e91bea6bde2bd71bc0cbe0d3ee9bd55be3c3e333e70*a05b
RX # PAI1,PREDICT,584,107,3e16,3da7,3e70,3f09
TX PAI1,PREDICT,585,3f663f833ee43f60bde73d6cbe9b3d023ce0be553ec93d96*6904
RX # PAI1,PREDICT,585,107,3e01,3d62,3ea3,3ef8
TX PAI1,INIT,586,12,32,1,1*dd2c
RX # PAI1,INIT,586,12,32,4
TX PAI1,TRAIN,587,2,400ebf78bf893f13be5dc02c3fff3ffa3fe93ff3bf39bea8*32c5
RX # PAI1,TRAIN,587,1292
TX PAI1,TRAIN,588,2,bfe5bf0bbf8abfbc3fe93fa03f983f6c3e853f3bbf82bf0d*a66e
RX # PAI1,TRAIN,588,1291
TX PAI1,TRAIN,589,3,3d033eb73f243e24bf813e5ebf52bef9be3cbecebe5abf1c*ab1d
RX # PAI1,TRAIN,589,1288
TX PAI1,TRAIN,590,4,3f6e3a53bf01be98be9dbf593e173ef6be4fbe4e3dfb3e51*5e06
RX # PAI1,TRAIN,590,1292
TX PAI1,TRAIN,591,3,3e963f333fbd3fa0bf683e5ebf32bec6be8abee03e54bee1*aec5
RX # PAI1,TRAIN,591,1294
TX PAI1,TRAIN,592,3,3fbabf27be5d3decbdd6bfe3bf163f72be94be8a3f473f80*ab2c
RX # PAI1,TRAIN,592,1288
TX PAI1,TRAIN,593,3,3f733f873fbf3fc6bf3ebe07bf8bbee8be9ebefc3e5cbf14*6134
RX # PAI1,TRAIN,593,1291
TX PAI1,TRAIN,594,1,bf2abec4bef9bf563eaf3eaebf72bf9ebf78bf873ef43f02*477e
RX # PAI1,TRAIN,594,1288
TX PAI1,TRAIN,595,4,3d6d3ea63e1d3e923bb73e303e9f3ee33e2e3dcbbcdcbddb*ce85
RX # PAI1,TRAIN,595,1288
TX PAI1,TRAIN,596,3,be97bf7cbe99bf243d2bbed2bc883e37bf1dbeea3f1a3f71*6454
RX # PAI1,TRAIN,596,1292
TX PAI1,TRAIN,597,2,4033bf6cc017bf603fbcc04b3f9e3fc53f563f83bf81bf21*509a
RX # PAI1,TRAIN,597,1291
TX PAI1,TRAIN,598,4,3e213f533f673f82bde83eda3dc93da43e753de73e56bd29*e360
RX # PAI1,TRAIN,598,1293
TX PAI1,TRAIN,599,2,bfa1bf38bf67bfc73fcd3f273fb73f383d0a3f26bf95bf4b*c2e9
RX # PAI1,TRAIN,599,1289
TX PAI1,TRAIN,600,4,3e2d3eb5bc483d77bec03db9bdc43fa13e193e0b3df93e70*32fc
RX # PAI1,TRAIN,600,1293
TX PAI1,TRAIN,601,4,bd90bedabf21bf3dbef4be6c3e9b3d96bd943d0cbe3f3d20*4f4b
RX # PAI1,TRAIN,601,1289
TX PAI1,TRAIN,602,1,be19bf973f1a3db7be36bf2ebf9abf54bfa6bfa53f5e3f19*3804
RX # PAI1,TRAIN,602,1292
TX PAI1,TRAIN,603,3,3ec4bf39bedabf17bfc7bf593f393e34bedabd873cc43e7e*d6fd
RX # PAI1,TRAIN,603,1290
TX PAI1,TRAIN,604,2,bff8bf53bff3c019401a3f983ff6bf0a40884061c0b5c0b9*c5ef
RX # PAI1,TRAIN,604,1287
TX PAI1,TRAIN,605,1,be86bee43f1d3e22beadbd8ebf98bfc3bf92bf9a3f5a3f18*dec3
RX # PAI1,TRAIN,605,1289
TX PAI1,TRAIN,606,3,3f87bd5abf2dbcae3f02bf7fbdf83f653e7a3e1b3f263f8b*f32d
RX # PAI1,TRAIN,606,1286
TX PAI1,TRAIN,607,3,3ee7c000bfcdbfb33f16bfe53ff43f553d2c3f303dfc3f91*34a8
RX # PAI1,TRAIN,607,1287
TX PAI1,TRAIN,608,3,3ea4bf55bf9abf89bf4abf5e3fa53fab3f143f83bf0e3e15*0ed8
RX # PAI1,TRAIN,608,1290
TX PAI1,TRAIN,609,3,be9f3f75bed9bd0abdf43f72bf52beadbeacbef1bd1ebe98*64cf
RX # PAI1,TRAIN,609,1286
TX PAI1,TRAIN,610,4,3fa63d7f3f8d3f9ec011bf92bdb8beed3ee53e773e6abd10*1354
RX # PAI1,TRAIN,610,1287
TX PAI1,TRAIN,611,4,3f173fa03efc3f7bbd193ea8bea43c24bcd2be5a3eb63cb2*1521
RX # PAI1,TRAIN,611,1288
TX PAI1,TRAIN,612,1,bf75bed5bd98be803f5a3f16bfaabfa9bf94bf9d3f323f03*bf05
RX # PAI1,TRAIN,612,1290
TX PAI1,TRAIN,613,2,3dfabe9ebf99bf883e4ebea63faa3fd63f263f79bf82bf18*a971
RX # PAI1,TRAIN,613,1289
TX PAI1,TRAIN,614,4,bf063f45bea9be873eac3f81be2a3f153e213e0abca73e1a*43fe
RX # PAI1,TRAIN,614,1294
TX PAI1,TRAIN,615,1,bf20bf38bdffbf293dc23d99bf46bfadbf1fbf403ed73f04*0d4f
RX # PAI1,TRAIN,615,1288
TX PAI1,TRAIN,616,1,bf62bf7c3ed7bc043ea13dfebf5abf93bf8abf8b3f493f1f*e1c4
RX # PAI1,TRAIN,616,1289
TX PAI1,TRAIN,617,1,bf09be9f3ee6bd88bb5a3e8cbf99bfaabfbabfba3f513eff*19af
RX # PAI1,TRAIN,617,1293
TX PAI1,TRAIN,618,3,3f923e093f793f71bfe5bf71bee3bf483e4ebd8c3ebc3e08*5cb9
RX # PAI1,TRAIN,618,1292
TX PAI1,TRAIN,619,1,bf8c3e65bf62bf523fab3f93bf89bf86bf64bf813f133f2f*5d0b
RX # PAI1,TRAIN,619,1287
TX PAI1,TRAIN,620,3,3e183fbd3fcb3fc4bf263f623e3abec93e863e483e0cbea5*3678
RX # PAI1,TRAIN,620,1286
TX PAI1,TRAIN,621,1,bf5dbe293f3f3ed73e873f2cbf61bfdabf83bf883f423ed8*0b99
RX # PAI1,TRAIN,621,1287
TX PAI1,TRAIN,622,4,3f9540493fa14005c0043f8ebeeabd583eb03d6b3e08bf21*be31
RX # PAI1,TRAIN,622,1290
TX PAI1,TRAIN,623,2,bf97bfdbbe43bf133fc3bdd83fc23fbc3fbe3fd7beda3efa*d292
RX # PAI1,TRAIN,623,1292
TX PAI1,TRAIN,624,4,bbfb3ec1beabbe713ccb3e89be163ed4bdcdbe423e013e42*686f
RX # PAI1,TRAIN,624,1291
TX PAI1,TRAIN,625,1,bf92bd06bf06bf403f913f82bf4dbf9dbf59bf683ef63f10*1304
RX # PAI1,TRAIN,625,1293
TX PAI1,TRAIN,626,4,bf34be83bef6bf2a3e703eedbf143ecfbd93be2fbdd43cd6*c782
RX # PAI1,TRAIN,626,1289
TX PAI1,TRAIN,627,4,3f453f813f4a3f77bfb2bb38be92bf00bd8dbe723e3dbe7b*16af
RX # PAI1,TRAIN,627,1287
TX PAI1,TRAIN,628,3,bc9b40043ef03f5ebf383fb8beebbce33e693c113d87be82*6a44
RX # PAI1,TRAIN,628,1285
TX PAI1,TRAIN,629,1,bf9bbfb5be01bf363f3d3e01bec4bf91bfa1bf853ebc3e99*f947
RX # PAI1,TRAIN,629,1291
TX PAI1,TRAIN,630,2,bf373f3d3ea23f253ee83f94401e3f9640044018bf29bbcc*2fca
RX # PAI1,TRAIN,630,1292
TX PAI1,TRAIN,631,2,3fc53fe54046402dbf96be2f3f363fed3f833f6f3e2abebf*a56e
RX # PAI1,TRAIN,631,1292
TX PAI1,TRAIN,632,1,bf563eb93ef33eb63f813f81bf6fbf93bf47bf683f6b3f45*430f
RX # PAI1,TRAIN,632,1293
TX PAI1,TRAIN,633,1,bf8c3e65bf62bf523fab3f93bf89bf86bf64bf813f133f2f*4e31
RX # PAI1,TRAIN,633,1290
TX PAI1,TRAIN,634,4,3f173fa03efc3f7bbd193ea8bea43c24bcd2be5a3eb63cb2*9c99
RX # PAI1,TRAIN,634,1290
TX PAI1,TRAIN,635,4,3f453f813f4a3f77bfb2bb38be92bf00bd8dbe723e3dbe7b*6fd3
RX # PAI1,TRAIN,635,1289
TX PAI1,TRAIN,636,2,3dfabe9ebf99bf883e4ebea63faa3fd63f263f79bf82bf18*20c9
RX # PAI1,TRAIN,636,1292
TX PAI1,TRAIN,637,3,bc9b40043ef03f5ebf383fb8beebbce33e693c113d87be82*7f3a
RX # PAI1,TRAIN,637,1292
TX PAI1,TRAIN,638,3,3e183fbd3fcb3fc4bf263f623e3abec93e863e483e0cbea5*53e7
RX # PAI1,TRAIN,638,1292
TX PAI1,TRAIN,639,3,3d033eb73f243e24bf813e5ebf52bef9be3cbecebe5abf1c*a0d4
RX # PAI1,TRAIN,639,1291
TX PAI1,TRAIN,640,3,3f87bd5abf2dbcae3f02bf7fbdf83f653e7a3e1b3f263f8b*e73e
RX # PAI1,TRAIN,640,1285
TX PAI1,TRAIN,641,1,bf5dbe293f3f3ed73e873f2cbf61bfdabf83bf883f423ed8*1bf2
RX # PAI1,TRAIN,641,1287
TX PAI1,TRAIN,642,4,3f9540493fa14005c0043f8ebeeabd583eb03d6b3e08bf21*ae5a
RX # PAI1,TRAIN,642,1286
TX PAI1,TRAIN,643,2,bfe5bf0bbf8abfbc3fe93fa03f983f6c3e853f3bbf82bf0d*5593
RX # PAI1,TRAIN,643,1292
TX PAI1,TRAIN,644,1,bf9bbfb5be01bf363f3d3e01bec4bf91bfa1bf853ebc3e99*852e
RX # PAI1,TRAIN,644,1287
TX PAI1,TRAIN,645,1,bf20bf38bdffbf293dc23d99bf46bfadbf1fbf403ed73f04*9d01
RX # PAI1,TRAIN,645,1292
TX PAI1,TRAIN,646,3,be97bf7cbe99bf243d2bbed2bc883e37bf1dbeea3f1a3f71*7ff6
RX # PAI1,TRAIN,646,1286
TX PAI1,TRAIN,647,4,bf063f45bea9be873eac3f81be2a3f153e213e0abca73e1a*5e70
RX # PAI1,TRAIN,647,1292
TX PAI1,TRAIN,648,4,bf34be83bef6bf2a3e703eedbf143ecfbd93be2fbdd43cd6*362b
RX # PAI1,TRAIN,648,1293
TX PAI1,TRAIN,649,2,3fc53fe54046402dbf96be2f3f363fed3f833f6f3e2abebf*d09a
RX # PAI1,TRAIN,649,1291
TX PAI1,TRAIN,650,1,bf92bd06bf06bf403f913f82bf4dbf9dbf59bf683ef63f10*0af2
RX # PAI1,TRAIN,650,1292
TX PAI1,TRAIN,651,4,bd90bedabf21bf3dbef4be6c3e9b3d96bd943d0cbe3f3d20*df05
RX # PAI1,TRAIN,651,1292
TX PAI1,TRAIN,652,1,bf09be9f3ee6bd88bb5a3e8cbf99bfaabfbabfba3f513eff*807c
RX # PAI1,TRAIN,652,1292
TX PAI1,TRAIN,653,2,400ebf78bf893f13be5dc02c3fff3ffa3fe93ff3bf39bea8*d446
RX # PAI1,TRAIN,653,1292
TX PAI1,TRAIN,654,4,3fa63d7f3f8d3f9ec011bf92bdb8beed3ee53e773e6abd10*f1c7
RX # PAI1,TRAIN,654,1292
TX PAI1,TRAIN,655,3,3f733f873fbf3fc6bf3ebe07bf8bbee8be9ebefc3e5cbf14*fecb
RX # PAI1,TRAIN,655,1292
TX PAI1,TRAIN,656,3,3e963f333fbd3fa0bf683e5ebf32bec6be8abee03e54bee1*4a7a
RX # PAI1,TRAIN,656,1292
TX PAI1,TRAIN,657,1,bf563eb93ef33eb63f813f81bf6fbf93bf47bf683f6b3f45*d505
RX # PAI1,TRAIN,657,1292
TX PAI1,TRAIN,658,1,be86bee43f1d3e22beadbd8ebf98bfc3bf92bf9a3f5a3f18*228f
RX # PAI1,TRAIN,658,1292
TX PAI1,TRAIN,659,1,bf62bf7c3ed7bc043ea13dfebf5abf93bf8abf8b3f493f1f*64f4
RX # PAI1,TRAIN,659,1291
TX PAI1,TRAIN,660,4,3e213f533f673f82bde83eda3dc93da43e753de73e56bd29*1d78
RX # PAI1,TRAIN,660,1292
TX PAI1,TRAIN,661,2,4033bf6cc017bf603fbcc04b3f9e3fc53f563f83bf81bf21*4f40
RX # PAI1,TRAIN,661,1289
TX PAI1,TRAIN,662,3,be9f3f75bed9bd0abdf43f72bf52beadbeacbef1bd1ebe98*1307
RX # PAI1,TRAIN,662,1293
TX PAI1,TRAIN,663,2,bff8bf53bff3c019401a3f983ff6bf0a40884061c0b5c0b9*a565
RX # PAI1,TRAIN,663,1292
TX PAI1,TRAIN,664,1,be19bf973f1a3db7be36bf2ebf9abf54bfa6bfa53f5e3f19*23ce
RX # PAI1,TRAIN,664,1292
TX PAI1,TRAIN,665,2,bfa1bf38bf67bfc73fcd3f273fb73f383d0a3f26bf95bf4b*c1d0
RX # PAI1,TRAIN,665,1292
TX PAI1,TRAIN,666,4,3f6e3a53bf01be98be9dbf593e173ef6be4fbe4e3dfb3e51*41dc
RX # PAI1,TRAIN,666,1293
TX PAI1,TRAIN,667,2,bf97bfdbbe43bf133fc3bdd83fc23fbc3fbe3fd7beda3efa*3001
RX # PAI1,TRAIN,667,1287
TX PAI1,TRAIN,668,1,bf75bed5bd98be803f5a3f16bfaabfa9bf94bf9d3f323f03*3c71
RX # PAI1,TRAIN,668,1292
TX PAI1,TRAIN,669,3,3ee7c000bfcdbfb33f16bfe53ff43f553d2c3f303dfc3f91*c501
RX # PAI1,TRAIN,669,1291
TX PAI1,TRAIN,670,4,3d6d3ea63e1d3e923bb73e303e9f3ee33e2e3dcbbcdcbddb*d363
RX # PAI1,TRAIN,670,1288
TX PAI1,TRAIN,671,2,bf373f3d3ea23f253ee83f94401e3f9640044018bf29bbcc*4b38
RX # PAI1,TRAIN,671,1291
TX PAI1,TRAIN,672,1,bf2abec4bef9bf563eaf3eaebf72bf9ebf78bf873ef43f02*d758
RX # PAI1,TRAIN,672,1288
TX PAI1,TRAIN,673,3,3ea4bf55bf9abf89bf4abf5e3fa53fab3f143f83bf0e3e15*f6ec
RX # PAI1,TRAIN,673,1288
TX PAI1,TRAIN,674,4,3e2d3eb5bc483d77bec03db9bdc43fa13e193e0b3df93e70*504a
RX # PAI1,TRAIN,674,1288
TX PAI1,TRAIN,675,4,bbfb3ec1beabbe713ccb3e89be163ed4bdcdbe423e013e42*8361
RX # PAI1,TRAIN,675,1292
TX PAI1,TRAIN,676,3,3ec4bf39bedabf17bfc7bf593f393e34bedabd873cc43e7e*cf0b
RX # PAI1,TRAIN,676,1288
TX PAI1,TRAIN,677,3,3fbabf27be5d3decbdd6bfe3bf163f72be94be8a3f473f80*b6ca
RX # PAI1,TRAIN,677,1293
TX PAI1,TRAIN,678,3,3f923e093f793f71bfe5bf71bee3bf483e4ebd8c3ebc3e08*4cd2
RX # PAI1,TRAIN,678,1290
TX PAI1,TRAIN,679,2,3dfabe9ebf99bf883e4ebea63faa3fd63f263f79bf82bf18*a5f9
RX # PAI1,TRAIN,679,1292
TX PAI1,TRAIN,680,1,be86bee43f1d3e22beadbd8ebf98bfc3bf92bf9a3f5a3f18*67c6
RX # PAI1,TRAIN,680,1288
TX PAI1,TRAIN,681,4,3f453f813f4a3f77bfb2bb38be92bf00bd8dbe723e3dbe7b*2db3
RX # PAI1,TRAIN,681,1286
TX PAI1,TRAIN,682,2,4033bf6cc017bf603fbcc04b3f9e3fc53f563f83bf81bf21*ed8f
RX # PAI1,TRAIN,682,1287
TX PAI1,TRAIN,683,3,3f87bd5abf2dbcae3f02bf7fbdf83f653e7a3e1b3f263f8b*4a28
RX # PAI1,TRAIN,683,1292
TX PAI1,TRAIN,684,2,bf97bfdbbe43bf133fc3bdd83fc23fbc3fbe3fd7beda3efa*92ce
RX # PAI1,TRAIN,684,1292
TX PAI1,TRAIN,685,3,3d033eb73f243e24bf813e5ebf52bef9be3cbecebe5abf1c*08d7
RX # PAI1,TRAIN,685,1292
TX PAI1,TRAIN,686,3,3ec4bf39bedabf17bfc7bf593f393e34bedabd873cc43e7e*6ff8
RX # PAI1,TRAIN,686,1293
TX PAI1,TRAIN,687,3,bc9b40043ef03f5ebf383fb8beebbce33e693c113d87be82*c07b
RX # PAI1,TRAIN,687,1289
TX PAI1,TRAIN,688,3,be97bf7cbe99bf243d2bbed2bc883e37bf1dbeea3f1a3f71*bee2
RX # PAI1,TRAIN,688,1292
TX PAI1,TRAIN,689,3,3e963f333fbd3fa0bf683e5ebf32bec6be8abee03e54bee1*7fd2
RX # PAI1,TRAIN,689,1288
TX PAI1,TRAIN,690,2,bf373f3d3ea23f253ee83f94401e3f9640044018bf29bbcc*1f77
RX # PAI1,TRAIN,690,1286
TX PAI1,TRAIN,691,1,bf92bd06bf06bf403f913f82bf4dbf9dbf59bf683ef63f10*5164
RX # PAI1,TRAIN,691,1288
TX PAI1,TRAIN,692,2,bfa1bf38bf67bfc73fcd3f273fb73f383d0a3f26bf95bf4b*11c2
RX # PAI1,TRAIN,692,1289
TX PAI1,TRAIN,693,1,bf2abec4bef9bf563eaf3eaebf72bf9ebf78bf873ef43f02*8317
RX # PAI1,TRAIN,693,1293
TX PAI1,TRAIN,694,1,bf20bf38bdffbf293dc23d99bf46bfadbf1fbf403ed73f04*496b
RX # PAI1,TRAIN,694,1287
TX PAI1,TRAIN,695,1,bf62bf7c3ed7bc043ea13dfebf5abf93bf8abf8b3f493f1f*5360
RX # PAI1,TRAIN,695,1289
TX PAI1,TRAIN,696,4,bf063f45bea9be873eac3f81be2a3f153e213e0abca73e1a*8a1a
RX # PAI1,TRAIN,696,1293
TX PAI1,TRAIN,697,3,3fbabf27be5d3decbdd6bfe3bf163f72be94be8a3f473f80*99c5
RX # PAI1,TRAIN,697,1289
TX PAI1,TRAIN,698,1,bf09be9f3ee6bd88bb5a3e8cbf99bfaabfbabfba3f513eff*bc49
RX # PAI1,TRAIN,698,1288
TX PAI1,TRAIN,699,1,bf563eb93ef33eb63f813f81bf6fbf93bf47bf683f6b3f45*1411
RX # PAI1,TRAIN,699,1289
TX PAI1,TRAIN,700,4,3e213f533f673f82bde83eda3dc93da43e753de73e56bd29*9174
RX # PAI1,TRAIN,700,1290
TX PAI1,TRAIN,701,2,bfe5bf0bbf8abfbc3fe93fa03f983f6c3e853f3bbf82bf0d*20c6
RX # PAI1,TRAIN,701,1292
TX PAI1,TRAIN,702,2,3fc53fe54046402dbf96be2f3f363fed3f833f6f3e2abebf*34ec
RX # PAI1,TRAIN,702,1289
TX PAI1,TRAIN,703,4,bd90bedabf21bf3dbef4be6c3e9b3d96bd943d0cbe3f3d20*25ac
RX # PAI1,TRAIN,703,1291
TX PAI1,TRAIN,704,4,3f6e3a53bf01be98be9dbf593e173ef6be4fbe4e3dfb3e51*3b50
RX # PAI1,TRAIN,704,1292
TX PAI1,TRAIN,705,4,bf34be83bef6bf2a3e703eedbf143ecfbd93be2fbdd43cd6*d9fc
RX # PAI1,TRAIN,705,1292
TX PAI1,TRAIN,706,4,3fa63d7f3f8d3f9ec011bf92bdb8beed3ee53e773e6abd10*0b6e
RX # PAI1,TRAIN,706,1293
TX PAI1,TRAIN,707,4,3f173fa03efc3f7bbd193ea8bea43c24bcd2be5a3eb63cb2*0d1b
RX # PAI1,TRAIN,707,1292
TX PAI1,TRAIN,708,1,be19bf973f1a3db7be36bf2ebf9abf54bfa6bfa53f5e3f19*b880
RX # PAI1,TRAIN,708,1292
TX PAI1,TRAIN,709,3,3f923e093f793f71bfe5bf71bee3bf483e4ebd8c3ebc3e08*3462
RX # PAI1,TRAIN,709,1292
TX PAI1,TRAIN,710,4,3f9540493fa14005c0043f8ebeeabd583eb03d6b3e08bf21*54f3
RX # PAI1,TRAIN,710,1292
TX PAI1,TRAIN,711,1,bf75bed5bd98be803f5a3f16bfaabfa9bf94bf9d3f323f03*aea2
RX # PAI1,TRAIN,711,1291
TX PAI1,TRAIN,712,3,3e183fbd3fcb3fc4bf263f623e3abec93e863e483e0cbea5*dcba
RX # PAI1,TRAIN,712,1292
TX PAI1,TRAIN,713,4,bbfb3ec1beabbe713ccb3e89be163ed4bdcdbe423e013e42*04cc
RX # PAI1,TRAIN,713,1292
TX PAI1,TRAIN,714,4,3e2d3eb5bc483d77bec03db9bdc43fa13e193e0b3df93e70*dc46
RX # PAI1,TRAIN,714,1292
TX PAI1,TRAIN,715,3,3f733f873fbf3fc6bf3ebe07bf8bbee8be9ebefc3e5cbf14*7d1e
RX # PAI1,TRAIN,715,1294
TX PAI1,TRAIN,716,3,3ea4bf55bf9abf89bf4abf5e3fa53fab3f143f83bf0e3e15*fc81
RX # PAI1,TRAIN,716,1293
TX PAI1,TRAIN,717,1,bf5dbe293f3f3ed73e873f2cbf61bfdabf83bf883f423ed8*1c7a
RX # PAI1,TRAIN,717,1293
TX PAI1,TRAIN,718,1,bf9bbfb5be01bf363f3d3e01bec4bf91bfa1bf853ebc3e99*9e45
RX # PAI1,TRAIN,718,1292
TX PAI1,TRAIN,719,2,400ebf78bf893f13be5dc02c3fff3ffa3fe93ff3bf39bea8*4b70
RX # PAI1,TRAIN,719,1290
TX PAI1,TRAIN,720,3,3ee7c000bfcdbfb33f16bfe53ff43f553d2c3f303dfc3f91*d7f7
RX # PAI1,TRAIN,720,1289
TX PAI1,TRAIN,721,1,bf8c3e65bf62bf523fab3f93bf89bf86bf64bf813f133f2f*ab2a
RX # PAI1,TRAIN,721,1292
TX PAI1,TRAIN,722,4,3d6d3ea63e1d3e923bb73e303e9f3ee33e2e3dcbbcdcbddb*29ca
RX # PAI1,TRAIN,722,1292
TX PAI1,TRAIN,723,2,bff8bf53bff3c019401a3f983ff6bf0a40884061c0b5c0b9*26b0
RX # PAI1,TRAIN,723,1291
TX PAI1,TRAIN,724,3,be9f3f75bed9bd0abdf43f72bf52beadbeacbef1bd1ebe98*9b73
RX # PAI1,TRAIN,724,1287
TX PAI1,TRAIN,725,3,3d033eb73f243e24bf813e5ebf52bef9be3cbecebe5abf1c*a40d
RX # PAI1,TRAIN,725,1292
TX PAI1,TRAIN,726,4,3f9540493fa14005c0043f8ebeeabd583eb03d6b3e08bf21*df77
RX # PAI1,TRAIN,726,1291
TX PAI1,TRAIN,727,4,bf34be83bef6bf2a3e703eedbf143ecfbd93be2fbdd43cd6*20a5
RX # PAI1,TRAIN,727,1292
TX PAI1,TRAIN,728,1,bf563eb93ef33eb63f813f81bf6fbf93bf47bf683f6b3f45*4c77
RX # PAI1,TRAIN,728,1289
TX PAI1,TRAIN,729,3,be97bf7cbe99bf243d2bbed2bc883e37bf1dbeea3f1a3f71*6978
RX # PAI1,TRAIN,729,1292
TX PAI1,TRAIN,730,1,bf9bbfb5be01bf363f3d3e01bec4bf91bfa1bf853ebc3e99*7bff
RX # PAI1,TRAIN,730,1289
TX PAI1,TRAIN,731,1,bf62bf7c3ed7bc043ea13dfebf5abf93bf8abf8b3f493f1f*029b
RX # PAI1,TRAIN,731,1290
TX PAI1,TRAIN,732,1,bf8c3e65bf62bf523fab3f93bf89bf86bf64bf813f133f2f*a916
RX # PAI1,TRAIN,732,1294
TX PAI1,TRAIN,733,3,bc9b40043ef03f5ebf383fb8beebbce33e693c113d87be82*1e7c
RX # PAI1,TRAIN,733,1286
TX PAI1,TRAIN,734,2,4033bf6cc017bf603fbcc04b3f9e3fc53f563f83bf81bf21*c508
RX # PAI1,TRAIN,734,1292
TX PAI1,TRAIN,735,3,be9f3f75bed9bd0abdf43f72bf52beadbeacbef1bd1ebe98*6fcf
RX # PAI1,TRAIN,735,1288
TX PAI1,TRAIN,736,3,3ec4bf39bedabf17bfc7bf593f393e34bedabd873cc43e7e*4cde
RX # PAI1,TRAIN,736,1293
TX PAI1,TRAIN,737,4,3d6d3ea63e1d3e923bb73e303e9f3ee33e2e3dcbbcdcbddb*2057
RX # PAI1,TRAIN,737,1294
TX PAI1,TRAIN,738,3,3f87bd5abf2dbcae3f02bf7fbdf83f653e7a3e1b3f263f8b*0ead
RX # PAI1,TRAIN,738,1287
TX PAI1,TRAIN,739,1,be86bee43f1d3e22beadbd8ebf98bfc3bf92bf9a3f5a3f18*d5c3
RX # PAI1,TRAIN,739,1291
TX PAI1,TRAIN,740,1,bf92bd06bf06bf403f913f82bf4dbf9dbf59bf683ef63f10*1969
RX # PAI1,TRAIN,740,1286
TX PAI1,TRAIN,741,1,bf20bf38bdffbf293dc23d99bf46bfadbf1fbf403ed73f04*fc47
RX # PAI1,TRAIN,741,1290
TX PAI1,TRAIN,742,3,3fbabf27be5d3decbdd6bfe3bf163f72be94be8a3f473f80*2ce9
RX # PAI1,TRAIN,742,1293
TX PAI1,TRAIN,743,3,3f733f873fbf3fc6bf3ebe07bf8bbee8be9ebefc3e5cbf14*e6f1
RX # PAI1,TRAIN,743,1290
TX PAI1,TRAIN,744,1,bf75bed5bd98be803f5a3f16bfaabfa9bf94bf9d3f323f03*b88d
RX # PAI1,TRAIN,744,1290
TX PAI1,TRAIN,745,4,bd90bedabf21bf3dbef4be6c3e9b3d96bd943d0cbe3f3d20*31bf
RX # PAI1,TRAIN,745,1288
TX PAI1,TRAIN,746,3,3e963f333fbd3fa0bf683e5ebf32bec6be8abee03e54bee1*59e1
RX # PAI1,TRAIN,746,1292
TX PAI1,TRAIN,747,2,3dfabe9ebf99bf883e4ebea63faa3fd63f263f79bf82bf18*5879
RX # PAI1,TRAIN,747,1291
TX PAI1,TRAIN,748,3,3ea4bf55bf9abf89bf4abf5e3fa53fab3f143f83bf0e3e15*8d0d
RX # PAI1,TRAIN,748,1292
TX PAI1,TRAIN,749,4,3f453f813f4a3f77bfb2bb38be92bf00bd8dbe723e3dbe7b*7b61
RX # PAI1,TRAIN,749,1289
TX PAI1,TRAIN,750,4,3e2d3eb5bc483d77bec03db9bdc43fa13e193e0b3df93e70*3ed5
RX # PAI1,TRAIN,750,1287
TX PAI1,TRAIN,751,4,3f173fa03efc3f7bbd193ea8bea43c24bcd2be5a3eb63cb2*96f4
RX # PAI1,TRAIN,751,1287
TX PAI1,TRAIN,752,3,3ee7c000bfcdbfb33f16bfe53ff43f553d2c3f303dfc3f91*bee0
RX # PAI1,TRAIN,752,1287
TX PAI1,TRAIN,753,3,3f923e093f793f71bfe5bf71bee3bf483e4ebd8c3ebc3e08*b8cf
RX # PAI1,TRAIN,753,1290
TX PAI1,TRAIN,754,4,3fa63d7f3f8d3f9ec011bf92bdb8beed3ee53e773e6abd10*6da0
RX # PAI1,TRAIN,754,1286
TX PAI1,TRAIN,755,2,bf97bfdbbe43bf133fc3bdd83fc23fbc3fbe3fd7beda3efa*dac3
RX # PAI1,TRAIN,755,1289
TX PAI1,TRAIN,756,4,3f6e3a53bf01be98be9dbf593e173ef6be4fbe4e3dfb3e51*5d9e
RX # PAI1,TRAIN,756,1288
TX PAI1,TRAIN,757,4,bf063f45bea9be873eac3f81be2a3f153e213e0abca73e1a*4deb
RX # PAI1,TRAIN,757,1289
TX PAI1,TRAIN,758,1,bf2abec4bef9bf563eaf3eaebf72bf9ebf78bf873ef43f02*5805
RX # PAI1,TRAIN,758,1287
TX PAI1,TRAIN,759,1,be19bf973f1a3db7be36bf2ebf9abf54bfa6bfa53f5e3f19*538e
RX # PAI1,TRAIN,759,1289
TX PAI1,TRAIN,760,4,3e213f533f673f82bde83eda3dc93da43e753de73e56bd29*811f
RX # PAI1,TRAIN,760,1286
TX PAI1,TRAIN,761,2,bf373f3d3ea23f253ee83f94401e3f9640044018bf29bbcc*58a3
RX # PAI1,TRAIN,761,1292
TX PAI1,TRAIN,762,2,400ebf78bf893f13be5dc02c3fff3ffa3fe93ff3bf39bea8*b344
RX # PAI1,TRAIN,762,1289
TX PAI1,TRAIN,763,2,bff8bf53bff3c019401a3f983ff6bf0a40884061c0b5c0b9*3902
RX # PAI1,TRAIN,763,1291
TX PAI1,TRAIN,764,2,bfa1bf38bf67bfc73fcd3f273fb73f383d0a3f26bf95bf4b*26f7
RX # PAI1,TRAIN,764,1293
TX PAI1,TRAIN,765,2,3fc53fe54046402dbf96be2f3f363fed3f833f6f3e2abebf*5466
RX # PAI1,TRAIN,765,1291
TX PAI1,TRAIN,766,2,bfe5bf0bbf8abfbc3fe93fa03f983f6c3e853f3bbf82bf0d*404c
RX # PAI1,TRAIN,766,1288
TX PAI1,TRAIN,767,1,bf5dbe293f3f3ed73e873f2cbf61bfdabf83bf883f423ed8*83ed
RX # PAI1,TRAIN,767,1289
TX PAI1,TRAIN,768,1,bf09be9f3ee6bd88bb5a3e8cbf99bfaabfbabfba3f513eff*80dd
RX # PAI1,TRAIN,768,1293
TX PAI1,TRAIN,769,3,3e183fbd3fcb3fc4bf263f623e3abec93e863e483e0cbea5*248e
RX # PAI1,TRAIN,769,1289
TX PAI1,TRAIN,770,4,bbfb3ec1beabbe713ccb3e89be163ed4bdcdbe423e013e42*9967
RX # PAI1,TRAIN,770,1291
TX PAI1,PREDICT,771,3d49bea23f943f913e5ebe86bfa9bf84bfa8bfae3f9f3f33*78af
RX # PAI1,PREDICT,771,107,3f38,be14,3e68,3e63
TX PAI1,PREDICT,772,bf77bf1e3e85be003f0d3ee8bf84bf79bf87bf8d3f1f3ed5*eeb0
RX # PAI1,PREDICT,772,107,3f6b,3c88,3ca0,3ce8
TX PAI1,PREDICT,773,beb4bf5f3f723f1cbe9ebe90bf9dbf85bfa2bfa93f703ef2*d45a
RX # PAI1,PREDICT,773,105,3f4a,bdd6,3e88,3d80
TX PAI1,PREDICT,774,bf98bfb8bf12bf9e3f013db9bfb3bfc0bfa3bfaf3ec93ec5*3618
RX # PAI1,PREDICT,774,106,3f73,be24,3cf0,3e1c
TX PAI1,PREDICT,775,bff7bd80bf91bfdd400f3fdb401d3f8b3eec3fb6bfb7bf34*29a2
RX # PAI1,PREDICT,775,107,bd4d,3f66,bc60,3e1d
TX PAI1,PREDICT,776,c00fbf0dbfd2c00540193fd43fa73f993f3a3f63bf97bef2*8ce3
RX # PAI1,PREDICT,776,108,bb70,3f4c,3c80,3e2c
TX PAI1,PREDICT,777,c00dbed9c005c01c3ff93fdb401a3f313dca3fb0bfbebf06*708b
RX # PAI1,PREDICT,777,106,3e26,3f82,bd34,bdcd
TX PAI1,PREDICT,778,3f363f023f3f3f7dbfa3be97bef7be223ee83e333df9be06*cf87
RX # PAI1,PREDICT,778,107,bd9a,bc50,3f34,3ebc
TX PAI1,PREDICT,779,3f6b3d133f9a3fb2bff9bf503f093f7d3f333f263dacbdd3*e9da
RX # PAI1,PREDICT,779,105,bec6,3d5a,3f0b,3f3f
TX PAI1,PREDICT,780,3f47bfccbf5abf9ebd71bfe7bf453dc4bebcbee33f413fb7*a5e9
RX # PAI1,PREDICT,780,105,3e46,bd46,3f4e,3d6e
TX PAI1,PREDICT,781,bf05bf2c3eb4bf2b3ee23c1dbf0fbe8abef1bef23f1c3f76*aac9
RX # PAI1,PREDICT,781,107,3f17,3d98,3e86,3d96
TX PAI1,PREDICT,782,3ec63fcd3f423f85bf243f41bf21beb5be2fbea43eb5bd83*dd21
RX # PAI1,PREDICT,782,105,3d86,be0c,3ee6,3f1b
TX PAI1,PREDICT,783,3e5440913f9a401cbf6e403cbe9f3f813e463debbe63bfa6*0a37
RX # PAI1,PREDICT,783,105,3d67,3ec4,bea4,3f6b
TX PAI1,PREDICT,784,3f3c3f403de53f01bf63be1bbca7bdbd3e293d563bdbbe30*6973
RX # PAI1,PREDICT,784,106,bd83,3d26,3eee,3f0a
TX PAI1,INIT,785,12,32,1,1*2f10
RX # PAI1,INIT,785,12,32,4
TX PAI1,TRAIN,786,1,be80bf493f6c3f11bea5beb5bf92bf88bfa4bfa83f753efa*98a5
RX # PAI1,TRAIN,786,1289
TX PAI1,TRAIN,787,2,c004bf00bfcfbfec400c3fbc3f9f3f9f3f523f6ebf9fbf05*26f8
RX # PAI1,TRAIN,787,1290
TX PAI1,TRAIN,788,1,bf3ebe223f3a3ecb3e593f0bbf4fbfe0bf83bf863f463ede*efe7
RX # PAI1,TRAIN,788,1292
TX PAI1,TRAIN,789,2,bfe3bd8bbf90bfc340033fc340153f903f0a3fbcbfbfbf44*e1b6
RX # PAI1,TRAIN,789,1289
TX PAI1,TRAIN,790,3,3f8ebd75bf2d3afb3ee2bf83bdc73f6d3ea03e3b3f293f92*b585
RX # PAI1,TRAIN,790,1292
TX PAI1,TRAIN,791,3,3eccbf40bf98bf71bf45bf683f9d3fb13f2b3f89bf173e0f*6218
RX # PAI1,TRAIN,791,1292
TX PAI1,TRAIN,792,2,3fca3fc84043401dbf90be803f2f3ff53f913f7a3e22bed4*e80e
RX # PAI1,TRAIN,792,1289
TX PAI1,TRAIN,793,3,3eebbf27bedabf02bfbebf633f323e40becabd1b3c333e7e*6853
RX # PAI1,TRAIN,793,1293
TX PAI1,TRAIN,794,4,3e153e8c3e133e8dbcf13d933e9d3eed3e703e04bd2bbe05*cde8
RX # PAI1,TRAIN,794,1292
TX PAI1,TRAIN,795,4,3cbabec8bf21bf24bef6be9d3e9a3da7bcaf3d82be553cd2*b21b
RX # PAI1,TRAIN,795,1293
TX PAI1,TRAIN,796,2,bf86bfc3be48befe3fb2be423fb83fc23fd03fdebee93f01*9834
RX # PAI1,TRAIN,796,1289
TX PAI1,TRAIN,797,3,3f06bfe4bfcbbf9d3f03bfe33fe73f5d3dcc3f393de93f99*1874
RX # PAI1,TRAIN,797,1292
TX PAI1,TRAIN,798,2,4032bf53c015bf443fabc0453f963fcc3f713f88bf87bf30*16ba
RX # PAI1,TRAIN,798,1291
TX PAI1,TRAIN,799,1,be26bed03f193e27beb4be1fbf8dbfc8bf93bf983f5e3f1e*aa3c
RX # PAI1,TRAIN,799,1292
TX PAI1,TRAIN,800,3,3df93e9b3f203e28bf793debbf41befdbe0ebec2be71bf2a*4548
RX # PAI1,TRAIN,800,1292
TX PAI1,TRAIN,801,4,3f4c3f263dd23ef3bf5dbe6ebb29bdb73e6b3da7bbe3be4c*a0cd
RX # PAI1,TRAIN,801,1287
TX PAI1,TRAIN,802,3,3ebf3f1b3fb93f92bf623deabf23bec9be6bbed43e4ebef8*ffa1
RX # PAI1,TRAIN,802,1290
TX PAI1,TRAIN,803,1,bf0dbeb4bef8bf3a3e923e6bbf5fbfa1bf77bf853ef63f07*347c
RX # PAI1,TRAIN,803,1292
TX PAI1,TRAIN,804,4,3f7dbc45bf01be7bbea5bf633e1f3f00be22be333de83e4e*0bef
RX # PAI1,TRAIN,804,1291
TX PAI1,TRAIN,805,3,3f463ee03f3a3f68bf9dbebcbee0be213f083e533de6be1f*6c23
RX # PAI1,TRAIN,805,1292
TX PAI1,TRAIN,806,1,bf43bf623ecf3c613e843cdcbf49bf96bf8abf893f4c3f25*2328
RX # PAI1,TRAIN,806,1291
TX PAI1,TRAIN,807,2,bfe3bf3ebff1c008400d3f843fe9bf0c40914066c0bcc0c6*8ba0
RX # PAI1,TRAIN,807,1291
TX PAI1,TRAIN,808,4,3e783f373f623f6ebe103e9f3ddf3db53e9d3e123e50bd76*0f06
RX # PAI1,TRAIN,808,1287
TX PAI1,TRAIN,809,1,3e0dbe953f903f843e2cbeacbf9dbf87bfaabfad3fa33f3b*d732
RX # PAI1,TRAIN,809,1292
TX PAI1,TRAIN,810,4,3e823e9abc9f3d99bec5bb93bd973fa63e5a3e2a3de63e6f*70d6
RX # PAI1,TRAIN,810,1289
TX PAI1,TRAIN,811,2,400fbf5fbf873f09be72c0283ff240013ffd3ffabf43bebb*6557
RX # PAI1,TRAIN,811,1293
TX PAI1,TRAIN,812,1,bf57bf0f3e80bdbb3ef53eacbf75bf7fbf88bf8b3f223eda*f578
RX # PAI1,TRAIN,812,1292
TX PAI1,TRAIN,813,3,3f983dd93f733f5dbfdabf7abecdbf4c3e89bd263ebb3e00*5ff6
RX # PAI1,TRAIN,813,1291
TX PAI1,TRAIN,814,2,3e55be93bf97bf6f3e1dbeca3fa23fdd3f3d3f82bf89bf26*72e2
RX # PAI1,TRAIN,814,1289
TX PAI1,TRAIN,815,2,bfd1befdbf89bfa63fd53f8c3f913f743ea93f45bf88bf1a*014c
RX # PAI1,TRAIN,815,1287
TX PAI1,TRAIN,816,1,bf55bec3bda5be503f433eecbf9ebfadbf95bf9b3f353f08*4cde
RX # PAI1,TRAIN,816,1292
TX PAI1,TRAIN,817,3,3fbfbf17be613dfebe07bfe1bf093f7bbe80be7b3f4b3f86*52c7
RX # PAI1,TRAIN,817,1290
TX PAI1,TRAIN,818,4,bed53f2bbeaabe5c3e8f3f5cbe0e3f1b3e623e29bd0f3e14*b63f
RX # PAI1,TRAIN,818,1288
TX PAI1,TRAIN,819,2,bf193f243e9c3f193ec73f8040163f9b400f401cbf33bcb9*0693
RX # PAI1,TRAIN,819,1292
TX PAI1,TRAIN,820,3,3f803f6c3fbb3fb4bf3bbe5bbf80beebbe8abef13e56bf21*2a6b
RX # PAI1,TRAIN,820,1288
TX PAI1,TRAIN,821,4,3fac3d2d3f8a3f90c009bf95bd8bbef13f073e8c3e65bd5b*a643
RX # PAI1,TRAIN,821,1291
TX PAI1,TRAIN,822,4,3f293f8c3ef43f66bd8e3e61be923c853ce6be403eb53bec*3d4b
RX # PAI1,TRAIN,822,1292
TX PAI1,TRAIN,823,1,bedbbe933edfbd1ebd1b3e2dbf8dbfaebfbdbfb93f553f04*3a6e
RX # PAI1,TRAIN,823,1290
TX PAI1,TRAIN,824,3,bed2bf1b3eadbf143ec2bda5bf02be8bbee2bee63f1f3f81*63d1
RX # PAI1,TRAIN,824,1291
TX PAI1,TRAIN,825,1,bf783e3ebf61bf363f9b3f7fbf7ebf89bf62bf7e3f153f36*78fb
RX # PAI1,TRAIN,825,1290
TX PAI1,TRAIN,826,1,bf373e9d3eeb3ead3f683f5cbf5cbf97bf44bf643f703f4e*1234
RX # PAI1,TRAIN,826,1292
TX PAI1,TRAIN,827,1,bf87bfa4bf11bf8b3edfbb93bfa6bfc4bfa5bfad3ec93eca*d637
RX # PAI1,TRAIN,827,1289
TX PAI1,TRAIN,828,2,c002bec7c004c00b3fe43fc340123f383e233fb6bfc7bf13*4a65
RX # PAI1,TRAIN,828,1287
TX PAI1,TRAIN,829,1,bf03bf26be05bf123d5dbc9cbf36bfb1bf1abf3b3ed83f09*a414
RX # PAI1,TRAIN,829,1293
TX PAI1,TRAIN,830,3,be563f55bedabc16be153f4cbf41beafbe99bee5bd5dbeab*a8cb
RX # PAI1,TRAIN,830,1287
TX PAI1,TRAIN,831,4,3f9b40313f9e3ff1bffb3f75bed3bd453ed63db23dfebf30*8bd4
RX # PAI1,TRAIN,831,1286
TX PAI1,TRAIN,832,3,3f57bfb6bf59bf8bbdb7bfe5bf353dd6beabbed73f453fc1*05aa
RX # PAI1,TRAIN,832,1288
TX PAI1,TRAIN,833,4,3eed3fb33f3e3f75bf223f1ebf13beb7be01be973eb4bdad*2cb4
RX # PAI1,TRAIN,833,1293
TX PAI1,TRAIN,834,4,3daa3ea4beacbe42bc3d3e26bdf93eddbd4fbe273def3e3e*0ceb
RX # PAI1,TRAIN,834,1291
TX PAI1,TRAIN,835,3,be46bf62be9abf0d3b90bef43a793e43bf18bedf3f1c3f7d*731a
RX # PAI1,TRAIN,835,1289
TX PAI1,TRAIN,836,4,bf16be75bef6bf133e3c3eb1bf073ed7bcabbe14bdf93c43*44e0
RX # PAI1,TRAIN,836,1286
TX PAI1,TRAIN,837,4,3f553f623f453f63bfaabdbdbe81bf02bc90be583e36be8e*fd90
RX # PAI1,TRAIN,837,1292
TX PAI1,TRAIN,838,3,3e6f3fa53fc63fb2bf243f3e3e40becc3eaa3e683e03beb9*4287
RX # PAI1,TRAIN,838,1287
TX PAI1,TRAIN,839,3,3f7a3c9b3f963fa2bfedbf5b3f053f833f4b3f303d96be01*e033
RX # PAI1,TRAIN,839,1293
TX PAI1,TRAIN,840,1,bf81bd2bbf06bf273f833f5ebf3dbfa1bf57bf643ef83f15*d612
RX # PAI1,TRAIN,840,1287
TX PAI1,TRAIN,841,2,bf90bf25bf65bfaf3fbb3f063fae3f3f3dba3f30bf9cbf5d*4fda
RX # PAI1,TRAIN,841,1286
TX PAI1,TRAIN,842,1,bd5abf873f163dcfbe4ebf3abf8fbf59bfa8bfa43f623f1f*a701
RX # PAI1,TRAIN,842,1289
TX PAI1,TRAIN,843,4,3e94407f3f96400dbf67402bbe8d3f863e853e15be7abfb3*5bee
RX # PAI1,TRAIN,843,1291
TX PAI1,TRAIN,844,3,3d933fe83ee93f4cbf353fa2bed5bcb93e973d1b3d61be93*7030
RX # PAI1,TRAIN,844,1287
TX PAI1,TRAIN,845,1,bf8abfa1be07bf1d3f273cecbeb0bf94bfa3bf833ebc3e9b*714a
RX # PAI1,TRAIN,845,1291
TX PAI1,TRAIN,846,4,bed53f2bbeaabe5c3e8f3f5cbe0e3f1b3e623e29bd0f3e14*c7b3
RX # PAI1,TRAIN,846,1293
TX PAI1,TRAIN,847,3,3fbfbf17be613dfebe07bfe1bf093f7bbe80be7b3f4b3f86*c289
RX # PAI1,TRAIN,847,1292
TX PAI1,TRAIN,848,1,bd5abf873f163dcfbe4ebf3abf8fbf59bfa8bfa43f623f1f*bbe2
RX # PAI1,TRAIN,848,1289
TX PAI1,TRAIN,849,3,be563f55bedabc16be153f4cbf41beafbe99bee5bd5dbeab*a67f
RX # PAI1,TRAIN,849,1291
TX PAI1,TRAIN,850,2,400fbf5fbf873f09be72c0283ff240013ffd3ffabf43bebb*01a5
RX # PAI1,TRAIN,850,1291
TX PAI1,TRAIN,851,3,3f7a3c9b3f963fa2bfedbf5b3f053f833f4b3f303d96be01*1a3b
RX # PAI1,TRAIN,851,1290
TX PAI1,TRAIN,852,4,3cbabec8bf21bf24bef6be9d3e9a3da7bcaf3d82be553cd2*a4c6
RX # PAI1,TRAIN,852,1292
TX PAI1,TRAIN,853,2,bfe3bd8bbf90bfc340033fc340153f903f0a3fbcbfbfbf44*1495
RX # PAI1,TRAIN,853,1290
TX PAI1,TRAIN,854,1,3e0dbe953f903f843e2cbeacbf9dbf87bfaabfad3fa33f3b*2b7e
RX # PAI1,TRAIN,854,1287
TX PAI1,TRAIN,855,1,bf373e9d3eeb3ead3f683f5cbf5cbf97bf44bf643f703f4e*0063
RX # PAI1,TRAIN,855,1288
TX PAI1,TRAIN,856,3,3eccbf40bf98bf71bf45bf683f9d3fb13f2b3f89bf173e0f*74c5
RX # PAI1,TRAIN,856,1292
TX PAI1,TRAIN,857,2,bfe3bf3ebff1c008400d3f843fe9bf0c40914066c0bcc0c6*1bee
RX # PAI1,TRAIN,857,1293
TX PAI1,TRAIN,858,1,bf43bf623ecf3c613e843cdcbf49bf96bf8abf893f4c3f25*52a4
RX # PAI1,TRAIN,858,1291
TX PAI1,TRAIN,859,1,be26bed03f193e27beb4be1fbf8dbfc8bf93bf983f5e3f1e*cc00
RX # PAI1,TRAIN,859,1292
TX PAI1,TRAIN,860,4,3daa3ea4beacbe42bc3d3e26bdf93eddbd4fbe273def3e3e*6184
RX # PAI1,TRAIN,860,1292
TX PAI1,TRAIN,861,4,3e823e9abc9f3d99bec5bb93bd973fa63e5a3e2a3de63e6f*9401
RX # PAI1,TRAIN,861,1292
TX PAI1,TRAIN,862,2,bf90bf25bf65bfaf3fbb3f063fae3f3f3dba3f30bf9cbf5d*cdc3
RX # PAI1,TRAIN,862,1287
TX PAI1,TRAIN,863,4,bf16be75bef6bf133e3c3eb1bf073ed7bcabbe14bdf93c43*52cf
RX # PAI1,TRAIN,863,1291
TX PAI1,TRAIN,864,1,bf8abfa1be07bf1d3f273cecbeb0bf94bfa3bf833ebc3e9b*05d3
RX # PAI1,TRAIN,864,1292
TX PAI1,TRAIN,865,1,bf55bec3bda5be503f433eecbf9ebfadbf95bf9b3f353f08*5e89
RX # PAI1,TRAIN,865,1292
TX PAI1,TRAIN,866,2,bfd1befdbf89bfa63fd53f8c3f913f743ea93f45bf88bf1a*131b
RX # PAI1,TRAIN,866,1293
TX PAI1,TRAIN,867,4,3f553f623f453f63bfaabdbdbe81bf02bc90be583e36be8e*6dde
RX # PAI1,TRAIN,867,1290
TX PAI1,TRAIN,868,3,bed2bf1b3eadbf143ec2bda5bf02be8bbee2bee63f1f3f81*6b21
RX # PAI1,TRAIN,868,1293
TX PAI1,TRAIN,869,4,3e94407f3f96400dbf67402bbe8d3f863e853e15be7abfb3*48d4
RX # PAI1,TRAIN,869,1292
TX PAI1,TRAIN,870,1,bf81bd2bbf06bf273f833f5ebf3dbfa1bf57bf643ef83f15*5637
RX # PAI1,TRAIN,870,1293
TX PAI1,TRAIN,871,2,3e55be93bf97bf6f3e1dbeca3fa23fdd3f3d3f82bf89bf26*e4e8
RX # PAI1,TRAIN,871,1286
TX PAI1,TRAIN,872,1,bf87bfa4bf11bf8b3edfbb93bfa6bfc4bfa5bfad3ec93eca*c018
RX # PAI1,TRAIN,872,1293
TX PAI1,TRAIN,873,2,c002bec7c004c00b3fe43fc340123f383e233fb6bfc7bf13*bd88
RX # PAI1,TRAIN,873,1291
TX PAI1,TRAIN,874,1,bf3ebe223f3a3ecb3e593f0bbf4fbfe0bf83bf863f463ede*1ebc
RX # PAI1,TRAIN,874,1292
TX PAI1,TRAIN,875,2,3fca3fc84043401dbf90be803f2f3ff53f913f7a3e22bed4*f10a
RX # PAI1,TRAIN,875,1293
TX PAI1,TRAIN,876,1,bedbbe933edfbd1ebd1b3e2dbf8dbfaebfbdbfb93f553f04*2c41
RX # PAI1,TRAIN,876,1292
TX PAI1,TRAIN,877,3,3f06bfe4bfcbbf9d3f03bfe33fe73f5d3dcc3f393de93f99*7191
RX # PAI1,TRAIN,877,1285
TX PAI1,TRAIN,878,4,3f9b40313f9e3ff1bffb3f75bed3bd453ed63db23dfebf30*0545
RX # PAI1,TRAIN,878,1292
TX PAI1,TRAIN,879,3,3f463ee03f3a3f68bf9dbebcbee0be213f083e533de6be1f*e4f6
RX # PAI1,TRAIN,879,1291
TX PAI1,TRAIN,880,3,3df93e9b3f203e28bf793debbf41befdbe0ebec2be71bf2a*7a2c
RX # PAI1,TRAIN,880,1289
TX PAI1,TRAIN,881,4,3f293f8c3ef43f66bd8e3e61be923c853ce6be403eb53bec*8036
RX # PAI1,TRAIN,881,1289
TX PAI1,TRAIN,882,4,3f4c3f263dd23ef3bf5dbe6ebb29bdb73e6b3da7bbe3be4c*1269
RX # PAI1,TRAIN,882,1291
TX PAI1,TRAIN,883,1,bf0dbeb4bef8bf3a3e923e6bbf5fbfa1bf77bf853ef63f07*0b18
RX # PAI1,TRAIN,883,1286
TX PAI1,TRAIN,884,2,c004bf00bfcfbfec400c3fbc3f9f3f9f3f523f6ebf9fbf05*edd2
RX # PAI1,TRAIN,884,1291
TX PAI1,TRAIN,885,3,3e6f3fa53fc63fb2bf243f3e3e40becc3eaa3e683e03beb9*91c4
RX # PAI1,TRAIN,885,1293
TX PAI1,TRAIN,886,3,be46bf62be9abf0d3b90bef43a793e43bf18bedf3f1c3f7d*419b
RX # PAI1,TRAIN,886,1292
TX PAI1,TRAIN,887,2,bf193f243e9c3f193ec73f8040163f9b400f401cbf33bcb9*57c9
RX # PAI1,TRAIN,887,1292
TX PAI1,TRAIN,888,2,4032bf53c015bf443fabc0453f963fcc3f713f88bf87bf30*dfac
RX # PAI1,TRAIN,888,1287
TX PAI1,TRAIN,889,3,3ebf3f1b3fb93f92bf623deabf23bec9be6bbed43e4ebef8*a766
RX # PAI1,TRAIN,889,1293
TX PAI1,TRAIN,890,3,3f803f6c3fbb3fb4bf3bbe5bbf80beebbe8abef13e56bf21*952a
RX # PAI1,TRAIN,890,1290
TX PAI1,TRAIN,891,1,bf783e3ebf61bf363f9b3f7fbf7ebf89bf62bf7e3f153f36*3a9b
RX # PAI1,TRAIN,891,1293
TX PAI1,TRAIN,892,3,3d933fe83ee93f4cbf353fa2bed5bcb93e973d1b3d61be93*d4bb
RX # PAI1,TRAIN,892,1287
TX PAI1,TRAIN,893,4,3e153e8c3e133e8dbcf13d933e9d3eed3e703e04bd2bbe05*fbe3
RX # PAI1,TRAIN,893,1292
TX PAI1,TRAIN,894,4,3fac3d2d3f8a3f90c009bf95bd8bbef13f073e8c3e65bd5b*9f63
RX # PAI1,TRAIN,894,1292
TX PAI1,TRAIN,895,1,bf57bf0f3e80bdbb3ef53eacbf75bf7fbf88bf8b3f223eda*bafd
RX # PAI1,TRAIN,895,1293
TX PAI1,TRAIN,896,4,3e783f373f623f6ebe103e9f3ddf3db53e9d3e123e50bd76*5e5c
RX # PAI1,TRAIN,896,1290
TX PAI1,TRAIN,897,3,3eebbf27bedabf02bfbebf633f323e40becabd1b3c333e7e*d398
RX # PAI1,TRAIN,897,1293
TX PAI1,TRAIN,898,1,bf03bf26be05bf123d5dbc9cbf36bfb1bf1abf3b3ed83f09*6015
RX # PAI1,TRAIN,898,1292
TX PAI1,TRAIN,899,3,3f8ebd75bf2d3afb3ee2bf83bdc73f6d3ea03e3b3f293f92*624c
RX # PAI1,TRAIN,899,1290
TX PAI1,TRAIN,900,2,bf86bfc3be48befe3fb2be423fb83fc23fd03fdebee93f01*f980
RX # PAI1,TRAIN,900,1292
TX PAI1,TRAIN,901,3,3f983dd93f733f5dbfdabf7abecdbf4c3e89bd263ebb3e00*baed
RX # PAI1,TRAIN,901,1290
TX PAI1,TRAIN,902,4,3f7dbc45bf01be7bbea5bf633e1f3f00be22be333de83e4e*9c29
RX # PAI1,TRAIN,902,1293
TX PAI1,TRAIN,903,3,3f57bfb6bf59bf8bbdb7bfe5bf353dd6beabbed73f453fc1*62a8
RX # PAI1,TRAIN,903,1292
TX PAI1,TRAIN,904,4,3eed3fb33f3e3f75bf223f1ebf13beb7be01be973eb4bdad*4017
RX # PAI1,TRAIN,904,1293
TX PAI1,TRAIN,905,1,be80bf493f6c3f11bea5beb5bf92bf88bfa4bfa83f753efa*f08c
RX # PAI1,TRAIN,905,1293
TX PAI1,TRAIN,906,1,bf87bfa4bf11bf8b3edfbb93bfa6bfc4bfa5bfad3ec93eca*3ec9
RX # PAI1,TRAIN,906,1292
TX PAI1,TRAIN,907,3,3eccbf40bf98bf71bf45bf683f9d3fb13f2b3f89bf173e0f*03ac
RX # PAI1,TRAIN,907,1292
TX PAI1,TRAIN,908,3,3df93e9b3f203e28bf793debbf41befdbe0ebec2be71bf2a*334c
RX # PAI1,TRAIN,908,1290
TX PAI1,TRAIN,909,2,4032bf53c015bf443fabc0453f963fcc3f713f88bf87bf30*07ef
RX # PAI1,TRAIN,909,1290
TX PAI1,TRAIN,910,1,bedbbe933edfbd1ebd1b3e2dbf8dbfaebfbdbfb93f553f04*abec
RX # PAI1,TRAIN,910,1292
TX PAI1,TRAIN,911,4,3e153e8c3e133e8dbcf13d933e9d3eed3e703e04bd2bbe05*ae60
RX # PAI1,TRAIN,911,1292
TX PAI1,TRAIN,912,1,bf3ebe223f3a3ecb3e593f0bbf4fbfe0bf83bf863f463ede*9911
RX # PAI1,TRAIN,912,1290
TX PAI1,TRAIN,913,3,bed2bf1b3eadbf143ec2bda5bf02be8bbee2bee63f1f3f81*0f72
RX # PAI1,TRAIN,913,1290
TX PAI1,TRAIN,914,3,be46bf62be9abf0d3b90bef43a793e43bf18bedf3f1c3f7d*9be4
RX # PAI1,TRAIN,914,1294
TX PAI1,TRAIN,915,2,bfe3bd8bbf90bfc340033fc340153f903f0a3fbcbfbfbf44*9ce1
RX # PAI1,TRAIN,915,1289
TX PAI1,TRAIN,916,1,be80bf493f6c3f11bea5beb5bf92bf88bfa4bfa83f753efa*f2b0
RX # PAI1,TRAIN,916,1292
TX PAI1,TRAIN,917,1,bf8abfa1be07bf1d3f273cecbeb0bf94bfa3bf833ebc3e9b*8be3
RX # PAI1,TRAIN,917,1290
TX PAI1,TRAIN,918,1,bf0dbeb4bef8bf3a3e923e6bbf5fbfa1bf77bf853ef63f07*4044
RX # PAI1,TRAIN,918,1292
TX PAI1,TRAIN,919,1,bd5abf873f163dcfbe4ebf3abf8fbf59bfa8bfa43f623f1f*cc8b
RX # PAI1,TRAIN,919,1292
TX PAI1,TRAIN,920,2,bf193f243e9c3f193ec73f8040163f9b400f401cbf33bcb9*8bf2
RX # PAI1,TRAIN,920,1292
TX PAI1,TRAIN,921,2,400fbf5fbf873f09be72c0283ff240013ffd3ffabf43bebb*7915
RX # PAI1,TRAIN,921,1285
TX PAI1,TRAIN,922,3,3f7a3c9b3f963fa2bfedbf5b3f053f833f4b3f303d96be01*940b
RX # PAI1,TRAIN,922,1290
TX PAI1,TRAIN,923,4,3cbabec8bf21bf24bef6be9d3e9a3da7bcaf3d82be553cd2*dc76
RX # PAI1,TRAIN,923,1287
TX PAI1,TRAIN,924,2,bfe3bf3ebff1c008400d3f843fe9bf0c40914066c0bcc0c6*95de
RX # PAI1,TRAIN,924,1292
TX PAI1,TRAIN,925,4,3f4c3f263dd23ef3bf5dbe6ebb29bdb73e6b3da7bbe3be4c*ce52
RX # PAI1,TRAIN,925,1286
TX PAI1,TRAIN,926,4,3f553f623f453f63bfaabdbdbe81bf02bc90be583e36be8e*954b
RX # PAI1,TRAIN,926,1292
TX PAI1,TRAIN,927,4,3e823e9abc9f3d99bec5bb93bd973fa63e5a3e2a3de63e6f*1c75
RX # PAI1,TRAIN,927,1291
TX PAI1,TRAIN,928,4,3f293f8c3ef43f66bd8e3e61be923c853ce6be403eb53bec*bdcf
RX # PAI1,TRAIN,928,1292
TX PAI1,TRAIN,929,3,3eebbf27bedabf02bfbebf633f323e40becabd1b3c333e7e*117c
RX # PAI1,TRAIN,929,1290
TX PAI1,TRAIN,930,1,3e0dbe953f903f843e2cbeacbf9dbf87bfaabfad3fa33f3b*5a53
RX # PAI1,TRAIN,930,1293
TX PAI1,TRAIN,931,4,3eed3fb33f3e3f75bf223f1ebf13beb7be01be973eb4bdad*4653
RX # PAI1,TRAIN,931,1285
TX PAI1,TRAIN,932,3,3f8ebd75bf2d3afb3ee2bf83bdc73f6d3ea03e3b3f293f92*a935
RX # PAI1,TRAIN,932,1286
TX PAI1,TRAIN,933,1,bf55bec3bda5be503f433eecbf9ebfadbf95bf9b3f353f08*5901
RX # PAI1,TRAIN,933,1293
TX PAI1,TRAIN,934,3,3ebf3f1b3fb93f92bf623deabf23bec9be6bbed43e4ebef8*e842
RX # PAI1,TRAIN,934,1291
TX PAI1,TRAIN,935,3,3f463ee03f3a3f68bf9dbebcbee0be213f083e533de6be1f*7061
RX # PAI1,TRAIN,935,1287
TX PAI1,TRAIN,936,1,bf783e3ebf61bf363f9b3f7fbf7ebf89bf62bf7e3f153f36*e6a0
RX # PAI1,TRAIN,936,1291
TX PAI1,TRAIN,937,4,3f7dbc45bf01be7bbea5bf633e1f3f00be22be333de83e4e*9a6d
RX # PAI1,TRAIN,937,1286
TX PAI1,TRAIN,938,2,bf90bf25bf65bfaf3fbb3f063fae3f3f3dba3f30bf9cbf5d*dd09
RX # PAI1,TRAIN,938,1289
TX PAI1,TRAIN,939,2,bfd1befdbf89bfa63fd53f8c3f913f743ea93f45bf88bf1a*85b0
RX # PAI1,TRAIN,939,1293
TX PAI1,TRAIN,940,2,3e55be93bf97bf6f3e1dbeca3fa23fdd3f3d3f82bf89bf26*83ea
RX # PAI1,TRAIN,940,1288
TX PAI1,TRAIN,941,2,bf86bfc3be48befe3fb2be423fb83fc23fd03fdebee93f01*9d72
RX # PAI1,TRAIN,941,1287
TX PAI1,TRAIN,942,4,3e94407f3f96400dbf67402bbe8d3f863e853e15be7abfb3*bcc9
RX # PAI1,TRAIN,942,1288
TX PAI1,TRAIN,943,2,3fca3fc84043401dbf90be803f2f3ff53f913f7a3e22bed4*e6e9
RX # PAI1,TRAIN,943,1294
TX PAI1,TRAIN,944,1,bf81bd2bbf06bf273f833f5ebf3dbfa1bf57bf643ef83f15*b754
RX # PAI1,TRAIN,944,1288
TX PAI1,TRAIN,945,3,3fbfbf17be613dfebe07bfe1bf093f7bbe80be7b3f4b3f86*a86e
RX # PAI1,TRAIN,945,1290
TX PAI1,TRAIN,946,2,c002bec7c004c00b3fe43fc340123f383e233fb6bfc7bf13*27ab
RX # PAI1,TRAIN,946,1293
TX PAI1,TRAIN,947,4,3daa3ea4beacbe42bc3d3e26bdf93eddbd4fbe273def3e3e*82db
RX # PAI1,TRAIN,947,1287
TX PAI1,TRAIN,948,4,3fac3d2d3f8a3f90c009bf95bd8bbef13f073e8c3e65bd5b*bb6c
RX # PAI1,TRAIN,948,1287
TX PAI1,TRAIN,949,4,3f9b40313f9e3ff1bffb3f75bed3bd453ed63db23dfebf30*6247
RX # PAI1,TRAIN,949,1290
TX PAI1,TRAIN,950,4,bf16be75bef6bf133e3c3eb1bf073ed7bcabbe14bdf93c43*c34d
RX # PAI1,TRAIN,950,1291
TX PAI1,TRAIN,951,3,3d933fe83ee93f4cbf353fa2bed5bcb93e973d1b3d61be93*e5ca
RX # PAI1,TRAIN,951,1286
TX PAI1,TRAIN,952,1,be26bed03f193e27beb4be1fbf8dbfc8bf93bf983f5e3f1e*37c4
RX # PAI1,TRAIN,952,1291
TX PAI1,TRAIN,953,3,3f06bfe4bfcbbf9d3f03bfe33fe73f5d3dcc3f393de93f99*1f0e
RX # PAI1,TRAIN,953,1286
TX PAI1,TRAIN,954,3,3f983dd93f733f5dbfdabf7abecdbf4c3e89bd263ebb3e00*acc2
RX # PAI1,TRAIN,954,1289
TX PAI1,TRAIN,955,1,bf03bf26be05bf123d5dbc9cbf36bfb1bf1abf3b3ed83f09*b0a6
RX # PAI1,TRAIN,955,1291
TX PAI1,TRAIN,956,4,3e783f373f623f6ebe103e9f3ddf3db53e9d3e123e50bd76*e2ed
RX # PAI1,TRAIN,956,1290
TX PAI1,TRAIN,957,2,c004bf00bfcfbfec400c3fbc3f9f3f9f3f523f6ebf9fbf05*535f
RX # PAI1,TRAIN,957,1289
TX PAI1,TRAIN,958,4,bed53f2bbeaabe5c3e8f3f5cbe0e3f1b3e623e29bd0f3e14*35ea
RX # PAI1,TRAIN,958,1289
TX PAI1,TRAIN,959,3,be563f55bedabc16be153f4cbf41beafbe99bee5bd5dbeab*b5e4
RX # PAI1,TRAIN,959,1289
TX PAI1,TRAIN,960,1,bf57bf0f3e80bdbb3ef53eacbf75bf7fbf88bf8b3f223eda*0008
RX # PAI1,TRAIN,960,1292
TX PAI1,TRAIN,961,1,bf43bf623ecf3c613e843cdcbf49bf96bf8abf893f4c3f25*dfc5
RX # PAI1,TRAIN,961,1289
TX PAI1,TRAIN,962,3,3f57bfb6bf59bf8bbdb7bfe5bf353dd6beabbed73f453fc1*0983
RX # PAI1,TRAIN,962,1290
TX PAI1,TRAIN,963,3,3e6f3fa53fc63fb2bf243f3e3e40becc3eaa3e683e03beb9*290d
RX # PAI1,TRAIN,963,1287
TX PAI1,TRAIN,964,3,3f803f6c3fbb3fb4bf3bbe5bbf80beebbe8abef13e56bf21*549f
RX # PAI1,TRAIN,964,1287
TX PAI1,TRAIN,965,1,bf373e9d3eeb3ead3f683f5cbf5cbf97bf44bf643f703f4e*1c21
RX # PAI1,TRAIN,965,1292
TX PAI1,TRAIN,966,3,3f803f6c3fbb3fb4bf3bbe5bbf80beebbe8abef13e56bf21*a21f
RX # PAI1,TRAIN,966,1293
TX PAI1,TRAIN,967,3,3fbfbf17be613dfebe07bfe1bf093f7bbe80be7b3f4b3f86*5137
RX # PAI1,TRAIN,967,1286
TX PAI1,TRAIN,968,4,3e94407f3f96400dbf67402bbe8d3f863e853e15be7abfb3*aff3
RX # PAI1,TRAIN,968,1291
TX PAI1,TRAIN,969,1,bf3ebe223f3a3ecb3e593f0bbf4fbfe0bf83bf863f463ede*6125
RX # PAI1,TRAIN,969,1288
TX PAI1,TRAIN,970,3,3f06bfe4bfcbbf9d3f03bfe33fe73f5d3dcc3f393de93f99*9d17
RX # PAI1,TRAIN,970,1287
TX PAI1,TRAIN,971,3,3e6f3fa53fc63fb2bf243f3e3e40becc3eaa3e683e03beb9*5071
RX # PAI1,TRAIN,971,1293
TX PAI1,TRAIN,972,2,c004bf00bfcfbfec400c3fbc3f9f3f9f3f523f6ebf9fbf05*dae7
RX # PAI1,TRAIN,972,1293
TX PAI1,TRAIN,973,4,3e823e9abc9f3d99bec5bb93bd973fa63e5a3e2a3de63e6f*711a
RX # PAI1,TRAIN,973,1287
TX PAI1,TRAIN,974,1,bf8abfa1be07bf1d3f273cecbeb0bf94bfa3bf833ebc3e9b*1648
RX # PAI1,TRAIN,974,1292
TX PAI1,TRAIN,975,2,3e55be93bf97bf6f3e1dbeca3fa23fdd3f3d3f82bf89bf26*85ae
RX # PAI1,TRAIN,975,1291
TX PAI1,TRAIN,976,1,bf57bf0f3e80bdbb3ef53eacbf75bf7fbf88bf8b3f223eda*8455
RX # PAI1,TRAIN,976,1289
TX PAI1,TRAIN,977,2,bf90bf25bf65bfaf3fbb3f063fae3f3f3dba3f30bf9cbf5d*5839
RX # PAI1,TRAIN,977,1293
TX PAI1,TRAIN,978,3,bed2bf1b3eadbf143ec2bda5bf02be8bbee2bee63f1f3f81*78ba
RX # PAI1,TRAIN,978,1292
TX PAI1,TRAIN,979,1,be80bf493f6c3f11bea5beb5bf92bf88bfa4bfa83f753efa*7859
RX # PAI1,TRAIN,979,1292
TX PAI1,TRAIN,980,2,3fca3fc84043401dbf90be803f2f3ff53f913f7a3e22bed4*4bff
RX # PAI1,TRAIN,980,1292
TX PAI1,TRAIN,981,2,bf193f243e9c3f193ec73f8040163f9b400f401cbf33bcb9*c00f
RX # PAI1,TRAIN,981,1292
TX PAI1,TRAIN,982,1,bedbbe933edfbd1ebd1b3e2dbf8dbfaebfbdbfb93f553f04*edf4
RX # PAI1,TRAIN,982,1293
TX PAI1,TRAIN,983,3,3f57bfb6bf59bf8bbdb7bfe5bf353dd6beabbed73f453fc1*5dcc
RX # PAI1,TRAIN,983,1292
TX PAI1,TRAIN,984,3,3df93e9b3f203e28bf793debbf41befdbe0ebec2be71bf2a*1b6a
RX # PAI1,TRAIN,984,1286
TX PAI1,TRAIN,985,3,3f463ee03f3a3f68bf9dbebcbee0be213f083e533de6be1f*cf20
RX # PAI1,TRAIN,985,1288
TX PAI1,TRAIN,986,2,4032bf53c015bf443fabc0453f963fcc3f713f88bf87bf30*a209
RX # PAI1,TRAIN,986,1292
TX PAI1,TRAIN,987,1,bf03bf26be05bf123d5dbc9cbf36bfb1bf1abf3b3ed83f09*e90c
RX # PAI1,TRAIN,987,1290
TX PAI1,TRAIN,988,4,3f4c3f263dd23ef3bf5dbe6ebb29bdb73e6b3da7bbe3be4c*92ed
RX # PAI1,TRAIN,988,1292
TX PAI1,TRAIN,989,4,3e783f373f623f6ebe103e9f3ddf3db53e9d3e123e50bd76*d745
RX # PAI1,TRAIN,989,1292
TX PAI1,TRAIN,990,1,bf87bfa4bf11bf8b3edfbb93bfa6bfc4bfa5bfad3ec93eca*85f0
RX # PAI1,TRAIN,990,1293
TX PAI1,TRAIN,991,3,3eebbf27bedabf02bfbebf633f323e40becabd1b3c333e7e*445e
RX # PAI1,TRAIN,991,1290
TX PAI1,TRAIN,992,4,3fac3d2d3f8a3f90c009bf95bd8bbef13f073e8c3e65bd5b*08a5
RX # PAI1,TRAIN,992,1286
TX PAI1,TRAIN,993,2,400fbf5fbf873f09be72c0283ff240013ffd3ffabf43bebb*30d4
RX # PAI1,TRAIN,993,1292
TX PAI1,TRAIN,994,1,be26bed03f193e27beb4be1fbf8dbfc8bf93bf983f5e3f1e*1cb3
RX # PAI1,TRAIN,994,1293
TX PAI1,TRAIN,995,3,3d933fe83ee93f4cbf353fa2bed5bcb93e973d1b3d61be93*383d
RX # PAI1,TRAIN,995,1292
TX PAI1,TRAIN,996,3,3ebf3f1b3fb93f92bf623deabf23bec9be6bbed43e4ebef8*2e7f
RX # PAI1,TRAIN,996,1287
TX PAI1,TRAIN,997,3,3f983dd93f733f5dbfdabf7abecdbf4c3e89bd263ebb3e00*01d4
RX # PAI1,TRAIN,997,1286
TX PAI1,TRAIN,998,4,3daa3ea4beacbe42bc3d3e26bdf93eddbd4fbe273def3e3e*b773
RX # PAI1,TRAIN,998,1287
TX PAI1,TRAIN,999,4,3f553f623f453f63bfaabdbdbe81bf02bc90be583e36be8e*b088
RX # PAI1,TRAIN,999,1293
TX PAI1,TRAIN,1000,1,bf373e9d3eeb3ead3f683f5cbf5cbf97bf44bf643f703f4e*d315
RX # PAI1,TRAIN,1000,1287
TX PAI1,TRAIN,1001,4,3f9b40313f9e3ff1bffb3f75bed3bd453ed63db23dfebf30*cea8
RX # PAI1,TRAIN,1001,1289
TX PAI1,TRAIN,1002,3,be46bf62be9abf0d3b90bef43a793e43bf18bedf3f1c3f7d*4687
RX # PAI1,TRAIN,1002,1293
TX PAI1,TRAIN,1003,1,bf783e3ebf61bf363f9b3f7fbf7ebf89bf62bf7e3f153f36*b9da
RX # PAI1,TRAIN,1003,1293
TX PAI1,TRAIN,1004,4,bf16be75bef6bf133e3c3eb1bf073ed7bcabbe14bdf93c43*f71c
RX # PAI1,TRAIN,1004,1291
TX PAI1,TRAIN,1005,1,bd5abf873f163dcfbe4ebf3abf8fbf59bfa8bfa43f623f1f*0d0b
RX # PAI1,TRAIN,1005,1285
TX PAI1,TRAIN,1006,2,bfe3bd8bbf90bfc340033fc340153f903f0a3fbcbfbfbf44*c7e3
RX # PAI1,TRAIN,1006,1292
TX PAI1,TRAIN,1007,2,bfd1befdbf89bfa63fd53f8c3f913f743ea93f45bf88bf1a*bd69
RX # PAI1,TRAIN,1007,1292
TX PAI1,TRAIN,1008,2,c002bec7c004c00b3fe43fc340123f383e233fb6bfc7bf13*80e5
RX # PAI1,TRAIN,1008,1292
TX PAI1,TRAIN,1009,1,bf0dbeb4bef8bf3a3e923e6bbf5fbfa1bf77bf853ef63f07*edc6
RX # PAI1,TRAIN,1009,1289
TX PAI1,TRAIN,1010,3,3f8ebd75bf2d3afb3ee2bf83bdc73f6d3ea03e3b3f293f92*0952
RX # PAI1,TRAIN,1010,1290
TX PAI1,TRAIN,1011,1,bf81bd2bbf06bf273f833f5ebf3dbfa1bf57bf643ef83f15*f845
RX # PAI1,TRAIN,1011,1290
TX PAI1,TRAIN,1012,3,be563f55bedabc16be153f4cbf41beafbe99bee5bd5dbeab*94cb
RX # PAI1,TRAIN,1012,1290
TX PAI1,TRAIN,1013,1,bf55bec3bda5be503f433eecbf9ebfadbf95bf9b3f353f08*0fe6
RX # PAI1,TRAIN,1013,1294
TX PAI1,TRAIN,1014,4,3e153e8c3e133e8dbcf13d933e9d3eed3e703e04bd2bbe05*713f
RX # PAI1,TRAIN,1014,1291
TX PAI1,TRAIN,1015,3,3eccbf40bf98bf71bf45bf683f9d3fb13f2b3f89bf173e0f*23ee
RX # PAI1,TRAIN,1015,1292
TX PAI1,TRAIN,1016,2,bfe3bf3ebff1c008400d3f843fe9bf0c40914066c0bcc0c6*ba45
RX # PAI1,TRAIN,1016,1292
TX PAI1,TRAIN,1017,4,3eed3fb33f3e3f75bf223f1ebf13beb7be01be973eb4bdad*1b15
RX # PAI1,TRAIN,1017,1293
TX PAI1,TRAIN,1018,4,3f293f8c3ef43f66bd8e3e61be923c853ce6be403eb53bec*64d4
RX # PAI1,TRAIN,1018,1289
TX PAI1,TRAIN,1019,1,bf43bf623ecf3c613e843cdcbf49bf96bf8abf893f4c3f25*f30f
RX # PAI1,TRAIN,1019,1291
TX PAI1,TRAIN,1020,1,3e0dbe953f903f843e2cbeacbf9dbf87bfaabfad3fa33f3b*8c91
RX # PAI1,TRAIN,1020,1292
TX PAI1,TRAIN,1021,4,bed53f2bbeaabe5c3e8f3f5cbe0e3f1b3e623e29bd0f3e14*6260
RX # PAI1,TRAIN,1021,1292
TX PAI1,TRAIN,1022,2,bf86bfc3be48befe3fb2be423fb83fc23fd03fdebee93f01*59e7
RX # PAI1,TRAIN,1022,1289
TX PAI1,TRAIN,1023,4,3f7dbc45bf01be7bbea5bf633e1f3f00be22be333de83e4e*b18e
RX # PAI1,TRAIN,1023,1290
TX PAI1,TRAIN,1024,3,3f7a3c9b3f963fa2bfedbf5b3f053f833f4b3f303d96be01*c694
RX # PAI1,TRAIN,1024,1288
TX PAI1,TRAIN,1025,4,3cbabec8bf21bf24bef6be9d3e9a3da7bcaf3d82be553cd2*8ee9
RX # PAI1,TRAIN,1025,1293
TX PAI1,PREDICT,1026,3e783f373f623f6ebe103e9f3ddf3db53e9d3e123e50bd76*35b2
RX # PAI1,PREDICT,1026,108,3e18,3e72,3e3a,3ed2
TX PAI1,PREDICT,1027,3fac3d2d3f8a3f90c009bf95bd8bbef13f073e8c3e65bd5b*107b
RX # PAI1,PREDICT,1027,107,3dca,bd80,3f1b,3eb8
TX PAI1,PREDICT,1028,3f9b40313f9e3ff1bffb3f75bed3bd453ed63db23dfebf30*5ee2
RX # PAI1,PREDICT,1028,108,bdfe,bcce,3ea2,3f62
TX PAI1,PREDICT,1029,3e153e8c3e133e8dbcf13d933e9d3eed3e703e04bd2bbe05*fa9e
RX # PAI1,PREDICT,1029,107,3dd7,3e91,3e09,3eed
TX PAI1,PREDICT,1030,bed53f2bbeaabe5c3e8f3f5cbe0e3f1b3e623e29bd0f3e14*2a30
RX # PAI1,PREDICT,1030,107,bbd0,3d9e,3e8c,3f30
TX PAI1,PREDICT,1031,bf16be75bef6bf133e3c3eb1bf073ed7bcabbe14bdf93c43*2482
RX # PAI1,PREDICT,1031,106,3e2c,3df2,3ebe,3ebb
TX PAI1,PREDICT,1032,3cbabec8bf21bf24bef6be9d3e9a3da7bcaf3d82be553cd2*1f74
RX # PAI1,PREDICT,1032,106,3e0c,3e14,3ea9,3ed2
TX PAI1,PREDICT,1033,3e823e9abc9f3d99bec5bb93bd973fa63e5a3e2a3de63e6f*3020
RX # PAI1,PREDICT,1033,108,be7e,bd3f,3f19,3f34
TX PAI1,PREDICT,1034,3f553f623f453f63bfaabdbdbe81bf02bc90be583e36be8e*bd1c
RX # PAI1,PREDICT,1034,104,3d44,bdc4,3ee4,3f1b
TX PAI1,PREDICT,1035,3f7dbc45bf01be7bbea5bf633e1f3f00be22be333de83e4e*54f0
RX # PAI1,PREDICT,1035,108,3bf0,3dca,3eb2,3f10
TX PAI1,PREDICT,1036,3daa3ea4beacbe42bc3d3e26bdf93eddbd4fbe273def3e3e*e54b
RX # PAI1,PREDICT,1036,107,3da1,3d02,3e90,3f1d
TX PAI1,PREDICT,1037,3f293f8c3ef43f66bd8e3e61be923c853ce6be403eb53bec*42c0
RX # PAI1,PREDICT,1037,107,3e04,3d7f,3e4e,3f17
TX PAI1,PREDICT,1038,3eed3fb33f3e3f75bf223f1ebf13beb7be01be973eb4bdad*4b71
RX # PAI1,PREDICT,1038,107,3d9a,be1f,3eca,3f30
TX PAI1,PREDICT,1039,3e94407f3f96400dbf67402bbe8d3f863e853e15be7abfb3*b1ca
RX # PAI1,PREDICT,1039,104,3ce0,3e0e,be6c,3f8b
TX PAI1,PREDICT,1040,3f4c3f263dd23ef3bf5dbe6ebb29bdb73e6b3da7bbe3be4c*ef65
RX # PAI1,PREDICT,1040,106,bcc8,3d35,3ece,3f13
TX PAI1,PREDICT,1041,bf86bfc3be48befe3fb2be423fb83fc23fd03fdebee93f01*2e4d
RX # PAI1,PREDICT,1041,106,bc68,3f72,3e23,bda3
TX PAI1,PREDICT,1042,3fca3fc84043401dbf90be803f2f3ff53f913f7a3e22bed4*95cc
RX # PAI1,PREDICT,1042,108,be06,3f2e,3dcb,3eb6
TX PAI1,PREDICT,1043,3e55be93bf97bf6f3e1dbeca3fa23fdd3f3d3f82bf89bf26*6f79
RX # PAI1,PREDICT,1043,105,be84,3f26,3e3f,3edb
TX PAI1,PREDICT,1044,bf90bf25bf65bfaf3fbb3f063fae3f3f3dba3f30bf9cbf5d*3b2c
RX # PAI1,PREDICT,1044,105,3dd7,3f82,be2b,3d4e
TX PAI1,PREDICT,1045,bfd1befdbf89bfa63fd53f8c3f913f743ea93f45bf88bf1a*0aa3
RX # PAI1,PREDICT,1045,106,3daa,3f60,bd9e,3e02
TX PAI1,PREDICT,1046,bfe3bf3ebff1c008400d3f843fe9bf0c40914066c0bcc0c6*cfa9
RX # PAI1,PREDICT,1046,106,bc98,3f82,bdb4,3db4
TX PAI1,PREDICT,1047,bf193f243e9c3f193ec73f8040163f9b400f401cbf33bcb9*3ed2
RX # PAI1,PREDICT,1047,105,be48,3f4a,3e58,3e4a
TX PAI1,PREDICT,1048,400fbf5fbf873f09be72c0283ff240013ffd3ffabf43bebb*5b87
RX # PAI1,PREDICT,1048,106,be12,3f4e,3e10,3e60
TX PAI1,PREDICT,1049,4032bf53c015bf443fabc0453f963fcc3f713f88bf87bf30*d2b1
RX # PAI1,PREDICT,1049,107,bd60,3f68,3d30,3e11
TX PAI1,PREDICT,1050,bfe3bd8bbf90bfc340033fc340153f903f0a3fbcbfbfbf44*14b4
RX # PAI1,PREDICT,1050,108,bd9b,3f6d,bc30,3e18
TX PAI1,PREDICT,1051,c004bf00bfcfbfec400c3fbc3f9f3f9f3f523f6ebf9fbf05*204e
RX # PAI1,PREDICT,1051,105,bda5,3f5a,3c50,3e4a
TX PAI1,PREDICT,1052,c002bec7c004c00b3fe43fc340123f383e233fb6bfc7bf13*969c
RX # PAI1,PREDICT,1052,106,3d1c,3f83,bcd0,bc54
TX PAI1,PREDICT,1053,3eccbf40bf98bf71bf45bf683f9d3fb13f2b3f89bf173e0f*d669
RX # PAI1,PREDICT,1053,107,be04,3e63,3f1a,3eb8
TX PAI1,PREDICT,1054,3eebbf27bedabf02bfbebf633f323e40becabd1b3c333e7e*55e0
RX # PAI1,PREDICT,1054,104,bc70,bda4,3f2c,3ed5
TX PAI1,PREDICT,1055,3f803f6c3fbb3fb4bf3bbe5bbf80beebbe8abef13e56bf21*71c5
RX # PAI1,PREDICT,1055,106,3e26,3ddf,3eee,3e8b
TX PAI1,PREDICT,1056,3ebf3f1b3fb93f92bf623deabf23bec9be6bbed43e4ebef8*6bcc
RX # PAI1,PREDICT,1056,106,3e56,3da5,3eda,3e90
TX PAI1,PREDICT,1057,3f8ebd75bf2d3afb3ee2bf83bdc73f6d3ea03e3b3f293f92*336c
RX # PAI1,PREDICT,1057,105,3d05,3b10,3ee5,3f05
TX PAI1,PREDICT,1058,3e6f3fa53fc63fb2bf243f3e3e40becc3eaa3e683e03beb9*b4a8
RX # PAI1,PREDICT,1058,106,3e10,3e8a,3e58,3ecc
TX PAI1,PREDICT,1059,3f06bfe4bfcbbf9d3f03bfe33fe73f5d3dcc3f393de93f99*10f8
RX # PAI1,PREDICT,1059,106,3de2,3e65,3f20,3d83
TX PAI1,PREDICT,1060,be563f55bedabc16be153f4cbf41beafbe99bee5bd5dbeab*eba2
RX # PAI1,PREDICT,1060,107,3e63,bdb9,3e67,3f29
TX PAI1,PREDICT,1061,3df93e9b3f203e28bf793debbf41befdbe0ebec2be71bf2a*9472
RX # PAI1,PREDICT,1061,106,3d66,3d84,3f0a,3eb3
TX PAI1,PREDICT,1062,be46bf62be9abf0d3b90bef43a793e43bf18bedf3f1c3f7d*92fe
RX # PAI1,PREDICT,1062,105,3ee5,bd80,3ebf,3e7c
TX PAI1,PREDICT,1063,3fbfbf17be613dfebe07bfe1bf093f7bbe80be7b3f4b3f86*580c
RX # PAI1,PREDICT,1063,105,bcc2,bda2,3f4a,3e92
TX PAI1,PREDICT,1064,3d933fe83ee93f4cbf353fa2bed5bcb93e973d1b3d61be93*1837
RX # PAI1,PREDICT,1064,105,bdc0,be0a,3eac,3f68
TX PAI1,PREDICT,1065,3f983dd93f733f5dbfdabf7abecdbf4c3e89bd263ebb3e00*c528
RX # PAI1,PREDICT,1065,107,3e3b,bdac,3f1b,3e92
TX PAI1,PREDICT,1066,3f463ee03f3a3f68bf9dbebcbee0be213f083e533de6be1f*443a
RX # PAI1,PREDICT,1066,108,bd0a,3c58,3f2a,3eb2
TX PAI1,PREDICT,1067,3f7a3c9b3f963fa2bfedbf5b3f053f833f4b3f303d96be01*4d3b
RX # PAI1,PREDICT,1067,104,be74,3d02,3f25,3f0a
TX PAI1,PREDICT,1068,3f57bfb6bf59bf8bbdb7bfe5bf353dd6beabbed73f453fc1*23f3
RX # PAI1,PREDICT,1068,108,3d3d,bc88,3f61,3ddc
TX PAI1,PREDICT,1069,bed2bf1b3eadbf143ec2bda5bf02be8bbee2bee63f1f3f81*d3a3
RX # PAI1,PREDICT,1069,106,3ee4,3d90,3ed3,3daa
TX PAI1,PREDICT,1070,bf3ebe223f3a3ecb3e593f0bbf4fbfe0bf83bf863f463ede*dfd9
RX # PAI1,PREDICT,1070,104,3f78,bd30,bc60,3d9d
TX PAI1,PREDICT,1071,bf0dbeb4bef8bf3a3e923e6bbf5fbfa1bf77bf853ef63f07*0819
RX # PAI1,PREDICT,1071,106,3f4d,bda6,3d68,3e72
TX PAI1,PREDICT,1072,bf81bd2bbf06bf273f833f5ebf3dbfa1bf57bf643ef83f15*4e9f
RX # PAI1,PREDICT,1072,108,3f6b,3d34,be2d,3e51
TX PAI1,PREDICT,1073,bedbbe933edfbd1ebd1b3e2dbf8dbfaebfbdbfb93f553f04*2d3e
RX # PAI1,PREDICT,1073,105,3f62,be5e,3dc4,3e79
TX PAI1,PREDICT,1074,bf373e9d3eeb3ead3f683f5cbf5cbf97bf44bf643f703f4e*fc47
RX # PAI1,PREDICT,1074,107,3f5a,bba0,bd88,3e5a
TX PAI1,PREDICT,1075,bf03bf26be05bf123d5dbc9cbf36bfb1bf1abf3b3ed83f09*c293
RX # PAI1,PREDICT,1075,108,3f4a,3cf8,3e3a,bb20
TX PAI1,PREDICT,1076,bf783e3ebf61bf363f9b3f7fbf7ebf89bf62bf7e3f153f36*3fa4
RX # PAI1,PREDICT,1076,105,3f5f,bd99,bdfa,3eb2
TX PAI1,PREDICT,1077,bf8abfa1be07bf1d3f273cecbeb0bf94bfa3bf833ebc3e9b*3408
RX # PAI1,PREDICT,1077,106,3f85,3e33,bddc,bdf3
TX PAI1,PREDICT,1078,bf43bf623ecf3c613e843cdcbf49bf96bf8abf893f4c3f25*18ea
RX # PAI1,PREDICT,1078,106,3f84,3a80,3c80,bd83
TX PAI1,PREDICT,1079,be26bed03f193e27beb4be1fbf8dbfc8bf93bf983f5e3f1e*ef78
RX # PAI1,PREDICT,1079,107,3f5b,be15,3e58,3daa
TX PAI1,PREDICT,1080,bd5abf873f163dcfbe4ebf3abf8fbf59bfa8bfa43f623f1f*2342
RX # PAI1,PREDICT,1080,106,3f52,bd06,3e8f,bd38
TX PAI1,PREDICT,1081,bf55bec3bda5be503f433eecbf9ebfadbf95bf9b3f353f08*b784
RX # PAI1,PREDICT,1081,106,3f84,bc90,bd8c,3d2c
TX PAI1,PREDICT,1082,3e0dbe953f903f843e2cbeacbf9dbf87bfaabfad3fa33f3b*0f8c
RX # PAI1,PREDICT,1082,106,3f5a,bdd2,3ddc,3e25
TX PAI1,PREDICT,1083,bf57bf0f3e80bdbb3ef53eacbf75bf7fbf88bf8b3f223eda*d7ef
RX # PAI1,PREDICT,1083,106,3f6c,3c20,3d58,3c78
TX PAI1,PREDICT,1084,be80bf493f6c3f11bea5beb5bf92bf88bfa4bfa83f753efa*ce23
RX # PAI1,PREDICT,1084,107,3f63,bdc4,3e5a,3c8c
TX PAI1,PREDICT,1085,bf87bfa4bf11bf8b3edfbb93bfa6bfc4bfa5bfad3ec93eca*9fd0
RX # PAI1,PREDICT,1085,108,3f77,bdf4,3d60,3dc4
TX PAI1,INIT,1086,12,32,1,1*567b
RX # PAI1,INIT,1086,12,32,4
TX PAI1,TRAIN,1087,2,bfeebea6c006c0083fd83fc9400b3f4a3e2b3fafbfabbefc*4546
RX # PAI1,TRAIN,1087,1291
TX PAI1,TRAIN,1088,2,4031bf43c019bf2b3f9e3fc03f8f3fdb3f683f83bf65bf18*afc3
RX # PAI1,TRAIN,1088,1289
TX PAI1,TRAIN,1089,3,3f843da83fb53fb9c002bf9d3efc3f8e3f443f2a3de1bdbc*54e1
RX # PAI1,TRAIN,1089,1286
TX PAI1,TRAIN,1090,4,3ebe40813fb5401bbf87bf90be863f913e863e14be30bf9d*65b4
RX # PAI1,TRAIN,1090,1292
TX PAI1,TRAIN,1091,3,bdbdbf51be3dbee5be05bf9c3a333e6cbf0bbed23f163f66*325f
RX # PAI1,TRAIN,1091,1291
TX PAI1,TRAIN,1092,3,be9abf0b3f02bef33e81bf88bef8be84becdbed93f183f6b*138c
RX # PAI1,TRAIN,1092,1292
TX PAI1,TRAIN,1093,3,3e573ebb3f513e97bf91bf81bf37befdbdecbeb6be28bf12*4301
RX # PAI1,TRAIN,1093,1290
TX PAI1,TRAIN,1094,1,bf563e7ebf4fbf1d3f8d3f6dbf71bf8dbf52bf713f103f27*13a4
RX # PAI1,TRAIN,1094,1292
TX PAI1,TRAIN,1095,4,3eac3eba3df83e50bf07befabd8f3fb43e5f3e293e133e69*58b7
RX # PAI1,TRAIN,1095,1292
TX PAI1,TRAIN,1096,3,3f66bfadbf47bf80be68bfa1bf2c3e0fbe99becb3f3a3faf*89cb
RX # PAI1,TRAIN,1096,1289
TX PAI1,TRAIN,1097,3,3ea33fad3fe93fc9bf4abf9e3e35bec93ea93e643e22be9a*aec3
RX # PAI1,TRAIN,1097,1291
TX PAI1,TRAIN,1098,4,be9c3f3bbe5fbdc93e1abe9abe073f2b3e673e273c5b3e18*b4ce
RX # PAI1,TRAIN,1098,1288
TX PAI1,TRAIN,1099,2,400fbf4ebf813f2fbec13fb33fe5400a3ff13fefbf22be9d*8cb1
RX # PAI1,TRAIN,1099,1290
TX PAI1,TRAIN,1100,4,3f3a3f943f293f87be53befebe8a3d3d3d2fbe313eb83cd8*66f5
RX # PAI1,TRAIN,1100,1290
TX PAI1,TRAIN,1101,4,3e313ec4be63bd92be16beaabded3ef9bd01be1a3e183e3e*cf80
RX # PAI1,TRAIN,1101,1290
TX PAI1,TRAIN,1102,1,be15bf383f923f36beee3ee1bf8abf8cbf99bfa03f653ee9*36f6
RX # PAI1,TRAIN,1102,1288
TX PAI1,TRAIN,1103,3,bddb3f65bea33dedbe91bf85bf37beabbe89bed8bb61be8e*5758
RX # PAI1,TRAIN,1103,1289
TX PAI1,TRAIN,1104,2,bfcebba0bf8abfbb3ffb3fd0400d3f9c3f073fb5bfa4bf2a*4bfb
RX # PAI1,TRAIN,1104,1289
TX PAI1,TRAIN,1105,1,bf36befd3ed33cfb3eb63f49bf69bf83bf7dbf843f1b3ecd*8aff
RX # PAI1,TRAIN,1105,1290
TX PAI1,TRAIN,1106,3,3fc3bf07bdc43e82be8abf98bf023f88be61be6a3f403f75*1764
RX # PAI1,TRAIN,1106,1291
TX PAI1,TRAIN,1107,3,3f9e3e2d3f963f83bff1bfadbec2bf513e8abd073ebd3e07*ab57
RX # PAI1,TRAIN,1107,1290
TX PAI1,TRAIN,1108,3,3f19bfdbbfc9bf933ec7bfa83fdb3f713de23f323e153f8b*049e
RX # PAI1,TRAIN,1108,1285
TX PAI1,TRAIN,1109,3,3f563eff3f6e3f88bfb2bf92bed4be0c3f053e4f3e14bdf3*a803
RX # PAI1,TRAIN,1109,1286
TX PAI1,TRAIN,1110,4,bef0be34bec1bef13d5bbe9abf003ef3bb68be08bd823cfa*6031
RX # PAI1,TRAIN,1110,1289
TX PAI1,TRAIN,1111,2,bf7dbf15bf54bfa63fae3fb33fa53f513dd13f2abf85bf3f*328d
RX # PAI1,TRAIN,1111,1288
TX PAI1,TRAIN,1112,1,bf71bf99ba44bf033f093f46bea7bf99bf98bf7a3ebe3e94*a54f
RX # PAI1,TRAIN,1112,1292
TX PAI1,TRAIN,1113,2,bef73f333ef23f3f3e863edc400e3fa840084016bf14b930*9d41
RX # PAI1,TRAIN,1113,1286
TX PAI1,TRAIN,1114,4,3f653f713f7a3f85bfc0bf31be75bf02b9ddbe483e4fbe68*f411
RX # PAI1,TRAIN,1114,1291
TX PAI1,TRAIN,1115,1,bf6cbf9cbef3bf803ea03f87bf9ebfccbf9abfa53eca3ebe*1d38
RX # PAI1,TRAIN,1115,1290
TX PAI1,TRAIN,1116,1,3e67be6a3faf3f993d183dc7bf95bf8cbf9fbfa53f963f2b*4441
RX # PAI1,TRAIN,1116,1292
TX PAI1,TRAIN,1117,1,bd7ebeb03f4a3e97befd3ef3bf85bfd0bf89bf913f513f11*a625
RX # PAI1,TRAIN,1117,1290
TX PAI1,TRAIN,1118,1,beccbf153ad1bef0bda33f80bf2dbfb8bf0ebf313ed63efe*126b
RX # PAI1,TRAIN,1118,1291
TX PAI1,TRAIN,1119,1,bf35bea23d61bdaf3f253edcbf96bfb3bf8bbf943f2c3efc*b959
RX # PAI1,TRAIN,1119,1292
TX PAI1,TRAIN,1120,3,3e273fef3f223f74bf5bbf95beca3ba73e973d2b3dbfbe72*d9ac
RX # PAI1,TRAIN,1120,1293
TX PAI1,TRAIN,1121,4,3dedbea7bf0abf0abf20be8f3e923decbb823d88be0f3d2f*d9cf
RX # PAI1,TRAIN,1121,1291
TX PAI1,TRAIN,1122,2,bfbdbedcbf82bf9c3fc93fa03f893f853ea83f3dbf67bf04*5562
RX # PAI1,TRAIN,1122,1286
TX PAI1,TRAIN,1123,4,3f5c3f363e823f1ebf82bf14bb2ebd863e6f3dab3d1dbe21*78da
RX # PAI1,TRAIN,1123,1285
TX PAI1,TRAIN,1124,1,bf23bf523f153e0f3e043f30bf3ebf9bbf81bf833f413f18*0b7a
RX # PAI1,TRAIN,1124,1289
TX PAI1,TRAIN,1125,4,3f853d51bed0be04beeebef33e163f0fbe08be253e143e4c*1756
RX # PAI1,TRAIN,1125,1289
TX PAI1,TRAIN,1126,4,3f0a3fbb3f723f8fbf49bf05bf0cbeb3bdd3be8d3eb7bd62*da34
RX # PAI1,TRAIN,1126,1286
TX PAI1,TRAIN,1127,1,bf183ebd3f243ef43f4b3f4abf51bf9cbf35bf583f603f3d*2413
RX # PAI1,TRAIN,1127,1289
TX PAI1,TRAIN,1128,2,bff3bee0bfcfbfe540073fc03f963fac3f4b3f65bf87bee3*6323
RX # PAI1,TRAIN,1128,1291
TX PAI1,TRAIN,1129,2,bfcebf2dbff3c00540083fbd3fddbf0d408a405cc0a6c0b0*980d
RX # PAI1,TRAIN,1129,1290
TX PAI1,TRAIN,1130,1,3d2ebf7e3f473e6cbeae3e32bf87bf5ebf9dbf9c3f543f12*1656
RX # PAI1,TRAIN,1130,1291
TX PAI1,TRAIN,1131,2,bfeebea6c006c0083fd83fc9400b3f4a3e2b3fafbfabbefc*6dc1
RX # PAI1,TRAIN,1131,1292
TX PAI1,TRAIN,1132,4,3f0a3fbb3f723f8fbf49bf05bf0cbeb3bdd3be8d3eb7bd62*a8e9
RX # PAI1,TRAIN,1132,1287
TX PAI1,TRAIN,1133,1,bf183ebd3f243ef43f4b3f4abf51bf9cbf35bf583f603f3d*56ce
RX # PAI1,TRAIN,1133,1292
TX PAI1,TRAIN,1134,2,bf7dbf15bf54bfa63fae3fb33fa53f513dd13f2abf85bf3f*bb35
RX # PAI1,TRAIN,1134,1287
TX PAI1,TRAIN,1135,3,3e273fef3f223f74bf5bbf95beca3ba73e973d2b3dbfbe72*d031
RX # PAI1,TRAIN,1135,1289
TX PAI1,TRAIN,1136,4,3dedbea7bf0abf0abf20be8f3e923decbb823d88be0f3d2f*26d2
RX # PAI1,TRAIN,1136,1291
TX PAI1,TRAIN,1137,1,bf563e7ebf4fbf1d3f8d3f6dbf71bf8dbf52bf713f103f27*32be
RX # PAI1,TRAIN,1137,1292
TX PAI1,TRAIN,1138,3,bdbdbf51be3dbee5be05bf9c3a333e6cbf0bbed23f163f66*0fa6
RX # PAI1,TRAIN,1138,1290
TX PAI1,TRAIN,1139,3,3f563eff3f6e3f88bfb2bf92bed4be0c3f053e4f3e14bdf3*2826
RX # PAI1,TRAIN,1139,1290
TX PAI1,TRAIN,1140,3,3f66bfadbf47bf80be68bfa1bf2c3e0fbe99becb3f3a3faf*b127
RX # PAI1,TRAIN,1140,1289
TX PAI1,TRAIN,1141,2,4031bf43c019bf2b3f9e3fc03f8f3fdb3f683f83bf65bf18*8251
RX # PAI1,TRAIN,1141,1289
TX PAI1,TRAIN,1142,4,3f653f713f7a3f85bfc0bf31be75bf02b9ddbe483e4fbe68*6ffe
RX # PAI1,TRAIN,1142,1291
TX PAI1,TRAIN,1143,4,3f853d51bed0be04beeebef33e163f0fbe08be253e143e4c*0c9c
RX # PAI1,TRAIN,1143,1293
TX PAI1,TRAIN,1144,3,3f843da83fb53fb9c002bf9d3efc3f8e3f443f2a3de1bdbc*8452
RX # PAI1,TRAIN,1144,1289
TX PAI1,TRAIN,1145,2,bef73f333ef23f3f3e863edc400e3fa840084016bf14b930*06ae
RX # PAI1,TRAIN,1145,1293
TX PAI1,TRAIN,1146,2,bfcebf2dbff3c00540083fbd3fddbf0d408a405cc0a6c0b0*12e4
RX # PAI1,TRAIN,1146,1286
TX PAI1,TRAIN,1147,3,3fc3bf07bdc43e82be8abf98bf023f88be61be6a3f403f75*7396
RX # PAI1,TRAIN,1147,1292
TX PAI1,TRAIN,1148,4,3e313ec4be63bd92be16beaabded3ef9bd01be1a3e183e3e*4111
RX # PAI1,TRAIN,1148,1291
TX PAI1,TRAIN,1149,1,bd7ebeb03f4a3e97befd3ef3bf85bfd0bf89bf913f513f11*d7a9
RX # PAI1,TRAIN,1149,1290
TX PAI1,TRAIN,1150,4,bef0be34bec1bef13d5bbe9abf003ef3bb68be08bd823cfa*7f83
RX # PAI1,TRAIN,1150,1287
TX PAI1,TRAIN,1151,1,3d2ebf7e3f473e6cbeae3e32bf87bf5ebf9dbf9c3f543f12*7d7d
RX # PAI1,TRAIN,1151,1292
TX PAI1,TRAIN,1152,3,3e573ebb3f513e97bf91bf81bf37befdbdecbeb6be28bf12*84f0
RX # PAI1,TRAIN,1152,1289
TX PAI1,TRAIN,1153,1,bf23bf523f153e0f3e043f30bf3ebf9bbf81bf833f413f18*e40c
RX # PAI1,TRAIN,1153,1289
TX PAI1,TRAIN,1154,1,bf36befd3ed33cfb3eb63f49bf69bf83bf7dbf843f1b3ecd*61f1
RX # PAI1,TRAIN,1154,1285
TX PAI1,TRAIN,1155,1,be15bf383f923f36beee3ee1bf8abf8cbf99bfa03f653ee9*d659
RX # PAI1,TRAIN,1155,1292
TX PAI1,TRAIN,1156,4,be9c3f3bbe5fbdc93e1abe9abe073f2b3e673e273c5b3e18*e9bd
RX # PAI1,TRAIN,1156,1287
TX PAI1,TRAIN,1157,3,3ea33fad3fe93fc9bf4abf9e3e35bec93ea93e643e22be9a*1272
RX # PAI1,TRAIN,1157,1290
TX PAI1,TRAIN,1158,2,bfcebba0bf8abfbb3ffb3fd0400d3f9c3f073fb5bfa4bf2a*ccf7
RX # PAI1,TRAIN,1158,1286
TX PAI1,TRAIN,1159,2,400fbf4ebf813f2fbec13fb33fe5400a3ff13fefbf22be9d*3000
RX # PAI1,TRAIN,1159,1291
TX PAI1,TRAIN,1160,1,bf35bea23d61bdaf3f253edcbf96bfb3bf8bbf943f2c3efc*b7ed
RX # PAI1,TRAIN,1160,1291
TX PAI1,TRAIN,1161,4,3ebe40813fb5401bbf87bf90be863f913e863e14be30bf9d*2260
RX # PAI1,TRAIN,1161,1291
TX PAI1,TRAIN,1162,1,3e67be6a3faf3f993d183dc7bf95bf8cbf9fbfa53f963f2b*26f7
RX # PAI1,TRAIN,1162,1291
TX PAI1,TRAIN,1163,2,bfbdbedcbf82bf9c3fc93fa03f893f853ea83f3dbf67bf04*3190
RX # PAI1,TRAIN,1163,1286
TX PAI1,TRAIN,1164,1,bf6cbf9cbef3bf803ea03f87bf9ebfccbf9abfa53eca3ebe*f9ef
RX # PAI1,TRAIN,1164,1290
TX PAI1,TRAIN,1165,3,3f9e3e2d3f963f83bff1bfadbec2bf513e8abd073ebd3e07*4dbc
RX # PAI1,TRAIN,1165,1292
TX PAI1,TRAIN,1166,4,3eac3eba3df83e50bf07befabd8f3fb43e5f3e293e133e69*e9e3
RX # PAI1,TRAIN,1166,1290
TX PAI1,TRAIN,1167,2,bff3bee0bfcfbfe540073fc03f963fac3f4b3f65bf87bee3*e613
RX # PAI1,TRAIN,1167,1287
TX PAI1,TRAIN,1168,1,bf71bf99ba44bf033f093f46bea7bf99bf98bf7a3ebe3e94*263b
RX # PAI1,TRAIN,1168,1290
TX PAI1,TRAIN,1169,3,3f19bfdbbfc9bf933ec7bfa83fdb3f713de23f323e153f8b*6fb5
RX # PAI1,TRAIN,1169,1289
TX PAI1,TRAIN,1170,4,3f3a3f943f293f87be53befebe8a3d3d3d2fbe313eb83cd8*f962
RX # PAI1,TRAIN,1170,1290
TX PAI1,TRAIN,1171,4,3f5c3f363e823f1ebf82bf14bb2ebd863e6f3dab3d1dbe21*1e14
RX # PAI1,TRAIN,1171,1286
TX PAI1,TRAIN,1172,3,bddb3f65bea33dedbe91bf85bf37beabbe89bed8bb61be8e*b38f
RX # PAI1,TRAIN,1172,1289
TX PAI1,TRAIN,1173,3,be9abf0b3f02bef33e81bf88bef8be84becdbed93f183f6b*dba4
RX # PAI1,TRAIN,1173,1289
TX PAI1,TRAIN,1174,1,beccbf153ad1bef0bda33f80bf2dbfb8bf0ebf313ed63efe*1542
RX # PAI1,TRAIN,1174,1291
TX PAI1,TRAIN,1175,1,bd7ebeb03f4a3e97befd3ef3bf85bfd0bf89bf913f513f11*40ce
RX # PAI1,TRAIN,1175,1290
TX PAI1,TRAIN,1176,4,3f0a3fbb3f723f8fbf49bf05bf0cbeb3bdd3be8d3eb7bd62*4a7a
RX # PAI1,TRAIN,1176,1290
TX PAI1,TRAIN,1177,3,3ea33fad3fe93fc9bf4abf9e3e35bec93ea93e643e22be9a*1dab
RX # PAI1,TRAIN,1177,1287
TX PAI1,TRAIN,1178,1,bf6cbf9cbef3bf803ea03f87bf9ebfccbf9abfa53eca3ebe*6151
RX # PAI1,TRAIN,1178,1290
TX PAI1,TRAIN,1179,2,400fbf4ebf813f2fbec13fb33fe5400a3ff13fefbf22be9d*3fd9
RX # PAI1,TRAIN,1179,1289
TX PAI1,TRAIN,1180,2,bff3bee0bfcfbfe540073fc03f963fac3f4b3f65bf87bee3*b9fd
RX # PAI1,TRAIN,1180,1288
TX PAI1,TRAIN,1181,1,bf35bea23d61bdaf3f253edcbf96bfb3bf8bbf943f2c3efc*e3a2
RX # PAI1,TRAIN,1181,1290
TX PAI1,TRAIN,1182,1,beccbf153ad1bef0bda33f80bf2dbfb8bf0ebf313ed63efe*be10
RX # PAI1,TRAIN,1182,1288
TX PAI1,TRAIN,1183,3,bddb3f65bea33dedbe91bf85bf37beabbe89bed8bb61be8e*683c
RX # PAI1,TRAIN,1183,1291
TX PAI1,TRAIN,1184,1,3e67be6a3faf3f993d183dc7bf95bf8cbf9fbfa53f963f2b*0259
RX # PAI1,TRAIN,1184,1289
TX PAI1,TRAIN,1185,3,bdbdbf51be3dbee5be05bf9c3a333e6cbf0bbed23f163f66*dce5
RX # PAI1,TRAIN,1185,1286
TX PAI1,TRAIN,1186,2,bef73f333ef23f3f3e863edc400e3fa840084016bf14b930*abb8
RX # PAI1,TRAIN,1186,1288
TX PAI1,TRAIN,1187,4,3f653f713f7a3f85bfc0bf31be75bf02b9ddbe483e4fbe68*c949
RX # PAI1,TRAIN,1187,1288
TX PAI1,TRAIN,1188,1,bf563e7ebf4fbf1d3f8d3f6dbf71bf8dbf52bf713f103f27*177d
RX # PAI1,TRAIN,1188,1292
TX PAI1,TRAIN,1189,4,be9c3f3bbe5fbdc93e1abe9abe073f2b3e673e273c5b3e18*dc15
RX # PAI1,TRAIN,1189,1291
TX PAI1,TRAIN,1190,1,bf183ebd3f243ef43f4b3f4abf51bf9cbf35bf583f603f3d*ebb3
RX # PAI1,TRAIN,1190,1288
TX PAI1,TRAIN,1191,3,3f843da83fb53fb9c002bf9d3efc3f8e3f443f2a3de1bdbc*ad19
RX # PAI1,TRAIN,1191,1289
TX PAI1,TRAIN,1192,3,3fc3bf07bdc43e82be8abf98bf023f88be61be6a3f403f75*5add
RX # PAI1,TRAIN,1192,1286
TX PAI1,TRAIN,1193,4,3e313ec4be63bd92be16beaabded3ef9bd01be1a3e183e3e*8998
RX # PAI1,TRAIN,1193,1292
TX PAI1,TRAIN,1194,4,3ebe40813fb5401bbf87bf90be863f913e863e14be30bf9d*04f2
RX # PAI1,TRAIN,1194,1290
TX PAI1,TRAIN,1195,3,3f66bfadbf47bf80be68bfa1bf2c3e0fbe99becb3f3a3faf*986c
RX # PAI1,TRAIN,1195,1289
TX PAI1,TRAIN,1196,4,bef0be34bec1bef13d5bbe9abf003ef3bb68be08bd823cfa*54f4
RX # PAI1,TRAIN,1196,1289
TX PAI1,TRAIN,1197,2,bf7dbf15bf54bfa63fae3fb33fa53f513dd13f2abf85bf3f*0648
RX # PAI1,TRAIN,1197,1291
TX PAI1,TRAIN,1198,1,3d2ebf7e3f473e6cbeae3e32bf87bf5ebf9dbf9c3f543f12*cc88
RX # PAI1,TRAIN,1198,1290
TX PAI1,TRAIN,1199,4,3dedbea7bf0abf0abf20be8f3e923decbb823d88be0f3d2f*8ced
RX # PAI1,TRAIN,1199,1290
TX PAI1,TRAIN,1200,2,bfcebf2dbff3c00540083fbd3fddbf0d408a405cc0a6c0b0*b27f
RX # PAI1,TRAIN,1200,1290
TX PAI1,TRAIN,1201,3,3e273fef3f223f74bf5bbf95beca3ba73e973d2b3dbfbe72*19bd
RX # PAI1,TRAIN,1201,1290
TX PAI1,TRAIN,1202,4,3f5c3f363e823f1ebf82bf14bb2ebd863e6f3dab3d1dbe21*b8cb
RX # PAI1,TRAIN,1202,1289
TX PAI1,TRAIN,1203,4,3f3a3f943f293f87be53befebe8a3d3d3d2fbe313eb83cd8*5fbd
RX # PAI1,TRAIN,1203,1290
TX PAI1,TRAIN,1204,3,be9abf0b3f02bef33e81bf88bef8be84becdbed93f183f6b*805a
RX # PAI1,TRAIN,1204,1293
TX PAI1,TRAIN,1205,4,3f853d51bed0be04beeebef33e163f0fbe08be253e143e4c*ac07
RX # PAI1,TRAIN,1205,1289
TX PAI1,TRAIN,1206,1,be15bf383f923f36beee3ee1bf8abf8cbf99bfa03f653ee9*7f5f
RX # PAI1,TRAIN,1206,1289
TX PAI1,TRAIN,1207,3,3e573ebb3f513e97bf91bf81bf37befdbdecbeb6be28bf12*2657
RX # PAI1,TRAIN,1207,1289
TX PAI1,TRAIN,1208,3,3f19bfdbbfc9bf933ec7bfa83fdb3f713de23f323e153f8b*b016
RX # PAI1,TRAIN,1208,1289
TX PAI1,TRAIN,1209,1,bf23bf523f153e0f3e043f30bf3ebf9bbf81bf833f413f18*dc29
RX # PAI1,TRAIN,1209,1288
TX PAI1,TRAIN,1210,2,bfeebea6c006c0083fd83fc9400b3f4a3e2b3fafbfabbefc*add0
RX # PAI1,TRAIN,1210,1289
TX PAI1,TRAIN,1211,3,3f9e3e2d3f963f83bff1bfadbec2bf513e8abd073ebd3e07*9b82
RX # PAI1,TRAIN,1211,1292
TX PAI1,TRAIN,1212,4,3eac3eba3df83e50bf07befabd8f3fb43e5f3e293e133e69*3fdd
RX # PAI1,TRAIN,1212,1289
TX PAI1,TRAIN,1213,2,bfcebba0bf8abfbb3ffb3fd0400d3f9c3f073fb5bfa4bf2a*006e
RX # PAI1,TRAIN,1213,1291
TX PAI1,TRAIN,1214,1,bf36befd3ed33cfb3eb63f49bf69bf83bf7dbf843f1b3ecd*cacb
RX # PAI1,TRAIN,1214,1291
TX PAI1,TRAIN,1215,2,bfbdbedcbf82bf9c3fc93fa03f893f853ea83f3dbf67bf04*112e
RX # PAI1,TRAIN,1215,1292
TX PAI1,TRAIN,1216,3,3f563eff3f6e3f88bfb2bf92bed4be0c3f053e4f3e14bdf3*09f5
RX # PAI1,TRAIN,1216,1291
TX PAI1,TRAIN,1217,2,4031bf43c019bf2b3f9e3fc03f8f3fdb3f683f83bf65bf18*ad36
RX # PAI1,TRAIN,1217,1287
TX PAI1,TRAIN,1218,1,bf71bf99ba44bf033f093f46bea7bf99bf98bf7a3ebe3e94*0d24
RX # PAI1,TRAIN,1218,1292
TX PAI1,TRAIN,1219,4,3f853d51bed0be04beeebef33e163f0fbe08be253e143e4c*34b9
RX # PAI1,TRAIN,1219,1290
TX PAI1,TRAIN,1220,3,3e573ebb3f513e97bf91bf81bf37befdbdecbeb6be28bf12*596f
RX # PAI1,TRAIN,1220,1290
TX PAI1,TRAIN,1221,3,be9abf0b3f02bef33e81bf88bef8be84becdbed93f183f6b*09e2
RX # PAI1,TRAIN,1221,1287
TX PAI1,TRAIN,1222,3,3ea33fad3fe93fc9bf4abf9e3e35bec93ea93e643e22be9a*bf0c
RX # PAI1,TRAIN,1222,1289
TX PAI1,TRAIN,1223,1,3e67be6a3faf3f993d183dc7bf95bf8cbf9fbfa53f963f2b*f68d
RX # PAI1,TRAIN,1223,1289
TX PAI1,TRAIN,1224,3,bdbdbf51be3dbee5be05bf9c3a333e6cbf0bbed23f163f66*2390
RX # PAI1,TRAIN,1224,1291
TX PAI1,TRAIN,1225,3,3f563eff3f6e3f88bfb2bf92bed4be0c3f053e4f3e14bdf3*0410
RX # PAI1,TRAIN,1225,1290
TX PAI1,TRAIN,1226,4,3dedbea7bf0abf0abf20be8f3e923decbb823d88be0f3d2f*1da6
RX # PAI1,TRAIN,1226,1290
TX PAI1,TRAIN,1227,4,3eac3eba3df83e50bf07befabd8f3fb43e5f3e293e133e69*3999
RX # PAI1,TRAIN,1227,1293
TX PAI1,TRAIN,1228,3,bddb3f65bea33dedbe91bf85bf37beabbe89bed8bb61be8e*8baa
RX # PAI1,TRAIN,1228,1289
TX PAI1,TRAIN,1229,1,bf71bf99ba44bf033f093f46bea7bf99bf98bf7a3ebe3e94*f641
RX # PAI1,TRAIN,1229,1289
TX PAI1,TRAIN,1230,1,3d2ebf7e3f473e6cbeae3e32bf87bf5ebf9dbf9c3f543f12*a2de
RX # PAI1,TRAIN,1230,1288
TX PAI1,TRAIN,1231,3,3fc3bf07bdc43e82be8abf98bf023f88be61be6a3f403f75*5328
RX # PAI1,TRAIN,1231,1290
TX PAI1,TRAIN,1232,3,3f9e3e2d3f963f83bff1bfadbec2bf513e8abd073ebd3e07*199b
RX # PAI1,TRAIN,1232,1288
TX PAI1,TRAIN,1233,1,bf23bf523f153e0f3e043f30bf3ebf9bbf81bf833f413f18*40ef
RX # PAI1,TRAIN,1233,1289
TX PAI1,TRAIN,1234,1,beccbf153ad1bef0bda33f80bf2dbfb8bf0ebf313ed63efe*be78
RX # PAI1,TRAIN,1234,1290
TX PAI1,TRAIN,1235,1,bf35bea23d61bdaf3f253edcbf96bfb3bf8bbf943f2c3efc*154a
RX # PAI1,TRAIN,1235,1290
TX PAI1,TRAIN,1236,1,be15bf383f923f36beee3ee1bf8abf8cbf99bfa03f653ee9*ff7a
RX # PAI1,TRAIN,1236,1293
TX PAI1,TRAIN,1237,4,3e313ec4be63bd92be16beaabded3ef9bd01be1a3e183e3e*f08c
RX # PAI1,TRAIN,1237,1293
TX PAI1,TRAIN,1238,3,3f19bfdbbfc9bf933ec7bfa83fdb3f713de23f323e153f8b*3033
RX # PAI1,TRAIN,1238,1288
TX PAI1,TRAIN,1239,2,bef73f333ef23f3f3e863edc400e3fa840084016bf14b930*3af3
RX # PAI1,TRAIN,1239,1291
TX PAI1,TRAIN,1240,4,3f0a3fbb3f723f8fbf49bf05bf0cbeb3bdd3be8d3eb7bd62*7576
RX # PAI1,TRAIN,1240,1291
TX PAI1,TRAIN,1241,4,3f3a3f943f293f87be53befebe8a3d3d3d2fbe313eb83cd8*b68f
RX # PAI1,TRAIN,1241,1291
TX PAI1,TRAIN,1242,2,bf7dbf15bf54bfa63fae3fb33fa53f513dd13f2abf85bf3f*9b8b
RX # PAI1,TRAIN,1242,1289
TX PAI1,TRAIN,1243,3,3f66bfadbf47bf80be68bfa1bf2c3e0fbe99becb3f3a3faf*886f
RX # PAI1,TRAIN,1243,1289
TX PAI1,TRAIN,1244,1,bf6cbf9cbef3bf803ea03f87bf9ebfccbf9abfa53eca3ebe*42be
RX # PAI1,TRAIN,1244,1291
TX PAI1,TRAIN,1245,2,bfbdbedcbf82bf9c3fc93fa03f893f853ea83f3dbf67bf04*8160
RX # PAI1,TRAIN,1245,1289
TX PAI1,TRAIN,1246,4,3ebe40813fb5401bbf87bf90be863f913e863e14be30bf9d*e9d0
RX # PAI1,TRAIN,1246,1291
TX PAI1,TRAIN,1247,4,3f653f713f7a3f85bfc0bf31be75bf02b9ddbe483e4fbe68*5d17
RX # PAI1,TRAIN,1247,1287
TX PAI1,TRAIN,1248,3,3f843da83fb53fb9c002bf9d3efc3f8e3f443f2a3de1bdbc*2798
RX # PAI1,TRAIN,1248,1291
TX PAI1,TRAIN,1249,1,bf183ebd3f243ef43f4b3f4abf51bf9cbf35bf583f603f3d*6132
RX # PAI1,TRAIN,1249,1291
TX PAI1,TRAIN,1250,1,bf36befd3ed33cfb3eb63f49bf69bf83bf7dbf843f1b3ecd*2858
RX # PAI1,TRAIN,1250,1288
TX PAI1,TRAIN,1251,4,be9c3f3bbe5fbdc93e1abe9abe073f2b3e673e273c5b3e18*2dd4
RX # PAI1,TRAIN,1251,1291
TX PAI1,TRAIN,1252,2,bff3bee0bfcfbfe540073fc03f963fac3f4b3f65bf87bee3*54df
RX # PAI1,TRAIN,1252,1290
TX PAI1,TRAIN,1253,2,bfeebea6c006c0083fd83fc9400b3f4a3e2b3fafbfabbefc*3fa2
RX # PAI1,TRAIN,1253,1290
TX PAI1,TRAIN,1254,2,bfcebba0bf8abfbb3ffb3fd0400d3f9c3f073fb5bfa4bf2a*6f3d
RX # PAI1,TRAIN,1254,1291
TX PAI1,TRAIN,1255,2,400fbf4ebf813f2fbec13fb33fe5400a3ff13fefbf22be9d*93ca
RX # PAI1,TRAIN,1255,1290
TX PAI1,TRAIN,1256,2,bfcebf2dbff3c00540083fbd3fddbf0d408a405cc0a6c0b0*2990
RX # PAI1,TRAIN,1256,1291
TX PAI1,TRAIN,1257,2,4031bf43c019bf2b3f9e3fc03f8f3fdb3f683f83bf65bf18*b284
RX # PAI1,TRAIN,1257,1289
TX PAI1,TRAIN,1258,1,bf563e7ebf4fbf1d3f8d3f6dbf71bf8dbf52bf713f103f27*0cdf
RX # PAI1,TRAIN,1258,1288
TX PAI1,TRAIN,1259,1,bd7ebeb03f4a3e97befd3ef3bf85bfd0bf89bf913f513f11*ecdd
RX # PAI1,TRAIN,1259,1289
TX PAI1,TRAIN,1260,3,3e273fef3f223f74bf5bbf95beca3ba73e973d2b3dbfbe72*7296
RX # PAI1,TRAIN,1260,1290
TX PAI1,TRAIN,1261,4,3f5c3f363e823f1ebf82bf14bb2ebd863e6f3dab3d1dbe21*2560
RX # PAI1,TRAIN,1261,1289
TX PAI1,TRAIN,1262,4,bef0be34bec1bef13d5bbe9abf003ef3bb68be08bd823cfa*bdae
RX # PAI1,TRAIN,1262,1290
TX PAI1,PREDICT,1263,bf1ebdc33f6e3f093da93f1abf44bfe9bf75bf7f3f3b3ed0*84e1
RX # PAI1,PREDICT,1263,107,3f88,3d04,3cf8,be08
TX PAI1,PREDICT,1264,bedebe93bec4bf213e203f40bf53bfa7bf66bf7e3ef13efb*0119
RX # PAI1,PREDICT,1264,108,3f57,bc50,bdfc,3ea7
TX PAI1,PREDICT,1265,bf603cafbedabf0d3f6b3f7fbf33bfa6bf47bf583ef33f0a*1085
RX # PAI1,PREDICT,1265,106,3f73,3df0,be64,3e3b
TX PAI1,PREDICT,1266,bea2be653f1d3daebe323eb5bf86bfb4bfb1bfb03f483ef5*61be
RX # PAI1,PREDICT,1266,106,3f73,be46,3d18,3e5e
TX PAI1,PREDICT,1267,bf6abfbbbd8ebec73fa53f4d3fae3fd13fc63fd5beb83ef1*2f91
RX # PAI1,PREDICT,1267,107,3dc7,3f73,3e28,be6d
TX PAI1,PREDICT,1268,3fce3fd0405c402bbfa53f263f2640033f8b3f703e3ebeb2*db4c
RX # PAI1,PREDICT,1268,108,3cec,3e91,bdea,3f4c
TX PAI1,PREDICT,1269,3e96be64bf92bf583cb43fd03f993fed3f373f79bf68bf0f*242c
RX # PAI1,PREDICT,1269,107,3e38,3f30,bf34,3f52
TX PAI1,PREDICT,1270,3ef4bf2fbf93bf59bf6cbf203f953fbf3f263f83bef53e14*68f3
RX # PAI1,PREDICT,1270,108,beba,3e6e,3f0f,3f20
TX PAI1,PREDICT,1271,3f09bf17bea4becfbfd4bf883f293e69beb7bcfb3d5e3e77*83e6
RX # PAI1,PREDICT,1271,105,bdd1,bd94,3f1a,3f09
TX PAI1,PREDICT,1272,3f873f7c3fdd3fcabf62bfa3bf74beeabe76bee33e6cbf0b*0f18
RX # PAI1,PREDICT,1272,108,3def,bd22,3f20,3ea5
TX PAI1,PREDICT,1273,3ee73f2b3fdb3fa8bf85bf9bbf1bbec6be4ebec83e65bed2*2fff
RX # PAI1,PREDICT,1273,107,3df7,bdaf,3f2e,3e95
TX PAI1,PREDICT,1274,3f943b5dbf173e023ea2bfb4bdbd3f813ea03e383f213f84*db1d
RX # PAI1,PREDICT,1274,107,be5f,bd76,3f59,3ee7
TX PAI1,PREDICT,1275,3ea73f473f8c3f8bbe8fbef43dd33dfb3e9d3e123e66bd09*f9ab
RX # PAI1,PREDICT,1275,108,3de1,3e66,3ee9,3e44
TX PAI1,PREDICT,1276,3fb13dd73fa83fa6c015bf1dbd85bef03f033e893e79bce2*b8bf
RX # PAI1,PREDICT,1276,108,3e80,3ce2,3ed1,3ea9
TX PAI1,PREDICT,1277,3fa040343fbd4005c009bf60bec8bcb43ed33db63e1ebf17*5106
RX # PAI1,PREDICT,1277,107,3d29,bd60,3dbb,3f7a
TX PAI1,PREDICT,1278,3e703eac3e983ed3be29bec83e953f053e743e043bf2bdc4*ada7
RX # PAI1,PREDICT,1278,107,3ce4,3e6c,3eb1,3ec4
TX PAI1,INIT,1279,12,32,1,1*446d
RX # PAI1,INIT,1279,12,32,4
TX PAI1,TRAIN,1280,2,c009bed5c00ac0153ff83fd940123f283e673fc3c022bf94*b9cc
RX # PAI1,TRAIN,1280,1291
TX PAI1,TRAIN,1281,2,4022bf55c01bbf6d3fbf3fd03f983fbf3f8d3f93bfe6bfac*65ab
RX # PAI1,TRAIN,1281,1291
TX PAI1,TRAIN,1282,3,3f153ebb3f173f3dbf8bbf8abeccbe3d3f263e83bd18bee6*2b61
RX # PAI1,TRAIN,1282,1291
TX PAI1,TRAIN,1283,4,3de5406f3f844003bf43bf89be763f783ead3e45bf12c022*f89d
RX # PAI1,TRAIN,1283,1294
TX PAI1,TRAIN,1284,3,3f68bdd8bf4abe263f17bfadbd833f5a3ecc3e6d3f483fdd*e699
RX # PAI1,TRAIN,1284,1292
TX PAI1,TRAIN,1285,3,3f25bfb2bf76bfa03d64bf99bf2b3d87bea9becb3f724016*f31f
RX # PAI1,TRAIN,1285,1290
TX PAI1,TRAIN,1286,3,3e453f063fa63f7bbf3ebf93bf19bed2be5abec83dc6bf80*de60
RX # PAI1,TRAIN,1286,1290
TX PAI1,TRAIN,1287,1,bf34bec4bf1bbf643ede3f5bbf54bf9fbf85bf863f033f32*6153
RX # PAI1,TRAIN,1287,1292
TX PAI1,TRAIN,1288,4,bce43e593c643de63deebea03eac3ed23e9f3e34be89bed0*2a3c
RX # PAI1,TRAIN,1288,1291
TX PAI1,TRAIN,1289,3,3f47bcfb3f843f8dbfdcbf963f0b3f733f713f42bdc4becc*9703
RX # PAI1,TRAIN,1289,1292
TX PAI1,TRAIN,1290,3,3e5fbf42bfa6bf8dbf21bf0d3f9f3fa63f4c3f94bf8b3d3c*ff38
RX # PAI1,TRAIN,1290,1292
TX PAI1,TRAIN,1291,4,3d863f213f3e3f443b8dbecd3e0e3d503ec93e433dcabe94*4562
RX # PAI1,TRAIN,1291,1292
TX PAI1,TRAIN,1292,2,4000bf5fbf953ebfbdbc3fc33ff23ff340114004bfacbf4e*a324
RX # PAI1,TRAIN,1292,1292
TX PAI1,TRAIN,1293,4,3ef13f7e3eaf3f3c3d9bbed7be7fbc993d9ebe1d3ea7be34*0b12
RX # PAI1,TRAIN,1293,1290
TX PAI1,TRAIN,1294,4,bdb73e83beeabeb53e09be81bdb43ec2bc38be04bcf73dfd*8f40
RX # PAI1,TRAIN,1294,1290
TX PAI1,TRAIN,1295,1,bed3bf4b3f483ecebe383f09bf8cbf87bfb3bfaa3f9d3f21*e0c8
RX # PAI1,TRAIN,1295,1291
TX PAI1,TRAIN,1296,3,3f4f3f543fa83f9ebf16bf9cbf75bef3be85bee63ddebfa0*48cc
RX # PAI1,TRAIN,1296,1291
TX PAI1,TRAIN,1297,2,bff2bde8bf9ebfd8400d3fe140153f863f283fc9c01cbfbd*a5f5
RX # PAI1,TRAIN,1297,1290
TX PAI1,TRAIN,1298,1,bf7dbf143df3be823f213f64bf6abf7dbf94bf8c3f3e3f07*74ee
RX # PAI1,TRAIN,1298,1290
TX PAI1,TRAIN,1299,3,beb7bf63bed9bf373e1abf953d063e18bf20bed33f353fbc*4c83
RX # PAI1,TRAIN,1299,1291
TX PAI1,TRAIN,1300,3,bdcc3fd53ea43f22bf10bf8dbec2bd653ec23da6bdfdbf2c*7a6e
RX # PAI1,TRAIN,1300,1292
TX PAI1,TRAIN,1301,3,3e8dbf2bbf0cbf2cbfacbf803f383e15becd3b00be423e6a*8828
RX # PAI1,TRAIN,1301,1292
TX PAI1,TRAIN,1302,3,3f7c3d553f4e3f33bfc9bfa6bebabf4d3eb2ba473eb03cb7*4417
RX # PAI1,TRAIN,1302,1291
TX PAI1,TRAIN,1303,4,3f91bc0c3f703f77c001bf0abd10bef93f243ea73e04be8e*2076
RX # PAI1,TRAIN,1303,1288
TX PAI1,TRAIN,1304,2,bf98bfbfbea3bf293fc63f683fba3fb63ff03fecbf643f29*cac4
RX # PAI1,TRAIN,1304,1289
TX PAI1,TRAIN,1305,1,bf93bdb5bf24bf513f973f8ebf32bf9fbf67bf633f053f4b*adf2
RX # PAI1,TRAIN,1305,1292
TX PAI1,TRAIN,1306,2,bf413f0e3e303ede3f093f0740163f9040244025bfa1be68*ed03
RX # PAI1,TRAIN,1306,1293
TX PAI1,TRAIN,1307,4,3f243f4a3f213f38bf99bf1fbe5ebf063cd3be363d7cbf27*3400
RX # PAI1,TRAIN,1307,1292
TX PAI1,TRAIN,1308,1,bf99bfa2bf30bfa03f163f96bfa0bfc1bfb5bfaf3ec53ef3*4640
RX # PAI1,TRAIN,1308,1291
TX PAI1,TRAIN,1309,1,bf7bbed2be53bebc3f6a3f06bf98bfaabfa2bf9d3f5b3f33*8cf2
RX # PAI1,TRAIN,1309,1292
TX PAI1,TRAIN,1310,1,bf69bf633e8bbe1a3ed03f4bbf3ebf95bf96bf8a3f7e3f65*8e98
RX # PAI1,TRAIN,1310,1291
TX PAI1,TRAIN,1311,1,bf64be4c3f173e6e3eb83f34bf44bfdbbf8ebf863f753f0a*619b
RX # PAI1,TRAIN,1311,1289
TX PAI1,TRAIN,1312,1,be63bf863ee6bd80bd683e87bf88bf59bfb8bfa53f8f3f5a*da9f
RX # PAI1,TRAIN,1312,1290
TX PAI1,TRAIN,1313,3,3fa4bf1cbeb0bd233c53bf90befe3f68be72be5b3f7c3fca*81d1
RX # PAI1,TRAIN,1313,1292
TX PAI1,TRAIN,1314,4,3f8140243f8b3fdbbfeabf50bec0bda53f043e07bc9fbfab*c313
RX # PAI1,TRAIN,1314,1291
TX PAI1,TRAIN,1315,2,3fae3fb840374012bf7d3f413f353fe73faa3f873d05bf62*4fa3
RX # PAI1,TRAIN,1315,1292
TX PAI1,TRAIN,1316,4,3f1b3f11bcd53e9ebf39bf023cf0bdf63e9c3e01be5dbf06*e183
RX # PAI1,TRAIN,1316,1291
TX PAI1,TRAIN,1317,1,bf16bea43e9abe4f3ddd3ee6bf87bfabbfd0bfbb3f853f2d*6c09
RX # PAI1,TRAIN,1317,1291
TX PAI1,TRAIN,1318,4,3f4abd76bf20bed1be36becd3e3d3ee5be08be10bd123e19*b3f7
RX # PAI1,TRAIN,1318,1292
TX PAI1,TRAIN,1319,4,3e8f3fa43f1a3f4abefcbee4bf09bec1bdc5be883ea5bea9*c86c
RX # PAI1,TRAIN,1319,1291
TX PAI1,TRAIN,1320,3,bf12bf203e53bf3e3f07bf80bef1be97bee8bedb3f393fc1*64d6
RX # PAI1,TRAIN,1320,1293
TX PAI1,TRAIN,1321,1,bd14bea73f7c3f5f3ea13e3fbf97bf86bfbabfaf3fda3f84*0330
RX # PAI1,TRAIN,1321,1292
TX PAI1,TRAIN,1322,2,c00bbf06bfdcc00040173fcf3fa13f943f793f81c004bf87*09c6
RX # PAI1,TRAIN,1322,1291
TX PAI1,TRAIN,1323,2,3d04bea4bfa5bf8c3e9a3fe03fa43fcf3f613f8cbfe8bfa3*ef3e
RX # PAI1,TRAIN,1323,1292
TX PAI1,TRAIN,1324,1,bea8bede3eecba83be553f12bf87bfc4bfa0bf993f8c3f59*2215
RX # PAI1,TRAIN,1324,1288
TX PAI1,TRAIN,1325,1,bea8bede3eecba83be553f12bf87bfc4bfa0bf993f8c3f59*5955
RX # PAI1,TRAIN,1325,1292
TX PAI1,TRAIN,1326,4,3e8f3fa43f1a3f4abefcbee4bf09bec1bdc5be883ea5bea9*d2cb
RX # PAI1,TRAIN,1326,1291
TX PAI1,TRAIN,1327,1,bf34bec4bf1bbf643ede3f5bbf54bf9fbf85bf863f033f32*cd89
RX # PAI1,TRAIN,1327,1289
TX PAI1,TRAIN,1328,2,bf98bfbfbea3bf293fc63f683fba3fb63ff03fecbf643f29*d25f
RX # PAI1,TRAIN,1328,1288
TX PAI1,TRAIN,1329,1,be63bf863ee6bd80bd683e87bf88bf59bfb8bfa53f8f3f5a*3d19
RX # PAI1,TRAIN,1329,1291
TX PAI1,TRAIN,1330,4,3f8140243f8b3fdbbfeabf50bec0bda53f043e07bc9fbfab*31eb
RX # PAI1,TRAIN,1330,1289
TX PAI1,TRAIN,1331,3,3f153ebb3f173f3dbf8bbf8abeccbe3d3f263e83bd18bee6*8587
RX # PAI1,TRAIN,1331,1292
TX PAI1,TRAIN,1332,3,beb7bf63bed9bf373e1abf953d063e18bf20bed33f353fbc*87fa
RX # PAI1,TRAIN,1332,1290
TX PAI1,TRAIN,1333,3,3f47bcfb3f843f8dbfdcbf963f0b3f733f713f42bdc4becc*a8c6
RX # PAI1,TRAIN,1333,1290
TX PAI1,TRAIN,1334,3,bf12bf203e53bf3e3f07bf80bef1be97bee8bedb3f393fc1*160b
RX # PAI1,TRAIN,1334,1292
TX PAI1,TRAIN,1335,2,4022bf55c01bbf6d3fbf3fd03f983fbf3f8d3f93bfe6bfac*bbac
RX # PAI1,TRAIN,1335,1291
TX PAI1,TRAIN,1336,4,3f243f4a3f213f38bf99bf1fbe5ebf063cd3be363d7cbf27*cf65
RX # PAI1,TRAIN,1336,1292
TX PAI1,TRAIN,1337,4,3f4abd76bf20bed1be36becd3e3d3ee5be08be10bd123e19*26ac
RX # PAI1,TRAIN,1337,1292
TX PAI1,TRAIN,1338,1,bed3bf4b3f483ecebe383f09bf8cbf87bfb3bfaa3f9d3f21*2010
RX # PAI1,TRAIN,1338,1287
TX PAI1,TRAIN,1339,2,bf413f0e3e303ede3f093f0740163f9040244025bfa1be68*f7a4
RX # PAI1,TRAIN,1339,1292
TX PAI1,TRAIN,1340,2,3d04bea4bfa5bf8c3e9a3fe03fa43fcf3f613f8cbfe8bfa3*7295
RX # PAI1,TRAIN,1340,1292
TX PAI1,TRAIN,1341,3,3fa4bf1cbeb0bd233c53bf90befe3f68be72be5b3f7c3fca*e71f
RX # PAI1,TRAIN,1341,1292
TX PAI1,TRAIN,1342,4,bdb73e83beeabeb53e09be81bdb43ec2bc38be04bcf73dfd*b7ac
RX # PAI1,TRAIN,1342,1292
TX PAI1,TRAIN,1343,1,bf16bea43e9abe4f3ddd3ee6bf87bfabbfd0bfbb3f853f2d*0166
RX # PAI1,TRAIN,1343,1291
TX PAI1,TRAIN,1344,2,c009bed5c00ac0153ff83fd940123f283e673fc3c022bf94*f85c
RX # PAI1,TRAIN,1344,1292
TX PAI1,TRAIN,1345,4,3f91bc0c3f703f77c001bf0abd10bef93f243ea73e04be8e*3465
RX # PAI1,TRAIN,1345,1289
TX PAI1,TRAIN,1346,3,3f68bdd8bf4abe263f17bfadbd833f5a3ecc3e6d3f483fdd*aca8
RX # PAI1,TRAIN,1346,1293
TX PAI1,TRAIN,1347,3,3e453f063fa63f7bbf3ebf93bf19bed2be5abec83dc6bf80*1991
RX # PAI1,TRAIN,1347,1289
TX PAI1,TRAIN,1348,1,bf69bf633e8bbe1a3ed03f4bbf3ebf95bf96bf8a3f7e3f65*f4b5
RX # PAI1,TRAIN,1348,1292
TX PAI1,TRAIN,1349,1,bf7dbf143df3be823f213f64bf6abf7dbf94bf8c3f3e3f07*3ce3
RX # PAI1,TRAIN,1349,1289
TX PAI1,TRAIN,1350,1,bd14bea73f7c3f5f3ea13e3fbf97bf86bfbabfaf3fda3f84*e7e7
RX # PAI1,TRAIN,1350,1293
TX PAI1,TRAIN,1351,4,3d863f213f3e3f443b8dbecd3e0e3d503ec93e433dcabe94*f9d3
RX # PAI1,TRAIN,1351,1292
TX PAI1,TRAIN,1352,3,3e5fbf42bfa6bf8dbf21bf0d3f9f3fa63f4c3f94bf8b3d3c*b509
RX # PAI1,TRAIN,1352,1291
TX PAI1,TRAIN,1353,3,3f7c3d553f4e3f33bfc9bfa6bebabf4d3eb2ba473eb03cb7*af19
RX # PAI1,TRAIN,1353,1291
TX PAI1,TRAIN,1354,2,bff2bde8bf9ebfd8400d3fe140153f863f283fc9c01cbfbd*9484
RX # PAI1,TRAIN,1354,1286
TX PAI1,TRAIN,1355,2,4000bf5fbf953ebfbdbc3fc33ff23ff340114004bfacbf4e*6f74
RX # PAI1,TRAIN,1355,1291
TX PAI1,TRAIN,1356,1,bf7bbed2be53bebc3f6a3f06bf98bfaabfa2bf9d3f5b3f33*863e
RX # PAI1,TRAIN,1356,1293
TX PAI1,TRAIN,1357,4,3de5406f3f844003bf43bf89be763f783ead3e45bf12c022*36f1
RX # PAI1,TRAIN,1357,1292
TX PAI1,TRAIN,1358,2,3fae3fb840374012bf7d3f413f353fe73faa3f873d05bf62*3c13
RX # PAI1,TRAIN,1358,1292
TX PAI1,TRAIN,1359,1,bf99bfa2bf30bfa03f163f96bfa0bfc1bfb5bfaf3ec53ef3*ad4e
RX # PAI1,TRAIN,1359,1286
TX PAI1,TRAIN,1360,3,bdcc3fd53ea43f22bf10bf8dbec2bd653ec23da6bdfdbf2c*6a05
RX # PAI1,TRAIN,1360,1289
TX PAI1,TRAIN,1361,4,bce43e593c643de63deebea03eac3ed23e9f3e34be89bed0*0877
RX # PAI1,TRAIN,1361,1286
TX PAI1,TRAIN,1362,2,c00bbf06bfdcc00040173fcf3fa13f943f793f81c004bf87*1674
RX # PAI1,TRAIN,1362,1291
TX PAI1,TRAIN,1363,1,bf93bdb5bf24bf513f973f8ebf32bf9fbf67bf633f053f4b*b638
RX # PAI1,TRAIN,1363,1290
TX PAI1,TRAIN,1364,3,3e8dbf2bbf0cbf2cbfacbf803f383e15becd3b00be423e6a*1e22
RX # PAI1,TRAIN,1364,1292
TX PAI1,TRAIN,1365,4,3ef13f7e3eaf3f3c3d9bbed7be7fbc993d9ebe1d3ea7be34*3c27
RX # PAI1,TRAIN,1365,1292
TX PAI1,TRAIN,1366,4,3f1b3f11bcd53e9ebf39bf023cf0bdf63e9c3e01be5dbf06*7e14
RX # PAI1,TRAIN,1366,1291
TX PAI1,TRAIN,1367,3,3f4f3f543fa83f9ebf16bf9cbf75bef3be85bee63ddebfa0*0f18
RX # PAI1,TRAIN,1367,1293
TX PAI1,TRAIN,1368,3,3f25bfb2bf76bfa03d64bf99bf2b3d87bea9becb3f724016*2c75
RX # PAI1,TRAIN,1368,1292
TX PAI1,TRAIN,1369,1,bf64be4c3f173e6e3eb83f34bf44bfdbbf8ebf863f753f0a*146f
RX # PAI1,TRAIN,1369,1291
TX PAI1,TRAIN,1370,1,bea8bede3eecba83be553f12bf87bfc4bfa0bf993f8c3f59*4f7a
RX # PAI1,TRAIN,1370,1292
TX PAI1,TRAIN,1371,4,3e8f3fa43f1a3f4abefcbee4bf09bec1bdc5be883ea5bea9*3264
RX # PAI1,TRAIN,1371,1292
TX PAI1,TRAIN,1372,3,3e5fbf42bfa6bf8dbf21bf0d3f9f3fa63f4c3f94bf8b3d3c*bad0
RX # PAI1,TRAIN,1372,1292
TX PAI1,TRAIN,1373,1,bf16bea43e9abe4f3ddd3ee6bf87bfabbfd0bfbb3f853f2d*8143
RX # PAI1,TRAIN,1373,1291
TX PAI1,TRAIN,1374,2,4000bf5fbf953ebfbdbc3fc33ff23ff340114004bfacbf4e*1bed
RX # PAI1,TRAIN,1374,1291
TX PAI1,TRAIN,1375,2,c00bbf06bfdcc00040173fcf3fa13f943f793f81c004bf87*e969
RX # PAI1,TRAIN,1375,1287
TX PAI1,TRAIN,1376,1,bf7bbed2be53bebc3f6a3f06bf98bfaabfa2bf9d3f5b3f33*89e7
RX # PAI1,TRAIN,1376,1293
TX PAI1,TRAIN,1377,1,bf64be4c3f173e6e3eb83f34bf44bfdbbf8ebf863f753f0a*7a51
RX # PAI1,TRAIN,1377,1288
TX PAI1,TRAIN,1378,3,3f4f3f543fa83f9ebf16bf9cbf75bef3be85bee63ddebfa0*1a66
RX # PAI1,TRAIN,1378,1287
TX PAI1,TRAIN,1379,1,bd14bea73f7c3f5f3ea13e3fbf97bf86bfbabfaf3fda3f84*791d
RX # PAI1,TRAIN,1379,1292
TX PAI1,TRAIN,1380,3,3f68bdd8bf4abe263f17bfadbd833f5a3ecc3e6d3f483fdd*87df
RX # PAI1,TRAIN,1380,1288
TX PAI1,TRAIN,1381,2,bf413f0e3e303ede3f093f0740163f9040244025bfa1be68*a286
RX # PAI1,TRAIN,1381,1287
TX PAI1,TRAIN,1382,4,3f243f4a3f213f38bf99bf1fbe5ebf063cd3be363d7cbf27*8d05
RX # PAI1,TRAIN,1382,1290
TX PAI1,TRAIN,1383,1,bf99bfa2bf30bfa03f163f96bfa0bfc1bfb5bfaf3ec53ef3*1e87
RX # PAI1,TRAIN,1383,1292
TX PAI1,TRAIN,1384,4,3d863f213f3e3f443b8dbecd3e0e3d503ec93e433dcabe94*d098
RX # PAI1,TRAIN,1384,1288
TX PAI1,TRAIN,1385,3,bf12bf203e53bf3e3f07bf80bef1be97bee8bedb3f393fc1*d20a
RX # PAI1,TRAIN,1385,1292
TX PAI1,TRAIN,1386,3,3f153ebb3f173f3dbf8bbf8abeccbe3d3f263e83bd18bee6*4a27
RX # PAI1,TRAIN,1386,1289
TX PAI1,TRAIN,1387,3,beb7bf63bed9bf373e1abf953d063e18bf20bed33f353fbc*beda
RX # PAI1,TRAIN,1387,1292
TX PAI1,TRAIN,1388,4,bdb73e83beeabeb53e09be81bdb43ec2bc38be04bcf73dfd*8b99
RX # PAI1,TRAIN,1388,1292
TX PAI1,TRAIN,1389,4,3de5406f3f844003bf43bf89be763f783ead3e45bf12c022*7819
RX # PAI1,TRAIN,1389,1291
TX PAI1,TRAIN,1390,3,3f47bcfb3f843f8dbfdcbf963f0b3f733f713f42bdc4becc*15bb
RX # PAI1,TRAIN,1390,1286
TX PAI1,TRAIN,1391,4,3f91bc0c3f703f77c001bf0abd10bef93f243ea73e04be8e*666e
RX # PAI1,TRAIN,1391,1293
TX PAI1,TRAIN,1392,2,bf98bfbfbea3bf293fc63f683fba3fb63ff03fecbf643f29*71fd
RX # PAI1,TRAIN,1392,1292
TX PAI1,TRAIN,1393,1,be63bf863ee6bd80bd683e87bf88bf59bfb8bfa53f8f3f5a*9ebb
RX # PAI1,TRAIN,1393,1293
TX PAI1,TRAIN,1394,4,3f8140243f8b3fdbbfeabf50bec0bda53f043e07bc9fbfab*fc77
RX # PAI1,TRAIN,1394,1292
TX PAI1,TRAIN,1395,2,3d04bea4bfa5bf8c3e9a3fe03fa43fcf3f613f8cbfe8bfa3*5bde
RX # PAI1,TRAIN,1395,1287
TX PAI1,TRAIN,1396,3,3fa4bf1cbeb0bd233c53bf90befe3f68be72be5b3f7c3fca*38d4
RX # PAI1,TRAIN,1396,1294
TX PAI1,TRAIN,1397,4,3f1b3f11bcd53e9ebf39bf023cf0bdf63e9c3e01be5dbf06*a5a7
RX # PAI1,TRAIN,1397,1292
TX PAI1,TRAIN,1398,4,3ef13f7e3eaf3f3c3d9bbed7be7fbc993d9ebe1d3ea7be34*f0d6
RX # PAI1,TRAIN,1398,1292
TX PAI1,TRAIN,1399,3,3f25bfb2bf76bfa03d64bf99bf2b3d87bea9becb3f724016*f7c6
RX # PAI1,TRAIN,1399,1289
TX PAI1,TRAIN,1400,4,3f4abd76bf20bed1be36becd3e3d3ee5be08be10bd123e19*333e
RX # PAI1,TRAIN,1400,1293
TX PAI1,TRAIN,1401,1,bed3bf4b3f483ecebe383f09bf8cbf87bfb3bfaa3f9d3f21*d440
RX # PAI1,TRAIN,1401,1287
TX PAI1,TRAIN,1402,3,3e453f063fa63f7bbf3ebf93bf19bed2be5abec83dc6bf80*6514
RX # PAI1,TRAIN,1402,1293
TX PAI1,TRAIN,1403,3,3e8dbf2bbf0cbf2cbfacbf803f383e15becd3b00be423e6a*9bfe
RX # PAI1,TRAIN,1403,1291
TX PAI1,TRAIN,1404,1,bf34bec4bf1bbf643ede3f5bbf54bf9fbf85bf863f033f32*aac6
RX # PAI1,TRAIN,1404,1292
TX PAI1,TRAIN,1405,1,bf69bf633e8bbe1a3ed03f4bbf3ebf95bf96bf8a3f7e3f65*6253
RX # PAI1,TRAIN,1405,1293
TX PAI1,TRAIN,1406,2,c009bed5c00ac0153ff83fd940123f283e673fc3c022bf94*f438
RX # PAI1,TRAIN,1406,1292
TX PAI1,TRAIN,1407,3,bdcc3fd53ea43f22bf10bf8dbec2bd653ec23da6bdfdbf2c*efd9
RX # PAI1,TRAIN,1407,1292
TX PAI1,TRAIN,1408,4,bce43e593c643de63deebea03eac3ed23e9f3e34be89bed0*6c69
RX # PAI1,TRAIN,1408,1291
TX PAI1,TRAIN,1409,2,bff2bde8bf9ebfd8400d3fe140153f863f283fc9c01cbfbd*8d9e
RX # PAI1,TRAIN,1409,1292
TX PAI1,TRAIN,1410,1,bf7dbf143df3be823f213f64bf6abf7dbf94bf8c3f3e3f07*d8d8
RX # PAI1,TRAIN,1410,1292
TX PAI1,TRAIN,1411,2,3fae3fb840374012bf7d3f413f353fe73faa3f873d05bf62*57d4
RX # PAI1,TRAIN,1411,1287
TX PAI1,TRAIN,1412,3,3f7c3d553f4e3f33bfc9bfa6bebabf4d3eb2ba473eb03cb7*2ebd
RX # PAI1,TRAIN,1412,1293
TX PAI1,TRAIN,1413,2,4022bf55c01bbf6d3fbf3fd03f983fbf3f8d3f93bfe6bfac*5a82
RX # PAI1,TRAIN,1413,1291
TX PAI1,TRAIN,1414,1,bf93bdb5bf24bf513f973f8ebf32bf9fbf67bf633f053f4b*bc18
RX # PAI1,TRAIN,1414,1293
TX PAI1,TRAIN,1415,4,3f4abd76bf20bed1be36becd3e3d3ee5be08be10bd123e19*3aa3
RX # PAI1,TRAIN,1415,1287
TX PAI1,TRAIN,1416,3,3e453f063fa63f7bbf3ebf93bf19bed2be5abec83dc6bf80*17c9
RX # PAI1,TRAIN,1416,1292
TX PAI1,TRAIN,1417,3,3f25bfb2bf76bfa03d64bf99bf2b3d87bea9becb3f724016*cc36
RX # PAI1,TRAIN,1417,1292
TX PAI1,TRAIN,1418,3,3e5fbf42bfa6bf8dbf21bf0d3f9f3fa63f4c3f94bf8b3d3c*530e
RX # PAI1,TRAIN,1418,1292
TX PAI1,TRAIN,1419,1,bf7bbed2be53bebc3f6a3f06bf98bfaabfa2bf9d3f5b3f33*e658
RX # PAI1,TRAIN,1419,1293
TX PAI1,TRAIN,1420,3,3f68bdd8bf4abe263f17bfadbd833f5a3ecc3e6d3f483fdd*5234
RX # PAI1,TRAIN,1420,1292
TX PAI1,TRAIN,1421,3,3f7c3d553f4e3f33bfc9bfa6bebabf4d3eb2ba473eb03cb7*2358
RX # PAI1,TRAIN,1421,1287
TX PAI1,TRAIN,1422,4,3f8140243f8b3fdbbfeabf50bec0bda53f043e07bc9fbfab*adc1
RX # PAI1,TRAIN,1422,1289
TX PAI1,TRAIN,1423,4,bce43e593c643de63deebea03eac3ed23e9f3e34be89bed0*0413
RX # PAI1,TRAIN,1423,1287
TX PAI1,TRAIN,1424,3,3f4f3f543fa83f9ebf16bf9cbf75bef3be85bee63ddebfa0*783c
RX # PAI1,TRAIN,1424,1292
TX PAI1,TRAIN,1425,1,bf93bdb5bf24bf513f973f8ebf32bf9fbf67bf633f053f4b*477d
RX # PAI1,TRAIN,1425,1290
TX PAI1,TRAIN,1426,1,bea8bede3eecba83be553f12bf87bfc4bfa0bf993f8c3f59*31c3
RX # PAI1,TRAIN,1426,1291
TX PAI1,TRAIN,1427,3,beb7bf63bed9bf373e1abf953d063e18bf20bed33f353fbc*6b31
RX # PAI1,TRAIN,1427,1293
TX PAI1,TRAIN,1428,3,bdcc3fd53ea43f22bf10bf8dbec2bd653ec23da6bdfdbf2c*7a82
RX # PAI1,TRAIN,1428,1286
TX PAI1,TRAIN,1429,1,bf16bea43e9abe4f3ddd3ee6bf87bfabbfd0bfbb3f853f2d*e8b8
RX # PAI1,TRAIN,1429,1293
TX PAI1,TRAIN,1430,1,bf64be4c3f173e6e3eb83f34bf44bfdbbf8ebf863f753f0a*f054
RX # PAI1,TRAIN,1430,1290
TX PAI1,TRAIN,1431,1,be63bf863ee6bd80bd683e87bf88bf59bfb8bfa53f8f3f5a*bdd0
RX # PAI1,TRAIN,1431,1293
TX PAI1,TRAIN,1432,1,bf7dbf143df3be823f213f64bf6abf7dbf94bf8c3f3e3f07*2181
RX # PAI1,TRAIN,1432,1291
TX PAI1,TRAIN,1433,4,bdb73e83beeabeb53e09be81bdb43ec2bc38be04bcf73dfd*b62d
RX # PAI1,TRAIN,1433,1292
TX PAI1,TRAIN,1434,3,3e8dbf2bbf0cbf2cbfacbf803f383e15becd3b00be423e6a*6b3a
RX # PAI1,TRAIN,1434,1292
TX PAI1,TRAIN,1435,2,bf413f0e3e303ede3f093f0740163f9040244025bfa1be68*05b0
RX # PAI1,TRAIN,1435,1286
TX PAI1,TRAIN,1436,4,3e8f3fa43f1a3f4abefcbee4bf09bec1bdc5be883ea5bea9*b861
RX # PAI1,TRAIN,1436,1288
TX PAI1,TRAIN,1437,4,3ef13f7e3eaf3f3c3d9bbed7be7fbc993d9ebe1d3ea7be34*bfbf
RX # PAI1,TRAIN,1437,1290
TX PAI1,TRAIN,1438,2,bf98bfbfbea3bf293fc63f683fba3fb63ff03fecbf643f29*b8f5
RX # PAI1,TRAIN,1438,1292
TX PAI1,TRAIN,1439,3,3f47bcfb3f843f8dbfdcbf963f0b3f733f713f42bdc4becc*5173
RX # PAI1,TRAIN,1439,1292
TX PAI1,TRAIN,1440,1,bf99bfa2bf30bfa03f163f96bfa0bfc1bfb5bfaf3ec53ef3*56c7
RX # PAI1,TRAIN,1440,1293
TX PAI1,TRAIN,1441,2,3fae3fb840374012bf7d3f413f353fe73faa3f873d05bf62*c79a
RX # PAI1,TRAIN,1441,1292
TX PAI1,TRAIN,1442,4,3de5406f3f844003bf43bf89be763f783ead3e45bf12c022*da3a
RX # PAI1,TRAIN,1442,1291
TX PAI1,TRAIN,1443,4,3f243f4a3f213f38bf99bf1fbe5ebf063cd3be363d7cbf27*33c5
RX # PAI1,TRAIN,1443,1292
TX PAI1,TRAIN,1444,3,3f153ebb3f173f3dbf8bbf8abeccbe3d3f263e83bd18bee6*7927
RX # PAI1,TRAIN,1444,1293
TX PAI1,TRAIN,1445,3,bf12bf203e53bf3e3f07bf80bef1be97bee8bedb3f393fc1*178a
RX # PAI1,TRAIN,1445,1290
TX PAI1,TRAIN,1446,1,bd14bea73f7c3f5f3ea13e3fbf97bf86bfbabfaf3fda3f84*86ec
RX # PAI1,TRAIN,1446,1289
TX PAI1,TRAIN,1447,4,3d863f213f3e3f443b8dbecd3e0e3d503ec93e433dcabe94*98d8
RX # PAI1,TRAIN,1447,1291
TX PAI1,TRAIN,1448,2,c00bbf06bfdcc00040173fcf3fa13f943f793f81c004bf87*e018
RX # PAI1,TRAIN,1448,1288
TX PAI1,TRAIN,1449,2,c009bed5c00ac0153ff83fd940123f283e673fc3c022bf94*7108
RX # PAI1,TRAIN,1449,1290
TX PAI1,TRAIN,1450,2,bff2bde8bf9ebfd8400d3fe140153f863f283fc9c01cbfbd*8cf3
RX # PAI1,TRAIN,1450,1292
TX PAI1,TRAIN,1451,2,4000bf5fbf953ebfbdbc3fc33ff23ff340114004bfacbf4e*7703
RX # PAI1,TRAIN,1451,1292
TX PAI1,TRAIN,1452,2,3d04bea4bfa5bf8c3e9a3fe03fa43fcf3f613f8cbfe8bfa3*eebf
RX # PAI1,TRAIN,1452,1292
TX PAI1,TRAIN,1453,2,4022bf55c01bbf6d3fbf3fd03f983fbf3f8d3f93bfe6bfac*4530
RX # PAI1,TRAIN,1453,1288
TX PAI1,TRAIN,1454,1,bf34bec4bf1bbf643ede3f5bbf54bf9fbf85bf863f033f32*3a88
RX # PAI1,TRAIN,1454,1290
TX PAI1,TRAIN,1455,1,bf69bf633e8bbe1a3ed03f4bbf3ebf95bf96bf8a3f7e3f65*f21d
RX # PAI1,TRAIN,1455,1292
TX PAI1,TRAIN,1456,3,3fa4bf1cbeb0bd233c53bf90befe3f68be72be5b3f7c3fca*fd54
RX # PAI1,TRAIN,1456,1293
TX PAI1,TRAIN,1457,4,3f1b3f11bcd53e9ebf39bf023cf0bdf63e9c3e01be5dbf06*6027
RX # PAI1,TRAIN,1457,1293
TX PAI1,TRAIN,1458,1,bed3bf4b3f483ecebe383f09bf8cbf87bfb3bfaa3f9d3f21*d52d
RX # PAI1,TRAIN,1458,1292
TX PAI1,TRAIN,1459,4,3f91bc0c3f703f77c001bf0abd10bef93f243ea73e04be8e*498d
RX # PAI1,TRAIN,1459,1290
TX PAI1,PREDICT,1460,bf5d3e783ea63e333f873f65bf51bf95bf51bf623f993f95*aef8
RX # PAI1,PREDICT,1460,108,3f80,3e2b,becb,3e72
TX PAI1,PREDICT,1461,bf2bbf29be82bf3c3e4d3f8ebf2bbfafbf22bf383eda3f36*9477
RX # PAI1,PREDICT,1461,108,3f69,3e10,be1c,3dd0
TX PAI1,PREDICT,1462,bf8e3e02bf7ebf603faf3f84bf73bf88bf74bf7e3f2b3f81*65d1
RX # PAI1,PREDICT,1462,109,3f7a,3d8c,be66,3e6d
TX PAI1,PREDICT,1463,bf9bbf9fbe83bf473f4e3f62be9dbf93bfb2bf843eb13ea4*6c92
RX # PAI1,PREDICT,1463,107,3f68,3e4c,3e18,be82
TX PAI1,PREDICT,1464,bfa2bf29bf81bfc43fcf3fc33fb03f2e3e173f42c002bfd1*0e65
RX # PAI1,PREDICT,1464,106,3d38,3f88,bdea,3d7d
TX PAI1,PREDICT,1465,bfe1bf04bf97bfbb3fe93faf3f933f623ed63f58bfe7bf99*fc88
RX # PAI1,PREDICT,1465,108,3d2c,3f69,bd32,3dd7
TX PAI1,PREDICT,1466,bff3bf41bffdc01240183fcd3feabf0f40a54073c110c129*af88
RX # PAI1,PREDICT,1466,105,be88,3ef2,3eac,3ef8
TX PAI1,PREDICT,1467,3d6b3f973fb33f9dbeffbf963e5ebed53ed73e8ebc5abf4b*150d
RX # PAI1,PREDICT,1467,108,be06,3e38,3ee8,3f06
TX PAI1,PREDICT,1468,3eaebfdebfd8bfb23f29bfa13fe83f4b3e213f4cbd0e3fe9*9941
RX # PAI1,PREDICT,1468,107,bcd8,3e87,3f83,be75
TX PAI1,PREDICT,1469,bebf3f3ebf0bbe31ba67bf7abf36bebabe96bedabe93bf3f*5231
RX # PAI1,PREDICT,1469,108,3d5e,be72,3f46,3eda
TX PAI1,PREDICT,1470,bd553e743ef9399cbf56bf72bf36bf02bde3beb5bf0fbfa7*daf1
RX # PAI1,PREDICT,1470,107,bb20,bd94,3f4d,3e8b
TX PAI1,PREDICT,1471,bf133f16bee8bec23edbbe62bdd83f0c3e973e5bbe843d5f*ccdc
RX # PAI1,PREDICT,1471,105,3db6,3e0e,3ec8,3ec5
TX PAI1,PREDICT,1472,bf3dbe8dbf19bf3d3ea9be62befa3ebd3cb5bde0bec6be2c*3470
RX # PAI1,PREDICT,1472,109,3e60,3dae,3f27,3ce6
TX PAI1,PREDICT,1473,be17bed6bf3fbf4dbeadbe4d3ea83d343cb03dddbf04be15*7a91
RX # PAI1,PREDICT,1473,104,3dd7,3e20,3ee6,3e97
TX PAI1,PREDICT,1474,3d9d3e72be16bdb6be78bed3bd273f9b3e923e5cbd193e50*217f
RX # PAI1,PREDICT,1474,106,bc60,3dec,3f05,3ebc
TX PAI1,INIT,1475,12,32,1,1*38cf
RX # PAI1,INIT,1475,12,32,4
TX PAI1,TRAIN,1476,2,c001bec9bffbbff33fce3fc940133f403e243fb8bfaebee8*ddfd
RX # PAI1,TRAIN,1476,1290
TX PAI1,TRAIN,1477,2,bfdebf3bbfe5bfee40013fbd3feabf0b4093406bc0aac0b1*faa6
RX # PAI1,TRAIN,1477,1293
TX PAI1,TRAIN,1478,3,3f833eca3f2f3f61bf98bf90beeabe143f0a3e473e2fbd96*d303
RX # PAI1,TRAIN,1478,1292
TX PAI1,TRAIN,1479,4,3f0040723f8e4004bf64bf8fbe973f8a3e863e07be1fbf99*6b80
RX # PAI1,TRAIN,1479,1286
TX PAI1,TRAIN,1480,3,3fb1bda3bf253d803ebabfb2bde93f763ea13e2e3f2c3f8c*9254
RX # PAI1,TRAIN,1480,1293
TX PAI1,TRAIN,1481,3,3f8cbfb0bf4fbf6bbe06bf9fbf3b3df9beadbee53f463fb7*8847
RX # PAI1,TRAIN,1481,1292
TX PAI1,TRAIN,1482,3,3f173f0e3faf3f8cbf5fbf99bf29bec5be6fbee23e81bebd*8c8a
RX # PAI1,TRAIN,1482,1287
TX PAI1,TRAIN,1483,1,bed2beb7beefbf183e5f3f41bf65bfa3bf7abf8b3f023f0b*e6fe
RX # PAI1,TRAIN,1483,1291
TX PAI1,TRAIN,1484,4,3eb03e763e053e9fbd9abec33e973efa3e723dee3cf1bd4f*4aa6
RX # PAI1,TRAIN,1484,1293
TX PAI1,TRAIN,1485,3,3f9fbb8d3f8e3f9bbfe3bf9c3f023f873f4d3f303e0abd3f*9891
RX # PAI1,TRAIN,1485,1287
TX PAI1,TRAIN,1486,3,3f1ebf3dbf91bf4abf44bf1d3f9d3fb73f2c3f8abef23e45*c44b
RX # PAI1,TRAIN,1486,1288
TX PAI1,TRAIN,1487,4,3ee53f293f553f67be37beef3dc13dd83e9e3e053e823c4e*a83c
RX # PAI1,TRAIN,1487,1286
TX PAI1,TRAIN,1488,2,bfcbbefdbf82bf8e3fc03fa03f903f7d3eab3f45bf69bef4*c0ed
RX # PAI1,TRAIN,1488,1287
TX PAI1,TRAIN,1489,4,3eec3e87bcca3e04bed1bef5bdb83fac3e5c3e1e3e2e3e8e*ffdb
RX # PAI1,TRAIN,1489,1290
TX PAI1,TRAIN,1490,4,3e58becabf1abf04befebe8b3e943dcabcb93d47bdfb3db8*6d02
RX # PAI1,TRAIN,1490,1286
TX PAI1,TRAIN,1491,1,bdacbf453f5f3f12beb33ee3bf95bf89bfa6bfae3f723f02*10ba
RX # PAI1,TRAIN,1491,1292
TX PAI1,TRAIN,1492,3,3fa33f5c3fb03faabf3abfa1bf84bee8be8cbeff3e85bf00*fa2a
RX # PAI1,TRAIN,1492,1288
TX PAI1,TRAIN,1493,2,bfdebdb3bf8abfa93fef3fd040153f953f0c3fbfbfa7bf20*eff3
RX # PAI1,TRAIN,1493,1291
TX PAI1,TRAIN,1494,1,bf39bf0e3e6cbcb13ecc3f4abf7cbf80bf8abf913f253ee7*bbc4
RX # PAI1,TRAIN,1494,1288
TX PAI1,TRAIN,1495,3,3ee13f9b3fbb3fa9bf25bf9c3e32bec83eac3e5d3e3ebe84*cf40
RX # PAI1,TRAIN,1495,1292
TX PAI1,TRAIN,1496,3,bd243f46bed23d57be3cbf83bf47beabbe9cbef33c95be70*97cb
RX # PAI1,TRAIN,1496,1286
TX PAI1,TRAIN,1497,3,3f2fbf25bed2becdbfb7bf863f303e53becdbd623d9f3e95*109a
RX # PAI1,TRAIN,1497,1288
TX PAI1,TRAIN,1498,3,3ea23e883f163e56bf75bf7fbf47befabe10becfbe17bf08*7728
RX # PAI1,TRAIN,1498,1287
TX PAI1,TRAIN,1499,4,3fd23c933f823f8ac003bf1abdacbeee3f083e873e8b3c98*a0cb
RX # PAI1,TRAIN,1499,1288
TX PAI1,TRAIN,1500,2,bf73bfbdbe44bec63fa03f4e3fb83fc83fd23fe1beb33f06*41c5
RX # PAI1,TRAIN,1500,1287
TX PAI1,TRAIN,1501,1,bf68bd7fbf01bf073f693f80bf43bfa2bf5abf6d3f033f18*bba1
RX # PAI1,TRAIN,1501,1292
TX PAI1,TRAIN,1502,2,bf84bf24bf5bbf963fa93fb33fae3f473dba3f30bf87bf36*1716
RX # PAI1,TRAIN,1502,1291
TX PAI1,TRAIN,1503,4,be873f1ebea4be093e59be95be203f223e643e1c3d123e4a*0658
RX # PAI1,TRAIN,1503,1292
TX PAI1,TRAIN,1504,1,bf76bfa0bf0cbf6c3eb83f88bfaabfc7bfa7bfb43edb3ed9*e6b0
RX # PAI1,TRAIN,1504,1292
TX PAI1,TRAIN,1505,1,bf7bbf9dbe06befe3f103f47bebabf95bfa5bf893ecf3eae*a0c6
RX # PAI1,TRAIN,1505,1290
TX PAI1,TRAIN,1506,1,bf163e8a3edc3ebc3f4c3f4bbf63bf98bf46bf6d3f6d3f4b*cdfd
RX # PAI1,TRAIN,1506,1285
TX PAI1,TRAIN,1507,1,bf1ebe323f2f3ed73e1a3f1bbf55bfe2bf85bf8b3f473eea*f45d
RX # PAI1,TRAIN,1507,1292
TX PAI1,TRAIN,1508,1,bf5c3e1ebf57bf153f8a3f6ebf82bf8abf65bf843f1a3f36*aa7b
RX # PAI1,TRAIN,1508,1288
TX PAI1,TRAIN,1509,3,3f41bfdcbfc1bf863edcbfa63fe83f653dcc3f3a3e303f93*1888
RX # PAI1,TRAIN,1509,1293
TX PAI1,TRAIN,1510,4,3fbf40273f953fe1bff1bf5ebeddbd0b3ed83d953e3abf0d*844e
RX # PAI1,TRAIN,1510,1288
TX PAI1,TRAIN,1511,2,3ff23fbc40384011bf8c3f283f2d3ffc3f933f7c3e5abe9d*6ba8
RX # PAI1,TRAIN,1511,1289
TX PAI1,TRAIN,1512,4,3f863f193dbb3efbbf5bbf12bc93bd9b3e6d3d8a3d7bbde8*7ac8
RX # PAI1,TRAIN,1512,1293
TX PAI1,TRAIN,1513,1,be8ebe983ed03cd5bdaa3eb8bf91bfafbfc0bfbf3f543f08*c8d2
RX # PAI1,TRAIN,1513,1289
TX PAI1,TRAIN,1514,4,bee6be80beecbeeb3dfdbe95bf0c3ee4bcb5be29bd333d9f*abbd
RX # PAI1,TRAIN,1514,1293
TX PAI1,TRAIN,1515,4,3f303fa83f323f6dbf23bf03bf19beb3be03bea33ec8bc1a*fe13
RX # PAI1,TRAIN,1515,1290
TX PAI1,TRAIN,1516,3,be84bf1a3ea1beec3e9cbf86bf07be86bee5bef43f233f7a*75e9
RX # PAI1,TRAIN,1516,1286
TX PAI1,TRAIN,1517,1,3eabbe9a3f883f7f3ddf3dd5bfa1bf88bfacbfb33f9e3f39*5bd0
RX # PAI1,TRAIN,1517,1288
TX PAI1,TRAIN,1518,2,c003bf00bfc6bfce40003fc03f9e3fa43f543f6fbf89bece*527e
RX # PAI1,TRAIN,1518,1289
TX PAI1,TRAIN,1519,2,3ed2be97bf90bf493dc23fd03fa13fe33f3f3f83bf6abf05*504b
RX # PAI1,TRAIN,1519,1293
TX PAI1,TRAIN,1520,1,bebdbf24be04beea3b163f80bf3cbfb3bf1cbf443ee83f0d*d207
RX # PAI1,TRAIN,1520,1287
TX PAI1,TRAIN,1521,1,bebdbf24be04beea3b163f80bf3cbfb3bf1cbf443ee83f0d*a947
RX # PAI1,TRAIN,1521,1291
TX PAI1,TRAIN,1522,4,3f303fa83f323f6dbf23bf03bf19beb3be03bea33ec8bc1a*0ed7
RX # PAI1,TRAIN,1522,1288
TX PAI1,TRAIN,1523,1,bed2beb7beefbf183e5f3f41bf65bfa3bf7abf8b3f023f0b*4a24
RX # PAI1,TRAIN,1523,1292
TX PAI1,TRAIN,1524,2,bf73bfbdbe44bec63fa03f4e3fb83fc83fd23fe1beb33f06*b33d
RX # PAI1,TRAIN,1524,1287
TX PAI1,TRAIN,1525,1,bf5c3e1ebf57bf153f8a3f6ebf82bf8abf65bf843f1a3f36*c9a0
RX # PAI1,TRAIN,1525,1286
TX PAI1,TRAIN,1526,4,3fbf40273f953fe1bff1bf5ebeddbd0b3ed83d953e3abf0d*0fca
RX # PAI1,TRAIN,1526,1287
TX PAI1,TRAIN,1527,3,3f833eca3f2f3f61bf98bf90beeabe143f0a3e473e2fbd96*45a8
RX # PAI1,TRAIN,1527,1289
TX PAI1,TRAIN,1528,3,3ee13f9b3fbb3fa9bf25bf9c3e32bec83eac3e5d3e3ebe84*8064
RX # PAI1,TRAIN,1528,1286
TX PAI1,TRAIN,1529,3,3f9fbb8d3f8e3f9bbfe3bf9c3f023f873f4d3f303e0abd3f*2309
RX # PAI1,TRAIN,1529,1288
TX PAI1,TRAIN,1530,3,be84bf1a3ea1beec3e9cbf86bf07be86bee5bef43f233f7a*7191
RX # PAI1,TRAIN,1530,1286
TX PAI1,TRAIN,1531,2,bfdebf3bbfe5bfee40013fbd3feabf0b4093406bc0aac0b1*72d2
RX # PAI1,TRAIN,1531,1290
TX PAI1,TRAIN,1532,4,be873f1ebea4be093e59be95be203f223e643e1c3d123e4a*fd3d
RX # PAI1,TRAIN,1532,1289
TX PAI1,TRAIN,1533,4,bee6be80beecbeeb3dfdbe95bf0c3ee4bcb5be29bd333d9f*d485
RX # PAI1,TRAIN,1533,1289
TX PAI1,TRAIN,1534,1,bdacbf453f5f3f12beb33ee3bf95bf89bfa6bfae3f723f02*3a01
RX # PAI1,TRAIN,1534,1289
TX PAI1,TRAIN,1535,2,bf84bf24bf5bbf963fa93fb33fae3f473dba3f30bf87bf36*e7d2
RX # PAI1,TRAIN,1535,1290
TX PAI1,TRAIN,1536,2,3ed2be97bf90bf493dc23fd03fa13fe33f3f3f83bf6abf05*c510
RX # PAI1,TRAIN,1536,1291
TX PAI1,TRAIN,1537,3,3f41bfdcbfc1bf863edcbfa63fe83f653dcc3f3a3e303f93*796f
RX # PAI1,TRAIN,1537,1292
TX PAI1,TRAIN,1538,4,3e58becabf1abf04befebe8b3e943dcabcb93d47bdfb3db8*2bbb
RX # PAI1,TRAIN,1538,1293
TX PAI1,TRAIN,1539,1,be8ebe983ed03cd5bdaa3eb8bf91bfafbfc0bfbf3f543f08*dbe8
RX # PAI1,TRAIN,1539,1290
TX PAI1,TRAIN,1540,2,c001bec9bffbbff33fce3fc940133f403e243fb8bfaebee8*ca1e
RX # PAI1,TRAIN,1540,1287
TX PAI1,TRAIN,1541,4,3fd23c933f823f8ac003bf1abdacbeee3f083e873e8b3c98*79e5
RX # PAI1,TRAIN,1541,1290
TX PAI1,TRAIN,1542,3,3fb1bda3bf253d803ebabfb2bde93f763ea13e2e3f2c3f8c*d865
RX # PAI1,TRAIN,1542,1285
TX PAI1,TRAIN,1543,3,3f173f0e3faf3f8cbf5fbf99bf29bec5be6fbee23e81bebd*4b7b
RX # PAI1,TRAIN,1543,1289
TX PAI1,TRAIN,1544,1,bf163e8a3edc3ebc3f4c3f4bbf63bf98bf46bf6d3f6d3f4b*24cf
RX # PAI1,TRAIN,1544,1287
TX PAI1,TRAIN,1545,1,bf39bf0e3e6cbcb13ecc3f4abf7cbf80bf8abf913f253ee7*f3c9
RX # PAI1,TRAIN,1545,1292
TX PAI1,TRAIN,1546,1,3eabbe9a3f883f7f3ddf3dd5bfa1bf88bfacbfb33f9e3f39*b0de
RX # PAI1,TRAIN,1546,1289
TX PAI1,TRAIN,1547,4,3ee53f293f553f67be37beef3dc13dd83e9e3e053e823c4e*148d
RX # PAI1,TRAIN,1547,1293
TX PAI1,TRAIN,1548,3,3f1ebf3dbf91bf4abf44bf1d3f9d3fb73f2c3f8abef23e45*9938
RX # PAI1,TRAIN,1548,1290
TX PAI1,TRAIN,1549,3,3ea23e883f163e56bf75bf7fbf47befabe10becfbe17bf08*3f25
RX # PAI1,TRAIN,1549,1290
TX PAI1,TRAIN,1550,2,bfdebdb3bf8abfa93fef3fd040153f953f0c3fbfbfa7bf20*de82
RX # PAI1,TRAIN,1550,1287
TX PAI1,TRAIN,1551,2,bfcbbefdbf82bf8e3fc03fa03f903f7d3eab3f45bf69bef4*6283
RX # PAI1,TRAIN,1551,1287
TX PAI1,TRAIN,1552,1,bf7bbf9dbe06befe3f103f47bebabf95bfa5bf893ecf3eae*4069
RX # PAI1,TRAIN,1552,1288
TX PAI1,TRAIN,1553,4,3f0040723f8e4004bf64bf8fbe973f8a3e863e07be1fbf99*e4dd
RX # PAI1,TRAIN,1553,1291
TX PAI1,TRAIN,1554,2,3ff23fbc40384011bf8c3f283f2d3ffc3f933f7c3e5abe9d*f27b
RX # PAI1,TRAIN,1554,1289
TX PAI1,TRAIN,1555,1,bf76bfa0bf0cbf6c3eb83f88bfaabfc7bfa7bfb43edb3ed9*0dbe
RX # PAI1,TRAIN,1555,1289
TX PAI1,TRAIN,1556,3,bd243f46bed23d57be3cbf83bf47beabbe9cbef33c95be70*2b7a
RX # PAI1,TRAIN,1556,1291
TX PAI1,TRAIN,1557,4,3eb03e763e053e9fbd9abec33e973efa3e723dee3cf1bd4f*f42b
RX # PAI1,TRAIN,1557,1291
TX PAI1,TRAIN,1558,2,c003bf00bfc6bfce40003fc03f9e3fa43f543f6fbf89bece*4dcc
RX # PAI1,TRAIN,1558,1289
TX PAI1,TRAIN,1559,1,bf68bd7fbf01bf073f693f80bf43bfa2bf5abf6d3f033f18*c18c
RX # PAI1,TRAIN,1559,1290
TX PAI1,TRAIN,1560,3,3f2fbf25bed2becdbfb7bf863f303e53becdbd623d9f3e95*5cef
RX # PAI1,TRAIN,1560,1285
TX PAI1,TRAIN,1561,4,3eec3e87bcca3e04bed1bef5bdb83fac3e5c3e1e3e2e3e8e*a6d0
RX # PAI1,TRAIN,1561,1293
TX PAI1,TRAIN,1562,4,3f863f193dbb3efbbf5bbf12bc93bd9b3e6d3d8a3d7bbde8*e55f
RX # PAI1,TRAIN,1562,1288
TX PAI1,TRAIN,1563,3,3fa33f5c3fb03faabf3abfa1bf84bee8be8cbeff3e85bf00*bdfe
RX # PAI1,TRAIN,1563,1289
TX PAI1,TRAIN,1564,3,3f8cbfb0bf4fbf6bbe06bf9fbf3b3df9beadbee53f463fb7*bd4e
RX # PAI1,TRAIN,1564,1289
TX PAI1,TRAIN,1565,1,bf1ebe323f2f3ed73e1a3f1bbf55bfe2bf85bf8b3f473eea*12b6
RX # PAI1,TRAIN,1565,1289
TX PAI1,TRAIN,1566,1,bebdbf24be04beea3b163f80bf3cbfb3bf1cbf443ee83f0d*c614
RX # PAI1,TRAIN,1566,1289
TX PAI1,TRAIN,1567,4,3f303fa83f323f6dbf23bf03bf19beb3be03bea33ec8bc1a*9704
RX # PAI1,TRAIN,1567,1286
TX PAI1,TRAIN,1568,3,3f1ebf3dbf91bf4abf44bf1d3f9d3fb73f2c3f8abef23e45*96e1
RX # PAI1,TRAIN,1568,1289
TX PAI1,TRAIN,1569,1,be8ebe983ed03cd5bdaa3eb8bf91bfafbfc0bfbf3f543f08*4ba6
RX # PAI1,TRAIN,1569,1290
TX PAI1,TRAIN,1570,2,bfcbbefdbf82bf8e3fc03fa03f903f7d3eab3f45bf69bef4*161a
RX # PAI1,TRAIN,1570,1289
TX PAI1,TRAIN,1571,2,c003bf00bfc6bfce40003fc03f9e3fa43f543f6fbf89bece*d336
RX # PAI1,TRAIN,1571,1286
TX PAI1,TRAIN,1572,1,bf7bbf9dbe06befe3f103f47bebabf95bfa5bf893ecf3eae*4fb0
RX # PAI1,TRAIN,1572,1287
TX PAI1,TRAIN,1573,1,bf1ebe323f2f3ed73e1a3f1bbf55bfe2bf85bf8b3f473eea*96eb
RX # PAI1,TRAIN,1573,1291
TX PAI1,TRAIN,1574,3,3fa33f5c3fb03faabf3abfa1bf84bee8be8cbeff3e85bf00*42e3
RX # PAI1,TRAIN,1574,1290
TX PAI1,TRAIN,1575,1,3eabbe9a3f883f7f3ddf3dd5bfa1bf88bfacbfb33f9e3f39*bd3b
RX # PAI1,TRAIN,1575,1292
TX PAI1,TRAIN,1576,3,3fb1bda3bf253d803ebabfb2bde93f763ea13e2e3f2c3f8c*a561
RX # PAI1,TRAIN,1576,1292
TX PAI1,TRAIN,1577,2,bf84bf24bf5bbf963fa93fb33fae3f473dba3f30bf87bf36*0ee0
RX # PAI1,TRAIN,1577,1289
TX PAI1,TRAIN,1578,4,be873f1ebea4be093e59be95be203f223e643e1c3d123e4a*fe6c
RX # PAI1,TRAIN,1578,1291
TX PAI1,TRAIN,1579,1,bf76bfa0bf0cbf6c3eb83f88bfaabfc7bfa7bfb43edb3ed9*1525
RX # PAI1,TRAIN,1579,1292
TX PAI1,TRAIN,1580,4,3ee53f293f553f67be37beef3dc13dd83e9e3e053e823c4e*44ba
RX # PAI1,TRAIN,1580,1292
TX PAI1,TRAIN,1581,3,be84bf1a3ea1beec3e9cbf86bf07be86bee5bef43f233f7a*b590
RX # PAI1,TRAIN,1581,1290
TX PAI1,TRAIN,1582,3,3f833eca3f2f3f61bf98bf90beeabe143f0a3e473e2fbd96*f374
RX # PAI1,TRAIN,1582,1289
TX PAI1,TRAIN,1583,3,3ee13f9b3fbb3fa9bf25bf9c3e32bec83eac3e5d3e3ebe84*d77a
RX # PAI1,TRAIN,1583,1289
TX PAI1,TRAIN,1584,4,3e58becabf1abf04befebe8b3e943dcabcb93d47bdfb3db8*83b8
RX # PAI1,TRAIN,1584,1293
TX PAI1,TRAIN,1585,4,3f0040723f8e4004bf64bf8fbe973f8a3e863e07be1fbf99*4056
RX # PAI1,TRAIN,1585,1292
TX PAI1,TRAIN,1586,3,3f9fbb8d3f8e3f9bbfe3bf9c3f023f873f4d3f303e0abd3f*8936
RX # PAI1,TRAIN,1586,1292
TX PAI1,TRAIN,1587,4,3fd23c933f823f8ac003bf1abdacbeee3f083e873e8b3c98*5292
RX # PAI1,TRAIN,1587,1291
TX PAI1,TRAIN,1588,2,bf73bfbdbe44bec63fa03f4e3fb83fc83fd23fe1beb33f06*94c2
RX # PAI1,TRAIN,1588,1290
TX PAI1,TRAIN,1589,1,bf5c3e1ebf57bf153f8a3f6ebf82bf8abf65bf843f1a3f36*ee5f
RX # PAI1,TRAIN,1589,1292
TX PAI1,TRAIN,1590,4,3fbf40273f953fe1bff1bf5ebeddbd0b3ed83d953e3abf0d*bb2a
RX # PAI1,TRAIN,1590,1289
TX PAI1,TRAIN,1591,2,3ed2be97bf90bf493dc23fd03fa13fe33f3f3f83bf6abf05*854c
RX # PAI1,TRAIN,1591,1292
TX PAI1,TRAIN,1592,3,3f41bfdcbfc1bf863edcbfa63fe83f653dcc3f3a3e303f93*cfb3
RX # PAI1,TRAIN,1592,1287
TX PAI1,TRAIN,1593,4,3f863f193dbb3efbbf5bbf12bc93bd9b3e6d3d8a3d7bbde8*3eec
RX # PAI1,TRAIN,1593,1290
TX PAI1,TRAIN,1594,4,3eec3e87bcca3e04bed1bef5bdb83fac3e5c3e1e3e2e3e8e*8042
RX # PAI1,TRAIN,1594,1285
TX PAI1,TRAIN,1595,3,3f8cbfb0bf4fbf6bbe06bf9fbf3b3df9beadbee53f463fb7*66fd
RX # PAI1,TRAIN,1595,1292
TX PAI1,TRAIN,1596,4,bee6be80beecbeeb3dfdbe95bf0c3ee4bcb5be29bd333d9f*6259
RX # PAI1,TRAIN,1596,1290
TX PAI1,TRAIN,1597,1,bdacbf453f5f3f12beb33ee3bf95bf89bfa6bfae3f723f02*877c
RX # PAI1,TRAIN,1597,1286
TX PAI1,TRAIN,1598,3,3f173f0e3faf3f8cbf5fbf99bf29bec5be6fbee23e81bebd*83f2
RX # PAI1,TRAIN,1598,1290
TX PAI1,TRAIN,1599,3,3f2fbf25bed2becdbfb7bf863f303e53becdbd623d9f3e95*6d3f
RX # PAI1,TRAIN,1599,1292
TX PAI1,TRAIN,1600,1,bed2beb7beefbf183e5f3f41bf65bfa3bf7abf8b3f023f0b*7cb5
RX # PAI1,TRAIN,1600,1289
TX PAI1,TRAIN,1601,1,bf163e8a3edc3ebc3f4c3f4bbf63bf98bf46bf6d3f6d3f4b*0994
RX # PAI1,TRAIN,1601,1291
TX PAI1,TRAIN,1602,2,c001bec9bffbbff33fce3fc940133f403e243fb8bfaebee8*97a4
RX # PAI1,TRAIN,1602,1291
TX PAI1,TRAIN,1603,3,bd243f46bed23d57be3cbf83bf47beabbe9cbef33c95be70*89dd
RX # PAI1,TRAIN,1603,1293
TX PAI1,TRAIN,1604,4,3eb03e763e053e9fbd9abec33e973efa3e723dee3cf1bd4f*5d2d
RX # PAI1,TRAIN,1604,1286
TX PAI1,TRAIN,1605,2,bfdebdb3bf8abfa93fef3fd040153f953f0c3fbfbfa7bf20*7c25
RX # PAI1,TRAIN,1605,1293
TX PAI1,TRAIN,1606,1,bf39bf0e3e6cbcb13ecc3f4abf7cbf80bf8abf913f253ee7*d533
RX # PAI1,TRAIN,1606,1291
TX PAI1,TRAIN,1607,2,3ff23fbc40384011bf8c3f283f2d3ffc3f933f7c3e5abe9d*5b7d
RX # PAI1,TRAIN,1607,1293
TX PAI1,TRAIN,1608,3,3ea23e883f163e56bf75bf7fbf47befabe10becfbe17bf08*ef5f
RX # PAI1,TRAIN,1608,1290
TX PAI1,TRAIN,1609,2,bfdebf3bbfe5bfee40013fbd3feabf0b4093406bc0aac0b1*ac1c
RX # PAI1,TRAIN,1609,1293
TX PAI1,TRAIN,1610,1,bf68bd7fbf01bf073f693f80bf43bfa2bf5abf6d3f033f18*fb95
RX # PAI1,TRAIN,1610,1290
TX PAI1,TRAIN,1611,4,bee6be80beecbeeb3dfdbe95bf0c3ee4bcb5be29bd333d9f*9954
RX # PAI1,TRAIN,1611,1291
TX PAI1,TRAIN,1612,3,3f173f0e3faf3f8cbf5fbf99bf29bec5be6fbee23e81bebd*14fd
RX # PAI1,TRAIN,1612,1292
TX PAI1,TRAIN,1613,3,3f8cbfb0bf4fbf6bbe06bf9fbf3b3df9beadbee53f463fb7*e6b0
RX # PAI1,TRAIN,1613,1291
TX PAI1,TRAIN,1614,3,3f1ebf3dbf91bf4abf44bf1d3f9d3fb73f2c3f8abef23e45*aabc
RX # PAI1,TRAIN,1614,1292
TX PAI1,TRAIN,1615,1,bf7bbf9dbe06befe3f103f47bebabf95bfa5bf893ecf3eae*9bb2
RX # PAI1,TRAIN,1615,1291
TX PAI1,TRAIN,1616,3,3fb1bda3bf253d803ebabfb2bde93f763ea13e2e3f2c3f8c*0182
RX # PAI1,TRAIN,1616,1291
TX PAI1,TRAIN,1617,3,3ea23e883f163e56bf75bf7fbf47befabe10becfbe17bf08*fa21
RX # PAI1,TRAIN,1617,1290
TX PAI1,TRAIN,1618,4,3fbf40273f953fe1bff1bf5ebeddbd0b3ed83d953e3abf0d*daa5
RX # PAI1,TRAIN,1618,1289
TX PAI1,TRAIN,1619,4,3eb03e763e053e9fbd9abec33e973efa3e723dee3cf1bd4f*bed3
RX # PAI1,TRAIN,1619,1290
TX PAI1,TRAIN,1620,3,3fa33f5c3fb03faabf3abfa1bf84bee8be8cbeff3e85bf00*9b04
RX # PAI1,TRAIN,1620,1292
TX PAI1,TRAIN,1621,1,bf68bd7fbf01bf073f693f80bf43bfa2bf5abf6d3f033f18*00f0
RX # PAI1,TRAIN,1621,1290
TX PAI1,TRAIN,1622,1,bebdbf24be04beea3b163f80bf3cbfb3bf1cbf443ee83f0d*900f
RX # PAI1,TRAIN,1622,1289
TX PAI1,TRAIN,1623,3,3ee13f9b3fbb3fa9bf25bf9c3e32bec83eac3e5d3e3ebe84*534f
RX # PAI1,TRAIN,1623,1289
TX PAI1,TRAIN,1624,3,bd243f46bed23d57be3cbf83bf47beabbe9cbef33c95be70*f6e5
RX # PAI1,TRAIN,1624,1289
TX PAI1,TRAIN,1625,1,be8ebe983ed03cd5bdaa3eb8bf91bfafbfc0bfbf3f543f08*f7de
RX # PAI1,TRAIN,1625,1290
TX PAI1,TRAIN,1626,1,bf1ebe323f2f3ed73e1a3f1bbf55bfe2bf85bf8b3f473eea*344c
RX # PAI1,TRAIN,1626,1288
TX PAI1,TRAIN,1627,1,bf5c3e1ebf57bf153f8a3f6ebf82bf8abf65bf843f1a3f36*8ba8
RX # PAI1,TRAIN,1627,1291
TX PAI1,TRAIN,1628,1,bf39bf0e3e6cbcb13ecc3f4abf7cbf80bf8abf913f253ee7*3b28
RX # PAI1,TRAIN,1628,1293
TX PAI1,TRAIN,1629,4,3e58becabf1abf04befebe8b3e943dcabcb93d47bdfb3db8*6b8f
RX # PAI1,TRAIN,1629,1288
TX PAI1,TRAIN,1630,3,3f2fbf25bed2becdbfb7bf863f303e53becdbd623d9f3e95*7829
RX # PAI1,TRAIN,1630,1289
TX PAI1,TRAIN,1631,2,bf84bf24bf5bbf963fa93fb33fae3f473dba3f30bf87bf36*ae7b
RX # PAI1,TRAIN,1631,1293
TX PAI1,TRAIN,1632,4,3f303fa83f323f6dbf23bf03bf19beb3be03bea33ec8bc1a*35a3
RX # PAI1,TRAIN,1632,1289
TX PAI1,TRAIN,1633,4,3eec3e87bcca3e04bed1bef5bdb83fac3e5c3e1e3e2e3e8e*7496
RX # PAI1,TRAIN,1633,1289
TX PAI1,TRAIN,1634,2,bf73bfbdbe44bec63fa03f4e3fb83fc83fd23fe1beb33f06*8849
RX # PAI1,TRAIN,1634,1291
TX PAI1,TRAIN,1635,3,3f9fbb8d3f8e3f9bbfe3bf9c3f023f873f4d3f303e0abd3f*0f3f
RX # PAI1,TRAIN,1635,1289
TX PAI1,TRAIN,1636,1,bf76bfa0bf0cbf6c3eb83f88bfaabfc7bfa7bfb43edb3ed9*249d
RX # PAI1,TRAIN,1636,1287
TX PAI1,TRAIN,1637,2,3ff23fbc40384011bf8c3f283f2d3ffc3f933f7c3e5abe9d*db58
RX # PAI1,TRAIN,1637,1288
TX PAI1,TRAIN,1638,4,3f0040723f8e4004bf64bf8fbe973f8a3e863e07be1fbf99*279d
RX # PAI1,TRAIN,1638,1290
TX PAI1,TRAIN,1639,4,be873f1ebea4be093e59be95be203f223e643e1c3d123e4a*2e16
RX # PAI1,TRAIN,1639,1293
TX PAI1,TRAIN,1640,3,3f833eca3f2f3f61bf98bf90beeabe143f0a3e473e2fbd96*91aa
RX # PAI1,TRAIN,1640,1291
TX PAI1,TRAIN,1641,3,be84bf1a3ea1beec3e9cbf86bf07be86bee5bef43f233f7a*21ce
RX # PAI1,TRAIN,1641,1292
TX PAI1,TRAIN,1642,1,3eabbe9a3f883f7f3ddf3dd5bfa1bf88bfacbfb33f9e3f39*f977
RX # PAI1,TRAIN,1642,1289
TX PAI1,TRAIN,1643,4,3ee53f293f553f67be37beef3dc13dd83e9e3e053e823c4e*5d24
RX # PAI1,TRAIN,1643,1293
TX PAI1,TRAIN,1644,2,c003bf00bfc6bfce40003fc03f9e3fa43f543f6fbf89bece*61fa
RX # PAI1,TRAIN,1644,1290
TX PAI1,TRAIN,1645,2,c001bec9bffbbff33fce3fc940133f403e243fb8bfaebee8*f8f7
RX # PAI1,TRAIN,1645,1289
TX PAI1,TRAIN,1646,2,bfdebdb3bf8abfa93fef3fd040153f953f0c3fbfbfa7bf20*ee57
RX # PAI1,TRAIN,1646,1290
TX PAI1,TRAIN,1647,2,bfcbbefdbf82bf8e3fc03fa03f903f7d3eab3f45bf69bef4*5256
RX # PAI1,TRAIN,1647,1290
TX PAI1,TRAIN,1648,2,3ed2be97bf90bf493dc23fd03fa13fe33f3f3f83bf6abf05*0fcd
RX # PAI1,TRAIN,1648,1292
TX PAI1,TRAIN,1649,2,bfdebf3bbfe5bfee40013fbd3feabf0b4093406bc0aac0b1*b3ae
RX # PAI1,TRAIN,1649,1292
TX PAI1,TRAIN,1650,1,bed2beb7beefbf183e5f3f41bf65bfa3bf7abf8b3f023f0b*ecfb
RX # PAI1,TRAIN,1650,1291
TX PAI1,TRAIN,1651,1,bf163e8a3edc3ebc3f4c3f4bbf63bf98bf46bf6d3f6d3f4b*99da
RX # PAI1,TRAIN,1651,1290
TX PAI1,TRAIN,1652,3,3f41bfdcbfc1bf863edcbfa63fe83f653dcc3f3a3e303f93*5bed
RX # PAI1,TRAIN,1652,1288
TX PAI1,TRAIN,1653,4,3f863f193dbb3efbbf5bbf12bc93bd9b3e6d3d8a3d7bbde8*aab2
RX # PAI1,TRAIN,1653,1288
TX PAI1,TRAIN,1654,1,bdacbf453f5f3f12beb33ee3bf95bf89bfa6bfae3f723f02*9ee2
RX # PAI1,TRAIN,1654,1287
TX PAI1,TRAIN,1655,4,3fd23c933f823f8ac003bf1abdacbeee3f083e873e8b3c98*bfb0
RX # PAI1,TRAIN,1655,1286
TX PAI1,PREDICT,1656,bf23bf5e3ec23d963e453f32bf4fbf97bf8cbf8f3f4d3f26*0ccd
RX # PAI1,PREDICT,1656,107,3f81,bcd0,3d94,bd93
TX PAI1,PREDICT,1657,3c28bed23f0f3e55bec03ef5bf90bfcabf94bf9e3f5d3f1f*d296
RX # PAI1,PREDICT,1657,105,3f69,bdc3,3da6,3de1
TX PAI1,PREDICT,1658,3e03bf843f0c3e1cbe713e38bf92bf5abfaabfaa3f613f20*c2a7
RX # PAI1,PREDICT,1658,107,3f56,bc84,3e97,bdad
TX PAI1,PREDICT,1659,bf37bec5bda9bdfc3f293edebfa2bfaebf97bfa13f373f0b*f5e3
RX # PAI1,PREDICT,1659,108,3f71,bd7e,3e04,bbb0
TX PAI1,PREDICT,1660,beed3f163e913f1a3ea13edf40163fa04010401fbf133d3e*ccc0
RX # PAI1,PREDICT,1660,107,bed2,3f19,3e66,3f18
TX PAI1,PREDICT,1661,4027bf5abf813f0cbe893fb43ff240043fff3ffebf21be87*c235
RX # PAI1,PREDICT,1661,107,be12,3f34,3e6e,3e49
TX PAI1,PREDICT,1662,404cbf50c00ebf213f9a3fc03f963fd23f733f89bf67bf0e*9e8f
RX # PAI1,PREDICT,1662,105,bb28,3f2a,3e81,3c8b
TX PAI1,PREDICT,1663,bcc3bf5ebe95bee0bd34bf9abc6b3e57bf1abeed3f203f75*18ca
RX # PAI1,PREDICT,1663,106,3e44,be81,3f79,3da0
TX PAI1,PREDICT,1664,3fe6bf16be5c3e31be2fbf96bf0e3f82be82be893f4c3f82*3c59
RX # PAI1,PREDICT,1664,107,3d61,bd3c,3f32,3e96
TX PAI1,PREDICT,1665,3e873fda3eda3f48bf35bf93bedfbc003e983cb73df2be46*42f4
RX # PAI1,PREDICT,1665,106,be24,be07,3eec,3f59
TX PAI1,PREDICT,1666,3fbc3da23f653f58bfd2bfacbed7bf4c3e8abd6d3ecf3e38*c1e9
RX # PAI1,PREDICT,1666,107,3d8c,be49,3f49,3eab
TX PAI1,PREDICT,1667,3f8b3f523f393f5cbfa5bf2fbe8abf01bc9abe6e3e6dbe3b*0d5b
RX # PAI1,PREDICT,1667,107,3e14,bd8e,3ec5,3f13
TX PAI1,PREDICT,1668,3fa1bd0bbef9be25beb2beef3e103f07be25be483e303e7f*9745
RX # PAI1,PREDICT,1668,107,3d87,3e09,3ed8,3ec6
TX PAI1,PREDICT,1669,3e8d3e91bea6bde2bd71bea5be0d3ee9bd55be3c3e333e70*7b2a
RX # PAI1,PREDICT,1669,107,3e0c,3db3,3e8f,3ef8
TX PAI1,PREDICT,1670,3f663f833ee43f60bde7bef9be9b3d023ce0be553ec93d96*5149
RX # PAI1,PREDICT,1670,107,3e11,3d98,3e82,3f06
TX PAI1,INIT,1671,12,32,1,1*e34e
RX # PAI1,INIT,1671,12,32,4
TX PAI1,TRAIN,1672,2,400ebf78bf893f13be5d3fc53fff3ffa3fe93ff3bf39bea8*941e
RX # PAI1,TRAIN,1672,1289
TX PAI1,TRAIN,1673,2,bfe5bf0bbf8abfbc3fe93fb13f983f6c3e853f3bbf82bf0d*1265
RX # PAI1,TRAIN,1673,1288
TX PAI1,TRAIN,1674,3,3d033eb73f243e24bf81bf81bf52bef9be3cbecebe5abf1c*0fbb
RX # PAI1,TRAIN,1674,1289
TX PAI1,TRAIN,1675,4,3f6e3a53bf01be98be9dbee63e173ef6be4fbe4e3dfb3e51*3573
RX # PAI1,TRAIN,1675,1288
TX PAI1,TRAIN,1676,3,3e963f333fbd3fa0bf68bf9dbf32bec6be8abee03e54bee1*028c
RX # PAI1,TRAIN,1676,1290
TX PAI1,TRAIN,1677,3,3fbabf27be5d3decbdd6bf9abf163f72be94be8a3f473f80*67eb
RX # PAI1,TRAIN,1677,1291
TX PAI1,TRAIN,1678,3,3f733f873fbf3fc6bf3ebfa6bf8bbee8be9ebefc3e5cbf14*c799
RX # PAI1,TRAIN,1678,1289
TX PAI1,TRAIN,1679,1,bf2abec4bef9bf563eaf3f59bf72bf9ebf78bf873ef43f02*eda6
RX # PAI1,TRAIN,1679,1289
TX PAI1,TRAIN,1680,4,3d6d3ea63e1d3e923bb7beb83e9f3ee33e2e3dcbbcdcbddb*a75a
RX # PAI1,TRAIN,1680,1288
TX PAI1,TRAIN,1681,3,be97bf7cbe99bf243d2bbf9ebc883e37bf1dbeea3f1a3f71*2e6e
RX # PAI1,TRAIN,1681,1290
TX PAI1,TRAIN,1682,2,4033bf6cc017bf603fbc3fd23f9e3fc53f563f83bf81bf21*f8b6
RX # PAI1,TRAIN,1682,1292
TX PAI1,TRAIN,1683,4,3e213f533f673f82bde8bee73dc93da43e753de73e56bd29*75c1
RX # PAI1,TRAIN,1683,1289
TX PAI1,TRAIN,1684,2,bfa1bf38bf67bfc73fcd3fc53fb73f383d0a3f26bf95bf4b*3e60
RX # PAI1,TRAIN,1684,1290
TX PAI1,TRAIN,1685,4,3e2d3eb5bc483d77bec0beedbdc43fa13e193e0b3df93e70*4ef2
RX # PAI1,TRAIN,1685,1287
TX PAI1,TRAIN,1686,4,bd90bedabf21bf3dbef4be7a3e9b3d96bd943d0cbe3f3d20*4122
RX # PAI1,TRAIN,1686,1292
TX PAI1,TRAIN,1687,1,be19bf973f1a3db7be363e73bf9abf54bfa6bfa53f5e3f19*e51b
RX # PAI1,TRAIN,1687,1290
TX PAI1,TRAIN,1688,3,3ec4bf39bedabf17bfc7bf893f393e34bedabd873cc43e7e*e6d5
RX # PAI1,TRAIN,1688,1286
TX PAI1,TRAIN,1689,2,bff8bf53bff3c019401a3fcf3ff6bf0a40884061c0b5c0b9*959e
RX # PAI1,TRAIN,1689,1291
TX PAI1,TRAIN,1690,1,be86bee43f1d3e22bead3f0ebf98bfc3bf92bf9a3f5a3f18*6e01
RX # PAI1,TRAIN,1690,1292
TX PAI1,TRAIN,1691,3,3f87bd5abf2dbcae3f02bfb8bdf83f653e7a3e1b3f263f8b*76aa
RX # PAI1,TRAIN,1691,1292
TX PAI1,TRAIN,1692,3,3ee7c000bfcdbfb33f16bfab3ff43f553d2c3f303dfc3f91*498b
RX # PAI1,TRAIN,1692,1292
TX PAI1,TRAIN,1693,3,3ea4bf55bf9abf89bf4abf1c3fa53fab3f143f83bf0e3e15*a359
RX # PAI1,TRAIN,1693,1290
TX PAI1,TRAIN,1694,3,be9f3f75bed9bd0abdf4bf86bf52beadbeacbef1bd1ebe98*6717
RX # PAI1,TRAIN,1694,1292
TX PAI1,TRAIN,1695,4,3fa63d7f3f8d3f9ec011bf18bdb8beed3ee53e773e6abd10*7993
RX # PAI1,TRAIN,1695,1293
TX PAI1,TRAIN,1696,4,3f173fa03efc3f7bbd19bef1bea43c24bcd2be5a3eb63cb2*f8ec
RX # PAI1,TRAIN,1696,1289
TX PAI1,TRAIN,1697,1,bf75bed5bd98be803f5a3f02bfaabfa9bf94bf9d3f323f03*ca75
RX # PAI1,TRAIN,1697,1289
TX PAI1,TRAIN,1698,2,3dfabe9ebf99bf883e4e3fe33faa3fd63f263f79bf82bf18*83c5
RX # PAI1,TRAIN,1698,1290
TX PAI1,TRAIN,1699,4,bf063f45bea9be873eacbe87be2a3f153e213e0abca73e1a*3df1
RX # PAI1,TRAIN,1699,1292
TX PAI1,TRAIN,1700,1,bf20bf38bdffbf293dc23f8ebf46bfadbf1fbf403ed73f04*073a
RX # PAI1,TRAIN,1700,1293
TX PAI1,TRAIN,1701,1,bf62bf7c3ed7bc043ea13f49bf5abf93bf8abf8b3f493f1f*13a0
RX # PAI1,TRAIN,1701,1292
TX PAI1,TRAIN,1702,1,bf09be9f3ee6bd88bb5a3edbbf99bfaabfbabfba3f513eff*e77c
RX # PAI1,TRAIN,1702,1289
TX PAI1,TRAIN,1703,3,3f923e093f793f71bfe5bfb1bee3bf483e4ebd8c3ebc3e08*99d0
RX # PAI1,TRAIN,1703,1291
TX PAI1,TRAIN,1704,1,bf8c3e65bf62bf523fab3f84bf89bf86bf64bf813f133f2f*203b
RX # PAI1,TRAIN,1704,1290
TX PAI1,TRAIN,1705,3,3e183fbd3fcb3fc4bf26bfa03e3abec93e863e483e0cbea5*a8c2
RX # PAI1,TRAIN,1705,1291
TX PAI1,TRAIN,1706,1,bf5dbe293f3f3ed73e873f31bf61bfdabf83bf883f423ed8*ddfe
RX # PAI1,TRAIN,1706,1290
TX PAI1,TRAIN,1707,4,3f9540493fa14005c004bf60beeabd583eb03d6b3e08bf21*e9ad
RX # PAI1,TRAIN,1707,1292
TX PAI1,TRAIN,1708,2,bf97bfdbbe43bf133fc33f673fc23fbc3fbe3fd7beda3efa*f426
RX # PAI1,TRAIN,1708,1291
TX PAI1,TRAIN,1709,4,bbfb3ec1beabbe713ccbbe99be163ed4bdcdbe423e013e42*a4e8
RX # PAI1,TRAIN,1709,1290
TX PAI1,TRAIN,1710,1,bf92bd06bf06bf403f913f8ebf4dbf9dbf59bf683ef63f10*533b
RX # PAI1,TRAIN,1710,1289
TX PAI1,TRAIN,1711,4,bf34be83bef6bf2a3e70be87bf143ecfbd93be2fbdd43cd6*6a6a
RX # PAI1,TRAIN,1711,1289
TX PAI1,TRAIN,1712,4,3f453f813f4a3f77bfb2bf2ebe92bf00bd8dbe723e3dbe7b*29e3
RX # PAI1,TRAIN,1712,1290
TX PAI1,TRAIN,1713,3,bc9b40043ef03f5ebf38bf97beebbce33e693c113d87be82*760c
RX # PAI1,TRAIN,1713,1291
TX PAI1,TRAIN,1714,1,bf9bbfb5be01bf363f3d3f60bec4bf91bfa1bf853ebc3e99*4cd9
RX # PAI1,TRAIN,1714,1291
TX PAI1,TRAIN,1715,2,bf373f3d3ea23f253ee83f02401e3f9640044018bf29bbcc*4ea5
RX # PAI1,TRAIN,1715,1291
TX PAI1,TRAIN,1716,2,3fc53fe54046402dbf963f3e3f363fed3f833f6f3e2abebf*847c
RX # PAI1,TRAIN,1716,1291
TX PAI1,TRAIN,1717,1,bf563eb93ef33eb63f813f64bf6fbf93bf47bf683f6b3f45*99f8
RX # PAI1,TRAIN,1717,1289
TX PAI1,TRAIN,1718,1,bf8c3e65bf62bf523fab3f84bf89bf86bf64bf813f133f2f*b885
RX # PAI1,TRAIN,1718,1290
TX PAI1,TRAIN,1719,4,3f173fa03efc3f7bbd19bef1bea43c24bcd2be5a3eb63cb2*c16d
RX # PAI1,TRAIN,1719,1290
TX PAI1,TRAIN,1720,4,3f453f813f4a3f77bfb2bf2ebe92bf00bd8dbe723e3dbe7b*5f46
RX # PAI1,TRAIN,1720,1290
TX PAI1,TRAIN,1721,2,3dfabe9ebf99bf883e4e3fe33faa3fd63f263f79bf82bf18*31c0
RX # PAI1,TRAIN,1721,1289
TX PAI1,TRAIN,1722,3,bc9b40043ef03f5ebf38bf97beebbce33e693c113d87be82*8d69
RX # PAI1,TRAIN,1722,1291
TX PAI1,TRAIN,1723,3,3e183fbd3fcb3fc4bf26bfa03e3abec93e863e483e0cbea5*acba
RX # PAI1,TRAIN,1723,1291
TX PAI1,TRAIN,1724,3,3d033eb73f243e24bf81bf81bf52bef9be3cbecebe5abf1c*0392
RX # PAI1,TRAIN,1724,1290
TX PAI1,TRAIN,1725,3,3f87bd5abf2dbcae3f02bfb8bdf83f653e7a3e1b3f263f8b*a8ad
RX # PAI1,TRAIN,1725,1290
TX PAI1,TRAIN,1726,1,bf5dbe293f3f3ed73e873f31bf61bfdabf83bf883f423ed8*d227
RX # PAI1,TRAIN,1726,1290
TX PAI1,TRAIN,1727,4,3f9540493fa14005c004bf60beeabd583eb03d6b3e08bf21*e674
RX # PAI1,TRAIN,1727,1291
TX PAI1,TRAIN,1728,2,bfe5bf0bbf8abfbc3fe93fb13f983f6c3e853f3bbf82bf0d*79ef
RX # PAI1,TRAIN,1728,1291
TX PAI1,TRAIN,1729,1,bf9bbfb5be01bf363f3d3f60bec4bf91bfa1bf853ebc3e99*a0fe
RX # PAI1,TRAIN,1729,1293
TX PAI1,TRAIN,1730,1,bf20bf38bdffbf293dc23f8ebf46bfadbf1fbf403ed73f04*871f
RX # PAI1,TRAIN,1730,1293
TX PAI1,TRAIN,1731,3,be97bf7cbe99bf243d2bbf9ebc883e37bf1dbeea3f1a3f71*0d48
RX # PAI1,TRAIN,1731,1291
TX PAI1,TRAIN,1732,4,bf063f45bea9be873eacbe87be2a3f153e213e0abca73e1a*f688
RX # PAI1,TRAIN,1732,1293
TX PAI1,TRAIN,1733,4,bf34be83bef6bf2a3e70be87bf143ecfbd93be2fbdd43cd6*9333
RX # PAI1,TRAIN,1733,1288
TX PAI1,TRAIN,1734,2,3fc53fe54046402dbf963f3e3f363fed3f833f6f3e2abebf*7d25
RX # PAI1,TRAIN,1734,1290
TX PAI1,TRAIN,1735,1,bf92bd06bf06bf403f913f8ebf4dbf9dbf59bf683ef63f10*da83
RX # PAI1,TRAIN,1735,1291
TX PAI1,TRAIN,1736,4,bd90bedabf21bf3dbef4be7a3e9b3d96bd943d0cbe3f3d20*6204
RX # PAI1,TRAIN,1736,1293
TX PAI1,TRAIN,1737,1,bf09be9f3ee6bd88bb5a3edbbf99bfaabfbabfba3f513eff*e138
RX # PAI1,TRAIN,1737,1293
TX PAI1,TRAIN,1738,2,400ebf78bf893f13be5d3fc53fff3ffa3fe93ff3bf39bea8*0b28
RX # PAI1,TRAIN,1738,1291
TX PAI1,TRAIN,1739,4,3fa63d7f3f8d3f9ec011bf18bdb8beed3ee53e773e6abd10*c20b
RX # PAI1,TRAIN,1739,1290
TX PAI1,TRAIN,1740,3,3f733f873fbf3fc6bf3ebfa6bf8bbee8be9ebefc3e5cbf14*31b8
RX # PAI1,TRAIN,1740,1289
TX PAI1,TRAIN,1741,3,3e963f333fbd3fa0bf68bf9dbf32bec6be8abee03e54bee1*6e2f
RX # PAI1,TRAIN,1741,1290
TX PAI1,TRAIN,1742,1,bf563eb93ef33eb63f813f64bf6fbf93bf47bf683f6b3f45*8fd7
RX # PAI1,TRAIN,1742,1291
TX PAI1,TRAIN,1743,1,be86bee43f1d3e22bead3f0ebf98bfc3bf92bf9a3f5a3f18*d08c
RX # PAI1,TRAIN,1743,1292
TX PAI1,TRAIN,1744,1,bf62bf7c3ed7bc043ea13f49bf5abf93bf8abf8b3f493f1f*8a73
RX # PAI1,TRAIN,1744,1292
TX PAI1,TRAIN,1745,4,3e213f533f673f82bde8bee73dc93da43e753de73e56bd29*c2d1
RX # PAI1,TRAIN,1745,1292
TX PAI1,TRAIN,1746,2,4033bf6cc017bf603fbc3fd23f9e3fc53f563f83bf81bf21*b926
RX # PAI1,TRAIN,1746,1291
TX PAI1,TRAIN,1747,3,be9f3f75bed9bd0abdf4bf86bf52beadbeacbef1bd1ebe98*d99a
RX # PAI1,TRAIN,1747,1286
TX PAI1,TRAIN,1748,2,bff8bf53bff3c019401a3fcf3ff6bf0a40884061c0b5c0b9*526f
RX # PAI1,TRAIN,1748,1293
TX PAI1,TRAIN,1749,1,be19bf973f1a3db7be363e73bf9abf54bfa6bfa53f5e3f19*b868
RX # PAI1,TRAIN,1749,1293
TX PAI1,TRAIN,1750,2,bfa1bf38bf67bfc73fcd3fc53fb73f383d0a3f26bf95bf4b*f00c
RX # PAI1,TRAIN,1750,1291
TX PAI1,TRAIN,1751,4,3f6e3a53bf01be98be9dbee63e173ef6be4fbe4e3dfb3e51*5bec
RX # PAI1,TRAIN,1751,1289
TX PAI1,TRAIN,1752,2,bf97bfdbbe43bf133fc33f673fc23fbc3fbe3fd7beda3efa*788b
RX # PAI1,TRAIN,1752,1293
TX PAI1,TRAIN,1753,1,bf75bed5bd98be803f5a3f02bfaabfa9bf94bf9d3f323f03*8be5
RX # PAI1,TRAIN,1753,1289
TX PAI1,TRAIN,1754,3,3ee7c000bfcdbfb33f16bfab3ff43f553d2c3f303dfc3f91*fe9b
RX # PAI1,TRAIN,1754,1291
TX PAI1,TRAIN,1755,4,3d6d3ea63e1d3e923bb7beb83e9f3ee33e2e3dcbbcdcbddb*1276
RX # PAI1,TRAIN,1755,1290
TX PAI1,TRAIN,1756,2,bf373f3d3ea23f253ee83f02401e3f9640044018bf29bbcc*dcd7
RX # PAI1,TRAIN,1756,1290
TX PAI1,TRAIN,1757,1,bf2abec4bef9bf563eaf3f59bf72bf9ebf78bf873ef43f02*9fda
RX # PAI1,TRAIN,1757,1292
TX PAI1,TRAIN,1758,3,3ea4bf55bf9abf89bf4abf1c3fa53fab3f143f83bf0e3e15*784b
RX # PAI1,TRAIN,1758,1289
TX PAI1,TRAIN,1759,4,3e2d3eb5bc483d77bec0beedbdc43fa13e193e0b3df93e70*6afd
RX # PAI1,TRAIN,1759,1290
TX PAI1,TRAIN,1760,4,bbfb3ec1beabbe713ccbbe99be163ed4bdcdbe423e013e42*25a0
RX # PAI1,TRAIN,1760,1289
TX PAI1,TRAIN,1761,3,3ec4bf39bedabf17bfc7bf893f393e34bedabd873cc43e7e*c49e
RX # PAI1,TRAIN,1761,1291
TX PAI1,TRAIN,1762,3,3fbabf27be5d3decbdd6bf9abf163f72be94be8a3f473f80*f211
RX # PAI1,TRAIN,1762,1292
TX PAI1,TRAIN,1763,3,3f923e093f793f71bfe5bfb1bee3bf483e4ebd8c3ebc3e08*89bb
RX # PAI1,TRAIN,1763,1291
TX PAI1,TRAIN,1764,2,3dfabe9ebf99bf883e4e3fe33faa3fd63f263f79bf82bf18*a813
RX # PAI1,TRAIN,1764,1291
TX PAI1,TRAIN,1765,1,be86bee43f1d3e22bead3f0ebf98bfc3bf92bf9a3f5a3f18*d4f4
RX # PAI1,TRAIN,1765,1290
TX PAI1,TRAIN,1766,4,3f453f813f4a3f77bfb2bf2ebe92bf00bd8dbe723e3dbe7b*4b55
RX # PAI1,TRAIN,1766,1291
TX PAI1,TRAIN,1767,2,4033bf6cc017bf603fbc3fd23f9e3fc53f563f83bf81bf21*cdbf
RX # PAI1,TRAIN,1767,1291
TX PAI1,TRAIN,1768,3,3f87bd5abf2dbcae3f02bfb8bdf83f653e7a3e1b3f263f8b*db1d
RX # PAI1,TRAIN,1768,1291
TX PAI1,TRAIN,1769,2,bf97bfdbbe43bf133fc33f673fc23fbc3fbe3fd7beda3efa*9f0d
RX # PAI1,TRAIN,1769,1292
TX PAI1,TRAIN,1770,3,3d033eb73f243e24bf81bf81bf52bef9be3cbecebe5abf1c*6efd
RX # PAI1,TRAIN,1770,1290
TX PAI1,TRAIN,1771,3,3ec4bf39bedabf17bfc7bf893f393e34bedabd873cc43e7e*4b62
RX # PAI1,TRAIN,1771,1292
TX PAI1,TRAIN,1772,3,bc9b40043ef03f5ebf38bf97beebbce33e693c113d87be82*1d27
RX # PAI1,TRAIN,1772,1290
TX PAI1,TRAIN,1773,3,be97bf7cbe99bf243d2bbf9ebc883e37bf1dbeea3f1a3f71*e47a
RX # PAI1,TRAIN,1773,1291
TX PAI1,TRAIN,1774,3,3e963f333fbd3fa0bf68bf9dbf32bec6be8abee03e54bee1*686b
RX # PAI1,TRAIN,1774,1291
TX PAI1,TRAIN,1775,2,bf373f3d3ea23f253ee83f02401e3f9640044018bf29bbcc*5ece
RX # PAI1,TRAIN,1775,1292
TX PAI1,TRAIN,1776,1,bf92bd06bf06bf403f913f8ebf4dbf9dbf59bf683ef63f10*48f1
RX # PAI1,TRAIN,1776,1291
TX PAI1,TRAIN,1777,2,bfa1bf38bf67bfc73fcd3fc53fb73f383d0a3f26bf95bf4b*8f34
RX # PAI1,TRAIN,1777,1291
TX PAI1,TRAIN,1778,1,bf2abec4bef9bf563eaf3f59bf72bf9ebf78bf873ef43f02*0a81
RX # PAI1,TRAIN,1778,1293
TX PAI1,TRAIN,1779,1,bf20bf38bdffbf293dc23f8ebf46bfadbf1fbf403ed73f04*098e
RX # PAI1,TRAIN,1779,1291
TX PAI1,TRAIN,1780,1,bf62bf7c3ed7bc043ea13f49bf5abf93bf8abf8b3f493f1f*5784
RX # PAI1,TRAIN,1780,1291
TX PAI1,TRAIN,1781,4,bf063f45bea9be873eacbe87be2a3f153e213e0abca73e1a*c409
RX # PAI1,TRAIN,1781,1291
TX PAI1,TRAIN,1782,3,3fbabf27be5d3decbdd6bf9abf163f72be94be8a3f473f80*dd1e
RX # PAI1,TRAIN,1782,1292
TX PAI1,TRAIN,1783,1,bf09be9f3ee6bd88bb5a3edbbf99bfaabfbabfba3f513eff*a358
RX # PAI1,TRAIN,1783,1291
TX PAI1,TRAIN,1784,1,bf563eb93ef33eb63f813f64bf6fbf93bf47bf683f6b3f45*a4a0
RX # PAI1,TRAIN,1784,1292
TX PAI1,TRAIN,1785,4,3e213f533f673f82bde8bee73dc93da43e753de73e56bd29*e207
RX # PAI1,TRAIN,1785,1291
TX PAI1,TRAIN,1786,2,bfe5bf0bbf8abfbc3fe93fb13f983f6c3e853f3bbf82bf0d*a890
RX # PAI1,TRAIN,1786,1293
TX PAI1,TRAIN,1787,2,3fc53fe54046402dbf963f3e3f363fed3f833f6f3e2abebf*4fa4
RX # PAI1,TRAIN,1787,1291
TX PAI1,TRAIN,1788,4,bd90bedabf21bf3dbef4be7a3e9b3d96bd943d0cbe3f3d20*3c87
RX # PAI1,TRAIN,1788,1291
TX PAI1,TRAIN,1789,4,3f6e3a53bf01be98be9dbee63e173ef6be4fbe4e3dfb3e51*1ea5
RX # PAI1,TRAIN,1789,1287
TX PAI1,TRAIN,1790,4,bf34be83bef6bf2a3e70be87bf143ecfbd93be2fbdd43cd6*2e4e
RX # PAI1,TRAIN,1790,1286
TX PAI1,TRAIN,1791,4,3fa63d7f3f8d3f9ec011bf18bdb8beed3ee53e773e6abd10*18d5
RX # PAI1,TRAIN,1791,1289
TX PAI1,TRAIN,1792,4,3f173fa03efc3f7bbd19bef1bea43c24bcd2be5a3eb63cb2*99aa
RX # PAI1,TRAIN,1792,1291
TX PAI1,TRAIN,1793,1,be19bf973f1a3db7be363e73bf9abf54bfa6bfa53f5e3f19*0ba1
RX # PAI1,TRAIN,1793,1290
TX PAI1,TRAIN,1794,3,3f923e093f793f71bfe5bfb1bee3bf483e4ebd8c3ebc3e08*59a9
RX # PAI1,TRAIN,1794,1293
TX PAI1,TRAIN,1795,4,3f9540493fa14005c004bf60beeabd583eb03d6b3e08bf21*afb5
RX # PAI1,TRAIN,1795,1285
TX PAI1,TRAIN,1796,1,bf75bed5bd98be803f5a3f02bfaabfa9bf94bf9d3f323f03*2d52
RX # PAI1,TRAIN,1796,1291
TX PAI1,TRAIN,1797,3,3e183fbd3fcb3fc4bf26bfa03e3abec93e863e483e0cbea5*eeda
RX # PAI1,TRAIN,1797,1287
TX PAI1,TRAIN,1798,4,bbfb3ec1beabbe713ccbbe99be163ed4bdcdbe423e013e42*6f30
RX # PAI1,TRAIN,1798,1293
TX PAI1,TRAIN,1799,4,3e2d3eb5bc483d77bec0beedbdc43fa13e193e0b3df93e70*4a2b
RX # PAI1,TRAIN,1799,1288
TX PAI1,TRAIN,1800,3,3f733f873fbf3fc6bf3ebfa6bf8bbee8be9ebefc3e5cbf14*68e0
RX # PAI1,TRAIN,1800,1291
TX PAI1,TRAIN,1801,3,3ea4bf55bf9abf89bf4abf1c3fa53fab3f143f83bf0e3e15*3fcc
RX # PAI1,TRAIN,1801,1290
TX PAI1,TRAIN,1802,1,bf5dbe293f3f3ed73e873f31bf61bfdabf83bf883f423ed8*6635
RX # PAI1,TRAIN,1802,1288
TX PAI1,TRAIN,1803,1,bf9bbfb5be01bf363f3d3f60bec4bf91bfa1bf853ebc3e99*f52e
RX # PAI1,TRAIN,1803,1291
TX PAI1,TRAIN,1804,2,400ebf78bf893f13be5d3fc53fff3ffa3fe93ff3bf39bea8*daa5
RX # PAI1,TRAIN,1804,1290
TX PAI1,TRAIN,1805,3,3ee7c000bfcdbfb33f16bfab3ff43f553d2c3f303dfc3f91*537f
RX # PAI1,TRAIN,1805,1291
TX PAI1,TRAIN,1806,1,bf8c3e65bf62bf523fab3f84bf89bf86bf64bf813f133f2f*9051
RX # PAI1,TRAIN,1806,1286
TX PAI1,TRAIN,1807,4,3d6d3ea63e1d3e923bb7beb83e9f3ee33e2e3dcbbcdcbddb*3252
RX # PAI1,TRAIN,1807,1286
TX PAI1,TRAIN,1808,2,bff8bf53bff3c019401a3fcf3ff6bf0a40884061c0b5c0b9*0b37
RX # PAI1,TRAIN,1808,1291
TX PAI1,TRAIN,1809,3,be9f3f75bed9bd0abdf4bf86bf52beadbeacbef1bd1ebe98*6100
RX # PAI1,TRAIN,1809,1290
TX PAI1,TRAIN,1810,3,3d033eb73f243e24bf81bf81bf52bef9be3cbecebe5abf1c*387c
RX # PAI1,TRAIN,1810,1289
TX PAI1,TRAIN,1811,4,3f9540493fa14005c004bf60beeabd583eb03d6b3e08bf21*2b1a
RX # PAI1,TRAIN,1811,1288
TX PAI1,TRAIN,1812,4,bf34be83bef6bf2a3e70be87bf143ecfbd93be2fbdd43cd6*a140
RX # PAI1,TRAIN,1812,1291
TX PAI1,TRAIN,1813,1,bf563eb93ef33eb63f813f64bf6fbf93bf47bf683f6b3f45*2233
RX # PAI1,TRAIN,1813,1293
TX PAI1,TRAIN,1814,3,be97bf7cbe99bf243d2bbf9ebc883e37bf1dbeea3f1a3f71*c21a
RX # PAI1,TRAIN,1814,1291
TX PAI1,TRAIN,1815,1,bf9bbfb5be01bf363f3d3f60bec4bf91bfa1bf853ebc3e99*7173
RX # PAI1,TRAIN,1815,1293
TX PAI1,TRAIN,1816,1,bf62bf7c3ed7bc043ea13f49bf5abf93bf8abf8b3f493f1f*aa57
RX # PAI1,TRAIN,1816,1292
TX PAI1,TRAIN,1817,1,bf8c3e65bf62bf523fab3f84bf89bf86bf64bf813f133f2f*64ed
RX # PAI1,TRAIN,1817,1293
TX PAI1,TRAIN,1818,3,bc9b40043ef03f5ebf38bf97beebbce33e693c113d87be82*5745
RX # PAI1,TRAIN,1818,1289
TX PAI1,TRAIN,1819,2,4033bf6cc017bf603fbc3fd23f9e3fc53f563f83bf81bf21*f500
RX # PAI1,TRAIN,1819,1292
TX PAI1,TRAIN,1820,3,be9f3f75bed9bd0abdf4bf86bf52beadbeacbef1bd1ebe98*fffa
RX # PAI1,TRAIN,1820,1291
TX PAI1,TRAIN,1821,3,3ec4bf39bedabf17bfc7bf893f393e34bedabd873cc43e7e*9dc6
RX # PAI1,TRAIN,1821,1289
TX PAI1,TRAIN,1822,4,3d6d3ea63e1d3e923bb7beb83e9f3ee33e2e3dcbbcdcbddb*bbea
RX # PAI1,TRAIN,1822,1293
TX PAI1,TRAIN,1823,3,3f87bd5abf2dbcae3f02bfb8bdf83f653e7a3e1b3f263f8b*e5e6
RX # PAI1,TRAIN,1823,1291
TX PAI1,TRAIN,1824,1,be86bee43f1d3e22bead3f0ebf98bfc3bf92bf9a3f5a3f18*f6ec
RX # PAI1,TRAIN,1824,1292
TX PAI1,TRAIN,1825,1,bf92bd06bf06bf403f913f8ebf4dbf9dbf59bf683ef63f10*1395
RX # PAI1,TRAIN,1825,1291
TX PAI1,TRAIN,1826,1,bf20bf38bdffbf293dc23f8ebf46bfadbf1fbf403ed73f04*45a8
RX # PAI1,TRAIN,1826,1292
TX PAI1,TRAIN,1827,3,3fbabf27be5d3decbdd6bf9abf163f72be94be8a3f473f80*2d28
RX # PAI1,TRAIN,1827,1293
TX PAI1,TRAIN,1828,3,3f733f873fbf3fc6bf3ebfa6bf8bbee8be9ebefc3e5cbf14*8d5a
RX # PAI1,TRAIN,1828,1292
TX PAI1,TRAIN,1829,1,bf75bed5bd98be803f5a3f02bfaabfa9bf94bf9d3f323f03*4e7b
RX # PAI1,TRAIN,1829,1292
TX PAI1,TRAIN,1830,4,bd90bedabf21bf3dbef4be7a3e9b3d96bd943d0cbe3f3d20*2f4f
RX # PAI1,TRAIN,1830,1292
TX PAI1,TRAIN,1831,3,3e963f333fbd3fa0bf68bf9dbf32bec6be8abee03e54bee1*b752
RX # PAI1,TRAIN,1831,1292
TX PAI1,TRAIN,1832,2,3dfabe9ebf99bf883e4e3fe33faa3fd63f263f79bf82bf18*7516
RX # PAI1,TRAIN,1832,1292
TX PAI1,TRAIN,1833,3,3ea4bf55bf9abf89bf4abf1c3fa53fab3f143f83bf0e3e15*4969
RX # PAI1,TRAIN,1833,1292
TX PAI1,TRAIN,1834,4,3f453f813f4a3f77bfb2bf2ebe92bf00bd8dbe723e3dbe7b*6b71
RX # PAI1,TRAIN,1834,1291
TX PAI1,TRAIN,1835,4,3e2d3eb5bc483d77bec0beedbdc43fa13e193e0b3df93e70*2b3e
RX # PAI1,TRAIN,1835,1291
TX PAI1,TRAIN,1836,4,3f173fa03efc3f7bbd19bef1bea43c24bcd2be5a3eb63cb2*12dc
RX # PAI1,TRAIN,1836,1291
TX PAI1,TRAIN,1837,3,3ee7c000bfcdbfb33f16bfab3ff43f553d2c3f303dfc3f91*25da
RX # PAI1,TRAIN,1837,1292
TX PAI1,TRAIN,1838,3,3f923e093f793f71bfe5bfb1bee3bf483e4ebd8c3ebc3e08*38bc
RX # PAI1,TRAIN,1838,1288
TX PAI1,TRAIN,1839,4,3fa63d7f3f8d3f9ec011bf18bdb8beed3ee53e773e6abd10*84e1
RX # PAI1,TRAIN,1839,1292
TX PAI1,TRAIN,1840,2,bf97bfdbbe43bf133fc33f673fc23fbc3fbe3fd7beda3efa*471d
RX # PAI1,TRAIN,1840,1292
TX PAI1,TRAIN,1841,4,3f6e3a53bf01be98be9dbee63e173ef6be4fbe4e3dfb3e51*92fa
RX # PAI1,TRAIN,1841,1289
TX PAI1,TRAIN,1842,4,bf063f45bea9be873eacbe87be2a3f153e213e0abca73e1a*2ff5
RX # PAI1,TRAIN,1842,1289
TX PAI1,TRAIN,1843,1,bf2abec4bef9bf563eaf3f59bf72bf9ebf78bf873ef43f02*abed
RX # PAI1,TRAIN,1843,1291
TX PAI1,TRAIN,1844,1,be19bf973f1a3db7be363e73bf9abf54bfa6bfa53f5e3f19*9280
RX # PAI1,TRAIN,1844,1293
TX PAI1,TRAIN,1845,4,3e213f533f673f82bde8bee73dc93da43e753de73e56bd29*843b
RX # PAI1,TRAIN,1845,1290
TX PAI1,TRAIN,1846,2,bf373f3d3ea23f253ee83f02401e3f9640044018bf29bbcc*15c1
RX # PAI1,TRAIN,1846,1292
TX PAI1,TRAIN,1847,2,400ebf78bf893f13be5d3fc53fff3ffa3fe93ff3bf39bea8*48d7
RX # PAI1,TRAIN,1847,1293
TX PAI1,TRAIN,1848,2,bff8bf53bff3c019401a3fcf3ff6bf0a40884061c0b5c0b9*1485
RX # PAI1,TRAIN,1848,1288
TX PAI1,TRAIN,1849,2,bfa1bf38bf67bfc73fcd3fc53fb73f383d0a3f26bf95bf4b*a839
RX # PAI1,TRAIN,1849,1293
TX PAI1,TRAIN,1850,2,3fc53fe54046402dbf963f3e3f363fed3f833f6f3e2abebf*d685
RX # PAI1,TRAIN,1850,1293
TX PAI1,TRAIN,1851,2,bfe5bf0bbf8abfbc3fe93fb13f983f6c3e853f3bbf82bf0d*31b1
RX # PAI1,TRAIN,1851,1291
TX PAI1,TRAIN,1852,1,bf5dbe293f3f3ed73e873f31bf61bfdabf83bf883f423ed8*f67b
RX # PAI1,TRAIN,1852,1293
TX PAI1,TRAIN,1853,1,bf09be9f3ee6bd88bb5a3edbbf99bfaabfbabfba3f513eff*4a98
RX # PAI1,TRAIN,1853,1293
TX PAI1,TRAIN,1854,3,3e183fbd3fcb3fc4bf26bfa03e3abec93e863e483e0cbea5*0526
RX # PAI1,TRAIN,1854,1292
TX PAI1,TRAIN,1855,4,bbfb3ec1beabbe713ccbbe99be163ed4bdcdbe423e013e42*650e
RX # PAI1,TRAIN,1855,1292
TX PAI1,PREDICT,1856,3d49bea23f943f913e5e3e20bfa9bf84bfa8bfae3f9f3f33*cef4
RX # PAI1,PREDICT,1856,106,3f57,3c28,bda4,3e69
TX PAI1,PREDICT,1857,bf77bf1e3e85be003f0d3f63bf84bf79bf87bf8d3f1f3ed5*816a
RX # PAI1,PREDICT,1857,108,3f80,3dca,be1b,3d54
TX PAI1,PREDICT,1858,beb4bf5f3f723f1cbe9e3f04bf9dbf85bfa2bfa93f703ef2*e829
RX # PAI1,PREDICT,1858,107,3f67,3cc0,bce0,3dde
TX PAI1,PREDICT,1859,bf98bfb8bf12bf9e3f013f96bfb3bfc0bfa3bfaf3ec93ec5*ea48
RX # PAI1,PREDICT,1859,106,3f8b,bdb8,bd80,3daa
TX PAI1,PREDICT,1860,bff7bd80bf91bfdd400f3fe4401d3f8b3eec3fb6bfb7bf34*2dc4
RX # PAI1,PREDICT,1860,108,bb30,3f7a,be13,3e29
TX PAI1,PREDICT,1861,c00fbf0dbfd2c00540193fd23fa73f993f3a3f63bf97bef2*74dc
RX # PAI1,PREDICT,1861,107,3d1c,3f62,bd60,3e01
TX PAI1,PREDICT,1862,c00dbed9c005c01c3ff93fdc401a3f313dca3fb0bfbebf06*6475
RX # PAI1,PREDICT,1862,108,3d41,3f69,3e1e,bd8a
TX PAI1,PREDICT,1863,3f363f023f3f3f7dbfa3bf94bef7be223ee83e333df9be06*913f
RX # PAI1,PREDICT,1863,107,bd89,3c9a,3f24,3ed2
TX PAI1,PREDICT,1864,3f6b3d133f9a3fb2bff9bfa03f093f7d3f333f263dacbdd3*50f5
RX # PAI1,PREDICT,1864,108,be9f,3daa,3ecc,3f47
TX PAI1,PREDICT,1865,3f47bfccbf5abf9ebd71bfa3bf453dc4bebcbee33f413fb7*ad36
RX # PAI1,PREDICT,1865,108,3e4c,bde4,3f72,3b40
TX PAI1,PREDICT,1866,bf05bf2c3eb4bf2b3ee2bf89bf0fbe8abef1bef23f1c3f76*0d33
RX # PAI1,PREDICT,1866,108,3e8c,be5c,3f7c,bd48
TX PAI1,PREDICT,1867,3ec63fcd3f423f85bf24beffbf21beb5be2fbea43eb5bd83*9ad5
RX # PAI1,PREDICT,1867,108,3e38,bd02,3e86,3f18
TX PAI1,PREDICT,1868,3e5440913f9a401cbf6ebf92be9f3f813e463debbe63bfa6*1716
RX # PAI1,PREDICT,1868,108,be22,3ec7,3ea2,3ef4
TX PAI1,PREDICT,1869,3f3c3f403de53f01bf63bf0fbca7bdbd3e293d563bdbbe30*f011
RX # PAI1,PREDICT,1869,108,bc36,3ddb,3ec5,3f08
TX PAI1,INIT,1870,12,32,1,1*bf36
RX # PAI1,INIT,1870,12,32,4
TX PAI1,TRAIN,1871,1,be80bf493f6c3f11bea53ef8bf92bf88bfa4bfa83f753efa*4e66
RX # PAI1,TRAIN,1871,1293
TX PAI1,TRAIN,1872,2,c004bf00bfcfbfec400c3fc83f9f3f9f3f523f6ebf9fbf05*3bee
RX # PAI1,TRAIN,1872,1292
TX PAI1,TRAIN,1873,1,bf3ebe223f3a3ecb3e593f27bf4fbfe0bf83bf863f463ede*77ca
RX # PAI1,TRAIN,1873,1292
TX PAI1,TRAIN,1874,2,bfe3bd8bbf90bfc340033fd940153f903f0a3fbcbfbfbf44*fe86
RX # PAI1,TRAIN,1874,1292
TX PAI1,TRAIN,1875,3,3f8ebd75bf2d3afb3ee2bfb3bdc73f6d3ea03e3b3f293f92*adb9
RX # PAI1,TRAIN,1875,1292
TX PAI1,TRAIN,1876,3,3eccbf40bf98bf71bf45bf193f9d3fb13f2b3f89bf173e0f*2d09
RX # PAI1,TRAIN,1876,1292
TX PAI1,TRAIN,1877,2,3fca3fc84043401dbf903f333f2f3ff53f913f7a3e22bed4*be89
RX # PAI1,TRAIN,1877,1292
TX PAI1,TRAIN,1878,3,3eebbf27bedabf02bfbebf863f323e40becabd1b3c333e7e*a93d
RX # PAI1,TRAIN,1878,1292
TX PAI1,TRAIN,1879,4,3e153e8c3e133e8dbcf1beb93e9d3eed3e703e04bd2bbe05*f985
RX # PAI1,TRAIN,1879,1289
TX PAI1,TRAIN,1880,4,3cbabec8bf21bf24bef6be7f3e9a3da7bcaf3d82be553cd2*fa69
RX # PAI1,TRAIN,1880,1292
TX PAI1,TRAIN,1881,2,bf86bfc3be48befe3fb23f5a3fb83fc23fd03fdebee93f01*975a
RX # PAI1,TRAIN,1881,1288
TX PAI1,TRAIN,1882,3,3f06bfe4bfcbbf9d3f03bfa63fe73f5d3dcc3f393de93f99*e365
RX # PAI1,TRAIN,1882,1293
TX PAI1,TRAIN,1883,2,4032bf53c015bf443fab3fc83f963fcc3f713f88bf87bf30*e201
RX # PAI1,TRAIN,1883,1290
TX PAI1,TRAIN,1884,1,be26bed03f193e27beb43f05bf8dbfc8bf93bf983f5e3f1e*b9b1
RX # PAI1,TRAIN,1884,1289
TX PAI1,TRAIN,1885,3,3df93e9b3f203e28bf79bf7dbf41befdbe0ebec2be71bf2a*66b2
RX # PAI1,TRAIN,1885,1287
TX PAI1,TRAIN,1886,4,3f4c3f263dd23ef3bf5dbf0ebb29bdb73e6b3da7bbe3be4c*6f22
RX # PAI1,TRAIN,1886,1293
TX PAI1,TRAIN,1887,3,3ebf3f1b3fb93f92bf62bf99bf23bec9be6bbed43e4ebef8*c27c
RX # PAI1,TRAIN,1887,1291
TX PAI1,TRAIN,1888,1,bf0dbeb4bef8bf3a3e923f4dbf5fbfa1bf77bf853ef63f07*f08e
RX # PAI1,TRAIN,1888,1293
TX PAI1,TRAIN,1889,4,3f7dbc45bf01be7bbea5bee53e1f3f00be22be333de83e4e*82ce
RX # PAI1,TRAIN,1889,1293
TX PAI1,TRAIN,1890,3,3f463ee03f3a3f68bf9dbf90bee0be213f083e533de6be1f*84a1
RX # PAI1,TRAIN,1890,1292
TX PAI1,TRAIN,1891,1,bf43bf623ecf3c613e843f3dbf49bf96bf8abf893f4c3f25*9230
RX # PAI1,TRAIN,1891,1293
TX PAI1,TRAIN,1892,2,bfe3bf3ebff1c008400d3fc53fe9bf0c40914066c0bcc0c6*a334
RX # PAI1,TRAIN,1892,1290
TX PAI1,TRAIN,1893,4,3e783f373f623f6ebe10bee63ddf3db53e9d3e123e50bd76*7bcb
RX # PAI1,TRAIN,1893,1293
TX PAI1,TRAIN,1894,1,3e0dbe953f903f843e2c3e0bbf9dbf87bfaabfad3fa33f3b*9734
RX # PAI1,TRAIN,1894,1292
TX PAI1,TRAIN,1895,4,3e823e9abc9f3d99bec5beebbd973fa63e5a3e2a3de63e6f*bc1c
RX # PAI1,TRAIN,1895,1288
TX PAI1,TRAIN,1896,2,400fbf5fbf873f09be723fbb3ff240013ffd3ffabf43bebb*b961
RX # PAI1,TRAIN,1896,1292
TX PAI1,TRAIN,1897,1,bf57bf0f3e80bdbb3ef53f56bf75bf7fbf88bf8b3f223eda*5976
RX # PAI1,TRAIN,1897,1293
TX PAI1,TRAIN,1898,3,3f983dd93f733f5dbfdabfacbecdbf4c3e89bd263ebb3e00*d98a
RX # PAI1,TRAIN,1898,1291
TX PAI1,TRAIN,1899,2,3e55be93bf97bf6f3e1d3fd83fa23fdd3f3d3f82bf89bf26*c8b2
RX # PAI1,TRAIN,1899,1287
TX PAI1,TRAIN,1900,2,bfd1befdbf89bfa63fd53fa83f913f743ea93f45bf88bf1a*3066
RX # PAI1,TRAIN,1900,1292
TX PAI1,TRAIN,1901,1,bf55bec3bda5be503f433ef2bf9ebfadbf95bf9b3f353f08*9ca3
RX # PAI1,TRAIN,1901,1293
TX PAI1,TRAIN,1902,3,3fbfbf17be613dfebe07bf96bf093f7bbe80be7b3f4b3f86*218d
RX # PAI1,TRAIN,1902,1287
TX PAI1,TRAIN,1903,4,bed53f2bbeaabe5c3e8fbe8abe0e3f1b3e623e29bd0f3e14*e795
RX # PAI1,TRAIN,1903,1289
TX PAI1,TRAIN,1904,2,bf193f243e9c3f193ec73ef340163f9b400f401cbf33bcb9*ee02
RX # PAI1,TRAIN,1904,1292
TX PAI1,TRAIN,1905,3,3f803f6c3fbb3fb4bf3bbfa1bf80beebbe8abef13e56bf21*a726
RX # PAI1,TRAIN,1905,1292
TX PAI1,TRAIN,1906,4,3fac3d2d3f8a3f90c009bf16bd8bbef13f073e8c3e65bd5b*de88
RX # PAI1,TRAIN,1906,1292
TX PAI1,TRAIN,1907,4,3f293f8c3ef43f66bd8ebef0be923c853ce6be403eb53bec*1869
RX # PAI1,TRAIN,1907,1293
TX PAI1,TRAIN,1908,1,bedbbe933edfbd1ebd1b3eccbf8dbfaebfbdbfb93f553f04*26c9
RX # PAI1,TRAIN,1908,1292
TX PAI1,TRAIN,1909,3,bed2bf1b3eadbf143ec2bf86bf02be8bbee2bee63f1f3f81*6b47
RX # PAI1,TRAIN,1909,1290
TX PAI1,TRAIN,1910,1,bf783e3ebf61bf363f9b3f7bbf7ebf89bf62bf7e3f153f36*82cc
RX # PAI1,TRAIN,1910,1292
TX PAI1,TRAIN,1911,1,bf373e9d3eeb3ead3f683f57bf5cbf97bf44bf643f703f4e*6a57
RX # PAI1,TRAIN,1911,1288
TX PAI1,TRAIN,1912,1,bf87bfa4bf11bf8b3edf3f8fbfa6bfc4bfa5bfad3ec93eca*1d26
RX # PAI1,TRAIN,1912,1293
TX PAI1,TRAIN,1913,2,c002bec7c004c00b3fe43fd240123f383e233fb6bfc7bf13*6791
RX # PAI1,TRAIN,1913,1287
TX PAI1,TRAIN,1914,1,bf03bf26be05bf123d5d3f87bf36bfb1bf1abf3b3ed83f09*d5b4
RX # PAI1,TRAIN,1914,1290
TX PAI1,TRAIN,1915,3,be563f55bedabc16be15bf83bf41beafbe99bee5bd5dbeab*f4f1
RX # PAI1,TRAIN,1915,1285
TX PAI1,TRAIN,1916,4,3f9b40313f9e3ff1bffbbf5bbed3bd453ed63db23dfebf30*03cb
RX # PAI1,TRAIN,1916,1289
TX PAI1,TRAIN,1917,3,3f57bfb6bf59bf8bbdb7bf9fbf353dd6beabbed73f453fc1*84e0
RX # PAI1,TRAIN,1917,1288
TX PAI1,TRAIN,1918,4,3eed3fb33f3e3f75bf22befdbf13beb7be01be973eb4bdad*a2ba
RX # PAI1,TRAIN,1918,1291
TX PAI1,TRAIN,1919,4,3daa3ea4beacbe42bc3dbe9abdf93eddbd4fbe273def3e3e*07db
RX # PAI1,TRAIN,1919,1292
TX PAI1,TRAIN,1920,3,be46bf62be9abf0d3b90bf9a3a793e43bf18bedf3f1c3f7d*24c4
RX # PAI1,TRAIN,1920,1287
TX PAI1,TRAIN,1921,4,bf16be75bef6bf133e3cbe8abf073ed7bcabbe14bdf93c43*5d49
RX # PAI1,TRAIN,1921,1293
TX PAI1,TRAIN,1922,4,3f553f623f453f63bfaabf2bbe81bf02bc90be583e36be8e*43c9
RX # PAI1,TRAIN,1922,1290
TX PAI1,TRAIN,1923,3,3e6f3fa53fc63fb2bf24bf9c3e40becc3eaa3e683e03beb9*5f32
RX # PAI1,TRAIN,1923,1289
TX PAI1,TRAIN,1924,3,3f7a3c9b3f963fa2bfedbf9b3f053f833f4b3f303d96be01*5b24
RX # PAI1,TRAIN,1924,1291
TX PAI1,TRAIN,1925,1,bf81bd2bbf06bf273f833f86bf3dbfa1bf57bf643ef83f15*0e98
RX # PAI1,TRAIN,1925,1292
TX PAI1,TRAIN,1926,2,bf90bf25bf65bfaf3fbb3fbb3fae3f3f3dba3f30bf9cbf5d*0507
RX # PAI1,TRAIN,1926,1291
TX PAI1,TRAIN,1927,1,bd5abf873f163dcfbe4e3e5bbf8fbf59bfa8bfa43f623f1f*1a65
RX # PAI1,TRAIN,1927,1292
TX PAI1,TRAIN,1928,4,3e94407f3f96400dbf67bf8ebe8d3f863e853e15be7abfb3*53a4
RX # PAI1,TRAIN,1928,1292
TX PAI1,TRAIN,1929,3,3d933fe83ee93f4cbf35bf93bed5bcb93e973d1b3d61be93*936e
RX # PAI1,TRAIN,1929,1287
TX PAI1,TRAIN,1930,1,bf8abfa1be07bf1d3f273f53beb0bf94bfa3bf833ebc3e9b*4c07
RX # PAI1,TRAIN,1930,1292
TX PAI1,TRAIN,1931,4,bed53f2bbeaabe5c3e8fbe8abe0e3f1b3e623e29bd0f3e14*9130
RX # PAI1,TRAIN,1931,1293
TX PAI1,TRAIN,1932,3,3fbfbf17be613dfebe07bf96bf093f7bbe80be7b3f4b3f86*a1a8
RX # PAI1,TRAIN,1932,1293
TX PAI1,TRAIN,1933,1,bd5abf873f163dcfbe4e3e5bbf8fbf59bfa8bfa43f623f1f*68b8
RX # PAI1,TRAIN,1933,1293
TX PAI1,TRAIN,1934,3,be563f55bedabc16be15bf83bf41beafbe99bee5bd5dbeab*8068
RX # PAI1,TRAIN,1934,1288
TX PAI1,TRAIN,1935,2,400fbf5fbf873f09be723fbb3ff240013ffd3ffabf43bebb*987b
RX # PAI1,TRAIN,1935,1289
TX PAI1,TRAIN,1936,3,3f7a3c9b3f963fa2bfedbf9b3f053f833f4b3f303d96be01*2258
RX # PAI1,TRAIN,1936,1287
TX PAI1,TRAIN,1937,4,3cbabec8bf21bf24bef6be7f3e9a3da7bcaf3d82be553cd2*a9ae
RX # PAI1,TRAIN,1937,1288
TX PAI1,TRAIN,1938,2,bfe3bd8bbf90bfc340033fd940153f903f0a3fbcbfbfbf44*6a11
RX # PAI1,TRAIN,1938,1292
TX PAI1,TRAIN,1939,1,3e0dbe953f903f843e2c3e0bbf9dbf87bfaabfad3fa33f3b*57ec
RX # PAI1,TRAIN,1939,1292
TX PAI1,TRAIN,1940,1,bf373e9d3eeb3ead3f683f57bf5cbf97bf44bf643f703f4e*8159
RX # PAI1,TRAIN,1940,1287
TX PAI1,TRAIN,1941,3,3eccbf40bf98bf71bf45bf193f9d3fb13f2b3f89bf173e0f*41aa
RX # PAI1,TRAIN,1941,1288
TX PAI1,TRAIN,1942,2,bfe3bf3ebff1c008400d3fc53fe9bf0c40914066c0bcc0c6*9079
RX # PAI1,TRAIN,1942,1291
TX PAI1,TRAIN,1943,1,bf43bf623ecf3c613e843f3dbf49bf96bf8abf893f4c3f25*57fd
RX # PAI1,TRAIN,1943,1288
TX PAI1,TRAIN,1944,1,be26bed03f193e27beb43f05bf8dbfc8bf93bf983f5e3f1e*0500
RX # PAI1,TRAIN,1944,1292
TX PAI1,TRAIN,1945,4,3daa3ea4beacbe42bc3dbe9abdf93eddbd4fbe273def3e3e*80d7
RX # PAI1,TRAIN,1945,1290
TX PAI1,TRAIN,1946,4,3e823e9abc9f3d99bec5beebbd973fa63e5a3e2a3de63e6f*0291
RX # PAI1,TRAIN,1946,1291
TX PAI1,TRAIN,1947,2,bf90bf25bf65bfaf3fbb3fbb3fae3f3f3dba3f30bf9cbf5d*6e2c
RX # PAI1,TRAIN,1947,1291
TX PAI1,TRAIN,1948,4,bf16be75bef6bf133e3cbe8abf073ed7bcabbe14bdf93c43*dc01
RX # PAI1,TRAIN,1948,1286
TX PAI1,TRAIN,1949,1,bf8abfa1be07bf1d3f273f53beb0bf94bfa3bf833ebc3e9b*42b3
RX # PAI1,TRAIN,1949,1292
TX PAI1,TRAIN,1950,1,bf55bec3bda5be503f433ef2bf9ebfadbf95bf9b3f353f08*77ad
RX # PAI1,TRAIN,1950,1287
TX PAI1,TRAIN,1951,2,bfd1befdbf89bfa63fd53fa83f913f743ea93f45bf88bf1a*db68
RX # PAI1,TRAIN,1951,1288
TX PAI1,TRAIN,1952,4,3f553f623f453f63bfaabf2bbe81bf02bc90be583e36be8e*dc5e
RX # PAI1,TRAIN,1952,1289
TX PAI1,TRAIN,1953,3,bed2bf1b3eadbf143ec2bf86bf02be8bbee2bee63f1f3f81*e7ea
RX # PAI1,TRAIN,1953,1287
TX PAI1,TRAIN,1954,4,3e94407f3f96400dbf67bf8ebe8d3f863e853e15be7abfb3*db71
RX # PAI1,TRAIN,1954,1291
TX PAI1,TRAIN,1955,1,bf81bd2bbf06bf273f833f86bf3dbfa1bf57bf643ef83f15*910f
RX # PAI1,TRAIN,1955,1286
TX PAI1,TRAIN,1956,2,3e55be93bf97bf6f3e1d3fd83fa23fdd3f3d3f82bf89bf26*ee81
RX # PAI1,TRAIN,1956,1289
TX PAI1,TRAIN,1957,1,bf87bfa4bf11bf8b3edf3f8fbfa6bfc4bfa5bfad3ec93eca*84f5
RX # PAI1,TRAIN,1957,1287
TX PAI1,TRAIN,1958,2,c002bec7c004c00b3fe43fd240123f383e233fb6bfc7bf13*1f80
RX # PAI1,TRAIN,1958,1288
TX PAI1,TRAIN,1959,1,bf3ebe223f3a3ecb3e593f27bf4fbfe0bf83bf863f463ede*f897
RX # PAI1,TRAIN,1959,1287
TX PAI1,TRAIN,1960,2,3fca3fc84043401dbf903f333f2f3ff53f913f7a3e22bed4*ddf3
RX # PAI1,TRAIN,1960,1290
TX PAI1,TRAIN,1961,1,bedbbe933edfbd1ebd1b3eccbf8dbfaebfbdbfb93f553f04*a781
RX # PAI1,TRAIN,1961,1289
TX PAI1,TRAIN,1962,3,3f06bfe4bfcbbf9d3f03bfa63fe73f5d3dcc3f393de93f99*500d
RX # PAI1,TRAIN,1962,1289
TX PAI1,TRAIN,1963,4,3f9b40313f9e3ff1bffbbf5bbed3bd453ed63db23dfebf30*1a3d
RX # PAI1,TRAIN,1963,1291
TX PAI1,TRAIN,1964,3,3f463ee03f3a3f68bf9dbf90bee0be213f083e533de6be1f*4514
RX # PAI1,TRAIN,1964,1288
TX PAI1,TRAIN,1965,3,3df93e9b3f203e28bf79bf7dbf41befdbe0ebec2be71bf2a*d5da
RX # PAI1,TRAIN,1965,1288
TX PAI1,TRAIN,1966,4,3f293f8c3ef43f66bd8ebef0be923c853ce6be403eb53bec*7342
RX # PAI1,TRAIN,1966,1290
TX PAI1,TRAIN,1967,4,3f4c3f263dd23ef3bf5dbf0ebb29bdb73e6b3da7bbe3be4c*a70a
RX # PAI1,TRAIN,1967,1288
TX PAI1,TRAIN,1968,1,bf0dbeb4bef8bf3a3e923f4dbf5fbfa1bf77bf853ef63f07*43e6
RX # PAI1,TRAIN,1968,1285
TX PAI1,TRAIN,1969,2,c004bf00bfcfbfec400c3fc83f9f3f9f3f523f6ebf9fbf05*4fd6
RX # PAI1,TRAIN,1969,1289
TX PAI1,TRAIN,1970,3,3e6f3fa53fc63fb2bf24bf9c3e40becc3eaa3e683e03beb9*42bc
RX # PAI1,TRAIN,1970,1288
TX PAI1,TRAIN,1971,3,be46bf62be9abf0d3b90bf9a3a793e43bf18bedf3f1c3f7d*cfca
RX # PAI1,TRAIN,1971,1289
TX PAI1,TRAIN,1972,2,bf193f243e9c3f193ec73ef340163f9b400f401cbf33bcb9*7a34
RX # PAI1,TRAIN,1972,1289
TX PAI1,TRAIN,1973,2,4032bf53c015bf443fab3fc83f963fcc3f713f88bf87bf30*de95
RX # PAI1,TRAIN,1973,1287
TX PAI1,TRAIN,1974,3,3ebf3f1b3fb93f92bf62bf99bf23bec9be6bbed43e4ebef8*7328
RX # PAI1,TRAIN,1974,1287
TX PAI1,TRAIN,1975,3,3f803f6c3fbb3fb4bf3bbfa1bf80beebbe8abef13e56bf21*38b1
RX # PAI1,TRAIN,1975,1288
TX PAI1,TRAIN,1976,1,bf783e3ebf61bf363f9b3f7bbf7ebf89bf62bf7e3f153f36*9906
RX # PAI1,TRAIN,1976,1289
TX PAI1,TRAIN,1977,3,3d933fe83ee93f4cbf35bf93bed5bcb93e973d1b3d61be93*e2e2
RX # PAI1,TRAIN,1977,1288
TX PAI1,TRAIN,1978,4,3e153e8c3e133e8dbcf1beb93e9d3eed3e703e04bd2bbe05*1ea2
RX # PAI1,TRAIN,1978,1291
TX PAI1,TRAIN,1979,4,3fac3d2d3f8a3f90c009bf16bd8bbef13f073e8c3e65bd5b*db9d
RX # PAI1,TRAIN,1979,1292
TX PAI1,TRAIN,1980,1,bf57bf0f3e80bdbb3ef53f56bf75bf7fbf88bf8b3f223eda*3a0c
RX # PAI1,TRAIN,1980,1289
TX PAI1,TRAIN,1981,4,3e783f373f623f6ebe10bee63ddf3db53e9d3e123e50bd76*9ed0
RX # PAI1,TRAIN,1981,1288
TX PAI1,TRAIN,1982,3,3eebbf27bedabf02bfbebf863f323e40becabd1b3c333e7e*894a
RX # PAI1,TRAIN,1982,1289
TX PAI1,TRAIN,1983,1,bf03bf26be05bf123d5d3f87bf36bfb1bf1abf3b3ed83f09*15cd
RX # PAI1,TRAIN,1983,1285
TX PAI1,TRAIN,1984,3,3f8ebd75bf2d3afb3ee2bfb3bdc73f6d3ea03e3b3f293f92*ea6d
RX # PAI1,TRAIN,1984,1287
TX PAI1,TRAIN,1985,2,bf86bfc3be48befe3fb23f5a3fb83fc23fd03fdebee93f01*f61c
RX # PAI1,TRAIN,1985,1291
TX PAI1,TRAIN,1986,3,3f983dd93f733f5dbfdabfacbecdbf4c3e89bd263ebb3e00*2bd3
RX # PAI1,TRAIN,1986,1287
TX PAI1,TRAIN,1987,4,3f7dbc45bf01be7bbea5bee53e1f3f00be22be333de83e4e*ff6b
RX # PAI1,TRAIN,1987,1288
TX PAI1,TRAIN,1988,3,3f57bfb6bf59bf8bbdb7bf9fbf353dd6beabbed73f453fc1*aefa
RX # PAI1,TRAIN,1988,1288
TX PAI1,TRAIN,1989,4,3eed3fb33f3e3f75bf22befdbf13beb7be01be973eb4bdad*6962
RX # PAI1,TRAIN,1989,1288
TX PAI1,TRAIN,1990,1,be80bf493f6c3f11bea53ef8bf92bf88bfa4bfa83f753efa*864e
RX # PAI1,TRAIN,1990,1289
TX PAI1,TRAIN,1991,1,bf87bfa4bf11bf8b3edf3f8fbfa6bfc4bfa5bfad3ec93eca*af82
RX # PAI1,TRAIN,1991,1290
TX PAI1,TRAIN,1992,3,3eccbf40bf98bf71bf45bf193f9d3fb13f2b3f89bf173e0f*6340
RX # PAI1,TRAIN,1992,1287
TX PAI1,TRAIN,1993,3,3df93e9b3f203e28bf79bf7dbf41befdbe0ebec2be71bf2a*7e88
RX # PAI1,TRAIN,1993,1288
TX PAI1,TRAIN,1994,2,4032bf53c015bf443fab3fc83f963fcc3f713f88bf87bf30*817b
RX # PAI1,TRAIN,1994,1286
TX PAI1,TRAIN,1995,1,bedbbe933edfbd1ebd1b3eccbf8dbfaebfbdbfb93f553f04*fa53
RX # PAI1,TRAIN,1995,1291
TX PAI1,TRAIN,1996,4,3e153e8c3e133e8dbcf1beb93e9d3eed3e703e04bd2bbe05*d06f
RX # PAI1,TRAIN,1996,1286
TX PAI1,TRAIN,1997,1,bf3ebe223f3a3ecb3e593f27bf4fbfe0bf83bf863f463ede*3983
RX # PAI1,TRAIN,1997,1289
TX PAI1,TRAIN,1998,3,bed2bf1b3eadbf143ec2bf86bf02be8bbee2bee63f1f3f81*a09f
RX # PAI1,TRAIN,1998,1290
TX PAI1,TRAIN,1999,3,be46bf62be9abf0d3b90bf9a3a793e43bf18bedf3f1c3f7d*0aa6
RX # PAI1,TRAIN,1999,1290
TX PAI1,TRAIN,2000,2,bfe3bd8bbf90bfc340033fd940153f903f0a3fbcbfbfbf44*50d3
RX # PAI1,TRAIN,2000,1289
TX PAI1,TRAIN,2001,1,be80bf493f6c3f11bea53ef8bf92bf88bfa4bfa83f753efa*1d12
RX # PAI1,TRAIN,2001,1289
TX PAI1,TRAIN,2002,1,bf8abfa1be07bf1d3f273f53beb0bf94bfa3bf833ebc3e9b*6a26
RX # PAI1,TRAIN,2002,1289
TX PAI1,TRAIN,2003,1,bf0dbeb4bef8bf3a3e923f4dbf5fbfa1bf77bf853ef63f07*64aa
RX # PAI1,TRAIN,2003,1291
TX PAI1,TRAIN,2004,1,bd5abf873f163dcfbe4e3e5bbf8fbf59bfa8bfa43f623f1f*c8f8
RX # PAI1,TRAIN,2004,1289
TX PAI1,TRAIN,2005,2,bf193f243e9c3f193ec73ef340163f9b400f401cbf33bcb9*c5c6
RX # PAI1,TRAIN,2005,1288
TX PAI1,TRAIN,2006,2,400fbf5fbf873f09be723fbb3ff240013ffd3ffabf43bebb*c51a
RX # PAI1,TRAIN,2006,1286
TX PAI1,TRAIN,2007,3,3f7a3c9b3f963fa2bfedbf9b3f053f833f4b3f303d96be01*89b9
RX # PAI1,TRAIN,2007,1289
TX PAI1,TRAIN,2008,4,3cbabec8bf21bf24bef6be7f3e9a3da7bcaf3d82be553cd2*e38d
RX # PAI1,TRAIN,2008,1288
TX PAI1,TRAIN,2009,2,bfe3bf3ebff1c008400d3fc53fe9bf0c40914066c0bcc0c6*b8ec
RX # PAI1,TRAIN,2009,1292
TX PAI1,TRAIN,2010,4,3f4c3f263dd23ef3bf5dbf0ebb29bdb73e6b3da7bbe3be4c*18f8
RX # PAI1,TRAIN,2010,1292
TX PAI1,TRAIN,2011,4,3f553f623f453f63bfaabf2bbe81bf02bc90be583e36be8e*1ea8
RX # PAI1,TRAIN,2011,1287
TX PAI1,TRAIN,2012,4,3e823e9abc9f3d99bec5beebbd973fa63e5a3e2a3de63e6f*3f7a
RX # PAI1,TRAIN,2012,1286
TX PAI1,TRAIN,2013,4,3f293f8c3ef43f66bd8ebef0be923c853ce6be403eb53bec*3a30
RX # PAI1,TRAIN,2013,1291
TX PAI1,TRAIN,2014,3,3eebbf27bedabf02bfbebf863f323e40becabd1b3c333e7e*62f7
RX # PAI1,TRAIN,2014,1286
TX PAI1,TRAIN,2015,1,3e0dbe953f903f843e2c3e0bbf9dbf87bfaabfad3fa33f3b*1ff3
RX # PAI1,TRAIN,2015,1287
TX PAI1,TRAIN,2016,4,3eed3fb33f3e3f75bf22befdbf13beb7be01be973eb4bdad*13fc
RX # PAI1,TRAIN,2016,1288
TX PAI1,TRAIN,2017,3,3f8ebd75bf2d3afb3ee2bfb3bdc73f6d3ea03e3b3f293f92*87b1
RX # PAI1,TRAIN,2017,1288
TX PAI1,TRAIN,2018,1,bf55bec3bda5be503f433ef2bf9ebfadbf95bf9b3f353f08*d2f8
RX # PAI1,TRAIN,2018,1287
TX PAI1,TRAIN,2019,3,3ebf3f1b3fb93f92bf62bf99bf23bec9be6bbed43e4ebef8*5fc5
RX # PAI1,TRAIN,2019,1291
TX PAI1,TRAIN,2020,3,3f463ee03f3a3f68bf9dbf90bee0be213f083e533de6be1f*f703
RX # PAI1,TRAIN,2020,1290
TX PAI1,TRAIN,2021,1,bf783e3ebf61bf363f9b3f7bbf7ebf89bf62bf7e3f153f36*292d
RX # PAI1,TRAIN,2021,1286
TX PAI1,TRAIN,2022,4,3f7dbc45bf01be7bbea5bee53e1f3f00be22be333de83e4e*1933
RX # PAI1,TRAIN,2022,1289
TX PAI1,TRAIN,2023,2,bf90bf25bf65bfaf3fbb3fbb3fae3f3f3dba3f30bf9cbf5d*d3e2
RX # PAI1,TRAIN,2023,1287
TX PAI1,TRAIN,2024,2,bfd1befdbf89bfa63fd53fa83f913f743ea93f45bf88bf1a*921a
RX # PAI1,TRAIN,2024,1288
TX PAI1,TRAIN,2025,2,3e55be93bf97bf6f3e1d3fd83fa23fdd3f3d3f82bf89bf26*ac52
RX # PAI1,TRAIN,2025,1287
TX PAI1,TRAIN,2026,2,bf86bfc3be48befe3fb23f5a3fb83fc23fd03fdebee93f01*1be5
RX # PAI1,TRAIN,2026,1288
TX PAI1,TRAIN,2027,4,3e94407f3f96400dbf67bf8ebe8d3f863e853e15be7abfb3*99a2
RX # PAI1,TRAIN,2027,1290
TX PAI1,TRAIN,2028,2,3fca3fc84043401dbf903f333f2f3ff53f913f7a3e22bed4*78a6
RX # PAI1,TRAIN,2028,1287
TX PAI1,TRAIN,2029,1,bf81bd2bbf06bf273f833f86bf3dbfa1bf57bf643ef83f15*495e
RX # PAI1,TRAIN,2029,1288
TX PAI1,TRAIN,2030,3,3fbfbf17be613dfebe07bf96bf093f7bbe80be7b3f4b3f86*07ac
RX # PAI1,TRAIN,2030,1288
TX PAI1,TRAIN,2031,2,c002bec7c004c00b3fe43fd240123f383e233fb6bfc7bf13*ce4c
RX # PAI1,TRAIN,2031,1289
TX PAI1,TRAIN,2032,4,3daa3ea4beacbe42bc3dbe9abdf93eddbd4fbe273def3e3e*3f25
RX # PAI1,TRAIN,2032,1288
TX PAI1,TRAIN,2033,4,3fac3d2d3f8a3f90c009bf16bd8bbef13f073e8c3e65bd5b*8848
RX # PAI1,TRAIN,2033,1286
TX PAI1,TRAIN,2034,4,3f9b40313f9e3ff1bffbbf5bbed3bd453ed63db23dfebf30*aa16
RX # PAI1,TRAIN,2034,1286
TX PAI1,TRAIN,2035,4,bf16be75bef6bf133e3cbe8abf073ed7bcabbe14bdf93c43*7f10
RX # PAI1,TRAIN,2035,1288
TX PAI1,TRAIN,2036,3,3d933fe83ee93f4cbf35bf93bed5bcb93e973d1b3d61be93*d694
RX # PAI1,TRAIN,2036,1287
TX PAI1,TRAIN,2037,1,be26bed03f193e27beb43f05bf8dbfc8bf93bf983f5e3f1e*47d3
RX # PAI1,TRAIN,2037,1287
TX PAI1,TRAIN,2038,3,3f06bfe4bfcbbf9d3f03bfa63fe73f5d3dcc3f393de93f99*8c24
RX # PAI1,TRAIN,2038,1290
TX PAI1,TRAIN,2039,3,3f983dd93f733f5dbfdabfacbecdbf4c3e89bd263ebb3e00*5e94
RX # PAI1,TRAIN,2039,1292
TX PAI1,TRAIN,2040,1,bf03bf26be05bf123d5d3f87bf36bfb1bf1abf3b3ed83f09*e85f
RX # PAI1,TRAIN,2040,1290
TX PAI1,TRAIN,2041,4,3e783f373f623f6ebe10bee63ddf3db53e9d3e123e50bd76*ee82
RX # PAI1,TRAIN,2041,1289
TX PAI1,TRAIN,2042,2,c004bf00bfcfbfec400c3fc83f9f3f9f3f523f6ebf9fbf05*7728
RX # PAI1,TRAIN,2042,1286
TX PAI1,TRAIN,2043,4,bed53f2bbeaabe5c3e8fbe8abe0e3f1b3e623e29bd0f3e14*a8a3
RX # PAI1,TRAIN,2043,1288
TX PAI1,TRAIN,2044,3,be563f55bedabc16be15bf83bf41beafbe99bee5bd5dbeab*4f7b
RX # PAI1,TRAIN,2044,1287
TX PAI1,TRAIN,2045,1,bf57bf0f3e80bdbb3ef53f56bf75bf7fbf88bf8b3f223eda*cc3f
RX # PAI1,TRAIN,2045,1287
TX PAI1,TRAIN,2046,1,bf43bf623ecf3c613e843f3dbf49bf96bf8abf893f4c3f25*8118
RX # PAI1,TRAIN,2046,1287
TX PAI1,TRAIN,2047,3,3f57bfb6bf59bf8bbdb7bf9fbf353dd6beabbed73f453fc1*442a
RX # PAI1,TRAIN,2047,1287
TX PAI1,TRAIN,2048,3,3e6f3fa53fc63fb2bf24bf9c3e40becc3eaa3e683e03beb9*787e
RX # PAI1,TRAIN,2048,1286
TX PAI1,TRAIN,2049,3,3f803f6c3fbb3fb4bf3bbfa1bf80beebbe8abef13e56bf21*ff52
RX # PAI1,TRAIN,2049,1290
TX PAI1,TRAIN,2050,1,bf373e9d3eeb3ead3f683f57bf5cbf97bf44bf643f703f4e*5e21
RX # PAI1,TRAIN,2050,1287
TX PAI1,TRAIN,2051,3,3f803f6c3fbb3fb4bf3bbfa1bf80beebbe8abef13e56bf21*9acd
RX # PAI1,TRAIN,2051,1287
TX PAI1,TRAIN,2052,3,3fbfbf17be613dfebe07bf96bf093f7bbe80be7b3f4b3f86*e147
RX # PAI1,TRAIN,2052,1286
TX PAI1,TRAIN,2053,4,3e94407f3f96400dbf67bf8ebe8d3f863e853e15be7abfb3*fb14
RX # PAI1,TRAIN,2053,1289
TX PAI1,TRAIN,2054,1,bf3ebe223f3a3ecb3e593f27bf4fbfe0bf83bf863f463ede*c411
RX # PAI1,TRAIN,2054,1287
TX PAI1,TRAIN,2055,3,3f06bfe4bfcbbf9d3f03bfa63fe73f5d3dcc3f393de93f99*f04d
RX # PAI1,TRAIN,2055,1288
TX PAI1,TRAIN,2056,3,3e6f3fa53fc63fb2bf24bf9c3e40becc3eaa3e683e03beb9*1640
RX # PAI1,TRAIN,2056,1288
TX PAI1,TRAIN,2057,2,c004bf00bfcfbfec400c3fc83f9f3f9f3f523f6ebf9fbf05*7eb5
RX # PAI1,TRAIN,2057,1286
TX PAI1,TRAIN,2058,4,3e823e9abc9f3d99bec5beebbd973fa63e5a3e2a3de63e6f*3c2b
RX # PAI1,TRAIN,2058,1292
TX PAI1,TRAIN,2059,1,bf8abfa1be07bf1d3f273f53beb0bf94bfa3bf833ebc3e9b*9dcb
RX # PAI1,TRAIN,2059,1287
TX PAI1,TRAIN,2060,2,3e55be93bf97bf6f3e1d3fd83fa23fdd3f3d3f82bf89bf26*3581
RX # PAI1,TRAIN,2060,1292
TX PAI1,TRAIN,2061,1,bf57bf0f3e80bdbb3ef53f56bf75bf7fbf88bf8b3f223eda*3ec7
RX # PAI1,TRAIN,2061,1286
TX PAI1,TRAIN,2062,2,bf90bf25bf65bfaf3fbb3fbb3fae3f3f3dba3f30bf9cbf5d*b710
RX # PAI1,TRAIN,2062,1291
TX PAI1,TRAIN,2063,3,bed2bf1b3eadbf143ec2bf86bf02be8bbee2bee63f1f3f81*374b
RX # PAI1,TRAIN,2063,1287
TX PAI1,TRAIN,2064,1,be80bf493f6c3f11bea53ef8bf92bf88bfa4bfa83f753efa*8b18
RX # PAI1,TRAIN,2064,1291
TX PAI1,TRAIN,2065,2,3fca3fc84043401dbf903f333f2f3ff53f913f7a3e22bed4*0b16
RX # PAI1,TRAIN,2065,1291
TX PAI1,TRAIN,2066,2,bf193f243e9c3f193ec73ef340163f9b400f401cbf33bcb9*586d
RX # PAI1,TRAIN,2066,1287
TX PAI1,TRAIN,2067,1,bedbbe933edfbd1ebd1b3eccbf8dbfaebfbdbfb93f553f04*fca4
RX # PAI1,TRAIN,2067,1286
TX PAI1,TRAIN,2068,3,3f57bfb6bf59bf8bbdb7bf9fbf353dd6beabbed73f453fc1*d171
RX # PAI1,TRAIN,2068,1287
TX PAI1,TRAIN,2069,3,3df93e9b3f203e28bf79bf7dbf41befdbe0ebec2be71bf2a*921c
RX # PAI1,TRAIN,2069,1286
TX PAI1,TRAIN,2070,3,3f463ee03f3a3f68bf9dbf90bee0be213f083e533de6be1f*674d
RX # PAI1,TRAIN,2070,1285
TX PAI1,TRAIN,2071,2,4032bf53c015bf443fab3fc83f963fcc3f713f88bf87bf30*7891
RX # PAI1,TRAIN,2071,1288
TX PAI1,TRAIN,2072,1,bf03bf26be05bf123d5d3f87bf36bfb1bf1abf3b3ed83f09*9efa
RX # PAI1,TRAIN,2072,1287
TX PAI1,TRAIN,2073,4,3f4c3f263dd23ef3bf5dbf0ebb29bdb73e6b3da7bbe3be4c*8553
RX # PAI1,TRAIN,2073,1286
TX PAI1,TRAIN,2074,4,3e783f373f623f6ebe10bee63ddf3db53e9d3e123e50bd76*e8c6
RX # PAI1,TRAIN,2074,1286
TX PAI1,TRAIN,2075,1,bf87bfa4bf11bf8b3edf3f8fbfa6bfc4bfa5bfad3ec93eca*2d28
RX # PAI1,TRAIN,2075,1285
TX PAI1,TRAIN,2076,3,3eebbf27bedabf02bfbebf863f323e40becabd1b3c333e7e*841c
RX # PAI1,TRAIN,2076,1286
TX PAI1,TRAIN,2077,4,3fac3d2d3f8a3f90c009bf16bd8bbef13f073e8c3e65bd5b*6adb
RX # PAI1,TRAIN,2077,1287
TX PAI1,TRAIN,2078,2,400fbf5fbf873f09be723fbb3ff240013ffd3ffabf43bebb*bb4f
RX # PAI1,TRAIN,2078,1293
TX PAI1,TRAIN,2079,1,be26bed03f193e27beb43f05bf8dbfc8bf93bf983f5e3f1e*b9a3
RX # PAI1,TRAIN,2079,1289
TX PAI1,TRAIN,2080,3,3d933fe83ee93f4cbf35bf93bed5bcb93e973d1b3d61be93*6274
RX # PAI1,TRAIN,2080,1290
TX PAI1,TRAIN,2081,3,3ebf3f1b3fb93f92bf62bf99bf23bec9be6bbed43e4ebef8*053e
RX # PAI1,TRAIN,2081,1286
TX PAI1,TRAIN,2082,3,3f983dd93f733f5dbfdabfacbecdbf4c3e89bd263ebb3e00*8676
RX # PAI1,TRAIN,2082,1285
TX PAI1,TRAIN,2083,4,3daa3ea4beacbe42bc3dbe9abdf93eddbd4fbe273def3e3e*fb24
RX # PAI1,TRAIN,2083,1292
TX PAI1,TRAIN,2084,4,3f553f623f453f63bfaabf2bbe81bf02bc90be583e36be8e*2851
RX # PAI1,TRAIN,2084,1292
TX PAI1,TRAIN,2085,1,bf373e9d3eeb3ead3f683f57bf5cbf97bf44bf643f703f4e*776a
RX # PAI1,TRAIN,2085,1290
TX PAI1,TRAIN,2086,4,3f9b40313f9e3ff1bffbbf5bbed3bd453ed63db23dfebf30*e3d7
RX # PAI1,TRAIN,2086,1286
TX PAI1,TRAIN,2087,3,be46bf62be9abf0d3b90bf9a3a793e43bf18bedf3f1c3f7d*341c
RX # PAI1,TRAIN,2087,1289
TX PAI1,TRAIN,2088,1,bf783e3ebf61bf363f9b3f7bbf7ebf89bf62bf7e3f153f36*88b3
RX # PAI1,TRAIN,2088,1287
TX PAI1,TRAIN,2089,4,bf16be75bef6bf133e3cbe8abf073ed7bcabbe14bdf93c43*d713
RX # PAI1,TRAIN,2089,1288
TX PAI1,TRAIN,2090,1,bd5abf873f163dcfbe4e3e5bbf8fbf59bfa8bfa43f623f1f*8541
RX # PAI1,TRAIN,2090,1289
TX PAI1,TRAIN,2091,2,bfe3bd8bbf90bfc340033fd940153f903f0a3fbcbfbfbf44*9b0b
RX # PAI1,TRAIN,2091,1288
TX PAI1,TRAIN,2092,2,bfd1befdbf89bfa63fd53fa83f913f743ea93f45bf88bf1a*26fa
RX # PAI1,TRAIN,2092,1287
TX PAI1,TRAIN,2093,2,c002bec7c004c00b3fe43fd240123f383e233fb6bfc7bf13*0871
RX # PAI1,TRAIN,2093,1289
TX PAI1,TRAIN,2094,1,bf0dbeb4bef8bf3a3e923f4dbf5fbfa1bf77bf853ef63f07*a4d3
RX # PAI1,TRAIN,2094,1291
TX PAI1,TRAIN,2095,3,3f8ebd75bf2d3afb3ee2bfb3bdc73f6d3ea03e3b3f293f92*4e55
RX # PAI1,TRAIN,2095,1291
TX PAI1,TRAIN,2096,1,bf81bd2bbf06bf273f833f86bf3dbfa1bf57bf643ef83f15*6c9d
RX # PAI1,TRAIN,2096,1288
TX PAI1,TRAIN,2097,3,be563f55bedabc16be15bf83bf41beafbe99bee5bd5dbeab*6d91
RX # PAI1,TRAIN,2097,1288
TX PAI1,TRAIN,2098,1,bf55bec3bda5be503f433ef2bf9ebfadbf95bf9b3f353f08*ed9c
RX # PAI1,TRAIN,2098,1288
TX PAI1,TRAIN,2099,4,3e153e8c3e133e8dbcf1beb93e9d3eed3e703e04bd2bbe05*1a69
RX # PAI1,TRAIN,2099,1289
TX PAI1,TRAIN,2100,3,3eccbf40bf98bf71bf45bf193f9d3fb13f2b3f89bf173e0f*e9bb
RX # PAI1,TRAIN,2100,1292
TX PAI1,TRAIN,2101,2,bfe3bf3ebff1c008400d3fc53fe9bf0c40914066c0bcc0c6*cee8
RX # PAI1,TRAIN,2101,1290
TX PAI1,TRAIN,2102,4,3eed3fb33f3e3f75bf22befdbf13beb7be01be973eb4bdad*fd46
RX # PAI1,TRAIN,2102,1288
TX PAI1,TRAIN,2103,4,3f293f8c3ef43f66bd8ebef0be923c853ce6be403eb53bec*29ab
RX # PAI1,TRAIN,2103,1286
TX PAI1,TRAIN,2104,1,bf43bf623ecf3c613e843f3dbf49bf96bf8abf893f4c3f25*f44d
RX # PAI1,TRAIN,2104,1289
TX PAI1,TRAIN,2105,1,3e0dbe953f903f843e2c3e0bbf9dbf87bfaabfad3fa33f3b*0c68
RX # PAI1,TRAIN,2105,1288
TX PAI1,TRAIN,2106,4,bed53f2bbeaabe5c3e8fbe8abe0e3f1b3e623e29bd0f3e14*ad17
RX # PAI1,TRAIN,2106,1287
TX PAI1,TRAIN,2107,2,bf86bfc3be48befe3fb23f5a3fb83fc23fd03fdebee93f01*f31b
RX # PAI1,TRAIN,2107,1288
TX PAI1,TRAIN,2108,4,3f7dbc45bf01be7bbea5bee53e1f3f00be22be333de83e4e*966e
RX # PAI1,TRAIN,2108,1288
TX PAI1,TRAIN,2109,3,3f7a3c9b3f963fa2bfedbf9b3f053f833f4b3f303d96be01*f41c
RX # PAI1,TRAIN,2109,1289
TX PAI1,TRAIN,2110,4,3cbabec8bf21bf24bef6be7f3e9a3da7bcaf3d82be553cd2*1a75
RX # PAI1,TRAIN,2110,1289
TX PAI1,PREDICT,2111,3e783f373f623f6ebe10bee63ddf3db53e9d3e123e50bd76*b813
RX # PAI1,PREDICT,2111,107,3dc3,3e52,3ea0,3eb4
TX PAI1,PREDICT,2112,3fac3d2d3f8a3f90c009bf16bd8bbef13f073e8c3e65bd5b*8154
RX # PAI1,PREDICT,2112,107,3e34,3cec,3e9f,3ef3
TX PAI1,PREDICT,2113,3f9b40313f9e3ff1bffbbf5bbed3bd453ed63db23dfebf30*c19d
RX # PAI1,PREDICT,2113,106,bbb4,bcec,3c2c,3f82
TX PAI1,PREDICT,2114,3e153e8c3e133e8dbcf1beb93e9d3eed3e703e04bd2bbe05*521f
RX # PAI1,PREDICT,2114,107,3cf4,3e68,3e9a,3eda
TX PAI1,PREDICT,2115,bed53f2bbeaabe5c3e8fbe8abe0e3f1b3e623e29bd0f3e14*416a
RX # PAI1,PREDICT,2115,107,3d09,3de6,3e76,3f19
TX PAI1,PREDICT,2116,bf16be75bef6bf133e3cbe8abf073ed7bcabbe14bdf93c43*3475
RX # PAI1,PREDICT,2116,106,3e18,3dee,3ecc,3ea9
TX PAI1,PREDICT,2117,3cbabec8bf21bf24bef6be7f3e9a3da7bcaf3d82be553cd2*56b9
RX # PAI1,PREDICT,2117,106,3dac,3df9,3ebd,3ed5
TX PAI1,PREDICT,2118,3e823e9abc9f3d99bec5beebbd973fa63e5a3e2a3de63e6f*f5a3
RX # PAI1,PREDICT,2118,106,bd92,3daa,3e80,3f37
TX PAI1,PREDICT,2119,3f553f623f453f63bfaabf2bbe81bf02bc90be583e36be8e*4bc7
RX # PAI1,PREDICT,2119,106,3df0,bd89,3ea8,3f20
TX PAI1,PREDICT,2120,3f7dbc45bf01be7bbea5bee53e1f3f00be22be333de83e4e*0cea
RX # PAI1,PREDICT,2120,105,bbd0,3daa,3e86,3f24
TX PAI1,PREDICT,2121,3daa3ea4beacbe42bc3dbe9abdf93eddbd4fbe273def3e3e*b776
RX # PAI1,PREDICT,2121,107,3de6,3d5c,3e63,3f18
TX PAI1,PREDICT,2122,3f293f8c3ef43f66bd8ebef0be923c853ce6be403eb53bec*f060
RX # PAI1,PREDICT,2122,106,3e04,3da5,3e3c,3f18
TX PAI1,PREDICT,2123,3eed3fb33f3e3f75bf22befdbf13beb7be01be973eb4bdad*4dbb
RX # PAI1,PREDICT,2123,108,3e45,bd8b,3e2e,3f31
TX PAI1,PREDICT,2124,3e94407f3f96400dbf67bf8ebe8d3f863e853e15be7abfb3*43c2
RX # PAI1,PREDICT,2124,107,bdbc,3e36,3d34,3f5d
TX PAI1,PREDICT,2125,3f4c3f263dd23ef3bf5dbf0ebb29bdb73e6b3da7bbe3be4c*202a
RX # PAI1,PREDICT,2125,106,bc38,3dbc,3e9b,3f1a
TX PAI1,PREDICT,2126,bf86bfc3be48befe3fb23f5a3fb83fc23fd03fdebee93f01*f31d
RX # PAI1,PREDICT,2126,108,3ce6,3f76,bc58,bbab
TX PAI1,PREDICT,2127,3fca3fc84043401dbf903f333f2f3ff53f913f7a3e22bed4*63ea
RX # PAI1,PREDICT,2127,108,bd00,3f26,be28,3f0f
TX PAI1,PREDICT,2128,3e55be93bf97bf6f3e1d3fd83fa23fdd3f3d3f82bf89bf26*37ee
RX # PAI1,PREDICT,2128,107,3e18,3f51,befd,3f01
TX PAI1,PREDICT,2129,bf90bf25bf65bfaf3fbb3fbb3fae3f3f3dba3f30bf9cbf5d*5189
RX # PAI1,PREDICT,2129,107,3d8c,3f84,be07,3d2d
TX PAI1,PREDICT,2130,bfd1befdbf89bfa63fd53fa83f913f743ea93f45bf88bf1a*a525
RX # PAI1,PREDICT,2130,106,3dba,3f68,bdfc,3e00
TX PAI1,PREDICT,2131,bfe3bf3ebff1c008400d3fc53fe9bf0c40914066c0bcc0c6*fe7e
RX # PAI1,PREDICT,2131,106,bdb5,3f73,3dd8,3d28
TX PAI1,PREDICT,2132,bf193f243e9c3f193ec73ef340163f9b400f401cbf33bcb9*a28c
RX # PAI1,PREDICT,2132,107,be42,3f56,3e0c,3e53
TX PAI1,PREDICT,2133,400fbf5fbf873f09be723fbb3ff240013ffd3ffabf43bebb*3de6
RX # PAI1,PREDICT,2133,106,bc3c,3f77,bd1b,3d7d
TX PAI1,PREDICT,2134,4032bf53c015bf443fab3fc83f963fcc3f713f88bf87bf30*1059
RX # PAI1,PREDICT,2134,107,bae2,3f65,bd6b,3df8
TX PAI1,PREDICT,2135,bfe3bd8bbf90bfc340033fd940153f903f0a3fbcbfbfbf44*ceba
RX # PAI1,PREDICT,2135,106,bb80,3f80,be0e,3ded
TX PAI1,PREDICT,2136,c004bf00bfcfbfec400c3fc83f9f3f9f3f523f6ebf9fbf05*36e9
RX # PAI1,PREDICT,2136,107,bca8,3f6e,bdb3,3e1c
TX PAI1,PREDICT,2137,c002bec7c004c00b3fe43fd240123f383e233fb6bfc7bf13*8fac
RX # PAI1,PREDICT,2137,106,0000,3f70,3d7c,3cc8
TX PAI1,PREDICT,2138,3eccbf40bf98bf71bf45bf193f9d3fb13f2b3f89bf173e0f*31dd
RX # PAI1,PREDICT,2138,106,be81,3e04,3f38,3ecf
TX PAI1,PREDICT,2139,3eebbf27bedabf02bfbebf863f323e40becabd1b3c333e7e*465d
RX # PAI1,PREDICT,2139,107,bd48,bd3f,3f3c,3ea1
TX PAI1,PREDICT,2140,3f803f6c3fbb3fb4bf3bbfa1bf80beebbe8abef13e56bf21*6b0a
RX # PAI1,PREDICT,2140,107,3d62,3c58,3f2a,3e93
TX PAI1,PREDICT,2141,3ebf3f1b3fb93f92bf62bf99bf23bec9be6bbed43e4ebef8*49a5
RX # PAI1,PREDICT,2141,107,3d9a,bd68,3f36,3e8c
TX PAI1,PREDICT,2142,3f8ebd75bf2d3afb3ee2bfb3bdc73f6d3ea03e3b3f293f92*4689
RX # PAI1,PREDICT,2142,106,be1a,be0d,3f40,3f04
TX PAI1,PREDICT,2143,3e6f3fa53fc63fb2bf24bf9c3e40becc3eaa3e683e03beb9*a1fc
RX # PAI1,PREDICT,2143,106,bd9a,3da8,3f28,3eb4
TX PAI1,PREDICT,2144,3f06bfe4bfcbbf9d3f03bfa63fe73f5d3dcc3f393de93f99*b573
RX # PAI1,PREDICT,2144,107,3c3e,3e0d,3f7b,bddc
TX PAI1,PREDICT,2145,be563f55bedabc16be15bf83bf41beafbe99bee5bd5dbeab*ec8f
RX # PAI1,PREDICT,2145,108,3cb8,be27,3f28,3ef7
TX PAI1,PREDICT,2146,3df93e9b3f203e28bf79bf7dbf41befdbe0ebec2be71bf2a*64a9
RX # PAI1,PREDICT,2146,106,bcce,3c78,3f36,3e91
TX PAI1,PREDICT,2147,be46bf62be9abf0d3b90bf9a3a793e43bf18bedf3f1c3f7d*1e12
RX # PAI1,PREDICT,2147,107,3e2c,be4c,3f7b,3d66
TX PAI1,PREDICT,2148,3fbfbf17be613dfebe07bf96bf093f7bbe80be7b3f4b3f86*0ef0
RX # PAI1,PREDICT,2148,107,3c14,bd49,3f29,3ec1
TX PAI1,PREDICT,2149,3d933fe83ee93f4cbf35bf93bed5bcb93e973d1b3d61be93*c61f
RX # PAI1,PREDICT,2149,107,be1d,bdf8,3f03,3f3e
TX PAI1,PREDICT,2150,3f983dd93f733f5dbfdabfacbecdbf4c3e89bd263ebb3e00*1128
RX # PAI1,PREDICT,2150,106,3da8,be12,3f45,3e8b
TX PAI1,PREDICT,2151,3f463ee03f3a3f68bf9dbf90bee0be213f083e533de6be1f*b416
RX # PAI1,PREDICT,2151,106,bd66,3b88,3f26,3ec4
TX PAI1,PREDICT,2152,3f7a3c9b3f963fa2bfedbf9b3f053f833f4b3f303d96be01*830e
RX # PAI1,PREDICT,2152,107,be4b,3d1a,3f0a,3f0f
TX PAI1,PREDICT,2153,3f57bfb6bf59bf8bbdb7bf9fbf353dd6beabbed73f453fc1*4359
RX # PAI1,PREDICT,2153,107,3d9c,bd59,3f55,3e10
TX PAI1,PREDICT,2154,bed2bf1b3eadbf143ec2bf86bf02be8bbee2bee63f1f3f81*bd82
RX # PAI1,PREDICT,2154,107,3e30,be27,3f82,bcbc
TX PAI1,PREDICT,2155,bf3ebe223f3a3ecb3e593f27bf4fbfe0bf83bf863f463ede*8886
RX # PAI1,PREDICT,2155,106,3f85,3b40,bda6,3d0c
TX PAI1,PREDICT,2156,bf0dbeb4bef8bf3a3e923f4dbf5fbfa1bf77bf853ef63f07*fe08
RX # PAI1,PREDICT,2156,108,3f60,bcf8,bdd1,3e8e
TX PAI1,PREDICT,2157,bf81bd2bbf06bf273f833f86bf3dbfa1bf57bf643ef83f15*d2b0
RX # PAI1,PREDICT,2157,107,3f78,3da6,be76,3e4d
TX PAI1,PREDICT,2158,bedbbe933edfbd1ebd1b3eccbf8dbfaebfbdbfb93f553f04*75c8
RX # PAI1,PREDICT,2158,107,3f73,be34,3d68,3e3f
TX PAI1,PREDICT,2159,bf373e9d3eeb3ead3f683f57bf5cbf97bf44bf643f703f4e*35ff
RX # PAI1,PREDICT,2159,106,3f81,3da4,be9b,3e5a
TX PAI1,PREDICT,2160,bf03bf26be05bf123d5d3f87bf36bfb1bf1abf3b3ed83f09*412e
RX # PAI1,PREDICT,2160,105,3f66,3dd2,be0a,3e0f
TX PAI1,PREDICT,2161,bf783e3ebf61bf363f9b3f7bbf7ebf89bf62bf7e3f153f36*f901
RX # PAI1,PREDICT,2161,107,3f7a,3c20,be94,3eac
TX PAI1,PREDICT,2162,bf8abfa1be07bf1d3f273f53beb0bf94bfa3bf833ebc3e9b*0e89
RX # PAI1,PREDICT,2162,108,3f73,3dce,3e3a,be60
TX PAI1,PREDICT,2163,bf43bf623ecf3c613e843f3dbf49bf96bf8abf893f4c3f25*1552
RX # PAI1,PREDICT,2163,106,3f85,bc20,3d18,bd9c
TX PAI1,PREDICT,2164,be26bed03f193e27beb43f05bf8dbfc8bf93bf983f5e3f1e*480c
RX # PAI1,PREDICT,2164,108,3f6c,bddc,3d60,3e10
TX PAI1,PREDICT,2165,bd5abf873f163dcfbe4e3e5bbf8fbf59bfa8bfa43f623f1f*d8b4
RX # PAI1,PREDICT,2165,106,3f50,bd82,3e83,3c45
TX PAI1,PREDICT,2166,bf55bec3bda5be503f433ef2bf9ebfadbf95bf9b3f353f08*6c90
RX # PAI1,PREDICT,2166,108,3f77,bd60,3df0,bc83
TX PAI1,PREDICT,2167,3e0dbe953f903f843e2c3e0bbf9dbf87bfaabfad3fa33f3b*dfef
RX # PAI1,PREDICT,2167,107,3f6b,bd30,bd54,3e52
TX PAI1,PREDICT,2168,bf57bf0f3e80bdbb3ef53f56bf75bf7fbf88bf8b3f223eda*709f
RX # PAI1,PREDICT,2168,106,3f82,3d58,bdef,3d47
TX PAI1,PREDICT,2169,be80bf493f6c3f11bea53ef8bf92bf88bfa4bfa83f753efa*5157
RX # PAI1,PREDICT,2169,107,3f7a,bd08,3c90,3d78
TX PAI1,PREDICT,2170,bf87bfa4bf11bf8b3edf3f8fbfa6bfc4bfa5bfad3ec93eca*c66e
RX # PAI1,PREDICT,2170,105,3f86,bd50,bd04,3d68
TX PAI1,INIT,2171,12,32,1,1*a4e5
RX # PAI1,INIT,2171,12,32,4
TX PAI1,TRAIN,2172,2,bfeebea6c006c0083fd83efc400b3f4a3e2b3fafbfabbefc*60bf
RX # PAI1,TRAIN,2172,1289
TX PAI1,TRAIN,2173,2,4031bf43c019bf2b3f9e3f493f8f3fdb3f683f83bf65bf18*4caa
RX # PAI1,TRAIN,2173,1292
TX PAI1,TRAIN,2174,3,3f843da83fb53fb9c002bf943efc3f8e3f443f2a3de1bdbc*1ffc
RX # PAI1,TRAIN,2174,1290
TX PAI1,TRAIN,2175,4,3ebe40813fb5401bbf87bfa5be863f913e863e14be30bf9d*a519
RX # PAI1,TRAIN,2175,1290
TX PAI1,TRAIN,2176,3,bdbdbf51be3dbee5be05bf413a333e6cbf0bbed23f163f66*6f3f
RX # PAI1,TRAIN,2176,1292
TX PAI1,TRAIN,2177,3,be9abf0b3f02bef33e81bf16bef8be84becdbed93f183f6b*566d
RX # PAI1,TRAIN,2177,1293
TX PAI1,TRAIN,2178,3,3e573ebb3f513e97bf91bf94bf37befdbdecbeb6be28bf12*17b1
RX # PAI1,TRAIN,2178,1291
TX PAI1,TRAIN,2179,1,bf563e7ebf4fbf1d3f8d3fb4bf71bf8dbf52bf713f103f27*ac90
RX # PAI1,TRAIN,2179,1289
TX PAI1,TRAIN,2180,4,3eac3eba3df83e50bf07bec0bd8f3fb43e5f3e293e133e69*aed5
RX # PAI1,TRAIN,2180,1290
TX PAI1,TRAIN,2181,3,3f66bfadbf47bf80be68bf2dbf2c3e0fbe99becb3f3a3faf*bcee
RX # PAI1,TRAIN,2181,1290
TX PAI1,TRAIN,2182,3,3ea33fad3fe93fc9bf4abf8f3e35bec93ea93e643e22be9a*36db
RX # PAI1,TRAIN,2182,1291
TX PAI1,TRAIN,2183,4,be9c3f3bbe5fbdc93e1abe96be073f2b3e673e273c5b3e18*1350
RX # PAI1,TRAIN,2183,1290
TX PAI1,TRAIN,2184,2,400fbf4ebf813f2fbec13f673fe5400a3ff13fefbf22be9d*e153
RX # PAI1,TRAIN,2184,1291
TX PAI1,TRAIN,2185,4,3f3a3f943f293f87be53be53be8a3d3d3d2fbe313eb83cd8*4773
RX # PAI1,TRAIN,2185,1292
TX PAI1,TRAIN,2186,4,3e313ec4be63bd92be16be5cbded3ef9bd01be1a3e183e3e*1fe7
RX # PAI1,TRAIN,2186,1290
TX PAI1,TRAIN,2187,1,be15bf383f923f36beee3f97bf8abf8cbf99bfa03f653ee9*1ae7
RX # PAI1,TRAIN,2187,1292
TX PAI1,TRAIN,2188,3,bddb3f65bea33dedbe91bf87bf37beabbe89bed8bb61be8e*eba8
RX # PAI1,TRAIN,2188,1291
TX PAI1,TRAIN,2189,2,bfcebba0bf8abfbb3ffb3f18400d3f9c3f073fb5bfa4bf2a*ad94
RX # PAI1,TRAIN,2189,1290
TX PAI1,TRAIN,2190,1,bf36befd3ed33cfb3eb63fa6bf69bf83bf7dbf843f1b3ecd*c122
RX # PAI1,TRAIN,2190,1293
TX PAI1,TRAIN,2191,3,3fc3bf07bdc43e82be8abf16bf023f88be61be6a3f403f75*0b94
RX # PAI1,TRAIN,2191,1291
TX PAI1,TRAIN,2192,3,3f9e3e2d3f963f83bff1bf89bec2bf513e8abd073ebd3e07*bd5d
RX # PAI1,TRAIN,2192,1290
TX PAI1,TRAIN,2193,3,3f19bfdbbfc9bf933ec7bf9b3fdb3f713de23f323e153f8b*971a
RX # PAI1,TRAIN,2193,1289
TX PAI1,TRAIN,2194,3,3f563eff3f6e3f88bfb2bf85bed4be0c3f053e4f3e14bdf3*7f8a
RX # PAI1,TRAIN,2194,1289
TX PAI1,TRAIN,2195,4,bef0be34bec1bef13d5bbeb7bf003ef3bb68be08bd823cfa*721a
RX # PAI1,TRAIN,2195,1290
TX PAI1,TRAIN,2196,2,bf7dbf15bf54bfa63fae3f0f3fa53f513dd13f2abf85bf3f*8736
RX # PAI1,TRAIN,2196,1290
TX PAI1,TRAIN,2197,1,bf71bf99ba44bf033f093f8cbea7bf99bf98bf7a3ebe3e94*e6ef
RX # PAI1,TRAIN,2197,1291
TX PAI1,TRAIN,2198,2,bef73f333ef23f3f3e86bd29400e3fa840084016bf14b930*8768
RX # PAI1,TRAIN,2198,1292
TX PAI1,TRAIN,2199,4,3f653f713f7a3f85bfc0bf09be75bf02b9ddbe483e4fbe68*2148
RX # PAI1,TRAIN,2199,1290
TX PAI1,TRAIN,2200,1,bf6cbf9cbef3bf803ea03fb3bf9ebfccbf9abfa53eca3ebe*58de
RX # PAI1,TRAIN,2200,1291
TX PAI1,TRAIN,2201,1,3e67be6a3faf3f993d183f89bf95bf8cbf9fbfa53f963f2b*f700
RX # PAI1,TRAIN,2201,1291
TX PAI1,TRAIN,2202,1,bd7ebeb03f4a3e97befd3f94bf85bfd0bf89bf913f513f11*2f12
RX # PAI1,TRAIN,2202,1293
TX PAI1,TRAIN,2203,1,beccbf153ad1bef0bda33faebf2dbfb8bf0ebf313ed63efe*63ad
RX # PAI1,TRAIN,2203,1290
TX PAI1,TRAIN,2204,1,bf35bea23d61bdaf3f253f7ebf96bfb3bf8bbf943f2c3efc*3dd2
RX # PAI1,TRAIN,2204,1290
TX PAI1,TRAIN,2205,3,3e273fef3f223f74bf5bbf8dbeca3ba73e973d2b3dbfbe72*16c2
RX # PAI1,TRAIN,2205,1291
TX PAI1,TRAIN,2206,4,3dedbea7bf0abf0abf20becd3e923decbb823d88be0f3d2f*cb74
RX # PAI1,TRAIN,2206,1291
TX PAI1,TRAIN,2207,2,bfbdbedcbf82bf9c3fc93f073f893f853ea83f3dbf67bf04*8952
RX # PAI1,TRAIN,2207,1292
TX PAI1,TRAIN,2208,4,3f5c3f363e823f1ebf82bf0ebb2ebd863e6f3dab3d1dbe21*5676
RX # PAI1,TRAIN,2208,1291
TX PAI1,TRAIN,2209,1,bf23bf523f153e0f3e043fa9bf3ebf9bbf81bf833f413f18*59d0
RX # PAI1,TRAIN,2209,1291
TX PAI1,TRAIN,2210,4,3f853d51bed0be04beeebeba3e163f0fbe08be253e143e4c*a4bf
RX # PAI1,TRAIN,2210,1291
TX PAI1,TRAIN,2211,4,3f0a3fbb3f723f8fbf49be6ebf0cbeb3bdd3be8d3eb7bd62*637c
RX # PAI1,TRAIN,2211,1292
TX PAI1,TRAIN,2212,1,bf183ebd3f243ef43f4b3fc3bf51bf9cbf35bf583f603f3d*996b
RX # PAI1,TRAIN,2212,1291
TX PAI1,TRAIN,2213,2,bff3bee0bfcfbfe540073f253f963fac3f4b3f65bf87bee3*5a45
RX # PAI1,TRAIN,2213,1290
TX PAI1,TRAIN,2214,2,bfcebf2dbff3c0054008c0323fddbf0d408a405cc0a6c0b0*fdd9
RX # PAI1,TRAIN,2214,1291
TX PAI1,TRAIN,2215,1,3d2ebf7e3f473e6cbeae3f5cbf87bf5ebf9dbf9c3f543f12*93d6
RX # PAI1,TRAIN,2215,1291
TX PAI1,TRAIN,2216,2,bfeebea6c006c0083fd83efc400b3f4a3e2b3fafbfabbefc*397d
RX # PAI1,TRAIN,2216,1291
TX PAI1,TRAIN,2217,4,3f0a3fbb3f723f8fbf49be6ebf0cbeb3bdd3be8d3eb7bd62*68dd
RX # PAI1,TRAIN,2217,1290
TX PAI1,TRAIN,2218,1,bf183ebd3f243ef43f4b3fc3bf51bf9cbf35bf583f603f3d*8588
RX # PAI1,TRAIN,2218,1290
TX PAI1,TRAIN,2219,2,bf7dbf15bf54bfa63fae3f0f3fa53f513dd13f2abf85bf3f*9658
RX # PAI1,TRAIN,2219,1290
TX PAI1,TRAIN,2220,3,3e273fef3f223f74bf5bbf8dbeca3ba73e973d2b3dbfbe72*9f7a
RX # PAI1,TRAIN,2220,1291
TX PAI1,TRAIN,2221,4,3dedbea7bf0abf0abf20becd3e923decbb823d88be0f3d2f*b44c
RX # PAI1,TRAIN,2221,1293
TX PAI1,TRAIN,2222,1,bf563e7ebf4fbf1d3f8d3fb4bf71bf8dbf52bf713f103f27*eff5
RX # PAI1,TRAIN,2222,1293
TX PAI1,TRAIN,2223,3,bdbdbf51be3dbee5be05bf413a333e6cbf0bbed23f163f66*cd98
RX # PAI1,TRAIN,2223,1291
TX PAI1,TRAIN,2224,3,3f563eff3f6e3f88bfb2bf85bed4be0c3f053e4f3e14bdf3*7443
RX # PAI1,TRAIN,2224,1291
TX PAI1,TRAIN,2225,3,3f66bfadbf47bf80be68bf2dbf2c3e0fbe99becb3f3a3faf*c5fa
RX # PAI1,TRAIN,2225,1291
TX PAI1,TRAIN,2226,2,4031bf43c019bf2b3f9e3f493f8f3fdb3f683f83bf65bf18*ee0d
RX # PAI1,TRAIN,2226,1292
TX PAI1,TRAIN,2227,4,3f653f713f7a3f85bfc0bf09be75bf02b9ddbe483e4fbe68*cb43
RX # PAI1,TRAIN,2227,1291
TX PAI1,TRAIN,2228,4,3f853d51bed0be04beeebeba3e163f0fbe08be253e143e4c*cef9
RX # PAI1,TRAIN,2228,1291
TX PAI1,TRAIN,2229,3,3f843da83fb53fb9c002bf943efc3f8e3f443f2a3de1bdbc*5738
RX # PAI1,TRAIN,2229,1293
TX PAI1,TRAIN,2230,2,bef73f333ef23f3f3e86bd29400e3fa840084016bf14b930*e93e
RX # PAI1,TRAIN,2230,1292
TX PAI1,TRAIN,2231,2,bfcebf2dbff3c0054008c0323fddbf0d408a405cc0a6c0b0*7461
RX # PAI1,TRAIN,2231,1293
TX PAI1,TRAIN,2232,3,3fc3bf07bdc43e82be8abf16bf023f88be61be6a3f403f75*0261
RX # PAI1,TRAIN,2232,1291
TX PAI1,TRAIN,2233,4,3e313ec4be63bd92be16be5cbded3ef9bd01be1a3e183e3e*924f
RX # PAI1,TRAIN,2233,1291
TX PAI1,TRAIN,2234,1,bd7ebeb03f4a3e97befd3f94bf85bfd0bf89bf913f513f11*a496
RX # PAI1,TRAIN,2234,1291
TX PAI1,TRAIN,2235,4,bef0be34bec1bef13d5bbeb7bf003ef3bb68be08bd823cfa*f62f
RX # PAI1,TRAIN,2235,1291
TX PAI1,TRAIN,2236,1,3d2ebf7e3f473e6cbeae3f5cbf87bf5ebf9dbf9c3f543f12*11cf
RX # PAI1,TRAIN,2236,1292
TX PAI1,TRAIN,2237,3,3e573ebb3f513e97bf91bf94bf37befdbdecbeb6be28bf12*2609
RX # PAI1,TRAIN,2237,1292
TX PAI1,TRAIN,2238,1,bf23bf523f153e0f3e043fa9bf3ebf9bbf81bf833f413f18*a2b5
RX # PAI1,TRAIN,2238,1292
TX PAI1,TRAIN,2239,1,bf36befd3ed33cfb3eb63fa6bf69bf83bf7dbf843f1b3ecd*d434
RX # PAI1,TRAIN,2239,1289
TX PAI1,TRAIN,2240,1,be15bf383f923f36beee3f97bf8abf8cbf99bfa03f653ee9*fe58
RX # PAI1,TRAIN,2240,1291
TX PAI1,TRAIN,2241,4,be9c3f3bbe5fbdc93e1abe96be073f2b3e673e273c5b3e18*718e
RX # PAI1,TRAIN,2241,1291
TX PAI1,TRAIN,2242,3,3ea33fad3fe93fc9bf4abf8f3e35bec93ea93e643e22be9a*a285
RX # PAI1,TRAIN,2242,1291
TX PAI1,TRAIN,2243,2,bfcebba0bf8abfbb3ffb3f18400d3f9c3f073fb5bfa4bf2a*2529
RX # PAI1,TRAIN,2243,1291
TX PAI1,TRAIN,2244,2,400fbf4ebf813f2fbec13f673fe5400a3ff13fefbf22be9d*750d
RX # PAI1,TRAIN,2244,1291
TX PAI1,TRAIN,2245,1,bf35bea23d61bdaf3f253f7ebf96bfb3bf8bbf943f2c3efc*5920
RX # PAI1,TRAIN,2245,1291
TX PAI1,TRAIN,2246,4,3ebe40813fb5401bbf87bfa5be863f913e863e14be30bf9d*1c74
RX # PAI1,TRAIN,2246,1291
TX PAI1,TRAIN,2247,1,3e67be6a3faf3f993d183f89bf95bf8cbf9fbfa53f963f2b*e313
RX # PAI1,TRAIN,2247,1287
TX PAI1,TRAIN,2248,2,bfbdbedcbf82bf9c3fc93f073f893f853ea83f3dbf67bf04*0c62
RX # PAI1,TRAIN,2248,1291
TX PAI1,TRAIN,2249,1,bf6cbf9cbef3bf803ea03fb3bf9ebfccbf9abfa53eca3ebe*d64f
RX # PAI1,TRAIN,2249,1288
TX PAI1,TRAIN,2250,3,3f9e3e2d3f963f83bff1bf89bec2bf513e8abd073ebd3e07*df83
RX # PAI1,TRAIN,2250,1292
TX PAI1,TRAIN,2251,4,3eac3eba3df83e50bf07bec0bd8f3fb43e5f3e293e133e69*ce37
RX # PAI1,TRAIN,2251,1291
TX PAI1,TRAIN,2252,2,bff3bee0bfcfbfe540073f253f963fac3f4b3f65bf87bee3*3eb7
RX # PAI1,TRAIN,2252,1291
TX PAI1,TRAIN,2253,1,bf71bf99ba44bf033f093f8cbea7bf99bf98bf7a3ebe3e94*8f90
RX # PAI1,TRAIN,2253,1292
TX PAI1,TRAIN,2254,3,3f19bfdbbfc9bf933ec7bf9b3fdb3f713de23f323e153f8b*73a5
RX # PAI1,TRAIN,2254,1293
TX PAI1,TRAIN,2255,4,3f3a3f943f293f87be53be53be8a3d3d3d2fbe313eb83cd8*5cd1
RX # PAI1,TRAIN,2255,1291
TX PAI1,TRAIN,2256,4,3f5c3f363e823f1ebf82bf0ebb2ebd863e6f3dab3d1dbe21*27fa
RX # PAI1,TRAIN,2256,1287
TX PAI1,TRAIN,2257,3,bddb3f65bea33dedbe91bf87bf37beabbe89bed8bb61be8e*6a88
RX # PAI1,TRAIN,2257,1294
TX PAI1,TRAIN,2258,3,be9abf0b3f02bef33e81bf16bef8be84becdbed93f183f6b*77be
RX # PAI1,TRAIN,2258,1292
TX PAI1,TRAIN,2259,1,beccbf153ad1bef0bda33faebf2dbfb8bf0ebf313ed63efe*ef00
RX # PAI1,TRAIN,2259,1291
TX PAI1,TRAIN,2260,1,bd7ebeb03f4a3e97befd3f94bf85bfd0bf89bf913f513f11*c9f9
RX # PAI1,TRAIN,2260,1293
TX PAI1,TRAIN,2261,4,3f0a3fbb3f723f8fbf49be6ebf0cbeb3bdd3be8d3eb7bd62*fceb
RX # PAI1,TRAIN,2261,1292
TX PAI1,TRAIN,2262,3,3ea33fad3fe93fc9bf4abf8f3e35bec93ea93e643e22be9a*ad5c
RX # PAI1,TRAIN,2262,1291
TX PAI1,TRAIN,2263,1,bf6cbf9cbef3bf803ea03fb3bf9ebfccbf9abfa53eca3ebe*c575
RX # PAI1,TRAIN,2263,1291
TX PAI1,TRAIN,2264,2,400fbf4ebf813f2fbec13f673fe5400a3ff13fefbf22be9d*7ad4
RX # PAI1,TRAIN,2264,1291
TX PAI1,TRAIN,2265,2,bff3bee0bfcfbfe540073f253f963fac3f4b3f65bf87bee3*ce73
RX # PAI1,TRAIN,2265,1291
TX PAI1,TRAIN,2266,1,bf35bea23d61bdaf3f253f7ebf96bfb3bf8bbf943f2c3efc*db39
RX # PAI1,TRAIN,2266,1292
TX PAI1,TRAIN,2267,1,beccbf153ad1bef0bda33faebf2dbfb8bf0ebf313ed63efe*8ee7
RX # PAI1,TRAIN,2267,1290
TX PAI1,TRAIN,2268,3,bddb3f65bea33dedbe91bf87bf37beabbe89bed8bb61be8e*702f
RX # PAI1,TRAIN,2268,1292
TX PAI1,TRAIN,2269,1,3e67be6a3faf3f993d183f89bf95bf8cbf9fbfa53f963f2b*0d08
RX # PAI1,TRAIN,2269,1291
TX PAI1,TRAIN,2270,3,bdbdbf51be3dbee5be05bf413a333e6cbf0bbed23f163f66*d016
RX # PAI1,TRAIN,2270,1292
TX PAI1,TRAIN,2271,2,bef73f333ef23f3f3e86bd29400e3fa840084016bf14b930*8dcc
RX # PAI1,TRAIN,2271,1293
TX PAI1,TRAIN,2272,4,3f653f713f7a3f85bfc0bf09be75bf02b9ddbe483e4fbe68*dd6c
RX # PAI1,TRAIN,2272,1292
TX PAI1,TRAIN,2273,1,bf563e7ebf4fbf1d3f8d3fb4bf71bf8dbf52bf713f103f27*04fb
RX # PAI1,TRAIN,2273,1291
TX PAI1,TRAIN,2274,4,be9c3f3bbe5fbdc93e1abe96be073f2b3e673e273c5b3e18*77ca
RX # PAI1,TRAIN,2274,1292
TX PAI1,TRAIN,2275,1,bf183ebd3f243ef43f4b3fc3bf51bf9cbf35bf583f603f3d*f9e1
RX # PAI1,TRAIN,2275,1290
TX PAI1,TRAIN,2276,3,3f843da83fb53fb9c002bf943efc3f8e3f443f2a3de1bdbc*5df4
RX # PAI1,TRAIN,2276,1292
TX PAI1,TRAIN,2277,3,3fc3bf07bdc43e82be8abf16bf023f88be61be6a3f403f75*9bb2
RX # PAI1,TRAIN,2277,1291
TX PAI1,TRAIN,2278,4,3e313ec4be63bd92be16be5cbded3ef9bd01be1a3e183e3e*ea5e
RX # PAI1,TRAIN,2278,1291
TX PAI1,TRAIN,2279,4,3ebe40813fb5401bbf87bfa5be863f913e863e14be30bf9d*06d3
RX # PAI1,TRAIN,2279,1292
TX PAI1,TRAIN,2280,3,3f66bfadbf47bf80be68bf2dbf2c3e0fbe99becb3f3a3faf*7326
RX # PAI1,TRAIN,2280,1292
TX PAI1,TRAIN,2281,4,bef0be34bec1bef13d5bbeb7bf003ef3bb68be08bd823cfa*b44f
RX # PAI1,TRAIN,2281,1290
TX PAI1,TRAIN,2282,2,bf7dbf15bf54bfa63fae3f0f3fa53f513dd13f2abf85bf3f*4163
RX # PAI1,TRAIN,2282,1291
TX PAI1,TRAIN,2283,1,3d2ebf7e3f473e6cbeae3f5cbf87bf5ebf9dbf9c3f543f12*28ef
RX # PAI1,TRAIN,2283,1291
TX PAI1,TRAIN,2284,4,3dedbea7bf0abf0abf20becd3e923decbb823d88be0f3d2f*0290
RX # PAI1,TRAIN,2284,1292
TX PAI1,TRAIN,2285,2,bfcebf2dbff3c0054008c0323fddbf0d408a405cc0a6c0b0*3601
RX # PAI1,TRAIN,2285,1291
TX PAI1,TRAIN,2286,3,3e273fef3f223f74bf5bbf8dbeca3ba73e973d2b3dbfbe72*a466
RX # PAI1,TRAIN,2286,1293
TX PAI1,TRAIN,2287,4,3f5c3f363e823f1ebf82bf0ebb2ebd863e6f3dab3d1dbe21*f390
RX # PAI1,TRAIN,2287,1292
TX PAI1,TRAIN,2288,4,3f3a3f943f293f87be53be53be8a3d3d3d2fbe313eb83cd8*9ff9
RX # PAI1,TRAIN,2288,1291
TX PAI1,TRAIN,2289,3,be9abf0b3f02bef33e81bf16bef8be84becdbed93f183f6b*a3d4
RX # PAI1,TRAIN,2289,1292
TX PAI1,TRAIN,2290,4,3f853d51bed0be04beeebeba3e163f0fbe08be253e143e4c*9bdb
RX # PAI1,TRAIN,2290,1292
TX PAI1,TRAIN,2291,1,be15bf383f923f36beee3f97bf8abf8cbf99bfa03f653ee9*2a32
RX # PAI1,TRAIN,2291,1292
TX PAI1,TRAIN,2292,3,3e573ebb3f513e97bf91bf94bf37befdbdecbeb6be28bf12*90d5
RX # PAI1,TRAIN,2292,1293
TX PAI1,TRAIN,2293,3,3f19bfdbbfc9bf933ec7bf9b3fdb3f713de23f323e153f8b*2392
RX # PAI1,TRAIN,2293,1293
TX PAI1,TRAIN,2294,1,bf23bf523f153e0f3e043fa9bf3ebf9bbf81bf833f413f18*854a
RX # PAI1,TRAIN,2294,1291
TX PAI1,TRAIN,2295,2,bfeebea6c006c0083fd83efc400b3f4a3e2b3fafbfabbefc*8bd9
RX # PAI1,TRAIN,2295,1288
TX PAI1,TRAIN,2296,3,3f9e3e2d3f963f83bff1bf89bec2bf513e8abd073ebd3e07*f4f4
RX # PAI1,TRAIN,2296,1292
TX PAI1,TRAIN,2297,4,3eac3eba3df83e50bf07bec0bd8f3fb43e5f3e293e133e69*e540
RX # PAI1,TRAIN,2297,1292
TX PAI1,TRAIN,2298,2,bfcebba0bf8abfbb3ffb3f18400d3f9c3f073fb5bfa4bf2a*eda0
RX # PAI1,TRAIN,2298,1289
TX PAI1,TRAIN,2299,1,bf36befd3ed33cfb3eb63fa6bf69bf83bf7dbf843f1b3ecd*e489
RX # PAI1,TRAIN,2299,1291
TX PAI1,TRAIN,2300,2,bfbdbedcbf82bf9c3fc93f073f893f853ea83f3dbf67bf04*65d4
RX # PAI1,TRAIN,2300,1291
TX PAI1,TRAIN,2301,3,3f563eff3f6e3f88bfb2bf85bed4be0c3f053e4f3e14bdf3*619c
RX # PAI1,TRAIN,2301,1292
TX PAI1,TRAIN,2302,2,4031bf43c019bf2b3f9e3f493f8f3fdb3f683f83bf65bf18*8092
RX # PAI1,TRAIN,2302,1292
TX PAI1,TRAIN,2303,1,bf71bf99ba44bf033f093f8cbea7bf99bf98bf7a3ebe3e94*83b9
RX # PAI1,TRAIN,2303,1292
TX PAI1,TRAIN,2304,4,3f853d51bed0be04beeebeba3e163f0fbe08be253e143e4c*4a05
RX # PAI1,TRAIN,2304,1287
TX PAI1,TRAIN,2305,3,3e573ebb3f513e97bf91bf94bf37befdbdecbeb6be28bf12*cccb
RX # PAI1,TRAIN,2305,1291
TX PAI1,TRAIN,2306,3,be9abf0b3f02bef33e81bf16bef8be84becdbed93f183f6b*9a55
RX # PAI1,TRAIN,2306,1292
TX PAI1,TRAIN,2307,3,3ea33fad3fe93fc9bf4abf8f3e35bec93ea93e643e22be9a*a731
RX # PAI1,TRAIN,2307,1292
TX PAI1,TRAIN,2308,1,3e67be6a3faf3f993d183f89bf95bf8cbf9fbfa53f963f2b*fa44
RX # PAI1,TRAIN,2308,1289
TX PAI1,TRAIN,2309,3,bdbdbf51be3dbee5be05bf413a333e6cbf0bbed23f163f66*42c5
RX # PAI1,TRAIN,2309,1292
TX PAI1,TRAIN,2310,3,3f563eff3f6e3f88bfb2bf85bed4be0c3f053e4f3e14bdf3*9520
RX # PAI1,TRAIN,2310,1285
TX PAI1,TRAIN,2311,4,3dedbea7bf0abf0abf20becd3e923decbb823d88be0f3d2f*a80e
RX # PAI1,TRAIN,2311,1290
TX PAI1,TRAIN,2312,4,3eac3eba3df83e50bf07bec0bd8f3fb43e5f3e293e133e69*c022
RX # PAI1,TRAIN,2312,1292
TX PAI1,TRAIN,2313,3,bddb3f65bea33dedbe91bf87bf37beabbe89bed8bb61be8e*147c
RX # PAI1,TRAIN,2313,1292
TX PAI1,TRAIN,2314,1,bf71bf99ba44bf033f093f8cbea7bf99bf98bf7a3ebe3e94*7ca4
RX # PAI1,TRAIN,2314,1292
TX PAI1,TRAIN,2315,1,3d2ebf7e3f473e6cbeae3f5cbf87bf5ebf9dbf9c3f543f12*0fb1
RX # PAI1,TRAIN,2315,1292
TX PAI1,TRAIN,2316,3,3fc3bf07bdc43e82be8abf16bf023f88be61be6a3f403f75*6cfe
RX # PAI1,TRAIN,2316,1292
TX PAI1,TRAIN,2317,3,3f9e3e2d3f963f83bff1bf89bec2bf513e8abd073ebd3e07*2cb7
RX # PAI1,TRAIN,2317,1293
TX PAI1,TRAIN,2318,1,bf23bf523f153e0f3e043fa9bf3ebf9bbf81bf833f413f18*310b
RX # PAI1,TRAIN,2318,1293
TX PAI1,TRAIN,2319,1,beccbf153ad1bef0bda33faebf2dbfb8bf0ebf313ed63efe*6cd5
RX # PAI1,TRAIN,2319,1292
TX PAI1,TRAIN,2320,1,bf35bea23d61bdaf3f253f7ebf96bfb3bf8bbf943f2c3efc*534d
RX # PAI1,TRAIN,2320,1293
TX PAI1,TRAIN,2321,1,be15bf383f923f36beee3f97bf8abf8cbf99bfa03f653ee9*0914
RX # PAI1,TRAIN,2321,1293
TX PAI1,TRAIN,2322,4,3e313ec4be63bd92be16be5cbded3ef9bd01be1a3e183e3e*fa94
RX # PAI1,TRAIN,2322,1292
TX PAI1,TRAIN,2323,3,3f19bfdbbfc9bf933ec7bf9b3fdb3f713de23f323e153f8b*00b4
RX # PAI1,TRAIN,2323,1292
TX PAI1,TRAIN,2324,2,bef73f333ef23f3f3e86bd29400e3fa840084016bf14b930*0784
RX # PAI1,TRAIN,2324,1291
TX PAI1,TRAIN,2325,4,3f0a3fbb3f723f8fbf49be6ebf0cbeb3bdd3be8d3eb7bd62*821f
RX # PAI1,TRAIN,2325,1293
TX PAI1,TRAIN,2326,4,3f3a3f943f293f87be53be53be8a3d3d3d2fbe313eb83cd8*d2e1
RX # PAI1,TRAIN,2326,1293
TX PAI1,TRAIN,2327,2,bf7dbf15bf54bfa63fae3f0f3fa53f513dd13f2abf85bf3f*6bd8
RX # PAI1,TRAIN,2327,1292
TX PAI1,TRAIN,2328,3,3f66bfadbf47bf80be68bf2dbf2c3e0fbe99becb3f3a3faf*359f
RX # PAI1,TRAIN,2328,1293
TX PAI1,TRAIN,2329,1,bf6cbf9cbef3bf803ea03fb3bf9ebfccbf9abfa53eca3ebe*5a43
RX # PAI1,TRAIN,2329,1292
TX PAI1,TRAIN,2330,2,bfbdbedcbf82bf9c3fc93f073f893f853ea83f3dbf67bf04*e5f1
RX # PAI1,TRAIN,2330,1293
TX PAI1,TRAIN,2331,4,3ebe40813fb5401bbf87bfa5be863f913e863e14be30bf9d*6f65
RX # PAI1,TRAIN,2331,1293
TX PAI1,TRAIN,2332,4,3f653f713f7a3f85bfc0bf09be75bf02b9ddbe483e4fbe68*5eb9
RX # PAI1,TRAIN,2332,1292
TX PAI1,TRAIN,2333,3,3f843da83fb53fb9c002bf943efc3f8e3f443f2a3de1bdbc*5840
RX # PAI1,TRAIN,2333,1293
TX PAI1,TRAIN,2334,1,bf183ebd3f243ef43f4b3fc3bf51bf9cbf35bf583f603f3d*0174
RX # PAI1,TRAIN,2334,1292
TX PAI1,TRAIN,2335,1,bf36befd3ed33cfb3eb63fa6bf69bf83bf7dbf843f1b3ecd*5f11
RX # PAI1,TRAIN,2335,1292
TX PAI1,TRAIN,2336,4,be9c3f3bbe5fbdc93e1abe96be073f2b3e673e273c5b3e18*029f
RX # PAI1,TRAIN,2336,1292
TX PAI1,TRAIN,2337,2,bff3bee0bfcfbfe540073f253f963fac3f4b3f65bf87bee3*34da
RX # PAI1,TRAIN,2337,1292
TX PAI1,TRAIN,2338,2,bfeebea6c006c0083fd83efc400b3f4a3e2b3fafbfabbefc*4b01
RX # PAI1,TRAIN,2338,1286
TX PAI1,TRAIN,2339,2,bfcebba0bf8abfbb3ffb3f18400d3f9c3f073fb5bfa4bf2a*3a3a
RX # PAI1,TRAIN,2339,1285
TX PAI1,TRAIN,2340,2,400fbf4ebf813f2fbec13f673fe5400a3ff13fefbf22be9d*144b
RX # PAI1,TRAIN,2340,1292
TX PAI1,TRAIN,2341,2,bfcebf2dbff3c0054008c0323fddbf0d408a405cc0a6c0b0*7791
RX # PAI1,TRAIN,2341,1289
TX PAI1,TRAIN,2342,2,4031bf43c019bf2b3f9e3f493f8f3fdb3f683f83bf65bf18*9f20
RX # PAI1,TRAIN,2342,1291
TX PAI1,TRAIN,2343,1,bf563e7ebf4fbf1d3f8d3fb4bf71bf8dbf52bf713f103f27*18b9
RX # PAI1,TRAIN,2343,1293
TX PAI1,TRAIN,2344,1,bd7ebeb03f4a3e97befd3f94bf85bfd0bf89bf913f513f11*a766
RX # PAI1,TRAIN,2344,1292
TX PAI1,TRAIN,2345,3,3e273fef3f223f74bf5bbf8dbeca3ba73e973d2b3dbfbe72*9517
RX # PAI1,TRAIN,2345,1292
TX PAI1,TRAIN,2346,4,3f5c3f363e823f1ebf82bf0ebb2ebd863e6f3dab3d1dbe21*3461
RX # PAI1,TRAIN,2346,1292
TX PAI1,TRAIN,2347,4,bef0be34bec1bef13d5bbeb7bf003ef3bb68be08bd823cfa*035f
RX # PAI1,TRAIN,2347,1290
TX PAI1,PREDICT,2348,bf1ebdc33f6e3f093da93f9cbf44bfe9bf75bf7f3f3b3ed0*ea8d
RX # PAI1,PREDICT,2348,107,3f84,3c98,3d9c,be34
TX PAI1,PREDICT,2349,bedebe93bec4bf213e203f93bf53bfa7bf66bf7e3ef13efb*7a52
RX # PAI1,PREDICT,2349,107,3f5a,bb40,be21,3ea4
TX PAI1,PREDICT,2350,bf603cafbedabf0d3f6b3fb3bf33bfa6bf47bf583ef33f0a*9cfe
RX # PAI1,PREDICT,2350,108,3f70,3e02,be55,3e22
TX PAI1,PREDICT,2351,bea2be653f1d3daebe323f81bf86bfb4bfb1bfb03f483ef5*810a
RX # PAI1,PREDICT,2351,107,3f70,be38,3cf8,3e32
TX PAI1,PREDICT,2352,bf6abfbbbd8ebec73fa53f043fae3fd13fc63fd5beb83ef1*a6dd
RX # PAI1,PREDICT,2352,105,3e16,3f6e,3e05,be6a
TX PAI1,PREDICT,2353,3fce3fd0405c402bbfa53f503f2640033f8b3f703e3ebeb2*b14b
RX # PAI1,PREDICT,2353,107,3d70,3e90,be3c,3f5e
TX PAI1,PREDICT,2354,3e96be64bf92bf583cb43f673f993fed3f373f79bf68bf0f*b11f
RX # PAI1,PREDICT,2354,107,3e07,3f30,bf2f,3f5a
TX PAI1,PREDICT,2355,3ef4bf2fbf93bf59bf6cbf843f953fbf3f263f83bef53e14*3d61
RX # PAI1,PREDICT,2355,105,bec0,3e70,3f0f,3f1e
TX PAI1,PREDICT,2356,3f09bf17bea4becfbfd4bf843f293e69beb7bcfb3d5e3e77*8434
RX # PAI1,PREDICT,2356,108,bdeb,bd7f,3f1d,3f07
TX PAI1,PREDICT,2357,3f873f7c3fdd3fcabf62bf8dbf74beeabe76bee33e6cbf0b*ee13
RX # PAI1,PREDICT,2357,106,3dc1,bd9b,3f39,3e84
TX PAI1,PREDICT,2358,3ee73f2b3fdb3fa8bf85bf86bf1bbec6be4ebec83e65bed2*2712
RX # PAI1,PREDICT,2358,108,3ddb,bde8,3f44,3e69
TX PAI1,PREDICT,2359,3f943b5dbf173e023ea2bf69bdbd3f813ea03e383f213f84*55f2
RX # PAI1,PREDICT,2359,108,be64,bb94,3f59,3ec7
TX PAI1,PREDICT,2360,3ea73f473f8c3f8bbe8fbe983dd33dfb3e9d3e123e66bd09*bafa
RX # PAI1,PREDICT,2360,107,3dd4,3e65,3ee8,3e43
TX PAI1,PREDICT,2361,3fb13dd73fa83fa6c015bed8bd85bef03f033e893e79bce2*ef32
RX # PAI1,PREDICT,2361,107,3e87,bc50,3eba,3ec8
TX PAI1,PREDICT,2362,3fa040343fbd4005c009bf43bec8bcb43ed33db63e1ebf17*3381
RX # PAI1,PREDICT,2362,108,3d33,bd22,3dfc,3f65
TX PAI1,PREDICT,2363,3e703eac3e983ed3be29bec83e953f053e743e043bf2bdc4*b79b
RX # PAI1,PREDICT,2363,105,3b00,3e70,3ebe,3ebd
TX PAI1,INIT,2364,12,32,1,1*a458
RX # PAI1,INIT,2364,12,32,4
TX PAI1,TRAIN,2365,2,c009bed5c00ac0153ff83efc40123f283e673fc3c022bf94*668d
RX # PAI1,TRAIN,2365,1293
TX PAI1,TRAIN,2366,2,4022bf55c01bbf6d3fbf3f513f983fbf3f8d3f93bfe6bfac*cabb
RX # PAI1,TRAIN,2366,1289
TX PAI1,TRAIN,2367,3,3f153ebb3f173f3dbf8bbf9bbeccbe3d3f263e83bd18bee6*138a
RX # PAI1,TRAIN,2367,1292
TX PAI1,TRAIN,2368,4,3de5406f3f844003bf43bfbfbe763f783ead3e45bf12c022*634f
RX # PAI1,TRAIN,2368,1292
TX PAI1,TRAIN,2369,3,3f68bdd8bf4abe263f17bf89bd833f5a3ecc3e6d3f483fdd*1900
RX # PAI1,TRAIN,2369,1289
TX PAI1,TRAIN,2370,3,3f25bfb2bf76bfa03d64bf4fbf2b3d87bea9becb3f724016*99a4
RX # PAI1,TRAIN,2370,1289
TX PAI1,TRAIN,2371,3,3e453f063fa63f7bbf3ebf9cbf19bed2be5abec83dc6bf80*899e
RX # PAI1,TRAIN,2371,1286
TX PAI1,TRAIN,2372,1,bf34bec4bf1bbf643ede3f9dbf54bf9fbf85bf863f033f32*9b0b
RX # PAI1,TRAIN,2372,1290
TX PAI1,TRAIN,2373,4,bce43e593c643de63deebefc3eac3ed23e9f3e34be89bed0*d118
RX # PAI1,TRAIN,2373,1289
TX PAI1,TRAIN,2374,3,3f47bcfb3f843f8dbfdcbfac3f0b3f733f713f42bdc4becc*46e5
RX # PAI1,TRAIN,2374,1289
TX PAI1,TRAIN,2375,3,3e5fbf42bfa6bf8dbf21bf9a3f9f3fa63f4c3f94bf8b3d3c*79e7
RX # PAI1,TRAIN,2375,1287
TX PAI1,TRAIN,2376,4,3d863f213f3e3f443b8dbec73e0e3d503ec93e433dcabe94*53bc
RX # PAI1,TRAIN,2376,1290
TX PAI1,TRAIN,2377,2,4000bf5fbf953ebfbdbc3f723ff23ff340114004bfacbf4e*c713
RX # PAI1,TRAIN,2377,1289
TX PAI1,TRAIN,2378,4,3ef13f7e3eaf3f3c3d9bbe93be7fbc993d9ebe1d3ea7be34*526e
RX # PAI1,TRAIN,2378,1292
TX PAI1,TRAIN,2379,4,bdb73e83beeabeb53e09be97bdb43ec2bc38be04bcf73dfd*1e8d
RX # PAI1,TRAIN,2379,1289
TX PAI1,TRAIN,2380,1,bed3bf4b3f483ecebe383fa1bf8cbf87bfb3bfaa3f9d3f21*51fd
RX # PAI1,TRAIN,2380,1294
TX PAI1,TRAIN,2381,3,3f4f3f543fa83f9ebf16bfa4bf75bef3be85bee63ddebfa0*21ae
RX # PAI1,TRAIN,2381,1292
TX PAI1,TRAIN,2382,2,bff2bde8bf9ebfd8400d3f1b40153f863f283fc9c01cbfbd*9e8d
RX # PAI1,TRAIN,2382,1288
TX PAI1,TRAIN,2383,1,bf7dbf143df3be823f213fb2bf6abf7dbf94bf8c3f3e3f07*99c5
RX # PAI1,TRAIN,2383,1286
TX PAI1,TRAIN,2384,3,beb7bf63bed9bf373e1abf663d063e18bf20bed33f353fbc*d470
RX # PAI1,TRAIN,2384,1290
TX PAI1,TRAIN,2385,3,bdcc3fd53ea43f22bf10bfa4bec2bd653ec23da6bdfdbf2c*ad3f
RX # PAI1,TRAIN,2385,1286
TX PAI1,TRAIN,2386,3,3e8dbf2bbf0cbf2cbfacbf9a3f383e15becd3b00be423e6a*35f3
RX # PAI1,TRAIN,2386,1292
TX PAI1,TRAIN,2387,3,3f7c3d553f4e3f33bfc9bfa0bebabf4d3eb2ba473eb03cb7*1fd4
RX # PAI1,TRAIN,2387,1293
TX PAI1,TRAIN,2388,4,3f91bc0c3f703f77c001bf07bd10bef93f243ea73e04be8e*eea3
RX # PAI1,TRAIN,2388,1292
TX PAI1,TRAIN,2389,2,bf98bfbfbea3bf293fc63f043fba3fb63ff03fecbf643f29*24cb
RX # PAI1,TRAIN,2389,1293
TX PAI1,TRAIN,2390,1,bf93bdb5bf24bf513f973fc1bf32bf9fbf67bf633f053f4b*bb4d
RX # PAI1,TRAIN,2390,1291
TX PAI1,TRAIN,2391,2,bf413f0e3e303ede3f09bdd340163f9040244025bfa1be68*ec72
RX # PAI1,TRAIN,2391,1288
TX PAI1,TRAIN,2392,4,3f243f4a3f213f38bf99bf27be5ebf063cd3be363d7cbf27*b844
RX # PAI1,TRAIN,2392,1289
TX PAI1,TRAIN,2393,1,bf99bfa2bf30bfa03f163fc0bfa0bfc1bfb5bfaf3ec53ef3*e2e0
RX # PAI1,TRAIN,2393,1292
TX PAI1,TRAIN,2394,1,bf7bbed2be53bebc3f6a3f86bf98bfaabfa2bf9d3f5b3f33*0c9a
RX # PAI1,TRAIN,2394,1286
TX PAI1,TRAIN,2395,1,bf69bf633e8bbe1a3ed03fb5bf3ebf95bf96bf8a3f7e3f65*d70d
RX # PAI1,TRAIN,2395,1291
TX PAI1,TRAIN,2396,1,bf64be4c3f173e6e3eb83fa6bf44bfdbbf8ebf863f753f0a*68d9
RX # PAI1,TRAIN,2396,1293
TX PAI1,TRAIN,2397,1,be63bf863ee6bd80bd683f67bf88bf59bfb8bfa53f8f3f5a*d9e7
RX # PAI1,TRAIN,2397,1288
TX PAI1,TRAIN,2398,3,3fa4bf1cbeb0bd233c53bf36befe3f68be72be5b3f7c3fca*409e
RX # PAI1,TRAIN,2398,1293
TX PAI1,TRAIN,2399,4,3f8140243f8b3fdbbfeabf68bec0bda53f043e07bc9fbfab*164a
RX # PAI1,TRAIN,2399,1293
TX PAI1,TRAIN,2400,2,3fae3fb840374012bf7d3f593f353fe73faa3f873d05bf62*6db4
RX # PAI1,TRAIN,2400,1289
TX PAI1,TRAIN,2401,4,3f1b3f11bcd53e9ebf39bf2d3cf0bdf63e9c3e01be5dbf06*2539
RX # PAI1,TRAIN,2401,1290
TX PAI1,TRAIN,2402,1,bf16bea43e9abe4f3ddd3f88bf87bfabbfd0bfbb3f853f2d*b455
RX # PAI1,TRAIN,2402,1290
TX PAI1,TRAIN,2403,4,3f4abd76bf20bed1be36beec3e3d3ee5be08be10bd123e19*c0a9
RX # PAI1,TRAIN,2403,1290
TX PAI1,TRAIN,2404,4,3e8f3fa43f1a3f4abefcbea2bf09bec1bdc5be883ea5bea9*bdc4
RX # PAI1,TRAIN,2404,1288
TX PAI1,TRAIN,2405,3,bf12bf203e53bf3e3f07bf36bef1be97bee8bedb3f393fc1*3dd1
RX # PAI1,TRAIN,2405,1291
TX PAI1,TRAIN,2406,1,bd14bea73f7c3f5f3ea13f91bf97bf86bfbabfaf3fda3f84*0e1c
RX # PAI1,TRAIN,2406,1290
TX PAI1,TRAIN,2407,2,c00bbf06bfdcc00040173f293fa13f943f793f81c004bf87*fd1e
RX # PAI1,TRAIN,2407,1293
TX PAI1,TRAIN,2408,2,3d04bea4bfa5bf8c3e9a3f733fa43fcf3f613f8cbfe8bfa3*6161
RX # PAI1,TRAIN,2408,1292
TX PAI1,TRAIN,2409,1,bea8bede3eecba83be553f9dbf87bfc4bfa0bf993f8c3f59*0127
RX # PAI1,TRAIN,2409,1293
TX PAI1,TRAIN,2410,1,bea8bede3eecba83be553f9dbf87bfc4bfa0bf993f8c3f59*1ff8
RX # PAI1,TRAIN,2410,1293
TX PAI1,TRAIN,2411,4,3e8f3fa43f1a3f4abefcbea2bf09bec1bdc5be883ea5bea9*b459
RX # PAI1,TRAIN,2411,1289
TX PAI1,TRAIN,2412,1,bf34bec4bf1bbf643ede3f9dbf54bf9fbf85bf863f033f32*6e36
RX # PAI1,TRAIN,2412,1293
TX PAI1,TRAIN,2413,2,bf98bfbfbea3bf293fc63f043fba3fb63ff03fecbf643f29*6de6
RX # PAI1,TRAIN,2413,1287
TX PAI1,TRAIN,2414,1,be63bf863ee6bd80bd683f67bf88bf59bfb8bfa53f8f3f5a*8e15
RX # PAI1,TRAIN,2414,1291
TX PAI1,TRAIN,2415,4,3f8140243f8b3fdbbfeabf68bec0bda53f043e07bc9fbfab*db3a
RX # PAI1,TRAIN,2415,1290
TX PAI1,TRAIN,2416,3,3f153ebb3f173f3dbf8bbf9bbeccbe3d3f263e83bd18bee6*120b
RX # PAI1,TRAIN,2416,1290
TX PAI1,TRAIN,2417,3,beb7bf63bed9bf373e1abf663d063e18bf20bed33f353fbc*0c7e
RX # PAI1,TRAIN,2417,1287
TX PAI1,TRAIN,2418,3,3f47bcfb3f843f8dbfdcbfac3f0b3f733f713f42bdc4becc*a49a
RX # PAI1,TRAIN,2418,1291
TX PAI1,TRAIN,2419,3,bf12bf203e53bf3e3f07bf36bef1be97bee8bedb3f393fc1*a56f
RX # PAI1,TRAIN,2419,1291
TX PAI1,TRAIN,2420,2,4022bf55c01bbf6d3fbf3f513f983fbf3f8d3f93bfe6bfac*3bfe
RX # PAI1,TRAIN,2420,1290
TX PAI1,TRAIN,2421,4,3f243f4a3f213f38bf99bf27be5ebf063cd3be363d7cbf27*6f93
RX # PAI1,TRAIN,2421,1293
TX PAI1,TRAIN,2422,4,3f4abd76bf20bed1be36beec3e3d3ee5be08be10bd123e19*b430
RX # PAI1,TRAIN,2422,1286
TX PAI1,TRAIN,2423,1,bed3bf4b3f483ecebe383fa1bf8cbf87bfb3bfaa3f9d3f21*09d6
RX # PAI1,TRAIN,2423,1291
TX PAI1,TRAIN,2424,2,bf413f0e3e303ede3f09bdd340163f9040244025bfa1be68*3004
RX # PAI1,TRAIN,2424,1289
TX PAI1,TRAIN,2425,2,3d04bea4bfa5bf8c3e9a3f733fa43fcf3f613f8cbfe8bfa3*02ba
RX # PAI1,TRAIN,2425,1287
TX PAI1,TRAIN,2426,3,3fa4bf1cbeb0bd233c53bf36befe3f68be72be5b3f7c3fca*fb4b
RX # PAI1,TRAIN,2426,1292
TX PAI1,TRAIN,2427,4,bdb73e83beeabeb53e09be97bdb43ec2bc38be04bcf73dfd*8a57
RX # PAI1,TRAIN,2427,1291
TX PAI1,TRAIN,2428,1,bf16bea43e9abe4f3ddd3f88bf87bfabbfd0bfbb3f853f2d*a76f
RX # PAI1,TRAIN,2428,1291
TX PAI1,TRAIN,2429,2,c009bed5c00ac0153ff83efc40123f283e673fc3c022bf94*8b2b
RX # PAI1,TRAIN,2429,1292
TX PAI1,TRAIN,2430,4,3f91bc0c3f703f77c001bf07bd10bef93f243ea73e04be8e*5ed7
RX # PAI1,TRAIN,2430,1286
TX PAI1,TRAIN,2431,3,3f68bdd8bf4abe263f17bf89bd833f5a3ecc3e6d3f483fdd*867b
RX # PAI1,TRAIN,2431,1288
TX PAI1,TRAIN,2432,3,3e453f063fa63f7bbf3ebf9cbf19bed2be5abec83dc6bf80*feba
RX # PAI1,TRAIN,2432,1287
TX PAI1,TRAIN,2433,1,bf69bf633e8bbe1a3ed03fb5bf3ebf95bf96bf8a3f7e3f65*0947
RX # PAI1,TRAIN,2433,1287
TX PAI1,TRAIN,2434,1,bf7dbf143df3be823f213fb2bf6abf7dbf94bf8c3f3e3f07*b333
RX # PAI1,TRAIN,2434,1290
TX PAI1,TRAIN,2435,1,bd14bea73f7c3f5f3ea13f91bf97bf86bfbabfaf3fda3f84*03f9
RX # PAI1,TRAIN,2435,1286
TX PAI1,TRAIN,2436,4,3d863f213f3e3f443b8dbec73e0e3d503ec93e433dcabe94*a958
RX # PAI1,TRAIN,2436,1288
TX PAI1,TRAIN,2437,3,3e5fbf42bfa6bf8dbf21bf9a3f9f3fa63f4c3f94bf8b3d3c*7583
RX # PAI1,TRAIN,2437,1289
TX PAI1,TRAIN,2438,3,3f7c3d553f4e3f33bfc9bfa0bebabf4d3eb2ba473eb03cb7*df41
RX # PAI1,TRAIN,2438,1289
TX PAI1,TRAIN,2439,2,bff2bde8bf9ebfd8400d3f1b40153f863f283fc9c01cbfbd*a339
RX # PAI1,TRAIN,2439,1291
TX PAI1,TRAIN,2440,2,4000bf5fbf953ebfbdbc3f723ff23ff340114004bfacbf4e*d281
RX # PAI1,TRAIN,2440,1289
TX PAI1,TRAIN,2441,1,bf7bbed2be53bebc3f6a3f86bf98bfaabfa2bf9d3f5b3f33*c087
RX # PAI1,TRAIN,2441,1289
TX PAI1,TRAIN,2442,4,3de5406f3f844003bf43bfbfbe763f783ead3e45bf12c022*9523
RX # PAI1,TRAIN,2442,1289
TX PAI1,TRAIN,2443,2,3fae3fb840374012bf7d3f593f353fe73faa3f873d05bf62*ffc6
RX # PAI1,TRAIN,2443,1293
TX PAI1,TRAIN,2444,1,bf99bfa2bf30bfa03f163fc0bfa0bfc1bfb5bfaf3ec53ef3*d87d
RX # PAI1,TRAIN,2444,1288
TX PAI1,TRAIN,2445,3,bdcc3fd53ea43f22bf10bfa4bec2bd653ec23da6bdfdbf2c*68bf
RX # PAI1,TRAIN,2445,1285
TX PAI1,TRAIN,2446,4,bce43e593c643de63deebefc3eac3ed23e9f3e34be89bed0*320a
RX # PAI1,TRAIN,2446,1291
TX PAI1,TRAIN,2447,2,c00bbf06bfdcc00040173f293fa13f943f793f81c004bf87*e2ac
RX # PAI1,TRAIN,2447,1291
TX PAI1,TRAIN,2448,1,bf93bdb5bf24bf513f973fc1bf32bf9fbf67bf633f053f4b*1b52
RX # PAI1,TRAIN,2448,1289
TX PAI1,TRAIN,2449,3,3e8dbf2bbf0cbf2cbfacbf9a3f383e15becd3b00be423e6a*6af1
RX # PAI1,TRAIN,2449,1287
TX PAI1,TRAIN,2450,4,3ef13f7e3eaf3f3c3d9bbe93be7fbc993d9ebe1d3ea7be34*5282
RX # PAI1,TRAIN,2450,1288
TX PAI1,TRAIN,2451,4,3f1b3f11bcd53e9ebf39bf2d3cf0bdf63e9c3e01be5dbf06*b577
RX # PAI1,TRAIN,2451,1286
TX PAI1,TRAIN,2452,3,3f4f3f543fa83f9ebf16bfa4bf75bef3be85bee63ddebfa0*e612
RX # PAI1,TRAIN,2452,1291
TX PAI1,TRAIN,2453,3,3f25bfb2bf76bfa03d64bf4fbf2b3d87bea9becb3f724016*feeb
RX # PAI1,TRAIN,2453,1289
TX PAI1,TRAIN,2454,1,bf64be4c3f173e6e3eb83fa6bf44bfdbbf8ebf863f753f0a*5bd9
RX # PAI1,TRAIN,2454,1289
TX PAI1,TRAIN,2455,1,bea8bede3eecba83be553f9dbf87bfc4bfa0bf993f8c3f59*862b
RX # PAI1,TRAIN,2455,1288
TX PAI1,TRAIN,2456,4,3e8f3fa43f1a3f4abefcbea2bf09bec1bdc5be883ea5bea9*db0a
RX # PAI1,TRAIN,2456,1290
TX PAI1,TRAIN,2457,3,3e5fbf42bfa6bf8dbf21bf9a3f9f3fa63f4c3f94bf8b3d3c*65e8
RX # PAI1,TRAIN,2457,1290
TX PAI1,TRAIN,2458,1,bf16bea43e9abe4f3ddd3f88bf87bfabbfd0bfbb3f853f2d*38f8
RX # PAI1,TRAIN,2458,1289
TX PAI1,TRAIN,2459,2,4000bf5fbf953ebfbdbc3f723ff23ff340114004bfacbf4e*cc5e
RX # PAI1,TRAIN,2459,1286
TX PAI1,TRAIN,2460,2,c00bbf06bfdcc00040173f293fa13f943f793f81c004bf87*9d94
RX # PAI1,TRAIN,2460,1289
TX PAI1,TRAIN,2461,1,bf7bbed2be53bebc3f6a3f86bf98bfaabfa2bf9d3f5b3f33*cf5e
RX # PAI1,TRAIN,2461,1288
TX PAI1,TRAIN,2462,1,bf64be4c3f173e6e3eb83fa6bf44bfdbbf8ebf863f753f0a*d05d
RX # PAI1,TRAIN,2462,1291
TX PAI1,TRAIN,2463,3,3f4f3f543fa83f9ebf16bfa4bf75bef3be85bee63ddebfa0*1d77
RX # PAI1,TRAIN,2463,1287
TX PAI1,TRAIN,2464,1,bd14bea73f7c3f5f3ea13f91bf97bf86bfbabfaf3fda3f84*e8f7
RX # PAI1,TRAIN,2464,1288
TX PAI1,TRAIN,2465,3,3f68bdd8bf4abe263f17bf89bd833f5a3ecc3e6d3f483fdd*eb14
RX # PAI1,TRAIN,2465,1286
TX PAI1,TRAIN,2466,2,bf413f0e3e303ede3f09bdd340163f9040244025bfa1be68*d936
RX # PAI1,TRAIN,2466,1288
TX PAI1,TRAIN,2467,4,3f243f4a3f213f38bf99bf27be5ebf063cd3be363d7cbf27*7b80
RX # PAI1,TRAIN,2467,1287
TX PAI1,TRAIN,2468,1,bf99bfa2bf30bfa03f163fc0bfa0bfc1bfb5bfaf3ec53ef3*c0e6
RX # PAI1,TRAIN,2468,1289
TX PAI1,TRAIN,2469,4,3d863f213f3e3f443b8dbec73e0e3d503ec93e433dcabe94*a394
RX # PAI1,TRAIN,2469,1289
TX PAI1,TRAIN,2470,3,bf12bf203e53bf3e3f07bf36bef1be97bee8bedb3f393fc1*2427
RX # PAI1,TRAIN,2470,1286
TX PAI1,TRAIN,2471,3,3f153ebb3f173f3dbf8bbf9bbeccbe3d3f263e83bd18bee6*7281
RX # PAI1,TRAIN,2471,1287
TX PAI1,TRAIN,2472,3,beb7bf63bed9bf373e1abf663d063e18bf20bed33f353fbc*9a74
RX # PAI1,TRAIN,2472,1290
TX PAI1,TRAIN,2473,4,bdb73e83beeabeb53e09be97bdb43ec2bc38be04bcf73dfd*e738
RX # PAI1,TRAIN,2473,1287
TX PAI1,TRAIN,2474,4,3de5406f3f844003bf43bfbfbe763f783ead3e45bf12c022*1ea7
RX # PAI1,TRAIN,2474,1286
TX PAI1,TRAIN,2475,3,3f47bcfb3f843f8dbfdcbfac3f0b3f733f713f42bdc4becc*d8f3
RX # PAI1,TRAIN,2475,1291
TX PAI1,TRAIN,2476,4,3f91bc0c3f703f77c001bf07bd10bef93f243ea73e04be8e*4ac4
RX # PAI1,TRAIN,2476,1286
TX PAI1,TRAIN,2477,2,bf98bfbfbea3bf293fc63f043fba3fb63ff03fecbf643f29*80ac
RX # PAI1,TRAIN,2477,1286
TX PAI1,TRAIN,2478,1,be63bf863ee6bd80bd683f67bf88bf59bfb8bfa53f8f3f5a*893c
RX # PAI1,TRAIN,2478,1287
TX PAI1,TRAIN,2479,4,3f8140243f8b3fdbbfeabf68bec0bda53f043e07bc9fbfab*dc13
RX # PAI1,TRAIN,2479,1286
TX PAI1,TRAIN,2480,2,3d04bea4bfa5bf8c3e9a3f733fa43fcf3f613f8cbfe8bfa3*b466
RX # PAI1,TRAIN,2480,1291
TX PAI1,TRAIN,2481,3,3fa4bf1cbeb0bd233c53bf36befe3f68be72be5b3f7c3fca*bb17
RX # PAI1,TRAIN,2481,1292
TX PAI1,TRAIN,2482,4,3f1b3f11bcd53e9ebf39bf2d3cf0bdf63e9c3e01be5dbf06*979d
RX # PAI1,TRAIN,2482,1291
TX PAI1,TRAIN,2483,4,3ef13f7e3eaf3f3c3d9bbe93be7fbc993d9ebe1d3ea7be34*7068
RX # PAI1,TRAIN,2483,1288
TX PAI1,TRAIN,2484,3,3f25bfb2bf76bfa03d64bf4fbf2b3d87bea9becb3f724016*2120
RX # PAI1,TRAIN,2484,1286
TX PAI1,TRAIN,2485,4,3f4abd76bf20bed1be36beec3e3d3ee5be08be10bd123e19*f46c
RX # PAI1,TRAIN,2485,1287
TX PAI1,TRAIN,2486,1,bed3bf4b3f483ecebe383fa1bf8cbf87bfb3bfaa3f9d3f21*bf0a
RX # PAI1,TRAIN,2486,1289
TX PAI1,TRAIN,2487,3,3e453f063fa63f7bbf3ebf9cbf19bed2be5abec83dc6bf80*c79a
RX # PAI1,TRAIN,2487,1287
TX PAI1,TRAIN,2488,3,3e8dbf2bbf0cbf2cbfacbf9a3f383e15becd3b00be423e6a*3167
RX # PAI1,TRAIN,2488,1286
TX PAI1,TRAIN,2489,1,bf34bec4bf1bbf643ede3f9dbf54bf9fbf85bf863f033f32*b90d
RX # PAI1,TRAIN,2489,1288
TX PAI1,TRAIN,2490,1,bf69bf633e8bbe1a3ed03fb5bf3ebf95bf96bf8a3f7e3f65*b43a
RX # PAI1,TRAIN,2490,1290
TX PAI1,TRAIN,2491,2,c009bed5c00ac0153ff83efc40123f283e673fc3c022bf94*de09
RX # PAI1,TRAIN,2491,1288
TX PAI1,TRAIN,2492,3,bdcc3fd53ea43f22bf10bfa4bec2bd653ec23da6bdfdbf2c*b774
RX # PAI1,TRAIN,2492,1289
TX PAI1,TRAIN,2493,4,bce43e593c643de63deebefc3eac3ed23e9f3e34be89bed0*1b41
RX # PAI1,TRAIN,2493,1289
TX PAI1,TRAIN,2494,2,bff2bde8bf9ebfd8400d3f1b40153f863f283fc9c01cbfbd*ff86
RX # PAI1,TRAIN,2494,1292
TX PAI1,TRAIN,2495,1,bf7dbf143df3be823f213fb2bf6abf7dbf94bf8c3f3e3f07*f8ce
RX # PAI1,TRAIN,2495,1287
TX PAI1,TRAIN,2496,2,3fae3fb840374012bf7d3f593f353fe73faa3f873d05bf62*d68d
RX # PAI1,TRAIN,2496,1288
TX PAI1,TRAIN,2497,3,3f7c3d553f4e3f33bfc9bfa0bebabf4d3eb2ba473eb03cb7*757e
RX # PAI1,TRAIN,2497,1288
TX PAI1,TRAIN,2498,2,4022bf55c01bbf6d3fbf3f513f983fbf3f8d3f93bfe6bfac*6edc
RX # PAI1,TRAIN,2498,1291
TX PAI1,TRAIN,2499,1,bf93bdb5bf24bf513f973fc1bf32bf9fbf67bf633f053f4b*cf38
RX # PAI1,TRAIN,2499,1287
TX PAI1,TRAIN,2500,4,3f4abd76bf20bed1be36beec3e3d3ee5be08be10bd123e19*d10e
RX # PAI1,TRAIN,2500,1291
TX PAI1,TRAIN,2501,3,3e453f063fa63f7bbf3ebf9cbf19bed2be5abec83dc6bf80*6f38
RX # PAI1,TRAIN,2501,1286
TX PAI1,TRAIN,2502,3,3f25bfb2bf76bfa03d64bf4fbf2b3d87bea9becb3f724016*8982
RX # PAI1,TRAIN,2502,1292
TX PAI1,TRAIN,2503,3,3e5fbf42bfa6bf8dbf21bf9a3f9f3fa63f4c3f94bf8b3d3c*94e0
RX # PAI1,TRAIN,2503,1288
TX PAI1,TRAIN,2504,1,bf7bbed2be53bebc3f6a3f86bf98bfaabfa2bf9d3f5b3f33*c533
RX # PAI1,TRAIN,2504,1290
TX PAI1,TRAIN,2505,3,3f68bdd8bf4abe263f17bf89bd833f5a3ecc3e6d3f483fdd*6718
RX # PAI1,TRAIN,2505,1288
TX PAI1,TRAIN,2506,3,3f7c3d553f4e3f33bfc9bfa0bebabf4d3eb2ba473eb03cb7*22c1
RX # PAI1,TRAIN,2506,1287
TX PAI1,TRAIN,2507,4,3f8140243f8b3fdbbfeabf68bec0bda53f043e07bc9fbfab*3e21
RX # PAI1,TRAIN,2507,1287
TX PAI1,TRAIN,2508,4,bce43e593c643de63deebefc3eac3ed23e9f3e34be89bed0*501d
RX # PAI1,TRAIN,2508,1292
TX PAI1,TRAIN,2509,3,3f4f3f543fa83f9ebf16bfa4bf75bef3be85bee63ddebfa0*8d98
RX # PAI1,TRAIN,2509,1286
TX PAI1,TRAIN,2510,1,bf93bdb5bf24bf513f973fc1bf32bf9fbf67bf633f053f4b*fd18
RX # PAI1,TRAIN,2510,1290
TX PAI1,TRAIN,2511,1,bea8bede3eecba83be553f9dbf87bfc4bfa0bf993f8c3f59*f8df
RX # PAI1,TRAIN,2511,1286
TX PAI1,TRAIN,2512,3,beb7bf63bed9bf373e1abf663d063e18bf20bed33f353fbc*1678
RX # PAI1,TRAIN,2512,1287
TX PAI1,TRAIN,2513,3,bdcc3fd53ea43f22bf10bfa4bec2bd653ec23da6bdfdbf2c*6f37
RX # PAI1,TRAIN,2513,1287
TX PAI1,TRAIN,2514,1,bf16bea43e9abe4f3ddd3f88bf87bfabbfd0bfbb3f853f2d*ac6f
RX # PAI1,TRAIN,2514,1289
TX PAI1,TRAIN,2515,1,bf64be4c3f173e6e3eb83fa6bf44bfdbbf8ebf863f753f0a*a34c
RX # PAI1,TRAIN,2515,1287
TX PAI1,TRAIN,2516,1,be63bf863ee6bd80bd683f67bf88bf59bfb8bfa53f8f3f5a*e4f2
RX # PAI1,TRAIN,2516,1289
TX PAI1,TRAIN,2517,1,bf7dbf143df3be823f213fb2bf6abf7dbf94bf8c3f3e3f07*ad4d
RX # PAI1,TRAIN,2517,1292
TX PAI1,TRAIN,2518,4,bdb73e83beeabeb53e09be97bdb43ec2bc38be04bcf73dfd*0c97
RX # PAI1,TRAIN,2518,1289
TX PAI1,TRAIN,2519,3,3e8dbf2bbf0cbf2cbfacbf9a3f383e15becd3b00be423e6a*66d8
RX # PAI1,TRAIN,2519,1286
TX PAI1,TRAIN,2520,2,bf413f0e3e303ede3f09bdd340163f9040244025bfa1be68*5142
RX # PAI1,TRAIN,2520,1289
TX PAI1,TRAIN,2521,4,3e8f3fa43f1a3f4abefcbea2bf09bec1bdc5be883ea5bea9*a81b
RX # PAI1,TRAIN,2521,1291
TX PAI1,TRAIN,2522,4,3ef13f7e3eaf3f3c3d9bbe93be7fbc993d9ebe1d3ea7be34*a7f2
RX # PAI1,TRAIN,2522,1287
TX PAI1,TRAIN,2523,2,bf98bfbfbea3bf293fc63f043fba3fb63ff03fecbf643f29*71a4
RX # PAI1,TRAIN,2523,1287
TX PAI1,TRAIN,2524,3,3f47bcfb3f843f8dbfdcbfac3f0b3f733f713f42bdc4becc*af9a
RX # PAI1,TRAIN,2524,1293
TX PAI1,TRAIN,2525,1,bf99bfa2bf30bfa03f163fc0bfa0bfc1bfb5bfaf3ec53ef3*2f31
RX # PAI1,TRAIN,2525,1289
TX PAI1,TRAIN,2526,2,3fae3fb840374012bf7d3f593f353fe73faa3f873d05bf62*f5ab
RX # PAI1,TRAIN,2526,1288
TX PAI1,TRAIN,2527,4,3de5406f3f844003bf43bfbfbe763f783ead3e45bf12c022*9f4e
RX # PAI1,TRAIN,2527,1288
TX PAI1,TRAIN,2528,4,3f243f4a3f213f38bf99bf27be5ebf063cd3be363d7cbf27*62d7
RX # PAI1,TRAIN,2528,1293
TX PAI1,TRAIN,2529,3,3f153ebb3f173f3dbf8bbf9bbeccbe3d3f263e83bd18bee6*94cb
RX # PAI1,TRAIN,2529,1288
TX PAI1,TRAIN,2530,3,bf12bf203e53bf3e3f07bf36bef1be97bee8bedb3f393fc1*a7f2
RX # PAI1,TRAIN,2530,1291
TX PAI1,TRAIN,2531,1,bd14bea73f7c3f5f3ea13f91bf97bf86bfbabfaf3fda3f84*62bf
RX # PAI1,TRAIN,2531,1290
TX PAI1,TRAIN,2532,4,3d863f213f3e3f443b8dbec73e0e3d503ec93e433dcabe94*c81e
RX # PAI1,TRAIN,2532,1286
TX PAI1,TRAIN,2533,2,c00bbf06bfdcc00040173f293fa13f943f793f81c004bf87*1c7d
RX # PAI1,TRAIN,2533,1287
TX PAI1,TRAIN,2534,2,c009bed5c00ac0153ff83efc40123f283e673fc3c022bf94*f4b2
RX # PAI1,TRAIN,2534,1287
TX PAI1,TRAIN,2535,2,bff2bde8bf9ebfd8400d3f1b40153f863f283fc9c01cbfbd*281c
RX # PAI1,TRAIN,2535,1284
TX PAI1,TRAIN,2536,2,4000bf5fbf953ebfbdbc3f723ff23ff340114004bfacbf4e*dad0
RX # PAI1,TRAIN,2536,1287
TX PAI1,TRAIN,2537,2,3d04bea4bfa5bf8c3e9a3f733fa43fcf3f613f8cbfe8bfa3*e7a1
RX # PAI1,TRAIN,2537,1291
TX PAI1,TRAIN,2538,2,4022bf55c01bbf6d3fbf3f513f983fbf3f8d3f93bfe6bfac*c206
RX # PAI1,TRAIN,2538,1290
TX PAI1,TRAIN,2539,1,bf34bec4bf1bbf643ede3f9dbf54bf9fbf85bf863f033f32*9a2b
RX # PAI1,TRAIN,2539,1290
TX PAI1,TRAIN,2540,1,bf69bf633e8bbe1a3ed03fb5bf3ebf95bf96bf8a3f7e3f65*8777
RX # PAI1,TRAIN,2540,1288
TX PAI1,TRAIN,2541,3,3fa4bf1cbeb0bd233c53bf36befe3f68be72be5b3f7c3fca*07a6
RX # PAI1,TRAIN,2541,1289
TX PAI1,TRAIN,2542,4,3f1b3f11bcd53e9ebf39bf2d3cf0bdf63e9c3e01be5dbf06*2b2c
RX # PAI1,TRAIN,2542,1288
TX PAI1,TRAIN,2543,1,bed3bf4b3f483ecebe383fa1bf8cbf87bfb3bfaa3f9d3f21*85da
RX # PAI1,TRAIN,2543,1286
TX PAI1,TRAIN,2544,4,3f91bc0c3f703f77c001bf07bd10bef93f243ea73e04be8e*a006
RX # PAI1,TRAIN,2544,1290
TX PAI1,PREDICT,2545,bf5d3e783ea63e333f873fd2bf51bf95bf51bf623f993f95*ec08
RX # PAI1,PREDICT,2545,104,3f80,3e0a,bece,3e80
TX PAI1,PREDICT,2546,bf2bbf29be82bf3c3e4d3fbabf2bbfafbf22bf383eda3f36*0f1a
RX # PAI1,PREDICT,2546,107,3f6f,3e0a,be48,3de6
TX PAI1,PREDICT,2547,bf8e3e02bf7ebf603faf3fc1bf73bf88bf74bf7e3f2b3f81*3385
RX # PAI1,PREDICT,2547,106,3f6e,3db4,be5a,3e66
TX PAI1,PREDICT,2548,bf9bbf9fbe83bf473f4e3f94be9dbf93bfb2bf843eb13ea4*714b
RX # PAI1,PREDICT,2548,106,3f63,3e26,3e49,be83
TX PAI1,PREDICT,2549,bfa2bf29bf81bfc43fcf3f113fb03f2e3e173f42c002bfd1*9c60
RX # PAI1,PREDICT,2549,107,3dc9,3f77,be30,3e05
TX PAI1,PREDICT,2550,bfe1bf04bf97bfbb3fe93f083f933f623ed63f58bfe7bf99*220b
RX # PAI1,PREDICT,2550,106,3d91,3f5b,bd86,3e14
TX PAI1,PREDICT,2551,bff3bf41bffdc0124018c04a3feabf0f40a54073c110c129*d633
RX # PAI1,PREDICT,2551,107,be17,3f10,be46,3f4b
TX PAI1,PREDICT,2552,3d6b3f973fb33f9dbeffbfa73e5ebed53ed73e8ebc5abf4b*e559
RX # PAI1,PREDICT,2552,107,be04,3e2b,3ef8,3f04
TX PAI1,PREDICT,2553,3eaebfdebfd8bfb23f29bfb43fe83f4b3e213f4cbd0e3fe9*ac5c
RX # PAI1,PREDICT,2553,107,3a40,3e8a,3f86,be8b
TX PAI1,PREDICT,2554,bebf3f3ebf0bbe31ba67bf9ebf36bebabe96bedabe93bf3f*41a6
RX # PAI1,PREDICT,2554,107,3c88,be7d,3f4d,3edf
TX PAI1,PREDICT,2555,bd553e743ef9399cbf56bfacbf36bf02bde3beb5bf0fbfa7*f08a
RX # PAI1,PREDICT,2555,107,bcf6,bdb3,3f5c,3e8e
TX PAI1,PREDICT,2556,bf133f16bee8bec23edbbec5bdd83f0c3e973e5bbe843d5f*df84
RX # PAI1,PREDICT,2556,107,3d96,3e08,3ed7,3ec9
TX PAI1,PREDICT,2557,bf3dbe8dbf19bf3d3ea9bee9befa3ebd3cb5bde0bec6be2c*d1f2
RX # PAI1,PREDICT,2557,106,3e42,3d84,3f2a,3d8b
TX PAI1,PREDICT,2558,be17bed6bf3fbf4dbeadbf003ea83d343cb03dddbf04be15*7071
RX # PAI1,PREDICT,2558,105,3d8d,3e0a,3efb,3ea3
TX PAI1,PREDICT,2559,3d9d3e72be16bdb6be78bef3bd273f9b3e923e5cbd193e50*d201
RX # PAI1,PREDICT,2559,107,bbc8,3df4,3f04,3eb6
TX PAI1,INIT,2560,12,32,1,1*7a74
RX # PAI1,INIT,2560,12,32,4
TX PAI1,TRAIN,2561,2,c001bec9bffbbff33fce3f0040133f403e243fb8bfaebee8*971f
RX # PAI1,TRAIN,2561,1288
TX PAI1,TRAIN,2562,2,bfdebf3bbfe5bfee4001c02b3feabf0b4093406bc0aac0b1*8a92
RX # PAI1,TRAIN,2562,1287
TX PAI1,TRAIN,2563,3,3f833eca3f2f3f61bf98bf7cbeeabe143f0a3e473e2fbd96*98e4
RX # PAI1,TRAIN,2563,1286
TX PAI1,TRAIN,2564,4,3f0040723f8e4004bf64bf9dbe973f8a3e863e07be1fbf99*5c4f
RX # PAI1,TRAIN,2564,1289
TX PAI1,TRAIN,2565,3,3fb1bda3bf253d803ebabf5cbde93f763ea13e2e3f2c3f8c*6635
RX # PAI1,TRAIN,2565,1292
TX PAI1,TRAIN,2566,3,3f8cbfb0bf4fbf6bbe06bf21bf3b3df9beadbee53f463fb7*4f47
RX # PAI1,TRAIN,2566,1288
TX PAI1,TRAIN,2567,3,3f173f0e3faf3f8cbf5fbf7dbf29bec5be6fbee23e81bebd*0627
RX # PAI1,TRAIN,2567,1292
TX PAI1,TRAIN,2568,1,bed2beb7beefbf183e5f3f92bf65bfa3bf7abf8b3f023f0b*9dbc
RX # PAI1,TRAIN,2568,1290
TX PAI1,TRAIN,2569,4,3eb03e763e053e9fbd9abeb53e973efa3e723dee3cf1bd4f*db6b
RX # PAI1,TRAIN,2569,1288
TX PAI1,TRAIN,2570,3,3f9fbb8d3f8e3f9bbfe3bf8c3f023f873f4d3f303e0abd3f*e15a
RX # PAI1,TRAIN,2570,1290
TX PAI1,TRAIN,2571,3,3f1ebf3dbf91bf4abf44bf7a3f9d3fb73f2c3f8abef23e45*7d01
RX # PAI1,TRAIN,2571,1290
TX PAI1,TRAIN,2572,4,3ee53f293f553f67be37be873dc13dd83e9e3e053e823c4e*a8ef
RX # PAI1,TRAIN,2572,1291
TX PAI1,TRAIN,2573,2,bfcbbefdbf82bf8e3fc03f093f903f7d3eab3f45bf69bef4*faa1
RX # PAI1,TRAIN,2573,1290
TX PAI1,TRAIN,2574,4,3eec3e87bcca3e04bed1beaebdb83fac3e5c3e1e3e2e3e8e*c182
RX # PAI1,TRAIN,2574,1289
TX PAI1,TRAIN,2575,4,3e58becabf1abf04befebeba3e943dcabcb93d47bdfb3db8*68d5
RX # PAI1,TRAIN,2575,1287
TX PAI1,TRAIN,2576,1,bdacbf453f5f3f12beb33f96bf95bf89bfa6bfae3f723f02*88fb
RX # PAI1,TRAIN,2576,1289
TX PAI1,TRAIN,2577,3,3fa33f5c3fb03faabf3abf86bf84bee8be8cbeff3e85bf00*1d8e
RX # PAI1,TRAIN,2577,1290
TX PAI1,TRAIN,2578,2,bfdebdb3bf8abfa93fef3f1a40153f953f0c3fbfbfa7bf20*b2b3
RX # PAI1,TRAIN,2578,1292
TX PAI1,TRAIN,2579,1,bf39bf0e3e6cbcb13ecc3fa4bf7cbf80bf8abf913f253ee7*ebd4
RX # PAI1,TRAIN,2579,1289
TX PAI1,TRAIN,2580,3,3ee13f9b3fbb3fa9bf25bf883e32bec83eac3e5d3e3ebe84*2e6e
RX # PAI1,TRAIN,2580,1291
TX PAI1,TRAIN,2581,3,bd243f46bed23d57be3cbf80bf47beabbe9cbef33c95be70*5532
RX # PAI1,TRAIN,2581,1290
TX PAI1,TRAIN,2582,3,3f2fbf25bed2becdbfb7bf7b3f303e53becdbd623d9f3e95*def3
RX # PAI1,TRAIN,2582,1290
TX PAI1,TRAIN,2583,3,3ea23e883f163e56bf75bf8cbf47befabe10becfbe17bf08*69e3
RX # PAI1,TRAIN,2583,1289
TX PAI1,TRAIN,2584,4,3fd23c933f823f8ac003bec5bdacbeee3f083e873e8b3c98*5f72
RX # PAI1,TRAIN,2584,1289
TX PAI1,TRAIN,2585,2,bf73bfbdbe44bec63fa03f063fb83fc83fd23fe1beb33f06*bc51
RX # PAI1,TRAIN,2585,1288
TX PAI1,TRAIN,2586,1,bf68bd7fbf01bf073f693fb1bf43bfa2bf5abf6d3f033f18*4f92
RX # PAI1,TRAIN,2586,1288
TX PAI1,TRAIN,2587,2,bf84bf24bf5bbf963fa93f113fae3f473dba3f30bf87bf36*44b5
RX # PAI1,TRAIN,2587,1290
TX PAI1,TRAIN,2588,4,be873f1ebea4be093e59be86be203f223e643e1c3d123e4a*537d
RX # PAI1,TRAIN,2588,1291
TX PAI1,TRAIN,2589,1,bf76bfa0bf0cbf6c3eb83fb1bfaabfc7bfa7bfb43edb3ed9*0382
RX # PAI1,TRAIN,2589,1290
TX PAI1,TRAIN,2590,1,bf7bbf9dbe06befe3f103f8bbebabf95bfa5bf893ecf3eae*6c9a
RX # PAI1,TRAIN,2590,1289
TX PAI1,TRAIN,2591,1,bf163e8a3edc3ebc3f4c3fc0bf63bf98bf46bf6d3f6d3f4b*0230
RX # PAI1,TRAIN,2591,1292
TX PAI1,TRAIN,2592,1,bf1ebe323f2f3ed73e1a3f9abf55bfe2bf85bf8b3f473eea*508a
RX # PAI1,TRAIN,2592,1289
TX PAI1,TRAIN,2593,1,bf5c3e1ebf57bf153f8a3fb1bf82bf8abf65bf843f1a3f36*1bef
RX # PAI1,TRAIN,2593,1288
TX PAI1,TRAIN,2594,3,3f41bfdcbfc1bf863edcbf933fe83f653dcc3f3a3e303f93*31b6
RX # PAI1,TRAIN,2594,1290
TX PAI1,TRAIN,2595,4,3fbf40273f953fe1bff1bf37beddbd0b3ed83d953e3abf0d*748d
RX # PAI1,TRAIN,2595,1289
TX PAI1,TRAIN,2596,2,3ff23fbc40384011bf8c3f503f2d3ffc3f933f7c3e5abe9d*33d4
RX # PAI1,TRAIN,2596,1290
TX PAI1,TRAIN,2597,4,3f863f193dbb3efbbf5bbf04bc93bd9b3e6d3d8a3d7bbde8*8d6a
RX # PAI1,TRAIN,2597,1289
TX PAI1,TRAIN,2598,1,be8ebe983ed03cd5bdaa3f80bf91bfafbfc0bfbf3f543f08*5c5f
RX # PAI1,TRAIN,2598,1292
TX PAI1,TRAIN,2599,4,bee6be80beecbeeb3dfdbea5bf0c3ee4bcb5be29bd333d9f*4e3a
RX # PAI1,TRAIN,2599,1291
TX PAI1,TRAIN,2600,4,3f303fa83f323f6dbf23be4fbf19beb3be03bea33ec8bc1a*b5a4
RX # PAI1,TRAIN,2600,1290
TX PAI1,TRAIN,2601,3,be84bf1a3ea1beec3e9cbf0cbf07be86bee5bef43f233f7a*551f
RX # PAI1,TRAIN,2601,1291
TX PAI1,TRAIN,2602,1,3eabbe9a3f883f7f3ddf3f88bfa1bf88bfacbfb33f9e3f39*a589
RX # PAI1,TRAIN,2602,1290
TX PAI1,TRAIN,2603,2,c003bf00bfc6bfce40003f263f9e3fa43f543f6fbf89bece*aa1d
RX # PAI1,TRAIN,2603,1290
TX PAI1,TRAIN,2604,2,3ed2be97bf90bf493dc23f663fa13fe33f3f3f83bf6abf05*470b
RX # PAI1,TRAIN,2604,1288
TX PAI1,TRAIN,2605,1,bebdbf24be04beea3b163facbf3cbfb3bf1cbf443ee83f0d*4fbf
RX # PAI1,TRAIN,2605,1290
TX PAI1,TRAIN,2606,1,bebdbf24be04beea3b163facbf3cbfb3bf1cbf443ee83f0d*c27f
RX # PAI1,TRAIN,2606,1294
TX PAI1,TRAIN,2607,4,3f303fa83f323f6dbf23be4fbf19beb3be03bea33ec8bc1a*c545
RX # PAI1,TRAIN,2607,1290
TX PAI1,TRAIN,2608,1,bed2beb7beefbf183e5f3f92bf65bfa3bf7abf8b3f023f0b*395f
RX # PAI1,TRAIN,2608,1290
TX PAI1,TRAIN,2609,2,bf73bfbdbe44bec63fa03f063fb83fc83fd23fe1beb33f06*20ff
RX # PAI1,TRAIN,2609,1289
TX PAI1,TRAIN,2610,1,bf5c3e1ebf57bf153f8a3fb1bf82bf8abf65bf843f1a3f36*1dc3
RX # PAI1,TRAIN,2610,1289
TX PAI1,TRAIN,2611,4,3fbf40273f953fe1bff1bf37beddbd0b3ed83d953e3abf0d*0240
RX # PAI1,TRAIN,2611,1291
TX PAI1,TRAIN,2612,3,3f833eca3f2f3f61bf98bf7cbeeabe143f0a3e473e2fbd96*c8bb
RX # PAI1,TRAIN,2612,1290
TX PAI1,TRAIN,2613,3,3ee13f9b3fbb3fa9bf25bf883e32bec83eac3e5d3e3ebe84*a7be
RX # PAI1,TRAIN,2613,1290
TX PAI1,TRAIN,2614,3,3f9fbb8d3f8e3f9bbfe3bf8c3f023f873f4d3f303e0abd3f*b898
RX # PAI1,TRAIN,2614,1292
TX PAI1,TRAIN,2615,3,be84bf1a3ea1beec3e9cbf0cbf07be86bee5bef43f233f7a*27c2
RX # PAI1,TRAIN,2615,1290
TX PAI1,TRAIN,2616,2,bfdebf3bbfe5bfee4001c02b3feabf0b4093406bc0aac0b1*5cac
RX # PAI1,TRAIN,2616,1292
TX PAI1,TRAIN,2617,4,be873f1ebea4be093e59be86be203f223e643e1c3d123e4a*cdef
RX # PAI1,TRAIN,2617,1291
TX PAI1,TRAIN,2618,4,bee6be80beecbeeb3dfdbea5bf0c3ee4bcb5be29bd333d9f*be96
RX # PAI1,TRAIN,2618,1291
TX PAI1,TRAIN,2619,1,bdacbf453f5f3f12beb33f96bf95bf89bfa6bfae3f723f02*b69a
RX # PAI1,TRAIN,2619,1289
TX PAI1,TRAIN,2620,2,bf84bf24bf5bbf963fa93f113fae3f473dba3f30bf87bf36*b061
RX # PAI1,TRAIN,2620,1289
TX PAI1,TRAIN,2621,2,3ed2be97bf90bf493dc23f663fa13fe33f3f3f83bf6abf05*ceb3
RX # PAI1,TRAIN,2621,1292
TX PAI1,TRAIN,2622,3,3f41bfdcbfc1bf863edcbf933fe83f653dcc3f3a3e303f93*31de
RX # PAI1,TRAIN,2622,1292
TX PAI1,TRAIN,2623,4,3e58becabf1abf04befebeba3e943dcabcb93d47bdfb3db8*47b2
RX # PAI1,TRAIN,2623,1293
TX PAI1,TRAIN,2624,1,be8ebe983ed03cd5bdaa3f80bf91bfafbfc0bfbf3f543f08*40d4
RX # PAI1,TRAIN,2624,1289
TX PAI1,TRAIN,2625,2,c001bec9bffbbff33fce3f0040133f403e243fb8bfaebee8*c104
RX # PAI1,TRAIN,2625,1291
TX PAI1,TRAIN,2626,4,3fd23c933f823f8ac003bec5bdacbeee3f083e873e8b3c98*2dc7
RX # PAI1,TRAIN,2626,1291
TX PAI1,TRAIN,2627,3,3fb1bda3bf253d803ebabf5cbde93f763ea13e2e3f2c3f8c*3b8f
RX # PAI1,TRAIN,2627,1290
TX PAI1,TRAIN,2628,3,3f173f0e3faf3f8cbf5fbf7dbf29bec5be6fbee23e81bebd*379f
RX # PAI1,TRAIN,2628,1290
TX PAI1,TRAIN,2629,1,bf163e8a3edc3ebc3f4c3fc0bf63bf98bf46bf6d3f6d3f4b*e39a
RX # PAI1,TRAIN,2629,1291
TX PAI1,TRAIN,2630,1,bf39bf0e3e6cbcb13ecc3fa4bf7cbf80bf8abf913f253ee7*d1cd
RX # PAI1,TRAIN,2630,1290
TX PAI1,TRAIN,2631,1,3eabbe9a3f883f7f3ddf3f88bfa1bf88bfacbfb33f9e3f39*a86c
RX # PAI1,TRAIN,2631,1289
TX PAI1,TRAIN,2632,4,3ee53f293f553f67be37be873dc13dd83e9e3e053e823c4e*03d5
RX # PAI1,TRAIN,2632,1290
TX PAI1,TRAIN,2633,3,3f1ebf3dbf91bf4abf44bf7a3f9d3fb73f2c3f8abef23e45*20bb
RX # PAI1,TRAIN,2633,1290
TX PAI1,TRAIN,2634,3,3ea23e883f163e56bf75bf8cbf47befabe10becfbe17bf08*12cb
RX # PAI1,TRAIN,2634,1290
TX PAI1,TRAIN,2635,2,bfdebdb3bf8abfa93fef3f1a40153f953f0c3fbfbfa7bf20*758b
RX # PAI1,TRAIN,2635,1291
TX PAI1,TRAIN,2636,2,bfcbbefdbf82bf8e3fc03f093f903f7d3eab3f45bf69bef4*d7fa
RX # PAI1,TRAIN,2636,1289
TX PAI1,TRAIN,2637,1,bf7bbf9dbe06befe3f103f8bbebabf95bfa5bf893ecf3eae*984e
RX # PAI1,TRAIN,2637,1289
TX PAI1,TRAIN,2638,4,3f0040723f8e4004bf64bf9dbe973f8a3e863e07be1fbf99*6fcb
RX # PAI1,TRAIN,2638,1290
TX PAI1,TRAIN,2639,2,3ff23fbc40384011bf8c3f503f2d3ffc3f933f7c3e5abe9d*2d63
RX # PAI1,TRAIN,2639,1291
TX PAI1,TRAIN,2640,1,bf76bfa0bf0cbf6c3eb83fb1bfaabfc7bfa7bfb43edb3ed9*06ff
RX # PAI1,TRAIN,2640,1291
TX PAI1,TRAIN,2641,3,bd243f46bed23d57be3cbf80bf47beabbe9cbef33c95be70*c16c
RX # PAI1,TRAIN,2641,1292
TX PAI1,TRAIN,2642,4,3eb03e763e053e9fbd9abeb53e973efa3e723dee3cf1bd4f*0799
RX # PAI1,TRAIN,2642,1291
TX PAI1,TRAIN,2643,2,c003bf00bfc6bfce40003f263f9e3fa43f543f6fbf89bece*b5af
RX # PAI1,TRAIN,2643,1293
TX PAI1,TRAIN,2644,1,bf68bd7fbf01bf073f693fb1bf43bfa2bf5abf6d3f033f18*2d4c
RX # PAI1,TRAIN,2644,1292
TX PAI1,TRAIN,2645,3,3f2fbf25bed2becdbfb7bf7b3f303e53becdbd623d9f3e95*3a4c
RX # PAI1,TRAIN,2645,1291
TX PAI1,TRAIN,2646,4,3eec3e87bcca3e04bed1beaebdb83fac3e5c3e1e3e2e3e8e*03af
RX # PAI1,TRAIN,2646,1291
TX PAI1,TRAIN,2647,4,3f863f193dbb3efbbf5bbf04bc93bd9b3e6d3d8a3d7bbde8*96c8
RX # PAI1,TRAIN,2647,1292
TX PAI1,TRAIN,2648,3,3fa33f5c3fb03faabf3abf86bf84bee8be8cbeff3e85bf00*b3a1
RX # PAI1,TRAIN,2648,1292
TX PAI1,TRAIN,2649,3,3f8cbfb0bf4fbf6bbe06bf21bf3b3df9beadbee53f463fb7*6e94
RX # PAI1,TRAIN,2649,1292
TX PAI1,TRAIN,2650,1,bf1ebe323f2f3ed73e1a3f9abf55bfe2bf85bf8b3f473eea*3254
RX # PAI1,TRAIN,2650,1292
TX PAI1,TRAIN,2651,1,bebdbf24be04beea3b163facbf3cbfb3bf1cbf443ee83f0d*22d0
RX # PAI1,TRAIN,2651,1291
TX PAI1,TRAIN,2652,4,3f303fa83f323f6dbf23be4fbf19beb3be03bea33ec8bc1a*d36a
RX # PAI1,TRAIN,2652,1291
TX PAI1,TRAIN,2653,3,3f1ebf3dbf91bf4abf44bf7a3f9d3fb73f2c3f8abef23e45*30d0
RX # PAI1,TRAIN,2653,1292
TX PAI1,TRAIN,2654,1,be8ebe983ed03cd5bdaa3f80bf91bfafbfc0bfbf3f543f08*df43
RX # PAI1,TRAIN,2654,1293
TX PAI1,TRAIN,2655,2,bfcbbefdbf82bf8e3fc03f093f903f7d3eab3f45bf69bef4*4a51
RX # PAI1,TRAIN,2655,1292
TX PAI1,TRAIN,2656,2,c003bf00bfc6bfce40003f263f9e3fa43f543f6fbf89bece*bc32
RX # PAI1,TRAIN,2656,1289
TX PAI1,TRAIN,2657,1,bf7bbf9dbe06befe3f103f8bbebabf95bfa5bf893ecf3eae*8825
RX # PAI1,TRAIN,2657,1291
TX PAI1,TRAIN,2658,1,bf1ebe323f2f3ed73e1a3f9abf55bfe2bf85bf8b3f473eea*d837
RX # PAI1,TRAIN,2658,1291
TX PAI1,TRAIN,2659,3,3fa33f5c3fb03faabf3abf86bf84bee8be8cbeff3e85bf00*471d
RX # PAI1,TRAIN,2659,1290
TX PAI1,TRAIN,2660,1,3eabbe9a3f883f7f3ddf3f88bfa1bf88bfacbfb33f9e3f39*4362
RX # PAI1,TRAIN,2660,1291
TX PAI1,TRAIN,2661,3,3fb1bda3bf253d803ebabf5cbde93f763ea13e2e3f2c3f8c*2f9c
RX # PAI1,TRAIN,2661,1290
TX PAI1,TRAIN,2662,2,bf84bf24bf5bbf963fa93f113fae3f473dba3f30bf87bf36*5953
RX # PAI1,TRAIN,2662,1292
TX PAI1,TRAIN,2663,4,be873f1ebea4be093e59be86be203f223e643e1c3d123e4a*af59
RX # PAI1,TRAIN,2663,1287
TX PAI1,TRAIN,2664,1,bf76bfa0bf0cbf6c3eb83fb1bfaabfc7bfa7bfb43edb3ed9*f407
RX # PAI1,TRAIN,2664,1290
TX PAI1,TRAIN,2665,4,3ee53f293f553f67be37be873dc13dd83e9e3e053e823c4e*e37a
RX # PAI1,TRAIN,2665,1291
TX PAI1,TRAIN,2666,3,be84bf1a3ea1beec3e9cbf0cbf07be86bee5bef43f233f7a*3595
RX # PAI1,TRAIN,2666,1293
TX PAI1,TRAIN,2667,3,3f833eca3f2f3f61bf98bf7cbeeabe143f0a3e473e2fbd96*d14d
RX # PAI1,TRAIN,2667,1290
TX PAI1,TRAIN,2668,3,3ee13f9b3fbb3fa9bf25bf883e32bec83eac3e5d3e3ebe84*5f8a
RX # PAI1,TRAIN,2668,1292
TX PAI1,TRAIN,2669,4,3e58becabf1abf04befebeba3e943dcabcb93d47bdfb3db8*44e3
RX # PAI1,TRAIN,2669,1290
TX PAI1,TRAIN,2670,4,3f0040723f8e4004bf64bf9dbe973f8a3e863e07be1fbf99*9a1a
RX # PAI1,TRAIN,2670,1293
TX PAI1,TRAIN,2671,3,3f9fbb8d3f8e3f9bbfe3bf8c3f023f873f4d3f303e0abd3f*2e92
RX # PAI1,TRAIN,2671,1291
TX PAI1,TRAIN,2672,4,3fd23c933f823f8ac003bec5bdacbeee3f083e873e8b3c98*40a8
RX # PAI1,TRAIN,2672,1291
TX PAI1,TRAIN,2673,2,bf73bfbdbe44bec63fa03f063fb83fc83fd23fe1beb33f06*a38b
RX # PAI1,TRAIN,2673,1291
TX PAI1,TRAIN,2674,1,bf5c3e1ebf57bf153f8a3fb1bf82bf8abf65bf843f1a3f36*f089
RX # PAI1,TRAIN,2674,1291
TX PAI1,TRAIN,2675,4,3fbf40273f953fe1bff1bf37beddbd0b3ed83d953e3abf0d*ef0a
RX # PAI1,TRAIN,2675,1291
TX PAI1,TRAIN,2676,2,3ed2be97bf90bf493dc23f663fa13fe33f3f3f83bf6abf05*2e1c
RX # PAI1,TRAIN,2676,1287
TX PAI1,TRAIN,2677,3,3f41bfdcbfc1bf863edcbf933fe83f653dcc3f3a3e303f93*27f1
RX # PAI1,TRAIN,2677,1290
TX PAI1,TRAIN,2678,4,3f863f193dbb3efbbf5bbf04bc93bd9b3e6d3d8a3d7bbde8*8c6f
RX # PAI1,TRAIN,2678,1292
TX PAI1,TRAIN,2679,4,3eec3e87bcca3e04bed1beaebdb83fac3e5c3e1e3e2e3e8e*1908
RX # PAI1,TRAIN,2679,1285
TX PAI1,TRAIN,2680,3,3f8cbfb0bf4fbf6bbe06bf21bf3b3df9beadbee53f463fb7*df61
RX # PAI1,TRAIN,2680,1291
TX PAI1,TRAIN,2681,4,bee6be80beecbeeb3dfdbea5bf0c3ee4bcb5be29bd333d9f*9f2d
RX # PAI1,TRAIN,2681,1291
TX PAI1,TRAIN,2682,1,bdacbf453f5f3f12beb33f96bf95bf89bfa6bfae3f723f02*61a1
RX # PAI1,TRAIN,2682,1293
TX PAI1,TRAIN,2683,3,3f173f0e3faf3f8cbf5fbf7dbf29bec5be6fbee23e81bebd*6081
RX # PAI1,TRAIN,2683,1291
TX PAI1,TRAIN,2684,3,3f2fbf25bed2becdbfb7bf7b3f303e53becdbd623d9f3e95*61da
RX # PAI1,TRAIN,2684,1292
TX PAI1,TRAIN,2685,1,bed2beb7beefbf183e5f3f92bf65bfa3bf7abf8b3f023f0b*6a39
RX # PAI1,TRAIN,2685,1288
TX PAI1,TRAIN,2686,1,bf163e8a3edc3ebc3f4c3fc0bf63bf98bf46bf6d3f6d3f4b*49a5
RX # PAI1,TRAIN,2686,1288
TX PAI1,TRAIN,2687,2,c001bec9bffbbff33fce3f0040133f403e243fb8bfaebee8*0739
RX # PAI1,TRAIN,2687,1292
TX PAI1,TRAIN,2688,3,bd243f46bed23d57be3cbf80bf47beabbe9cbef33c95be70*7099
RX # PAI1,TRAIN,2688,1291
TX PAI1,TRAIN,2689,4,3eb03e763e053e9fbd9abeb53e973efa3e723dee3cf1bd4f*40ec
RX # PAI1,TRAIN,2689,1292
TX PAI1,TRAIN,2690,2,bfdebdb3bf8abfa93fef3f1a40153f953f0c3fbfbfa7bf20*c357
RX # PAI1,TRAIN,2690,1292
TX PAI1,TRAIN,2691,1,bf39bf0e3e6cbcb13ecc3fa4bf7cbf80bf8abf913f253ee7*9a30
RX # PAI1,TRAIN,2691,1291
TX PAI1,TRAIN,2692,2,3ff23fbc40384011bf8c3f503f2d3ffc3f933f7c3e5abe9d*7a7d
RX # PAI1,TRAIN,2692,1289
TX PAI1,TRAIN,2693,3,3ea23e883f163e56bf75bf8cbf47befabe10becfbe17bf08*5297
RX # PAI1,TRAIN,2693,1286
TX PAI1,TRAIN,2694,2,bfdebf3bbfe5bfee4001c02b3feabf0b4093406bc0aac0b1*9548
RX # PAI1,TRAIN,2694,1288
TX PAI1,TRAIN,2695,1,bf68bd7fbf01bf073f693fb1bf43bfa2bf5abf6d3f033f18*f926
RX # PAI1,TRAIN,2695,1292
TX PAI1,TRAIN,2696,4,bee6be80beecbeeb3dfdbea5bf0c3ee4bcb5be29bd333d9f*6030
RX # PAI1,TRAIN,2696,1292
TX PAI1,TRAIN,2697,3,3f173f0e3faf3f8cbf5fbf7dbf29bec5be6fbee23e81bebd*125c
RX # PAI1,TRAIN,2697,1287
TX PAI1,TRAIN,2698,3,3f8cbfb0bf4fbf6bbe06bf21bf3b3df9beadbee53f463fb7*bafe
RX # PAI1,TRAIN,2698,1293
TX PAI1,TRAIN,2699,3,3f1ebf3dbf91bf4abf44bf7a3f9d3fb73f2c3f8abef23e45*0ce5
RX # PAI1,TRAIN,2699,1290
TX PAI1,TRAIN,2700,1,bf7bbf9dbe06befe3f103f8bbebabf95bfa5bf893ecf3eae*f4ed
RX # PAI1,TRAIN,2700,1292
TX PAI1,TRAIN,2701,3,3fb1bda3bf253d803ebabf5cbde93f763ea13e2e3f2c3f8c*a390
RX # PAI1,TRAIN,2701,1292
TX PAI1,TRAIN,2702,3,3ea23e883f163e56bf75bf8cbf47befabe10becfbe17bf08*0528
RX # PAI1,TRAIN,2702,1291
TX PAI1,TRAIN,2703,4,3fbf40273f953fe1bff1bf37beddbd0b3ed83d953e3abf0d*e75b
RX # PAI1,TRAIN,2703,1293
TX PAI1,TRAIN,2704,4,3eb03e763e053e9fbd9abeb53e973efa3e723dee3cf1bd4f*8fed
RX # PAI1,TRAIN,2704,1292
TX PAI1,TRAIN,2705,3,3fa33f5c3fb03faabf3abf86bf84bee8be8cbeff3e85bf00*5c76
RX # PAI1,TRAIN,2705,1292
TX PAI1,TRAIN,2706,1,bf68bd7fbf01bf073f693fb1bf43bfa2bf5abf6d3f033f18*5819
RX # PAI1,TRAIN,2706,1292
TX PAI1,TRAIN,2707,1,bebdbf24be04beea3b163facbf3cbfb3bf1cbf443ee83f0d*2558
RX # PAI1,TRAIN,2707,1293
TX PAI1,TRAIN,2708,3,3ee13f9b3fbb3fa9bf25bf883e32bec83eac3e5d3e3ebe84*d386
RX # PAI1,TRAIN,2708,1292
TX PAI1,TRAIN,2709,3,bd243f46bed23d57be3cbf80bf47beabbe9cbef33c95be70*a8da
RX # PAI1,TRAIN,2709,1286
TX PAI1,TRAIN,2710,1,be8ebe983ed03cd5bdaa3f80bf91bfafbfc0bfbf3f543f08*a1b7
RX # PAI1,TRAIN,2710,1288
TX PAI1,TRAIN,2711,1,bf1ebe323f2f3ed73e1a3f9abf55bfe2bf85bf8b3f473eea*cac1
RX # PAI1,TRAIN,2711,1291
TX PAI1,TRAIN,2712,1,bf5c3e1ebf57bf153f8a3fb1bf82bf8abf65bf843f1a3f36*7724
RX # PAI1,TRAIN,2712,1289
TX PAI1,TRAIN,2713,1,bf39bf0e3e6cbcb13ecc3fa4bf7cbf80bf8abf913f253ee7*cfb3
RX # PAI1,TRAIN,2713,1290
TX PAI1,TRAIN,2714,4,3e58becabf1abf04befebeba3e943dcabcb93d47bdfb3db8*2b11
RX # PAI1,TRAIN,2714,1285
TX PAI1,TRAIN,2715,3,3f2fbf25bed2becdbfb7bf7b3f303e53becdbd623d9f3e95*3665
RX # PAI1,TRAIN,2715,1293
TX PAI1,TRAIN,2716,2,bf84bf24bf5bbf963fa93f113fae3f473dba3f30bf87bf36*a782
RX # PAI1,TRAIN,2716,1292
TX PAI1,TRAIN,2717,4,3f303fa83f323f6dbf23be4fbf19beb3be03bea33ec8bc1a*d6de
RX # PAI1,TRAIN,2717,1290
TX PAI1,TRAIN,2718,4,3eec3e87bcca3e04bed1beaebdb83fac3e5c3e1e3e2e3e8e*ee44
RX # PAI1,TRAIN,2718,1292
TX PAI1,TRAIN,2719,2,bf73bfbdbe44bec63fa03f063fb83fc83fd23fe1beb33f06*3364
RX # PAI1,TRAIN,2719,1290
TX PAI1,TRAIN,2720,3,3f9fbb8d3f8e3f9bbfe3bf8c3f023f873f4d3f303e0abd3f*59fb
RX # PAI1,TRAIN,2720,1287
TX PAI1,TRAIN,2721,1,bf76bfa0bf0cbf6c3eb83fb1bfaabfc7bfa7bfb43edb3ed9*f1b3
RX # PAI1,TRAIN,2721,1288
TX PAI1,TRAIN,2722,2,3ff23fbc40384011bf8c3f503f2d3ffc3f933f7c3e5abe9d*595b
RX # PAI1,TRAIN,2722,1287
TX PAI1,TRAIN,2723,4,3f0040723f8e4004bf64bf9dbe973f8a3e863e07be1fbf99*1bf3
RX # PAI1,TRAIN,2723,1289
TX PAI1,TRAIN,2724,4,be873f1ebea4be093e59be86be203f223e643e1c3d123e4a*5c6d
RX # PAI1,TRAIN,2724,1288
TX PAI1,TRAIN,2725,3,3f833eca3f2f3f61bf98bf7cbeeabe143f0a3e473e2fbd96*a418
RX # PAI1,TRAIN,2725,1292
TX PAI1,TRAIN,2726,3,be84bf1a3ea1beec3e9cbf0cbf07be86bee5bef43f233f7a*b640
RX # PAI1,TRAIN,2726,1292
TX PAI1,TRAIN,2727,1,3eabbe9a3f883f7f3ddf3f88bfa1bf88bfacbfb33f9e3f39*b056
RX # PAI1,TRAIN,2727,1289
TX PAI1,TRAIN,2728,4,3ee53f293f553f67be37be873dc13dd83e9e3e053e823c4e*0cad
RX # PAI1,TRAIN,2728,1286
TX PAI1,TRAIN,2729,2,c003bf00bfc6bfce40003f263f9e3fa43f543f6fbf89bece*2540
RX # PAI1,TRAIN,2729,1291
TX PAI1,TRAIN,2730,2,c001bec9bffbbff33fce3f0040133f403e243fb8bfaebee8*54fe
RX # PAI1,TRAIN,2730,1292
TX PAI1,TRAIN,2731,2,bfdebdb3bf8abfa93fef3f1a40153f953f0c3fbfbfa7bf20*14cd
RX # PAI1,TRAIN,2731,1286
TX PAI1,TRAIN,2732,2,bfcbbefdbf82bf8e3fc03f093f903f7d3eab3f45bf69bef4*b6bc
RX # PAI1,TRAIN,2732,1292
TX PAI1,TRAIN,2733,2,3ed2be97bf90bf493dc23f663fa13fe33f3f3f83bf6abf05*2ba8
RX # PAI1,TRAIN,2733,1291
TX PAI1,TRAIN,2734,2,bfdebf3bbfe5bfee4001c02b3feabf0b4093406bc0aac0b1*3992
RX # PAI1,TRAIN,2734,1288
TX PAI1,TRAIN,2735,1,bed2beb7beefbf183e5f3f92bf65bfa3bf7abf8b3f023f0b*491f
RX # PAI1,TRAIN,2735,1290
TX PAI1,TRAIN,2736,1,bf163e8a3edc3ebc3f4c3fc0bf63bf98bf46bf6d3f6d3f4b*6a83
RX # PAI1,TRAIN,2736,1288
TX PAI1,TRAIN,2737,3,3f41bfdcbfc1bf863edcbf933fe83f653dcc3f3a3e303f93*a424
RX # PAI1,TRAIN,2737,1287
TX PAI1,TRAIN,2738,4,3f863f193dbb3efbbf5bbf04bc93bd9b3e6d3d8a3d7bbde8*0fba
RX # PAI1,TRAIN,2738,1293
TX PAI1,TRAIN,2739,1,bdacbf453f5f3f12beb33f96bf95bf89bfa6bfae3f723f02*2524
RX # PAI1,TRAIN,2739,1291
TX PAI1,TRAIN,2740,4,3fd23c933f823f8ac003bec5bdacbeee3f083e873e8b3c98*aa6a
RX # PAI1,TRAIN,2740,1291
TX PAI1,PREDICT,2741,bf23bf5e3ec23d963e453fa7bf4fbf97bf8cbf8f3f4d3f26*2d2c
RX # PAI1,PREDICT,2741,106,3f82,bc40,3d54,bd98
TX PAI1,PREDICT,2742,3c28bed23f0f3e55bec03f92bf90bfcabf94bf9e3f5d3f1f*6d53
RX # PAI1,PREDICT,2742,107,3f6e,bd9c,3d60,3dca
TX PAI1,PREDICT,2743,3e03bf843f0c3e1cbe713f5cbf92bf5abfaabfaa3f613f20*89fe
RX # PAI1,PREDICT,2743,108,3f5a,3c00,3e72,bd92
TX PAI1,PREDICT,2744,bf37bec5bda9bdfc3f293f7cbfa2bfaebf97bfa13f373f0b*3e49
RX # PAI1,PREDICT,2744,105,3f72,bd70,3dee,bc60
TX PAI1,PREDICT,2745,beed3f163e913f1a3ea1bc8240163fa04010401fbf133d3e*585b
RX # PAI1,PREDICT,2745,105,bebd,3f14,3e2c,3f27
TX PAI1,PREDICT,2746,4027bf5abf813f0cbe893f663ff240043fff3ffebf21be87*3e49
RX # PAI1,PREDICT,2746,108,bdc5,3f3c,3e3f,3e3a
TX PAI1,PREDICT,2747,404cbf50c00ebf213f9a3f493f963fd23f733f89bf67bf0e*61a3
RX # PAI1,PREDICT,2747,108,bd23,3f2b,3ea7,bb70
TX PAI1,PREDICT,2748,bcc3bf5ebe95bee0bd34bf35bc6b3e57bf1abeed3f203f75*c708
RX # PAI1,PREDICT,2748,108,3e2a,be8c,3f79,3dfa
TX PAI1,PREDICT,2749,3fe6bf16be5c3e31be2fbf0cbf0e3f82be82be893f4c3f82*2f99
RX # PAI1,PREDICT,2749,108,3c44,bdc3,3f35,3eac
TX PAI1,PREDICT,2750,3e873fda3eda3f48bf35bf86bedfbc003e983cb73df2be46*c18e
RX # PAI1,PREDICT,2750,107,be40,be02,3ee9,3f56
TX PAI1,PREDICT,2751,3fbc3da23f653f58bfd2bf82bed7bf4c3e8abd6d3ecf3e38*cde4
RX # PAI1,PREDICT,2751,107,3d88,be52,3f4a,3eb0
TX PAI1,PREDICT,2752,3f8b3f523f393f5cbfa5befebe8abf01bc9abe6e3e6dbe3b*eba6
RX # PAI1,PREDICT,2752,108,3e04,bd7c,3ec2,3f0d
TX PAI1,PREDICT,2753,3fa1bd0bbef9be25beb2bea83e103f07be25be483e303e7f*60f6
RX # PAI1,PREDICT,2753,107,3d64,3e10,3ed8,3ec0
TX PAI1,PREDICT,2754,3e8d3e91bea6bde2bd71be3cbe0d3ee9bd55be3c3e333e70*df79
RX # PAI1,PREDICT,2754,106,3e0a,3dc4,3e8f,3ef3
TX PAI1,PREDICT,2755,3f663f833ee43f60bde7be34be9b3d023ce0be553ec93d96*e077
RX # PAI1,PREDICT,2755,108,3e06,3dc8,3e7c,3f00
TX PAI1,INIT,2756,12,32,1,1*04d9
RX # PAI1,INIT,2756,12,32,4
TX PAI1,TRAIN,2757,2,400ebf78bf893f13be5d3f6f3fff3ffa3fe93ff3bf39bea8*8322
RX # PAI1,TRAIN,2757,1287
TX PAI1,TRAIN,2758,2,bfe5bf0bbf8abfbc3fe93f0e3f983f6c3e853f3bbf82bf0d*59f2
RX # PAI1,TRAIN,2758,1293
TX PAI1,TRAIN,2759,3,3d033eb73f243e24bf81bf92bf52bef9be3cbecebe5abf1c*fde5
RX # PAI1,TRAIN,2759,1289
TX PAI1,TRAIN,2760,4,3f6e3a53bf01be98be9dbeae3e173ef6be4fbe4e3dfb3e51*e418
RX # PAI1,TRAIN,2760,1291
TX PAI1,TRAIN,2761,3,3e963f333fbd3fa0bf68bf83bf32bec6be8abee03e54bee1*1e31
RX # PAI1,TRAIN,2761,1288
TX PAI1,TRAIN,2762,3,3fbabf27be5d3decbdd6bf11bf163f72be94be8a3f473f80*da37
RX # PAI1,TRAIN,2762,1286
TX PAI1,TRAIN,2763,3,3f733f873fbf3fc6bf3ebf8bbf8bbee8be9ebefc3e5cbf14*db04
RX # PAI1,TRAIN,2763,1288
TX PAI1,TRAIN,2764,1,bf2abec4bef9bf563eaf3f97bf72bf9ebf78bf873ef43f02*df70
RX # PAI1,TRAIN,2764,1291
TX PAI1,TRAIN,2765,4,3d6d3ea63e1d3e923bb7bebd3e9f3ee33e2e3dcbbcdcbddb*82cb
RX # PAI1,TRAIN,2765,1292
TX PAI1,TRAIN,2766,3,be97bf7cbe99bf243d2bbf3cbc883e37bf1dbeea3f1a3f71*746f
RX # PAI1,TRAIN,2766,1293
TX PAI1,TRAIN,2767,2,4033bf6cc017bf603fbc3f503f9e3fc53f563f83bf81bf21*6ffa
RX # PAI1,TRAIN,2767,1292
TX PAI1,TRAIN,2768,4,3e213f533f673f82bde8be8d3dc93da43e753de73e56bd29*9044
RX # PAI1,TRAIN,2768,1291
TX PAI1,TRAIN,2769,2,bfa1bf38bf67bfc73fcd3f173fb73f383d0a3f26bf95bf4b*a7cd
RX # PAI1,TRAIN,2769,1291
TX PAI1,TRAIN,2770,4,3e2d3eb5bc483d77bec0beb5bdc43fa13e193e0b3df93e70*df7c
RX # PAI1,TRAIN,2770,1293
TX PAI1,TRAIN,2771,4,bd90bedabf21bf3dbef4bec23e9b3d96bd943d0cbe3f3d20*a3d5
RX # PAI1,TRAIN,2771,1291
TX PAI1,TRAIN,2772,1,be19bf973f1a3db7be363f64bf9abf54bfa6bfa53f5e3f19*6b57
RX # PAI1,TRAIN,2772,1288
TX PAI1,TRAIN,2773,3,3ec4bf39bedabf17bfc7bf823f393e34bedabd873cc43e7e*1183
RX # PAI1,TRAIN,2773,1289
TX PAI1,TRAIN,2774,2,bff8bf53bff3c019401ac0323ff6bf0a40884061c0b5c0b9*df7a
RX # PAI1,TRAIN,2774,1291
TX PAI1,TRAIN,2775,1,be86bee43f1d3e22bead3f98bf98bfc3bf92bf9a3f5a3f18*91e8
RX # PAI1,TRAIN,2775,1292
TX PAI1,TRAIN,2776,3,3f87bd5abf2dbcae3f02bf64bdf83f653e7a3e1b3f263f8b*aaba
RX # PAI1,TRAIN,2776,1292
TX PAI1,TRAIN,2777,3,3ee7c000bfcdbfb33f16bf993ff43f553d2c3f303dfc3f91*7d89
RX # PAI1,TRAIN,2777,1293
TX PAI1,TRAIN,2778,3,3ea4bf55bf9abf89bf4abf813fa53fab3f143f83bf0e3e15*78bd
RX # PAI1,TRAIN,2778,1290
TX PAI1,TRAIN,2779,3,be9f3f75bed9bd0abdf4bf85bf52beadbeacbef1bd1ebe98*19fe
RX # PAI1,TRAIN,2779,1293
TX PAI1,TRAIN,2780,4,3fa63d7f3f8d3f9ec011becdbdb8beed3ee53e773e6abd10*61ab
RX # PAI1,TRAIN,2780,1289
TX PAI1,TRAIN,2781,4,3f173fa03efc3f7bbd19be3bbea43c24bcd2be5a3eb63cb2*9975
RX # PAI1,TRAIN,2781,1285
TX PAI1,TRAIN,2782,1,bf75bed5bd98be803f5a3f83bfaabfa9bf94bf9d3f323f03*46c9
RX # PAI1,TRAIN,2782,1290
TX PAI1,TRAIN,2783,2,3dfabe9ebf99bf883e4e3f6f3faa3fd63f263f79bf82bf18*a1a2
RX # PAI1,TRAIN,2783,1292
TX PAI1,TRAIN,2784,4,bf063f45bea9be873eacbe8bbe2a3f153e213e0abca73e1a*1aa6
RX # PAI1,TRAIN,2784,1292
TX PAI1,TRAIN,2785,1,bf20bf38bdffbf293dc23fb2bf46bfadbf1fbf403ed73f04*fcc4
RX # PAI1,TRAIN,2785,1288
TX PAI1,TRAIN,2786,1,bf62bf7c3ed7bc043ea13faebf5abf93bf8abf8b3f493f1f*9b09
RX # PAI1,TRAIN,2786,1289
TX PAI1,TRAIN,2787,1,bf09be9f3ee6bd88bb5a3f85bf99bfaabfbabfba3f513eff*fa0d
RX # PAI1,TRAIN,2787,1286
TX PAI1,TRAIN,2788,3,3f923e093f793f71bfe5bf87bee3bf483e4ebd8c3ebc3e08*b28c
RX # PAI1,TRAIN,2788,1288
TX PAI1,TRAIN,2789,1,bf8c3e65bf62bf523fab3fb8bf89bf86bf64bf813f133f2f*864c
RX # PAI1,TRAIN,2789,1289
TX PAI1,TRAIN,2790,3,3e183fbd3fcb3fc4bf26bf8d3e3abec93e863e483e0cbea5*f69e
RX # PAI1,TRAIN,2790,1293
TX PAI1,TRAIN,2791,1,bf5dbe293f3f3ed73e873fa0bf61bfdabf83bf883f423ed8*959c
RX # PAI1,TRAIN,2791,1292
TX PAI1,TRAIN,2792,4,3f9540493fa14005c004bf3ebeeabd583eb03d6b3e08bf21*ba3d
RX # PAI1,TRAIN,2792,1290
TX PAI1,TRAIN,2793,2,bf97bfdbbe43bf133fc33f0b3fc23fbc3fbe3fd7beda3efa*a2f6
RX # PAI1,TRAIN,2793,1292
TX PAI1,TRAIN,2794,4,bbfb3ec1beabbe713ccbbe44be163ed4bdcdbe423e013e42*5780
RX # PAI1,TRAIN,2794,1292
TX PAI1,TRAIN,2795,1,bf92bd06bf06bf403f913fb8bf4dbf9dbf59bf683ef63f10*2e4f
RX # PAI1,TRAIN,2795,1289
TX PAI1,TRAIN,2796,4,bf34be83bef6bf2a3e70beabbf143ecfbd93be2fbdd43cd6*08fe
RX # PAI1,TRAIN,2796,1292
TX PAI1,TRAIN,2797,4,3f453f813f4a3f77bfb2bf04be92bf00bd8dbe723e3dbe7b*863a
RX # PAI1,TRAIN,2797,1289
TX PAI1,TRAIN,2798,3,bc9b40043ef03f5ebf38bf8bbeebbce33e693c113d87be82*da64
RX # PAI1,TRAIN,2798,1292
TX PAI1,TRAIN,2799,1,bf9bbfb5be01bf363f3d3f90bec4bf91bfa1bf853ebc3e99*3609
RX # PAI1,TRAIN,2799,1292
TX PAI1,TRAIN,2800,2,bf373f3d3ea23f253ee8bc8b401e3f9640044018bf29bbcc*90b5
RX # PAI1,TRAIN,2800,1291
TX PAI1,TRAIN,2801,2,3fc53fe54046402dbf963f583f363fed3f833f6f3e2abebf*b182
RX # PAI1,TRAIN,2801,1292
TX PAI1,TRAIN,2802,1,bf563eb93ef33eb63f813fc8bf6fbf93bf47bf683f6b3f45*6577
RX # PAI1,TRAIN,2802,1290
TX PAI1,TRAIN,2803,1,bf8c3e65bf62bf523fab3fb8bf89bf86bf64bf813f133f2f*e321
RX # PAI1,TRAIN,2803,1291
TX PAI1,TRAIN,2804,4,3f173fa03efc3f7bbd19be3bbea43c24bcd2be5a3eb63cb2*669a
RX # PAI1,TRAIN,2804,1289
TX PAI1,TRAIN,2805,4,3f453f813f4a3f77bfb2bf04be92bf00bd8dbe723e3dbe7b*86c8
RX # PAI1,TRAIN,2805,1287
TX PAI1,TRAIN,2806,2,3dfabe9ebf99bf883e4e3f6f3faa3fd63f263f79bf82bf18*5e4d
RX # PAI1,TRAIN,2806,1290
TX PAI1,TRAIN,2807,3,bc9b40043ef03f5ebf38bf8bbeebbce33e693c113d87be82*b694
RX # PAI1,TRAIN,2807,1288
TX PAI1,TRAIN,2808,3,3e183fbd3fcb3fc4bf26bf8d3e3abec93e863e483e0cbea5*ea8f
RX # PAI1,TRAIN,2808,1289
TX PAI1,TRAIN,2809,3,3d033eb73f243e24bf81bf92bf52bef9be3cbecebe5abf1c*2b41
RX # PAI1,TRAIN,2809,1293
TX PAI1,TRAIN,2810,3,3f87bd5abf2dbcae3f02bf64bdf83f653e7a3e1b3f263f8b*f79a
RX # PAI1,TRAIN,2810,1292
TX PAI1,TRAIN,2811,1,bf5dbe293f3f3ed73e873fa0bf61bfdabf83bf883f423ed8*ec12
RX # PAI1,TRAIN,2811,1293
TX PAI1,TRAIN,2812,4,3f9540493fa14005c004bf3ebeeabd583eb03d6b3e08bf21*c3b3
RX # PAI1,TRAIN,2812,1292
TX PAI1,TRAIN,2813,2,bfe5bf0bbf8abfbc3fe93f0e3f983f6c3e853f3bbf82bf0d*6709
RX # PAI1,TRAIN,2813,1292
TX PAI1,TRAIN,2814,1,bf9bbfb5be01bf363f3d3f90bec4bf91bfa1bf853ebc3e99*2385
RX # PAI1,TRAIN,2814,1288
TX PAI1,TRAIN,2815,1,bf20bf38bdffbf293dc23fb2bf46bfadbf1fbf403ed73f04*0ab6
RX # PAI1,TRAIN,2815,1287
TX PAI1,TRAIN,2816,3,be97bf7cbe99bf243d2bbf3cbc883e37bf1dbeea3f1a3f71*ad12
RX # PAI1,TRAIN,2816,1290
TX PAI1,TRAIN,2817,4,bf063f45bea9be873eacbe8bbe2a3f153e213e0abca73e1a*6114
RX # PAI1,TRAIN,2817,1293
TX PAI1,TRAIN,2818,4,bf34be83bef6bf2a3e70beabbf143ecfbd93be2fbdd43cd6*90b2
RX # PAI1,TRAIN,2818,1290
TX PAI1,TRAIN,2819,2,3fc53fe54046402dbf963f583f363fed3f833f6f3e2abebf*d41d
RX # PAI1,TRAIN,2819,1288
TX PAI1,TRAIN,2820,1,bf92bd06bf06bf403f913fb8bf4dbf9dbf59bf683ef63f10*5185
RX # PAI1,TRAIN,2820,1288
TX PAI1,TRAIN,2821,4,bd90bedabf21bf3dbef4bec23e9b3d96bd943d0cbe3f3d20*7571
RX # PAI1,TRAIN,2821,1292
TX PAI1,TRAIN,2822,1,bf09be9f3ee6bd88bb5a3f85bf99bfaabfbabfba3f513eff*0a3b
RX # PAI1,TRAIN,2822,1292
TX PAI1,TRAIN,2823,2,400ebf78bf893f13be5d3f6f3fff3ffa3fe93ff3bf39bea8*a77e
RX # PAI1,TRAIN,2823,1292
TX PAI1,TRAIN,2824,4,3fa63d7f3f8d3f9ec011becdbdb8beed3ee53e773e6abd10*eadd
RX # PAI1,TRAIN,2824,1294
TX PAI1,TRAIN,2825,3,3f733f873fbf3fc6bf3ebf8bbf8bbee8be9ebefc3e5cbf14*89fd
RX # PAI1,TRAIN,2825,1294
TX PAI1,TRAIN,2826,3,3e963f333fbd3fa0bf68bf83bf32bec6be8abee03e54bee1*3788
RX # PAI1,TRAIN,2826,1293
TX PAI1,TRAIN,2827,1,bf563eb93ef33eb63f813fc8bf6fbf93bf47bf683f6b3f45*eccf
RX # PAI1,TRAIN,2827,1293
TX PAI1,TRAIN,2828,1,be86bee43f1d3e22bead3f98bf98bfc3bf92bf9a3f5a3f18*2b4e
RX # PAI1,TRAIN,2828,1288
TX PAI1,TRAIN,2829,1,bf62bf7c3ed7bc043ea13faebf5abf93bf8abf8b3f493f1f*77dc
RX # PAI1,TRAIN,2829,1293
TX PAI1,TRAIN,2830,4,3e213f533f673f82bde8be8d3dc93da43e753de73e56bd29*ac83
RX # PAI1,TRAIN,2830,1288
TX PAI1,TRAIN,2831,2,4033bf6cc017bf603fbc3f503f9e3fc53f563f83bf81bf21*b2ff
RX # PAI1,TRAIN,2831,1288
TX PAI1,TRAIN,2832,3,be9f3f75bed9bd0abdf4bf85bf52beadbeacbef1bd1ebe98*2705
RX # PAI1,TRAIN,2832,1287
TX PAI1,TRAIN,2833,2,bff8bf53bff3c019401ac0323ff6bf0a40884061c0b5c0b9*f6c3
RX # PAI1,TRAIN,2833,1292
TX PAI1,TRAIN,2834,1,be19bf973f1a3db7be363f64bf9abf54bfa6bfa53f5e3f19*39ae
RX # PAI1,TRAIN,2834,1293
TX PAI1,TRAIN,2835,2,bfa1bf38bf67bfc73fcd3f173fb73f383d0a3f26bf95bf4b*662b
RX # PAI1,TRAIN,2835,1286
TX PAI1,TRAIN,2836,4,3f6e3a53bf01be98be9dbeae3e173ef6be4fbe4e3dfb3e51*391d
RX # PAI1,TRAIN,2836,1288
TX PAI1,TRAIN,2837,2,bf97bfdbbe43bf133fc33f0b3fc23fbc3fbe3fd7beda3efa*2980
RX # PAI1,TRAIN,2837,1288
TX PAI1,TRAIN,2838,1,bf75bed5bd98be803f5a3f83bfaabfa9bf94bf9d3f323f03*a381
RX # PAI1,TRAIN,2838,1289
TX PAI1,TRAIN,2839,3,3ee7c000bfcdbfb33f16bf993ff43f553d2c3f303dfc3f91*c513
RX # PAI1,TRAIN,2839,1289
TX PAI1,TRAIN,2840,4,3d6d3ea63e1d3e923bb7bebd3e9f3ee33e2e3dcbbcdcbddb*4d99
RX # PAI1,TRAIN,2840,1287
TX PAI1,TRAIN,2841,2,bf373f3d3ea23f253ee8bc8b401e3f9640044018bf29bbcc*f447
RX # PAI1,TRAIN,2841,1290
TX PAI1,TRAIN,2842,1,bf2abec4bef9bf563eaf3f97bf72bf9ebf78bf873ef43f02*9de2
RX # PAI1,TRAIN,2842,1290
TX PAI1,TRAIN,2843,3,3ea4bf55bf9abf89bf4abf813fa53fab3f143f83bf0e3e15*d9d1
RX # PAI1,TRAIN,2843,1289
TX PAI1,TRAIN,2844,4,3e2d3eb5bc483d77bec0beb5bdc43fa13e193e0b3df93e70*e492
RX # PAI1,TRAIN,2844,1291
TX PAI1,TRAIN,2845,4,bbfb3ec1beabbe713ccbbe44be163ed4bdcdbe423e013e42*c500
RX # PAI1,TRAIN,2845,1292
TX PAI1,TRAIN,2846,3,3ec4bf39bedabf17bfc7bf823f393e34bedabd873cc43e7e*512d
RX # PAI1,TRAIN,2846,1290
TX PAI1,TRAIN,2847,3,3fbabf27be5d3decbdd6bf11bf163f72be94be8a3f473f80*1565
RX # PAI1,TRAIN,2847,1286
TX PAI1,TRAIN,2848,3,3f923e093f793f71bfe5bf87bee3bf483e4ebd8c3ebc3e08*d4b0
RX # PAI1,TRAIN,2848,1292
TX PAI1,TRAIN,2849,2,3dfabe9ebf99bf883e4e3f6f3faa3fd63f263f79bf82bf18*db7d
RX # PAI1,TRAIN,2849,1288
TX PAI1,TRAIN,2850,1,be86bee43f1d3e22bead3f98bf98bfc3bf92bf9a3f5a3f18*5eba
RX # PAI1,TRAIN,2850,1289
TX PAI1,TRAIN,2851,4,3f453f813f4a3f77bfb2bf04be92bf00bd8dbe723e3dbe7b*eba7
RX # PAI1,TRAIN,2851,1288
TX PAI1,TRAIN,2852,2,4033bf6cc017bf603fbc3f503f9e3fc53f563f83bf81bf21*2f54
RX # PAI1,TRAIN,2852,1288
TX PAI1,TRAIN,2853,3,3f87bd5abf2dbcae3f02bf64bdf83f653e7a3e1b3f263f8b*65e8
RX # PAI1,TRAIN,2853,1289
TX PAI1,TRAIN,2854,2,bf97bfdbbe43bf133fc33f0b3fc23fbc3fbe3fd7beda3efa*b42b
RX # PAI1,TRAIN,2854,1292
TX PAI1,TRAIN,2855,3,3d033eb73f243e24bf81bf92bf52bef9be3cbecebe5abf1c*ac4d
RX # PAI1,TRAIN,2855,1291
TX PAI1,TRAIN,2856,3,3ec4bf39bedabf17bfc7bf823f393e34bedabd873cc43e7e*ded1
RX # PAI1,TRAIN,2856,1289
TX PAI1,TRAIN,2857,3,bc9b40043ef03f5ebf38bf8bbeebbce33e693c113d87be82*26da
RX # PAI1,TRAIN,2857,1292
TX PAI1,TRAIN,2858,3,be97bf7cbe99bf243d2bbf3cbc883e37bf1dbeea3f1a3f71*5362
RX # PAI1,TRAIN,2858,1286
TX PAI1,TRAIN,2859,3,3e963f333fbd3fa0bf68bf83bf32bec6be8abee03e54bee1*329d
RX # PAI1,TRAIN,2859,1290
TX PAI1,TRAIN,2860,2,bf373f3d3ea23f253ee8bc8b401e3f9640044018bf29bbcc*80de
RX # PAI1,TRAIN,2860,1290
TX PAI1,TRAIN,2861,1,bf92bd06bf06bf403f913fb8bf4dbf9dbf59bf683ef63f10*3577
RX # PAI1,TRAIN,2861,1293
TX PAI1,TRAIN,2862,2,bfa1bf38bf67bfc73fcd3f173fb73f383d0a3f26bf95bf4b*8684
RX # PAI1,TRAIN,2862,1291
TX PAI1,TRAIN,2863,1,bf2abec4bef9bf563eaf3f97bf72bf9ebf78bf873ef43f02*e97b
RX # PAI1,TRAIN,2863,1288
TX PAI1,TRAIN,2864,1,bf20bf38bdffbf293dc23fb2bf46bfadbf1fbf403ed73f04*ee61
RX # PAI1,TRAIN,2864,1288
TX PAI1,TRAIN,2865,1,bf62bf7c3ed7bc043ea13faebf5abf93bf8abf8b3f493f1f*7f2c
RX # PAI1,TRAIN,2865,1288
TX PAI1,TRAIN,2866,4,bf063f45bea9be873eacbe8bbe2a3f153e213e0abca73e1a*85c3
RX # PAI1,TRAIN,2866,1292
TX PAI1,TRAIN,2867,3,3fbabf27be5d3decbdd6bf11bf163f72be94be8a3f473f80*1abc
RX # PAI1,TRAIN,2867,1290
TX PAI1,TRAIN,2868,1,bf09be9f3ee6bd88bb5a3f85bf99bfaabfbabfba3f513eff*096a
RX # PAI1,TRAIN,2868,1291
TX PAI1,TRAIN,2869,1,bf563eb93ef33eb63f813fc8bf6fbf93bf47bf683f6b3f45*12bf
RX # PAI1,TRAIN,2869,1289
TX PAI1,TRAIN,2870,4,3e213f533f673f82bde8be8d3dc93da43e753de73e56bd29*b331
RX # PAI1,TRAIN,2870,1290
TX PAI1,TRAIN,2871,2,bfe5bf0bbf8abfbc3fe93f0e3f983f6c3e853f3bbf82bf0d*81e2
RX # PAI1,TRAIN,2871,1294
TX PAI1,TRAIN,2872,2,3fc53fe54046402dbf963f583f363fed3f833f6f3e2abebf*a3d5
RX # PAI1,TRAIN,2872,1291
TX PAI1,TRAIN,2873,4,bd90bedabf21bf3dbef4bec23e9b3d96bd943d0cbe3f3d20*13bf
RX # PAI1,TRAIN,2873,1289
TX PAI1,TRAIN,2874,4,3f6e3a53bf01be98be9dbeae3e173ef6be4fbe4e3dfb3e51*d02f
RX # PAI1,TRAIN,2874,1291
TX PAI1,TRAIN,2875,4,bf34be83bef6bf2a3e70beabbf143ecfbd93be2fbdd43cd6*ecdb
RX # PAI1,TRAIN,2875,1292
TX PAI1,TRAIN,2876,4,3fa63d7f3f8d3f9ec011becdbdb8beed3ee53e773e6abd10*8c13
RX # PAI1,TRAIN,2876,1292
TX PAI1,TRAIN,2877,4,3f173fa03efc3f7bbd19be3bbea43c24bcd2be5a3eb63cb2*74cd
RX # PAI1,TRAIN,2877,1287
TX PAI1,TRAIN,2878,1,be19bf973f1a3db7be363f64bf9abf54bfa6bfa53f5e3f19*315e
RX # PAI1,TRAIN,2878,1291
TX PAI1,TRAIN,2879,3,3f923e093f793f71bfe5bf87bee3bf483e4ebd8c3ebc3e08*2fd5
RX # PAI1,TRAIN,2879,1285
TX PAI1,TRAIN,2880,4,3f9540493fa14005c004bf3ebeeabd583eb03d6b3e08bf21*85ab
RX # PAI1,TRAIN,2880,1291
TX PAI1,TRAIN,2881,1,bf75bed5bd98be803f5a3f83bfaabfa9bf94bf9d3f323f03*8de3
RX # PAI1,TRAIN,2881,1290
TX PAI1,TRAIN,2882,3,3e183fbd3fcb3fc4bf26bf8d3e3abec93e863e483e0cbea5*c908
RX # PAI1,TRAIN,2882,1289
TX PAI1,TRAIN,2883,4,bbfb3ec1beabbe713ccbbe44be163ed4bdcdbe423e013e42*ee77
RX # PAI1,TRAIN,2883,1287
TX PAI1,TRAIN,2884,4,3e2d3eb5bc483d77bec0beb5bdc43fa13e193e0b3df93e70*c444
RX # PAI1,TRAIN,2884,1290
TX PAI1,TRAIN,2885,3,3f733f873fbf3fc6bf3ebf8bbf8bbee8be9ebefc3e5cbf14*b940
RX # PAI1,TRAIN,2885,1288
TX PAI1,TRAIN,2886,3,3ea4bf55bf9abf89bf4abf813fa53fab3f143f83bf0e3e15*7f66
RX # PAI1,TRAIN,2886,1288
TX PAI1,TRAIN,2887,1,bf5dbe293f3f3ed73e873fa0bf61bfdabf83bf883f423ed8*572b
RX # PAI1,TRAIN,2887,1292
TX PAI1,TRAIN,2888,1,bf9bbfb5be01bf363f3d3f90bec4bf91bfa1bf853ebc3e99*845f
RX # PAI1,TRAIN,2888,1290
TX PAI1,TRAIN,2889,2,400ebf78bf893f13be5d3f6f3fff3ffa3fe93ff3bf39bea8*8b20
RX # PAI1,TRAIN,2889,1290
TX PAI1,TRAIN,2890,3,3ee7c000bfcdbfb33f16bf993ff43f553d2c3f303dfc3f91*648d
RX # PAI1,TRAIN,2890,1289
TX PAI1,TRAIN,2891,1,bf8c3e65bf62bf523fab3fb8bf89bf86bf64bf813f133f2f*a539
RX # PAI1,TRAIN,2891,1287
TX PAI1,TRAIN,2892,4,3d6d3ea63e1d3e923bb7bebd3e9f3ee33e2e3dcbbcdcbddb*1433
RX # PAI1,TRAIN,2892,1286
TX PAI1,TRAIN,2893,2,bff8bf53bff3c019401ac0323ff6bf0a40884061c0b5c0b9*c67e
RX # PAI1,TRAIN,2893,1288
TX PAI1,TRAIN,2894,3,be9f3f75bed9bd0abdf4bf85bf52beadbeacbef1bd1ebe98*1c19
RX # PAI1,TRAIN,2894,1289
TX PAI1,TRAIN,2895,3,3d033eb73f243e24bf81bf92bf52bef9be3cbecebe5abf1c*8c9b
RX # PAI1,TRAIN,2895,1287
TX PAI1,TRAIN,2896,4,3f9540493fa14005c004bf3ebeeabd583eb03d6b3e08bf21*01f6
RX # PAI1,TRAIN,2896,1287
TX PAI1,TRAIN,2897,4,bf34be83bef6bf2a3e70beabbf143ecfbd93be2fbdd43cd6*3554
RX # PAI1,TRAIN,2897,1291
TX PAI1,TRAIN,2898,1,bf563eb93ef33eb63f813fc8bf6fbf93bf47bf683f6b3f45*c90c
RX # PAI1,TRAIN,2898,1287
TX PAI1,TRAIN,2899,3,be97bf7cbe99bf243d2bbf3cbc883e37bf1dbeea3f1a3f71*08f4
RX # PAI1,TRAIN,2899,1291
TX PAI1,TRAIN,2900,1,bf9bbfb5be01bf363f3d3f90bec4bf91bfa1bf853ebc3e99*cd3f
RX # PAI1,TRAIN,2900,1287
TX PAI1,TRAIN,2901,1,bf62bf7c3ed7bc043ea13faebf5abf93bf8abf8b3f493f1f*0e01
RX # PAI1,TRAIN,2901,1292
TX PAI1,TRAIN,2902,1,bf8c3e65bf62bf523fab3fb8bf89bf86bf64bf813f133f2f*0406
RX # PAI1,TRAIN,2902,1289
TX PAI1,TRAIN,2903,3,bc9b40043ef03f5ebf38bf8bbeebbce33e693c113d87be82*d7d2
RX # PAI1,TRAIN,2903,1288
TX PAI1,TRAIN,2904,2,4033bf6cc017bf603fbc3f503f9e3fc53f563f83bf81bf21*28dc
RX # PAI1,TRAIN,2904,1287
TX PAI1,TRAIN,2905,3,be9f3f75bed9bd0abdf4bf85bf52beadbeacbef1bd1ebe98*4ba6
RX # PAI1,TRAIN,2905,1291
TX PAI1,TRAIN,2906,3,3ec4bf39bedabf17bfc7bf823f393e34bedabd873cc43e7e*d2f8
RX # PAI1,TRAIN,2906,1291
TX PAI1,TRAIN,2907,4,3d6d3ea63e1d3e923bb7bebd3e9f3ee33e2e3dcbbcdcbddb*bead
RX # PAI1,TRAIN,2907,1289
TX PAI1,TRAIN,2908,3,3f87bd5abf2dbcae3f02bf64bdf83f653e7a3e1b3f263f8b*0e62
RX # PAI1,TRAIN,2908,1288
TX PAI1,TRAIN,2909,1,be86bee43f1d3e22bead3f98bf98bfc3bf92bf9a3f5a3f18*c3b0
RX # PAI1,TRAIN,2909,1286
TX PAI1,TRAIN,2910,1,bf92bd06bf06bf403f913fb8bf4dbf9dbf59bf683ef63f10*4dc7
RX # PAI1,TRAIN,2910,1288
TX PAI1,TRAIN,2911,1,bf20bf38bdffbf293dc23fb2bf46bfadbf1fbf403ed73f04*6bf0
RX # PAI1,TRAIN,2911,1289
TX PAI1,TRAIN,2912,3,3fbabf27be5d3decbdd6bf11bf163f72be94be8a3f473f80*9f2d
RX # PAI1,TRAIN,2912,1285
TX PAI1,TRAIN,2913,3,3f733f873fbf3fc6bf3ebf8bbf8bbee8be9ebefc3e5cbf14*9e1e
RX # PAI1,TRAIN,2913,1287
TX PAI1,TRAIN,2914,1,bf75bed5bd98be803f5a3f83bfaabfa9bf94bf9d3f323f03*277d
RX # PAI1,TRAIN,2914,1286
TX PAI1,TRAIN,2915,4,bd90bedabf21bf3dbef4bec23e9b3d96bd943d0cbe3f3d20*9412
RX # PAI1,TRAIN,2915,1286
TX PAI1,TRAIN,2916,3,3e963f333fbd3fa0bf68bf83bf32bec6be8abee03e54bee1*2bca
RX # PAI1,TRAIN,2916,1286
TX PAI1,TRAIN,2917,2,3dfabe9ebf99bf883e4e3f6f3faa3fd63f263f79bf82bf18*3696
RX # PAI1,TRAIN,2917,1291
TX PAI1,TRAIN,2918,3,3ea4bf55bf9abf89bf4abf813fa53fab3f143f83bf0e3e15*b25b
RX # PAI1,TRAIN,2918,1292
TX PAI1,TRAIN,2919,4,3f453f813f4a3f77bfb2bf04be92bf00bd8dbe723e3dbe7b*8211
RX # PAI1,TRAIN,2919,1290
TX PAI1,TRAIN,2920,4,3e2d3eb5bc483d77bec0beb5bdc43fa13e193e0b3df93e70*95bf
RX # PAI1,TRAIN,2920,1285
TX PAI1,TRAIN,2921,4,3f173fa03efc3f7bbd19be3bbea43c24bcd2be5a3eb63cb2*7345
RX # PAI1,TRAIN,2921,1288
TX PAI1,TRAIN,2922,3,3ee7c000bfcdbfb33f16bf993ff43f553d2c3f303dfc3f91*b12b
RX # PAI1,TRAIN,2922,1286
TX PAI1,TRAIN,2923,3,3f923e093f793f71bfe5bf87bee3bf483e4ebd8c3ebc3e08*3f1f
RX # PAI1,TRAIN,2923,1285
TX PAI1,TRAIN,2924,4,3fa63d7f3f8d3f9ec011becdbdb8beed3ee53e773e6abd10*76ba
RX # PAI1,TRAIN,2924,1286
TX PAI1,TRAIN,2925,2,bf97bfdbbe43bf133fc33f0b3fc23fbc3fbe3fd7beda3efa*cc9b
RX # PAI1,TRAIN,2925,1287
TX PAI1,TRAIN,2926,4,3f6e3a53bf01be98be9dbeae3e173ef6be4fbe4e3dfb3e51*2a86
RX # PAI1,TRAIN,2926,1287
TX PAI1,TRAIN,2927,4,bf063f45bea9be873eacbe8bbe2a3f153e213e0abca73e1a*7d56
RX # PAI1,TRAIN,2927,1287
TX PAI1,TRAIN,2928,1,bf2abec4bef9bf563eaf3f97bf72bf9ebf78bf873ef43f02*0d0d
RX # PAI1,TRAIN,2928,1286
TX PAI1,TRAIN,2929,1,be19bf973f1a3db7be363f64bf9abf54bfa6bfa53f5e3f19*4637
RX # PAI1,TRAIN,2929,1290
TX PAI1,TRAIN,2930,4,3e213f533f673f82bde8be8d3dc93da43e753de73e56bd29*30e4
RX # PAI1,TRAIN,2930,1289
TX PAI1,TRAIN,2931,2,bf373f3d3ea23f253ee8bc8b401e3f9640044018bf29bbcc*f7b7
RX # PAI1,TRAIN,2931,1288
TX PAI1,TRAIN,2932,2,400ebf78bf893f13be5d3f6f3fff3ffa3fe93ff3bf39bea8*cfa5
RX # PAI1,TRAIN,2932,1291
TX PAI1,TRAIN,2933,2,bff8bf53bff3c019401ac0323ff6bf0a40884061c0b5c0b9*6aa4
RX # PAI1,TRAIN,2933,1289
TX PAI1,TRAIN,2934,2,bfa1bf38bf67bfc73fcd3f173fb73f383d0a3f26bf95bf4b*810c
RX # PAI1,TRAIN,2934,1288
TX PAI1,TRAIN,2935,2,3fc53fe54046402dbf963f583f363fed3f833f6f3e2abebf*50e1
RX # PAI1,TRAIN,2935,1286
TX PAI1,TRAIN,2936,2,bfe5bf0bbf8abfbc3fe93f0e3f983f6c3e853f3bbf82bf0d*72d6
RX # PAI1,TRAIN,2936,1286
TX PAI1,TRAIN,2937,1,bf5dbe293f3f3ed73e873fa0bf61bfdabf83bf883f423ed8*740d
RX # PAI1,TRAIN,2937,1286
TX PAI1,TRAIN,2938,1,bf09be9f3ee6bd88bb5a3f85bf99bfaabfbabfba3f513eff*0543
RX # PAI1,TRAIN,2938,1286
TX PAI1,TRAIN,2939,3,3e183fbd3fcb3fc4bf26bf8d3e3abec93e863e483e0cbea5*8d8d
RX # PAI1,TRAIN,2939,1287
TX PAI1,TRAIN,2940,4,bbfb3ec1beabbe713ccbbe44be163ed4bdcdbe423e013e42*df06
RX # PAI1,TRAIN,2940,1287
TX PAI1,PREDICT,2941,3d49bea23f943f913e5e3f8dbfa9bf84bfa8bfae3f9f3f33*3861
RX # PAI1,PREDICT,2941,105,3f59,ba80,bd58,3e3e
TX PAI1,PREDICT,2942,bf77bf1e3e85be003f0d3faabf84bf79bf87bf8d3f1f3ed5*0539
RX # PAI1,PREDICT,2942,105,3f80,3da7,bdf8,3d20
TX PAI1,PREDICT,2943,beb4bf5f3f723f1cbe9e3f9cbf9dbf85bfa2bfa93f703ef2*d120
RX # PAI1,PREDICT,2943,107,3f6a,bb00,bd28,3df8
TX PAI1,PREDICT,2944,bf98bfb8bf12bf9e3f013fb8bfb3bfc0bfa3bfaf3ec93ec5*2007
RX # PAI1,PREDICT,2944,104,3f8b,bdb6,3b00,3b80
TX PAI1,PREDICT,2945,bff7bd80bf91bfdd400f3f1f401d3f8b3eec3fb6bfb7bf34*8180
RX # PAI1,PREDICT,2945,107,3cce,3f79,bdfe,3db1
TX PAI1,PREDICT,2946,c00fbf0dbfd2c00540193f2d3fa73f993f3a3f63bf97bef2*b266
RX # PAI1,PREDICT,2946,106,3da7,3f56,be02,3e2a
TX PAI1,PREDICT,2947,c00dbed9c005c01c3ff93f05401a3f313dca3fb0bfbebf06*cec0
RX # PAI1,PREDICT,2947,107,3d5c,3f45,3d5c,3e1c
TX PAI1,PREDICT,2948,3f363f023f3f3f7dbfa3bf83bef7be223ee83e333df9be06*23da
RX # PAI1,PREDICT,2948,105,bd81,bbf0,3f29,3ecb
TX PAI1,PREDICT,2949,3f6b3d133f9a3fb2bff9bf923f093f7d3f333f263dacbdd3*b9be
RX # PAI1,PREDICT,2949,106,bea3,3d9e,3ed5,3f48
TX PAI1,PREDICT,2950,3f47bfccbf5abf9ebd71bf28bf453dc4bebcbee33f413fb7*0cc7
RX # PAI1,PREDICT,2950,106,3e5b,be54,3f5b,3e12
TX PAI1,PREDICT,2951,bf05bf2c3eb4bf2b3ee2bf11bf0fbe8abef1bef23f1c3f76*d7af
RX # PAI1,PREDICT,2951,104,3e8c,be11,3f72,bd82
TX PAI1,PREDICT,2952,3ec63fcd3f423f85bf24be57bf21beb5be2fbea43eb5bd83*c97a
RX # PAI1,PREDICT,2952,107,3e43,bce4,3e59,3f22
TX PAI1,PREDICT,2953,3e5440913f9a401cbf6ebfa3be9f3f813e463debbe63bfa6*19c6
RX # PAI1,PREDICT,2953,107,be16,3ec3,3e80,3f07
TX PAI1,PREDICT,2954,3f3c3f403de53f01bf63bf09bca7bdbd3e293d563bdbbe30*bee4
RX # PAI1,PREDICT,2954,105,bcc0,3da8,3ec9,3f0c
TX PAI1,INIT,2955,12,32,1,1*f812
RX # PAI1,INIT,2955,12,32,4
TX PAI1,TRAIN,2956,1,be80bf493f6c3f11bea53f9abf92bf88bfa4bfa83f753efa*6db4
RX # PAI1,TRAIN,2956,1291
TX PAI1,TRAIN,2957,2,c004bf00bfcfbfec400c3f283f9f3f9f3f523f6ebf9fbf05*071c
RX # PAI1,TRAIN,2957,1289
TX PAI1,TRAIN,2958,1,bf3ebe223f3a3ecb3e593f9ebf4fbfe0bf83bf863f463ede*c41b
RX # PAI1,TRAIN,2958,1286
TX PAI1,TRAIN,2959,2,bfe3bd8bbf90bfc340033f1b40153f903f0a3fbcbfbfbf44*0e3b
RX # PAI1,TRAIN,2959,1292
TX PAI1,TRAIN,2960,3,3f8ebd75bf2d3afb3ee2bf6dbdc73f6d3ea03e3b3f293f92*9030
RX # PAI1,TRAIN,2960,1293
TX PAI1,TRAIN,2961,3,3eccbf40bf98bf71bf45bf863f9d3fb13f2b3f89bf173e0f*7b2f
RX # PAI1,TRAIN,2961,1287
TX PAI1,TRAIN,2962,2,3fca3fc84043401dbf903f543f2f3ff53f913f7a3e22bed4*5524
RX # PAI1,TRAIN,2962,1292
TX PAI1,TRAIN,2963,3,3eebbf27bedabf02bfbebf873f323e40becabd1b3c333e7e*f7ee
RX # PAI1,TRAIN,2963,1289
TX PAI1,TRAIN,2964,4,3e153e8c3e133e8dbcf1becc3e9d3eed3e703e04bd2bbe05*b77c
RX # PAI1,TRAIN,2964,1288
TX PAI1,TRAIN,2965,4,3cbabec8bf21bf24bef6bed13e9a3da7bcaf3d82be553cd2*1257
RX # PAI1,TRAIN,2965,1287
TX PAI1,TRAIN,2966,2,bf86bfc3be48befe3fb23f063fb83fc23fd03fdebee93f01*bad2
RX # PAI1,TRAIN,2966,1289
TX PAI1,TRAIN,2967,3,3f06bfe4bfcbbf9d3f03bf9e3fe73f5d3dcc3f393de93f99*da85
RX # PAI1,TRAIN,2967,1290
TX PAI1,TRAIN,2968,2,4032bf53c015bf443fab3f4c3f963fcc3f713f88bf87bf30*7128
RX # PAI1,TRAIN,2968,1291
TX PAI1,TRAIN,2969,1,be26bed03f193e27beb43f96bf8dbfc8bf93bf983f5e3f1e*5894
RX # PAI1,TRAIN,2969,1286
TX PAI1,TRAIN,2970,3,3df93e9b3f203e28bf79bf97bf41befdbe0ebec2be71bf2a*e398
RX # PAI1,TRAIN,2970,1285
TX PAI1,TRAIN,2971,4,3f4c3f263dd23ef3bf5dbf11bb29bdb73e6b3da7bbe3be4c*924c
RX # PAI1,TRAIN,2971,1292
TX PAI1,TRAIN,2972,3,3ebf3f1b3fb93f92bf62bf88bf23bec9be6bbed43e4ebef8*fe03
RX # PAI1,TRAIN,2972,1287
TX PAI1,TRAIN,2973,1,bf0dbeb4bef8bf3a3e923f96bf5fbfa1bf77bf853ef63f07*3550
RX # PAI1,TRAIN,2973,1287
TX PAI1,TRAIN,2974,4,3f7dbc45bf01be7bbea5bebd3e1f3f00be22be333de83e4e*f923
RX # PAI1,TRAIN,2974,1289
TX PAI1,TRAIN,2975,3,3f463ee03f3a3f68bf9dbf87bee0be213f083e533de6be1f*babb
RX # PAI1,TRAIN,2975,1287
TX PAI1,TRAIN,2976,1,bf43bf623ecf3c613e843facbf49bf96bf8abf893f4c3f25*543b
RX # PAI1,TRAIN,2976,1287
TX PAI1,TRAIN,2977,2,bfe3bf3ebff1c008400dc0353fe9bf0c40914066c0bcc0c6*fe6a
RX # PAI1,TRAIN,2977,1290
TX PAI1,TRAIN,2978,4,3e783f373f623f6ebe10be9b3ddf3db53e9d3e123e50bd76*fa02
RX # PAI1,TRAIN,2978,1286
TX PAI1,TRAIN,2979,1,3e0dbe953f903f843e2c3f8bbf9dbf87bfaabfad3fa33f3b*2b06
RX # PAI1,TRAIN,2979,1289
TX PAI1,TRAIN,2980,4,3e823e9abc9f3d99bec5bec4bd973fa63e5a3e2a3de63e6f*66d1
RX # PAI1,TRAIN,2980,1290
TX PAI1,TRAIN,2981,2,400fbf5fbf873f09be723f6b3ff240013ffd3ffabf43bebb*ce91
RX # PAI1,TRAIN,2981,1289
TX PAI1,TRAIN,2982,1,bf57bf0f3e80bdbb3ef53fa9bf75bf7fbf88bf8b3f223eda*1dc9
RX # PAI1,TRAIN,2982,1285
TX PAI1,TRAIN,2983,3,3f983dd93f733f5dbfdabf8bbecdbf4c3e89bd263ebb3e00*f286
RX # PAI1,TRAIN,2983,1287
TX PAI1,TRAIN,2984,2,3e55be93bf97bf6f3e1d3f6b3fa23fdd3f3d3f82bf89bf26*88da
RX # PAI1,TRAIN,2984,1288
TX PAI1,TRAIN,2985,2,bfd1befdbf89bfa63fd53f093f913f743ea93f45bf88bf1a*e5fa
RX # PAI1,TRAIN,2985,1288
TX PAI1,TRAIN,2986,1,bf55bec3bda5be503f433f81bf9ebfadbf95bf9b3f353f08*4d94
RX # PAI1,TRAIN,2986,1292
TX PAI1,TRAIN,2987,3,3fbfbf17be613dfebe07bf19bf093f7bbe80be7b3f4b3f86*01b5
RX # PAI1,TRAIN,2987,1290
TX PAI1,TRAIN,2988,4,bed53f2bbeaabe5c3e8fbe99be0e3f1b3e623e29bd0f3e14*055a
RX # PAI1,TRAIN,2988,1289
TX PAI1,TRAIN,2989,2,bf193f243e9c3f193ec7bd2d40163f9b400f401cbf33bcb9*f9ce
RX # PAI1,TRAIN,2989,1292
TX PAI1,TRAIN,2990,3,3f803f6c3fbb3fb4bf3bbf90bf80beebbe8abef13e56bf21*628a
RX # PAI1,TRAIN,2990,1292
TX PAI1,TRAIN,2991,4,3fac3d2d3f8a3f90c009bedcbd8bbef13f073e8c3e65bd5b*ae21
RX # PAI1,TRAIN,2991,1290
TX PAI1,TRAIN,2992,4,3f293f8c3ef43f66bd8ebe57be923c853ce6be403eb53bec*8773
RX # PAI1,TRAIN,2992,1288
TX PAI1,TRAIN,2993,1,bedbbe933edfbd1ebd1b3f83bf8dbfaebfbdbfb93f553f04*e8ef
RX # PAI1,TRAIN,2993,1288
TX PAI1,TRAIN,2994,3,bed2bf1b3eadbf143ec2bf19bf02be8bbee2bee63f1f3f81*8281
RX # PAI1,TRAIN,2994,1286
TX PAI1,TRAIN,2995,1,bf783e3ebf61bf363f9b3fb7bf7ebf89bf62bf7e3f153f36*b4b3
RX # PAI1,TRAIN,2995,1288
TX PAI1,TRAIN,2996,1,bf373e9d3eeb3ead3f683fc7bf5cbf97bf44bf643f703f4e*79bb
RX # PAI1,TRAIN,2996,1290
TX PAI1,TRAIN,2997,1,bf87bfa4bf11bf8b3edf3fb6bfa6bfc4bfa5bfad3ec93eca*2ef5
RX # PAI1,TRAIN,2997,1289
TX PAI1,TRAIN,2998,2,c002bec7c004c00b3fe43f0040123f383e233fb6bfc7bf13*a0b4
RX # PAI1,TRAIN,2998,1288
TX PAI1,TRAIN,2999,1,bf03bf26be05bf123d5d3fb1bf36bfb1bf1abf3b3ed83f09*f549
RX # PAI1,TRAIN,2999,1287
TX PAI1,TRAIN,3000,3,be563f55bedabc16be15bf8abf41beafbe99bee5bd5dbeab*7761
RX # PAI1,TRAIN,3000,1290
TX PAI1,TRAIN,3001,4,3f9b40313f9e3ff1bffbbf47bed3bd453ed63db23dfebf30*1297
RX # PAI1,TRAIN,3001,1291
TX PAI1,TRAIN,3002,3,3f57bfb6bf59bf8bbdb7bf30bf353dd6beabbed73f453fc1*7acf
RX # PAI1,TRAIN,3002,1292
TX PAI1,TRAIN,3003,4,3eed3fb33f3e3f75bf22be73bf13beb7be01be973eb4bdad*c5df
RX # PAI1,TRAIN,3003,1289
TX PAI1,TRAIN,3004,4,3daa3ea4beacbe42bc3dbe60bdf93eddbd4fbe273def3e3e*e61d
RX # PAI1,TRAIN,3004,1292
TX PAI1,TRAIN,3005,3,be46bf62be9abf0d3b90bf453a793e43bf18bedf3f1c3f7d*a4e2
RX # PAI1,TRAIN,3005,1293
TX PAI1,TRAIN,3006,4,bf16be75bef6bf133e3cbebabf073ed7bcabbe14bdf93c43*c69d
RX # PAI1,TRAIN,3006,1291
TX PAI1,TRAIN,3007,4,3f553f623f453f63bfaabf0cbe81bf02bc90be583e36be8e*b297
RX # PAI1,TRAIN,3007,1288
TX PAI1,TRAIN,3008,3,3e6f3fa53fc63fb2bf24bf923e40becc3eaa3e683e03beb9*7399
RX # PAI1,TRAIN,3008,1290
TX PAI1,TRAIN,3009,3,3f7a3c9b3f963fa2bfedbf973f053f833f4b3f303d96be01*7adf
RX # PAI1,TRAIN,3009,1293
TX PAI1,TRAIN,3010,1,bf81bd2bbf06bf273f833fb7bf3dbfa1bf57bf643ef83f15*a984
RX # PAI1,TRAIN,3010,1291
TX PAI1,TRAIN,3011,2,bf90bf25bf65bfaf3fbb3f123fae3f3f3dba3f30bf9cbf5d*fa37
RX # PAI1,TRAIN,3011,1290
TX PAI1,TRAIN,3012,1,bd5abf873f163dcfbe4e3f60bf8fbf59bfa8bfa43f623f1f*4d04
RX # PAI1,TRAIN,3012,1292
TX PAI1,TRAIN,3013,4,3e94407f3f96400dbf67bfa8be8d3f863e853e15be7abfb3*8e3f
RX # PAI1,TRAIN,3013,1291
TX PAI1,TRAIN,3014,3,3d933fe83ee93f4cbf35bf90bed5bcb93e973d1b3d61be93*c424
RX # PAI1,TRAIN,3014,1289
TX PAI1,TRAIN,3015,1,bf8abfa1be07bf1d3f273f8ebeb0bf94bfa3bf833ebc3e9b*4749
RX # PAI1,TRAIN,3015,1292
TX PAI1,TRAIN,3016,4,bed53f2bbeaabe5c3e8fbe99be0e3f1b3e623e29bd0f3e14*4eee
RX # PAI1,TRAIN,3016,1289
TX PAI1,TRAIN,3017,3,3fbfbf17be613dfebe07bf19bf093f7bbe80be7b3f4b3f86*abc3
RX # PAI1,TRAIN,3017,1291
TX PAI1,TRAIN,3018,1,bd5abf873f163dcfbe4e3f60bf8fbf59bfa8bfa43f623f1f*51e7
RX # PAI1,TRAIN,3018,1291
TX PAI1,TRAIN,3019,3,be563f55bedabc16be15bf8abf41beafbe99bee5bd5dbeab*69be
RX # PAI1,TRAIN,3019,1293
TX PAI1,TRAIN,3020,2,400fbf5fbf873f09be723f6b3ff240013ffd3ffabf43bebb*9f82
RX # PAI1,TRAIN,3020,1290
TX PAI1,TRAIN,3021,3,3f7a3c9b3f963fa2bfedbf973f053f833f4b3f303d96be01*9f65
RX # PAI1,TRAIN,3021,1290
TX PAI1,TRAIN,3022,4,3cbabec8bf21bf24bef6bed13e9a3da7bcaf3d82be553cd2*67ea
RX # PAI1,TRAIN,3022,1290
TX PAI1,TRAIN,3023,2,bfe3bd8bbf90bfc340033f1b40153f903f0a3fbcbfbfbf44*97a1
RX # PAI1,TRAIN,3023,1288
TX PAI1,TRAIN,3024,1,3e0dbe953f903f843e2c3f8bbf9dbf87bfaabfad3fa33f3b*cda4
RX # PAI1,TRAIN,3024,1289
TX PAI1,TRAIN,3025,1,bf373e9d3eeb3ead3f683fc7bf5cbf97bf44bf643f703f4e*51d4
RX # PAI1,TRAIN,3025,1289
TX PAI1,TRAIN,3026,3,3eccbf40bf98bf71bf45bf863f9d3fb13f2b3f89bf173e0f*0e92
RX # PAI1,TRAIN,3026,1290
TX PAI1,TRAIN,3027,2,bfe3bf3ebff1c008400dc0353fe9bf0c40914066c0bcc0c6*74ca
RX # PAI1,TRAIN,3027,1291
TX PAI1,TRAIN,3028,1,bf43bf623ecf3c613e843facbf49bf96bf8abf893f4c3f25*3f59
RX # PAI1,TRAIN,3028,1289
TX PAI1,TRAIN,3029,1,be26bed03f193e27beb43f96bf8dbfc8bf93bf983f5e3f1e*5dc8
RX # PAI1,TRAIN,3029,1290
TX PAI1,TRAIN,3030,4,3daa3ea4beacbe42bc3dbe60bdf93eddbd4fbe273def3e3e*9b19
RX # PAI1,TRAIN,3030,1292
TX PAI1,TRAIN,3031,4,3e823e9abc9f3d99bec5bec4bd973fa63e5a3e2a3de63e6f*b83e
RX # PAI1,TRAIN,3031,1288
TX PAI1,TRAIN,3032,2,bf90bf25bf65bfaf3fbb3f123fae3f3f3dba3f30bf9cbf5d*782e
RX # PAI1,TRAIN,3032,1291
TX PAI1,TRAIN,3033,4,bf16be75bef6bf133e3cbebabf073ed7bcabbe14bdf93c43*c0d9
RX # PAI1,TRAIN,3033,1290
TX PAI1,TRAIN,3034,1,bf8abfa1be07bf1d3f273f8ebeb0bf94bfa3bf833ebc3e9b*33d0
RX # PAI1,TRAIN,3034,1289
TX PAI1,TRAIN,3035,1,bf55bec3bda5be503f433f81bf9ebfadbf95bf9b3f353f08*65fb
RX # PAI1,TRAIN,3035,1289
TX PAI1,TRAIN,3036,2,bfd1befdbf89bfa63fd53f093f913f743ea93f45bf88bf1a*cd95
RX # PAI1,TRAIN,3036,1289
TX PAI1,TRAIN,3037,4,3f553f623f453f63bfaabf0cbe81bf02bc90be583e36be8e*32b2
RX # PAI1,TRAIN,3037,1290
TX PAI1,TRAIN,3038,3,bed2bf1b3eadbf143ec2bf19bf02be8bbee2bee63f1f3f81*bf90
RX # PAI1,TRAIN,3038,1292
TX PAI1,TRAIN,3039,4,3e94407f3f96400dbf67bfa8be8d3f863e853e15be7abfb3*9d05
RX # PAI1,TRAIN,3039,1289
TX PAI1,TRAIN,3040,1,bf81bd2bbf06bf273f833fb7bf3dbfa1bf57bf643ef83f15*39ca
RX # PAI1,TRAIN,3040,1289
TX PAI1,TRAIN,3041,2,3e55be93bf97bf6f3e1d3f6b3fa23fdd3f3d3f82bf89bf26*3483
RX # PAI1,TRAIN,3041,1289
TX PAI1,TRAIN,3042,1,bf87bfa4bf11bf8b3edf3fb6bfa6bfc4bfa5bfad3ec93eca*1d50
RX # PAI1,TRAIN,3042,1290
TX PAI1,TRAIN,3043,2,c002bec7c004c00b3fe43f0040123f383e233fb6bfc7bf13*72d3
RX # PAI1,TRAIN,3043,1290
TX PAI1,TRAIN,3044,1,bf3ebe223f3a3ecb3e593f9ebf4fbfe0bf83bf863f463ede*464b
RX # PAI1,TRAIN,3044,1290
TX PAI1,TRAIN,3045,2,3fca3fc84043401dbf903f543f2f3ff53f913f7a3e22bed4*30f2
RX # PAI1,TRAIN,3045,1291
TX PAI1,TRAIN,3046,1,bedbbe933edfbd1ebd1b3f83bf8dbfaebfbdbfb93f553f04*db4a
RX # PAI1,TRAIN,3046,1289
TX PAI1,TRAIN,3047,3,3f06bfe4bfcbbf9d3f03bf9e3fe73f5d3dcc3f393de93f99*cfb2
RX # PAI1,TRAIN,3047,1291
TX PAI1,TRAIN,3048,4,3f9b40313f9e3ff1bffbbf47bed3bd453ed63db23dfebf30*9c06
RX # PAI1,TRAIN,3048,1291
TX PAI1,TRAIN,3049,3,3f463ee03f3a3f68bf9dbf87bee0be213f083e533de6be1f*3732
RX # PAI1,TRAIN,3049,1289
TX PAI1,TRAIN,3050,3,3df93e9b3f203e28bf79bf97bf41befdbe0ebec2be71bf2a*f6af
RX # PAI1,TRAIN,3050,1289
TX PAI1,TRAIN,3051,4,3f293f8c3ef43f66bd8ebe57be923c853ce6be403eb53bec*308b
RX # PAI1,TRAIN,3051,1290
TX PAI1,TRAIN,3052,4,3f4c3f263dd23ef3bf5dbf11bb29bdb73e6b3da7bbe3be4c*0abb
RX # PAI1,TRAIN,3052,1290
TX PAI1,TRAIN,3053,1,bf0dbeb4bef8bf3a3e923f96bf5fbfa1bf77bf853ef63f07*2067
RX # PAI1,TRAIN,3053,1293
TX PAI1,TRAIN,3054,2,c004bf00bfcfbfec400c3f283f9f3f9f3f523f6ebf9fbf05*9032
RX # PAI1,TRAIN,3054,1290
TX PAI1,TRAIN,3055,3,3e6f3fa53fc63fb2bf24bf923e40becc3eaa3e683e03beb9*8fd5
RX # PAI1,TRAIN,3055,1289
TX PAI1,TRAIN,3056,3,be46bf62be9abf0d3b90bf453a793e43bf18bedf3f1c3f7d*b96c
RX # PAI1,TRAIN,3056,1291
TX PAI1,TRAIN,3057,2,bf193f243e9c3f193ec7bd2d40163f9b400f401cbf33bcb9*adc8
RX # PAI1,TRAIN,3057,1289
TX PAI1,TRAIN,3058,2,4032bf53c015bf443fab3f4c3f963fcc3f713f88bf87bf30*ebe3
RX # PAI1,TRAIN,3058,1289
TX PAI1,TRAIN,3059,3,3ebf3f1b3fb93f92bf62bf88bf23bec9be6bbed43e4ebef8*8c97
RX # PAI1,TRAIN,3059,1289
TX PAI1,TRAIN,3060,3,3f803f6c3fbb3fb4bf3bbf90bf80beebbe8abef13e56bf21*d897
RX # PAI1,TRAIN,3060,1289
TX PAI1,TRAIN,3061,1,bf783e3ebf61bf363f9b3fb7bf7ebf89bf62bf7e3f153f36*f38f
RX # PAI1,TRAIN,3061,1293
TX PAI1,TRAIN,3062,3,3d933fe83ee93f4cbf35bf90bed5bcb93e973d1b3d61be93*5012
RX # PAI1,TRAIN,3062,1290
TX PAI1,TRAIN,3063,4,3e153e8c3e133e8dbcf1becc3e9d3eed3e703e04bd2bbe05*dd73
RX # PAI1,TRAIN,3063,1291
TX PAI1,TRAIN,3064,4,3fac3d2d3f8a3f90c009bedcbd8bbef13f073e8c3e65bd5b*925d
RX # PAI1,TRAIN,3064,1292
TX PAI1,TRAIN,3065,1,bf57bf0f3e80bdbb3ef53fa9bf75bf7fbf88bf8b3f223eda*58c9
RX # PAI1,TRAIN,3065,1289
TX PAI1,TRAIN,3066,4,3e783f373f623f6ebe10be9b3ddf3db53e9d3e123e50bd76*8ed2
RX # PAI1,TRAIN,3066,1290
TX PAI1,TRAIN,3067,3,3eebbf27bedabf02bfbebf873f323e40becabd1b3c333e7e*1021
RX # PAI1,TRAIN,3067,1288
TX PAI1,TRAIN,3068,1,bf03bf26be05bf123d5d3fb1bf36bfb1bf1abf3b3ed83f09*3414
RX # PAI1,TRAIN,3068,1290
TX PAI1,TRAIN,3069,3,3f8ebd75bf2d3afb3ee2bf6dbdc73f6d3ea03e3b3f293f92*1bfd
RX # PAI1,TRAIN,3069,1290
TX PAI1,TRAIN,3070,2,bf86bfc3be48befe3fb23f063fb83fc23fd03fdebee93f01*2461
RX # PAI1,TRAIN,3070,1290
TX PAI1,TRAIN,3071,3,3f983dd93f733f5dbfdabf8bbecdbf4c3e89bd263ebb3e00*be1b
RX # PAI1,TRAIN,3071,1289
TX PAI1,TRAIN,3072,4,3f7dbc45bf01be7bbea5bebd3e1f3f00be22be333de83e4e*e86c
RX # PAI1,TRAIN,3072,1290
TX PAI1,TRAIN,3073,3,3f57bfb6bf59bf8bbdb7bf30bf353dd6beabbed73f453fc1*9e18
RX # PAI1,TRAIN,3073,1290
TX PAI1,TRAIN,3074,4,3eed3fb33f3e3f75bf22be73bf13beb7be01be973eb4bdad*2aa9
RX # PAI1,TRAIN,3074,1287
TX PAI1,TRAIN,3075,1,be80bf493f6c3f11bea53f9abf92bf88bfa4bfa83f753efa*f543
RX # PAI1,TRAIN,3075,1289
TX PAI1,TRAIN,3076,1,bf87bfa4bf11bf8b3edf3fb6bfa6bfc4bfa5bfad3ec93eca*6054
RX # PAI1,TRAIN,3076,1285
TX PAI1,TRAIN,3077,3,3eccbf40bf98bf71bf45bf863f9d3fb13f2b3f89bf173e0f*e59c
RX # PAI1,TRAIN,3077,1291
TX PAI1,TRAIN,3078,3,3df93e9b3f203e28bf79bf97bf41befdbe0ebec2be71bf2a*1315
RX # PAI1,TRAIN,3078,1288
TX PAI1,TRAIN,3079,2,4032bf53c015bf443fab3f4c3f963fcc3f713f88bf87bf30*9f7a
RX # PAI1,TRAIN,3079,1292
TX PAI1,TRAIN,3080,1,bedbbe933edfbd1ebd1b3f83bf8dbfaebfbdbfb93f553f04*f03d
RX # PAI1,TRAIN,3080,1289
TX PAI1,TRAIN,3081,4,3e153e8c3e133e8dbcf1becc3e9d3eed3e703e04bd2bbe05*04fc
RX # PAI1,TRAIN,3081,1290
TX PAI1,TRAIN,3082,1,bf3ebe223f3a3ecb3e593f9ebf4fbfe0bf83bf863f463ede*6d3c
RX # PAI1,TRAIN,3082,1291
TX PAI1,TRAIN,3083,3,bed2bf1b3eadbf143ec2bf19bf02be8bbee2bee63f1f3f81*6772
RX # PAI1,TRAIN,3083,1291
TX PAI1,TRAIN,3084,3,be46bf62be9abf0d3b90bf453a793e43bf18bedf3f1c3f7d*e0c6
RX # PAI1,TRAIN,3084,1292
TX PAI1,TRAIN,3085,2,bfe3bd8bbf90bfc340033f1b40153f903f0a3fbcbfbfbf44*acbd
RX # PAI1,TRAIN,3085,1290
TX PAI1,TRAIN,3086,1,be80bf493f6c3f11bea53f9abf92bf88bfa4bfa83f753efa*d870
RX # PAI1,TRAIN,3086,1292
TX PAI1,TRAIN,3087,1,bf8abfa1be07bf1d3f273f8ebeb0bf94bfa3bf833ebc3e9b*0151
RX # PAI1,TRAIN,3087,1286
TX PAI1,TRAIN,3088,1,bf0dbeb4bef8bf3a3e923f96bf5fbfa1bf77bf853ef63f07*e8ee
RX # PAI1,TRAIN,3088,1291
TX PAI1,TRAIN,3089,1,bd5abf873f163dcfbe4e3f60bf8fbf59bfa8bfa43f623f1f*9a3f
RX # PAI1,TRAIN,3089,1290
TX PAI1,TRAIN,3090,2,bf193f243e9c3f193ec7bd2d40163f9b400f401cbf33bcb9*fdff
RX # PAI1,TRAIN,3090,1291
TX PAI1,TRAIN,3091,2,400fbf5fbf873f09be723f6b3ff240013ffd3ffabf43bebb*5b83
RX # PAI1,TRAIN,3091,1290
TX PAI1,TRAIN,3092,3,3f7a3c9b3f963fa2bfedbf973f053f833f4b3f303d96be01*ade4
RX # PAI1,TRAIN,3092,1289
TX PAI1,TRAIN,3093,4,3cbabec8bf21bf24bef6bed13e9a3da7bcaf3d82be553cd2*a3eb
RX # PAI1,TRAIN,3093,1290
TX PAI1,TRAIN,3094,2,bfe3bf3ebff1c008400dc0353fe9bf0c40914066c0bcc0c6*464b
RX # PAI1,TRAIN,3094,1290
TX PAI1,TRAIN,3095,4,3f4c3f263dd23ef3bf5dbf11bb29bdb73e6b3da7bbe3be4c*5a8c
RX # PAI1,TRAIN,3095,1290
TX PAI1,TRAIN,3096,4,3f553f623f453f63bfaabf0cbe81bf02bc90be583e36be8e*794f
RX # PAI1,TRAIN,3096,1291
TX PAI1,TRAIN,3097,4,3e823e9abc9f3d99bec5bec4bd973fa63e5a3e2a3de63e6f*8322
RX # PAI1,TRAIN,3097,1290
TX PAI1,TRAIN,3098,4,3f293f8c3ef43f66bd8ebe57be923c853ce6be403eb53bec*817e
RX # PAI1,TRAIN,3098,1291
TX PAI1,TRAIN,3099,3,3eebbf27bedabf02bfbebf873f323e40becabd1b3c333e7e*5110
RX # PAI1,TRAIN,3099,1290
TX PAI1,TRAIN,3100,1,3e0dbe953f903f843e2c3f8bbf9dbf87bfaabfad3fa33f3b*a33b
RX # PAI1,TRAIN,3100,1290
TX PAI1,TRAIN,3101,4,3eed3fb33f3e3f75bf22be73bf13beb7be01be973eb4bdad*af38
RX # PAI1,TRAIN,3101,1289
TX PAI1,TRAIN,3102,3,3f8ebd75bf2d3afb3ee2bf6dbdc73f6d3ea03e3b3f293f92*f052
RX # PAI1,TRAIN,3102,1290
TX PAI1,TRAIN,3103,1,bf55bec3bda5be503f433f81bf9ebfadbf95bf9b3f353f08*7218
RX # PAI1,TRAIN,3103,1292
TX PAI1,TRAIN,3104,3,3ebf3f1b3fb93f92bf62bf88bf23bec9be6bbed43e4ebef8*ecbc
RX # PAI1,TRAIN,3104,1293
TX PAI1,TRAIN,3105,3,3f463ee03f3a3f68bf9dbf87bee0be213f083e533de6be1f*a3a5
RX # PAI1,TRAIN,3105,1292
TX PAI1,TRAIN,3106,1,bf783e3ebf61bf363f9b3fb7bf7ebf89bf62bf7e3f153f36*0f62
RX # PAI1,TRAIN,3106,1291
TX PAI1,TRAIN,3107,4,3f7dbc45bf01be7bbea5bebd3e1f3f00be22be333de83e4e*6dfd
RX # PAI1,TRAIN,3107,1292
TX PAI1,TRAIN,3108,2,bf90bf25bf65bfaf3fbb3f123fae3f3f3dba3f30bf9cbf5d*788f
RX # PAI1,TRAIN,3108,1291
TX PAI1,TRAIN,3109,2,bfd1befdbf89bfa63fd53f093f913f743ea93f45bf88bf1a*4b55
RX # PAI1,TRAIN,3109,1290
TX PAI1,TRAIN,3110,2,3e55be93bf97bf6f3e1d3f6b3fa23fdd3f3d3f82bf89bf26*43ea
RX # PAI1,TRAIN,3110,1291
TX PAI1,TRAIN,3111,2,bf86bfc3be48befe3fb23f063fb83fc23fd03fdebee93f01*d32d
RX # PAI1,TRAIN,3111,1291
TX PAI1,TRAIN,3112,4,3e94407f3f96400dbf67bfa8be8d3f863e853e15be7abfb3*6918
RX # PAI1,TRAIN,3112,1291
TX PAI1,TRAIN,3113,2,3fca3fc84043401dbf903f543f2f3ff53f913f7a3e22bed4*377a
RX # PAI1,TRAIN,3113,1292
TX PAI1,TRAIN,3114,1,bf81bd2bbf06bf273f833fb7bf3dbfa1bf57bf643ef83f15*c8c2
RX # PAI1,TRAIN,3114,1291
TX PAI1,TRAIN,3115,3,3fbfbf17be613dfebe07bf19bf093f7bbe80be7b3f4b3f86*c124
RX # PAI1,TRAIN,3115,1292
TX PAI1,TRAIN,3116,2,c002bec7c004c00b3fe43f0040123f383e233fb6bfc7bf13*f89b
RX # PAI1,TRAIN,3116,1292
TX PAI1,TRAIN,3117,4,3daa3ea4beacbe42bc3dbe60bdf93eddbd4fbe273def3e3e*7846
RX # PAI1,TRAIN,3117,1290
TX PAI1,TRAIN,3118,4,3fac3d2d3f8a3f90c009bedcbd8bbef13f073e8c3e65bd5b*86ef
RX # PAI1,TRAIN,3118,1291
TX PAI1,TRAIN,3119,4,3f9b40313f9e3ff1bffbbf47bed3bd453ed63db23dfebf30*eb6f
RX # PAI1,TRAIN,3119,1293
TX PAI1,TRAIN,3120,4,bf16be75bef6bf133e3cbebabf073ed7bcabbe14bdf93c43*5e82
RX # PAI1,TRAIN,3120,1292
TX PAI1,TRAIN,3121,3,3d933fe83ee93f4cbf35bf90bed5bcb93e973d1b3d61be93*5e07
RX # PAI1,TRAIN,3121,1292
TX PAI1,TRAIN,3122,1,be26bed03f193e27beb43f96bf8dbfc8bf93bf983f5e3f1e*a60c
RX # PAI1,TRAIN,3122,1293
TX PAI1,TRAIN,3123,3,3f06bfe4bfcbbf9d3f03bf9e3fe73f5d3dcc3f393de93f99*be9f
RX # PAI1,TRAIN,3123,1291
TX PAI1,TRAIN,3124,3,3f983dd93f733f5dbfdabf8bbecdbf4c3e89bd263ebb3e00*3453
RX # PAI1,TRAIN,3124,1291
TX PAI1,TRAIN,3125,1,bf03bf26be05bf123d5d3fb1bf36bfb1bf1abf3b3ed83f09*dbc3
RX # PAI1,TRAIN,3125,1292
TX PAI1,TRAIN,3126,4,3e783f373f623f6ebe10be9b3ddf3db53e9d3e123e50bd76*0d07
RX # PAI1,TRAIN,3126,1292
TX PAI1,TRAIN,3127,2,c004bf00bfcfbfec400c3f283f9f3f9f3f523f6ebf9fbf05*1e02
RX # PAI1,TRAIN,3127,1291
TX PAI1,TRAIN,3128,4,bed53f2bbeaabe5c3e8fbe99be0e3f1b3e623e29bd0f3e14*b36e
RX # PAI1,TRAIN,3128,1293
TX PAI1,TRAIN,3129,3,be563f55bedabc16be15bf8abf41beafbe99bee5bd5dbeab*75fc
RX # PAI1,TRAIN,3129,1290
TX PAI1,TRAIN,3130,1,bf57bf0f3e80bdbb3ef53fa9bf75bf7fbf88bf8b3f223eda*d281
RX # PAI1,TRAIN,3130,1293
TX PAI1,TRAIN,3131,1,bf43bf623ecf3c613e843facbf49bf96bf8abf893f4c3f25*bde1
RX # PAI1,TRAIN,3131,1292
TX PAI1,TRAIN,3132,3,3f57bfb6bf59bf8bbdb7bf30bf353dd6beabbed73f453fc1*668d
RX # PAI1,TRAIN,3132,1293
TX PAI1,TRAIN,3133,3,3e6f3fa53fc63fb2bf24bf923e40becc3eaa3e683e03beb9*0878
RX # PAI1,TRAIN,3133,1291
TX PAI1,TRAIN,3134,3,3f803f6c3fbb3fb4bf3bbf90bf80beebbe8abef13e56bf21*299f
RX # PAI1,TRAIN,3134,1291
TX PAI1,TRAIN,3135,1,bf373e9d3eeb3ead3f683fc7bf5cbf97bf44bf643f703f4e*424f
RX # PAI1,TRAIN,3135,1293
TX PAI1,TRAIN,3136,3,3f803f6c3fbb3fb4bf3bbf90bf80beebbe8abef13e56bf21*df1f
RX # PAI1,TRAIN,3136,1291
TX PAI1,TRAIN,3137,3,3fbfbf17be613dfebe07bf19bf093f7bbe80be7b3f4b3f86*387d
RX # PAI1,TRAIN,3137,1293
TX PAI1,TRAIN,3138,4,3e94407f3f96400dbf67bfa8be8d3f863e853e15be7abfb3*7a22
RX # PAI1,TRAIN,3138,1291
TX PAI1,TRAIN,3139,1,bf3ebe223f3a3ecb3e593f9ebf4fbfe0bf83bf863f463ede*29b9
RX # PAI1,TRAIN,3139,1291
TX PAI1,TRAIN,3140,3,3f06bfe4bfcbbf9d3f03bf9e3fe73f5d3dcc3f393de93f99*2334
RX # PAI1,TRAIN,3140,1292
TX PAI1,TRAIN,3141,3,3e6f3fa53fc63fb2bf24bf923e40becc3eaa3e683e03beb9*616f
RX # PAI1,TRAIN,3141,1292
TX PAI1,TRAIN,3142,2,c004bf00bfcfbfec400c3f283f9f3f9f3f523f6ebf9fbf05*8808
RX # PAI1,TRAIN,3142,1291
TX PAI1,TRAIN,3143,4,3e823e9abc9f3d99bec5bec4bd973fa63e5a3e2a3de63e6f*4d4e
RX # PAI1,TRAIN,3143,1292
TX PAI1,TRAIN,3144,1,bf8abfa1be07bf1d3f273f8ebeb0bf94bfa3bf833ebc3e9b*3020
RX # PAI1,TRAIN,3144,1289
TX PAI1,TRAIN,3145,2,3e55be93bf97bf6f3e1d3f6b3fa23fdd3f3d3f82bf89bf26*55c5
RX # PAI1,TRAIN,3145,1292
TX PAI1,TRAIN,3146,1,bf57bf0f3e80bdbb3ef53fa9bf75bf7fbf88bf8b3f223eda*46b7
RX # PAI1,TRAIN,3146,1290
TX PAI1,TRAIN,3147,2,bf90bf25bf65bfaf3fbb3f123fae3f3f3dba3f30bf9cbf5d*fdbf
RX # PAI1,TRAIN,3147,1291
TX PAI1,TRAIN,3148,3,bed2bf1b3eadbf143ec2bf19bf02be8bbee2bee63f1f3f81*bc60
RX # PAI1,TRAIN,3148,1291
TX PAI1,TRAIN,3149,1,be80bf493f6c3f11bea53f9abf92bf88bfa4bfa83f753efa*fe43
RX # PAI1,TRAIN,3149,1291
TX PAI1,TRAIN,3150,2,3fca3fc84043401dbf903f543f2f3ff53f913f7a3e22bed4*a508
RX # PAI1,TRAIN,3150,1291
TX PAI1,TRAIN,3151,2,bf193f243e9c3f193ec7bd2d40163f9b400f401cbf33bcb9*3a0e
RX # PAI1,TRAIN,3151,1292
TX PAI1,TRAIN,3152,1,bedbbe933edfbd1ebd1b3f83bf8dbfaebfbdbfb93f553f04*35f0
RX # PAI1,TRAIN,3152,1292
TX PAI1,TRAIN,3153,3,3f57bfb6bf59bf8bbdb7bf30bf353dd6beabbed73f453fc1*0da6
RX # PAI1,TRAIN,3153,1291
TX PAI1,TRAIN,3154,3,3df93e9b3f203e28bf79bf97bf41befdbe0ebec2be71bf2a*97e9
RX # PAI1,TRAIN,3154,1291
TX PAI1,TRAIN,3155,3,3f463ee03f3a3f68bf9dbf87bee0be213f083e533de6be1f*33eb
RX # PAI1,TRAIN,3155,1294
TX PAI1,TRAIN,3156,2,4032bf53c015bf443fab3f4c3f963fcc3f713f88bf87bf30*9646
RX # PAI1,TRAIN,3156,1292
TX PAI1,TRAIN,3157,1,bf03bf26be05bf123d5d3fb1bf36bfb1bf1abf3b3ed83f09*b2d4
RX # PAI1,TRAIN,3157,1291
TX PAI1,TRAIN,3158,4,3f4c3f263dd23ef3bf5dbf11bb29bdb73e6b3da7bbe3be4c*8a3f
RX # PAI1,TRAIN,3158,1291
TX PAI1,TRAIN,3159,4,3e783f373f623f6ebe10be9b3ddf3db53e9d3e123e50bd76*0812
RX # PAI1,TRAIN,3159,1291
TX PAI1,TRAIN,3160,1,bf87bfa4bf11bf8b3edf3fb6bfa6bfc4bfa5bfad3ec93eca*786e
RX # PAI1,TRAIN,3160,1291
TX PAI1,TRAIN,3161,3,3eebbf27bedabf02bfbebf873f323e40becabd1b3c333e7e*87e7
RX # PAI1,TRAIN,3161,1293
TX PAI1,TRAIN,3162,4,3fac3d2d3f8a3f90c009bedcbd8bbef13f073e8c3e65bd5b*059b
RX # PAI1,TRAIN,3162,1290
TX PAI1,TRAIN,3163,2,400fbf5fbf873f09be723f6b3ff240013ffd3ffabf43bebb*9197
RX # PAI1,TRAIN,3163,1291
TX PAI1,TRAIN,3164,1,be26bed03f193e27beb43f96bf8dbfc8bf93bf983f5e3f1e*b21f
RX # PAI1,TRAIN,3164,1293
TX PAI1,TRAIN,3165,3,3d933fe83ee93f4cbf35bf90bed5bcb93e973d1b3d61be93*bc94
RX # PAI1,TRAIN,3165,1292
TX PAI1,TRAIN,3166,3,3ebf3f1b3fb93f92bf62bf88bf23bec9be6bbed43e4ebef8*0a57
RX # PAI1,TRAIN,3166,1292
TX PAI1,TRAIN,3167,3,3f983dd93f733f5dbfdabf8bbecdbf4c3e89bd263ebb3e00*a621
RX # PAI1,TRAIN,3167,1291
TX PAI1,TRAIN,3168,4,3daa3ea4beacbe42bc3dbe60bdf93eddbd4fbe273def3e3e*7d53
RX # PAI1,TRAIN,3168,1291
TX PAI1,TRAIN,3169,4,3f553f623f453f63bfaabf0cbe81bf02bc90be583e36be8e*df59
RX # PAI1,TRAIN,3169,1291
TX PAI1,TRAIN,3170,1,bf373e9d3eeb3ead3f683fc7bf5cbf97bf44bf643f703f4e*db9c
RX # PAI1,TRAIN,3170,1292
TX PAI1,TRAIN,3171,4,3f9b40313f9e3ff1bffbbf47bed3bd453ed63db23dfebf30*1167
RX # PAI1,TRAIN,3171,1293
TX PAI1,TRAIN,3172,3,be46bf62be9abf0d3b90bf453a793e43bf18bedf3f1c3f7d*d7f3
RX # PAI1,TRAIN,3172,1291
TX PAI1,TRAIN,3173,1,bf783e3ebf61bf363f9b3fb7bf7ebf89bf62bf7e3f153f36*1694
RX # PAI1,TRAIN,3173,1292
TX PAI1,TRAIN,3174,4,bf16be75bef6bf133e3cbebabf073ed7bcabbe14bdf93c43*33ed
RX # PAI1,TRAIN,3174,1292
TX PAI1,TRAIN,3175,1,bd5abf873f163dcfbe4e3f60bf8fbf59bfa8bfa43f623f1f*b1e9
RX # PAI1,TRAIN,3175,1292
TX PAI1,TRAIN,3176,2,bfe3bd8bbf90bfc340033f1b40153f903f0a3fbcbfbfbf44*1de9
RX # PAI1,TRAIN,3176,1291
TX PAI1,TRAIN,3177,2,bfd1befdbf89bfa63fd53f093f913f743ea93f45bf88bf1a*3500
RX # PAI1,TRAIN,3177,1292
TX PAI1,TRAIN,3178,2,c002bec7c004c00b3fe43f0040123f383e233fb6bfc7bf13*0932
RX # PAI1,TRAIN,3178,1291
TX PAI1,TRAIN,3179,1,bf0dbeb4bef8bf3a3e923f96bf5fbfa1bf77bf853ef63f07*af3a
RX # PAI1,TRAIN,3179,1293
TX PAI1,TRAIN,3180,3,3f8ebd75bf2d3afb3ee2bf6dbdc73f6d3ea03e3b3f293f92*39b6
RX # PAI1,TRAIN,3180,1289
TX PAI1,TRAIN,3181,1,bf81bd2bbf06bf273f833fb7bf3dbfa1bf57bf643ef83f15*fe3b
RX # PAI1,TRAIN,3181,1292
TX PAI1,TRAIN,3182,3,be563f55bedabc16be15bf8abf41beafbe99bee5bd5dbeab*22e2
RX # PAI1,TRAIN,3182,1292
TX PAI1,TRAIN,3183,1,bf55bec3bda5be503f433f81bf9ebfadbf95bf9b3f353f08*4d7c
RX # PAI1,TRAIN,3183,1292
TX PAI1,TRAIN,3184,4,3e153e8c3e133e8dbcf1becc3e9d3eed3e703e04bd2bbe05*1efa
RX # PAI1,TRAIN,3184,1292
TX PAI1,TRAIN,3185,3,3eccbf40bf98bf71bf45bf863f9d3fb13f2b3f89bf173e0f*2f88
RX # PAI1,TRAIN,3185,1287
TX PAI1,TRAIN,3186,2,bfe3bf3ebff1c008400dc0353fe9bf0c40914066c0bcc0c6*a350
RX # PAI1,TRAIN,3186,1292
TX PAI1,TRAIN,3187,4,3eed3fb33f3e3f75bf22be73bf13beb7be01be973eb4bdad*9bfd
RX # PAI1,TRAIN,3187,1292
TX PAI1,TRAIN,3188,4,3f293f8c3ef43f66bd8ebe57be923c853ce6be403eb53bec*92e5
RX # PAI1,TRAIN,3188,1292
TX PAI1,TRAIN,3189,1,bf43bf623ecf3c613e843facbf49bf96bf8abf893f4c3f25*e8c3
RX # PAI1,TRAIN,3189,1292
TX PAI1,TRAIN,3190,1,3e0dbe953f903f843e2c3f8bbf9dbf87bfaabfad3fa33f3b*13a3
RX # PAI1,TRAIN,3190,1291
TX PAI1,TRAIN,3191,4,bed53f2bbeaabe5c3e8fbe99be0e3f1b3e623e29bd0f3e14*9d0c
RX # PAI1,TRAIN,3191,1292
TX PAI1,TRAIN,3192,2,bf86bfc3be48befe3fb23f063fb83fc23fd03fdebee93f01*6189
RX # PAI1,TRAIN,3192,1291
TX PAI1,TRAIN,3193,4,3f7dbc45bf01be7bbea5bebd3e1f3f00be22be333de83e4e*2044
RX # PAI1,TRAIN,3193,1289
TX PAI1,TRAIN,3194,3,3f7a3c9b3f963fa2bfedbf973f053f833f4b3f303d96be01*3a22
RX # PAI1,TRAIN,3194,1293
TX PAI1,TRAIN,3195,4,3cbabec8bf21bf24bef6bed13e9a3da7bcaf3d82be553cd2*342d
RX # PAI1,TRAIN,3195,1293
TX PAI1,PREDICT,3196,3e783f373f623f6ebe10be9b3ddf3db53e9d3e123e50bd76*712a
RX # PAI1,PREDICT,3196,108,3d9a,3e5c,3eaa,3ec0
TX PAI1,PREDICT,3197,3fac3d2d3f8a3f90c009bedcbd8bbef13f073e8c3e65bd5b*8953
RX # PAI1,PREDICT,3197,107,3e3f,3c68,3e9a,3efa
TX PAI1,PREDICT,3198,3f9b40313f9e3ff1bffbbf47bed3bd453ed63db23dfebf30*7361
RX # PAI1,PREDICT,3198,107,bba0,bc7c,3d19,3f81
TX PAI1,PREDICT,3199,3e153e8c3e133e8dbcf1becc3e9d3eed3e703e04bd2bbe05*4818
RX # PAI1,PREDICT,3199,107,3c90,3e67,3ead,3ed2
TX PAI1,PREDICT,3200,bed53f2bbeaabe5c3e8fbe99be0e3f1b3e623e29bd0f3e14*89dc
RX # PAI1,PREDICT,3200,107,3d36,3e00,3e85,3f15
TX PAI1,PREDICT,3201,bf16be75bef6bf133e3cbebabf073ed7bcabbe14bdf93c43*9c25
RX # PAI1,PREDICT,3201,107,3e24,3dc3,3ed9,3e9f
TX PAI1,PREDICT,3202,3cbabec8bf21bf24bef6bed13e9a3da7bcaf3d82be553cd2*f930
RX # PAI1,PREDICT,3202,106,3d94,3df5,3ed9,3ecd
TX PAI1,PREDICT,3203,3e823e9abc9f3d99bec5bec4bd973fa63e5a3e2a3de63e6f*36ae
RX # PAI1,PREDICT,3203,107,bd0a,3dc4,3e76,3f31
TX PAI1,PREDICT,3204,3f553f623f453f63bfaabf0cbe81bf02bc90be583e36be8e*c8c1
RX # PAI1,PREDICT,3204,107,3dde,bd8d,3ead,3f23
TX PAI1,PREDICT,3205,3f7dbc45bf01be7bbea5bebd3e1f3f00be22be333de83e4e*99ba
RX # PAI1,PREDICT,3205,107,bb50,3ddc,3e97,3f1a
TX PAI1,PREDICT,3206,3daa3ea4beacbe42bc3dbe60bdf93eddbd4fbe273def3e3e*3567
RX # PAI1,PREDICT,3206,108,3df1,3d97,3e6b,3f13
TX PAI1,PREDICT,3207,3f293f8c3ef43f66bd8ebe57be923c853ce6be403eb53bec*e7a8
RX # PAI1,PREDICT,3207,108,3e04,3dd4,3e3d,3f18
TX PAI1,PREDICT,3208,3eed3fb33f3e3f75bf22be73bf13beb7be01be973eb4bdad*98c0
RX # PAI1,PREDICT,3208,108,3e44,bd48,3e24,3f34
TX PAI1,PREDICT,3209,3e94407f3f96400dbf67bfa8be8d3f863e853e15be7abfb3*4eaa
RX # PAI1,PREDICT,3209,108,bdb2,3e26,3d74,3f62
TX PAI1,PREDICT,3210,3f4c3f263dd23ef3bf5dbf11bb29bdb73e6b3da7bbe3be4c*6b69
RX # PAI1,PREDICT,3210,107,bcb4,3dac,3eb8,3f1a
TX PAI1,PREDICT,3211,bf86bfc3be48befe3fb23f063fb83fc23fd03fdebee93f01*c3a8
RX # PAI1,PREDICT,3211,107,3d74,3f78,3ce8,bd1f
TX PAI1,PREDICT,3212,3fca3fc84043401dbf903f543f2f3ff53f913f7a3e22bed4*e7e5
RX # PAI1,PREDICT,3212,107,bcbc,3f2f,be24,3f09
TX PAI1,PREDICT,3213,3e55be93bf97bf6f3e1d3f6b3fa23fdd3f3d3f82bf89bf26*0cc3
RX # PAI1,PREDICT,3213,106,3e0f,3f52,bef8,3f09
TX PAI1,PREDICT,3214,bf90bf25bf65bfaf3fbb3f123fae3f3f3dba3f30bf9cbf5d*2d7b
RX # PAI1,PREDICT,3214,108,3d94,3f81,bdd1,3d29
TX PAI1,PREDICT,3215,bfd1befdbf89bfa63fd53f093f913f743ea93f45bf88bf1a*7797
RX # PAI1,PREDICT,3215,107,3d8e,3f68,bd60,3d9f
TX PAI1,PREDICT,3216,bfe3bf3ebff1c008400dc0353fe9bf0c40914066c0bcc0c6*0cee
RX # PAI1,PREDICT,3216,107,bdb8,3f82,3c40,3d9c
TX PAI1,PREDICT,3217,bf193f243e9c3f193ec7bd2d40163f9b400f401cbf33bcb9*580d
RX # PAI1,PREDICT,3217,108,be2b,3f55,3e1b,3e5d
TX PAI1,PREDICT,3218,400fbf5fbf873f09be723f6b3ff240013ffd3ffabf43bebb*69c3
RX # PAI1,PREDICT,3218,108,3ba6,3f7e,bd4c,3d76
TX PAI1,PREDICT,3219,4032bf53c015bf443fab3f4c3f963fcc3f713f88bf87bf30*7a20
RX # PAI1,PREDICT,3219,107,bc8a,3f64,3bf8,3de5
TX PAI1,PREDICT,3220,bfe3bd8bbf90bfc340033f1b40153f903f0a3fbcbfbfbf44*b305
RX # PAI1,PREDICT,3220,107,bbe8,3f86,bde0,3d70
TX PAI1,PREDICT,3221,c004bf00bfcfbfec400c3f283f9f3f9f3f523f6ebf9fbf05*4996
RX # PAI1,PREDICT,3221,108,3cbc,3f6c,be04,3e38
TX PAI1,PREDICT,3222,c002bec7c004c00b3fe43f0040123f383e233fb6bfc7bf13*62f0
RX # PAI1,PREDICT,3222,108,bc00,3f62,3cb4,3e0f
TX PAI1,PREDICT,3223,3eccbf40bf98bf71bf45bf863f9d3fb13f2b3f89bf173e0f*88bb
RX # PAI1,PREDICT,3223,107,be79,3e10,3f3d,3ec5
TX PAI1,PREDICT,3224,3eebbf27bedabf02bfbebf873f323e40becabd1b3c333e7e*8db8
RX # PAI1,PREDICT,3224,107,bd80,bd12,3f42,3ea0
TX PAI1,PREDICT,3225,3f803f6c3fbb3fb4bf3bbf90bf80beebbe8abef13e56bf21*2799
RX # PAI1,PREDICT,3225,106,3d24,bcc0,3f40,3e77
TX PAI1,PREDICT,3226,3ebf3f1b3fb93f92bf62bf88bf23bec9be6bbed43e4ebef8*5405
RX # PAI1,PREDICT,3226,107,3d90,bda9,3f3f,3e7e
TX PAI1,PREDICT,3227,3f8ebd75bf2d3afb3ee2bf6dbdc73f6d3ea03e3b3f293f92*513c
RX # PAI1,PREDICT,3227,108,be02,bdc4,3f48,3ef0
TX PAI1,PREDICT,3228,3e6f3fa53fc63fb2bf24bf923e40becc3eaa3e683e03beb9*be81
RX # PAI1,PREDICT,3228,108,bdb3,3de0,3f2a,3eab
TX PAI1,PREDICT,3229,3f06bfe4bfcbbf9d3f03bf9e3fe73f5d3dcc3f393de93f99*95ec
RX # PAI1,PREDICT,3229,107,3cfe,3e16,3f7c,be03
TX PAI1,PREDICT,3230,be563f55bedabc16be15bf8abf41beafbe99bee5bd5dbeab*87d9
RX # PAI1,PREDICT,3230,107,3c40,be37,3f36,3ee8
TX PAI1,PREDICT,3231,3df93e9b3f203e28bf79bf97bf41befdbe0ebec2be71bf2a*842f
RX # PAI1,PREDICT,3231,106,bccc,bcbc,3f4b,3e76
TX PAI1,PREDICT,3232,be46bf62be9abf0d3b90bf453a793e43bf18bedf3f1c3f7d*f6d7
RX # PAI1,PREDICT,3232,104,3e14,be62,3f74,3dd6
TX PAI1,PREDICT,3233,3fbfbf17be613dfebe07bf19bf093f7bbe80be7b3f4b3f86*92fc
RX # PAI1,PREDICT,3233,107,3c30,bd44,3f30,3eb2
TX PAI1,PREDICT,3234,3d933fe83ee93f4cbf35bf90bed5bcb93e973d1b3d61be93*0f99
RX # PAI1,PREDICT,3234,107,be22,bdf3,3f0d,3f3b
TX PAI1,PREDICT,3235,3f983dd93f733f5dbfdabf8bbecdbf4c3e89bd263ebb3e00*f1da
RX # PAI1,PREDICT,3235,107,3d80,be22,3f4f,3e90
TX PAI1,PREDICT,3236,3f463ee03f3a3f68bf9dbf87bee0be213f083e533de6be1f*242f
RX # PAI1,PREDICT,3236,106,bd6a,bc4c,3f32,3ebe
TX PAI1,PREDICT,3237,3f7a3c9b3f963fa2bfedbf973f053f833f4b3f303d96be01*6406
RX # PAI1,PREDICT,3237,107,be48,3cdc,3f13,3f0d
TX PAI1,PREDICT,3238,3f57bfb6bf59bf8bbdb7bf30bf353dd6beabbed73f453fc1*ef47
RX # PAI1,PREDICT,3238,108,3dcc,bdca,3f57,3e24
TX PAI1,PREDICT,3239,bed2bf1b3eadbf143ec2bf19bf02be8bbee2bee63f1f3f81*a4a8
RX # PAI1,PREDICT,3239,106,3e32,bde0,3f78,bd0e
TX PAI1,PREDICT,3240,bf3ebe223f3a3ecb3e593f9ebf4fbfe0bf83bf863f463ede*bdf4
RX # PAI1,PREDICT,3240,108,3f81,bd0c,bd34,3d30
TX PAI1,PREDICT,3241,bf0dbeb4bef8bf3a3e923f96bf5fbfa1bf77bf853ef63f07*36b3
RX # PAI1,PREDICT,3241,108,3f63,bc90,be1d,3e96
TX PAI1,PREDICT,3242,bf81bd2bbf06bf273f833fb7bf3dbfa1bf57bf643ef83f15*1bb8
RX # PAI1,PREDICT,3242,108,3f74,3db1,be74,3e65
TX PAI1,PREDICT,3243,bedbbe933edfbd1ebd1b3f83bf8dbfaebfbdbfb93f553f04*e0ef
RX # PAI1,PREDICT,3243,106,3f70,be29,3ca0,3e4a
TX PAI1,PREDICT,3244,bf373e9d3eeb3ead3f683fc7bf5cbf97bf44bf643f703f4e*8898
RX # PAI1,PREDICT,3244,108,3f80,3da6,beb0,3e83
TX PAI1,PREDICT,3245,bf03bf26be05bf123d5d3fb1bf36bfb1bf1abf3b3ed83f09*8c9e
RX # PAI1,PREDICT,3245,108,3f6e,3de0,be39,3e12
TX PAI1,PREDICT,3246,bf783e3ebf61bf363f9b3fb7bf7ebf89bf62bf7e3f153f36*ecbc
RX # PAI1,PREDICT,3246,107,3f74,3cf8,be8c,3ea1
TX PAI1,PREDICT,3247,bf8abfa1be07bf1d3f273f8ebeb0bf94bfa3bf833ebc3e9b*28ba
RX # PAI1,PREDICT,3247,108,3f6c,3dca,3e52,be5e
TX PAI1,PREDICT,3248,bf43bf623ecf3c613e843facbf49bf96bf8abf893f4c3f25*507f
RX # PAI1,PREDICT,3248,108,3f85,bc30,3bc0,bd60
TX PAI1,PREDICT,3249,be26bed03f193e27beb43f96bf8dbfc8bf93bf983f5e3f1e*5bd8
RX # PAI1,PREDICT,3249,108,3f70,bdc2,bb00,3e2e
TX PAI1,PREDICT,3250,bd5abf873f163dcfbe4e3f60bf8fbf59bfa8bfa43f623f1f*6927
RX # PAI1,PREDICT,3250,107,3f53,bd24,3e30,3d5f
TX PAI1,PREDICT,3251,bf55bec3bda5be503f433f81bf9ebfadbf95bf9b3f353f08*2c96
RX # PAI1,PREDICT,3251,108,3f76,bd74,3dd0,3af0
TX PAI1,PREDICT,3252,3e0dbe953f903f843e2c3f8bbf9dbf87bfaabfad3fa33f3b*46ef
RX # PAI1,PREDICT,3252,108,3f69,bd34,bd40,3e32
TX PAI1,PREDICT,3253,bf57bf0f3e80bdbb3ef53fa9bf75bf7fbf88bf8b3f223eda*a506
RX # PAI1,PREDICT,3253,107,3f82,3d58,be0e,3d68
TX PAI1,PREDICT,3254,be80bf493f6c3f11bea53f9abf92bf88bfa4bfa83f753efa*f832
RX # PAI1,PREDICT,3254,107,3f7a,bd54,bd0c,3dc0
TX PAI1,PREDICT,3255,bf87bfa4bf11bf8b3edf3fb6bfa6bfc4bfa5bfad3ec93eca*f293
RX # PAI1,PREDICT,3255,107,3f85,bd14,3cb0,bc42
TX PAI1,MODE,0*0f05
RX # PAI1,MODE,0
