TX PAI1,MODE,1*1f24
RX PNEU1,1314,1031733,3943379
RX PNEU1,1315,1031758,3943397
RX PNEU1,1316,1031783,3943187
RX PNEU1,1317,1031809,3943388
RX PNEU1,1318,1031834,3943755
RX PNEU1,1319,1031859,3943410
RX PNEU1,1320,1031884,3943260
RX PNEU1,1321,1031909,3943501
RX PNEU1,1322,1031935,3943634
RX PNEU1,1323,1031960,3943309
RX PNEU1,1324,1031985,3943076
RX PNEU1,1325,1032010,3943780
RX PNEU1,1326,1032035,3944041
RX # PAI1,MODE,1
TX PAI1,INIT,1,12,32,1,1*9bc6
RX # PNEL1,UNKNOWN,1032045
RX # PAI1,INIT,1,12,32,4
TX PAI1,TRAIN,2,4,bf18be2fbe8fbea73eb43e0ebe663e10bd77bdd0beabbd69*8b34
RX # PAI1,TRAIN,2,1288
TX PAI1,TRAIN,3,3,3db3bf1dbf45bf163f06bf0f3f9c3ecc3d8a3f4ebd883f0e*b5f0
RX # PAI1,TRAIN,3,1289
TX PAI1,TRAIN,4,3,3e8fbf02bee3bf073e55bf10beacbd33bec9bec73f2d3f38*32d0
RX # PAI1,TRAIN,4,1287
TX PAI1,TRAIN,5,3,3f2ebe8bbe28bd493e3ebf0dbe6b3eefbe9bbe533f343ef6*c691
RX # PAI1,TRAIN,5,1291
TX PAI1,TRAIN,6,4,3e2e3e5a3e163e843e603dc9bd98bdc3bc06be153e54bd73*2c4f
RX # PAI1,TRAIN,6,1290
TX PAI1,TRAIN,7,3,3ebbbdc63eeb3ecfbf39be823ed93efc3f4e3f44bde6be03*2169
RX # PAI1,TRAIN,7,1293
TX PAI1,TRAIN,8,3,bef9be8d3daebea73ee9ba48be5abe86bf02bed73f023eeb*d557
RX # PAI1,TRAIN,8,1287
TX PAI1,TRAIN,9,3,beb5beb6be4dbea23e84be063dd33bd3bf2bbecf3efe3ee5*83b5
RX # PAI1,TRAIN,9,1291
TX PAI1,TRAIN,10,3,be433ed63e0c3e5fbdf13ee2be1fbdf13e8d3db6be08be59*aa75
RX # PAI1,TRAIN,10,1291
TX PAI1,TRAIN,11,4,be62be5bbeb1beb43ae4bd9a3e94bd69bd793decbeddbd4c*804f
RX # PAI1,TRAIN,11,1292
TX PAI1,TRAIN,12,3,bdbb3e8a3f203ee8bda93e8a3e5fbeac3ea13e92bd4dbe7f*72e6
RX # PAI1,TRAIN,12,1291
TX PAI1,TRAIN,13,4,3e833dadbca53db7be4ebd4f3dcebe203e533e09be50be2a*dce3
RX # PAI1,TRAIN,13,1292
TX PAI1,TRAIN,14,4,bda2bc82bd99bd8c3d543cc73d683f273e413e64bd8c3d6c*47b7
RX # PAI1,TRAIN,14,1287
TX PAI1,TRAIN,15,4,3e8e3e1b3e8d3e81bee6bb96bd5dbecebd68be2e3bd3be53*abe8
RX # PAI1,TRAIN,15,1292
TX PAI1,TRAIN,16,4,3ebebdd9be95be483dafbe883e4b3e40be53be08bd893d28*6c5f
RX # PAI1,TRAIN,16,1293
TX PAI1,TRAIN,17,4,3d4a3e9a3e873e8fbda33e6bbe82bea0be30be843e52bdda*dc84
RX # PAI1,TRAIN,17,1287
TX PAI1,TRAIN,18,4,befb3db8be5bbe3c3ece3e9e3c833e7f3e4a3e63be713c40*da7f
RX # PAI1,TRAIN,18,1292
TX PAI1,TRAIN,19,4,bd683f853eea3f47be633f67bd8d3f013e733e4dbef2bf49*4b35
RX # PAI1,TRAIN,19,1287
TX PAI1,TRAIN,20,3,be24bc7b3e59bd07be843d82bebbbec9be3ebeb1beedbed0*8797
RX # PAI1,TRAIN,20,1290
TX PAI1,TRAIN,21,3,3efdbd933eb63e7abf25be97be15bf123e7d3be83e613af0*0fbd
RX # PAI1,TRAIN,21,1287
TX PAI1,TRAIN,22,3,beba3e0cbe82bdd13e363e93bebabe9cbeb6bed6be83be71*5912
RX # PAI1,TRAIN,22,1288
TX PAI1,TRAIN,23,4,be3cbc22be5dbe313e7f3da23cdd3e16bdbbbdf7bd813d07*7014
RX # PAI1,TRAIN,23,1291
TX PAI1,TRAIN,24,3,3e763cbe3e843e85bec9bdc2be2cbe493f073e87bd8bbe13*6b4d
RX # PAI1,TRAIN,24,1292
TX PAI1,TRAIN,25,4,bd683f853eea3f47be633f67bd8d3f013e733e4dbef2bf49*dc52
RX # PAI1,TRAIN,25,1291
TX PAI1,TRAIN,26,4,3e833dadbca53db7be4ebd4f3dcebe203e533e09be50be2a*daa7
RX # PAI1,TRAIN,26,1288
TX PAI1,TRAIN,27,3,be433ed63e0c3e5fbdf13ee2be1fbdf13e8d3db6be08be59*5ab1
RX # PAI1,TRAIN,27,1289
TX PAI1,TRAIN,28,3,3efdbd933eb63e7abf25be97be15bf123e7d3be83e613af0*9e9e
RX # PAI1,TRAIN,28,1290
TX PAI1,TRAIN,29,4,befb3db8be5bbe3c3ece3e9e3c833e7f3e4a3e63be713c40*211a
RX # PAI1,TRAIN,29,1289
TX PAI1,TRAIN,30,4,3e2e3e5a3e163e843e603dc9bd98bdc3bc06be153e54bd73*d989
RX # PAI1,TRAIN,30,1293
TX PAI1,TRAIN,31,4,be3cbc22be5dbe313e7f3da23cdd3e16bdbbbdf7bd813d07*0968
RX # PAI1,TRAIN,31,1290
TX PAI1,TRAIN,32,3,bef9be8d3daebea73ee9ba48be5abe86bf02bed73f023eeb*37d3
RX # PAI1,TRAIN,32,1288
TX PAI1,TRAIN,33,3,beb5beb6be4dbea23e84be063dd33bd3bf2bbecf3efe3ee5*6131
RX # PAI1,TRAIN,33,1290
TX PAI1,TRAIN,34,3,3f2ebe8bbe28bd493e3ebf0dbe6b3eefbe9bbe533f343ef6*43b6
RX # PAI1,TRAIN,34,1290
TX PAI1,TRAIN,35,4,bda2bc82bd99bd8c3d543cc73d683f273e413e64bd8c3d6c*332e
RX # PAI1,TRAIN,35,1293
TX PAI1,TRAIN,36,4,be62be5bbeb1beb43ae4bd9a3e94bd69bd793decbeddbd4c*ff77
RX # PAI1,TRAIN,36,1293
TX PAI1,TRAIN,37,3,3ebbbdc63eeb3ecfbf39be823ed93efc3f4e3f44bde6be03*df0e
RX # PAI1,TRAIN,37,1290
TX PAI1,TRAIN,38,3,3e763cbe3e843e85bec9bdc2be2cbe493f073e87bd8bbe13*f3f3
RX # PAI1,TRAIN,38,1291
TX PAI1,TRAIN,39,3,3e8fbf02bee3bf073e55bf10beacbd33bec9bec73f2d3f38*a0b5
RX # PAI1,TRAIN,39,1292
TX PAI1,TRAIN,40,3,beba3e0cbe82bdd13e363e93bebabe9cbeb6bed6be83be71*bff9
RX # PAI1,TRAIN,40,1289
TX PAI1,TRAIN,41,4,bf18be2fbe8fbea73eb43e0ebe663e10bd77bdd0beabbd69*6704
RX # PAI1,TRAIN,41,1289
TX PAI1,TRAIN,42,3,bdbb3e8a3f203ee8bda93e8a3e5fbeac3ea13e92bd4dbe7f*e2a8
RX # PAI1,TRAIN,42,1292
TX PAI1,TRAIN,43,3,3db3bf1dbf45bf163f06bf0f3f9c3ecc3d8a3f4ebd883f0e*d400
RX # PAI1,TRAIN,43,1287
TX PAI1,TRAIN,44,3,be24bc7b3e59bd07be843d82bebbbec9be3ebeb1beedbed0*6add
RX # PAI1,TRAIN,44,1289
TX PAI1,TRAIN,45,4,3e8e3e1b3e8d3e81bee6bb96bd5dbecebd68be2e3bd3be53*3ba6
RX # PAI1,TRAIN,45,1290
TX PAI1,TRAIN,46,4,3ebebdd9be95be483dafbe883e4b3e40be53be08bd893d28*fc11
RX # PAI1,TRAIN,46,1290
TX PAI1,TRAIN,47,4,3d4a3e9a3e873e8fbda33e6bbe82bea0be30be843e52bdda*4cca
RX # PAI1,TRAIN,47,1289
TX PAI1,TRAIN,48,3,beba3e0cbe82bdd13e363e93bebabe9cbeb6bed6be83be71*559a
RX # PAI1,TRAIN,48,1289
TX PAI1,TRAIN,49,4,befb3db8be5bbe3c3ece3e9e3c833e7f3e4a3e63be713c40*3171
RX # PAI1,TRAIN,49,1291
TX PAI1,TRAIN,50,3,3db3bf1dbf45bf163f06bf0f3f9c3ecc3d8a3f4ebd883f0e*d63c
RX # PAI1,TRAIN,50,1290
TX PAI1,TRAIN,51,3,be433ed63e0c3e5fbdf13ee2be1fbdf13e8d3db6be08be59*ce87
RX # PAI1,TRAIN,51,1288
TX PAI1,TRAIN,52,3,3ebbbdc63eeb3ecfbf39be823ed93efc3f4e3f44bde6be03*4904
RX # PAI1,TRAIN,52,1290
TX PAI1,TRAIN,53,3,3efdbd933eb63e7abf25be97be15bf123e7d3be83e613af0*66aa
RX # PAI1,TRAIN,53,1292
TX PAI1,TRAIN,54,4,3ebebdd9be95be483dafbe883e4b3e40be53be08bd893d28*856d
RX # PAI1,TRAIN,54,1292
TX PAI1,TRAIN,55,3,bdbb3e8a3f203ee8bda93e8a3e5fbeac3ea13e92bd4dbe7f*1db5
RX # PAI1,TRAIN,55,1290
TX PAI1,TRAIN,56,4,3e2e3e5a3e163e843e603dc9bd98bdc3bc06be153e54bd73*c243
RX # PAI1,TRAIN,56,1288
TX PAI1,TRAIN,57,4,bda2bc82bd99bd8c3d543cc73d683f273e413e64bd8c3d6c*d5c5
RX # PAI1,TRAIN,57,1288
TX PAI1,TRAIN,58,3,bef9be8d3daebea73ee9ba48be5abe86bf02bed73f023eeb*3b5b
RX # PAI1,TRAIN,58,1288
TX PAI1,TRAIN,59,4,be3cbc22be5dbe313e7f3da23cdd3e16bdbbbdf7bd813d07*f360
RX # PAI1,TRAIN,59,1290
TX PAI1,TRAIN,60,3,3f2ebe8bbe28bd493e3ebf0dbe6b3eefbe9bbe533f343ef6*2ed9
RX # PAI1,TRAIN,60,1290
TX PAI1,TRAIN,61,4,3e8e3e1b3e8d3e81bee6bb96bd5dbecebd68be2e3bd3be53*c95e
RX # PAI1,TRAIN,61,1290
TX PAI1,TRAIN,62,3,beb5beb6be4dbea23e84be063dd33bd3bf2bbecf3efe3ee5*8a3f
RX # PAI1,TRAIN,62,1289
TX PAI1,TRAIN,63,4,3d4a3e9a3e873e8fbda33e6bbe82bea0be30be843e52bdda*be32
RX # PAI1,TRAIN,63,1290
TX PAI1,TRAIN,64,4,bf18be2fbe8fbea73eb43e0ebe663e10bd77bdd0beabbd69*eebc
RX # PAI1,TRAIN,64,1290
TX PAI1,TRAIN,65,3,be24bc7b3e59bd07be843d82bebbbec9be3ebeb1beedbed0*1e44
RX # PAI1,TRAIN,65,1290
TX PAI1,TRAIN,66,3,3e8fbf02bee3bf073e55bf10beacbd33bec9bec73f2d3f38*aa79
RX # PAI1,TRAIN,66,1288
TX PAI1,TRAIN,67,4,be62be5bbeb1beb43ae4bd9a3e94bd69bd793decbeddbd4c*1479
RX # PAI1,TRAIN,67,1290
TX PAI1,TRAIN,68,3,3e763cbe3e843e85bec9bdc2be2cbe493f073e87bd8bbe13*63bd
RX # PAI1,TRAIN,68,1290
TX PAI1,TRAIN,69,4,bd683f853eea3f47be633f67bd8d3f013e733e4dbef2bf49*d4a2
RX # PAI1,TRAIN,69,1290
TX PAI1,TRAIN,70,4,3e833dadbca53db7be4ebd4f3dcebe203e533e09be50be2a*4148
RX # PAI1,TRAIN,70,1293
TX PAI1,TRAIN,71,4,3d4a3e9a3e873e8fbda33e6bbe82bea0be30be843e52bdda*c74e
RX # PAI1,TRAIN,71,1290
TX PAI1,TRAIN,72,3,bdbb3e8a3f203ee8bda93e8a3e5fbeac3ea13e92bd4dbe7f*628d
RX # PAI1,TRAIN,72,1292
TX PAI1,TRAIN,73,3,3efdbd933eb63e7abf25be97be15bf123e7d3be83e613af0*6973
RX # PAI1,TRAIN,73,1290
TX PAI1,TRAIN,74,4,3ebebdd9be95be483dafbe883e4b3e40be53be08bd893d28*8ab4
RX # PAI1,TRAIN,74,1290
TX PAI1,TRAIN,75,4,3e8e3e1b3e8d3e81bee6bb96bd5dbecebd68be2e3bd3be53*bb83
RX # PAI1,TRAIN,75,1290
TX PAI1,TRAIN,76,3,3f2ebe8bbe28bd493e3ebf0dbe6b3eefbe9bbe533f343ef6*aa84
RX # PAI1,TRAIN,76,1289
TX PAI1,TRAIN,77,3,3e763cbe3e843e85bec9bdc2be2cbe493f073e87bd8bbe13*76c3
RX # PAI1,TRAIN,77,1289
TX PAI1,TRAIN,78,3,be24bc7b3e59bd07be843d82bebbbec9be3ebeb1beedbed0*fdba
RX # PAI1,TRAIN,78,1291
TX PAI1,TRAIN,79,3,3ebbbdc63eeb3ecfbf39be823ed93efc3f4e3f44bde6be03*217e
RX # PAI1,TRAIN,79,1290
TX PAI1,TRAIN,80,4,bda2bc82bd99bd8c3d543cc73d683f273e413e64bd8c3d6c*0a0e
RX # PAI1,TRAIN,80,1287
TX PAI1,TRAIN,81,4,bf18be2fbe8fbea73eb43e0ebe663e10bd77bdd0beabbd69*47d2
RX # PAI1,TRAIN,81,1291
TX PAI1,TRAIN,82,3,bef9be8d3daebea73ee9ba48be5abe86bf02bed73f023eeb*8892
RX # PAI1,TRAIN,82,1292
TX PAI1,TRAIN,83,3,beba3e0cbe82bdd13e363e93bebabe9cbeb6bed6be83be71*12ef
RX # PAI1,TRAIN,83,1290
TX PAI1,TRAIN,84,4,be62be5bbeb1beb43ae4bd9a3e94bd69bd793decbeddbd4c*b6b6
RX # PAI1,TRAIN,84,1289
TX PAI1,TRAIN,85,4,be3cbc22be5dbe313e7f3da23cdd3e16bdbbbdf7bd813d07*4b08
RX # PAI1,TRAIN,85,1291
TX PAI1,TRAIN,86,3,3e8fbf02bee3bf073e55bf10beacbd33bec9bec73f2d3f38*8576
RX # PAI1,TRAIN,86,1291
TX PAI1,TRAIN,87,4,befb3db8be5bbe3c3ece3e9e3c833e7f3e4a3e63be713c40*f065
RX # PAI1,TRAIN,87,1291
TX PAI1,TRAIN,88,3,be433ed63e0c3e5fbdf13ee2be1fbdf13e8d3db6be08be59*f08e
RX # PAI1,TRAIN,88,1290
TX PAI1,TRAIN,89,3,beb5beb6be4dbea23e84be063dd33bd3bf2bbecf3efe3ee5*c293
RX # PAI1,TRAIN,89,1290
TX PAI1,TRAIN,90,4,3e2e3e5a3e163e843e603dc9bd98bdc3bc06be153e54bd73*e934
RX # PAI1,TRAIN,90,1291
TX PAI1,TRAIN,91,4,bd683f853eea3f47be633f67bd8d3f013e733e4dbef2bf49*9e32
RX # PAI1,TRAIN,91,1292
TX PAI1,TRAIN,92,4,3e833dadbca53db7be4ebd4f3dcebe203e533e09be50be2a*98c7
RX # PAI1,TRAIN,92,1291
TX PAI1,TRAIN,93,3,3db3bf1dbf45bf163f06bf0f3f9c3ecc3d8a3f4ebd883f0e*7b2a
RX # PAI1,TRAIN,93,1290
TX PAI1,PREDICT,94,bf31be173e843d713ebc3e51beccbf90bf90bf853f2f3e24*a24d
RX # PAI1,PREDICT,94,108,0000,0000,3f87,bd78
TX PAI1,PREDICT,95,bf12be50be90bec63ed03dcfbee0bf57bf88bf853eb33e56*990d
RX # PAI1,PREDICT,95,108,0000,0000,3f3e,3e7a
TX PAI1,PREDICT,96,bf5bbdeabe99beb63f4c3e9fbeb5bf56bf6ebf603eb53e74*14c7
RX # PAI1,PREDICT,96,107,0000,0000,3f36,3e93
TX PAI1,PREDICT,97,beffbe3d3e03bde83e713da6bf15bf66bfcebfba3f3f3e50*42c3
RX # PAI1,PREDICT,97,106,0000,0000,3f5b,3e08
TX PAI1,PREDICT,98,bf61bf0abe1cbe973f7dbd153f7e3f483fd83fedbf363e4b*6dc6
RX # PAI1,PREDICT,98,107,0000,0000,3f0e,3ecb
TX PAI1,PREDICT,99,3f3c3eb23fa53f5fbeaebd683f073f813f953f88bc7dbe8e*d00b
RX # PAI1,PREDICT,99,107,0000,0000,3eac,3f21
TX PAI1,PREDICT,100,bddbbe3dbf18bef03eacbdd53f633f673f3f3f8dbfb4becc*f1b6
RX # PAI1,PREDICT,100,107,0000,0000,be57,3f98
TX PAI1,PREDICT,101,3c20bea2bf18bef1be1bbe8b3f5d3f343f2c3f94bf5d3c15*207f
RX # PAI1,PREDICT,101,108,0000,0000,3eb0,3f2b
TX PAI1,PREDICT,102,3d40be94be83be99bf07be883f083b97beea3c20be3c3d86*dbc4
RX # PAI1,PREDICT,102,107,0000,0000,3f1b,3ec8
TX PAI1,PREDICT,103,3ec43e273f153eeabe05bd37bf05bebfbea6bee13d2cbec7*896f
RX # PAI1,PREDICT,103,107,0000,0000,3f0c,3ee1
TX PAI1,PREDICT,104,bbba3d933f143eb6be573d81be96beabbe90bec33d07bea0*3557
RX # PAI1,PREDICT,104,107,0000,0000,3f1a,3ebc
TX PAI1,PREDICT,105,3ee4bdf5bebcbdc83efabea03d2c3edf3e973e753f0d3f07*20e4
RX # PAI1,PREDICT,105,107,0000,0000,3f18,3ed7
TX PAI1,PREDICT,106,bdb03dd43ea73e8a3e393e033e2dbd593e933e4b3d0ebdc1*e798
RX # PAI1,PREDICT,106,107,0000,0000,3f09,3ee3
TX PAI1,PREDICT,107,3f17bdb83ed53eb3bf61beb73d76bec23f053eab3d6dbdb9*fdfd
RX # PAI1,PREDICT,107,107,0000,0000,3f81,bc94
TX PAI1,PREDICT,108,3f023f313ef73f25bf483eaebe1dbe083ed03e0fbd60bed6*c6c5
RX # PAI1,PREDICT,108,108,0000,0000,3ee0,3f13
TX PAI1,PREDICT,109,be14bcbfbb0a3c393e753d4a3e963e293e583e3cbe79be05*9984
RX # PAI1,PREDICT,109,108,0000,0000,3ea7,3f29
TX PAI1,INIT,110,12,32,1,1*31a8
RX # PAI1,INIT,110,12,32,4
TX PAI1,TRAIN,111,4,3ef9bdf43ea23e7abf26bea63d76bebc3ece3e8c3b8fbd92*41db
RX # PAI1,TRAIN,111,1292
TX PAI1,TRAIN,112,3,3e72be013eb73e99bf04be5f3eef3f023f253f29be20bdde*446e
RX # PAI1,TRAIN,112,1291
TX PAI1,TRAIN,113,4,3ca23e393d513e1e3e963e1cbdb8bda9bd4fbe1e3e14bd24*b481
RX # PAI1,TRAIN,113,1294
TX PAI1,TRAIN,114,3,3f16be99be82be173e87bf08be863ef7be9bbe553f1d3eff*d5e6
RX # PAI1,TRAIN,114,1291
TX PAI1,TRAIN,115,3,bf10bec4be95bed23ea7bdb43ddd3ca1bf1dbec53ed63eee*878c
RX # PAI1,TRAIN,115,1292
TX PAI1,TRAIN,116,3,bf36be9cbc1fbed83efe3d47be7bbe80bef4becc3edc3ef4*fc75
RX # PAI1,TRAIN,116,1292
TX PAI1,TRAIN,117,3,3e11bf09bf08bf1e3e91bf0abec4bcfcbec2bebe3f163f3c*7814
RX # PAI1,TRAIN,117,1290
TX PAI1,TRAIN,118,3,3ea7be18bee9be483f06be8e3d233ee63e553e413ef13f0b*f31c
RX # PAI1,TRAIN,118,1292
TX PAI1,TRAIN,119,3,3dc9bbe13e253e21be6ebd4dbe47be3c3ed13e58bdeabdfe*bced
RX # PAI1,TRAIN,119,1292
TX PAI1,TRAIN,120,3,be22beb0bf2ebf10bccbbe713f753f383f073f81bf5d3ce7*01b4
RX # PAI1,TRAIN,120,1292
TX PAI1,TRAIN,121,4,3eca3f283ec43f09bf113ed0be36bdf63e9b3dcdbdd1becb*a7fa
RX # PAI1,TRAIN,121,1292
TX PAI1,TRAIN,122,3,bdf0bea2beb1becabeb3be6b3f163c91bedfbc81be643dac*658f
RX # PAI1,TRAIN,122,1291
TX PAI1,TRAIN,123,4,3deb3d5dbde8bc35bd8abb683dd8be133e073dc3be78be16*0e06
RX # PAI1,TRAIN,123,1292
TX PAI1,TRAIN,124,4,bea9bd59bdc3bdb43e9f3dd03ea43e373e0c3e0fbe8fbde3*6935
RX # PAI1,TRAIN,124,1291
TX PAI1,TRAIN,125,4,3e0e3df63e373e19be903d37bd8abec8bdbcbe34bd35be3f*325d
RX # PAI1,TRAIN,125,1290
TX PAI1,TRAIN,126,4,3e79be0abec3be953e37be6b3e5b3e4ebe61be12bde83d76*e70c
RX # PAI1,TRAIN,126,1291
TX PAI1,TRAIN,127,4,bdeb3e893e2b3e353d183e94be95be9abe43be823e12bdb2*e990
RX # PAI1,TRAIN,127,1291
TX PAI1,TRAIN,128,4,be883d953e6b3e2a3e863e3c3e3abd243e503e1cbc90bd99*14a6
RX # PAI1,TRAIN,128,1292
TX PAI1,TRAIN,129,4,be6e3f803eb73f2abdae3f80bdab3f053e233e1ebefebf43*c755
RX # PAI1,TRAIN,129,1292
TX PAI1,TRAIN,130,3,be343d2a3ef53e80bd9a3dedbeabbea4be91bebbbc9dbe96*c1bb
RX # PAI1,TRAIN,130,1291
TX PAI1,TRAIN,131,3,bec33ec53d293dec3b903f03be38bdd73e443d60be34be45*ea36
RX # PAI1,TRAIN,131,1289
TX PAI1,TRAIN,132,3,3e833e073ef73eb4bbce3b2cbf16beb9bea5bed6bc2dbebd*b9f2
RX # PAI1,TRAIN,132,1293
TX PAI1,TRAIN,133,4,bebfbd23be9dbe8a3ea43e083cbd3e25bdfabe07bde03d55*fa40
RX # PAI1,TRAIN,133,1291
TX PAI1,TRAIN,134,3,3ec2bdcf3e843e11bee7be85be2dbf0f3e2bbc953e213cab*4cd4
RX # PAI1,TRAIN,134,1291
TX PAI1,TRAIN,135,4,3deb3d5dbde8bc35bd8abb683dd8be133e073dc3be78be16*8a5b
RX # PAI1,TRAIN,135,1291
TX PAI1,TRAIN,136,3,bec33ec53d293dec3b903f03be38bdd73e443d60be34be45*9ad7
RX # PAI1,TRAIN,136,1293
TX PAI1,TRAIN,137,3,bf36be9cbc1fbed83efe3d47be7bbe80bef4becc3edc3ef4*88ec
RX # PAI1,TRAIN,137,1290
TX PAI1,TRAIN,138,3,3e833e073ef73eb4bbce3b2cbf16beb9bea5bed6bc2dbebd*a511
RX # PAI1,TRAIN,138,1290
TX PAI1,TRAIN,139,3,3dc9bbe13e253e21be6ebd4dbe47be3c3ed13e58bdeabdfe*b334
RX # PAI1,TRAIN,139,1290
TX PAI1,TRAIN,140,4,be883d953e6b3e2a3e863e3c3e3abd243e503e1cbc90bd99*eeae
RX # PAI1,TRAIN,140,1294
TX PAI1,TRAIN,141,4,be6e3f803eb73f2abdae3f80bdab3f053e233e1ebefebf43*3d5d
RX # PAI1,TRAIN,141,1292
TX PAI1,TRAIN,142,4,3ca23e393d513e1e3e963e1cbdb8bda9bd4fbe1e3e14bd24*5f8f
RX # PAI1,TRAIN,142,1285
TX PAI1,TRAIN,143,4,bebfbd23be9dbe8a3ea43e083cbd3e25bdfabe07bde03d55*65d7
RX # PAI1,TRAIN,143,1292
TX PAI1,TRAIN,144,3,3ea7be18bee9be483f06be8e3d233ee63e553e413ef13f0b*7410
RX # PAI1,TRAIN,144,1293
TX PAI1,TRAIN,145,3,3f16be99be82be173e87bf08be863ef7be9bbe553f1d3eff*3ee8
RX # PAI1,TRAIN,145,1290
TX PAI1,TRAIN,146,4,bea9bd59bdc3bdb43e9f3dd03ea43e373e0c3e0fbe8fbde3*8fde
RX # PAI1,TRAIN,146,1292
TX PAI1,TRAIN,147,4,3eca3f283ec43f09bf113ed0be36bdf63e9b3dcdbdd1becb*bc30
RX # PAI1,TRAIN,147,1293
TX PAI1,TRAIN,148,3,3ec2bdcf3e843e11bee7be85be2dbf0f3e2bbc953e213cab*c401
RX # PAI1,TRAIN,148,1293
TX PAI1,TRAIN,149,3,3e72be013eb73e99bf04be5f3eef3f023f253f29be20bdde*b383
RX # PAI1,TRAIN,149,1292
TX PAI1,TRAIN,150,3,bf10bec4be95bed23ea7bdb43ddd3ca1bf1dbec53ed63eee*1e5f
RX # PAI1,TRAIN,150,1291
TX PAI1,TRAIN,151,3,3e11bf09bf08bf1e3e91bf0abec4bcfcbec2bebe3f163f3c*6c07
RX # PAI1,TRAIN,151,1293
TX PAI1,TRAIN,152,4,3ef9bdf43ea23e7abf26bea63d76bebc3ece3e8c3b8fbd92*d3a9
RX # PAI1,TRAIN,152,1292
TX PAI1,TRAIN,153,3,be22beb0bf2ebf10bccbbe713f753f383f073f81bf5d3ce7*13e3
RX # PAI1,TRAIN,153,1291
TX PAI1,TRAIN,154,3,bdf0bea2beb1becabeb3be6b3f163c91bedfbc81be643dac*f1b9
RX # PAI1,TRAIN,154,1286
TX PAI1,TRAIN,155,3,be343d2a3ef53e80bd9a3dedbeabbea4be91bebbbc9dbe96*57b1
RX # PAI1,TRAIN,155,1289
TX PAI1,TRAIN,156,4,3e0e3df63e373e19be903d37bd8abec8bdbcbe34bd35be3f*200a
RX # PAI1,TRAIN,156,1291
TX PAI1,TRAIN,157,4,3e79be0abec3be953e37be6b3e5b3e4ebe61be12bde83d76*03db
RX # PAI1,TRAIN,157,1292
TX PAI1,TRAIN,158,4,bdeb3e893e2b3e353d183e94be95be9abe43be823e12bdb2*ec85
RX # PAI1,TRAIN,158,1292
TX PAI1,TRAIN,159,3,3f16be99be82be173e87bf08be863ef7be9bbe553f1d3eff*a656
RX # PAI1,TRAIN,159,1291
TX PAI1,TRAIN,160,4,be883d953e6b3e2a3e863e3c3e3abd243e503e1cbc90bd99*e177
RX # PAI1,TRAIN,160,1292
TX PAI1,TRAIN,161,3,3e11bf09bf08bf1e3e91bf0abec4bcfcbec2bebe3f163f3c*ec22
RX # PAI1,TRAIN,161,1293
TX PAI1,TRAIN,162,3,bf10bec4be95bed23ea7bdb43ddd3ca1bf1dbec53ed63eee*68fa
RX # PAI1,TRAIN,162,1291
TX PAI1,TRAIN,163,3,3dc9bbe13e253e21be6ebd4dbe47be3c3ed13e58bdeabdfe*3f99
RX # PAI1,TRAIN,163,1292
TX PAI1,TRAIN,164,3,3e72be013eb73e99bf04be5f3eef3f023f253f29be20bdde*d058
RX # PAI1,TRAIN,164,1293
TX PAI1,TRAIN,165,3,be22beb0bf2ebf10bccbbe713f753f383f073f81bf5d3ce7*9867
RX # PAI1,TRAIN,165,1292
TX PAI1,TRAIN,166,3,3ea7be18bee9be483f06be8e3d233ee63e553e413ef13f0b*8d49
RX # PAI1,TRAIN,166,1293
TX PAI1,TRAIN,167,4,3e79be0abec3be953e37be6b3e5b3e4ebe61be12bde83d76*83fe
RX # PAI1,TRAIN,167,1291
TX PAI1,TRAIN,168,4,3ca23e393d513e1e3e963e1cbdb8bda9bd4fbe1e3e14bd24*4cb5
RX # PAI1,TRAIN,168,1292
TX PAI1,TRAIN,169,3,bdf0bea2beb1becabeb3be6b3f163c91bedfbc81be643dac*1d9e
RX # PAI1,TRAIN,169,1292
TX PAI1,TRAIN,170,4,bea9bd59bdc3bdb43e9f3dd03ea43e373e0c3e0fbe8fbde3*045a
RX # PAI1,TRAIN,170,1293
TX PAI1,TRAIN,171,4,3deb3d5dbde8bc35bd8abb683dd8be133e073dc3be78be16*68c8
RX # PAI1,TRAIN,171,1292
TX PAI1,TRAIN,172,4,bebfbd23be9dbe8a3ea43e083cbd3e25bdfabe07bde03d55*9eb2
RX # PAI1,TRAIN,172,1292
TX PAI1,TRAIN,173,3,bec33ec53d293dec3b903f03be38bdd73e443d60be34be45*0304
RX # PAI1,TRAIN,173,1293
TX PAI1,TRAIN,174,3,3e833e073ef73eb4bbce3b2cbf16beb9bea5bed6bc2dbebd*ade1
RX # PAI1,TRAIN,174,1293
TX PAI1,TRAIN,175,4,3e0e3df63e373e19be903d37bd8abec8bdbcbe34bd35be3f*a213
RX # PAI1,TRAIN,175,1292
TX PAI1,TRAIN,176,4,bdeb3e893e2b3e353d183e94be95be9abe43be823e12bdb2*029e
RX # PAI1,TRAIN,176,1294
TX PAI1,TRAIN,177,4,3ef9bdf43ea23e7abf26bea63d76bebc3ece3e8c3b8fbd92*5a11
RX # PAI1,TRAIN,177,1293
TX PAI1,TRAIN,178,3,be343d2a3ef53e80bd9a3dedbeabbea4be91bebbbc9dbe96*346a
RX # PAI1,TRAIN,178,1293
TX PAI1,TRAIN,179,3,bf36be9cbc1fbed83efe3d47be7bbe80bef4becc3edc3ef4*769c
RX # PAI1,TRAIN,179,1292
TX PAI1,TRAIN,180,4,3eca3f283ec43f09bf113ed0be36bdf63e9b3dcdbdd1becb*ec07
RX # PAI1,TRAIN,180,1292
TX PAI1,TRAIN,181,3,3ec2bdcf3e843e11bee7be85be2dbf0f3e2bbc953e213cab*75f4
RX # PAI1,TRAIN,181,1292
TX PAI1,TRAIN,182,4,be6e3f803eb73f2abdae3f80bdab3f053e233e1ebefebf43*904b
RX # PAI1,TRAIN,182,1292
TX PAI1,TRAIN,183,3,3e72be013eb73e99bf04be5f3eef3f023f253f29be20bdde*8fb6
RX # PAI1,TRAIN,183,1290
TX PAI1,TRAIN,184,3,bf36be9cbc1fbed83efe3d47be7bbe80bef4becc3edc3ef4*ba6d
RX # PAI1,TRAIN,184,1293
TX PAI1,TRAIN,185,3,be22beb0bf2ebf10bccbbe713f753f383f073f81bf5d3ce7*b768
RX # PAI1,TRAIN,185,1291
TX PAI1,TRAIN,186,3,3dc9bbe13e253e21be6ebd4dbe47be3c3ed13e58bdeabdfe*96f7
RX # PAI1,TRAIN,186,1287
TX PAI1,TRAIN,187,4,3e0e3df63e373e19be903d37bd8abec8bdbcbe34bd35be3f*f460
RX # PAI1,TRAIN,187,1293
TX PAI1,TRAIN,188,4,bdeb3e893e2b3e353d183e94be95be9abe43be823e12bdb2*43af
RX # PAI1,TRAIN,188,1292
TX PAI1,TRAIN,189,4,3e79be0abec3be953e37be6b3e5b3e4ebe61be12bde83d76*4d33
RX # PAI1,TRAIN,189,1290
TX PAI1,TRAIN,190,3,bec33ec53d293dec3b903f03be38bdd73e443d60be34be45*a1cb
RX # PAI1,TRAIN,190,1287
TX PAI1,TRAIN,191,3,3ec2bdcf3e843e11bee7be85be2dbf0f3e2bbc953e213cab*fa08
RX # PAI1,TRAIN,191,1289
TX PAI1,TRAIN,192,3,bf10bec4be95bed23ea7bdb43ddd3ca1bf1dbec53ed63eee*c809
RX # PAI1,TRAIN,192,1292
TX PAI1,TRAIN,193,4,bea9bd59bdc3bdb43e9f3dd03ea43e373e0c3e0fbe8fbde3*a695
RX # PAI1,TRAIN,193,1292
TX PAI1,TRAIN,194,4,3ef9bdf43ea23e7abf26bea63d76bebc3ece3e8c3b8fbd92*f8de
RX # PAI1,TRAIN,194,1288
TX PAI1,TRAIN,195,3,3e833e073ef73eb4bbce3b2cbf16beb9bea5bed6bc2dbebd*f9ae
RX # PAI1,TRAIN,195,1293
TX PAI1,TRAIN,196,3,be343d2a3ef53e80bd9a3dedbeabbea4be91bebbbc9dbe96*faa7
RX # PAI1,TRAIN,196,1293
TX PAI1,TRAIN,197,4,3eca3f283ec43f09bf113ed0be36bdf63e9b3dcdbdd1becb*131a
RX # PAI1,TRAIN,197,1292
TX PAI1,TRAIN,198,4,bebfbd23be9dbe8a3ea43e083cbd3e25bdfabe07bde03d55*ad5e
RX # PAI1,TRAIN,198,1288
TX PAI1,TRAIN,199,3,3e11bf09bf08bf1e3e91bf0abec4bcfcbec2bebe3f163f3c*a6b2
RX # PAI1,TRAIN,199,1293
TX PAI1,TRAIN,200,4,be883d953e6b3e2a3e863e3c3e3abd243e503e1cbc90bd99*4594
RX # PAI1,TRAIN,200,1292
TX PAI1,TRAIN,201,3,3f16be99be82be173e87bf08be863ef7be9bbe553f1d3eff*68f3
RX # PAI1,TRAIN,201,1292
TX PAI1,TRAIN,202,3,3ea7be18bee9be483f06be8e3d233ee63e553e413ef13f0b*d48b
RX # PAI1,TRAIN,202,1288
TX PAI1,TRAIN,203,4,3ca23e393d513e1e3e963e1cbdb8bda9bd4fbe1e3e14bd24*8ff5
RX # PAI1,TRAIN,203,1292
TX PAI1,TRAIN,204,4,be6e3f803eb73f2abdae3f80bdab3f053e233e1ebefebf43*1006
RX # PAI1,TRAIN,204,1286
TX PAI1,TRAIN,205,4,3deb3d5dbde8bc35bd8abb683dd8be133e073dc3be78be16*bef6
RX # PAI1,TRAIN,205,1292
TX PAI1,TRAIN,206,3,bdf0bea2beb1becabeb3be6b3f163c91bedfbc81be643dac*23ff
RX # PAI1,TRAIN,206,1286
TX PAI1,PREDICT,207,bf6bbd343d32bd823f3d3ebfbefabf48bf46bf4e3f443ebe*b76b
RX # PAI1,PREDICT,207,108,0000,0000,3f14,3edc
TX PAI1,PREDICT,208,bf48bea2be5dbed63eb33d8fbec5bf68bf20bf283e5d3e6e*a8ba
RX # PAI1,PREDICT,208,108,0000,0000,3f4b,3e50
TX PAI1,PREDICT,209,bf8bbda1bf0bbef33f603ed7bf14bf38bf61bf673ec73ea5*2d96
RX # PAI1,PREDICT,209,108,0000,0000,3f33,3ea7
TX PAI1,PREDICT,210,bf95befbbe5ebedf3f1f3db1be05bf45bf9ebf703e223de7*423a
RX # PAI1,PREDICT,210,107,0000,0000,3f38,3e86
TX PAI1,PREDICT,211,bf99bea1bf0dbf3b3f7e3e843f863eb13bd13f28bfc5befa*cfdc
RX # PAI1,PREDICT,211,107,0000,0000,3e4e,3f43
TX PAI1,PREDICT,212,bfc6be8bbf20bf333f8a3ee83f643eef3e663f3cbfb0beb5*e06d
RX # PAI1,PREDICT,212,107,0000,0000,3ead,3f1d
TX PAI1,PREDICT,213,bfd2beafbf7cbf833faa3edd3fafbed440814057c0d1c04f*d37d
RX # PAI1,PREDICT,213,107,0000,0000,3c60,3f75
TX PAI1,PREDICT,214,be8a3e733f063eb23d0c3eaa3e72bea63e683e6cbdc8be6b*deed
RX # PAI1,PREDICT,214,106,0000,0000,3e27,3f54
TX PAI1,PREDICT,215,bd94bf23bf5bbf2d3f0fbf093fad3ed33c6a3f31bde73f12*9727
RX # PAI1,PREDICT,215,106,0000,0000,3eea,3f10
TX PAI1,PREDICT,216,bf123ddabeb1be4c3e843eb4bed4be96beb2becbbe96be5c*1538
RX # PAI1,PREDICT,216,107,0000,0000,3f16,3ed4
TX PAI1,PREDICT,217,beb2bd393decbe07bdf13deebed4bec3be4fbeaabef9bec6*87dd
RX # PAI1,PREDICT,217,106,0000,0000,3f22,3eac
TX PAI1,PREDICT,218,bf373d73be9cbe8f3ee73ebf3c343e863e003e31be8b3cfc*ef8c
RX # PAI1,PREDICT,218,109,0000,0000,3f1a,3ecc
TX PAI1,PREDICT,219,bf55be4cbebdbed73ed13e48be843e1ebdc3bdecbebbbd1a*e156
RX # PAI1,PREDICT,219,104,0000,0000,3f54,3e18
TX PAI1,PREDICT,220,bed4be78bedebee43ddbbcf03ea1bd34bdc33da1beeabcfa*587f
RX # PAI1,PREDICT,220,108,0000,0000,3f1e,3ebe
TX PAI1,PREDICT,221,be84bd3bbe2bbe2a3e193d993d663f2b3df13e32bdeb3d9c*ad1b
RX # PAI1,PREDICT,221,107,0000,0000,3f33,3e8f
TX PAI1,INIT,222,12,32,1,1*5b21
RX # PAI1,INIT,222,12,32,4
TX PAI1,TRAIN,223,4,3f1abdc63e9e3e8cbf31bec13b83bec33ecc3e403e10bd0a*5a83
RX # PAI1,TRAIN,223,1292
TX PAI1,TRAIN,224,3,3ebbbdd33eb03ea5bf0fbe893e9d3eea3f293f0bbceebd91*b1b7
RX # PAI1,TRAIN,224,1290
TX PAI1,TRAIN,225,4,bdd7bcc9bdd0bdc73dcb3ce13a953f1c3dbb3dc53c713de9*a9fd
RX # PAI1,TRAIN,225,1291
TX PAI1,TRAIN,226,3,3d92bf1bbf2fbf0e3f00bf173f783ebbbca33f133c8a3f1c*fae1
RX # PAI1,TRAIN,226,1289
TX PAI1,TRAIN,227,3,bdf13e813ef83ebcbc7a3e933e0abeae3e563e173d07be44*c713
RX # PAI1,TRAIN,227,1290
TX PAI1,TRAIN,228,3,bf09be8e3d02bea73ee23a7fbe64be8abf0dbedd3f173f03*64f9
RX # PAI1,TRAIN,228,1290
TX PAI1,TRAIN,229,3,3e8dbf01bed2bf013e6ebf18bea7bd70bee3bed03f423f45*99b6
RX # PAI1,TRAIN,229,1287
TX PAI1,TRAIN,230,3,3ee6be00beb1bdfc3ef1bea8bc353ecd3e423de13f223f14*d2f5
RX # PAI1,TRAIN,230,1286
TX PAI1,TRAIN,231,3,3e6f3c5d3e353e47be8fbdcabe3ebe523ecf3e053c76bdb1*09f8
RX # PAI1,TRAIN,231,1293
TX PAI1,TRAIN,232,3,bc31bea3bf09bee9bd97be923f2c3f283f093f5ebf473d86*6489
RX # PAI1,TRAIN,232,1292
TX PAI1,TRAIN,233,4,3f043f2a3ebb3f09bf1c3eb9be31be133e963ce83ce8beb8*7f25
RX # PAI1,TRAIN,233,1290
TX PAI1,TRAIN,234,3,3ce9be95be81be9bbecabe8f3ecbbc47bf01bda1bdcc3df9*0a35
RX # PAI1,TRAIN,234,1290
TX PAI1,TRAIN,235,4,3e7f3d95bd663d30bdeebd543d1abe2b3ddc3cc4bdf6bddf*56fb
RX # PAI1,TRAIN,235,1288
TX PAI1,TRAIN,236,4,be33bd02bd28bcd83e843d5e3e4a3e123de73d84be23bd96*3c6c
RX # PAI1,TRAIN,236,1290
TX PAI1,TRAIN,237,4,bf0a3da1be5fbe4c3ecc3ea8bd053e643dcc3dc3be1b3d8b*a689
RX # PAI1,TRAIN,237,1290
TX PAI1,TRAIN,238,4,bf26be33be8cbea73eb63e19be6e3df3be0dbe2ebe80b954*5303
RX # PAI1,TRAIN,238,1292
TX PAI1,TRAIN,239,4,3cfe3e913e3a3e5abc4d3e7bbe84bea2be76be993e93bd4c*2327
RX # PAI1,TRAIN,239,1287
TX PAI1,TRAIN,240,4,bde63dbb3e703e503e563e0d3dc2bd8a3e3c3d9c3df1bd18*442b
RX # PAI1,TRAIN,240,1288
TX PAI1,TRAIN,241,4,bda63f803eb03f27be083f76bdd33ef03e0c3da0bec7bf3a*373b
RX # PAI1,TRAIN,241,1290
TX PAI1,TRAIN,242,3,bcdf3d7a3ee43e8fbdfe3d8dbe94beacbeafbecd3dedbe82*f8de
RX # PAI1,TRAIN,242,1288
TX PAI1,TRAIN,243,3,becf3dffbe81be023e543e9dbeb2be9ebed2bedcbe31be36*e58c
RX # PAI1,TRAIN,243,1293
TX PAI1,TRAIN,244,3,3ec43e193ee63ebebd63bd3abef5bec0bec4bee63e00bea9*ccec
RX # PAI1,TRAIN,244,1289
TX PAI1,TRAIN,245,4,be82be5fbea8beb23d68bd9f3e47bd92be0d3c09beb13be1*89e9
RX # PAI1,TRAIN,245,1291
TX PAI1,TRAIN,246,3,be43bcc43e0dbd87be293d8dbeb2becabe81bebdbec1beb2*f477
RX # PAI1,TRAIN,246,1288
TX PAI1,TRAIN,247,4,3e7f3d95bd663d30bdeebd543d1abe2b3ddc3cc4bdf6bddf*3fec
RX # PAI1,TRAIN,247,1293
TX PAI1,TRAIN,248,3,becf3dffbe81be023e543e9dbeb2be9ebed2bedcbe31be36*822f
RX # PAI1,TRAIN,248,1292
TX PAI1,TRAIN,249,3,bf09be8e3d02bea73ee23a7fbe64be8abf0dbedd3f173f03*0fd2
RX # PAI1,TRAIN,249,1288
TX PAI1,TRAIN,250,3,3ec43e193ee63ebebd63bd3abef5bec0bec4bee63e00bea9*be31
RX # PAI1,TRAIN,250,1292
TX PAI1,TRAIN,251,3,3e6f3c5d3e353e47be8fbdcabe3ebe523ecf3e053c76bdb1*1993
RX # PAI1,TRAIN,251,1292
TX PAI1,TRAIN,252,4,bde63dbb3e703e503e563e0d3dc2bd8a3e3c3d9c3df1bd18*3d57
RX # PAI1,TRAIN,252,1291
TX PAI1,TRAIN,253,4,bda63f803eb03f27be083f76bdd33ef03e0c3da0bec7bf3a*4e47
RX # PAI1,TRAIN,253,1288
TX PAI1,TRAIN,254,4,bdd7bcc9bdd0bdc73dcb3ce13a953f1c3dbb3dc53c713de9*4d2a
RX # PAI1,TRAIN,254,1291
TX PAI1,TRAIN,255,4,be82be5fbea8beb23d68bd9f3e47bd92be0d3c09beb13be1*0615
RX # PAI1,TRAIN,255,1292
TX PAI1,TRAIN,256,3,3ee6be00beb1bdfc3ef1bea8bc353ecd3e423de13f223f14*c93f
RX # PAI1,TRAIN,256,1291
TX PAI1,TRAIN,257,3,3d92bf1bbf2fbf0e3f00bf173f783ebbbca33f133c8a3f1c*1e36
RX # PAI1,TRAIN,257,1289
TX PAI1,TRAIN,258,4,be33bd02bd28bcd83e843d5e3e4a3e123de73d84be23bd96*cdc5
RX # PAI1,TRAIN,258,1290
TX PAI1,TRAIN,259,4,3f043f2a3ebb3f09bf1c3eb9be31be133e963ce83ce8beb8*73ad
RX # PAI1,TRAIN,259,1290
TX PAI1,TRAIN,260,3,be43bcc43e0dbd87be293d8dbeb2becabe81bebdbec1beb2*f00f
RX # PAI1,TRAIN,260,1288
TX PAI1,TRAIN,261,3,3ebbbdd33eb03ea5bf0fbe893e9d3eea3f293f0bbceebd91*2864
RX # PAI1,TRAIN,261,1292
TX PAI1,TRAIN,262,3,bdf13e813ef83ebcbc7a3e933e0abeae3e563e173d07be44*5ec0
RX # PAI1,TRAIN,262,1292
TX PAI1,TRAIN,263,3,3e8dbf01bed2bf013e6ebf18bea7bd70bee3bed03f423f45*9ae7
RX # PAI1,TRAIN,263,1287
TX PAI1,TRAIN,264,4,3f1abdc63e9e3e8cbf31bec13b83bec33ecc3e403e10bd0a*35d0
RX # PAI1,TRAIN,264,1290
TX PAI1,TRAIN,265,3,bc31bea3bf09bee9bd97be923f2c3f283f093f5ebf473d86*8426
RX # PAI1,TRAIN,265,1293
TX PAI1,TRAIN,266,3,3ce9be95be81be9bbecabe8f3ecbbc47bf01bda1bdcc3df9*6cfb
RX # PAI1,TRAIN,266,1291
TX PAI1,TRAIN,267,3,bcdf3d7a3ee43e8fbdfe3d8dbe94beacbeafbecd3dedbe82*7166
RX # PAI1,TRAIN,267,1289
TX PAI1,TRAIN,268,4,bf0a3da1be5fbe4c3ecc3ea8bd053e643dcc3dc3be1b3d8b*ac45
RX # PAI1,TRAIN,268,1293
TX PAI1,TRAIN,269,4,bf26be33be8cbea73eb63e19be6e3df3be0dbe2ebe80b954*b80d
RX # PAI1,TRAIN,269,1289
TX PAI1,TRAIN,270,4,3cfe3e913e3a3e5abc4d3e7bbe84bea2be76be993e93bd4c*adb6
RX # PAI1,TRAIN,270,1288
TX PAI1,TRAIN,271,3,3d92bf1bbf2fbf0e3f00bf173f783ebbbca33f133c8a3f1c*1a4e
RX # PAI1,TRAIN,271,1290
TX PAI1,TRAIN,272,4,bde63dbb3e703e503e563e0d3dc2bd8a3e3c3d9c3df1bd18*328e
RX # PAI1,TRAIN,272,1292
TX PAI1,TRAIN,273,3,3e8dbf01bed2bf013e6ebf18bea7bd70bee3bed03f423f45*151b
RX # PAI1,TRAIN,273,1290
TX PAI1,TRAIN,274,3,bdf13e813ef83ebcbc7a3e933e0abeae3e563e173d07be44*da9d
RX # PAI1,TRAIN,274,1290
TX PAI1,TRAIN,275,3,3e6f3c5d3e353e47be8fbdcabe3ebe523ecf3e053c76bdb1*eb6b
RX # PAI1,TRAIN,275,1293
TX PAI1,TRAIN,276,3,3ebbbdd33eb03ea5bf0fbe893e9d3eea3f293f0bbceebd91*d779
RX # PAI1,TRAIN,276,1288
TX PAI1,TRAIN,277,3,bc31bea3bf09bee9bd97be923f2c3f283f093f5ebf473d86*fd5a
RX # PAI1,TRAIN,277,1288
TX PAI1,TRAIN,278,3,3ee6be00beb1bdfc3ef1bea8bc353ecd3e423de13f223f14*2724
RX # PAI1,TRAIN,278,1293
TX PAI1,TRAIN,279,4,bf26be33be8cbea73eb63e19be6e3df3be0dbe2ebe80b954*37f1
RX # PAI1,TRAIN,279,1291
TX PAI1,TRAIN,280,4,bdd7bcc9bdd0bdc73dcb3ce13a953f1c3dbb3dc53c713de9*1f21
RX # PAI1,TRAIN,280,1287
TX PAI1,TRAIN,281,3,3ce9be95be81be9bbecabe8f3ecbbc47bf01bda1bdcc3df9*3315
RX # PAI1,TRAIN,281,1292
TX PAI1,TRAIN,282,4,be33bd02bd28bcd83e843d5e3e4a3e123de73d84be23bd96*7e0c
RX # PAI1,TRAIN,282,1292
TX PAI1,TRAIN,283,4,3e7f3d95bd663d30bdeebd543d1abe2b3ddc3cc4bdf6bddf*e21b
RX # PAI1,TRAIN,283,1286
TX PAI1,TRAIN,284,4,be82be5fbea8beb23d68bd9f3e47bd92be0d3c09beb13be1*d27f
RX # PAI1,TRAIN,284,1287
TX PAI1,TRAIN,285,3,becf3dffbe81be023e543e9dbeb2be9ebed2bedcbe31be36*cefb
RX # PAI1,TRAIN,285,1293
TX PAI1,TRAIN,286,3,3ec43e193ee63ebebd63bd3abef5bec0bec4bee63e00bea9*1aba
RX # PAI1,TRAIN,286,1289
TX PAI1,TRAIN,287,4,bf0a3da1be5fbe4c3ecc3ea8bd053e643dcc3dc3be1b3d8b*19c8
RX # PAI1,TRAIN,287,1291
TX PAI1,TRAIN,288,4,3cfe3e913e3a3e5abc4d3e7bbe84bea2be76be993e93bd4c*e726
RX # PAI1,TRAIN,288,1289
TX PAI1,TRAIN,289,4,3f1abdc63e9e3e8cbf31bec13b83bec33ecc3e403e10bd0a*76dd
RX # PAI1,TRAIN,289,1292
TX PAI1,TRAIN,290,3,bcdf3d7a3ee43e8fbdfe3d8dbe94beacbeafbecd3dedbe82*a174
RX # PAI1,TRAIN,290,1286
TX PAI1,TRAIN,291,3,bf09be8e3d02bea73ee23a7fbe64be8abf0dbedd3f173f03*4a9b
RX # PAI1,TRAIN,291,1290
TX PAI1,TRAIN,292,4,3f043f2a3ebb3f09bf1c3eb9be31be133e963ce83ce8beb8*34d8
RX # PAI1,TRAIN,292,1292
TX PAI1,TRAIN,293,3,be43bcc43e0dbd87be293d8dbeb2becabe81bebdbec1beb2*dd3c
RX # PAI1,TRAIN,293,1292
TX PAI1,TRAIN,294,4,bda63f803eb03f27be083f76bdd33ef03e0c3da0bec7bf3a*1e70
RX # PAI1,TRAIN,294,1290
TX PAI1,TRAIN,295,3,3ebbbdd33eb03ea5bf0fbe893e9d3eea3f293f0bbceebd91*75b6
RX # PAI1,TRAIN,295,1286
TX PAI1,TRAIN,296,3,bf09be8e3d02bea73ee23a7fbe64be8abf0dbedd3f173f03*3a7a
RX # PAI1,TRAIN,296,1291
TX PAI1,TRAIN,297,3,bc31bea3bf09bee9bd97be923f2c3f283f093f5ebf473d86*d255
RX # PAI1,TRAIN,297,1291
TX PAI1,TRAIN,298,3,3e6f3c5d3e353e47be8fbdcabe3ebe523ecf3e053c76bdb1*a866
RX # PAI1,TRAIN,298,1289
TX PAI1,TRAIN,299,4,bf0a3da1be5fbe4c3ecc3ea8bd053e643dcc3dc3be1b3d8b*77f6
RX # PAI1,TRAIN,299,1288
TX PAI1,TRAIN,300,4,3cfe3e913e3a3e5abc4d3e7bbe84bea2be76be993e93bd4c*ae46
RX # PAI1,TRAIN,300,1290
TX PAI1,TRAIN,301,4,bf26be33be8cbea73eb63e19be6e3df3be0dbe2ebe80b954*de62
RX # PAI1,TRAIN,301,1287
TX PAI1,TRAIN,302,3,becf3dffbe81be023e543e9dbeb2be9ebed2bedcbe31be36*1d19
RX # PAI1,TRAIN,302,1289
TX PAI1,TRAIN,303,3,be43bcc43e0dbd87be293d8dbeb2becabe81bebdbec1beb2*f1c3
RX # PAI1,TRAIN,303,1289
TX PAI1,TRAIN,304,3,bdf13e813ef83ebcbc7a3e933e0abeae3e563e173d07be44*d96d
RX # PAI1,TRAIN,304,1289
TX PAI1,TRAIN,305,4,be33bd02bd28bcd83e843d5e3e4a3e123de73d84be23bd96*adee
RX # PAI1,TRAIN,305,1287
TX PAI1,TRAIN,306,4,3f1abdc63e9e3e8cbf31bec13b83bec33ecc3e403e10bd0a*4f5c
RX # PAI1,TRAIN,306,1288
TX PAI1,TRAIN,307,3,3ec43e193ee63ebebd63bd3abef5bec0bec4bee63e00bea9*c2f9
RX # PAI1,TRAIN,307,1289
TX PAI1,TRAIN,308,3,bcdf3d7a3ee43e8fbdfe3d8dbe94beacbeafbecd3dedbe82*67e8
RX # PAI1,TRAIN,308,1292
TX PAI1,TRAIN,309,4,3f043f2a3ebb3f09bf1c3eb9be31be133e963ce83ce8beb8*7f84
RX # PAI1,TRAIN,309,1288
TX PAI1,TRAIN,310,4,be82be5fbea8beb23d68bd9f3e47bd92be0d3c09beb13be1*03a1
RX # PAI1,TRAIN,310,1289
TX PAI1,TRAIN,311,3,3e8dbf01bed2bf013e6ebf18bea7bd70bee3bed03f423f45*6f97
RX # PAI1,TRAIN,311,1288
TX PAI1,TRAIN,312,4,bde63dbb3e703e503e563e0d3dc2bd8a3e3c3d9c3df1bd18*be82
RX # PAI1,TRAIN,312,1289
TX PAI1,TRAIN,313,3,3d92bf1bbf2fbf0e3f00bf173f783ebbbca33f133c8a3f1c*60c2
RX # PAI1,TRAIN,313,1287
TX PAI1,TRAIN,314,3,3ee6be00beb1bdfc3ef1bea8bc353ecd3e423de13f223f14*bc6a
RX # PAI1,TRAIN,314,1288
TX PAI1,TRAIN,315,4,bdd7bcc9bdd0bdc73dcb3ce13a953f1c3dbb3dc53c713de9*b5bf
RX # PAI1,TRAIN,315,1288
TX PAI1,TRAIN,316,4,bda63f803eb03f27be083f76bdd33ef03e0c3da0bec7bf3a*4bf3
RX # PAI1,TRAIN,316,1288
TX PAI1,TRAIN,317,4,3e7f3d95bd663d30bdeebd543d1abe2b3ddc3cc4bdf6bddf*33c5
RX # PAI1,TRAIN,317,1288
TX PAI1,TRAIN,318,3,3ce9be95be81be9bbecabe8f3ecbbc47bf01bda1bdcc3df9*8ec9
RX # PAI1,TRAIN,318,1287
TX PAI1,PREDICT,319,bf44beb63d68bdf33ec73d1dbebabf46bf97bf773f4b3ea7*e516
RX # PAI1,PREDICT,319,107,0000,0000,3f68,3da4
TX PAI1,PREDICT,320,bec0be633e03bd873debbcccbf07bf7ebf9fbf883f5f3e9f*eba3
RX # PAI1,PREDICT,320,106,0000,0000,3f80,3c86
TX PAI1,PREDICT,321,be9cbece3dfdbdb43e3abe66bf09bf17bfb4bf923f633ea0*cca3
RX # PAI1,PREDICT,321,105,0000,0000,3f8d,bdda
TX PAI1,PREDICT,322,bf50be5cbdffbe483f1d3e42bf19bf60bfa1bf8b3f303e88*75dc
RX # PAI1,PREDICT,322,105,0000,0000,3f4c,3e4f
TX PAI1,PREDICT,323,bf293d8f3c9c3db23ee53ec23f9f3f1040044003bf68bc93*883a
RX # PAI1,PREDICT,323,107,0000,0000,be54,3f99
TX PAI1,PREDICT,324,3f97beb4befa3d863e2abf633f813f813fe93fd0bf79be47*10a6
RX # PAI1,PREDICT,324,106,0000,0000,3eac,3f28
TX PAI1,PREDICT,325,3fc5beaebf77bec93f60bf853f253f463f4e3f5ebfa8beb8*bd14
RX # PAI1,PREDICT,325,104,0000,0000,3f05,3ef2
TX PAI1,PREDICT,326,becabeb6be53bea33e8cbe0c3d22bc2abf33bed63f143f00*1614
RX # PAI1,PREDICT,326,107,0000,0000,3f50,3e3a
TX PAI1,PREDICT,327,3f33be8cbe34bda43e5abf15be723eddbeb9be833f493f08*3f47
RX # PAI1,PREDICT,327,106,0000,0000,3f62,3dda
TX PAI1,PREDICT,328,be643ecb3d993e21bd373ef1be33be053e30bc5fbd4dbe1e*2c0f
RX # PAI1,PREDICT,328,107,0000,0000,3e34,3f58
TX PAI1,PREDICT,329,3f00bda13e843e39befdbe9fbe2bbf103e15bda53e9b3d6e*14f8
RX # PAI1,PREDICT,329,105,0000,0000,3f39,3e95
TX PAI1,PREDICT,330,3e8b3e0d3e453e40bea7bb4abdbabecebe0abe683db7be18*07a9
RX # PAI1,PREDICT,330,107,0000,0000,3f16,3ed9
TX PAI1,PREDICT,331,3ebebde5be91be573e03be8f3df33e27be8bbe483c843dc7*96ea
RX # PAI1,PREDICT,331,105,0000,0000,3f2b,3ea4
TX PAI1,PREDICT,332,be5dbc99be61be433e893dafbcc13dffbe2bbe3e3ca53db7*1bfc
RX # PAI1,PREDICT,332,106,0000,0000,3ee0,3f0f
TX PAI1,PREDICT,333,3e233e4b3daa3e453e773dd8bddcbdddbdb8be533e94bb2b*ae3f
RX # PAI1,PREDICT,333,104,0000,0000,3ee8,3f0c
TX PAI1,INIT,334,12,32,1,1*ecc3
RX # PAI1,INIT,334,12,32,4
TX PAI1,TRAIN,335,4,3f08bdc23eba3eb6bf3fbecfb9d5bebc3f043e863ddcbd9f*c45f
RX # PAI1,TRAIN,335,1286
TX PAI1,TRAIN,336,3,be4cb98f3e3cbd3cbe4c3df9bec0bec3be60beb6bedbbeee*5a0d
RX # PAI1,TRAIN,336,1287
TX PAI1,TRAIN,337,4,bdf6ba8bbd8fbdaa3d983d94bb623f223e2e3e25bcba3dd5*bd7e
RX # PAI1,TRAIN,337,1289
TX PAI1,TRAIN,338,3,bec7bedcbe39beb03e83bdfa3d193bbebf38bed23f0f3f15*0771
RX # PAI1,TRAIN,338,1292
TX PAI1,TRAIN,339,3,be073eb83f0c3eefbd343ec23e0fbea73e9b3e5fbb81be8b*e59b
RX # PAI1,TRAIN,339,1287
TX PAI1,TRAIN,340,3,bd463de13f023eb9be203df8bea0bea6bea3bec73da7beb3*9475
RX # PAI1,TRAIN,340,1288
TX PAI1,TRAIN,341,3,be6a3f0c3def3e5fbd993f18be43bdeb3e853d20bdb7be67*4a08
RX # PAI1,TRAIN,341,1287
TX PAI1,TRAIN,342,3,3ec9be07bea8bde93eebbeb3bc863ed83e8f3e343f1e3f2d*89ab
RX # PAI1,TRAIN,342,1287
TX PAI1,TRAIN,343,3,3ee1bd923e9f3e7cbf0abea8be3abf0d3e6cbd103e8c3d11*f45c
RX # PAI1,TRAIN,343,1288
TX PAI1,TRAIN,344,4,3dfc3e933e003e853e623e29bdf4bdbebd0cbe323e85bd21*861b
RX # PAI1,TRAIN,344,1291
TX PAI1,TRAIN,345,4,3ee83f653ed93f2bbf293ef0be41be043ecb3dafbc0ebef5*ec22
RX # PAI1,TRAIN,345,1291
TX PAI1,TRAIN,346,3,3f1fbea6be18bd803e45bf26be833ee7beafbe6b3f463f1f*e6f6
RX # PAI1,TRAIN,346,1287
TX PAI1,TRAIN,347,3,bd08bec3bf08bf01bdd6be983f363f2e3f2c3f82bf583d36*9f61
RX # PAI1,TRAIN,347,1290
TX PAI1,TRAIN,348,4,be643bd6be47be463e7e3e10bcf33e11bdf8be1bbc8c3d97*7507
RX # PAI1,TRAIN,348,1286
TX PAI1,TRAIN,349,4,be3dbc2bbbbd3a553e763dd53e523e243e473e00be4fbe01*377b
RX # PAI1,TRAIN,349,1290
TX PAI1,TRAIN,350,4,bf053e08be46be513ec43edbbd213e773e373e24be473d43*97f3
RX # PAI1,TRAIN,350,1286
TX PAI1,TRAIN,351,4,bf1fbe4abe81beb53ead3e5ebe813e0bbdb5be09be97bd14*e321
RX # PAI1,TRAIN,351,1287
TX PAI1,TRAIN,352,4,3e693e573e773e82bebb3d15bdcfbec8bdaebe493d5fbe60*bb87
RX # PAI1,TRAIN,352,1287
TX PAI1,TRAIN,353,4,be023e193e923e8b3e413e4f3dc5bd543e8c3e0e3dabbda7*e51d
RX # PAI1,TRAIN,353,1287
TX PAI1,TRAIN,354,4,3ea4bdeabe86be5e3dd5be953df93e3abe76be26bcae3dab*df3a
RX # PAI1,TRAIN,354,1287
TX PAI1,TRAIN,355,3,3ea93e663f033ef1bdafbc63bf03beb9bebabee33dbabee3*c6bd
RX # PAI1,TRAIN,355,1287
TX PAI1,TRAIN,356,3,3d2dbf41bf30bf203efcbf283f833ec63d363f30bca83f37*2e01
RX # PAI1,TRAIN,356,1286
TX PAI1,TRAIN,357,3,3b3dbeb2be6cbea7bedfbe953ed63b84bf00bd06be103de8*18d3
RX # PAI1,TRAIN,357,1285
TX PAI1,TRAIN,358,4,be84be81be9ebec33cf8bd553e4fbd64bdb63d82becbbce2*5f95
RX # PAI1,TRAIN,358,1286
TX PAI1,TRAIN,359,3,becb3e45be6bbdf23e3e3ecebec0be97becbbed8be5ebe82*214c
RX # PAI1,TRAIN,359,1287
TX PAI1,TRAIN,360,3,3b3dbeb2be6cbea7bedfbe953ed63b84bf00bd06be103de8*e817
RX # PAI1,TRAIN,360,1286
TX PAI1,TRAIN,361,3,becb3e45be6bbdf23e3e3ecebec0be97becbbed8be5ebe82*4b0a
RX # PAI1,TRAIN,361,1286
TX PAI1,TRAIN,362,3,bd463de13f023eb9be203df8bea0bea6bea3bec73da7beb3*6d2c
RX # PAI1,TRAIN,362,1288
TX PAI1,TRAIN,363,3,3ee1bd923e9f3e7cbf0abea8be3abf0d3e6cbd103e8c3d11*fb85
RX # PAI1,TRAIN,363,1289
TX PAI1,TRAIN,364,3,bec7bedcbe39beb03e83bdfa3d193bbebf38bed23f0f3f15*807d
RX # PAI1,TRAIN,364,1291
TX PAI1,TRAIN,365,4,be643bd6be47be463e7e3e10bcf33e11bdf8be1bbc8c3d97*16dc
RX # PAI1,TRAIN,365,1292
TX PAI1,TRAIN,366,3,3ec9be07bea8bde93eebbeb3bc863ed83e8f3e343f1e3f2d*7b53
RX # PAI1,TRAIN,366,1286
TX PAI1,TRAIN,367,4,be023e193e923e8b3e413e4f3dc5bd543e8c3e0e3dabbda7*9819
RX # PAI1,TRAIN,367,1288
TX PAI1,TRAIN,368,4,3ea4bdeabe86be5e3dd5be953df93e3abe76be26bcae3dab*485d
RX # PAI1,TRAIN,368,1287
TX PAI1,TRAIN,369,4,bdf6ba8bbd8fbdaa3d983d94bb623f223e2e3e25bcba3dd5*ccf2
RX # PAI1,TRAIN,369,1287
TX PAI1,TRAIN,370,4,be84be81be9ebec33cf8bd553e4fbd64bdb63d82becbbce2*ba2f
RX # PAI1,TRAIN,370,1287
TX PAI1,TRAIN,371,3,be073eb83f0c3eefbd343ec23e0fbea73e9b3e5fbb81be8b*104a
RX # PAI1,TRAIN,371,1287
TX PAI1,TRAIN,372,3,3d2dbf41bf30bf203efcbf283f833ec63d363f30bca83f37*dcf9
RX # PAI1,TRAIN,372,1289
TX PAI1,TRAIN,373,4,be3dbc2bbbbd3a553e763dd53e523e243e473e00be4fbe01*abbd
RX # PAI1,TRAIN,373,1291
TX PAI1,TRAIN,374,4,3ee83f653ed93f2bbf293ef0be41be043ecb3dafbc0ebef5*1747
RX # PAI1,TRAIN,374,1292
TX PAI1,TRAIN,375,3,be4cb98f3e3cbd3cbe4c3df9bec0bec3be60beb6bedbbeee*c87f
RX # PAI1,TRAIN,375,1287
TX PAI1,TRAIN,376,3,3f1fbea6be18bd803e45bf26be833ee7beafbe6b3f463f1f*66d3
RX # PAI1,TRAIN,376,1287
TX PAI1,TRAIN,377,3,be6a3f0c3def3e5fbd993f18be43bdeb3e853d20bdb7be67*c18c
RX # PAI1,TRAIN,377,1287
TX PAI1,TRAIN,378,4,3f08bdc23eba3eb6bf3fbecfb9d5bebc3f043e863ddcbd9f*b7ef
RX # PAI1,TRAIN,378,1286
TX PAI1,TRAIN,379,4,3dfc3e933e003e853e623e29bdf4bdbebd0cbe323e85bd21*6a3c
RX # PAI1,TRAIN,379,1288
TX PAI1,TRAIN,380,3,bd08bec3bf08bf01bdd6be983f363f2e3f2c3f82bf583d36*cf56
RX # PAI1,TRAIN,380,1287
TX PAI1,TRAIN,381,3,3ea93e663f033ef1bdafbc63bf03beb9bebabee33dbabee3*94b6
RX # PAI1,TRAIN,381,1286
TX PAI1,TRAIN,382,4,bf053e08be46be513ec43edbbd213e773e373e24be473d43*ce59
RX # PAI1,TRAIN,382,1286
TX PAI1,TRAIN,383,4,bf1fbe4abe81beb53ead3e5ebe813e0bbdb5be09be97bd14*ba8b
RX # PAI1,TRAIN,383,1286
TX PAI1,TRAIN,384,4,3e693e573e773e82bebb3d15bdcfbec8bdaebe493d5fbe60*1f0c
RX # PAI1,TRAIN,384,1286
TX PAI1,TRAIN,385,3,3d2dbf41bf30bf203efcbf283f833ec63d363f30bca83f37*0ceb
RX # PAI1,TRAIN,385,1287
TX PAI1,TRAIN,386,3,3f1fbea6be18bd803e45bf26be833ee7beafbe6b3f463f1f*c620
RX # PAI1,TRAIN,386,1286
TX PAI1,TRAIN,387,4,3dfc3e933e003e853e623e29bdf4bdbebd0cbe323e85bd21*2b0d
RX # PAI1,TRAIN,387,1285
TX PAI1,TRAIN,388,4,be023e193e923e8b3e413e4f3dc5bd543e8c3e0e3dabbda7*2d94
RX # PAI1,TRAIN,388,1286
TX PAI1,TRAIN,389,3,3ec9be07bea8bde93eebbeb3bc863ed83e8f3e343f1e3f2d*cede
RX # PAI1,TRAIN,389,1286
TX PAI1,TRAIN,390,3,bec7bedcbe39beb03e83bdfa3d193bbebf38bed23f0f3f15*ddaf
RX # PAI1,TRAIN,390,1291
TX PAI1,TRAIN,391,3,3ee1bd923e9f3e7cbf0abea8be3abf0d3e6cbd103e8c3d11*adf6
RX # PAI1,TRAIN,391,1286
TX PAI1,TRAIN,392,3,be6a3f0c3def3e5fbd993f18be43bdeb3e853d20bdb7be67*68e2
RX # PAI1,TRAIN,392,1286
TX PAI1,TRAIN,393,3,bd08bec3bf08bf01bdd6be983f363f2e3f2c3f82bf583d36*cd6a
RX # PAI1,TRAIN,393,1288
TX PAI1,TRAIN,394,4,bf1fbe4abe81beb53ead3e5ebe813e0bbdb5be09be97bd14*4596
RX # PAI1,TRAIN,394,1291
TX PAI1,TRAIN,395,4,bdf6ba8bbd8fbdaa3d983d94bb623f223e2e3e25bcba3dd5*7b43
RX # PAI1,TRAIN,395,1292
TX PAI1,TRAIN,396,3,be073eb83f0c3eefbd343ec23e0fbea73e9b3e5fbb81be8b*4fa4
RX # PAI1,TRAIN,396,1287
TX PAI1,TRAIN,397,4,be3dbc2bbbbd3a553e763dd53e523e243e473e00be4fbe01*7993
RX # PAI1,TRAIN,397,1287
TX PAI1,TRAIN,398,4,be643bd6be47be463e7e3e10bcf33e11bdf8be1bbc8c3d97*da2d
RX # PAI1,TRAIN,398,1290
TX PAI1,TRAIN,399,4,be84be81be9ebec33cf8bd553e4fbd64bdb63d82becbbce2*0403
RX # PAI1,TRAIN,399,1288
TX PAI1,TRAIN,400,3,bd463de13f023eb9be203df8bea0bea6bea3bec73da7beb3*6e91
RX # PAI1,TRAIN,400,1291
TX PAI1,TRAIN,401,3,be4cb98f3e3cbd3cbe4c3df9bec0bec3be60beb6bedbbeee*4f9f
RX # PAI1,TRAIN,401,1288
TX PAI1,TRAIN,402,3,3b3dbeb2be6cbea7bedfbe953ed63b84bf00bd06be103de8*ebaa
RX # PAI1,TRAIN,402,1290
TX PAI1,TRAIN,403,4,bf053e08be46be513ec43edbbd213e773e373e24be473d43*6f2b
RX # PAI1,TRAIN,403,1289
TX PAI1,TRAIN,404,4,3e693e573e773e82bebb3d15bdcfbec8bdaebe493d5fbe60*c53e
RX # PAI1,TRAIN,404,1289
TX PAI1,TRAIN,405,4,3f08bdc23eba3eb6bf3fbecfb9d5bebc3f043e863ddcbd9f*a12c
RX # PAI1,TRAIN,405,1291
TX PAI1,TRAIN,406,3,3ea93e663f033ef1bdafbc63bf03beb9bebabee33dbabee3*3e65
RX # PAI1,TRAIN,406,1290
TX PAI1,TRAIN,407,4,3ea4bdeabe86be5e3dd5be953df93e3abe76be26bcae3dab*27e2
RX # PAI1,TRAIN,407,1288
TX PAI1,TRAIN,408,4,3ee83f653ed93f2bbf293ef0be41be043ecb3dafbc0ebef5*7ac4
RX # PAI1,TRAIN,408,1288
TX PAI1,TRAIN,409,3,becb3e45be6bbdf23e3e3ecebec0be97becbbed8be5ebe82*5454
RX # PAI1,TRAIN,409,1287
TX PAI1,TRAIN,410,3,be4cb98f3e3cbd3cbe4c3df9bec0bec3be60beb6bedbbeee*bb23
RX # PAI1,TRAIN,410,1290
TX PAI1,TRAIN,411,4,3e693e573e773e82bebb3d15bdcfbec8bdaebe493d5fbe60*cca3
RX # PAI1,TRAIN,411,1288
TX PAI1,TRAIN,412,4,3dfc3e933e003e853e623e29bdf4bdbebd0cbe323e85bd21*f8a2
RX # PAI1,TRAIN,412,1289
TX PAI1,TRAIN,413,3,3d2dbf41bf30bf203efcbf283f833ec63d363f30bca83f37*5284
RX # PAI1,TRAIN,413,1289
TX PAI1,TRAIN,414,3,3ec9be07bea8bde93eebbeb3bc863ed83e8f3e343f1e3f2d*f712
RX # PAI1,TRAIN,414,1285
TX PAI1,TRAIN,415,4,3ee83f653ed93f2bbf293ef0be41be043ecb3dafbc0ebef5*993a
RX # PAI1,TRAIN,415,1288
TX PAI1,TRAIN,416,3,bec7bedcbe39beb03e83bdfa3d193bbebf38bed23f0f3f15*0c3c
RX # PAI1,TRAIN,416,1288
TX PAI1,TRAIN,417,3,be6a3f0c3def3e5fbd993f18be43bdeb3e853d20bdb7be67*34b1
RX # PAI1,TRAIN,417,1289
TX PAI1,TRAIN,418,3,bd08bec3bf08bf01bdd6be983f363f2e3f2c3f82bf583d36*70fb
RX # PAI1,TRAIN,418,1292
TX PAI1,TRAIN,419,3,3b3dbeb2be6cbea7bedfbe953ed63b84bf00bd06be103de8*03f5
RX # PAI1,TRAIN,419,1289
TX PAI1,TRAIN,420,4,bf053e08be46be513ec43edbbd213e773e373e24be473d43*ed32
RX # PAI1,TRAIN,420,1291
TX PAI1,TRAIN,421,4,bf1fbe4abe81beb53ead3e5ebe813e0bbdb5be09be97bd14*99e0
RX # PAI1,TRAIN,421,1292
TX PAI1,TRAIN,422,3,3f1fbea6be18bd803e45bf26be833ee7beafbe6b3f463f1f*eeea
RX # PAI1,TRAIN,422,1291
TX PAI1,TRAIN,423,3,becb3e45be6bbdf23e3e3ecebec0be97becbbed8be5ebe82*476e
RX # PAI1,TRAIN,423,1292
TX PAI1,TRAIN,424,4,be84be81be9ebec33cf8bd553e4fbd64bdb63d82becbbce2*3216
RX # PAI1,TRAIN,424,1289
TX PAI1,TRAIN,425,3,3ea93e663f033ef1bdafbc63bf03beb9bebabee33dbabee3*bc7c
RX # PAI1,TRAIN,425,1292
TX PAI1,TRAIN,426,4,be3dbc2bbbbd3a553e763dd53e523e243e473e00be4fbe01*58c4
RX # PAI1,TRAIN,426,1289
TX PAI1,TRAIN,427,4,3f08bdc23eba3eb6bf3fbecfb9d5bebc3f043e863ddcbd9f*5875
RX # PAI1,TRAIN,427,1290
TX PAI1,TRAIN,428,3,3ee1bd923e9f3e7cbf0abea8be3abf0d3e6cbd103e8c3d11*66c2
RX # PAI1,TRAIN,428,1289
TX PAI1,TRAIN,429,4,be023e193e923e8b3e413e4f3dc5bd543e8c3e0e3dabbda7*833f
RX # PAI1,TRAIN,429,1289
TX PAI1,TRAIN,430,3,be073eb83f0c3eefbd343ec23e0fbea73e9b3e5fbb81be8b*91ee
RX # PAI1,TRAIN,430,1288
TX PAI1,TRAIN,431,3,bd463de13f023eb9be203df8bea0bea6bea3bec73da7beb3*95f4
RX # PAI1,TRAIN,431,1287
TX PAI1,TRAIN,432,4,bdf6ba8bbd8fbdaa3d983d94bb623f223e2e3e25bcba3dd5*de49
RX # PAI1,TRAIN,432,1290
TX PAI1,TRAIN,433,4,3ea4bdeabe86be5e3dd5be953df93e3abe76be26bcae3dab*5ae6
RX # PAI1,TRAIN,433,1290
TX PAI1,TRAIN,434,4,be643bd6be47be463e7e3e10bcf33e11bdf8be1bbc8c3d97*1884
RX # PAI1,TRAIN,434,1288
TX PAI1,PREDICT,435,be42be5d3ec43ea23eaabd84bf23bf34bfc5bfa43fab3ed5*898c
RX # PAI1,PREDICT,435,106,0000,0000,3f93,be0c
TX PAI1,PREDICT,436,bf47bea03d14be1c3ef43e5abefabf2abf9fbf833f153e67*476e
RX # PAI1,PREDICT,436,106,0000,0000,3f7c,3c68
TX PAI1,PREDICT,437,bed8beca3e9a3df93dd3bd92bf16bf34bfbebf9f3f773e87*df42
RX # PAI1,PREDICT,437,107,0000,0000,3f94,be0b
TX PAI1,PREDICT,438,bf68bf13be93bf113eea3d94bf2dbf79bfbfbfa43e9d3e53*b8c5
RX # PAI1,PREDICT,438,106,0000,0000,3f91,bdf0
TX PAI1,PREDICT,439,bfabbe0abf01bf403f9a3f333fa83f093f083fb3bff3bf07*3560
RX # PAI1,PREDICT,439,107,0000,0000,3da8,3f5a
TX PAI1,PREDICT,440,bfc2be95bf33bf623fa33f2e3f373f193f583f62bfcdbebe*4094
RX # PAI1,PREDICT,440,105,0000,0000,bdb0,3f82
TX PAI1,PREDICT,441,bfbfbe80bf60bf823f8a3f333fa53e9c3de23fadbffdbed1*5e8e
RX # PAI1,PREDICT,441,107,0000,0000,3e94,3f2e
TX PAI1,PREDICT,442,3e443d463e663e86bea2bd9dbe4fbe433f063e4bbcb8be11*962d
RX # PAI1,PREDICT,442,106,0000,0000,3edd,3f13
TX PAI1,PREDICT,443,3ea0bdd33ece3ed4bf1bbe8e3ea43ef43f503f28bd8bbdfd*8489
RX # PAI1,PREDICT,443,107,0000,0000,3e91,3f2e
TX PAI1,PREDICT,444,3e6cbf20becbbf113e59bf29beb4bd2fbedebeca3f3e3f69*15f4
RX # PAI1,PREDICT,444,108,0000,0000,3f74,3d92
TX PAI1,PREDICT,445,bf05bea93d92beb63edc3d28be78be83bf0dbed93f123f18*1316
RX # PAI1,PREDICT,445,106,0000,0000,3f57,3e24
TX PAI1,PREDICT,446,3bac3ecc3e6b3e91bd293ea8be8fbe9cbe51be8d3e84bdc7*c2f2
RX # PAI1,PREDICT,446,107,0000,0000,3eff,3f01
TX PAI1,PREDICT,447,bdc93fab3ecd3f4ebe2a3f96bdea3efb3e623e10bee1bf6e*3bd7
RX # PAI1,PREDICT,447,106,0000,0000,be73,3f9f
TX PAI1,PREDICT,448,3e533e01bcb23daabe18bcae3d11be1c3e403da5be26be2e*e60f
RX # PAI1,PREDICT,448,107,0000,0000,3ece,3f16
TX PAI1,INIT,449,12,32,1,1*0500
RX # PAI1,INIT,449,12,32,4
TX PAI1,TRAIN,450,3,be7f3edb3dbb3e32bd613f00be32bdef3e623d1fbde4be46*f877
RX # PAI1,TRAIN,450,1291
TX PAI1,TRAIN,451,3,3e413c933e4f3e5dbe99bda3be3fbe463eeb3e48bd43bdfa*c73f
RX # PAI1,TRAIN,451,1289
TX PAI1,TRAIN,452,4,be0bbcbabdd0bdd43dc23d483cc33f243e0e3e22bd443db2*29da
RX # PAI1,TRAIN,452,1290
TX PAI1,TRAIN,453,4,3f0bbdcd3eb13e9abf3abeb93cdebebf3ee73e843d9bbd8a*116a
RX # PAI1,TRAIN,453,1289
TX PAI1,TRAIN,454,4,be50bcfabd10bcd53e853d9b3e7b3e253e243dfebe60bdde*ce8b
RX # PAI1,TRAIN,454,1289
TX PAI1,TRAIN,455,3,3ea1bddb3ec53eb6bf17be813ebc3ef73f383f25bdbabdd9*596c
RX # PAI1,TRAIN,455,1289
TX PAI1,TRAIN,456,4,3df13e5c3dcd3e5a3e783e03bdcabdc2bd40be2f3e63bd0e*4e46
RX # PAI1,TRAIN,456,1290
TX PAI1,TRAIN,457,3,3eaa3e273f003ed0bd87bcd1bf04bebcbeb1bede3d77bec2*61db
RX # PAI1,TRAIN,457,1292
TX PAI1,TRAIN,458,3,be5fbcb53e24bd8dbe393dbabebdbec6be5bbeb3bedebecb*b41d
RX # PAI1,TRAIN,458,1292
TX PAI1,TRAIN,459,3,3d08bf25bf3dbf1b3f03bf143f8e3ec83cca3f2dbd3c3f1b*b32d
RX # PAI1,TRAIN,459,1289
TX PAI1,TRAIN,460,3,bbfebe9dbe89bea8bed6be873ef13b5fbef1bd01be243dc3*9b6c
RX # PAI1,TRAIN,460,1290
TX PAI1,TRAIN,461,3,3e6bbf09bee0bf0c3e6fbf15beb0bd34bed1bec63f2e3f46*9cc5
RX # PAI1,TRAIN,461,1291
TX PAI1,TRAIN,462,3,be173e8c3f093ecebcc63ea13e33beaa3e843e5cbcf6be6e*8fff
RX # PAI1,TRAIN,462,1290
TX PAI1,TRAIN,463,3,bed4bec1be5dbeb03e8ebdf33d893baabf2bbecd3f013efd*8ae0
RX # PAI1,TRAIN,463,1287
TX PAI1,TRAIN,464,3,bd3abeacbf14befcbdaebe8a3f473f303f183f7fbf543d16*38a5
RX # PAI1,TRAIN,464,1289
TX PAI1,TRAIN,465,4,3eec3f373ed03f17bf243ec7be30be063eb03dadbd0dbed1*e710
RX # PAI1,TRAIN,465,1291
TX PAI1,TRAIN,466,3,3f23be94be3bbdad3e5abf13be7a3eeabea6be663f363f07*697b
RX # PAI1,TRAIN,466,1293
TX PAI1,TRAIN,467,4,bbad3e9d3e543e71bcaf3e8abe89be9ebe4ebe8a3e61bdac*55e8
RX # PAI1,TRAIN,467,1290
TX PAI1,TRAIN,468,4,be78bc87be6cbe523e8a3dddbb803e13be00be18bd2e3d7c*eb5b
RX # PAI1,TRAIN,468,1289
TX PAI1,TRAIN,469,4,bf0d3db3be6abe5c3ecf3eb6bc673e793e163e21be593d21*97de
RX # PAI1,TRAIN,469,1291
TX PAI1,TRAIN,470,4,bf29be3cbe94beb53eb93e31be753e0cbdc4be06be9dbd03*1897
RX # PAI1,TRAIN,470,1290
TX PAI1,TRAIN,471,4,3e673e1b3e603e55beb23c90bda3becbbdbdbe453cd0be40*5abc
RX # PAI1,TRAIN,471,1289
TX PAI1,TRAIN,472,4,be123dd03e883e663e563e243e04bd5a3e6e3e0c3d59bd91*ae38
RX # PAI1,TRAIN,472,1290
TX PAI1,TRAIN,473,4,3ea5bdeebe99be683dffbe873e203e3bbe6fbe23bd3e3d8f*64c9
RX # PAI1,TRAIN,473,1290
TX PAI1,TRAIN,474,4,3e513da7bd543d4cbe04bd033d85be1f3e1e3da3be38be15*6d47
RX # PAI1,TRAIN,474,1289
TX PAI1,TRAIN,475,3,bd7b3d8d3efe3e9dbe0c3dbabe9bbea8be9cbec33d53be99*130d
RX # PAI1,TRAIN,475,1291
TX PAI1,TRAIN,476,3,bed93e0cbe88be0b3e543eabbebdbe9abec0bed4be6ebe5f*76d0
RX # PAI1,TRAIN,476,1289
TX PAI1,TRAIN,477,4,bde73f8a3ec53f37be163f7fbdbf3efe3e3d3e0ebee3bf4a*9344
RX # PAI1,TRAIN,477,1290
TX PAI1,TRAIN,478,3,3ee5bda53e953e4dbf06be97be29bf0f3e46bd0b3e703cee*78c0
RX # PAI1,TRAIN,478,1290
TX PAI1,TRAIN,479,4,be8fbe6bbeb3bec13d4fbd6f3e77bd6abdc53d81becebcca*7b94
RX # PAI1,TRAIN,479,1291
TX PAI1,TRAIN,480,3,3ecbbe05bebcbe063ef6bea13c263eda3e743e323f0f3f13*45f1
RX # PAI1,TRAIN,480,1292
TX PAI1,TRAIN,481,3,bf0dbe963d35beb53ee73cb2be6abe85bf04bed53f043f01*2879
RX # PAI1,TRAIN,481,1291
TX PAI1,TRAIN,482,3,3e413c933e4f3e5dbe99bda3be3fbe463eeb3e48bd43bdfa*e5d5
RX # PAI1,TRAIN,482,1294
TX PAI1,TRAIN,483,3,be173e8c3f093ecebcc63ea13e33beaa3e843e5cbcf6be6e*dbb0
RX # PAI1,TRAIN,483,1289
TX PAI1,TRAIN,484,3,bd3abeacbf14befcbdaebe8a3f473f303f183f7fbf543d16*17aa
RX # PAI1,TRAIN,484,1291
TX PAI1,TRAIN,485,3,3f23be94be3bbdad3e5abf13be7a3eeabea6be663f363f07*cbb4
RX # PAI1,TRAIN,485,1290
TX PAI1,TRAIN,486,4,3df13e5c3dcd3e5a3e783e03bdcabdc2bd40be2f3e63bd0e*e16c
RX # PAI1,TRAIN,486,1290
TX PAI1,TRAIN,487,3,be5fbcb53e24bd8dbe393dbabebdbec6be5bbeb3bedebecb*81b5
RX # PAI1,TRAIN,487,1291
TX PAI1,TRAIN,488,4,be50bcfabd10bcd53e853d9b3e7b3e253e243dfebe60bdde*76e3
RX # PAI1,TRAIN,488,1287
TX PAI1,TRAIN,489,3,bbfebe9dbe89bea8bed6be873ef13b5fbef1bd01be243dc3*2540
RX # PAI1,TRAIN,489,1292
TX PAI1,TRAIN,490,4,be8fbe6bbeb3bec13d4fbd6f3e77bd6abdc53d81becebcca*c5b8
RX # PAI1,TRAIN,490,1291
TX PAI1,TRAIN,491,3,bf0dbe963d35beb53ee73cb2be6abe85bf04bed53f043f01*a785
RX # PAI1,TRAIN,491,1288
TX PAI1,TRAIN,492,3,3ee5bda53e953e4dbf06be97be29bf0f3e46bd0b3e703cee*4b2c
RX # PAI1,TRAIN,492,1287
TX PAI1,TRAIN,493,3,3ea1bddb3ec53eb6bf17be813ebc3ef73f383f25bdbabdd9*721b
RX # PAI1,TRAIN,493,1285
TX PAI1,TRAIN,494,4,3e673e1b3e603e55beb23c90bda3becbbdbdbe453cd0be40*f3d2
RX # PAI1,TRAIN,494,1286
TX PAI1,TRAIN,495,4,3f0bbdcd3eb13e9abf3abeb93cdebebf3ee73e843d9bbd8a*3a1d
RX # PAI1,TRAIN,495,1291
TX PAI1,TRAIN,496,4,3e513da7bd543d4cbe04bd033d85be1f3e1e3da3be38be15*b4c8
RX # PAI1,TRAIN,496,1292
TX PAI1,TRAIN,497,3,be7f3edb3dbb3e32bd613f00be32bdef3e623d1fbde4be46*a840
RX # PAI1,TRAIN,497,1290
TX PAI1,TRAIN,498,4,3eec3f373ed03f17bf243ec7be30be063eb03dadbd0dbed1*2be1
RX # PAI1,TRAIN,498,1288
TX PAI1,TRAIN,499,4,3ea5bdeebe99be683dffbe873e203e3bbe6fbe23bd3e3d8f*5725
RX # PAI1,TRAIN,499,1292
TX PAI1,TRAIN,500,4,be78bc87be6cbe523e8a3dddbb803e13be00be18bd2e3d7c*8d34
RX # PAI1,TRAIN,500,1292
TX PAI1,TRAIN,501,3,3e6bbf09bee0bf0c3e6fbf15beb0bd34bed1bec63f2e3f46*10c9
RX # PAI1,TRAIN,501,1292
TX PAI1,TRAIN,502,4,be123dd03e883e663e563e243e04bd5a3e6e3e0c3d59bd91*adc8
RX # PAI1,TRAIN,502,1292
TX PAI1,TRAIN,503,3,bed4bec1be5dbeb03e8ebdf33d893baabf2bbecd3f013efd*06ec
RX # PAI1,TRAIN,503,1291
TX PAI1,TRAIN,504,4,be0bbcbabdd0bdd43dc23d483cc33f243e0e3e22bd443db2*2e52
RX # PAI1,TRAIN,504,1290
TX PAI1,TRAIN,505,3,bed93e0cbe88be0b3e543eabbebdbe9abec0bed4be6ebe5f*f8e0
RX # PAI1,TRAIN,505,1293
TX PAI1,TRAIN,506,4,bde73f8a3ec53f37be163f7fbdbf3efe3e3d3e0ebee3bf4a*ebf4
RX # PAI1,TRAIN,506,1292
TX PAI1,TRAIN,507,4,bf29be3cbe94beb53eb93e31be753e0cbdc4be06be9dbd03*6b86
RX # PAI1,TRAIN,507,1293
TX PAI1,TRAIN,508,3,3eaa3e273f003ed0bd87bcd1bf04bebcbeb1bede3d77bec2*f770
RX # PAI1,TRAIN,508,1291
TX PAI1,TRAIN,509,3,3ecbbe05bebcbe063ef6bea13c263eda3e743e323f0f3f13*77d1
RX # PAI1,TRAIN,509,1291
TX PAI1,TRAIN,510,3,bd7b3d8d3efe3e9dbe0c3dbabe9bbea8be9cbec33d53be99*1960
RX # PAI1,TRAIN,510,1287
TX PAI1,TRAIN,511,4,bbad3e9d3e543e71bcaf3e8abe89be9ebe4ebe8a3e61bdac*5db9
RX # PAI1,TRAIN,511,1292
TX PAI1,TRAIN,512,4,bf0d3db3be6abe5c3ecf3eb6bc673e793e163e21be593d21*f38d
RX # PAI1,TRAIN,512,1290
TX PAI1,TRAIN,513,3,3d08bf25bf3dbf1b3f03bf143f8e3ec83cca3f2dbd3c3f1b*2c1b
RX # PAI1,TRAIN,513,1291
TX PAI1,TRAIN,514,3,3ecbbe05bebcbe063ef6bea13c263eda3e743e323f0f3f13*942f
RX # PAI1,TRAIN,514,1293
TX PAI1,TRAIN,515,4,3e673e1b3e603e55beb23c90bda3becbbdbdbe453cd0be40*2b91
RX # PAI1,TRAIN,515,1293
TX PAI1,TRAIN,516,3,3e6bbf09bee0bf0c3e6fbf15beb0bd34bed1bec63f2e3f46*efd4
RX # PAI1,TRAIN,516,1286
TX PAI1,TRAIN,517,4,3df13e5c3dcd3e5a3e783e03bdcabdc2bd40be2f3e63bd0e*b6d3
RX # PAI1,TRAIN,517,1292
TX PAI1,TRAIN,518,3,3f23be94be3bbdad3e5abf13be7a3eeabea6be663f363f07*8b49
RX # PAI1,TRAIN,518,1292
TX PAI1,TRAIN,519,4,3eec3f373ed03f17bf243ec7be30be063eb03dadbd0dbed1*f3a2
RX # PAI1,TRAIN,519,1289
TX PAI1,TRAIN,520,3,bbfebe9dbe89bea8bed6be873ef13b5fbef1bd01be243dc3*18b9
RX # PAI1,TRAIN,520,1290
TX PAI1,TRAIN,521,3,bed93e0cbe88be0b3e543eabbebdbe9abec0bed4be6ebe5f*0a18
RX # PAI1,TRAIN,521,1287
TX PAI1,TRAIN,522,4,3e513da7bd543d4cbe04bd033d85be1f3e1e3da3be38be15*6acf
RX # PAI1,TRAIN,522,1287
TX PAI1,TRAIN,523,3,3e413c933e4f3e5dbe99bda3be3fbe463eeb3e48bd43bdfa*324f
RX # PAI1,TRAIN,523,1293
TX PAI1,TRAIN,524,3,bf0dbe963d35beb53ee73cb2be6abe85bf04bed53f043f01*02c2
RX # PAI1,TRAIN,524,1292
TX PAI1,TRAIN,525,4,bf0d3db3be6abe5c3ecf3eb6bc673e793e163e21be593d21*0349
RX # PAI1,TRAIN,525,1292
TX PAI1,TRAIN,526,4,bf29be3cbe94beb53eb93e31be753e0cbdc4be06be9dbd03*1f1f
RX # PAI1,TRAIN,526,1292
TX PAI1,TRAIN,527,3,3ee5bda53e953e4dbf06be97be29bf0f3e46bd0b3e703cee*ee6b
RX # PAI1,TRAIN,527,1292
TX PAI1,TRAIN,528,4,bde73f8a3ec53f37be163f7fbdbf3efe3e3d3e0ebee3bf4a*05ef
RX # PAI1,TRAIN,528,1288
TX PAI1,TRAIN,529,3,be5fbcb53e24bd8dbe393dbabebdbec6be5bbeb3bedebecb*ccad
RX # PAI1,TRAIN,529,1286
TX PAI1,TRAIN,530,4,be8fbe6bbeb3bec13d4fbd6f3e77bd6abdc53d81becebcca*6962
RX # PAI1,TRAIN,530,1289
TX PAI1,TRAIN,531,4,be50bcfabd10bcd53e853d9b3e7b3e253e243dfebe60bdde*c4e6
RX # PAI1,TRAIN,531,1290
TX PAI1,TRAIN,532,4,3f0bbdcd3eb13e9abf3abeb93cdebebf3ee73e843d9bbd8a*e626
RX # PAI1,TRAIN,532,1288
TX PAI1,TRAIN,533,3,bed4bec1be5dbeb03e8ebdf33d893baabf2bbecd3f013efd*86c9
RX # PAI1,TRAIN,533,1291
TX PAI1,TRAIN,534,3,3d08bf25bf3dbf1b3f03bf143f8e3ec83cca3f2dbd3c3f1b*5323
RX # PAI1,TRAIN,534,1292
TX PAI1,TRAIN,535,3,bd7b3d8d3efe3e9dbe0c3dbabe9bbea8be9cbec33d53be99*90d8
RX # PAI1,TRAIN,535,1285
TX PAI1,TRAIN,536,3,3ea1bddb3ec53eb6bf17be813ebc3ef73f383f25bdbabdd9*58a0
RX # PAI1,TRAIN,536,1288
TX PAI1,TRAIN,537,4,be123dd03e883e663e563e243e04bd5a3e6e3e0c3d59bd91*ab8c
RX # PAI1,TRAIN,537,1290
TX PAI1,TRAIN,538,3,be173e8c3f093ecebcc63ea13e33beaa3e843e5cbcf6be6e*9f35
RX # PAI1,TRAIN,538,1292
TX PAI1,TRAIN,539,3,3eaa3e273f003ed0bd87bcd1bf04bebcbeb1bede3d77bec2*0c15
RX # PAI1,TRAIN,539,1290
TX PAI1,TRAIN,540,3,bd3abeacbf14befcbdaebe8a3f473f303f183f7fbf543d16*563a
RX # PAI1,TRAIN,540,1291
TX PAI1,TRAIN,541,4,be0bbcbabdd0bdd43dc23d483cc33f243e0e3e22bd443db2*b781
RX # PAI1,TRAIN,541,1292
TX PAI1,TRAIN,542,4,3ea5bdeebe99be683dffbe873e203e3bbe6fbe23bd3e3d8f*03cb
RX # PAI1,TRAIN,542,1291
TX PAI1,TRAIN,543,4,be78bc87be6cbe523e8a3dddbb803e13be00be18bd2e3d7c*1f46
RX # PAI1,TRAIN,543,1291
TX PAI1,TRAIN,544,4,bbad3e9d3e543e71bcaf3e8abe89be9ebe4ebe8a3e61bdac*4b96
RX # PAI1,TRAIN,544,1285
TX PAI1,TRAIN,545,3,be7f3edb3dbb3e32bd613f00be32bdef3e623d1fbde4be46*6d8d
RX # PAI1,TRAIN,545,1293
TX PAI1,TRAIN,546,4,bf0d3db3be6abe5c3ecf3eb6bc673e793e163e21be593d21*9ee2
RX # PAI1,TRAIN,546,1293
TX PAI1,TRAIN,547,4,be123dd03e883e663e563e243e04bd5a3e6e3e0c3d59bd91*341b
RX # PAI1,TRAIN,547,1292
TX PAI1,TRAIN,548,3,bd3abeacbf14befcbdaebe8a3f473f303f183f7fbf543d16*bc59
RX # PAI1,TRAIN,548,1289
TX PAI1,TRAIN,549,4,3df13e5c3dcd3e5a3e783e03bdcabdc2bd40be2f3e63bd0e*c75f
RX # PAI1,TRAIN,549,1292
TX PAI1,TRAIN,550,3,bed93e0cbe88be0b3e543eabbebdbe9abec0bed4be6ebe5f*eecf
RX # PAI1,TRAIN,550,1292
TX PAI1,TRAIN,551,3,3d08bf25bf3dbf1b3f03bf143f8e3ec83cca3f2dbd3c3f1b*c529
RX # PAI1,TRAIN,551,1292
TX PAI1,TRAIN,552,4,be8fbe6bbeb3bec13d4fbd6f3e77bd6abdc53d81becebcca*8f89
RX # PAI1,TRAIN,552,1288
TX PAI1,TRAIN,553,3,bed4bec1be5dbeb03e8ebdf33d893baabf2bbecd3f013efd*96a2
RX # PAI1,TRAIN,553,1287
TX PAI1,TRAIN,554,4,3ea5bdeebe99be683dffbe873e203e3bbe6fbe23bd3e3d8f*8796
RX # PAI1,TRAIN,554,1291
TX PAI1,TRAIN,555,4,3f0bbdcd3eb13e9abf3abeb93cdebebf3ee73e843d9bbd8a*86ac
RX # PAI1,TRAIN,555,1288
TX PAI1,TRAIN,556,3,3ee5bda53e953e4dbf06be97be29bf0f3e46bd0b3e703cee*0abc
RX # PAI1,TRAIN,556,1292
TX PAI1,TRAIN,557,3,be173e8c3f093ecebcc63ea13e33beaa3e843e5cbcf6be6e*15dc
RX # PAI1,TRAIN,557,1291
TX PAI1,TRAIN,558,3,be5fbcb53e24bd8dbe393dbabebdbec6be5bbeb3bedebecb*287a
RX # PAI1,TRAIN,558,1292
TX PAI1,TRAIN,559,3,bf0dbe963d35beb53ee73cb2be6abe85bf04bed53f043f01*f157
RX # PAI1,TRAIN,559,1286
TX PAI1,TRAIN,560,4,be78bc87be6cbe523e8a3dddbb803e13be00be18bd2e3d7c*9d5f
RX # PAI1,TRAIN,560,1292
TX PAI1,TRAIN,561,4,be0bbcbabdd0bdd43dc23d483cc33f243e0e3e22bd443db2*b858
RX # PAI1,TRAIN,561,1292
TX PAI1,TRAIN,562,3,bd7b3d8d3efe3e9dbe0c3dbabe9bbea8be9cbec33d53be99*7077
RX # PAI1,TRAIN,562,1292
TX PAI1,TRAIN,563,4,bf29be3cbe94beb53eb93e31be753e0cbdc4be06be9dbd03*86cc
RX # PAI1,TRAIN,563,1291
TX PAI1,TRAIN,564,3,3e413c933e4f3e5dbe99bda3be3fbe463eeb3e48bd43bdfa*5d1c
RX # PAI1,TRAIN,564,1292
TX PAI1,TRAIN,565,4,3eec3f373ed03f17bf243ec7be30be063eb03dadbd0dbed1*7b77
RX # PAI1,TRAIN,565,1289
TX PAI1,TRAIN,566,3,3ecbbe05bebcbe063ef6bea13c263eda3e743e323f0f3f13*fd38
RX # PAI1,TRAIN,566,1292
TX PAI1,TRAIN,567,4,3e673e1b3e603e55beb23c90bda3becbbdbdbe453cd0be40*4286
RX # PAI1,TRAIN,567,1293
TX PAI1,TRAIN,568,3,3e6bbf09bee0bf0c3e6fbf15beb0bd34bed1bec63f2e3f46*9181
RX # PAI1,TRAIN,568,1290
TX PAI1,TRAIN,569,4,bde73f8a3ec53f37be163f7fbdbf3efe3e3d3e0ebee3bf4a*611d
RX # PAI1,TRAIN,569,1292
TX PAI1,TRAIN,570,3,3f23be94be3bbdad3e5abf13be7a3eeabea6be663f363f07*7141
RX # PAI1,TRAIN,570,1290
TX PAI1,TRAIN,571,3,3eaa3e273f003ed0bd87bcd1bf04bebcbeb1bede3d77bec2*f9c4
RX # PAI1,TRAIN,571,1288
TX PAI1,TRAIN,572,4,bbad3e9d3e543e71bcaf3e8abe89be9ebe4ebe8a3e61bdac*c012
RX # PAI1,TRAIN,572,1291
TX PAI1,TRAIN,573,3,be7f3edb3dbb3e32bd613f00be32bdef3e623d1fbde4be46*e609
RX # PAI1,TRAIN,573,1287
TX PAI1,TRAIN,574,3,3ea1bddb3ec53eb6bf17be813ebc3ef73f383f25bdbabdd9*b192
RX # PAI1,TRAIN,574,1288
TX PAI1,TRAIN,575,3,bbfebe9dbe89bea8bed6be873ef13b5fbef1bd01be243dc3*0e96
RX # PAI1,TRAIN,575,1288
TX PAI1,TRAIN,576,4,be50bcfabd10bcd53e853d9b3e7b3e253e243dfebe60bdde*abb5
RX # PAI1,TRAIN,576,1293
TX PAI1,TRAIN,577,4,3e513da7bd543d4cbe04bd033d85be1f3e1e3da3be38be15*7ce0
RX # PAI1,TRAIN,577,1292
TX PAI1,PREDICT,578,be123dd03e883e663e563e243e04bd5a3e6e3e0c3d59bd91*0cf4
RX # PAI1,PREDICT,578,106,0000,0000,3ee1,3f0f
TX PAI1,PREDICT,579,3f0bbdcd3eb13e9abf3abeb93cdebebf3ee73e843d9bbd8a*d549
RX # PAI1,PREDICT,579,108,0000,0000,3f49,3e5a
TX PAI1,PREDICT,580,3eec3f373ed03f17bf243ec7be30be063eb03dadbd0dbed1*e7d3
RX # PAI1,PREDICT,580,108,0000,0000,3e8e,3f3d
TX PAI1,PREDICT,581,be50bcfabd10bcd53e853d9b3e7b3e253e243dfebe60bdde*275b
RX # PAI1,PREDICT,581,104,0000,0000,3eb8,3f21
TX PAI1,PREDICT,582,bf0d3db3be6abe5c3ecf3eb6bc673e793e163e21be593d21*a4b3
RX # PAI1,PREDICT,582,108,0000,0000,3eba,3f26
TX PAI1,PREDICT,583,bf29be3cbe94beb53eb93e31be753e0cbdc4be06be9dbd03*2753
RX # PAI1,PREDICT,583,106,0000,0000,3ef5,3f05
TX PAI1,PREDICT,584,be8fbe6bbeb3bec13d4fbd6f3e77bd6abdc53d81becebcca*aa31
RX # PAI1,PREDICT,584,105,0000,0000,3f0d,3ee0
TX PAI1,PREDICT,585,be0bbcbabdd0bdd43dc23d483cc33f243e0e3e22bd443db2*8273
RX # PAI1,PREDICT,585,106,0000,0000,3ed5,3f11
TX PAI1,PREDICT,586,3e673e1b3e603e55beb23c90bda3becbbdbdbe453cd0be40*4596
RX # PAI1,PREDICT,586,107,0000,0000,3f0f,3ee4
TX PAI1,PREDICT,587,3ea5bdeebe99be683dffbe873e203e3bbe6fbe23bd3e3d8f*9f15
RX # PAI1,PREDICT,587,107,0000,0000,3eed,3f09
TX PAI1,PREDICT,588,be78bc87be6cbe523e8a3dddbb803e13be00be18bd2e3d7c*142a
RX # PAI1,PREDICT,588,104,0000,0000,3ed6,3f14
TX PAI1,PREDICT,589,3df13e5c3dcd3e5a3e783e03bdcabdc2bd40be2f3e63bd0e*c2a6
RX # PAI1,PREDICT,589,106,0000,0000,3ecc,3f1b
TX PAI1,PREDICT,590,bbad3e9d3e543e71bcaf3e8abe89be9ebe4ebe8a3e61bdac*e7d8
RX # PAI1,PREDICT,590,105,0000,0000,3f02,3f02
TX PAI1,PREDICT,591,bde73f8a3ec53f37be163f7fbdbf3efe3e3d3e0ebee3bf4a*bcfe
RX # PAI1,PREDICT,591,107,0000,0000,be29,3f94
TX PAI1,PREDICT,592,3e513da7bd543d4cbe04bd033d85be1f3e1e3da3be38be15*f9a7
RX # PAI1,PREDICT,592,107,0000,0000,3eee,3f0a
TX PAI1,PREDICT,593,bd3abeacbf14befcbdaebe8a3f473f303f183f7fbf543d16*4e8d
RX # PAI1,PREDICT,593,107,0000,0000,3efe,3f00
TX PAI1,PREDICT,594,bbfebe9dbe89bea8bed6be873ef13b5fbef1bd01be243dc3*6f27
RX # PAI1,PREDICT,594,107,0000,0000,3f42,3e6c
TX PAI1,PREDICT,595,3eaa3e273f003ed0bd87bcd1bf04bebcbeb1bede3d77bec2*7722
RX # PAI1,PREDICT,595,108,0000,0000,3f10,3ede
TX PAI1,PREDICT,596,bd7b3d8d3efe3e9dbe0c3dbabe9bbea8be9cbec33d53be99*ca37
RX # PAI1,PREDICT,596,108,0000,0000,3f16,3ed0
TX PAI1,PREDICT,597,3ecbbe05bebcbe063ef6bea13c263eda3e743e323f0f3f13*a82f
RX # PAI1,PREDICT,597,108,0000,0000,3f12,3edc
TX PAI1,PREDICT,598,be173e8c3f093ecebcc63ea13e33beaa3e843e5cbcf6be6e*575c
RX # PAI1,PREDICT,598,108,0000,0000,3eee,3f08
TX PAI1,PREDICT,599,3d08bf25bf3dbf1b3f03bf143f8e3ec83cca3f2dbd3c3f1b*9e7e
RX # PAI1,PREDICT,599,106,0000,0000,3f3c,3e89
TX PAI1,PREDICT,600,bed93e0cbe88be0b3e543eabbebdbe9abec0bed4be6ebe5f*8577
RX # PAI1,PREDICT,600,107,0000,0000,3ed8,3f15
TX PAI1,PREDICT,601,be5fbcb53e24bd8dbe393dbabebdbec6be5bbeb3bedebecb*bbd7
RX # PAI1,PREDICT,601,108,0000,0000,3f07,3ef4
TX PAI1,PREDICT,602,bed4bec1be5dbeb03e8ebdf33d893baabf2bbecd3f013efd*5436
RX # PAI1,PREDICT,602,107,0000,0000,3f53,3e2c
TX PAI1,PREDICT,603,3f23be94be3bbdad3e5abf13be7a3eeabea6be663f363f07*23ba
RX # PAI1,PREDICT,603,104,0000,0000,3f45,3e60
TX PAI1,PREDICT,604,be7f3edb3dbb3e32bd613f00be32bdef3e623d1fbde4be46*4670
RX # PAI1,PREDICT,604,107,0000,0000,3ea7,3f32
TX PAI1,PREDICT,605,3ee5bda53e953e4dbf06be97be29bf0f3e46bd0b3e703cee*310b
RX # PAI1,PREDICT,605,106,0000,0000,3f4d,3e4e
TX PAI1,PREDICT,606,3e413c933e4f3e5dbe99bda3be3fbe463eeb3e48bd43bdfa*2694
RX # PAI1,PREDICT,606,104,0000,0000,3f19,3ed2
TX PAI1,PREDICT,607,3ea1bddb3ec53eb6bf17be813ebc3ef73f383f25bdbabdd9*5790
RX # PAI1,PREDICT,607,107,0000,0000,3f16,3ece
TX PAI1,PREDICT,608,3e6bbf09bee0bf0c3e6fbf15beb0bd34bed1bec63f2e3f46*03cf
RX # PAI1,PREDICT,608,108,0000,0000,3f76,3d10
TX PAI1,PREDICT,609,bf0dbe963d35beb53ee73cb2be6abe85bf04bed53f043f01*8a0a
RX # PAI1,PREDICT,609,107,0000,0000,3f56,3e29
TX PAI1,INIT,610,12,32,1,1*fba0
RX # PAI1,INIT,610,12,32,4
TX PAI1,TRAIN,611,4,bf18be2fbe8fbea73eb43efbbe663e10bd77bdd0beabbd69*a839
RX # PAI1,TRAIN,611,1292
TX PAI1,TRAIN,612,3,3db3bf1dbf45bf163f06beca3f9c3ecc3d8a3f4ebd883f0e*6270
RX # PAI1,TRAIN,612,1290
TX PAI1,TRAIN,613,3,3e8fbf02bee3bf073e55beb1beacbd33bec9bec73f2d3f38*6368
RX # PAI1,TRAIN,613,1289
TX PAI1,TRAIN,614,3,3f2ebe8bbe28bd493e3ebe92be6b3eefbe9bbe533f343ef6*b12c
RX # PAI1,TRAIN,614,1288
TX PAI1,TRAIN,615,4,3e2e3e5a3e163e843e603ea3bd98bdc3bc06be153e54bd73*2f56
RX # PAI1,TRAIN,615,1292
TX PAI1,TRAIN,616,3,3ebbbdc63eeb3ecfbf39bea53ed93efc3f4e3f44bde6be03*b20d
RX # PAI1,TRAIN,616,1291
TX PAI1,TRAIN,617,3,bef9be8d3daebea73ee9be35be5abe86bf02bed73f023eeb*7478
RX # PAI1,TRAIN,617,1290
TX PAI1,TRAIN,618,3,beb5beb6be4dbea23e84bea03dd33bd3bf2bbecf3efe3ee5*66c8
RX # PAI1,TRAIN,618,1291
TX PAI1,TRAIN,619,3,be433ed63e0c3e5fbdf1be87be1fbdf13e8d3db6be08be59*c1dd
RX # PAI1,TRAIN,619,1289
TX PAI1,TRAIN,620,4,be62be5bbeb1beb43ae43f013e94bd69bd793decbeddbd4c*e729
RX # PAI1,TRAIN,620,1289
TX PAI1,TRAIN,621,3,bdbb3e8a3f203ee8bda9bea63e5fbeac3ea13e92bd4dbe7f*ebf2
RX # PAI1,TRAIN,621,1292
TX PAI1,TRAIN,622,4,3e833dadbca53db7be4e3e7b3dcebe203e533e09be50be2a*8d44
RX # PAI1,TRAIN,622,1289
TX PAI1,TRAIN,623,4,bda2bc82bd99bd8c3d543ea73d683f273e413e64bd8c3d6c*24ac
RX # PAI1,TRAIN,623,1293
TX PAI1,TRAIN,624,4,3e8e3e1b3e8d3e81bee63e16bd5dbecebd68be2e3bd3be53*54c5
RX # PAI1,TRAIN,624,1289
TX PAI1,TRAIN,625,4,3ebebdd9be95be483daf3eac3e4b3e40be53be08bd893d28*fe58
RX # PAI1,TRAIN,625,1293
TX PAI1,TRAIN,626,4,3d4a3e9a3e873e8fbda33e98be82bea0be30be843e52bdda*373e
RX # PAI1,TRAIN,626,1292
TX PAI1,TRAIN,627,4,befb3db8be5bbe3c3ece3efa3c833e7f3e4a3e63be713c40*cebb
RX # PAI1,TRAIN,627,1291
TX PAI1,TRAIN,628,4,bd683f853eea3f47be63be6fbd8d3f013e733e4dbef2bf49*e34d
RX # PAI1,TRAIN,628,1293
TX PAI1,TRAIN,629,3,be24bc7b3e59bd07be84be02bebbbec9be3ebeb1beedbed0*6da8
RX # PAI1,TRAIN,629,1292
TX PAI1,TRAIN,630,3,3efdbd933eb63e7abf25beddbe15bf123e7d3be83e613af0*0178
RX # PAI1,TRAIN,630,1293
TX PAI1,TRAIN,631,3,beba3e0cbe82bdd13e36be1fbebabe9cbeb6bed6be83be71*02c5
RX # PAI1,TRAIN,631,1292
TX PAI1,TRAIN,632,4,be3cbc22be5dbe313e7f3eec3cdd3e16bdbbbdf7bd813d07*9500
RX # PAI1,TRAIN,632,1290
TX PAI1,TRAIN,633,3,3e763cbe3e843e85bec9be7cbe2cbe493f073e87bd8bbe13*6feb
RX # PAI1,TRAIN,633,1292
TX PAI1,TRAIN,634,4,bd683f853eea3f47be63be6fbd8d3f013e733e4dbef2bf49*7bf3
RX # PAI1,TRAIN,634,1287
TX PAI1,TRAIN,635,4,3e833dadbca53db7be4e3e7b3dcebe203e533e09be50be2a*7259
RX # PAI1,TRAIN,635,1290
TX PAI1,TRAIN,636,3,be433ed63e0c3e5fbdf1be87be1fbdf13e8d3db6be08be59*5486
RX # PAI1,TRAIN,636,1292
TX PAI1,TRAIN,637,3,3efdbd933eb63e7abf25beddbe15bf123e7d3be83e613af0*7199
RX # PAI1,TRAIN,637,1291
TX PAI1,TRAIN,638,4,befb3db8be5bbe3c3ece3efa3c833e7f3e4a3e63be713c40*dbc5
RX # PAI1,TRAIN,638,1292
TX PAI1,TRAIN,639,4,3e2e3e5a3e163e843e603ea3bd98bdc3bc06be153e54bd73*37cd
RX # PAI1,TRAIN,639,1293
TX PAI1,TRAIN,640,4,be3cbc22be5dbe313e7f3eec3cdd3e16bdbbbdf7bd813d07*fc17
RX # PAI1,TRAIN,640,1291
TX PAI1,TRAIN,641,3,bef9be8d3daebea73ee9be35be5abe86bf02bed73f023eeb*ef97
RX # PAI1,TRAIN,641,1293
TX PAI1,TRAIN,642,3,beb5beb6be4dbea23e84bea03dd33bd3bf2bbecf3efe3ee5*ea65
RX # PAI1,TRAIN,642,1289
TX PAI1,TRAIN,643,3,3f2ebe8bbe28bd493e3ebe92be6b3eefbe9bbe533f343ef6*5183
RX # PAI1,TRAIN,643,1287
TX PAI1,TRAIN,644,4,bda2bc82bd99bd8c3d543ea73d683f273e413e64bd8c3d6c*4426
RX # PAI1,TRAIN,644,1287
TX PAI1,TRAIN,645,4,be62be5bbeb1beb43ae43f013e94bd69bd793decbeddbd4c*7123
RX # PAI1,TRAIN,645,1293
TX PAI1,TRAIN,646,3,3ebbbdc63eeb3ecfbf39bea53ed93efc3f4e3f44bde6be03*2243
RX # PAI1,TRAIN,646,1292
TX PAI1,TRAIN,647,3,3e763cbe3e843e85bec9be7cbe2cbe493f073e87bd8bbe13*0d5d
RX # PAI1,TRAIN,647,1289
TX PAI1,TRAIN,648,3,3e8fbf02bee3bf073e55beb1beacbd33bec9bec73f2d3f38*9485
RX # PAI1,TRAIN,648,1290
TX PAI1,TRAIN,649,3,beba3e0cbe82bdd13e36be1fbebabe9cbeb6bed6be83be71*7731
RX # PAI1,TRAIN,649,1292
TX PAI1,TRAIN,650,4,bf18be2fbe8fbea73eb43efbbe663e10bd77bdd0beabbd69*cccb
RX # PAI1,TRAIN,650,1292
TX PAI1,TRAIN,651,3,bdbb3e8a3f203ee8bda9bea63e5fbeac3ea13e92bd4dbe7f*7465
RX # PAI1,TRAIN,651,1290
TX PAI1,TRAIN,652,3,3db3bf1dbf45bf163f06beca3f9c3ecc3d8a3f4ebd883f0e*7dc2
RX # PAI1,TRAIN,652,1293
TX PAI1,TRAIN,653,3,be24bc7b3e59bd07be84be02bebbbec9be3ebeb1beedbed0*eedc
RX # PAI1,TRAIN,653,1292
TX PAI1,TRAIN,654,4,3e8e3e1b3e8d3e81bee63e16bd5dbecebd68be2e3bd3be53*cb52
RX # PAI1,TRAIN,654,1292
TX PAI1,TRAIN,655,4,3ebebdd9be95be483daf3eac3e4b3e40be53be08bd893d28*61cf
RX # PAI1,TRAIN,655,1291
TX PAI1,TRAIN,656,4,3d4a3e9a3e873e8fbda33e98be82bea0be30be843e52bdda*a8a9
RX # PAI1,TRAIN,656,1287
TX PAI1,TRAIN,657,3,beba3e0cbe82bdd13e36be1fbebabe9cbeb6bed6be83be71*190f
RX # PAI1,TRAIN,657,1289
TX PAI1,TRAIN,658,4,befb3db8be5bbe3c3ece3efa3c833e7f3e4a3e63be713c40*cbae
RX # PAI1,TRAIN,658,1287
TX PAI1,TRAIN,659,3,3db3bf1dbf45bf163f06beca3f9c3ecc3d8a3f4ebd883f0e*1a61
RX # PAI1,TRAIN,659,1292
TX PAI1,TRAIN,660,3,be433ed63e0c3e5fbdf1be87be1fbdf13e8d3db6be08be59*cf69
RX # PAI1,TRAIN,660,1286
TX PAI1,TRAIN,661,3,3ebbbdc63eeb3ecfbf39bea53ed93efc3f4e3f44bde6be03*5d7b
RX # PAI1,TRAIN,661,1292
TX PAI1,TRAIN,662,3,3efdbd933eb63e7abf25beddbe15bf123e7d3be83e613af0*67b6
RX # PAI1,TRAIN,662,1292
TX PAI1,TRAIN,663,4,3ebebdd9be95be483daf3eac3e4b3e40be53be08bd893d28*ea4b
RX # PAI1,TRAIN,663,1292
TX PAI1,TRAIN,664,3,bdbb3e8a3f203ee8bda9bea63e5fbeac3ea13e92bd4dbe7f*7221
RX # PAI1,TRAIN,664,1288
TX PAI1,TRAIN,665,4,3e2e3e5a3e163e843e603ea3bd98bdc3bc06be153e54bd73*b0c1
RX # PAI1,TRAIN,665,1286
TX PAI1,TRAIN,666,4,bda2bc82bd99bd8c3d543ea73d683f273e413e64bd8c3d6c*bd7f
RX # PAI1,TRAIN,666,1288
TX PAI1,TRAIN,667,3,bef9be8d3daebea73ee9be35be5abe86bf02bed73f023eeb*ebef
RX # PAI1,TRAIN,667,1289
TX PAI1,TRAIN,668,4,be3cbc22be5dbe313e7f3eec3cdd3e16bdbbbdf7bd813d07*19ad
RX # PAI1,TRAIN,668,1287
TX PAI1,TRAIN,669,3,3f2ebe8bbe28bd493e3ebe92be6b3eefbe9bbe533f343ef6*42b9
RX # PAI1,TRAIN,669,1286
TX PAI1,TRAIN,670,4,3e8e3e1b3e8d3e81bee63e16bd5dbecebd68be2e3bd3be53*39aa
RX # PAI1,TRAIN,670,1287
TX PAI1,TRAIN,671,3,beb5beb6be4dbea23e84bea03dd33bd3bf2bbecf3efe3ee5*e780
RX # PAI1,TRAIN,671,1291
TX PAI1,TRAIN,672,4,3d4a3e9a3e873e8fbda33e98be82bea0be30be843e52bdda*5a51
RX # PAI1,TRAIN,672,1293
TX PAI1,TRAIN,673,4,bf18be2fbe8fbea73eb43efbbe663e10bd77bdd0beabbd69*4ed2
RX # PAI1,TRAIN,673,1289
TX PAI1,TRAIN,674,3,be24bc7b3e59bd07be84be02bebbbec9be3ebeb1beedbed0*91e4
RX # PAI1,TRAIN,674,1291
TX PAI1,TRAIN,675,3,3e8fbf02bee3bf073e55beb1beacbd33bec9bec73f2d3f38*78a2
RX # PAI1,TRAIN,675,1287
TX PAI1,TRAIN,676,4,be62be5bbeb1beb43ae43f013e94bd69bd793decbeddbd4c*7cc6
RX # PAI1,TRAIN,676,1287
TX PAI1,TRAIN,677,3,3e763cbe3e843e85bec9be7cbe2cbe493f073e87bd8bbe13*8d78
RX # PAI1,TRAIN,677,1291
TX PAI1,TRAIN,678,4,bd683f853eea3f47be63be6fbd8d3f013e733e4dbef2bf49*7303
RX # PAI1,TRAIN,678,1287
TX PAI1,TRAIN,679,4,3e833dadbca53db7be4e3e7b3dcebe203e533e09be50be2a*7aa9
RX # PAI1,TRAIN,679,1292
TX PAI1,TRAIN,680,4,3d4a3e9a3e873e8fbda33e98be82bea0be30be843e52bdda*0c22
RX # PAI1,TRAIN,680,1291
TX PAI1,TRAIN,681,3,bdbb3e8a3f203ee8bda9bea63e5fbeac3ea13e92bd4dbe7f*db4f
RX # PAI1,TRAIN,681,1291
TX PAI1,TRAIN,682,3,3efdbd933eb63e7abf25beddbe15bf123e7d3be83e613af0*48b9
RX # PAI1,TRAIN,682,1290
TX PAI1,TRAIN,683,4,3ebebdd9be95be483daf3eac3e4b3e40be53be08bd893d28*c544
RX # PAI1,TRAIN,683,1291
TX PAI1,TRAIN,684,4,3e8e3e1b3e8d3e81bee63e16bd5dbecebd68be2e3bd3be53*6478
RX # PAI1,TRAIN,684,1289
TX PAI1,TRAIN,685,3,3f2ebe8bbe28bd493e3ebe92be6b3eefbe9bbe533f343ef6*7af4
RX # PAI1,TRAIN,685,1290
TX PAI1,TRAIN,686,3,3e763cbe3e843e85bec9be7cbe2cbe493f073e87bd8bbe13*56cb
RX # PAI1,TRAIN,686,1292
TX PAI1,TRAIN,687,3,be24bc7b3e59bd07be84be02bebbbec9be3ebeb1beedbed0*bcd7
RX # PAI1,TRAIN,687,1291
TX PAI1,TRAIN,688,3,3ebbbdc63eeb3ecfbf39bea53ed93efc3f4e3f44bde6be03*e357
RX # PAI1,TRAIN,688,1288
TX PAI1,TRAIN,689,4,bda2bc82bd99bd8c3d543ea73d683f273e413e64bd8c3d6c*08f2
RX # PAI1,TRAIN,689,1290
TX PAI1,TRAIN,690,4,bf18be2fbe8fbea73eb43efbbe663e10bd77bdd0beabbd69*ec1d
RX # PAI1,TRAIN,690,1289
TX PAI1,TRAIN,691,3,bef9be8d3daebea73ee9be35be5abe86bf02bed73f023eeb*40bd
RX # PAI1,TRAIN,691,1291
TX PAI1,TRAIN,692,3,beba3e0cbe82bdd13e36be1fbebabe9cbeb6bed6be83be71*bfb8
RX # PAI1,TRAIN,692,1286
TX PAI1,TRAIN,693,4,be62be5bbeb1beb43ae43f013e94bd69bd793decbeddbd4c*d5a8
RX # PAI1,TRAIN,693,1289
TX PAI1,TRAIN,694,4,be3cbc22be5dbe313e7f3eec3cdd3e16bdbbbdf7bd813d07*ae1c
RX # PAI1,TRAIN,694,1287
TX PAI1,TRAIN,695,3,3e8fbf02bee3bf073e55beb1beacbd33bec9bec73f2d3f38*57ad
RX # PAI1,TRAIN,695,1289
TX PAI1,TRAIN,696,4,befb3db8be5bbe3c3ece3efa3c833e7f3e4a3e63be713c40*0aba
RX # PAI1,TRAIN,696,1289
TX PAI1,TRAIN,697,3,be433ed63e0c3e5fbdf1be87be1fbdf13e8d3db6be08be59*1f7b
RX # PAI1,TRAIN,697,1291
TX PAI1,TRAIN,698,3,beb5beb6be4dbea23e84bea03dd33bd3bf2bbecf3efe3ee5*59ac
RX # PAI1,TRAIN,698,1289
TX PAI1,TRAIN,699,4,3e2e3e5a3e163e843e603ea3bd98bdc3bc06be153e54bd73*0770
RX # PAI1,TRAIN,699,1290
TX PAI1,TRAIN,700,4,bd683f853eea3f47be63be6fbd8d3f013e733e4dbef2bf49*9a90
RX # PAI1,TRAIN,700,1290
TX PAI1,TRAIN,701,4,3e833dadbca53db7be4e3e7b3dcebe203e533e09be50be2a*933a
RX # PAI1,TRAIN,701,1292
TX PAI1,TRAIN,702,3,3db3bf1dbf45bf163f06beca3f9c3ecc3d8a3f4ebd883f0e*71eb
RX # PAI1,TRAIN,702,1290
TX PAI1,PREDICT,703,bf31be173e843d713ebc3fa3beccbf90bf90bf853f2f3e24*e082
RX # PAI1,PREDICT,703,107,0000,0000,bea7,3fac
TX PAI1,PREDICT,704,bf12be50be90bec63ed03fb4bee0bf57bf88bf853eb33e56*00f0
RX # PAI1,PREDICT,704,108,0000,0000,bf0c,3fca
TX PAI1,PREDICT,705,bf5bbdeabe99beb63f4c3fd0beb5bf56bf6ebf603eb53e74*f239
RX # PAI1,PREDICT,705,106,0000,0000,bf2e,3fde
TX PAI1,PREDICT,706,beffbe3d3e03bde83e713f88bf15bf66bfcebfba3f3f3e50*7d47
RX # PAI1,PREDICT,706,106,0000,0000,be6f,3fa2
TX PAI1,PREDICT,707,bf61bf0abe1cbe973f7d3fba3f7e3f483fd83fedbf363e4b*dc69
RX # PAI1,PREDICT,707,107,0000,0000,beda,3fb1
TX PAI1,PREDICT,708,3f3c3eb23fa53f5fbeae3fa93f073f813f953f88bc7dbe8e*3977
RX # PAI1,PREDICT,708,105,0000,0000,bf58,3ff1
TX PAI1,PREDICT,709,bddbbe3dbf18bef03eac400b3f633f673f3f3f8dbfb4becc*a052
RX # PAI1,PREDICT,709,104,0000,0000,bfc6,4024
TX PAI1,PREDICT,710,3c20bea2bf18bef1be1b3e533f5d3f343f2c3f94bf5d3c15*bb0e
RX # PAI1,PREDICT,710,106,0000,0000,3ea7,3f2c
TX PAI1,PREDICT,711,3d40be94be83be99bf07be343f083b97beea3c20be3c3d86*7eb0
RX # PAI1,PREDICT,711,108,0000,0000,3f42,3e70
TX PAI1,PREDICT,712,3ec43e273f153eeabe05beb8bf05bebfbea6bee13d2cbec7*4210
RX # PAI1,PREDICT,712,106,0000,0000,3f33,3e8c
TX PAI1,PREDICT,713,bbba3d933f143eb6be57be9cbe96beabbe90bec33d07bea0*bac3
RX # PAI1,PREDICT,713,107,0000,0000,3f43,3e5c
TX PAI1,PREDICT,714,3ee4bdf5bebcbdc83efabef53d2c3edf3e973e753f0d3f07*4b41
RX # PAI1,PREDICT,714,105,0000,0000,3f76,3d0f
TX PAI1,PREDICT,715,bdb03dd43ea73e8a3e393eac3e2dbd593e933e4b3d0ebdc1*ac76
RX # PAI1,PREDICT,715,107,0000,0000,3e10,3f5a
TX PAI1,PREDICT,716,3f17bdb83ed53eb3bf613e5d3d76bec23f053eab3d6dbdb9*7cb9
RX # PAI1,PREDICT,716,108,0000,0000,3ef1,3f0b
TX PAI1,PREDICT,717,3f023f313ef73f25bf48bc64be1dbe083ed03e0fbd60bed6*4d39
RX # PAI1,PREDICT,717,107,0000,0000,3eaa,3f30
TX PAI1,PREDICT,718,be14bcbfbb0a3c393e753ed23e963e293e583e3cbe79be05*815d
RX # PAI1,PREDICT,718,107,0000,0000,3c18,3f7a
TX PAI1,INIT,719,12,32,1,1*c404
RX # PAI1,INIT,719,12,32,4
TX PAI1,TRAIN,720,4,3ef9bdf43ea23e7abf263e903d76bebc3ece3e8c3b8fbd92*6e17
RX # PAI1,TRAIN,720,1287
TX PAI1,TRAIN,721,3,3e72be013eb73e99bf04be9d3eef3f023f253f29be20bdde*19b9
RX # PAI1,TRAIN,721,1290
TX PAI1,TRAIN,722,4,3ca23e393d513e1e3e963ecabdb8bda9bd4fbe1e3e14bd24*1f4d
RX # PAI1,TRAIN,722,1288
TX PAI1,TRAIN,723,3,3f16be99be82be173e87be89be863ef7be9bbe553f1d3eff*15a0
RX # PAI1,TRAIN,723,1286
TX PAI1,TRAIN,724,3,bf10bec4be95bed23ea7be993ddd3ca1bf1dbec53ed63eee*6325
RX # PAI1,TRAIN,724,1289
TX PAI1,TRAIN,725,3,bf36be9cbc1fbed83efebe18be7bbe80bef4becc3edc3ef4*9c10
RX # PAI1,TRAIN,725,1293
TX PAI1,TRAIN,726,3,3e11bf09bf08bf1e3e91beabbec4bcfcbec2bebe3f163f3c*4d44
RX # PAI1,TRAIN,726,1288
TX PAI1,TRAIN,727,3,3ea7be18bee9be483f06bef53d233ee63e553e413ef13f0b*e4c5
RX # PAI1,TRAIN,727,1288
TX PAI1,TRAIN,728,3,3dc9bbe13e253e21be6ebe66be47be3c3ed13e58bdeabdfe*9c80
RX # PAI1,TRAIN,728,1290
TX PAI1,TRAIN,729,3,be22beb0bf2ebf10bccb3e8a3f753f383f073f81bf5d3ce7*2224
RX # PAI1,TRAIN,729,1287
TX PAI1,TRAIN,730,4,3eca3f283ec43f09bf113cf0be36bdf63e9b3dcdbdd1becb*1dc0
RX # PAI1,TRAIN,730,1288
TX PAI1,TRAIN,731,3,bdf0bea2beb1becabeb3be183f163c91bedfbc81be643dac*9998
RX # PAI1,TRAIN,731,1285
TX PAI1,TRAIN,732,4,3deb3d5dbde8bc35bd8a3ea03dd8be133e073dc3be78be16*82b3
RX # PAI1,TRAIN,732,1289
TX PAI1,TRAIN,733,4,bea9bd59bdc3bdb43e9f3efd3ea43e373e0c3e0fbe8fbde3*c0b9
RX # PAI1,TRAIN,733,1286
TX PAI1,TRAIN,734,4,3e0e3df63e373e19be903e52bd8abec8bdbcbe34bd35be3f*30d6
RX # PAI1,TRAIN,734,1290
TX PAI1,TRAIN,735,4,3e79be0abec3be953e373ed33e5b3e4ebe61be12bde83d76*f62e
RX # PAI1,TRAIN,735,1286
TX PAI1,TRAIN,736,4,bdeb3e893e2b3e353d183ebdbe95be9abe43be823e12bdb2*2df5
RX # PAI1,TRAIN,736,1287
TX PAI1,TRAIN,737,4,be883d953e6b3e2a3e863ed33e3abd243e503e1cbc90bd99*936a
RX # PAI1,TRAIN,737,1289
TX PAI1,TRAIN,738,4,be6e3f803eb73f2abdaebe58bdab3f053e233e1ebefebf43*8f25
RX # PAI1,TRAIN,738,1294
TX PAI1,TRAIN,739,3,be343d2a3ef53e80bd9abe94beabbea4be91bebbbc9dbe96*f9dc
RX # PAI1,TRAIN,739,1288
TX PAI1,TRAIN,740,3,bec33ec53d293dec3b90be7abe38bdd73e443d60be34be45*3b3d
RX # PAI1,TRAIN,740,1289
TX PAI1,TRAIN,741,3,3e833e073ef73eb4bbcebeb3bf16beb9bea5bed6bc2dbebd*dfde
RX # PAI1,TRAIN,741,1290
TX PAI1,TRAIN,742,4,bebfbd23be9dbe8a3ea43f0d3cbd3e25bdfabe07bde03d55*27cb
RX # PAI1,TRAIN,742,1289
TX PAI1,TRAIN,743,3,3ec2bdcf3e843e11bee7bedbbe2dbf0f3e2bbc953e213cab*2e12
RX # PAI1,TRAIN,743,1292
TX PAI1,TRAIN,744,4,3deb3d5dbde8bc35bd8a3ea03dd8be133e073dc3be78be16*1685
RX # PAI1,TRAIN,744,1287
TX PAI1,TRAIN,745,3,bec33ec53d293dec3b90be7abe38bdd73e443d60be34be45*bd5c
RX # PAI1,TRAIN,745,1288
TX PAI1,TRAIN,746,3,bf36be9cbc1fbed83efebe18be7bbe80bef4becc3edc3ef4*01bb
RX # PAI1,TRAIN,746,1287
TX PAI1,TRAIN,747,3,3e833e073ef73eb4bbcebeb3bf16beb9bea5bed6bc2dbebd*d47f
RX # PAI1,TRAIN,747,1289
TX PAI1,TRAIN,748,3,3dc9bbe13e253e21be6ebe66be47be3c3ed13e58bdeabdfe*8ceb
RX # PAI1,TRAIN,748,1287
TX PAI1,TRAIN,749,4,be883d953e6b3e2a3e863ed33e3abd243e503e1cbc90bd99*ed3f
RX # PAI1,TRAIN,749,1287
TX PAI1,TRAIN,750,4,be6e3f803eb73f2abdaebe58bdab3f053e233e1ebefebf43*752d
RX # PAI1,TRAIN,750,1288
TX PAI1,TRAIN,751,4,3ca23e393d513e1e3e963ecabdb8bda9bd4fbe1e3e14bd24*0d1a
RX # PAI1,TRAIN,751,1285
TX PAI1,TRAIN,752,4,bebfbd23be9dbe8a3ea43f0d3cbd3e25bdfabe07bde03d55*a837
RX # PAI1,TRAIN,752,1287
TX PAI1,TRAIN,753,3,3ea7be18bee9be483f06bef53d233ee63e553e413ef13f0b*8673
RX # PAI1,TRAIN,753,1286
TX PAI1,TRAIN,754,3,3f16be99be82be173e87be89be863ef7be9bbe553f1d3eff*fad6
RX # PAI1,TRAIN,754,1292
TX PAI1,TRAIN,755,4,bea9bd59bdc3bdb43e9f3efd3ea43e373e0c3e0fbe8fbde3*db73
RX # PAI1,TRAIN,755,1290
TX PAI1,TRAIN,756,4,3eca3f283ec43f09bf113cf0be36bdf63e9b3dcdbdd1becb*060a
RX # PAI1,TRAIN,756,1291
TX PAI1,TRAIN,757,3,3ec2bdcf3e843e11bee7bedbbe2dbf0f3e2bbc953e213cab*5ccf
RX # PAI1,TRAIN,757,1291
TX PAI1,TRAIN,758,3,3e72be013eb73e99bf04be9d3eef3f023f253f29be20bdde*170d
RX # PAI1,TRAIN,758,1292
TX PAI1,TRAIN,759,3,bf10bec4be95bed23ea7be993ddd3ca1bf1dbec53ed63eee*90b0
RX # PAI1,TRAIN,759,1290
TX PAI1,TRAIN,760,3,3e11bf09bf08bf1e3e91beabbec4bcfcbec2bebe3f163f3c*5957
RX # PAI1,TRAIN,760,1287
TX PAI1,TRAIN,761,4,3ef9bdf43ea23e7abf263e903d76bebc3ece3e8c3b8fbd92*0ae5
RX # PAI1,TRAIN,761,1286
TX PAI1,TRAIN,762,3,be22beb0bf2ebf10bccb3e8a3f753f383f073f81bf5d3ce7*5a35
RX # PAI1,TRAIN,762,1288
TX PAI1,TRAIN,763,3,bdf0bea2beb1becabeb3be183f163c91bedfbc81be643dac*ff56
RX # PAI1,TRAIN,763,1290
TX PAI1,TRAIN,764,3,be343d2a3ef53e80bd9abe94beabbea4be91bebbbc9dbe96*0590
RX # PAI1,TRAIN,764,1288
TX PAI1,TRAIN,765,4,3e0e3df63e373e19be903e52bd8abec8bdbcbe34bd35be3f*dbd8
RX # PAI1,TRAIN,765,1289
TX PAI1,TRAIN,766,4,3e79be0abec3be953e373ed33e5b3e4ebe61be12bde83d76*eba0
RX # PAI1,TRAIN,766,1286
TX PAI1,TRAIN,767,4,bdeb3e893e2b3e353d183ebdbe95be9abe43be823e12bdb2*c6fb
RX # PAI1,TRAIN,767,1287
TX PAI1,TRAIN,768,3,3f16be99be82be173e87be89be863ef7be9bbe553f1d3eff*6db1
RX # PAI1,TRAIN,768,1286
TX PAI1,TRAIN,769,4,be883d953e6b3e2a3e863ed33e3abd243e503e1cbc90bd99*e2e6
RX # PAI1,TRAIN,769,1290
TX PAI1,TRAIN,770,3,3e11bf09bf08bf1e3e91beabbec4bcfcbec2bebe3f163f3c*d6ab
RX # PAI1,TRAIN,770,1291
TX PAI1,TRAIN,771,3,bf10bec4be95bed23ea7be993ddd3ca1bf1dbec53ed63eee*750a
RX # PAI1,TRAIN,771,1287
TX PAI1,TRAIN,772,3,3dc9bbe13e253e21be6ebe66be47be3c3ed13e58bdeabdfe*102d
RX # PAI1,TRAIN,772,1292
TX PAI1,TRAIN,773,3,3e72be013eb73e99bf04be9d3eef3f023f253f29be20bdde*7f77
RX # PAI1,TRAIN,773,1287
TX PAI1,TRAIN,774,3,be22beb0bf2ebf10bccb3e8a3f753f383f073f81bf5d3ce7*de68
RX # PAI1,TRAIN,774,1291
TX PAI1,TRAIN,775,3,3ea7be18bee9be483f06bef53d233ee63e553e413ef13f0b*820b
RX # PAI1,TRAIN,775,1292
TX PAI1,TRAIN,776,4,3e79be0abec3be953e373ed33e5b3e4ebe61be12bde83d76*645c
RX # PAI1,TRAIN,776,1289
TX PAI1,TRAIN,777,4,3ca23e393d513e1e3e963ecabdb8bda9bd4fbe1e3e14bd24*0962
RX # PAI1,TRAIN,777,1289
TX PAI1,TRAIN,778,3,bdf0bea2beb1becabeb3be183f163c91bedfbc81be643dac*1709
RX # PAI1,TRAIN,778,1289
TX PAI1,TRAIN,779,4,bea9bd59bdc3bdb43e9f3efd3ea43e373e0c3e0fbe8fbde3*c3e8
RX # PAI1,TRAIN,779,1289
TX PAI1,TRAIN,780,4,3deb3d5dbde8bc35bd8a3ea03dd8be133e073dc3be78be16*cb72
RX # PAI1,TRAIN,780,1290
TX PAI1,TRAIN,781,4,bebfbd23be9dbe8a3ea43f0d3cbd3e25bdfabe07bde03d55*8add
RX # PAI1,TRAIN,781,1291
TX PAI1,TRAIN,782,3,bec33ec53d293dec3b90be7abe38bdd73e443d60be34be45*ed6b
RX # PAI1,TRAIN,782,1289
TX PAI1,TRAIN,783,3,3e833e073ef73eb4bbcebeb3bf16beb9bea5bed6bc2dbebd*0988
RX # PAI1,TRAIN,783,1292
TX PAI1,TRAIN,784,4,3e0e3df63e373e19be903e52bd8abec8bdbcbe34bd35be3f*8f97
RX # PAI1,TRAIN,784,1287
TX PAI1,TRAIN,785,4,bdeb3e893e2b3e353d183ebdbe95be9abe43be823e12bdb2*1f74
RX # PAI1,TRAIN,785,1290
TX PAI1,TRAIN,786,4,3ef9bdf43ea23e7abf263e903d76bebc3ece3e8c3b8fbd92*550b
RX # PAI1,TRAIN,786,1291
TX PAI1,TRAIN,787,3,be343d2a3ef53e80bd9abe94beabbea4be91bebbbc9dbe96*a75f
RX # PAI1,TRAIN,787,1290
TX PAI1,TRAIN,788,3,bf36be9cbc1fbed83efebe18be7bbe80bef4becc3edc3ef4*c0af
RX # PAI1,TRAIN,788,1292
TX PAI1,TRAIN,789,4,3eca3f283ec43f09bf113cf0be36bdf63e9b3dcdbdd1becb*33a2
RX # PAI1,TRAIN,789,1290
TX PAI1,TRAIN,790,3,3ec2bdcf3e843e11bee7bedbbe2dbf0f3e2bbc953e213cab*0cf8
RX # PAI1,TRAIN,790,1292
TX PAI1,TRAIN,791,4,be6e3f803eb73f2abdaebe58bdab3f053e233e1ebefebf43*2ebb
RX # PAI1,TRAIN,791,1288
TX PAI1,TRAIN,792,3,3e72be013eb73e99bf04be9d3eef3f023f253f29be20bdde*2b38
RX # PAI1,TRAIN,792,1290
TX PAI1,TRAIN,793,3,bf36be9cbc1fbed83efebe18be7bbe80bef4becc3edc3ef4*28f0
RX # PAI1,TRAIN,793,1288
TX PAI1,TRAIN,794,3,be22beb0bf2ebf10bccb3e8a3f753f383f073f81bf5d3ce7*f167
RX # PAI1,TRAIN,794,1293
TX PAI1,TRAIN,795,3,3dc9bbe13e253e21be6ebe66be47be3c3ed13e58bdeabdfe*4fc3
RX # PAI1,TRAIN,795,1292
TX PAI1,TRAIN,796,4,3e0e3df63e373e19be903e52bd8abec8bdbcbe34bd35be3f*f6eb
RX # PAI1,TRAIN,796,1292
TX PAI1,TRAIN,797,4,bdeb3e893e2b3e353d183ebdbe95be9abe43be823e12bdb2*6608
RX # PAI1,TRAIN,797,1288
TX PAI1,TRAIN,798,4,3e79be0abec3be953e373ed33e5b3e4ebe61be12bde83d76*aa91
RX # PAI1,TRAIN,798,1289
TX PAI1,TRAIN,799,3,bec33ec53d293dec3b90be7abe38bdd73e443d60be34be45*0534
RX # PAI1,TRAIN,799,1291
TX PAI1,TRAIN,800,3,3ec2bdcf3e843e11bee7bedbbe2dbf0f3e2bbc953e213cab*fa8a
RX # PAI1,TRAIN,800,1292
TX PAI1,TRAIN,801,3,bf10bec4be95bed23ea7be993ddd3ca1bf1dbec53ed63eee*ac77
RX # PAI1,TRAIN,801,1290
TX PAI1,TRAIN,802,4,bea9bd59bdc3bdb43e9f3efd3ea43e373e0c3e0fbe8fbde3*7d36
RX # PAI1,TRAIN,802,1290
TX PAI1,TRAIN,803,4,3ef9bdf43ea23e7abf263e903d76bebc3ece3e8c3b8fbd92*aae4
RX # PAI1,TRAIN,803,1291
TX PAI1,TRAIN,804,3,3e833e073ef73eb4bbcebeb3bf16beb9bea5bed6bc2dbebd*00e7
RX # PAI1,TRAIN,804,1290
TX PAI1,TRAIN,805,3,be343d2a3ef53e80bd9abe94beabbea4be91bebbbc9dbe96*2851
RX # PAI1,TRAIN,805,1291
TX PAI1,TRAIN,806,4,3eca3f283ec43f09bf113cf0be36bdf63e9b3dcdbdd1becb*d0ae
RX # PAI1,TRAIN,806,1287
TX PAI1,TRAIN,807,4,bebfbd23be9dbe8a3ea43f0d3cbd3e25bdfabe07bde03d55*f8f2
RX # PAI1,TRAIN,807,1289
TX PAI1,TRAIN,808,3,3e11bf09bf08bf1e3e91beabbec4bcfcbec2bebe3f163f3c*e5b5
RX # PAI1,TRAIN,808,1286
TX PAI1,TRAIN,809,4,be883d953e6b3e2a3e863ed33e3abd243e503e1cbc90bd99*b467
RX # PAI1,TRAIN,809,1288
TX PAI1,TRAIN,810,3,3f16be99be82be173e87be89be863ef7be9bbe553f1d3eff*5eaf
RX # PAI1,TRAIN,810,1288
TX PAI1,TRAIN,811,3,3ea7be18bee9be483f06bef53d233ee63e553e413ef13f0b*29ab
RX # PAI1,TRAIN,811,1287
TX PAI1,TRAIN,812,4,3ca23e393d513e1e3e963ecabdb8bda9bd4fbe1e3e14bd24*d982
RX # PAI1,TRAIN,812,1287
TX PAI1,TRAIN,813,4,be6e3f803eb73f2abdaebe58bdab3f053e233e1ebefebf43*a1b5
RX # PAI1,TRAIN,813,1292
TX PAI1,TRAIN,814,4,3deb3d5dbde8bc35bd8a3ea03dd8be133e073dc3be78be16*c021
RX # PAI1,TRAIN,814,1290
TX PAI1,TRAIN,815,3,bdf0bea2beb1becabeb3be183f163c91bedfbc81be643dac*2d8a
RX # PAI1,TRAIN,815,1288
TX PAI1,PREDICT,816,bf6bbd343d32bd823f3d3fcfbefabf48bf46bf4e3f443ebe*6e46
RX # PAI1,PREDICT,816,105,0000,0000,bf5a,3ff2
TX PAI1,PREDICT,817,bf48bea2be5dbed63eb33fe9bec5bf68bf20bf283e5d3e6e*6316
RX # PAI1,PREDICT,817,107,0000,0000,bf56,3fed
TX PAI1,PREDICT,818,bf8bbda1bf0bbef33f603fe0bf14bf38bf61bf673ec73ea5*3c96
RX # PAI1,PREDICT,818,107,0000,0000,bf49,3feb
TX PAI1,PREDICT,819,bf95befbbe5ebedf3f1f3fcebe05bf45bf9ebf703e223de7*2b97
RX # PAI1,PREDICT,819,106,0000,0000,bef0,3fc0
TX PAI1,PREDICT,820,bf99bea1bf0dbf3b3f7e400d3f863eb13bd13f28bfc5befa*bad3
RX # PAI1,PREDICT,820,106,0000,0000,bf80,4000
TX PAI1,PREDICT,821,bfc6be8bbf20bf333f8a40043f643eef3e663f3cbfb0beb5*2a50
RX # PAI1,PREDICT,821,104,0000,0000,bf4b,3fe5
TX PAI1,PREDICT,822,bfd2beafbf7cbf833faa40123fafbed440814057c0d1c04f*cff2
RX # PAI1,PREDICT,822,105,0000,0000,3f44,3e44
TX PAI1,PREDICT,823,be8a3e733f063eb23d0cbe9f3e72bea63e683e6cbdc8be6b*99f5
RX # PAI1,PREDICT,823,106,0000,0000,3f39,3e8e
TX PAI1,PREDICT,824,bd94bf23bf5bbf2d3f0fbec63fad3ed33c6a3f31bde73f12*a1d3
RX # PAI1,PREDICT,824,108,0000,0000,3fa3,be84
TX PAI1,PREDICT,825,bf123ddabeb1be4c3e84be00bed4be96beb2becbbe96be5c*ae6a
RX # PAI1,PREDICT,825,106,0000,0000,3f33,3e9c
TX PAI1,PREDICT,826,beb2bd393decbe07bdf1bdc2bed4bec3be4fbeaabef9bec6*d9be
RX # PAI1,PREDICT,826,106,0000,0000,3f28,3eac
TX PAI1,PREDICT,827,bf373d73be9cbe8f3ee73f143c343e863e003e31be8b3cfc*1d8f
RX # PAI1,PREDICT,827,106,0000,0000,3e0e,3f61
TX PAI1,PREDICT,828,bf55be4cbebdbed73ed13f14be843e1ebdc3bdecbebbbd1a*2a48
RX # PAI1,PREDICT,828,106,0000,0000,3e6a,3f45
TX PAI1,PREDICT,829,bed4be78bedebee43ddb3f193ea1bd34bdc33da1beeabcfa*ab1a
RX # PAI1,PREDICT,829,106,0000,0000,3e52,3f4c
TX PAI1,PREDICT,830,be84bd3bbe2bbe2a3e193ecd3d663f2b3df13e32bdeb3d9c*59b5
RX # PAI1,PREDICT,830,107,0000,0000,3e64,3f47
TX PAI1,INIT,831,12,32,1,1*a132
RX # PAI1,INIT,831,12,32,4
TX PAI1,TRAIN,832,4,3f1abdc63e9e3e8cbf313e693b83bec33ecc3e403e10bd0a*0685
RX # PAI1,TRAIN,832,1290
TX PAI1,TRAIN,833,3,3ebbbdd33eb03ea5bf0fbea63e9d3eea3f293f0bbceebd91*75e9
RX # PAI1,TRAIN,833,1290
TX PAI1,TRAIN,834,4,bdd7bcc9bdd0bdc73dcb3eae3a953f1c3dbb3dc53c713de9*4aa5
RX # PAI1,TRAIN,834,1289
TX PAI1,TRAIN,835,3,3d92bf1bbf2fbf0e3f00becc3f783ebbbca33f133c8a3f1c*9cf1
RX # PAI1,TRAIN,835,1289
TX PAI1,TRAIN,836,3,bdf13e813ef83ebcbc7abea73e0abeae3e563e173d07be44*9e0c
RX # PAI1,TRAIN,836,1288
TX PAI1,TRAIN,837,3,bf09be8e3d02bea73ee2be34be64be8abf0dbedd3f173f03*3889
RX # PAI1,TRAIN,837,1287
TX PAI1,TRAIN,838,3,3e8dbf01bed2bf013e6ebeb3bea7bd70bee3bed03f423f45*145c
RX # PAI1,TRAIN,838,1288
TX PAI1,TRAIN,839,3,3ee6be00beb1bdfc3ef1bef9bc353ecd3e423de13f223f14*f875
RX # PAI1,TRAIN,839,1290
TX PAI1,TRAIN,840,3,3e6f3c5d3e353e47be8fbe7dbe3ebe523ecf3e053c76bdb1*4b8a
RX # PAI1,TRAIN,840,1288
TX PAI1,TRAIN,841,3,bc31bea3bf09bee9bd973e5f3f2c3f283f093f5ebf473d86*d47c
RX # PAI1,TRAIN,841,1289
TX PAI1,TRAIN,842,4,3f043f2a3ebb3f09bf1cbc0cbe31be133e963ce83ce8beb8*c6e4
RX # PAI1,TRAIN,842,1289
TX PAI1,TRAIN,843,3,3ce9be95be81be9bbecabe333ecbbc47bf01bda1bdcc3df9*8eae
RX # PAI1,TRAIN,843,1287
TX PAI1,TRAIN,844,4,3e7f3d95bd663d30bdee3e843d1abe2b3ddc3cc4bdf6bddf*dbac
RX # PAI1,TRAIN,844,1290
TX PAI1,TRAIN,845,4,be33bd02bd28bcd83e843edb3e4a3e123de73d84be23bd96*3e51
RX # PAI1,TRAIN,845,1290
TX PAI1,TRAIN,846,4,bf0a3da1be5fbe4c3ecc3f02bd053e643dcc3dc3be1b3d8b*365f
RX # PAI1,TRAIN,846,1288
TX PAI1,TRAIN,847,4,bf26be33be8cbea73eb63f02be6e3df3be0dbe2ebe80b954*8db0
RX # PAI1,TRAIN,847,1288
TX PAI1,TRAIN,848,4,3cfe3e913e3a3e5abc4d3e9fbe84bea2be76be993e93bd4c*a0da
RX # PAI1,TRAIN,848,1288
TX PAI1,TRAIN,849,4,bde63dbb3e703e503e563eb43dc2bd8a3e3c3d9c3df1bd18*887f
RX # PAI1,TRAIN,849,1289
TX PAI1,TRAIN,850,4,bda63f803eb03f27be08be70bdd33ef03e0c3da0bec7bf3a*0358
RX # PAI1,TRAIN,850,1291
TX PAI1,TRAIN,851,3,bcdf3d7a3ee43e8fbdfebe9ebe94beacbeafbecd3dedbe82*74bd
RX # PAI1,TRAIN,851,1288
TX PAI1,TRAIN,852,3,becf3dffbe81be023e54be1dbeb2be9ebed2bedcbe31be36*5071
RX # PAI1,TRAIN,852,1289
TX PAI1,TRAIN,853,3,3ec43e193ee63ebebd63bebabef5bec0bec4bee63e00bea9*ebb6
RX # PAI1,TRAIN,853,1288
TX PAI1,TRAIN,854,4,be82be5fbea8beb23d683f073e47bd92be0d3c09beb13be1*8bd9
RX # PAI1,TRAIN,854,1289
TX PAI1,TRAIN,855,3,be43bcc43e0dbd87be29be00beb2becabe81bebdbec1beb2*d049
RX # PAI1,TRAIN,855,1289
TX PAI1,TRAIN,856,4,3e7f3d95bd663d30bdee3e843d1abe2b3ddc3cc4bdf6bddf*a2d0
RX # PAI1,TRAIN,856,1289
TX PAI1,TRAIN,857,3,becf3dffbe81be023e54be1dbeb2be9ebed2bedcbe31be36*d610
RX # PAI1,TRAIN,857,1289
TX PAI1,TRAIN,858,3,bf09be8e3d02bea73ee2be34be64be8abf0dbedd3f173f03*b260
RX # PAI1,TRAIN,858,1290
TX PAI1,TRAIN,859,3,3ec43e193ee63ebebd63bebabef5bec0bec4bee63e00bea9*f755
RX # PAI1,TRAIN,859,1290
TX PAI1,TRAIN,860,3,3e6f3c5d3e353e47be8fbe7dbe3ebe523ecf3e053c76bdb1*4453
RX # PAI1,TRAIN,860,1289
TX PAI1,TRAIN,861,4,bde63dbb3e703e503e563eb43dc2bd8a3e3c3d9c3df1bd18*6dc5
RX # PAI1,TRAIN,861,1292
TX PAI1,TRAIN,862,4,bda63f803eb03f27be08be70bdd33ef03e0c3da0bec7bf3a*75fd
RX # PAI1,TRAIN,862,1291
TX PAI1,TRAIN,863,4,bdd7bcc9bdd0bdc73dcb3eae3a953f1c3dbb3dc53c713de9*aa0a
RX # PAI1,TRAIN,863,1289
TX PAI1,TRAIN,864,4,be82be5fbea8beb23d683f073e47bd92be0d3c09beb13be1*0bfc
RX # PAI1,TRAIN,864,1289
TX PAI1,TRAIN,865,3,3ee6be00beb1bdfc3ef1bef9bc353ecd3e423de13f223f14*7f79
RX # PAI1,TRAIN,865,1290
TX PAI1,TRAIN,866,3,3d92bf1bbf2fbf0e3f00becc3f783ebbbca33f133c8a3f1c*817f
RX # PAI1,TRAIN,866,1289
TX PAI1,TRAIN,867,4,be33bd02bd28bcd83e843edb3e4a3e123de73d84be23bd96*c708
RX # PAI1,TRAIN,867,1290
TX PAI1,TRAIN,868,4,3f043f2a3ebb3f09bf1cbc0cbe31be133e963ce83ce8beb8*d5de
RX # PAI1,TRAIN,868,1289
TX PAI1,TRAIN,869,3,be43bcc43e0dbd87be29be00beb2becabe81bebdbec1beb2*472e
RX # PAI1,TRAIN,869,1289
TX PAI1,TRAIN,870,3,3ebbbdd33eb03ea5bf0fbea63e9d3eea3f293f0bbceebd91*e79b
RX # PAI1,TRAIN,870,1288
TX PAI1,TRAIN,871,3,bdf13e813ef83ebcbc7abea73e0abeae3e563e173d07be44*f15f
RX # PAI1,TRAIN,871,1292
TX PAI1,TRAIN,872,3,3e8dbf01bed2bf013e6ebeb3bea7bd70bee3bed03f423f45*170d
RX # PAI1,TRAIN,872,1291
TX PAI1,TRAIN,873,4,3f1abdc63e9e3e8cbf313e693b83bec33ecc3e403e10bd0a*6277
RX # PAI1,TRAIN,873,1289
TX PAI1,TRAIN,874,3,bc31bea3bf09bee9bd973e5f3f2c3f283f093f5ebf473d86*d238
RX # PAI1,TRAIN,874,1290
TX PAI1,TRAIN,875,3,3ce9be95be81be9bbecabe333ecbbc47bf01bda1bdcc3df9*052a
RX # PAI1,TRAIN,875,1290
TX PAI1,TRAIN,876,3,bcdf3d7a3ee43e8fbdfebe9ebe94beacbeafbecd3dedbe82*0b85
RX # PAI1,TRAIN,876,1289
TX PAI1,TRAIN,877,4,bf0a3da1be5fbe4c3ecc3f02bd053e643dcc3dc3be1b3d8b*cd3a
RX # PAI1,TRAIN,877,1290
TX PAI1,TRAIN,878,4,bf26be33be8cbea73eb63f02be6e3df3be0dbe2ebe80b954*9717
RX # PAI1,TRAIN,878,1291
TX PAI1,TRAIN,879,4,3cfe3e913e3a3e5abc4d3e9fbe84bea2be76be993e93bd4c*5bbf
RX # PAI1,TRAIN,879,1293
TX PAI1,TRAIN,880,3,3d92bf1bbf2fbf0e3f00becc3f783ebbbca33f133c8a3f1c*a5d1
RX # PAI1,TRAIN,880,1291
TX PAI1,TRAIN,881,4,bde63dbb3e703e503e563eb43dc2bd8a3e3c3d9c3df1bd18*42ca
RX # PAI1,TRAIN,881,1290
TX PAI1,TRAIN,882,3,3e8dbf01bed2bf013e6ebeb3bea7bd70bee3bed03f423f45*b7fe
RX # PAI1,TRAIN,882,1291
TX PAI1,TRAIN,883,3,bdf13e813ef83ebcbc7abea73e0abeae3e563e173d07be44*a72c
RX # PAI1,TRAIN,883,1290
TX PAI1,TRAIN,884,3,3e6f3c5d3e353e47be8fbe7dbe3ebe523ecf3e053c76bdb1*967d
RX # PAI1,TRAIN,884,1287
TX PAI1,TRAIN,885,3,3ebbbdd33eb03ea5bf0fbea63e9d3eea3f293f0bbceebd91*c109
RX # PAI1,TRAIN,885,1289
TX PAI1,TRAIN,886,3,bc31bea3bf09bee9bd973e5f3f2c3f283f093f5ebf473d86*844b
RX # PAI1,TRAIN,886,1293
TX PAI1,TRAIN,887,3,3ee6be00beb1bdfc3ef1bef9bc353ecd3e423de13f223f14*a6f6
RX # PAI1,TRAIN,887,1292
TX PAI1,TRAIN,888,4,bf26be33be8cbea73eb63f02be6e3df3be0dbe2ebe80b954*37e4
RX # PAI1,TRAIN,888,1290
TX PAI1,TRAIN,889,4,bdd7bcc9bdd0bdc73dcb3eae3a953f1c3dbb3dc53c713de9*99e6
RX # PAI1,TRAIN,889,1290
TX PAI1,TRAIN,890,3,3ce9be95be81be9bbecabe333ecbbc47bf01bda1bdcc3df9*ac44
RX # PAI1,TRAIN,890,1291
TX PAI1,TRAIN,891,4,be33bd02bd28bcd83e843edb3e4a3e123de73d84be23bd96*6c5a
RX # PAI1,TRAIN,891,1292
TX PAI1,TRAIN,892,4,3e7f3d95bd663d30bdee3e843d1abe2b3ddc3cc4bdf6bddf*7f27
RX # PAI1,TRAIN,892,1290
TX PAI1,TRAIN,893,4,be82be5fbea8beb23d683f073e47bd92be0d3c09beb13be1*dbee
RX # PAI1,TRAIN,893,1289
TX PAI1,TRAIN,894,3,becf3dffbe81be023e54be1dbeb2be9ebed2bedcbe31be36*7b06
RX # PAI1,TRAIN,894,1293
TX PAI1,TRAIN,895,3,3ec43e193ee63ebebd63bebabef5bec0bec4bee63e00bea9*c0c1
RX # PAI1,TRAIN,895,1290
TX PAI1,TRAIN,896,4,bf0a3da1be5fbe4c3ecc3f02bd053e643dcc3dc3be1b3d8b*9975
RX # PAI1,TRAIN,896,1290
TX PAI1,TRAIN,897,4,3cfe3e913e3a3e5abc4d3e9fbe84bea2be76be993e93bd4c*9572
RX # PAI1,TRAIN,897,1292
TX PAI1,TRAIN,898,4,3f1abdc63e9e3e8cbf313e693b83bec33ecc3e403e10bd0a*2adb
RX # PAI1,TRAIN,898,1285
TX PAI1,TRAIN,899,3,bcdf3d7a3ee43e8fbdfebe9ebe94beacbeafbecd3dedbe82*be08
RX # PAI1,TRAIN,899,1291
TX PAI1,TRAIN,900,3,bf09be8e3d02bea73ee2be34be64be8abf0dbedd3f173f03*542a
RX # PAI1,TRAIN,900,1292
TX PAI1,TRAIN,901,4,3f043f2a3ebb3f09bf1cbc0cbe31be133e963ce83ce8beb8*c8f1
RX # PAI1,TRAIN,901,1288
TX PAI1,TRAIN,902,3,be43bcc43e0dbd87be29be00beb2becabe81bebdbec1beb2*ac81
RX # PAI1,TRAIN,902,1291
TX PAI1,TRAIN,903,4,bda63f803eb03f27be08be70bdd33ef03e0c3da0bec7bf3a*82b1
RX # PAI1,TRAIN,903,1289
TX PAI1,TRAIN,904,3,3ebbbdd33eb03ea5bf0fbea63e9d3eea3f293f0bbceebd91*194a
RX # PAI1,TRAIN,904,1291
TX PAI1,TRAIN,905,3,bf09be8e3d02bea73ee2be34be64be8abf0dbedd3f173f03*d24b
RX # PAI1,TRAIN,905,1289
TX PAI1,TRAIN,906,3,bc31bea3bf09bee9bd973e5f3f2c3f283f093f5ebf473d86*2748
RX # PAI1,TRAIN,906,1289
TX PAI1,TRAIN,907,3,3e6f3c5d3e353e47be8fbe7dbe3ebe523ecf3e053c76bdb1*b8be
RX # PAI1,TRAIN,907,1290
TX PAI1,TRAIN,908,4,bf0a3da1be5fbe4c3ecc3f02bd053e643dcc3dc3be1b3d8b*5448
RX # PAI1,TRAIN,908,1290
TX PAI1,TRAIN,909,4,3cfe3e913e3a3e5abc4d3e9fbe84bea2be76be993e93bd4c*584f
RX # PAI1,TRAIN,909,1291
TX PAI1,TRAIN,910,4,bf26be33be8cbea73eb63f02be6e3df3be0dbe2ebe80b954*f178
RX # PAI1,TRAIN,910,1289
TX PAI1,TRAIN,911,3,becf3dffbe81be023e54be1dbeb2be9ebed2bedcbe31be36*5e64
RX # PAI1,TRAIN,911,1290
TX PAI1,TRAIN,912,3,be43bcc43e0dbd87be29be00beb2becabe81bebdbec1beb2*237d
RX # PAI1,TRAIN,912,1291
TX PAI1,TRAIN,913,3,bdf13e813ef83ebcbc7abea73e0abeae3e563e173d07be44*8bd3
RX # PAI1,TRAIN,913,1291
TX PAI1,TRAIN,914,4,be33bd02bd28bcd83e843edb3e4a3e123de73d84be23bd96*4938
RX # PAI1,TRAIN,914,1290
TX PAI1,TRAIN,915,4,3f1abdc63e9e3e8cbf313e693b83bec33ecc3e403e10bd0a*e5da
RX # PAI1,TRAIN,915,1289
TX PAI1,TRAIN,916,3,3ec43e193ee63ebebd63bebabef5bec0bec4bee63e00bea9*ee02
RX # PAI1,TRAIN,916,1289
TX PAI1,TRAIN,917,3,bcdf3d7a3ee43e8fbdfebe9ebe94beacbeafbecd3dedbe82*fcc9
RX # PAI1,TRAIN,917,1293
TX PAI1,TRAIN,918,4,3f043f2a3ebb3f09bf1cbc0cbe31be133e963ce83ce8beb8*d62e
RX # PAI1,TRAIN,918,1285
TX PAI1,TRAIN,919,4,be82be5fbea8beb23d683f073e47bd92be0d3c09beb13be1*640e
RX # PAI1,TRAIN,919,1292
TX PAI1,TRAIN,920,3,3e8dbf01bed2bf013e6ebeb3bea7bd70bee3bed03f423f45*eda4
RX # PAI1,TRAIN,920,1291
TX PAI1,TRAIN,921,4,bde63dbb3e703e503e563eb43dc2bd8a3e3c3d9c3df1bd18*ee10
RX # PAI1,TRAIN,921,1293
TX PAI1,TRAIN,922,3,3d92bf1bbf2fbf0e3f00becc3f783ebbbca33f133c8a3f1c*ff8b
RX # PAI1,TRAIN,922,1292
TX PAI1,TRAIN,923,3,3ee6be00beb1bdfc3ef1bef9bc353ecd3e423de13f223f14*f70d
RX # PAI1,TRAIN,923,1286
TX PAI1,TRAIN,924,4,bdd7bcc9bdd0bdc73dcb3eae3a953f1c3dbb3dc53c713de9*593e
RX # PAI1,TRAIN,924,1291
TX PAI1,TRAIN,925,4,bda63f803eb03f27be08be70bdd33ef03e0c3da0bec7bf3a*86c9
RX # PAI1,TRAIN,925,1292
TX PAI1,TRAIN,926,4,3e7f3d95bd663d30bdee3e843d1abe2b3ddc3cc4bdf6bddf*a120
RX # PAI1,TRAIN,926,1290
TX PAI1,TRAIN,927,3,3ce9be95be81be9bbecabe333ecbbc47bf01bda1bdcc3df9*ff83
RX # PAI1,TRAIN,927,1291
TX PAI1,PREDICT,928,bf44beb63d68bdf33ec73fb3bebabf46bf97bf773f4b3ea7*bfb2
RX # PAI1,PREDICT,928,108,0000,0000,bf0a,3fc7
TX PAI1,PREDICT,929,bec0be633e03bd873deb3f9abf07bf7ebf9fbf883f5f3e9f*d5f2
RX # PAI1,PREDICT,929,106,0000,0000,bed2,3fb6
TX PAI1,PREDICT,930,be9cbece3dfdbdb43e3a3f6fbf09bf17bfb4bf923f633ea0*3484
RX # PAI1,PREDICT,930,107,0000,0000,be6c,3f9d
TX PAI1,PREDICT,931,bf50be5cbdffbe483f1d3f95bf19bf60bfa1bf8b3f303e88*e25b
RX # PAI1,PREDICT,931,105,0000,0000,beb8,3fb0
TX PAI1,PREDICT,932,bf293d8f3c9c3db23ee53f953f9f3f1040044003bf68bc93*a406
RX # PAI1,PREDICT,932,108,0000,0000,be92,3fa2
TX PAI1,PREDICT,933,3f97beb4befa3d863e2a40023f813f813fe93fd0bf79be47*9d86
RX # PAI1,PREDICT,933,107,0000,0000,bf9e,4010
TX PAI1,PREDICT,934,3fc5beaebf77bec93f6040083f253f463f4e3f5ebfa8beb8*bc9b
RX # PAI1,PREDICT,934,109,0000,0000,bfb8,401b
TX PAI1,PREDICT,935,becabeb6be53bea33e8cbea23d22bc2abf33bed63f143f00*0f0c
RX # PAI1,PREDICT,935,106,0000,0000,3f86,bd58
TX PAI1,PREDICT,936,3f33be8cbe34bda43e5abe93be723eddbeb9be833f493f08*f43f
RX # PAI1,PREDICT,936,107,0000,0000,3f23,3eb7
TX PAI1,PREDICT,937,be643ecb3d993e21bd37be88be33be053e30bc5fbd4dbe1e*291f
RX # PAI1,PREDICT,937,107,0000,0000,3f37,3e99
TX PAI1,PREDICT,938,3f00bda13e843e39befdbee0be2bbf103e15bda53e9b3d6e*ef2b
RX # PAI1,PREDICT,938,105,0000,0000,3f81,bd3a
TX PAI1,PREDICT,939,3e8b3e0d3e453e40bea73e20bdbabecebe0abe683db7be18*e144
RX # PAI1,PREDICT,939,105,0000,0000,3e9a,3f32
TX PAI1,PREDICT,940,3ebebde5be91be573e033eb43df33e27be8bbe483c843dc7*c259
RX # PAI1,PREDICT,940,106,0000,0000,3d85,3f6e
TX PAI1,PREDICT,941,be5dbc99be61be433e893ef6bcc13dffbe2bbe3e3ca53db7*e80b
RX # PAI1,PREDICT,941,107,0000,0000,3bd0,3f7f
TX PAI1,PREDICT,942,3e233e4b3daa3e453e773eabbddcbdddbdb8be533e94bb2b*b74d
RX # PAI1,PREDICT,942,108,0000,0000,bce8,3f86
TX PAI1,INIT,943,12,32,1,1*4ca9
RX # PAI1,INIT,943,12,32,4
TX PAI1,TRAIN,944,4,3f08bdc23eba3eb6bf3f3e40b9d5bebc3f043e863ddcbd9f*347e
RX # PAI1,TRAIN,944,1292
TX PAI1,TRAIN,945,3,be4cb98f3e3cbd3cbe4cbe19bec0bec3be60beb6bedbbeee*b087
RX # PAI1,TRAIN,945,1290
TX PAI1,TRAIN,946,4,bdf6ba8bbd8fbdaa3d983e97bb623f223e2e3e25bcba3dd5*0940
RX # PAI1,TRAIN,946,1291
TX PAI1,TRAIN,947,3,bec7bedcbe39beb03e83beaa3d193bbebf38bed23f0f3f15*e915
RX # PAI1,TRAIN,947,1292
TX PAI1,TRAIN,948,3,be073eb83f0c3eefbd34beaf3e0fbea73e9b3e5fbb81be8b*4966
RX # PAI1,TRAIN,948,1290
TX PAI1,TRAIN,949,3,bd463de13f023eb9be20bea6bea0bea6bea3bec73da7beb3*97e3
RX # PAI1,TRAIN,949,1292
TX PAI1,TRAIN,950,3,be6a3f0c3def3e5fbd99be91be43bdeb3e853d20bdb7be67*8809
RX # PAI1,TRAIN,950,1286
TX PAI1,TRAIN,951,3,3ec9be07bea8bde93eebbefdbc863ed83e8f3e343f1e3f2d*2dfb
RX # PAI1,TRAIN,951,1294
TX PAI1,TRAIN,952,3,3ee1bd923e9f3e7cbf0abee5be3abf0d3e6cbd103e8c3d11*54d2
RX # PAI1,TRAIN,952,1288
TX PAI1,TRAIN,953,4,3dfc3e933e003e853e623e94bdf4bdbebd0cbe323e85bd21*6bdd
RX # PAI1,TRAIN,953,1293
TX PAI1,TRAIN,954,4,3ee83f653ed93f2bbf29bd1bbe41be043ecb3dafbc0ebef5*1fff
RX # PAI1,TRAIN,954,1292
TX PAI1,TRAIN,955,3,3f1fbea6be18bd803e45be9cbe833ee7beafbe6b3f463f1f*b08d
RX # PAI1,TRAIN,955,1288
TX PAI1,TRAIN,956,3,bd08bec3bf08bf01bdd63e373f363f2e3f2c3f82bf583d36*a7b0
RX # PAI1,TRAIN,956,1292
TX PAI1,TRAIN,957,4,be643bd6be47be463e7e3edcbcf33e11bdf8be1bbc8c3d97*8696
RX # PAI1,TRAIN,957,1293
TX PAI1,TRAIN,958,4,be3dbc2bbbbd3a553e763ec23e523e243e473e00be4fbe01*e09b
RX # PAI1,TRAIN,958,1285
TX PAI1,TRAIN,959,4,bf053e08be46be513ec43eeabd213e773e373e24be473d43*ef3e
RX # PAI1,TRAIN,959,1287
TX PAI1,TRAIN,960,4,bf1fbe4abe81beb53ead3eeabe813e0bbdb5be09be97bd14*7ff5
RX # PAI1,TRAIN,960,1288
TX PAI1,TRAIN,961,4,3e693e573e773e82bebb3df6bdcfbec8bdaebe493d5fbe60*6cba
RX # PAI1,TRAIN,961,1286
TX PAI1,TRAIN,962,4,be023e193e923e8b3e413e9c3dc5bd543e8c3e0e3dabbda7*d864
RX # PAI1,TRAIN,962,1288
TX PAI1,TRAIN,963,4,3ea4bdeabe86be5e3dd53e9d3df93e3abe76be26bcae3dab*6c72
RX # PAI1,TRAIN,963,1292
TX PAI1,TRAIN,964,3,3ea93e663f033ef1bdafbec1bf03beb9bebabee33dbabee3*9503
RX # PAI1,TRAIN,964,1286
TX PAI1,TRAIN,965,3,3d2dbf41bf30bf203efcbed23f833ec63d363f30bca83f37*22a1
RX # PAI1,TRAIN,965,1292
TX PAI1,TRAIN,966,3,3b3dbeb2be6cbea7bedfbe4a3ed63b84bf00bd06be103de8*14ca
RX # PAI1,TRAIN,966,1292
TX PAI1,TRAIN,967,4,be84be81be9ebec33cf83ef33e4fbd64bdb63d82becbbce2*a1b0
RX # PAI1,TRAIN,967,1289
TX PAI1,TRAIN,968,3,becb3e45be6bbdf23e3ebe35bec0be97becbbed8be5ebe82*3602
RX # PAI1,TRAIN,968,1289
TX PAI1,TRAIN,969,3,3b3dbeb2be6cbea7bedfbe4a3ed63b84bf00bd06be103de8*8e48
RX # PAI1,TRAIN,969,1287
TX PAI1,TRAIN,970,3,becb3e45be6bbdf23e3ebe35bec0be97becbbed8be5ebe82*539d
RX # PAI1,TRAIN,970,1293
TX PAI1,TRAIN,971,3,bd463de13f023eb9be20bea6bea0bea6bea3bec73da7beb3*fda5
RX # PAI1,TRAIN,971,1291
TX PAI1,TRAIN,972,3,3ee1bd923e9f3e7cbf0abee5be3abf0d3e6cbd103e8c3d11*5b0b
RX # PAI1,TRAIN,972,1292
TX PAI1,TRAIN,973,3,bec7bedcbe39beb03e83beaa3d193bbebf38bed23f0f3f15*9411
RX # PAI1,TRAIN,973,1291
TX PAI1,TRAIN,974,4,be643bd6be47be463e7e3edcbcf33e11bdf8be1bbc8c3d97*048f
RX # PAI1,TRAIN,974,1290
TX PAI1,TRAIN,975,3,3ec9be07bea8bde93eebbefdbc863ed83e8f3e343f1e3f2d*df03
RX # PAI1,TRAIN,975,1290
TX PAI1,TRAIN,976,4,be023e193e923e8b3e413e9c3dc5bd543e8c3e0e3dabbda7*aab9
RX # PAI1,TRAIN,976,1290
TX PAI1,TRAIN,977,4,3ea4bdeabe86be5e3dd53e9d3df93e3abe76be26bcae3dab*1eaf
RX # PAI1,TRAIN,977,1289
TX PAI1,TRAIN,978,4,bdf6ba8bbd8fbdaa3d983e97bb623f223e2e3e25bcba3dd5*68a7
RX # PAI1,TRAIN,978,1290
TX PAI1,TRAIN,979,4,be84be81be9ebec33cf83ef33e4fbd64bdb63d82becbbce2*cf8e
RX # PAI1,TRAIN,979,1292
TX PAI1,TRAIN,980,3,be073eb83f0c3eefbd34beaf3e0fbea73e9b3e5fbb81be8b*83d3
RX # PAI1,TRAIN,980,1292
TX PAI1,TRAIN,981,3,3d2dbf41bf30bf203efcbed23f833ec63d363f30bca83f37*f08f
RX # PAI1,TRAIN,981,1290
TX PAI1,TRAIN,982,4,be3dbc2bbbbd3a553e763ec23e523e243e473e00be4fbe01*5352
RX # PAI1,TRAIN,982,1293
TX PAI1,TRAIN,983,4,3ee83f653ed93f2bbf29bd1bbe41be043ecb3dafbc0ebef5*c034
RX # PAI1,TRAIN,983,1291
TX PAI1,TRAIN,984,3,be4cb98f3e3cbd3cbe4cbe19bec0bec3be60beb6bedbbeee*eb11
RX # PAI1,TRAIN,984,1290
TX PAI1,TRAIN,985,3,3f1fbea6be18bd803e45be9cbe833ee7beafbe6b3f463f1f*1fa7
RX # PAI1,TRAIN,985,1292
TX PAI1,TRAIN,986,3,be6a3f0c3def3e5fbd99be91be43bdeb3e853d20bdb7be67*2c82
RX # PAI1,TRAIN,986,1289
TX PAI1,TRAIN,987,4,3f08bdc23eba3eb6bf3f3e40b9d5bebc3f043e863ddcbd9f*9968
RX # PAI1,TRAIN,987,1290
TX PAI1,TRAIN,988,4,3dfc3e933e003e853e623e94bdf4bdbebd0cbe323e85bd21*a354
RX # PAI1,TRAIN,988,1291
TX PAI1,TRAIN,989,3,bd08bec3bf08bf01bdd63e373f363f2e3f2c3f82bf583d36*9218
RX # PAI1,TRAIN,989,1288
TX PAI1,TRAIN,990,3,3ea93e663f033ef1bdafbec1bf03beb9bebabee33dbabee3*c8d1
RX # PAI1,TRAIN,990,1293
TX PAI1,TRAIN,991,4,bf053e08be46be513ec43eeabd213e773e373e24be473d43*258b
RX # PAI1,TRAIN,991,1291
TX PAI1,TRAIN,992,4,bf1fbe4abe81beb53ead3eeabe813e0bbdb5be09be97bd14*2986
RX # PAI1,TRAIN,992,1287
TX PAI1,TRAIN,993,4,3e693e573e773e82bebb3df6bdcfbec8bdaebe493d5fbe60*3ac9
RX # PAI1,TRAIN,993,1290
TX PAI1,TRAIN,994,3,3d2dbf41bf30bf203efcbed23f833ec63d363f30bca83f37*f912
RX # PAI1,TRAIN,994,1292
TX PAI1,TRAIN,995,3,3f1fbea6be18bd803e45be9cbe833ee7beafbe6b3f463f1f*905b
RX # PAI1,TRAIN,995,1293
TX PAI1,TRAIN,996,4,3dfc3e933e003e853e623e94bdf4bdbebd0cbe323e85bd21*cd6a
RX # PAI1,TRAIN,996,1292
TX PAI1,TRAIN,997,4,be023e193e923e8b3e413e9c3dc5bd543e8c3e0e3dabbda7*fef6
RX # PAI1,TRAIN,997,1288
TX PAI1,TRAIN,998,3,3ec9be07bea8bde93eebbefdbc863ed83e8f3e343f1e3f2d*9c0e
RX # PAI1,TRAIN,998,1292
TX PAI1,TRAIN,999,3,bec7bedcbe39beb03e83beaa3d193bbebf38bed23f0f3f15*a7fd
RX # PAI1,TRAIN,999,1292
TX PAI1,TRAIN,1000,3,3ee1bd923e9f3e7cbf0abee5be3abf0d3e6cbd103e8c3d11*6b22
RX # PAI1,TRAIN,1000,1292
TX PAI1,TRAIN,1001,3,be6a3f0c3def3e5fbd99be91be43bdeb3e853d20bdb7be67*3a39
RX # PAI1,TRAIN,1001,1292
TX PAI1,TRAIN,1002,3,bd08bec3bf08bf01bdd63e373f363f2e3f2c3f82bf583d36*93e1
RX # PAI1,TRAIN,1002,1293
TX PAI1,TRAIN,1003,4,bf1fbe4abe81beb53ead3eeabe813e0bbdb5be09be97bd14*bb60
RX # PAI1,TRAIN,1003,1292
TX PAI1,TRAIN,1004,4,bdf6ba8bbd8fbdaa3d983e97bb623f223e2e3e25bcba3dd5*b94c
RX # PAI1,TRAIN,1004,1286
TX PAI1,TRAIN,1005,3,be073eb83f0c3eefbd34beaf3e0fbea73e9b3e5fbb81be8b*63e8
RX # PAI1,TRAIN,1005,1286
TX PAI1,TRAIN,1006,4,be3dbc2bbbbd3a553e763ec23e523e243e473e00be4fbe01*c829
RX # PAI1,TRAIN,1006,1291
TX PAI1,TRAIN,1007,4,be643bd6be47be463e7e3edcbcf33e11bdf8be1bbc8c3d97*4fe6
RX # PAI1,TRAIN,1007,1289
TX PAI1,TRAIN,1008,4,be84be81be9ebec33cf83ef33e4fbd64bdb63d82becbbce2*7267
RX # PAI1,TRAIN,1008,1288
TX PAI1,TRAIN,1009,3,bd463de13f023eb9be20bea6bea0bea6bea3bec73da7beb3*d16f
RX # PAI1,TRAIN,1009,1292
TX PAI1,TRAIN,1010,3,be4cb98f3e3cbd3cbe4cbe19bec0bec3be60beb6bedbbeee*ff96
RX # PAI1,TRAIN,1010,1292
TX PAI1,TRAIN,1011,3,3b3dbeb2be6cbea7bedfbe4a3ed63b84bf00bd06be103de8*a282
RX # PAI1,TRAIN,1011,1289
TX PAI1,TRAIN,1012,4,bf053e08be46be513ec43eeabd213e773e373e24be473d43*ce11
RX # PAI1,TRAIN,1012,1292
TX PAI1,TRAIN,1013,4,3e693e573e773e82bebb3df6bdcfbec8bdaebe493d5fbe60*5c93
RX # PAI1,TRAIN,1013,1288
TX PAI1,TRAIN,1014,4,3f08bdc23eba3eb6bf3f3e40b9d5bebc3f043e863ddcbd9f*fd0e
RX # PAI1,TRAIN,1014,1286
TX PAI1,TRAIN,1015,3,3ea93e663f033ef1bdafbec1bf03beb9bebabee33dbabee3*28ea
RX # PAI1,TRAIN,1015,1289
TX PAI1,TRAIN,1016,4,3ea4bdeabe86be5e3dd53e9d3df93e3abe76be26bcae3dab*2cba
RX # PAI1,TRAIN,1016,1285
TX PAI1,TRAIN,1017,4,3ee83f653ed93f2bbf29bd1bbe41be043ecb3dafbc0ebef5*d4b3
RX # PAI1,TRAIN,1017,1288
TX PAI1,TRAIN,1018,3,becb3e45be6bbdf23e3ebe35bec0be97becbbed8be5ebe82*f0ab
RX # PAI1,TRAIN,1018,1293
TX PAI1,TRAIN,1019,3,be4cb98f3e3cbd3cbe4cbe19bec0bec3be60beb6bedbbeee*6eb5
RX # PAI1,TRAIN,1019,1292
TX PAI1,TRAIN,1020,4,3e693e573e773e82bebb3df6bdcfbec8bdaebe493d5fbe60*5176
RX # PAI1,TRAIN,1020,1286
TX PAI1,TRAIN,1021,4,3dfc3e933e003e853e623e94bdf4bdbebd0cbe323e85bd21*5bf4
RX # PAI1,TRAIN,1021,1292
TX PAI1,TRAIN,1022,3,3d2dbf41bf30bf203efcbed23f833ec63d363f30bca83f37*14cc
RX # PAI1,TRAIN,1022,1291
TX PAI1,TRAIN,1023,3,3ec9be07bea8bde93eebbefdbc863ed83e8f3e343f1e3f2d*1dd2
RX # PAI1,TRAIN,1023,1289
TX PAI1,TRAIN,1024,4,3ee83f653ed93f2bbf29bd1bbe41be043ecb3dafbc0ebef5*d956
RX # PAI1,TRAIN,1024,1288
TX PAI1,TRAIN,1025,3,bec7bedcbe39beb03e83beaa3d193bbebf38bed23f0f3f15*56c0
RX # PAI1,TRAIN,1025,1292
TX PAI1,TRAIN,1026,3,be6a3f0c3def3e5fbd99be91be43bdeb3e853d20bdb7be67*4501
RX # PAI1,TRAIN,1026,1292
TX PAI1,TRAIN,1027,3,bd08bec3bf08bf01bdd63e373f363f2e3f2c3f82bf583d36*1a59
RX # PAI1,TRAIN,1027,1286
TX PAI1,TRAIN,1028,3,3b3dbeb2be6cbea7bedfbe4a3ed63b84bf00bd06be103de8*b384
RX # PAI1,TRAIN,1028,1289
TX PAI1,TRAIN,1029,4,bf053e08be46be513ec43eeabd213e773e373e24be473d43*2997
RX # PAI1,TRAIN,1029,1291
TX PAI1,TRAIN,1030,4,bf1fbe4abe81beb53ead3eeabe813e0bbdb5be09be97bd14*b685
RX # PAI1,TRAIN,1030,1288
TX PAI1,TRAIN,1031,3,3f1fbea6be18bd803e45be9cbe833ee7beafbe6b3f463f1f*04f9
RX # PAI1,TRAIN,1031,1292
TX PAI1,TRAIN,1032,3,becb3e45be6bbdf23e3ebe35bec0be97becbbed8be5ebe82*e391
RX # PAI1,TRAIN,1032,1294
TX PAI1,TRAIN,1033,4,be84be81be9ebec33cf83ef33e4fbd64bdb63d82becbbce2*95e1
RX # PAI1,TRAIN,1033,1291
TX PAI1,TRAIN,1034,3,3ea93e663f033ef1bdafbec1bf03beb9bebabee33dbabee3*5c73
RX # PAI1,TRAIN,1034,1290
TX PAI1,TRAIN,1035,4,be3dbc2bbbbd3a553e763ec23e523e243e473e00be4fbe01*c5cc
RX # PAI1,TRAIN,1035,1286
TX PAI1,TRAIN,1036,4,3f08bdc23eba3eb6bf3f3e40b9d5bebc3f043e863ddcbd9f*0457
RX # PAI1,TRAIN,1036,1289
TX PAI1,TRAIN,1037,3,3ee1bd923e9f3e7cbf0abee5be3abf0d3e6cbd103e8c3d11*9be6
RX # PAI1,TRAIN,1037,1292
TX PAI1,TRAIN,1038,4,be023e193e923e8b3e413e9c3dc5bd543e8c3e0e3dabbda7*0df7
RX # PAI1,TRAIN,1038,1291
TX PAI1,TRAIN,1039,3,be073eb83f0c3eefbd34beaf3e0fbea73e9b3e5fbb81be8b*f48f
RX # PAI1,TRAIN,1039,1288
TX PAI1,TRAIN,1040,3,bd463de13f023eb9be20bea6bea0bea6bea3bec73da7beb3*5ffe
RX # PAI1,TRAIN,1040,1292
TX PAI1,TRAIN,1041,4,bdf6ba8bbd8fbdaa3d983e97bb623f223e2e3e25bcba3dd5*209f
RX # PAI1,TRAIN,1041,1286
TX PAI1,TRAIN,1042,4,3ea4bdeabe86be5e3dd53e9d3df93e3abe76be26bcae3dab*41d5
RX # PAI1,TRAIN,1042,1288
TX PAI1,TRAIN,1043,4,be643bd6be47be463e7e3edcbcf33e11bdf8be1bbc8c3d97*ad75
RX # PAI1,TRAIN,1043,1291
TX PAI1,PREDICT,1044,be42be5d3ec43ea23eaa3f4cbf23bf34bfc5bfa43fab3ed5*b257
RX # PAI1,PREDICT,1044,107,0000,0000,be9a,3faa
TX PAI1,PREDICT,1045,bf47bea03d14be1c3ef43fb2befabf2abf9fbf833f153e67*8f4d
RX # PAI1,PREDICT,1045,107,0000,0000,bf44,3fe7
TX PAI1,PREDICT,1046,bed8beca3e9a3df93dd33f8bbf16bf34bfbebf9f3f773e87*22be
RX # PAI1,PREDICT,1046,107,0000,0000,befc,3fc2
TX PAI1,PREDICT,1047,bf68bf13be93bf113eea3fd0bf2dbf79bfbfbfa43e9d3e53*785f
RX # PAI1,PREDICT,1047,107,0000,0000,bf2e,3fde
TX PAI1,PREDICT,1048,bfabbe0abf01bf403f9a40073fa83f093f083fb3bff3bf07*eef5
RX # PAI1,PREDICT,1048,105,0000,0000,bf76,3ff7
TX PAI1,PREDICT,1049,bfc2be95bf33bf623fa340003f373f193f583f62bfcdbebe*58c8
RX # PAI1,PREDICT,1049,106,0000,0000,bf80,3ffb
TX PAI1,PREDICT,1050,bfbfbe80bf60bf823f8a40043fa53e9c3de23fadbffdbed1*c2cc
RX # PAI1,PREDICT,1050,106,0000,0000,bf5d,3fef
TX PAI1,PREDICT,1051,3e443d463e663e86bea2be88be4fbe433f063e4bbcb8be11*0b30
RX # PAI1,PREDICT,1051,108,0000,0000,3f42,3e72
TX PAI1,PREDICT,1052,3ea0bdd33ece3ed4bf1bbeae3ea43ef43f503f28bd8bbdfd*8e67
RX # PAI1,PREDICT,1052,107,0000,0000,3f54,3e08
TX PAI1,PREDICT,1053,3e6cbf20becbbf113e59bebabeb4bd2fbedebeca3f3e3f69*ab7e
RX # PAI1,PREDICT,1053,104,0000,0000,3f81,bd00
TX PAI1,PREDICT,1054,bf05bea93d92beb63edcbe4abe78be83bf0dbed93f123f18*6559
RX # PAI1,PREDICT,1054,107,0000,0000,3f5a,3de9
TX PAI1,PREDICT,1055,3bac3ecc3e6b3e91bd293e89be8fbe9cbe51be8d3e84bdc7*a944
RX # PAI1,PREDICT,1055,105,0000,0000,3dee,3f64
TX PAI1,PREDICT,1056,bdc93fab3ecd3f4ebe2abe82bdea3efb3e623e10bee1bf6e*2863
RX # PAI1,PREDICT,1056,108,0000,0000,3ef2,3f01
TX PAI1,PREDICT,1057,3e533e01bcb23daabe183e5e3d11be1c3e403da5be26be2e*9a84
RX # PAI1,PREDICT,1057,105,0000,0000,3e5a,3f48
TX PAI1,INIT,1058,12,32,1,1*1008
RX # PAI1,INIT,1058,12,32,4
TX PAI1,TRAIN,1059,3,be7f3edb3dbb3e32bd61be87be32bdef3e623d1fbde4be46*63fa
RX # PAI1,TRAIN,1059,1291
TX PAI1,TRAIN,1060,3,3e413c933e4f3e5dbe99be7cbe3fbe463eeb3e48bd43bdfa*59e5
RX # PAI1,TRAIN,1060,1286
TX PAI1,TRAIN,1061,4,be0bbcbabdd0bdd43dc23ead3cc33f243e0e3e22bd443db2*ae11
RX # PAI1,TRAIN,1061,1287
TX PAI1,TRAIN,1062,4,3f0bbdcd3eb13e9abf3a3e673cdebebf3ee73e843d9bbd8a*df25
RX # PAI1,TRAIN,1062,1290
TX PAI1,TRAIN,1063,4,be50bcfabd10bcd53e853ed93e7b3e253e243dfebe60bdde*4fe1
RX # PAI1,TRAIN,1063,1287
TX PAI1,TRAIN,1064,3,3ea1bddb3ec53eb6bf17bea53ebc3ef73f383f25bdbabdd9*e61c
RX # PAI1,TRAIN,1064,1286
TX PAI1,TRAIN,1065,4,3df13e5c3dcd3e5a3e783ea9bdcabdc2bd40be2f3e63bd0e*b460
RX # PAI1,TRAIN,1065,1290
TX PAI1,TRAIN,1066,3,3eaa3e273f003ed0bd87beb9bf04bebcbeb1bede3d77bec2*0616
RX # PAI1,TRAIN,1066,1291
TX PAI1,TRAIN,1067,3,be5fbcb53e24bd8dbe39bdffbebdbec6be5bbeb3bedebecb*39d5
RX # PAI1,TRAIN,1067,1293
TX PAI1,TRAIN,1068,3,3d08bf25bf3dbf1b3f03becb3f8e3ec83cca3f2dbd3c3f1b*1b64
RX # PAI1,TRAIN,1068,1291
TX PAI1,TRAIN,1069,3,bbfebe9dbe89bea8bed6be333ef13b5fbef1bd01be243dc3*ecaa
RX # PAI1,TRAIN,1069,1289
TX PAI1,TRAIN,1070,3,3e6bbf09bee0bf0c3e6fbeb2beb0bd34bed1bec63f2e3f46*a654
RX # PAI1,TRAIN,1070,1292
TX PAI1,TRAIN,1071,3,be173e8c3f093ecebcc6bea73e33beaa3e843e5cbcf6be6e*cede
RX # PAI1,TRAIN,1071,1289
TX PAI1,TRAIN,1072,3,bed4bec1be5dbeb03e8ebea13d893baabf2bbecd3f013efd*a22d
RX # PAI1,TRAIN,1072,1290
TX PAI1,TRAIN,1073,3,bd3abeacbf14befcbdae3e5d3f473f303f183f7fbf543d16*4473
RX # PAI1,TRAIN,1073,1289
TX PAI1,TRAIN,1074,4,3eec3f373ed03f17bf24bc12be30be063eb03dadbd0dbed1*43c9
RX # PAI1,TRAIN,1074,1290
TX PAI1,TRAIN,1075,3,3f23be94be3bbdad3e5abe93be7a3eeabea6be663f363f07*507b
RX # PAI1,TRAIN,1075,1292
TX PAI1,TRAIN,1076,4,bbad3e9d3e543e71bcaf3e9ebe89be9ebe4ebe8a3e61bdac*3cff
RX # PAI1,TRAIN,1076,1290
TX PAI1,TRAIN,1077,4,be78bc87be6cbe523e8a3ef4bb803e13be00be18bd2e3d7c*e04f
RX # PAI1,TRAIN,1077,1291
TX PAI1,TRAIN,1078,4,bf0d3db3be6abe5c3ecf3f01bc673e793e163e21be593d21*012e
RX # PAI1,TRAIN,1078,1289
TX PAI1,TRAIN,1079,4,bf29be3cbe94beb53eb93f01be753e0cbdc4be06be9dbd03*65a7
RX # PAI1,TRAIN,1079,1290
TX PAI1,TRAIN,1080,4,3e673e1b3e603e55beb23e1fbda3becbbdbdbe453cd0be40*0380
RX # PAI1,TRAIN,1080,1286
TX PAI1,TRAIN,1081,4,be123dd03e883e663e563eb23e04bd5a3e6e3e0c3d59bd91*d3ba
RX # PAI1,TRAIN,1081,1289
TX PAI1,TRAIN,1082,4,3ea5bdeebe99be683dff3eb33e203e3bbe6fbe23bd3e3d8f*e652
RX # PAI1,TRAIN,1082,1287
TX PAI1,TRAIN,1083,4,3e513da7bd543d4cbe043e833d85be1f3e1e3da3be38be15*551a
RX # PAI1,TRAIN,1083,1290
TX PAI1,TRAIN,1084,3,bd7b3d8d3efe3e9dbe0cbe9dbe9bbea8be9cbec33d53be99*6d25
RX # PAI1,TRAIN,1084,1292
TX PAI1,TRAIN,1085,3,bed93e0cbe88be0b3e54be1dbebdbe9abec0bed4be6ebe5f*f2ed
RX # PAI1,TRAIN,1085,1292
TX PAI1,TRAIN,1086,4,bde73f8a3ec53f37be16be6fbdbf3efe3e3d3e0ebee3bf4a*15b8
RX # PAI1,TRAIN,1086,1288
TX PAI1,TRAIN,1087,3,3ee5bda53e953e4dbf06bedebe29bf0f3e46bd0b3e703cee*6e2f
RX # PAI1,TRAIN,1087,1291
TX PAI1,TRAIN,1088,4,be8fbe6bbeb3bec13d4f3f063e77bd6abdc53d81becebcca*e99e
RX # PAI1,TRAIN,1088,1286
TX PAI1,TRAIN,1089,3,3ecbbe05bebcbe063ef6bef73c263eda3e743e323f0f3f13*1b34
RX # PAI1,TRAIN,1089,1292
TX PAI1,TRAIN,1090,3,bf0dbe963d35beb53ee7be33be6abe85bf04bed53f043f01*6ed3
RX # PAI1,TRAIN,1090,1288
TX PAI1,TRAIN,1091,3,3e413c933e4f3e5dbe99be7cbe3fbe463eeb3e48bd43bdfa*8256
RX # PAI1,TRAIN,1091,1288
TX PAI1,TRAIN,1092,3,be173e8c3f093ecebcc6bea73e33beaa3e843e5cbcf6be6e*6c11
RX # PAI1,TRAIN,1092,1289
TX PAI1,TRAIN,1093,3,bd3abeacbf14befcbdae3e5d3f473f303f183f7fbf543d16*6b7c
RX # PAI1,TRAIN,1093,1292
TX PAI1,TRAIN,1094,3,3f23be94be3bbdad3e5abe93be7a3eeabea6be663f363f07*0434
RX # PAI1,TRAIN,1094,1289
TX PAI1,TRAIN,1095,4,3df13e5c3dcd3e5a3e783ea9bdcabdc2bd40be2f3e63bd0e*1493
RX # PAI1,TRAIN,1095,1287
TX PAI1,TRAIN,1096,3,be5fbcb53e24bd8dbe39bdffbebdbec6be5bbeb3bedebecb*e266
RX # PAI1,TRAIN,1096,1292
TX PAI1,TRAIN,1097,4,be50bcfabd10bcd53e853ed93e7b3e253e243dfebe60bdde*1233
RX # PAI1,TRAIN,1097,1287
TX PAI1,TRAIN,1098,3,bbfebe9dbe89bea8bed6be333ef13b5fbef1bd01be243dc3*3719
RX # PAI1,TRAIN,1098,1289
TX PAI1,TRAIN,1099,4,be8fbe6bbeb3bec13d4f3f063e77bd6abdc53d81becebcca*1d22
RX # PAI1,TRAIN,1099,1289
TX PAI1,TRAIN,1100,3,bf0dbe963d35beb53ee7be33be6abe85bf04bed53f043f01*422c
RX # PAI1,TRAIN,1100,1292
TX PAI1,TRAIN,1101,3,3ee5bda53e953e4dbf06bedebe29bf0f3e46bd0b3e703cee*c68d
RX # PAI1,TRAIN,1101,1290
TX PAI1,TRAIN,1102,3,3ea1bddb3ec53eb6bf17bea53ebc3ef73f383f25bdbabdd9*61b1
RX # PAI1,TRAIN,1102,1287
TX PAI1,TRAIN,1103,4,3e673e1b3e603e55beb23e1fbda3becbbdbdbe453cd0be40*2d43
RX # PAI1,TRAIN,1103,1290
TX PAI1,TRAIN,1104,4,3f0bbdcd3eb13e9abf3a3e673cdebebf3ee73e843d9bbd8a*5888
RX # PAI1,TRAIN,1104,1289
TX PAI1,TRAIN,1105,4,3e513da7bd543d4cbe043e833d85be1f3e1e3da3be38be15*fdb8
RX # PAI1,TRAIN,1105,1290
TX PAI1,TRAIN,1106,3,be7f3edb3dbb3e32bd61be87be32bdef3e623d1fbde4be46*f551
RX # PAI1,TRAIN,1106,1288
TX PAI1,TRAIN,1107,4,3eec3f373ed03f17bf24bc12be30be063eb03dadbd0dbed1*cdf9
RX # PAI1,TRAIN,1107,1287
TX PAI1,TRAIN,1108,4,3ea5bdeebe99be683dff3eb33e203e3bbe6fbe23bd3e3d8f*59b2
RX # PAI1,TRAIN,1108,1288
TX PAI1,TRAIN,1109,4,be78bc87be6cbe523e8a3ef4bb803e13be00be18bd2e3d7c*027d
RX # PAI1,TRAIN,1109,1288
TX PAI1,TRAIN,1110,3,3e6bbf09bee0bf0c3e6fbeb2beb0bd34bed1bec63f2e3f46*2a58
RX # PAI1,TRAIN,1110,1288
TX PAI1,TRAIN,1111,4,be123dd03e883e663e563eb23e04bd5a3e6e3e0c3d59bd91*ff45
RX # PAI1,TRAIN,1111,1290
TX PAI1,TRAIN,1112,3,bed4bec1be5dbeb03e8ebea13d893baabf2bbecd3f013efd*2e21
RX # PAI1,TRAIN,1112,1290
TX PAI1,TRAIN,1113,4,be0bbcbabdd0bdd43dc23ead3cc33f243e0e3e22bd443db2*5b61
RX # PAI1,TRAIN,1113,1292
TX PAI1,TRAIN,1114,3,bed93e0cbe88be0b3e54be1dbebdbe9abec0bed4be6ebe5f*a552
RX # PAI1,TRAIN,1114,1287
TX PAI1,TRAIN,1115,4,bde73f8a3ec53f37be16be6fbdbf3efe3e3d3e0ebee3bf4a*b487
RX # PAI1,TRAIN,1115,1288
TX PAI1,TRAIN,1116,4,bf29be3cbe94beb53eb93f01be753e0cbdc4be06be9dbd03*7329
RX # PAI1,TRAIN,1116,1289
TX PAI1,TRAIN,1117,3,3eaa3e273f003ed0bd87beb9bf04bebcbeb1bede3d77bec2*7ea6
RX # PAI1,TRAIN,1117,1292
TX PAI1,TRAIN,1118,3,3ecbbe05bebcbe063ef6bef73c263eda3e743e323f0f3f13*4c8b
RX # PAI1,TRAIN,1118,1289
TX PAI1,TRAIN,1119,3,bd7b3d8d3efe3e9dbe0cbe9dbe9bbea8be9cbec33d53be99*2dd8
RX # PAI1,TRAIN,1119,1287
TX PAI1,TRAIN,1120,4,bbad3e9d3e543e71bcaf3e9ebe89be9ebe4ebe8a3e61bdac*3b77
RX # PAI1,TRAIN,1120,1287
TX PAI1,TRAIN,1121,4,bf0d3db3be6abe5c3ecf3f01bc673e793e163e21be593d21*9c24
RX # PAI1,TRAIN,1121,1289
TX PAI1,TRAIN,1122,3,3d08bf25bf3dbf1b3f03becb3f8e3ec83cca3f2dbd3c3f1b*8452
RX # PAI1,TRAIN,1122,1287
TX PAI1,TRAIN,1123,3,3ecbbe05bebcbe063ef6bef73c263eda3e743e323f0f3f13*ab0d
RX # PAI1,TRAIN,1123,1286
TX PAI1,TRAIN,1124,4,3e673e1b3e603e55beb23e1fbda3becbbdbdbe453cd0be40*527b
RX # PAI1,TRAIN,1124,1286
TX PAI1,TRAIN,1125,3,3e6bbf09bee0bf0c3e6fbeb2beb0bd34bed1bec63f2e3f46*2c1c
RX # PAI1,TRAIN,1125,1286
TX PAI1,TRAIN,1126,4,3df13e5c3dcd3e5a3e783ea9bdcabdc2bd40be2f3e63bd0e*ba75
RX # PAI1,TRAIN,1126,1286
TX PAI1,TRAIN,1127,3,3f23be94be3bbdad3e5abe93be7a3eeabea6be663f363f07*aad2
RX # PAI1,TRAIN,1127,1291
TX PAI1,TRAIN,1128,4,3eec3f373ed03f17bf24bc12be30be063eb03dadbd0dbed1*58a2
RX # PAI1,TRAIN,1128,1287
TX PAI1,TRAIN,1129,3,bbfebe9dbe89bea8bed6be333ef13b5fbef1bd01be243dc3*6f7f
RX # PAI1,TRAIN,1129,1290
TX PAI1,TRAIN,1130,3,bed93e0cbe88be0b3e54be1dbebdbe9abec0bed4be6ebe5f*57aa
RX # PAI1,TRAIN,1130,1287
TX PAI1,TRAIN,1131,4,3e513da7bd543d4cbe043e833d85be1f3e1e3da3be38be15*80bc
RX # PAI1,TRAIN,1131,1286
TX PAI1,TRAIN,1132,3,3e413c933e4f3e5dbe99be7cbe3fbe463eeb3e48bd43bdfa*a34c
RX # PAI1,TRAIN,1132,1289
TX PAI1,TRAIN,1133,3,bf0dbe963d35beb53ee7be33be6abe85bf04bed53f043f01*4fc9
RX # PAI1,TRAIN,1133,1288
TX PAI1,TRAIN,1134,4,bf0d3db3be6abe5c3ecf3f01bc673e793e163e21be593d21*95b9
RX # PAI1,TRAIN,1134,1292
TX PAI1,TRAIN,1135,4,bf29be3cbe94beb53eb93f01be753e0cbdc4be06be9dbd03*f130
RX # PAI1,TRAIN,1135,1287
TX PAI1,TRAIN,1136,3,3ee5bda53e953e4dbf06bedebe29bf0f3e46bd0b3e703cee*3649
RX # PAI1,TRAIN,1136,1289
TX PAI1,TRAIN,1137,4,bde73f8a3ec53f37be16be6fbdbf3efe3e3d3e0ebee3bf4a*4dde
RX # PAI1,TRAIN,1137,1286
TX PAI1,TRAIN,1138,3,be5fbcb53e24bd8dbe39bdffbebdbec6be5bbeb3bedebecb*af7e
RX # PAI1,TRAIN,1138,1287
TX PAI1,TRAIN,1139,4,be8fbe6bbeb3bec13d4f3f063e77bd6abdc53d81becebcca*b1f8
RX # PAI1,TRAIN,1139,1289
TX PAI1,TRAIN,1140,4,be50bcfabd10bcd53e853ed93e7b3e253e243dfebe60bdde*519f
RX # PAI1,TRAIN,1140,1288
TX PAI1,TRAIN,1141,4,3f0bbdcd3eb13e9abf3a3e673cdebebf3ee73e843d9bbd8a*c15b
RX # PAI1,TRAIN,1141,1289
TX PAI1,TRAIN,1142,3,bed4bec1be5dbeb03e8ebea13d893baabf2bbecd3f013efd*be6f
RX # PAI1,TRAIN,1142,1290
TX PAI1,TRAIN,1143,3,3d08bf25bf3dbf1b3f03becb3f8e3ec83cca3f2dbd3c3f1b*ef79
RX # PAI1,TRAIN,1143,1288
TX PAI1,TRAIN,1144,3,bd7b3d8d3efe3e9dbe0cbe9dbe9bbea8be9cbec33d53be99*d194
RX # PAI1,TRAIN,1144,1288
TX PAI1,TRAIN,1145,3,3ea1bddb3ec53eb6bf17bea53ebc3ef73f383f25bdbabdd9*0ee2
RX # PAI1,TRAIN,1145,1288
TX PAI1,TRAIN,1146,4,be123dd03e883e663e563eb23e04bd5a3e6e3e0c3d59bd91*1fea
RX # PAI1,TRAIN,1146,1289
TX PAI1,TRAIN,1147,3,be173e8c3f093ecebcc6bea73e33beaa3e843e5cbcf6be6e*d93d
RX # PAI1,TRAIN,1147,1286
TX PAI1,TRAIN,1148,3,3eaa3e273f003ed0bd87beb9bf04bebcbeb1bede3d77bec2*746a
RX # PAI1,TRAIN,1148,1290
TX PAI1,TRAIN,1149,3,bd3abeacbf14befcbdae3e5d3f473f303f183f7fbf543d16*44d2
RX # PAI1,TRAIN,1149,1289
TX PAI1,TRAIN,1150,4,be0bbcbabdd0bdd43dc23ead3cc33f243e0e3e22bd443db2*c913
RX # PAI1,TRAIN,1150,1287
TX PAI1,TRAIN,1151,4,3ea5bdeebe99be683dff3eb33e203e3bbe6fbe23bd3e3d8f*58df
RX # PAI1,TRAIN,1151,1292
TX PAI1,TRAIN,1152,4,be78bc87be6cbe523e8a3ef4bb803e13be00be18bd2e3d7c*f590
RX # PAI1,TRAIN,1152,1290
TX PAI1,TRAIN,1153,4,bbad3e9d3e543e71bcaf3e9ebe89be9ebe4ebe8a3e61bdac*2920
RX # PAI1,TRAIN,1153,1292
TX PAI1,TRAIN,1154,3,be7f3edb3dbb3e32bd61be87be32bdef3e623d1fbde4be46*939f
RX # PAI1,TRAIN,1154,1286
TX PAI1,TRAIN,1155,4,bf0d3db3be6abe5c3ecf3f01bc673e793e163e21be593d21*fe92
RX # PAI1,TRAIN,1155,1289
TX PAI1,TRAIN,1156,4,be123dd03e883e663e563eb23e04bd5a3e6e3e0c3d59bd91*9016
RX # PAI1,TRAIN,1156,1291
TX PAI1,TRAIN,1157,3,bd3abeacbf14befcbdae3e5d3f473f303f183f7fbf543d16*2aec
RX # PAI1,TRAIN,1157,1292
TX PAI1,TRAIN,1158,4,3df13e5c3dcd3e5a3e783ea9bdcabdc2bd40be2f3e63bd0e*c420
RX # PAI1,TRAIN,1158,1289
TX PAI1,TRAIN,1159,3,bed93e0cbe88be0b3e54be1dbebdbe9abec0bed4be6ebe5f*d6e2
RX # PAI1,TRAIN,1159,1289
TX PAI1,TRAIN,1160,3,3d08bf25bf3dbf1b3f03becb3f8e3ec83cca3f2dbd3c3f1b*6d60
RX # PAI1,TRAIN,1160,1291
TX PAI1,TRAIN,1161,4,be8fbe6bbeb3bec13d4f3f063e77bd6abdc53d81becebcca*cbd5
RX # PAI1,TRAIN,1161,1288
TX PAI1,TRAIN,1162,3,bed4bec1be5dbeb03e8ebea13d893baabf2bbecd3f013efd*b1b6
RX # PAI1,TRAIN,1162,1290
TX PAI1,TRAIN,1163,4,3ea5bdeebe99be683dff3eb33e203e3bbe6fbe23bd3e3d8f*2e7a
RX # PAI1,TRAIN,1163,1290
TX PAI1,TRAIN,1164,4,3f0bbdcd3eb13e9abf3a3e673cdebebf3ee73e843d9bbd8a*48e3
RX # PAI1,TRAIN,1164,1290
TX PAI1,TRAIN,1165,3,3ee5bda53e953e4dbf06bedebe29bf0f3e46bd0b3e703cee*2bc7
RX # PAI1,TRAIN,1165,1289
TX PAI1,TRAIN,1166,3,be173e8c3f093ecebcc6bea73e33beaa3e843e5cbcf6be6e*ada4
RX # PAI1,TRAIN,1166,1291
TX PAI1,TRAIN,1167,3,be5fbcb53e24bd8dbe39bdffbebdbec6be5bbeb3bedebecb*a5b2
RX # PAI1,TRAIN,1167,1286
TX PAI1,TRAIN,1168,3,bf0dbe963d35beb53ee7be33be6abe85bf04bed53f043f01*b824
RX # PAI1,TRAIN,1168,1287
TX PAI1,TRAIN,1169,4,be78bc87be6cbe523e8a3ef4bb803e13be00be18bd2e3d7c*1216
RX # PAI1,TRAIN,1169,1286
TX PAI1,TRAIN,1170,4,be0bbcbabdd0bdd43dc23ead3cc33f243e0e3e22bd443db2*c6ca
RX # PAI1,TRAIN,1170,1290
TX PAI1,TRAIN,1171,3,bd7b3d8d3efe3e9dbe0cbe9dbe9bbea8be9cbec33d53be99*d7d0
RX # PAI1,TRAIN,1171,1292
TX PAI1,TRAIN,1172,4,bf29be3cbe94beb53eb93f01be753e0cbdc4be06be9dbd03*9e63
RX # PAI1,TRAIN,1172,1292
TX PAI1,TRAIN,1173,3,3e413c933e4f3e5dbe99be7cbe3fbe463eeb3e48bd43bdfa*c7be
RX # PAI1,TRAIN,1173,1289
TX PAI1,TRAIN,1174,4,3eec3f373ed03f17bf24bc12be30be063eb03dadbd0dbed1*dfae
RX # PAI1,TRAIN,1174,1290
TX PAI1,TRAIN,1175,3,3ecbbe05bebcbe063ef6bef73c263eda3e743e323f0f3f13*30e2
RX # PAI1,TRAIN,1175,1290
TX PAI1,TRAIN,1176,4,3e673e1b3e603e55beb23e1fbda3becbbdbdbe453cd0be40*34b5
RX # PAI1,TRAIN,1176,1287
TX PAI1,TRAIN,1177,3,3e6bbf09bee0bf0c3e6fbeb2beb0bd34bed1bec63f2e3f46*4ad2
RX # PAI1,TRAIN,1177,1291
TX PAI1,TRAIN,1178,4,bde73f8a3ec53f37be16be6fbdbf3efe3e3d3e0ebee3bf4a*c8ee
RX # PAI1,TRAIN,1178,1290
TX PAI1,TRAIN,1179,3,3f23be94be3bbdad3e5abe93be7a3eeabea6be663f363f07*db5e
RX # PAI1,TRAIN,1179,1289
TX PAI1,TRAIN,1180,3,3eaa3e273f003ed0bd87beb9bf04bebcbeb1bede3d77bec2*bedf
RX # PAI1,TRAIN,1180,1291
TX PAI1,TRAIN,1181,4,bbad3e9d3e543e71bcaf3e9ebe89be9ebe4ebe8a3e61bdac*708a
RX # PAI1,TRAIN,1181,1290
TX PAI1,TRAIN,1182,3,be7f3edb3dbb3e32bd61be87be32bdef3e623d1fbde4be46*3714
RX # PAI1,TRAIN,1182,1291
TX PAI1,TRAIN,1183,3,3ea1bddb3ec53eb6bf17bea53ebc3ef73f383f25bdbabdd9*2595
RX # PAI1,TRAIN,1183,1291
TX PAI1,TRAIN,1184,3,bbfebe9dbe89bea8bed6be333ef13b5fbef1bd01be243dc3*33c0
RX # PAI1,TRAIN,1184,1290
TX PAI1,TRAIN,1185,4,be50bcfabd10bcd53e853ed93e7b3e253e243dfebe60bdde*f728
RX # PAI1,TRAIN,1185,1287
TX PAI1,TRAIN,1186,4,3e513da7bd543d4cbe043e833d85be1f3e1e3da3be38be15*4f1c
RX # PAI1,TRAIN,1186,1291
TX PAI1,PREDICT,1187,be123dd03e883e663e563eb23e04bd5a3e6e3e0c3d59bd91*601a
RX # PAI1,PREDICT,1187,106,0000,0000,3d96,3f70
TX PAI1,PREDICT,1188,3f0bbdcd3eb13e9abf3a3e673cdebebf3ee73e843d9bbd8a*22b8
RX # PAI1,PREDICT,1188,107,0000,0000,3ea1,3f31
TX PAI1,PREDICT,1189,3eec3f373ed03f17bf24bc12be30be063eb03dadbd0dbed1*287f
RX # PAI1,PREDICT,1189,107,0000,0000,3e54,3f4c
TX PAI1,PREDICT,1190,be50bcfabd10bcd53e853ed93e7b3e253e243dfebe60bdde*1eff
RX # PAI1,PREDICT,1190,106,0000,0000,3d12,3f78
TX PAI1,PREDICT,1191,bf0d3db3be6abe5c3ecf3f01bc673e793e163e21be593d21*aa19
RX # PAI1,PREDICT,1191,107,0000,0000,3d80,3f75
TX PAI1,PREDICT,1192,bf29be3cbe94beb53eb93f01be753e0cbdc4be06be9dbd03*834a
RX # PAI1,PREDICT,1192,106,0000,0000,3e32,3f56
TX PAI1,PREDICT,1193,be8fbe6bbeb3bec13d4f3f063e77bd6abdc53d81becebcca*c6b6
RX # PAI1,PREDICT,1193,107,0000,0000,3e16,3f5e
TX PAI1,PREDICT,1194,be0bbcbabdd0bdd43dc23ead3cc33f243e0e3e22bd443db2*4057
RX # PAI1,PREDICT,1194,108,0000,0000,3e08,3f5e
TX PAI1,PREDICT,1195,3e673e1b3e603e55beb23e1fbda3becbbdbdbe453cd0be40*abff
RX # PAI1,PREDICT,1195,105,0000,0000,3e8e,3f39
TX PAI1,PREDICT,1196,3ea5bdeebe99be683dff3eb33e203e3bbe6fbe23bd3e3d8f*8e37
RX # PAI1,PREDICT,1196,107,0000,0000,3d8f,3f6f
TX PAI1,PREDICT,1197,be78bc87be6cbe523e8a3ef4bb803e13be00be18bd2e3d7c*bcce
RX # PAI1,PREDICT,1197,107,0000,0000,3c30,3f7c
TX PAI1,PREDICT,1198,3df13e5c3dcd3e5a3e783ea9bdcabdc2bd40be2f3e63bd0e*7d6f
RX # PAI1,PREDICT,1198,107,0000,0000,bd08,3f84
TX PAI1,PREDICT,1199,bbad3e9d3e543e71bcaf3e9ebe89be9ebe4ebe8a3e61bdac*e5ba
RX # PAI1,PREDICT,1199,107,0000,0000,3d94,3f71
TX PAI1,PREDICT,1200,bde73f8a3ec53f37be16be6fbdbf3efe3e3d3e0ebee3bf4a*27a1
RX # PAI1,PREDICT,1200,107,0000,0000,3e86,3f38
TX PAI1,PREDICT,1201,3e513da7bd543d4cbe043e833d85be1f3e1e3da3be38be15*f314
RX # PAI1,PREDICT,1201,106,0000,0000,3e4e,3f4c
TX PAI1,PREDICT,1202,bd3abeacbf14befcbdae3e5d3f473f303f183f7fbf543d16*0b56
RX # PAI1,PREDICT,1202,105,0000,0000,3f10,3ee8
TX PAI1,PREDICT,1203,bbfebe9dbe89bea8bed6be333ef13b5fbef1bd01be243dc3*22e6
RX # PAI1,PREDICT,1203,106,0000,0000,3f6d,3da0
TX PAI1,PREDICT,1204,3eaa3e273f003ed0bd87beb9bf04bebcbeb1bede3d77bec2*2d9a
RX # PAI1,PREDICT,1204,104,0000,0000,3f3d,3e85
TX PAI1,PREDICT,1205,bd7b3d8d3efe3e9dbe0cbe9dbe9bbea8be9cbec33d53be99*8d50
RX # PAI1,PREDICT,1205,107,0000,0000,3f47,3e49
TX PAI1,PREDICT,1206,3ecbbe05bebcbe063ef6bef73c263eda3e743e323f0f3f13*a1d9
RX # PAI1,PREDICT,1206,105,0000,0000,3f78,3d02
TX PAI1,PREDICT,1207,be173e8c3f093ecebcc6bea73e33beaa3e843e5cbcf6be6e*2cd5
RX # PAI1,PREDICT,1207,107,0000,0000,3f4f,3e4d
TX PAI1,PREDICT,1208,3d08bf25bf3dbf1b3f03becb3f8e3ec83cca3f2dbd3c3f1b*0b42
RX # PAI1,PREDICT,1208,105,0000,0000,3f93,be22
TX PAI1,PREDICT,1209,bed93e0cbe88be0b3e54be1dbebdbe9abec0bed4be6ebe5f*b3b0
RX # PAI1,PREDICT,1209,107,0000,0000,3f3f,3e83
TX PAI1,PREDICT,1210,be5fbcb53e24bd8dbe39bdffbebdbec6be5bbeb3bedebecb*64b2
RX # PAI1,PREDICT,1210,107,0000,0000,3f42,3e79
TX PAI1,PREDICT,1211,bed4bec1be5dbeb03e8ebea13d893baabf2bbecd3f013efd*e4a1
RX # PAI1,PREDICT,1211,107,0000,0000,3f87,bd92
TX PAI1,PREDICT,1212,3f23be94be3bbdad3e5abe93be7a3eeabea6be663f363f07*508c
RX # PAI1,PREDICT,1212,107,0000,0000,3f3b,3e7c
TX PAI1,PREDICT,1213,be7f3edb3dbb3e32bd61be87be32bdef3e623d1fbde4be46*69e0
RX # PAI1,PREDICT,1213,107,0000,0000,3f3d,3e87
TX PAI1,PREDICT,1214,3ee5bda53e953e4dbf06bedebe29bf0f3e46bd0b3e703cee*559f
RX # PAI1,PREDICT,1214,107,0000,0000,3f86,bd3c
TX PAI1,PREDICT,1215,3e413c933e4f3e5dbe99be7cbe3fbe463eeb3e48bd43bdfa*2fcd
RX # PAI1,PREDICT,1215,107,0000,0000,3f4f,3e44
TX PAI1,PREDICT,1216,3ea1bddb3ec53eb6bf17bea53ebc3ef73f383f25bdbabdd9*5b8f
RX # PAI1,PREDICT,1216,107,0000,0000,3f5e,3e07
TX PAI1,PREDICT,1217,3e6bbf09bee0bf0c3e6fbeb2beb0bd34bed1bec63f2e3f46*7b6c
RX # PAI1,PREDICT,1217,105,0000,0000,3f90,bdde
TX PAI1,PREDICT,1218,bf0dbe963d35beb53ee7be33be6abe85bf04bed53f043f01*7016
RX # PAI1,PREDICT,1218,106,0000,0000,3f6f,3d38
TX PAI1,INIT,1219,12,32,1,1*4f53
RX # PAI1,INIT,1219,12,32,4
TX PAI1,TRAIN,1220,4,bf18be2fbe8fbea73eb43ea4be663e10bd77bdd0beabbd69*e86e
RX # PAI1,TRAIN,1220,1288
TX PAI1,TRAIN,1221,3,3db3bf1dbf45bf163f06bee83f9c3ecc3d8a3f4ebd883f0e*bd09
RX # PAI1,TRAIN,1221,1288
TX PAI1,TRAIN,1222,3,3e8fbf02bee3bf073e553d03beacbd33bec9bec73f2d3f38*6a77
RX # PAI1,TRAIN,1222,1292
TX PAI1,TRAIN,1223,3,3f2ebe8bbe28bd493e3e3de4be6b3eefbe9bbe533f343ef6*5feb
RX # PAI1,TRAIN,1223,1290
TX PAI1,TRAIN,1224,4,3e2e3e5a3e163e843e603eeabd98bdc3bc06be153e54bd73*8d72
RX # PAI1,TRAIN,1224,1287
TX PAI1,TRAIN,1225,3,3ebbbdc63eeb3ecfbf39becf3ed93efc3f4e3f44bde6be03*7a38
RX # PAI1,TRAIN,1225,1290
TX PAI1,TRAIN,1226,3,bef9be8d3daebea73ee93de4be5abe86bf02bed73f023eeb*227d
RX # PAI1,TRAIN,1226,1288
TX PAI1,TRAIN,1227,3,beb5beb6be4dbea23e84bd233dd33bd3bf2bbecf3efe3ee5*9e7f
RX # PAI1,TRAIN,1227,1290
TX PAI1,TRAIN,1228,3,be433ed63e0c3e5fbdf1beb6be1fbdf13e8d3db6be08be59*d96a
RX # PAI1,TRAIN,1228,1289
TX PAI1,TRAIN,1229,4,be62be5bbeb1beb43ae43e903e94bd69bd793decbeddbd4c*a4e3
RX # PAI1,TRAIN,1229,1288
TX PAI1,TRAIN,1230,3,bdbb3e8a3f203ee8bda9bebd3e5fbeac3ea13e92bd4dbe7f*334b
RX # PAI1,TRAIN,1230,1292
TX PAI1,TRAIN,1231,4,3e833dadbca53db7be4e3e0e3dcebe203e533e09be50be2a*052a
RX # PAI1,TRAIN,1231,1291
TX PAI1,TRAIN,1232,4,bda2bc82bd99bd8c3d543e9b3d683f273e413e64bd8c3d6c*0904
RX # PAI1,TRAIN,1232,1290
TX PAI1,TRAIN,1233,4,3e8e3e1b3e8d3e81bee63e22bd5dbecebd68be2e3bd3be53*7e90
RX # PAI1,TRAIN,1233,1289
TX PAI1,TRAIN,1234,4,3ebebdd9be95be483daf3ea13e4b3e40be53be08bd893d28*c263
RX # PAI1,TRAIN,1234,1291
TX PAI1,TRAIN,1235,4,3d4a3e9a3e873e8fbda33eddbe82bea0be30be843e52bdda*99e7
RX # PAI1,TRAIN,1235,1289
TX PAI1,TRAIN,1236,4,befb3db8be5bbe3c3ece3ec13c833e7f3e4a3e63be713c40*444f
RX # PAI1,TRAIN,1236,1292
TX PAI1,TRAIN,1237,4,bd683f853eea3f47be63bf05bd8d3f013e733e4dbef2bf49*9d8f
RX # PAI1,TRAIN,1237,1292
TX PAI1,TRAIN,1238,3,be24bc7b3e59bd07be84becfbebbbec9be3ebeb1beedbed0*d29b
RX # PAI1,TRAIN,1238,1290
TX PAI1,TRAIN,1239,3,3efdbd933eb63e7abf25bea6be15bf123e7d3be83e613af0*657b
RX # PAI1,TRAIN,1239,1290
TX PAI1,TRAIN,1240,3,beba3e0cbe82bdd13e36bea0bebabe9cbeb6bed6be83be71*c277
RX # PAI1,TRAIN,1240,1290
TX PAI1,TRAIN,1241,4,be3cbc22be5dbe313e7f3ee63cdd3e16bdbbbdf7bd813d07*87fd
RX # PAI1,TRAIN,1241,1292
TX PAI1,TRAIN,1242,3,3e763cbe3e843e85bec9be99be2cbe493f073e87bd8bbe13*a4d1
RX # PAI1,TRAIN,1242,1291
TX PAI1,TRAIN,1243,4,bd683f853eea3f47be63bf05bd8d3f013e733e4dbef2bf49*ff39
RX # PAI1,TRAIN,1243,1294
TX PAI1,TRAIN,1244,4,3e833dadbca53db7be4e3e0e3dcebe203e533e09be50be2a*1cdc
RX # PAI1,TRAIN,1244,1290
TX PAI1,TRAIN,1245,3,be433ed63e0c3e5fbdf1beb6be1fbdf13e8d3db6be08be59*a503
RX # PAI1,TRAIN,1245,1288
TX PAI1,TRAIN,1246,3,3efdbd933eb63e7abf25bea6be15bf123e7d3be83e613af0*606e
RX # PAI1,TRAIN,1246,1288
TX PAI1,TRAIN,1247,4,befb3db8be5bbe3c3ece3ec13c833e7f3e4a3e63be713c40*a098
RX # PAI1,TRAIN,1247,1290
TX PAI1,TRAIN,1248,4,3e2e3e5a3e163e843e603eeabd98bdc3bc06be153e54bd73*8a5b
RX # PAI1,TRAIN,1248,1289
TX PAI1,TRAIN,1249,4,be3cbc22be5dbe313e7f3ee63cdd3e16bdbbbdf7bd813d07*6d9e
RX # PAI1,TRAIN,1249,1290
TX PAI1,TRAIN,1250,3,bef9be8d3daebea73ee93de4be5abe86bf02bed73f023eeb*b64b
RX # PAI1,TRAIN,1250,1289
TX PAI1,TRAIN,1251,3,beb5beb6be4dbea23e84bd233dd33bd3bf2bbecf3efe3ee5*0a49
RX # PAI1,TRAIN,1251,1286
TX PAI1,TRAIN,1252,3,3f2ebe8bbe28bd493e3e3de4be6b3eefbe9bbe533f343ef6*bb3c
RX # PAI1,TRAIN,1252,1293
TX PAI1,TRAIN,1253,4,bda2bc82bd99bd8c3d543e9b3d683f273e413e64bd8c3d6c*622f
RX # PAI1,TRAIN,1253,1290
TX PAI1,TRAIN,1254,4,be62be5bbeb1beb43ae43e903e94bd69bd793decbeddbd4c*5776
RX # PAI1,TRAIN,1254,1289
TX PAI1,TRAIN,1255,3,3ebbbdc63eeb3ecfbf39becf3ed93efc3f4e3f44bde6be03*e5af
RX # PAI1,TRAIN,1255,1291
TX PAI1,TRAIN,1256,3,3e763cbe3e843e85bec9be99be2cbe493f073e87bd8bbe13*d60c
RX # PAI1,TRAIN,1256,1288
TX PAI1,TRAIN,1257,3,3e8fbf02bee3bf073e553d03beacbd33bec9bec73f2d3f38*7381
RX # PAI1,TRAIN,1257,1289
TX PAI1,TRAIN,1258,3,beba3e0cbe82bdd13e36bea0bebabe9cbeb6bed6be83be71*a7e8
RX # PAI1,TRAIN,1258,1291
TX PAI1,TRAIN,1259,4,bf18be2fbe8fbea73eb43ea4be663e10bd77bdd0beabbd69*e6da
RX # PAI1,TRAIN,1259,1290
TX PAI1,TRAIN,1260,3,bdbb3e8a3f203ee8bda9bebd3e5fbeac3ea13e92bd4dbe7f*a305
RX # PAI1,TRAIN,1260,1290
TX PAI1,TRAIN,1261,3,3db3bf1dbf45bf163f06bee83f9c3ecc3d8a3f4ebd883f0e*a2bb
RX # PAI1,TRAIN,1261,1292
TX PAI1,TRAIN,1262,3,be24bc7b3e59bd07be84becfbebbbec9be3ebeb1beedbed0*5e36
RX # PAI1,TRAIN,1262,1293
TX PAI1,TRAIN,1263,4,3e8e3e1b3e8d3e81bee63e22bd5dbecebd68be2e3bd3be53*eede
RX # PAI1,TRAIN,1263,1291
TX PAI1,TRAIN,1264,4,3ebebdd9be95be483daf3ea13e4b3e40be53be08bd893d28*522d
RX # PAI1,TRAIN,1264,1291
TX PAI1,TRAIN,1265,4,3d4a3e9a3e873e8fbda33eddbe82bea0be30be843e52bdda*09a9
RX # PAI1,TRAIN,1265,1290
TX PAI1,TRAIN,1266,3,beba3e0cbe82bdd13e36bea0bebabe9cbeb6bed6be83be71*c60f
RX # PAI1,TRAIN,1266,1291
TX PAI1,TRAIN,1267,4,befb3db8be5bbe3c3ece3ec13c833e7f3e4a3e63be713c40*af41
RX # PAI1,TRAIN,1267,1290
TX PAI1,TRAIN,1268,3,3db3bf1dbf45bf163f06bee83f9c3ecc3d8a3f4ebd883f0e*3398
RX # PAI1,TRAIN,1268,1290
TX PAI1,TRAIN,1269,3,be433ed63e0c3e5fbdf1beb6be1fbdf13e8d3db6be08be59*bd98
RX # PAI1,TRAIN,1269,1289
TX PAI1,TRAIN,1270,3,3ebbbdc63eeb3ecfbf39becf3ed93efc3f4e3f44bde6be03*6c17
RX # PAI1,TRAIN,1270,1291
TX PAI1,TRAIN,1271,3,3efdbd933eb63e7abf25bea6be15bf123e7d3be83e613af0*90aa
RX # PAI1,TRAIN,1271,1290
TX PAI1,TRAIN,1272,4,3ebebdd9be95be483daf3ea13e4b3e40be53be08bd893d28*d670
RX # PAI1,TRAIN,1272,1291
TX PAI1,TRAIN,1273,3,bdbb3e8a3f203ee8bda9bebd3e5fbeac3ea13e92bd4dbe7f*a139
RX # PAI1,TRAIN,1273,1292
TX PAI1,TRAIN,1274,4,3e2e3e5a3e163e843e603eeabd98bdc3bc06be153e54bd73*1d3c
RX # PAI1,TRAIN,1274,1290
TX PAI1,TRAIN,1275,4,bda2bc82bd99bd8c3d543e9b3d683f273e413e64bd8c3d6c*6657
RX # PAI1,TRAIN,1275,1290
TX PAI1,TRAIN,1276,3,bef9be8d3daebea73ee93de4be5abe86bf02bed73f023eeb*b233
RX # PAI1,TRAIN,1276,1288
TX PAI1,TRAIN,1277,4,be3cbc22be5dbe313e7f3ee63cdd3e16bdbbbdf7bd813d07*0c79
RX # PAI1,TRAIN,1277,1289
TX PAI1,TRAIN,1278,3,3f2ebe8bbe28bd493e3e3de4be6b3eefbe9bbe533f343ef6*a806
RX # PAI1,TRAIN,1278,1291
TX PAI1,TRAIN,1279,4,3e8e3e1b3e8d3e81bee63e22bd5dbecebd68be2e3bd3be53*7dc1
RX # PAI1,TRAIN,1279,1290
TX PAI1,TRAIN,1280,3,beb5beb6be4dbea23e84bd233dd33bd3bf2bbecf3efe3ee5*de23
RX # PAI1,TRAIN,1280,1291
TX PAI1,TRAIN,1281,4,3d4a3e9a3e873e8fbda33eddbe82bea0be30be843e52bdda*db87
RX # PAI1,TRAIN,1281,1288
TX PAI1,TRAIN,1282,4,bf18be2fbe8fbea73eb43ea4be663e10bd77bdd0beabbd69*2e53
RX # PAI1,TRAIN,1282,1292
TX PAI1,TRAIN,1283,3,be24bc7b3e59bd07be84becfbebbbec9be3ebeb1beedbed0*0a79
RX # PAI1,TRAIN,1283,1293
TX PAI1,TRAIN,1284,3,3e8fbf02bee3bf073e553d03beacbd33bec9bec73f2d3f38*516b
RX # PAI1,TRAIN,1284,1293
TX PAI1,TRAIN,1285,4,be62be5bbeb1beb43ae43e903e94bd69bd793decbeddbd4c*831c
RX # PAI1,TRAIN,1285,1292
TX PAI1,TRAIN,1286,3,3e763cbe3e843e85bec9be99be2cbe493f073e87bd8bbe13*7926
RX # PAI1,TRAIN,1286,1293
TX PAI1,TRAIN,1287,4,bd683f853eea3f47be63bf05bd8d3f013e733e4dbef2bf49*22ce
RX # PAI1,TRAIN,1287,1289
TX PAI1,TRAIN,1288,4,3e833dadbca53db7be4e3e0e3dcebe203e533e09be50be2a*2b48
RX # PAI1,TRAIN,1288,1290
TX PAI1,TRAIN,1289,4,3d4a3e9a3e873e8fbda33eddbe82bea0be30be843e52bdda*31e4
RX # PAI1,TRAIN,1289,1291
TX PAI1,TRAIN,1290,3,bdbb3e8a3f203ee8bda9bebd3e5fbeac3ea13e92bd4dbe7f*03f6
RX # PAI1,TRAIN,1290,1290
TX PAI1,TRAIN,1291,3,3efdbd933eb63e7abf25bea6be15bf123e7d3be83e613af0*bfa5
RX # PAI1,TRAIN,1291,1290
TX PAI1,TRAIN,1292,4,3ebebdd9be95be483daf3ea13e4b3e40be53be08bd893d28*f97f
RX # PAI1,TRAIN,1292,1287
TX PAI1,TRAIN,1293,4,3e8e3e1b3e8d3e81bee63e22bd5dbecebd68be2e3bd3be53*4e2d
RX # PAI1,TRAIN,1293,1289
TX PAI1,TRAIN,1294,3,3f2ebe8bbe28bd493e3e3de4be6b3eefbe9bbe533f343ef6*904b
RX # PAI1,TRAIN,1294,1291
TX PAI1,TRAIN,1295,3,3e763cbe3e843e85bec9be99be2cbe493f073e87bd8bbe13*7b1a
RX # PAI1,TRAIN,1295,1290
TX PAI1,TRAIN,1296,3,be24bc7b3e59bd07be84becfbebbbec9be3ebeb1beedbed0*03e4
RX # PAI1,TRAIN,1296,1291
TX PAI1,TRAIN,1297,3,3ebbbdc63eeb3ecfbf39becf3ed93efc3f4e3f44bde6be03*33f9
RX # PAI1,TRAIN,1297,1290
TX PAI1,TRAIN,1298,4,bda2bc82bd99bd8c3d543e9b3d683f273e413e64bd8c3d6c*255a
RX # PAI1,TRAIN,1298,1291
TX PAI1,TRAIN,1299,4,bf18be2fbe8fbea73eb43ea4be663e10bd77bdd0beabbd69*c60c
RX # PAI1,TRAIN,1299,1290
TX PAI1,TRAIN,1300,3,bef9be8d3daebea73ee93de4be5abe86bf02bed73f023eeb*ba62
RX # PAI1,TRAIN,1300,1289
TX PAI1,TRAIN,1301,3,beba3e0cbe82bdd13e36bea0bebabe9cbeb6bed6be83be71*3ae2
RX # PAI1,TRAIN,1301,1291
TX PAI1,TRAIN,1302,4,be62be5bbeb1beb43ae43e903e94bd69bd793decbeddbd4c*50fe
RX # PAI1,TRAIN,1302,1291
TX PAI1,TRAIN,1303,4,be3cbc22be5dbe313e7f3ee63cdd3e16bdbbbdf7bd813d07*f2a8
RX # PAI1,TRAIN,1303,1290
TX PAI1,TRAIN,1304,3,3e8fbf02bee3bf073e553d03beacbd33bec9bec73f2d3f38*f268
RX # PAI1,TRAIN,1304,1289
TX PAI1,TRAIN,1305,4,befb3db8be5bbe3c3ece3ec13c833e7f3e4a3e63be713c40*d5cd
RX # PAI1,TRAIN,1305,1289
TX PAI1,TRAIN,1306,3,be433ed63e0c3e5fbdf1beb6be1fbdf13e8d3db6be08be59*ab16
RX # PAI1,TRAIN,1306,1292
TX PAI1,TRAIN,1307,3,beb5beb6be4dbea23e84bd233dd33bd3bf2bbecf3efe3ee5*0dc1
RX # PAI1,TRAIN,1307,1291
TX PAI1,TRAIN,1308,4,3e2e3e5a3e163e843e603eeabd98bdc3bc06be153e54bd73*098e
RX # PAI1,TRAIN,1308,1290
TX PAI1,TRAIN,1309,4,bd683f853eea3f47be63bf05bd8d3f013e733e4dbef2bf49*600f
RX # PAI1,TRAIN,1309,1292
TX PAI1,TRAIN,1310,4,3e833dadbca53db7be4e3e0e3dcebe203e533e09be50be2a*edd4
RX # PAI1,TRAIN,1310,1291
TX PAI1,TRAIN,1311,3,3db3bf1dbf45bf163f06bee83f9c3ecc3d8a3f4ebd883f0e*a14b
RX # PAI1,TRAIN,1311,1287
TX PAI1,PREDICT,1312,bf31be173e843d713ebc3fdfbeccbf90bf90bf853f2f3e24*9585
RX # PAI1,PREDICT,1312,107,0000,0000,bed2,3fb5
TX PAI1,PREDICT,1313,bf12be50be90bec63ed03fd8bee0bf57bf88bf853eb33e56*c0c3
RX # PAI1,PREDICT,1313,106,0000,0000,bf11,3fcb
TX PAI1,PREDICT,1314,bf5bbdeabe99beb63f4c3ff5beb5bf56bf6ebf603eb53e74*86ae
RX # PAI1,PREDICT,1314,107,0000,0000,bf38,3fe1
TX PAI1,PREDICT,1315,beffbe3d3e03bde83e713fc7bf15bf66bfcebfba3f3f3e50*de69
RX # PAI1,PREDICT,1315,108,0000,0000,be8f,3fa6
TX PAI1,PREDICT,1316,bf61bf0abe1cbe973f7d3f8e3f7e3f483fd83fedbf363e4b*34f4
RX # PAI1,PREDICT,1316,107,0000,0000,bf05,3fbe
TX PAI1,PREDICT,1317,3f3c3eb23fa53f5fbeae3fb03f073f813f953f88bc7dbe8e*1416
RX # PAI1,PREDICT,1317,108,0000,0000,bf80,4000
TX PAI1,PREDICT,1318,bddbbe3dbf18bef03eac3fbb3f633f673f3f3f8dbfb4becc*b24f
RX # PAI1,PREDICT,1318,108,0000,0000,bfd3,4026
TX PAI1,PREDICT,1319,3c20bea2bf18bef1be1bbe943f5d3f343f2c3f94bf5d3c15*8005
RX # PAI1,PREDICT,1319,107,0000,0000,3edd,3f11
TX PAI1,PREDICT,1320,3d40be94be83be99bf07be963f083b97beea3c20be3c3d86*7941
RX # PAI1,PREDICT,1320,106,0000,0000,3f4e,3e34
TX PAI1,PREDICT,1321,3ec43e273f153eeabe05beb5bf05bebfbea6bee13d2cbec7*df8c
RX # PAI1,PREDICT,1321,107,0000,0000,3f44,3e5e
TX PAI1,PREDICT,1322,bbba3d933f143eb6be57be9bbe96beabbe90bec33d07bea0*08a0
RX # PAI1,PREDICT,1322,107,0000,0000,3f47,3e43
TX PAI1,PREDICT,1323,3ee4bdf5bebcbdc83efabe383d2c3edf3e973e753f0d3f07*48b1
RX # PAI1,PREDICT,1323,107,0000,0000,3f6d,3d88
TX PAI1,PREDICT,1324,bdb03dd43ea73e8a3e393ebf3e2dbd593e933e4b3d0ebdc1*fc66
RX # PAI1,PREDICT,1324,107,0000,0000,3dd8,3f63
TX PAI1,PREDICT,1325,3f17bdb83ed53eb3bf613e853d76bec23f053eab3d6dbdb9*90e8
RX # PAI1,PREDICT,1325,107,0000,0000,3ed2,3f14
TX PAI1,PREDICT,1326,3f023f313ef73f25bf48bd3fbe1dbe083ed03e0fbd60bed6*12c7
RX # PAI1,PREDICT,1326,107,0000,0000,3e9a,3f35
TX PAI1,PREDICT,1327,be14bcbfbb0a3c393e753e943e963e293e583e3cbe79be05*e18e
RX # PAI1,PREDICT,1327,107,0000,0000,3c86,3f78
TX PAI1,INIT,1328,12,32,1,1*d7e6
RX # PAI1,INIT,1328,12,32,4
TX PAI1,TRAIN,1329,4,3ef9bdf43ea23e7abf263e983d76bebc3ece3e8c3b8fbd92*c5ed
RX # PAI1,TRAIN,1329,1292
TX PAI1,TRAIN,1330,3,3e72be013eb73e99bf04bedb3eef3f023f253f29be20bdde*b3be
RX # PAI1,TRAIN,1330,1292
TX PAI1,TRAIN,1331,4,3ca23e393d513e1e3e963f02bdb8bda9bd4fbe1e3e14bd24*a179
RX # PAI1,TRAIN,1331,1292
TX PAI1,TRAIN,1332,3,3f16be99be82be173e873e09be863ef7be9bbe553f1d3eff*1c35
RX # PAI1,TRAIN,1332,1291
TX PAI1,TRAIN,1333,3,bf10bec4be95bed23ea7bcfd3ddd3ca1bf1dbec53ed63eee*42de
RX # PAI1,TRAIN,1333,1287
TX PAI1,TRAIN,1334,3,bf36be9cbc1fbed83efe3e09be7bbe80bef4becc3edc3ef4*4ffd
RX # PAI1,TRAIN,1334,1292
TX PAI1,TRAIN,1335,3,3e11bf09bf08bf1e3e913d43bec4bcfcbec2bebe3f163f3c*724e
RX # PAI1,TRAIN,1335,1291
TX PAI1,TRAIN,1336,3,3ea7be18bee9be483f06be3c3d233ee63e553e413ef13f0b*09bb
RX # PAI1,TRAIN,1336,1288
TX PAI1,TRAIN,1337,3,3dc9bbe13e253e21be6ebea0be47be3c3ed13e58bdeabdfe*ac0b
RX # PAI1,TRAIN,1337,1292
TX PAI1,TRAIN,1338,3,be22beb0bf2ebf10bccbbe9a3f753f383f073f81bf5d3ce7*b47d
RX # PAI1,TRAIN,1338,1292
TX PAI1,TRAIN,1339,4,3eca3f283ec43f09bf11bd1cbe36bdf63e9b3dcdbdd1becb*0d0a
RX # PAI1,TRAIN,1339,1291
TX PAI1,TRAIN,1340,3,bdf0bea2beb1becabeb3be9d3f163c91bedfbc81be643dac*061e
RX # PAI1,TRAIN,1340,1292
TX PAI1,TRAIN,1341,4,3deb3d5dbde8bc35bd8a3e283dd8be133e073dc3be78be16*a4ac
RX # PAI1,TRAIN,1341,1291
TX PAI1,TRAIN,1342,4,bea9bd59bdc3bdb43e9f3ea83ea43e373e0c3e0fbe8fbde3*19d6
RX # PAI1,TRAIN,1342,1291
TX PAI1,TRAIN,1343,4,3e0e3df63e373e19be903e3dbd8abec8bdbcbe34bd35be3f*c8f3
RX # PAI1,TRAIN,1343,1291
TX PAI1,TRAIN,1344,4,3e79be0abec3be953e373eb63e5b3e4ebe61be12bde83d76*bfa2
RX # PAI1,TRAIN,1344,1292
TX PAI1,TRAIN,1345,4,bdeb3e893e2b3e353d183ef8be95be9abe43be823e12bdb2*e698
RX # PAI1,TRAIN,1345,1289
TX PAI1,TRAIN,1346,4,be883d953e6b3e2a3e863ed73e3abd243e503e1cbc90bd99*4677
RX # PAI1,TRAIN,1346,1292
TX PAI1,TRAIN,1347,4,be6e3f803eb73f2abdaebf0ebdab3f053e233e1ebefebf43*8575
RX # PAI1,TRAIN,1347,1291
TX PAI1,TRAIN,1348,3,be343d2a3ef53e80bd9abea2beabbea4be91bebbbc9dbe96*7e17
RX # PAI1,TRAIN,1348,1292
TX PAI1,TRAIN,1349,3,bec33ec53d293dec3b90bec0be38bdd73e443d60be34be45*d790
RX # PAI1,TRAIN,1349,1291
TX PAI1,TRAIN,1350,3,3e833e073ef73eb4bbcebebfbf16beb9bea5bed6bc2dbebd*2bc8
RX # PAI1,TRAIN,1350,1292
TX PAI1,TRAIN,1351,4,bebfbd23be9dbe8a3ea43f003cbd3e25bdfabe07bde03d55*60e9
RX # PAI1,TRAIN,1351,1290
TX PAI1,TRAIN,1352,3,3ec2bdcf3e843e11bee7beafbe2dbf0f3e2bbc953e213cab*d6c3
RX # PAI1,TRAIN,1352,1292
TX PAI1,TRAIN,1353,4,3deb3d5dbde8bc35bd8a3e283dd8be133e073dc3be78be16*ddd0
RX # PAI1,TRAIN,1353,1293
TX PAI1,TRAIN,1354,3,bec33ec53d293dec3b90bec0be38bdd73e443d60be34be45*346e
RX # PAI1,TRAIN,1354,1292
TX PAI1,TRAIN,1355,3,bf36be9cbc1fbed83efe3e09be7bbe80bef4becc3edc3ef4*24d6
RX # PAI1,TRAIN,1355,1289
TX PAI1,TRAIN,1356,3,3e833e073ef73eb4bbcebebfbf16beb9bea5bed6bc2dbebd*2069
RX # PAI1,TRAIN,1356,1292
TX PAI1,TRAIN,1357,3,3dc9bbe13e253e21be6ebea0be47be3c3ed13e58bdeabdfe*bc60
RX # PAI1,TRAIN,1357,1287
TX PAI1,TRAIN,1358,4,be883d953e6b3e2a3e863ed73e3abd243e503e1cbc90bd99*2849
RX # PAI1,TRAIN,1358,1293
TX PAI1,TRAIN,1359,4,be6e3f803eb73f2abdaebf0ebdab3f053e233e1ebefebf43*eb4b
RX # PAI1,TRAIN,1359,1289
TX PAI1,TRAIN,1360,4,3ca23e393d513e1e3e963f02bdb8bda9bd4fbe1e3e14bd24*4a77
RX # PAI1,TRAIN,1360,1291
TX PAI1,TRAIN,1361,4,bebfbd23be9dbe8a3ea43f003cbd3e25bdfabe07bde03d55*e0cc
RX # PAI1,TRAIN,1361,1292
TX PAI1,TRAIN,1362,3,3ea7be18bee9be483f06be3c3d233ee63e553e413ef13f0b*64d4
RX # PAI1,TRAIN,1362,1292
TX PAI1,TRAIN,1363,3,3f16be99be82be173e873e09be863ef7be9bbe553f1d3eff*f73b
RX # PAI1,TRAIN,1363,1292
TX PAI1,TRAIN,1364,4,bea9bd59bdc3bdb43e9f3ea83ea43e373e0c3e0fbe8fbde3*1dae
RX # PAI1,TRAIN,1364,1292
TX PAI1,TRAIN,1365,4,3eca3f283ec43f09bf11bd1cbe36bdf63e9b3dcdbdd1becb*8a06
RX # PAI1,TRAIN,1365,1293
TX PAI1,TRAIN,1366,3,3ec2bdcf3e843e11bee7beafbe2dbf0f3e2bbc953e213cab*abc7
RX # PAI1,TRAIN,1366,1291
TX PAI1,TRAIN,1367,3,3e72be013eb73e99bf04bedb3eef3f023f253f29be20bdde*5311
RX # PAI1,TRAIN,1367,1292
TX PAI1,TRAIN,1368,3,bf10bec4be95bed23ea7bcfd3ddd3ca1bf1dbec53ed63eee*b533
RX # PAI1,TRAIN,1368,1291
TX PAI1,TRAIN,1369,3,3e11bf09bf08bf1e3e913d43bec4bcfcbec2bebe3f163f3c*f542
RX # PAI1,TRAIN,1369,1292
TX PAI1,TRAIN,1370,4,3ef9bdf43ea23e7abf263e983d76bebc3ece3e8c3b8fbd92*c480
RX # PAI1,TRAIN,1370,1292
TX PAI1,TRAIN,1371,3,be22beb0bf2ebf10bccbbe9a3f753f383f073f81bf5d3ce7*3aec
RX # PAI1,TRAIN,1371,1293
TX PAI1,TRAIN,1372,3,bdf0bea2beb1becabeb3be9d3f163c91bedfbc81be643dac*70bb
RX # PAI1,TRAIN,1372,1291
TX PAI1,TRAIN,1373,3,be343d2a3ef53e80bd9abea2beabbea4be91bebbbc9dbe96*9991
RX # PAI1,TRAIN,1373,1292
TX PAI1,TRAIN,1374,4,3e0e3df63e373e19be903e3dbd8abec8bdbcbe34bd35be3f*3837
RX # PAI1,TRAIN,1374,1291
TX PAI1,TRAIN,1375,4,3e79be0abec3be953e373eb63e5b3e4ebe61be12bde83d76*44c7
RX # PAI1,TRAIN,1375,1293
TX PAI1,TRAIN,1376,4,bdeb3e893e2b3e353d183ef8be95be9abe43be823e12bdb2*eb7d
RX # PAI1,TRAIN,1376,1293
TX PAI1,TRAIN,1377,3,3f16be99be82be173e873e09be863ef7be9bbe553f1d3eff*85e6
RX # PAI1,TRAIN,1377,1292
TX PAI1,TRAIN,1378,4,be883d953e6b3e2a3e863ed73e3abd243e503e1cbc90bd99*2790
RX # PAI1,TRAIN,1378,1293
TX PAI1,TRAIN,1379,3,3e11bf09bf08bf1e3e913d43bec4bcfcbec2bebe3f163f3c*7abe
RX # PAI1,TRAIN,1379,1286
TX PAI1,TRAIN,1380,3,bf10bec4be95bed23ea7bcfd3ddd3ca1bf1dbec53ed63eee*705f
RX # PAI1,TRAIN,1380,1292
TX PAI1,TRAIN,1381,3,3dc9bbe13e253e21be6ebea0be47be3c3ed13e58bdeabdfe*18eb
RX # PAI1,TRAIN,1381,1293
TX PAI1,TRAIN,1382,3,3e72be013eb73e99bf04bedb3eef3f023f253f29be20bdde*fa7f
RX # PAI1,TRAIN,1382,1292
TX PAI1,TRAIN,1383,3,be22beb0bf2ebf10bccbbe9a3f753f383f073f81bf5d3ce7*6c9f
RX # PAI1,TRAIN,1383,1292
TX PAI1,TRAIN,1384,3,3ea7be18bee9be483f06be3c3d233ee63e553e413ef13f0b*407a
RX # PAI1,TRAIN,1384,1288
TX PAI1,TRAIN,1385,4,3e79be0abec3be953e373eb63e5b3e4ebe61be12bde83d76*e434
RX # PAI1,TRAIN,1385,1292
TX PAI1,TRAIN,1386,4,3ca23e393d513e1e3e963f02bdb8bda9bd4fbe1e3e14bd24*6ed9
RX # PAI1,TRAIN,1386,1293
TX PAI1,TRAIN,1387,3,bdf0bea2beb1becabeb3be9d3f163c91bedfbc81be643dac*5629
RX # PAI1,TRAIN,1387,1292
TX PAI1,TRAIN,1388,4,bea9bd59bdc3bdb43e9f3ea83ea43e373e0c3e0fbe8fbde3*25e3
RX # PAI1,TRAIN,1388,1292
TX PAI1,TRAIN,1389,4,3deb3d5dbde8bc35bd8a3e283dd8be133e073dc3be78be16*6e19
RX # PAI1,TRAIN,1389,1291
TX PAI1,TRAIN,1390,4,bebfbd23be9dbe8a3ea43f003cbd3e25bdfabe07bde03d55*3b7f
RX # PAI1,TRAIN,1390,1293
TX PAI1,TRAIN,1391,3,bec33ec53d293dec3b90bec0be38bdd73e443d60be34be45*92d9
RX # PAI1,TRAIN,1391,1288
TX PAI1,TRAIN,1392,3,3e833e073ef73eb4bbcebebfbf16beb9bea5bed6bc2dbebd*fd9e
RX # PAI1,TRAIN,1392,1293
TX PAI1,TRAIN,1393,4,3e0e3df63e373e19be903e3dbd8abec8bdbcbe34bd35be3f*67d9
RX # PAI1,TRAIN,1393,1286
TX PAI1,TRAIN,1394,4,bdeb3e893e2b3e353d183ef8be95be9abe43be823e12bdb2*32f2
RX # PAI1,TRAIN,1394,1290
TX PAI1,TRAIN,1395,4,3ef9bdf43ea23e7abf263e983d76bebc3ece3e8c3b8fbd92*6dee
RX # PAI1,TRAIN,1395,1292
TX PAI1,TRAIN,1396,3,be343d2a3ef53e80bd9abea2beabbea4be91bebbbc9dbe96*30ff
RX # PAI1,TRAIN,1396,1290
TX PAI1,TRAIN,1397,3,bf36be9cbc1fbed83efe3e09be7bbe80bef4becc3edc3ef4*f280
RX # PAI1,TRAIN,1397,1293
TX PAI1,TRAIN,1398,4,3eca3f283ec43f09bf11bd1cbe36bdf63e9b3dcdbdd1becb*46f7
RX # PAI1,TRAIN,1398,1292
TX PAI1,TRAIN,1399,3,3ec2bdcf3e843e11bee7beafbe2dbf0f3e2bbc953e213cab*91b6
RX # PAI1,TRAIN,1399,1291
TX PAI1,TRAIN,1400,4,be6e3f803eb73f2abdaebf0ebdab3f053e233e1ebefebf43*0f70
RX # PAI1,TRAIN,1400,1291
TX PAI1,TRAIN,1401,3,3e72be013eb73e99bf04bedb3eef3f023f253f29be20bdde*ad8d
RX # PAI1,TRAIN,1401,1291
TX PAI1,TRAIN,1402,3,bf36be9cbc1fbed83efe3e09be7bbe80bef4becc3edc3ef4*212f
RX # PAI1,TRAIN,1402,1292
TX PAI1,TRAIN,1403,3,be22beb0bf2ebf10bccbbe9a3f753f383f073f81bf5d3ce7*b6ad
RX # PAI1,TRAIN,1403,1291
TX PAI1,TRAIN,1404,3,3dc9bbe13e253e21be6ebea0be47be3c3ed13e58bdeabdfe*44b8
RX # PAI1,TRAIN,1404,1292
TX PAI1,TRAIN,1405,4,3e0e3df63e373e19be903e3dbd8abec8bdbcbe34bd35be3f*39b6
RX # PAI1,TRAIN,1405,1292
TX PAI1,TRAIN,1406,4,bdeb3e893e2b3e353d183ef8be95be9abe43be823e12bdb2*91bc
RX # PAI1,TRAIN,1406,1292
TX PAI1,TRAIN,1407,4,3e79be0abec3be953e373eb63e5b3e4ebe61be12bde83d76*c886
RX # PAI1,TRAIN,1407,1291
TX PAI1,TRAIN,1408,3,bec33ec53d293dec3b90bec0be38bdd73e443d60be34be45*5634
RX # PAI1,TRAIN,1408,1292
TX PAI1,TRAIN,1409,3,3ec2bdcf3e843e11bee7beafbe2dbf0f3e2bbc953e213cab*c478
RX # PAI1,TRAIN,1409,1291
TX PAI1,TRAIN,1410,3,bf10bec4be95bed23ea7bcfd3ddd3ca1bf1dbec53ed63eee*2591
RX # PAI1,TRAIN,1410,1293
TX PAI1,TRAIN,1411,4,bea9bd59bdc3bdb43e9f3ea83ea43e373e0c3e0fbe8fbde3*e10e
RX # PAI1,TRAIN,1411,1293
TX PAI1,TRAIN,1412,4,3ef9bdf43ea23e7abf263e983d76bebc3ece3e8c3b8fbd92*c73d
RX # PAI1,TRAIN,1412,1293
TX PAI1,TRAIN,1413,3,3e833e073ef73eb4bbcebebfbf16beb9bea5bed6bc2dbebd*5cec
RX # PAI1,TRAIN,1413,1288
TX PAI1,TRAIN,1414,3,be343d2a3ef53e80bd9abea2beabbea4be91bebbbc9dbe96*1c4d
RX # PAI1,TRAIN,1414,1290
TX PAI1,TRAIN,1415,4,3eca3f283ec43f09bf11bd1cbe36bdf63e9b3dcdbdd1becb*f0c7
RX # PAI1,TRAIN,1415,1292
TX PAI1,TRAIN,1416,4,bebfbd23be9dbe8a3ea43f003cbd3e25bdfabe07bde03d55*eaec
RX # PAI1,TRAIN,1416,1293
TX PAI1,TRAIN,1417,3,3e11bf09bf08bf1e3e913d43bec4bcfcbec2bebe3f163f3c*6e41
RX # PAI1,TRAIN,1417,1292
TX PAI1,TRAIN,1418,4,be883d953e6b3e2a3e863ed73e3abd243e503e1cbc90bd99*d2ad
RX # PAI1,TRAIN,1418,1292
TX PAI1,TRAIN,1419,3,3f16be99be82be173e873e09be863ef7be9bbe553f1d3eff*9119
RX # PAI1,TRAIN,1419,1293
TX PAI1,TRAIN,1420,3,3ea7be18bee9be483f06be3c3d233ee63e553e413ef13f0b*68b0
RX # PAI1,TRAIN,1420,1293
TX PAI1,TRAIN,1421,4,3ca23e393d513e1e3e963f02bdb8bda9bd4fbe1e3e14bd24*cbd3
RX # PAI1,TRAIN,1421,1292
TX PAI1,TRAIN,1422,4,be6e3f803eb73f2abdaebf0ebdab3f053e233e1ebefebf43*f629
RX # PAI1,TRAIN,1422,1288
TX PAI1,TRAIN,1423,4,3deb3d5dbde8bc35bd8a3e283dd8be133e073dc3be78be16*a711
RX # PAI1,TRAIN,1423,1292
TX PAI1,TRAIN,1424,3,bdf0bea2beb1becabeb3be9d3f163c91bedfbc81be643dac*0e02
RX # PAI1,TRAIN,1424,1288
TX PAI1,PREDICT,1425,bf6bbd343d32bd823f3d400ebefabf48bf46bf4e3f443ebe*588f
RX # PAI1,PREDICT,1425,108,0000,0000,bf70,3ffa
TX PAI1,PREDICT,1426,bf48bea2be5dbed63eb34003bec5bf68bf20bf283e5d3e6e*e040
RX # PAI1,PREDICT,1426,107,0000,0000,bf61,3ff3
TX PAI1,PREDICT,1427,bf8bbda1bf0bbef33f604006bf14bf38bf61bf673ec73ea5*4a57
RX # PAI1,PREDICT,1427,108,0000,0000,bf4b,3fea
TX PAI1,PREDICT,1428,bf95befbbe5ebedf3f1f3fe5be05bf45bf9ebf703e223de7*9bd2
RX # PAI1,PREDICT,1428,107,0000,0000,beeb,3fbe
TX PAI1,PREDICT,1429,bf99bea1bf0dbf3b3f7e3fa23f863eb13bd13f28bfc5befa*88a1
RX # PAI1,PREDICT,1429,107,0000,0000,bf67,3ff0
TX PAI1,PREDICT,1430,bfc6be8bbf20bf333f8a3f9e3f643eef3e663f3cbfb0beb5*de72
RX # PAI1,PREDICT,1430,105,0000,0000,bf37,3fd6
TX PAI1,PREDICT,1431,bfd2beafbf7cbf833faac0023fafbed440814057c0d1c04f*f0ea
RX # PAI1,PREDICT,1431,107,0000,0000,3e7c,3f3b
TX PAI1,PREDICT,1432,be8a3e733f063eb23d0cbec83e72bea63e683e6cbdc8be6b*6955
RX # PAI1,PREDICT,1432,108,0000,0000,3f37,3e8f
TX PAI1,PREDICT,1433,bd94bf23bf5bbf2d3f0fbef63fad3ed33c6a3f31bde73f12*6412
RX # PAI1,PREDICT,1433,107,0000,0000,3fa2,be88
TX PAI1,PREDICT,1434,bf123ddabeb1be4c3e84bea8bed4be96beb2becbbe96be5c*70a8
RX # PAI1,PREDICT,1434,107,0000,0000,3f49,3e5d
TX PAI1,PREDICT,1435,beb2bd393decbe07bdf1bedbbed4bec3be4fbeaabef9bec6*7cf6
RX # PAI1,PREDICT,1435,108,0000,0000,3f43,3e5a
TX PAI1,PREDICT,1436,bf373d73be9cbe8f3ee73ed93c343e863e003e31be8b3cfc*2e64
RX # PAI1,PREDICT,1436,107,0000,0000,3de5,3f64
TX PAI1,PREDICT,1437,bf55be4cbebdbed73ed13eb9be843e1ebdc3bdecbebbbd1a*3e02
RX # PAI1,PREDICT,1437,105,0000,0000,3e78,3f3d
TX PAI1,PREDICT,1438,bed4be78bedebee43ddb3ea33ea1bd34bdc33da1beeabcfa*6d7b
RX # PAI1,PREDICT,1438,107,0000,0000,3e7c,3f42
TX PAI1,PREDICT,1439,be84bd3bbe2bbe2a3e193eb03d663f2b3df13e32bdeb3d9c*c560
RX # PAI1,PREDICT,1439,106,0000,0000,3e31,3f51
TX PAI1,INIT,1440,12,32,1,1*b45e
RX # PAI1,INIT,1440,12,32,4
TX PAI1,TRAIN,1441,4,3f1abdc63e9e3e8cbf313eaa3b83bec33ecc3e403e10bd0a*6634
RX # PAI1,TRAIN,1441,1292
TX PAI1,TRAIN,1442,3,3ebbbdd33eb03ea5bf0fbebc3e9d3eea3f293f0bbceebd91*d6aa
RX # PAI1,TRAIN,1442,1291
TX PAI1,TRAIN,1443,4,bdd7bcc9bdd0bdc73dcb3ec03a953f1c3dbb3dc53c713de9*4e26
RX # PAI1,TRAIN,1443,1293
TX PAI1,TRAIN,1444,3,3d92bf1bbf2fbf0e3f00bed63f783ebbbca33f133c8a3f1c*ae74
RX # PAI1,TRAIN,1444,1292
TX PAI1,TRAIN,1445,3,bdf13e813ef83ebcbc7abeaa3e0abeae3e563e173d07be44*e191
RX # PAI1,TRAIN,1445,1288
TX PAI1,TRAIN,1446,3,bf09be8e3d02bea73ee23e33be64be8abf0dbedd3f173f03*794b
RX # PAI1,TRAIN,1446,1292
TX PAI1,TRAIN,1447,3,3e8dbf01bed2bf013e6e3dbabea7bd70bee3bed03f423f45*96ab
RX # PAI1,TRAIN,1447,1292
TX PAI1,TRAIN,1448,3,3ee6be00beb1bdfc3ef1be07bc353ecd3e423de13f223f14*3b68
RX # PAI1,TRAIN,1448,1292
TX PAI1,TRAIN,1449,3,3e6f3c5d3e353e47be8fbe83be3ebe523ecf3e053c76bdb1*b43e
RX # PAI1,TRAIN,1449,1293
TX PAI1,TRAIN,1450,3,bc31bea3bf09bee9bd97be7c3f2c3f283f093f5ebf473d86*465e
RX # PAI1,TRAIN,1450,1290
TX PAI1,TRAIN,1451,4,3f043f2a3ebb3f09bf1c3c07be31be133e963ce83ce8beb8*dbc5
RX # PAI1,TRAIN,1451,1293
TX PAI1,TRAIN,1452,3,3ce9be95be81be9bbecabe803ecbbc47bf01bda1bdcc3df9*f766
RX # PAI1,TRAIN,1452,1287
TX PAI1,TRAIN,1453,4,3e7f3d95bd663d30bdee3e503d1abe2b3ddc3cc4bdf6bddf*b8cd
RX # PAI1,TRAIN,1453,1291
TX PAI1,TRAIN,1454,4,be33bd02bd28bcd83e843eb93e4a3e123de73d84be23bd96*30a5
RX # PAI1,TRAIN,1454,1293
TX PAI1,TRAIN,1455,4,bf0a3da1be5fbe4c3ecc3ee8bd053e643dcc3dc3be1b3d8b*ce70
RX # PAI1,TRAIN,1455,1292
TX PAI1,TRAIN,1456,4,bf26be33be8cbea73eb63ec9be6e3df3be0dbe2ebe80b954*1f8e
RX # PAI1,TRAIN,1456,1287
TX PAI1,TRAIN,1457,4,3cfe3e913e3a3e5abc4d3f03be84bea2be76be993e93bd4c*b6d4
RX # PAI1,TRAIN,1457,1289
TX PAI1,TRAIN,1458,4,bde63dbb3e703e503e563ee63dc2bd8a3e3c3d9c3df1bd18*1668
RX # PAI1,TRAIN,1458,1285
TX PAI1,TRAIN,1459,4,bda63f803eb03f27be08befbbdd33ef03e0c3da0bec7bf3a*bf32
RX # PAI1,TRAIN,1459,1287
TX PAI1,TRAIN,1460,3,bcdf3d7a3ee43e8fbdfebe85be94beacbeafbecd3dedbe82*c3ea
RX # PAI1,TRAIN,1460,1287
TX PAI1,TRAIN,1461,3,becf3dffbe81be023e54be8bbeb2be9ebed2bedcbe31be36*db46
RX # PAI1,TRAIN,1461,1286
TX PAI1,TRAIN,1462,3,3ec43e193ee63ebebd63bea1bef5bec0bec4bee63e00bea9*1402
RX # PAI1,TRAIN,1462,1288
TX PAI1,TRAIN,1463,4,be82be5fbea8beb23d683eb43e47bd92be0d3c09beb13be1*bc1c
RX # PAI1,TRAIN,1463,1293
TX PAI1,TRAIN,1464,3,be43bcc43e0dbd87be29bebcbeb2becabe81bebdbec1beb2*a753
RX # PAI1,TRAIN,1464,1291
TX PAI1,TRAIN,1465,4,3e7f3d95bd663d30bdee3e503d1abe2b3ddc3cc4bdf6bddf*3349
RX # PAI1,TRAIN,1465,1291
TX PAI1,TRAIN,1466,3,becf3dffbe81be023e54be8bbeb2be9ebed2bedcbe31be36*aba7
RX # PAI1,TRAIN,1466,1293
TX PAI1,TRAIN,1467,3,bf09be8e3d02bea73ee23e33be64be8abf0dbedd3f173f03*0dd2
RX # PAI1,TRAIN,1467,1292
TX PAI1,TRAIN,1468,3,3ec43e193ee63ebebd63bea1bef5bec0bec4bee63e00bea9*08e1
RX # PAI1,TRAIN,1468,1288
TX PAI1,TRAIN,1469,3,3e6f3c5d3e353e47be8fbe83be3ebe523ecf3e053c76bdb1*bbe7
RX # PAI1,TRAIN,1469,1292
TX PAI1,TRAIN,1470,4,bde63dbb3e703e503e563ee63dc2bd8a3e3c3d9c3df1bd18*f3d2
RX # PAI1,TRAIN,1470,1293
TX PAI1,TRAIN,1471,4,bda63f803eb03f27be08befbbdd33ef03e0c3da0bec7bf3a*5a88
RX # PAI1,TRAIN,1471,1291
TX PAI1,TRAIN,1472,4,bdd7bcc9bdd0bdc73dcb3ec03a953f1c3dbb3dc53c713de9*b543
RX # PAI1,TRAIN,1472,1291
TX PAI1,TRAIN,1473,4,be82be5fbea8beb23d683eb43e47bd92be0d3c09beb13be1*33e0
RX # PAI1,TRAIN,1473,1286
TX PAI1,TRAIN,1474,3,3ee6be00beb1bdfc3ef1be07bc353ecd3e423de13f223f14*ac0f
RX # PAI1,TRAIN,1474,1292
TX PAI1,TRAIN,1475,3,3d92bf1bbf2fbf0e3f00bed63f783ebbbca33f133c8a3f1c*5511
RX # PAI1,TRAIN,1475,1287
TX PAI1,TRAIN,1476,4,be33bd02bd28bcd83e843eb93e4a3e123de73d84be23bd96*c9fc
RX # PAI1,TRAIN,1476,1288
TX PAI1,TRAIN,1477,4,3f043f2a3ebb3f09bf1c3c07be31be133e963ce83ce8beb8*dfbd
RX # PAI1,TRAIN,1477,1290
TX PAI1,TRAIN,1478,3,be43bcc43e0dbd87be29bebcbeb2becabe81bebdbec1beb2*3fed
RX # PAI1,TRAIN,1478,1290
TX PAI1,TRAIN,1479,3,3ebbbdd33eb03ea5bf0fbebc3e9d3eea3f293f0bbceebd91*312c
RX # PAI1,TRAIN,1479,1288
TX PAI1,TRAIN,1480,3,bdf13e813ef83ebcbc7abeaa3e0abeae3e563e173d07be44*4726
RX # PAI1,TRAIN,1480,1288
TX PAI1,TRAIN,1481,3,3e8dbf01bed2bf013e6e3dbabea7bd70bee3bed03f423f45*bddc
RX # PAI1,TRAIN,1481,1288
TX PAI1,TRAIN,1482,4,3f1abdc63e9e3e8cbf313eaa3b83bec33ecc3e403e10bd0a*cb22
RX # PAI1,TRAIN,1482,1289
TX PAI1,TRAIN,1483,3,bc31bea3bf09bee9bd97be7c3f2c3f283f093f5ebf473d86*64b4
RX # PAI1,TRAIN,1483,1289
TX PAI1,TRAIN,1484,3,3ce9be95be81be9bbecabe803ecbbc47bf01bda1bdcc3df9*53ed
RX # PAI1,TRAIN,1484,1292
TX PAI1,TRAIN,1485,3,bcdf3d7a3ee43e8fbdfebe85be94beacbeafbecd3dedbe82*6a84
RX # PAI1,TRAIN,1485,1292
TX PAI1,TRAIN,1486,4,bf0a3da1be5fbe4c3ecc3ee8bd053e643dcc3dc3be1b3d8b*ec9a
RX # PAI1,TRAIN,1486,1290
TX PAI1,TRAIN,1487,4,bf26be33be8cbea73eb63ec9be6e3df3be0dbe2ebe80b954*cbe4
RX # PAI1,TRAIN,1487,1292
TX PAI1,TRAIN,1488,4,3cfe3e913e3a3e5abc4d3f03be84bea2be76be993e93bd4c*837c
RX # PAI1,TRAIN,1488,1292
TX PAI1,TRAIN,1489,3,3d92bf1bbf2fbf0e3f00bed63f783ebbbca33f133c8a3f1c*e2a0
RX # PAI1,TRAIN,1489,1293
TX PAI1,TRAIN,1490,4,bde63dbb3e703e503e563ee63dc2bd8a3e3c3d9c3df1bd18*dcdd
RX # PAI1,TRAIN,1490,1292
TX PAI1,TRAIN,1491,3,3e8dbf01bed2bf013e6e3dbabea7bd70bee3bed03f423f45*3220
RX # PAI1,TRAIN,1491,1293
TX PAI1,TRAIN,1492,3,bdf13e813ef83ebcbc7abeaa3e0abeae3e563e173d07be44*3e5a
RX # PAI1,TRAIN,1492,1292
TX PAI1,TRAIN,1493,3,3e6f3c5d3e353e47be8fbe83be3ebe523ecf3e053c76bdb1*07f7
RX # PAI1,TRAIN,1493,1288
TX PAI1,TRAIN,1494,3,3ebbbdd33eb03ea5bf0fbebc3e9d3eea3f293f0bbceebd91*7221
RX # PAI1,TRAIN,1494,1292
TX PAI1,TRAIN,1495,3,bc31bea3bf09bee9bd97be7c3f2c3f283f093f5ebf473d86*e0e9
RX # PAI1,TRAIN,1495,1288
TX PAI1,TRAIN,1496,3,3ee6be00beb1bdfc3ef1be07bc353ecd3e423de13f223f14*7580
RX # PAI1,TRAIN,1496,1286
TX PAI1,TRAIN,1497,4,bf26be33be8cbea73eb63ec9be6e3df3be0dbe2ebe80b954*4418
RX # PAI1,TRAIN,1497,1287
TX PAI1,TRAIN,1498,4,bdd7bcc9bdd0bdc73dcb3ec03a953f1c3dbb3dc53c713de9*86af
RX # PAI1,TRAIN,1498,1292
TX PAI1,TRAIN,1499,3,3ce9be95be81be9bbecabe803ecbbc47bf01bda1bdcc3df9*b013
RX # PAI1,TRAIN,1499,1289
TX PAI1,TRAIN,1500,4,be33bd02bd28bcd83e843eb93e4a3e123de73d84be23bd96*c1ad
RX # PAI1,TRAIN,1500,1291
TX PAI1,TRAIN,1501,4,3e7f3d95bd663d30bdee3e503d1abe2b3ddc3cc4bdf6bddf*4264
RX # PAI1,TRAIN,1501,1290
TX PAI1,TRAIN,1502,4,be82be5fbea8beb23d683eb43e47bd92be0d3c09beb13be1*4b50
RX # PAI1,TRAIN,1502,1288
TX PAI1,TRAIN,1503,3,becf3dffbe81be023e54be8bbeb2be9ebed2bedcbe31be36*a1ca
RX # PAI1,TRAIN,1503,1293
TX PAI1,TRAIN,1504,3,3ec43e193ee63ebebd63bea1bef5bec0bec4bee63e00bea9*93af
RX # PAI1,TRAIN,1504,1286
TX PAI1,TRAIN,1505,4,bf0a3da1be5fbe4c3ecc3ee8bd053e643dcc3dc3be1b3d8b*c259
RX # PAI1,TRAIN,1505,1287
TX PAI1,TRAIN,1506,4,3cfe3e913e3a3e5abc4d3f03be84bea2be76be993e93bd4c*c1bd
RX # PAI1,TRAIN,1506,1292
TX PAI1,TRAIN,1507,4,3f1abdc63e9e3e8cbf313eaa3b83bec33ecc3e403e10bd0a*ee40
RX # PAI1,TRAIN,1507,1289
TX PAI1,TRAIN,1508,3,bcdf3d7a3ee43e8fbdfebe85be94beacbeafbecd3dedbe82*a585
RX # PAI1,TRAIN,1508,1292
TX PAI1,TRAIN,1509,3,bf09be8e3d02bea73ee23e33be64be8abf0dbedd3f173f03*601c
RX # PAI1,TRAIN,1509,1291
TX PAI1,TRAIN,1510,4,3f043f2a3ebb3f09bf1c3c07be31be133e963ce83ce8beb8*2350
RX # PAI1,TRAIN,1510,1287
TX PAI1,TRAIN,1511,3,be43bcc43e0dbd87be29bebcbeb2becabe81bebdbec1beb2*22c2
RX # PAI1,TRAIN,1511,1290
TX PAI1,TRAIN,1512,4,bda63f803eb03f27be08befbbdd33ef03e0c3da0bec7bf3a*5b44
RX # PAI1,TRAIN,1512,1292
TX PAI1,TRAIN,1513,3,3ebbbdd33eb03ea5bf0fbebc3e9d3eea3f293f0bbceebd91*a1c3
RX # PAI1,TRAIN,1513,1289
TX PAI1,TRAIN,1514,3,bf09be8e3d02bea73ee23e33be64be8abf0dbedd3f173f03*83e2
RX # PAI1,TRAIN,1514,1290
TX PAI1,TRAIN,1515,3,bc31bea3bf09bee9bd97be7c3f2c3f283f093f5ebf473d86*43ea
RX # PAI1,TRAIN,1515,1288
TX PAI1,TRAIN,1516,3,3e6f3c5d3e353e47be8fbe83be3ebe523ecf3e053c76bdb1*2295
RX # PAI1,TRAIN,1516,1290
TX PAI1,TRAIN,1517,4,bf0a3da1be5fbe4c3ecc3ee8bd053e643dcc3dc3be1b3d8b*bb25
RX # PAI1,TRAIN,1517,1285
TX PAI1,TRAIN,1518,4,3cfe3e913e3a3e5abc4d3f03be84bea2be76be993e93bd4c*af83
RX # PAI1,TRAIN,1518,1293
TX PAI1,TRAIN,1519,4,bf26be33be8cbea73eb63ec9be6e3df3be0dbe2ebe80b954*06d9
RX # PAI1,TRAIN,1519,1289
TX PAI1,TRAIN,1520,3,becf3dffbe81be023e54be8bbeb2be9ebed2bedcbe31be36*23d3
RX # PAI1,TRAIN,1520,1288
TX PAI1,TRAIN,1521,3,be43bcc43e0dbd87be29bebcbeb2becabe81bebdbec1beb2*a2e7
RX # PAI1,TRAIN,1521,1289
TX PAI1,TRAIN,1522,3,bdf13e813ef83ebcbc7abeaa3e0abeae3e563e173d07be44*1d7c
RX # PAI1,TRAIN,1522,1289
TX PAI1,TRAIN,1523,4,be33bd02bd28bcd83e843eb93e4a3e123de73d84be23bd96*43b4
RX # PAI1,TRAIN,1523,1288
TX PAI1,TRAIN,1524,4,3f1abdc63e9e3e8cbf313eaa3b83bec33ecc3e403e10bd0a*6c59
RX # PAI1,TRAIN,1524,1293
TX PAI1,TRAIN,1525,3,3ec43e193ee63ebebd63bea1bef5bec0bec4bee63e00bea9*e736
RX # PAI1,TRAIN,1525,1291
TX PAI1,TRAIN,1526,3,bcdf3d7a3ee43e8fbdfebe85be94beacbeafbecd3dedbe82*4b9e
RX # PAI1,TRAIN,1526,1287
TX PAI1,TRAIN,1527,4,3f043f2a3ebb3f09bf1c3c07be31be133e963ce83ce8beb8*d394
RX # PAI1,TRAIN,1527,1287
TX PAI1,TRAIN,1528,4,be82be5fbea8beb23d683eb43e47bd92be0d3c09beb13be1*586a
RX # PAI1,TRAIN,1528,1288
TX PAI1,TRAIN,1529,3,3e8dbf01bed2bf013e6e3dbabea7bd70bee3bed03f423f45*fb65
RX # PAI1,TRAIN,1529,1290
TX PAI1,TRAIN,1530,4,bde63dbb3e703e503e563ee63dc2bd8a3e3c3d9c3df1bd18*7007
RX # PAI1,TRAIN,1530,1289
TX PAI1,TRAIN,1531,3,3d92bf1bbf2fbf0e3f00bed63f783ebbbca33f133c8a3f1c*2be5
RX # PAI1,TRAIN,1531,1291
TX PAI1,TRAIN,1532,3,3ee6be00beb1bdfc3ef1be07bc353ecd3e423de13f223f14*247b
RX # PAI1,TRAIN,1532,1290
TX PAI1,TRAIN,1533,4,bdd7bcc9bdd0bdc73dcb3ec03a953f1c3dbb3dc53c713de9*4dd6
RX # PAI1,TRAIN,1533,1289
TX PAI1,TRAIN,1534,4,bda63f803eb03f27be08befbbdd33ef03e0c3da0bec7bf3a*5f3c
RX # PAI1,TRAIN,1534,1291
TX PAI1,TRAIN,1535,4,3e7f3d95bd663d30bdee3e503d1abe2b3ddc3cc4bdf6bddf*3f60
RX # PAI1,TRAIN,1535,1292
TX PAI1,TRAIN,1536,3,3ce9be95be81be9bbecabe803ecbbc47bf01bda1bdcc3df9*864b
RX # PAI1,TRAIN,1536,1291
TX PAI1,PREDICT,1537,bf44beb63d68bdf33ec73fffbebabf46bf97bf773f4b3ea7*7233
RX # PAI1,PREDICT,1537,104,0000,0000,bf29,3fd6
TX PAI1,PREDICT,1538,bec0be633e03bd873deb3feabf07bf7ebf9fbf883f5f3e9f*08d8
RX # PAI1,PREDICT,1538,106,0000,0000,bf13,3fcc
TX PAI1,PREDICT,1539,be9cbece3dfdbdb43e3a3fc7bf09bf17bfb4bf923f633ea0*90c1
RX # PAI1,PREDICT,1539,105,0000,0000,bec4,3fb0
TX PAI1,PREDICT,1540,bf50be5cbdffbe483f1d3fd6bf19bf60bfa1bf8b3f303e88*d4c7
RX # PAI1,PREDICT,1540,106,0000,0000,bed8,3fba
TX PAI1,PREDICT,1541,bf293d8f3c9c3db23ee53f323f9f3f1040044003bf68bc93*2fd0
RX # PAI1,PREDICT,1541,107,0000,0000,beba,3fad
TX PAI1,PREDICT,1542,3f97beb4befa3d863e2a3fcb3f813f813fe93fd0bf79be47*3446
RX # PAI1,PREDICT,1542,107,0000,0000,bfa4,4011
TX PAI1,PREDICT,1543,3fc5beaebf77bec93f603fbd3f253f463f4e3f5ebfa8beb8*df1d
RX # PAI1,PREDICT,1543,107,0000,0000,bfaf,4017
TX PAI1,PREDICT,1544,becabeb6be53bea33e8c3c7c3d22bc2abf33bed63f143f00*97e8
RX # PAI1,PREDICT,1544,107,0000,0000,3f76,3cfc
TX PAI1,PREDICT,1545,3f33be8cbe34bda43e5a3e33be723eddbeb9be833f493f08*4e7b
RX # PAI1,PREDICT,1545,107,0000,0000,3f14,3ed6
TX PAI1,PREDICT,1546,be643ecb3d993e21bd37bea2be33be053e30bc5fbd4dbe1e*c613
RX # PAI1,PREDICT,1546,106,0000,0000,3f36,3e9e
TX PAI1,PREDICT,1547,3f00bda13e843e39befdbe91be2bbf103e15bda53e9b3d6e*003a
RX # PAI1,PREDICT,1547,104,0000,0000,3f83,bcd0
TX PAI1,PREDICT,1548,3e8b3e0d3e453e40bea73e65bdbabecebe0abe683db7be18*2f9e
RX # PAI1,PREDICT,1548,108,0000,0000,3e91,3f39
TX PAI1,PREDICT,1549,3ebebde5be91be573e033ec73df33e27be8bbe483c843dc7*e275
RX # PAI1,PREDICT,1549,105,0000,0000,3d7c,3f6e
TX PAI1,PREDICT,1550,be5dbc99be61be433e893f07bcc13dffbe2bbe3e3ca53db7*3471
RX # PAI1,PREDICT,1550,107,0000,0000,bd24,3f86
TX PAI1,PREDICT,1551,3e233e4b3daa3e453e773f09bddcbdddbdb8be533e94bb2b*c8c1
RX # PAI1,PREDICT,1551,105,0000,0000,bdae,3f8b
TX PAI1,INIT,1552,12,32,1,1*52fb
RX # PAI1,INIT,1552,12,32,4
TX PAI1,TRAIN,1553,4,3f08bdc23eba3eb6bf3f3e8db9d5bebc3f043e863ddcbd9f*8faa
RX # PAI1,TRAIN,1553,1287
TX PAI1,TRAIN,1554,3,be4cb98f3e3cbd3cbe4cbed8bec0bec3be60beb6bedbbeee*42bc
RX # PAI1,TRAIN,1554,1286
TX PAI1,TRAIN,1555,4,bdf6ba8bbd8fbdaa3d983ea3bb623f223e2e3e25bcba3dd5*40b4
RX # PAI1,TRAIN,1555,1289
TX PAI1,TRAIN,1556,3,bec7bedcbe39beb03e83bd263d193bbebf38bed23f0f3f15*2e20
RX # PAI1,TRAIN,1556,1288
TX PAI1,TRAIN,1557,3,be073eb83f0c3eefbd34bec63e0fbea73e9b3e5fbb81be8b*f4a8
RX # PAI1,TRAIN,1557,1288
TX PAI1,TRAIN,1558,3,bd463de13f023eb9be20bea2bea0bea6bea3bec73da7beb3*f129
RX # PAI1,TRAIN,1558,1291
TX PAI1,TRAIN,1559,3,be6a3f0c3def3e5fbd99bebebe43bdeb3e853d20bdb7be67*c2b4
RX # PAI1,TRAIN,1559,1288
TX PAI1,TRAIN,1560,3,3ec9be07bea8bde93eebbe40bc863ed83e8f3e343f1e3f2d*92cc
RX # PAI1,TRAIN,1560,1287
TX PAI1,TRAIN,1561,3,3ee1bd923e9f3e7cbf0abeaebe3abf0d3e6cbd103e8c3d11*28a2
RX # PAI1,TRAIN,1561,1287
TX PAI1,TRAIN,1562,4,3dfc3e933e003e853e623ef6bdf4bdbebd0cbe323e85bd21*23ad
RX # PAI1,TRAIN,1562,1288
TX PAI1,TRAIN,1563,4,3ee83f653ed93f2bbf29bd43be41be043ecb3dafbc0ebef5*777b
RX # PAI1,TRAIN,1563,1287
TX PAI1,TRAIN,1564,3,3f1fbea6be18bd803e453df2be833ee7beafbe6b3f463f1f*ae2c
RX # PAI1,TRAIN,1564,1287
TX PAI1,TRAIN,1565,3,bd08bec3bf08bf01bdd6be9a3f363f2e3f2c3f82bf583d36*456e
RX # PAI1,TRAIN,1565,1287
TX PAI1,TRAIN,1566,4,be643bd6be47be463e7e3ef2bcf33e11bdf8be1bbc8c3d97*90f7
RX # PAI1,TRAIN,1566,1288
TX PAI1,TRAIN,1567,4,be3dbc2bbbbd3a553e763e9c3e523e243e473e00be4fbe01*ce86
RX # PAI1,TRAIN,1567,1286
TX PAI1,TRAIN,1568,4,bf053e08be46be513ec43ecbbd213e773e373e24be473d43*9725
RX # PAI1,TRAIN,1568,1289
TX PAI1,TRAIN,1569,4,bf1fbe4abe81beb53ead3eacbe813e0bbdb5be09be97bd14*60ff
RX # PAI1,TRAIN,1569,1291
TX PAI1,TRAIN,1570,4,3e693e573e773e82bebb3e2bbdcfbec8bdaebe493d5fbe60*1017
RX # PAI1,TRAIN,1570,1292
TX PAI1,TRAIN,1571,4,be023e193e923e8b3e413ec93dc5bd543e8c3e0e3dabbda7*2ddc
RX # PAI1,TRAIN,1571,1289
TX PAI1,TRAIN,1572,4,3ea4bdeabe86be5e3dd53eaa3df93e3abe76be26bcae3dab*96b2
RX # PAI1,TRAIN,1572,1289
TX PAI1,TRAIN,1573,3,3ea93e663f033ef1bdafbebebf03beb9bebabee33dbabee3*20dd
RX # PAI1,TRAIN,1573,1289
TX PAI1,TRAIN,1574,3,3d2dbf41bf30bf203efcbef33f833ec63d363f30bca83f37*4fcd
RX # PAI1,TRAIN,1574,1291
TX PAI1,TRAIN,1575,3,3b3dbeb2be6cbea7bedfbe9c3ed63b84bf00bd06be103de8*0713
RX # PAI1,TRAIN,1575,1290
TX PAI1,TRAIN,1576,4,be84be81be9ebec33cf83e973e4fbd64bdb63d82becbbce2*6b80
RX # PAI1,TRAIN,1576,1290
TX PAI1,TRAIN,1577,3,becb3e45be6bbdf23e3ebea8bec0be97becbbed8be5ebe82*5bac
RX # PAI1,TRAIN,1577,1293
TX PAI1,TRAIN,1578,3,3b3dbeb2be6cbea7bedfbe9c3ed63b84bf00bd06be103de8*6b11
RX # PAI1,TRAIN,1578,1286
TX PAI1,TRAIN,1579,3,becb3e45be6bbdf23e3ebea8bec0be97becbbed8be5ebe82*ba6e
RX # PAI1,TRAIN,1579,1290
TX PAI1,TRAIN,1580,3,bd463de13f023eb9be20bea2bea0bea6bea3bec73da7beb3*b460
RX # PAI1,TRAIN,1580,1290
TX PAI1,TRAIN,1581,3,3ee1bd923e9f3e7cbf0abeaebe3abf0d3e6cbd103e8c3d11*07ad
RX # PAI1,TRAIN,1581,1293
TX PAI1,TRAIN,1582,3,bec7bedcbe39beb03e83bd263d193bbebf38bed23f0f3f15*7c2b
RX # PAI1,TRAIN,1582,1290
TX PAI1,TRAIN,1583,4,be643bd6be47be463e7e3ef2bcf33e11bdf8be1bbc8c3d97*3999
RX # PAI1,TRAIN,1583,1293
TX PAI1,TRAIN,1584,3,3ec9be07bea8bde93eebbe40bc863ed83e8f3e343f1e3f2d*40e2
RX # PAI1,TRAIN,1584,1291
TX PAI1,TRAIN,1585,4,be023e193e923e8b3e413ec93dc5bd543e8c3e0e3dabbda7*700e
RX # PAI1,TRAIN,1585,1291
TX PAI1,TRAIN,1586,4,3ea4bdeabe86be5e3dd53eaa3df93e3abe76be26bcae3dab*cb60
RX # PAI1,TRAIN,1586,1289
TX PAI1,TRAIN,1587,4,bdf6ba8bbd8fbdaa3d983ea3bb623f223e2e3e25bcba3dd5*191e
RX # PAI1,TRAIN,1587,1288
TX PAI1,TRAIN,1588,4,be84be81be9ebec33cf83e973e4fbd64bdb63d82becbbce2*2ab1
RX # PAI1,TRAIN,1588,1289
TX PAI1,TRAIN,1589,3,be073eb83f0c3eefbd34bec63e0fbea73e9b3e5fbb81be8b*ba40
RX # PAI1,TRAIN,1589,1290
TX PAI1,TRAIN,1590,3,3d2dbf41bf30bf203efcbef33f833ec63d363f30bca83f37*9de3
RX # PAI1,TRAIN,1590,1291
TX PAI1,TRAIN,1591,4,be3dbc2bbbbd3a553e763e9c3e523e243e473e00be4fbe01*65d4
RX # PAI1,TRAIN,1591,1288
TX PAI1,TRAIN,1592,4,3ee83f653ed93f2bbf29bd43be41be043ecb3dafbc0ebef5*acc8
RX # PAI1,TRAIN,1592,1286
TX PAI1,TRAIN,1593,3,be4cb98f3e3cbd3cbe4cbed8bec0bec3be60beb6bedbbeee*128b
RX # PAI1,TRAIN,1593,1289
TX PAI1,TRAIN,1594,3,3f1fbea6be18bd803e453df2be833ee7beafbe6b3f463f1f*0edf
RX # PAI1,TRAIN,1594,1291
TX PAI1,TRAIN,1595,3,be6a3f0c3def3e5fbd99bebebe43bdeb3e853d20bdb7be67*f520
RX # PAI1,TRAIN,1595,1291
TX PAI1,TRAIN,1596,4,3f08bdc23eba3eb6bf3f3e8db9d5bebc3f043e863ddcbd9f*291d
RX # PAI1,TRAIN,1596,1291
TX PAI1,TRAIN,1597,4,3dfc3e933e003e853e623ef6bdf4bdbebd0cbe323e85bd21*053f
RX # PAI1,TRAIN,1597,1292
TX PAI1,TRAIN,1598,3,bd08bec3bf08bf01bdd6be9a3f363f2e3f2c3f82bf583d36*899f
RX # PAI1,TRAIN,1598,1291
TX PAI1,TRAIN,1599,3,3ea93e663f033ef1bdafbebebf03beb9bebabee33dbabee3*1331
RX # PAI1,TRAIN,1599,1289
TX PAI1,TRAIN,1600,4,bf053e08be46be513ec43ecbbd213e773e373e24be473d43*d9a5
RX # PAI1,TRAIN,1600,1289
TX PAI1,TRAIN,1601,4,bf1fbe4abe81beb53ead3eacbe813e0bbdb5be09be97bd14*2e7f
RX # PAI1,TRAIN,1601,1288
TX PAI1,TRAIN,1602,4,3e693e573e773e82bebb3e2bbdcfbec8bdaebe493d5fbe60*cd88
RX # PAI1,TRAIN,1602,1289
TX PAI1,TRAIN,1603,3,3d2dbf41bf30bf203efcbef33f833ec63d363f30bca83f37*1433
RX # PAI1,TRAIN,1603,1289
TX PAI1,TRAIN,1604,3,3f1fbea6be18bd803e453df2be833ee7beafbe6b3f463f1f*0acf
RX # PAI1,TRAIN,1604,1290
TX PAI1,TRAIN,1605,4,3dfc3e933e003e853e623ef6bdf4bdbebd0cbe323e85bd21*f7af
RX # PAI1,TRAIN,1605,1286
TX PAI1,TRAIN,1606,4,be023e193e923e8b3e413ec93dc5bd543e8c3e0e3dabbda7*7622
RX # PAI1,TRAIN,1606,1292
TX PAI1,TRAIN,1607,3,3ec9be07bea8bde93eebbe40bc863ed83e8f3e343f1e3f2d*46ce
RX # PAI1,TRAIN,1607,1286
TX PAI1,TRAIN,1608,3,bec7bedcbe39beb03e83bd263d193bbebf38bed23f0f3f15*eb24
RX # PAI1,TRAIN,1608,1286
TX PAI1,TRAIN,1609,3,3ee1bd923e9f3e7cbf0abeaebe3abf0d3e6cbd103e8c3d11*6622
RX # PAI1,TRAIN,1609,1290
TX PAI1,TRAIN,1610,3,be6a3f0c3def3e5fbd99bebebe43bdeb3e853d20bdb7be67*f8ad
RX # PAI1,TRAIN,1610,1286
TX PAI1,TRAIN,1611,3,bd08bec3bf08bf01bdd6be9a3f363f2e3f2c3f82bf583d36*9350
RX # PAI1,TRAIN,1611,1293
TX PAI1,TRAIN,1612,4,bf1fbe4abe81beb53ead3eacbe813e0bbdb5be09be97bd14*2c43
RX # PAI1,TRAIN,1612,1293
TX PAI1,TRAIN,1613,4,bdf6ba8bbd8fbdaa3d983ea3bb623f223e2e3e25bcba3dd5*e02f
RX # PAI1,TRAIN,1613,1291
TX PAI1,TRAIN,1614,3,be073eb83f0c3eefbd34bec63e0fbea73e9b3e5fbb81be8b*d252
RX # PAI1,TRAIN,1614,1292
TX PAI1,TRAIN,1615,4,be3dbc2bbbbd3a553e763e9c3e523e243e473e00be4fbe01*1319
RX # PAI1,TRAIN,1615,1291
TX PAI1,TRAIN,1616,4,be643bd6be47be463e7e3ef2bcf33e11bdf8be1bbc8c3d97*bbe8
RX # PAI1,TRAIN,1616,1292
TX PAI1,TRAIN,1617,4,be84be81be9ebec33cf83e973e4fbd64bdb63d82becbbce2*b423
RX # PAI1,TRAIN,1617,1288
TX PAI1,TRAIN,1618,3,bd463de13f023eb9be20bea2bea0bea6bea3bec73da7beb3*5a13
RX # PAI1,TRAIN,1618,1292
TX PAI1,TRAIN,1619,3,be4cb98f3e3cbd3cbe4cbed8bec0bec3be60beb6bedbbeee*8584
RX # PAI1,TRAIN,1619,1290
TX PAI1,TRAIN,1620,3,3b3dbeb2be6cbea7bedfbe9c3ed63b84bf00bd06be103de8*a5b4
RX # PAI1,TRAIN,1620,1290
TX PAI1,TRAIN,1621,4,bf053e08be46be513ec43ecbbd213e773e373e24be473d43*ad3c
RX # PAI1,TRAIN,1621,1288
TX PAI1,TRAIN,1622,4,3e693e573e773e82bebb3e2bbdcfbec8bdaebe493d5fbe60*c251
RX # PAI1,TRAIN,1622,1289
TX PAI1,TRAIN,1623,4,3f08bdc23eba3eb6bf3f3e8db9d5bebc3f043e863ddcbd9f*a4b5
RX # PAI1,TRAIN,1623,1291
TX PAI1,TRAIN,1624,3,3ea93e663f033ef1bdafbebebf03beb9bebabee33dbabee3*74fa
RX # PAI1,TRAIN,1624,1289
TX PAI1,TRAIN,1625,4,3ea4bdeabe86be5e3dd53eaa3df93e3abe76be26bcae3dab*c295
RX # PAI1,TRAIN,1625,1294
TX PAI1,TRAIN,1626,4,3ee83f653ed93f2bbf29bd43be41be043ecb3dafbc0ebef5*5a20
RX # PAI1,TRAIN,1626,1289
TX PAI1,TRAIN,1627,3,becb3e45be6bbdf23e3ebea8bec0be97becbbed8be5ebe82*7f6a
RX # PAI1,TRAIN,1627,1292
TX PAI1,TRAIN,1628,3,be4cb98f3e3cbd3cbe4cbed8bec0bec3be60beb6bedbbeee*7ee1
RX # PAI1,TRAIN,1628,1286
TX PAI1,TRAIN,1629,4,3e693e573e773e82bebb3e2bbdcfbec8bdaebe493d5fbe60*a5f2
RX # PAI1,TRAIN,1629,1286
TX PAI1,TRAIN,1630,4,3dfc3e933e003e853e623ef6bdf4bdbebd0cbe323e85bd21*f1eb
RX # PAI1,TRAIN,1630,1291
TX PAI1,TRAIN,1631,3,3d2dbf41bf30bf203efcbef33f833ec63d363f30bca83f37*6296
RX # PAI1,TRAIN,1631,1291
TX PAI1,TRAIN,1632,3,3ec9be07bea8bde93eebbe40bc863ed83e8f3e343f1e3f2d*408a
RX # PAI1,TRAIN,1632,1291
TX PAI1,TRAIN,1633,4,3ee83f653ed93f2bbf29bd43be41be043ecb3dafbc0ebef5*53bd
RX # PAI1,TRAIN,1633,1293
TX PAI1,TRAIN,1634,3,bec7bedcbe39beb03e83bd263d193bbebf38bed23f0f3f15*7c43
RX # PAI1,TRAIN,1634,1289
TX PAI1,TRAIN,1635,3,be6a3f0c3def3e5fbd99bebebe43bdeb3e853d20bdb7be67*7115
RX # PAI1,TRAIN,1635,1290
TX PAI1,TRAIN,1636,3,bd08bec3bf08bf01bdd6be9a3f363f2e3f2c3f82bf583d36*ec68
RX # PAI1,TRAIN,1636,1291
TX PAI1,TRAIN,1637,3,3b3dbeb2be6cbea7bedfbe9c3ed63b84bf00bd06be103de8*5aa9
RX # PAI1,TRAIN,1637,1287
TX PAI1,TRAIN,1638,4,bf053e08be46be513ec43ecbbd213e773e373e24be473d43*b3e3
RX # PAI1,TRAIN,1638,1290
TX PAI1,TRAIN,1639,4,bf1fbe4abe81beb53ead3eacbe813e0bbdb5be09be97bd14*4439
RX # PAI1,TRAIN,1639,1291
TX PAI1,TRAIN,1640,3,3f1fbea6be18bd803e453df2be833ee7beafbe6b3f463f1f*e85c
RX # PAI1,TRAIN,1640,1287
TX PAI1,TRAIN,1641,3,becb3e45be6bbdf23e3ebea8bec0be97becbbed8be5ebe82*64a0
RX # PAI1,TRAIN,1641,1286
TX PAI1,TRAIN,1642,4,be84be81be9ebec33cf83e973e4fbd64bdb63d82becbbce2*a20c
RX # PAI1,TRAIN,1642,1289
TX PAI1,TRAIN,1643,3,3ea93e663f033ef1bdafbebebf03beb9bebabee33dbabee3*1470
RX # PAI1,TRAIN,1643,1288
TX PAI1,TRAIN,1644,4,be3dbc2bbbbd3a553e763e9c3e523e243e473e00be4fbe01*f817
RX # PAI1,TRAIN,1644,1288
TX PAI1,TRAIN,1645,4,3f08bdc23eba3eb6bf3f3e8db9d5bebc3f043e863ddcbd9f*bf7f
RX # PAI1,TRAIN,1645,1289
TX PAI1,TRAIN,1646,3,3ee1bd923e9f3e7cbf0abeaebe3abf0d3e6cbd103e8c3d11*e312
RX # PAI1,TRAIN,1646,1290
TX PAI1,TRAIN,1647,4,be023e193e923e8b3e413ec93dc5bd543e8c3e0e3dabbda7*12d0
RX # PAI1,TRAIN,1647,1288
TX PAI1,TRAIN,1648,3,be073eb83f0c3eefbd34bec63e0fbea73e9b3e5fbb81be8b*555e
RX # PAI1,TRAIN,1648,1285
TX PAI1,TRAIN,1649,3,bd463de13f023eb9be20bea2bea0bea6bea3bec73da7beb3*b11d
RX # PAI1,TRAIN,1649,1291
TX PAI1,TRAIN,1650,4,bdf6ba8bbd8fbdaa3d983ea3bb623f223e2e3e25bcba3dd5*725d
RX # PAI1,TRAIN,1650,1291
TX PAI1,TRAIN,1651,4,3ea4bdeabe86be5e3dd53eaa3df93e3abe76be26bcae3dab*a023
RX # PAI1,TRAIN,1651,1290
TX PAI1,TRAIN,1652,4,be643bd6be47be463e7e3ef2bcf33e11bdf8be1bbc8c3d97*597b
RX # PAI1,TRAIN,1652,1291
TX PAI1,PREDICT,1653,be42be5d3ec43ea23eaa3fd8bf23bf34bfc5bfa43fab3ed5*df3e
RX # PAI1,PREDICT,1653,106,0000,0000,bf10,3fc7
TX PAI1,PREDICT,1654,bf47bea03d14be1c3ef43ff4befabf2abf9fbf833f153e67*ceb6
RX # PAI1,PREDICT,1654,107,0000,0000,bf6a,3ff6
TX PAI1,PREDICT,1655,bed8beca3e9a3df93dd33fe7bf16bf34bfbebf9f3f773e87*887e
RX # PAI1,PREDICT,1655,106,0000,0000,bf35,3fdd
TX PAI1,PREDICT,1656,bf68bf13be93bf113eea4000bf2dbf79bfbfbfa43e9d3e53*91f2
RX # PAI1,PREDICT,1656,107,0000,0000,bf4c,3feb
TX PAI1,PREDICT,1657,bfabbe0abf01bf403f9a3f9f3fa83f093f083fb3bff3bf07*2ca5
RX # PAI1,PREDICT,1657,107,0000,0000,bf82,3ffd
TX PAI1,PREDICT,1658,bfc2be95bf33bf623fa33fa53f373f193f583f62bfcdbebe*cf87
RX # PAI1,PREDICT,1658,106,0000,0000,bf84,4000
TX PAI1,PREDICT,1659,bfbfbe80bf60bf823f8a3f923fa53e9c3de23fadbffdbed1*9522
RX # PAI1,PREDICT,1659,107,0000,0000,bf4c,3fe4
TX PAI1,PREDICT,1660,3e443d463e663e86bea2bea0be4fbe433f063e4bbcb8be11*a64f
RX # PAI1,PREDICT,1660,107,0000,0000,3f4c,3e64
TX PAI1,PREDICT,1661,3ea0bdd33ece3ed4bf1bbed83ea43ef43f503f28bd8bbdfd*781d
RX # PAI1,PREDICT,1661,107,0000,0000,3f56,3e01
TX PAI1,PREDICT,1662,3e6cbf20becbbf113e593d0fbeb4bd2fbedebeca3f3e3f69*f838
RX # PAI1,PREDICT,1662,108,0000,0000,3f73,3d74
TX PAI1,PREDICT,1663,bf05bea93d92beb63edc3df2be78be83bf0dbed93f123f18*290e
RX # PAI1,PREDICT,1663,106,0000,0000,3f4a,3e52
TX PAI1,PREDICT,1664,3bac3ecc3e6b3e91bd293ee9be8fbe9cbe51be8d3e84bdc7*981f
RX # PAI1,PREDICT,1664,106,0000,0000,3d50,3f77
TX PAI1,PREDICT,1665,bdc93fab3ecd3f4ebe2abf0cbdea3efb3e623e10bee1bf6e*e4aa
RX # PAI1,PREDICT,1665,105,0000,0000,3f11,3edc
TX PAI1,PREDICT,1666,3e533e01bcb23daabe183e163d11be1c3e403da5be26be2e*6408
RX # PAI1,PREDICT,1666,106,0000,0000,3e78,3f44
TX PAI1,INIT,1667,12,32,1,1*11cf
RX # PAI1,INIT,1667,12,32,4
TX PAI1,TRAIN,1668,3,be7f3edb3dbb3e32bd61beb5be32bdef3e623d1fbde4be46*fb9b
RX # PAI1,TRAIN,1668,1290
TX PAI1,TRAIN,1669,3,3e413c933e4f3e5dbe99be96be3fbe463eeb3e48bd43bdfa*6cee
RX # PAI1,TRAIN,1669,1286
TX PAI1,TRAIN,1670,4,be0bbcbabdd0bdd43dc23eab3cc33f243e0e3e22bd443db2*ae05
RX # PAI1,TRAIN,1670,1289
TX PAI1,TRAIN,1671,4,3f0bbdcd3eb13e9abf3a3e943cdebebf3ee73e843d9bbd8a*2c1d
RX # PAI1,TRAIN,1671,1291
TX PAI1,TRAIN,1672,4,be50bcfabd10bcd53e853ea43e7b3e253e243dfebe60bdde*b16c
RX # PAI1,TRAIN,1672,1292
TX PAI1,TRAIN,1673,3,3ea1bddb3ec53eb6bf17becf3ebc3ef73f383f25bdbabdd9*92db
RX # PAI1,TRAIN,1673,1290
TX PAI1,TRAIN,1674,4,3df13e5c3dcd3e5a3e783efdbdcabdc2bd40be2f3e63bd0e*76da
RX # PAI1,TRAIN,1674,1289
TX PAI1,TRAIN,1675,3,3eaa3e273f003ed0bd87beb4bf04bebcbeb1bede3d77bec2*33bc
RX # PAI1,TRAIN,1675,1293
TX PAI1,TRAIN,1676,3,be5fbcb53e24bd8dbe39becfbebdbec6be5bbeb3bedebecb*9c99
RX # PAI1,TRAIN,1676,1288
TX PAI1,TRAIN,1677,3,3d08bf25bf3dbf1b3f03bee93f8e3ec83cca3f2dbd3c3f1b*19e4
RX # PAI1,TRAIN,1677,1289
TX PAI1,TRAIN,1678,3,bbfebe9dbe89bea8bed6be933ef13b5fbef1bd01be243dc3*1a69
RX # PAI1,TRAIN,1678,1287
TX PAI1,TRAIN,1679,3,3e6bbf09bee0bf0c3e6f3d51beb0bd34bed1bec63f2e3f46*f314
RX # PAI1,TRAIN,1679,1290
TX PAI1,TRAIN,1680,3,be173e8c3f093ecebcc6bebd3e33beaa3e843e5cbcf6be6e*32d6
RX # PAI1,TRAIN,1680,1290
TX PAI1,TRAIN,1681,3,bed4bec1be5dbeb03e8ebcc53d893baabf2bbecd3f013efd*c769
RX # PAI1,TRAIN,1681,1292
TX PAI1,TRAIN,1682,3,bd3abeacbf14befcbdaebe913f473f303f183f7fbf543d16*8ab4
RX # PAI1,TRAIN,1682,1291
TX PAI1,TRAIN,1683,4,3eec3f373ed03f17bf24bcffbe30be063eb03dadbd0dbed1*0798
RX # PAI1,TRAIN,1683,1292
TX PAI1,TRAIN,1684,3,3f23be94be3bbdad3e5a3e09be7a3eeabea6be663f363f07*1200
RX # PAI1,TRAIN,1684,1289
TX PAI1,TRAIN,1685,4,bbad3e9d3e543e71bcaf3ef0be89be9ebe4ebe8a3e61bdac*f396
RX # PAI1,TRAIN,1685,1290
TX PAI1,TRAIN,1686,4,be78bc87be6cbe523e8a3ef9bb803e13be00be18bd2e3d7c*0c6a
RX # PAI1,TRAIN,1686,1290
TX PAI1,TRAIN,1687,4,bf0d3db3be6abe5c3ecf3ed3bc673e793e163e21be593d21*8d79
RX # PAI1,TRAIN,1687,1293
TX PAI1,TRAIN,1688,4,bf29be3cbe94beb53eb93eb4be753e0cbdc4be06be9dbd03*193a
RX # PAI1,TRAIN,1688,1288
TX PAI1,TRAIN,1689,4,3e673e1b3e603e55beb23e3bbda3becbbdbdbe453cd0be40*a580
RX # PAI1,TRAIN,1689,1289
TX PAI1,TRAIN,1690,4,be123dd03e883e663e563ed13e04bd5a3e6e3e0c3d59bd91*49ce
RX # PAI1,TRAIN,1690,1292
TX PAI1,TRAIN,1691,4,3ea5bdeebe99be683dff3eb13e203e3bbe6fbe23bd3e3d8f*1637
RX # PAI1,TRAIN,1691,1292
TX PAI1,TRAIN,1692,4,3e513da7bd543d4cbe043e263d85be1f3e1e3da3be38be15*e09c
RX # PAI1,TRAIN,1692,1290
TX PAI1,TRAIN,1693,3,bd7b3d8d3efe3e9dbe0cbe99be9bbea8be9cbec33d53be99*d17a
RX # PAI1,TRAIN,1693,1291
TX PAI1,TRAIN,1694,3,bed93e0cbe88be0b3e54be9ebebdbe9abec0bed4be6ebe5f*0979
RX # PAI1,TRAIN,1694,1291
TX PAI1,TRAIN,1695,4,bde73f8a3ec53f37be16bf07bdbf3efe3e3d3e0ebee3bf4a*b95a
RX # PAI1,TRAIN,1695,1291
TX PAI1,TRAIN,1696,3,3ee5bda53e953e4dbf06bea4be29bf0f3e46bd0b3e703cee*ef65
RX # PAI1,TRAIN,1696,1288
TX PAI1,TRAIN,1697,4,be8fbe6bbeb3bec13d4f3e9f3e77bd6abdc53d81becebcca*5163
RX # PAI1,TRAIN,1697,1290
TX PAI1,TRAIN,1698,3,3ecbbe05bebcbe063ef6be2e3c263eda3e743e323f0f3f13*12d0
RX # PAI1,TRAIN,1698,1287
TX PAI1,TRAIN,1699,3,bf0dbe963d35beb53ee73e09be6abe85bf04bed53f043f01*1d76
RX # PAI1,TRAIN,1699,1291
TX PAI1,TRAIN,1700,3,3e413c933e4f3e5dbe99be96be3fbe463eeb3e48bd43bdfa*71c1
RX # PAI1,TRAIN,1700,1289
TX PAI1,TRAIN,1701,3,be173e8c3f093ecebcc6bebd3e33beaa3e843e5cbcf6be6e*ea95
RX # PAI1,TRAIN,1701,1294
TX PAI1,TRAIN,1702,3,bd3abeacbf14befcbdaebe913f473f303f183f7fbf543d16*29b7
RX # PAI1,TRAIN,1702,1289
TX PAI1,TRAIN,1703,3,3f23be94be3bbdad3e5a3e09be7a3eeabea6be663f363f07*c1e2
RX # PAI1,TRAIN,1703,1291
TX PAI1,TRAIN,1704,4,3df13e5c3dcd3e5a3e783efdbdcabdc2bd40be2f3e63bd0e*752a
RX # PAI1,TRAIN,1704,1290
TX PAI1,TRAIN,1705,3,be5fbcb53e24bd8dbe39becfbebdbec6be5bbeb3bedebecb*12a9
RX # PAI1,TRAIN,1705,1291
TX PAI1,TRAIN,1706,4,be50bcfabd10bcd53e853ea43e7b3e253e243dfebe60bdde*4fbd
RX # PAI1,TRAIN,1706,1291
TX PAI1,TRAIN,1707,3,bbfebe9dbe89bea8bed6be933ef13b5fbef1bd01be243dc3*831b
RX # PAI1,TRAIN,1707,1293
TX PAI1,TRAIN,1708,4,be8fbe6bbeb3bec13d4f3e9f3e77bd6abdc53d81becebcca*e71e
RX # PAI1,TRAIN,1708,1290
TX PAI1,TRAIN,1709,3,bf0dbe963d35beb53ee73e09be6abe85bf04bed53f043f01*3189
RX # PAI1,TRAIN,1709,1286
TX PAI1,TRAIN,1710,3,3ee5bda53e953e4dbf06bea4be29bf0f3e46bd0b3e703cee*47c7
RX # PAI1,TRAIN,1710,1290
TX PAI1,TRAIN,1711,3,3ea1bddb3ec53eb6bf17becf3ebc3ef73f383f25bdbabdd9*e857
RX # PAI1,TRAIN,1711,1292
TX PAI1,TRAIN,1712,4,3e673e1b3e603e55beb23e3bbda3becbbdbdbe453cd0be40*eedc
RX # PAI1,TRAIN,1712,1290
TX PAI1,TRAIN,1713,4,3f0bbdcd3eb13e9abf3a3e943cdebebf3ee73e843d9bbd8a*5691
RX # PAI1,TRAIN,1713,1290
TX PAI1,TRAIN,1714,4,3e513da7bd543d4cbe043e263d85be1f3e1e3da3be38be15*483e
RX # PAI1,TRAIN,1714,1289
TX PAI1,TRAIN,1715,3,be7f3edb3dbb3e32bd61beb5be32bdef3e623d1fbde4be46*9469
RX # PAI1,TRAIN,1715,1289
TX PAI1,TRAIN,1716,4,3eec3f373ed03f17bf24bcffbe30be063eb03dadbd0dbed1*ad06
RX # PAI1,TRAIN,1716,1291
TX PAI1,TRAIN,1717,4,3ea5bdeebe99be683dff3eb13e203e3bbe6fbe23bd3e3d8f*be95
RX # PAI1,TRAIN,1717,1292
TX PAI1,TRAIN,1718,4,be78bc87be6cbe523e8a3ef9bb803e13be00be18bd2e3d7c*c157
RX # PAI1,TRAIN,1718,1292
TX PAI1,TRAIN,1719,3,3e6bbf09bee0bf0c3e6f3d51beb0bd34bed1bec63f2e3f46*7f18
RX # PAI1,TRAIN,1719,1291
TX PAI1,TRAIN,1720,4,be123dd03e883e663e563ed13e04bd5a3e6e3e0c3d59bd91*6ae8
RX # PAI1,TRAIN,1720,1292
TX PAI1,TRAIN,1721,3,bed4bec1be5dbeb03e8ebcc53d893baabf2bbecd3f013efd*6bb3
RX # PAI1,TRAIN,1721,1291
TX PAI1,TRAIN,1722,4,be0bbcbabdd0bdd43dc23eab3cc33f243e0e3e22bd443db2*54ac
RX # PAI1,TRAIN,1722,1293
TX PAI1,TRAIN,1723,3,bed93e0cbe88be0b3e54be9ebebdbe9abec0bed4be6ebe5f*5abe
RX # PAI1,TRAIN,1723,1290
TX PAI1,TRAIN,1724,4,bde73f8a3ec53f37be16bf07bdbf3efe3e3d3e0ebee3bf4a*e13c
RX # PAI1,TRAIN,1724,1289
TX PAI1,TRAIN,1725,4,bf29be3cbe94beb53eb93eb4be753e0cbdc4be06be9dbd03*d9e2
RX # PAI1,TRAIN,1725,1289
TX PAI1,TRAIN,1726,3,3eaa3e273f003ed0bd87beb4bf04bebcbeb1bede3d77bec2*b255
RX # PAI1,TRAIN,1726,1290
TX PAI1,TRAIN,1727,3,3ecbbe05bebcbe063ef6be2e3c263eda3e743e323f0f3f13*ab74
RX # PAI1,TRAIN,1727,1292
TX PAI1,TRAIN,1728,3,bd7b3d8d3efe3e9dbe0cbe99be9bbea8be9cbec33d53be99*95ff
RX # PAI1,TRAIN,1728,1291
TX PAI1,TRAIN,1729,4,bbad3e9d3e543e71bcaf3ef0be89be9ebe4ebe8a3e61bdac*480e
RX # PAI1,TRAIN,1729,1291
TX PAI1,TRAIN,1730,4,bf0d3db3be6abe5c3ecf3ed3bc673e793e163e21be593d21*debe
RX # PAI1,TRAIN,1730,1290
TX PAI1,TRAIN,1731,3,3d08bf25bf3dbf1b3f03bee93f8e3ec83cca3f2dbd3c3f1b*9190
RX # PAI1,TRAIN,1731,1289
TX PAI1,TRAIN,1732,3,3ecbbe05bebcbe063ef6be2e3c263eda3e743e323f0f3f13*a2e9
RX # PAI1,TRAIN,1732,1289
TX PAI1,TRAIN,1733,4,3e673e1b3e603e55beb23e3bbda3becbbdbdbe453cd0be40*9a45
RX # PAI1,TRAIN,1733,1290
TX PAI1,TRAIN,1734,3,3e6bbf09bee0bf0c3e6f3d51beb0bd34bed1bec63f2e3f46*1cc3
RX # PAI1,TRAIN,1734,1290
TX PAI1,TRAIN,1735,4,3df13e5c3dcd3e5a3e783efdbdcabdc2bd40be2f3e63bd0e*8e4f
RX # PAI1,TRAIN,1735,1292
TX PAI1,TRAIN,1736,3,3f23be94be3bbdad3e5a3e09be7a3eeabea6be663f363f07*c7a6
RX # PAI1,TRAIN,1736,1290
TX PAI1,TRAIN,1737,4,3eec3f373ed03f17bf24bcffbe30be063eb03dadbd0dbed1*d99f
RX # PAI1,TRAIN,1737,1291
TX PAI1,TRAIN,1738,3,bbfebe9dbe89bea8bed6be933ef13b5fbef1bd01be243dc3*99bc
RX # PAI1,TRAIN,1738,1289
TX PAI1,TRAIN,1739,3,bed93e0cbe88be0b3e54be9ebebdbe9abec0bed4be6ebe5f*c9a1
RX # PAI1,TRAIN,1739,1291
TX PAI1,TRAIN,1740,4,3e513da7bd543d4cbe043e263d85be1f3e1e3da3be38be15*2551
RX # PAI1,TRAIN,1740,1291
TX PAI1,TRAIN,1741,3,3e413c933e4f3e5dbe99be96be3fbe463eeb3e48bd43bdfa*1533
RX # PAI1,TRAIN,1741,1290
TX PAI1,TRAIN,1742,3,bf0dbe963d35beb53ee73e09be6abe85bf04bed53f043f01*4998
RX # PAI1,TRAIN,1742,1292
TX PAI1,TRAIN,1743,4,bf0d3db3be6abe5c3ecf3ed3bc673e793e163e21be593d21*cce9
RX # PAI1,TRAIN,1743,1291
TX PAI1,TRAIN,1744,4,bf29be3cbe94beb53eb93eb4be753e0cbdc4be06be9dbd03*b2c9
RX # PAI1,TRAIN,1744,1290
TX PAI1,TRAIN,1745,3,3ee5bda53e953e4dbf06bea4be29bf0f3e46bd0b3e703cee*51e8
RX # PAI1,TRAIN,1745,1291
TX PAI1,TRAIN,1746,4,bde73f8a3ec53f37be16bf07bdbf3efe3e3d3e0ebee3bf4a*07d7
RX # PAI1,TRAIN,1746,1291
TX PAI1,TRAIN,1747,3,be5fbcb53e24bd8dbe39becfbebdbec6be5bbeb3bedebecb*fb9b
RX # PAI1,TRAIN,1747,1291
TX PAI1,TRAIN,1748,4,be8fbe6bbeb3bec13d4f3e9f3e77bd6abdc53d81becebcca*f8ac
RX # PAI1,TRAIN,1748,1290
TX PAI1,TRAIN,1749,4,be50bcfabd10bcd53e853ea43e7b3e253e243dfebe60bdde*ca8d
RX # PAI1,TRAIN,1749,1290
TX PAI1,TRAIN,1750,4,3f0bbdcd3eb13e9abf3a3e943cdebebf3ee73e843d9bbd8a*c4e3
RX # PAI1,TRAIN,1750,1290
TX PAI1,TRAIN,1751,3,bed4bec1be5dbeb03e8ebcc53d893baabf2bbecd3f013efd*f424
RX # PAI1,TRAIN,1751,1291
TX PAI1,TRAIN,1752,3,3d08bf25bf3dbf1b3f03bee93f8e3ec83cca3f2dbd3c3f1b*0c3b
RX # PAI1,TRAIN,1752,1292
TX PAI1,TRAIN,1753,3,bd7b3d8d3efe3e9dbe0cbe99be9bbea8be9cbec33d53be99*6dcb
RX # PAI1,TRAIN,1753,1292
TX PAI1,TRAIN,1754,3,3ea1bddb3ec53eb6bf17becf3ebc3ef73f383f25bdbabdd9*7184
RX # PAI1,TRAIN,1754,1292
TX PAI1,TRAIN,1755,4,be123dd03e883e663e563ed13e04bd5a3e6e3e0c3d59bd91*731e
RX # PAI1,TRAIN,1755,1291
TX PAI1,TRAIN,1756,3,be173e8c3f093ecebcc6bebd3e33beaa3e843e5cbcf6be6e*0a3a
RX # PAI1,TRAIN,1756,1291
TX PAI1,TRAIN,1757,3,3eaa3e273f003ed0bd87beb4bf04bebcbeb1bede3d77bec2*5682
RX # PAI1,TRAIN,1757,1289
TX PAI1,TRAIN,1758,3,bd3abeacbf14befcbdaebe913f473f303f183f7fbf543d16*a51a
RX # PAI1,TRAIN,1758,1292
TX PAI1,TRAIN,1759,4,be0bbcbabdd0bdd43dc23eab3cc33f243e0e3e22bd443db2*ac98
RX # PAI1,TRAIN,1759,1292
TX PAI1,TRAIN,1760,4,3ea5bdeebe99be683dff3eb13e203e3bbe6fbe23bd3e3d8f*51e3
RX # PAI1,TRAIN,1760,1292
TX PAI1,TRAIN,1761,4,be78bc87be6cbe523e8a3ef9bb803e13be00be18bd2e3d7c*cfe3
RX # PAI1,TRAIN,1761,1291
TX PAI1,TRAIN,1762,4,bbad3e9d3e543e71bcaf3ef0be89be9ebe4ebe8a3e61bdac*301f
RX # PAI1,TRAIN,1762,1291
TX PAI1,TRAIN,1763,3,be7f3edb3dbb3e32bd61beb5be32bdef3e623d1fbde4be46*005f
RX # PAI1,TRAIN,1763,1291
TX PAI1,TRAIN,1764,4,bf0d3db3be6abe5c3ecf3ed3bc673e793e163e21be593d21*b3d1
RX # PAI1,TRAIN,1764,1290
TX PAI1,TRAIN,1765,4,be123dd03e883e663e563ed13e04bd5a3e6e3e0c3d59bd91*f33b
RX # PAI1,TRAIN,1765,1292
TX PAI1,TRAIN,1766,3,bd3abeacbf14befcbdaebe913f473f303f183f7fbf543d16*c4fd
RX # PAI1,TRAIN,1766,1292
TX PAI1,TRAIN,1767,4,3df13e5c3dcd3e5a3e783efdbdcabdc2bd40be2f3e63bd0e*e881
RX # PAI1,TRAIN,1767,1291
TX PAI1,TRAIN,1768,3,bed93e0cbe88be0b3e54be9ebebdbe9abec0bed4be6ebe5f*22af
RX # PAI1,TRAIN,1768,1292
TX PAI1,TRAIN,1769,3,3d08bf25bf3dbf1b3f03bee93f8e3ec83cca3f2dbd3c3f1b*ebbd
RX # PAI1,TRAIN,1769,1291
TX PAI1,TRAIN,1770,4,be8fbe6bbeb3bec13d4f3e9f3e77bd6abdc53d81becebcca*92ea
RX # PAI1,TRAIN,1770,1287
TX PAI1,TRAIN,1771,3,bed4bec1be5dbeb03e8ebcc53d893baabf2bbecd3f013efd*fbfd
RX # PAI1,TRAIN,1771,1291
TX PAI1,TRAIN,1772,4,3ea5bdeebe99be683dff3eb13e203e3bbe6fbe23bd3e3d8f*289f
RX # PAI1,TRAIN,1772,1292
TX PAI1,TRAIN,1773,4,3f0bbdcd3eb13e9abf3a3e943cdebebf3ee73e843d9bbd8a*46fa
RX # PAI1,TRAIN,1773,1292
TX PAI1,TRAIN,1774,3,3ee5bda53e953e4dbf06bea4be29bf0f3e46bd0b3e703cee*aa8d
RX # PAI1,TRAIN,1774,1292
TX PAI1,TRAIN,1775,3,be173e8c3f093ecebcc6bebd3e33beaa3e843e5cbcf6be6e*8823
RX # PAI1,TRAIN,1775,1292
TX PAI1,TRAIN,1776,3,be5fbcb53e24bd8dbe39becfbebdbec6be5bbeb3bedebecb*00fe
RX # PAI1,TRAIN,1776,1291
TX PAI1,TRAIN,1777,3,bf0dbe963d35beb53ee73e09be6abe85bf04bed53f043f01*4fdc
RX # PAI1,TRAIN,1777,1293
TX PAI1,TRAIN,1778,4,be78bc87be6cbe523e8a3ef9bb803e13be00be18bd2e3d7c*d13c
RX # PAI1,TRAIN,1778,1292
TX PAI1,TRAIN,1779,4,be0bbcbabdd0bdd43dc23eab3cc33f243e0e3e22bd443db2*a341
RX # PAI1,TRAIN,1779,1291
TX PAI1,TRAIN,1780,3,bd7b3d8d3efe3e9dbe0cbe99be9bbea8be9cbec33d53be99*4f21
RX # PAI1,TRAIN,1780,1292
TX PAI1,TRAIN,1781,4,bf29be3cbe94beb53eb93eb4be753e0cbdc4be06be9dbd03*147e
RX # PAI1,TRAIN,1781,1290
TX PAI1,TRAIN,1782,3,3e413c933e4f3e5dbe99be96be3fbe463eeb3e48bd43bdfa*b825
RX # PAI1,TRAIN,1782,1290
TX PAI1,TRAIN,1783,4,3eec3f373ed03f17bf24bcffbe30be063eb03dadbd0dbed1*9bff
RX # PAI1,TRAIN,1783,1291
TX PAI1,TRAIN,1784,3,3ecbbe05bebcbe063ef6be2e3c263eda3e743e323f0f3f13*1609
RX # PAI1,TRAIN,1784,1292
TX PAI1,TRAIN,1785,4,3e673e1b3e603e55beb23e3bbda3becbbdbdbe453cd0be40*2ea5
RX # PAI1,TRAIN,1785,1289
TX PAI1,TRAIN,1786,3,3e6bbf09bee0bf0c3e6f3d51beb0bd34bed1bec63f2e3f46*5502
RX # PAI1,TRAIN,1786,1293
TX PAI1,TRAIN,1787,4,bde73f8a3ec53f37be16bf07bdbf3efe3e3d3e0ebee3bf4a*5c41
RX # PAI1,TRAIN,1787,1290
TX PAI1,TRAIN,1788,3,3f23be94be3bbdad3e5a3e09be7a3eeabea6be663f363f07*9925
RX # PAI1,TRAIN,1788,1291
TX PAI1,TRAIN,1789,3,3eaa3e273f003ed0bd87beb4bf04bebcbeb1bede3d77bec2*186a
RX # PAI1,TRAIN,1789,1289
TX PAI1,TRAIN,1790,4,bbad3e9d3e543e71bcaf3ef0be89be9ebe4ebe8a3e61bdac*666c
RX # PAI1,TRAIN,1790,1292
TX PAI1,TRAIN,1791,3,be7f3edb3dbb3e32bd61beb5be32bdef3e623d1fbde4be46*562c
RX # PAI1,TRAIN,1791,1288
TX PAI1,TRAIN,1792,3,3ea1bddb3ec53eb6bf17becf3ebc3ef73f383f25bdbabdd9*5af3
RX # PAI1,TRAIN,1792,1290
TX PAI1,TRAIN,1793,3,bbfebe9dbe89bea8bed6be933ef13b5fbef1bd01be243dc3*cea2
RX # PAI1,TRAIN,1793,1292
TX PAI1,TRAIN,1794,4,be50bcfabd10bcd53e853ea43e7b3e253e243dfebe60bdde*09a5
RX # PAI1,TRAIN,1794,1291
TX PAI1,TRAIN,1795,4,3e513da7bd543d4cbe043e263d85be1f3e1e3da3be38be15*0c1a
RX # PAI1,TRAIN,1795,1292
TX PAI1,PREDICT,1796,be123dd03e883e663e563ed13e04bd5a3e6e3e0c3d59bd91*2a47
RX # PAI1,PREDICT,1796,107,0000,0000,3ce8,3f79
TX PAI1,PREDICT,1797,3f0bbdcd3eb13e9abf3a3e943cdebebf3ee73e843d9bbd8a*09ad
RX # PAI1,PREDICT,1797,108,0000,0000,3e8c,3f3b
TX PAI1,PREDICT,1798,3eec3f373ed03f17bf24bcffbe30be063eb03dadbd0dbed1*98a9
RX # PAI1,PREDICT,1798,106,0000,0000,3e49,3f53
TX PAI1,PREDICT,1799,be50bcfabd10bcd53e853ea43e7b3e253e243dfebe60bdde*e798
RX # PAI1,PREDICT,1799,107,0000,0000,3d22,3f74
TX PAI1,PREDICT,1800,bf0d3db3be6abe5c3ecf3ed3bc673e793e163e21be593d21*a1f2
RX # PAI1,PREDICT,1800,107,0000,0000,3ce0,3f7a
TX PAI1,PREDICT,1801,bf29be3cbe94beb53eb93eb4be753e0cbdc4be06be9dbd03*bd45
RX # PAI1,PREDICT,1801,107,0000,0000,3e2e,3f54
TX PAI1,PREDICT,1802,be8fbe6bbeb3bec13d4f3e9f3e77bd6abdc53d81becebcca*d6f8
RX # PAI1,PREDICT,1802,107,0000,0000,3e38,3f53
TX PAI1,PREDICT,1803,be0bbcbabdd0bdd43dc23eab3cc33f243e0e3e22bd443db2*6406
RX # PAI1,PREDICT,1803,108,0000,0000,3dd2,3f64
TX PAI1,PREDICT,1804,3e673e1b3e603e55beb23e3bbda3becbbdbdbe453cd0be40*2111
RX # PAI1,PREDICT,1804,108,0000,0000,3e89,3f3a
TX PAI1,PREDICT,1805,3ea5bdeebe99be683dff3eb13e203e3bbe6fbe23bd3e3d8f*e54f
RX # PAI1,PREDICT,1805,105,0000,0000,3db2,3f6b
TX PAI1,PREDICT,1806,be78bc87be6cbe523e8a3ef9bb803e13be00be18bd2e3d7c*3695
RX # PAI1,PREDICT,1806,106,0000,0000,bc94,3f83
TX PAI1,PREDICT,1807,3df13e5c3dcd3e5a3e783efdbdcabdc2bd40be2f3e63bd0e*0820
RX # PAI1,PREDICT,1807,108,0000,0000,bd62,3f89
TX PAI1,PREDICT,1808,bbad3e9d3e543e71bcaf3ef0be89be9ebe4ebe8a3e61bdac*ba2d
RX # PAI1,PREDICT,1808,108,0000,0000,3d22,3f7c
TX PAI1,PREDICT,1809,bde73f8a3ec53f37be16bf07bdbf3efe3e3d3e0ebee3bf4a*6d6b
RX # PAI1,PREDICT,1809,108,0000,0000,3e9d,3f32
TX PAI1,PREDICT,1810,3e513da7bd543d4cbe043e263d85be1f3e1e3da3be38be15*81f9
RX # PAI1,PREDICT,1810,108,0000,0000,3e68,3f49
TX PAI1,PREDICT,1811,bd3abeacbf14befcbdaebe913f473f303f183f7fbf543d16*0919
RX # PAI1,PREDICT,1811,108,0000,0000,3f24,3ec0
TX PAI1,PREDICT,1812,bbfebe9dbe89bea8bed6be933ef13b5fbef1bd01be243dc3*134e
RX # PAI1,PREDICT,1812,107,0000,0000,3f72,3d3e
TX PAI1,PREDICT,1813,3eaa3e273f003ed0bd87beb4bf04bebcbeb1bede3d77bec2*44ef
RX # PAI1,PREDICT,1813,107,0000,0000,3f51,3e3a
TX PAI1,PREDICT,1814,bd7b3d8d3efe3e9dbe0cbe99be9bbea8be9cbec33d53be99*fdc5
RX # PAI1,PREDICT,1814,107,0000,0000,3f54,3e1d
TX PAI1,PREDICT,1815,3ecbbe05bebcbe063ef6be2e3c263eda3e743e323f0f3f13*4bba
RX # PAI1,PREDICT,1815,108,0000,0000,3f78,3d16
TX PAI1,PREDICT,1816,be173e8c3f093ecebcc6bebd3e33beaa3e843e5cbcf6be6e*38b9
RX # PAI1,PREDICT,1816,107,0000,0000,3f53,3e36
TX PAI1,PREDICT,1817,3d08bf25bf3dbf1b3f03bee93f8e3ec83cca3f2dbd3c3f1b*d1ef
RX # PAI1,PREDICT,1817,108,0000,0000,3f99,be4c
TX PAI1,PREDICT,1818,bed93e0cbe88be0b3e54be9ebebdbe9abec0bed4be6ebe5f*8f4f
RX # PAI1,PREDICT,1818,108,0000,0000,3f52,3e32
TX PAI1,PREDICT,1819,be5fbcb53e24bd8dbe39becfbebdbec6be5bbeb3bedebecb*d156
RX # PAI1,PREDICT,1819,107,0000,0000,3f54,3e0f
TX PAI1,PREDICT,1820,bed4bec1be5dbeb03e8ebcc53d893baabf2bbecd3f013efd*17e7
RX # PAI1,PREDICT,1820,107,0000,0000,3f83,bcfc
TX PAI1,PREDICT,1821,3f23be94be3bbdad3e5a3e09be7a3eeabea6be663f363f07*5699
RX # PAI1,PREDICT,1821,109,0000,0000,3f3b,3e8d
TX PAI1,PREDICT,1822,be7f3edb3dbb3e32bd61beb5be32bdef3e623d1fbde4be46*b1d5
RX # PAI1,PREDICT,1822,107,0000,0000,3f43,3e76
TX PAI1,PREDICT,1823,3ee5bda53e953e4dbf06bea4be29bf0f3e46bd0b3e703cee*f66c
RX # PAI1,PREDICT,1823,108,0000,0000,3f86,bd52
TX PAI1,PREDICT,1824,3e413c933e4f3e5dbe99be96be3fbe463eeb3e48bd43bdfa*30d4
RX # PAI1,PREDICT,1824,108,0000,0000,3f53,3e28
TX PAI1,PREDICT,1825,3ea1bddb3ec53eb6bf17becf3ebc3ef73f383f25bdbabdd9*4f88
RX # PAI1,PREDICT,1825,107,0000,0000,3f52,3e17
TX PAI1,PREDICT,1826,3e6bbf09bee0bf0c3e6f3d51beb0bd34bed1bec63f2e3f46*043e
RX # PAI1,PREDICT,1826,107,0000,0000,3f8e,bdd1
TX PAI1,PREDICT,1827,bf0dbe963d35beb53ee73e09be6abe85bf04bed53f043f01*d725
RX # PAI1,PREDICT,1827,107,0000,0000,3f68,3db7
TX PAI1,MODE,0*0f05
RX # PAI1,MODE,0
