TX PAI1,MODE,1*1f24
RX PNEU1,44847,1362191,3937626
RX PNEU1,44848,1362217,3937887
RX PNEU1,44849,1362242,3938081
RX PNEU1,44850,1362267,3937881
RX PNEU1,44851,1362292,3938189
RX PNEU1,44852,1362317,3938214
RX PNEU1,44853,1362343,3938056
RX PNEU1,44854,1362368,3938122
RX PNEU1,44855,1362393,3938202
RX PNEU1,44856,1362418,3938006
RX PNEU1,44857,1362443,3938189
RX # PAI1,MODE,1
TX PAI1,INIT,1,12,32,1,1*9bc6
RX # PNEL1,UNKNOWN,1362452
RX # PAI1,INIT,1,12,32,4
TX PAI1,TRAIN,2,4,3d823e1d3e163e2b3d3f3d5abd81be57bdd7be0c3de2bd35*c5dc
RX # PAI1,TRAIN,2,1291
TX PAI1,TRAIN,3,4,be67be49be7bbe8c3e153d86be97be06be47be67bcb1bc71*6273
RX # PAI1,TRAIN,3,1291
TX PAI1,TRAIN,4,3,3df2bec4bee6bec3be14bec63eb23dc7bbd73e16be593d1b*e511
RX # PAI1,TRAIN,4,1289
TX PAI1,TRAIN,5,3,bda13eb03e1e3e0cbe673ea53e843ead3d1f3e23bc103c38*19b0
RX # PAI1,TRAIN,5,1288
TX PAI1,TRAIN,6,1,bea0be7ebe05be293ea43ddcbf0ebf0dbf01bf0e3ea13e4b*e3a5
RX # PAI1,TRAIN,6,1288
TX PAI1,TRAIN,7,2,bece3e3cbe9cbe8c3ec33f013f0b3eaa3f5a3f32bef7bd5c*798d
RX # PAI1,TRAIN,7,1288
TX PAI1,TRAIN,8,4,3ea6bde7be81be35bc0abec3bd3cbde6be6dbe713d973d82*8913
RX # PAI1,TRAIN,8,1291
TX PAI1,TRAIN,9,3,3ea93e6b3ea03e9cbe07be0cbef1beaebe86bea73de7be8f*67b5
RX # PAI1,TRAIN,9,1289
TX PAI1,TRAIN,10,3,3e8bbd5c3dc23db2be2bbe943e153e983e083e2ebd8dbd2e*d267
RX # PAI1,TRAIN,10,1289
TX PAI1,TRAIN,11,3,be9d3f203ebe3ef33e0e3f3d3e403e6b3d7f3e143e233d05*29b9
RX # PAI1,TRAIN,11,1290
TX PAI1,TRAIN,12,1,bd9fbe843d84bd6cbc8ebdedbf01bf1abf00bf0c3ec33e70*569b
RX # PAI1,TRAIN,12,1289
TX PAI1,TRAIN,13,4,3f053ecb3f203f2cbee5be463e373d89bdddb9773e0fbe7b*bc9d
RX # PAI1,TRAIN,13,1290
TX PAI1,TRAIN,14,4,3ece3f673e7d3ee4bf023e93be82be78bd98be1e3da0be9b*5f3d
RX # PAI1,TRAIN,14,1290
TX PAI1,TRAIN,15,3,3de0bd503e253d7cbe88be0dbe8c3e963df83d6cbc36bc8c*817c
RX # PAI1,TRAIN,15,1288
TX PAI1,TRAIN,16,3,3ebbbe05be9abdd73e65beddbe0dbc40bdd3be003e973ee7*e728
RX # PAI1,TRAIN,16,1290
TX PAI1,TRAIN,17,2,bf1f3e7fbe49be2f3f213f413f0a3e6b3ecb3edabe9abd19*c558
RX # PAI1,TRAIN,17,1289
TX PAI1,TRAIN,18,3,be43bde03e163d4d3c563dc5be803e9abc8dbd1b3e273e4b*df70
RX # PAI1,TRAIN,18,1289
TX PAI1,TRAIN,19,4,be2a3e0cbe4fbe2c3e323e81be1dbdb3be03be053c5c3d24*0e07
RX # PAI1,TRAIN,19,1291
TX PAI1,TRAIN,20,3,3e6c3e993ee33edabed13ba23ed03e773dc73e553e2d3e05*799c
RX # PAI1,TRAIN,20,1291
TX PAI1,TRAIN,21,3,bd993e26be2abde8be053e3f3eeb3eb63e263e9abe033dd3*d908
RX # PAI1,TRAIN,21,1289
TX PAI1,TRAIN,22,2,be6c3e00bc9e3d8f3e553e9b3f413d673ed73f11be83bced*9718
RX # PAI1,TRAIN,22,1291
TX PAI1,TRAIN,23,1,be8fbe2b3dd13c323e1e3e0dbeccbf25bef0bf003eaf3e22*728d
RX # PAI1,TRAIN,23,1290
TX PAI1,TRAIN,24,1,beb8bd27beb8bea13eeb3e9abeefbef8bedcbef93e873e8c*ddd8
RX # PAI1,TRAIN,24,1292
TX PAI1,TRAIN,25,3,3e0fbeb2be6bbe82beb9bec33e1cbe3fbe98be453d033da9*c264
RX # PAI1,TRAIN,25,1292
TX PAI1,TRAIN,26,2,3f43bedbbed23d553c91bf813f163e7d3eb33ed6be90be2e*2533
RX # PAI1,TRAIN,26,1289
TX PAI1,TRAIN,27,3,3e803eaf3f063ef5bed93c9c3e4e3eb13ed13ec43dd93dff*f21c
RX # PAI1,TRAIN,27,1291
TX PAI1,TRAIN,28,2,3f073eee3f443f1cbe81be1a3e183e643df93df23dbdbe42*d872
RX # PAI1,TRAIN,28,1286
TX PAI1,TRAIN,29,1,bf0dbee2bf30bf3d3f0e3e3fbed9be05bdcbbe1abe89bcea*6b5f
RX # PAI1,TRAIN,29,1290
TX PAI1,TRAIN,30,3,3e26bf43bf10beee3e7bbf343f0fbcd9be253d283d973ef2*d780
RX # PAI1,TRAIN,30,1290
TX PAI1,TRAIN,31,3,3b8c3f0e3cc33e03be003eccbe82be72bddebe2e3d4dbe0d*9fc8
RX # PAI1,TRAIN,31,1290
TX PAI1,TRAIN,32,1,be8a3b713ccebbca3ebb3e81bed6bf02beccbee83ed13ea0*1f70
RX # PAI1,TRAIN,32,1290
TX PAI1,TRAIN,33,3,be5b3e1c3e313d823df83e9ebd343e5d3e023dca3dcf3e44*f321
RX # PAI1,TRAIN,33,1291
TX PAI1,TRAIN,34,2,3d54be5bbee5bec23e0bbe503eb83e363c5b3e05bed0be93*5624
RX # PAI1,TRAIN,34,1291
TX PAI1,TRAIN,35,3,3f2e3f273ef33f1dbf56be1a3d203e4d3e113e103eb23e6e*f43a
RX # PAI1,TRAIN,35,1291
TX PAI1,TRAIN,36,3,3ebd3e343ed03eeabe9fbe5abe743ec13d5a3c533e9c3e38*5c56
RX # PAI1,TRAIN,36,1289
TX PAI1,TRAIN,37,4,3ebe3ead3eee3f14bee5bdc73ddd3f053df73e293d9abe22*c7e2
RX # PAI1,TRAIN,37,1291
TX PAI1,TRAIN,38,1,be4dbeb1be13be8b3dd9bd88bebabf0fbeb5becf3e4c3e4e*084d
RX # PAI1,TRAIN,38,1291
TX PAI1,TRAIN,39,2,bed4beb1bebabf013f093e053ecabd5dbe283cf5bef0bec0*b643
RX # PAI1,TRAIN,39,1293
TX PAI1,TRAIN,40,3,bbdb3ea03e4d3e423d7b3e6f3dce3f053f033ecb3d1c3e6a*09e5
RX # PAI1,TRAIN,40,1292
TX PAI1,TRAIN,41,3,3f08be883f2f3f0abebbbf2fbe3b3ed53d8a3d133eb83e64*bb45
RX # PAI1,TRAIN,41,1291
TX PAI1,TRAIN,42,1,be5abe73be7cbea33e343cc2bed8bf07bee8bf003e643e4a*7a3a
RX # PAI1,TRAIN,42,1290
TX PAI1,TRAIN,43,3,3e2a3d673e723e59be84bde53e7d3f153ecb3eccbb2b3e19*d3cd
RX # PAI1,TRAIN,43,1294
TX PAI1,TRAIN,44,2,be173ef9bd8c3cf23e273efb3f173eb93f6d3f43befebe71*3bc5
RX # PAI1,TRAIN,44,1291
TX PAI1,TRAIN,45,3,3e2b3d963d163e19be03bdcf3ecd3e683ddc3e583d143de7*af67
RX # PAI1,TRAIN,45,1293
TX PAI1,TRAIN,46,3,3d793ebb3ead3e9bbdd73e57bd0cbea6bdc8bde53da3be2c*ff07
RX # PAI1,TRAIN,46,1288
TX PAI1,TRAIN,47,3,3de03de93e9e3e6bbe37bc96beacbea6be80be9e3de0be60*ecab
RX # PAI1,TRAIN,47,1290
TX PAI1,TRAIN,48,3,3e84bf363dc53d08be57bf42be6d3ebe3e733e3bbda0bc21*24ef
RX # PAI1,TRAIN,48,1290
TX PAI1,TRAIN,49,1,bf20be14bef7bf053f203ef1beefbe59be62be8bbdc23bb9*5ee1
RX # PAI1,TRAIN,49,1291
TX PAI1,TRAIN,50,3,3d183ec13e583e89be033e76bd803eab3e663e253cd8bcb2*4f4a
RX # PAI1,TRAIN,50,1290
TX PAI1,TRAIN,51,2,bec6bf2bbe27be803f03be033ed93e033e823eb3be213e41*244b
RX # PAI1,TRAIN,51,1290
TX PAI1,TRAIN,52,2,be963ee0bdc93d143e923f173f083ec43f7b3f5abec33c27*5d94
RX # PAI1,TRAIN,52,1289
TX PAI1,TRAIN,53,3,bc2b3e5e3e8d3e27bd153e2c3eca3ec23e5f3eafbd8b3d1a*50cf
RX # PAI1,TRAIN,53,1291
TX PAI1,TRAIN,54,2,bc81befc3dc9bba5be1bbeb03e6a3e893edc3eb1be83be12*20fb
RX # PAI1,TRAIN,54,1289
TX PAI1,TRAIN,55,4,bc54be81be93be96bd68be2f3bfcbe58be47be26bd68bc14*d805
RX # PAI1,TRAIN,55,1289
TX PAI1,TRAIN,56,1,bd22befe3d7bbd9b3ce8bea6bf03beddbf0cbf133ec63e72*cae5
RX # PAI1,TRAIN,56,1288
TX PAI1,TRAIN,57,3,be853e2f3e503df93dc33eba3e1e3e7e3e493e3d3e023e84*34f7
RX # PAI1,TRAIN,57,1290
TX PAI1,TRAIN,58,4,3ee6bdbe3e513e67bf10bef7be02beafbd38bdc73df3bd2a*e29d
RX # PAI1,TRAIN,58,1285
TX PAI1,TRAIN,59,1,bf17be86bf1dbf2c3f193eb5bec1be37be0cbe46be3a3d03*ec7c
RX # PAI1,TRAIN,59,1292
TX PAI1,TRAIN,60,3,3cdf3e043e023d8cbd4e3d8d3e0dbd553c213d453da03de9*2d06
RX # PAI1,TRAIN,60,1292
TX PAI1,TRAIN,61,4,3eae3f133ef13f01bf113dda3c5a3d933e0b3dd73d2cbe52*9795
RX # PAI1,TRAIN,61,1290
TX PAI1,TRAIN,62,3,3ea73de63eb63eb0bec7be603e183eef3e793e953d7f3da6*16c6
RX # PAI1,TRAIN,62,1290
TX PAI1,TRAIN,63,1,bf32be90bf18bf283f1c3ee0bddfbee3bea8bea5be3dbda8*1de5
RX # PAI1,TRAIN,63,1289
TX PAI1,TRAIN,64,3,bd9c3e25be83be263d683e413ebe3ebf3d963e63be003da6*c7eb
RX # PAI1,TRAIN,64,1287
TX PAI1,TRAIN,65,3,be533ebfbedcbe803e253eed3eeb3ebe3e7c3ea9be733d3d*52a6
RX # PAI1,TRAIN,65,1291
TX PAI1,TRAIN,66,3,bdb5beddbe46be883dbabe6ebdd2be3ebeb3bea13e8d3ec6*417b
RX # PAI1,TRAIN,66,1290
TX PAI1,TRAIN,67,3,3cb03b173d94bd6abe54bc94bec2beb2be68be98bd8bbe96*d60c
RX # PAI1,TRAIN,67,1292
TX PAI1,TRAIN,68,4,3eaebcf33f013ef9bec3beab3e3e3e473e3e3e433a7ebe47*10b0
RX # PAI1,TRAIN,68,1291
TX PAI1,TRAIN,69,3,bc8a3e21bd913c903d2d3e053eb73ec73e943ea5bdbf3daa*3fd3
RX # PAI1,TRAIN,69,1291
TX PAI1,TRAIN,70,2,bf17be94bed4bef83f183eac3ea0bb97bdca3d60becfbe89*83be
RX # PAI1,TRAIN,70,1290
TX PAI1,TRAIN,71,3,3ec73e983ef03ef8bf10be123be93ee33eb33e9f3e163e07*135f
RX # PAI1,TRAIN,71,1292
TX PAI1,TRAIN,72,1,be2ebe5b3c95bdef3d9f3ac5bf02bf0dbf18bf203ebb3e45*c312
RX # PAI1,TRAIN,72,1291
TX PAI1,TRAIN,73,1,be93bedd3c1cbdcf3e2cbd4cbec7bf02bef8bf033eb43e7c*b07a
RX # PAI1,TRAIN,73,1286
TX PAI1,TRAIN,74,4,3c043c16be50be243db0ba4abe17be03be4fbe6d3d9a3d69*7751
RX # PAI1,TRAIN,74,1292
TX PAI1,TRAIN,75,4,3d8a3ac5bde6bdabbce4bd7bbe053d9ebe05be053d963d9d*3bd9
RX # PAI1,TRAIN,75,1291
TX PAI1,TRAIN,76,1,bf1abea5bf1bbf2a3f0d3ea4bed3be55be04be4bbe52bc6c*c9f9
RX # PAI1,TRAIN,76,1291
TX PAI1,TRAIN,77,4,3eb63ed93ea43ebebee0bca43e2d3e253de43e13bd85be82*8792
RX # PAI1,TRAIN,77,1291
TX PAI1,TRAIN,78,3,3ecabd8e3e2a3e17bedcbed4be7fbed7bdedbe463e353d03*21a2
RX # PAI1,TRAIN,78,1291
TX PAI1,TRAIN,79,4,3e8a3e5c3de93e1dbea2bdbfbe48beb4be46be7c3dcdbe09*0ed2
RX # PAI1,TRAIN,79,1292
TX PAI1,TRAIN,80,4,3e82bdb3be86be34bda9be993e5f3eb8bcdd3d61be14bd88*0cd2
RX # PAI1,TRAIN,80,1287
TX PAI1,TRAIN,81,3,bdc03e49be6abddd3d393e6bbec2bea0be8abea33bbdbe20*8958
RX # PAI1,TRAIN,81,1291
TX PAI1,TRAIN,82,3,3f00bea6be2ebd8d3d4abf32be993a93be83be833eb33ed4*ca7c
RX # PAI1,TRAIN,82,1290
TX PAI1,TRAIN,83,3,3ed53bf83ef83ec2bebdbec2bde83ebe3e813e273e293dfd*8355
RX # PAI1,TRAIN,83,1291
TX PAI1,TRAIN,84,4,3e753d463e943e97bec2be3ebcff3d693d15bba5bc44be6b*86bc
RX # PAI1,TRAIN,84,1290
TX PAI1,TRAIN,85,4,3cf7bc02bd86bcc73da5bd093c24bdf8bdffbe113c2fbd96*c593
RX # PAI1,TRAIN,85,1292
TX PAI1,TRAIN,86,1,becbbf12be14be923e93bd4abe6abf01bf09befe3e353dd8*d94a
RX # PAI1,TRAIN,86,1292
TX PAI1,TRAIN,87,1,bebfbdfebe84be973ece3e82bebfbf07bed6bee93e663e62*a57c
RX # PAI1,TRAIN,87,1292
TX PAI1,TRAIN,88,2,bf24bec3bf25bf3a3f433ea13f10beb93f863f6cc017c024*f63b
RX # PAI1,TRAIN,88,1292
TX PAI1,TRAIN,89,2,3d54be5bbee5bec23e0bbe503eb83e363c5b3e05bed0be93*8567
RX # PAI1,TRAIN,89,1292
TX PAI1,TRAIN,90,1,bea0be7ebe05be293ea43ddcbf0ebf0dbf01bf0e3ea13e4b*26de
RX # PAI1,TRAIN,90,1290
TX PAI1,TRAIN,91,3,be5b3e1c3e313d823df83e9ebd343e5d3e023dca3dcf3e44*351c
RX # PAI1,TRAIN,91,1292
TX PAI1,TRAIN,92,1,bd22befe3d7bbd9b3ce8bea6bf03beddbf0cbf133ec63e72*1712
RX # PAI1,TRAIN,92,1291
TX PAI1,TRAIN,93,3,3ecabd8e3e2a3e17bedcbed4be7fbed7bdedbe463e353d03*690e
RX # PAI1,TRAIN,93,1291
TX PAI1,TRAIN,94,3,3e0fbeb2be6bbe82beb9bec33e1cbe3fbe98be453d033da9*0665
RX # PAI1,TRAIN,94,1286
TX PAI1,TRAIN,95,3,3ebd3e343ed03eeabe9fbe5abe743ec13d5a3c533e9c3e38*e12b
RX # PAI1,TRAIN,95,1286
TX PAI1,TRAIN,96,4,3e753d463e943e97bec2be3ebcff3d693d15bba5bc44be6b*ffc0
RX # PAI1,TRAIN,96,1292
TX PAI1,TRAIN,97,4,3ebe3ead3eee3f14bee5bdc73ddd3f053df73e293d9abe22*f75f
RX # PAI1,TRAIN,97,1291
TX PAI1,TRAIN,98,1,be2ebe5b3c95bdef3d9f3ac5bf02bf0dbf18bf203ebb3e45*f0fe
RX # PAI1,TRAIN,98,1291
TX PAI1,TRAIN,99,3,bda13eb03e1e3e0cbe673ea53e843ead3d1f3e23bc103c38*c028
RX # PAI1,TRAIN,99,1290
TX PAI1,TRAIN,100,4,3ea6bde7be81be35bc0abec3bd3cbde6be6dbe713d973d82*5c0c
RX # PAI1,TRAIN,100,1293
TX PAI1,TRAIN,101,1,be93bedd3c1cbdcf3e2cbd4cbec7bf02bef8bf033eb43e7c*9853
RX # PAI1,TRAIN,101,1293
TX PAI1,TRAIN,102,2,be6c3e00bc9e3d8f3e553e9b3f413d673ed73f11be83bced*d9ff
RX # PAI1,TRAIN,102,1287
TX PAI1,TRAIN,103,1,bf0dbee2bf30bf3d3f0e3e3fbed9be05bdcbbe1abe89bcea*395b
RX # PAI1,TRAIN,103,1290
TX PAI1,TRAIN,104,3,3cb03b173d94bd6abe54bc94bec2beb2be68be98bd8bbe96*0a99
RX # PAI1,TRAIN,104,1292
TX PAI1,TRAIN,105,2,bece3e3cbe9cbe8c3ec33f013f0b3eaa3f5a3f32bef7bd5c*b071
RX # PAI1,TRAIN,105,1291
TX PAI1,TRAIN,106,4,3f053ecb3f203f2cbee5be463e373d89bdddb9773e0fbe7b*f43e
RX # PAI1,TRAIN,106,1292
TX PAI1,TRAIN,107,3,bd993e26be2abde8be053e3f3eeb3eb63e263e9abe033dd3*9c4e
RX # PAI1,TRAIN,107,1292
TX PAI1,TRAIN,108,3,bbdb3ea03e4d3e423d7b3e6f3dce3f053f033ecb3d1c3e6a*bd0a
RX # PAI1,TRAIN,108,1291
TX PAI1,TRAIN,109,3,be853e2f3e503df93dc33eba3e1e3e7e3e493e3d3e023e84*0445
RX # PAI1,TRAIN,109,1292
TX PAI1,TRAIN,110,1,be5abe73be7cbea33e343cc2bed8bf07bee8bf003e643e4a*5dca
RX # PAI1,TRAIN,110,1291
TX PAI1,TRAIN,111,4,3e82bdb3be86be34bda9be993e5f3eb8bcdd3d61be14bd88*8634
RX # PAI1,TRAIN,111,1292
TX PAI1,TRAIN,112,1,bebfbdfebe84be973ece3e82bebfbf07bed6bee93e663e62*d2bb
RX # PAI1,TRAIN,112,1289
TX PAI1,TRAIN,113,3,bc2b3e5e3e8d3e27bd153e2c3eca3ec23e5f3eafbd8b3d1a*0e43
RX # PAI1,TRAIN,113,1293
TX PAI1,TRAIN,114,3,3df2bec4bee6bec3be14bec63eb23dc7bbd73e16be593d1b*5591
RX # PAI1,TRAIN,114,1292
TX PAI1,TRAIN,115,3,3de03de93e9e3e6bbe37bc96beacbea6be80be9e3de0be60*cb5b
RX # PAI1,TRAIN,115,1291
TX PAI1,TRAIN,116,1,be4dbeb1be13be8b3dd9bd88bebabf0fbeb5becf3e4c3e4e*a768
RX # PAI1,TRAIN,116,1289
TX PAI1,TRAIN,117,3,3f2e3f273ef33f1dbf56be1a3d203e4d3e113e103eb23e6e*4c5d
RX # PAI1,TRAIN,117,1292
TX PAI1,TRAIN,118,3,3cdf3e043e023d8cbd4e3d8d3e0dbd553c213d453da03de9*19cc
RX # PAI1,TRAIN,118,1290
TX PAI1,TRAIN,119,2,bec6bf2bbe27be803f03be033ed93e033e823eb3be213e41*90a4
RX # PAI1,TRAIN,119,1287
TX PAI1,TRAIN,120,4,3ee6bdbe3e513e67bf10bef7be02beafbd38bdc73df3bd2a*d657
RX # PAI1,TRAIN,120,1292
TX PAI1,TRAIN,121,1,bf32be90bf18bf283f1c3ee0bddfbee3bea8bea5be3dbda8*b5e9
RX # PAI1,TRAIN,121,1292
TX PAI1,TRAIN,122,1,be8a3b713ccebbca3ebb3e81bed6bf02beccbee83ed13ea0*d1b2
RX # PAI1,TRAIN,122,1293
TX PAI1,TRAIN,123,2,bc81befc3dc9bba5be1bbeb03e6a3e893edc3eb1be83be12*8eb3
RX # PAI1,TRAIN,123,1292
TX PAI1,TRAIN,124,3,3e26bf43bf10beee3e7bbf343f0fbcd9be253d283d973ef2*e463
RX # PAI1,TRAIN,124,1293
TX PAI1,TRAIN,125,4,3c043c16be50be243db0ba4abe17be03be4fbe6d3d9a3d69*dd61
RX # PAI1,TRAIN,125,1290
TX PAI1,TRAIN,126,1,bf20be14bef7bf053f203ef1beefbe59be62be8bbdc23bb9*9536
RX # PAI1,TRAIN,126,1293
TX PAI1,TRAIN,127,3,3e2a3d673e723e59be84bde53e7d3f153ecb3eccbb2b3e19*7fb9
RX # PAI1,TRAIN,127,1292
TX PAI1,TRAIN,128,1,bf17be86bf1dbf2c3f193eb5bec1be37be0cbe46be3a3d03*4995
RX # PAI1,TRAIN,128,1292
TX PAI1,TRAIN,129,2,bed4beb1bebabf013f093e053ecabd5dbe283cf5bef0bec0*7881
RX # PAI1,TRAIN,129,1286
TX PAI1,TRAIN,130,4,3d823e1d3e163e2b3d3f3d5abd81be57bdd7be0c3de2bd35*8c05
RX # PAI1,TRAIN,130,1293
TX PAI1,TRAIN,131,4,3eb63ed93ea43ebebee0bca43e2d3e253de43e13bd85be82*d2bf
RX # PAI1,TRAIN,131,1292
TX PAI1,TRAIN,132,3,3ed53bf83ef83ec2bebdbec2bde83ebe3e813e273e293dfd*066a
RX # PAI1,TRAIN,132,1292
TX PAI1,TRAIN,133,3,3ea73de63eb63eb0bec7be603e183eef3e793e953d7f3da6*bcf6
RX # PAI1,TRAIN,133,1292
TX PAI1,TRAIN,134,4,be2a3e0cbe4fbe2c3e323e81be1dbdb3be03be053c5c3d24*2ce2
RX # PAI1,TRAIN,134,1293
TX PAI1,TRAIN,135,2,bf24bec3bf25bf3a3f433ea13f10beb93f863f6cc017c024*6446
RX # PAI1,TRAIN,135,1291
TX PAI1,TRAIN,136,4,3e8a3e5c3de93e1dbea2bdbfbe48beb4be46be7c3dcdbe09*cadc
RX # PAI1,TRAIN,136,1293
TX PAI1,TRAIN,137,3,3ebbbe05be9abdd73e65beddbe0dbc40bdd3be003e973ee7*d28f
RX # PAI1,TRAIN,137,1292
TX PAI1,TRAIN,138,2,bf1f3e7fbe49be2f3f213f413f0a3e6b3ecb3edabe9abd19*113d
RX # PAI1,TRAIN,138,1294
TX PAI1,TRAIN,139,2,be173ef9bd8c3cf23e273efb3f173eb93f6d3f43befebe71*896e
RX # PAI1,TRAIN,139,1290
TX PAI1,TRAIN,140,3,3e84bf363dc53d08be57bf42be6d3ebe3e733e3bbda0bc21*8fb2
RX # PAI1,TRAIN,140,1290
TX PAI1,TRAIN,141,4,3eae3f133ef13f01bf113dda3c5a3d933e0b3dd73d2cbe52*d972
RX # PAI1,TRAIN,141,1288
TX PAI1,TRAIN,142,3,3f08be883f2f3f0abebbbf2fbe3b3ed53d8a3d133eb83e64*77bb
RX # PAI1,TRAIN,142,1288
TX PAI1,TRAIN,143,1,becbbf12be14be923e93bd4abe6abf01bf09befe3e353dd8*3ec3
RX # PAI1,TRAIN,143,1292
TX PAI1,TRAIN,144,3,bdb5beddbe46be883dbabe6ebdd2be3ebeb3bea13e8d3ec6*f91c
RX # PAI1,TRAIN,144,1288
TX PAI1,TRAIN,145,2,3f43bedbbed23d553c91bf813f163e7d3eb33ed6be90be2e*f9a6
RX # PAI1,TRAIN,145,1289
TX PAI1,TRAIN,146,3,3e8bbd5c3dc23db2be2bbe943e153e983e083e2ebd8dbd2e*08b6
RX # PAI1,TRAIN,146,1292
TX PAI1,TRAIN,147,3,3f00bea6be2ebd8d3d4abf32be993a93be83be833eb33ed4*2df5
RX # PAI1,TRAIN,147,1292
TX PAI1,TRAIN,148,3,bdc03e49be6abddd3d393e6bbec2bea0be8abea33bbdbe20*7993
RX # PAI1,TRAIN,148,1292
TX PAI1,TRAIN,149,3,3b8c3f0e3cc33e03be003eccbe82be72bddebe2e3d4dbe0d*ab02
RX # PAI1,TRAIN,149,1292
TX PAI1,TRAIN,150,3,3ec73e983ef03ef8bf10be123be93ee33eb33e9f3e163e07*26f8
RX # PAI1,TRAIN,150,1293
TX PAI1,TRAIN,151,3,bc8a3e21bd913c903d2d3e053eb73ec73e943ea5bdbf3daa*14ab
RX # PAI1,TRAIN,151,1293
TX PAI1,TRAIN,152,2,be963ee0bdc93d143e923f173f083ec43f7b3f5abec33c27*1caa
RX # PAI1,TRAIN,152,1292
TX PAI1,TRAIN,153,4,be67be49be7bbe8c3e153d86be97be06be47be67bcb1bc71*cd41
RX # PAI1,TRAIN,153,1291
TX PAI1,TRAIN,154,3,3d183ec13e583e89be033e76bd803eab3e663e253cd8bcb2*f355
RX # PAI1,TRAIN,154,1292
TX PAI1,TRAIN,155,3,3e803eaf3f063ef5bed93c9c3e4e3eb13ed13ec43dd93dff*da35
RX # PAI1,TRAIN,155,1291
TX PAI1,TRAIN,156,4,3eaebcf33f013ef9bec3beab3e3e3e473e3e3e433a7ebe47*3069
RX # PAI1,TRAIN,156,1290
TX PAI1,TRAIN,157,3,3d793ebb3ead3e9bbdd73e57bd0cbea6bdc8bde53da3be2c*4a85
RX # PAI1,TRAIN,157,1293
TX PAI1,TRAIN,158,4,3ece3f673e7d3ee4bf023e93be82be78bd98be1e3da0be9b*16f3
RX # PAI1,TRAIN,158,1292
TX PAI1,TRAIN,159,3,3e6c3e993ee33edabed13ba23ed03e773dc73e553e2d3e05*3616
RX # PAI1,TRAIN,159,1290
TX PAI1,TRAIN,160,4,bc54be81be93be96bd68be2f3bfcbe58be47be26bd68bc14*9f7f
RX # PAI1,TRAIN,160,1292
TX PAI1,TRAIN,161,3,3e2b3d963d163e19be03bdcf3ecd3e683ddc3e583d143de7*1ca1
RX # PAI1,TRAIN,161,1292
TX PAI1,TRAIN,162,1,beb8bd27beb8bea13eeb3e9abeefbef8bedcbef93e873e8c*88f5
RX # PAI1,TRAIN,162,1293
TX PAI1,TRAIN,163,3,be533ebfbedcbe803e253eed3eeb3ebe3e7c3ea9be733d3d*1839
RX # PAI1,TRAIN,163,1292
TX PAI1,TRAIN,164,2,bf17be94bed4bef83f183eac3ea0bb97bdca3d60becfbe89*b05d
RX # PAI1,TRAIN,164,1289
TX PAI1,TRAIN,165,3,be9d3f203ebe3ef33e0e3f3d3e403e6b3d7f3e143e233d05*0a31
RX # PAI1,TRAIN,165,1293
TX PAI1,TRAIN,166,3,be43bde03e163d4d3c563dc5be803e9abc8dbd1b3e273e4b*e01b
RX # PAI1,TRAIN,166,1292
TX PAI1,TRAIN,167,4,3cf7bc02bd86bcc73da5bd093c24bdf8bdffbe113c2fbd96*5d22
RX # PAI1,TRAIN,167,1292
TX PAI1,TRAIN,168,1,bf1abea5bf1bbf2a3f0d3ea4bed3be55be04be4bbe52bc6c*e6f9
RX # PAI1,TRAIN,168,1292
TX PAI1,TRAIN,169,1,bd9fbe843d84bd6cbc8ebdedbf01bf1abf00bf0c3ec33e70*ef91
RX # PAI1,TRAIN,169,1293
TX PAI1,TRAIN,170,1,be8fbe2b3dd13c323e1e3e0dbeccbf25bef0bf003eaf3e22*2e3d
RX # PAI1,TRAIN,170,1292
TX PAI1,TRAIN,171,3,bd9c3e25be83be263d683e413ebe3ebf3d963e63be003da6*8f48
RX # PAI1,TRAIN,171,1291
TX PAI1,TRAIN,172,4,3d8a3ac5bde6bdabbce4bd7bbe053d9ebe05be053d963d9d*0a06
RX # PAI1,TRAIN,172,1293
TX PAI1,TRAIN,173,3,3de0bd503e253d7cbe88be0dbe8c3e963df83d6cbc36bc8c*db88
RX # PAI1,TRAIN,173,1287
TX PAI1,TRAIN,174,3,3ea93e6b3ea03e9cbe07be0cbef1beaebe86bea73de7be8f*ab5c
RX # PAI1,TRAIN,174,1293
TX PAI1,TRAIN,175,2,3f073eee3f443f1cbe81be1a3e183e643df93df23dbdbe42*6500
RX # PAI1,TRAIN,175,1293
TX PAI1,TRAIN,176,2,be963ee0bdc93d143e923f173f083ec43f7b3f5abec33c27*ee52
RX # PAI1,TRAIN,176,1290
TX PAI1,TRAIN,177,1,becbbf12be14be923e93bd4abe6abf01bf09befe3e353dd8*43c7
RX # PAI1,TRAIN,177,1291
TX PAI1,TRAIN,178,3,3ebbbe05be9abdd73e65beddbe0dbc40bdd3be003e973ee7*57bf
RX # PAI1,TRAIN,178,1293
TX PAI1,TRAIN,179,3,3e2b3d963d163e19be03bdcf3ecd3e683ddc3e583d143de7*793e
RX # PAI1,TRAIN,179,1292
TX PAI1,TRAIN,180,3,bdc03e49be6abddd3d393e6bbec2bea0be8abea33bbdbe20*b326
RX # PAI1,TRAIN,180,1287
TX PAI1,TRAIN,181,1,bd9fbe843d84bd6cbc8ebdedbf01bf1abf00bf0c3ec33e70*2afd
RX # PAI1,TRAIN,181,1292
TX PAI1,TRAIN,182,3,3d793ebb3ead3e9bbdd73e57bd0cbea6bdc8bde53da3be2c*63ce
RX # PAI1,TRAIN,182,1289
TX PAI1,TRAIN,183,3,be9d3f203ebe3ef33e0e3f3d3e403e6b3d7f3e143e233d05*2e9f
RX # PAI1,TRAIN,183,1292
TX PAI1,TRAIN,184,3,3f2e3f273ef33f1dbf56be1a3d203e4d3e113e103eb23e6e*7105
RX # PAI1,TRAIN,184,1291
TX PAI1,TRAIN,185,3,3cdf3e043e023d8cbd4e3d8d3e0dbd553c213d453da03de9*c556
RX # PAI1,TRAIN,185,1292
TX PAI1,TRAIN,186,3,3e2a3d673e723e59be84bde53e7d3f153ecb3eccbb2b3e19*3444
RX # PAI1,TRAIN,186,1292
TX PAI1,TRAIN,187,4,3f053ecb3f203f2cbee5be463e373d89bdddb9773e0fbe7b*b01a
RX # PAI1,TRAIN,187,1293
TX PAI1,TRAIN,188,3,3e6c3e993ee33edabed13ba23ed03e773dc73e553e2d3e05*e27c
RX # PAI1,TRAIN,188,1293
TX PAI1,TRAIN,189,1,be2ebe5b3c95bdef3d9f3ac5bf02bf0dbf18bf203ebb3e45*457c
RX # PAI1,TRAIN,189,1293
TX PAI1,TRAIN,190,4,3eae3f133ef13f01bf113dda3c5a3d933e0b3dd73d2cbe52*0d18
RX # PAI1,TRAIN,190,1293
TX PAI1,TRAIN,191,4,3ebe3ead3eee3f14bee5bdc73ddd3f053df73e293d9abe22*bdc0
RX # PAI1,TRAIN,191,1293
TX PAI1,TRAIN,192,3,3b8c3f0e3cc33e03be003eccbe82be72bddebe2e3d4dbe0d*638b
RX # PAI1,TRAIN,192,1289
TX PAI1,TRAIN,193,3,3ed53bf83ef83ec2bebdbec2bde83ebe3e813e273e293dfd*4d97
RX # PAI1,TRAIN,193,1285
TX PAI1,TRAIN,194,3,be853e2f3e503df93dc33eba3e1e3e7e3e493e3d3e023e84*d8df
RX # PAI1,TRAIN,194,1292
TX PAI1,TRAIN,195,3,bc2b3e5e3e8d3e27bd153e2c3eca3ec23e5f3eafbd8b3d1a*3a86
RX # PAI1,TRAIN,195,1290
TX PAI1,TRAIN,196,4,be67be49be7bbe8c3e153d86be97be06be47be67bcb1bc71*6bf6
RX # PAI1,TRAIN,196,1291
TX PAI1,TRAIN,197,3,bdb5beddbe46be883dbabe6ebdd2be3ebeb3bea13e8d3ec6*dbf6
RX # PAI1,TRAIN,197,1292
TX PAI1,TRAIN,198,3,3d183ec13e583e89be033e76bd803eab3e663e253cd8bcb2*c4c1
RX # PAI1,TRAIN,198,1291
TX PAI1,TRAIN,199,3,3ea93e6b3ea03e9cbe07be0cbef1beaebe86bea73de7be8f*e851
RX # PAI1,TRAIN,199,1293
TX PAI1,TRAIN,200,1,bf32be90bf18bf283f1c3ee0bddfbee3bea8bea5be3dbda8*75f8
RX # PAI1,TRAIN,200,1292
TX PAI1,TRAIN,201,1,be93bedd3c1cbdcf3e2cbd4cbec7bf02bef8bf033eb43e7c*2cdb
RX # PAI1,TRAIN,201,1292
TX PAI1,TRAIN,202,4,3c043c16be50be243db0ba4abe17be03be4fbe6d3d9a3d69*16d1
RX # PAI1,TRAIN,202,1292
TX PAI1,TRAIN,203,3,be43bde03e163d4d3c563dc5be803e9abc8dbd1b3e273e4b*c299
RX # PAI1,TRAIN,203,1288
TX PAI1,TRAIN,204,3,3ea73de63eb63eb0bec7be603e183eef3e793e953d7f3da6*f8ba
RX # PAI1,TRAIN,204,1291
TX PAI1,TRAIN,205,3,3de0bd503e253d7cbe88be0dbe8c3e963df83d6cbc36bc8c*fb36
RX # PAI1,TRAIN,205,1294
TX PAI1,TRAIN,206,1,bf20be14bef7bf053f203ef1beefbe59be62be8bbdc23bb9*2e67
RX # PAI1,TRAIN,206,1292
TX PAI1,TRAIN,207,2,bf1f3e7fbe49be2f3f213f413f0a3e6b3ecb3edabe9abd19*bf12
RX # PAI1,TRAIN,207,1293
TX PAI1,TRAIN,208,3,3f08be883f2f3f0abebbbf2fbe3b3ed53d8a3d133eb83e64*c062
RX # PAI1,TRAIN,208,1292
TX PAI1,TRAIN,209,3,3df2bec4bee6bec3be14bec63eb23dc7bbd73e16be593d1b*02e7
RX # PAI1,TRAIN,209,1293
TX PAI1,TRAIN,210,4,3d823e1d3e163e2b3d3f3d5abd81be57bdd7be0c3de2bd35*3754
RX # PAI1,TRAIN,210,1289
TX PAI1,TRAIN,211,3,3e84bf363dc53d08be57bf42be6d3ebe3e733e3bbda0bc21*d034
RX # PAI1,TRAIN,211,1290
TX PAI1,TRAIN,212,4,3d8a3ac5bde6bdabbce4bd7bbe053d9ebe05be053d963d9d*aee5
RX # PAI1,TRAIN,212,1293
TX PAI1,TRAIN,213,3,bc8a3e21bd913c903d2d3e053eb73ec73e943ea5bdbf3daa*4911
RX # PAI1,TRAIN,213,1287
TX PAI1,TRAIN,214,2,bece3e3cbe9cbe8c3ec33f013f0b3eaa3f5a3f32bef7bd5c*f045
RX # PAI1,TRAIN,214,1290
TX PAI1,TRAIN,215,1,bd22befe3d7bbd9b3ce8bea6bf03beddbf0cbf133ec63e72*ad21
RX # PAI1,TRAIN,215,1286
TX PAI1,TRAIN,216,1,bf1abea5bf1bbf2a3f0d3ea4bed3be55be04be4bbe52bc6c*2c24
RX # PAI1,TRAIN,216,1288
TX PAI1,TRAIN,217,4,3e82bdb3be86be34bda9be993e5f3eb8bcdd3d61be14bd88*391d
RX # PAI1,TRAIN,217,1294
TX PAI1,TRAIN,218,2,bf24bec3bf25bf3a3f433ea13f10beb93f863f6cc017c024*b315
RX # PAI1,TRAIN,218,1290
TX PAI1,TRAIN,219,2,bc81befc3dc9bba5be1bbeb03e6a3e893edc3eb1be83be12*a6fd
RX # PAI1,TRAIN,219,1287
TX PAI1,TRAIN,220,3,3de03de93e9e3e6bbe37bc96beacbea6be80be9e3de0be60*7997
RX # PAI1,TRAIN,220,1293
TX PAI1,TRAIN,221,1,be8fbe2b3dd13c323e1e3e0dbeccbf25bef0bf003eaf3e22*71bb
RX # PAI1,TRAIN,221,1289
TX PAI1,TRAIN,222,1,bebfbdfebe84be973ece3e82bebfbf07bed6bee93e663e62*e616
RX # PAI1,TRAIN,222,1291
TX PAI1,TRAIN,223,3,bbdb3ea03e4d3e423d7b3e6f3dce3f053f033ecb3d1c3e6a*61f8
RX # PAI1,TRAIN,223,1292
TX PAI1,TRAIN,224,3,be5b3e1c3e313d823df83e9ebd343e5d3e023dca3dcf3e44*f98a
RX # PAI1,TRAIN,224,1293
TX PAI1,TRAIN,225,4,3eb63ed93ea43ebebee0bca43e2d3e253de43e13bd85be82*14ea
RX # PAI1,TRAIN,225,1290
TX PAI1,TRAIN,226,4,3ee6bdbe3e513e67bf10bef7be02beafbd38bdc73df3bd2a*697e
RX # PAI1,TRAIN,226,1293
TX PAI1,TRAIN,227,3,3e26bf43bf10beee3e7bbf343f0fbcd9be253d283d973ef2*dd2b
RX # PAI1,TRAIN,227,1291
TX PAI1,TRAIN,228,2,bec6bf2bbe27be803f03be033ed93e033e823eb3be213e41*df49
RX # PAI1,TRAIN,228,1292
TX PAI1,TRAIN,229,3,3ebd3e343ed03eeabe9fbe5abe743ec13d5a3c533e9c3e38*bc9e
RX # PAI1,TRAIN,229,1289
TX PAI1,TRAIN,230,1,be4dbeb1be13be8b3dd9bd88bebabf0fbeb5becf3e4c3e4e*1798
RX # PAI1,TRAIN,230,1289
TX PAI1,TRAIN,231,3,3e8bbd5c3dc23db2be2bbe943e153e983e083e2ebd8dbd2e*5348
RX # PAI1,TRAIN,231,1286
TX PAI1,TRAIN,232,1,bf17be86bf1dbf2c3f193eb5bec1be37be0cbe46be3a3d03*6e02
RX # PAI1,TRAIN,232,1289
TX PAI1,TRAIN,233,1,bf0dbee2bf30bf3d3f0e3e3fbed9be05bdcbbe1abe89bcea*0df6
RX # PAI1,TRAIN,233,1290
TX PAI1,TRAIN,234,1,beb8bd27beb8bea13eeb3e9abeefbef8bedcbef93e873e8c*a792
RX # PAI1,TRAIN,234,1288
TX PAI1,TRAIN,235,3,bda13eb03e1e3e0cbe673ea53e843ead3d1f3e23bc103c38*1261
RX # PAI1,TRAIN,235,1291
TX PAI1,TRAIN,236,3,3e0fbeb2be6bbe82beb9bec33e1cbe3fbe98be453d033da9*35ee
RX # PAI1,TRAIN,236,1286
TX PAI1,TRAIN,237,3,be533ebfbedcbe803e253eed3eeb3ebe3e7c3ea9be733d3d*c1de
RX # PAI1,TRAIN,237,1291
TX PAI1,TRAIN,238,3,bd9c3e25be83be263d683e413ebe3ebf3d963e63be003da6*b551
RX # PAI1,TRAIN,238,1291
TX PAI1,TRAIN,239,4,3ea6bde7be81be35bc0abec3bd3cbde6be6dbe713d973d82*f982
RX # PAI1,TRAIN,239,1292
TX PAI1,TRAIN,240,2,3d54be5bbee5bec23e0bbe503eb83e363c5b3e05bed0be93*c124
RX # PAI1,TRAIN,240,1290
TX PAI1,TRAIN,241,3,bd993e26be2abde8be053e3f3eeb3eb63e263e9abe033dd3*3cd5
RX # PAI1,TRAIN,241,1292
TX PAI1,TRAIN,242,2,3f43bedbbed23d553c91bf813f163e7d3eb33ed6be90be2e*3dcf
RX # PAI1,TRAIN,242,1288
TX PAI1,TRAIN,243,4,3e753d463e943e97bec2be3ebcff3d693d15bba5bc44be6b*233d
RX # PAI1,TRAIN,243,1288
TX PAI1,TRAIN,244,3,3ec73e983ef03ef8bf10be123be93ee33eb33e9f3e163e07*e0ad
RX # PAI1,TRAIN,244,1291
TX PAI1,TRAIN,245,2,be6c3e00bc9e3d8f3e553e9b3f413d673ed73f11be83bced*0224
RX # PAI1,TRAIN,245,1292
TX PAI1,TRAIN,246,2,bf17be94bed4bef83f183eac3ea0bb97bdca3d60becfbe89*fd8c
RX # PAI1,TRAIN,246,1289
TX PAI1,TRAIN,247,4,3e8a3e5c3de93e1dbea2bdbfbe48beb4be46be7c3dcdbe09*9a83
RX # PAI1,TRAIN,247,1290
TX PAI1,TRAIN,248,4,3ece3f673e7d3ee4bf023e93be82be78bd98be1e3da0be9b*2d87
RX # PAI1,TRAIN,248,1288
TX PAI1,TRAIN,249,1,be5abe73be7cbea33e343cc2bed8bf07bee8bf003e643e4a*e82f
RX # PAI1,TRAIN,249,1293
TX PAI1,TRAIN,250,3,3ecabd8e3e2a3e17bedcbed4be7fbed7bdedbe463e353d03*31ae
RX # PAI1,TRAIN,250,1292
TX PAI1,TRAIN,251,1,be8a3b713ccebbca3ebb3e81bed6bf02beccbee83ed13ea0*776d
RX # PAI1,TRAIN,251,1288
TX PAI1,TRAIN,252,4,be2a3e0cbe4fbe2c3e323e81be1dbdb3be03be053c5c3d24*83a0
RX # PAI1,TRAIN,252,1289
TX PAI1,TRAIN,253,4,bc54be81be93be96bd68be2f3bfcbe58be47be26bd68bc14*2612
RX # PAI1,TRAIN,253,1289
TX PAI1,TRAIN,254,2,be173ef9bd8c3cf23e273efb3f173eb93f6d3f43befebe71*418f
RX # PAI1,TRAIN,254,1288
TX PAI1,TRAIN,255,1,bea0be7ebe05be293ea43ddcbf0ebf0dbf01bf0e3ea13e4b*75df
RX # PAI1,TRAIN,255,1290
TX PAI1,TRAIN,256,2,3f073eee3f443f1cbe81be1a3e183e643df93df23dbdbe42*5391
RX # PAI1,TRAIN,256,1291
TX PAI1,TRAIN,257,3,3e803eaf3f063ef5bed93c9c3e4e3eb13ed13ec43dd93dff*983d
RX # PAI1,TRAIN,257,1286
TX PAI1,TRAIN,258,3,3cb03b173d94bd6abe54bc94bec2beb2be68be98bd8bbe96*391d
RX # PAI1,TRAIN,258,1289
TX PAI1,TRAIN,259,3,3f00bea6be2ebd8d3d4abf32be993a93be83be833eb33ed4*f743
RX # PAI1,TRAIN,259,1291
TX PAI1,TRAIN,260,4,3cf7bc02bd86bcc73da5bd093c24bdf8bdffbe113c2fbd96*994b
RX # PAI1,TRAIN,260,1290
TX PAI1,TRAIN,261,2,bed4beb1bebabf013f093e053ecabd5dbe283cf5bef0bec0*39d8
RX # PAI1,TRAIN,261,1286
TX PAI1,TRAIN,262,4,3eaebcf33f013ef9bec3beab3e3e3e473e3e3e433a7ebe47*f9e5
RX # PAI1,TRAIN,262,1288
TX PAI1,TRAIN,263,4,3f053ecb3f203f2cbee5be463e373d89bdddb9773e0fbe7b*d6bc
RX # PAI1,TRAIN,263,1285
TX PAI1,TRAIN,264,2,be173ef9bd8c3cf23e273efb3f173eb93f6d3f43befebe71*c1aa
RX # PAI1,TRAIN,264,1289
TX PAI1,TRAIN,265,3,3e2a3d673e723e59be84bde53e7d3f153ecb3eccbb2b3e19*2203
RX # PAI1,TRAIN,265,1290
TX PAI1,TRAIN,266,3,3e8bbd5c3dc23db2be2bbe943e153e983e083e2ebd8dbd2e*b3e7
RX # PAI1,TRAIN,266,1289
TX PAI1,TRAIN,267,4,3e753d463e943e97bec2be3ebcff3d693d15bba5bc44be6b*d1c5
RX # PAI1,TRAIN,267,1292
TX PAI1,TRAIN,268,1,bea0be7ebe05be293ea43ddcbf0ebf0dbf01bf0e3ea13e4b*99f8
RX # PAI1,TRAIN,268,1287
TX PAI1,TRAIN,269,4,3ece3f673e7d3ee4bf023e93be82be78bd98be1e3da0be9b*591e
RX # PAI1,TRAIN,269,1293
TX PAI1,TRAIN,270,2,3f073eee3f443f1cbe81be1a3e183e643df93df23dbdbe42*57e9
RX # PAI1,TRAIN,270,1287
TX PAI1,TRAIN,271,1,bf32be90bf18bf283f1c3ee0bddfbee3bea8bea5be3dbda8*912f
RX # PAI1,TRAIN,271,1292
TX PAI1,TRAIN,272,2,bf24bec3bf25bf3a3f433ea13f10beb93f863f6cc017c024*bf9d
RX # PAI1,TRAIN,272,1286
TX PAI1,TRAIN,273,4,3eb63ed93ea43ebebee0bca43e2d3e253de43e13bd85be82*8f05
RX # PAI1,TRAIN,273,1287
TX PAI1,TRAIN,274,4,3eae3f133ef13f01bf113dda3c5a3d933e0b3dd73d2cbe52*6bbe
RX # PAI1,TRAIN,274,1291
TX PAI1,TRAIN,275,3,3df2bec4bee6bec3be14bec63eb23dc7bbd73e16be593d1b*8a32
RX # PAI1,TRAIN,275,1288
TX PAI1,TRAIN,276,1,be93bedd3c1cbdcf3e2cbd4cbec7bf02bef8bf033eb43e7c*c3ad
RX # PAI1,TRAIN,276,1286
TX PAI1,TRAIN,277,2,bec6bf2bbe27be803f03be033ed93e033e823eb3be213e41*d585
RX # PAI1,TRAIN,277,1286
TX PAI1,TRAIN,278,3,3f2e3f273ef33f1dbf56be1a3d203e4d3e113e103eb23e6e*723c
RX # PAI1,TRAIN,278,1291
TX PAI1,TRAIN,279,3,3ec73e983ef03ef8bf10be123be93ee33eb33e9f3e163e07*0c8a
RX # PAI1,TRAIN,279,1289
TX PAI1,TRAIN,280,3,bd993e26be2abde8be053e3f3eeb3eb63e263e9abe033dd3*6743
RX # PAI1,TRAIN,280,1291
TX PAI1,TRAIN,281,4,be2a3e0cbe4fbe2c3e323e81be1dbdb3be03be053c5c3d24*a14a
RX # PAI1,TRAIN,281,1293
TX PAI1,TRAIN,282,2,bed4beb1bebabf013f093e053ecabd5dbe283cf5bef0bec0*9b17
RX # PAI1,TRAIN,282,1288
TX PAI1,TRAIN,283,3,bc2b3e5e3e8d3e27bd153e2c3eca3ec23e5f3eafbd8b3d1a*0a53
RX # PAI1,TRAIN,283,1288
TX PAI1,TRAIN,284,2,be6c3e00bc9e3d8f3e553e9b3f413d673ed73f11be83bced*59b2
RX # PAI1,TRAIN,284,1286
TX PAI1,TRAIN,285,4,3ea6bde7be81be35bc0abec3bd3cbde6be6dbe713d973d82*5181
RX # PAI1,TRAIN,285,1286
TX PAI1,TRAIN,286,4,3c043c16be50be243db0ba4abe17be03be4fbe6d3d9a3d69*d494
RX # PAI1,TRAIN,286,1288
TX PAI1,TRAIN,287,1,becbbf12be14be923e93bd4abe6abf01bf09befe3e353dd8*57bc
RX # PAI1,TRAIN,287,1291
TX PAI1,TRAIN,288,1,bd22befe3d7bbd9b3ce8bea6bf03beddbf0cbf133ec63e72*71bb
RX # PAI1,TRAIN,288,1287
TX PAI1,TRAIN,289,3,3ecabd8e3e2a3e17bedcbed4be7fbed7bdedbe463e353d03*0fa7
RX # PAI1,TRAIN,289,1289
TX PAI1,TRAIN,290,3,3ebd3e343ed03eeabe9fbe5abe743ec13d5a3c533e9c3e38*92fc
RX # PAI1,TRAIN,290,1286
TX PAI1,TRAIN,291,2,bf1f3e7fbe49be2f3f213f413f0a3e6b3ecb3edabe9abd19*042b
RX # PAI1,TRAIN,291,1288
TX PAI1,TRAIN,292,3,3b8c3f0e3cc33e03be003eccbe82be72bddebe2e3d4dbe0d*d703
RX # PAI1,TRAIN,292,1288
TX PAI1,TRAIN,293,3,3d183ec13e583e89be033e76bd803eab3e663e253cd8bcb2*17ea
RX # PAI1,TRAIN,293,1286
TX PAI1,TRAIN,294,2,bf17be94bed4bef83f183eac3ea0bb97bdca3d60becfbe89*a426
RX # PAI1,TRAIN,294,1287
TX PAI1,TRAIN,295,3,be533ebfbedcbe803e253eed3eeb3ebe3e7c3ea9be733d3d*07e3
RX # PAI1,TRAIN,295,1286
TX PAI1,TRAIN,296,3,bc8a3e21bd913c903d2d3e053eb73ec73e943ea5bdbf3daa*f014
RX # PAI1,TRAIN,296,1293
TX PAI1,TRAIN,297,4,3e82bdb3be86be34bda9be993e5f3eb8bcdd3d61be14bd88*0679
RX # PAI1,TRAIN,297,1287
TX PAI1,TRAIN,298,1,be2ebe5b3c95bdef3d9f3ac5bf02bf0dbf18bf203ebb3e45*0548
RX # PAI1,TRAIN,298,1287
TX PAI1,TRAIN,299,1,bf1abea5bf1bbf2a3f0d3ea4bed3be55be04be4bbe52bc6c*89c2
RX # PAI1,TRAIN,299,1287
TX PAI1,TRAIN,300,3,3e6c3e993ee33edabed13ba23ed03e773dc73e553e2d3e05*1f94
RX # PAI1,TRAIN,300,1287
TX PAI1,TRAIN,301,2,bece3e3cbe9cbe8c3ec33f013f0b3eaa3f5a3f32bef7bd5c*65bf
RX # PAI1,TRAIN,301,1287
TX PAI1,TRAIN,302,1,be4dbeb1be13be8b3dd9bd88bebabf0fbeb5becf3e4c3e4e*fd5a
RX # PAI1,TRAIN,302,1288
TX PAI1,TRAIN,303,3,3cdf3e043e023d8cbd4e3d8d3e0dbd553c213d453da03de9*d97c
RX # PAI1,TRAIN,303,1288
TX PAI1,TRAIN,304,4,3e8a3e5c3de93e1dbea2bdbfbe48beb4be46be7c3dcdbe09*9496
RX # PAI1,TRAIN,304,1287
TX PAI1,TRAIN,305,3,3e84bf363dc53d08be57bf42be6d3ebe3e733e3bbda0bc21*3e8e
RX # PAI1,TRAIN,305,1287
TX PAI1,TRAIN,306,3,3e26bf43bf10beee3e7bbf343f0fbcd9be253d283d973ef2*35d5
RX # PAI1,TRAIN,306,1287
TX PAI1,TRAIN,307,3,3e0fbeb2be6bbe82beb9bec33e1cbe3fbe98be453d033da9*52ec
RX # PAI1,TRAIN,307,1291
TX PAI1,TRAIN,308,1,beb8bd27beb8bea13eeb3e9abeefbef8bedcbef93e873e8c*ac92
RX # PAI1,TRAIN,308,1292
TX PAI1,TRAIN,309,3,bbdb3ea03e4d3e423d7b3e6f3dce3f053f033ecb3d1c3e6a*eea5
RX # PAI1,TRAIN,309,1287
TX PAI1,TRAIN,310,4,3eaebcf33f013ef9bec3beab3e3e3e473e3e3e433a7ebe47*0c95
RX # PAI1,TRAIN,310,1286
TX PAI1,TRAIN,311,4,bc54be81be93be96bd68be2f3bfcbe58be47be26bd68bc14*5347
RX # PAI1,TRAIN,311,1286
TX PAI1,TRAIN,312,3,be9d3f203ebe3ef33e0e3f3d3e403e6b3d7f3e143e233d05*cda8
RX # PAI1,TRAIN,312,1289
TX PAI1,TRAIN,313,4,3cf7bc02bd86bcc73da5bd093c24bdf8bdffbe113c2fbd96*177b
RX # PAI1,TRAIN,313,1285
TX PAI1,TRAIN,314,3,bda13eb03e1e3e0cbe673ea53e843ead3d1f3e23bc103c38*fa9f
RX # PAI1,TRAIN,314,1287
TX PAI1,TRAIN,315,1,bf20be14bef7bf053f203ef1beefbe59be62be8bbdc23bb9*b03c
RX # PAI1,TRAIN,315,1287
TX PAI1,TRAIN,316,2,bc81befc3dc9bba5be1bbeb03e6a3e893edc3eb1be83be12*a018
RX # PAI1,TRAIN,316,1287
TX PAI1,TRAIN,317,3,be853e2f3e503df93dc33eba3e1e3e7e3e493e3d3e023e84*4294
RX # PAI1,TRAIN,317,1287
TX PAI1,TRAIN,318,3,be43bde03e163d4d3c563dc5be803e9abc8dbd1b3e273e4b*b6a1
RX # PAI1,TRAIN,318,1291
TX PAI1,TRAIN,319,4,be67be49be7bbe8c3e153d86be97be06be47be67bcb1bc71*e6ff
RX # PAI1,TRAIN,319,1292
TX PAI1,TRAIN,320,1,bd9fbe843d84bd6cbc8ebdedbf01bf1abf00bf0c3ec33e70*49ef
RX # PAI1,TRAIN,320,1286
TX PAI1,TRAIN,321,4,3ebe3ead3eee3f14bee5bdc73ddd3f053df73e293d9abe22*2a6e
RX # PAI1,TRAIN,321,1286
TX PAI1,TRAIN,322,3,bd9c3e25be83be263d683e413ebe3ebf3d963e63be003da6*ba29
RX # PAI1,TRAIN,322,1285
TX PAI1,TRAIN,323,3,3de0bd503e253d7cbe88be0dbe8c3e963df83d6cbc36bc8c*6329
RX # PAI1,TRAIN,323,1288
TX PAI1,TRAIN,324,3,3f00bea6be2ebd8d3d4abf32be993a93be83be833eb33ed4*98b1
RX # PAI1,TRAIN,324,1287
TX PAI1,TRAIN,325,1,be5abe73be7cbea33e343cc2bed8bf07bee8bf003e643e4a*7361
RX # PAI1,TRAIN,325,1288
TX PAI1,TRAIN,326,3,bdc03e49be6abddd3d393e6bbec2bea0be8abea33bbdbe20*a0d5
RX # PAI1,TRAIN,326,1287
TX PAI1,TRAIN,327,3,3e803eaf3f063ef5bed93c9c3e4e3eb13ed13ec43dd93dff*9bcd
RX # PAI1,TRAIN,327,1287
TX PAI1,TRAIN,328,3,3f08be883f2f3f0abebbbf2fbe3b3ed53d8a3d133eb83e64*53dc
RX # PAI1,TRAIN,328,1285
TX PAI1,TRAIN,329,3,3cb03b173d94bd6abe54bc94bec2beb2be68be98bd8bbe96*41ad
RX # PAI1,TRAIN,329,1287
TX PAI1,TRAIN,330,4,3d823e1d3e163e2b3d3f3d5abd81be57bdd7be0c3de2bd35*a4ea
RX # PAI1,TRAIN,330,1286
TX PAI1,TRAIN,331,3,3ea73de63eb63eb0bec7be603e183eef3e793e953d7f3da6*6299
RX # PAI1,TRAIN,331,1290
TX PAI1,TRAIN,332,1,bf0dbee2bf30bf3d3f0e3e3fbed9be05bdcbbe1abe89bcea*ead1
RX # PAI1,TRAIN,332,1287
TX PAI1,TRAIN,333,3,3ebbbe05be9abdd73e65beddbe0dbc40bdd3be003e973ee7*0741
RX # PAI1,TRAIN,333,1287
TX PAI1,TRAIN,334,2,be963ee0bdc93d143e923f173f083ec43f7b3f5abec33c27*2f8f
RX # PAI1,TRAIN,334,1286
TX PAI1,TRAIN,335,1,bf17be86bf1dbf2c3f193eb5bec1be37be0cbe46be3a3d03*8284
RX # PAI1,TRAIN,335,1293
TX PAI1,TRAIN,336,3,3e2b3d963d163e19be03bdcf3ecd3e683ddc3e583d143de7*d4e1
RX # PAI1,TRAIN,336,1290
TX PAI1,TRAIN,337,3,3d793ebb3ead3e9bbdd73e57bd0cbea6bdc8bde53da3be2c*7201
RX # PAI1,TRAIN,337,1289
TX PAI1,TRAIN,338,3,3de03de93e9e3e6bbe37bc96beacbea6be80be9e3de0be60*806f
RX # PAI1,TRAIN,338,1292
TX PAI1,TRAIN,339,2,3d54be5bbee5bec23e0bbe503eb83e363c5b3e05bed0be93*53f7
RX # PAI1,TRAIN,339,1291
TX PAI1,TRAIN,340,1,be8fbe2b3dd13c323e1e3e0dbeccbf25bef0bf003eaf3e22*86f7
RX # PAI1,TRAIN,340,1287
TX PAI1,TRAIN,341,1,be8a3b713ccebbca3ebb3e81bed6bf02beccbee83ed13ea0*64f6
RX # PAI1,TRAIN,341,1292
TX PAI1,TRAIN,342,1,bebfbdfebe84be973ece3e82bebfbf07bed6bee93e663e62*6a1a
RX # PAI1,TRAIN,342,1286
TX PAI1,TRAIN,343,3,3ea93e6b3ea03e9cbe07be0cbef1beaebe86bea73de7be8f*7377
RX # PAI1,TRAIN,343,1292
TX PAI1,TRAIN,344,2,3f43bedbbed23d553c91bf813f163e7d3eb33ed6be90be2e*aa09
RX # PAI1,TRAIN,344,1291
TX PAI1,TRAIN,345,4,3ee6bdbe3e513e67bf10bef7be02beafbd38bdc73df3bd2a*68b2
RX # PAI1,TRAIN,345,1286
TX PAI1,TRAIN,346,3,3ed53bf83ef83ec2bebdbec2bde83ebe3e813e273e293dfd*4c33
RX # PAI1,TRAIN,346,1291
TX PAI1,TRAIN,347,4,3d8a3ac5bde6bdabbce4bd7bbe053d9ebe05be053d963d9d*24ad
RX # PAI1,TRAIN,347,1287
TX PAI1,TRAIN,348,3,bdb5beddbe46be883dbabe6ebdd2be3ebeb3bea13e8d3ec6*c6b1
RX # PAI1,TRAIN,348,1288
TX PAI1,TRAIN,349,3,be5b3e1c3e313d823df83e9ebd343e5d3e023dca3dcf3e44*1984
RX # PAI1,TRAIN,349,1287
TX PAI1,PREDICT,350,3cdebe5d3e5f3e4a3e10be3abf0dbef7bf0dbf183f0b3e8f*391c
RX # PAI1,PREDICT,350,104,3f2a,bdf4,3e9e,3e1c
TX PAI1,PREDICT,351,bea1bea0bd10be073e713d7fbee8beefbef5bf043e913e20*db73
RX # PAI1,PREDICT,351,105,3f3c,bd56,3e71,3db7
TX PAI1,PREDICT,352,3f73bed2bf47bea83effbf963ea83e163d8b3e15becebe9b*3161
RX # PAI1,PREDICT,352,108,bee5,3f46,3e5d,3eed
TX PAI1,PREDICT,353,bf24be08bedcbf0d3f363efc3f403d12bd283e8abf14beac*b0a2
RX # PAI1,PREDICT,353,108,3de3,3f4e,3d91,3d0a
TX PAI1,PREDICT,354,3e803d523dd13e23be91be45be86be89bd30bdf23d96bdab*bffb
RX # PAI1,PREDICT,354,105,3e4a,3d27,3ee0,3ea6
TX PAI1,PREDICT,355,3ea4bdd03e6d3e88bef3bebd3db33c403ce63cf63d6cbd92*87f2
RX # PAI1,PREDICT,355,106,bd28,3da8,3f22,3ea6
TX PAI1,PREDICT,356,3e563e963cf73e223d8c3ca4be54be68be39be753e30bc88*0d7b
RX # PAI1,PREDICT,356,105,3e4e,3d97,3ec3,3eb9
TX PAI1,PREDICT,357,3e103ecf3dd93e33bdd43e28bea1bea1be64be8b3e2fbd5f*fce2
RX # PAI1,PREDICT,357,108,3e85,bd93,3ee1,3ecc
TX PAI1,INIT,358,12,32,1,1*1434
RX # PAI1,INIT,358,12,32,4
TX PAI1,TRAIN,359,3,3e12be8dbedebeb6be81beb03edf3eec3e493eb0be413d31*25c3
RX # PAI1,TRAIN,359,1287
TX PAI1,TRAIN,360,2,bf2cbe8cbf2ebf4b3f503ed63f25be2d3fb43f95bff0bff4*cba5
RX # PAI1,TRAIN,360,1288
TX PAI1,TRAIN,361,3,3f0dbe5ebdb93d20bcc4bf2ebe413ea8bdb6bdaa3e813ea5*23da
RX # PAI1,TRAIN,361,1289
TX PAI1,TRAIN,362,4,3eba3b39be44bdc9bdbcbead3d643e31bd77bd773d123d7f*96ab
RX # PAI1,TRAIN,362,1290
TX PAI1,TRAIN,363,3,3da73eff3f0a3f02be533e9b3d89bdf53dbd3d903d25bde2*480d
RX # PAI1,TRAIN,363,1289
TX PAI1,TRAIN,364,3,3ee03d433ea63ea1bf16bebfbe0fbe803d94bc873dee3d1f*0faa
RX # PAI1,TRAIN,364,1288
TX PAI1,TRAIN,365,3,3ed1bc7abe81bbcd3e3abecabd083e9f3db13d663e563eb4*8fd5
RX # PAI1,TRAIN,365,1290
TX PAI1,TRAIN,366,1,bec5bc0abe4bbe7f3ec83eb4be85beccbe8bbe963e1d3e38*56c2
RX # PAI1,TRAIN,366,1290
TX PAI1,TRAIN,367,4,3d473de43d1e3dc43c513d223de13e243d7e3d1fbc62bd22*9d9b
RX # PAI1,TRAIN,367,1289
TX PAI1,TRAIN,368,3,3cab3f313e183e94be6b3f02be153b243da53c133c8bbdb4*54aa
RX # PAI1,TRAIN,368,1290
TX PAI1,TRAIN,369,3,3e2abe76be27be49bf02bead3e7d3d91be09bc803b443d9d*11b9
RX # PAI1,TRAIN,369,1289
TX PAI1,TRAIN,370,4,3dad3e8e3e9a3eadbcdd3e093d213d1e3dad3d313d83bc94*417f
RX # PAI1,TRAIN,370,1290
TX PAI1,TRAIN,371,2,bf1ebe38bec8befa3f1e3ee23ecd3ea43dbc3e7dbeaebe3d*c4bd
RX # PAI1,TRAIN,371,1289
TX PAI1,TRAIN,372,4,3db63df8bc9d3caabdeb3c1dbccd3ede3d623d503d103d93*06a0
RX # PAI1,TRAIN,372,1288
TX PAI1,TRAIN,373,4,3b1dbe10be71be7abe18bde03ddc3d15bc913c8ebd883c07*5379
RX # PAI1,TRAIN,373,1288
TX PAI1,TRAIN,374,1,bcd6bec93e483cfbbd47be8dbec9be88bed7bed73e903e44*ab69
RX # PAI1,TRAIN,374,1289
TX PAI1,TRAIN,375,3,3e093e733f003ed6be953d67be66bdf1bda9be0d3d82be18*2244
RX # PAI1,TRAIN,375,1292
TX PAI1,TRAIN,376,2,be6c3e803dc43e5c3e263ed03f543ecf3f2f3f4bbe65bbd7*e839
RX # PAI1,TRAIN,376,1286
TX PAI1,TRAIN,377,1,bd89be163e4c3d5bbdd2bd4cbec6bf00bebcbec83e8d3e42*b348
RX # PAI1,TRAIN,377,1288
TX PAI1,TRAIN,378,3,3e43bf2bbf13beed3e54bf303f233e953ca33e6e3d123ebc*21d5
RX # PAI1,TRAIN,378,1286
TX PAI1,TRAIN,379,3,3d213dfa3e563d5dbea63d67be88be1abd5ebe02bd9abe51*1841
RX # PAI1,TRAIN,379,1288
TX PAI1,TRAIN,380,3,3ebd3eb73f013f03be73bd95beb5be0fbdc3be203d87be46*ff1a
RX # PAI1,TRAIN,380,1287
TX PAI1,TRAIN,381,3,bda1bea7bdf4be593cccbe353ab43d93be49be143e463e9c*b505
RX # PAI1,TRAIN,381,1288
TX PAI1,TRAIN,382,4,3eff3cc03ebe3ed3bf3fbee5bcbcbe133e1c3db03d90bc83*94f7
RX # PAI1,TRAIN,382,1291
TX PAI1,TRAIN,383,2,beccbf12bda7be433f05bd813f023f013efd3f0fbe153e1f*db38
RX # PAI1,TRAIN,383,1287
TX PAI1,TRAIN,384,1,be2abdd03e11bcae3c203d9fbec7bedebef2bef23e873e22*18d2
RX # PAI1,TRAIN,384,1289
TX PAI1,TRAIN,385,2,bedbbe73bea9bf043f0c3e5f3ef63e813c8c3e62bec8be87*cbfc
RX # PAI1,TRAIN,385,1289
TX PAI1,TRAIN,386,4,be253e85be05bdb23dfc3eb3bd453e543d6d3d4fbc3f3d37*bc89
RX # PAI1,TRAIN,386,1289
TX PAI1,TRAIN,387,1,bea3be0cbd27bda93e973e45bedfbedcbebfbecc3e663e27*ee6d
RX # PAI1,TRAIN,387,1289
TX PAI1,TRAIN,388,1,be95bea83e06baf83ded3cb3be8dbebfbeb2beb53e823e4b*5d54
RX # PAI1,TRAIN,388,1288
TX PAI1,TRAIN,389,1,be4bbe74bd6fbe603d2e3b7bbe80bee2be4cbe773e093e29*0d1e
RX # PAI1,TRAIN,389,1288
TX PAI1,TRAIN,390,1,be59be01be3dbe8d3e003dd1be9dbecdbea0beb03e1c3e26*ed98
RX # PAI1,TRAIN,390,1289
TX PAI1,TRAIN,391,1,bed1bef1bd72be713e843cbabdf7bebcbed1bead3dee3dc0*138f
RX # PAI1,TRAIN,391,1290
TX PAI1,TRAIN,392,3,bdac3ea5be27bc2abcec3ea7be88bdd0bdd6be19bc90bdd1*94a0
RX # PAI1,TRAIN,392,1290
TX PAI1,TRAIN,393,4,3ee53f873eda3f31bf2e3ec7be14bbbf3df43ccd3d20be58*4f74
RX # PAI1,TRAIN,393,1287
TX PAI1,TRAIN,394,2,3f153f1a3f883f67bec3bdb33e793f223eaf3ea13d4dbe02*1b8b
RX # PAI1,TRAIN,394,1289
TX PAI1,TRAIN,395,4,3ccc3e04be06bd9e3c9d3d9abd2c3e1abcdbbd683d163d6b*6475
RX # PAI1,TRAIN,395,1290
TX PAI1,TRAIN,396,1,be8c3dfd3e1a3df33eb23eb3be9bbebfbe80be963e983e7e*f471
RX # PAI1,TRAIN,396,1288
TX PAI1,TRAIN,397,4,be67bdaabe3bbe623db63e17be3e3e16bc90bd4fbd203b83*5fb7
RX # PAI1,TRAIN,397,1291
TX PAI1,TRAIN,398,4,3e9c3eaf3e853ea4bee8bccdbdb4be20bc88bd933d66bdad*e4e3
RX # PAI1,TRAIN,398,1289
TX PAI1,TRAIN,399,1,be91bd583e7c3e0f3dcb3e67be92bf0fbea9beb03e7c3e08*0d38
RX # PAI1,TRAIN,399,1291
TX PAI1,TRAIN,400,2,3f55bea5bec73e45bd7abf833f2b3f2b3f1a3f22be79bde6*fb31
RX # PAI1,TRAIN,400,1288
TX PAI1,TRAIN,401,2,3d93bdcfbeddbeb53da0be143ee53f123e613ea7beaebe4c*7d77
RX # PAI1,TRAIN,401,1289
TX PAI1,TRAIN,402,1,bebc3d9fbea6be8b3eea3ecfbeb3beadbe92bea73e3e3e61*9fdb
RX # PAI1,TRAIN,402,1290
TX PAI1,TRAIN,403,3,3e12be8dbedebeb6be81beb03edf3eec3e493eb0be413d31*4c38
RX # PAI1,TRAIN,403,1289
TX PAI1,TRAIN,404,4,3e9c3eaf3e853ea4bee8bccdbdb4be20bc88bd933d66bdad*a66f
RX # PAI1,TRAIN,404,1290
TX PAI1,TRAIN,405,1,be91bd583e7c3e0f3dcb3e67be92bf0fbea9beb03e7c3e08*4fb4
RX # PAI1,TRAIN,405,1289
TX PAI1,TRAIN,406,2,beccbf12bda7be433f05bd813f023f013efd3f0fbe153e1f*876b
RX # PAI1,TRAIN,406,1289
TX PAI1,TRAIN,407,3,bdac3ea5be27bc2abcec3ea7be88bdd0bdd6be19bc90bdd1*470f
RX # PAI1,TRAIN,407,1291
TX PAI1,TRAIN,408,4,3ee53f873eda3f31bf2e3ec7be14bbbf3df43ccd3d20be58*7d19
RX # PAI1,TRAIN,408,1288
TX PAI1,TRAIN,409,1,bec5bc0abe4bbe7f3ec83eb4be85beccbe8bbe963e1d3e38*397d
RX # PAI1,TRAIN,409,1289
TX PAI1,TRAIN,410,3,3da73eff3f0a3f02be533e9b3d89bdf53dbd3d903d25bde2*bf0c
RX # PAI1,TRAIN,410,1287
TX PAI1,TRAIN,411,3,bda1bea7bdf4be593cccbe353ab43d93be49be143e463e9c*e0cb
RX # PAI1,TRAIN,411,1291
TX PAI1,TRAIN,412,3,3cab3f313e183e94be6b3f02be153b243da53c133c8bbdb4*3288
RX # PAI1,TRAIN,412,1289
TX PAI1,TRAIN,413,2,bf2cbe8cbf2ebf4b3f503ed63f25be2d3fb43f95bff0bff4*3ca4
RX # PAI1,TRAIN,413,1292
TX PAI1,TRAIN,414,4,be253e85be05bdb23dfc3eb3bd453e543d6d3d4fbc3f3d37*1fc7
RX # PAI1,TRAIN,414,1290
TX PAI1,TRAIN,415,4,be67bdaabe3bbe623db63e17be3e3e16bc90bd4fbd203b83*7305
RX # PAI1,TRAIN,415,1289
TX PAI1,TRAIN,416,3,3f0dbe5ebdb93d20bcc4bf2ebe413ea8bdb6bdaa3e813ea5*29fa
RX # PAI1,TRAIN,416,1291
TX PAI1,TRAIN,417,2,bedbbe73bea9bf043f0c3e5f3ef63e813c8c3e62bec8be87*68b2
RX # PAI1,TRAIN,417,1290
TX PAI1,TRAIN,418,2,3d93bdcfbeddbeb53da0be143ee53f123e613ea7beaebe4c*63a8
RX # PAI1,TRAIN,418,1291
TX PAI1,TRAIN,419,3,3e43bf2bbf13beed3e54bf303f233e953ca33e6e3d123ebc*afa8
RX # PAI1,TRAIN,419,1287
TX PAI1,TRAIN,420,4,3b1dbe10be71be7abe18bde03ddc3d15bc913c8ebd883c07*aba1
RX # PAI1,TRAIN,420,1289
TX PAI1,TRAIN,421,1,be4bbe74bd6fbe603d2e3b7bbe80bee2be4cbe773e093e29*3296
RX # PAI1,TRAIN,421,1293
TX PAI1,TRAIN,422,4,3eff3cc03ebe3ed3bf3fbee5bcbcbe133e1c3db03d90bc83*411c
RX # PAI1,TRAIN,422,1288
TX PAI1,TRAIN,423,1,bebc3d9fbea6be8b3eea3ecfbeb3beadbe92bea73e3e3e61*eb42
RX # PAI1,TRAIN,423,1290
TX PAI1,TRAIN,424,3,3ed1bc7abe81bbcd3e3abecabd083e9f3db13d663e563eb4*0e71
RX # PAI1,TRAIN,424,1292
TX PAI1,TRAIN,425,1,be8c3dfd3e1a3df33eb23eb3be9bbebfbe80be963e983e7e*23a6
RX # PAI1,TRAIN,425,1287
TX PAI1,TRAIN,426,1,bd89be163e4c3d5bbdd2bd4cbec6bf00bebcbec83e8d3e42*bd10
RX # PAI1,TRAIN,426,1289
TX PAI1,TRAIN,427,1,bcd6bec93e483cfbbd47be8dbec9be88bed7bed73e903e44*53b1
RX # PAI1,TRAIN,427,1292
TX PAI1,TRAIN,428,4,3dad3e8e3e9a3eadbcdd3e093d213d1e3dad3d313d83bc94*de04
RX # PAI1,TRAIN,428,1289
TX PAI1,TRAIN,429,3,3e2abe76be27be49bf02bead3e7d3d91be09bc803b443d9d*eb5d
RX # PAI1,TRAIN,429,1289
TX PAI1,TRAIN,430,2,be6c3e803dc43e5c3e263ed03f543ecf3f2f3f4bbe65bbd7*197c
RX # PAI1,TRAIN,430,1289
TX PAI1,TRAIN,431,2,bf1ebe38bec8befa3f1e3ee23ecd3ea43dbc3e7dbeaebe3d*3e59
RX # PAI1,TRAIN,431,1290
TX PAI1,TRAIN,432,1,bed1bef1bd72be713e843cbabdf7bebcbed1bead3dee3dc0*4ba4
RX # PAI1,TRAIN,432,1285
TX PAI1,TRAIN,433,4,3eba3b39be44bdc9bdbcbead3d643e31bd77bd773d123d7f*98f3
RX # PAI1,TRAIN,433,1290
TX PAI1,TRAIN,434,1,be95bea83e06baf83ded3cb3be8dbebfbeb2beb53e823e4b*1001
RX # PAI1,TRAIN,434,1286
TX PAI1,TRAIN,435,2,3f153f1a3f883f67bec3bdb33e793f223eaf3ea13d4dbe02*b520
RX # PAI1,TRAIN,435,1290
TX PAI1,TRAIN,436,1,bea3be0cbd27bda93e973e45bedfbedcbebfbecc3e663e27*cf3a
RX # PAI1,TRAIN,436,1289
TX PAI1,TRAIN,437,3,3d213dfa3e563d5dbea63d67be88be1abd5ebe02bd9abe51*0367
RX # PAI1,TRAIN,437,1290
TX PAI1,TRAIN,438,4,3d473de43d1e3dc43c513d223de13e243d7e3d1fbc62bd22*7201
RX # PAI1,TRAIN,438,1290
TX PAI1,TRAIN,439,2,3f55bea5bec73e45bd7abf833f2b3f2b3f1a3f22be79bde6*ea37
RX # PAI1,TRAIN,439,1291
TX PAI1,TRAIN,440,1,be2abdd03e11bcae3c203d9fbec7bedebef2bef23e873e22*2073
RX # PAI1,TRAIN,440,1290
TX PAI1,TRAIN,441,3,3ebd3eb73f013f03be73bd95beb5be0fbdc3be203d87be46*41da
RX # PAI1,TRAIN,441,1290
TX PAI1,TRAIN,442,4,3db63df8bc9d3caabdeb3c1dbccd3ede3d623d503d103d93*63d3
RX # PAI1,TRAIN,442,1292
TX PAI1,TRAIN,443,4,3ccc3e04be06bd9e3c9d3d9abd2c3e1abcdbbd683d163d6b*25a8
RX # PAI1,TRAIN,443,1289
TX PAI1,TRAIN,444,3,3e093e733f003ed6be953d67be66bdf1bda9be0d3d82be18*3c77
RX # PAI1,TRAIN,444,1289
TX PAI1,TRAIN,445,3,3ee03d433ea63ea1bf16bebfbe0fbe803d94bc873dee3d1f*9e65
RX # PAI1,TRAIN,445,1290
TX PAI1,TRAIN,446,1,be59be01be3dbe8d3e003dd1be9dbecdbea0beb03e1c3e26*ac45
RX # PAI1,TRAIN,446,1290
TX PAI1,TRAIN,447,1,be4bbe74bd6fbe603d2e3b7bbe80bee2be4cbe773e093e29*295c
RX # PAI1,TRAIN,447,1291
TX PAI1,TRAIN,448,4,3e9c3eaf3e853ea4bee8bccdbdb4be20bc88bd933d66bdad*ae9f
RX # PAI1,TRAIN,448,1290
TX PAI1,TRAIN,449,3,3e2abe76be27be49bf02bead3e7d3d91be09bc803b443d9d*fb36
RX # PAI1,TRAIN,449,1290
TX PAI1,TRAIN,450,1,bea3be0cbd27bda93e973e45bedfbedcbebfbecc3e663e27*d4f0
RX # PAI1,TRAIN,450,1291
TX PAI1,TRAIN,451,2,bf1ebe38bec8befa3f1e3ee23ecd3ea43dbc3e7dbeaebe3d*2e32
RX # PAI1,TRAIN,451,1292
TX PAI1,TRAIN,452,2,3f55bea5bec73e45bd7abf833f2b3f2b3f1a3f22be79bde6*9dff
RX # PAI1,TRAIN,452,1292
TX PAI1,TRAIN,453,1,bed1bef1bd72be713e843cbabdf7bebcbed1bead3dee3dc0*208f
RX # PAI1,TRAIN,453,1291
TX PAI1,TRAIN,454,1,be59be01be3dbe8d3e003dd1be9dbecdbea0beb03e1c3e26*d539
RX # PAI1,TRAIN,454,1289
TX PAI1,TRAIN,455,3,3e093e733f003ed6be953d67be66bdf1bda9be0d3d82be18*c8cb
RX # PAI1,TRAIN,455,1291
TX PAI1,TRAIN,456,1,be95bea83e06baf83ded3cb3be8dbebfbeb2beb53e823e4b*f6ea
RX # PAI1,TRAIN,456,1291
TX PAI1,TRAIN,457,3,3da73eff3f0a3f02be533e9b3d89bdf53dbd3d903d25bde2*d05f
RX # PAI1,TRAIN,457,1290
TX PAI1,TRAIN,458,2,bedbbe73bea9bf043f0c3e5f3ef63e813c8c3e62bec8be87*ed82
RX # PAI1,TRAIN,458,1290
TX PAI1,TRAIN,459,4,be253e85be05bdb23dfc3eb3bd453e543d6d3d4fbc3f3d37*6c77
RX # PAI1,TRAIN,459,1292
TX PAI1,TRAIN,460,1,bec5bc0abe4bbe7f3ec83eb4be85beccbe8bbe963e1d3e38*b835
RX # PAI1,TRAIN,460,1290
TX PAI1,TRAIN,461,4,3dad3e8e3e9a3eadbcdd3e093d213d1e3dad3d313d83bc94*5095
RX # PAI1,TRAIN,461,1292
TX PAI1,TRAIN,462,1,be91bd583e7c3e0f3dcb3e67be92bf0fbea9beb03e7c3e08*2f3e
RX # PAI1,TRAIN,462,1291
TX PAI1,TRAIN,463,3,3f0dbe5ebdb93d20bcc4bf2ebe413ea8bdb6bdaa3e813ea5*300c
RX # PAI1,TRAIN,463,1290
TX PAI1,TRAIN,464,3,3e43bf2bbf13beed3e54bf303f233e953ca33e6e3d123ebc*5c3d
RX # PAI1,TRAIN,464,1291
TX PAI1,TRAIN,465,4,3b1dbe10be71be7abe18bde03ddc3d15bc913c8ebd883c07*3272
RX # PAI1,TRAIN,465,1292
TX PAI1,TRAIN,466,4,3eba3b39be44bdc9bdbcbead3d643e31bd77bd773d123d7f*8edc
RX # PAI1,TRAIN,466,1291
TX PAI1,TRAIN,467,3,3cab3f313e183e94be6b3f02be153b243da53c133c8bbdb4*2b7e
RX # PAI1,TRAIN,467,1291
TX PAI1,TRAIN,468,4,3eff3cc03ebe3ed3bf3fbee5bcbcbe133e1c3db03d90bc83*424d
RX # PAI1,TRAIN,468,1292
TX PAI1,TRAIN,469,2,beccbf12bda7be433f05bd813f023f013efd3f0fbe153e1f*0d82
RX # PAI1,TRAIN,469,1290
TX PAI1,TRAIN,470,1,bebc3d9fbea6be8b3eea3ecfbeb3beadbe92bea73e3e3e61*f6cc
RX # PAI1,TRAIN,470,1290
TX PAI1,TRAIN,471,4,3ee53f873eda3f31bf2e3ec7be14bbbf3df43ccd3d20be58*73ad
RX # PAI1,TRAIN,471,1291
TX PAI1,TRAIN,472,2,3d93bdcfbeddbeb53da0be143ee53f123e613ea7beaebe4c*6f20
RX # PAI1,TRAIN,472,1291
TX PAI1,TRAIN,473,3,bdac3ea5be27bc2abcec3ea7be88bdd0bdd6be19bc90bdd1*25b9
RX # PAI1,TRAIN,473,1292
TX PAI1,TRAIN,474,4,3ccc3e04be06bd9e3c9d3d9abd2c3e1abcdbbd683d163d6b*d56c
RX # PAI1,TRAIN,474,1293
TX PAI1,TRAIN,475,4,3db63df8bc9d3caabdeb3c1dbccd3ede3d623d503d103d93*9317
RX # PAI1,TRAIN,475,1290
TX PAI1,TRAIN,476,3,3ee03d433ea63ea1bf16bebfbe0fbe803d94bc873dee3d1f*9380
RX # PAI1,TRAIN,476,1291
TX PAI1,TRAIN,477,4,be67bdaabe3bbe623db63e17be3e3e16bc90bd4fbd203b83*95ee
RX # PAI1,TRAIN,477,1291
TX PAI1,TRAIN,478,1,bcd6bec93e483cfbbd47be8dbec9be88bed7bed73e903e44*597d
RX # PAI1,TRAIN,478,1292
TX PAI1,TRAIN,479,3,3ed1bc7abe81bbcd3e3abecabd083e9f3db13d663e563eb4*f23d
RX # PAI1,TRAIN,479,1291
TX PAI1,TRAIN,480,3,3ebd3eb73f013f03be73bd95beb5be0fbdc3be203d87be46*1a4c
RX # PAI1,TRAIN,480,1291
TX PAI1,TRAIN,481,1,be8c3dfd3e1a3df33eb23eb3be9bbebfbe80be963e983e7e*ee3a
RX # PAI1,TRAIN,481,1286
TX PAI1,TRAIN,482,3,3e12be8dbedebeb6be81beb03edf3eec3e493eb0be413d31*081c
RX # PAI1,TRAIN,482,1288
TX PAI1,TRAIN,483,3,3d213dfa3e563d5dbea63d67be88be1abd5ebe02bd9abe51*4107
RX # PAI1,TRAIN,483,1292
TX PAI1,TRAIN,484,4,3d473de43d1e3dc43c513d223de13e243d7e3d1fbc62bd22*da02
RX # PAI1,TRAIN,484,1291
TX PAI1,TRAIN,485,2,be6c3e803dc43e5c3e263ed03f543ecf3f2f3f4bbe65bbd7*205c
RX # PAI1,TRAIN,485,1289
TX PAI1,TRAIN,486,1,bd89be163e4c3d5bbdd2bd4cbec6bf00bebcbec83e8d3e42*8dad
RX # PAI1,TRAIN,486,1290
TX PAI1,TRAIN,487,2,3f153f1a3f883f67bec3bdb33e793f223eaf3ea13d4dbe02*fce1
RX # PAI1,TRAIN,487,1291
TX PAI1,TRAIN,488,3,bda1bea7bdf4be593cccbe353ab43d93be49be143e463e9c*c170
RX # PAI1,TRAIN,488,1291
TX PAI1,TRAIN,489,2,bf2cbe8cbf2ebf4b3f503ed63f25be2d3fb43f95bff0bff4*90df
RX # PAI1,TRAIN,489,1291
TX PAI1,TRAIN,490,1,be2abdd03e11bcae3c203d9fbec7bedebef2bef23e873e22*8f59
RX # PAI1,TRAIN,490,1291
TX PAI1,TRAIN,491,4,be67bdaabe3bbe623db63e17be3e3e16bc90bd4fbd203b83*b140
RX # PAI1,TRAIN,491,1290
TX PAI1,TRAIN,492,3,3ed1bc7abe81bbcd3e3abecabd083e9f3db13d663e563eb4*ba91
RX # PAI1,TRAIN,492,1291
TX PAI1,TRAIN,493,3,3ee03d433ea63ea1bf16bebfbe0fbe803d94bc873dee3d1f*3aee
RX # PAI1,TRAIN,493,1290
TX PAI1,TRAIN,494,3,3e2abe76be27be49bf02bead3e7d3d91be09bc803b443d9d*381e
RX # PAI1,TRAIN,494,1293
TX PAI1,TRAIN,495,1,be95bea83e06baf83ded3cb3be8dbebfbeb2beb53e823e4b*5bfc
RX # PAI1,TRAIN,495,1291
TX PAI1,TRAIN,496,3,3da73eff3f0a3f02be533e9b3d89bdf53dbd3d903d25bde2*8bc9
RX # PAI1,TRAIN,496,1291
TX PAI1,TRAIN,497,3,bda1bea7bdf4be593cccbe353ab43d93be49be143e463e9c*d40e
RX # PAI1,TRAIN,497,1290
TX PAI1,TRAIN,498,4,3ee53f873eda3f31bf2e3ec7be14bbbf3df43ccd3d20be58*cd81
RX # PAI1,TRAIN,498,1291
TX PAI1,TRAIN,499,4,3d473de43d1e3dc43c513d223de13e243d7e3d1fbc62bd22*39fc
RX # PAI1,TRAIN,499,1290
TX PAI1,TRAIN,500,3,3e093e733f003ed6be953d67be66bdf1bda9be0d3d82be18*4283
RX # PAI1,TRAIN,500,1292
TX PAI1,TRAIN,501,1,be2abdd03e11bcae3c203d9fbec7bedebef2bef23e873e22*d8e6
RX # PAI1,TRAIN,501,1291
TX PAI1,TRAIN,502,1,bebc3d9fbea6be8b3eea3ecfbeb3beadbe92bea73e3e3e61*03bc
RX # PAI1,TRAIN,502,1290
TX PAI1,TRAIN,503,3,3e43bf2bbf13beed3e54bf303f233e953ca33e6e3d123ebc*a0d0
RX # PAI1,TRAIN,503,1291
TX PAI1,TRAIN,504,3,3d213dfa3e563d5dbea63d67be88be1abd5ebe02bd9abe51*92e5
RX # PAI1,TRAIN,504,1289
TX PAI1,TRAIN,505,1,be8c3dfd3e1a3df33eb23eb3be9bbebfbe80be963e983e7e*b018
RX # PAI1,TRAIN,505,1291
TX PAI1,TRAIN,506,1,be59be01be3dbe8d3e003dd1be9dbecdbea0beb03e1c3e26*2f90
RX # PAI1,TRAIN,506,1286
TX PAI1,TRAIN,507,1,bed1bef1bd72be713e843cbabdf7bebcbed1bead3dee3dc0*d187
RX # PAI1,TRAIN,507,1293
TX PAI1,TRAIN,508,1,bcd6bec93e483cfbbd47be8dbec9be88bed7bed73e903e44*5a8d
RX # PAI1,TRAIN,508,1293
TX PAI1,TRAIN,509,4,3b1dbe10be71be7abe18bde03ddc3d15bc913c8ebd883c07*a93c
RX # PAI1,TRAIN,509,1292
TX PAI1,TRAIN,510,3,3ebd3eb73f013f03be73bd95beb5be0fbdc3be203d87be46*36b3
RX # PAI1,TRAIN,510,1290
TX PAI1,TRAIN,511,2,bedbbe73bea9bf043f0c3e5f3ef63e813c8c3e62bec8be87*ff74
RX # PAI1,TRAIN,511,1287
TX PAI1,TRAIN,512,4,3e9c3eaf3e853ea4bee8bccdbdb4be20bc88bd933d66bdad*be55
RX # PAI1,TRAIN,512,1290
TX PAI1,TRAIN,513,4,3db63df8bc9d3caabdeb3c1dbccd3ede3d623d503d103d93*14ba
RX # PAI1,TRAIN,513,1291
TX PAI1,TRAIN,514,2,beccbf12bda7be433f05bd813f023f013efd3f0fbe153e1f*6270
RX # PAI1,TRAIN,514,1291
TX PAI1,TRAIN,515,3,3cab3f313e183e94be6b3f02be153b243da53c133c8bbdb4*de0e
RX # PAI1,TRAIN,515,1289
TX PAI1,TRAIN,516,1,bea3be0cbd27bda93e973e45bedfbedcbebfbecc3e663e27*5c84
RX # PAI1,TRAIN,516,1291
TX PAI1,TRAIN,517,2,3f153f1a3f883f67bec3bdb33e793f223eaf3ea13d4dbe02*d01e
RX # PAI1,TRAIN,517,1286
TX PAI1,TRAIN,518,4,3eba3b39be44bdc9bdbcbead3d643e31bd77bd773d123d7f*6cee
RX # PAI1,TRAIN,518,1291
TX PAI1,TRAIN,519,4,be253e85be05bdb23dfc3eb3bd453e543d6d3d4fbc3f3d37*efa2
RX # PAI1,TRAIN,519,1290
TX PAI1,TRAIN,520,3,3f0dbe5ebdb93d20bcc4bf2ebe413ea8bdb6bdaa3e813ea5*3e19
RX # PAI1,TRAIN,520,1291
TX PAI1,TRAIN,521,1,be91bd583e7c3e0f3dcb3e67be92bf0fbea9beb03e7c3e08*212b
RX # PAI1,TRAIN,521,1292
TX PAI1,TRAIN,522,1,bd89be163e4c3d5bbdd2bd4cbec6bf00bebcbec83e8d3e42*dc56
RX # PAI1,TRAIN,522,1291
TX PAI1,TRAIN,523,4,3dad3e8e3e9a3eadbcdd3e093d213d1e3dad3d313d83bc94*25c0
RX # PAI1,TRAIN,523,1292
TX PAI1,TRAIN,524,2,3f55bea5bec73e45bd7abf833f2b3f2b3f1a3f22be79bde6*95ae
RX # PAI1,TRAIN,524,1291
TX PAI1,TRAIN,525,3,3e12be8dbedebeb6be81beb03edf3eec3e493eb0be413d31*d427
RX # PAI1,TRAIN,525,1290
TX PAI1,TRAIN,526,2,be6c3e803dc43e5c3e263ed03f543ecf3f2f3f4bbe65bbd7*0146
RX # PAI1,TRAIN,526,1292
TX PAI1,TRAIN,527,2,bf1ebe38bec8befa3f1e3ee23ecd3ea43dbc3e7dbeaebe3d*2663
RX # PAI1,TRAIN,527,1291
TX PAI1,TRAIN,528,2,3d93bdcfbeddbeb53da0be143ee53f123e613ea7beaebe4c*7fea
RX # PAI1,TRAIN,528,1292
TX PAI1,TRAIN,529,2,bf2cbe8cbf2ebf4b3f503ed63f25be2d3fb43f95bff0bff4*3c05
RX # PAI1,TRAIN,529,1291
TX PAI1,TRAIN,530,1,bec5bc0abe4bbe7f3ec83eb4be85beccbe8bbe963e1d3e38*b41c
RX # PAI1,TRAIN,530,1291
TX PAI1,TRAIN,531,1,be4bbe74bd6fbe603d2e3b7bbe80bee2be4cbe773e093e29*210d
RX # PAI1,TRAIN,531,1291
TX PAI1,TRAIN,532,3,bdac3ea5be27bc2abcec3ea7be88bdd0bdd6be19bc90bdd1*dd2c
RX # PAI1,TRAIN,532,1292
TX PAI1,TRAIN,533,4,3ccc3e04be06bd9e3c9d3d9abd2c3e1abcdbbd683d163d6b*2658
RX # PAI1,TRAIN,533,1292
TX PAI1,TRAIN,534,4,3eff3cc03ebe3ed3bf3fbee5bcbcbe133e1c3db03d90bc83*5926
RX # PAI1,TRAIN,534,1291
TX PAI1,PREDICT,535,3d3abdd43ec73ec13dabbdf9bedebeacbedabee33ecf3e66*2c36
RX # PAI1,PREDICT,535,106,3f5e,bd78,3e2d,3d16
TX PAI1,PREDICT,536,bea4be513d9cbd273e473e13beadbea1beafbeb73e4d3e06*df5b
RX # PAI1,PREDICT,536,107,3f4f,bb40,3dbf,3dbb
TX PAI1,PREDICT,537,3f84be9cbf57be953f01bf9a3ed53f073e903eb0beadbe58*2d14
RX # PAI1,PREDICT,537,107,be6f,3f2c,3ee7,3e07
TX PAI1,PREDICT,538,bf2bbc97bed3bf133f423f1c3f533ec13e213ef4bef4be71*3606
RX # PAI1,PREDICT,538,106,3dd2,3f7b,be1a,3d9f
TX PAI1,PREDICT,539,3e913e313e7c3ea8bed5be08be1dbd293e1f3d823d10bd42*a84e
RX # PAI1,PREDICT,539,107,3e09,3d73,3eca,3ecc
TX PAI1,PREDICT,540,3eb83c6f3ecf3eeebf24bea63e3d3eb03e723e623cbbbd1d*7f1b
RX # PAI1,PREDICT,540,107,be18,3e5b,3ef2,3ede
TX PAI1,PREDICT,541,3e773ed83e213ea7bad53dc8bdcc3c78bb1abd843de63b29*203e
RX # PAI1,PREDICT,541,107,3e5b,3e44,3e71,3eb4
TX PAI1,PREDICT,542,3e2b3f0a3e803eb2be503e82be4fbddabd4ebdcc3de5bcd1*abda
RX # PAI1,PREDICT,542,107,3e68,3d49,3e94,3ee0
TX PAI1,INIT,543,12,64,1,1*ccda
RX # PAI1,INIT,543,12,64,4
TX PAI1,TRAIN,544,4,3d823e1d3e163e2b3d3f3d5abd81be57bdd7be0c3de2bd35*bf6d
RX # PAI1,TRAIN,544,4248
TX PAI1,TRAIN,545,4,be67be49be7bbe8c3e153d86be97be06be47be67bcb1bc71*18c2
RX # PAI1,TRAIN,545,4239
TX PAI1,TRAIN,546,3,3df2bec4bee6bec3be14bec63eb23dc7bbd73e16be593d1b*6281
RX # PAI1,TRAIN,546,4238
TX PAI1,TRAIN,547,3,bda13eb03e1e3e0cbe673ea53e843ead3d1f3e23bc103c38*9e20
RX # PAI1,TRAIN,547,4240
TX PAI1,TRAIN,548,1,bea0be7ebe05be293ea43ddcbf0ebf0dbf01bf0e3ea13e4b*7377
RX # PAI1,TRAIN,548,4248
TX PAI1,TRAIN,549,2,bece3e3cbe9cbe8c3ec33f013f0b3eaa3f5a3f32bef7bd5c*e95f
RX # PAI1,TRAIN,549,4249
TX PAI1,TRAIN,550,4,3ea6bde7be81be35bc0abec3bd3cbde6be6dbe713d973d82*9d9c
RX # PAI1,TRAIN,550,4240
TX PAI1,TRAIN,551,3,3ea93e6b3ea03e9cbe07be0cbef1beaebe86bea73de7be8f*733a
RX # PAI1,TRAIN,551,4238
TX PAI1,TRAIN,552,3,3e8bbd5c3dc23db2be2bbe943e153e983e083e2ebd8dbd2e*2bb5
RX # PAI1,TRAIN,552,4238
TX PAI1,TRAIN,553,3,be9d3f203ebe3ef33e0e3f3d3e403e6b3d7f3e143e233d05*d06b
RX # PAI1,TRAIN,553,4240
TX PAI1,TRAIN,554,1,bd9fbe843d84bd6cbc8ebdedbf01bf1abf00bf0c3ec33e70*5268
RX # PAI1,TRAIN,554,4238
TX PAI1,TRAIN,555,4,3f053ecb3f203f2cbee5be463e373d89bdddb9773e0fbe7b*b86e
RX # PAI1,TRAIN,555,4239
TX PAI1,TRAIN,556,4,3ece3f673e7d3ee4bf023e93be82be78bd98be1e3da0be9b*a6ef
RX # PAI1,TRAIN,556,4238
TX PAI1,TRAIN,557,3,3de0bd503e253d7cbe88be0dbe8c3e963df83d6cbc36bc8c*78ae
RX # PAI1,TRAIN,557,4239
TX PAI1,TRAIN,558,3,3ebbbe05be9abdd73e65beddbe0dbc40bdd3be003e973ee7*09b8
RX # PAI1,TRAIN,558,4238
TX PAI1,TRAIN,559,2,bf1f3e7fbe49be2f3f213f413f0a3e6b3ecb3edabe9abd19*2bc8
RX # PAI1,TRAIN,559,4249
TX PAI1,TRAIN,560,3,be43bde03e163d4d3c563dc5be803e9abc8dbd1b3e273e4b*ba64
RX # PAI1,TRAIN,560,4248
TX PAI1,TRAIN,561,4,be2a3e0cbe4fbe2c3e323e81be1dbdb3be03be053c5c3d24*6b13
RX # PAI1,TRAIN,561,4248
TX PAI1,TRAIN,562,3,3e6c3e993ee33edabed13ba23ed03e773dc73e553e2d3e05*804e
RX # PAI1,TRAIN,562,4239
TX PAI1,TRAIN,563,3,bd993e26be2abde8be053e3f3eeb3eb63e263e9abe033dd3*20da
RX # PAI1,TRAIN,563,4244
TX PAI1,TRAIN,564,2,be6c3e00bc9e3d8f3e553e9b3f413d673ed73f11be83bced*93eb
RX # PAI1,TRAIN,564,4239
TX PAI1,TRAIN,565,1,be8fbe2b3dd13c323e1e3e0dbeccbf25bef0bf003eaf3e22*767e
RX # PAI1,TRAIN,565,4249
TX PAI1,TRAIN,566,1,beb8bd27beb8bea13eeb3e9abeefbef8bedcbef93e873e8c*240a
RX # PAI1,TRAIN,566,4249
TX PAI1,TRAIN,567,3,3e0fbeb2be6bbe82beb9bec33e1cbe3fbe98be453d033da9*3bb6
RX # PAI1,TRAIN,567,4239
TX PAI1,TRAIN,568,2,3f43bedbbed23d553c91bf813f163e7d3eb33ed6be90be2e*cba3
RX # PAI1,TRAIN,568,4238
TX PAI1,TRAIN,569,3,3e803eaf3f063ef5bed93c9c3e4e3eb13ed13ec43dd93dff*1c8c
RX # PAI1,TRAIN,569,4239
TX PAI1,TRAIN,570,2,3f073eee3f443f1cbe81be1a3e183e643df93df23dbdbe42*b2bf
RX # PAI1,TRAIN,570,4238
TX PAI1,TRAIN,571,1,bf0dbee2bf30bf3d3f0e3e3fbed9be05bdcbbe1abe89bcea*0192
RX # PAI1,TRAIN,571,4238
TX PAI1,TRAIN,572,3,3e26bf43bf10beee3e7bbf343f0fbcd9be253d283d973ef2*2e52
RX # PAI1,TRAIN,572,4238
TX PAI1,TRAIN,573,3,3b8c3f0e3cc33e03be003eccbe82be72bddebe2e3d4dbe0d*661a
RX # PAI1,TRAIN,573,4240
TX PAI1,TRAIN,574,1,be8a3b713ccebbca3ebb3e81bed6bf02beccbee83ed13ea0*1b83
RX # PAI1,TRAIN,574,4237
TX PAI1,TRAIN,575,3,be5b3e1c3e313d823df83e9ebd343e5d3e023dca3dcf3e44*f7d2
RX # PAI1,TRAIN,575,4239
TX PAI1,TRAIN,576,2,3d54be5bbee5bec23e0bbe503eb83e363c5b3e05bed0be93*aff6
RX # PAI1,TRAIN,576,4240
TX PAI1,TRAIN,577,3,3f2e3f273ef33f1dbf56be1a3d203e4d3e113e103eb23e6e*0de8
RX # PAI1,TRAIN,577,4248
TX PAI1,TRAIN,578,3,3ebd3e343ed03eeabe9fbe5abe743ec13d5a3c533e9c3e38*b2c6
RX # PAI1,TRAIN,578,4240
TX PAI1,TRAIN,579,4,3ebe3ead3eee3f14bee5bdc73ddd3f053df73e293d9abe22*2972
RX # PAI1,TRAIN,579,4238
TX PAI1,TRAIN,580,1,be4dbeb1be13be8b3dd9bd88bebabf0fbeb5becf3e4c3e4e*4d8f
RX # PAI1,TRAIN,580,4240
TX PAI1,TRAIN,581,2,bed4beb1bebabf013f093e053ecabd5dbe283cf5bef0bec0*f381
RX # PAI1,TRAIN,581,4248
TX PAI1,TRAIN,582,3,bbdb3ea03e4d3e423d7b3e6f3dce3f053f033ecb3d1c3e6a*cf53
RX # PAI1,TRAIN,582,4248
TX PAI1,TRAIN,583,3,3f08be883f2f3f0abebbbf2fbe3b3ed53d8a3d133eb83e64*7df3
RX # PAI1,TRAIN,583,4247
TX PAI1,TRAIN,584,1,be5abe73be7cbea33e343cc2bed8bf07bee8bf003e643e4a*41ad
RX # PAI1,TRAIN,584,4240
TX PAI1,TRAIN,585,3,3e2a3d673e723e59be84bde53e7d3f153ecb3eccbb2b3e19*e85a
RX # PAI1,TRAIN,585,4248
TX PAI1,TRAIN,586,2,be173ef9bd8c3cf23e273efb3f173eb93f6d3f43befebe71*fd73
RX # PAI1,TRAIN,586,4246
TX PAI1,TRAIN,587,3,3e2b3d963d163e19be03bdcf3ecd3e683ddc3e583d143de7*69d1
RX # PAI1,TRAIN,587,4239
TX PAI1,TRAIN,588,3,3d793ebb3ead3e9bbdd73e57bd0cbea6bdc8bde53da3be2c*2ef3
RX # PAI1,TRAIN,588,4239
TX PAI1,TRAIN,589,3,3de03de93e9e3e6bbe37bc96beacbea6be80be9e3de0be60*3d5f
RX # PAI1,TRAIN,589,4240
TX PAI1,TRAIN,590,3,3e84bf363dc53d08be57bf42be6d3ebe3e733e3bbda0bc21*7146
RX # PAI1,TRAIN,590,4238
TX PAI1,TRAIN,591,1,bf20be14bef7bf053f203ef1beefbe59be62be8bbdc23bb9*0b48
RX # PAI1,TRAIN,591,4248
TX PAI1,TRAIN,592,3,3d183ec13e583e89be033e76bd803eab3e663e253cd8bcb2*89fc
RX # PAI1,TRAIN,592,4249
TX PAI1,TRAIN,593,2,bec6bf2bbe27be803f03be033ed93e033e823eb3be213e41*e2fd
RX # PAI1,TRAIN,593,4240
TX PAI1,TRAIN,594,2,be963ee0bdc93d143e923f173f083ec43f7b3f5abec33c27*6603
RX # PAI1,TRAIN,594,4240
TX PAI1,TRAIN,595,3,bc2b3e5e3e8d3e27bd153e2c3eca3ec23e5f3eafbd8b3d1a*6b58
RX # PAI1,TRAIN,595,4238
TX PAI1,TRAIN,596,2,bc81befc3dc9bba5be1bbeb03e6a3e893edc3eb1be83be12*e64d
RX # PAI1,TRAIN,596,4239
TX PAI1,TRAIN,597,4,bc54be81be93be96bd68be2f3bfcbe58be47be26bd68bc14*1eb3
RX # PAI1,TRAIN,597,4237
TX PAI1,TRAIN,598,1,bd22befe3d7bbd9b3ce8bea6bf03beddbf0cbf133ec63e72*1b11
RX # PAI1,TRAIN,598,4238
TX PAI1,TRAIN,599,3,be853e2f3e503df93dc33eba3e1e3e7e3e493e3d3e023e84*e503
RX # PAI1,TRAIN,599,4238
TX PAI1,TRAIN,600,4,3ee6bdbe3e513e67bf10bef7be02beafbd38bdc73df3bd2a*3cd8
RX # PAI1,TRAIN,600,4239
TX PAI1,TRAIN,601,1,bf17be86bf1dbf2c3f193eb5bec1be37be0cbe46be3a3d03*3239
RX # PAI1,TRAIN,601,4238
TX PAI1,TRAIN,602,3,3cdf3e043e023d8cbd4e3d8d3e0dbd553c213d453da03de9*6f85
RX # PAI1,TRAIN,602,4248
TX PAI1,TRAIN,603,4,3eae3f133ef13f01bf113dda3c5a3d933e0b3dd73d2cbe52*d516
RX # PAI1,TRAIN,603,4239
TX PAI1,TRAIN,604,3,3ea73de63eb63eb0bec7be603e183eef3e793e953d7f3da6*a964
RX # PAI1,TRAIN,604,4247
TX PAI1,TRAIN,605,1,bf32be90bf18bf283f1c3ee0bddfbee3bea8bea5be3dbda8*a247
RX # PAI1,TRAIN,605,4237
TX PAI1,TRAIN,606,3,bd9c3e25be83be263d683e413ebe3ebf3d963e63be003da6*8568
RX # PAI1,TRAIN,606,4248
TX PAI1,TRAIN,607,3,be533ebfbedcbe803e253eed3eeb3ebe3e7c3ea9be733d3d*1025
RX # PAI1,TRAIN,607,4239
TX PAI1,TRAIN,608,3,bdb5beddbe46be883dbabe6ebdd2be3ebeb3bea13e8d3ec6*14ba
RX # PAI1,TRAIN,608,4243
TX PAI1,TRAIN,609,3,3cb03b173d94bd6abe54bc94bec2beb2be68be98bd8bbe96*83cd
RX # PAI1,TRAIN,609,4240
TX PAI1,TRAIN,610,4,3eaebcf33f013ef9bec3beab3e3e3e473e3e3e433a7ebe47*c12c
RX # PAI1,TRAIN,610,4239
TX PAI1,TRAIN,611,3,bc8a3e21bd913c903d2d3e053eb73ec73e943ea5bdbf3daa*ee4f
RX # PAI1,TRAIN,611,4239
TX PAI1,TRAIN,612,2,bf17be94bed4bef83f183eac3ea0bb97bdca3d60becfbe89*c13d
RX # PAI1,TRAIN,612,4238
TX PAI1,TRAIN,613,3,3ec73e983ef03ef8bf10be123be93ee33eb33e9f3e163e07*51dc
RX # PAI1,TRAIN,613,4249
TX PAI1,TRAIN,614,1,be2ebe5b3c95bdef3d9f3ac5bf02bf0dbf18bf203ebb3e45*7cb0
RX # PAI1,TRAIN,614,4248
TX PAI1,TRAIN,615,1,be93bedd3c1cbdcf3e2cbd4cbec7bf02bef8bf033eb43e7c*0fd8
RX # PAI1,TRAIN,615,4239
TX PAI1,TRAIN,616,4,3c043c16be50be243db0ba4abe17be03be4fbe6d3d9a3d69*35d2
RX # PAI1,TRAIN,616,4239
TX PAI1,TRAIN,617,4,3d8a3ac5bde6bdabbce4bd7bbe053d9ebe05be053d963d9d*795a
RX # PAI1,TRAIN,617,4246
TX PAI1,TRAIN,618,1,bf1abea5bf1bbf2a3f0d3ea4bed3be55be04be4bbe52bc6c*9c38
RX # PAI1,TRAIN,618,4245
TX PAI1,TRAIN,619,4,3eb63ed93ea43ebebee0bca43e2d3e253de43e13bd85be82*d253
RX # PAI1,TRAIN,619,4240
TX PAI1,TRAIN,620,3,3ecabd8e3e2a3e17bedcbed4be7fbed7bdedbe463e353d03*ffe7
RX # PAI1,TRAIN,620,4238
TX PAI1,TRAIN,621,4,3e8a3e5c3de93e1dbea2bdbfbe48beb4be46be7c3dcdbe09*d097
RX # PAI1,TRAIN,621,4241
TX PAI1,TRAIN,622,4,3e82bdb3be86be34bda9be993e5f3eb8bcdd3d61be14bd88*6e87
RX # PAI1,TRAIN,622,4247
TX PAI1,TRAIN,623,3,bdc03e49be6abddd3d393e6bbec2bea0be8abea33bbdbe20*eb0d
RX # PAI1,TRAIN,623,4240
TX PAI1,TRAIN,624,3,3f00bea6be2ebd8d3d4abf32be993a93be83be833eb33ed4*5508
RX # PAI1,TRAIN,624,4239
TX PAI1,TRAIN,625,3,3ed53bf83ef83ec2bebdbec2bde83ebe3e813e273e293dfd*1c21
RX # PAI1,TRAIN,625,4239
TX PAI1,TRAIN,626,4,3e753d463e943e97bec2be3ebcff3d693d15bba5bc44be6b*e4e9
RX # PAI1,TRAIN,626,4240
TX PAI1,TRAIN,627,4,3cf7bc02bd86bcc73da5bd093c24bdf8bdffbe113c2fbd96*a7c6
RX # PAI1,TRAIN,627,4246
TX PAI1,TRAIN,628,1,becbbf12be14be923e93bd4abe6abf01bf09befe3e353dd8*ac5d
RX # PAI1,TRAIN,628,4238
TX PAI1,TRAIN,629,1,bebfbdfebe84be973ece3e82bebfbf07bed6bee93e663e62*d06b
RX # PAI1,TRAIN,629,4249
TX PAI1,TRAIN,630,2,bf24bec3bf25bf3a3f433ea13f10beb93f863f6cc017c024*0771
RX # PAI1,TRAIN,630,4249
TX PAI1,TRAIN,631,2,3d54be5bbee5bec23e0bbe503eb83e363c5b3e05bed0be93*742d
RX # PAI1,TRAIN,631,4249
TX PAI1,TRAIN,632,1,bea0be7ebe05be293ea43ddcbf0ebf0dbf01bf0e3ea13e4b*448b
RX # PAI1,TRAIN,632,4240
TX PAI1,TRAIN,633,3,be5b3e1c3e313d823df83e9ebd343e5d3e023dca3dcf3e44*5749
RX # PAI1,TRAIN,633,4238
TX PAI1,TRAIN,634,1,bd22befe3d7bbd9b3ce8bea6bf03beddbf0cbf133ec63e72*8866
RX # PAI1,TRAIN,634,4247
TX PAI1,TRAIN,635,3,3ecabd8e3e2a3e17bedcbed4be7fbed7bdedbe463e353d03*f67a
RX # PAI1,TRAIN,635,4238
TX PAI1,TRAIN,636,3,3e0fbeb2be6bbe82beb9bec33e1cbe3fbe98be453d033da9*6430
RX # PAI1,TRAIN,636,4240
TX PAI1,TRAIN,637,3,3ebd3e343ed03eeabe9fbe5abe743ec13d5a3c533e9c3e38*837e
RX # PAI1,TRAIN,637,4246
TX PAI1,TRAIN,638,4,3e753d463e943e97bec2be3ebcff3d693d15bba5bc44be6b*8ad7
RX # PAI1,TRAIN,638,4245
TX PAI1,TRAIN,639,4,3ebe3ead3eee3f14bee5bdc73ddd3f053df73e293d9abe22*8248
RX # PAI1,TRAIN,639,4247
TX PAI1,TRAIN,640,1,be2ebe5b3c95bdef3d9f3ac5bf02bf0dbf18bf203ebb3e45*11df
RX # PAI1,TRAIN,640,4240
TX PAI1,TRAIN,641,3,bda13eb03e1e3e0cbe673ea53e843ead3d1f3e23bc103c38*2109
RX # PAI1,TRAIN,641,4246
TX PAI1,TRAIN,642,4,3ea6bde7be81be35bc0abec3bd3cbde6be6dbe713d973d82*5068
RX # PAI1,TRAIN,642,4248
TX PAI1,TRAIN,643,1,be93bedd3c1cbdcf3e2cbd4cbec7bf02bef8bf033eb43e7c*9437
RX # PAI1,TRAIN,643,4238
TX PAI1,TRAIN,644,2,be6c3e00bc9e3d8f3e553e9b3f413d673ed73f11be83bced*28ba
RX # PAI1,TRAIN,644,4240
TX PAI1,TRAIN,645,1,bf0dbee2bf30bf3d3f0e3e3fbed9be05bdcbbe1abe89bcea*c81e
RX # PAI1,TRAIN,645,4238
TX PAI1,TRAIN,646,3,3cb03b173d94bd6abe54bc94bec2beb2be68be98bd8bbe96*06fd
RX # PAI1,TRAIN,646,4240
TX PAI1,TRAIN,647,2,bece3e3cbe9cbe8c3ec33f013f0b3eaa3f5a3f32bef7bd5c*bc15
RX # PAI1,TRAIN,647,4245
TX PAI1,TRAIN,648,4,3f053ecb3f203f2cbee5be463e373d89bdddb9773e0fbe7b*ef18
RX # PAI1,TRAIN,648,4249
TX PAI1,TRAIN,649,3,bd993e26be2abde8be053e3f3eeb3eb63e263e9abe033dd3*8768
RX # PAI1,TRAIN,649,4238
TX PAI1,TRAIN,650,3,bbdb3ea03e4d3e423d7b3e6f3dce3f053f033ecb3d1c3e6a*2271
RX # PAI1,TRAIN,650,4248
TX PAI1,TRAIN,651,3,be853e2f3e503df93dc33eba3e1e3e7e3e493e3d3e023e84*9b3e
RX # PAI1,TRAIN,651,4239
TX PAI1,TRAIN,652,1,be5abe73be7cbea33e343cc2bed8bf07bee8bf003e643e4a*51ae
RX # PAI1,TRAIN,652,4249
TX PAI1,TRAIN,653,4,3e82bdb3be86be34bda9be993e5f3eb8bcdd3d61be14bd88*8a50
RX # PAI1,TRAIN,653,4240
TX PAI1,TRAIN,654,1,bebfbdfebe84be973ece3e82bebfbf07bed6bee93e663e62*23fe
RX # PAI1,TRAIN,654,4238
TX PAI1,TRAIN,655,3,bc2b3e5e3e8d3e27bd153e2c3eca3ec23e5f3eafbd8b3d1a*ff06
RX # PAI1,TRAIN,655,4244
TX PAI1,TRAIN,656,3,3df2bec4bee6bec3be14bec63eb23dc7bbd73e16be593d1b*59f5
RX # PAI1,TRAIN,656,4240
TX PAI1,TRAIN,657,3,3de03de93e9e3e6bbe37bc96beacbea6be80be9e3de0be60*c73f
RX # PAI1,TRAIN,657,4239
TX PAI1,TRAIN,658,1,be4dbeb1be13be8b3dd9bd88bebabf0fbeb5becf3e4c3e4e*bc4e
RX # PAI1,TRAIN,658,4239
TX PAI1,TRAIN,659,3,3f2e3f273ef33f1dbf56be1a3d203e4d3e113e103eb23e6e*577b
RX # PAI1,TRAIN,659,4248
TX PAI1,TRAIN,660,3,3cdf3e043e023d8cbd4e3d8d3e0dbd553c213d453da03de9*896e
RX # PAI1,TRAIN,660,4248
TX PAI1,TRAIN,661,2,bec6bf2bbe27be803f03be033ed93e033e823eb3be213e41*0006
RX # PAI1,TRAIN,661,4248
TX PAI1,TRAIN,662,4,3ee6bdbe3e513e67bf10bef7be02beafbd38bdc73df3bd2a*da33
RX # PAI1,TRAIN,662,4239
TX PAI1,TRAIN,663,1,bf32be90bf18bf283f1c3ee0bddfbee3bea8bea5be3dbda8*b98d
RX # PAI1,TRAIN,663,4238
TX PAI1,TRAIN,664,1,be8a3b713ccebbca3ebb3e81bed6bf02beccbee83ed13ea0*20f7
RX # PAI1,TRAIN,664,4239
TX PAI1,TRAIN,665,2,bc81befc3dc9bba5be1bbeb03e6a3e893edc3eb1be83be12*7ff6
RX # PAI1,TRAIN,665,4240
TX PAI1,TRAIN,666,3,3e26bf43bf10beee3e7bbf343f0fbcd9be253d283d973ef2*e807
RX # PAI1,TRAIN,666,4239
TX PAI1,TRAIN,667,4,3c043c16be50be243db0ba4abe17be03be4fbe6d3d9a3d69*d105
RX # PAI1,TRAIN,667,4238
TX PAI1,TRAIN,668,1,bf20be14bef7bf053f203ef1beefbe59be62be8bbdc23bb9*8e10
RX # PAI1,TRAIN,668,4239
TX PAI1,TRAIN,669,3,3e2a3d673e723e59be84bde53e7d3f153ecb3eccbb2b3e19*649f
RX # PAI1,TRAIN,669,4239
TX PAI1,TRAIN,670,1,bf17be86bf1dbf2c3f193eb5bec1be37be0cbe46be3a3d03*d6ee
RX # PAI1,TRAIN,670,4239
TX PAI1,TRAIN,671,2,bed4beb1bebabf013f093e053ecabd5dbe283cf5bef0bec0*e7fa
RX # PAI1,TRAIN,671,4244
TX PAI1,TRAIN,672,4,3d823e1d3e163e2b3d3f3d5abd81be57bdd7be0c3de2bd35*8061
RX # PAI1,TRAIN,672,4249
TX PAI1,TRAIN,673,4,3eb63ed93ea43ebebee0bca43e2d3e253de43e13bd85be82*dedb
RX # PAI1,TRAIN,673,4238
TX PAI1,TRAIN,674,3,3ed53bf83ef83ec2bebdbec2bde83ebe3e813e273e293dfd*f72f
RX # PAI1,TRAIN,674,4239
TX PAI1,TRAIN,675,3,3ea73de63eb63eb0bec7be603e183eef3e793e953d7f3da6*4db3
RX # PAI1,TRAIN,675,4238
TX PAI1,TRAIN,676,4,be2a3e0cbe4fbe2c3e323e81be1dbdb3be03be053c5c3d24*2086
RX # PAI1,TRAIN,676,4248
TX PAI1,TRAIN,677,2,bf24bec3bf25bf3a3f433ea13f10beb93f863f6cc017c024*6822
RX # PAI1,TRAIN,677,4238
TX PAI1,TRAIN,678,4,3e8a3e5c3de93e1dbea2bdbfbe48beb4be46be7c3dcdbe09*d1fa
RX # PAI1,TRAIN,678,4243
TX PAI1,TRAIN,679,3,3ebbbe05be9abdd73e65beddbe0dbc40bdd3be003e973ee7*c9a9
RX # PAI1,TRAIN,679,4240
TX PAI1,TRAIN,680,2,bf1f3e7fbe49be2f3f213f413f0a3e6b3ecb3edabe9abd19*a149
RX # PAI1,TRAIN,680,4246
TX PAI1,TRAIN,681,2,be173ef9bd8c3cf23e273efb3f173eb93f6d3f43befebe71*391a
RX # PAI1,TRAIN,681,4248
TX PAI1,TRAIN,682,3,3e84bf363dc53d08be57bf42be6d3ebe3e733e3bbda0bc21*bcb2
RX # PAI1,TRAIN,682,4243
TX PAI1,TRAIN,683,4,3eae3f133ef13f01bf113dda3c5a3d933e0b3dd73d2cbe52*ea72
RX # PAI1,TRAIN,683,4241
TX PAI1,TRAIN,684,3,3f08be883f2f3f0abebbbf2fbe3b3ed53d8a3d133eb83e64*b99a
RX # PAI1,TRAIN,684,4247
TX PAI1,TRAIN,685,1,becbbf12be14be923e93bd4abe6abf01bf09befe3e353dd8*f0e2
RX # PAI1,TRAIN,685,4248
TX PAI1,TRAIN,686,3,bdb5beddbe46be883dbabe6ebdd2be3ebeb3bea13e8d3ec6*ca1c
RX # PAI1,TRAIN,686,4248
TX PAI1,TRAIN,687,2,3f43bedbbed23d553c91bf813f163e7d3eb33ed6be90be2e*caa6
RX # PAI1,TRAIN,687,4245
TX PAI1,TRAIN,688,3,3e8bbd5c3dc23db2be2bbe943e153e983e083e2ebd8dbd2e*2cf4
RX # PAI1,TRAIN,688,4248
TX PAI1,TRAIN,689,3,3f00bea6be2ebd8d3d4abf32be993a93be83be833eb33ed4*09b7
RX # PAI1,TRAIN,689,4247
TX PAI1,TRAIN,690,3,bdc03e49be6abddd3d393e6bbec2bea0be8abea33bbdbe20*d98c
RX # PAI1,TRAIN,690,4248
TX PAI1,TRAIN,691,3,3b8c3f0e3cc33e03be003eccbe82be72bddebe2e3d4dbe0d*0b1d
RX # PAI1,TRAIN,691,4246
TX PAI1,TRAIN,692,3,3ec73e983ef03ef8bf10be123be93ee33eb33e9f3e163e07*15f8
RX # PAI1,TRAIN,692,4247
TX PAI1,TRAIN,693,3,bc8a3e21bd913c903d2d3e053eb73ec73e943ea5bdbf3daa*27ab
RX # PAI1,TRAIN,693,4245
TX PAI1,TRAIN,694,2,be963ee0bdc93d143e923f173f083ec43f7b3f5abec33c27*d28b
RX # PAI1,TRAIN,694,4238
TX PAI1,TRAIN,695,4,be67be49be7bbe8c3e153d86be97be06be47be67bcb1bc71*0360
RX # PAI1,TRAIN,695,4246
TX PAI1,TRAIN,696,3,3d183ec13e583e89be033e76bd803eab3e663e253cd8bcb2*c055
RX # PAI1,TRAIN,696,4238
TX PAI1,TRAIN,697,3,3e803eaf3f063ef5bed93c9c3e4e3eb13ed13ec43dd93dff*e935
RX # PAI1,TRAIN,697,4239
TX PAI1,TRAIN,698,4,3eaebcf33f013ef9bec3beab3e3e3e473e3e3e433a7ebe47*142b
RX # PAI1,TRAIN,698,4238
TX PAI1,TRAIN,699,3,3d793ebb3ead3e9bbdd73e57bd0cbea6bdc8bde53da3be2c*6ec7
RX # PAI1,TRAIN,699,4246
TX PAI1,TRAIN,700,4,3ece3f673e7d3ee4bf023e93be82be78bd98be1e3da0be9b*15ef
RX # PAI1,TRAIN,700,4243
TX PAI1,TRAIN,701,3,3e6c3e993ee33edabed13ba23ed03e773dc73e553e2d3e05*350a
RX # PAI1,TRAIN,701,4247
TX PAI1,TRAIN,702,4,bc54be81be93be96bd68be2f3bfcbe58be47be26bd68bc14*00a5
RX # PAI1,TRAIN,702,4247
TX PAI1,TRAIN,703,3,3e2b3d963d163e19be03bdcf3ecd3e683ddc3e583d143de7*837b
RX # PAI1,TRAIN,703,4244
TX PAI1,TRAIN,704,1,beb8bd27beb8bea13eeb3e9abeefbef8bedcbef93e873e8c*ea0e
RX # PAI1,TRAIN,704,4244
TX PAI1,TRAIN,705,3,be533ebfbedcbe803e253eed3eeb3ebe3e7c3ea9be733d3d*7ac2
RX # PAI1,TRAIN,705,4244
TX PAI1,TRAIN,706,2,bf17be94bed4bef83f183eac3ea0bb97bdca3d60becfbe89*2f87
RX # PAI1,TRAIN,706,4246
TX PAI1,TRAIN,707,3,be9d3f203ebe3ef33e0e3f3d3e403e6b3d7f3e143e233d05*95eb
RX # PAI1,TRAIN,707,4244
TX PAI1,TRAIN,708,3,be43bde03e163d4d3c563dc5be803e9abc8dbd1b3e273e4b*6883
RX # PAI1,TRAIN,708,4247
TX PAI1,TRAIN,709,4,3cf7bc02bd86bcc73da5bd093c24bdf8bdffbe113c2fbd96*d5ba
RX # PAI1,TRAIN,709,4249
TX PAI1,TRAIN,710,1,bf1abea5bf1bbf2a3f0d3ea4bed3be55be04be4bbe52bc6c*ea3c
RX # PAI1,TRAIN,710,4248
TX PAI1,TRAIN,711,1,bd9fbe843d84bd6cbc8ebdedbf01bf1abf00bf0c3ec33e70*e354
RX # PAI1,TRAIN,711,4239
TX PAI1,TRAIN,712,1,be8fbe2b3dd13c323e1e3e0dbeccbf25bef0bf003eaf3e22*b1e7
RX # PAI1,TRAIN,712,4244
TX PAI1,TRAIN,713,3,bd9c3e25be83be263d683e413ebe3ebf3d963e63be003da6*1092
RX # PAI1,TRAIN,713,4248
TX PAI1,TRAIN,714,4,3d8a3ac5bde6bdabbce4bd7bbe053d9ebe05be053d963d9d*68fd
RX # PAI1,TRAIN,714,4244
TX PAI1,TRAIN,715,3,3de0bd503e253d7cbe88be0dbe8c3e963df83d6cbc36bc8c*b973
RX # PAI1,TRAIN,715,4244
TX PAI1,TRAIN,716,3,3ea93e6b3ea03e9cbe07be0cbef1beaebe86bea73de7be8f*3486
RX # PAI1,TRAIN,716,4245
TX PAI1,TRAIN,717,2,3f073eee3f443f1cbe81be1a3e183e643df93df23dbdbe42*fada
RX # PAI1,TRAIN,717,4245
TX PAI1,TRAIN,718,2,be963ee0bdc93d143e923f173f083ec43f7b3f5abec33c27*66ca
RX # PAI1,TRAIN,718,4247
TX PAI1,TRAIN,719,1,becbbf12be14be923e93bd4abe6abf01bf09befe3e353dd8*cb5f
RX # PAI1,TRAIN,719,4237
TX PAI1,TRAIN,720,3,3ebbbe05be9abdd73e65beddbe0dbc40bdd3be003e973ee7*54a3
RX # PAI1,TRAIN,720,4247
TX PAI1,TRAIN,721,3,3e2b3d963d163e19be03bdcf3ecd3e683ddc3e583d143de7*7a22
RX # PAI1,TRAIN,721,4248
TX PAI1,TRAIN,722,3,bdc03e49be6abddd3d393e6bbec2bea0be8abea33bbdbe20*0c2a
RX # PAI1,TRAIN,722,4238
TX PAI1,TRAIN,723,1,bd9fbe843d84bd6cbc8ebdedbf01bf1abf00bf0c3ec33e70*95f1
RX # PAI1,TRAIN,723,4247
TX PAI1,TRAIN,724,3,3d793ebb3ead3e9bbdd73e57bd0cbea6bdc8bde53da3be2c*21e3
RX # PAI1,TRAIN,724,4244
TX PAI1,TRAIN,725,3,be9d3f203ebe3ef33e0e3f3d3e403e6b3d7f3e143e233d05*6cb2
RX # PAI1,TRAIN,725,4238
TX PAI1,TRAIN,726,3,3f2e3f273ef33f1dbf56be1a3d203e4d3e113e103eb23e6e*ce09
RX # PAI1,TRAIN,726,4246
TX PAI1,TRAIN,727,3,3cdf3e043e023d8cbd4e3d8d3e0dbd553c213d453da03de9*7a5a
RX # PAI1,TRAIN,727,4244
TX PAI1,TRAIN,728,3,3e2a3d673e723e59be84bde53e7d3f153ecb3eccbb2b3e19*9c0a
RX # PAI1,TRAIN,728,4238
TX PAI1,TRAIN,729,4,3f053ecb3f203f2cbee5be463e373d89bdddb9773e0fbe7b*1854
RX # PAI1,TRAIN,729,4245
TX PAI1,TRAIN,730,3,3e6c3e993ee33edabed13ba23ed03e773dc73e553e2d3e05*ce6f
RX # PAI1,TRAIN,730,4237
TX PAI1,TRAIN,731,1,be2ebe5b3c95bdef3d9f3ac5bf02bf0dbf18bf203ebb3e45*696f
RX # PAI1,TRAIN,731,4244
TX PAI1,TRAIN,732,4,3eae3f133ef13f01bf113dda3c5a3d933e0b3dd73d2cbe52*b214
RX # PAI1,TRAIN,732,4246
TX PAI1,TRAIN,733,4,3ebe3ead3eee3f14bee5bdc73ddd3f053df73e293d9abe22*02cc
RX # PAI1,TRAIN,733,4246
TX PAI1,TRAIN,734,3,3b8c3f0e3cc33e03be003eccbe82be72bddebe2e3d4dbe0d*21a6
RX # PAI1,TRAIN,734,4245
TX PAI1,TRAIN,735,3,3ed53bf83ef83ec2bebdbec2bde83ebe3e813e273e293dfd*0fba
RX # PAI1,TRAIN,735,4245
TX PAI1,TRAIN,736,3,be853e2f3e503df93dc33eba3e1e3e7e3e493e3d3e023e84*67d3
RX # PAI1,TRAIN,736,4247
TX PAI1,TRAIN,737,3,bc2b3e5e3e8d3e27bd153e2c3eca3ec23e5f3eafbd8b3d1a*858a
RX # PAI1,TRAIN,737,4244
TX PAI1,TRAIN,738,4,be67be49be7bbe8c3e153d86be97be06be47be67bcb1bc71*c3b8
RX # PAI1,TRAIN,738,4248
TX PAI1,TRAIN,739,3,bdb5beddbe46be883dbabe6ebdd2be3ebeb3bea13e8d3ec6*73b8
RX # PAI1,TRAIN,739,4246
TX PAI1,TRAIN,740,3,3d183ec13e583e89be033e76bd803eab3e663e253cd8bcb2*f8b9
RX # PAI1,TRAIN,740,4247
TX PAI1,TRAIN,741,3,3ea93e6b3ea03e9cbe07be0cbef1beaebe86bea73de7be8f*d429
RX # PAI1,TRAIN,741,4245
TX PAI1,TRAIN,742,1,bf32be90bf18bf283f1c3ee0bddfbee3bea8bea5be3dbda8*5173
RX # PAI1,TRAIN,742,4246
TX PAI1,TRAIN,743,1,be93bedd3c1cbdcf3e2cbd4cbec7bf02bef8bf033eb43e7c*0850
RX # PAI1,TRAIN,743,4243
TX PAI1,TRAIN,744,4,3c043c16be50be243db0ba4abe17be03be4fbe6d3d9a3d69*cf7b
RX # PAI1,TRAIN,744,4240
TX PAI1,TRAIN,745,3,be43bde03e163d4d3c563dc5be803e9abc8dbd1b3e273e4b*1b33
RX # PAI1,TRAIN,745,4247
TX PAI1,TRAIN,746,3,3ea73de63eb63eb0bec7be603e183eef3e793e953d7f3da6*dc31
RX # PAI1,TRAIN,746,4246
TX PAI1,TRAIN,747,3,3de0bd503e253d7cbe88be0dbe8c3e963df83d6cbc36bc8c*dfbd
RX # PAI1,TRAIN,747,4246
TX PAI1,TRAIN,748,1,bf20be14bef7bf053f203ef1beefbe59be62be8bbdc23bb9*1dae
RX # PAI1,TRAIN,748,4249
TX PAI1,TRAIN,749,2,bf1f3e7fbe49be2f3f213f413f0a3e6b3ecb3edabe9abd19*8cdb
RX # PAI1,TRAIN,749,4246
TX PAI1,TRAIN,750,3,3f08be883f2f3f0abebbbf2fbe3b3ed53d8a3d133eb83e64*77f6
RX # PAI1,TRAIN,750,4246
TX PAI1,TRAIN,751,3,3df2bec4bee6bec3be14bec63eb23dc7bbd73e16be593d1b*b573
RX # PAI1,TRAIN,751,4238
TX PAI1,TRAIN,752,4,3d823e1d3e163e2b3d3f3d5abd81be57bdd7be0c3de2bd35*13df
RX # PAI1,TRAIN,752,4246
TX PAI1,TRAIN,753,3,3e84bf363dc53d08be57bf42be6d3ebe3e733e3bbda0bc21*f4bf
RX # PAI1,TRAIN,753,4245
TX PAI1,TRAIN,754,4,3d8a3ac5bde6bdabbce4bd7bbe053d9ebe05be053d963d9d*774f
RX # PAI1,TRAIN,754,4243
TX PAI1,TRAIN,755,3,bc8a3e21bd913c903d2d3e053eb73ec73e943ea5bdbf3daa*90bb
RX # PAI1,TRAIN,755,4247
TX PAI1,TRAIN,756,2,bece3e3cbe9cbe8c3ec33f013f0b3eaa3f5a3f32bef7bd5c*d4ce
RX # PAI1,TRAIN,756,4244
TX PAI1,TRAIN,757,1,bd22befe3d7bbd9b3ce8bea6bf03beddbf0cbf133ec63e72*89aa
RX # PAI1,TRAIN,757,4238
TX PAI1,TRAIN,758,1,bf1abea5bf1bbf2a3f0d3ea4bed3be55be04be4bbe52bc6c*1fed
RX # PAI1,TRAIN,758,4244
TX PAI1,TRAIN,759,4,3e82bdb3be86be34bda9be993e5f3eb8bcdd3d61be14bd88*0ad4
RX # PAI1,TRAIN,759,4246
TX PAI1,TRAIN,760,2,bf24bec3bf25bf3a3f433ea13f10beb93f863f6cc017c024*0b58
RX # PAI1,TRAIN,760,4246
TX PAI1,TRAIN,761,2,bc81befc3dc9bba5be1bbeb03e6a3e893edc3eb1be83be12*1eb0
RX # PAI1,TRAIN,761,4247
TX PAI1,TRAIN,762,3,3de03de93e9e3e6bbe37bc96beacbea6be80be9e3de0be60*5d1c
RX # PAI1,TRAIN,762,4243
TX PAI1,TRAIN,763,1,be8fbe2b3dd13c323e1e3e0dbeccbf25bef0bf003eaf3e22*5530
RX # PAI1,TRAIN,763,4245
TX PAI1,TRAIN,764,1,bebfbdfebe84be973ece3e82bebfbf07bed6bee93e663e62*3fbc
RX # PAI1,TRAIN,764,4245
TX PAI1,TRAIN,765,3,bbdb3ea03e4d3e423d7b3e6f3dce3f053f033ecb3d1c3e6a*b852
RX # PAI1,TRAIN,765,4245
TX PAI1,TRAIN,766,3,be5b3e1c3e313d823df83e9ebd343e5d3e023dca3dcf3e44*dd01
RX # PAI1,TRAIN,766,4246
TX PAI1,TRAIN,767,4,3eb63ed93ea43ebebee0bca43e2d3e253de43e13bd85be82*3061
RX # PAI1,TRAIN,767,4243
TX PAI1,TRAIN,768,4,3ee6bdbe3e513e67bf10bef7be02beafbd38bdc73df3bd2a*5ab7
RX # PAI1,TRAIN,768,4249
TX PAI1,TRAIN,769,3,3e26bf43bf10beee3e7bbf343f0fbcd9be253d283d973ef2*eee2
RX # PAI1,TRAIN,769,4249
TX PAI1,TRAIN,770,2,bec6bf2bbe27be803f03be033ed93e033e823eb3be213e41*68dd
RX # PAI1,TRAIN,770,4243
TX PAI1,TRAIN,771,3,3ebd3e343ed03eeabe9fbe5abe743ec13d5a3c533e9c3e38*0b0a
RX # PAI1,TRAIN,771,4238
TX PAI1,TRAIN,772,1,be4dbeb1be13be8b3dd9bd88bebabf0fbeb5becf3e4c3e4e*3313
RX # PAI1,TRAIN,772,4246
TX PAI1,TRAIN,773,3,3e8bbd5c3dc23db2be2bbe943e153e983e083e2ebd8dbd2e*77c3
RX # PAI1,TRAIN,773,4244
TX PAI1,TRAIN,774,1,bf17be86bf1dbf2c3f193eb5bec1be37be0cbe46be3a3d03*b7a8
RX # PAI1,TRAIN,774,4246
TX PAI1,TRAIN,775,1,bf0dbee2bf30bf3d3f0e3e3fbed9be05bdcbbe1abe89bcea*d45c
RX # PAI1,TRAIN,775,4246
TX PAI1,TRAIN,776,1,beb8bd27beb8bea13eeb3e9abeefbef8bedcbef93e873e8c*8319
RX # PAI1,TRAIN,776,4242
TX PAI1,TRAIN,777,3,bda13eb03e1e3e0cbe673ea53e843ead3d1f3e23bc103c38*36ea
RX # PAI1,TRAIN,777,4247
TX PAI1,TRAIN,778,3,3e0fbeb2be6bbe82beb9bec33e1cbe3fbe98be453d033da9*0627
RX # PAI1,TRAIN,778,4238
TX PAI1,TRAIN,779,3,be533ebfbedcbe803e253eed3eeb3ebe3e7c3ea9be733d3d*f217
RX # PAI1,TRAIN,779,4247
TX PAI1,TRAIN,780,3,bd9c3e25be83be263d683e413ebe3ebf3d963e63be003da6*2dca
RX # PAI1,TRAIN,780,4238
TX PAI1,TRAIN,781,4,3ea6bde7be81be35bc0abec3bd3cbde6be6dbe713d973d82*6119
RX # PAI1,TRAIN,781,4247
TX PAI1,TRAIN,782,2,3d54be5bbee5bec23e0bbe503eb83e363c5b3e05bed0be93*dacb
RX # PAI1,TRAIN,782,4245
TX PAI1,TRAIN,783,3,bd993e26be2abde8be053e3f3eeb3eb63e263e9abe033dd3*273a
RX # PAI1,TRAIN,783,4246
TX PAI1,TRAIN,784,2,3f43bedbbed23d553c91bf813f163e7d3eb33ed6be90be2e*db01
RX # PAI1,TRAIN,784,4246
TX PAI1,TRAIN,785,4,3e753d463e943e97bec2be3ebcff3d693d15bba5bc44be6b*c5f3
RX # PAI1,TRAIN,785,4244
TX PAI1,TRAIN,786,3,3ec73e983ef03ef8bf10be123be93ee33eb33e9f3e163e07*fb42
RX # PAI1,TRAIN,786,4247
TX PAI1,TRAIN,787,2,be6c3e00bc9e3d8f3e553e9b3f413d673ed73f11be83bced*19cb
RX # PAI1,TRAIN,787,4244
TX PAI1,TRAIN,788,2,bf17be94bed4bef83f183eac3ea0bb97bdca3d60becfbe89*f121
RX # PAI1,TRAIN,788,4246
TX PAI1,TRAIN,789,4,3e8a3e5c3de93e1dbea2bdbfbe48beb4be46be7c3dcdbe09*962e
RX # PAI1,TRAIN,789,4246
TX PAI1,TRAIN,790,4,3ece3f673e7d3ee4bf023e93be82be78bd98be1e3da0be9b*a577
RX # PAI1,TRAIN,790,4248
TX PAI1,TRAIN,791,1,be5abe73be7cbea33e343cc2bed8bf07bee8bf003e643e4a*60df
RX # PAI1,TRAIN,791,4246
TX PAI1,TRAIN,792,3,3ecabd8e3e2a3e17bedcbed4be7fbed7bdedbe463e353d03*2a41
RX # PAI1,TRAIN,792,4245
TX PAI1,TRAIN,793,1,be8a3b713ccebbca3ebb3e81bed6bf02beccbee83ed13ea0*6c82
RX # PAI1,TRAIN,793,4245
TX PAI1,TRAIN,794,4,be2a3e0cbe4fbe2c3e323e81be1dbdb3be03be053c5c3d24*656e
RX # PAI1,TRAIN,794,4246
TX PAI1,TRAIN,795,4,bc54be81be93be96bd68be2f3bfcbe58be47be26bd68bc14*c0dc
RX # PAI1,TRAIN,795,4247
TX PAI1,TRAIN,796,2,be173ef9bd8c3cf23e273efb3f173eb93f6d3f43befebe71*5a60
RX # PAI1,TRAIN,796,4244
TX PAI1,TRAIN,797,1,bea0be7ebe05be293ea43ddcbf0ebf0dbf01bf0e3ea13e4b*6e30
RX # PAI1,TRAIN,797,4245
TX PAI1,TRAIN,798,2,3f073eee3f443f1cbe81be1a3e183e643df93df23dbdbe42*5f3c
RX # PAI1,TRAIN,798,4247
TX PAI1,TRAIN,799,3,3e803eaf3f063ef5bed93c9c3e4e3eb13ed13ec43dd93dff*9490
RX # PAI1,TRAIN,799,4248
TX PAI1,TRAIN,800,3,3cb03b173d94bd6abe54bc94bec2beb2be68be98bd8bbe96*c863
RX # PAI1,TRAIN,800,4246
TX PAI1,TRAIN,801,3,3f00bea6be2ebd8d3d4abf32be993a93be83be833eb33ed4*063d
RX # PAI1,TRAIN,801,4238
TX PAI1,TRAIN,802,4,3cf7bc02bd86bcc73da5bd093c24bdf8bdffbe113c2fbd96*f4f3
RX # PAI1,TRAIN,802,4240
TX PAI1,TRAIN,803,2,bed4beb1bebabf013f093e053ecabd5dbe283cf5bef0bec0*5460
RX # PAI1,TRAIN,803,4245
TX PAI1,TRAIN,804,4,3eaebcf33f013ef9bec3beab3e3e3e473e3e3e433a7ebe47*697c
RX # PAI1,TRAIN,804,4249
TX PAI1,TRAIN,805,4,3f053ecb3f203f2cbee5be463e373d89bdddb9773e0fbe7b*4625
RX # PAI1,TRAIN,805,4243
TX PAI1,TRAIN,806,2,be173ef9bd8c3cf23e273efb3f173eb93f6d3f43befebe71*ac12
RX # PAI1,TRAIN,806,4248
TX PAI1,TRAIN,807,3,3e2a3d673e723e59be84bde53e7d3f153ecb3eccbb2b3e19*4fbb
RX # PAI1,TRAIN,807,4238
TX PAI1,TRAIN,808,3,3e8bbd5c3dc23db2be2bbe943e153e983e083e2ebd8dbd2e*c91d
RX # PAI1,TRAIN,808,4247
TX PAI1,TRAIN,809,4,3e753d463e943e97bec2be3ebcff3d693d15bba5bc44be6b*ab3f
RX # PAI1,TRAIN,809,4243
TX PAI1,TRAIN,810,1,bea0be7ebe05be293ea43ddcbf0ebf0dbf01bf0e3ea13e4b*675f
RX # PAI1,TRAIN,810,4246
TX PAI1,TRAIN,811,4,3ece3f673e7d3ee4bf023e93be82be78bd98be1e3da0be9b*a7b9
RX # PAI1,TRAIN,811,4246
TX PAI1,TRAIN,812,2,3f073eee3f443f1cbe81be1a3e183e643df93df23dbdbe42*3a51
RX # PAI1,TRAIN,812,4248
TX PAI1,TRAIN,813,1,bf32be90bf18bf283f1c3ee0bddfbee3bea8bea5be3dbda8*fc97
RX # PAI1,TRAIN,813,4238
TX PAI1,TRAIN,814,2,bf24bec3bf25bf3a3f433ea13f10beb93f863f6cc017c024*2f04
RX # PAI1,TRAIN,814,4250
TX PAI1,TRAIN,815,4,3eb63ed93ea43ebebee0bca43e2d3e253de43e13bd85be82*1f9c
RX # PAI1,TRAIN,815,4245
TX PAI1,TRAIN,816,4,3eae3f133ef13f01bf113dda3c5a3d933e0b3dd73d2cbe52*0606
RX # PAI1,TRAIN,816,4246
TX PAI1,TRAIN,817,3,3df2bec4bee6bec3be14bec63eb23dc7bbd73e16be593d1b*e78a
RX # PAI1,TRAIN,817,4243
TX PAI1,TRAIN,818,1,be93bedd3c1cbdcf3e2cbd4cbec7bf02bef8bf033eb43e7c*b957
RX # PAI1,TRAIN,818,4247
TX PAI1,TRAIN,819,2,bec6bf2bbe27be803f03be033ed93e033e823eb3be213e41*af7f
RX # PAI1,TRAIN,819,4248
TX PAI1,TRAIN,820,3,3f2e3f273ef33f1dbf56be1a3d203e4d3e113e103eb23e6e*8342
RX # PAI1,TRAIN,820,4246
TX PAI1,TRAIN,821,3,3ec73e983ef03ef8bf10be123be93ee33eb33e9f3e163e07*fdf4
RX # PAI1,TRAIN,821,4246
TX PAI1,TRAIN,822,3,bd993e26be2abde8be053e3f3eeb3eb63e263e9abe033dd3*2a2d
RX # PAI1,TRAIN,822,4247
TX PAI1,TRAIN,823,4,be2a3e0cbe4fbe2c3e323e81be1dbdb3be03be053c5c3d24*ec24
RX # PAI1,TRAIN,823,4238
TX PAI1,TRAIN,824,2,bed4beb1bebabf013f093e053ecabd5dbe283cf5bef0bec0*2b58
RX # PAI1,TRAIN,824,4246
TX PAI1,TRAIN,825,3,bc2b3e5e3e8d3e27bd153e2c3eca3ec23e5f3eafbd8b3d1a*ba1c
RX # PAI1,TRAIN,825,4248
TX PAI1,TRAIN,826,2,be6c3e00bc9e3d8f3e553e9b3f413d673ed73f11be83bced*14dc
RX # PAI1,TRAIN,826,4244
TX PAI1,TRAIN,827,4,3ea6bde7be81be35bc0abec3bd3cbde6be6dbe713d973d82*1cef
RX # PAI1,TRAIN,827,4247
TX PAI1,TRAIN,828,4,3c043c16be50be243db0ba4abe17be03be4fbe6d3d9a3d69*8eb8
RX # PAI1,TRAIN,828,4246
TX PAI1,TRAIN,829,1,becbbf12be14be923e93bd4abe6abf01bf09befe3e353dd8*0d90
RX # PAI1,TRAIN,829,4244
TX PAI1,TRAIN,830,1,bd22befe3d7bbd9b3ce8bea6bf03beddbf0cbf133ec63e72*afca
RX # PAI1,TRAIN,830,4239
TX PAI1,TRAIN,831,3,3ecabd8e3e2a3e17bedcbed4be7fbed7bdedbe463e353d03*d1d6
RX # PAI1,TRAIN,831,4238
TX PAI1,TRAIN,832,3,3ebd3e343ed03eeabe9fbe5abe743ec13d5a3c533e9c3e38*df92
RX # PAI1,TRAIN,832,4247
TX PAI1,TRAIN,833,2,bf1f3e7fbe49be2f3f213f413f0a3e6b3ecb3edabe9abd19*4945
RX # PAI1,TRAIN,833,4238
TX PAI1,TRAIN,834,3,3b8c3f0e3cc33e03be003eccbe82be72bddebe2e3d4dbe0d*674c
RX # PAI1,TRAIN,834,4247
TX PAI1,TRAIN,835,3,3d183ec13e583e89be033e76bd803eab3e663e253cd8bcb2*a7a5
RX # PAI1,TRAIN,835,4237
TX PAI1,TRAIN,836,2,bf17be94bed4bef83f183eac3ea0bb97bdca3d60becfbe89*e948
RX # PAI1,TRAIN,836,4245
TX PAI1,TRAIN,837,3,be533ebfbedcbe803e253eed3eeb3ebe3e7c3ea9be733d3d*4a8d
RX # PAI1,TRAIN,837,4247
TX PAI1,TRAIN,838,3,bc8a3e21bd913c903d2d3e053eb73ec73e943ea5bdbf3daa*aa38
RX # PAI1,TRAIN,838,4246
TX PAI1,TRAIN,839,4,3e82bdb3be86be34bda9be993e5f3eb8bcdd3d61be14bd88*5c55
RX # PAI1,TRAIN,839,4240
TX PAI1,TRAIN,840,1,be2ebe5b3c95bdef3d9f3ac5bf02bf0dbf18bf203ebb3e45*cb52
RX # PAI1,TRAIN,840,4239
TX PAI1,TRAIN,841,1,bf1abea5bf1bbf2a3f0d3ea4bed3be55be04be4bbe52bc6c*47d8
RX # PAI1,TRAIN,841,4238
TX PAI1,TRAIN,842,3,3e6c3e993ee33edabed13ba23ed03e773dc73e553e2d3e05*e192
RX # PAI1,TRAIN,842,4245
TX PAI1,TRAIN,843,2,bece3e3cbe9cbe8c3ec33f013f0b3eaa3f5a3f32bef7bd5c*9bb9
RX # PAI1,TRAIN,843,4248
TX PAI1,TRAIN,844,1,be4dbeb1be13be8b3dd9bd88bebabf0fbeb5becf3e4c3e4e*fe7d
RX # PAI1,TRAIN,844,4238
TX PAI1,TRAIN,845,3,3cdf3e043e023d8cbd4e3d8d3e0dbd553c213d453da03de9*da5b
RX # PAI1,TRAIN,845,4249
TX PAI1,TRAIN,846,4,3e8a3e5c3de93e1dbea2bdbfbe48beb4be46be7c3dcdbe09*6a90
RX # PAI1,TRAIN,846,4248
TX PAI1,TRAIN,847,3,3e84bf363dc53d08be57bf42be6d3ebe3e733e3bbda0bc21*c088
RX # PAI1,TRAIN,847,4237
TX PAI1,TRAIN,848,3,3e26bf43bf10beee3e7bbf343f0fbcd9be253d283d973ef2*dc91
RX # PAI1,TRAIN,848,4240
TX PAI1,TRAIN,849,3,3e0fbeb2be6bbe82beb9bec33e1cbe3fbe98be453d033da9*bba8
RX # PAI1,TRAIN,849,4244
TX PAI1,TRAIN,850,1,beb8bd27beb8bea13eeb3e9abeefbef8bedcbef93e873e8c*c18b
RX # PAI1,TRAIN,850,4238
TX PAI1,TRAIN,851,3,bbdb3ea03e4d3e423d7b3e6f3dce3f053f033ecb3d1c3e6a*83bc
RX # PAI1,TRAIN,851,4247
TX PAI1,TRAIN,852,4,3eaebcf33f013ef9bec3beab3e3e3e473e3e3e433a7ebe47*f293
RX # PAI1,TRAIN,852,4238
TX PAI1,TRAIN,853,4,bc54be81be93be96bd68be2f3bfcbe58be47be26bd68bc14*ad41
RX # PAI1,TRAIN,853,4247
TX PAI1,TRAIN,854,3,be9d3f203ebe3ef33e0e3f3d3e403e6b3d7f3e143e233d05*ce8f
RX # PAI1,TRAIN,854,4249
TX PAI1,TRAIN,855,4,3cf7bc02bd86bcc73da5bd093c24bdf8bdffbe113c2fbd96*145c
RX # PAI1,TRAIN,855,4239
TX PAI1,TRAIN,856,3,bda13eb03e1e3e0cbe673ea53e843ead3d1f3e23bc103c38*0499
RX # PAI1,TRAIN,856,4247
TX PAI1,TRAIN,857,1,bf20be14bef7bf053f203ef1beefbe59be62be8bbdc23bb9*4e3a
RX # PAI1,TRAIN,857,4248
TX PAI1,TRAIN,858,2,bc81befc3dc9bba5be1bbeb03e6a3e893edc3eb1be83be12*495c
RX # PAI1,TRAIN,858,4239
TX PAI1,TRAIN,859,3,be853e2f3e503df93dc33eba3e1e3e7e3e493e3d3e023e84*abd0
RX # PAI1,TRAIN,859,4237
TX PAI1,TRAIN,860,3,be43bde03e163d4d3c563dc5be803e9abc8dbd1b3e273e4b*d461
RX # PAI1,TRAIN,860,4240
TX PAI1,TRAIN,861,4,be67be49be7bbe8c3e153d86be97be06be47be67bcb1bc71*843f
RX # PAI1,TRAIN,861,4238
TX PAI1,TRAIN,862,1,bd9fbe843d84bd6cbc8ebdedbf01bf1abf00bf0c3ec33e70*b7e9
RX # PAI1,TRAIN,862,4246
TX PAI1,TRAIN,863,4,3ebe3ead3eee3f14bee5bdc73ddd3f053df73e293d9abe22*d468
RX # PAI1,TRAIN,863,4239
TX PAI1,TRAIN,864,3,bd9c3e25be83be263d683e413ebe3ebf3d963e63be003da6*b90e
RX # PAI1,TRAIN,864,4243
TX PAI1,TRAIN,865,3,3de0bd503e253d7cbe88be0dbe8c3e963df83d6cbc36bc8c*600e
RX # PAI1,TRAIN,865,4247
TX PAI1,TRAIN,866,3,3f00bea6be2ebd8d3d4abf32be993a93be83be833eb33ed4*66b7
RX # PAI1,TRAIN,866,4246
TX PAI1,TRAIN,867,1,be5abe73be7cbea33e343cc2bed8bf07bee8bf003e643e4a*8d67
RX # PAI1,TRAIN,867,4248
TX PAI1,TRAIN,868,3,bdc03e49be6abddd3d393e6bbec2bea0be8abea33bbdbe20*4991
RX # PAI1,TRAIN,868,4249
TX PAI1,TRAIN,869,3,3e803eaf3f063ef5bed93c9c3e4e3eb13ed13ec43dd93dff*7289
RX # PAI1,TRAIN,869,4239
TX PAI1,TRAIN,870,3,3f08be883f2f3f0abebbbf2fbe3b3ed53d8a3d133eb83e64*3ec5
RX # PAI1,TRAIN,870,4245
TX PAI1,TRAIN,871,3,3cb03b173d94bd6abe54bc94bec2beb2be68be98bd8bbe96*2cb4
RX # PAI1,TRAIN,871,4249
TX PAI1,TRAIN,872,4,3d823e1d3e163e2b3d3f3d5abd81be57bdd7be0c3de2bd35*5aec
RX # PAI1,TRAIN,872,4247
TX PAI1,TRAIN,873,3,3ea73de63eb63eb0bec7be603e183eef3e793e953d7f3da6*9c9f
RX # PAI1,TRAIN,873,4248
TX PAI1,TRAIN,874,1,bf0dbee2bf30bf3d3f0e3e3fbed9be05bdcbbe1abe89bcea*e9f6
RX # PAI1,TRAIN,874,4238
TX PAI1,TRAIN,875,3,3ebbbe05be9abdd73e65beddbe0dbc40bdd3be003e973ee7*0466
RX # PAI1,TRAIN,875,4246
TX PAI1,TRAIN,876,2,be963ee0bdc93d143e923f173f083ec43f7b3f5abec33c27*d189
RX # PAI1,TRAIN,876,4238
TX PAI1,TRAIN,877,1,bf17be86bf1dbf2c3f193eb5bec1be37be0cbe46be3a3d03*7c82
RX # PAI1,TRAIN,877,4248
TX PAI1,TRAIN,878,3,3e2b3d963d163e19be03bdcf3ecd3e683ddc3e583d143de7*3da5
RX # PAI1,TRAIN,878,4247
TX PAI1,TRAIN,879,3,3d793ebb3ead3e9bbdd73e57bd0cbea6bdc8bde53da3be2c*9b45
RX # PAI1,TRAIN,879,4248
TX PAI1,TRAIN,880,3,3de03de93e9e3e6bbe37bc96beacbea6be80be9e3de0be60*c279
RX # PAI1,TRAIN,880,4238
TX PAI1,TRAIN,881,2,3d54be5bbee5bec23e0bbe503eb83e363c5b3e05bed0be93*11e1
RX # PAI1,TRAIN,881,4239
TX PAI1,TRAIN,882,1,be8fbe2b3dd13c323e1e3e0dbeccbf25bef0bf003eaf3e22*4795
RX # PAI1,TRAIN,882,4248
TX PAI1,TRAIN,883,1,be8a3b713ccebbca3ebb3e81bed6bf02beccbee83ed13ea0*a594
RX # PAI1,TRAIN,883,4247
TX PAI1,TRAIN,884,1,bebfbdfebe84be973ece3e82bebfbf07bed6bee93e663e62*5659
RX # PAI1,TRAIN,884,4248
TX PAI1,TRAIN,885,3,3ea93e6b3ea03e9cbe07be0cbef1beaebe86bea73de7be8f*4f34
RX # PAI1,TRAIN,885,4249
TX PAI1,TRAIN,886,2,3f43bedbbed23d553c91bf813f163e7d3eb33ed6be90be2e*6b6b
RX # PAI1,TRAIN,886,4248
TX PAI1,TRAIN,887,4,3ee6bdbe3e513e67bf10bef7be02beafbd38bdc73df3bd2a*a9d0
RX # PAI1,TRAIN,887,4238
TX PAI1,TRAIN,888,3,3ed53bf83ef83ec2bebdbec2bde83ebe3e813e273e293dfd*9a13
RX # PAI1,TRAIN,888,4247
TX PAI1,TRAIN,889,4,3d8a3ac5bde6bdabbce4bd7bbe053d9ebe05be053d963d9d*f28d
RX # PAI1,TRAIN,889,4248
TX PAI1,TRAIN,890,3,bdb5beddbe46be883dbabe6ebdd2be3ebeb3bea13e8d3ec6*94cc
RX # PAI1,TRAIN,890,4238
TX PAI1,TRAIN,891,3,be5b3e1c3e313d823df83e9ebd343e5d3e023dca3dcf3e44*4bf9
RX # PAI1,TRAIN,891,4238
TX PAI1,PREDICT,892,3cdebe5d3e5f3e4a3e10be3abf0dbef7bf0dbf183f0b3e8f*7864
RX # PAI1,PREDICT,892,175,3f2e,bdf2,3eae,3df9
TX PAI1,PREDICT,893,bea1bea0bd10be073e713d7fbee8beefbef5bf043e913e20*9a0b
RX # PAI1,PREDICT,893,175,3f40,bd63,3e89,3d94
TX PAI1,PREDICT,894,3f73bed2bf47bea83effbf963ea83e163d8b3e15becebe9b*39c1
RX # PAI1,PREDICT,894,175,bede,3f5d,3d74,3f02
TX PAI1,PREDICT,895,bf24be08bedcbf0d3f363efc3f403d12bd283e8abf14beac*b802
RX # PAI1,PREDICT,895,175,3d84,3f5d,3cf0,3d58
TX PAI1,PREDICT,896,3e803d523dd13e23be91be45be86be89bd30bdf23d96bdab*fe83
RX # PAI1,PREDICT,896,176,3e4f,3d34,3ed9,3eae
TX PAI1,PREDICT,897,3ea4bdd03e6d3e88bef3bebd3db33c403ce63cf63d6cbd92*c68a
RX # PAI1,PREDICT,897,176,bd17,3db0,3f1e,3eaf
TX PAI1,PREDICT,898,3e563e963cf73e223d8c3ca4be54be68be39be753e30bc88*966b
RX # PAI1,PREDICT,898,184,3e52,3db5,3eb0,3ebb
TX PAI1,PREDICT,899,3e103ecf3dd93e33bdd43e28bea1bea1be64be8b3e2fbd5f*67f2
RX # PAI1,PREDICT,899,176,3e83,bd8f,3ed2,3ed2
TX PAI1,INIT,900,12,64,1,1*b703
RX # PAI1,INIT,900,12,64,4
TX PAI1,TRAIN,901,3,3e12be8dbedebeb6be81beb03edf3eec3e493eb0be413d31*d4bd
RX # PAI1,TRAIN,901,4237
TX PAI1,TRAIN,902,2,bf2cbe8cbf2ebf4b3f503ed63f25be2d3fb43f95bff0bff4*a61d
RX # PAI1,TRAIN,902,4247
TX PAI1,TRAIN,903,3,3f0dbe5ebdb93d20bcc4bf2ebe413ea8bdb6bdaa3e813ea5*4e62
RX # PAI1,TRAIN,903,4248
TX PAI1,TRAIN,904,4,3eba3b39be44bdc9bdbcbead3d643e31bd77bd773d123d7f*0632
RX # PAI1,TRAIN,904,4239
TX PAI1,TRAIN,905,3,3da73eff3f0a3f02be533e9b3d89bdf53dbd3d903d25bde2*d894
RX # PAI1,TRAIN,905,4247
TX PAI1,TRAIN,906,3,3ee03d433ea63ea1bf16bebfbe0fbe803d94bc873dee3d1f*6212
RX # PAI1,TRAIN,906,4240
TX PAI1,TRAIN,907,3,3ed1bc7abe81bbcd3e3abecabd083e9f3db13d663e563eb4*e26d
RX # PAI1,TRAIN,907,4247
TX PAI1,TRAIN,908,1,bec5bc0abe4bbe7f3ec83eb4be85beccbe8bbe963e1d3e38*2c38
RX # PAI1,TRAIN,908,4247
TX PAI1,TRAIN,909,4,3d473de43d1e3dc43c513d223de13e243d7e3d1fbc62bd22*e761
RX # PAI1,TRAIN,909,4238
TX PAI1,TRAIN,910,3,3cab3f313e183e94be6b3f02be153b243da53c133c8bbdb4*aa0d
RX # PAI1,TRAIN,910,4248
TX PAI1,TRAIN,911,3,3e2abe76be27be49bf02bead3e7d3d91be09bc803b443d9d*ef1e
RX # PAI1,TRAIN,911,4237
TX PAI1,TRAIN,912,4,3dad3e8e3e9a3eadbcdd3e093d213d1e3dad3d313d83bc94*2cc7
RX # PAI1,TRAIN,912,4245
TX PAI1,TRAIN,913,2,bf1ebe38bec8befa3f1e3ee23ecd3ea43dbc3e7dbeaebe3d*a905
RX # PAI1,TRAIN,913,4247
TX PAI1,TRAIN,914,4,3db63df8bc9d3caabdeb3c1dbccd3ede3d623d503d103d93*9639
RX # PAI1,TRAIN,914,4248
TX PAI1,TRAIN,915,4,3b1dbe10be71be7abe18bde03ddc3d15bc913c8ebd883c07*c3e0
RX # PAI1,TRAIN,915,4248
TX PAI1,TRAIN,916,1,bcd6bec93e483cfbbd47be8dbec9be88bed7bed73e903e44*c6d1
RX # PAI1,TRAIN,916,4237
TX PAI1,TRAIN,917,3,3e093e733f003ed6be953d67be66bdf1bda9be0d3d82be18*4ffc
RX # PAI1,TRAIN,917,4245
TX PAI1,TRAIN,918,2,be6c3e803dc43e5c3e263ed03f543ecf3f2f3f4bbe65bbd7*92c3
RX # PAI1,TRAIN,918,4238
TX PAI1,TRAIN,919,1,bd89be163e4c3d5bbdd2bd4cbec6bf00bebcbec83e8d3e42*c9b2
RX # PAI1,TRAIN,919,4249
TX PAI1,TRAIN,920,3,3e43bf2bbf13beed3e54bf303f233e953ca33e6e3d123ebc*d0ab
RX # PAI1,TRAIN,920,4247
TX PAI1,TRAIN,921,3,3d213dfa3e563d5dbea63d67be88be1abd5ebe02bd9abe51*e93f
RX # PAI1,TRAIN,921,4248
TX PAI1,TRAIN,922,3,3ebd3eb73f013f03be73bd95beb5be0fbdc3be203d87be46*b274
RX # PAI1,TRAIN,922,4238
TX PAI1,TRAIN,923,3,bda1bea7bdf4be593cccbe353ab43d93be49be143e463e9c*f86b
RX # PAI1,TRAIN,923,4248
TX PAI1,TRAIN,924,4,3eff3cc03ebe3ed3bf3fbee5bcbcbe133e1c3db03d90bc83*24b8
RX # PAI1,TRAIN,924,4238
TX PAI1,TRAIN,925,2,beccbf12bda7be433f05bd813f023f013efd3f0fbe153e1f*6b77
RX # PAI1,TRAIN,925,4238
TX PAI1,TRAIN,926,1,be2abdd03e11bcae3c203d9fbec7bedebef2bef23e873e22*55bc
RX # PAI1,TRAIN,926,4240
TX PAI1,TRAIN,927,2,bedbbe73bea9bf043f0c3e5f3ef63e813c8c3e62bec8be87*8692
RX # PAI1,TRAIN,927,4238
TX PAI1,TRAIN,928,4,be253e85be05bdb23dfc3eb3bd453e543d6d3d4fbc3f3d37*e6a5
RX # PAI1,TRAIN,928,4247
TX PAI1,TRAIN,929,1,bea3be0cbd27bda93e973e45bedfbedcbebfbecc3e663e27*b441
RX # PAI1,TRAIN,929,4239
TX PAI1,TRAIN,930,1,be95bea83e06baf83ded3cb3be8dbebfbeb2beb53e823e4b*8325
RX # PAI1,TRAIN,930,4237
TX PAI1,TRAIN,931,1,be4bbe74bd6fbe603d2e3b7bbe80bee2be4cbe773e093e29*d36f
RX # PAI1,TRAIN,931,4247
TX PAI1,TRAIN,932,1,be59be01be3dbe8d3e003dd1be9dbecdbea0beb03e1c3e26*a0f6
RX # PAI1,TRAIN,932,4247
TX PAI1,TRAIN,933,1,bed1bef1bd72be713e843cbabdf7bebcbed1bead3dee3dc0*5ee1
RX # PAI1,TRAIN,933,4240
TX PAI1,TRAIN,934,3,bdac3ea5be27bc2abcec3ea7be88bdd0bdd6be19bc90bdd1*24ef
RX # PAI1,TRAIN,934,4237
TX PAI1,TRAIN,935,4,3ee53f873eda3f31bf2e3ec7be14bbbf3df43ccd3d20be58*ff3b
RX # PAI1,TRAIN,935,4248
TX PAI1,TRAIN,936,2,3f153f1a3f883f67bec3bdb33e793f223eaf3ea13d4dbe02*56e5
RX # PAI1,TRAIN,936,4247
TX PAI1,TRAIN,937,4,3ccc3e04be06bd9e3c9d3d9abd2c3e1abcdbbd683d163d6b*291b
RX # PAI1,TRAIN,937,4238
TX PAI1,TRAIN,938,1,be8c3dfd3e1a3df33eb23eb3be9bbebfbe80be963e983e7e*ae5d
RX # PAI1,TRAIN,938,4239
TX PAI1,TRAIN,939,4,be67bdaabe3bbe623db63e17be3e3e16bc90bd4fbd203b83*059b
RX # PAI1,TRAIN,939,4246
TX PAI1,TRAIN,940,4,3e9c3eaf3e853ea4bee8bccdbdb4be20bc88bd933d66bdad*2af9
RX # PAI1,TRAIN,940,4247
TX PAI1,TRAIN,941,1,be91bd583e7c3e0f3dcb3e67be92bf0fbea9beb03e7c3e08*c322
RX # PAI1,TRAIN,941,4247
TX PAI1,TRAIN,942,2,3f55bea5bec73e45bd7abf833f2b3f2b3f1a3f22be79bde6*7c06
RX # PAI1,TRAIN,942,4239
TX PAI1,TRAIN,943,2,3d93bdcfbeddbeb53da0be143ee53f123e613ea7beaebe4c*fa40
RX # PAI1,TRAIN,943,4240
TX PAI1,TRAIN,944,1,bebc3d9fbea6be8b3eea3ecfbeb3beadbe92bea73e3e3e61*e5cd
RX # PAI1,TRAIN,944,4249
TX PAI1,TRAIN,945,3,3e12be8dbedebeb6be81beb03edf3eec3e493eb0be413d31*362e
RX # PAI1,TRAIN,945,4238
TX PAI1,TRAIN,946,4,3e9c3eaf3e853ea4bee8bccdbdb4be20bc88bd933d66bdad*2158
RX # PAI1,TRAIN,946,4238
TX PAI1,TRAIN,947,1,be91bd583e7c3e0f3dcb3e67be92bf0fbea9beb03e7c3e08*c883
RX # PAI1,TRAIN,947,4245
TX PAI1,TRAIN,948,2,beccbf12bda7be433f05bd813f023f013efd3f0fbe153e1f*171e
RX # PAI1,TRAIN,948,4248
TX PAI1,TRAIN,949,3,bdac3ea5be27bc2abcec3ea7be88bdd0bdd6be19bc90bdd1*d77a
RX # PAI1,TRAIN,949,4248
TX PAI1,TRAIN,950,4,3ee53f873eda3f31bf2e3ec7be14bbbf3df43ccd3d20be58*6931
RX # PAI1,TRAIN,950,4248
TX PAI1,TRAIN,951,1,bec5bc0abe4bbe7f3ec83eb4be85beccbe8bbe963e1d3e38*2d55
RX # PAI1,TRAIN,951,4239
TX PAI1,TRAIN,952,3,3da73eff3f0a3f02be533e9b3d89bdf53dbd3d903d25bde2*383b
RX # PAI1,TRAIN,952,4248
TX PAI1,TRAIN,953,3,bda1bea7bdf4be593cccbe353ab43d93be49be143e463e9c*67fc
RX # PAI1,TRAIN,953,4248
TX PAI1,TRAIN,954,3,3cab3f313e183e94be6b3f02be153b243da53c133c8bbdb4*489e
RX # PAI1,TRAIN,954,4238
TX PAI1,TRAIN,955,2,bf2cbe8cbf2ebf4b3f503ed63f25be2d3fb43f95bff0bff4*46b2
RX # PAI1,TRAIN,955,4238
TX PAI1,TRAIN,956,4,be253e85be05bdb23dfc3eb3bd453e543d6d3d4fbc3f3d37*98f0
RX # PAI1,TRAIN,956,4239
TX PAI1,TRAIN,957,4,be67bdaabe3bbe623db63e17be3e3e16bc90bd4fbd203b83*f432
RX # PAI1,TRAIN,957,4239
TX PAI1,TRAIN,958,3,3f0dbe5ebdb93d20bcc4bf2ebe413ea8bdb6bdaa3e813ea5*b98f
RX # PAI1,TRAIN,958,4244
TX PAI1,TRAIN,959,2,bedbbe73bea9bf043f0c3e5f3ef63e813c8c3e62bec8be87*f8c7
RX # PAI1,TRAIN,959,4247
TX PAI1,TRAIN,960,2,3d93bdcfbeddbeb53da0be143ee53f123e613ea7beaebe4c*7859
RX # PAI1,TRAIN,960,4237
TX PAI1,TRAIN,961,3,3e43bf2bbf13beed3e54bf303f233e953ca33e6e3d123ebc*b459
RX # PAI1,TRAIN,961,4239
TX PAI1,TRAIN,962,4,3b1dbe10be71be7abe18bde03ddc3d15bc913c8ebd883c07*2c96
RX # PAI1,TRAIN,962,4239
TX PAI1,TRAIN,963,1,be4bbe74bd6fbe603d2e3b7bbe80bee2be4cbe773e093e29*b5a1
RX # PAI1,TRAIN,963,4238
TX PAI1,TRAIN,964,4,3eff3cc03ebe3ed3bf3fbee5bcbcbe133e1c3db03d90bc83*3b0a
RX # PAI1,TRAIN,964,4238
TX PAI1,TRAIN,965,1,bebc3d9fbea6be8b3eea3ecfbeb3beadbe92bea73e3e3e61*9154
RX # PAI1,TRAIN,965,4239
TX PAI1,TRAIN,966,3,3ed1bc7abe81bbcd3e3abecabd083e9f3db13d663e563eb4*8946
RX # PAI1,TRAIN,966,4240
TX PAI1,TRAIN,967,1,be8c3dfd3e1a3df33eb23eb3be9bbebfbe80be963e983e7e*a491
RX # PAI1,TRAIN,967,4247
TX PAI1,TRAIN,968,1,bd89be163e4c3d5bbdd2bd4cbec6bf00bebcbec83e8d3e42*2d65
RX # PAI1,TRAIN,968,4239
TX PAI1,TRAIN,969,1,bcd6bec93e483cfbbd47be8dbec9be88bed7bed73e903e44*c3c4
RX # PAI1,TRAIN,969,4240
TX PAI1,TRAIN,970,4,3dad3e8e3e9a3eadbcdd3e093d213d1e3dad3d313d83bc94*ca2c
RX # PAI1,TRAIN,970,4249
TX PAI1,TRAIN,971,3,3e2abe76be27be49bf02bead3e7d3d91be09bc803b443d9d*ff75
RX # PAI1,TRAIN,971,4238
TX PAI1,TRAIN,972,2,be6c3e803dc43e5c3e263ed03f543ecf3f2f3f4bbe65bbd7*9e4b
RX # PAI1,TRAIN,972,4248
TX PAI1,TRAIN,973,2,bf1ebe38bec8befa3f1e3ee23ecd3ea43dbc3e7dbeaebe3d*b96e
RX # PAI1,TRAIN,973,4238
TX PAI1,TRAIN,974,1,bed1bef1bd72be713e843cbabdf7bebcbed1bead3dee3dc0*31b2
RX # PAI1,TRAIN,974,4249
TX PAI1,TRAIN,975,4,3eba3b39be44bdc9bdbcbead3d643e31bd77bd773d123d7f*e2e5
RX # PAI1,TRAIN,975,4240
TX PAI1,TRAIN,976,1,be95bea83e06baf83ded3cb3be8dbebfbeb2beb53e823e4b*9736
RX # PAI1,TRAIN,976,4239
TX PAI1,TRAIN,977,2,3f153f1a3f883f67bec3bdb33e793f223eaf3ea13d4dbe02*3217
RX # PAI1,TRAIN,977,4240
TX PAI1,TRAIN,978,1,bea3be0cbd27bda93e973e45bedfbedcbebfbecc3e663e27*5f4f
RX # PAI1,TRAIN,978,4239
TX PAI1,TRAIN,979,3,3d213dfa3e563d5dbea63d67be88be1abd5ebe02bd9abe51*9312
RX # PAI1,TRAIN,979,4248
TX PAI1,TRAIN,980,4,3d473de43d1e3dc43c513d223de13e243d7e3d1fbc62bd22*4926
RX # PAI1,TRAIN,980,4240
TX PAI1,TRAIN,981,2,3f55bea5bec73e45bd7abf833f2b3f2b3f1a3f22be79bde6*d110
RX # PAI1,TRAIN,981,4238
TX PAI1,TRAIN,982,1,be2abdd03e11bcae3c203d9fbec7bedebef2bef23e873e22*9820
RX # PAI1,TRAIN,982,4246
TX PAI1,TRAIN,983,3,3ebd3eb73f013f03be73bd95beb5be0fbdc3be203d87be46*f989
RX # PAI1,TRAIN,983,4240
TX PAI1,TRAIN,984,4,3db63df8bc9d3caabdeb3c1dbccd3ede3d623d503d103d93*26a1
RX # PAI1,TRAIN,984,4248
TX PAI1,TRAIN,985,4,3ccc3e04be06bd9e3c9d3d9abd2c3e1abcdbbd683d163d6b*60da
RX # PAI1,TRAIN,985,4239
TX PAI1,TRAIN,986,3,3e093e733f003ed6be953d67be66bdf1bda9be0d3d82be18*8424
RX # PAI1,TRAIN,986,4244
TX PAI1,TRAIN,987,3,3ee03d433ea63ea1bf16bebfbe0fbe803d94bc873dee3d1f*2636
RX # PAI1,TRAIN,987,4249
TX PAI1,TRAIN,988,1,be59be01be3dbe8d3e003dd1be9dbecdbea0beb03e1c3e26*0354
RX # PAI1,TRAIN,988,4239
TX PAI1,TRAIN,989,1,be4bbe74bd6fbe603d2e3b7bbe80bee2be4cbe773e093e29*864d
RX # PAI1,TRAIN,989,4246
TX PAI1,TRAIN,990,4,3e9c3eaf3e853ea4bee8bccdbdb4be20bc88bd933d66bdad*85d3
RX # PAI1,TRAIN,990,4240
TX PAI1,TRAIN,991,3,3e2abe76be27be49bf02bead3e7d3d91be09bc803b443d9d*d07a
RX # PAI1,TRAIN,991,4238
TX PAI1,TRAIN,992,1,bea3be0cbd27bda93e973e45bedfbedcbebfbecc3e663e27*6ca3
RX # PAI1,TRAIN,992,4249
TX PAI1,TRAIN,993,2,bf1ebe38bec8befa3f1e3ee23ecd3ea43dbc3e7dbeaebe3d*9661
RX # PAI1,TRAIN,993,4237
TX PAI1,TRAIN,994,2,3f55bea5bec73e45bd7abf833f2b3f2b3f1a3f22be79bde6*d88d
RX # PAI1,TRAIN,994,4246
TX PAI1,TRAIN,995,1,bed1bef1bd72be713e843cbabdf7bebcbed1bead3dee3dc0*65fd
RX # PAI1,TRAIN,995,4246
TX PAI1,TRAIN,996,1,be59be01be3dbe8d3e003dd1be9dbecdbea0beb03e1c3e26*6d6a
RX # PAI1,TRAIN,996,4248
TX PAI1,TRAIN,997,3,3e093e733f003ed6be953d67be66bdf1bda9be0d3d82be18*7098
RX # PAI1,TRAIN,997,4247
TX PAI1,TRAIN,998,1,be95bea83e06baf83ded3cb3be8dbebfbeb2beb53e823e4b*59fb
RX # PAI1,TRAIN,998,4247
TX PAI1,TRAIN,999,3,3da73eff3f0a3f02be533e9b3d89bdf53dbd3d903d25bde2*7f4e
RX # PAI1,TRAIN,999,4238
TX PAI1,TRAIN,1000,2,bedbbe73bea9bf043f0c3e5f3ef63e813c8c3e62bec8be87*a094
RX # PAI1,TRAIN,1000,4245
TX PAI1,TRAIN,1001,4,be253e85be05bdb23dfc3eb3bd453e543d6d3d4fbc3f3d37*2161
RX # PAI1,TRAIN,1001,4238
TX PAI1,TRAIN,1002,1,bec5bc0abe4bbe7f3ec83eb4be85beccbe8bbe963e1d3e38*69e5
RX # PAI1,TRAIN,1002,4247
TX PAI1,TRAIN,1003,4,3dad3e8e3e9a3eadbcdd3e093d213d1e3dad3d313d83bc94*8145
RX # PAI1,TRAIN,1003,4239
TX PAI1,TRAIN,1004,1,be91bd583e7c3e0f3dcb3e67be92bf0fbea9beb03e7c3e08*03cf
RX # PAI1,TRAIN,1004,4246
TX PAI1,TRAIN,1005,3,3f0dbe5ebdb93d20bcc4bf2ebe413ea8bdb6bdaa3e813ea5*1cfd
RX # PAI1,TRAIN,1005,4240
TX PAI1,TRAIN,1006,3,3e43bf2bbf13beed3e54bf303f233e953ca33e6e3d123ebc*8ded
RX # PAI1,TRAIN,1006,4247
TX PAI1,TRAIN,1007,4,3b1dbe10be71be7abe18bde03ddc3d15bc913c8ebd883c07*e3a2
RX # PAI1,TRAIN,1007,4245
TX PAI1,TRAIN,1008,4,3eba3b39be44bdc9bdbcbead3d643e31bd77bd773d123d7f*484e
RX # PAI1,TRAIN,1008,4246
TX PAI1,TRAIN,1009,3,3cab3f313e183e94be6b3f02be153b243da53c133c8bbdb4*edec
RX # PAI1,TRAIN,1009,4239
TX PAI1,TRAIN,1010,4,3eff3cc03ebe3ed3bf3fbee5bcbcbe133e1c3db03d90bc83*0082
RX # PAI1,TRAIN,1010,4249
TX PAI1,TRAIN,1011,2,beccbf12bda7be433f05bd813f023f013efd3f0fbe153e1f*4f4d
RX # PAI1,TRAIN,1011,4248
TX PAI1,TRAIN,1012,1,bebc3d9fbea6be8b3eea3ecfbeb3beadbe92bea73e3e3e61*271c
RX # PAI1,TRAIN,1012,4246
TX PAI1,TRAIN,1013,4,3ee53f873eda3f31bf2e3ec7be14bbbf3df43ccd3d20be58*a27d
RX # PAI1,TRAIN,1013,4249
TX PAI1,TRAIN,1014,2,3d93bdcfbeddbeb53da0be143ee53f123e613ea7beaebe4c*43d1
RX # PAI1,TRAIN,1014,4237
TX PAI1,TRAIN,1015,3,bdac3ea5be27bc2abcec3ea7be88bdd0bdd6be19bc90bdd1*0948
RX # PAI1,TRAIN,1015,4239
TX PAI1,TRAIN,1016,4,3ccc3e04be06bd9e3c9d3d9abd2c3e1abcdbbd683d163d6b*04bc
RX # PAI1,TRAIN,1016,4239
TX PAI1,TRAIN,1017,4,3db63df8bc9d3caabdeb3c1dbccd3ede3d623d503d103d93*42c7
RX # PAI1,TRAIN,1017,4240
TX PAI1,TRAIN,1018,3,3ee03d433ea63ea1bf16bebfbe0fbe803d94bc873dee3d1f*5512
RX # PAI1,TRAIN,1018,4239
TX PAI1,TRAIN,1019,4,be67bdaabe3bbe623db63e17be3e3e16bc90bd4fbd203b83*537c
RX # PAI1,TRAIN,1019,4240
TX PAI1,TRAIN,1020,1,bcd6bec93e483cfbbd47be8dbec9be88bed7bed73e903e44*146b
RX # PAI1,TRAIN,1020,4237
TX PAI1,TRAIN,1021,3,3ed1bc7abe81bbcd3e3abecabd083e9f3db13d663e563eb4*bf2b
RX # PAI1,TRAIN,1021,4246
TX PAI1,TRAIN,1022,3,3ebd3eb73f013f03be73bd95beb5be0fbdc3be203d87be46*eb4a
RX # PAI1,TRAIN,1022,4239
TX PAI1,TRAIN,1023,1,be8c3dfd3e1a3df33eb23eb3be9bbebfbe80be963e983e7e*1f3c
RX # PAI1,TRAIN,1023,4247
TX PAI1,TRAIN,1024,3,3e12be8dbedebeb6be81beb03edf3eec3e493eb0be413d31*043b
RX # PAI1,TRAIN,1024,4239
TX PAI1,TRAIN,1025,3,3d213dfa3e563d5dbea63d67be88be1abd5ebe02bd9abe51*4d20
RX # PAI1,TRAIN,1025,4249
TX PAI1,TRAIN,1026,4,3d473de43d1e3dc43c513d223de13e243d7e3d1fbc62bd22*2b04
RX # PAI1,TRAIN,1026,4240
TX PAI1,TRAIN,1027,2,be6c3e803dc43e5c3e263ed03f543ecf3f2f3f4bbe65bbd7*d15a
RX # PAI1,TRAIN,1027,4248
TX PAI1,TRAIN,1028,1,bd89be163e4c3d5bbdd2bd4cbec6bf00bebcbec83e8d3e42*6be9
RX # PAI1,TRAIN,1028,4238
TX PAI1,TRAIN,1029,2,3f153f1a3f883f67bec3bdb33e793f223eaf3ea13d4dbe02*1aa5
RX # PAI1,TRAIN,1029,4239
TX PAI1,TRAIN,1030,3,bda1bea7bdf4be593cccbe353ab43d93be49be143e463e9c*a369
RX # PAI1,TRAIN,1030,4238
TX PAI1,TRAIN,1031,2,bf2cbe8cbf2ebf4b3f503ed63f25be2d3fb43f95bff0bff4*f2c6
RX # PAI1,TRAIN,1031,4240
TX PAI1,TRAIN,1032,1,be2abdd03e11bcae3c203d9fbec7bedebef2bef23e873e22*7e5f
RX # PAI1,TRAIN,1032,4249
TX PAI1,TRAIN,1033,4,be67bdaabe3bbe623db63e17be3e3e16bc90bd4fbd203b83*4046
RX # PAI1,TRAIN,1033,4248
TX PAI1,TRAIN,1034,3,3ed1bc7abe81bbcd3e3abecabd083e9f3db13d663e563eb4*b6b6
RX # PAI1,TRAIN,1034,4249
TX PAI1,TRAIN,1035,3,3ee03d433ea63ea1bf16bebfbe0fbe803d94bc873dee3d1f*36c9
RX # PAI1,TRAIN,1035,4240
TX PAI1,TRAIN,1036,3,3e2abe76be27be49bf02bead3e7d3d91be09bc803b443d9d*c918
RX # PAI1,TRAIN,1036,4240
TX PAI1,TRAIN,1037,1,be95bea83e06baf83ded3cb3be8dbebfbeb2beb53e823e4b*aafa
RX # PAI1,TRAIN,1037,4248
TX PAI1,TRAIN,1038,3,3da73eff3f0a3f02be533e9b3d89bdf53dbd3d903d25bde2*6d8d
RX # PAI1,TRAIN,1038,4240
TX PAI1,TRAIN,1039,3,bda1bea7bdf4be593cccbe353ab43d93be49be143e463e9c*324a
RX # PAI1,TRAIN,1039,4239
TX PAI1,TRAIN,1040,4,3ee53f873eda3f31bf2e3ec7be14bbbf3df43ccd3d20be58*bff3
RX # PAI1,TRAIN,1040,4244
TX PAI1,TRAIN,1041,4,3d473de43d1e3dc43c513d223de13e243d7e3d1fbc62bd22*4b8e
RX # PAI1,TRAIN,1041,4247
TX PAI1,TRAIN,1042,3,3e093e733f003ed6be953d67be66bdf1bda9be0d3d82be18*00ed
RX # PAI1,TRAIN,1042,4237
TX PAI1,TRAIN,1043,1,be2abdd03e11bcae3c203d9fbec7bedebef2bef23e873e22*9a88
RX # PAI1,TRAIN,1043,4244
TX PAI1,TRAIN,1044,1,bebc3d9fbea6be8b3eea3ecfbeb3beadbe92bea73e3e3e61*bcf3
RX # PAI1,TRAIN,1044,4239
TX PAI1,TRAIN,1045,3,3e43bf2bbf13beed3e54bf303f233e953ca33e6e3d123ebc*1f9f
RX # PAI1,TRAIN,1045,4237
TX PAI1,TRAIN,1046,3,3d213dfa3e563d5dbea63d67be88be1abd5ebe02bd9abe51*d08b
RX # PAI1,TRAIN,1046,4239
TX PAI1,TRAIN,1047,1,be8c3dfd3e1a3df33eb23eb3be9bbebfbe80be963e983e7e*f276
RX # PAI1,TRAIN,1047,4245
TX PAI1,TRAIN,1048,1,be59be01be3dbe8d3e003dd1be9dbecdbea0beb03e1c3e26*7abc
RX # PAI1,TRAIN,1048,4245
TX PAI1,TRAIN,1049,1,bed1bef1bd72be713e843cbabdf7bebcbed1bead3dee3dc0*84ab
RX # PAI1,TRAIN,1049,4248
TX PAI1,TRAIN,1050,1,bcd6bec93e483cfbbd47be8dbec9be88bed7bed73e903e44*8bfc
RX # PAI1,TRAIN,1050,4238
TX PAI1,TRAIN,1051,4,3b1dbe10be71be7abe18bde03ddc3d15bc913c8ebd883c07*784d
RX # PAI1,TRAIN,1051,4247
TX PAI1,TRAIN,1052,3,3ebd3eb73f013f03be73bd95beb5be0fbdc3be203d87be46*74dd
RX # PAI1,TRAIN,1052,4238
TX PAI1,TRAIN,1053,2,bedbbe73bea9bf043f0c3e5f3ef63e813c8c3e62bec8be87*bd1a
RX # PAI1,TRAIN,1053,4247
TX PAI1,TRAIN,1054,4,3e9c3eaf3e853ea4bee8bccdbdb4be20bc88bd933d66bdad*011a
RX # PAI1,TRAIN,1054,4248
TX PAI1,TRAIN,1055,4,3db63df8bc9d3caabdeb3c1dbccd3ede3d623d503d103d93*abf5
RX # PAI1,TRAIN,1055,4247
TX PAI1,TRAIN,1056,2,beccbf12bda7be433f05bd813f023f013efd3f0fbe153e1f*201e
RX # PAI1,TRAIN,1056,4246
TX PAI1,TRAIN,1057,3,3cab3f313e183e94be6b3f02be153b243da53c133c8bbdb4*9c60
RX # PAI1,TRAIN,1057,4244
TX PAI1,TRAIN,1058,1,bea3be0cbd27bda93e973e45bedfbedcbebfbecc3e663e27*09a8
RX # PAI1,TRAIN,1058,4247
TX PAI1,TRAIN,1059,2,3f153f1a3f883f67bec3bdb33e793f223eaf3ea13d4dbe02*8532
RX # PAI1,TRAIN,1059,4245
TX PAI1,TRAIN,1060,4,3eba3b39be44bdc9bdbcbead3d643e31bd77bd773d123d7f*b246
RX # PAI1,TRAIN,1060,4246
TX PAI1,TRAIN,1061,4,be253e85be05bdb23dfc3eb3bd453e543d6d3d4fbc3f3d37*310a
RX # PAI1,TRAIN,1061,4246
TX PAI1,TRAIN,1062,3,3f0dbe5ebdb93d20bcc4bf2ebe413ea8bdb6bdaa3e813ea5*7c77
RX # PAI1,TRAIN,1062,4248
TX PAI1,TRAIN,1063,1,be91bd583e7c3e0f3dcb3e67be92bf0fbea9beb03e7c3e08*6345
RX # PAI1,TRAIN,1063,4249
TX PAI1,TRAIN,1064,1,bd89be163e4c3d5bbdd2bd4cbec6bf00bebcbec83e8d3e42*6319
RX # PAI1,TRAIN,1064,4247
TX PAI1,TRAIN,1065,4,3dad3e8e3e9a3eadbcdd3e093d213d1e3dad3d313d83bc94*9a8f
RX # PAI1,TRAIN,1065,4246
TX PAI1,TRAIN,1066,2,3f55bea5bec73e45bd7abf833f2b3f2b3f1a3f22be79bde6*d7c0
RX # PAI1,TRAIN,1066,4239
TX PAI1,TRAIN,1067,3,3e12be8dbedebeb6be81beb03edf3eec3e493eb0be413d31*9649
RX # PAI1,TRAIN,1067,4246
TX PAI1,TRAIN,1068,2,be6c3e803dc43e5c3e263ed03f543ecf3f2f3f4bbe65bbd7*546a
RX # PAI1,TRAIN,1068,4237
TX PAI1,TRAIN,1069,2,bf1ebe38bec8befa3f1e3ee23ecd3ea43dbc3e7dbeaebe3d*734f
RX # PAI1,TRAIN,1069,4247
TX PAI1,TRAIN,1070,2,3d93bdcfbeddbeb53da0be143ee53f123e613ea7beaebe4c*ae9b
RX # PAI1,TRAIN,1070,4248
TX PAI1,TRAIN,1071,2,bf2cbe8cbf2ebf4b3f503ed63f25be2d3fb43f95bff0bff4*ed74
RX # PAI1,TRAIN,1071,4245
TX PAI1,TRAIN,1072,1,bec5bc0abe4bbe7f3ec83eb4be85beccbe8bbe963e1d3e38*f672
RX # PAI1,TRAIN,1072,4246
TX PAI1,TRAIN,1073,1,be4bbe74bd6fbe603d2e3b7bbe80bee2be4cbe773e093e29*6363
RX # PAI1,TRAIN,1073,4239
TX PAI1,TRAIN,1074,3,bdac3ea5be27bc2abcec3ea7be88bdd0bdd6be19bc90bdd1*6263
RX # PAI1,TRAIN,1074,4246
TX PAI1,TRAIN,1075,4,3ccc3e04be06bd9e3c9d3d9abd2c3e1abcdbbd683d163d6b*9917
RX # PAI1,TRAIN,1075,4246
TX PAI1,TRAIN,1076,4,3eff3cc03ebe3ed3bf3fbee5bcbcbe133e1c3db03d90bc83*1b48
RX # PAI1,TRAIN,1076,4248
TX PAI1,PREDICT,1077,3d3abdd43ec73ec13dabbdf9bedebeacbedabee33ecf3e66*5b43
RX # PAI1,PREDICT,1077,184,3f69,bc60,3da6,3c30
TX PAI1,PREDICT,1078,bea4be513d9cbd273e473e13beadbea1beafbeb73e4d3e06*7246
RX # PAI1,PREDICT,1078,186,3f5a,3d10,3d00,3db3
TX PAI1,PREDICT,1079,3f84be9cbf57be953f01bf9a3ed53f073e903eb0beadbe58*8009
RX # PAI1,PREDICT,1079,184,bd82,3f26,3ece,3cc8
TX PAI1,PREDICT,1080,bf2bbc97bed3bf133f423f1c3f533ec13e213ef4bef4be71*388d
RX # PAI1,PREDICT,1080,183,3e11,3f87,be48,3ca0
TX PAI1,PREDICT,1081,3e913e313e7c3ea8bed5be08be1dbd293e1f3d823d10bd42*a6c5
RX # PAI1,PREDICT,1081,183,3e04,3d80,3ebf,3edc
TX PAI1,PREDICT,1082,3eb83c6f3ecf3eeebf24bea63e3d3eb03e723e623cbbbd1d*0bb4
RX # PAI1,PREDICT,1082,175,be3a,3e97,3ed5,3eec
TX PAI1,PREDICT,1083,3e773ed83e213ea7bad53dc8bdcc3c78bb1abd843de63b29*5491
RX # PAI1,PREDICT,1083,184,3e89,3e3a,3e50,3eb6
TX PAI1,PREDICT,1084,3e2b3f0a3e803eb2be503e82be4fbddabd4ebdcc3de5bcd1*96ad
RX # PAI1,PREDICT,1084,177,3e7d,3d10,3e85,3eee
TX PAI1,INIT,1085,12,32,1,1*2e81
RX # PAI1,INIT,1085,12,32,4
TX PAI1,TRAIN,1086,3,3eb7bcd3be7dbcc43e2bbeb2bd133e9c3db73d5e3e5b3ec2*b455
RX # PAI1,TRAIN,1086,1289
TX PAI1,TRAIN,1087,4,bc94be1dbe6dbe84be16bdb43dce3ce4bc983c74bd8f3c53*231a
RX # PAI1,TRAIN,1087,1287
TX PAI1,TRAIN,1088,3,3c833deb3e493d10bea13d81be85be25bd67be06bda2be5b*692e
RX # PAI1,TRAIN,1088,1289
TX PAI1,TRAIN,1089,2,3d3cbde9bed8bebb3d8ebdf63edc3f113e693ea8beb4be56*5aa6
RX # PAI1,TRAIN,1089,1288
TX PAI1,TRAIN,1090,3,3ec53d1d3e9d3e95bf10bea8be0fbe863d99bc9f3df23d3b*9719
RX # PAI1,TRAIN,1090,1286
TX PAI1,TRAIN,1091,2,bed4be81bea5bf063f043e583eed3e7d3c903e62becebe8e*1cd9
RX # PAI1,TRAIN,1091,1285
TX PAI1,TRAIN,1092,3,3de5be96bed9bebcbe7bbe9b3ed63eea3e513eb1be483d4e*55c6
RX # PAI1,TRAIN,1092,1287
TX PAI1,TRAIN,1093,2,bf23bcedbecebf153f373f123f4b3ebe3e273ef5befcbe7d*d910
RX # PAI1,TRAIN,1093,1287
TX PAI1,TRAIN,1094,3,bdc93ea4be26bce5bd053e9ebe85bde5bddebe1dbca1bdd7*ea44
RX # PAI1,TRAIN,1094,1288
TX PAI1,TRAIN,1095,1,be5dbe0ebe3bbe943dea3dd7be9abed4bea5beb33e1f3e36*cada
RX # PAI1,TRAIN,1095,1286
TX PAI1,TRAIN,1096,4,3cc93dd43d043d9c3be83d453dd23e1d3d833d16bc80bd1c*0872
RX # PAI1,TRAIN,1096,1287
TX PAI1,TRAIN,1097,2,3f053f1a3f833f5ebebcbd8b3e6e3f213eb63ea23d4dbe06*e7ff
RX # PAI1,TRAIN,1097,1286
TX PAI1,TRAIN,1098,3,3e08be83be26be57befabe983e713d80be0ebc983ad53db0*6bf3
RX # PAI1,TRAIN,1098,1287
TX PAI1,TRAIN,1099,4,3ea1bbefbe42bdeabdbdbe983d4e3e2abd80bd823d103d91*c486
RX # PAI1,TRAIN,1099,1286
TX PAI1,TRAIN,1100,3,3ea43eb63ef73efabe6dbd61beb1be1abdcbbe253d88be50*ce07
RX # PAI1,TRAIN,1100,1286
TX PAI1,TRAIN,1101,1,3cb1bded3ebd3eb43d98bdcbbed9beb2bee2bee83ed43e7a*ba7f
RX # PAI1,TRAIN,1101,1286
TX PAI1,TRAIN,1102,3,3e9f3b9b3ec53ee1bf1dbe923e333ead3e7b3e623cb5bd16*a537
RX # PAI1,TRAIN,1102,1286
TX PAI1,TRAIN,1103,4,3d6c3e8c3e913ea1bcfc3e093d0d3cf63db33d283d84bc79*12f3
RX # PAI1,TRAIN,1103,1289
TX PAI1,TRAIN,1104,2,3f3fbeaebec23e2fbd81bf6c3f253f2a3f203f23be80bded*e55f
RX # PAI1,TRAIN,1104,1292
TX PAI1,TRAIN,1105,4,3d7d3de9bcc03b31bdea3ca8bce43edc3d6a3d483d0e3da6*ba74
RX # PAI1,TRAIN,1105,1286
TX PAI1,TRAIN,1106,1,bea0be19bd35bdca3e8d3e40bedabee3bec6bed03e6b3e37*1f11
RX # PAI1,TRAIN,1106,1288
TX PAI1,TRAIN,1107,3,3d613eff3f033ef8be4d3e943d7bbe053dc43d8d3d24bde9*c2a9
RX # PAI1,TRAIN,1107,1288
TX PAI1,TRAIN,1108,2,bf17be46bec3beff3f153ed43ec53ea13dc33e7ebeb3be46*e158
RX # PAI1,TRAIN,1108,1285
TX PAI1,TRAIN,1109,2,be6f3e7b3db23e463e193ec43f4c3ecd3f353f4dbe6dbb3f*2bab
RX # PAI1,TRAIN,1109,1288
TX PAI1,TRAIN,1110,1,bd35bed33e3b3c49bd52be76bec5be8ebedfbedc3e933e55*e5bd
RX # PAI1,TRAIN,1110,1287
TX PAI1,TRAIN,1111,1,beccbefcbd7dbe7f3e763d05bdf6bec3bed9beb13df23dd5*d287
RX # PAI1,TRAIN,1111,1286
TX PAI1,TRAIN,1112,4,be2d3e83be05bdd33de63eaabd4e3e4d3d753d46bc5c3d55*aabe
RX # PAI1,TRAIN,1112,1290
TX PAI1,TRAIN,1113,2,3f6fbea5bf50be9b3ef2bf8b3ecd3f063e953eb1beb2be63*2d31
RX # PAI1,TRAIN,1113,1288
TX PAI1,TRAIN,1114,3,3efabe6dbdbc3ca9bce4bf1cbe3e3ea5bdbdbdb23e843eb3*4cd1
RX # PAI1,TRAIN,1114,1285
TX PAI1,TRAIN,1115,3,3e1fbf31bf0fbef23e44bf1d3f1d3e923ca73e6e3d113ecb*2902
RX # PAI1,TRAIN,1115,1286
TX PAI1,TRAIN,1116,4,3ee03c613eb43ec6bf37becbbcd5be1d3e223dac3d92bc55*396f
RX # PAI1,TRAIN,1116,1287
TX PAI1,TRAIN,1117,4,3e4f3ed83e153e9bbbd93dcfbdcd3bcebb2cbd8b3dea3be1*3f53
RX # PAI1,TRAIN,1117,1289
TX PAI1,TRAIN,1118,1,bec0bc9abe48be863ebc3eabbe82bed3be91be993e203e49*a552
RX # PAI1,TRAIN,1118,1290
TX PAI1,TRAIN,1119,1,be50be81bd7abe6f3d113c7bbe7cbee9be53be7d3e0b3e38*6b1f
RX # PAI1,TRAIN,1119,1290
TX PAI1,TRAIN,1120,1,bda8be243e3f3d0fbdd2bd09bec2bf03bec3becc3e903e54*08e4
RX # PAI1,TRAIN,1120,1286
TX PAI1,TRAIN,1121,1,beb83d8dbea2be923edc3ec2beafbeb4be98beaa3e413e74*9ed2
RX # PAI1,TRAIN,1121,1291
TX PAI1,TRAIN,1122,3,3dd33e6e3ef53ec9be913d81be63be03bdafbe123d83be1e*ba19
RX # PAI1,TRAIN,1122,1287
TX PAI1,TRAIN,1123,1,be8c3dee3e0f3dca3ea73eaabe98bec6be84be993e9c3e8a*d1dc
RX # PAI1,TRAIN,1123,1287
TX PAI1,TRAIN,1124,3,ba813f333e0e3e88be643ef4be14bbd53dab3bd23c83bdb8*7d02
RX # PAI1,TRAIN,1124,1292
TX PAI1,TRAIN,1125,4,3ec93f883ecf3f29bf273ebbbe13bc753dfd3cb93d1ebe62*34e3
RX # PAI1,TRAIN,1125,1286
TX PAI1,TRAIN,1126,4,3e093f0a3e723ea6be4b3e7abe4dbdefbd56bdd43de9bcbe*5bc2
RX # PAI1,TRAIN,1126,1286
TX PAI1,TRAIN,1127,4,3b363dfabe06bdc03c583da5bd353e12bce5bd763d153d86*bc5a
RX # PAI1,TRAIN,1127,1286
TX PAI1,TRAIN,1128,3,3e773e2a3e6d3e9cbecdbde1be1cbd503e243d7d3d0ebd3f*d88a
RX # PAI1,TRAIN,1128,1288
TX PAI1,TRAIN,1129,4,be6abdc3be39be703da33e16be3c3e0fbc97bd5dbd2b3c09*67a0
RX # PAI1,TRAIN,1129,1286
TX PAI1,TRAIN,1130,4,3e863ead3e7c3e98bee0bc35bdb6be2bbc8ebd9b3d67bdb1*3125
RX # PAI1,TRAIN,1130,1288
TX PAI1,TRAIN,1131,3,bdbebeb0bdf5be673c98be19bb1a3d82be50be193e4a3ea8*8e41
RX # PAI1,TRAIN,1131,1286
TX PAI1,TRAIN,1132,1,be32bde93e07bd1e3b8a3da9bec3bee5befbbef73e8a3e31*8873
RX # PAI1,TRAIN,1132,1287
TX PAI1,TRAIN,1133,1,be94beb13df9bca13dd73d02be8bbec6beb9beb93e853e5e*02a3
RX # PAI1,TRAIN,1133,1285
TX PAI1,TRAIN,1134,2,bf23be94bf29bf4c3f453ec93f1fbe383fba3f97bff7c002*a320
RX # PAI1,TRAIN,1134,1291
TX PAI1,TRAIN,1135,2,bec6bf18bdabbe523efbbd3c3efb3f003f033f11be1b3e2e*0b64
RX # PAI1,TRAIN,1135,1289
TX PAI1,TRAIN,1136,1,be90bd833e6d3df63db73e5fbe8fbf13beb0beb43e813e16*4273
RX # PAI1,TRAIN,1136,1287
TX PAI1,TRAIN,1137,1,bea2be603d8cbd6d3e383e12bea9bea7beb6bebb3e523e14*1c68
RX # PAI1,TRAIN,1137,1290
TX PAI1,TRAIN,1138,1,3cb1bded3ebd3eb43d98bdcbbed9beb2bee2bee83ed43e7a*ab79
RX # PAI1,TRAIN,1138,1288
TX PAI1,TRAIN,1139,4,3e863ead3e7c3e98bee0bc35bdb6be2bbc8ebd9b3d67bdb1*a006
RX # PAI1,TRAIN,1139,1287
TX PAI1,TRAIN,1140,2,bed4be81bea5bf063f043e583eed3e7d3c903e62becebe8e*54d4
RX # PAI1,TRAIN,1140,1286
TX PAI1,TRAIN,1141,1,beccbefcbd7dbe7f3e763d05bdf6bec3bed9beb13df23dd5*42c9
RX # PAI1,TRAIN,1141,1287
TX PAI1,TRAIN,1142,4,bc94be1dbe6dbe84be16bdb43dce3ce4bc983c74bd8f3c53*19ca
RX # PAI1,TRAIN,1142,1286
TX PAI1,TRAIN,1143,1,be50be81bd7abe6f3d113c7bbe7cbee9be53be7d3e0b3e38*e7b2
RX # PAI1,TRAIN,1143,1287
TX PAI1,TRAIN,1144,1,bec0bc9abe48be863ebc3eabbe82bed3be91be993e203e49*225e
RX # PAI1,TRAIN,1144,1286
TX PAI1,TRAIN,1145,4,be6abdc3be39be703da33e16be3c3e0fbc97bd5dbd2b3c09*6089
RX # PAI1,TRAIN,1145,1288
TX PAI1,TRAIN,1146,1,be32bde93e07bd1e3b8a3da9bec3bee5befbbef73e8a3e31*eac5
RX # PAI1,TRAIN,1146,1286
TX PAI1,TRAIN,1147,1,bd35bed33e3b3c49bd52be76bec5be8ebedfbedc3e933e55*0512
RX # PAI1,TRAIN,1147,1286
TX PAI1,TRAIN,1148,2,3f3fbeaebec23e2fbd81bf6c3f253f2a3f203f23be80bded*edaf
RX # PAI1,TRAIN,1148,1287
TX PAI1,TRAIN,1149,4,3b363dfabe06bdc03c583da5bd353e12bce5bd763d153d86*4df3
RX # PAI1,TRAIN,1149,1287
TX PAI1,TRAIN,1150,3,3e08be83be26be57befabe983e713d80be0ebc983ad53db0*3d21
RX # PAI1,TRAIN,1150,1285
TX PAI1,TRAIN,1151,2,bf23bcedbecebf153f373f123f4b3ebe3e273ef5befcbe7d*9321
RX # PAI1,TRAIN,1151,1288
TX PAI1,TRAIN,1152,3,ba813f333e0e3e88be643ef4be14bbd53dab3bd23c83bdb8*e934
RX # PAI1,TRAIN,1152,1286
TX PAI1,TRAIN,1153,2,bf17be46bec3beff3f153ed43ec53ea13dc33e7ebeb3be46*16b5
RX # PAI1,TRAIN,1153,1287
TX PAI1,TRAIN,1154,4,3ec93f883ecf3f29bf273ebbbe13bc753dfd3cb93d1ebe62*d034
RX # PAI1,TRAIN,1154,1287
TX PAI1,TRAIN,1155,3,3e9f3b9b3ec53ee1bf1dbe923e333ead3e7b3e623cb5bd16*4598
RX # PAI1,TRAIN,1155,1287
TX PAI1,TRAIN,1156,2,be6f3e7b3db23e463e193ec43f4c3ecd3f353f4dbe6dbb3f*2167
RX # PAI1,TRAIN,1156,1285
TX PAI1,TRAIN,1157,4,3e4f3ed83e153e9bbbd93dcfbdcd3bcebb2cbd8b3dea3be1*20e1
RX # PAI1,TRAIN,1157,1287
TX PAI1,TRAIN,1158,1,bda8be243e3f3d0fbdd2bd09bec2bf03bec3becc3e903e54*7d10
RX # PAI1,TRAIN,1158,1289
TX PAI1,TRAIN,1159,2,3f053f1a3f833f5ebebcbd8b3e6e3f213eb63ea23d4dbe06*ba8c
RX # PAI1,TRAIN,1159,1287
TX PAI1,TRAIN,1160,3,3dd33e6e3ef53ec9be913d81be63be03bdafbe123d83be1e*532b
RX # PAI1,TRAIN,1160,1287
TX PAI1,TRAIN,1161,1,be90bd833e6d3df63db73e5fbe8fbf13beb0beb43e813e16*a2dc
RX # PAI1,TRAIN,1161,1285
TX PAI1,TRAIN,1162,3,bdbebeb0bdf5be673c98be19bb1a3d82be50be193e4a3ea8*93cf
RX # PAI1,TRAIN,1162,1287
TX PAI1,TRAIN,1163,3,3ea43eb63ef73efabe6dbd61beb1be1abdcbbe253d88be50*53ac
RX # PAI1,TRAIN,1163,1285
TX PAI1,TRAIN,1164,1,beb83d8dbea2be923edc3ec2beafbeb4be98beaa3e413e74*0701
RX # PAI1,TRAIN,1164,1291
TX PAI1,TRAIN,1165,4,be2d3e83be05bdd33de63eaabd4e3e4d3d753d46bc5c3d55*45c8
RX # PAI1,TRAIN,1165,1285
TX PAI1,TRAIN,1166,1,bea0be19bd35bdca3e8d3e40bedabee3bec6bed03e6b3e37*0f7a
RX # PAI1,TRAIN,1166,1287
TX PAI1,TRAIN,1167,2,bec6bf18bdabbe523efbbd3c3efb3f003f033f11be1b3e2e*6daa
RX # PAI1,TRAIN,1167,1288
TX PAI1,TRAIN,1168,3,3de5be96bed9bebcbe7bbe9b3ed63eea3e513eb1be483d4e*75b1
RX # PAI1,TRAIN,1168,1288
TX PAI1,TRAIN,1169,3,bdc93ea4be26bce5bd053e9ebe85bde5bddebe1dbca1bdd7*bad2
RX # PAI1,TRAIN,1169,1289
TX PAI1,TRAIN,1170,3,3e1fbf31bf0fbef23e44bf1d3f1d3e923ca73e6e3d113ecb*bf08
RX # PAI1,TRAIN,1170,1289
TX PAI1,TRAIN,1171,3,3e773e2a3e6d3e9cbecdbde1be1cbd503e243d7d3d0ebd3f*d9e7
RX # PAI1,TRAIN,1171,1287
TX PAI1,TRAIN,1172,1,be94beb13df9bca13dd73d02be8bbec6beb9beb93e853e5e*6651
RX # PAI1,TRAIN,1172,1289
TX PAI1,TRAIN,1173,4,3ee03c613eb43ec6bf37becbbcd5be1d3e223dac3d92bc55*af65
RX # PAI1,TRAIN,1173,1292
TX PAI1,TRAIN,1174,4,3d6c3e8c3e913ea1bcfc3e093d0d3cf63db33d283d84bc79*fd85
RX # PAI1,TRAIN,1174,1287
TX PAI1,TRAIN,1175,3,3d613eff3f033ef8be4d3e943d7bbe053dc43d8d3d24bde9*abbe
RX # PAI1,TRAIN,1175,1288
TX PAI1,TRAIN,1176,3,3c833deb3e493d10bea13d81be85be25bd67be06bda2be5b*b478
RX # PAI1,TRAIN,1176,1287
TX PAI1,TRAIN,1177,2,3d3cbde9bed8bebb3d8ebdf63edc3f113e693ea8beb4be56*87f0
RX # PAI1,TRAIN,1177,1288
TX PAI1,TRAIN,1178,1,be5dbe0ebe3bbe943dea3dd7be9abed4bea5beb33e1f3e36*15b0
RX # PAI1,TRAIN,1178,1289
TX PAI1,TRAIN,1179,4,3ea1bbefbe42bdeabdbdbe983d4e3e2abd80bd823d103d91*77ee
RX # PAI1,TRAIN,1179,1288
TX PAI1,TRAIN,1180,1,be8c3dee3e0f3dca3ea73eaabe98bec6be84be993e9c3e8a*6ca1
RX # PAI1,TRAIN,1180,1287
TX PAI1,TRAIN,1181,4,3e093f0a3e723ea6be4b3e7abe4dbdefbd56bdd43de9bcbe*1b9e
RX # PAI1,TRAIN,1181,1287
TX PAI1,TRAIN,1182,3,3efabe6dbdbc3ca9bce4bf1cbe3e3ea5bdbdbdb23e843eb3*f7e8
RX # PAI1,TRAIN,1182,1288
TX PAI1,TRAIN,1183,3,3eb7bcd3be7dbcc43e2bbeb2bd133e9c3db73d5e3e5b3ec2*ae53
RX # PAI1,TRAIN,1183,1288
TX PAI1,TRAIN,1184,4,3cc93dd43d043d9c3be83d453dd23e1d3d833d16bc80bd1c*ed69
RX # PAI1,TRAIN,1184,1289
TX PAI1,TRAIN,1185,2,bf23be94bf29bf4c3f453ec93f1fbe383fba3f97bff7c002*6721
RX # PAI1,TRAIN,1185,1287
TX PAI1,TRAIN,1186,3,3ec53d1d3e9d3e95bf10bea8be0fbe863d99bc9f3df23d3b*8f23
RX # PAI1,TRAIN,1186,1292
TX PAI1,TRAIN,1187,2,3f6fbea5bf50be9b3ef2bf8b3ecd3f063e953eb1beb2be63*6088
RX # PAI1,TRAIN,1187,1287
TX PAI1,TRAIN,1188,4,3d7d3de9bcc03b31bdea3ca8bce43edc3d6a3d483d0e3da6*e912
RX # PAI1,TRAIN,1188,1287
TX PAI1,TRAIN,1189,1,bea2be603d8cbd6d3e383e12bea9bea7beb6bebb3e523e14*42eb
RX # PAI1,TRAIN,1189,1292
TX PAI1,TRAIN,1190,4,3cc93dd43d043d9c3be83d453dd23e1d3d833d16bc80bd1c*9fb4
RX # PAI1,TRAIN,1190,1292
TX PAI1,TRAIN,1191,2,3f053f1a3f833f5ebebcbd8b3e6e3f213eb63ea23d4dbe06*7039
RX # PAI1,TRAIN,1191,1289
TX PAI1,TRAIN,1192,1,be8c3dee3e0f3dca3ea73eaabe98bec6be84be993e9c3e8a*15dd
RX # PAI1,TRAIN,1192,1291
TX PAI1,TRAIN,1193,3,3e08be83be26be57befabe983e713d80be0ebc983ad53db0*9037
RX # PAI1,TRAIN,1193,1290
TX PAI1,TRAIN,1194,2,bec6bf18bdabbe523efbbd3c3efb3f003f033f11be1b3e2e*4099
RX # PAI1,TRAIN,1194,1292
TX PAI1,TRAIN,1195,2,3d3cbde9bed8bebb3d8ebdf63edc3f113e693ea8beb4be56*5e7f
RX # PAI1,TRAIN,1195,1293
TX PAI1,TRAIN,1196,1,bec0bc9abe48be863ebc3eabbe82bed3be91be993e203e49*7bf4
RX # PAI1,TRAIN,1196,1289
TX PAI1,TRAIN,1197,2,bed4be81bea5bf063f043e583eed3e7d3c903e62becebe8e*8b1f
RX # PAI1,TRAIN,1197,1292
TX PAI1,TRAIN,1198,2,bf23bcedbecebf153f373f123f4b3ebe3e273ef5befcbe7d*22d4
RX # PAI1,TRAIN,1198,1289
TX PAI1,TRAIN,1199,2,bf23be94bf29bf4c3f453ec93f1fbe383fba3f97bff7c002*ff9f
RX # PAI1,TRAIN,1199,1290
TX PAI1,TRAIN,1200,2,3f6fbea5bf50be9b3ef2bf8b3ecd3f063e953eb1beb2be63*9b85
RX # PAI1,TRAIN,1200,1289
TX PAI1,TRAIN,1201,1,be32bde93e07bd1e3b8a3da9bec3bee5befbbef73e8a3e31*311e
RX # PAI1,TRAIN,1201,1288
TX PAI1,TRAIN,1202,3,bdbebeb0bdf5be673c98be19bb1a3d82be50be193e4a3ea8*372c
RX # PAI1,TRAIN,1202,1287
TX PAI1,TRAIN,1203,1,be5dbe0ebe3bbe943dea3dd7be9abed4bea5beb33e1f3e36*590c
RX # PAI1,TRAIN,1203,1287
TX PAI1,TRAIN,1204,4,3e093f0a3e723ea6be4b3e7abe4dbdefbd56bdd43de9bcbe*1613
RX # PAI1,TRAIN,1204,1287
TX PAI1,TRAIN,1205,4,3e863ead3e7c3e98bee0bc35bdb6be2bbc8ebd9b3d67bdb1*83e9
RX # PAI1,TRAIN,1205,1290
TX PAI1,TRAIN,1206,2,be6f3e7b3db23e463e193ec43f4c3ecd3f353f4dbe6dbb3f*05a1
RX # PAI1,TRAIN,1206,1288
TX PAI1,TRAIN,1207,4,be6abdc3be39be703da33e16be3c3e0fbc97bd5dbd2b3c09*3d33
RX # PAI1,TRAIN,1207,1289
TX PAI1,TRAIN,1208,3,3e773e2a3e6d3e9cbecdbde1be1cbd503e243d7d3d0ebd3f*63db
RX # PAI1,TRAIN,1208,1289
TX PAI1,TRAIN,1209,3,3ec53d1d3e9d3e95bf10bea8be0fbe863d99bc9f3df23d3b*9e4d
RX # PAI1,TRAIN,1209,1286
TX PAI1,TRAIN,1210,4,3ee03c613eb43ec6bf37becbbcd5be1d3e223dac3d92bc55*8646
RX # PAI1,TRAIN,1210,1289
TX PAI1,TRAIN,1211,1,bea2be603d8cbd6d3e383e12bea9bea7beb6bebb3e523e14*ac98
RX # PAI1,TRAIN,1211,1289
TX PAI1,TRAIN,1212,1,bda8be243e3f3d0fbdd2bd09bec2bf03bec3becc3e903e54*cac9
RX # PAI1,TRAIN,1212,1290
TX PAI1,TRAIN,1213,2,bf17be46bec3beff3f153ed43ec53ea13dc33e7ebeb3be46*bd8f
RX # PAI1,TRAIN,1213,1288
TX PAI1,TRAIN,1214,1,beb83d8dbea2be923edc3ec2beafbeb4be98beaa3e413e74*2c1e
RX # PAI1,TRAIN,1214,1290
TX PAI1,TRAIN,1215,3,3ea43eb63ef73efabe6dbd61beb1be1abdcbbe253d88be50*7312
RX # PAI1,TRAIN,1215,1289
TX PAI1,TRAIN,1216,4,be2d3e83be05bdd33de63eaabd4e3e4d3d753d46bc5c3d55*e317
RX # PAI1,TRAIN,1216,1287
TX PAI1,TRAIN,1217,4,3ec93f883ecf3f29bf273ebbbe13bc753dfd3cb93d1ebe62*f6ce
RX # PAI1,TRAIN,1217,1293
TX PAI1,TRAIN,1218,3,3c833deb3e493d10bea13d81be85be25bd67be06bda2be5b*f159
RX # PAI1,TRAIN,1218,1289
TX PAI1,TRAIN,1219,2,3f3fbeaebec23e2fbd81bf6c3f253f2a3f203f23be80bded*b229
RX # PAI1,TRAIN,1219,1288
TX PAI1,TRAIN,1220,1,be94beb13df9bca13dd73d02be8bbec6beb9beb93e853e5e*b417
RX # PAI1,TRAIN,1220,1288
TX PAI1,TRAIN,1221,4,3d6c3e8c3e913ea1bcfc3e093d0d3cf63db33d283d84bc79*5f22
RX # PAI1,TRAIN,1221,1288
TX PAI1,TRAIN,1222,3,3e1fbf31bf0fbef23e44bf1d3f1d3e923ca73e6e3d113ecb*6d4e
RX # PAI1,TRAIN,1222,1288
TX PAI1,TRAIN,1223,1,be50be81bd7abe6f3d113c7bbe7cbee9be53be7d3e0b3e38*4351
RX # PAI1,TRAIN,1223,1290
TX PAI1,TRAIN,1224,1,be90bd833e6d3df63db73e5fbe8fbf13beb0beb43e813e16*8f87
RX # PAI1,TRAIN,1224,1290
TX PAI1,TRAIN,1225,3,3eb7bcd3be7dbcc43e2bbeb2bd133e9c3db73d5e3e5b3ec2*21c7
RX # PAI1,TRAIN,1225,1292
TX PAI1,TRAIN,1226,4,bc94be1dbe6dbe84be16bdb43dce3ce4bc983c74bd8f3c53*4008
RX # PAI1,TRAIN,1226,1289
TX PAI1,TRAIN,1227,4,3ea1bbefbe42bdeabdbdbe983d4e3e2abd80bd823d103d91*b2ea
RX # PAI1,TRAIN,1227,1289
TX PAI1,TRAIN,1228,3,bdc93ea4be26bce5bd053e9ebe85bde5bddebe1dbca1bdd7*6aa8
RX # PAI1,TRAIN,1228,1290
TX PAI1,TRAIN,1229,1,bea0be19bd35bdca3e8d3e40bedabee3bec6bed03e6b3e37*3ec2
RX # PAI1,TRAIN,1229,1290
TX PAI1,TRAIN,1230,3,3efabe6dbdbc3ca9bce4bf1cbe3e3ea5bdbdbdb23e843eb3*0aa1
RX # PAI1,TRAIN,1230,1290
TX PAI1,TRAIN,1231,4,3e4f3ed83e153e9bbbd93dcfbdcd3bcebb2cbd8b3dea3be1*8fa3
RX # PAI1,TRAIN,1231,1290
TX PAI1,TRAIN,1232,1,beccbefcbd7dbe7f3e763d05bdf6bec3bed9beb13df23dd5*e416
RX # PAI1,TRAIN,1232,1291
TX PAI1,TRAIN,1233,3,ba813f333e0e3e88be643ef4be14bbd53dab3bd23c83bdb8*3697
RX # PAI1,TRAIN,1233,1293
TX PAI1,TRAIN,1234,3,3d613eff3f033ef8be4d3e943d7bbe053dc43d8d3d24bde9*7bc4
RX # PAI1,TRAIN,1234,1293
TX PAI1,TRAIN,1235,3,3dd33e6e3ef53ec9be913d81be63be03bdafbe123d83be1e*f18c
RX # PAI1,TRAIN,1235,1291
TX PAI1,TRAIN,1236,4,3b363dfabe06bdc03c583da5bd353e12bce5bd763d153d86*fc6e
RX # PAI1,TRAIN,1236,1291
TX PAI1,TRAIN,1237,4,3d7d3de9bcc03b31bdea3ca8bce43edc3d6a3d483d0e3da6*7859
RX # PAI1,TRAIN,1237,1289
TX PAI1,TRAIN,1238,1,3cb1bded3ebd3eb43d98bdcbbed9beb2bee2bee83ed43e7a*1ff1
RX # PAI1,TRAIN,1238,1290
TX PAI1,TRAIN,1239,3,3e9f3b9b3ec53ee1bf1dbe923e333ead3e7b3e623cb5bd16*f639
RX # PAI1,TRAIN,1239,1290
TX PAI1,TRAIN,1240,1,bd35bed33e3b3c49bd52be76bec5be8ebedfbedc3e933e55*c17b
RX # PAI1,TRAIN,1240,1290
TX PAI1,TRAIN,1241,3,3de5be96bed9bebcbe7bbe9b3ed63eea3e513eb1be483d4e*5fc3
RX # PAI1,TRAIN,1241,1292
TX PAI1,TRAIN,1242,3,3e9f3b9b3ec53ee1bf1dbe923e333ead3e7b3e623cb5bd16*0e0d
RX # PAI1,TRAIN,1242,1290
TX PAI1,TRAIN,1243,4,3ee03c613eb43ec6bf37becbbcd5be1d3e223dac3d92bc55*9bc8
RX # PAI1,TRAIN,1243,1291
TX PAI1,TRAIN,1244,3,3e08be83be26be57befabe983e713d80be0ebc983ad53db0*fb74
RX # PAI1,TRAIN,1244,1291
TX PAI1,TRAIN,1245,4,be6abdc3be39be703da33e16be3c3e0fbc97bd5dbd2b3c09*d401
RX # PAI1,TRAIN,1245,1289
TX PAI1,TRAIN,1246,4,3ec93f883ecf3f29bf273ebbbe13bc753dfd3cb93d1ebe62*1dc0
RX # PAI1,TRAIN,1246,1288
TX PAI1,TRAIN,1247,3,3e773e2a3e6d3e9cbecdbde1be1cbd503e243d7d3d0ebd3f*e6eb
RX # PAI1,TRAIN,1247,1289
TX PAI1,TRAIN,1248,4,3d7d3de9bcc03b31bdea3ca8bce43edc3d6a3d483d0e3da6*7d4c
RX # PAI1,TRAIN,1248,1291
TX PAI1,TRAIN,1249,4,3cc93dd43d043d9c3be83d453dd23e1d3d833d16bc80bd1c*1535
RX # PAI1,TRAIN,1249,1291
TX PAI1,TRAIN,1250,2,3f053f1a3f833f5ebebcbd8b3e6e3f213eb63ea23d4dbe06*9f27
RX # PAI1,TRAIN,1250,1291
TX PAI1,TRAIN,1251,2,3f6fbea5bf50be9b3ef2bf8b3ecd3f063e953eb1beb2be63*708b
RX # PAI1,TRAIN,1251,1291
TX PAI1,TRAIN,1252,4,3e093f0a3e723ea6be4b3e7abe4dbdefbd56bdd43de9bcbe*8dfc
RX # PAI1,TRAIN,1252,1291
TX PAI1,TRAIN,1253,3,3ec53d1d3e9d3e95bf10bea8be0fbe863d99bc9f3df23d3b*12e0
RX # PAI1,TRAIN,1253,1291
TX PAI1,TRAIN,1254,1,be5dbe0ebe3bbe943dea3dd7be9abed4bea5beb33e1f3e36*b9a3
RX # PAI1,TRAIN,1254,1291
TX PAI1,TRAIN,1255,1,beb83d8dbea2be923edc3ec2beafbeb4be98beaa3e413e74*48ec
RX # PAI1,TRAIN,1255,1292
TX PAI1,TRAIN,1256,1,beccbefcbd7dbe7f3e763d05bdf6bec3bed9beb13df23dd5*095c
RX # PAI1,TRAIN,1256,1290
TX PAI1,TRAIN,1257,3,3ea43eb63ef73efabe6dbd61beb1be1abdcbbe253d88be50*9a20
RX # PAI1,TRAIN,1257,1290
TX PAI1,TRAIN,1258,3,bdbebeb0bdf5be673c98be19bb1a3d82be50be193e4a3ea8*bb81
RX # PAI1,TRAIN,1258,1290
TX PAI1,TRAIN,1259,2,bed4be81bea5bf063f043e583eed3e7d3c903e62becebe8e*fe83
RX # PAI1,TRAIN,1259,1292
TX PAI1,TRAIN,1260,2,3f3fbeaebec23e2fbd81bf6c3f253f2a3f203f23be80bded*bc9d
RX # PAI1,TRAIN,1260,1290
TX PAI1,TRAIN,1261,2,bec6bf18bdabbe523efbbd3c3efb3f003f033f11be1b3e2e*d283
RX # PAI1,TRAIN,1261,1291
TX PAI1,TRAIN,1262,3,3e1fbf31bf0fbef23e44bf1d3f1d3e923ca73e6e3d113ecb*72fc
RX # PAI1,TRAIN,1262,1289
TX PAI1,TRAIN,1263,3,3c833deb3e493d10bea13d81be85be25bd67be06bda2be5b*096d
RX # PAI1,TRAIN,1263,1292
TX PAI1,TRAIN,1264,3,ba813f333e0e3e88be643ef4be14bbd53dab3bd23c83bdb8*d638
RX # PAI1,TRAIN,1264,1286
TX PAI1,TRAIN,1265,1,3cb1bded3ebd3eb43d98bdcbbed9beb2bee2bee83ed43e7a*e3bd
RX # PAI1,TRAIN,1265,1293
TX PAI1,TRAIN,1266,1,bd35bed33e3b3c49bd52be76bec5be8ebedfbedc3e933e55*c503
RX # PAI1,TRAIN,1266,1291
TX PAI1,TRAIN,1267,4,3ea1bbefbe42bdeabdbdbe983d4e3e2abd80bd823d103d91*ad58
RX # PAI1,TRAIN,1267,1292
TX PAI1,TRAIN,1268,3,bdc93ea4be26bce5bd053e9ebe85bde5bddebe1dbca1bdd7*751a
RX # PAI1,TRAIN,1268,1290
TX PAI1,TRAIN,1269,2,bf23bcedbecebf153f373f123f4b3ebe3e273ef5befcbe7d*4def
RX # PAI1,TRAIN,1269,1291
TX PAI1,TRAIN,1270,1,be90bd833e6d3df63db73e5fbe8fbf13beb0beb43e813e16*e2e8
RX # PAI1,TRAIN,1270,1290
TX PAI1,TRAIN,1271,3,3de5be96bed9bebcbe7bbe9b3ed63eea3e513eb1be483d4e*dfe6
RX # PAI1,TRAIN,1271,1289
TX PAI1,TRAIN,1272,3,3eb7bcd3be7dbcc43e2bbeb2bd133e9c3db73d5e3e5b3ec2*c168
RX # PAI1,TRAIN,1272,1290
TX PAI1,TRAIN,1273,4,3b363dfabe06bdc03c583da5bd353e12bce5bd763d153d86*65bd
RX # PAI1,TRAIN,1273,1288
TX PAI1,TRAIN,1274,4,bc94be1dbe6dbe84be16bdb43dce3ce4bc983c74bd8f3c53*26c6
RX # PAI1,TRAIN,1274,1291
TX PAI1,TRAIN,1275,4,3e863ead3e7c3e98bee0bc35bdb6be2bbc8ebd9b3d67bdb1*1c7e
RX # PAI1,TRAIN,1275,1291
TX PAI1,TRAIN,1276,3,3d613eff3f033ef8be4d3e943d7bbe053dc43d8d3d24bde9*92f6
RX # PAI1,TRAIN,1276,1291
TX PAI1,TRAIN,1277,1,be50be81bd7abe6f3d113c7bbe7cbee9be53be7d3e0b3e38*2e3e
RX # PAI1,TRAIN,1277,1291
TX PAI1,TRAIN,1278,4,3e4f3ed83e153e9bbbd93dcfbdcd3bcebb2cbd8b3dea3be1*0132
RX # PAI1,TRAIN,1278,1292
TX PAI1,TRAIN,1279,1,bda8be243e3f3d0fbdd2bd09bec2bf03bec3becc3e903e54*bd01
RX # PAI1,TRAIN,1279,1292
TX PAI1,TRAIN,1280,3,3efabe6dbdbc3ca9bce4bf1cbe3e3ea5bdbdbdb23e843eb3*b5e0
RX # PAI1,TRAIN,1280,1291
TX PAI1,TRAIN,1281,4,be2d3e83be05bdd33de63eaabd4e3e4d3d753d46bc5c3d55*236e
RX # PAI1,TRAIN,1281,1291
TX PAI1,TRAIN,1282,1,be94beb13df9bca13dd73d02be8bbec6beb9beb93e853e5e*722a
RX # PAI1,TRAIN,1282,1290
TX PAI1,TRAIN,1283,3,3dd33e6e3ef53ec9be913d81be63be03bdafbe123d83be1e*456c
RX # PAI1,TRAIN,1283,1292
TX PAI1,TRAIN,1284,4,3d6c3e8c3e913ea1bcfc3e093d0d3cf63db33d283d84bc79*e9fe
RX # PAI1,TRAIN,1284,1290
TX PAI1,TRAIN,1285,1,be32bde93e07bd1e3b8a3da9bec3bee5befbbef73e8a3e31*f35b
RX # PAI1,TRAIN,1285,1293
TX PAI1,TRAIN,1286,2,bf23be94bf29bf4c3f453ec93f1fbe383fba3f97bff7c002*5e69
RX # PAI1,TRAIN,1286,1292
TX PAI1,TRAIN,1287,2,be6f3e7b3db23e463e193ec43f4c3ecd3f353f4dbe6dbb3f*4185
RX # PAI1,TRAIN,1287,1293
TX PAI1,TRAIN,1288,1,bea0be19bd35bdca3e8d3e40bedabee3bec6bed03e6b3e37*753f
RX # PAI1,TRAIN,1288,1292
TX PAI1,TRAIN,1289,1,bec0bc9abe48be863ebc3eabbe82bed3be91be993e203e49*da02
RX # PAI1,TRAIN,1289,1293
TX PAI1,TRAIN,1290,2,bf17be46bec3beff3f153ed43ec53ea13dc33e7ebeb3be46*0f2b
RX # PAI1,TRAIN,1290,1291
TX PAI1,TRAIN,1291,1,be8c3dee3e0f3dca3ea73eaabe98bec6be84be993e9c3e8a*2c95
RX # PAI1,TRAIN,1291,1292
TX PAI1,TRAIN,1292,2,3d3cbde9bed8bebb3d8ebdf63edc3f113e693ea8beb4be56*9a16
RX # PAI1,TRAIN,1292,1292
TX PAI1,TRAIN,1293,1,bea2be603d8cbd6d3e383e12bea9bea7beb6bebb3e523e14*657c
RX # PAI1,TRAIN,1293,1291
TX PAI1,PREDICT,1294,bde5be9d3e993e3abdbebdd7bec9beb3bedabee13e9f3e28*ea3c
RX # PAI1,PREDICT,1294,107,3f5c,be02,3e82,3c50
TX PAI1,PREDICT,1295,bec8bf00be58bed83e2a3ca8bee5bf01bedcbee83e023e09*b519
RX # PAI1,PREDICT,1295,108,3f76,be24,3e5c,bc40
TX PAI1,PREDICT,1296,bf3ebe4abf12bf323f443f0d3ed83ed23e823e9abed1be2a*1ae1
RX # PAI1,PREDICT,1296,106,3e28,3f43,bde1,3e35
TX PAI1,PREDICT,1297,bf3bbe1cbf39bf513f1f3f123f483e733d233eedbf03be3d*1ea6
RX # PAI1,PREDICT,1297,107,3e0f,3f4a,bc87,3dda
TX PAI1,PREDICT,1298,3e87bf0dbe9dbed7bc5bbf1fbe7b3d10bdf4be143e803f00*7809
RX # PAI1,PREDICT,1298,107,3ee7,bdbd,3f08,3e02
TX PAI1,PREDICT,1299,be2cbe733dcabe713e15bbe0be35bdb5be1ebe1e3e4e3eac*30c6
RX # PAI1,PREDICT,1299,107,3f14,3dc2,3e80,3dca
TX PAI1,PREDICT,1300,3d983fc53ec53f48be943f7bbdc73eb13d933d2bbda7bee9*549a
RX # PAI1,PREDICT,1300,107,beef,3e5e,3e58,3f85
TX PAI1,PREDICT,1301,3e803e7f3c963e18be8ebd7bbb69bce93d7f3cabbb8abd7a*8a30
RX # PAI1,PREDICT,1301,107,3db5,3ddc,3eda,3ec8
TX PAI1,INIT,1302,12,32,1,1*d331
RX # PAI1,INIT,1302,12,32,4
TX PAI1,TRAIN,1303,3,be5d3d1a3d8bbd103e343e6bbe35bd2dbd8ebded3e643ed1*f980
RX # PAI1,TRAIN,1303,1290
TX PAI1,TRAIN,1304,3,be9c3f103e803eae3e453f263dc4bcb3be1bbd573ea53cea*f0f2
RX # PAI1,TRAIN,1304,1291
TX PAI1,TRAIN,1305,3,3e12bd4cbd6c3d30bd54be2c3eb1bcd7bdc23d213de43e61*c61f
RX # PAI1,TRAIN,1305,1287
TX PAI1,TRAIN,1306,2,be1d3ed1be1ebd883e5c3ed03f123e3b3f6e3f4ebf4dbf1c*b097
RX # PAI1,TRAIN,1306,1292
TX PAI1,TRAIN,1307,3,3ca73e933dd33e1abd563e27be4c3e0f3d57bcea3dc2bdce*2ea1
RX # PAI1,TRAIN,1307,1292
TX PAI1,TRAIN,1308,3,3e11bd8c3e013dcebe2fbe363e293f063e893e993d393e9d*c568
RX # PAI1,TRAIN,1308,1293
TX PAI1,TRAIN,1309,3,3f203f183eb13ef0bf34be5dbda1bd89bd55bd6a3f253f01*89d7
RX # PAI1,TRAIN,1309,1290
TX PAI1,TRAIN,1310,3,3ef9beda3f0a3ecdbe89bf3cbeae3e88be14be503f2a3ef6*d446
RX # PAI1,TRAIN,1310,1289
TX PAI1,TRAIN,1311,1,bf08bf1fbf3abf443f133de3bf1fbf13beb5beecbed2bdf0*d076
RX # PAI1,TRAIN,1311,1291
TX PAI1,TRAIN,1312,3,3e96bbd73e713e62be94be903d4d3eb03d993e1b3e203e13*e8fb
RX # PAI1,TRAIN,1312,1288
TX PAI1,TRAIN,1313,3,bdb63e803d4f3d01be113e7a3e383e14be39bd023d0dbcb5*e511
RX # PAI1,TRAIN,1313,1290
TX PAI1,TRAIN,1314,1,bf1abe95bf09bf113f233ec6bf2dbf33bf01bf21bde8bd11*fd98
RX # PAI1,TRAIN,1314,1291
TX PAI1,TRAIN,1315,3,bdae3d46be7abe49bd5b3de53ed53e31bcd83e2abe2e3e49*9250
RX # PAI1,TRAIN,1315,1290
TX PAI1,TRAIN,1316,2,be953eb4be3abd773ea73f003f003e5b3f7f3f6ebf1abcca*25a7
RX # PAI1,TRAIN,1316,1291
TX PAI1,TRAIN,1317,2,bf193e14be8bbe803f243f2a3f02bcb03e883eadbeeebe0d*4f80
RX # PAI1,TRAIN,1317,1292
TX PAI1,TRAIN,1318,4,3e58bd9f3e343e35be90be80be25be93be3cbe853ceebf18*fa75
RX # PAI1,TRAIN,1318,1292
TX PAI1,TRAIN,1319,3,3c333c453cd0bcfe3c9cbb343d19bee9be5ebe3e3e3c3e64*192e
RX # PAI1,TRAIN,1319,1290
TX PAI1,TRAIN,1320,3,3e4f3e4d3ea23e97be9ebd843eb4bb72bddc3d153ead3e86*f246
RX # PAI1,TRAIN,1320,1292
TX PAI1,TRAIN,1321,4,3e9cbe283ebf3eb4be91beca3dc0bd9c3b323c3a3d52bf03*b9bc
RX # PAI1,TRAIN,1321,1291
TX PAI1,TRAIN,1322,3,bcac3e5c3dbe3da33df93e21bbd23ed93ed33e973deb3efd*f3fd
RX # PAI1,TRAIN,1322,1292
TX PAI1,TRAIN,1323,3,3e6abf6bbb3cbd81be02bf4ebecb3e483d8a3a22bdadbd94*2d49
RX # PAI1,TRAIN,1323,1292
TX PAI1,TRAIN,1324,3,3e623e7e3ec93eb0bea5bd513de53e203e913e8e3e6c3e7e*9d4e
RX # PAI1,TRAIN,1324,1291
TX PAI1,TRAIN,1325,1,bf2cbee3bf23bf313f203eb6be81bf87bf23bf33be89be7a*413d
RX # PAI1,TRAIN,1325,1291
TX PAI1,TRAIN,1326,3,bdb13d45bea8be773df03de73e9f3e4dbe0d3d5fbe283e13*c106
RX # PAI1,TRAIN,1326,1290
TX PAI1,TRAIN,1327,3,3e77be43bb82bc5fbdb3beb33d3d3da9bd81bc8dbd8cbe19*d117
RX # PAI1,TRAIN,1327,1291
TX PAI1,TRAIN,1328,3,3db5be403d6abd18be36be50bee53d9dbd9ebe313cfabdb7*8f80
RX # PAI1,TRAIN,1328,1291
TX PAI1,TRAIN,1329,1,bf12bed8bf28bf353f1d3e8bbf11bf26becdbf05be853ce2*4069
RX # PAI1,TRAIN,1329,1290
TX PAI1,TRAIN,1330,4,3e9c3f023eaf3ebcbee93d09bde0be87bd71bddc3df9bf09*8182
RX # PAI1,TRAIN,1330,1290
TX PAI1,TRAIN,1331,3,3eaa3d823e913ea6be61be8dbed03e52be26be703f133ec2*29e5
RX # PAI1,TRAIN,1331,1291
TX PAI1,TRAIN,1332,3,be47be813d33bd433d9e3cc3bed73db8be80be9c3ea93ed8*d0b5
RX # PAI1,TRAIN,1332,1292
TX PAI1,TRAIN,1333,4,3eac3e793ead3edfbeb1be283ae83edabda0bcc73e37beda*9954
RX # PAI1,TRAIN,1333,1291
TX PAI1,TRAIN,1334,4,3ea43ead3e513e7bbeabbdb63d98be01bdb8bd5cbd7dbf27*312c
RX # PAI1,TRAIN,1334,1293
TX PAI1,TRAIN,1335,3,3eb43e4b3eae3eb3bee6be55bdef3e9d3e563e373e9a3e87*b3fc
RX # PAI1,TRAIN,1335,1290
TX PAI1,TRAIN,1336,1,bf14befabf26bf333f123e76bf1cbf32bec8bf07be9abdaa*cd9e
RX # PAI1,TRAIN,1336,1292
TX PAI1,TRAIN,1337,3,be563e90befabea53e5a3ec23ed53e483da13e51beb63d79*7864
RX # PAI1,TRAIN,1337,1291
TX PAI1,TRAIN,1338,3,bcfa3d31be20bd9e3dd53d683e973e653e093e47bde23e18*d4f8
RX # PAI1,TRAIN,1338,1293
TX PAI1,TRAIN,1339,4,3e67be6abeaabe82bc27beb83e063e36be86be35be4abe54*65d7
RX # PAI1,TRAIN,1339,1288
TX PAI1,TRAIN,1340,2,bcf2bf2dba58bdc8bd97bece3e133d1d3e9d3e69bec7bec6*c934
RX # PAI1,TRAIN,1340,1291
TX PAI1,TRAIN,1341,2,bec93d93bebfbeaf3ed43ed73f043e0c3f563f36bf47be35*d42d
RX # PAI1,TRAIN,1341,1293
TX PAI1,TRAIN,1342,3,3ec1bdfb3eb63e81be8bbee0be843e4a3db2bcd43eaa3e7b*87af
RX # PAI1,TRAIN,1342,1292
TX PAI1,TRAIN,1343,3,be843d6f3dc43c913e1c3e913d673beb3c833b463e893f11*1c92
RX # PAI1,TRAIN,1343,1292
TX PAI1,TRAIN,1344,3,bcc93de03e273d643d033dbe3eae3e553d333e64bd883d26*e504
RX # PAI1,TRAIN,1344,1292
TX PAI1,TRAIN,1345,4,3ef43e9d3ef83f05beb0be833db0be8bbebabe813e94bf22*341c
RX # PAI1,TRAIN,1345,1291
TX PAI1,TRAIN,1346,3,be5d3d1a3d8bbd103e343e6bbe35bd2dbd8ebded3e643ed1*6053
RX # PAI1,TRAIN,1346,1292
TX PAI1,TRAIN,1347,2,bec93d93bebfbeaf3ed43ed73f043e0c3f563f36bf47be35*df8c
RX # PAI1,TRAIN,1347,1292
TX PAI1,TRAIN,1348,3,3ec1bdfb3eb63e81be8bbee0be843e4a3db2bcd43eaa3e7b*9b4c
RX # PAI1,TRAIN,1348,1293
TX PAI1,TRAIN,1349,3,bdb13d45bea8be773df03de73e9f3e4dbe0d3d5fbe283e13*4bef
RX # PAI1,TRAIN,1349,1292
TX PAI1,TRAIN,1350,3,3eb43e4b3eae3eb3bee6be55bdef3e9d3e563e373e9a3e87*25f6
RX # PAI1,TRAIN,1350,1293
TX PAI1,TRAIN,1351,1,bf14befabf26bf333f123e76bf1cbf32bec8bf07be9abdaa*ad14
RX # PAI1,TRAIN,1351,1293
TX PAI1,TRAIN,1352,4,3ea43ead3e513e7bbeabbdb63d98be01bdb8bd5cbd7dbf27*2ae6
RX # PAI1,TRAIN,1352,1292
TX PAI1,TRAIN,1353,3,bcac3e5c3dbe3da33df93e21bbd23ed93ed33e973deb3efd*172a
RX # PAI1,TRAIN,1353,1291
TX PAI1,TRAIN,1354,3,3e12bd4cbd6c3d30bd54be2c3eb1bcd7bdc23d213de43e61*2d11
RX # PAI1,TRAIN,1354,1292
TX PAI1,TRAIN,1355,3,3e6abf6bbb3cbd81be02bf4ebecb3e483d8a3a22bdadbd94*b97f
RX # PAI1,TRAIN,1355,1293
TX PAI1,TRAIN,1356,3,be9c3f103e803eae3e453f263dc4bcb3be1bbd573ea53cea*963c
RX # PAI1,TRAIN,1356,1290
TX PAI1,TRAIN,1357,1,bf12bed8bf28bf353f1d3e8bbf11bf26becdbf05be853ce2*3e3c
RX # PAI1,TRAIN,1357,1293
TX PAI1,TRAIN,1358,2,bcf2bf2dba58bdc8bd97bece3e133d1d3e9d3e69bec7bec6*acab
RX # PAI1,TRAIN,1358,1293
TX PAI1,TRAIN,1359,3,3e96bbd73e713e62be94be903d4d3eb03d993e1b3e203e13*90ea
RX # PAI1,TRAIN,1359,1292
TX PAI1,TRAIN,1360,3,3db5be403d6abd18be36be50bee53d9dbd9ebe313cfabdb7*7a51
RX # PAI1,TRAIN,1360,1291
TX PAI1,TRAIN,1361,3,bcc93de03e273d643d033dbe3eae3e553d333e64bd883d26*6cbc
RX # PAI1,TRAIN,1361,1292
TX PAI1,TRAIN,1362,3,3e11bd8c3e013dcebe2fbe363e293f063e893e993d393e9d*c9e0
RX # PAI1,TRAIN,1362,1293
TX PAI1,TRAIN,1363,2,bf193e14be8bbe803f243f2a3f02bcb03e883eadbeeebe0d*2d36
RX # PAI1,TRAIN,1363,1292
TX PAI1,TRAIN,1364,3,3e77be43bb82bc5fbdb3beb33d3d3da9bd81bc8dbd8cbe19*4365
RX # PAI1,TRAIN,1364,1293
TX PAI1,TRAIN,1365,1,bf2cbee3bf23bf313f203eb6be81bf87bf23bf33be89be7a*5e8f
RX # PAI1,TRAIN,1365,1292
TX PAI1,TRAIN,1366,4,3e9c3f023eaf3ebcbee93d09bde0be87bd71bddc3df9bf09*1a6d
RX # PAI1,TRAIN,1366,1292
TX PAI1,TRAIN,1367,3,3ca73e933dd33e1abd563e27be4c3e0f3d57bcea3dc2bdce*3eca
RX # PAI1,TRAIN,1367,1294
TX PAI1,TRAIN,1368,4,3e67be6abeaabe82bc27beb83e063e36be86be35be4abe54*8ed9
RX # PAI1,TRAIN,1368,1290
TX PAI1,TRAIN,1369,4,3e9cbe283ebf3eb4be91beca3dc0bd9c3b323c3a3d52bf03*4c6d
RX # PAI1,TRAIN,1369,1293
TX PAI1,TRAIN,1370,4,3e58bd9f3e343e35be90be80be25be93be3cbe853ceebf18*007d
RX # PAI1,TRAIN,1370,1292
TX PAI1,TRAIN,1371,1,bf1abe95bf09bf113f233ec6bf2dbf33bf01bf21bde8bd11*6b92
RX # PAI1,TRAIN,1371,1286
TX PAI1,TRAIN,1372,3,bdb63e803d4f3d01be113e7a3e383e14be39bd023d0dbcb5*8e3a
RX # PAI1,TRAIN,1372,1293
TX PAI1,TRAIN,1373,3,3e4f3e4d3ea23e97be9ebd843eb4bb72bddc3d153ead3e86*efc8
RX # PAI1,TRAIN,1373,1293
TX PAI1,TRAIN,1374,3,bdae3d46be7abe49bd5b3de53ed53e31bcd83e2abe2e3e49*f97b
RX # PAI1,TRAIN,1374,1292
TX PAI1,TRAIN,1375,4,3ef43e9d3ef83f05beb0be833db0be8bbebabe813e94bf22*b439
RX # PAI1,TRAIN,1375,1290
TX PAI1,TRAIN,1376,2,be1d3ed1be1ebd883e5c3ed03f123e3b3f6e3f4ebf4dbf1c*2f00
RX # PAI1,TRAIN,1376,1292
TX PAI1,TRAIN,1377,4,3eac3e793ead3edfbeb1be283ae83edabda0bcc73e37beda*7bc7
RX # PAI1,TRAIN,1377,1292
TX PAI1,TRAIN,1378,3,be563e90befabea53e5a3ec23ed53e483da13e51beb63d79*fd54
RX # PAI1,TRAIN,1378,1288
TX PAI1,TRAIN,1379,3,3e623e7e3ec93eb0bea5bd513de53e203e913e8e3e6c3e7e*6102
RX # PAI1,TRAIN,1379,1293
TX PAI1,TRAIN,1380,1,bf08bf1fbf3abf443f133de3bf1fbf13beb5beecbed2bdf0*1bae
RX # PAI1,TRAIN,1380,1293
TX PAI1,TRAIN,1381,3,be843d6f3dc43c913e1c3e913d673beb3c833b463e893f11*cac4
RX # PAI1,TRAIN,1381,1293
TX PAI1,TRAIN,1382,3,be47be813d33bd433d9e3cc3bed73db8be80be9c3ea93ed8*6ff4
RX # PAI1,TRAIN,1382,1292
TX PAI1,TRAIN,1383,3,3c333c453cd0bcfe3c9cbb343d19bee9be5ebe3e3e3c3e64*b555
RX # PAI1,TRAIN,1383,1292
TX PAI1,TRAIN,1384,2,be953eb4be3abd773ea73f003f003e5b3f7f3f6ebf1abcca*63bf
RX # PAI1,TRAIN,1384,1293
TX PAI1,TRAIN,1385,3,bcfa3d31be20bd9e3dd53d683e973e653e093e47bde23e18*07bb
RX # PAI1,TRAIN,1385,1292
TX PAI1,TRAIN,1386,3,3f203f183eb13ef0bf34be5dbda1bd89bd55bd6a3f253f01*2c31
RX # PAI1,TRAIN,1386,1293
TX PAI1,TRAIN,1387,3,3eaa3d823e913ea6be61be8dbed03e52be26be703f133ec2*9d05
RX # PAI1,TRAIN,1387,1292
TX PAI1,TRAIN,1388,3,3ef9beda3f0a3ecdbe89bf3cbeae3e88be14be503f2a3ef6*8ebd
RX # PAI1,TRAIN,1388,1292
TX PAI1,TRAIN,1389,4,3e67be6abeaabe82bc27beb83e063e36be86be35be4abe54*da96
RX # PAI1,TRAIN,1389,1291
TX PAI1,TRAIN,1390,2,bec93d93bebfbeaf3ed43ed73f043e0c3f563f36bf47be35*0047
RX # PAI1,TRAIN,1390,1292
TX PAI1,TRAIN,1391,3,bdb63e803d4f3d01be113e7a3e383e14be39bd023d0dbcb5*2cf5
RX # PAI1,TRAIN,1391,1291
TX PAI1,TRAIN,1392,3,3e77be43bb82bc5fbdb3beb33d3d3da9bd81bc8dbd8cbe19*e837
RX # PAI1,TRAIN,1392,1293
TX PAI1,TRAIN,1393,3,bdae3d46be7abe49bd5b3de53ed53e31bcd83e2abe2e3e49*a695
RX # PAI1,TRAIN,1393,1293
TX PAI1,TRAIN,1394,3,be843d6f3dc43c913e1c3e913d673beb3c833b463e893f11*c359
RX # PAI1,TRAIN,1394,1293
TX PAI1,TRAIN,1395,3,3ef9beda3f0a3ecdbe89bf3cbeae3e88be14be503f2a3ef6*6d43
RX # PAI1,TRAIN,1395,1291
TX PAI1,TRAIN,1396,3,3ec1bdfb3eb63e81be8bbee0be843e4a3db2bcd43eaa3e7b*d5a4
RX # PAI1,TRAIN,1396,1293
TX PAI1,TRAIN,1397,3,3f203f183eb13ef0bf34be5dbda1bd89bd55bd6a3f253f01*d88d
RX # PAI1,TRAIN,1397,1292
TX PAI1,TRAIN,1398,4,3eac3e793ead3edfbeb1be283ae83edabda0bcc73e37beda*ce4a
RX # PAI1,TRAIN,1398,1292
TX PAI1,TRAIN,1399,3,bcac3e5c3dbe3da33df93e21bbd23ed93ed33e973deb3efd*2b1f
RX # PAI1,TRAIN,1399,1292
TX PAI1,TRAIN,1400,3,3db5be403d6abd18be36be50bee53d9dbd9ebe313cfabdb7*8f6c
RX # PAI1,TRAIN,1400,1292
TX PAI1,TRAIN,1401,1,bf12bed8bf28bf353f1d3e8bbf11bf26becdbf05be853ce2*4085
RX # PAI1,TRAIN,1401,1292
TX PAI1,TRAIN,1402,3,3eb43e4b3eae3eb3bee6be55bdef3e9d3e563e373e9a3e87*a66e
RX # PAI1,TRAIN,1402,1292
TX PAI1,TRAIN,1403,1,bf1abe95bf09bf113f233ec6bf2dbf33bf01bf21bde8bd11*e7d3
RX # PAI1,TRAIN,1403,1293
TX PAI1,TRAIN,1404,3,3eaa3d823e913ea6be61be8dbed03e52be26be703f133ec2*caf7
RX # PAI1,TRAIN,1404,1292
TX PAI1,TRAIN,1405,4,3ef43e9d3ef83f05beb0be833db0be8bbebabe813e94bf22*cef8
RX # PAI1,TRAIN,1405,1292
TX PAI1,TRAIN,1406,3,3e11bd8c3e013dcebe2fbe363e293f063e893e993d393e9d*c1fc
RX # PAI1,TRAIN,1406,1292
TX PAI1,TRAIN,1407,2,bf193e14be8bbe803f243f2a3f02bcb03e883eadbeeebe0d*252a
RX # PAI1,TRAIN,1407,1286
TX PAI1,TRAIN,1408,2,be1d3ed1be1ebd883e5c3ed03f123e3b3f6e3f4ebf4dbf1c*b403
RX # PAI1,TRAIN,1408,1292
TX PAI1,TRAIN,1409,3,3e96bbd73e713e62be94be903d4d3eb03d993e1b3e203e13*e5f2
RX # PAI1,TRAIN,1409,1292
TX PAI1,TRAIN,1410,1,bf2cbee3bf23bf313f203eb6be81bf87bf23bf33be89be7a*a22f
RX # PAI1,TRAIN,1410,1292
TX PAI1,TRAIN,1411,3,bdb13d45bea8be773df03de73e9f3e4dbe0d3d5fbe283e13*d494
RX # PAI1,TRAIN,1411,1292
TX PAI1,TRAIN,1412,4,3e9c3f023eaf3ebcbee93d09bde0be87bd71bddc3df9bf09*9d8d
RX # PAI1,TRAIN,1412,1289
TX PAI1,TRAIN,1413,1,bf14befabf26bf333f123e76bf1cbf32bec8bf07be9abdaa*a170
RX # PAI1,TRAIN,1413,1287
TX PAI1,TRAIN,1414,3,bcc93de03e273d643d033dbe3eae3e553d333e64bd883d26*901c
RX # PAI1,TRAIN,1414,1293
TX PAI1,TRAIN,1415,3,bcfa3d31be20bd9e3dd53d683e973e653e093e47bde23e18*5275
RX # PAI1,TRAIN,1415,1289
TX PAI1,TRAIN,1416,2,be953eb4be3abd773ea73f003f003e5b3f7f3f6ebf1abcca*c0f1
RX # PAI1,TRAIN,1416,1291
TX PAI1,TRAIN,1417,3,3e6abf6bbb3cbd81be02bf4ebecb3e483d8a3a22bdadbd94*b51b
RX # PAI1,TRAIN,1417,1292
TX PAI1,TRAIN,1418,2,bcf2bf2dba58bdc8bd97bece3e133d1d3e9d3e69bec7bec6*564f
RX # PAI1,TRAIN,1418,1285
TX PAI1,TRAIN,1419,4,3e58bd9f3e343e35be90be80be25be93be3cbe853ceebf18*6463
RX # PAI1,TRAIN,1419,1292
TX PAI1,TRAIN,1420,3,3ca73e933dd33e1abd563e27be4c3e0f3d57bcea3dc2bdce*b4cf
RX # PAI1,TRAIN,1420,1292
TX PAI1,TRAIN,1421,3,3c333c453cd0bcfe3c9cbb343d19bee9be5ebe3e3e3c3e64*963e
RX # PAI1,TRAIN,1421,1293
TX PAI1,TRAIN,1422,4,3ea43ead3e513e7bbeabbdb63d98be01bdb8bd5cbd7dbf27*5027
RX # PAI1,TRAIN,1422,1290
TX PAI1,TRAIN,1423,3,be5d3d1a3d8bbd103e343e6bbe35bd2dbd8ebded3e643ed1*130f
RX # PAI1,TRAIN,1423,1292
TX PAI1,TRAIN,1424,3,3e623e7e3ec93eb0bea5bd513de53e203e913e8e3e6c3e7e*7818
RX # PAI1,TRAIN,1424,1287
TX PAI1,TRAIN,1425,1,bf08bf1fbf3abf443f133de3bf1fbf13beb5beecbed2bdf0*4824
RX # PAI1,TRAIN,1425,1292
TX PAI1,TRAIN,1426,3,3e4f3e4d3ea23e97be9ebd843eb4bb72bddc3d153ead3e86*1cb1
RX # PAI1,TRAIN,1426,1293
TX PAI1,TRAIN,1427,4,3e9cbe283ebf3eb4be91beca3dc0bd9c3b323c3a3d52bf03*574b
RX # PAI1,TRAIN,1427,1290
TX PAI1,TRAIN,1428,3,be563e90befabea53e5a3ec23ed53e483da13e51beb63d79*884c
RX # PAI1,TRAIN,1428,1291
TX PAI1,TRAIN,1429,3,3e12bd4cbd6c3d30bd54be2c3eb1bcd7bdc23d213de43e61*3bd2
RX # PAI1,TRAIN,1429,1288
TX PAI1,TRAIN,1430,3,be9c3f103e803eae3e453f263dc4bcb3be1bbd573ea53cea*68a0
RX # PAI1,TRAIN,1430,1292
TX PAI1,TRAIN,1431,3,be47be813d33bd433d9e3cc3bed73db8be80be9c3ea93ed8*b823
RX # PAI1,TRAIN,1431,1292
TX PAI1,TRAIN,1432,4,3eac3e793ead3edfbeb1be283ae83edabda0bcc73e37beda*0742
RX # PAI1,TRAIN,1432,1286
TX PAI1,TRAIN,1433,3,3e623e7e3ec93eb0bea5bd513de53e203e913e8e3e6c3e7e*8705
RX # PAI1,TRAIN,1433,1291
TX PAI1,TRAIN,1434,3,be47be813d33bd433d9e3cc3bed73db8be80be9c3ea93ed8*3e42
RX # PAI1,TRAIN,1434,1291
TX PAI1,TRAIN,1435,3,3ca73e933dd33e1abd563e27be4c3e0f3d57bcea3dc2bdce*bd52
RX # PAI1,TRAIN,1435,1292
TX PAI1,TRAIN,1436,3,3ef9beda3f0a3ecdbe89bf3cbeae3e88be14be503f2a3ef6*3568
RX # PAI1,TRAIN,1436,1287
TX PAI1,TRAIN,1437,1,bf08bf1fbf3abf443f133de3bf1fbf13beb5beecbed2bdf0*3158
RX # PAI1,TRAIN,1437,1292
TX PAI1,TRAIN,1438,2,bcf2bf2dba58bdc8bd97bece3e133d1d3e9d3e69bec7bec6*5996
RX # PAI1,TRAIN,1438,1292
TX PAI1,TRAIN,1439,1,bf14befabf26bf333f123e76bf1cbf32bec8bf07be9abdaa*b24a
RX # PAI1,TRAIN,1439,1285
TX PAI1,TRAIN,1440,4,3e67be6abeaabe82bc27beb83e063e36be86be35be4abe54*8e35
RX # PAI1,TRAIN,1440,1291
TX PAI1,TRAIN,1441,3,bcac3e5c3dbe3da33df93e21bbd23ed93ed33e973deb3efd*8b00
RX # PAI1,TRAIN,1441,1291
TX PAI1,TRAIN,1442,3,3e96bbd73e713e62be94be903d4d3eb03d993e1b3e203e13*9de3
RX # PAI1,TRAIN,1442,1293
TX PAI1,TRAIN,1443,3,3e11bd8c3e013dcebe2fbe363e293f063e893e993d393e9d*582f
RX # PAI1,TRAIN,1443,1291
TX PAI1,TRAIN,1444,4,3ef43e9d3ef83f05beb0be833db0be8bbebabe813e94bf22*aa0a
RX # PAI1,TRAIN,1444,1292
TX PAI1,TRAIN,1445,3,3ec1bdfb3eb63e81be8bbee0be843e4a3db2bcd43eaa3e7b*1218
RX # PAI1,TRAIN,1445,1293
TX PAI1,TRAIN,1446,3,3c333c453cd0bcfe3c9cbb343d19bee9be5ebe3e3e3c3e64*f6b4
RX # PAI1,TRAIN,1446,1288
TX PAI1,TRAIN,1447,3,3f203f183eb13ef0bf34be5dbda1bd89bd55bd6a3f253f01*92f1
RX # PAI1,TRAIN,1447,1290
TX PAI1,TRAIN,1448,4,3e58bd9f3e343e35be90be80be25be93be3cbe853ceebf18*8f6d
RX # PAI1,TRAIN,1448,1287
TX PAI1,TRAIN,1449,2,bf193e14be8bbe803f243f2a3f02bcb03e883eadbeeebe0d*db5a
RX # PAI1,TRAIN,1449,1292
TX PAI1,TRAIN,1450,3,bdb63e803d4f3d01be113e7a3e383e14be39bd023d0dbcb5*9235
RX # PAI1,TRAIN,1450,1292
TX PAI1,TRAIN,1451,3,3db5be403d6abd18be36be50bee53d9dbd9ebe313cfabdb7*6462
RX # PAI1,TRAIN,1451,1289
TX PAI1,TRAIN,1452,2,bec93d93bebfbeaf3ed43ed73f043e0c3f563f36bf47be35*3347
RX # PAI1,TRAIN,1452,1287
TX PAI1,TRAIN,1453,2,be953eb4be3abd773ea73f003f003e5b3f7f3f6ebf1abcca*5922
RX # PAI1,TRAIN,1453,1293
TX PAI1,TRAIN,1454,3,bdb13d45bea8be773df03de73e9f3e4dbe0d3d5fbe283e13*4d47
RX # PAI1,TRAIN,1454,1287
TX PAI1,TRAIN,1455,3,3e12bd4cbd6c3d30bd54be2c3eb1bcd7bdc23d213de43e61*b307
RX # PAI1,TRAIN,1455,1292
TX PAI1,TRAIN,1456,4,3ea43ead3e513e7bbeabbdb63d98be01bdb8bd5cbd7dbf27*3291
RX # PAI1,TRAIN,1456,1292
TX PAI1,TRAIN,1457,3,be563e90befabea53e5a3ec23ed53e483da13e51beb63d79*8d59
RX # PAI1,TRAIN,1457,1292
TX PAI1,TRAIN,1458,3,3eaa3d823e913ea6be61be8dbed03e52be26be703f133ec2*4dfb
RX # PAI1,TRAIN,1458,1292
TX PAI1,TRAIN,1459,1,bf12bed8bf28bf353f1d3e8bbf11bf26becdbf05be853ce2*3aa8
RX # PAI1,TRAIN,1459,1293
TX PAI1,TRAIN,1460,3,3e6abf6bbb3cbd81be02bf4ebecb3e483d8a3a22bdadbd94*5a6d
RX # PAI1,TRAIN,1460,1292
TX PAI1,TRAIN,1461,4,3e9cbe283ebf3eb4be91beca3dc0bd9c3b323c3a3d52bf03*4358
RX # PAI1,TRAIN,1461,1291
TX PAI1,TRAIN,1462,1,bf1abe95bf09bf113f233ec6bf2dbf33bf01bf21bde8bd11*8cf8
RX # PAI1,TRAIN,1462,1292
TX PAI1,TRAIN,1463,2,be1d3ed1be1ebd883e5c3ed03f123e3b3f6e3f4ebf4dbf1c*c3cb
RX # PAI1,TRAIN,1463,1292
TX PAI1,TRAIN,1464,3,be843d6f3dc43c913e1c3e913d673beb3c833b463e893f11*86fc
RX # PAI1,TRAIN,1464,1291
TX PAI1,TRAIN,1465,3,be5d3d1a3d8bbd103e343e6bbe35bd2dbd8ebded3e643ed1*071c
RX # PAI1,TRAIN,1465,1290
TX PAI1,TRAIN,1466,3,3e4f3e4d3ea23e97be9ebd843eb4bb72bddc3d153ead3e86*0303
RX # PAI1,TRAIN,1466,1292
TX PAI1,TRAIN,1467,3,bdae3d46be7abe49bd5b3de53ed53e31bcd83e2abe2e3e49*1e11
RX # PAI1,TRAIN,1467,1292
TX PAI1,TRAIN,1468,3,bcc93de03e273d643d033dbe3eae3e553d333e64bd883d26*18c9
RX # PAI1,TRAIN,1468,1291
TX PAI1,TRAIN,1469,3,be9c3f103e803eae3e453f263dc4bcb3be1bbd573ea53cea*69cd
RX # PAI1,TRAIN,1469,1294
TX PAI1,TRAIN,1470,3,3e77be43bb82bc5fbdb3beb33d3d3da9bd81bc8dbd8cbe19*d4ee
RX # PAI1,TRAIN,1470,1292
TX PAI1,TRAIN,1471,4,3e9c3f023eaf3ebcbee93d09bde0be87bd71bddc3df9bf09*0026
RX # PAI1,TRAIN,1471,1294
TX PAI1,TRAIN,1472,3,3eb43e4b3eae3eb3bee6be55bdef3e9d3e563e373e9a3e87*39f9
RX # PAI1,TRAIN,1472,1293
TX PAI1,TRAIN,1473,3,bcfa3d31be20bd9e3dd53d683e973e653e093e47bde23e18*49bf
RX # PAI1,TRAIN,1473,1294
TX PAI1,TRAIN,1474,1,bf2cbee3bf23bf313f203eb6be81bf87bf23bf33be89be7a*4f65
RX # PAI1,TRAIN,1474,1289
TX PAI1,PREDICT,1475,bdeebf113d60bd1c3d6abe81bf3cbf8fbf67bf883f433ec4*a2bb
RX # PAI1,PREDICT,1475,108,3f36,beee,3f35,3d59
TX PAI1,PREDICT,1476,bec4bf46beaebef63e89be04bf4ebfa5bf68bf8a3ebe3e95*b42f
RX # PAI1,PREDICT,1476,107,3f77,beb8,3ef0,bd88
TX PAI1,PREDICT,1477,bf37bee9bf1ebf2f3f423ec83e94be8ebe3dbddfbf44bf1b*64c7
RX # PAI1,PREDICT,1477,106,3ef8,3ed0,be40,3e93
TX PAI1,PREDICT,1478,bf34bed1bf3cbf453f243ed13f3dbeefbed23dd0bf7cbf29*28d5
RX # PAI1,PREDICT,1478,107,3ee7,3ed7,be24,3e94
TX PAI1,PREDICT,1479,3e77bf54bed4bef53dfabf42bf0dbf31bf14bf2f3f223fb1*1ad7
RX # PAI1,PREDICT,1479,107,3f07,bf03,3fe3,bf44
TX PAI1,PREDICT,1480,be2dbeffbdcdbeb03e81be1fbeeebf54bf1ebf323f073f65*3f6c
RX # PAI1,PREDICT,1480,107,3f1c,bec4,3f97,becb
TX PAI1,PREDICT,1481,3d7a3faf3df93ecebdd53f50bebbbeb2bec1bee2bd95bfbc*a454
RX # PAI1,PREDICT,1481,106,3e3d,3d7c,bf01,3f9e
TX PAI1,PREDICT,1482,3e6a3c4abe26bd80bdbfbe56be7dbf43bec6bef03dbdbe95*d6a9
RX # PAI1,PREDICT,1482,107,3ec9,bdbf,3e6c,3ef2
TX PAI1,MODE,0*0f05
RX # PAI1,MODE,0
