host_utc,seq,mcu_ms,raw,label
2026-09-20T11:21:11.504123+00:00,39383,1224197,3951685,1
2026-09-20T11:21:11.519006+00:00,39384,1224223,3951347,1
2026-09-20T11:21:11.551715+00:00,39385,1224248,3951760,1
2026-09-20T11:21:11.568701+00:00,39386,1224273,3951158,1
2026-09-20T11:21:11.599944+00:00,39387,1224298,3950291,1
2026-09-20T11:21:11.630720+00:00,39388,1224323,3950440,1
2026-09-20T11:21:11.646669+00:00,39389,1224349,3951261,1
2026-09-20T11:21:11.678904+00:00,39390,1224374,3953579,1
2026-09-20T11:21:11.694921+00:00,39391,1224399,3957737,1
2026-09-20T11:21:11.717549+00:00,39392,1224424,3965267,1
2026-09-20T11:21:11.742244+00:00,39393,1224449,3981176,1
2026-09-20T11:21:11.774869+00:00,39394,1224475,4005543,1
2026-09-20T11:21:11.799842+00:00,39395,1224500,4054745,1
2026-09-20T11:21:11.823682+00:00,39396,1224525,4144516,1
2026-09-20T11:21:11.854882+00:00,39397,1224550,4282217,1
2026-09-20T11:21:11.865622+00:00,39398,1224575,4426029,1
2026-09-20T11:21:11.899351+00:00,39399,1224601,4531634,1
2026-09-20T11:21:11.917990+00:00,39400,1224626,4578023,1
2026-09-20T11:21:11.952863+00:00,39401,1224651,4548071,1
2026-09-20T11:21:11.983540+00:00,39402,1224676,4476255,1
2026-09-20T11:21:11.999107+00:00,39403,1224701,4417700,1
2026-09-20T11:21:12.030892+00:00,39404,1224727,4349260,1
2026-09-20T11:21:12.047247+00:00,39405,1224752,4297989,1
2026-09-20T11:21:12.067093+00:00,39406,1224777,4250946,1
2026-09-20T11:21:12.082720+00:00,39407,1224802,4209389,1
2026-09-20T11:21:12.114491+00:00,39408,1224827,4187038,1
2026-09-20T11:21:12.158883+00:00,39409,1224852,4156733,1
2026-09-20T11:21:12.175050+00:00,39410,1224878,4123305,1
2026-09-20T11:21:12.206934+00:00,39411,1224903,4088457,1
2026-09-20T11:21:12.218058+00:00,39412,1224928,4056723,1
2026-09-20T11:21:12.254864+00:00,39413,1224953,4035778,1
2026-09-20T11:21:12.270869+00:00,39414,1224978,4017720,1
2026-09-20T11:21:12.302865+00:00,39415,1225004,3998111,1
2026-09-20T11:21:12.335644+00:00,39416,1225029,3977893,1
2026-09-20T11:21:12.351005+00:00,39417,1225054,3966063,1
2026-09-20T11:21:12.383855+00:00,39418,1225079,3957252,1
2026-09-20T11:21:12.399138+00:00,39419,1225104,3943840,1
2026-09-20T11:21:12.430868+00:00,39420,1225130,3931574,1
2026-09-20T11:21:12.446855+00:00,39421,1225155,3912029,1
2026-09-20T11:21:12.481172+00:00,39422,1225180,3888007,1
2026-09-20T11:21:12.513952+00:00,39423,1225205,3855809,1
2026-09-20T11:21:12.526946+00:00,39424,1225230,3779141,1
2026-09-20T11:21:12.558859+00:00,39425,1225256,3515959,1
2026-09-20T11:21:12.575975+00:00,39426,1225281,2836273,1
2026-09-20T11:21:12.606870+00:00,39427,1225306,2020239,1
2026-09-20T11:21:12.638864+00:00,39428,1225331,1782311,1
2026-09-20T11:21:12.654862+00:00,39429,1225356,2339995,1
2026-09-20T11:21:12.686861+00:00,39430,1225381,3010819,1
2026-09-20T11:21:12.702803+00:00,39431,1225407,3377911,1
2026-09-20T11:21:12.736361+00:00,39432,1225432,3573152,1
2026-09-20T11:21:12.751667+00:00,39433,1225457,3692566,1
2026-09-20T11:21:12.783371+00:00,39434,1225482,3773526,1
2026-09-20T11:21:12.815892+00:00,39435,1225507,3828724,1
2026-09-20T11:21:12.830890+00:00,39436,1225533,3865210,1
2026-09-20T11:21:12.862890+00:00,39437,1225558,3888964,1
2026-09-20T11:21:12.878890+00:00,39438,1225583,3903883,1
2026-09-20T11:21:12.910891+00:00,39439,1225608,3914653,1
2026-09-20T11:21:12.927965+00:00,39440,1225633,3921574,1
2026-09-20T11:21:12.958891+00:00,39441,1225659,3925811,1
2026-09-20T11:21:12.990840+00:00,39442,1225684,3929083,1
2026-09-20T11:21:13.006840+00:00,39443,1225709,3930787,1
2026-09-20T11:21:13.038860+00:00,39444,1225734,3932022,1
2026-09-20T11:21:13.054848+00:00,39445,1225759,3933043,1
2026-09-20T11:21:13.086869+00:00,39446,1225785,3933842,1
2026-09-20T11:21:13.102892+00:00,39447,1225810,3934782,1
2026-09-20T11:21:13.166846+00:00,39448,1225860,3936114,1
2026-09-20T11:21:13.183360+00:00,39449,1225885,3936545,1
2026-09-20T11:21:13.215916+00:00,39450,1225911,3936039,1
2026-09-20T11:21:13.230878+00:00,39451,1225936,3936480,1
2026-09-20T11:21:13.262840+00:00,39452,1225961,3937183,1
2026-09-20T11:21:13.279885+00:00,39453,1225986,3937213,1
2026-09-20T11:21:13.310847+00:00,39454,1226011,3936950,1
2026-09-20T11:21:13.343983+00:00,39455,1226036,3936964,1
2026-09-20T11:21:13.360776+00:00,39456,1226062,3937544,1
2026-09-20T11:21:13.390846+00:00,39457,1226087,3937730,1
2026-09-20T11:21:13.406833+00:00,39458,1226112,3937725,1
2026-09-20T11:21:13.438875+00:00,39459,1226137,3937209,1
2026-09-20T11:21:13.455028+00:00,39460,1226162,3937025,1
2026-09-20T11:21:13.487438+00:00,39461,1226188,3937595,1
2026-09-20T11:21:13.518892+00:00,39462,1226213,3937642,1
2026-09-20T11:21:13.535360+00:00,39463,1226238,3937806,1
2026-09-20T11:21:13.567713+00:00,39464,1226263,3938447,1
2026-09-20T11:21:13.585538+00:00,39465,1226288,3938281,1
2026-09-20T11:21:13.616952+00:00,39466,1226314,3938199,1
2026-09-20T11:21:13.630898+00:00,39467,1226339,3938136,1
2026-09-20T11:21:13.662856+00:00,39468,1226364,3938161,1
2026-09-20T11:21:13.694829+00:00,39469,1226389,3938561,1
2026-09-20T11:21:13.710852+00:00,39470,1226414,3938623,1
2026-09-20T11:21:13.742841+00:00,39471,1226440,3938214,1
2026-09-20T11:21:13.759220+00:00,39472,1226465,3938420,1
2026-09-20T11:21:13.791394+00:00,39473,1226490,3938276,1
2026-09-20T11:21:13.822554+00:00,39474,1226515,3937698,1
2026-09-20T11:21:13.839394+00:00,39475,1226540,3938017,1
2026-09-20T11:21:13.871393+00:00,39476,1226565,3938371,1
2026-09-20T11:21:13.887414+00:00,39477,1226591,3938268,1
2026-09-20T11:21:13.919392+00:00,39478,1226616,3938401,1
2026-09-20T11:21:13.935391+00:00,39479,1226641,3938938,1
2026-09-20T11:21:13.967175+00:00,39480,1226666,3938660,1
2026-09-20T11:21:13.998430+00:00,39481,1226691,3938678,1
2026-09-20T11:21:14.015430+00:00,39482,1226717,3938268,1
2026-09-20T11:21:14.046805+00:00,39483,1226742,3937616,1
2026-09-20T11:21:14.063241+00:00,39484,1226767,3937575,1
2026-09-20T11:21:14.094844+00:00,39485,1226792,3938402,1
2026-09-20T11:21:14.110819+00:00,39486,1226817,3938314,1
2026-09-20T11:21:14.142819+00:00,39487,1226843,3938017,1
2026-09-20T11:21:14.174831+00:00,39488,1226868,3938543,1
2026-09-20T11:21:14.190825+00:00,39489,1226893,3938693,1
2026-09-20T11:21:14.222824+00:00,39490,1226918,3938373,1
2026-09-20T11:21:14.238804+00:00,39491,1226943,3938115,1
2026-09-20T11:21:14.270818+00:00,39492,1226969,3937897,1
2026-09-20T11:21:14.286825+00:00,39493,1226994,3938257,1
2026-09-20T11:21:14.318819+00:00,39494,1227019,3938271,1
2026-09-20T11:21:14.351176+00:00,39495,1227044,3938243,1
2026-09-20T11:21:14.367136+00:00,39496,1227069,3938515,1
2026-09-20T11:21:14.398826+00:00,39497,1227095,3938162,1
2026-09-20T11:21:14.418924+00:00,39498,1227120,3938139,1
2026-09-20T11:21:14.452927+00:00,39499,1227145,3938022,1
2026-09-20T11:21:14.462828+00:00,39500,1227170,3938185,1
2026-09-20T11:21:14.496740+00:00,39501,1227195,3938351,1
2026-09-20T11:21:14.526803+00:00,39502,1227220,3938248,1
2026-09-20T11:21:14.542810+00:00,39503,1227246,3938290,1
2026-09-20T11:21:14.575521+00:00,39504,1227271,3938001,1
2026-09-20T11:21:14.591041+00:00,39505,1227296,3938029,1
2026-09-20T11:21:14.622818+00:00,39506,1227321,3937831,1
2026-09-20T11:21:14.638809+00:00,39507,1227346,3938068,1
2026-09-20T11:21:14.671144+00:00,39508,1227372,3938262,1
2026-09-20T11:21:14.702822+00:00,39509,1227397,3938569,1
2026-09-20T11:21:14.719133+00:00,39510,1227422,3938647,1
2026-09-20T11:21:14.751851+00:00,39511,1227447,3938238,1
2026-09-20T11:21:14.766805+00:00,39512,1227472,3938594,1
2026-09-20T11:21:14.798821+00:00,39513,1227498,3938476,1
2026-09-20T11:21:14.815852+00:00,39514,1227523,3937801,1
2026-09-20T11:21:14.846851+00:00,39515,1227548,3937682,1
2026-09-20T11:21:14.879885+00:00,39516,1227573,3937950,1
2026-09-20T11:21:14.894851+00:00,39517,1227598,3938216,1
2026-09-20T11:21:14.926850+00:00,39518,1227623,3938186,1
2026-09-20T11:21:14.942851+00:00,39519,1227649,3938139,1
2026-09-20T11:21:14.974851+00:00,39520,1227674,3938327,1
2026-09-20T11:21:14.990793+00:00,39521,1227699,3938589,1
2026-09-20T11:21:15.022686+00:00,39522,1227724,3938066,1
2026-09-20T11:21:15.054801+00:00,39523,1227749,3938165,1
2026-09-20T11:21:15.070792+00:00,39524,1227775,3938719,1
2026-09-20T11:21:15.102812+00:00,39525,1227800,3938281,1
2026-09-20T11:21:15.118826+00:00,39526,1227825,3938414,1
2026-09-20T11:21:15.151843+00:00,39527,1227850,3938586,1
2026-09-20T11:21:15.183428+00:00,39528,1227875,3938278,1
2026-09-20T11:21:15.201835+00:00,39529,1227901,3938339,1
2026-09-20T11:21:15.230952+00:00,39530,1227926,3938582,1
2026-09-20T11:21:15.246867+00:00,39531,1227951,3938610,1
2026-09-20T11:21:15.276024+00:00,39532,1227976,3938657,1
2026-09-20T11:21:15.285199+00:00,39533,1228001,3938992,1
2026-09-20T11:21:15.326808+00:00,39534,1228027,3938561,1
2026-09-20T11:21:15.358776+00:00,39535,1228052,3938286,1
2026-09-20T11:21:15.374797+00:00,39536,1228077,3938938,1
2026-09-20T11:21:15.406795+00:00,39537,1228102,3939058,1
2026-09-20T11:21:15.422791+00:00,39538,1228127,3938523,1
2026-09-20T11:21:15.454798+00:00,39539,1228152,3938267,1
2026-09-20T11:21:15.470791+00:00,39540,1228178,3939315,1
2026-09-20T11:21:15.502955+00:00,39541,1228203,3939954,1
2026-09-20T11:21:15.537693+00:00,39542,1228228,3938998,1
2026-09-20T11:21:15.551980+00:00,39543,1228253,3938711,1
2026-09-20T11:21:15.597432+00:00,39544,1228278,3939123,1
2026-09-20T11:21:15.599428+00:00,39545,1228304,3939231,1
2026-09-20T11:21:15.630802+00:00,39546,1228329,3939369,1
2026-09-20T11:21:15.649033+00:00,39547,1228354,3939522,1
2026-09-20T11:21:15.680864+00:00,39548,1228379,3939263,1
2026-09-20T11:21:15.711990+00:00,39549,1228404,3939178,1
2026-09-20T11:21:15.728048+00:00,39550,1228430,3939233,1
2026-09-20T11:21:15.758789+00:00,39551,1228455,3939509,1
2026-09-20T11:21:15.774770+00:00,39552,1228480,3939556,1
2026-09-20T11:21:15.806799+00:00,39553,1228505,3939782,1
2026-09-20T11:21:15.823709+00:00,39554,1228530,3939540,1
2026-09-20T11:21:15.854788+00:00,39555,1228556,3939765,1
2026-09-20T11:21:15.886855+00:00,39556,1228581,3940015,1
2026-09-20T11:21:15.903718+00:00,39557,1228606,3939625,1
2026-09-20T11:21:15.935712+00:00,39558,1228631,3939740,1
2026-09-20T11:21:15.951711+00:00,39559,1228656,3940292,1
2026-09-20T11:21:15.983712+00:00,39560,1228681,3939929,1
2026-09-20T11:21:15.999906+00:00,39561,1228707,3939906,1
2026-09-20T11:21:16.031306+00:00,39562,1228732,3940812,1
2026-09-20T11:21:16.062805+00:00,39563,1228757,3941280,1
2026-09-20T11:21:16.078793+00:00,39564,1228782,3940855,1
2026-09-20T11:21:16.110861+00:00,39565,1228807,3941443,1
2026-09-20T11:21:16.126792+00:00,39566,1228833,3942161,1
2026-09-20T11:21:16.159839+00:00,39567,1228858,3942051,1
2026-09-20T11:21:16.175807+00:00,39568,1228883,3941895,1
2026-09-20T11:21:16.206770+00:00,39569,1228908,3942675,1
2026-09-20T11:21:16.238763+00:00,39570,1228933,3942624,1
2026-09-20T11:21:16.254771+00:00,39571,1228959,3943221,1
2026-09-20T11:21:16.286768+00:00,39572,1228984,3943343,1
2026-09-20T11:21:16.303999+00:00,39573,1229009,3943045,1
2026-09-20T11:21:16.335375+00:00,39574,1229034,3943114,1
2026-09-20T11:21:16.367401+00:00,39575,1229059,3943286,1
2026-09-20T11:21:16.383369+00:00,39576,1229085,3943398,1
2026-09-20T11:21:16.414774+00:00,39577,1229110,3943054,1
2026-09-20T11:21:16.430756+00:00,39578,1229135,3942723,1
2026-09-20T11:21:16.462775+00:00,39579,1229160,3942905,1
2026-09-20T11:21:16.478783+00:00,39580,1229185,3943045,1
2026-09-20T11:21:16.510775+00:00,39581,1229211,3943317,1
2026-09-20T11:21:16.542781+00:00,39582,1229236,3943056,1
2026-09-20T11:21:16.559934+00:00,39583,1229261,3942826,1
2026-09-20T11:21:16.592531+00:00,39584,1229286,3942298,1
2026-09-20T11:21:16.607835+00:00,39585,1229311,3943586,1
2026-09-20T11:21:16.640726+00:00,39586,1229337,3944692,1
2026-09-20T11:21:16.655049+00:00,39587,1229362,3944808,1
2026-09-20T11:21:16.687482+00:00,39588,1229387,3946356,1
2026-09-20T11:21:16.720424+00:00,39589,1229412,3950449,1
2026-09-20T11:21:16.734717+00:00,39590,1229437,3957844,1
2026-09-20T11:21:16.767287+00:00,39591,1229462,3970403,1
2026-09-20T11:21:16.785429+00:00,39592,1229488,4002828,1
2026-09-20T11:21:16.816736+00:00,39593,1229513,4072162,1
2026-09-20T11:21:16.830752+00:00,39594,1229538,4187347,1
2026-09-20T11:21:16.863723+00:00,39595,1229563,4338721,1
2026-09-20T11:21:16.894781+00:00,39596,1229588,4487727,1
2026-09-20T11:21:16.910722+00:00,39597,1229614,4585020,1
2026-09-20T11:21:16.942723+00:00,39598,1229639,4627513,1
2026-09-20T11:21:16.958780+00:00,39599,1229664,4627498,1
2026-09-20T11:21:16.991626+00:00,39600,1229689,4610903,1
2026-09-20T11:21:17.006762+00:00,39601,1229714,4580152,1
2026-09-20T11:21:17.038758+00:00,39602,1229740,4508566,1
2026-09-20T11:21:17.070740+00:00,39603,1229765,4440229,1
2026-09-20T11:21:17.086763+00:00,39604,1229790,4385915,1
2026-09-20T11:21:17.118769+00:00,39605,1229815,4325744,1
2026-09-20T11:21:17.134745+00:00,39606,1229840,4246167,1
2026-09-20T11:21:17.166723+00:00,39607,1229866,4164177,1
2026-09-20T11:21:17.183471+00:00,39608,1229891,4106724,1
2026-09-20T11:21:17.215856+00:00,39609,1229916,4056308,1
2026-09-20T11:21:17.246750+00:00,39610,1229941,4004920,1
2026-09-20T11:21:17.262754+00:00,39611,1229966,3957143,1
2026-09-20T11:21:17.294839+00:00,39612,1229991,3898183,1
2026-09-20T11:21:17.310757+00:00,39613,1230017,3812425,1
2026-09-20T11:21:17.342733+00:00,39614,1230042,3643529,1
2026-09-20T11:21:17.360844+00:00,39615,1230067,3208549,1
2026-09-20T11:21:17.390732+00:00,39616,1230092,2405156,1
2026-09-20T11:21:17.422734+00:00,39617,1230117,1694309,1
2026-09-20T11:21:17.438735+00:00,39618,1230143,1816580,1
2026-09-20T11:21:17.471408+00:00,39619,1230168,2618473,1
2026-09-20T11:21:17.486756+00:00,39620,1230193,3205060,1
2026-09-20T11:21:17.520702+00:00,39621,1230218,3481697,1
2026-09-20T11:21:17.535103+00:00,39622,1230243,3636898,1
2026-09-20T11:21:17.566739+00:00,39623,1230269,3737041,1
2026-09-20T11:21:17.599845+00:00,39624,1230294,3805609,1
2026-09-20T11:21:17.614824+00:00,39625,1230319,3851628,1
2026-09-20T11:21:17.646750+00:00,39626,1230344,3882341,1
2026-09-20T11:21:17.662803+00:00,39627,1230369,3901633,1
2026-09-20T11:21:17.694735+00:00,39628,1230395,3913889,1
2026-09-20T11:21:17.726743+00:00,39629,1230420,3921898,1
2026-09-20T11:21:17.742760+00:00,39630,1230445,3926471,1
2026-09-20T11:21:17.775826+00:00,39631,1230470,3930026,1
2026-09-20T11:21:17.791754+00:00,39632,1230495,3932680,1
2026-09-20T11:21:17.822751+00:00,39633,1230521,3935049,1
2026-09-20T11:21:17.838750+00:00,39634,1230546,3936020,1
2026-09-20T11:21:17.870750+00:00,39635,1230571,3935705,1
2026-09-20T11:21:17.902750+00:00,39636,1230596,3936161,1
2026-09-20T11:21:17.951752+00:00,39637,1230650,3937678,1
2026-09-20T11:21:17.966751+00:00,39638,1230672,3938023,1
2026-09-20T11:21:17.998753+00:00,39639,1230697,3938079,1
2026-09-20T11:21:18.014751+00:00,39640,1230722,3938225,1
2026-09-20T11:21:18.046731+00:00,39641,1230747,3938122,1
2026-09-20T11:21:18.078719+00:00,39642,1230772,3938606,1
2026-09-20T11:21:18.094717+00:00,39643,1230798,3938527,1
2026-09-20T11:21:18.126736+00:00,39644,1230823,3938642,1
2026-09-20T11:21:18.143111+00:00,39645,1230848,3938757,1
2026-09-20T11:21:18.175757+00:00,39646,1230873,3939010,1
2026-09-20T11:21:18.190721+00:00,39647,1230898,3939440,1
2026-09-20T11:21:18.223572+00:00,39648,1230924,3939084,1
2026-09-20T11:21:18.254719+00:00,39649,1230949,3938994,1
2026-09-20T11:21:18.270709+00:00,39650,1230974,3939737,1
2026-09-20T11:21:18.302728+00:00,39651,1230999,3940191,1
2026-09-20T11:21:18.318720+00:00,39652,1231024,3940092,1
2026-09-20T11:21:18.351632+00:00,39653,1231049,3939888,1
2026-09-20T11:21:18.366724+00:00,39654,1231075,3939666,1
2026-09-20T11:21:18.399880+00:00,39655,1231100,3939363,1
2026-09-20T11:21:18.431822+00:00,39656,1231125,3939484,1
2026-09-20T11:21:18.448874+00:00,39657,1231150,3939537,1
2026-09-20T11:21:18.478707+00:00,39658,1231175,3939861,1
2026-09-20T11:21:18.494701+00:00,39659,1231201,3939427,1
2026-09-20T11:21:18.527755+00:00,39660,1231226,3939754,1
2026-09-20T11:21:18.543396+00:00,39661,1231251,3939850,1
2026-09-20T11:21:18.576264+00:00,39662,1231276,3939755,1
2026-09-20T11:21:18.606719+00:00,39663,1231301,3939790,1
2026-09-20T11:21:18.622894+00:00,39664,1231327,3940368,1
2026-09-20T11:21:18.654745+00:00,39665,1231352,3940341,1
2026-09-20T11:21:18.671601+00:00,39666,1231377,3939830,1
2026-09-20T11:21:18.702715+00:00,39667,1231402,3939593,1
2026-09-20T11:21:18.718734+00:00,39668,1231427,3940147,1
2026-09-20T11:21:18.750708+00:00,39669,1231453,3940185,1
2026-09-20T11:21:18.783394+00:00,39670,1231478,3939858,1
2026-09-20T11:21:18.800688+00:00,39671,1231503,3939659,1
2026-09-20T11:21:18.830684+00:00,39672,1231528,3939935,1
2026-09-20T11:21:18.846681+00:00,39673,1231553,3940011,1
2026-09-20T11:21:18.878710+00:00,39674,1231579,3939872,1
2026-09-20T11:21:18.910680+00:00,39675,1231604,3940264,1
2026-09-20T11:21:18.926694+00:00,39676,1231629,3940598,1
2026-09-20T11:21:18.959686+00:00,39677,1231654,3940691,1
2026-09-20T11:21:18.974707+00:00,39678,1231679,3940276,1
2026-09-20T11:21:19.006664+00:00,39679,1231704,3939867,1
2026-09-20T11:21:19.022701+00:00,39680,1231730,3940439,1
2026-09-20T11:21:19.054707+00:00,39681,1231755,3940063,1
2026-09-20T11:21:19.086692+00:00,39682,1231780,3940115,1
2026-09-20T11:21:19.102705+00:00,39683,1231805,3940002,1
2026-09-20T11:21:19.134578+00:00,39684,1231830,3940110,1
2026-09-20T11:21:19.151588+00:00,39685,1231856,3940240,1
2026-09-20T11:21:19.182739+00:00,39686,1231881,3939895,1
2026-09-20T11:21:19.199499+00:00,39687,1231906,3939970,1
2026-09-20T11:21:19.230701+00:00,39688,1231931,3940253,1
2026-09-20T11:21:19.257718+00:00,39689,1231956,3939928,1
2026-09-20T11:21:19.274687+00:00,39690,1231982,3939719,1
2026-09-20T11:21:19.306355+00:00,39691,1232007,3939418,1
2026-09-20T11:21:19.326684+00:00,39692,1232032,3939864,1
2026-09-20T11:21:19.358702+00:00,39693,1232057,3940280,1
2026-09-20T11:21:19.374680+00:00,39694,1232082,3939619,1
2026-09-20T11:21:19.406743+00:00,39695,1232108,3939292,1
2026-09-20T11:21:19.438439+00:00,39696,1232133,3939871,1
2026-09-20T11:21:19.454685+00:00,39697,1232158,3940094,1
2026-09-20T11:21:19.486679+00:00,39698,1232183,3940707,1
2026-09-20T11:21:19.502694+00:00,39699,1232208,3940307,1
2026-09-20T11:21:19.534673+00:00,39700,1232233,3940061,1
2026-09-20T11:21:19.552052+00:00,39701,1232259,3939981,1
2026-09-20T11:21:19.583384+00:00,39702,1232284,3940381,1
2026-09-20T11:21:19.614703+00:00,39703,1232309,3940012,1
2026-09-20T11:21:19.632786+00:00,39704,1232334,3940088,1
2026-09-20T11:21:19.662698+00:00,39705,1232359,3939720,1
2026-09-20T11:21:19.678678+00:00,39706,1232385,3939759,1
2026-09-20T11:21:19.713239+00:00,39707,1232410,3939660,1
2026-09-20T11:21:19.728622+00:00,39708,1232435,3939684,1
2026-09-20T11:21:19.758700+00:00,39709,1232460,3940343,1
2026-09-20T11:21:19.790672+00:00,39710,1232485,3939930,1
2026-09-20T11:21:19.807056+00:00,39711,1232511,3939456,1
2026-09-20T11:21:19.839113+00:00,39712,1232536,3939534,1
2026-09-20T11:21:19.855107+00:00,39713,1232561,3940015,1
2026-09-20T11:21:19.887058+00:00,39714,1232586,3940682,1
2026-09-20T11:21:19.903064+00:00,39715,1232611,3940445,1
2026-09-20T11:21:19.935056+00:00,39716,1232636,3940236,1
2026-09-20T11:21:19.967058+00:00,39717,1232662,3940143,1
2026-09-20T11:21:19.983450+00:00,39718,1232687,3939734,1
2026-09-20T11:21:20.014688+00:00,39719,1232712,3940166,1
2026-09-20T11:21:20.030675+00:00,39720,1232737,3940479,1
2026-09-20T11:21:20.062674+00:00,39721,1232762,3939554,1
2026-09-20T11:21:20.078677+00:00,39722,1232788,3939594,1
2026-09-20T11:21:20.110675+00:00,39723,1232813,3940049,1
2026-09-20T11:21:20.142765+00:00,39724,1232838,3940416,1
2026-09-20T11:21:20.158675+00:00,39725,1232863,3940162,1
2026-09-20T11:21:20.190714+00:00,39726,1232888,3939915,1
2026-09-20T11:21:20.206701+00:00,39727,1232914,3939926,1
2026-09-20T11:21:20.238686+00:00,39728,1232939,3939904,1
2026-09-20T11:21:20.270672+00:00,39729,1232964,3940042,1
2026-09-20T11:21:20.286688+00:00,39730,1232989,3940065,1
2026-09-20T11:21:20.318708+00:00,39731,1233014,3940087,1
2026-09-20T11:21:20.334813+00:00,39732,1233040,3939925,1
2026-09-20T11:21:20.367515+00:00,39733,1233065,3939744,1
2026-09-20T11:21:20.383467+00:00,39734,1233090,3939729,1
2026-09-20T11:21:20.414684+00:00,39735,1233115,3939655,1
2026-09-20T11:21:20.446718+00:00,39736,1233140,3940010,1
2026-09-20T11:21:20.462671+00:00,39737,1233165,3939623,1
2026-09-20T11:21:20.494670+00:00,39738,1233191,3939691,1
2026-09-20T11:21:20.512777+00:00,39739,1233216,3939886,1
2026-09-20T11:21:20.543771+00:00,39740,1233241,3940428,1
2026-09-20T11:21:20.558797+00:00,39741,1233266,3939881,1
2026-09-20T11:21:20.590676+00:00,39742,1233291,3939563,1
2026-09-20T11:21:20.622687+00:00,39743,1233317,3940253,1
2026-09-20T11:21:20.638383+00:00,39744,1233342,3939562,1
2026-09-20T11:21:20.670656+00:00,39745,1233367,3939318,1
2026-09-20T11:21:20.687806+00:00,39746,1233392,3940136,1
2026-09-20T11:21:20.718655+00:00,39747,1233417,3940361,1
2026-09-20T11:21:20.734657+00:00,39748,1233443,3940158,1
2026-09-20T11:21:20.766679+00:00,39749,1233468,3939936,1
2026-09-20T11:21:20.799694+00:00,39750,1233493,3939971,1
2026-09-20T11:21:20.815692+00:00,39751,1233518,3939836,1
2026-09-20T11:21:20.846692+00:00,39752,1233543,3939787,1
2026-09-20T11:21:20.862692+00:00,39753,1233569,3939646,1
2026-09-20T11:21:20.894693+00:00,39754,1233594,3939361,1
2026-09-20T11:21:20.910691+00:00,39755,1233619,3939355,1
2026-09-20T11:21:20.942690+00:00,39756,1233644,3940013,1
2026-09-20T11:21:20.974697+00:00,39757,1233669,3940726,1
2026-09-20T11:21:20.990639+00:00,39758,1233695,3940000,1
2026-09-20T11:21:21.023908+00:00,39759,1233720,3940010,1
2026-09-20T11:21:21.038641+00:00,39760,1233745,3940698,1
2026-09-20T11:21:21.070654+00:00,39761,1233770,3940576,1
2026-09-20T11:21:21.086665+00:00,39762,1233795,3940338,1
2026-09-20T11:21:21.118960+00:00,39763,1233820,3940344,1
2026-09-20T11:21:21.151052+00:00,39764,1233846,3940450,1
2026-09-20T11:21:21.167151+00:00,39765,1233871,3940537,1
2026-09-20T11:21:21.198640+00:00,39766,1233896,3940855,1
2026-09-20T11:21:21.214641+00:00,39767,1233921,3940585,1
2026-09-20T11:21:21.247368+00:00,39768,1233946,3940145,1
2026-09-20T11:21:21.263683+00:00,39769,1233972,3940124,1
2026-09-20T11:21:21.295429+00:00,39770,1233997,3940533,1
2026-09-20T11:21:21.326782+00:00,39771,1234022,3941088,1
2026-09-20T11:21:21.342634+00:00,39772,1234047,3941001,1
2026-09-20T11:21:21.374637+00:00,39773,1234072,3940810,1
2026-09-20T11:21:21.391669+00:00,39774,1234098,3941087,1
2026-09-20T11:21:21.422653+00:00,39775,1234123,3941063,1
2026-09-20T11:21:21.438687+00:00,39776,1234148,3941097,1
2026-09-20T11:21:21.470636+00:00,39777,1234173,3941473,1
2026-09-20T11:21:21.503131+00:00,39778,1234198,3940949,1
2026-09-20T11:21:21.518997+00:00,39779,1234224,3940333,1
2026-09-20T11:21:21.552249+00:00,39780,1234249,3940322,1
2026-09-20T11:21:21.566593+00:00,39781,1234274,3941370,1
2026-09-20T11:21:21.598641+00:00,39782,1234299,3941206,1
2026-09-20T11:21:21.630640+00:00,39783,1234324,3941134,1
2026-09-20T11:21:21.648947+00:00,39784,1234349,3942896,1
2026-09-20T11:21:21.678647+00:00,39785,1234375,3945232,1
2026-09-20T11:21:21.696132+00:00,39786,1234400,3948019,1
2026-09-20T11:21:21.726725+00:00,39787,1234425,3949667,1
2026-09-20T11:21:21.742627+00:00,39788,1234450,3949562,1
2026-09-20T11:21:21.774654+00:00,39789,1234475,3949219,1
2026-09-20T11:21:21.807114+00:00,39790,1234501,3948416,1
2026-09-20T11:21:21.823065+00:00,39791,1234526,3947447,1
2026-09-20T11:21:21.855122+00:00,39792,1234551,3946128,1
2026-09-20T11:21:21.871065+00:00,39793,1234576,3944754,1
2026-09-20T11:21:21.904118+00:00,39794,1234601,3942654,1
2026-09-20T11:21:21.922089+00:00,39795,1234627,3941044,1
2026-09-20T11:21:21.951069+00:00,39796,1234652,3940207,1
2026-09-20T11:21:21.982360+00:00,39797,1234677,3939835,1
2026-09-20T11:21:21.998630+00:00,39798,1234702,3938269,1
2026-09-20T11:21:22.030620+00:00,39799,1234727,3940984,1
2026-09-20T11:21:22.047667+00:00,39800,1234753,3946977,1
2026-09-20T11:21:22.078426+00:00,39801,1234778,3950540,1
2026-09-20T11:21:22.094627+00:00,39802,1234803,3951959,1
2026-09-20T11:21:22.126619+00:00,39803,1234828,3953249,1
2026-09-20T11:21:22.158620+00:00,39804,1234853,3955984,1
2026-09-20T11:21:22.175400+00:00,39805,1234878,3960738,1
2026-09-20T11:21:22.206619+00:00,39806,1234904,3972146,1
2026-09-20T11:21:22.223370+00:00,39807,1234929,3996128,1
2026-09-20T11:21:22.254609+00:00,39808,1234954,4030996,1
2026-09-20T11:21:22.270613+00:00,39809,1234979,4105677,1
2026-09-20T11:21:22.302609+00:00,39810,1235004,4230025,1
2026-09-20T11:21:22.334627+00:00,39811,1235030,4392617,1
2026-09-20T11:21:22.352070+00:00,39812,1235055,4570017,1
2026-09-20T11:21:22.385708+00:00,39813,1235080,4689726,1
2026-09-20T11:21:22.398626+00:00,39814,1235105,4729445,1
2026-09-20T11:21:22.431831+00:00,39815,1235130,4683929,1
2026-09-20T11:21:22.446664+00:00,39816,1235156,4578394,1
2026-09-20T11:21:22.480910+00:00,39817,1235181,4485036,1
2026-09-20T11:21:22.510297+00:00,39818,1235206,4405395,1
2026-09-20T11:21:22.526549+00:00,39819,1235231,4324158,1
2026-09-20T11:21:22.558658+00:00,39820,1235256,4242428,1
2026-09-20T11:21:22.574617+00:00,39821,1235282,4171891,1
2026-09-20T11:21:22.606628+00:00,39822,1235307,4106298,1
2026-09-20T11:21:22.622604+00:00,39823,1235332,4042674,1
2026-09-20T11:21:22.655219+00:00,39824,1235357,3989123,1
2026-09-20T11:21:22.686611+00:00,39825,1235382,3946868,1
2026-09-20T11:21:22.702633+00:00,39826,1235407,3865837,1
2026-09-20T11:21:22.734554+00:00,39827,1235433,3625512,1
2026-09-20T11:21:22.751359+00:00,39828,1235458,3080085,1
2026-09-20T11:21:22.782366+00:00,39829,1235483,2318239,1
2026-09-20T11:21:22.814646+00:00,39830,1235508,1825767,1
2026-09-20T11:21:22.830664+00:00,39831,1235533,2089756,1
2026-09-20T11:21:22.862647+00:00,39832,1235559,2803755,1
2026-09-20T11:21:22.878646+00:00,39833,1235584,3284159,1
2026-09-20T11:21:22.910647+00:00,39834,1235609,3522143,1
2026-09-20T11:21:22.926646+00:00,39835,1235634,3665439,1
2026-09-20T11:21:22.958647+00:00,39836,1235659,3759171,1
2026-09-20T11:21:22.990000+00:00,39837,1235685,3820813,1
2026-09-20T11:21:23.006619+00:00,39838,1235710,3861742,1
2026-09-20T11:21:23.038604+00:00,39839,1235735,3888453,1
2026-09-20T11:21:23.054601+00:00,39840,1235760,3905584,1
2026-09-20T11:21:23.086655+00:00,39841,1235785,3916724,1
2026-09-20T11:21:23.103624+00:00,39842,1235810,3923644,1
2026-09-20T11:21:23.134723+00:00,39843,1235836,3927491,1
2026-09-20T11:21:23.166719+00:00,39844,1235861,3930168,1
2026-09-20T11:21:23.182722+00:00,39845,1235886,3932282,1
2026-09-20T11:21:23.214718+00:00,39846,1235911,3934207,1
2026-09-20T11:21:23.230732+00:00,39847,1235936,3935304,1
2026-09-20T11:21:23.262720+00:00,39848,1235962,3936040,1
2026-09-20T11:21:23.311720+00:00,39849,1236014,3937181,1
2026-09-20T11:21:23.342722+00:00,39850,1236037,3937676,1
2026-09-20T11:21:23.358718+00:00,39851,1236062,3937896,1
2026-09-20T11:21:23.390718+00:00,39852,1236088,3937584,1
2026-09-20T11:21:23.406725+00:00,39853,1236113,3938066,1
2026-09-20T11:21:23.438721+00:00,39854,1236138,3938070,1
2026-09-20T11:21:23.454719+00:00,39855,1236163,3938083,1
2026-09-20T11:21:23.488613+00:00,39856,1236188,3938290,1
2026-09-20T11:21:23.518723+00:00,39857,1236214,3938596,1
2026-09-20T11:21:23.534815+00:00,39858,1236239,3938581,1
2026-09-20T11:21:23.567730+00:00,39859,1236264,3938401,1
2026-09-20T11:21:23.582719+00:00,39860,1236289,3938361,1
2026-09-20T11:21:23.616720+00:00,39861,1236314,3938642,1
2026-09-20T11:21:23.631753+00:00,39862,1236339,3938721,1
2026-09-20T11:21:23.663811+00:00,39863,1236365,3938705,1
2026-09-20T11:21:23.694719+00:00,39864,1236390,3938665,1
2026-09-20T11:21:23.710723+00:00,39865,1236415,3938425,1
2026-09-20T11:21:23.743721+00:00,39866,1236440,3938560,1
2026-09-20T11:21:23.758721+00:00,39867,1236465,3939088,1
2026-09-20T11:21:23.790723+00:00,39868,1236491,3939245,1
2026-09-20T11:21:23.807723+00:00,39869,1236516,3939475,1
2026-09-20T11:21:23.839734+00:00,39870,1236541,3939396,1
2026-09-20T11:21:23.871102+00:00,39871,1236566,3939176,1
2026-09-20T11:21:23.886912+00:00,39872,1236591,3939447,1
2026-09-20T11:21:23.918759+00:00,39873,1236617,3939318,1
2026-09-20T11:21:23.935305+00:00,39874,1236642,3939113,1
2026-09-20T11:21:23.966718+00:00,39875,1236667,3939444,1
2026-09-20T11:21:23.984005+00:00,39876,1236692,3939396,1
2026-09-20T11:21:24.003418+00:00,39877,1236717,3939028,1
2026-09-20T11:21:24.047131+00:00,39878,1236743,3939696,1
2026-09-20T11:21:24.062574+00:00,39879,1236768,3939531,1
2026-09-20T11:21:24.095842+00:00,39880,1236793,3939263,1
2026-09-20T11:21:24.110849+00:00,39881,1236818,3939156,1
2026-09-20T11:21:24.143013+00:00,39882,1236843,3939826,1
2026-09-20T11:21:24.175896+00:00,39883,1236868,3939787,1
2026-09-20T11:21:24.191204+00:00,39884,1236894,3939837,1
2026-09-20T11:21:24.216596+00:00,39885,1236919,3939594,1
2026-09-20T11:21:24.238946+00:00,39886,1236944,3939145,1
2026-09-20T11:21:24.271206+00:00,39887,1236969,3939433,1
2026-09-20T11:21:24.286619+00:00,39888,1236994,3939370,1
2026-09-20T11:21:24.308757+00:00,39889,1237020,3939191,1
2026-09-20T11:21:24.347760+00:00,39890,1237045,3939126,1
2026-09-20T11:21:24.366897+00:00,39891,1237070,3939361,1
2026-09-20T11:21:24.396780+00:00,39892,1237095,3939463,1
2026-09-20T11:21:24.416567+00:00,39893,1237120,3939563,1
2026-09-20T11:21:24.447373+00:00,39894,1237146,3939718,1
2026-09-20T11:21:24.462373+00:00,39895,1237171,3939630,1
2026-09-20T11:21:24.496641+00:00,39896,1237196,3939232,1
2026-09-20T11:21:24.512786+00:00,39897,1237221,3939222,1
2026-09-20T11:21:24.543217+00:00,39898,1237246,3939110,1
2026-09-20T11:21:24.575193+00:00,39899,1237272,3939685,1
2026-09-20T11:21:24.591193+00:00,39900,1237297,3939793,1
2026-09-20T11:21:24.623325+00:00,39901,1237322,3939197,1
2026-09-20T11:21:24.639221+00:00,39902,1237347,3938511,1
2026-09-20T11:21:24.670509+00:00,39903,1237372,3938730,1
2026-09-20T11:21:24.702401+00:00,39904,1237397,3939567,1
2026-09-20T11:21:24.719984+00:00,39905,1237423,3939098,1
2026-09-20T11:21:24.750901+00:00,39906,1237448,3938990,1
2026-09-20T11:21:24.768254+00:00,39907,1237473,3939298,1
2026-09-20T11:21:24.800003+00:00,39908,1237498,3939549,1
2026-09-20T11:21:24.815067+00:00,39909,1237523,3939365,1
2026-09-20T11:21:24.847068+00:00,39910,1237549,3939116,1
2026-09-20T11:21:24.879003+00:00,39911,1237574,3938912,1
2026-09-20T11:21:24.895003+00:00,39912,1237599,3939270,1
2026-09-20T11:21:24.927008+00:00,39913,1237624,3939338,1
2026-09-20T11:21:24.943003+00:00,39914,1237649,3939656,1
2026-09-20T11:21:24.975063+00:00,39915,1237675,3940506,1
2026-09-20T11:21:24.990213+00:00,39916,1237700,3941158,1
2026-09-20T11:21:25.023003+00:00,39917,1237725,3941532,1
2026-09-20T11:21:25.055002+00:00,39918,1237750,3941571,1
2026-09-20T11:21:25.071012+00:00,39919,1237775,3941793,1
2026-09-20T11:21:25.103006+00:00,39920,1237800,3941921,1
2026-09-20T11:21:25.119120+00:00,39921,1237826,3942186,1
2026-09-20T11:21:25.150648+00:00,39922,1237851,3942140,1
2026-09-20T11:21:25.166743+00:00,39923,1237876,3941563,1
2026-09-20T11:21:25.198552+00:00,39924,1237901,3941062,1
2026-09-20T11:21:25.230560+00:00,39925,1237926,3941334,1
2026-09-20T11:21:25.246550+00:00,39926,1237952,3942110,1
2026-09-20T11:21:25.279581+00:00,39927,1237977,3942703,1
2026-09-20T11:21:25.294545+00:00,39928,1238002,3942696,1
2026-09-20T11:21:25.326549+00:00,39929,1238027,3942643,1
2026-09-20T11:21:25.342541+00:00,39930,1238052,3943453,1
2026-09-20T11:21:25.374524+00:00,39931,1238078,3944173,1
2026-09-20T11:21:25.406522+00:00,39932,1238103,3944233,1
2026-09-20T11:21:25.422537+00:00,39933,1238128,3944094,1
2026-09-20T11:21:25.454532+00:00,39934,1238153,3944351,1
2026-09-20T11:21:25.470528+00:00,39935,1238178,3944148,1
2026-09-20T11:21:25.502562+00:00,39936,1238204,3943591,1
2026-09-20T11:21:25.534560+00:00,39937,1238229,3943875,1
2026-09-20T11:21:25.551252+00:00,39938,1238254,3944438,1
2026-09-20T11:21:25.583399+00:00,39939,1238279,3944389,1
2026-09-20T11:21:25.599593+00:00,39940,1238304,3943948,1
2026-09-20T11:21:25.630551+00:00,39941,1238329,3944591,1
2026-09-20T11:21:25.646545+00:00,39942,1238355,3945002,1
2026-09-20T11:21:25.678539+00:00,39943,1238380,3943796,1
2026-09-20T11:21:25.710552+00:00,39944,1238405,3943615,1
2026-09-20T11:21:25.726520+00:00,39945,1238430,3943958,1
2026-09-20T11:21:25.758566+00:00,39946,1238455,3943981,1
2026-09-20T11:21:25.776175+00:00,39947,1238481,3944003,1
2026-09-20T11:21:25.807140+00:00,39948,1238506,3944196,1
2026-09-20T11:21:25.825146+00:00,39949,1238531,3944470,1
2026-09-20T11:21:25.855237+00:00,39950,1238556,3945053,1
2026-09-20T11:21:25.886140+00:00,39951,1238581,3944578,1
2026-09-20T11:21:25.903192+00:00,39952,1238607,3944666,1
2026-09-20T11:21:25.935147+00:00,39953,1238632,3944907,1
2026-09-20T11:21:25.951141+00:00,39954,1238657,3944887,1
2026-09-20T11:21:25.984142+00:00,39955,1238682,3945742,1
2026-09-20T11:21:25.998526+00:00,39956,1238707,3946285,1
2026-09-20T11:21:26.030514+00:00,39957,1238733,3945828,1
2026-09-20T11:21:26.063635+00:00,39958,1238758,3945240,1
2026-09-20T11:21:26.078323+00:00,39959,1238783,3945189,1
2026-09-20T11:21:26.110529+00:00,39960,1238808,3945561,1
2026-09-20T11:21:26.126514+00:00,39961,1238833,3944577,1
2026-09-20T11:21:26.158522+00:00,39962,1238858,3944787,1
2026-09-20T11:21:26.174532+00:00,39963,1238884,3944837,1
2026-09-20T11:21:26.206317+00:00,39964,1238909,3944980,1
2026-09-20T11:21:26.238514+00:00,39965,1238934,3945237,1
2026-09-20T11:21:26.254523+00:00,39966,1238959,3943963,1
2026-09-20T11:21:26.287397+00:00,39967,1238984,3942557,1
2026-09-20T11:21:26.302541+00:00,39968,1239010,3942701,1
2026-09-20T11:21:26.334393+00:00,39969,1239035,3942454,1
2026-09-20T11:21:26.351277+00:00,39970,1239060,3942712,1
2026-09-20T11:21:26.382372+00:00,39971,1239085,3942956,1
2026-09-20T11:21:26.414519+00:00,39972,1239110,3943334,1
2026-09-20T11:21:26.431557+00:00,39973,1239136,3943297,1
2026-09-20T11:21:26.462517+00:00,39974,1239161,3943828,1
2026-09-20T11:21:26.478529+00:00,39975,1239186,3943991,1
2026-09-20T11:21:26.511547+00:00,39976,1239211,3944000,1
2026-09-20T11:21:26.526515+00:00,39977,1239236,3943856,1
2026-09-20T11:21:26.561729+00:00,39978,1239262,3944143,1
2026-09-20T11:21:26.591533+00:00,39979,1239287,3944215,1
2026-09-20T11:21:26.607673+00:00,39980,1239312,3944792,1
2026-09-20T11:21:26.639596+00:00,39981,1239337,3945535,1
2026-09-20T11:21:26.654501+00:00,39982,1239362,3946244,1
2026-09-20T11:21:26.686518+00:00,39983,1239387,3948118,1
2026-09-20T11:21:26.718443+00:00,39984,1239413,3950347,1
2026-09-20T11:21:26.734502+00:00,39985,1239438,3955311,1
2026-09-20T11:21:26.766836+00:00,39986,1239463,3960721,1
2026-09-20T11:21:26.782517+00:00,39987,1239488,3969597,1
2026-09-20T11:21:26.815412+00:00,39988,1239513,3999416,1
2026-09-20T11:21:26.830408+00:00,39989,1239539,4051151,1
2026-09-20T11:21:26.862408+00:00,39990,1239564,4134354,1
2026-09-20T11:21:26.894408+00:00,39991,1239589,4310822,1
2026-09-20T11:21:26.910534+00:00,39992,1239614,4584528,1
2026-09-20T11:21:26.943407+00:00,39993,1239639,4830791,1
2026-09-20T11:21:26.959413+00:00,39994,1239665,4933374,1
2026-09-20T11:21:26.991410+00:00,39995,1239690,4907078,1
2026-09-20T11:21:27.006515+00:00,39996,1239715,4826507,1
2026-09-20T11:21:27.039257+00:00,39997,1239740,4725109,1
2026-09-20T11:21:27.070494+00:00,39998,1239765,4604006,1
2026-09-20T11:21:27.086508+00:00,39999,1239791,4486230,1
2026-09-20T11:21:27.118738+00:00,40000,1239816,4402379,1
2026-09-20T11:21:27.134498+00:00,40001,1239841,4324128,1
2026-09-20T11:21:27.166573+00:00,40002,1239866,4250663,1
2026-09-20T11:21:27.182386+00:00,40003,1239891,4170459,1
2026-09-20T11:21:27.214513+00:00,40004,1239916,4098252,1
2026-09-20T11:21:27.246500+00:00,40005,1239942,4029011,1
2026-09-20T11:21:27.262490+00:00,40006,1239967,3934526,1
2026-09-20T11:21:27.294500+00:00,40007,1239992,3786078,1
2026-09-20T11:21:27.311525+00:00,40008,1240017,3505073,1
2026-09-20T11:21:27.342492+00:00,40009,1240042,2877684,1
2026-09-20T11:21:27.358498+00:00,40010,1240068,1923479,1
2026-09-20T11:21:27.390490+00:00,40011,1240093,1274199,1
2026-09-20T11:21:27.422414+00:00,40012,1240118,1513397,1
2026-09-20T11:21:27.440495+00:00,40013,1240143,2398366,1
2026-09-20T11:21:27.470964+00:00,40014,1240168,3058750,1
2026-09-20T11:21:27.488468+00:00,40015,1240194,3376454,1
2026-09-20T11:21:27.518535+00:00,40016,1240219,3560560,1
2026-09-20T11:21:27.534484+00:00,40017,1240244,3685471,1
2026-09-20T11:21:27.567403+00:00,40018,1240269,3770417,1
2026-09-20T11:21:27.599518+00:00,40019,1240294,3828539,1
2026-09-20T11:21:27.614483+00:00,40020,1240320,3866563,1
2026-09-20T11:21:27.647458+00:00,40021,1240345,3890635,1
2026-09-20T11:21:27.662998+00:00,40022,1240370,3906044,1
2026-09-20T11:21:27.695676+00:00,40023,1240395,3916397,1
2026-09-20T11:21:27.710502+00:00,40024,1240420,3923231,1
2026-09-20T11:21:27.743065+00:00,40025,1240446,3927511,1
2026-09-20T11:21:27.774707+00:00,40026,1240471,3930283,1
2026-09-20T11:21:27.790442+00:00,40027,1240496,3932585,1
2026-09-20T11:21:27.823504+00:00,40028,1240521,3934149,1
2026-09-20T11:21:27.838499+00:00,40029,1240546,3935145,1
2026-09-20T11:21:27.870499+00:00,40030,1240571,3935563,1
2026-09-20T11:21:27.886499+00:00,40031,1240597,3935656,1
2026-09-20T11:21:27.951501+00:00,40032,1240649,3936934,1
2026-09-20T11:21:27.967510+00:00,40033,1240672,3937269,1
2026-09-20T11:21:27.999495+00:00,40034,1240697,3937198,1
2026-09-20T11:21:28.014151+00:00,40035,1240723,3937021,1
2026-09-20T11:21:28.046474+00:00,40036,1240748,3937162,1
2026-09-20T11:21:28.078478+00:00,40037,1240773,3937694,1
2026-09-20T11:21:28.094472+00:00,40038,1240798,3937754,1
2026-09-20T11:21:28.126475+00:00,40039,1240823,3938383,1
2026-09-20T11:21:28.142476+00:00,40040,1240849,3938999,1
2026-09-20T11:21:28.174577+00:00,40041,1240874,3939249,1
2026-09-20T11:21:28.190462+00:00,40042,1240899,3939023,1
2026-09-20T11:21:28.222463+00:00,40043,1240924,3938693,1
2026-09-20T11:21:28.254460+00:00,40044,1240949,3938898,1
2026-09-20T11:21:28.270741+00:00,40045,1240975,3938874,1
2026-09-20T11:21:28.302482+00:00,40046,1241000,3938646,1
2026-09-20T11:21:28.318482+00:00,40047,1241025,3939143,1
2026-09-20T11:21:28.351919+00:00,40048,1241050,3939679,1
2026-09-20T11:21:28.366731+00:00,40049,1241075,3939534,1
2026-09-20T11:21:28.400326+00:00,40050,1241100,3939935,1
2026-09-20T11:21:28.430501+00:00,40051,1241126,3939780,1
2026-09-20T11:21:28.448564+00:00,40052,1241151,3939834,1
2026-09-20T11:21:28.478166+00:00,40053,1241176,3940534,1
2026-09-20T11:21:28.494455+00:00,40054,1241201,3940409,1
2026-09-20T11:21:28.528569+00:00,40055,1241226,3940287,1
2026-09-20T11:21:28.542574+00:00,40056,1241252,3940131,1
2026-09-20T11:21:28.575650+00:00,40057,1241277,3939828,1
2026-09-20T11:21:28.606467+00:00,40058,1241302,3940028,1
2026-09-20T11:21:28.622454+00:00,40059,1241327,3940658,1
2026-09-20T11:21:28.655148+00:00,40060,1241352,3940558,1
2026-09-20T11:21:28.671094+00:00,40061,1241378,3940500,1
2026-09-20T11:21:28.702445+00:00,40062,1241403,3940386,1
2026-09-20T11:21:28.718761+00:00,40063,1241428,3940281,1
2026-09-20T11:21:28.750455+00:00,40064,1241453,3940430,1
2026-09-20T11:21:28.782283+00:00,40065,1241478,3940731,1
2026-09-20T11:21:28.799798+00:00,40066,1241504,3940814,1
2026-09-20T11:21:28.830496+00:00,40067,1241529,3940057,1
2026-09-20T11:21:28.846499+00:00,40068,1241554,3939199,1
2026-09-20T11:21:28.876624+00:00,40069,1241579,3938820,1
2026-09-20T11:21:28.894605+00:00,40070,1241604,3938787,1
2026-09-20T11:21:28.926605+00:00,40071,1241630,3938776,1
2026-09-20T11:21:28.958604+00:00,40072,1241655,3938489,1
2026-09-20T11:21:28.974607+00:00,40073,1241680,3938938,1
2026-09-20T11:21:29.006448+00:00,40074,1241705,3939567,1
2026-09-20T11:21:29.022453+00:00,40075,1241730,3939854,1
2026-09-20T11:21:29.054463+00:00,40076,1241755,3939747,1
2026-09-20T11:21:29.070445+00:00,40077,1241781,3939327,1
2026-09-20T11:21:29.102461+00:00,40078,1241806,3939414,1
2026-09-20T11:21:29.134448+00:00,40079,1241831,3939675,1
2026-09-20T11:21:29.151084+00:00,40080,1241856,3939445,1
2026-09-20T11:21:29.183173+00:00,40081,1241881,3939460,1
2026-09-20T11:21:29.199495+00:00,40082,1241907,3939533,1
2026-09-20T11:21:29.230474+00:00,40083,1241932,3939781,1
2026-09-20T11:21:29.247477+00:00,40084,1241957,3939975,1
2026-09-20T11:21:29.278479+00:00,40085,1241982,3939872,1
2026-09-20T11:21:29.310454+00:00,40086,1242007,3940410,1
2026-09-20T11:21:29.327486+00:00,40087,1242033,3940499,1
2026-09-20T11:21:29.358454+00:00,40088,1242058,3939736,1
2026-09-20T11:21:29.374450+00:00,40089,1242083,3939255,1
2026-09-20T11:21:29.406447+00:00,40090,1242108,3939044,1
2026-09-20T11:21:29.438528+00:00,40091,1242133,3938732,1
2026-09-20T11:21:29.454450+00:00,40092,1242158,3938332,1
2026-09-20T11:21:29.486454+00:00,40093,1242184,3938366,1
2026-09-20T11:21:29.503088+00:00,40094,1242209,3938900,1
2026-09-20T11:21:29.534314+00:00,40095,1242234,3939751,1
2026-09-20T11:21:29.553182+00:00,40096,1242259,3939882,1
2026-09-20T11:21:29.586515+00:00,40097,1242284,3940282,1
2026-09-20T11:21:29.615773+00:00,40098,1242310,3941136,1
2026-09-20T11:21:29.630445+00:00,40099,1242335,3942524,1
2026-09-20T11:21:29.662451+00:00,40100,1242360,3943734,1
2026-09-20T11:21:29.679568+00:00,40101,1242385,3943200,1
2026-09-20T11:21:29.710460+00:00,40102,1242410,3942601,1
2026-09-20T11:21:29.726446+00:00,40103,1242436,3942704,1
2026-09-20T11:21:29.758441+00:00,40104,1242461,3943331,1
2026-09-20T11:21:29.790423+00:00,40105,1242486,3943816,1
2026-09-20T11:21:29.806426+00:00,40106,1242511,3943270,1
2026-09-20T11:21:29.838427+00:00,40107,1242536,3942151,1
2026-09-20T11:21:29.854436+00:00,40108,1242562,3942495,1
2026-09-20T11:21:29.886435+00:00,40109,1242587,3943077,1
2026-09-20T11:21:29.902425+00:00,40110,1242612,3942450,1
2026-09-20T11:21:29.935427+00:00,40111,1242637,3942003,1
2026-09-20T11:21:29.967426+00:00,40112,1242662,3942536,1
2026-09-20T11:21:29.983426+00:00,40113,1242687,3942510,1
2026-09-20T11:21:30.014425+00:00,40114,1242713,3941733,1
2026-09-20T11:21:30.030426+00:00,40115,1242738,3941870,1
2026-09-20T11:21:30.062424+00:00,40116,1242763,3941575,1
2026-09-20T11:21:30.078435+00:00,40117,1242788,3942245,1
2026-09-20T11:21:30.110425+00:00,40118,1242813,3942475,1
2026-09-20T11:21:30.142440+00:00,40119,1242839,3942741,1
2026-09-20T11:21:30.158425+00:00,40120,1242864,3942749,1
2026-09-20T11:21:30.190425+00:00,40121,1242889,3942614,1
2026-09-20T11:21:30.206434+00:00,40122,1242914,3942281,1
2026-09-20T11:21:30.239427+00:00,40123,1242939,3942104,1
2026-09-20T11:21:30.254471+00:00,40124,1242965,3942695,1
2026-09-20T11:21:30.286402+00:00,40125,1242990,3943102,1
2026-09-20T11:21:30.319255+00:00,40126,1243015,3943198,1
2026-09-20T11:21:30.334891+00:00,40127,1243040,3942999,1
2026-09-20T11:21:30.367372+00:00,40128,1243065,3942547,1
2026-09-20T11:21:30.382395+00:00,40129,1243091,3942135,1
2026-09-20T11:21:30.414415+00:00,40130,1243116,3941709,1
2026-09-20T11:21:30.430423+00:00,40131,1243141,3941890,1
2026-09-20T11:21:30.462423+00:00,40132,1243166,3942096,1
2026-09-20T11:21:30.494412+00:00,40133,1243191,3942648,1
2026-09-20T11:21:30.510390+00:00,40134,1243216,3942891,1
2026-09-20T11:21:30.542415+00:00,40135,1243242,3941918,1
2026-09-20T11:21:30.558406+00:00,40136,1243267,3941460,1
2026-09-20T11:21:30.590526+00:00,40137,1243292,3941030,1
2026-09-20T11:21:30.622403+00:00,40138,1243317,3941557,1
2026-09-20T11:21:30.638405+00:00,40139,1243342,3942343,1
2026-09-20T11:21:30.670391+00:00,40140,1243368,3942496,1
2026-09-20T11:21:30.686404+00:00,40141,1243393,3942003,1
2026-09-20T11:21:30.722791+00:00,40142,1243418,3941876,1
2026-09-20T11:21:30.734399+00:00,40143,1243443,3941640,1
2026-09-20T11:21:30.767417+00:00,40144,1243468,3941434,1
2026-09-20T11:21:30.801393+00:00,40145,1243494,3941258,1
2026-09-20T11:21:30.815434+00:00,40146,1243519,3941638,1
2026-09-20T11:21:30.846432+00:00,40147,1243544,3942606,1
2026-09-20T11:21:30.862432+00:00,40148,1243569,3942589,1
2026-09-20T11:21:30.894432+00:00,40149,1243594,3941825,1
2026-09-20T11:21:30.910431+00:00,40150,1243620,3941527,1
2026-09-20T11:21:30.943435+00:00,40151,1243645,3941562,1
2026-09-20T11:21:30.974433+00:00,40152,1243670,3941753,1
2026-09-20T11:21:30.990431+00:00,40153,1243695,3941925,1
2026-09-20T11:21:31.022394+00:00,40154,1243720,3941390,1
2026-09-20T11:21:31.038393+00:00,40155,1243745,3941659,1
2026-09-20T11:21:31.070389+00:00,40156,1243771,3941938,1
2026-09-20T11:21:31.086411+00:00,40157,1243796,3941975,1
2026-09-20T11:21:31.118404+00:00,40158,1243821,3942328,1
2026-09-20T11:21:31.152252+00:00,40159,1243846,3942102,1
2026-09-20T11:21:31.166791+00:00,40160,1243871,3941687,1
2026-09-20T11:21:31.199410+00:00,40161,1243897,3941859,1
2026-09-20T11:21:31.214401+00:00,40162,1243922,3942196,1
2026-09-20T11:21:31.246391+00:00,40163,1243947,3942546,1
2026-09-20T11:21:31.262398+00:00,40164,1243972,3942211,1
2026-09-20T11:21:31.294390+00:00,40165,1243997,3942433,1
2026-09-20T11:21:31.326395+00:00,40166,1244023,3942403,1
2026-09-20T11:21:31.327692+00:00,40167,1244048,3942288,1
2026-09-20T11:21:31.374567+00:00,40168,1244073,3942497,1
2026-09-20T11:21:31.390382+00:00,40169,1244098,3943209,1
2026-09-20T11:21:31.422383+00:00,40170,1244123,3943144,1
2026-09-20T11:21:31.438376+00:00,40171,1244149,3942587,1
2026-09-20T11:21:31.470384+00:00,40172,1244174,3942884,1
2026-09-20T11:21:31.502137+00:00,40173,1244199,3943516,1
2026-09-20T11:21:31.518771+00:00,40174,1244224,3945138,1
2026-09-20T11:21:31.550978+00:00,40175,1244249,3945757,1
2026-09-20T11:21:31.567379+00:00,40176,1244274,3945635,1
2026-09-20T11:21:31.599479+00:00,40177,1244300,3946692,1
2026-09-20T11:21:31.616485+00:00,40178,1244325,3947601,1
2026-09-20T11:21:31.647618+00:00,40179,1244350,3948471,1
2026-09-20T11:21:31.679465+00:00,40180,1244375,3950726,1
2026-09-20T11:21:31.695498+00:00,40181,1244400,3954349,1
2026-09-20T11:21:31.728488+00:00,40182,1244426,3965037,1
2026-09-20T11:21:31.743240+00:00,40183,1244451,3989709,1
2026-09-20T11:21:31.774249+00:00,40184,1244476,4029858,1
2026-09-20T11:21:31.790369+00:00,40185,1244501,4098353,1
2026-09-20T11:21:31.822395+00:00,40186,1244526,4188336,1
2026-09-20T11:21:31.854394+00:00,40187,1244552,4289327,1
2026-09-20T11:21:31.870394+00:00,40188,1244577,4401279,1
2026-09-20T11:21:31.902393+00:00,40189,1244602,4484846,1
2026-09-20T11:21:31.921855+00:00,40190,1244627,4484573,1
2026-09-20T11:21:31.951397+00:00,40191,1244652,4448748,1
2026-09-20T11:21:31.982397+00:00,40192,1244678,4413144,1
2026-09-20T11:21:31.999255+00:00,40193,1244703,4365566,1
2026-09-20T11:21:32.030385+00:00,40194,1244728,4316788,1
2026-09-20T11:21:32.046363+00:00,40195,1244753,4283144,1
2026-09-20T11:21:32.078382+00:00,40196,1244778,4237670,1
2026-09-20T11:21:32.094368+00:00,40197,1244803,4177999,1
2026-09-20T11:21:32.126374+00:00,40198,1244829,4112970,1
2026-09-20T11:21:32.158451+00:00,40199,1244854,4045922,1
2026-09-20T11:21:32.174359+00:00,40200,1244879,3981261,1
2026-09-20T11:21:32.206386+00:00,40201,1244904,3893220,1
2026-09-20T11:21:32.223235+00:00,40202,1244929,3711973,1
2026-09-20T11:21:32.254367+00:00,40203,1244955,3199990,1
2026-09-20T11:21:32.270357+00:00,40204,1244980,2397318,1
2026-09-20T11:21:32.302369+00:00,40205,1245005,2090879,1
2026-09-20T11:21:32.334352+00:00,40206,1245030,2585166,1
2026-09-20T11:21:32.350772+00:00,40207,1245055,3168599,1
2026-09-20T11:21:32.383376+00:00,40208,1245081,3472802,1
2026-09-20T11:21:32.398355+00:00,40209,1245106,3633894,1
2026-09-20T11:21:32.431408+00:00,40210,1245131,3740849,1
2026-09-20T11:21:32.446380+00:00,40211,1245156,3812525,1
2026-09-20T11:21:32.480629+00:00,40212,1245181,3857072,1
2026-09-20T11:21:32.510369+00:00,40213,1245207,3884784,1
2026-09-20T11:21:32.526362+00:00,40214,1245232,3903270,1
2026-09-20T11:21:32.558367+00:00,40215,1245257,3915322,1
2026-09-20T11:21:32.574349+00:00,40216,1245282,3922452,1
2026-09-20T11:21:32.607525+00:00,40217,1245307,3926475,1
2026-09-20T11:21:32.622358+00:00,40218,1245332,3929244,1
2026-09-20T11:21:32.654349+00:00,40219,1245358,3931253,1
2026-09-20T11:21:32.686484+00:00,40220,1245383,3933109,1
2026-09-20T11:21:32.704056+00:00,40221,1245408,3934265,1
2026-09-20T11:21:32.734471+00:00,40222,1245433,3934544,1
2026-09-20T11:21:32.750476+00:00,40223,1245458,3935606,1
2026-09-20T11:21:32.814579+00:00,40224,1245510,3936250,1
2026-09-20T11:21:32.830566+00:00,40225,1245534,3936279,1
2026-09-20T11:21:32.862565+00:00,40226,1245559,3936234,1
2026-09-20T11:21:32.878564+00:00,40227,1245584,3936340,1
2026-09-20T11:21:32.910564+00:00,40228,1245610,3936765,1
2026-09-20T11:21:32.926575+00:00,40229,1245635,3937500,1
2026-09-20T11:21:32.958564+00:00,40230,1245660,3937734,1
2026-09-20T11:21:32.974576+00:00,40231,1245685,3937684,1
2026-09-20T11:21:33.006414+00:00,40232,1245710,3937793,1
2026-09-20T11:21:33.038346+00:00,40233,1245736,3937723,1
2026-09-20T11:21:33.054345+00:00,40234,1245761,3937816,1
2026-09-20T11:21:33.086348+00:00,40235,1245786,3937654,1
2026-09-20T11:21:33.102357+00:00,40236,1245811,3937802,1
2026-09-20T11:21:33.134346+00:00,40237,1245836,3937572,1
2026-09-20T11:21:33.152081+00:00,40238,1245861,3937793,1
2026-09-20T11:21:33.183359+00:00,40239,1245887,3938378,1
2026-09-20T11:21:33.214347+00:00,40240,1245912,3938576,1
2026-09-20T11:21:33.230335+00:00,40241,1245937,3938211,1
2026-09-20T11:21:33.263483+00:00,40242,1245962,3937890,1
2026-09-20T11:21:33.278353+00:00,40243,1245987,3938657,1
2026-09-20T11:21:33.310336+00:00,40244,1246013,3938463,1
2026-09-20T11:21:33.342334+00:00,40245,1246038,3938263,1
2026-09-20T11:21:33.358363+00:00,40246,1246063,3938335,1
2026-09-20T11:21:33.390989+00:00,40247,1246088,3938138,1
2026-09-20T11:21:33.406332+00:00,40248,1246113,3937826,1
2026-09-20T11:21:33.438474+00:00,40249,1246139,3937911,1
2026-09-20T11:21:33.454369+00:00,40250,1246164,3938092,1
2026-09-20T11:21:33.486466+00:00,40251,1246189,3937812,1
2026-09-20T11:21:33.518799+00:00,40252,1246214,3938071,1
2026-09-20T11:21:33.534331+00:00,40253,1246239,3937795,1
2026-09-20T11:21:33.566819+00:00,40254,1246265,3937463,1
2026-09-20T11:21:33.584499+00:00,40255,1246290,3937843,1
2026-09-20T11:21:33.616437+00:00,40256,1246315,3938525,1
2026-09-20T11:21:33.631419+00:00,40257,1246340,3938250,1
2026-09-20T11:21:33.663616+00:00,40258,1246365,3938428,1
2026-09-20T11:21:33.694346+00:00,40259,1246391,3938522,1
2026-09-20T11:21:33.712164+00:00,40260,1246416,3938247,1
2026-09-20T11:21:33.742358+00:00,40261,1246441,3938396,1
2026-09-20T11:21:33.759412+00:00,40262,1246466,3938478,1
2026-09-20T11:21:33.790845+00:00,40263,1246491,3938589,1
2026-09-20T11:21:33.806407+00:00,40264,1246516,3938484,1
2026-09-20T11:21:33.838412+00:00,40265,1246542,3939120,1
2026-09-20T11:21:33.870395+00:00,40266,1246567,3940659,1
2026-09-20T11:21:33.886391+00:00,40267,1246592,3941199,1
2026-09-20T11:21:33.919398+00:00,40268,1246617,3940437,1
2026-09-20T11:21:33.935404+00:00,40269,1246642,3940291,1
2026-09-20T11:21:33.967396+00:00,40270,1246668,3940248,1
2026-09-20T11:21:33.982391+00:00,40271,1246693,3940160,1
2026-09-20T11:21:34.014353+00:00,40272,1246718,3940108,1
2026-09-20T11:21:34.046170+00:00,40273,1246743,3940081,1
2026-09-20T11:21:34.062325+00:00,40274,1246768,3939816,1
2026-09-20T11:21:34.094335+00:00,40275,1246794,3939899,1
2026-09-20T11:21:34.110338+00:00,40276,1246819,3940337,1
2026-09-20T11:21:34.142326+00:00,40277,1246844,3940135,1
2026-09-20T11:21:34.158157+00:00,40278,1246869,3940230,1
2026-09-20T11:21:34.190321+00:00,40279,1246894,3940840,1
2026-09-20T11:21:34.222317+00:00,40280,1246920,3939935,1
2026-09-20T11:21:34.238306+00:00,40281,1246945,3939646,1
2026-09-20T11:21:34.270327+00:00,40282,1246970,3940292,1
2026-09-20T11:21:34.286316+00:00,40283,1246995,3940075,1
2026-09-20T11:21:34.319177+00:00,40284,1247020,3940013,1
2026-09-20T11:21:34.334433+00:00,40285,1247045,3939993,1
2026-09-20T11:21:34.366748+00:00,40286,1247071,3938888,1
2026-09-20T11:21:34.400693+00:00,40287,1247096,3938853,1
2026-09-20T11:21:34.417462+00:00,40288,1247121,3939450,1
2026-09-20T11:21:34.447340+00:00,40289,1247146,3939447,1
2026-09-20T11:21:34.462308+00:00,40290,1247171,3939250,1
2026-09-20T11:21:34.494312+00:00,40291,1247197,3939380,1
2026-09-20T11:21:34.526332+00:00,40292,1247222,3938964,1
2026-09-20T11:21:34.542302+00:00,40293,1247247,3939243,1
2026-09-20T11:21:34.574297+00:00,40294,1247272,3939724,1
2026-09-20T11:21:34.590295+00:00,40295,1247297,3940285,1
2026-09-20T11:21:34.623002+00:00,40296,1247323,3940339,1
2026-09-20T11:21:34.638351+00:00,40297,1247348,3940399,1
2026-09-20T11:21:34.670293+00:00,40298,1247373,3940706,1
2026-09-20T11:21:34.702770+00:00,40299,1247398,3941513,1
2026-09-20T11:21:34.718314+00:00,40300,1247423,3941778,1
2026-09-20T11:21:34.755722+00:00,40301,1247449,3941740,1
2026-09-20T11:21:34.766773+00:00,40302,1247474,3941233,1
2026-09-20T11:21:34.801871+00:00,40303,1247499,3941451,1
2026-09-20T11:21:34.815868+00:00,40304,1247524,3941673,1
2026-09-20T11:21:34.846868+00:00,40305,1247549,3941708,1
2026-09-20T11:21:34.877866+00:00,40306,1247574,3941682,1
2026-09-20T11:21:34.894957+00:00,40307,1247600,3941277,1
2026-09-20T11:21:34.926867+00:00,40308,1247625,3941389,1
2026-09-20T11:21:34.942879+00:00,40309,1247650,3941707,1
2026-09-20T11:21:34.975322+00:00,40310,1247675,3941648,1
2026-09-20T11:21:34.990285+00:00,40311,1247700,3941025,1
2026-09-20T11:21:35.022305+00:00,40312,1247726,3940898,1
2026-09-20T11:21:35.054288+00:00,40313,1247751,3941390,1
2026-09-20T11:21:35.070270+00:00,40314,1247776,3941868,1
2026-09-20T11:21:35.102330+00:00,40315,1247801,3941442,1
2026-09-20T11:21:35.118321+00:00,40316,1247826,3940943,1
2026-09-20T11:21:35.151093+00:00,40317,1247852,3940229,1
2026-09-20T11:21:35.167584+00:00,40318,1247877,3940021,1
2026-09-20T11:21:35.198320+00:00,40319,1247902,3940284,1
2026-09-20T11:21:35.230303+00:00,40320,1247927,3940936,1
2026-09-20T11:21:35.246291+00:00,40321,1247952,3940559,1
2026-09-20T11:21:35.278301+00:00,40322,1247978,3940825,1
2026-09-20T11:21:35.294292+00:00,40323,1248003,3940652,1
2026-09-20T11:21:35.326409+00:00,40324,1248028,3940942,1
2026-09-20T11:21:35.342288+00:00,40325,1248053,3941458,1
2026-09-20T11:21:35.374285+00:00,40326,1248078,3941653,1
2026-09-20T11:21:35.406282+00:00,40327,1248103,3941712,1
2026-09-20T11:21:35.422291+00:00,40328,1248129,3941587,1
2026-09-20T11:21:35.454283+00:00,40329,1248154,3941720,1
2026-09-20T11:21:35.471929+00:00,40330,1248179,3942052,1
2026-09-20T11:21:35.503262+00:00,40331,1248204,3942627,1
2026-09-20T11:21:35.521307+00:00,40332,1248229,3943507,1
2026-09-20T11:21:35.551093+00:00,40333,1248255,3943486,1
2026-09-20T11:21:35.586962+00:00,40334,1248280,3943230,1
2026-09-20T11:21:35.598278+00:00,40335,1248305,3943138,1
2026-09-20T11:21:35.630195+00:00,40336,1248330,3942806,1
2026-09-20T11:21:35.646298+00:00,40337,1248355,3943176,1
2026-09-20T11:21:35.679425+00:00,40338,1248381,3943135,1
2026-09-20T11:21:35.694292+00:00,40339,1248406,3942552,1
2026-09-20T11:21:35.726286+00:00,40340,1248431,3942090,1
2026-09-20T11:21:35.758290+00:00,40341,1248456,3941750,1
2026-09-20T11:21:35.774284+00:00,40342,1248481,3942420,1
2026-09-20T11:21:35.807303+00:00,40343,1248507,3943092,1
2026-09-20T11:21:35.823303+00:00,40344,1248532,3942537,1
2026-09-20T11:21:35.855303+00:00,40345,1248557,3941588,1
2026-09-20T11:21:35.886628+00:00,40346,1248582,3941932,1
2026-09-20T11:21:35.902627+00:00,40347,1248607,3942444,1
2026-09-20T11:21:35.935627+00:00,40348,1248633,3941522,1
2026-09-20T11:21:35.950626+00:00,40349,1248658,3941362,1
2026-09-20T11:21:35.983690+00:00,40350,1248683,3942636,1
2026-09-20T11:21:35.998629+00:00,40351,1248708,3943208,1
2026-09-20T11:21:36.030626+00:00,40352,1248733,3942898,1
2026-09-20T11:21:36.062629+00:00,40353,1248758,3943074,1
2026-09-20T11:21:36.078240+00:00,40354,1248784,3942957,1
2026-09-20T11:21:36.110314+00:00,40355,1248809,3942677,1
2026-09-20T11:21:36.126270+00:00,40356,1248834,3941753,1
2026-09-20T11:21:36.159311+00:00,40357,1248859,3941639,1
2026-09-20T11:21:36.175300+00:00,40358,1248884,3942770,1
2026-09-20T11:21:36.206266+00:00,40359,1248910,3942756,1
2026-09-20T11:21:36.238259+00:00,40360,1248935,3942781,1
2026-09-20T11:21:36.254271+00:00,40361,1248960,3944531,1
2026-09-20T11:21:36.286268+00:00,40362,1248985,3946634,1
2026-09-20T11:21:36.302278+00:00,40363,1249010,3949961,1
2026-09-20T11:21:36.334359+00:00,40364,1249036,3957905,1
2026-09-20T11:21:36.351103+00:00,40365,1249061,3973912,1
2026-09-20T11:21:36.382255+00:00,40366,1249086,3995941,1
2026-09-20T11:21:36.414275+00:00,40367,1249111,4028024,1
2026-09-20T11:21:36.430268+00:00,40368,1249136,4087239,1
2026-09-20T11:21:36.462267+00:00,40369,1249162,4202438,1
2026-09-20T11:21:36.480363+00:00,40370,1249187,4386485,1
2026-09-20T11:21:36.512462+00:00,40371,1249212,4604582,1
2026-09-20T11:21:36.526291+00:00,40372,1249237,4740117,1
2026-09-20T11:21:36.558256+00:00,40373,1249262,4740216,1
2026-09-20T11:21:36.591352+00:00,40374,1249287,4742669,1
2026-09-20T11:21:36.606399+00:00,40375,1249313,4757540,1
2026-09-20T11:21:36.638254+00:00,40376,1249338,4692122,1
2026-09-20T11:21:36.655549+00:00,40377,1249363,4576455,1
2026-09-20T11:21:36.688230+00:00,40378,1249388,4484287,1
2026-09-20T11:21:36.703117+00:00,40379,1249413,4420418,1
2026-09-20T11:21:36.737810+00:00,40380,1249439,4350483,1
2026-09-20T11:21:36.769177+00:00,40381,1249464,4271490,1
2026-09-20T11:21:36.782564+00:00,40382,1249489,4202376,1
2026-09-20T11:21:36.815121+00:00,40383,1249514,4136488,1
2026-09-20T11:21:36.830120+00:00,40384,1249539,4089894,1
2026-09-20T11:21:36.862206+00:00,40385,1249565,4051968,1
2026-09-20T11:21:36.878207+00:00,40386,1249590,4025353,1
2026-09-20T11:21:36.910136+00:00,40387,1249615,3997743,1
2026-09-20T11:21:36.942121+00:00,40388,1249640,3960152,1
2026-09-20T11:21:36.958121+00:00,40389,1249665,3938072,1
2026-09-20T11:21:36.991127+00:00,40390,1249691,3905967,1
2026-09-20T11:21:37.006253+00:00,40391,1249716,3802790,1
2026-09-20T11:21:37.038248+00:00,40392,1249741,3428131,1
2026-09-20T11:21:37.070238+00:00,40393,1249766,2529817,1
2026-09-20T11:21:37.086238+00:00,40394,1249791,1515737,1
2026-09-20T11:21:37.118793+00:00,40395,1249816,957207,1
2026-09-20T11:21:37.134432+00:00,40396,1249842,1311348,1
2026-09-20T11:21:37.166819+00:00,40397,1249867,2326834,1
2026-09-20T11:21:37.182247+00:00,40398,1249892,3030939,1
2026-09-20T11:21:37.214258+00:00,40399,1249917,3359105,1
2026-09-20T11:21:37.246256+00:00,40400,1249942,3545159,1
2026-09-20T11:21:37.262247+00:00,40401,1249968,3671339,1
2026-09-20T11:21:37.294247+00:00,40402,1249993,3759647,1
2026-09-20T11:21:37.310235+00:00,40403,1250018,3820316,1
2026-09-20T11:21:37.342301+00:00,40404,1250043,3861790,1
2026-09-20T11:21:37.358955+00:00,40405,1250068,3889034,1
2026-09-20T11:21:37.390238+00:00,40406,1250094,3906280,1
2026-09-20T11:21:37.422879+00:00,40407,1250119,3917402,1
2026-09-20T11:21:37.439480+00:00,40408,1250144,3924313,1
2026-09-20T11:21:37.470231+00:00,40409,1250169,3929064,1
2026-09-20T11:21:37.486258+00:00,40410,1250194,3932786,1
2026-09-20T11:21:37.519498+00:00,40411,1250220,3934884,1
2026-09-20T11:21:37.534419+00:00,40412,1250245,3935964,1
2026-09-20T11:21:37.566340+00:00,40413,1250270,3937421,1
2026-09-20T11:21:37.598233+00:00,40414,1250295,3938187,1
2026-09-20T11:21:37.647451+00:00,40415,1250348,3939111,1
2026-09-20T11:21:37.662247+00:00,40416,1250371,3939935,1
2026-09-20T11:21:37.694228+00:00,40417,1250396,3939933,1
2026-09-20T11:21:37.710236+00:00,40418,1250421,3939775,1
2026-09-20T11:21:37.742600+00:00,40419,1250446,3940091,1
2026-09-20T11:21:37.774229+00:00,40420,1250471,3940220,1
2026-09-20T11:21:37.790219+00:00,40421,1250497,3940211,1
2026-09-20T11:21:37.823210+00:00,40422,1250522,3940787,1
2026-09-20T11:21:37.838223+00:00,40423,1250547,3941693,1
2026-09-20T11:21:37.870124+00:00,40424,1250572,3941380,1
2026-09-20T11:21:37.886250+00:00,40425,1250597,3940960,1
2026-09-20T11:21:37.919108+00:00,40426,1250623,3941237,1
2026-09-20T11:21:37.951115+00:00,40427,1250648,3941722,1
2026-09-20T11:21:37.968105+00:00,40428,1250673,3941719,1
2026-09-20T11:21:37.999255+00:00,40429,1250698,3941377,1
2026-09-20T11:21:38.014394+00:00,40430,1250723,3941105,1
2026-09-20T11:21:38.046415+00:00,40431,1250749,3941070,1
2026-09-20T11:21:38.062855+00:00,40432,1250774,3941478,1
2026-09-20T11:21:38.095260+00:00,40433,1250799,3941725,1
2026-09-20T11:21:38.126286+00:00,40434,1250824,3941173,1
2026-09-20T11:21:38.142224+00:00,40435,1250849,3941622,1
2026-09-20T11:21:38.174231+00:00,40436,1250875,3941917,1
2026-09-20T11:21:38.191086+00:00,40437,1250900,3941462,1
2026-09-20T11:21:38.222236+00:00,40438,1250925,3941448,1
2026-09-20T11:21:38.238233+00:00,40439,1250950,3941393,1
2026-09-20T11:21:38.270238+00:00,40440,1250975,3941572,1
2026-09-20T11:21:38.302313+00:00,40441,1251000,3941480,1
2026-09-20T11:21:38.319407+00:00,40442,1251026,3941020,1
2026-09-20T11:21:38.351385+00:00,40443,1251051,3941338,1
2026-09-20T11:21:38.366209+00:00,40444,1251076,3941504,1
2026-09-20T11:21:38.399266+00:00,40445,1251101,3941565,1
2026-09-20T11:21:38.430222+00:00,40446,1251126,3941719,1
2026-09-20T11:21:38.446269+00:00,40447,1251152,3941564,1
2026-09-20T11:21:38.479336+00:00,40448,1251177,3942117,1
2026-09-20T11:21:38.494220+00:00,40449,1251202,3942407,1
2026-09-20T11:21:38.527267+00:00,40450,1251227,3942169,1
2026-09-20T11:21:38.542214+00:00,40451,1251252,3942375,1
2026-09-20T11:21:38.576322+00:00,40452,1251278,3942916,1
2026-09-20T11:21:38.606223+00:00,40453,1251303,3943143,1
2026-09-20T11:21:38.622211+00:00,40454,1251328,3942569,1
2026-09-20T11:21:38.655176+00:00,40455,1251353,3942404,1
2026-09-20T11:21:38.671431+00:00,40456,1251378,3942368,1
2026-09-20T11:21:38.702685+00:00,40457,1251403,3941803,1
2026-09-20T11:21:38.718218+00:00,40458,1251429,3942116,1
2026-09-20T11:21:38.751111+00:00,40459,1251454,3942709,1
2026-09-20T11:21:38.782212+00:00,40460,1251479,3942239,1
2026-09-20T11:21:38.799239+00:00,40461,1251504,3942109,1
2026-09-20T11:21:38.830235+00:00,40462,1251529,3942343,1
2026-09-20T11:21:38.846235+00:00,40463,1251555,3942482,1
2026-09-20T11:21:38.878246+00:00,40464,1251580,3942285,1
2026-09-20T11:21:38.894236+00:00,40465,1251605,3942033,1
2026-09-20T11:21:38.926236+00:00,40466,1251630,3942353,1
2026-09-20T11:21:38.958236+00:00,40467,1251655,3942241,1
2026-09-20T11:21:38.974191+00:00,40468,1251681,3941788,1
2026-09-20T11:21:39.006197+00:00,40469,1251706,3941631,1
2026-09-20T11:21:39.022623+00:00,40470,1251731,3941785,1
2026-09-20T11:21:39.054193+00:00,40471,1251756,3941253,1
2026-09-20T11:21:39.070190+00:00,40472,1251781,3940724,1
2026-09-20T11:21:39.102189+00:00,40473,1251807,3940996,1
2026-09-20T11:21:39.134193+00:00,40474,1251832,3941769,1
2026-09-20T11:21:39.151569+00:00,40475,1251857,3941719,1
2026-09-20T11:21:39.182383+00:00,40476,1251882,3941829,1
2026-09-20T11:21:39.198056+00:00,40477,1251907,3942350,1
2026-09-20T11:21:39.230217+00:00,40478,1251932,3943266,1
2026-09-20T11:21:39.246200+00:00,40479,1251958,3943442,1
2026-09-20T11:21:39.278215+00:00,40480,1251983,3942839,1
2026-09-20T11:21:39.310189+00:00,40481,1252008,3943081,1
2026-09-20T11:21:39.327232+00:00,40482,1252033,3943334,1
2026-09-20T11:21:39.358184+00:00,40483,1252058,3942894,1
2026-09-20T11:21:39.374192+00:00,40484,1252084,3942582,1
2026-09-20T11:21:39.406189+00:00,40485,1252109,3942892,1
2026-09-20T11:21:39.422197+00:00,40486,1252134,3943024,1
2026-09-20T11:21:39.455206+00:00,40487,1252159,3942453,1
2026-09-20T11:21:39.488622+00:00,40488,1252184,3942355,1
2026-09-20T11:21:39.503158+00:00,40489,1252210,3942770,1
2026-09-20T11:21:39.534207+00:00,40490,1252235,3943158,1
2026-09-20T11:21:39.551660+00:00,40491,1252260,3942924,1
2026-09-20T11:21:39.582181+00:00,40492,1252285,3942354,1
2026-09-20T11:21:39.600285+00:00,40493,1252310,3942127,1
2026-09-20T11:21:39.630188+00:00,40494,1252336,3942906,1
2026-09-20T11:21:39.666318+00:00,40495,1252361,3942817,1
2026-09-20T11:21:39.678193+00:00,40496,1252386,3942597,1
2026-09-20T11:21:39.710181+00:00,40497,1252411,3942626,1
2026-09-20T11:21:39.726181+00:00,40498,1252436,3943015,1
2026-09-20T11:21:39.758329+00:00,40499,1252461,3942996,1
2026-09-20T11:21:39.789949+00:00,40500,1252487,3943168,1
2026-09-20T11:21:39.808000+00:00,40501,1252512,3943051,1
2026-09-20T11:21:39.838984+00:00,40502,1252537,3942727,1
2026-09-20T11:21:39.854195+00:00,40503,1252562,3942793,1
2026-09-20T11:21:39.886987+00:00,40504,1252587,3943014,1
2026-09-20T11:21:39.902200+00:00,40505,1252613,3942360,1
2026-09-20T11:21:39.924878+00:00,40506,1252638,3942000,1
2026-09-20T11:21:39.965744+00:00,40507,1252663,3941953,1
2026-09-20T11:21:39.982768+00:00,40508,1252688,3941781,1
2026-09-20T11:21:40.014183+00:00,40509,1252713,3940931,1
2026-09-20T11:21:40.030252+00:00,40510,1252739,3940586,1
2026-09-20T11:21:40.062170+00:00,40511,1252764,3940215,1
2026-09-20T11:21:40.078173+00:00,40512,1252789,3940215,1
2026-09-20T11:21:40.111962+00:00,40513,1252814,3940434,1
2026-09-20T11:21:40.142168+00:00,40514,1252839,3939461,1
2026-09-20T11:21:40.159109+00:00,40515,1252865,3939179,1
2026-09-20T11:21:40.191071+00:00,40516,1252890,3939225,1
2026-09-20T11:21:40.206965+00:00,40517,1252915,3939149,1
2026-09-20T11:21:40.238965+00:00,40518,1252940,3939194,1
2026-09-20T11:21:40.254010+00:00,40519,1252965,3939208,1
2026-09-20T11:21:40.286164+00:00,40520,1252990,3939303,1
2026-09-20T11:21:40.317798+00:00,40521,1253016,3938952,1
2026-09-20T11:21:40.334447+00:00,40522,1253041,3939363,1
2026-09-20T11:21:40.366105+00:00,40523,1253066,3939589,1
2026-09-20T11:21:40.383202+00:00,40524,1253091,3939484,1
2026-09-20T11:21:40.414155+00:00,40525,1253116,3939512,1
2026-09-20T11:21:40.430171+00:00,40526,1253142,3939136,1
2026-09-20T11:21:40.462152+00:00,40527,1253167,3938302,1
2026-09-20T11:21:40.494108+00:00,40528,1253192,3938203,1
2026-09-20T11:21:40.510161+00:00,40529,1253217,3938841,1
2026-09-20T11:21:40.542147+00:00,40530,1253242,3938612,1
2026-09-20T11:21:40.558207+00:00,40531,1253268,3938798,1
2026-09-20T11:21:40.590162+00:00,40532,1253293,3939136,1
2026-09-20T11:21:40.606154+00:00,40533,1253318,3938985,1
2026-09-20T11:21:40.638149+00:00,40534,1253343,3938422,1
2026-09-20T11:21:40.670145+00:00,40535,1253368,3938088,1
2026-09-20T11:21:40.686490+00:00,40536,1253394,3938030,1
2026-09-20T11:21:40.719903+00:00,40537,1253419,3937724,1
2026-09-20T11:21:40.735492+00:00,40538,1253444,3937632,1
2026-09-20T11:21:40.767353+00:00,40539,1253469,3938748,1
2026-09-20T11:21:40.783639+00:00,40540,1253494,3938974,1
2026-09-20T11:21:40.814559+00:00,40541,1253520,3938888,1
2026-09-20T11:21:40.846557+00:00,40542,1253545,3938734,1
2026-09-20T11:21:40.862557+00:00,40543,1253570,3938930,1
2026-09-20T11:21:40.894608+00:00,40544,1253595,3938123,1
2026-09-20T11:21:40.910554+00:00,40545,1253620,3937507,1
2026-09-20T11:21:40.942555+00:00,40546,1253645,3937894,1
2026-09-20T11:21:40.974152+00:00,40547,1253671,3938073,1
2026-09-20T11:21:40.990163+00:00,40548,1253696,3937763,1
2026-09-20T11:21:41.022507+00:00,40549,1253721,3937322,1
2026-09-20T11:21:41.038135+00:00,40550,1253746,3937198,1
2026-09-20T11:21:41.070129+00:00,40551,1253771,3936229,1
2026-09-20T11:21:41.086160+00:00,40552,1253797,3935978,1
2026-09-20T11:21:41.118149+00:00,40553,1253822,3936560,1
2026-09-20T11:21:41.150280+00:00,40554,1253847,3936321,1
2026-09-20T11:21:41.166803+00:00,40555,1253872,3936069,1
2026-09-20T11:21:41.199205+00:00,40556,1253897,3936559,1
2026-09-20T11:21:41.215292+00:00,40557,1253923,3938035,1
2026-09-20T11:21:41.246161+00:00,40558,1253948,3938614,1
2026-09-20T11:21:41.263235+00:00,40559,1253973,3937567,1
2026-09-20T11:21:41.295240+00:00,40560,1253998,3936842,1
2026-09-20T11:21:41.326610+00:00,40561,1254023,3937459,1
2026-09-20T11:21:41.342143+00:00,40562,1254049,3940799,1
2026-09-20T11:21:41.374149+00:00,40563,1254074,3949855,1
2026-09-20T11:21:41.390152+00:00,40564,1254099,3964307,1
2026-09-20T11:21:41.422193+00:00,40565,1254124,3991144,1
2026-09-20T11:21:41.438127+00:00,40566,1254149,4051210,1
2026-09-20T11:21:41.471012+00:00,40567,1254174,4146899,1
2026-09-20T11:21:41.502137+00:00,40568,1254200,4300217,1
2026-09-20T11:21:41.519061+00:00,40569,1254225,4510106,1
2026-09-20T11:21:41.550112+00:00,40570,1254250,4710702,1
2026-09-20T11:21:41.567175+00:00,40571,1254275,4864021,1
2026-09-20T11:21:41.598154+00:00,40572,1254300,4929867,1
2026-09-20T11:21:41.614131+00:00,40573,1254326,4878592,1
2026-09-20T11:21:41.646586+00:00,40574,1254351,4785915,1
2026-09-20T11:21:41.678140+00:00,40575,1254376,4680027,1
2026-09-20T11:21:41.694140+00:00,40576,1254401,4584162,1
2026-09-20T11:21:41.726141+00:00,40577,1254426,4491945,1
2026-09-20T11:21:41.742162+00:00,40578,1254452,4384699,1
2026-09-20T11:21:41.774115+00:00,40579,1254477,4275971,1
2026-09-20T11:21:41.789980+00:00,40580,1254502,4158028,1
2026-09-20T11:21:41.822374+00:00,40581,1254527,4026278,1
2026-09-20T11:21:41.854387+00:00,40582,1254552,3812989,1
2026-09-20T11:21:41.870374+00:00,40583,1254578,3384786,1
2026-09-20T11:21:41.902374+00:00,40584,1254603,2746026,1
2026-09-20T11:21:41.920384+00:00,40585,1254628,1960703,1
2026-09-20T11:21:41.950374+00:00,40586,1254653,1372423,1
2026-09-20T11:21:41.967376+00:00,40587,1254678,1545915,1
2026-09-20T11:21:41.999145+00:00,40588,1254704,2408451,1
2026-09-20T11:21:42.030145+00:00,40589,1254729,3077106,1
2026-09-20T11:21:42.046116+00:00,40590,1254754,3389620,1
2026-09-20T11:21:42.078998+00:00,40591,1254779,3567369,1
2026-09-20T11:21:42.095146+00:00,40592,1254804,3688788,1
2026-09-20T11:21:42.126127+00:00,40593,1254829,3773241,1
2026-09-20T11:21:42.141978+00:00,40594,1254855,3830441,1
2026-09-20T11:21:42.174113+00:00,40595,1254880,3867782,1
2026-09-20T11:21:42.207152+00:00,40596,1254905,3892114,1
2026-09-20T11:21:42.223262+00:00,40597,1254930,3907286,1
2026-09-20T11:21:42.254174+00:00,40598,1254955,3916937,1
2026-09-20T11:21:42.270108+00:00,40599,1254981,3923818,1
2026-09-20T11:21:42.302121+00:00,40600,1255006,3928013,1
2026-09-20T11:21:42.334116+00:00,40601,1255031,3930571,1
2026-09-20T11:21:42.350108+00:00,40602,1255056,3932835,1
2026-09-20T11:21:42.383156+00:00,40603,1255081,3934209,1
2026-09-20T11:21:42.399155+00:00,40604,1255107,3935044,1
2026-09-20T11:21:42.431216+00:00,40605,1255132,3935747,1
2026-09-20T11:21:42.478965+00:00,40606,1255181,3936844,1
2026-09-20T11:21:42.480963+00:00,40607,1255189,3937504,1
2026-09-20T11:21:42.510179+00:00,40608,1255207,3937099,1
2026-09-20T11:21:42.527146+00:00,40609,1255233,3937021,1
2026-09-20T11:21:42.558193+00:00,40610,1255258,3937345,1
2026-09-20T11:21:42.574111+00:00,40611,1255283,3937918,1
2026-09-20T11:21:42.607244+00:00,40612,1255308,3938574,1
2026-09-20T11:21:42.622115+00:00,40613,1255333,3939155,1
2026-09-20T11:21:42.654190+00:00,40614,1255359,3938434,1
2026-09-20T11:21:42.686112+00:00,40615,1255384,3938121,1
2026-09-20T11:21:42.702109+00:00,40616,1255409,3938137,1
2026-09-20T11:21:42.737796+00:00,40617,1255434,3938809,1
2026-09-20T11:21:42.753239+00:00,40618,1255459,3938371,1
2026-09-20T11:21:42.788216+00:00,40619,1255484,3937572,1
2026-09-20T11:21:42.799201+00:00,40620,1255510,3937699,1
2026-09-20T11:21:42.830287+00:00,40621,1255535,3937627,1
2026-09-20T11:21:42.862198+00:00,40622,1255560,3937821,1
2026-09-20T11:21:42.878203+00:00,40623,1255585,3938033,1
2026-09-20T11:21:42.911203+00:00,40624,1255610,3937534,1
2026-09-20T11:21:42.926200+00:00,40625,1255636,3937093,1
2026-09-20T11:21:42.959200+00:00,40626,1255661,3936730,1
2026-09-20T11:21:42.974093+00:00,40627,1255686,3937162,1
2026-09-20T11:21:43.006090+00:00,40628,1255711,3937642,1
2026-09-20T11:21:43.038082+00:00,40629,1255736,3937825,1
2026-09-20T11:21:43.054083+00:00,40630,1255762,3937963,1
2026-09-20T11:21:43.086501+00:00,40631,1255787,3938313,1
2026-09-20T11:21:43.102059+00:00,40632,1255812,3938408,1
2026-09-20T11:21:43.134028+00:00,40633,1255837,3938281,1
2026-09-20T11:21:43.151110+00:00,40634,1255862,3938691,1
2026-09-20T11:21:43.182087+00:00,40635,1255888,3939117,1
2026-09-20T11:21:43.214100+00:00,40636,1255913,3939368,1
2026-09-20T11:21:43.230091+00:00,40637,1255938,3938705,1
2026-09-20T11:21:43.262112+00:00,40638,1255963,3939224,1
2026-09-20T11:21:43.279273+00:00,40639,1255988,3939581,1
2026-09-20T11:21:43.310104+00:00,40640,1256013,3940126,1
2026-09-20T11:21:43.326089+00:00,40641,1256039,3940201,1
2026-09-20T11:21:43.359173+00:00,40642,1256064,3940132,1
2026-09-20T11:21:43.390087+00:00,40643,1256089,3939904,1
2026-09-20T11:21:43.406082+00:00,40644,1256114,3940106,1
2026-09-20T11:21:43.439376+00:00,40645,1256139,3940079,1
2026-09-20T11:21:43.454124+00:00,40646,1256165,3939815,1
2026-09-20T11:21:43.487491+00:00,40647,1256190,3939375,1
2026-09-20T11:21:43.518727+00:00,40648,1256215,3939524,1
2026-09-20T11:21:43.535525+00:00,40649,1256240,3939326,1
2026-09-20T11:21:43.567442+00:00,40650,1256265,3939691,1
2026-09-20T11:21:43.584195+00:00,40651,1256291,3939832,1
2026-09-20T11:21:43.616184+00:00,40652,1256316,3940259,1
2026-09-20T11:21:43.630107+00:00,40653,1256341,3941695,1
2026-09-20T11:21:43.662118+00:00,40654,1256366,3941740,1
2026-09-20T11:21:43.694105+00:00,40655,1256391,3941115,1
2026-09-20T11:21:43.709787+00:00,40656,1256417,3941152,1
2026-09-20T11:21:43.743305+00:00,40657,1256442,3940888,1
2026-09-20T11:21:43.758100+00:00,40658,1256467,3941145,1
2026-09-20T11:21:43.790609+00:00,40659,1256492,3940577,1
2026-09-20T11:21:43.806534+00:00,40660,1256517,3939539,1
2026-09-20T11:21:43.838536+00:00,40661,1256543,3939787,1
2026-09-20T11:21:43.870535+00:00,40662,1256568,3939888,1
2026-09-20T11:21:43.886536+00:00,40663,1256593,3939682,1
2026-09-20T11:21:43.919535+00:00,40664,1256618,3939663,1
2026-09-20T11:21:43.934535+00:00,40665,1256643,3940005,1
2026-09-20T11:21:43.966535+00:00,40666,1256668,3939870,1
2026-09-20T11:21:43.982544+00:00,40667,1256694,3939576,1
2026-09-20T11:21:43.999807+00:00,40668,1256719,3940413,1
2026-09-20T11:21:44.046063+00:00,40669,1256744,3940507,1
2026-09-20T11:21:44.062070+00:00,40670,1256769,3940381,1
2026-09-20T11:21:44.093690+00:00,40671,1256794,3941183,1
2026-09-20T11:21:44.110080+00:00,40672,1256820,3941690,1
2026-09-20T11:21:44.142362+00:00,40673,1256845,3941792,1
2026-09-20T11:21:44.159105+00:00,40674,1256870,3941820,1
2026-09-20T11:21:44.190121+00:00,40675,1256895,3942066,1
2026-09-20T11:21:44.222067+00:00,40676,1256920,3941833,1
2026-09-20T11:21:44.238067+00:00,40677,1256946,3941922,1
2026-09-20T11:21:44.270392+00:00,40678,1256971,3942315,1
2026-09-20T11:21:44.286060+00:00,40679,1256996,3942432,1
2026-09-20T11:21:44.319104+00:00,40680,1257021,3942424,1
2026-09-20T11:21:44.334464+00:00,40681,1257046,3942323,1
2026-09-20T11:21:44.366613+00:00,40682,1257072,3941939,1
2026-09-20T11:21:44.399596+00:00,40683,1257097,3941794,1
2026-09-20T11:21:44.414083+00:00,40684,1257122,3941305,1
2026-09-20T11:21:44.446066+00:00,40685,1257147,3940658,1
2026-09-20T11:21:44.463102+00:00,40686,1257172,3940871,1
2026-09-20T11:21:44.496147+00:00,40687,1257198,3942005,1
2026-09-20T11:21:44.510070+00:00,40688,1257223,3942650,1
2026-09-20T11:21:44.542748+00:00,40689,1257248,3942077,1
2026-09-20T11:21:44.574091+00:00,40690,1257273,3942201,1
2026-09-20T11:21:44.590080+00:00,40691,1257298,3941798,1
2026-09-20T11:21:44.622052+00:00,40692,1257323,3941677,1
2026-09-20T11:21:44.638078+00:00,40693,1257349,3941881,1
2026-09-20T11:21:44.670898+00:00,40694,1257374,3942050,1
2026-09-20T11:21:44.702226+00:00,40695,1257399,3942431,1
2026-09-20T11:21:44.718684+00:00,40696,1257424,3942195,1
2026-09-20T11:21:44.750139+00:00,40697,1257449,3941561,1
2026-09-20T11:21:44.766912+00:00,40698,1257475,3940884,1
2026-09-20T11:21:44.800448+00:00,40699,1257500,3939914,1
2026-09-20T11:21:44.814450+00:00,40700,1257525,3938740,1
2026-09-20T11:21:44.846448+00:00,40701,1257550,3939515,1
2026-09-20T11:21:44.878447+00:00,40702,1257575,3939321,1
2026-09-20T11:21:44.894449+00:00,40703,1257601,3940014,1
2026-09-20T11:21:44.926448+00:00,40704,1257626,3939629,1
2026-09-20T11:21:44.942449+00:00,40705,1257651,3939190,1
2026-09-20T11:21:44.975447+00:00,40706,1257676,3939053,1
2026-09-20T11:21:44.990092+00:00,40707,1257701,3936819,1
2026-09-20T11:21:45.022039+00:00,40708,1257727,3936140,1
2026-09-20T11:21:45.054065+00:00,40709,1257752,3936887,1
2026-09-20T11:21:45.070072+00:00,40710,1257777,3937121,1
2026-09-20T11:21:45.102133+00:00,40711,1257802,3937089,1
2026-09-20T11:21:45.118062+00:00,40712,1257827,3937313,1
2026-09-20T11:21:45.150399+00:00,40713,1257853,3937271,1
2026-09-20T11:21:45.166794+00:00,40714,1257878,3937767,1
2026-09-20T11:21:45.197922+00:00,40715,1257903,3937655,1
2026-09-20T11:21:45.230051+00:00,40716,1257928,3937825,1
2026-09-20T11:21:45.246057+00:00,40717,1257953,3938271,1
2026-09-20T11:21:45.279068+00:00,40718,1257979,3938480,1
2026-09-20T11:21:45.295077+00:00,40719,1258004,3938287,1
2026-09-20T11:21:45.326038+00:00,40720,1258029,3937695,1
2026-09-20T11:21:45.342045+00:00,40721,1258054,3938405,1
2026-09-20T11:21:45.374055+00:00,40722,1258079,3939257,1
2026-09-20T11:21:45.406034+00:00,40723,1258104,3939049,1
2026-09-20T11:21:45.422038+00:00,40724,1258130,3938882,1
2026-09-20T11:21:45.454025+00:00,40725,1258155,3938445,1
2026-09-20T11:21:45.470030+00:00,40726,1258180,3938377,1
2026-09-20T11:21:45.502034+00:00,40727,1258205,3938445,1
2026-09-20T11:21:45.519052+00:00,40728,1258230,3938058,1
2026-09-20T11:21:45.551150+00:00,40729,1258256,3937649,1
2026-09-20T11:21:45.583082+00:00,40730,1258281,3938122,1
2026-09-20T11:21:45.600125+00:00,40731,1258306,3938159,1
2026-09-20T11:21:45.631300+00:00,40732,1258331,3937724,1
2026-09-20T11:21:45.647215+00:00,40733,1258356,3937091,1
2026-09-20T11:21:45.678058+00:00,40734,1258382,3936693,1
2026-09-20T11:21:45.695311+00:00,40735,1258407,3937252,1
2026-09-20T11:21:45.726028+00:00,40736,1258432,3937644,1
2026-09-20T11:21:45.758063+00:00,40737,1258457,3937144,1
2026-09-20T11:21:45.774090+00:00,40738,1258482,3936673,1
2026-09-20T11:21:45.806422+00:00,40739,1258507,3937241,1
2026-09-20T11:21:45.822436+00:00,40740,1258533,3937479,1
2026-09-20T11:21:45.854422+00:00,40741,1258558,3938049,1
2026-09-20T11:21:45.870421+00:00,40742,1258583,3939110,1
2026-09-20T11:21:45.902425+00:00,40743,1258608,3939741,1
2026-09-20T11:21:45.935422+00:00,40744,1258633,3939717,1
2026-09-20T11:21:45.950422+00:00,40745,1258659,3939279,1
2026-09-20T11:21:46.000433+00:00,40746,1258684,3939912,1
2026-09-20T11:21:46.002925+00:00,40747,1258709,3940902,1
2026-09-20T11:21:46.030424+00:00,40748,1258734,3942373,1
2026-09-20T11:21:46.062171+00:00,40749,1258759,3944210,1
2026-09-20T11:21:46.078040+00:00,40750,1258785,3947881,1
2026-09-20T11:21:46.110020+00:00,40751,1258810,3959101,1
2026-09-20T11:21:46.126026+00:00,40752,1258835,3991235,1
2026-09-20T11:21:46.158016+00:00,40753,1258860,4050007,1
2026-09-20T11:21:46.174005+00:00,40754,1258885,4142170,1
2026-09-20T11:21:46.206012+00:00,40755,1258911,4318921,1
2026-09-20T11:21:46.238015+00:00,40756,1258936,4588537,1
2026-09-20T11:21:46.254007+00:00,40757,1258961,4792378,1
2026-09-20T11:21:46.286037+00:00,40758,1258986,4863927,1
2026-09-20T11:21:46.302784+00:00,40759,1259011,4833301,1
2026-09-20T11:21:46.334804+00:00,40760,1259037,4746302,1
2026-09-20T11:21:46.350478+00:00,40761,1259062,4606782,1
2026-09-20T11:21:46.382013+00:00,40762,1259087,4473297,1
2026-09-20T11:21:46.414025+00:00,40763,1259112,4382714,1
2026-09-20T11:21:46.430672+00:00,40764,1259137,4323404,1
2026-09-20T11:21:46.463041+00:00,40765,1259162,4248927,1
2026-09-20T11:21:46.478012+00:00,40766,1259188,4190902,1
2026-09-20T11:21:46.510036+00:00,40767,1259213,4153239,1
2026-09-20T11:21:46.527220+00:00,40768,1259238,4107764,1
2026-09-20T11:21:46.558012+00:00,40769,1259263,4047056,1
2026-09-20T11:21:46.590020+00:00,40770,1259288,3988151,1
2026-09-20T11:21:46.606002+00:00,40771,1259314,3946693,1
2026-09-20T11:21:46.638008+00:00,40772,1259339,3912879,1
2026-09-20T11:21:46.654067+00:00,40773,1259364,3794101,1
2026-09-20T11:21:46.687645+00:00,40774,1259389,3375228,1
2026-09-20T11:21:46.702031+00:00,40775,1259414,2479197,1
2026-09-20T11:21:46.735265+00:00,40776,1259440,1561847,1
2026-09-20T11:21:46.766142+00:00,40777,1259465,1265993,1
2026-09-20T11:21:46.786932+00:00,40778,1259490,1853168,1
2026-09-20T11:21:46.814103+00:00,40779,1259515,2735345,1
2026-09-20T11:21:46.831107+00:00,40780,1259540,3234253,1
2026-09-20T11:21:46.862111+00:00,40781,1259566,3475729,1
2026-09-20T11:21:46.878103+00:00,40782,1259591,3625351,1
2026-09-20T11:21:46.910103+00:00,40783,1259616,3727314,1
2026-09-20T11:21:46.944180+00:00,40784,1259641,3797560,1
2026-09-20T11:21:46.961106+00:00,40785,1259666,3844699,1
2026-09-20T11:21:46.990107+00:00,40786,1259692,3875281,1
2026-09-20T11:21:47.006015+00:00,40787,1259717,3895084,1
2026-09-20T11:21:47.038006+00:00,40788,1259742,3908007,1
2026-09-20T11:21:47.054007+00:00,40789,1259767,3916067,1
2026-09-20T11:21:47.086011+00:00,40790,1259792,3921163,1
2026-09-20T11:21:47.118799+00:00,40791,1259817,3924905,1
2026-09-20T11:21:47.134980+00:00,40792,1259843,3927215,1
2026-09-20T11:21:47.166088+00:00,40793,1259868,3928973,1
2026-09-20T11:21:47.181999+00:00,40794,1259893,3930254,1
2026-09-20T11:21:47.214009+00:00,40795,1259918,3931137,1
2026-09-20T11:21:47.246018+00:00,40796,1259943,3931505,1
2026-09-20T11:21:47.294011+00:00,40797,1259992,3931926,1
2026-09-20T11:21:47.296038+00:00,40798,1260001,3932015,1
2026-09-20T11:21:47.311077+00:00,40799,1260019,3932895,1
2026-09-20T11:21:47.341992+00:00,40800,1260044,3933467,1
2026-09-20T11:21:47.358004+00:00,40801,1260069,3933716,1
2026-09-20T11:21:47.389992+00:00,40802,1260095,3934098,1
2026-09-20T11:21:47.421983+00:00,40803,1260120,3934150,1
2026-09-20T11:21:47.438030+00:00,40804,1260145,3934432,1
2026-09-20T11:21:47.469974+00:00,40805,1260170,3934133,1
2026-09-20T11:21:47.488596+00:00,40806,1260195,3933979,1
2026-09-20T11:21:47.517965+00:00,40807,1260221,3934063,1
2026-09-20T11:21:47.534761+00:00,40808,1260246,3934285,1
2026-09-20T11:21:47.567863+00:00,40809,1260271,3934997,1
2026-09-20T11:21:47.599808+00:00,40810,1260296,3934843,1
2026-09-20T11:21:47.616130+00:00,40811,1260321,3934810,1
2026-09-20T11:21:47.647226+00:00,40812,1260347,3934384,1
2026-09-20T11:21:47.664110+00:00,40813,1260372,3934747,1
2026-09-20T11:21:47.696157+00:00,40814,1260397,3935197,1
2026-09-20T11:21:47.711778+00:00,40815,1260422,3934590,1
2026-09-20T11:21:47.741990+00:00,40816,1260447,3934519,1
2026-09-20T11:21:47.773980+00:00,40817,1260473,3934975,1
2026-09-20T11:21:47.789987+00:00,40818,1260498,3934953,1
2026-09-20T11:21:47.822010+00:00,40819,1260523,3934956,1
2026-09-20T11:21:47.838010+00:00,40820,1260548,3935386,1
2026-09-20T11:21:47.870010+00:00,40821,1260573,3935775,1
2026-09-20T11:21:47.887013+00:00,40822,1260598,3935479,1
2026-09-20T11:21:47.918010+00:00,40823,1260624,3935348,1
2026-09-20T11:21:47.951014+00:00,40824,1260649,3935093,1
2026-09-20T11:21:47.966053+00:00,40825,1260674,3935428,1
2026-09-20T11:21:47.997977+00:00,40826,1260699,3935635,1
2026-09-20T11:21:48.013965+00:00,40827,1260724,3935498,1
2026-09-20T11:21:48.045972+00:00,40828,1260750,3935318,1
2026-09-20T11:21:48.063151+00:00,40829,1260775,3935111,1
2026-09-20T11:21:48.093969+00:00,40830,1260800,3935108,1
2026-09-20T11:21:48.126468+00:00,40831,1260825,3935304,1
2026-09-20T11:21:48.141960+00:00,40832,1260850,3935359,1
2026-09-20T11:21:48.173955+00:00,40833,1260876,3935623,1
2026-09-20T11:21:48.190896+00:00,40834,1260901,3936318,1
2026-09-20T11:21:48.221959+00:00,40835,1260926,3936600,1
2026-09-20T11:21:48.237969+00:00,40836,1260951,3937125,1
2026-09-20T11:21:48.269962+00:00,40837,1260976,3937689,1
2026-09-20T11:21:48.301982+00:00,40838,1261002,3937860,1
2026-09-20T11:21:48.317961+00:00,40839,1261027,3938053,1
2026-09-20T11:21:48.351156+00:00,40840,1261052,3938611,1
2026-09-20T11:21:48.366797+00:00,40841,1261077,3938438,1
2026-09-20T11:21:48.399614+00:00,40842,1261102,3937616,1
2026-09-20T11:21:48.416042+00:00,40843,1261127,3938315,1
2026-09-20T11:21:48.447214+00:00,40844,1261153,3938965,1
2026-09-20T11:21:48.479151+00:00,40845,1261178,3938831,1
2026-09-20T11:21:48.495238+00:00,40846,1261203,3939261,1
2026-09-20T11:21:48.527054+00:00,40847,1261228,3938945,1
2026-09-20T11:21:48.541978+00:00,40848,1261253,3938369,1
2026-09-20T11:21:48.573963+00:00,40849,1261279,3938170,1
2026-09-20T11:21:48.605977+00:00,40850,1261304,3938188,1
2026-09-20T11:21:48.621957+00:00,40851,1261329,3937943,1
2026-09-20T11:21:48.653959+00:00,40852,1261354,3938167,1
2026-09-20T11:21:48.670845+00:00,40853,1261379,3937795,1
2026-09-20T11:21:48.701907+00:00,40854,1261405,3938263,1
2026-09-20T11:21:48.717998+00:00,40855,1261430,3938456,1
2026-09-20T11:21:48.750151+00:00,40856,1261455,3939354,1
2026-09-20T11:21:48.783557+00:00,40857,1261480,3940501,1
2026-09-20T11:21:48.798568+00:00,40858,1261505,3941713,1
2026-09-20T11:21:48.830656+00:00,40859,1261531,3942429,1
2026-09-20T11:21:48.846656+00:00,40860,1261556,3942373,1
2026-09-20T11:21:48.878554+00:00,40861,1261581,3942231,1
2026-09-20T11:21:48.894555+00:00,40862,1261606,3941806,1
2026-09-20T11:21:48.924692+00:00,40863,1261631,3941026,1
2026-09-20T11:21:48.957949+00:00,40864,1261656,3941315,1
2026-09-20T11:21:48.973938+00:00,40865,1261682,3941234,1
2026-09-20T11:21:49.005951+00:00,40866,1261707,3941078,1
2026-09-20T11:21:49.021937+00:00,40867,1261732,3940630,1
2026-09-20T11:21:49.053956+00:00,40868,1261757,3941297,1
2026-09-20T11:21:49.069954+00:00,40869,1261782,3941289,1
2026-09-20T11:21:49.101921+00:00,40870,1261808,3941188,1
2026-09-20T11:21:49.133658+00:00,40871,1261833,3941827,1
2026-09-20T11:21:49.150149+00:00,40872,1261858,3941542,1
2026-09-20T11:21:49.181941+00:00,40873,1261883,3941852,1
2026-09-20T11:21:49.198447+00:00,40874,1261908,3941748,1
2026-09-20T11:21:49.229951+00:00,40875,1261934,3941871,1
2026-09-20T11:21:49.245942+00:00,40876,1261959,3942323,1
2026-09-20T11:21:49.277974+00:00,40877,1261984,3942735,1
2026-09-20T11:21:49.309935+00:00,40878,1262009,3942780,1
2026-09-20T11:21:49.325947+00:00,40879,1262034,3942115,1
2026-09-20T11:21:49.357932+00:00,40880,1262060,3941768,1
2026-09-20T11:21:49.373927+00:00,40881,1262085,3941087,1
2026-09-20T11:21:49.407006+00:00,40882,1262110,3941192,1
2026-09-20T11:21:49.421937+00:00,40883,1262135,3941605,1
2026-09-20T11:21:49.453921+00:00,40884,1262160,3941291,1
2026-09-20T11:21:49.487992+00:00,40885,1262185,3941506,1
2026-09-20T11:21:49.501939+00:00,40886,1262211,3941303,1
2026-09-20T11:21:49.534552+00:00,40887,1262236,3940681,1
2026-09-20T11:21:49.552210+00:00,40888,1262261,3940545,1
2026-09-20T11:21:49.586555+00:00,40889,1262286,3940750,1
2026-09-20T11:21:49.598948+00:00,40890,1262311,3940513,1
2026-09-20T11:21:49.629788+00:00,40891,1262337,3939941,1
2026-09-20T11:21:49.663058+00:00,40892,1262362,3939351,1
2026-09-20T11:21:49.677956+00:00,40893,1262387,3938906,1
2026-09-20T11:21:49.709910+00:00,40894,1262412,3938658,1
2026-09-20T11:21:49.727031+00:00,40895,1262437,3938605,1
2026-09-20T11:21:49.757925+00:00,40896,1262463,3937589,1
2026-09-20T11:21:49.789913+00:00,40897,1262488,3936184,1
2026-09-20T11:21:49.807242+00:00,40898,1262513,3936200,1
2026-09-20T11:21:49.838147+00:00,40899,1262538,3935003,1
2026-09-20T11:21:49.854156+00:00,40900,1262563,3933271,1
2026-09-20T11:21:49.886141+00:00,40901,1262589,3931836,1
2026-09-20T11:21:49.902141+00:00,40902,1262614,3931119,1
2026-09-20T11:21:49.934156+00:00,40903,1262639,3930995,1
2026-09-20T11:21:49.966141+00:00,40904,1262664,3930558,1
2026-09-20T11:21:49.982944+00:00,40905,1262689,3930709,1
2026-09-20T11:21:50.013916+00:00,40906,1262715,3930957,1
2026-09-20T11:21:50.029944+00:00,40907,1262740,3931549,1
2026-09-20T11:21:50.061955+00:00,40908,1262765,3932103,1
2026-09-20T11:21:50.077719+00:00,40909,1262790,3932357,1
2026-09-20T11:21:50.109919+00:00,40910,1262815,3931412,1
2026-09-20T11:21:50.141901+00:00,40911,1262840,3931030,1
2026-09-20T11:21:50.157923+00:00,40912,1262866,3931279,1
2026-09-20T11:21:50.190016+00:00,40913,1262891,3931973,1
2026-09-20T11:21:50.205920+00:00,40914,1262916,3931718,1
2026-09-20T11:21:50.237788+00:00,40915,1262941,3931574,1
2026-09-20T11:21:50.253916+00:00,40916,1262966,3931601,1
2026-09-20T11:21:50.286520+00:00,40917,1262992,3931666,1
2026-09-20T11:21:50.317953+00:00,40918,1263017,3932625,1
2026-09-20T11:21:50.333930+00:00,40919,1263042,3933597,1
2026-09-20T11:21:50.367832+00:00,40920,1263067,3933594,1
2026-09-20T11:21:50.382959+00:00,40921,1263092,3933844,1
2026-09-20T11:21:50.413914+00:00,40922,1263118,3933729,1
2026-09-20T11:21:50.431133+00:00,40923,1263143,3933603,1
2026-09-20T11:21:50.462953+00:00,40924,1263168,3933906,1
2026-09-20T11:21:50.495178+00:00,40925,1263193,3934308,1
2026-09-20T11:21:50.511092+00:00,40926,1263218,3934278,1
2026-09-20T11:21:50.541899+00:00,40927,1263244,3933946,1
2026-09-20T11:21:50.557906+00:00,40928,1263269,3934776,1
2026-09-20T11:21:50.589747+00:00,40929,1263294,3935791,1
2026-09-20T11:21:50.605918+00:00,40930,1263319,3935766,1
2026-09-20T11:21:50.638951+00:00,40931,1263344,3935635,1
2026-09-20T11:21:50.669907+00:00,40932,1263369,3935828,1
2026-09-20T11:21:50.685912+00:00,40933,1263395,3935558,1
2026-09-20T11:21:50.717820+00:00,40934,1263420,3935351,1
2026-09-20T11:21:50.733782+00:00,40935,1263445,3935437,1
2026-09-20T11:21:50.766825+00:00,40936,1263470,3936767,1
2026-09-20T11:21:50.782934+00:00,40937,1263495,3939421,1
2026-09-20T11:21:50.814944+00:00,40938,1263521,3941614,1
2026-09-20T11:21:50.845943+00:00,40939,1263546,3945206,1
2026-09-20T11:21:50.861943+00:00,40940,1263571,3954976,1
2026-09-20T11:21:50.893943+00:00,40941,1263596,3976524,1
2026-09-20T11:21:50.910945+00:00,40942,1263621,4022777,1
2026-09-20T11:21:50.941958+00:00,40943,1263647,4129699,1
2026-09-20T11:21:50.957942+00:00,40944,1263672,4321540,1
2026-09-20T11:21:50.989899+00:00,40945,1263697,4522346,1
2026-09-20T11:21:51.021898+00:00,40946,1263722,4677835,1
2026-09-20T11:21:51.037896+00:00,40947,1263747,4738008,1
2026-09-20T11:21:51.069901+00:00,40948,1263773,4706774,1
2026-09-20T11:21:51.085948+00:00,40949,1263798,4667462,1
2026-09-20T11:21:51.117866+00:00,40950,1263823,4635306,1
2026-09-20T11:21:51.150145+00:00,40951,1263848,4570205,1
2026-09-20T11:21:51.165782+00:00,40952,1263873,4446795,1
2026-09-20T11:21:51.197898+00:00,40953,1263899,4330467,1
2026-09-20T11:21:51.213907+00:00,40954,1263924,4236193,1
2026-09-20T11:21:51.245897+00:00,40955,1263949,4108717,1
2026-09-20T11:21:51.261899+00:00,40956,1263974,3883890,1
2026-09-20T11:21:51.294475+00:00,40957,1263999,3615278,1
2026-09-20T11:21:51.325898+00:00,40958,1264024,3427309,1
2026-09-20T11:21:51.341910+00:00,40959,1264050,3038032,1
2026-09-20T11:21:51.373888+00:00,40960,1264075,2316573,1
2026-09-20T11:21:51.389890+00:00,40961,1264100,1927761,1
2026-09-20T11:21:51.421829+00:00,40962,1264125,2388326,1
2026-09-20T11:21:51.438916+00:00,40963,1264150,3043161,1
2026-09-20T11:21:51.470251+00:00,40964,1264176,3402188,1
2026-09-20T11:21:51.502142+00:00,40965,1264201,3584311,1
2026-09-20T11:21:51.518485+00:00,40966,1264226,3701817,1
2026-09-20T11:21:51.553211+00:00,40967,1264251,3783342,1
2026-09-20T11:21:51.565785+00:00,40968,1264276,3836387,1
2026-09-20T11:21:51.597896+00:00,40969,1264302,3870510,1
2026-09-20T11:21:51.618056+00:00,40970,1264327,3892809,1
2026-09-20T11:21:51.647666+00:00,40971,1264352,3906676,1
2026-09-20T11:21:51.679205+00:00,40972,1264377,3915976,1
2026-09-20T11:21:51.696201+00:00,40973,1264402,3921233,1
2026-09-20T11:21:51.725917+00:00,40974,1264428,3924992,1
2026-09-20T11:21:51.743138+00:00,40975,1264453,3928117,1
2026-09-20T11:21:51.773888+00:00,40976,1264478,3929883,1
2026-09-20T11:21:51.789887+00:00,40977,1264503,3931113,1
2026-09-20T11:21:51.821910+00:00,40978,1264528,3931905,1
2026-09-20T11:21:51.853910+00:00,40979,1264554,3932668,1
2026-09-20T11:21:51.902914+00:00,40980,1264605,3932614,1
2026-09-20T11:21:51.917910+00:00,40981,1264629,3933193,1
2026-09-20T11:21:51.949912+00:00,40982,1264654,3933600,1
2026-09-20T11:21:51.966507+00:00,40983,1264679,3933437,1
2026-09-20T11:21:51.998819+00:00,40984,1264705,3933537,1
2026-09-20T11:21:52.029872+00:00,40985,1264730,3933482,1
2026-09-20T11:21:52.034138+00:00,40986,1264755,3934070,1
2026-09-20T11:21:52.065447+00:00,40987,1264780,3934575,1
2026-09-20T11:21:52.093875+00:00,40988,1264805,3934557,1
2026-09-20T11:21:52.113864+00:00,40989,1264831,3934619,1
2026-09-20T11:21:52.129192+00:00,40990,1264856,3934857,1
2026-09-20T11:21:52.161015+00:00,40991,1264881,3935442,1
2026-09-20T11:21:52.206055+00:00,40992,1264906,3935235,1
2026-09-20T11:21:52.221909+00:00,40993,1264931,3934988,1
2026-09-20T11:21:52.253374+00:00,40994,1264957,3934909,1
2026-09-20T11:21:52.269520+00:00,40995,1264982,3935155,1
2026-09-20T11:21:52.302937+00:00,40996,1265007,3935015,1
2026-09-20T11:21:52.333091+00:00,40997,1265032,3934485,1
2026-09-20T11:21:52.349123+00:00,40998,1265057,3934561,1
2026-09-20T11:21:52.381872+00:00,40999,1265083,3934626,1
2026-09-20T11:21:52.398928+00:00,41000,1265108,3934278,1
2026-09-20T11:21:52.425497+00:00,41001,1265133,3934747,1
2026-09-20T11:21:52.441352+00:00,41002,1265158,3935064,1
2026-09-20T11:21:52.474672+00:00,41003,1265183,3934972,1
2026-09-20T11:21:52.509857+00:00,41004,1265208,3934829,1
2026-09-20T11:21:52.525880+00:00,41005,1265234,3935145,1
2026-09-20T11:21:52.557910+00:00,41006,1265259,3935325,1
2026-09-20T11:21:52.573847+00:00,41007,1265284,3935341,1
2026-09-20T11:21:52.605840+00:00,41008,1265309,3935083,1
2026-09-20T11:21:52.621840+00:00,41009,1265334,3935183,1
2026-09-20T11:21:52.653877+00:00,41010,1265360,3935337,1
2026-09-20T11:21:52.685860+00:00,41011,1265385,3934930,1
2026-09-20T11:21:52.703237+00:00,41012,1265410,3934840,1
2026-09-20T11:21:52.734657+00:00,41013,1265435,3935085,1
2026-09-20T11:21:52.749899+00:00,41014,1265460,3935015,1
2026-09-20T11:21:52.788075+00:00,41015,1265486,3935208,1
2026-09-20T11:21:52.798238+00:00,41016,1265511,3935248,1
2026-09-20T11:21:52.830199+00:00,41017,1265536,3935174,1
2026-09-20T11:21:52.862199+00:00,41018,1265561,3934900,1
2026-09-20T11:21:52.878198+00:00,41019,1265586,3935085,1
2026-09-20T11:21:52.910208+00:00,41020,1265612,3935621,1
2026-09-20T11:21:52.926211+00:00,41021,1265637,3935439,1
2026-09-20T11:21:52.958196+00:00,41022,1265662,3935405,1
2026-09-20T11:21:52.973851+00:00,41023,1265687,3935109,1
2026-09-20T11:21:53.005881+00:00,41024,1265712,3934934,1
2026-09-20T11:21:53.037837+00:00,41025,1265738,3935500,1
2026-09-20T11:21:53.053855+00:00,41026,1265763,3935675,1
2026-09-20T11:21:53.085864+00:00,41027,1265788,3935101,1
2026-09-20T11:21:53.101851+00:00,41028,1265813,3934979,1
2026-09-20T11:21:53.133832+00:00,41029,1265838,3935161,1
2026-09-20T11:21:53.150156+00:00,41030,1265863,3935122,1
2026-09-20T11:21:53.182883+00:00,41031,1265889,3934931,1
2026-09-20T11:21:53.213845+00:00,41032,1265914,3935285,1
2026-09-20T11:21:53.229847+00:00,41033,1265939,3935350,1
2026-09-20T11:21:53.261846+00:00,41034,1265964,3934996,1
2026-09-20T11:21:53.277832+00:00,41035,1265989,3934994,1
2026-09-20T11:21:53.310865+00:00,41036,1266015,3934750,1
2026-09-20T11:21:53.325839+00:00,41037,1266040,3934520,1
2026-09-20T11:21:53.357859+00:00,41038,1266065,3934733,1
2026-09-20T11:21:53.389842+00:00,41039,1266090,3934745,1
2026-09-20T11:21:53.405847+00:00,41040,1266115,3935048,1
2026-09-20T11:21:53.437836+00:00,41041,1266141,3935390,1
2026-09-20T11:21:53.454077+00:00,41042,1266166,3935169,1
2026-09-20T11:21:53.490618+00:00,41043,1266191,3935429,1
2026-09-20T11:21:53.502194+00:00,41044,1266216,3935635,1
2026-09-20T11:21:53.536941+00:00,41045,1266241,3935103,1
2026-09-20T11:21:53.567251+00:00,41046,1266267,3934832,1
2026-09-20T11:21:53.582855+00:00,41047,1266292,3935132,1
2026-09-20T11:21:53.634436+00:00,41048,1266317,3934639,1
2026-09-20T11:21:53.635013+00:00,41049,1266342,3934523,1
2026-09-20T11:21:53.661830+00:00,41050,1266367,3934862,1
2026-09-20T11:21:53.694496+00:00,41051,1266392,3935068,1
2026-09-20T11:21:53.709838+00:00,41052,1266418,3935515,1
2026-09-20T11:21:53.741824+00:00,41053,1266443,3935031,1
2026-09-20T11:21:53.758052+00:00,41054,1266468,3935171,1
2026-09-20T11:21:53.791150+00:00,41055,1266493,3935768,1
2026-09-20T11:21:53.806145+00:00,41056,1266518,3936422,1
2026-09-20T11:21:53.838177+00:00,41057,1266544,3937522,1
2026-09-20T11:21:53.870145+00:00,41058,1266569,3937817,1
2026-09-20T11:21:53.886159+00:00,41059,1266594,3937214,1
2026-09-20T11:21:53.918144+00:00,41060,1266619,3936904,1
2026-09-20T11:21:53.934212+00:00,41061,1266644,3936601,1
2026-09-20T11:21:53.966335+00:00,41062,1266670,3936813,1
2026-09-20T11:21:53.982342+00:00,41063,1266695,3936575,1
2026-09-20T11:21:54.013841+00:00,41064,1266720,3936339,1
2026-09-20T11:21:54.045827+00:00,41065,1266745,3936524,1
2026-09-20T11:21:54.061817+00:00,41066,1266770,3936346,1
2026-09-20T11:21:54.093824+00:00,41067,1266796,3936554,1
2026-09-20T11:21:54.109818+00:00,41068,1266821,3937631,1
2026-09-20T11:21:54.141821+00:00,41069,1266846,3938450,1
2026-09-20T11:21:54.157820+00:00,41070,1266871,3939702,1
2026-09-20T11:21:54.191074+00:00,41071,1266896,3940826,1
2026-09-20T11:21:54.221818+00:00,41072,1266922,3940954,1
2026-09-20T11:21:54.238446+00:00,41073,1266947,3940738,1
2026-09-20T11:21:54.269802+00:00,41074,1266972,3940472,1
2026-09-20T11:21:54.285820+00:00,41075,1266997,3940160,1
2026-09-20T11:21:54.318031+00:00,41076,1267022,3940336,1
2026-09-20T11:21:54.334481+00:00,41077,1267048,3940715,1
2026-09-20T11:21:54.365893+00:00,41078,1267073,3941180,1
2026-09-20T11:21:54.399838+00:00,41079,1267098,3940483,1
2026-09-20T11:21:54.414844+00:00,41080,1267123,3939693,1
2026-09-20T11:21:54.447886+00:00,41081,1267148,3939493,1
2026-09-20T11:21:54.462840+00:00,41082,1267173,3939096,1
2026-09-20T11:21:54.493810+00:00,41083,1267199,3938935,1
2026-09-20T11:21:54.510971+00:00,41084,1267224,3938720,1
2026-09-20T11:21:54.541803+00:00,41085,1267249,3938879,1
2026-09-20T11:21:54.573790+00:00,41086,1267274,3938860,1
2026-09-20T11:21:54.589827+00:00,41087,1267299,3938549,1
2026-09-20T11:21:54.622420+00:00,41088,1267325,3938621,1
2026-09-20T11:21:54.637809+00:00,41089,1267350,3939138,1
2026-09-20T11:21:54.669806+00:00,41090,1267375,3938641,1
2026-09-20T11:21:54.685812+00:00,41091,1267400,3938369,1
2026-09-20T11:21:54.717901+00:00,41092,1267425,3938687,1
2026-09-20T11:21:54.749831+00:00,41093,1267451,3939202,1
2026-09-20T11:21:54.766820+00:00,41094,1267476,3939018,1
2026-09-20T11:21:54.797801+00:00,41095,1267501,3938952,1
2026-09-20T11:21:54.824832+00:00,41096,1267526,3939326,1
2026-09-20T11:21:54.850830+00:00,41097,1267551,3938816,1
2026-09-20T11:21:54.877844+00:00,41098,1267577,3939004,1
2026-09-20T11:21:54.893827+00:00,41099,1267602,3938866,1
2026-09-20T11:21:54.925828+00:00,41100,1267627,3939090,1
2026-09-20T11:21:54.941826+00:00,41101,1267652,3939152,1
2026-09-20T11:21:54.973831+00:00,41102,1267677,3938658,1
2026-09-20T11:21:54.989828+00:00,41103,1267702,3938482,1
2026-09-20T11:21:55.021784+00:00,41104,1267728,3938374,1
2026-09-20T11:21:55.053801+00:00,41105,1267753,3938759,1
2026-09-20T11:21:55.069799+00:00,41106,1267778,3938616,1
2026-09-20T11:21:55.101798+00:00,41107,1267803,3938623,1
2026-09-20T11:21:55.117796+00:00,41108,1267828,3939561,1
2026-09-20T11:21:55.151715+00:00,41109,1267854,3939043,1
2026-09-20T11:21:55.167908+00:00,41110,1267879,3938571,1
2026-09-20T11:21:55.197829+00:00,41111,1267904,3938434,1
2026-09-20T11:21:55.229335+00:00,41112,1267929,3938863,1
2026-09-20T11:21:55.245787+00:00,41113,1267954,3939122,1
2026-09-20T11:21:55.277789+00:00,41114,1267980,3939070,1
2026-09-20T11:21:55.293783+00:00,41115,1268005,3939224,1
2026-09-20T11:21:55.325780+00:00,41116,1268030,3938821,1
2026-09-20T11:21:55.341784+00:00,41117,1268055,3938965,1
2026-09-20T11:21:55.373795+00:00,41118,1268080,3939551,1
2026-09-20T11:21:55.405819+00:00,41119,1268106,3940021,1
2026-09-20T11:21:55.421584+00:00,41120,1268131,3938630,1
2026-09-20T11:21:55.454628+00:00,41121,1268156,3938225,1
2026-09-20T11:21:55.469796+00:00,41122,1268181,3939282,1
2026-09-20T11:21:55.503150+00:00,41123,1268206,3940055,1
2026-09-20T11:21:55.518885+00:00,41124,1268232,3939310,1
2026-09-20T11:21:55.551421+00:00,41125,1268257,3937565,1
2026-09-20T11:21:55.586161+00:00,41126,1268282,3936403,1
2026-09-20T11:21:55.597785+00:00,41127,1268307,3936689,1
2026-09-20T11:21:55.630863+00:00,41128,1268332,3937522,1
2026-09-20T11:21:55.647055+00:00,41129,1268357,3938288,1
2026-09-20T11:21:55.677782+00:00,41130,1268383,3938760,1
2026-09-20T11:21:55.694815+00:00,41131,1268408,3940007,1
2026-09-20T11:21:55.725787+00:00,41132,1268433,3940997,1
2026-09-20T11:21:55.757842+00:00,41133,1268458,3942560,1
2026-09-20T11:21:55.773768+00:00,41134,1268483,3947127,1
2026-09-20T11:21:55.806384+00:00,41135,1268509,3950651,1
2026-09-20T11:21:55.822495+00:00,41136,1268534,3952487,1
2026-09-20T11:21:55.854449+00:00,41137,1268559,3959807,1
2026-09-20T11:21:55.870385+00:00,41138,1268584,3983978,1
2026-09-20T11:21:55.902402+00:00,41139,1268609,4041459,1
2026-09-20T11:21:55.934386+00:00,41140,1268635,4151529,1
2026-09-20T11:21:55.950386+00:00,41141,1268660,4293951,1
2026-09-20T11:21:55.981788+00:00,41142,1268685,4460147,1
2026-09-20T11:21:55.997798+00:00,41143,1268710,4601410,1
2026-09-20T11:21:56.029786+00:00,41144,1268735,4674687,1
2026-09-20T11:21:56.045782+00:00,41145,1268761,4681445,1
2026-09-20T11:21:56.077796+00:00,41146,1268786,4667182,1
2026-09-20T11:21:56.109783+00:00,41147,1268811,4620286,1
2026-09-20T11:21:56.125786+00:00,41148,1268836,4578543,1
2026-09-20T11:21:56.157848+00:00,41149,1268861,4523528,1
2026-09-20T11:21:56.173778+00:00,41150,1268886,4438289,1
2026-09-20T11:21:56.206073+00:00,41151,1268912,4328887,1
2026-09-20T11:21:56.237822+00:00,41152,1268937,4220109,1
2026-09-20T11:21:56.253767+00:00,41153,1268962,4119722,1
2026-09-20T11:21:56.285773+00:00,41154,1268987,4031835,1
2026-09-20T11:21:56.302408+00:00,41155,1269012,3933366,1
2026-09-20T11:21:56.335328+00:00,41156,1269038,3798364,1
2026-09-20T11:21:56.350821+00:00,41157,1269063,3524877,1
2026-09-20T11:21:56.381788+00:00,41158,1269088,2914947,1
2026-09-20T11:21:56.413965+00:00,41159,1269113,2018996,1
2026-09-20T11:21:56.434965+00:00,41160,1269138,1460340,1
2026-09-20T11:21:56.461965+00:00,41161,1269164,1821640,1
2026-09-20T11:21:56.477966+00:00,41162,1269189,2674222,1
2026-09-20T11:21:56.509967+00:00,41163,1269214,3215039,1
2026-09-20T11:21:56.525969+00:00,41164,1269239,3471685,1
2026-09-20T11:21:56.557965+00:00,41165,1269264,3625766,1
2026-09-20T11:21:56.590199+00:00,41166,1269290,3729871,1
2026-09-20T11:21:56.605749+00:00,41167,1269315,3800546,1
2026-09-20T11:21:56.637764+00:00,41168,1269340,3848175,1
2026-09-20T11:21:56.653751+00:00,41169,1269365,3879724,1
2026-09-20T11:21:56.685738+00:00,41170,1269390,3899354,1
2026-09-20T11:21:56.701773+00:00,41171,1269415,3911859,1
2026-09-20T11:21:56.734142+00:00,41172,1269441,3919707,1
2026-09-20T11:21:56.765755+00:00,41173,1269466,3925364,1
2026-09-20T11:21:56.781741+00:00,41174,1269491,3928809,1
2026-09-20T11:21:56.815746+00:00,41175,1269516,3931134,1
2026-09-20T11:21:56.829757+00:00,41176,1269541,3932935,1
2026-09-20T11:21:56.861758+00:00,41177,1269567,3933705,1
2026-09-20T11:21:56.877745+00:00,41178,1269592,3934770,1
2026-09-20T11:21:56.909743+00:00,41179,1269617,3935798,1
2026-09-20T11:21:56.958745+00:00,41180,1269669,3936243,1
2026-09-20T11:21:56.989753+00:00,41181,1269693,3936718,1
2026-09-20T11:21:57.006525+00:00,41182,1269718,3936616,1
2026-09-20T11:21:57.037739+00:00,41183,1269743,3937190,1
2026-09-20T11:21:57.053753+00:00,41184,1269768,3937132,1
2026-09-20T11:21:57.085755+00:00,41185,1269793,3937428,1
2026-09-20T11:21:57.117741+00:00,41186,1269819,3937905,1
2026-09-20T11:21:57.133780+00:00,41187,1269844,3937887,1
2026-09-20T11:21:57.166774+00:00,41188,1269869,3938189,1
2026-09-20T11:21:57.181753+00:00,41189,1269894,3937961,1
2026-09-20T11:21:57.214760+00:00,41190,1269919,3938510,1
2026-09-20T11:21:57.229735+00:00,41191,1269944,3938610,1
2026-09-20T11:21:57.262109+00:00,41192,1269970,3938231,1
2026-09-20T11:21:57.293744+00:00,41193,1269995,3938347,1
2026-09-20T11:21:57.309729+00:00,41194,1270020,3937966,1
2026-09-20T11:21:57.342779+00:00,41195,1270045,3938293,1
2026-09-20T11:21:57.358992+00:00,41196,1270070,3938559,1
2026-09-20T11:21:57.389732+00:00,41197,1270096,3938457,1
2026-09-20T11:21:57.421737+00:00,41198,1270121,3938637,1
2026-09-20T11:21:57.437723+00:00,41199,1270146,3938141,1
2026-09-20T11:21:57.470533+00:00,41200,1270171,3937683,1
2026-09-20T11:21:57.486489+00:00,41201,1270196,3937857,1
2026-09-20T11:21:57.518823+00:00,41202,1270222,3938363,1
2026-09-20T11:21:57.533742+00:00,41203,1270247,3938906,1
2026-09-20T11:21:57.566468+00:00,41204,1270272,3938479,1
2026-09-20T11:21:57.597735+00:00,41205,1270297,3938503,1
2026-09-20T11:21:57.613724+00:00,41206,1270322,3938354,1
2026-09-20T11:21:57.645724+00:00,41207,1270348,3938704,1
2026-09-20T11:21:57.661739+00:00,41208,1270373,3939392,1
2026-09-20T11:21:57.693730+00:00,41209,1270398,3940704,1
2026-09-20T11:21:57.709721+00:00,41210,1270423,3941409,1
2026-09-20T11:21:57.741741+00:00,41211,1270448,3941297,1
2026-09-20T11:21:57.773721+00:00,41212,1270474,3941038,1
2026-09-20T11:21:57.789734+00:00,41213,1270499,3940484,1
2026-09-20T11:21:57.821991+00:00,41214,1270524,3940393,1
2026-09-20T11:21:57.837989+00:00,41215,1270549,3940365,1
2026-09-20T11:21:57.869988+00:00,41216,1270574,3940233,1
2026-09-20T11:21:57.886996+00:00,41217,1270600,3941034,1
2026-09-20T11:21:57.917990+00:00,41218,1270625,3940916,1
2026-09-20T11:21:57.949988+00:00,41219,1270650,3941027,1
2026-09-20T11:21:57.968000+00:00,41220,1270675,3940926,1
2026-09-20T11:21:57.997737+00:00,41221,1270700,3940428,1
2026-09-20T11:21:58.013707+00:00,41222,1270725,3940324,1
2026-09-20T11:21:58.045717+00:00,41223,1270751,3940246,1
2026-09-20T11:21:58.061715+00:00,41224,1270776,3940257,1
2026-09-20T11:21:58.093831+00:00,41225,1270801,3940218,1
2026-09-20T11:21:58.125729+00:00,41226,1270826,3940085,1
2026-09-20T11:21:58.141598+00:00,41227,1270851,3940198,1
2026-09-20T11:21:58.173728+00:00,41228,1270877,3940473,1
2026-09-20T11:21:58.189639+00:00,41229,1270902,3939938,1
2026-09-20T11:21:58.221644+00:00,41230,1270927,3939580,1
2026-09-20T11:21:58.237720+00:00,41231,1270952,3940075,1
2026-09-20T11:21:58.269715+00:00,41232,1270977,3939474,1
2026-09-20T11:21:58.302385+00:00,41233,1271003,3939003,1
2026-09-20T11:21:58.318437+00:00,41234,1271028,3939210,1
2026-09-20T11:21:58.350162+00:00,41235,1271053,3939022,1
2026-09-20T11:21:58.365714+00:00,41236,1271078,3939005,1
2026-09-20T11:21:58.397717+00:00,41237,1271103,3940101,1
2026-09-20T11:21:58.413711+00:00,41238,1271128,3940968,1
2026-09-20T11:21:58.445696+00:00,41239,1271154,3941851,1
2026-09-20T11:21:58.477696+00:00,41240,1271179,3942059,1
2026-09-20T11:21:58.493708+00:00,41241,1271204,3941228,1
2026-09-20T11:21:58.527009+00:00,41242,1271229,3941124,1
2026-09-20T11:21:58.541716+00:00,41243,1271254,3941072,1
2026-09-20T11:21:58.575790+00:00,41244,1271280,3941855,1
2026-09-20T11:21:58.590424+00:00,41245,1271305,3942717,1
2026-09-20T11:21:58.621699+00:00,41246,1271330,3942777,1
2026-09-20T11:21:58.653694+00:00,41247,1271355,3942742,1
2026-09-20T11:21:58.670350+00:00,41248,1271380,3942008,1
2026-09-20T11:21:58.701795+00:00,41249,1271406,3941438,1
2026-09-20T11:21:58.718364+00:00,41250,1271431,3941206,1
2026-09-20T11:21:58.751277+00:00,41251,1271456,3941107,1
2026-09-20T11:21:58.782825+00:00,41252,1271481,3941523,1
2026-09-20T11:21:58.799821+00:00,41253,1271506,3942045,1
2026-09-20T11:21:58.829818+00:00,41254,1271532,3942849,1
2026-09-20T11:21:58.845818+00:00,41255,1271557,3942827,1
2026-09-20T11:21:58.877817+00:00,41256,1271582,3943022,1
2026-09-20T11:21:58.893819+00:00,41257,1271607,3942571,1
2026-09-20T11:21:58.925832+00:00,41258,1271632,3941637,1
2026-09-20T11:21:58.957701+00:00,41259,1271658,3941739,1
2026-09-20T11:21:58.973684+00:00,41260,1271683,3941235,1
2026-09-20T11:21:59.005691+00:00,41261,1271708,3941503,1
2026-09-20T11:21:59.021699+00:00,41262,1271733,3941523,1
2026-09-20T11:21:59.053686+00:00,41263,1271758,3941168,1
2026-09-20T11:21:59.069692+00:00,41264,1271783,3941492,1
2026-09-20T11:21:59.101715+00:00,41265,1271809,3941576,1
2026-09-20T11:21:59.133495+00:00,41266,1271834,3942458,1
2026-09-20T11:21:59.149796+00:00,41267,1271859,3942679,1
2026-09-20T11:21:59.182484+00:00,41268,1271884,3942238,1
2026-09-20T11:21:59.197697+00:00,41269,1271909,3942895,1
2026-09-20T11:21:59.229702+00:00,41270,1271935,3943490,1
2026-09-20T11:21:59.245700+00:00,41271,1271960,3944186,1
2026-09-20T11:21:59.277697+00:00,41272,1271985,3944111,1
2026-09-20T11:21:59.309570+00:00,41273,1272010,3944155,1
2026-09-20T11:21:59.325682+00:00,41274,1272035,3944238,1
2026-09-20T11:21:59.358442+00:00,41275,1272061,3943852,1
2026-09-20T11:21:59.373737+00:00,41276,1272086,3944478,1
2026-09-20T11:21:59.406729+00:00,41277,1272111,3944002,1
2026-09-20T11:21:59.421680+00:00,41278,1272136,3943465,1
2026-09-20T11:21:59.453689+00:00,41279,1272161,3943235,1
2026-09-20T11:21:59.486583+00:00,41280,1272186,3943077,1
2026-09-20T11:21:59.501680+00:00,41281,1272212,3942840,1
2026-09-20T11:21:59.534625+00:00,41282,1272237,3942001,1
2026-09-20T11:21:59.550151+00:00,41283,1272262,3941714,1
2026-09-20T11:21:59.584772+00:00,41284,1272287,3941871,1
2026-09-20T11:21:59.598715+00:00,41285,1272312,3942610,1
2026-09-20T11:21:59.629689+00:00,41286,1272338,3942931,1
2026-09-20T11:21:59.662718+00:00,41287,1272363,3942979,1
2026-09-20T11:21:59.677702+00:00,41288,1272388,3942975,1
2026-09-20T11:21:59.710891+00:00,41289,1272413,3942593,1
2026-09-20T11:21:59.726729+00:00,41290,1272438,3942760,1
2026-09-20T11:21:59.758582+00:00,41291,1272464,3942393,1
2026-09-20T11:21:59.773667+00:00,41292,1272489,3942787,1
2026-09-20T11:21:59.806700+00:00,41293,1272514,3943545,1
2026-09-20T11:21:59.837698+00:00,41294,1272539,3943223,1
2026-09-20T11:21:59.853698+00:00,41295,1272564,3943392,1
2026-09-20T11:21:59.885711+00:00,41296,1272590,3943755,1
2026-09-20T11:21:59.901698+00:00,41297,1272615,3942984,1
2026-09-20T11:21:59.933721+00:00,41298,1272640,3943369,1
2026-09-20T11:21:59.965914+00:00,41299,1272665,3942652,1
2026-09-20T11:21:59.981680+00:00,41300,1272690,3942313,1
2026-09-20T11:22:00.006640+00:00,41301,1272715,3942506,1
2026-09-20T11:22:00.023217+00:00,41302,1272741,3942446,1
2026-09-20T11:22:00.061674+00:00,41303,1272766,3942095,1
2026-09-20T11:22:00.078736+00:00,41304,1272791,3942407,1
2026-09-20T11:22:00.109673+00:00,41305,1272816,3942890,1
2026-09-20T11:22:00.141674+00:00,41306,1272841,3942772,1
2026-09-20T11:22:00.158702+00:00,41307,1272867,3942658,1
2026-09-20T11:22:00.189675+00:00,41308,1272892,3942760,1
2026-09-20T11:22:00.206703+00:00,41309,1272917,3942691,1
2026-09-20T11:22:00.237665+00:00,41310,1272942,3943297,1
2026-09-20T11:22:00.253663+00:00,41311,1272967,3942920,1
2026-09-20T11:22:00.285689+00:00,41312,1272993,3942817,1
2026-09-20T11:22:00.317843+00:00,41313,1273018,3942816,1
2026-09-20T11:22:00.333500+00:00,41314,1273043,3942600,1
2026-09-20T11:22:00.366707+00:00,41315,1273068,3942442,1
2026-09-20T11:22:00.386982+00:00,41316,1273093,3942996,1
2026-09-20T11:22:00.414880+00:00,41317,1273119,3942858,1
2026-09-20T11:22:00.429680+00:00,41318,1273144,3941997,1
2026-09-20T11:22:00.461668+00:00,41319,1273169,3941892,1
2026-09-20T11:22:00.493663+00:00,41320,1273194,3942390,1
2026-09-20T11:22:00.509678+00:00,41321,1273219,3942566,1
2026-09-20T11:22:00.542802+00:00,41322,1273244,3943178,1
2026-09-20T11:22:00.558698+00:00,41323,1273270,3944481,1
2026-09-20T11:22:00.589745+00:00,41324,1273295,3945654,1
2026-09-20T11:22:00.607769+00:00,41325,1273320,3946715,1
2026-09-20T11:22:00.637665+00:00,41326,1273345,3948070,1
2026-09-20T11:22:00.669947+00:00,41327,1273370,3952645,1
2026-09-20T11:22:00.686540+00:00,41328,1273396,3970923,1
2026-09-20T11:22:00.719510+00:00,41329,1273421,4002099,1
2026-09-20T11:22:00.733658+00:00,41330,1273446,4045978,1
2026-09-20T11:22:00.767338+00:00,41331,1273471,4124531,1
2026-09-20T11:22:00.784245+00:00,41332,1273496,4239393,1
2026-09-20T11:22:00.814405+00:00,41333,1273522,4350700,1
2026-09-20T11:22:00.845537+00:00,41334,1273547,4435316,1
2026-09-20T11:22:00.862407+00:00,41335,1273572,4506260,1
2026-09-20T11:22:00.894407+00:00,41336,1273597,4549571,1
2026-09-20T11:22:00.910405+00:00,41337,1273622,4537494,1
2026-09-20T11:22:00.942405+00:00,41338,1273648,4493858,1
2026-09-20T11:22:00.958438+00:00,41339,1273673,4443197,1
2026-09-20T11:22:00.989637+00:00,41340,1273698,4402584,1
2026-09-20T11:22:01.021648+00:00,41341,1273723,4351081,1
2026-09-20T11:22:01.037642+00:00,41342,1273748,4287212,1
2026-09-20T11:22:01.069638+00:00,41343,1273774,4216051,1
2026-09-20T11:22:01.085659+00:00,41344,1273799,4155590,1
2026-09-20T11:22:01.117649+00:00,41345,1273824,4092965,1
2026-09-20T11:22:01.133646+00:00,41346,1273849,4010647,1
2026-09-20T11:22:01.165683+00:00,41347,1273874,3907937,1
2026-09-20T11:22:01.197653+00:00,41348,1273899,3746219,1
2026-09-20T11:22:01.213653+00:00,41349,1273925,3324657,1
2026-09-20T11:22:01.246660+00:00,41350,1273950,2507422,1
2026-09-20T11:22:01.261643+00:00,41351,1273975,1819772,1
2026-09-20T11:22:01.293639+00:00,41352,1274000,1965202,1
2026-09-20T11:22:01.325500+00:00,41353,1274025,2708861,1
2026-09-20T11:22:01.341718+00:00,41354,1274051,3247683,1
2026-09-20T11:22:01.373638+00:00,41355,1274076,3504354,1
2026-09-20T11:22:01.389631+00:00,41356,1274101,3648518,1
2026-09-20T11:22:01.421634+00:00,41357,1274126,3745179,1
2026-09-20T11:22:01.437636+00:00,41358,1274151,3811230,1
2026-09-20T11:22:01.469636+00:00,41359,1274177,3855411,1
2026-09-20T11:22:01.501637+00:00,41360,1274202,3884182,1
2026-09-20T11:22:01.517937+00:00,41361,1274227,3901674,1
2026-09-20T11:22:01.551437+00:00,41362,1274252,3912644,1
2026-09-20T11:22:01.566285+00:00,41363,1274277,3919658,1
2026-09-20T11:22:01.597638+00:00,41364,1274303,3924277,1
2026-09-20T11:22:01.613634+00:00,41365,1274328,3927321,1
2026-09-20T11:22:01.645623+00:00,41366,1274353,3929503,1
2026-09-20T11:22:01.677634+00:00,41367,1274378,3930935,1
2026-09-20T11:22:01.693632+00:00,41368,1274403,3931690,1
2026-09-20T11:22:01.725634+00:00,41369,1274428,3932256,1
2026-09-20T11:22:01.741638+00:00,41370,1274454,3933148,1
2026-09-20T11:22:01.805599+00:00,41371,1274506,3934018,1
2026-09-20T11:22:01.822422+00:00,41372,1274529,3934222,1
2026-09-20T11:22:01.853588+00:00,41373,1274554,3934701,1
2026-09-20T11:22:01.870422+00:00,41374,1274580,3935444,1
2026-09-20T11:22:01.901419+00:00,41375,1274605,3935094,1
2026-09-20T11:22:01.918421+00:00,41376,1274630,3934712,1
2026-09-20T11:22:01.950423+00:00,41377,1274655,3935258,1
2026-09-20T11:22:01.967424+00:00,41378,1274680,3935449,1
2026-09-20T11:22:01.997620+00:00,41379,1274706,3935851,1
2026-09-20T11:22:02.029351+00:00,41380,1274731,3936052,1
2026-09-20T11:22:02.045905+00:00,41381,1274756,3936373,1
2026-09-20T11:22:02.077622+00:00,41382,1274781,3936407,1
2026-09-20T11:22:02.093610+00:00,41383,1274806,3936425,1
2026-09-20T11:22:02.125611+00:00,41384,1274832,3937257,1
2026-09-20T11:22:02.141623+00:00,41385,1274857,3937224,1
2026-09-20T11:22:02.173625+00:00,41386,1274882,3937054,1
2026-09-20T11:22:02.205547+00:00,41387,1274907,3936929,1
2026-09-20T11:22:02.221590+00:00,41388,1274932,3936837,1
2026-09-20T11:22:02.253608+00:00,41389,1274957,3937038,1
2026-09-20T11:22:02.269633+00:00,41390,1274983,3936687,1
2026-09-20T11:22:02.301626+00:00,41391,1275008,3936791,1
2026-09-20T11:22:02.318583+00:00,41392,1275033,3937358,1
2026-09-20T11:22:02.350227+00:00,41393,1275058,3937703,1
2026-09-20T11:22:02.381618+00:00,41394,1275083,3937324,1
2026-09-20T11:22:02.397620+00:00,41395,1275109,3937045,1
2026-09-20T11:22:02.430553+00:00,41396,1275134,3937087,1
2026-09-20T11:22:02.446663+00:00,41397,1275159,3937238,1
2026-09-20T11:22:02.478835+00:00,41398,1275184,3937839,1
2026-09-20T11:22:02.494657+00:00,41399,1275209,3937738,1
2026-09-20T11:22:02.525615+00:00,41400,1275235,3937474,1
2026-09-20T11:22:02.558684+00:00,41401,1275260,3937557,1
2026-09-20T11:22:02.573705+00:00,41402,1275285,3937502,1
2026-09-20T11:22:02.605621+00:00,41403,1275310,3936986,1
2026-09-20T11:22:02.624723+00:00,41404,1275335,3936901,1
2026-09-20T11:22:02.654640+00:00,41405,1275361,3937185,1
2026-09-20T11:22:02.687562+00:00,41406,1275386,3937227,1
2026-09-20T11:22:02.702207+00:00,41407,1275411,3937451,1
2026-09-20T11:22:02.735978+00:00,41408,1275436,3937476,1
2026-09-20T11:22:02.750143+00:00,41409,1275461,3937462,1
2026-09-20T11:22:02.781615+00:00,41410,1275487,3937650,1
2026-09-20T11:22:02.797615+00:00,41411,1275512,3937413,1
2026-09-20T11:22:02.829644+00:00,41412,1275537,3937251,1
2026-09-20T11:22:02.861645+00:00,41413,1275562,3937423,1
2026-09-20T11:22:02.877645+00:00,41414,1275587,3937568,1
2026-09-20T11:22:02.909646+00:00,41415,1275612,3937686,1
2026-09-20T11:22:02.925646+00:00,41416,1275638,3937695,1
2026-09-20T11:22:02.957649+00:00,41417,1275663,3937468,1
2026-09-20T11:22:02.973646+00:00,41418,1275688,3937346,1
2026-09-20T11:22:03.005603+00:00,41419,1275713,3936723,1
2026-09-20T11:22:03.037583+00:00,41420,1275738,3936933,1
2026-09-20T11:22:03.053590+00:00,41421,1275764,3937331,1
2026-09-20T11:22:03.086809+00:00,41422,1275789,3937404,1
2026-09-20T11:22:03.104216+00:00,41423,1275814,3937491,1
2026-09-20T11:22:03.134440+00:00,41424,1275839,3937397,1
2026-09-20T11:22:03.150311+00:00,41425,1275864,3937218,1
2026-09-20T11:22:03.182621+00:00,41426,1275890,3937252,1
2026-09-20T11:22:03.213643+00:00,41427,1275915,3937154,1
2026-09-20T11:22:03.229612+00:00,41428,1275940,3937547,1
2026-09-20T11:22:03.261597+00:00,41429,1275965,3937165,1
2026-09-20T11:22:03.277582+00:00,41430,1275990,3936993,1
2026-09-20T11:22:03.309591+00:00,41431,1276016,3937286,1
2026-09-20T11:22:03.325588+00:00,41432,1276041,3937189,1
2026-09-20T11:22:03.357585+00:00,41433,1276066,3937203,1
2026-09-20T11:22:03.391180+00:00,41434,1276091,3936880,1
2026-09-20T11:22:03.405611+00:00,41435,1276116,3936954,1
2026-09-20T11:22:03.456956+00:00,41436,1276141,3937261,1
2026-09-20T11:22:03.458954+00:00,41437,1276167,3936966,1
2026-09-20T11:22:03.485604+00:00,41438,1276192,3936882,1
2026-09-20T11:22:03.501547+00:00,41439,1276217,3937253,1
2026-09-20T11:22:03.535730+00:00,41440,1276242,3937513,1
2026-09-20T11:22:03.565580+00:00,41441,1276267,3937405,1
2026-09-20T11:22:03.587779+00:00,41442,1276293,3937450,1
2026-09-20T11:22:03.617658+00:00,41443,1276318,3937475,1
2026-09-20T11:22:03.629591+00:00,41444,1276343,3937506,1
2026-09-20T11:22:03.661569+00:00,41445,1276368,3937216,1
2026-09-20T11:22:03.677607+00:00,41446,1276393,3936963,1
2026-09-20T11:22:03.712636+00:00,41447,1276419,3937440,1
2026-09-20T11:22:03.741580+00:00,41448,1276444,3937447,1
2026-09-20T11:22:03.757567+00:00,41449,1276469,3936993,1
2026-09-20T11:22:03.789729+00:00,41450,1276494,3936265,1
2026-09-20T11:22:03.806642+00:00,41451,1276519,3935764,1
2026-09-20T11:22:03.837650+00:00,41452,1276545,3936060,1
2026-09-20T11:22:03.869641+00:00,41453,1276570,3936952,1
2026-09-20T11:22:03.885661+00:00,41454,1276595,3937036,1
2026-09-20T11:22:03.917649+00:00,41455,1276620,3936857,1
2026-09-20T11:22:03.934644+00:00,41456,1276645,3936607,1
2026-09-20T11:22:03.966306+00:00,41457,1276671,3936936,1
2026-09-20T11:22:03.981568+00:00,41458,1276696,3938191,1
2026-09-20T11:22:04.013570+00:00,41459,1276721,3938770,1
2026-09-20T11:22:04.045566+00:00,41460,1276746,3938447,1
2026-09-20T11:22:04.061801+00:00,41461,1276771,3938359,1
2026-09-20T11:22:04.093561+00:00,41462,1276796,3938794,1
2026-09-20T11:22:04.109559+00:00,41463,1276822,3938571,1
2026-09-20T11:22:04.141567+00:00,41464,1276847,3938834,1
2026-09-20T11:22:04.157565+00:00,41465,1276872,3939216,1
2026-09-20T11:22:04.189570+00:00,41466,1276897,3939930,1
2026-09-20T11:22:04.221560+00:00,41467,1276922,3940432,1
2026-09-20T11:22:04.237563+00:00,41468,1276948,3940867,1
2026-09-20T11:22:04.269563+00:00,41469,1276973,3941285,1
2026-09-20T11:22:04.285567+00:00,41470,1276998,3941874,1
2026-09-20T11:22:04.318846+00:00,41471,1277023,3941887,1
2026-09-20T11:22:04.335116+00:00,41472,1277048,3941796,1
2026-09-20T11:22:04.367656+00:00,41473,1277074,3941426,1
2026-09-20T11:22:04.398705+00:00,41474,1277099,3941217,1
2026-09-20T11:22:04.413555+00:00,41475,1277124,3941741,1
2026-09-20T11:22:04.447478+00:00,41476,1277149,3942337,1
2026-09-20T11:22:04.463396+00:00,41477,1277174,3943289,1
2026-09-20T11:22:04.496784+00:00,41478,1277200,3943280,1
2026-09-20T11:22:04.509552+00:00,41479,1277225,3942529,1
2026-09-20T11:22:04.541568+00:00,41480,1277250,3942293,1
2026-09-20T11:22:04.573560+00:00,41481,1277275,3942043,1
2026-09-20T11:22:04.589470+00:00,41482,1277300,3941842,1
2026-09-20T11:22:04.621579+00:00,41483,1277325,3941790,1
2026-09-20T11:22:04.637559+00:00,41484,1277351,3941816,1
2026-09-20T11:22:04.670935+00:00,41485,1277376,3942306,1
2026-09-20T11:22:04.688526+00:00,41486,1277401,3942620,1
2026-09-20T11:22:04.719905+00:00,41487,1277426,3942233,1
2026-09-20T11:22:04.750310+00:00,41488,1277451,3941699,1
2026-09-20T11:22:04.766615+00:00,41489,1277477,3942578,1
2026-09-20T11:22:04.798708+00:00,41490,1277502,3943505,1
2026-09-20T11:22:04.814606+00:00,41491,1277527,3943766,1
2026-09-20T11:22:04.845602+00:00,41492,1277552,3944637,1
2026-09-20T11:22:04.861623+00:00,41493,1277577,3944892,1
2026-09-20T11:22:04.893631+00:00,41494,1277603,3944368,1
2026-09-20T11:22:04.925606+00:00,41495,1277628,3945042,1
2026-09-20T11:22:04.941602+00:00,41496,1277653,3946579,1
2026-09-20T11:22:04.973561+00:00,41497,1277678,3946754,1
2026-09-20T11:22:04.989561+00:00,41498,1277703,3946844,1
2026-09-20T11:22:05.021560+00:00,41499,1277729,3947226,1
2026-09-20T11:22:05.053556+00:00,41500,1277754,3947146,1
2026-09-20T11:22:05.070030+00:00,41501,1277779,3947719,1
2026-09-20T11:22:05.101593+00:00,41502,1277804,3948087,1
2026-09-20T11:22:05.117851+00:00,41503,1277829,3948938,1
2026-09-20T11:22:05.149599+00:00,41504,1277855,3949379,1
2026-09-20T11:22:05.165979+00:00,41505,1277880,3949409,1
2026-09-20T11:22:05.197562+00:00,41506,1277905,3949601,1
2026-09-20T11:22:05.229539+00:00,41507,1277930,3949647,1
2026-09-20T11:22:05.245535+00:00,41508,1277955,3949181,1
2026-09-20T11:22:05.277539+00:00,41509,1277980,3949375,1
2026-09-20T11:22:05.293561+00:00,41510,1278006,3950249,1
2026-09-20T11:22:05.325544+00:00,41511,1278031,3949782,1
2026-09-20T11:22:05.341540+00:00,41512,1278056,3949905,1
2026-09-20T11:22:05.373534+00:00,41513,1278081,3951598,1
2026-09-20T11:22:05.406609+00:00,41514,1278106,3954201,1
2026-09-20T11:22:05.422563+00:00,41515,1278132,3958514,1
2026-09-20T11:22:05.453822+00:00,41516,1278157,3971749,1
2026-09-20T11:22:05.469548+00:00,41517,1278182,4001832,1
2026-09-20T11:22:05.501528+00:00,41518,1278207,4059768,1
2026-09-20T11:22:05.518856+00:00,41519,1278232,4150136,1
2026-09-20T11:22:05.555788+00:00,41520,1278258,4238753,1
2026-09-20T11:22:05.581546+00:00,41521,1278283,4289512,1
2026-09-20T11:22:05.597532+00:00,41522,1278308,4334367,1
2026-09-20T11:22:05.630687+00:00,41523,1278333,4372359,1
2026-09-20T11:22:05.645542+00:00,41524,1278358,4393931,1
2026-09-20T11:22:05.678787+00:00,41525,1278384,4403926,1
2026-09-20T11:22:05.693276+00:00,41526,1278409,4385844,1
2026-09-20T11:22:05.725531+00:00,41527,1278434,4331387,1
2026-09-20T11:22:05.757395+00:00,41528,1278459,4258634,1
2026-09-20T11:22:05.773536+00:00,41529,1278484,4210755,1
2026-09-20T11:22:05.805545+00:00,41530,1278510,4163998,1
2026-09-20T11:22:05.821545+00:00,41531,1278535,4106254,1
2026-09-20T11:22:05.853589+00:00,41532,1278560,4046336,1
2026-09-20T11:22:05.869545+00:00,41533,1278585,3993499,1
2026-09-20T11:22:05.901546+00:00,41534,1278610,3923688,1
2026-09-20T11:22:05.934555+00:00,41535,1278635,3725082,1
2026-09-20T11:22:05.950546+00:00,41536,1278661,3233952,1
2026-09-20T11:22:05.981532+00:00,41537,1278686,2569520,1
2026-09-20T11:22:05.998660+00:00,41538,1278711,2325393,1
2026-09-20T11:22:06.029378+00:00,41539,1278736,2733018,1
2026-09-20T11:22:06.045528+00:00,41540,1278761,3238564,1
2026-09-20T11:22:06.077523+00:00,41541,1278787,3515068,1
2026-09-20T11:22:06.109511+00:00,41542,1278812,3659766,1
2026-09-20T11:22:06.125524+00:00,41543,1278837,3752477,1
2026-09-20T11:22:06.157428+00:00,41544,1278862,3815528,1
2026-09-20T11:22:06.173407+00:00,41545,1278887,3857497,1
2026-09-20T11:22:06.205581+00:00,41546,1278913,3884375,1
2026-09-20T11:22:06.222547+00:00,41547,1278938,3901212,1
2026-09-20T11:22:06.253498+00:00,41548,1278963,3911520,1
2026-09-20T11:22:06.286138+00:00,41549,1278988,3917798,1
2026-09-20T11:22:06.302574+00:00,41550,1279013,3922492,1
2026-09-20T11:22:06.334304+00:00,41551,1279039,3925951,1
2026-09-20T11:22:06.350264+00:00,41552,1279064,3928011,1
2026-09-20T11:22:06.381517+00:00,41553,1279089,3929520,1
2026-09-20T11:22:06.413503+00:00,41554,1279114,3929946,1
2026-09-20T11:22:06.429516+00:00,41555,1279139,3930446,1
2026-09-20T11:22:06.461517+00:00,41556,1279165,3930567,1
2026-09-20T11:22:06.511541+00:00,41557,1279216,3931241,1
2026-09-20T11:22:06.525508+00:00,41558,1279240,3932405,1
2026-09-20T11:22:06.557500+00:00,41559,1279265,3932718,1
2026-09-20T11:22:06.589515+00:00,41560,1279290,3932740,1
2026-09-20T11:22:06.605503+00:00,41561,1279316,3933269,1
2026-09-20T11:22:06.637931+00:00,41562,1279341,3933158,1
2026-09-20T11:22:06.653511+00:00,41563,1279366,3932834,1
2026-09-20T11:22:06.685926+00:00,41564,1279391,3933101,1
2026-09-20T11:22:06.701457+00:00,41565,1279416,3932888,1
2026-09-20T11:22:06.734907+00:00,41566,1279442,3932942,1
2026-09-20T11:22:06.765111+00:00,41567,1279467,3933277,1
2026-09-20T11:22:06.787569+00:00,41568,1279492,3933445,1
2026-09-20T11:22:06.813561+00:00,41569,1279517,3933603,1
2026-09-20T11:22:06.829561+00:00,41570,1279542,3933787,1
2026-09-20T11:22:06.861561+00:00,41571,1279568,3933664,1
2026-09-20T11:22:06.877560+00:00,41572,1279593,3933654,1
2026-09-20T11:22:06.909574+00:00,41573,1279618,3933688,1
2026-09-20T11:22:06.941590+00:00,41574,1279643,3933422,1
2026-09-20T11:22:06.957576+00:00,41575,1279668,3933477,1
2026-09-20T11:22:06.989505+00:00,41576,1279694,3932908,1
2026-09-20T11:22:07.005313+00:00,41577,1279719,3933189,1
2026-09-20T11:22:07.037484+00:00,41578,1279744,3933140,1
2026-09-20T11:22:07.053492+00:00,41579,1279769,3933614,1
2026-09-20T11:22:07.085545+00:00,41580,1279794,3934024,1
2026-09-20T11:22:07.117481+00:00,41581,1279819,3934014,1
2026-09-20T11:22:07.133407+00:00,41582,1279845,3933848,1
2026-09-20T11:22:07.165694+00:00,41583,1279870,3933595,1
2026-09-20T11:22:07.181695+00:00,41584,1279895,3933546,1
2026-09-20T11:22:07.213330+00:00,41585,1279920,3933510,1
2026-09-20T11:22:07.229498+00:00,41586,1279945,3934107,1
2026-09-20T11:22:07.261498+00:00,41587,1279971,3933987,1
2026-09-20T11:22:07.293504+00:00,41588,1279996,3934317,1
2026-09-20T11:22:07.309481+00:00,41589,1280021,3934870,1
2026-09-20T11:22:07.342556+00:00,41590,1280046,3934702,1
2026-09-20T11:22:07.357498+00:00,41591,1280071,3934796,1
2026-09-20T11:22:07.389488+00:00,41592,1280097,3934516,1
2026-09-20T11:22:07.405481+00:00,41593,1280122,3934418,1
2026-09-20T11:22:07.437484+00:00,41594,1280147,3934226,1
2026-09-20T11:22:07.469477+00:00,41595,1280172,3934441,1
2026-09-20T11:22:07.486602+00:00,41596,1280197,3934590,1
2026-09-20T11:22:07.520054+00:00,41597,1280223,3935132,1
2026-09-20T11:22:07.535969+00:00,41598,1280248,3934930,1
2026-09-20T11:22:07.567599+00:00,41599,1280273,3934601,1
2026-09-20T11:22:07.597483+00:00,41600,1280298,3934484,1
2026-09-20T11:22:07.614616+00:00,41601,1280323,3934701,1
2026-09-20T11:22:07.646836+00:00,41602,1280348,3934897,1
2026-09-20T11:22:07.661489+00:00,41603,1280374,3934588,1
2026-09-20T11:22:07.693482+00:00,41604,1280399,3934384,1
2026-09-20T11:22:07.709482+00:00,41605,1280424,3934421,1
2026-09-20T11:22:07.741475+00:00,41606,1280449,3934499,1
2026-09-20T11:22:07.773468+00:00,41607,1280474,3934688,1
2026-09-20T11:22:07.790133+00:00,41608,1280500,3934220,1
2026-09-20T11:22:07.821313+00:00,41609,1280525,3934084,1
2026-09-20T11:22:07.838128+00:00,41610,1280550,3934361,1
2026-09-20T11:22:07.870128+00:00,41611,1280575,3934387,1
2026-09-20T11:22:07.886127+00:00,41612,1280600,3933548,1
2026-09-20T11:22:07.918128+00:00,41613,1280626,3933612,1
2026-09-20T11:22:07.950127+00:00,41614,1280651,3933549,1
2026-09-20T11:22:07.966462+00:00,41615,1280676,3934228,1
2026-09-20T11:22:07.997476+00:00,41616,1280701,3934113,1
2026-09-20T11:22:08.013466+00:00,41617,1280726,3933929,1
2026-09-20T11:22:08.045483+00:00,41618,1280752,3934621,1
2026-09-20T11:22:08.061469+00:00,41619,1280777,3935351,1
2026-09-20T11:22:08.093467+00:00,41620,1280802,3935212,1
2026-09-20T11:22:08.125466+00:00,41621,1280827,3934744,1
2026-09-20T11:22:08.141470+00:00,41622,1280852,3934101,1
2026-09-20T11:22:08.173486+00:00,41623,1280877,3934508,1
2026-09-20T11:22:08.189495+00:00,41624,1280903,3934721,1
2026-09-20T11:22:08.222436+00:00,41625,1280928,3934570,1
2026-09-20T11:22:08.237457+00:00,41626,1280953,3934456,1
2026-09-20T11:22:08.269451+00:00,41627,1280978,3934671,1
2026-09-20T11:22:08.302262+00:00,41628,1281003,3934537,1
2026-09-20T11:22:08.318650+00:00,41629,1281029,3934265,1
2026-09-20T11:22:08.350263+00:00,41630,1281054,3934657,1
2026-09-20T11:22:08.365458+00:00,41631,1281079,3934566,1
2026-09-20T11:22:08.402467+00:00,41632,1281104,3934798,1
2026-09-20T11:22:08.413602+00:00,41633,1281129,3934835,1
2026-09-20T11:22:08.445464+00:00,41634,1281155,3934725,1
2026-09-20T11:22:08.477464+00:00,41635,1281180,3934510,1
2026-09-20T11:22:08.493456+00:00,41636,1281205,3934380,1
2026-09-20T11:22:08.527453+00:00,41637,1281230,3934498,1
2026-09-20T11:22:08.541507+00:00,41638,1281255,3934363,1
2026-09-20T11:22:08.573441+00:00,41639,1281281,3933747,1
2026-09-20T11:22:08.589450+00:00,41640,1281306,3934093,1
2026-09-20T11:22:08.621456+00:00,41641,1281331,3934591,1
2026-09-20T11:22:08.653232+00:00,41642,1281356,3934444,1
2026-09-20T11:22:08.669449+00:00,41643,1281381,3933975,1
2026-09-20T11:22:08.703599+00:00,41644,1281406,3934396,1
2026-09-20T11:22:08.717465+00:00,41645,1281432,3934655,1
2026-09-20T11:22:08.750213+00:00,41646,1281457,3934365,1
2026-09-20T11:22:08.766288+00:00,41647,1281482,3934121,1
2026-09-20T11:22:08.797460+00:00,41648,1281507,3934850,1
2026-09-20T11:22:08.829489+00:00,41649,1281532,3935127,1
2026-09-20T11:22:08.845489+00:00,41650,1281558,3935130,1
2026-09-20T11:22:08.877507+00:00,41651,1281583,3935267,1
2026-09-20T11:22:08.893488+00:00,41652,1281608,3934915,1
2026-09-20T11:22:08.925489+00:00,41653,1281633,3934957,1
2026-09-20T11:22:08.957490+00:00,41654,1281658,3935592,1
2026-09-20T11:22:08.973431+00:00,41655,1281684,3934936,1
2026-09-20T11:22:09.000367+00:00,41656,1281709,3934637,1
2026-09-20T11:22:09.021440+00:00,41657,1281734,3934872,1
2026-09-20T11:22:09.053443+00:00,41658,1281759,3934780,1
2026-09-20T11:22:09.069436+00:00,41659,1281784,3935052,1
2026-09-20T11:22:09.101463+00:00,41660,1281810,3935323,1
2026-09-20T11:22:09.133526+00:00,41661,1281835,3935439,1
2026-09-20T11:22:09.152198+00:00,41662,1281860,3935494,1
2026-09-20T11:22:09.182470+00:00,41663,1281885,3935351,1
2026-09-20T11:22:09.197466+00:00,41664,1281910,3935371,1
2026-09-20T11:22:09.229453+00:00,41665,1281935,3934970,1
2026-09-20T11:22:09.245441+00:00,41666,1281961,3935237,1
2026-09-20T11:22:09.277452+00:00,41667,1281986,3935344,1
2026-09-20T11:22:09.309456+00:00,41668,1282011,3935474,1
2026-09-20T11:22:09.326746+00:00,41669,1282036,3935425,1
2026-09-20T11:22:09.357449+00:00,41670,1282061,3935283,1
2026-09-20T11:22:09.373446+00:00,41671,1282087,3935885,1
2026-09-20T11:22:09.405396+00:00,41672,1282112,3936157,1
2026-09-20T11:22:09.421444+00:00,41673,1282137,3936227,1
2026-09-20T11:22:09.453439+00:00,41674,1282162,3936779,1
2026-09-20T11:22:09.485466+00:00,41675,1282187,3937694,1
2026-09-20T11:22:09.502185+00:00,41676,1282213,3938004,1
2026-09-20T11:22:09.534558+00:00,41677,1282238,3937952,1
2026-09-20T11:22:09.549837+00:00,41678,1282263,3937669,1
2026-09-20T11:22:09.582389+00:00,41679,1282288,3937617,1
2026-09-20T11:22:09.601027+00:00,41680,1282313,3937841,1
2026-09-20T11:22:09.630684+00:00,41681,1282339,3937493,1
2026-09-20T11:22:09.662539+00:00,41682,1282364,3937781,1
2026-09-20T11:22:09.677433+00:00,41683,1282389,3937725,1
2026-09-20T11:22:09.709431+00:00,41684,1282414,3937729,1
2026-09-20T11:22:09.729314+00:00,41685,1282439,3938004,1
2026-09-20T11:22:09.759467+00:00,41686,1282464,3937432,1
2026-09-20T11:22:09.773396+00:00,41687,1282490,3937227,1
2026-09-20T11:22:09.805459+00:00,41688,1282515,3937112,1
2026-09-20T11:22:09.837459+00:00,41689,1282540,3937746,1
2026-09-20T11:22:09.853459+00:00,41690,1282565,3937880,1
2026-09-20T11:22:09.885462+00:00,41691,1282590,3937371,1
2026-09-20T11:22:09.902463+00:00,41692,1282616,3937379,1
2026-09-20T11:22:09.934463+00:00,41693,1282641,3937630,1
2026-09-20T11:22:09.950462+00:00,41694,1282666,3937484,1
2026-09-20T11:22:09.981447+00:00,41695,1282691,3937924,1
2026-09-20T11:22:10.013459+00:00,41696,1282716,3937597,1
2026-09-20T11:22:10.029415+00:00,41697,1282742,3937603,1
2026-09-20T11:22:10.061421+00:00,41698,1282767,3938020,1
2026-09-20T11:22:10.077427+00:00,41699,1282792,3938117,1
2026-09-20T11:22:10.109452+00:00,41700,1282817,3938223,1
2026-09-20T11:22:10.126328+00:00,41701,1282842,3938935,1
2026-09-20T11:22:10.157419+00:00,41702,1282868,3939607,1
2026-09-20T11:22:10.189423+00:00,41703,1282893,3939549,1
2026-09-20T11:22:10.205436+00:00,41704,1282918,3938948,1
2026-09-20T11:22:10.237414+00:00,41705,1282943,3939228,1
2026-09-20T11:22:10.253418+00:00,41706,1282968,3939325,1
2026-09-20T11:22:10.285449+00:00,41707,1282994,3939781,1
2026-09-20T11:22:10.317430+00:00,41708,1283019,3940637,1
2026-09-20T11:22:10.333711+00:00,41709,1283044,3940659,1
2026-09-20T11:22:10.365411+00:00,41710,1283069,3940979,1
2026-09-20T11:22:10.381417+00:00,41711,1283094,3941997,1
2026-09-20T11:22:10.415468+00:00,41712,1283119,3942340,1
2026-09-20T11:22:10.429421+00:00,41713,1283145,3944483,1
2026-09-20T11:22:10.461258+00:00,41714,1283170,3949167,1
2026-09-20T11:22:10.493590+00:00,41715,1283195,3954713,1
2026-09-20T11:22:10.511474+00:00,41716,1283220,3972115,1
2026-09-20T11:22:10.542523+00:00,41717,1283245,4020182,1
2026-09-20T11:22:10.558671+00:00,41718,1283271,4095252,1
2026-09-20T11:22:10.589560+00:00,41719,1283296,4205446,1
2026-09-20T11:22:10.605410+00:00,41720,1283321,4354992,1
2026-09-20T11:22:10.637830+00:00,41721,1283346,4467553,1
2026-09-20T11:22:10.669659+00:00,41722,1283371,4515668,1
2026-09-20T11:22:10.685642+00:00,41723,1283397,4519423,1
2026-09-20T11:22:10.717894+00:00,41724,1283422,4500902,1
2026-09-20T11:22:10.734723+00:00,41725,1283447,4457351,1
2026-09-20T11:22:10.766262+00:00,41726,1283472,4398475,1
2026-09-20T11:22:10.783569+00:00,41727,1283497,4324606,1
2026-09-20T11:22:10.815259+00:00,41728,1283523,4238833,1
2026-09-20T11:22:10.845406+00:00,41729,1283548,4167881,1
2026-09-20T11:22:10.862252+00:00,41730,1283573,4119553,1
2026-09-20T11:22:10.894253+00:00,41731,1283598,4076151,1
2026-09-20T11:22:10.909423+00:00,41732,1283623,4035495,1
2026-09-20T11:22:10.942267+00:00,41733,1283649,3992160,1
2026-09-20T11:22:10.958252+00:00,41734,1283674,3899579,1
2026-09-20T11:22:10.989438+00:00,41735,1283699,3634969,1
2026-09-20T11:22:11.021399+00:00,41736,1283724,3028534,1
2026-09-20T11:22:11.037398+00:00,41737,1283749,2305607,1
2026-09-20T11:22:11.069407+00:00,41738,1283775,2112297,1
2026-09-20T11:22:11.085366+00:00,41739,1283800,2603973,1
2026-09-20T11:22:11.117857+00:00,41740,1283825,3173314,1
2026-09-20T11:22:11.134324+00:00,41741,1283850,3474712,1
2026-09-20T11:22:11.166447+00:00,41742,1283875,3634604,1
2026-09-20T11:22:11.197398+00:00,41743,1283900,3737785,1
2026-09-20T11:22:11.213384+00:00,41744,1283926,3805673,1
2026-09-20T11:22:11.245391+00:00,41745,1283951,3850685,1
2026-09-20T11:22:11.261399+00:00,41746,1283976,3879982,1
2026-09-20T11:22:11.293393+00:00,41747,1284001,3898671,1
2026-09-20T11:22:11.309437+00:00,41748,1284026,3911047,1
2026-09-20T11:22:11.341408+00:00,41749,1284052,3918164,1
2026-09-20T11:22:11.373441+00:00,41750,1284077,3922644,1
2026-09-20T11:22:11.389375+00:00,41751,1284102,3925924,1
2026-09-20T11:22:11.423602+00:00,41752,1284127,3928009,1
2026-09-20T11:22:11.437376+00:00,41753,1284152,3929050,1
2026-09-20T11:22:11.469382+00:00,41754,1284178,3930009,1
2026-09-20T11:22:11.501513+00:00,41755,1284203,3930802,1
2026-09-20T11:22:11.518170+00:00,41756,1284228,3931211,1
2026-09-20T11:22:11.568171+00:00,41757,1284279,3932379,1
2026-09-20T11:22:11.597387+00:00,41758,1284304,3932752,1
2026-09-20T11:22:11.615872+00:00,41759,1284329,3932458,1
2026-09-20T11:22:11.646547+00:00,41760,1284354,3933114,1
2026-09-20T11:22:11.677382+00:00,41761,1284379,3933636,1
2026-09-20T11:22:11.694629+00:00,41762,1284404,3933879,1
2026-09-20T11:22:11.726639+00:00,41763,1284429,3934399,1
2026-09-20T11:22:11.741316+00:00,41764,1284455,3934845,1
2026-09-20T11:22:11.773366+00:00,41765,1284480,3934237,1
2026-09-20T11:22:11.789578+00:00,41766,1284505,3933886,1
2026-09-20T11:22:11.821576+00:00,41767,1284530,3934328,1
2026-09-20T11:22:11.853579+00:00,41768,1284555,3934605,1
2026-09-20T11:22:11.869579+00:00,41769,1284581,3935154,1
2026-09-20T11:22:11.901576+00:00,41770,1284606,3934452,1
2026-09-20T11:22:11.917578+00:00,41771,1284631,3934686,1
2026-09-20T11:22:11.950577+00:00,41772,1284656,3935035,1
2026-09-20T11:22:11.965362+00:00,41773,1284681,3935006,1
2026-09-20T11:22:11.997430+00:00,41774,1284707,3934893,1
2026-09-20T11:22:12.029365+00:00,41775,1284732,3934682,1
2026-09-20T11:22:12.045369+00:00,41776,1284757,3935038,1
2026-09-20T11:22:12.077371+00:00,41777,1284782,3935140,1
2026-09-20T11:22:12.093396+00:00,41778,1284807,3934888,1
2026-09-20T11:22:12.125354+00:00,41779,1284833,3935187,1
2026-09-20T11:22:12.141370+00:00,41780,1284858,3935301,1
2026-09-20T11:22:12.173371+00:00,41781,1284883,3935403,1
2026-09-20T11:22:12.205350+00:00,41782,1284908,3935587,1
2026-09-20T11:22:12.222558+00:00,41783,1284933,3935830,1
2026-09-20T11:22:12.253259+00:00,41784,1284959,3935708,1
2026-09-20T11:22:12.270419+00:00,41785,1284984,3936158,1
2026-09-20T11:22:12.301366+00:00,41786,1285009,3937194,1
2026-09-20T11:22:12.317381+00:00,41787,1285034,3938106,1
2026-09-20T11:22:12.350223+00:00,41788,1285059,3938172,1
2026-09-20T11:22:12.381367+00:00,41789,1285084,3937726,1
2026-09-20T11:22:12.397376+00:00,41790,1285110,3937361,1
2026-09-20T11:22:12.429352+00:00,41791,1285135,3937216,1
2026-09-20T11:22:12.447459+00:00,41792,1285160,3937524,1
2026-09-20T11:22:12.477435+00:00,41793,1285185,3937444,1
2026-09-20T11:22:12.494600+00:00,41794,1285210,3936878,1
2026-09-20T11:22:12.525353+00:00,41795,1285236,3936878,1
2026-09-20T11:22:12.558693+00:00,41796,1285261,3936831,1
2026-09-20T11:22:12.580522+00:00,41797,1285286,3936713,1
2026-09-20T11:22:12.606583+00:00,41798,1285311,3936969,1
2026-09-20T11:22:12.621352+00:00,41799,1285336,3936656,1
2026-09-20T11:22:12.653350+00:00,41800,1285362,3936246,1
2026-09-20T11:22:12.685362+00:00,41801,1285387,3936212,1
2026-09-20T11:22:12.701321+00:00,41802,1285412,3936457,1
2026-09-20T11:22:12.735319+00:00,41803,1285437,3936172,1
2026-09-20T11:22:12.752204+00:00,41804,1285462,3936173,1
2026-09-20T11:22:12.782371+00:00,41805,1285488,3936658,1
2026-09-20T11:22:12.798464+00:00,41806,1285513,3936571,1
2026-09-20T11:22:12.829452+00:00,41807,1285538,3936224,1
2026-09-20T11:22:12.861450+00:00,41808,1285563,3936413,1
2026-09-20T11:22:12.877459+00:00,41809,1285588,3936711,1
2026-09-20T11:22:12.909455+00:00,41810,1285613,3936665,1
2026-09-20T11:22:12.926458+00:00,41811,1285639,3936690,1
2026-09-20T11:22:12.963464+00:00,41812,1285664,3937135,1
2026-09-20T11:22:12.973449+00:00,41813,1285689,3937253,1
2026-09-20T11:22:13.005322+00:00,41814,1285714,3937301,1
2026-09-20T11:22:13.037335+00:00,41815,1285739,3936925,1
2026-09-20T11:22:13.053345+00:00,41816,1285765,3936959,1
2026-09-20T11:22:13.085360+00:00,41817,1285790,3936849,1
2026-09-20T11:22:13.101369+00:00,41818,1285815,3937264,1
2026-09-20T11:22:13.133578+00:00,41819,1285840,3937330,1
2026-09-20T11:22:13.150207+00:00,41820,1285865,3937341,1
2026-09-20T11:22:13.181340+00:00,41821,1285891,3937441,1
2026-09-20T11:22:13.213347+00:00,41822,1285916,3937300,1
2026-09-20T11:22:13.229341+00:00,41823,1285941,3937231,1
2026-09-20T11:22:13.261672+00:00,41824,1285966,3937232,1
2026-09-20T11:22:13.277673+00:00,41825,1285991,3937479,1
2026-09-20T11:22:13.309673+00:00,41826,1286017,3937482,1
2026-09-20T11:22:13.325367+00:00,41827,1286042,3937430,1
2026-09-20T11:22:13.357811+00:00,41828,1286067,3937767,1
2026-09-20T11:22:13.389337+00:00,41829,1286092,3937703,1
2026-09-20T11:22:13.405338+00:00,41830,1286117,3937659,1
2026-09-20T11:22:13.437339+00:00,41831,1286143,3937929,1
2026-09-20T11:22:13.453328+00:00,41832,1286168,3937961,1
2026-09-20T11:22:13.485311+00:00,41833,1286193,3937892,1
2026-09-20T11:22:13.502216+00:00,41834,1286218,3938107,1
2026-09-20T11:22:13.534382+00:00,41835,1286243,3938046,1
2026-09-20T11:22:13.567383+00:00,41836,1286269,3938302,1
2026-09-20T11:22:13.582424+00:00,41837,1286294,3938228,1
2026-09-20T11:22:13.614581+00:00,41838,1286319,3937706,1
2026-09-20T11:22:13.629344+00:00,41839,1286344,3937642,1
2026-09-20T11:22:13.662595+00:00,41840,1286369,3937642,1
2026-09-20T11:22:13.678725+00:00,41841,1286394,3938268,1
2026-09-20T11:22:13.709330+00:00,41842,1286420,3937874,1
2026-09-20T11:22:13.741342+00:00,41843,1286445,3937647,1
2026-09-20T11:22:13.757601+00:00,41844,1286470,3937608,1
2026-09-20T11:22:13.789339+00:00,41845,1286495,3937532,1
2026-09-20T11:22:13.805753+00:00,41846,1286520,3937972,1
2026-09-20T11:22:13.837753+00:00,41847,1286546,3938441,1
2026-09-20T11:22:13.853753+00:00,41848,1286571,3938808,1
2026-09-20T11:22:13.885821+00:00,41849,1286596,3939132,1
2026-09-20T11:22:13.917752+00:00,41850,1286621,3939024,1
2026-09-20T11:22:13.933760+00:00,41851,1286646,3938976,1
2026-09-20T11:22:13.965752+00:00,41852,1286672,3939027,1
2026-09-20T11:22:13.981319+00:00,41853,1286697,3938799,1
2026-09-20T11:22:14.013344+00:00,41854,1286722,3938152,1
2026-09-20T11:22:14.034135+00:00,41855,1286747,3938124,1
2026-09-20T11:22:14.050902+00:00,41856,1286772,3938385,1
2026-09-20T11:22:14.093316+00:00,41857,1286798,3938735,1
2026-09-20T11:22:14.109314+00:00,41858,1286823,3938514,1
2026-09-20T11:22:14.141316+00:00,41859,1286848,3938515,1
2026-09-20T11:22:14.157326+00:00,41860,1286873,3939165,1
2026-09-20T11:22:14.189350+00:00,41861,1286898,3939553,1
2026-09-20T11:22:14.221309+00:00,41862,1286923,3940036,1
2026-09-20T11:22:14.237307+00:00,41863,1286949,3940469,1
2026-09-20T11:22:14.269312+00:00,41864,1286974,3940886,1
2026-09-20T11:22:14.285321+00:00,41865,1286999,3940831,1
2026-09-20T11:22:14.317706+00:00,41866,1287024,3940812,1
2026-09-20T11:22:14.334345+00:00,41867,1287049,3941111,1
2026-09-20T11:22:14.366346+00:00,41868,1287075,3941361,1
2026-09-20T11:22:14.397359+00:00,41869,1287100,3941384,1
2026-09-20T11:22:14.413325+00:00,41870,1287125,3941126,1
2026-09-20T11:22:14.445315+00:00,41871,1287150,3941673,1
2026-09-20T11:22:14.462789+00:00,41872,1287175,3941387,1
2026-09-20T11:22:14.493306+00:00,41873,1287201,3940922,1
2026-09-20T11:22:14.509300+00:00,41874,1287226,3941332,1
2026-09-20T11:22:14.542498+00:00,41875,1287251,3941383,1
2026-09-20T11:22:14.573290+00:00,41876,1287276,3942146,1
2026-09-20T11:22:14.589303+00:00,41877,1287301,3942316,1
2026-09-20T11:22:14.621307+00:00,41878,1287327,3942168,1
2026-09-20T11:22:14.637451+00:00,41879,1287352,3941814,1
2026-09-20T11:22:14.669890+00:00,41880,1287377,3942244,1
2026-09-20T11:22:14.687539+00:00,41881,1287402,3942627,1
2026-09-20T11:22:14.718998+00:00,41882,1287427,3942592,1
2026-09-20T11:22:14.751466+00:00,41883,1287453,3942755,1
2026-09-20T11:22:14.765461+00:00,41884,1287478,3943837,1
2026-09-20T11:22:14.797414+00:00,41885,1287503,3943718,1
2026-09-20T11:22:14.814206+00:00,41886,1287528,3942866,1
2026-09-20T11:22:14.845305+00:00,41887,1287553,3943321,1
2026-09-20T11:22:14.862207+00:00,41888,1287578,3943554,1
2026-09-20T11:22:14.893305+00:00,41889,1287604,3942830,1
2026-09-20T11:22:14.925223+00:00,41890,1287629,3943282,1
2026-09-20T11:22:14.941204+00:00,41891,1287654,3943951,1
2026-09-20T11:22:14.973333+00:00,41892,1287679,3943532,1
2026-09-20T11:22:14.989289+00:00,41893,1287704,3943638,1
2026-09-20T11:22:15.021282+00:00,41894,1287730,3944096,1
2026-09-20T11:22:15.037304+00:00,41895,1287755,3944530,1
2026-09-20T11:22:15.069294+00:00,41896,1287780,3944695,1
2026-09-20T11:22:15.101273+00:00,41897,1287805,3945580,1
2026-09-20T11:22:15.117751+00:00,41898,1287830,3947978,1
2026-09-20T11:22:15.149328+00:00,41899,1287856,3952612,1
2026-09-20T11:22:15.166335+00:00,41900,1287881,3957727,1
2026-09-20T11:22:15.197288+00:00,41901,1287906,3960837,1
2026-09-20T11:22:15.229310+00:00,41902,1287931,3968963,1
2026-09-20T11:22:15.245281+00:00,41903,1287956,3986479,1
2026-09-20T11:22:15.277297+00:00,41904,1287982,4010458,1
2026-09-20T11:22:15.293288+00:00,41905,1288007,4043416,1
2026-09-20T11:22:15.326349+00:00,41906,1288032,4091269,1
2026-09-20T11:22:15.341292+00:00,41907,1288057,4164784,1
2026-09-20T11:22:15.373291+00:00,41908,1288082,4257925,1
2026-09-20T11:22:15.405290+00:00,41909,1288108,4321084,1
2026-09-20T11:22:15.421335+00:00,41910,1288133,4339222,1
2026-09-20T11:22:15.453663+00:00,41911,1288158,4354959,1
2026-09-20T11:22:15.469298+00:00,41912,1288183,4364176,1
2026-09-20T11:22:15.501215+00:00,41913,1288208,4369244,1
2026-09-20T11:22:15.517289+00:00,41914,1288233,4354684,1
2026-09-20T11:22:15.550285+00:00,41915,1288259,4324045,1
2026-09-20T11:22:15.583321+00:00,41916,1288284,4303716,1
2026-09-20T11:22:15.597283+00:00,41917,1288309,4270576,1
2026-09-20T11:22:15.629295+00:00,41918,1288334,4212618,1
2026-09-20T11:22:15.646610+00:00,41919,1288359,4143283,1
2026-09-20T11:22:15.677292+00:00,41920,1288385,4094782,1
2026-09-20T11:22:15.694373+00:00,41921,1288410,4060602,1
2026-09-20T11:22:15.725281+00:00,41922,1288435,4030816,1
2026-09-20T11:22:15.757313+00:00,41923,1288460,3995116,1
2026-09-20T11:22:15.773278+00:00,41924,1288485,3939422,1
2026-09-20T11:22:15.806301+00:00,41925,1288511,3793383,1
2026-09-20T11:22:15.821295+00:00,41926,1288536,3321630,1
2026-09-20T11:22:15.853295+00:00,41927,1288561,2497158,1
2026-09-20T11:22:15.869296+00:00,41928,1288586,1982263,1
2026-09-20T11:22:15.901298+00:00,41929,1288611,2282924,1
2026-09-20T11:22:15.934309+00:00,41930,1288637,2950803,1
2026-09-20T11:22:15.950299+00:00,41931,1288662,3362099,1
2026-09-20T11:22:15.981075+00:00,41932,1288687,3566827,1
2026-09-20T11:22:15.997254+00:00,41933,1288712,3693799,1
2026-09-20T11:22:16.029300+00:00,41934,1288737,3775466,1
2026-09-20T11:22:16.045282+00:00,41935,1288763,3829336,1
2026-09-20T11:22:16.077299+00:00,41936,1288788,3865359,1
2026-09-20T11:22:16.110305+00:00,41937,1288813,3888817,1
2026-09-20T11:22:16.125276+00:00,41938,1288838,3903445,1
2026-09-20T11:22:16.157284+00:00,41939,1288863,3912957,1
2026-09-20T11:22:16.173404+00:00,41940,1288889,3918542,1
2026-09-20T11:22:16.205298+00:00,41941,1288914,3922377,1
2026-09-20T11:22:16.222301+00:00,41942,1288939,3924823,1
2026-09-20T11:22:16.253261+00:00,41943,1288964,3926825,1
2026-09-20T11:22:16.289511+00:00,41944,1288989,3927759,1
2026-09-20T11:22:16.303336+00:00,41945,1289015,3929337,1
2026-09-20T11:22:16.333833+00:00,41946,1289040,3929826,1
2026-09-20T11:22:16.349485+00:00,41947,1289065,3930164,1
2026-09-20T11:22:16.413268+00:00,41948,1289116,3931107,1
2026-09-20T11:22:16.429257+00:00,41949,1289140,3931314,1
2026-09-20T11:22:16.461263+00:00,41950,1289166,3931811,1
2026-09-20T11:22:16.477280+00:00,41951,1289191,3932223,1
2026-09-20T11:22:16.509256+00:00,41952,1289216,3932214,1
2026-09-20T11:22:16.525257+00:00,41953,1289241,3931999,1
2026-09-20T11:22:16.558449+00:00,41954,1289266,3932296,1
2026-09-20T11:22:16.589315+00:00,41955,1289292,3932348,1
2026-09-20T11:22:16.605226+00:00,41956,1289317,3932103,1
2026-09-20T11:22:16.637256+00:00,41957,1289342,3932647,1
2026-09-20T11:22:16.654265+00:00,41958,1289367,3933077,1
2026-09-20T11:22:16.688706+00:00,41959,1289392,3932912,1
2026-09-20T11:22:16.702147+00:00,41960,1289418,3932907,1
2026-09-20T11:22:16.734692+00:00,41961,1289443,3932609,1
2026-09-20T11:22:16.766502+00:00,41962,1289468,3932585,1
2026-09-20T11:22:16.783348+00:00,41963,1289493,3932881,1
2026-09-20T11:22:16.813819+00:00,41964,1289518,3932920,1
2026-09-20T11:22:16.829806+00:00,41965,1289544,3934066,1
2026-09-20T11:22:16.861815+00:00,41966,1289569,3933932,1
2026-09-20T11:22:16.877751+00:00,41967,1289594,3933052,1
2026-09-20T11:22:16.909780+00:00,41968,1289619,3933369,1
2026-09-20T11:22:16.940752+00:00,41969,1289644,3933825,1
2026-09-20T11:22:16.957771+00:00,41970,1289670,3933940,1
2026-09-20T11:22:16.989256+00:00,41971,1289695,3933426,1
2026-09-20T11:22:17.005243+00:00,41972,1289720,3933632,1
2026-09-20T11:22:17.037241+00:00,41973,1289745,3933576,1
2026-09-20T11:22:17.053250+00:00,41974,1289770,3933194,1
2026-09-20T11:22:17.085254+00:00,41975,1289796,3933586,1
2026-09-20T11:22:17.117597+00:00,41976,1289821,3934158,1
2026-09-20T11:22:17.134245+00:00,41977,1289846,3934044,1
2026-09-20T11:22:17.166282+00:00,41978,1289871,3933120,1
2026-09-20T11:22:17.181247+00:00,41979,1289896,3933589,1
2026-09-20T11:22:17.213236+00:00,41980,1289921,3933907,1
2026-09-20T11:22:17.230327+00:00,41981,1289947,3933685,1
2026-09-20T11:22:17.261235+00:00,41982,1289972,3933814,1
2026-09-20T11:22:17.293247+00:00,41983,1289997,3933640,1
2026-09-20T11:22:17.309237+00:00,41984,1290022,3933949,1
2026-09-20T11:22:17.341012+00:00,41985,1290047,3934186,1
2026-09-20T11:22:17.357238+00:00,41986,1290073,3934348,1
2026-09-20T11:22:17.389243+00:00,41987,1290098,3934448,1
2026-09-20T11:22:17.405231+00:00,41988,1290123,3934043,1
2026-09-20T11:22:17.437229+00:00,41989,1290148,3933966,1
2026-09-20T11:22:17.469806+00:00,41990,1290173,3933890,1
2026-09-20T11:22:17.485239+00:00,41991,1290199,3934228,1
2026-09-20T11:22:17.517228+00:00,41992,1290224,3934046,1
2026-09-20T11:22:17.534359+00:00,41993,1290249,3934453,1
2026-09-20T11:22:17.566216+00:00,41994,1290274,3934451,1
2026-09-20T11:22:17.587386+00:00,41995,1290299,3933905,1
2026-09-20T11:22:17.613230+00:00,41996,1290325,3933708,1
2026-09-20T11:22:17.647517+00:00,41997,1290350,3933489,1
2026-09-20T11:22:17.661230+00:00,41998,1290375,3933454,1
2026-09-20T11:22:17.693234+00:00,41999,1290400,3933434,1
2026-09-20T11:22:17.709241+00:00,42000,1290425,3933913,1
2026-09-20T11:22:17.742337+00:00,42001,1290451,3933360,1
2026-09-20T11:22:17.773223+00:00,42002,1290476,3933386,1
2026-09-20T11:22:17.789237+00:00,42003,1290501,3933490,1
2026-09-20T11:22:17.821234+00:00,42004,1290526,3933665,1
2026-09-20T11:22:17.837227+00:00,42005,1290551,3933941,1
2026-09-20T11:22:17.869210+00:00,42006,1290576,3933664,1
2026-09-20T11:22:17.885251+00:00,42007,1290602,3933629,1
2026-09-20T11:22:17.917245+00:00,42008,1290627,3933638,1
2026-09-20T11:22:17.949208+00:00,42009,1290652,3933271,1
2026-09-20T11:22:17.966208+00:00,42010,1290677,3933516,1
2026-09-20T11:22:17.997254+00:00,42011,1290702,3933725,1
2026-09-20T11:22:18.013225+00:00,42012,1290728,3933622,1
2026-09-20T11:22:18.045227+00:00,42013,1290753,3932836,1
2026-09-20T11:22:18.061231+00:00,42014,1290778,3932747,1
2026-09-20T11:22:18.093219+00:00,42015,1290803,3932647,1
2026-09-20T11:22:18.125207+00:00,42016,1290828,3932275,1
2026-09-20T11:22:18.141219+00:00,42017,1290854,3931627,1
2026-09-20T11:22:18.173241+00:00,42018,1290879,3932086,1
2026-09-20T11:22:18.189247+00:00,42019,1290904,3932570,1
2026-09-20T11:22:18.221715+00:00,42020,1290929,3932123,1
2026-09-20T11:22:18.237593+00:00,42021,1290954,3932351,1
2026-09-20T11:22:18.269967+00:00,42022,1290980,3932722,1
2026-09-20T11:22:18.301105+00:00,42023,1291005,3933059,1
2026-09-20T11:22:18.317232+00:00,42024,1291030,3933539,1
2026-09-20T11:22:18.349648+00:00,42025,1291055,3933728,1
2026-09-20T11:22:18.365219+00:00,42026,1291080,3934013,1
2026-09-20T11:22:18.397241+00:00,42027,1291106,3934532,1
2026-09-20T11:22:18.413246+00:00,42028,1291131,3934804,1
2026-09-20T11:22:18.445233+00:00,42029,1291156,3934799,1
2026-09-20T11:22:18.477064+00:00,42030,1291181,3934740,1
2026-09-20T11:22:18.494440+00:00,42031,1291206,3935342,1
2026-09-20T11:22:18.525236+00:00,42032,1291232,3935634,1
2026-09-20T11:22:18.541232+00:00,42033,1291257,3935545,1
2026-09-20T11:22:18.573207+00:00,42034,1291282,3935299,1
2026-09-20T11:22:18.590404+00:00,42035,1291307,3934788,1
2026-09-20T11:22:18.621197+00:00,42036,1291332,3934244,1
2026-09-20T11:22:18.654658+00:00,42037,1291357,3935066,1
2026-09-20T11:22:18.670390+00:00,42038,1291383,3935284,1
2026-09-20T11:22:18.701234+00:00,42039,1291408,3935092,1
2026-09-20T11:22:18.717977+00:00,42040,1291433,3935101,1
2026-09-20T11:22:18.750270+00:00,42041,1291458,3935011,1
2026-09-20T11:22:18.767396+00:00,42042,1291483,3934914,1
2026-09-20T11:22:18.798284+00:00,42043,1291509,3934814,1
2026-09-20T11:22:18.830284+00:00,42044,1291534,3935068,1
2026-09-20T11:22:18.845282+00:00,42045,1291559,3934909,1
2026-09-20T11:22:18.877279+00:00,42046,1291584,3934631,1
2026-09-20T11:22:18.893281+00:00,42047,1291609,3934845,1
2026-09-20T11:22:18.925286+00:00,42048,1291635,3935064,1
2026-09-20T11:22:18.957279+00:00,42049,1291660,3935077,1
2026-09-20T11:22:18.973309+00:00,42050,1291685,3934191,1
2026-09-20T11:22:19.005192+00:00,42051,1291710,3934148,1
2026-09-20T11:22:19.021906+00:00,42052,1291735,3934729,1
2026-09-20T11:22:19.053885+00:00,42053,1291761,3935508,1
2026-09-20T11:22:19.069194+00:00,42054,1291786,3935283,1
2026-09-20T11:22:19.101195+00:00,42055,1291811,3935258,1
2026-09-20T11:22:19.133194+00:00,42056,1291836,3935491,1
2026-09-20T11:22:19.149195+00:00,42057,1291861,3935777,1
2026-09-20T11:22:19.181199+00:00,42058,1291887,3935493,1
2026-09-20T11:22:19.197204+00:00,42059,1291912,3935402,1
2026-09-20T11:22:19.229189+00:00,42060,1291937,3935437,1
2026-09-20T11:22:19.245192+00:00,42061,1291962,3935938,1
2026-09-20T11:22:19.277245+00:00,42062,1291987,3936038,1
2026-09-20T11:22:19.309614+00:00,42063,1292012,3936136,1
2026-09-20T11:22:19.325190+00:00,42064,1292038,3936183,1
2026-09-20T11:22:19.357177+00:00,42065,1292063,3936059,1
2026-09-20T11:22:19.373219+00:00,42066,1292088,3936286,1
2026-09-20T11:22:19.405192+00:00,42067,1292113,3936402,1
2026-09-20T11:22:19.422214+00:00,42068,1292138,3936277,1
2026-09-20T11:22:19.453836+00:00,42069,1292164,3936739,1
2026-09-20T11:22:19.486610+00:00,42070,1292189,3936395,1
2026-09-20T11:22:19.501213+00:00,42071,1292214,3936657,1
2026-09-20T11:22:19.531856+00:00,42072,1292239,3936679,1
2026-09-20T11:22:19.549692+00:00,42073,1292264,3936964,1
2026-09-20T11:22:19.581198+00:00,42074,1292290,3937009,1
2026-09-20T11:22:19.598504+00:00,42075,1292315,3936833,1
2026-09-20T11:22:19.630420+00:00,42076,1292340,3936827,1
2026-09-20T11:22:19.662390+00:00,42077,1292365,3937132,1
2026-09-20T11:22:19.677230+00:00,42078,1292390,3937400,1
2026-09-20T11:22:19.709183+00:00,42079,1292416,3937069,1
2026-09-20T11:22:19.725170+00:00,42080,1292441,3937054,1
2026-09-20T11:22:19.758675+00:00,42081,1292466,3937822,1
2026-09-20T11:22:19.773184+00:00,42082,1292491,3938619,1
2026-09-20T11:22:19.805926+00:00,42083,1292516,3939384,1
2026-09-20T11:22:19.837151+00:00,42084,1292541,3939850,1
2026-09-20T11:22:19.853171+00:00,42085,1292567,3939920,1
2026-09-20T11:22:19.885929+00:00,42086,1292592,3940485,1
2026-09-20T11:22:19.901996+00:00,42087,1292617,3941788,1
2026-09-20T11:22:19.933935+00:00,42088,1292642,3941917,1
2026-09-20T11:22:19.949925+00:00,42089,1292667,3942191,1
2026-09-20T11:22:19.981165+00:00,42090,1292693,3942972,1
2026-09-20T11:22:20.014281+00:00,42091,1292718,3944890,1
2026-09-20T11:22:20.029175+00:00,42092,1292743,3947752,1
2026-09-20T11:22:20.061210+00:00,42093,1292768,3951838,1
2026-09-20T11:22:20.077204+00:00,42094,1292793,3959828,1
2026-09-20T11:22:20.109165+00:00,42095,1292819,3973112,1
2026-09-20T11:22:20.141174+00:00,42096,1292844,3993183,1
2026-09-20T11:22:20.157176+00:00,42097,1292869,4037933,1
2026-09-20T11:22:20.190329+00:00,42098,1292894,4144121,1
2026-09-20T11:22:20.205163+00:00,42099,1292919,4315431,1
2026-09-20T11:22:20.237611+00:00,42100,1292945,4516419,1
2026-09-20T11:22:20.253163+00:00,42101,1292970,4669032,1
2026-09-20T11:22:20.285220+00:00,42102,1292995,4748268,1
2026-09-20T11:22:20.317386+00:00,42103,1293020,4749394,1
2026-09-20T11:22:20.333463+00:00,42104,1293045,4710875,1
2026-09-20T11:22:20.365189+00:00,42105,1293071,4670913,1
2026-09-20T11:22:20.381161+00:00,42106,1293096,4599664,1
2026-09-20T11:22:20.415452+00:00,42107,1293121,4502559,1
2026-09-20T11:22:20.429188+00:00,42108,1293146,4413072,1
2026-09-20T11:22:20.463260+00:00,42109,1293171,4331427,1
2026-09-20T11:22:20.493203+00:00,42110,1293196,4242434,1
2026-09-20T11:22:20.511422+00:00,42111,1293222,4159296,1
2026-09-20T11:22:20.541156+00:00,42112,1293247,4073090,1
2026-09-20T11:22:20.557160+00:00,42113,1293272,3987882,1
2026-09-20T11:22:20.590176+00:00,42114,1293297,3860954,1
2026-09-20T11:22:20.605162+00:00,42115,1293322,3525931,1
2026-09-20T11:22:20.637238+00:00,42116,1293348,2780350,1
2026-09-20T11:22:20.669953+00:00,42117,1293373,1888200,1
2026-09-20T11:22:20.687630+00:00,42118,1293398,1514558,1
2026-09-20T11:22:20.717913+00:00,42119,1293423,1997739,1
2026-09-20T11:22:20.733620+00:00,42120,1293448,2785092,1
2026-09-20T11:22:20.766400+00:00,42121,1293474,3262986,1
2026-09-20T11:22:20.781152+00:00,42122,1293499,3499519,1
2026-09-20T11:22:20.814200+00:00,42123,1293524,3642660,1
2026-09-20T11:22:20.845198+00:00,42124,1293549,3741145,1
2026-09-20T11:22:20.861198+00:00,42125,1293574,3807849,1
2026-09-20T11:22:20.893202+00:00,42126,1293600,3850675,1
2026-09-20T11:22:20.909211+00:00,42127,1293625,3878117,1
2026-09-20T11:22:20.942222+00:00,42128,1293650,3896921,1
2026-09-20T11:22:20.958308+00:00,42129,1293675,3908592,1
2026-09-20T11:22:20.989207+00:00,42130,1293700,3915737,1
2026-09-20T11:22:21.021179+00:00,42131,1293725,3920674,1
2026-09-20T11:22:21.037150+00:00,42132,1293751,3923988,1
2026-09-20T11:22:21.069165+00:00,42133,1293776,3925989,1
2026-09-20T11:22:21.085158+00:00,42134,1293801,3927650,1
2026-09-20T11:22:21.117896+00:00,42135,1293826,3928666,1
2026-09-20T11:22:21.133570+00:00,42136,1293851,3929240,1
2026-09-20T11:22:21.166202+00:00,42137,1293877,3930297,1
2026-09-20T11:22:21.214323+00:00,42138,1293925,3931049,1
2026-09-20T11:22:21.229173+00:00,42139,1293933,3931123,1
2026-09-20T11:22:21.245066+00:00,42140,1293952,3931484,1
2026-09-20T11:22:21.261242+00:00,42141,1293977,3931907,1
2026-09-20T11:22:21.293616+00:00,42142,1294003,3931972,1
2026-09-20T11:22:21.309149+00:00,42143,1294028,3932372,1
2026-09-20T11:22:21.341200+00:00,42144,1294053,3932407,1
2026-09-20T11:22:21.373840+00:00,42145,1294078,3932736,1
2026-09-20T11:22:21.389173+00:00,42146,1294103,3932944,1
2026-09-20T11:22:21.421982+00:00,42147,1294129,3932366,1
2026-09-20T11:22:21.438400+00:00,42148,1294154,3932179,1
2026-09-20T11:22:21.469909+00:00,42149,1294179,3932765,1
2026-09-20T11:22:21.501123+00:00,42150,1294204,3933144,1
2026-09-20T11:22:21.517806+00:00,42151,1294229,3932790,1
2026-09-20T11:22:21.550196+00:00,42152,1294255,3932534,1
2026-09-20T11:22:21.566197+00:00,42153,1294280,3932956,1
2026-09-20T11:22:21.599235+00:00,42154,1294305,3932686,1
2026-09-20T11:22:21.614557+00:00,42155,1294330,3932952,1
2026-09-20T11:22:21.646408+00:00,42156,1294355,3933444,1
2026-09-20T11:22:21.677181+00:00,42157,1294381,3933891,1
2026-09-20T11:22:21.693192+00:00,42158,1294406,3933934,1
2026-09-20T11:22:21.727016+00:00,42159,1294431,3933591,1
2026-09-20T11:22:21.741124+00:00,42160,1294456,3933414,1
2026-09-20T11:22:21.773130+00:00,42161,1294481,3933633,1
2026-09-20T11:22:21.789130+00:00,42162,1294506,3934437,1
2026-09-20T11:22:21.821226+00:00,42163,1294532,3934767,1
2026-09-20T11:22:21.853225+00:00,42164,1294557,3934562,1
2026-09-20T11:22:21.869225+00:00,42165,1294582,3935781,1
2026-09-20T11:22:21.901225+00:00,42166,1294607,3936485,1
2026-09-20T11:22:21.918229+00:00,42167,1294632,3936262,1
2026-09-20T11:22:21.949227+00:00,42168,1294658,3936183,1
2026-09-20T11:22:21.966229+00:00,42169,1294683,3936123,1
2026-09-20T11:22:21.997191+00:00,42170,1294708,3935957,1
2026-09-20T11:22:22.029116+00:00,42171,1294733,3936026,1
2026-09-20T11:22:22.044888+00:00,42172,1294758,3935669,1
2026-09-20T11:22:22.077135+00:00,42173,1294784,3935655,1
2026-09-20T11:22:22.094428+00:00,42174,1294809,3935749,1
2026-09-20T11:22:22.125261+00:00,42175,1294834,3936259,1
2026-09-20T11:22:22.141113+00:00,42176,1294859,3936460,1
2026-09-20T11:22:22.173116+00:00,42177,1294884,3936208,1
2026-09-20T11:22:22.205120+00:00,42178,1294910,3936290,1
2026-09-20T11:22:22.221109+00:00,42179,1294935,3935917,1
2026-09-20T11:22:22.253236+00:00,42180,1294960,3935494,1
2026-09-20T11:22:22.269120+00:00,42181,1294985,3935888,1
2026-09-20T11:22:22.301002+00:00,42182,1295010,3936149,1
2026-09-20T11:22:22.317566+00:00,42183,1295036,3936070,1
2026-09-20T11:22:22.350169+00:00,42184,1295061,3935296,1
2026-09-20T11:22:22.381123+00:00,42185,1295086,3935078,1
2026-09-20T11:22:22.397122+00:00,42186,1295111,3936104,1
2026-09-20T11:22:22.429046+00:00,42187,1295136,3936221,1
2026-09-20T11:22:22.446288+00:00,42188,1295162,3936257,1
2026-09-20T11:22:22.477115+00:00,42189,1295187,3936049,1
2026-09-20T11:22:22.493127+00:00,42190,1295212,3936106,1
2026-09-20T11:22:22.526409+00:00,42191,1295237,3935983,1
2026-09-20T11:22:22.557109+00:00,42192,1295262,3935831,1
2026-09-20T11:22:22.573107+00:00,42193,1295287,3936048,1
2026-09-20T11:22:22.605115+00:00,42194,1295313,3935307,1
2026-09-20T11:22:22.621117+00:00,42195,1295338,3935109,1
2026-09-20T11:22:22.654274+00:00,42196,1295363,3935315,1
2026-09-20T11:22:22.685152+00:00,42197,1295388,3935238,1
2026-09-20T11:22:22.701907+00:00,42198,1295413,3936239,1
2026-09-20T11:22:22.733959+00:00,42199,1295439,3936504,1
2026-09-20T11:22:22.750674+00:00,42200,1295464,3935998,1
2026-09-20T11:22:22.781123+00:00,42201,1295489,3936048,1
2026-09-20T11:22:22.797131+00:00,42202,1295514,3935869,1
2026-09-20T11:22:22.829163+00:00,42203,1295539,3935822,1
2026-09-20T11:22:22.861163+00:00,42204,1295565,3936170,1
2026-09-20T11:22:22.877163+00:00,42205,1295590,3936155,1
2026-09-20T11:22:22.910163+00:00,42206,1295615,3935999,1
2026-09-20T11:22:22.925162+00:00,42207,1295640,3936151,1
2026-09-20T11:22:22.957171+00:00,42208,1295665,3936457,1
2026-09-20T11:22:22.973172+00:00,42209,1295691,3935969,1
2026-09-20T11:22:23.005520+00:00,42210,1295716,3936185,1
2026-09-20T11:22:23.037094+00:00,42211,1295741,3936595,1
2026-09-20T11:22:23.053405+00:00,42212,1295766,3936972,1
2026-09-20T11:22:23.085085+00:00,42213,1295791,3937157,1
2026-09-20T11:22:23.101240+00:00,42214,1295817,3936987,1
2026-09-20T11:22:23.133566+00:00,42215,1295842,3937101,1
2026-09-20T11:22:23.150139+00:00,42216,1295867,3937790,1
2026-09-20T11:22:23.181104+00:00,42217,1295892,3937880,1
2026-09-20T11:22:23.213145+00:00,42218,1295917,3937798,1
2026-09-20T11:22:23.229188+00:00,42219,1295942,3938040,1
2026-09-20T11:22:23.261110+00:00,42220,1295968,3938167,1
2026-09-20T11:22:23.277092+00:00,42221,1295993,3938256,1
2026-09-20T11:22:23.310109+00:00,42222,1296018,3938800,1
2026-09-20T11:22:23.325091+00:00,42223,1296043,3938534,1
2026-09-20T11:22:23.357678+00:00,42224,1296068,3938207,1
2026-09-20T11:22:23.389080+00:00,42225,1296094,3938488,1
2026-09-20T11:22:23.405087+00:00,42226,1296119,3938341,1
2026-09-20T11:22:23.437073+00:00,42227,1296144,3938613,1
2026-09-20T11:22:23.453102+00:00,42228,1296169,3938835,1
2026-09-20T11:22:23.486031+00:00,42229,1296194,3938660,1
2026-09-20T11:22:23.501416+00:00,42230,1296220,3938813,1
2026-09-20T11:22:23.533331+00:00,42231,1296245,3939764,1
2026-09-20T11:22:23.565099+00:00,42232,1296270,3939561,1
2026-09-20T11:22:23.581083+00:00,42233,1296295,3939423,1
2026-09-20T11:22:23.616165+00:00,42234,1296320,3939306,1
2026-09-20T11:22:23.629080+00:00,42235,1296346,3939574,1
2026-09-20T11:22:23.662604+00:00,42236,1296371,3939663,1
2026-09-20T11:22:23.677092+00:00,42237,1296396,3939880,1
2026-09-20T11:22:23.709072+00:00,42238,1296421,3940259,1
2026-09-20T11:22:23.741072+00:00,42239,1296446,3940767,1
2026-09-20T11:22:23.757722+00:00,42240,1296472,3941299,1
2026-09-20T11:22:23.788940+00:00,42241,1296497,3941539,1
2026-09-20T11:22:23.805253+00:00,42242,1296522,3941631,1
2026-09-20T11:22:23.837248+00:00,42243,1296547,3942131,1
2026-09-20T11:22:23.869245+00:00,42244,1296572,3941840,1
2026-09-20T11:22:23.885241+00:00,42245,1296597,3942075,1
2026-09-20T11:22:23.917242+00:00,42246,1296623,3941935,1
2026-09-20T11:22:23.934242+00:00,42247,1296648,3941947,1
2026-09-20T11:22:23.966241+00:00,42248,1296673,3942128,1
2026-09-20T11:22:23.981081+00:00,42249,1296698,3942110,1
2026-09-20T11:22:24.014058+00:00,42250,1296723,3941736,1
2026-09-20T11:22:24.045087+00:00,42251,1296749,3941973,1
2026-09-20T11:22:24.061071+00:00,42252,1296774,3942836,1
2026-09-20T11:22:24.093083+00:00,42253,1296799,3942596,1
2026-09-20T11:22:24.109067+00:00,42254,1296824,3942502,1
2026-09-20T11:22:24.142121+00:00,42255,1296849,3942765,1
2026-09-20T11:22:24.157950+00:00,42256,1296875,3943287,1
2026-09-20T11:22:24.189057+00:00,42257,1296900,3943664,1
2026-09-20T11:22:24.221057+00:00,42258,1296925,3943152,1
2026-09-20T11:22:24.238195+00:00,42259,1296950,3943039,1
2026-09-20T11:22:24.269063+00:00,42260,1296975,3943910,1
2026-09-20T11:22:24.285057+00:00,42261,1297001,3943796,1
2026-09-20T11:22:24.318907+00:00,42262,1297026,3943524,1
2026-09-20T11:22:24.333771+00:00,42263,1297051,3943426,1
2026-09-20T11:22:24.365929+00:00,42264,1297076,3943731,1
2026-09-20T11:22:24.397055+00:00,42265,1297101,3944000,1
2026-09-20T11:22:24.413055+00:00,42266,1297127,3943687,1
2026-09-20T11:22:24.446093+00:00,42267,1297152,3943096,1
2026-09-20T11:22:24.461058+00:00,42268,1297177,3943141,1
2026-09-20T11:22:24.493055+00:00,42269,1297202,3943619,1
2026-09-20T11:22:24.509056+00:00,42270,1297227,3943679,1
2026-09-20T11:22:24.542081+00:00,42271,1297253,3943546,1
2026-09-20T11:22:24.574269+00:00,42272,1297278,3943827,1
2026-09-20T11:22:24.589619+00:00,42273,1297303,3943566,1
2026-09-20T11:22:24.622104+00:00,42274,1297328,3943347,1
2026-09-20T11:22:24.637054+00:00,42275,1297353,3944155,1
2026-09-20T11:22:24.669442+00:00,42276,1297378,3944909,1
2026-09-20T11:22:24.685078+00:00,42277,1297404,3945298,1
2026-09-20T11:22:24.717154+00:00,42278,1297429,3945914,1
2026-09-20T11:22:24.753574+00:00,42279,1297454,3948024,1
2026-09-20T11:22:24.765866+00:00,42280,1297479,3951546,1
2026-09-20T11:22:24.797512+00:00,42281,1297504,3955056,1
2026-09-20T11:22:24.813527+00:00,42282,1297530,3960379,1
2026-09-20T11:22:24.845599+00:00,42283,1297555,3968671,1
2026-09-20T11:22:24.860697+00:00,42284,1297580,3985274,1
2026-09-20T11:22:24.893517+00:00,42285,1297605,4016583,1
2026-09-20T11:22:24.925516+00:00,42286,1297630,4068078,1
2026-09-20T11:22:24.941523+00:00,42287,1297656,4147636,1
2026-09-20T11:22:24.973515+00:00,42288,1297681,4243557,1
2026-09-20T11:22:24.989589+00:00,42289,1297706,4354621,1
2026-09-20T11:22:25.021578+00:00,42290,1297731,4466593,1
2026-09-20T11:22:25.052726+00:00,42291,1297756,4530624,1
2026-09-20T11:22:25.069517+00:00,42292,1297782,4520388,1
2026-09-20T11:22:25.101516+00:00,42293,1297807,4494661,1
2026-09-20T11:22:25.117524+00:00,42294,1297832,4487593,1
2026-09-20T11:22:25.149327+00:00,42295,1297857,4478956,1
2026-09-20T11:22:25.166105+00:00,42296,1297882,4446620,1
2026-09-20T11:22:25.196948+00:00,42297,1297908,4391214,1
2026-09-20T11:22:25.229083+00:00,42298,1297933,4326423,1
2026-09-20T11:22:25.245042+00:00,42299,1297958,4258907,1
2026-09-20T11:22:25.277039+00:00,42300,1297983,4187914,1
2026-09-20T11:22:25.294066+00:00,42301,1298008,4111188,1
2026-09-20T11:22:25.325037+00:00,42302,1298034,4030789,1
2026-09-20T11:22:25.341050+00:00,42303,1298059,3925517,1
2026-09-20T11:22:25.373051+00:00,42304,1298084,3673617,1
2026-09-20T11:22:25.405039+00:00,42305,1298109,3032150,1
2026-09-20T11:22:25.420782+00:00,42306,1298134,2147201,1
2026-09-20T11:22:25.453070+00:00,42307,1298159,1762041,1
2026-09-20T11:22:25.468913+00:00,42308,1298185,2250945,1
2026-09-20T11:22:25.501023+00:00,42309,1298210,2970094,1
2026-09-20T11:22:25.518721+00:00,42310,1298235,3370385,1
2026-09-20T11:22:25.552079+00:00,42311,1298260,3565571,1
2026-09-20T11:22:25.581037+00:00,42312,1298285,3688466,1
2026-09-20T11:22:25.597022+00:00,42313,1298311,3772601,1
2026-09-20T11:22:25.629035+00:00,42314,1298336,3829292,1
2026-09-20T11:22:25.646220+00:00,42315,1298361,3866428,1
2026-09-20T11:22:25.677022+00:00,42316,1298386,3889841,1
2026-09-20T11:22:25.693022+00:00,42317,1298411,3905361,1
2026-09-20T11:22:25.725029+00:00,42318,1298437,3914432,1
2026-09-20T11:22:25.757025+00:00,42319,1298462,3920752,1
2026-09-20T11:22:25.773079+00:00,42320,1298487,3924578,1
2026-09-20T11:22:25.805415+00:00,42321,1298512,3926791,1
2026-09-20T11:22:25.821467+00:00,42322,1298537,3928543,1
2026-09-20T11:22:25.853414+00:00,42323,1298563,3929840,1
2026-09-20T11:22:25.869414+00:00,42324,1298588,3931428,1
2026-09-20T11:22:25.901415+00:00,42325,1298613,3932605,1
2026-09-20T11:22:25.933414+00:00,42326,1298638,3932969,1
2026-09-20T11:22:25.982057+00:00,42327,1298691,3933360,1
2026-09-20T11:22:25.997029+00:00,42328,1298714,3933557,1
2026-09-20T11:22:26.029008+00:00,42329,1298739,3933619,1
2026-09-20T11:22:26.044827+00:00,42330,1298764,3934428,1
2026-09-20T11:22:26.077042+00:00,42331,1298789,3934706,1
2026-09-20T11:22:26.109015+00:00,42332,1298814,3934562,1
2026-09-20T11:22:26.125095+00:00,42333,1298840,3934695,1
2026-09-20T11:22:26.157014+00:00,42334,1298865,3934441,1
2026-09-20T11:22:26.173072+00:00,42335,1298890,3934476,1
2026-09-20T11:22:26.205024+00:00,42336,1298915,3934331,1
2026-09-20T11:22:26.221005+00:00,42337,1298940,3934241,1
2026-09-20T11:22:26.254034+00:00,42338,1298966,3934646,1
2026-09-20T11:22:26.285032+00:00,42339,1298991,3935231,1
2026-09-20T11:22:26.301033+00:00,42340,1299016,3935369,1
2026-09-20T11:22:26.333033+00:00,42341,1299041,3935017,1
2026-09-20T11:22:26.350035+00:00,42342,1299066,3935014,1
2026-09-20T11:22:26.381034+00:00,42343,1299092,3934718,1
2026-09-20T11:22:26.413034+00:00,42344,1299117,3934522,1
2026-09-20T11:22:26.430035+00:00,42345,1299142,3935272,1
2026-09-20T11:22:26.462043+00:00,42346,1299167,3935396,1
2026-09-20T11:22:26.478036+00:00,42347,1299192,3935701,1
2026-09-20T11:22:26.509035+00:00,42348,1299218,3935859,1
2026-09-20T11:22:26.526036+00:00,42349,1299243,3935203,1
2026-09-20T11:22:26.557032+00:00,42350,1299268,3935138,1
2026-09-20T11:22:26.589032+00:00,42351,1299293,3935410,1
2026-09-20T11:22:26.605031+00:00,42352,1299318,3935416,1
2026-09-20T11:22:26.638036+00:00,42353,1299344,3935358,1
2026-09-20T11:22:26.654037+00:00,42354,1299369,3935363,1
2026-09-20T11:22:26.686034+00:00,42355,1299394,3935831,1
2026-09-20T11:22:26.701032+00:00,42356,1299419,3935609,1
2026-09-20T11:22:26.734032+00:00,42357,1299444,3935517,1
2026-09-20T11:22:26.766033+00:00,42358,1299469,3935284,1
2026-09-20T11:22:26.781033+00:00,42359,1299495,3935655,1
2026-09-20T11:22:26.813033+00:00,42360,1299520,3936064,1
2026-09-20T11:22:26.829052+00:00,42361,1299545,3935720,1
2026-09-20T11:22:26.861032+00:00,42362,1299570,3935754,1
2026-09-20T11:22:26.877032+00:00,42363,1299595,3935606,1
2026-09-20T11:22:26.909033+00:00,42364,1299621,3935881,1
2026-09-20T11:22:26.941031+00:00,42365,1299646,3936203,1
2026-09-20T11:22:26.957031+00:00,42366,1299671,3936565,1
2026-09-20T11:22:26.990040+00:00,42367,1299696,3936962,1
2026-09-20T11:22:27.005032+00:00,42368,1299721,3936472,1
2026-09-20T11:22:27.037037+00:00,42369,1299747,3936172,1
2026-09-20T11:22:27.053033+00:00,42370,1299772,3936094,1
2026-09-20T11:22:27.086036+00:00,42371,1299797,3935981,1
2026-09-20T11:22:27.117032+00:00,42372,1299822,3935525,1
2026-09-20T11:22:27.133032+00:00,42373,1299847,3935699,1
2026-09-20T11:22:27.166033+00:00,42374,1299873,3935948,1
2026-09-20T11:22:27.182038+00:00,42375,1299898,3935861,1
2026-09-20T11:22:27.213031+00:00,42376,1299923,3936323,1
2026-09-20T11:22:27.229031+00:00,42377,1299948,3936100,1
2026-09-20T11:22:27.262036+00:00,42378,1299973,3935483,1
2026-09-20T11:22:27.293032+00:00,42379,1299999,3935197,1
2026-09-20T11:22:27.309033+00:00,42380,1300024,3935126,1
2026-09-20T11:22:27.341033+00:00,42381,1300049,3935570,1
2026-09-20T11:22:27.358033+00:00,42382,1300074,3935175,1
2026-09-20T11:22:27.389031+00:00,42383,1300099,3934823,1
2026-09-20T11:22:27.405031+00:00,42384,1300124,3934957,1
2026-09-20T11:22:27.437034+00:00,42385,1300150,3935096,1
2026-09-20T11:22:27.469041+00:00,42386,1300175,3934884,1
2026-09-20T11:22:27.487058+00:00,42387,1300200,3934568,1
2026-09-20T11:22:27.519034+00:00,42388,1300225,3934922,1
2026-09-20T11:22:27.534055+00:00,42389,1300250,3935156,1
2026-09-20T11:22:27.565032+00:00,42390,1300276,3935678,1
2026-09-20T11:22:27.597033+00:00,42391,1300301,3935749,1
2026-09-20T11:22:27.613033+00:00,42392,1300326,3935501,1
2026-09-20T11:22:27.645031+00:00,42393,1300351,3934886,1
2026-09-20T11:22:27.661034+00:00,42394,1300376,3935926,1
2026-09-20T11:22:27.693032+00:00,42395,1300402,3936017,1
2026-09-20T11:22:27.709032+00:00,42396,1300427,3936205,1
2026-09-20T11:22:27.742038+00:00,42397,1300452,3936581,1
2026-09-20T11:22:27.773041+00:00,42398,1300477,3936912,1
2026-09-20T11:22:27.789048+00:00,42399,1300502,3936670,1
2026-09-20T11:22:27.821032+00:00,42400,1300528,3936643,1
2026-09-20T11:22:27.837037+00:00,42401,1300553,3936922,1
2026-09-20T11:22:27.869032+00:00,42402,1300578,3936804,1
2026-09-20T11:22:27.890032+00:00,42403,1300603,3937112,1
2026-09-20T11:22:27.917033+00:00,42404,1300628,3937037,1
2026-09-20T11:22:27.949059+00:00,42405,1300653,3936841,1
2026-09-20T11:22:27.965032+00:00,42406,1300679,3937628,1
2026-09-20T11:22:27.997047+00:00,42407,1300704,3937280,1
2026-09-20T11:22:28.013031+00:00,42408,1300729,3937013,1
2026-09-20T11:22:28.045045+00:00,42409,1300754,3937556,1
2026-09-20T11:22:28.061045+00:00,42410,1300779,3937638,1
2026-09-20T11:22:28.093037+00:00,42411,1300805,3937114,1
2026-09-20T11:22:28.125037+00:00,42412,1300830,3937008,1
2026-09-20T11:22:28.141032+00:00,42413,1300855,3937512,1
2026-09-20T11:22:28.174038+00:00,42414,1300880,3937604,1
2026-09-20T11:22:28.190033+00:00,42415,1300905,3937413,1
2026-09-20T11:22:28.221051+00:00,42416,1300931,3937622,1
2026-09-20T11:22:28.237039+00:00,42417,1300956,3937723,1
2026-09-20T11:22:28.270036+00:00,42418,1300981,3937817,1
2026-09-20T11:22:28.300943+00:00,42419,1301006,3937922,1
2026-09-20T11:22:28.316954+00:00,42420,1301031,3938478,1
2026-09-20T11:22:28.349909+00:00,42421,1301057,3939068,1
2026-09-20T11:22:28.364954+00:00,42422,1301082,3939767,1
2026-09-20T11:22:28.396957+00:00,42423,1301107,3940763,1
2026-09-20T11:22:28.412959+00:00,42424,1301132,3941534,1
2026-09-20T11:22:28.444968+00:00,42425,1301157,3941894,1
2026-09-20T11:22:28.477380+00:00,42426,1301182,3943260,1
2026-09-20T11:22:28.492953+00:00,42427,1301208,3943890,1
2026-09-20T11:22:28.524960+00:00,42428,1301233,3943757,1
2026-09-20T11:22:28.540955+00:00,42429,1301258,3944303,1
2026-09-20T11:22:28.572883+00:00,42430,1301283,3944228,1
2026-09-20T11:22:28.588954+00:00,42431,1301308,3943478,1
2026-09-20T11:22:28.621218+00:00,42432,1301334,3942580,1
2026-09-20T11:22:28.652949+00:00,42433,1301359,3942215,1
2026-09-20T11:22:28.668950+00:00,42434,1301384,3943156,1
2026-09-20T11:22:28.700961+00:00,42435,1301409,3943909,1
2026-09-20T11:22:28.716907+00:00,42436,1301434,3943619,1
2026-09-20T11:22:28.748868+00:00,42437,1301460,3943336,1
2026-09-20T11:22:28.765991+00:00,42438,1301485,3943698,1
2026-09-20T11:22:28.797639+00:00,42439,1301510,3943858,1
2026-09-20T11:22:28.829636+00:00,42440,1301535,3943486,1
2026-09-20T11:22:28.844861+00:00,42441,1301560,3943289,1
2026-09-20T11:22:28.877747+00:00,42442,1301586,3943405,1
2026-09-20T11:22:28.893637+00:00,42443,1301611,3943801,1
2026-09-20T11:22:28.925638+00:00,42444,1301636,3944277,1
2026-09-20T11:22:28.956680+00:00,42445,1301661,3943893,1
2026-09-20T11:22:28.973639+00:00,42446,1301686,3944043,1
2026-09-20T11:22:29.005638+00:00,42447,1301712,3945415,1
2026-09-20T11:22:29.021642+00:00,42448,1301737,3946043,1
2026-09-20T11:22:29.053230+00:00,42449,1301762,3945509,1
2026-09-20T11:22:29.069214+00:00,42450,1301787,3944255,1
2026-09-20T11:22:29.098836+00:00,42451,1301812,3944708,1
2026-09-20T11:22:29.133331+00:00,42452,1301838,3944217,1
2026-09-20T11:22:29.149228+00:00,42453,1301863,3943833,1
2026-09-20T11:22:29.181289+00:00,42454,1301888,3944627,1
2026-09-20T11:22:29.197227+00:00,42455,1301913,3945052,1
2026-09-20T11:22:29.229228+00:00,42456,1301938,3945598,1
2026-09-20T11:22:29.245270+00:00,42457,1301963,3945172,1
2026-09-20T11:22:29.277249+00:00,42458,1301989,3945673,1
2026-09-20T11:22:29.309252+00:00,42459,1302014,3949422,1
2026-09-20T11:22:29.325242+00:00,42460,1302039,3952706,1
2026-09-20T11:22:29.357230+00:00,42461,1302064,3953756,1
2026-09-20T11:22:29.373227+00:00,42462,1302089,3957714,1
2026-09-20T11:22:29.405228+00:00,42463,1302115,3966690,1
2026-09-20T11:22:29.421387+00:00,42464,1302140,3982550,1
2026-09-20T11:22:29.453036+00:00,42465,1302165,4010298,1
2026-09-20T11:22:29.485008+00:00,42466,1302190,4086248,1
2026-09-20T11:22:29.502010+00:00,42467,1302215,4285313,1
2026-09-20T11:22:29.534007+00:00,42468,1302241,4541690,1
2026-09-20T11:22:29.549011+00:00,42469,1302266,4783062,1
2026-09-20T11:22:29.582011+00:00,42470,1302291,4959389,1
2026-09-20T11:22:29.601012+00:00,42471,1302316,4992383,1
2026-09-20T11:22:29.630011+00:00,42472,1302341,4927031,1
2026-09-20T11:22:29.662011+00:00,42473,1302367,4821588,1
2026-09-20T11:22:29.677043+00:00,42474,1302392,4730063,1
2026-09-20T11:22:29.710011+00:00,42475,1302417,4594784,1
2026-09-20T11:22:29.726011+00:00,42476,1302442,4427412,1
2026-09-20T11:22:29.757018+00:00,42477,1302467,4269721,1
2026-09-20T11:22:29.773018+00:00,42478,1302493,4122141,1
2026-09-20T11:22:29.805010+00:00,42479,1302518,3946883,1
2026-09-20T11:22:29.837008+00:00,42480,1302543,3558969,1
2026-09-20T11:22:29.853022+00:00,42481,1302568,2662586,1
2026-09-20T11:22:29.885009+00:00,42482,1302593,1584170,1
2026-09-20T11:22:29.901025+00:00,42483,1302619,1282319,1
2026-09-20T11:22:29.933038+00:00,42484,1302644,2039091,1
2026-09-20T11:22:29.950010+00:00,42485,1302669,2894836,1
2026-09-20T11:22:29.981016+00:00,42486,1302694,3319160,1
2026-09-20T11:22:30.013007+00:00,42487,1302719,3527860,1
2026-09-20T11:22:30.030011+00:00,42488,1302744,3663299,1
2026-09-20T11:22:30.066010+00:00,42489,1302770,3755971,1
2026-09-20T11:22:30.077007+00:00,42490,1302795,3818135,1
2026-09-20T11:22:30.109008+00:00,42491,1302820,3858166,1
2026-09-20T11:22:30.141007+00:00,42492,1302845,3884036,1
2026-09-20T11:22:30.158227+00:00,42493,1302870,3900715,1
2026-09-20T11:22:30.189020+00:00,42494,1302896,3911093,1
2026-09-20T11:22:30.205628+00:00,42495,1302921,3917522,1
2026-09-20T11:22:30.237492+00:00,42496,1302946,3922453,1
2026-09-20T11:22:30.253598+00:00,42497,1302971,3925500,1
2026-09-20T11:22:30.304373+00:00,42498,1302996,3926714,1
2026-09-20T11:22:30.305307+00:00,42499,1303022,3928075,1
2026-09-20T11:22:30.333306+00:00,42500,1303047,3929741,1
2026-09-20T11:22:30.365364+00:00,42501,1303072,3930662,1
2026-09-20T11:22:30.381347+00:00,42502,1303097,3931051,1
2026-09-20T11:22:30.430304+00:00,42503,1303148,3932069,1
2026-09-20T11:22:30.461306+00:00,42504,1303173,3932503,1
2026-09-20T11:22:30.495306+00:00,42505,1303198,3933070,1
2026-09-20T11:22:30.509305+00:00,42506,1303223,3933209,1
2026-09-20T11:22:30.543306+00:00,42507,1303248,3933537,1
2026-09-20T11:22:30.557305+00:00,42508,1303274,3934109,1
2026-09-20T11:22:30.589304+00:00,42509,1303299,3934417,1
2026-09-20T11:22:30.605305+00:00,42510,1303324,3934324,1
2026-09-20T11:22:30.637304+00:00,42511,1303349,3933893,1
2026-09-20T11:22:30.668916+00:00,42512,1303374,3933692,1
2026-09-20T11:22:30.684943+00:00,42513,1303399,3934132,1
2026-09-20T11:22:30.717889+00:00,42514,1303425,3934857,1
2026-09-20T11:22:30.734953+00:00,42515,1303450,3934967,1
2026-09-20T11:22:30.764916+00:00,42516,1303475,3935847,1
2026-09-20T11:22:30.780909+00:00,42517,1303500,3936776,1
2026-09-20T11:22:30.813933+00:00,42518,1303525,3937063,1
2026-09-20T11:22:30.845451+00:00,42519,1303551,3937351,1
2026-09-20T11:22:30.861452+00:00,42520,1303576,3937377,1
2026-09-20T11:22:30.893499+00:00,42521,1303601,3937380,1
2026-09-20T11:22:30.909450+00:00,42522,1303626,3936744,1
2026-09-20T11:22:30.941452+00:00,42523,1303651,3936267,1
2026-09-20T11:22:30.957451+00:00,42524,1303677,3935517,1
2026-09-20T11:22:30.989456+00:00,42525,1303702,3935379,1
2026-09-20T11:22:31.020887+00:00,42526,1303727,3935834,1
2026-09-20T11:22:31.036888+00:00,42527,1303752,3936459,1
2026-09-20T11:22:31.068889+00:00,42528,1303777,3936455,1
2026-09-20T11:22:31.084873+00:00,42529,1303803,3936108,1
2026-09-20T11:22:31.116917+00:00,42530,1303828,3936083,1
2026-09-20T11:22:31.133595+00:00,42531,1303853,3936069,1
2026-09-20T11:22:31.164901+00:00,42532,1303878,3936152,1
2026-09-20T11:22:31.196888+00:00,42533,1303903,3935990,1
2026-09-20T11:22:31.212899+00:00,42534,1303929,3935322,1
2026-09-20T11:22:31.245816+00:00,42535,1303954,3935502,1
2026-09-20T11:22:31.260894+00:00,42536,1303979,3935686,1
2026-09-20T11:22:31.292889+00:00,42537,1304004,3935747,1
2026-09-20T11:22:31.324892+00:00,42538,1304029,3935808,1
2026-09-20T11:22:31.340890+00:00,42539,1304055,3935482,1
2026-09-20T11:22:31.372880+00:00,42540,1304080,3935729,1
2026-09-20T11:22:31.388866+00:00,42541,1304105,3935402,1
2026-09-20T11:22:31.420898+00:00,42542,1304130,3934834,1
2026-09-20T11:22:31.436823+00:00,42543,1304155,3935060,1
2026-09-20T11:22:31.468895+00:00,42544,1304180,3935976,1
2026-09-20T11:22:31.501909+00:00,42545,1304206,3936311,1
2026-09-20T11:22:31.517734+00:00,42546,1304231,3935849,1
2026-09-20T11:22:31.548898+00:00,42547,1304256,3935839,1
2026-09-20T11:22:31.567919+00:00,42548,1304281,3936166,1
2026-09-20T11:22:31.596931+00:00,42549,1304306,3936195,1
2026-09-20T11:22:31.612904+00:00,42550,1304332,3936258,1
2026-09-20T11:22:31.644885+00:00,42551,1304357,3936155,1
2026-09-20T11:22:31.676894+00:00,42552,1304382,3936190,1
2026-09-20T11:22:31.681147+00:00,42553,1304407,3935773,1
2026-09-20T11:22:31.724885+00:00,42554,1304432,3936267,1
2026-09-20T11:22:31.740901+00:00,42555,1304458,3936825,1
2026-09-20T11:22:31.767255+00:00,42556,1304483,3936475,1
2026-09-20T11:22:31.782879+00:00,42557,1304508,3936062,1
2026-09-20T11:22:31.821558+00:00,42558,1304533,3935788,1
2026-09-20T11:22:31.852802+00:00,42559,1304558,3935766,1
2026-09-20T11:22:31.862762+00:00,42560,1304584,3936137,1
2026-09-20T11:22:31.894059+00:00,42561,1304609,3936161,1
2026-09-20T11:22:31.909682+00:00,42562,1304634,3935986,1
2026-09-20T11:22:31.941384+00:00,42563,1304659,3936449,1
2026-09-20T11:22:31.957022+00:00,42564,1304684,3935993,1
2026-09-20T11:22:31.996873+00:00,42565,1304709,3935771,1
2026-09-20T11:22:32.015404+00:00,42566,1304735,3936018,1
2026-09-20T11:22:32.036248+00:00,42567,1304760,3936286,1
2026-09-20T11:22:32.063008+00:00,42568,1304785,3936364,1
2026-09-20T11:22:32.078352+00:00,42569,1304810,3936454,1
2026-09-20T11:22:32.125320+00:00,42570,1304835,3936114,1
2026-09-20T11:22:32.141175+00:00,42571,1304861,3935476,1
2026-09-20T11:22:32.172861+00:00,42572,1304886,3935897,1
2026-09-20T11:22:32.204318+00:00,42573,1304911,3936124,1
2026-09-20T11:22:32.219595+00:00,42574,1304936,3935997,1
2026-09-20T11:22:32.253642+00:00,42575,1304961,3936102,1
2026-09-20T11:22:32.268902+00:00,42576,1304987,3936225,1
2026-09-20T11:22:32.300320+00:00,42577,1305012,3935671,1
2026-09-20T11:22:32.315940+00:00,42578,1305037,3935757,1
2026-09-20T11:22:32.348880+00:00,42579,1305062,3936334,1
2026-09-20T11:22:32.380857+00:00,42580,1305087,3936397,1
2026-09-20T11:22:32.396853+00:00,42581,1305113,3936048,1
2026-09-20T11:22:32.428856+00:00,42582,1305138,3935918,1
2026-09-20T11:22:32.444852+00:00,42583,1305163,3935587,1
2026-09-20T11:22:32.477886+00:00,42584,1305188,3935385,1
2026-09-20T11:22:32.493459+00:00,42585,1305213,3935215,1
2026-09-20T11:22:32.524853+00:00,42586,1305239,3935274,1
2026-09-20T11:22:32.557507+00:00,42587,1305264,3934835,1
2026-09-20T11:22:32.572844+00:00,42588,1305289,3934324,1
2026-09-20T11:22:32.601336+00:00,42589,1305314,3933958,1
2026-09-20T11:22:32.616961+00:00,42590,1305339,3933360,1
2026-09-20T11:22:32.649097+00:00,42591,1305364,3932378,1
2026-09-20T11:22:32.682581+00:00,42592,1305390,3931957,1
2026-09-20T11:22:32.701256+00:00,42593,1305415,3932024,1
2026-09-20T11:22:32.733634+00:00,42594,1305440,3931852,1
2026-09-20T11:22:32.749894+00:00,42595,1305465,3931796,1
2026-09-20T11:22:32.780845+00:00,42596,1305490,3932215,1
2026-09-20T11:22:32.796867+00:00,42597,1305516,3932764,1
2026-09-20T11:22:32.829893+00:00,42598,1305541,3932986,1
2026-09-20T11:22:32.860914+00:00,42599,1305566,3933535,1
2026-09-20T11:22:32.876893+00:00,42600,1305591,3933773,1
2026-09-20T11:22:32.908896+00:00,42601,1305616,3934313,1
2026-09-20T11:22:32.926892+00:00,42602,1305642,3934778,1
2026-09-20T11:22:32.957900+00:00,42603,1305667,3935525,1
2026-09-20T11:22:32.972901+00:00,42604,1305692,3936036,1
2026-09-20T11:22:33.005896+00:00,42605,1305717,3936351,1
2026-09-20T11:22:33.036891+00:00,42606,1305742,3936572,1
2026-09-20T11:22:33.053897+00:00,42607,1305768,3936124,1
2026-09-20T11:22:33.084890+00:00,42608,1305793,3935812,1
2026-09-20T11:22:33.100903+00:00,42609,1305818,3935900,1
2026-09-20T11:22:33.132892+00:00,42610,1305843,3936181,1
2026-09-20T11:22:33.148893+00:00,42611,1305868,3935697,1
2026-09-20T11:22:33.180891+00:00,42612,1305893,3935226,1
2026-09-20T11:22:33.212914+00:00,42613,1305919,3935698,1
2026-09-20T11:22:33.228913+00:00,42614,1305944,3935637,1
2026-09-20T11:22:33.260891+00:00,42615,1305969,3935806,1
2026-09-20T11:22:33.276891+00:00,42616,1305994,3935446,1
2026-09-20T11:22:33.308902+00:00,42617,1306019,3935394,1
2026-09-20T11:22:33.324904+00:00,42618,1306045,3936261,1
2026-09-20T11:22:33.356890+00:00,42619,1306070,3936651,1
2026-09-20T11:22:33.388891+00:00,42620,1306095,3936447,1
2026-09-20T11:22:33.404904+00:00,42621,1306120,3936339,1
2026-09-20T11:22:33.436828+00:00,42622,1306145,3935698,1
2026-09-20T11:22:33.452830+00:00,42623,1306171,3935793,1
2026-09-20T11:22:33.484824+00:00,42624,1306196,3935891,1
2026-09-20T11:22:33.500854+00:00,42625,1306221,3935810,1
2026-09-20T11:22:33.532764+00:00,42626,1306246,3935475,1
2026-09-20T11:22:33.564848+00:00,42627,1306271,3935624,1
2026-09-20T11:22:33.581877+00:00,42628,1306297,3936161,1
2026-09-20T11:22:33.612833+00:00,42629,1306322,3935917,1
2026-09-20T11:22:33.628829+00:00,42630,1306347,3936069,1
2026-09-20T11:22:33.660839+00:00,42631,1306372,3936324,1
2026-09-20T11:22:33.676864+00:00,42632,1306397,3936308,1
2026-09-20T11:22:33.708825+00:00,42633,1306422,3936022,1
2026-09-20T11:22:33.740752+00:00,42634,1306448,3936234,1
2026-09-20T11:22:33.756859+00:00,42635,1306473,3936175,1
2026-09-20T11:22:33.788835+00:00,42636,1306498,3935649,1
2026-09-20T11:22:33.804891+00:00,42637,1306523,3935448,1
2026-09-20T11:22:33.836822+00:00,42638,1306548,3935623,1
2026-09-20T11:22:33.868842+00:00,42639,1306574,3936033,1
2026-09-20T11:22:33.885395+00:00,42640,1306599,3935829,1
2026-09-20T11:22:33.918512+00:00,42641,1306624,3935817,1
2026-09-20T11:22:33.934502+00:00,42642,1306649,3935912,1
2026-09-20T11:22:33.967502+00:00,42643,1306674,3935695,1
2026-09-20T11:22:33.981515+00:00,42644,1306700,3935625,1
2026-09-20T11:22:34.013522+00:00,42645,1306725,3935268,1
2026-09-20T11:22:34.044503+00:00,42646,1306750,3935912,1
2026-09-20T11:22:34.061507+00:00,42647,1306775,3936007,1
2026-09-20T11:22:34.092898+00:00,42648,1306800,3935945,1
2026-09-20T11:22:34.108837+00:00,42649,1306826,3936129,1
2026-09-20T11:22:34.140807+00:00,42650,1306851,3935909,1
2026-09-20T11:22:34.158369+00:00,42651,1306876,3936038,1
2026-09-20T11:22:34.188808+00:00,42652,1306901,3935973,1
2026-09-20T11:22:34.220812+00:00,42653,1306926,3936056,1
2026-09-20T11:22:34.236799+00:00,42654,1306952,3936485,1
2026-09-20T11:22:34.268829+00:00,42655,1306977,3936218,1
2026-09-20T11:22:34.284610+00:00,42656,1307002,3936114,1
2026-09-20T11:22:34.317466+00:00,42657,1307027,3936411,1
2026-09-20T11:22:34.336738+00:00,42658,1307052,3935936,1
2026-09-20T11:22:34.365964+00:00,42659,1307078,3935669,1
2026-09-20T11:22:34.396912+00:00,42660,1307103,3936211,1
2026-09-20T11:22:34.412847+00:00,42661,1307128,3936059,1
2026-09-20T11:22:34.444915+00:00,42662,1307153,3935910,1
2026-09-20T11:22:34.461864+00:00,42663,1307178,3936160,1
2026-09-20T11:22:34.492815+00:00,42664,1307204,3935841,1
2026-09-20T11:22:34.508805+00:00,42665,1307229,3935761,1
2026-09-20T11:22:34.542626+00:00,42666,1307254,3936275,1
2026-09-20T11:22:34.572669+00:00,42667,1307279,3936232,1
2026-09-20T11:22:34.590629+00:00,42668,1307304,3936060,1
2026-09-20T11:22:34.623663+00:00,42669,1307329,3936290,1
2026-09-20T11:22:34.637625+00:00,42670,1307355,3936119,1
2026-09-20T11:22:34.669629+00:00,42671,1307380,3936102,1
2026-09-20T11:22:34.685627+00:00,42672,1307405,3935565,1
2026-09-20T11:22:34.716625+00:00,42673,1307430,3935721,1
2026-09-20T11:22:34.748636+00:00,42674,1307455,3935970,1
2026-09-20T11:22:34.764703+00:00,42675,1307481,3935970,1
2026-09-20T11:22:34.797670+00:00,42676,1307506,3936709,1
2026-09-20T11:22:34.812627+00:00,42677,1307531,3936680,1
2026-09-20T11:22:34.845652+00:00,42678,1307556,3936536,1
2026-09-20T11:22:34.861625+00:00,42679,1307581,3936572,1
2026-09-20T11:22:34.893760+00:00,42680,1307607,3935878,1
2026-09-20T11:22:34.924794+00:00,42681,1307632,3936004,1
2026-09-20T11:22:34.941626+00:00,42682,1307657,3935910,1
2026-09-20T11:22:34.974638+00:00,42683,1307682,3936183,1
2026-09-20T11:22:34.990643+00:00,42684,1307707,3936493,1
2026-09-20T11:22:35.021664+00:00,42685,1307733,3936497,1
2026-09-20T11:22:35.037624+00:00,42686,1307758,3936398,1
2026-09-20T11:22:35.069626+00:00,42687,1307783,3935908,1
2026-09-20T11:22:35.101625+00:00,42688,1307808,3935625,1
2026-09-20T11:22:35.116626+00:00,42689,1307833,3935769,1
2026-09-20T11:22:35.150626+00:00,42690,1307858,3936012,1
2026-09-20T11:22:35.165624+00:00,42691,1307884,3935120,1
2026-09-20T11:22:35.197625+00:00,42692,1307909,3935058,1
2026-09-20T11:22:35.228637+00:00,42693,1307934,3935609,1
2026-09-20T11:22:35.245625+00:00,42694,1307959,3935495,1
2026-09-20T11:22:35.277623+00:00,42695,1307984,3935599,1
2026-09-20T11:22:35.293805+00:00,42696,1308010,3935617,1
2026-09-20T11:22:35.325625+00:00,42697,1308035,3935859,1
2026-09-20T11:22:35.340624+00:00,42698,1308060,3936122,1
2026-09-20T11:22:35.372733+00:00,42699,1308085,3935955,1
2026-09-20T11:22:35.404627+00:00,42700,1308110,3935701,1
2026-09-20T11:22:35.420784+00:00,42701,1308136,3936049,1
2026-09-20T11:22:35.453652+00:00,42702,1308161,3936640,1
2026-09-20T11:22:35.471628+00:00,42703,1308186,3935961,1
2026-09-20T11:22:35.501626+00:00,42704,1308211,3935273,1
2026-09-20T11:22:35.517627+00:00,42705,1308236,3935485,1
2026-09-20T11:22:35.549624+00:00,42706,1308262,3935654,1
2026-09-20T11:22:35.580645+00:00,42707,1308287,3935732,1
2026-09-20T11:22:35.601633+00:00,42708,1308312,3935581,1
2026-09-20T11:22:35.629624+00:00,42709,1308337,3935801,1
2026-09-20T11:22:35.644652+00:00,42710,1308362,3936124,1
2026-09-20T11:22:35.677624+00:00,42711,1308387,3935768,1
2026-09-20T11:22:35.687088+00:00,42712,1308413,3935559,1
2026-09-20T11:22:35.718332+00:00,42713,1308438,3935844,1
2026-09-20T11:22:35.756943+00:00,42714,1308463,3935682,1
2026-09-20T11:22:35.772931+00:00,42715,1308488,3935839,1
2026-09-20T11:22:35.804929+00:00,42716,1308513,3936176,1
2026-09-20T11:22:35.820929+00:00,42717,1308539,3936205,1
2026-09-20T11:22:35.853929+00:00,42718,1308564,3936018,1
2026-09-20T11:22:35.872929+00:00,42719,1308589,3935962,1
2026-09-20T11:22:35.900930+00:00,42720,1308614,3936059,1
2026-09-20T11:22:35.933930+00:00,42721,1308639,3936303,1
2026-09-20T11:22:35.951986+00:00,42722,1308665,3935914,1
2026-09-20T11:22:35.980928+00:00,42723,1308690,3935942,1
2026-09-20T11:22:35.998119+00:00,42724,1308715,3936026,1
2026-09-20T11:22:36.028929+00:00,42725,1308740,3936055,1
2026-09-20T11:22:36.044929+00:00,42726,1308765,3936180,1
2026-09-20T11:22:36.077929+00:00,42727,1308790,3935875,1
2026-09-20T11:22:36.109930+00:00,42728,1308816,3935542,1
2026-09-20T11:22:36.124930+00:00,42729,1308841,3935629,1
2026-09-20T11:22:36.157933+00:00,42730,1308866,3936312,1
2026-09-20T11:22:36.173472+00:00,42731,1308891,3936221,1
2026-09-20T11:22:36.191825+00:00,42732,1308916,3935833,1
2026-09-20T11:22:36.220794+00:00,42733,1308942,3935669,1
2026-09-20T11:22:36.252794+00:00,42734,1308967,3935786,1
2026-09-20T11:22:36.284796+00:00,42735,1308992,3936206,1
2026-09-20T11:22:36.301795+00:00,42736,1309017,3936099,1
2026-09-20T11:22:36.333797+00:00,42737,1309042,3936061,1
2026-09-20T11:22:36.349796+00:00,42738,1309068,3935367,1
2026-09-20T11:22:36.380793+00:00,42739,1309093,3935141,1
2026-09-20T11:22:36.412794+00:00,42740,1309118,3935510,1
2026-09-20T11:22:36.428792+00:00,42741,1309143,3935291,1
2026-09-20T11:22:36.460797+00:00,42742,1309168,3935283,1
2026-09-20T11:22:36.477797+00:00,42743,1309193,3935371,1
2026-09-20T11:22:36.508793+00:00,42744,1309219,3936110,1
2026-09-20T11:22:36.524794+00:00,42745,1309244,3936369,1
2026-09-20T11:22:36.556793+00:00,42746,1309269,3936147,1
2026-09-20T11:22:36.588793+00:00,42747,1309294,3936195,1
2026-09-20T11:22:36.604794+00:00,42748,1309319,3935824,1
2026-09-20T11:22:36.636793+00:00,42749,1309345,3936014,1
2026-09-20T11:22:36.652793+00:00,42750,1309370,3936222,1
2026-09-20T11:22:36.684795+00:00,42751,1309395,3936114,1
2026-09-20T11:22:36.702796+00:00,42752,1309420,3935858,1
2026-09-20T11:22:36.733797+00:00,42753,1309445,3935476,1
2026-09-20T11:22:36.765819+00:00,42754,1309471,3936010,1
2026-09-20T11:22:36.780793+00:00,42755,1309496,3936141,1
2026-09-20T11:22:36.813797+00:00,42756,1309521,3936051,1
2026-09-20T11:22:36.829873+00:00,42757,1309546,3935908,1
2026-09-20T11:22:36.861796+00:00,42758,1309571,3935982,1
2026-09-20T11:22:36.877795+00:00,42759,1309597,3935568,1
2026-09-20T11:22:36.909798+00:00,42760,1309622,3935407,1
2026-09-20T11:22:36.940793+00:00,42761,1309647,3935389,1
2026-09-20T11:22:36.957797+00:00,42762,1309672,3935815,1
2026-09-20T11:22:36.990860+00:00,42763,1309697,3936455,1
2026-09-20T11:22:37.004793+00:00,42764,1309722,3935902,1
2026-09-20T11:22:37.036793+00:00,42765,1309748,3936214,1
2026-09-20T11:22:37.052814+00:00,42766,1309773,3936394,1
2026-09-20T11:22:37.084810+00:00,42767,1309798,3935803,1
2026-09-20T11:22:37.117810+00:00,42768,1309823,3936001,1
2026-09-20T11:22:37.134806+00:00,42769,1309848,3936066,1
2026-09-20T11:22:37.164795+00:00,42770,1309874,3936332,1
2026-09-20T11:22:37.180794+00:00,42771,1309899,3936724,1
2026-09-20T11:22:37.212833+00:00,42772,1309924,3936358,1
2026-09-20T11:22:37.228793+00:00,42773,1309949,3935533,1
2026-09-20T11:22:37.260793+00:00,42774,1309974,3935543,1
2026-09-20T11:22:37.293796+00:00,42775,1310000,3936391,1
2026-09-20T11:22:37.308793+00:00,42776,1310025,3935942,1
2026-09-20T11:22:37.340856+00:00,42777,1310050,3935640,1
2026-09-20T11:22:37.357803+00:00,42778,1310075,3935762,1
2026-09-20T11:22:37.389796+00:00,42779,1310100,3936126,1
2026-09-20T11:22:37.404815+00:00,42780,1310125,3935748,1
2026-09-20T11:22:37.436796+00:00,42781,1310151,3935614,1
2026-09-20T11:22:37.468793+00:00,42782,1310176,3936258,1
2026-09-20T11:22:37.485803+00:00,42783,1310201,3936349,1
2026-09-20T11:22:37.519795+00:00,42784,1310226,3936014,1
2026-09-20T11:22:37.534794+00:00,42785,1310251,3935183,1
2026-09-20T11:22:37.564793+00:00,42786,1310277,3935451,1
2026-09-20T11:22:37.580794+00:00,42787,1310302,3936163,1
2026-09-20T11:22:37.613803+00:00,42788,1310327,3935538,1
2026-09-20T11:22:37.644817+00:00,42789,1310352,3935477,1
2026-09-20T11:22:37.660793+00:00,42790,1310377,3936003,1
2026-09-20T11:22:37.692809+00:00,42791,1310403,3936348,1
2026-09-20T11:22:37.708798+00:00,42792,1310428,3936353,1
2026-09-20T11:22:37.740810+00:00,42793,1310453,3936108,1
2026-09-20T11:22:37.756816+00:00,42794,1310478,3936445,1
2026-09-20T11:22:37.788809+00:00,42795,1310503,3935809,1
2026-09-20T11:22:37.820794+00:00,42796,1310528,3935399,1
2026-09-20T11:22:37.838794+00:00,42797,1310554,3935717,1
2026-09-20T11:22:37.868795+00:00,42798,1310579,3935945,1
2026-09-20T11:22:37.884874+00:00,42799,1310604,3936006,1
2026-09-20T11:22:37.916811+00:00,42800,1310629,3936413,1
2026-09-20T11:22:37.949795+00:00,42801,1310654,3935412,1
2026-09-20T11:22:37.965797+00:00,42802,1310680,3935265,1
2026-09-20T11:22:37.996792+00:00,42803,1310705,3935948,1
2026-09-20T11:22:38.012805+00:00,42804,1310730,3935854,1
2026-09-20T11:22:38.044828+00:00,42805,1310755,3935770,1
2026-09-20T11:22:38.060793+00:00,42806,1310780,3936054,1
2026-09-20T11:22:38.093796+00:00,42807,1310806,3936338,1
2026-09-20T11:22:38.124800+00:00,42808,1310831,3935881,1
2026-09-20T11:22:38.140793+00:00,42809,1310856,3935715,1
2026-09-20T11:22:38.172815+00:00,42810,1310881,3936128,1
2026-09-20T11:22:38.189799+00:00,42811,1310906,3935694,1
2026-09-20T11:22:38.222796+00:00,42812,1310931,3935731,1
2026-09-20T11:22:38.237796+00:00,42813,1310957,3935776,1
2026-09-20T11:22:38.268815+00:00,42814,1310982,3936435,1
2026-09-20T11:22:38.300795+00:00,42815,1311007,3935996,1
2026-09-20T11:22:38.319858+00:00,42816,1311032,3936082,1
2026-09-20T11:22:38.349794+00:00,42817,1311057,3936510,1
2026-09-20T11:22:38.364795+00:00,42818,1311083,3936503,1
2026-09-20T11:22:38.396794+00:00,42819,1311108,3936385,1
2026-09-20T11:22:38.415797+00:00,42820,1311133,3936114,1
2026-09-20T11:22:38.446804+00:00,42821,1311158,3935952,1
2026-09-20T11:22:38.476802+00:00,42822,1311183,3935679,1
2026-09-20T11:22:38.493807+00:00,42823,1311209,3936006,1
2026-09-20T11:22:38.524801+00:00,42824,1311234,3936617,1
2026-09-20T11:22:38.541803+00:00,42825,1311259,3936178,1
2026-09-20T11:22:38.573796+00:00,42826,1311284,3936119,1
2026-09-20T11:22:38.591817+00:00,42827,1311309,3936233,1
2026-09-20T11:22:38.623859+00:00,42828,1311334,3936262,1
2026-09-20T11:22:38.652794+00:00,42829,1311360,3936026,1
2026-09-20T11:22:38.669797+00:00,42830,1311385,3935959,1
2026-09-20T11:22:38.704796+00:00,42831,1311410,3936585,1
2026-09-20T11:22:38.718799+00:00,42832,1311435,3936002,1
2026-09-20T11:22:38.749817+00:00,42833,1311460,3936239,1
2026-09-20T11:22:38.764793+00:00,42834,1311486,3936155,1
2026-09-20T11:22:38.797797+00:00,42835,1311511,3936070,1
2026-09-20T11:22:38.829954+00:00,42836,1311536,3936204,1
2026-09-20T11:22:38.844795+00:00,42837,1311561,3935613,1
2026-09-20T11:22:38.876798+00:00,42838,1311586,3936635,1
2026-09-20T11:22:38.892796+00:00,42839,1311612,3936766,1
2026-09-20T11:22:38.924795+00:00,42840,1311637,3936185,1
2026-09-20T11:22:38.940796+00:00,42841,1311662,3936290,1
2026-09-20T11:22:38.972794+00:00,42842,1311687,3936503,1
2026-09-20T11:22:39.007796+00:00,42843,1311712,3936229,1
2026-09-20T11:22:39.020802+00:00,42844,1311737,3935864,1
2026-09-20T11:22:39.052794+00:00,42845,1311763,3936063,1
2026-09-20T11:22:39.068811+00:00,42846,1311788,3936208,1
2026-09-20T11:22:39.101796+00:00,42847,1311813,3936027,1
2026-09-20T11:22:39.117799+00:00,42848,1311838,3935638,1
2026-09-20T11:22:39.165795+00:00,42849,1311863,3935858,1
2026-09-20T11:22:39.180805+00:00,42850,1311889,3936274,1
2026-09-20T11:22:39.196794+00:00,42851,1311914,3936108,1
2026-09-20T11:22:39.228824+00:00,42852,1311939,3936088,1
2026-09-20T11:22:39.244796+00:00,42853,1311964,3935771,1
2026-09-20T11:22:39.276692+00:00,42854,1311989,3936136,1
2026-09-20T11:22:39.308711+00:00,42855,1312015,3936516,1
2026-09-20T11:22:39.324782+00:00,42856,1312040,3936494,1
2026-09-20T11:22:39.357750+00:00,42857,1312065,3935681,1
2026-09-20T11:22:39.372685+00:00,42858,1312090,3935281,1
2026-09-20T11:22:39.404678+00:00,42859,1312115,3935438,1
2026-09-20T11:22:39.420678+00:00,42860,1312140,3935603,1
2026-09-20T11:22:39.454848+00:00,42861,1312166,3936009,1
2026-09-20T11:22:39.484315+00:00,42862,1312191,3936089,1
2026-09-20T11:22:39.501760+00:00,42863,1312216,3935660,1
2026-09-20T11:22:39.533313+00:00,42864,1312241,3935949,1
2026-09-20T11:22:39.548689+00:00,42865,1312266,3936345,1
2026-09-20T11:22:39.584254+00:00,42866,1312292,3936310,1
2026-09-20T11:22:39.597196+00:00,42867,1312317,3936273,1
2026-09-20T11:22:39.628991+00:00,42868,1312342,3936706,1
2026-09-20T11:22:39.660665+00:00,42869,1312367,3936384,1
2026-09-20T11:22:39.676687+00:00,42870,1312392,3936252,1
2026-09-20T11:22:39.708682+00:00,42871,1312418,3935941,1
2026-09-20T11:22:39.724673+00:00,42872,1312443,3935688,1
2026-09-20T11:22:39.748710+00:00,42873,1312468,3936051,1
2026-09-20T11:22:39.772661+00:00,42874,1312493,3936560,1
2026-09-20T11:22:39.805280+00:00,42875,1312518,3936140,1
2026-09-20T11:22:39.836488+00:00,42876,1312544,3936196,1
2026-09-20T11:22:39.853280+00:00,42877,1312569,3936131,1
2026-09-20T11:22:39.885277+00:00,42878,1312594,3936209,1
2026-09-20T11:22:39.901283+00:00,42879,1312619,3936134,1
2026-09-20T11:22:39.933283+00:00,42880,1312644,3936066,1
2026-09-20T11:22:39.950282+00:00,42881,1312669,3936043,1
2026-09-20T11:22:39.981294+00:00,42882,1312695,3935944,1
2026-09-20T11:22:40.013279+00:00,42883,1312720,3935460,1
2026-09-20T11:22:40.030284+00:00,42884,1312745,3935776,1
2026-09-20T11:22:40.061382+00:00,42885,1312770,3935797,1
2026-09-20T11:22:40.077377+00:00,42886,1312795,3936256,1
2026-09-20T11:22:40.109278+00:00,42887,1312821,3936675,1
2026-09-20T11:22:40.125281+00:00,42888,1312846,3936571,1
2026-09-20T11:22:40.157292+00:00,42889,1312871,3936383,1
2026-09-20T11:22:40.189290+00:00,42890,1312896,3936489,1
2026-09-20T11:22:40.205279+00:00,42891,1312921,3936566,1
2026-09-20T11:22:40.238318+00:00,42892,1312947,3935994,1
2026-09-20T11:22:40.253330+00:00,42893,1312972,3936074,1
2026-09-20T11:22:40.285296+00:00,42894,1312997,3936415,1
2026-09-20T11:22:40.301371+00:00,42895,1313022,3936056,1
2026-09-20T11:22:40.333279+00:00,42896,1313047,3936490,1
2026-09-20T11:22:40.365278+00:00,42897,1313072,3936246,1
2026-09-20T11:22:40.381280+00:00,42898,1313098,3936331,1
2026-09-20T11:22:40.412663+00:00,42899,1313123,3936566,1
2026-09-20T11:22:40.429377+00:00,42900,1313148,3936644,1
2026-09-20T11:22:40.460668+00:00,42901,1313173,3936641,1
2026-09-20T11:22:40.476659+00:00,42902,1313198,3936052,1
2026-09-20T11:22:40.508669+00:00,42903,1313224,3936068,1
2026-09-20T11:22:40.541623+00:00,42904,1313249,3936356,1
2026-09-20T11:22:40.557722+00:00,42905,1313274,3936291,1
2026-09-20T11:22:40.590392+00:00,42906,1313299,3936463,1
2026-09-20T11:22:40.604492+00:00,42907,1313324,3936532,1
2026-09-20T11:22:40.636676+00:00,42908,1313350,3936436,1
2026-09-20T11:22:40.668665+00:00,42909,1313375,3936184,1
2026-09-20T11:22:40.684664+00:00,42910,1313400,3936261,1
2026-09-20T11:22:40.716813+00:00,42911,1313425,3936256,1
2026-09-20T11:22:40.733648+00:00,42912,1313450,3936120,1
2026-09-20T11:22:40.764676+00:00,42913,1313476,3936599,1
2026-09-20T11:22:40.780674+00:00,42914,1313501,3936668,1
2026-09-20T11:22:40.815686+00:00,42915,1313526,3936784,1
2026-09-20T11:22:40.844683+00:00,42916,1313551,3936426,1
2026-09-20T11:22:40.860684+00:00,42917,1313576,3936243,1
2026-09-20T11:22:40.892684+00:00,42918,1313601,3936614,1
2026-09-20T11:22:40.908686+00:00,42919,1313627,3936241,1
2026-09-20T11:22:40.940684+00:00,42920,1313652,3936302,1
2026-09-20T11:22:40.956684+00:00,42921,1313677,3936085,1
2026-09-20T11:22:40.988628+00:00,42922,1313702,3935833,1
2026-09-20T11:22:41.020644+00:00,42923,1313727,3936201,1
2026-09-20T11:22:41.036633+00:00,42924,1313753,3936156,1
2026-09-20T11:22:41.070698+00:00,42925,1313778,3935756,1
2026-09-20T11:22:41.084729+00:00,42926,1313803,3935865,1
2026-09-20T11:22:41.116985+00:00,42927,1313828,3935339,1
2026-09-20T11:22:41.132599+00:00,42928,1313853,3935754,1
2026-09-20T11:22:41.164642+00:00,42929,1313879,3935938,1
2026-09-20T11:22:41.197697+00:00,42930,1313904,3935902,1
2026-09-20T11:22:41.213708+00:00,42931,1313929,3935851,1
2026-09-20T11:22:41.245808+00:00,42932,1313954,3935937,1
2026-09-20T11:22:41.261681+00:00,42933,1313979,3935826,1
2026-09-20T11:22:41.295346+00:00,42934,1314004,3936053,1
2026-09-20T11:22:41.309668+00:00,42935,1314030,3935835,1
2026-09-20T11:22:41.341698+00:00,42936,1314055,3935497,1
2026-09-20T11:22:41.372384+00:00,42937,1314080,3935968,1
2026-09-20T11:22:41.388428+00:00,42938,1314105,3935918,1
2026-09-20T11:22:41.420628+00:00,42939,1314130,3935590,1
2026-09-20T11:22:41.436694+00:00,42940,1314156,3936160,1
2026-09-20T11:22:41.469176+00:00,42941,1314181,3936301,1
2026-09-20T11:22:41.485337+00:00,42942,1314206,3935865,1
2026-09-20T11:22:41.516597+00:00,42943,1314231,3936177,1
2026-09-20T11:22:41.548641+00:00,42944,1314256,3936893,1
2026-09-20T11:22:41.566461+00:00,42945,1314282,3936570,1
2026-09-20T11:22:41.597453+00:00,42946,1314307,3935939,1
2026-09-20T11:22:41.612638+00:00,42947,1314332,3936243,1
2026-09-20T11:22:41.644654+00:00,42948,1314357,3936447,1
2026-09-20T11:22:41.718028+00:00,42949,1314382,3936434,1
2026-09-20T11:22:41.791808+00:00,42950,1314408,3936315,1
2026-09-20T11:22:41.808517+00:00,42951,1314433,3936087,1
2026-09-20T11:22:41.808517+00:00,42952,1314458,3936028,1
2026-09-20T11:22:41.810133+00:00,42953,1314483,3936304,1
2026-09-20T11:22:41.810133+00:00,42954,1314508,3936073,1
2026-09-20T11:22:41.826138+00:00,42955,1314533,3935955,1
2026-09-20T11:22:41.843140+00:00,42956,1314559,3936487,1
2026-09-20T11:22:41.905190+00:00,42957,1314584,3936639,1
2026-09-20T11:22:41.914155+00:00,42958,1314609,3937018,1
2026-09-20T11:22:42.030994+00:00,42959,1314634,3936304,1
2026-09-20T11:22:42.048329+00:00,42960,1314659,3936243,1
2026-09-20T11:22:42.050982+00:00,42961,1314685,3936684,1
2026-09-20T11:22:42.052124+00:00,42962,1314710,3936412,1
2026-09-20T11:22:42.059216+00:00,42963,1314735,3935978,1
2026-09-20T11:22:42.060619+00:00,42964,1314760,3935725,1
2026-09-20T11:22:42.064077+00:00,42965,1314785,3935950,1
2026-09-20T11:22:42.100983+00:00,42966,1314811,3935837,1
2026-09-20T11:22:42.196833+00:00,42967,1314836,3935783,1
2026-09-20T11:22:42.196833+00:00,42968,1314861,3935875,1
2026-09-20T11:22:42.200620+00:00,42969,1314886,3935737,1
2026-09-20T11:22:42.204622+00:00,42970,1314911,3936318,1
2026-09-20T11:22:42.223622+00:00,42971,1314936,3936366,1
2026-09-20T11:22:42.256623+00:00,42972,1314962,3936537,1
2026-09-20T11:22:42.272992+00:00,42973,1314987,3936486,1
2026-09-20T11:22:42.304645+00:00,42974,1315012,3936560,1
2026-09-20T11:22:42.319621+00:00,42975,1315037,3936478,1
2026-09-20T11:22:42.351732+00:00,42976,1315062,3936194,1
2026-09-20T11:22:42.377048+00:00,42977,1315088,3936365,1
2026-09-20T11:22:42.403065+00:00,42978,1315113,3936180,1
2026-09-20T11:22:42.443136+00:00,42979,1315138,3936300,1
2026-09-20T11:22:42.448191+00:00,42980,1315163,3936427,1
2026-09-20T11:22:42.480050+00:00,42981,1315188,3936551,1
2026-09-20T11:22:42.497244+00:00,42982,1315213,3936514,1
2026-09-20T11:22:42.526718+00:00,42983,1315239,3936568,1
2026-09-20T11:22:42.542687+00:00,42984,1315264,3936122,1
2026-09-20T11:22:42.574612+00:00,42985,1315289,3935988,1
2026-09-20T11:22:42.606611+00:00,42986,1315314,3935974,1
2026-09-20T11:22:42.623722+00:00,42987,1315339,3935591,1
2026-09-20T11:22:42.654602+00:00,42988,1315365,3935915,1
2026-09-20T11:22:42.671740+00:00,42989,1315390,3936716,1
2026-09-20T11:22:42.702617+00:00,42990,1315415,3936727,1
2026-09-20T11:22:42.719736+00:00,42991,1315440,3936459,1
2026-09-20T11:22:42.750811+00:00,42992,1315465,3936299,1
2026-09-20T11:22:42.783036+00:00,42993,1315491,3936346,1
2026-09-20T11:22:42.799650+00:00,42994,1315516,3936383,1
2026-09-20T11:22:42.831648+00:00,42995,1315541,3936946,1
2026-09-20T11:22:42.851723+00:00,42996,1315566,3936372,1
2026-09-20T11:22:42.882650+00:00,42997,1315591,3935644,1
2026-09-20T11:22:42.903830+00:00,42998,1315616,3935869,1
2026-09-20T11:22:42.926645+00:00,42999,1315642,3936320,1
2026-09-20T11:22:42.958601+00:00,43000,1315667,3936301,1
2026-09-20T11:22:42.974660+00:00,43001,1315692,3936371,1
2026-09-20T11:22:43.011648+00:00,43002,1315717,3936691,1
2026-09-20T11:22:43.022660+00:00,43003,1315742,3936328,1
2026-09-20T11:22:43.054646+00:00,43004,1315768,3936254,1
2026-09-20T11:22:43.086684+00:00,43005,1315793,3936059,1
2026-09-20T11:22:43.102646+00:00,43006,1315818,3935855,1
2026-09-20T11:22:43.135635+00:00,43007,1315843,3936021,1
2026-09-20T11:22:43.152492+00:00,43008,1315868,3936076,1
2026-09-20T11:22:43.184631+00:00,43009,1315894,3936622,1
2026-09-20T11:22:43.200634+00:00,43010,1315919,3936790,1
2026-09-20T11:22:43.230643+00:00,43011,1315944,3936229,1
2026-09-20T11:22:43.262595+00:00,43012,1315969,3936113,1
2026-09-20T11:22:43.281716+00:00,43013,1315994,3936313,1
2026-09-20T11:22:43.310607+00:00,43014,1316020,3936650,1
2026-09-20T11:22:43.326613+00:00,43015,1316045,3936290,1
2026-09-20T11:22:43.363805+00:00,43016,1316070,3936193,1
2026-09-20T11:22:43.374573+00:00,43017,1316095,3936345,1
2026-09-20T11:22:43.407671+00:00,43018,1316120,3936262,1
2026-09-20T11:22:43.440398+00:00,43019,1316145,3935880,1
2026-09-20T11:22:43.454582+00:00,43020,1316171,3936167,1
2026-09-20T11:22:43.487638+00:00,43021,1316196,3936566,1
2026-09-20T11:22:43.504405+00:00,43022,1316221,3936522,1
2026-09-20T11:22:43.534569+00:00,43023,1316246,3936111,1
2026-09-20T11:22:43.552332+00:00,43024,1316271,3935960,1
2026-09-20T11:22:43.583614+00:00,43025,1316297,3936161,1
2026-09-20T11:22:43.614577+00:00,43026,1316322,3936233,1
2026-09-20T11:22:43.630583+00:00,43027,1316347,3936273,1
2026-09-20T11:22:43.662582+00:00,43028,1316372,3936348,1
2026-09-20T11:22:43.679600+00:00,43029,1316397,3936195,1
2026-09-20T11:22:43.710590+00:00,43030,1316423,3936171,1
2026-09-20T11:22:43.727598+00:00,43031,1316448,3935942,1
2026-09-20T11:22:43.758579+00:00,43032,1316473,3936121,1
2026-09-20T11:22:43.791275+00:00,43033,1316498,3936297,1
2026-09-20T11:22:43.806625+00:00,43034,1316523,3935745,1
2026-09-20T11:22:43.839627+00:00,43035,1316548,3935802,1
2026-09-20T11:22:43.854625+00:00,43036,1316574,3936174,1
2026-09-20T11:22:43.887639+00:00,43037,1316599,3936797,1
2026-09-20T11:22:43.902625+00:00,43038,1316624,3937039,1
2026-09-20T11:22:43.935627+00:00,43039,1316649,3936668,1
2026-09-20T11:22:43.966625+00:00,43040,1316674,3936651,1
2026-09-20T11:22:43.982624+00:00,43041,1316700,3936051,1
2026-09-20T11:22:44.014591+00:00,43042,1316725,3936174,1
2026-09-20T11:22:44.030573+00:00,43043,1316750,3936321,1
2026-09-20T11:22:44.062589+00:00,43044,1316775,3936262,1
2026-09-20T11:22:44.078570+00:00,43045,1316800,3936305,1
2026-09-20T11:22:44.110572+00:00,43046,1316826,3936256,1
2026-09-20T11:22:44.142574+00:00,43047,1316851,3936515,1
2026-09-20T11:22:44.158573+00:00,43048,1316876,3936527,1
2026-09-20T11:22:44.190570+00:00,43049,1316901,3936249,1
2026-09-20T11:22:44.207309+00:00,43050,1316926,3936294,1
2026-09-20T11:22:44.238561+00:00,43051,1316952,3936224,1
2026-09-20T11:22:44.254562+00:00,43052,1316977,3936095,1
2026-09-20T11:22:44.286563+00:00,43053,1317002,3936345,1
2026-09-20T11:22:44.319307+00:00,43054,1317027,3936532,1
2026-09-20T11:22:44.334633+00:00,43055,1317052,3935959,1
2026-09-20T11:22:44.366978+00:00,43056,1317077,3936220,1
2026-09-20T11:22:44.382575+00:00,43057,1317103,3936589,1
2026-09-20T11:22:44.414567+00:00,43058,1317128,3936783,1
2026-09-20T11:22:44.446570+00:00,43059,1317153,3936237,1
2026-09-20T11:22:44.463654+00:00,43060,1317178,3935776,1
2026-09-20T11:22:44.494618+00:00,43061,1317203,3936045,1
2026-09-20T11:22:44.510561+00:00,43062,1317229,3936155,1
2026-09-20T11:22:44.542555+00:00,43063,1317254,3936611,1
2026-09-20T11:22:44.558555+00:00,43064,1317279,3936751,1
2026-09-20T11:22:44.590572+00:00,43065,1317304,3936726,1
2026-09-20T11:22:44.622563+00:00,43066,1317329,3936774,1
2026-09-20T11:22:44.638546+00:00,43067,1317355,3936025,1
2026-09-20T11:22:44.670957+00:00,43068,1317380,3936347,1
2026-09-20T11:22:44.687537+00:00,43069,1317405,3936525,1
2026-09-20T11:22:44.720006+00:00,43070,1317430,3936517,1
2026-09-20T11:22:44.734597+00:00,43071,1317455,3936121,1
2026-09-20T11:22:44.766756+00:00,43072,1317480,3936505,1
2026-09-20T11:22:44.798554+00:00,43073,1317506,3936215,1
2026-09-20T11:22:44.815593+00:00,43074,1317531,3936403,1
2026-09-20T11:22:44.846588+00:00,43075,1317556,3936766,1
2026-09-20T11:22:44.862553+00:00,43076,1317581,3936940,1
2026-09-20T11:22:44.894582+00:00,43077,1317606,3936777,1
2026-09-20T11:22:44.911585+00:00,43078,1317632,3936610,1
2026-09-20T11:22:44.942582+00:00,43079,1317657,3936156,1
2026-09-20T11:22:44.974586+00:00,43080,1317682,3936180,1
2026-09-20T11:22:44.992585+00:00,43081,1317707,3936337,1
2026-09-20T11:22:45.022550+00:00,43082,1317732,3936547,1
2026-09-20T11:22:45.038552+00:00,43083,1317758,3936545,1
2026-09-20T11:22:45.070965+00:00,43084,1317783,3936594,1
2026-09-20T11:22:45.086721+00:00,43085,1317808,3936280,1
2026-09-20T11:22:45.119966+00:00,43086,1317833,3936337,1
2026-09-20T11:22:45.151381+00:00,43087,1317858,3936567,1
2026-09-20T11:22:45.167412+00:00,43088,1317884,3936271,1
2026-09-20T11:22:45.199596+00:00,43089,1317909,3936427,1
2026-09-20T11:22:45.214559+00:00,43090,1317934,3936302,1
2026-09-20T11:22:45.246579+00:00,43091,1317959,3936045,1
2026-09-20T11:22:45.262599+00:00,43092,1317984,3936335,1
2026-09-20T11:22:45.294608+00:00,43093,1318009,3936658,1
2026-09-20T11:22:45.326535+00:00,43094,1318035,3936433,1
2026-09-20T11:22:45.342528+00:00,43095,1318060,3936050,1
2026-09-20T11:22:45.374524+00:00,43096,1318085,3936524,1
2026-09-20T11:22:45.390526+00:00,43097,1318110,3936529,1
2026-09-20T11:22:45.422526+00:00,43098,1318135,3936467,1
2026-09-20T11:22:45.438521+00:00,43099,1318161,3936309,1
2026-09-20T11:22:45.470527+00:00,43100,1318186,3935995,1
2026-09-20T11:22:45.502506+00:00,43101,1318211,3935834,1
2026-09-20T11:22:45.518968+00:00,43102,1318236,3936245,1
2026-09-20T11:22:45.551514+00:00,43103,1318261,3936894,1
2026-09-20T11:22:45.567292+00:00,43104,1318287,3936586,1
2026-09-20T11:22:45.600706+00:00,43105,1318312,3936059,1
2026-09-20T11:22:45.614678+00:00,43106,1318337,3936663,1
2026-09-20T11:22:45.646524+00:00,43107,1318362,3937046,1
2026-09-20T11:22:45.680080+00:00,43108,1318387,3936703,1
2026-09-20T11:22:45.696648+00:00,43109,1318412,3936422,1
2026-09-20T11:22:45.727591+00:00,43110,1318438,3935919,1
2026-09-20T11:22:45.742513+00:00,43111,1318463,3935586,1
2026-09-20T11:22:45.774510+00:00,43112,1318488,3935757,1
2026-09-20T11:22:45.806563+00:00,43113,1318513,3935888,1
2026-09-20T11:22:45.822534+00:00,43114,1318538,3936655,1
2026-09-20T11:22:45.855541+00:00,43115,1318564,3936772,1
2026-09-20T11:22:45.871542+00:00,43116,1318589,3936217,1
2026-09-20T11:22:45.902556+00:00,43117,1318614,3936479,1
2026-09-20T11:22:45.918538+00:00,43118,1318639,3936435,1
2026-09-20T11:22:45.951545+00:00,43119,1318664,3936361,1
2026-09-20T11:22:45.982509+00:00,43120,1318690,3936245,1
2026-09-20T11:22:45.998523+00:00,43121,1318715,3936516,1
2026-09-20T11:22:46.030530+00:00,43122,1318740,3936768,1
2026-09-20T11:22:46.046523+00:00,43123,1318765,3936661,1
2026-09-20T11:22:46.078514+00:00,43124,1318790,3936259,1
2026-09-20T11:22:46.094517+00:00,43125,1318816,3936272,1
2026-09-20T11:22:46.126509+00:00,43126,1318841,3936708,1
2026-09-20T11:22:46.158508+00:00,43127,1318866,3936457,1
2026-09-20T11:22:46.175532+00:00,43128,1318891,3936423,1
2026-09-20T11:22:46.206517+00:00,43129,1318916,3936267,1
2026-09-20T11:22:46.222514+00:00,43130,1318941,3936268,1
2026-09-20T11:22:46.254526+00:00,43131,1318967,3936205,1
2026-09-20T11:22:46.270502+00:00,43132,1318992,3936580,1
2026-09-20T11:22:46.302667+00:00,43133,1319017,3936377,1
2026-09-20T11:22:46.334517+00:00,43134,1319042,3935917,1
2026-09-20T11:22:46.351551+00:00,43135,1319067,3936232,1
2026-09-20T11:22:46.382524+00:00,43136,1319093,3936892,1
2026-09-20T11:22:46.399549+00:00,43137,1319118,3936786,1
2026-09-20T11:22:46.431533+00:00,43138,1319143,3936874,1
2026-09-20T11:22:46.446535+00:00,43139,1319168,3936536,1
2026-09-20T11:22:46.478504+00:00,43140,1319193,3936401,1
2026-09-20T11:22:46.510527+00:00,43141,1319219,3936782,1
2026-09-20T11:22:46.527546+00:00,43142,1319244,3937030,1
2026-09-20T11:22:46.559525+00:00,43143,1319269,3936502,1
2026-09-20T11:22:46.574502+00:00,43144,1319294,3936460,1
2026-09-20T11:22:46.606503+00:00,43145,1319319,3936616,1
2026-09-20T11:22:46.622490+00:00,43146,1319345,3936595,1
2026-09-20T11:22:46.654665+00:00,43147,1319370,3936471,1
2026-09-20T11:22:46.689669+00:00,43148,1319395,3936559,1
2026-09-20T11:22:46.702501+00:00,43149,1319420,3936183,1
2026-09-20T11:22:46.734447+00:00,43150,1319445,3935866,1
2026-09-20T11:22:46.751359+00:00,43151,1319470,3936003,1
2026-09-20T11:22:46.783531+00:00,43152,1319496,3936182,1
2026-09-20T11:22:46.801547+00:00,43153,1319521,3936664,1
2026-09-20T11:22:46.832544+00:00,43154,1319546,3936559,1
2026-09-20T11:22:46.862542+00:00,43155,1319571,3936150,1
2026-09-20T11:22:46.878542+00:00,43156,1319596,3936163,1
2026-09-20T11:22:46.910503+00:00,43157,1319622,3936112,1
2026-09-20T11:22:46.926543+00:00,43158,1319647,3936595,1
2026-09-20T11:22:46.958545+00:00,43159,1319672,3936702,1
2026-09-20T11:22:46.974543+00:00,43160,1319697,3936484,1
2026-09-20T11:22:47.006545+00:00,43161,1319722,3936184,1
2026-09-20T11:22:47.038490+00:00,43162,1319748,3936014,1
2026-09-20T11:22:47.054486+00:00,43163,1319773,3936368,1
2026-09-20T11:22:47.086660+00:00,43164,1319798,3936485,1
2026-09-20T11:22:47.102498+00:00,43165,1319823,3936382,1
2026-09-20T11:22:47.137312+00:00,43166,1319848,3936474,1
2026-09-20T11:22:47.165954+00:00,43167,1319873,3936419,1
2026-09-20T11:22:47.183428+00:00,43168,1319899,3936627,1
2026-09-20T11:22:47.214486+00:00,43169,1319924,3936089,1
2026-09-20T11:22:47.230507+00:00,43170,1319949,3935856,1
2026-09-20T11:22:47.262502+00:00,43171,1319974,3936088,1
2026-09-20T11:22:47.278492+00:00,43172,1319999,3936520,1
2026-09-20T11:22:47.310481+00:00,43173,1320025,3936530,1
2026-09-20T11:22:47.342488+00:00,43174,1320050,3936345,1
2026-09-20T11:22:47.359739+00:00,43175,1320075,3936684,1
2026-09-20T11:22:47.390483+00:00,43176,1320100,3936147,1
2026-09-20T11:22:47.407495+00:00,43177,1320125,3935846,1
2026-09-20T11:22:47.438478+00:00,43178,1320151,3935675,1
2026-09-20T11:22:47.454365+00:00,43179,1320176,3935392,1
2026-09-20T11:22:47.495000+00:00,43180,1320201,3936052,1
2026-09-20T11:22:47.518992+00:00,43181,1320226,3936507,1
2026-09-20T11:22:47.534655+00:00,43182,1320251,3936663,1
2026-09-20T11:22:47.568023+00:00,43183,1320276,3936763,1
2026-09-20T11:22:47.583524+00:00,43184,1320302,3937042,1
2026-09-20T11:22:47.614489+00:00,43185,1320327,3936404,1
2026-09-20T11:22:47.632508+00:00,43186,1320352,3935959,1
2026-09-20T11:22:47.666623+00:00,43187,1320377,3936111,1
2026-09-20T11:22:47.694480+00:00,43188,1320402,3936615,1
2026-09-20T11:22:47.710485+00:00,43189,1320428,3936268,1
2026-09-20T11:22:47.745849+00:00,43190,1320453,3936092,1
2026-09-20T11:22:47.758468+00:00,43191,1320478,3936300,1
2026-09-20T11:22:47.790475+00:00,43192,1320503,3936366,1
2026-09-20T11:22:47.807453+00:00,43193,1320528,3936387,1
2026-09-20T11:22:47.838531+00:00,43194,1320554,3935982,1
2026-09-20T11:22:47.870479+00:00,43195,1320579,3935738,1
2026-09-20T11:22:47.886452+00:00,43196,1320604,3935847,1
2026-09-20T11:22:47.919453+00:00,43197,1320629,3935893,1
2026-09-20T11:22:47.934463+00:00,43198,1320654,3936106,1
2026-09-20T11:22:47.967452+00:00,43199,1320679,3936453,1
2026-09-20T11:22:47.983456+00:00,43200,1320705,3936173,1
2026-09-20T11:22:48.043511+00:00,43201,1320730,3936532,1
2026-09-20T11:22:48.044526+00:00,43202,1320755,3936373,1
2026-09-20T11:22:48.062465+00:00,43203,1320780,3936177,1
2026-09-20T11:22:48.094471+00:00,43204,1320805,3935997,1
2026-09-20T11:22:48.110472+00:00,43205,1320831,3936366,1
2026-09-20T11:22:48.143488+00:00,43206,1320856,3936157,1
2026-09-20T11:22:48.159497+00:00,43207,1320881,3936374,1
2026-09-20T11:22:48.191507+00:00,43208,1320906,3936300,1
2026-09-20T11:22:48.223532+00:00,43209,1320931,3935793,1
2026-09-20T11:22:48.239496+00:00,43210,1320957,3936054,1
2026-09-20T11:22:48.271059+00:00,43211,1320982,3936247,1
2026-09-20T11:22:48.286415+00:00,43212,1321007,3936487,1
2026-09-20T11:22:48.319474+00:00,43213,1321032,3936019,1
2026-09-20T11:22:48.334550+00:00,43214,1321057,3936578,1
2026-09-20T11:22:48.366999+00:00,43215,1321082,3936435,1
2026-09-20T11:22:48.400509+00:00,43216,1321108,3936021,1
2026-09-20T11:22:48.415486+00:00,43217,1321133,3936005,1
2026-09-20T11:22:48.447525+00:00,43218,1321158,3935985,1
2026-09-20T11:22:48.462449+00:00,43219,1321183,3936209,1
2026-09-20T11:22:48.495496+00:00,43220,1321208,3936136,1
2026-09-20T11:22:48.529516+00:00,43221,1321234,3936194,1
2026-09-20T11:22:48.545488+00:00,43222,1321259,3936848,1
2026-09-20T11:22:48.574987+00:00,43223,1321284,3936965,1
2026-09-20T11:22:48.591506+00:00,43224,1321309,3936651,1
2026-09-20T11:22:48.622541+00:00,43225,1321334,3936339,1
2026-09-20T11:22:48.638460+00:00,43226,1321360,3936510,1
2026-09-20T11:22:48.670454+00:00,43227,1321385,3936708,1
2026-09-20T11:22:48.702488+00:00,43228,1321410,3936050,1
2026-09-20T11:22:48.718165+00:00,43229,1321435,3936070,1
2026-09-20T11:22:48.750477+00:00,43230,1321460,3936466,1
2026-09-20T11:22:48.766532+00:00,43231,1321486,3936155,1
2026-09-20T11:22:48.799529+00:00,43232,1321511,3936128,1
2026-09-20T11:22:48.815538+00:00,43233,1321536,3936134,1
2026-09-20T11:22:48.846524+00:00,43234,1321561,3936097,1
2026-09-20T11:22:48.878522+00:00,43235,1321586,3936027,1
2026-09-20T11:22:48.894524+00:00,43236,1321611,3936133,1
2026-09-20T11:22:48.926524+00:00,43237,1321637,3935926,1
2026-09-20T11:22:48.943564+00:00,43238,1321662,3936073,1
2026-09-20T11:22:48.974527+00:00,43239,1321687,3936698,1
2026-09-20T11:22:48.990439+00:00,43240,1321712,3936034,1
2026-09-20T11:22:49.022439+00:00,43241,1321737,3935882,1
2026-09-20T11:22:49.054527+00:00,43242,1321763,3936263,1
2026-09-20T11:22:49.070449+00:00,43243,1321788,3936272,1
2026-09-20T11:22:49.102440+00:00,43244,1321813,3936771,1
2026-09-20T11:22:49.118648+00:00,43245,1321838,3936613,1
2026-09-20T11:22:49.151669+00:00,43246,1321863,3936554,1
2026-09-20T11:22:49.166590+00:00,43247,1321889,3936422,1
2026-09-20T11:22:49.199479+00:00,43248,1321914,3936134,1
2026-09-20T11:22:49.230476+00:00,43249,1321939,3936598,1
2026-09-20T11:22:49.246465+00:00,43250,1321964,3936672,1
2026-09-20T11:22:49.278457+00:00,43251,1321989,3936640,1
2026-09-20T11:22:49.294440+00:00,43252,1322015,3936116,1
2026-09-20T11:22:49.327468+00:00,43253,1322040,3935746,1
2026-09-20T11:22:49.342446+00:00,43254,1322065,3936220,1
2026-09-20T11:22:49.374457+00:00,43255,1322090,3936105,1
2026-09-20T11:22:49.406455+00:00,43256,1322115,3936305,1
2026-09-20T11:22:49.422432+00:00,43257,1322140,3936491,1
2026-09-20T11:22:49.454449+00:00,43258,1322166,3936218,1
2026-09-20T11:22:49.470438+00:00,43259,1322191,3936388,1
2026-09-20T11:22:49.503367+00:00,43260,1322216,3936330,1
2026-09-20T11:22:49.518460+00:00,43261,1322241,3936282,1
2026-09-20T11:22:49.551329+00:00,43262,1322266,3936308,1
2026-09-20T11:22:49.583484+00:00,43263,1322292,3936328,1
2026-09-20T11:22:49.600177+00:00,43264,1322317,3936584,1
2026-09-20T11:22:49.636506+00:00,43265,1322342,3936727,1
2026-09-20T11:22:49.646444+00:00,43266,1322367,3936586,1
2026-09-20T11:22:49.678501+00:00,43267,1322392,3936617,1
2026-09-20T11:22:49.694458+00:00,43268,1322418,3936441,1
2026-09-20T11:22:49.726451+00:00,43269,1322443,3936348,1
2026-09-20T11:22:49.759355+00:00,43270,1322468,3936033,1
2026-09-20T11:22:49.774457+00:00,43271,1322493,3935918,1
2026-09-20T11:22:49.806454+00:00,43272,1322518,3935968,1
2026-09-20T11:22:49.822450+00:00,43273,1322544,3936134,1
2026-09-20T11:22:49.855455+00:00,43274,1322569,3936027,1
2026-09-20T11:22:49.886451+00:00,43275,1322594,3936159,1
2026-09-20T11:22:49.903590+00:00,43276,1322619,3936203,1
2026-09-20T11:22:49.935454+00:00,43277,1322644,3936132,1
2026-09-20T11:22:49.951453+00:00,43278,1322669,3936209,1
2026-09-20T11:22:49.983455+00:00,43279,1322695,3936015,1
2026-09-20T11:22:49.999455+00:00,43280,1322720,3936211,1
2026-09-20T11:22:50.031452+00:00,43281,1322745,3936272,1
2026-09-20T11:22:50.062450+00:00,43282,1322770,3936232,1
2026-09-20T11:22:50.095158+00:00,43283,1322795,3936277,1
2026-09-20T11:22:50.112115+00:00,43284,1322821,3936001,1
2026-09-20T11:22:50.143955+00:00,43285,1322846,3935882,1
2026-09-20T11:22:50.234458+00:00,43286,1322871,3936251,1
2026-09-20T11:22:50.236511+00:00,43287,1322896,3936176,1
2026-09-20T11:22:50.238465+00:00,43288,1322921,3935848,1
2026-09-20T11:22:50.239454+00:00,43289,1322947,3936023,1
2026-09-20T11:22:50.281916+00:00,43290,1322972,3935918,1
2026-09-20T11:22:50.282676+00:00,43291,1322997,3936015,1
2026-09-20T11:22:50.314669+00:00,43292,1323022,3936114,1
2026-09-20T11:22:50.328674+00:00,43293,1323047,3936421,1
2026-09-20T11:22:50.363675+00:00,43294,1323073,3936250,1
2026-09-20T11:22:50.375746+00:00,43295,1323098,3936047,1
2026-09-20T11:22:50.407673+00:00,43296,1323123,3935860,1
2026-09-20T11:22:50.439669+00:00,43297,1323148,3935707,1
2026-09-20T11:22:50.456710+00:00,43298,1323173,3936462,1
2026-09-20T11:22:50.490756+00:00,43299,1323198,3936960,1
2026-09-20T11:22:50.503670+00:00,43300,1323224,3936391,1
2026-09-20T11:22:50.535683+00:00,43301,1323249,3936149,1
2026-09-20T11:22:50.552671+00:00,43302,1323274,3936162,1
2026-09-20T11:22:50.584745+00:00,43303,1323299,3936402,1
2026-09-20T11:22:50.616670+00:00,43304,1323324,3936189,1
2026-09-20T11:22:50.632668+00:00,43305,1323350,3936083,1
2026-09-20T11:22:50.665530+00:00,43306,1323375,3936079,1
2026-09-20T11:22:50.679412+00:00,43307,1323400,3936042,1
2026-09-20T11:22:50.711415+00:00,43308,1323425,3936124,1
2026-09-20T11:22:50.727407+00:00,43309,1323450,3936146,1
2026-09-20T11:22:50.760024+00:00,43310,1323476,3936159,1
2026-09-20T11:22:50.791404+00:00,43311,1323501,3936032,1
2026-09-20T11:22:50.807323+00:00,43312,1323526,3936056,1
2026-09-20T11:22:50.840324+00:00,43313,1323551,3936025,1
2026-09-20T11:22:50.856323+00:00,43314,1323576,3936158,1
2026-09-20T11:22:50.887404+00:00,43315,1323601,3936282,1
2026-09-20T11:22:50.903322+00:00,43316,1323627,3936509,1
2026-09-20T11:22:50.935393+00:00,43317,1323652,3936404,1
2026-09-20T11:22:50.968357+00:00,43318,1323677,3936418,1
2026-09-20T11:22:50.984335+00:00,43319,1323702,3936178,1
2026-09-20T11:22:51.015399+00:00,43320,1323727,3936447,1
2026-09-20T11:22:51.031396+00:00,43321,1323753,3936692,1
2026-09-20T11:22:51.063407+00:00,43322,1323778,3936358,1
2026-09-20T11:22:51.095459+00:00,43323,1323803,3936130,1
2026-09-20T11:22:51.111403+00:00,43324,1323828,3936007,1
2026-09-20T11:22:51.143396+00:00,43325,1323853,3936021,1
2026-09-20T11:22:51.159387+00:00,43326,1323879,3936133,1
2026-09-20T11:22:51.191395+00:00,43327,1323904,3936375,1
2026-09-20T11:22:51.207393+00:00,43328,1323929,3936115,1
2026-09-20T11:22:51.239421+00:00,43329,1323954,3936467,1
2026-09-20T11:22:51.271391+00:00,43330,1323979,3936310,1
2026-09-20T11:22:51.287375+00:00,43331,1324004,3936147,1
2026-09-20T11:22:51.319317+00:00,43332,1324030,3936160,1
2026-09-20T11:22:51.335403+00:00,43333,1324055,3936352,1
2026-09-20T11:22:51.370008+00:00,43334,1324080,3936298,1
2026-09-20T11:22:51.383412+00:00,43335,1324105,3936332,1
2026-09-20T11:22:51.416485+00:00,43336,1324130,3936003,1
2026-09-20T11:22:51.447384+00:00,43337,1324156,3936248,1
2026-09-20T11:22:51.464405+00:00,43338,1324181,3935968,1
2026-09-20T11:22:51.500538+00:00,43339,1324206,3935782,1
2026-09-20T11:22:51.511392+00:00,43340,1324231,3935968,1
2026-09-20T11:22:51.543368+00:00,43341,1324256,3935569,1
2026-09-20T11:22:51.559375+00:00,43342,1324282,3935831,1
2026-09-20T11:22:51.592395+00:00,43343,1324307,3936391,1
2026-09-20T11:22:51.623819+00:00,43344,1324332,3936487,1
2026-09-20T11:22:51.639370+00:00,43345,1324357,3936274,1
2026-09-20T11:22:51.671363+00:00,43346,1324382,3936431,1
2026-09-20T11:22:51.687400+00:00,43347,1324407,3936334,1
2026-09-20T11:22:51.719978+00:00,43348,1324433,3935859,1
2026-09-20T11:22:51.737541+00:00,43349,1324458,3935426,1
2026-09-20T11:22:51.767372+00:00,43350,1324483,3936421,1
2026-09-20T11:22:51.799337+00:00,43351,1324508,3936651,1
2026-09-20T11:22:51.816335+00:00,43352,1324533,3936332,1
2026-09-20T11:22:51.847086+00:00,43353,1324559,3936167,1
2026-09-20T11:22:51.863189+00:00,43354,1324584,3936505,1
2026-09-20T11:22:51.895389+00:00,43355,1324609,3936911,1
2026-09-20T11:22:51.911390+00:00,43356,1324634,3937005,1
2026-09-20T11:22:51.943378+00:00,43357,1324659,3936573,1
2026-09-20T11:22:51.977433+00:00,43358,1324685,3936156,1
2026-09-20T11:22:51.992375+00:00,43359,1324710,3936183,1
2026-09-20T11:22:52.023357+00:00,43360,1324735,3936341,1
2026-09-20T11:22:52.039373+00:00,43361,1324760,3936676,1
2026-09-20T11:22:52.071357+00:00,43362,1324785,3936479,1
2026-09-20T11:22:52.087362+00:00,43363,1324810,3936003,1
2026-09-20T11:22:52.119385+00:00,43364,1324836,3935793,1
2026-09-20T11:22:52.151374+00:00,43365,1324861,3936028,1
2026-09-20T11:22:52.169241+00:00,43366,1324886,3936329,1
2026-09-20T11:22:52.201144+00:00,43367,1324911,3936524,1
2026-09-20T11:22:52.216398+00:00,43368,1324936,3936859,1
2026-09-20T11:22:52.247370+00:00,43369,1324962,3936650,1
2026-09-20T11:22:52.263362+00:00,43370,1324987,3936342,1
2026-09-20T11:22:52.295368+00:00,43371,1325012,3936005,1
2026-09-20T11:22:52.328419+00:00,43372,1325037,3935972,1
2026-09-20T11:22:52.343371+00:00,43373,1325062,3936003,1
2026-09-20T11:22:52.375356+00:00,43374,1325088,3935770,1
2026-09-20T11:22:52.391356+00:00,43375,1325113,3935975,1
2026-09-20T11:22:52.424390+00:00,43376,1325138,3936144,1
2026-09-20T11:22:52.455359+00:00,43377,1325163,3936252,1
2026-09-20T11:22:52.472040+00:00,43378,1325188,3936021,1
2026-09-20T11:22:52.503360+00:00,43379,1325214,3936245,1
2026-09-20T11:22:52.520421+00:00,43380,1325239,3936573,1
2026-09-20T11:22:52.552664+00:00,43381,1325264,3936835,1
2026-09-20T11:22:52.567653+00:00,43382,1325289,3936387,1
2026-09-20T11:22:52.600342+00:00,43383,1325314,3936488,1
2026-09-20T11:22:52.631357+00:00,43384,1325339,3936603,1
2026-09-20T11:22:52.650519+00:00,43385,1325365,3936359,1
2026-09-20T11:22:52.679355+00:00,43386,1325390,3936189,1
2026-09-20T11:22:52.696520+00:00,43387,1325415,3936162,1
2026-09-20T11:22:52.727355+00:00,43388,1325440,3936349,1
2026-09-20T11:22:52.743351+00:00,43389,1325465,3936717,1
2026-09-20T11:22:52.776533+00:00,43390,1325491,3936585,1
2026-09-20T11:22:52.808371+00:00,43391,1325516,3936530,1
2026-09-20T11:22:52.823360+00:00,43392,1325541,3936311,1
2026-09-20T11:22:52.855394+00:00,43393,1325566,3936016,1
2026-09-20T11:22:52.871367+00:00,43394,1325591,3935681,1
2026-09-20T11:22:52.903346+00:00,43395,1325617,3935958,1
2026-09-20T11:22:52.919368+00:00,43396,1325642,3936307,1
2026-09-20T11:22:52.951370+00:00,43397,1325667,3936233,1
2026-09-20T11:22:52.983417+00:00,43398,1325692,3935811,1
2026-09-20T11:22:53.000364+00:00,43399,1325717,3936156,1
2026-09-20T11:22:53.031360+00:00,43400,1325742,3936455,1
2026-09-20T11:22:53.047339+00:00,43401,1325768,3936246,1
2026-09-20T11:22:53.079337+00:00,43402,1325793,3935901,1
2026-09-20T11:22:53.096657+00:00,43403,1325818,3935854,1
2026-09-20T11:22:53.128370+00:00,43404,1325843,3935929,1
2026-09-20T11:22:53.159350+00:00,43405,1325868,3936481,1
2026-09-20T11:22:53.175341+00:00,43406,1325894,3936278,1
2026-09-20T11:22:53.207375+00:00,43407,1325919,3936186,1
2026-09-20T11:22:53.223334+00:00,43408,1325944,3936344,1
2026-09-20T11:22:53.255343+00:00,43409,1325969,3936157,1
2026-09-20T11:22:53.271455+00:00,43410,1325994,3936323,1
2026-09-20T11:22:53.303354+00:00,43411,1326020,3936153,1
2026-09-20T11:22:53.336679+00:00,43412,1326045,3936446,1
2026-09-20T11:22:53.353098+00:00,43413,1326070,3936031,1
2026-09-20T11:22:53.383666+00:00,43414,1326095,3936503,1
2026-09-20T11:22:53.399848+00:00,43415,1326120,3936527,1
2026-09-20T11:22:53.431347+00:00,43416,1326146,3936445,1
2026-09-20T11:22:53.447349+00:00,43417,1326171,3936302,1
2026-09-20T11:22:53.479353+00:00,43418,1326196,3936613,1
2026-09-20T11:22:53.511339+00:00,43419,1326221,3936592,1
2026-09-20T11:22:53.527328+00:00,43420,1326246,3936272,1
2026-09-20T11:22:53.559331+00:00,43421,1326271,3936363,1
2026-09-20T11:22:53.575354+00:00,43422,1326297,3936359,1
2026-09-20T11:22:53.607320+00:00,43423,1326322,3936361,1
2026-09-20T11:22:53.623343+00:00,43424,1326347,3935978,1
2026-09-20T11:22:53.657425+00:00,43425,1326372,3936054,1
2026-09-20T11:22:53.687295+00:00,43426,1326397,3936310,1
2026-09-20T11:22:53.703340+00:00,43427,1326423,3936161,1
2026-09-20T11:22:53.735355+00:00,43428,1326448,3936290,1
2026-09-20T11:22:53.752102+00:00,43429,1326473,3936858,1
2026-09-20T11:22:53.783423+00:00,43430,1326498,3936831,1
2026-09-20T11:22:53.815369+00:00,43431,1326523,3936959,1
2026-09-20T11:22:53.831369+00:00,43432,1326548,3936792,1
2026-09-20T11:22:53.863350+00:00,43433,1326574,3936230,1
2026-09-20T11:22:53.879349+00:00,43434,1326599,3935952,1
2026-09-20T11:22:53.911372+00:00,43435,1326624,3936411,1
2026-09-20T11:22:53.927369+00:00,43436,1326649,3936357,1
2026-09-20T11:22:53.959369+00:00,43437,1326674,3935936,1
2026-09-20T11:22:53.991352+00:00,43438,1326700,3936363,1
2026-09-20T11:22:54.007329+00:00,43439,1326725,3936646,1
2026-09-20T11:22:54.040385+00:00,43440,1326750,3936361,1
2026-09-20T11:22:54.055421+00:00,43441,1326775,3936094,1
2026-09-20T11:22:54.087376+00:00,43442,1326800,3936001,1
2026-09-20T11:22:54.104563+00:00,43443,1326826,3936198,1
2026-09-20T11:22:54.134657+00:00,43444,1326851,3936627,1
2026-09-20T11:22:54.167023+00:00,43445,1326876,3936318,1
2026-09-20T11:22:54.183686+00:00,43446,1326901,3935895,1
2026-09-20T11:22:54.216337+00:00,43447,1326926,3936231,1
2026-09-20T11:22:54.231313+00:00,43448,1326952,3936652,1
2026-09-20T11:22:54.263320+00:00,43449,1326977,3936238,1
2026-09-20T11:22:54.279316+00:00,43450,1327002,3935705,1
2026-09-20T11:22:54.311314+00:00,43451,1327027,3935893,1
2026-09-20T11:22:54.343308+00:00,43452,1327052,3936369,1
2026-09-20T11:22:54.360330+00:00,43453,1327078,3936040,1
2026-09-20T11:22:54.391310+00:00,43454,1327103,3936028,1
2026-09-20T11:22:54.409547+00:00,43455,1327128,3936376,1
2026-09-20T11:22:54.439302+00:00,43456,1327153,3936049,1
2026-09-20T11:22:54.455307+00:00,43457,1327178,3935789,1
2026-09-20T11:22:54.487832+00:00,43458,1327203,3935889,1
2026-09-20T11:22:54.521099+00:00,43459,1327229,3935904,1
2026-09-20T11:22:54.534702+00:00,43460,1327254,3935684,1
2026-09-20T11:22:54.568213+00:00,43461,1327279,3935764,1
2026-09-20T11:22:54.592481+00:00,43462,1327304,3935984,1
2026-09-20T11:22:54.615336+00:00,43463,1327329,3936361,1
2026-09-20T11:22:54.634497+00:00,43464,1327355,3936181,1
2026-09-20T11:22:54.670031+00:00,43465,1327380,3935651,1
2026-09-20T11:22:54.695333+00:00,43466,1327405,3935781,1
2026-09-20T11:22:54.711316+00:00,43467,1327430,3936368,1
2026-09-20T11:22:54.743298+00:00,43468,1327455,3936547,1
2026-09-20T11:22:54.759294+00:00,43469,1327481,3936438,1
2026-09-20T11:22:54.791300+00:00,43470,1327506,3936662,1
2026-09-20T11:22:54.807452+00:00,43471,1327531,3936757,1
2026-09-20T11:22:54.839470+00:00,43472,1327556,3936443,1
2026-09-20T11:22:54.871461+00:00,43473,1327581,3936005,1
2026-09-20T11:22:54.888453+00:00,43474,1327607,3936082,1
2026-09-20T11:22:54.930458+00:00,43475,1327632,3936627,1
2026-09-20T11:22:54.939455+00:00,43476,1327657,3935786,1
2026-09-20T11:22:54.967449+00:00,43477,1327682,3936140,1
2026-09-20T11:22:54.983449+00:00,43478,1327707,3936226,1
2026-09-20T11:22:55.016451+00:00,43479,1327732,3935968,1
2026-09-20T11:22:55.047310+00:00,43480,1327758,3936383,1
2026-09-20T11:22:55.063287+00:00,43481,1327783,3936045,1
2026-09-20T11:22:55.095294+00:00,43482,1327808,3935541,1
2026-09-20T11:22:55.111301+00:00,43483,1327833,3935712,1
2026-09-20T11:22:55.143290+00:00,43484,1327858,3936530,1
2026-09-20T11:22:55.175309+00:00,43485,1327884,3936556,1
2026-09-20T11:22:55.191323+00:00,43486,1327909,3936519,1
2026-09-20T11:22:55.223283+00:00,43487,1327934,3936395,1
2026-09-20T11:22:55.239293+00:00,43488,1327959,3936243,1
2026-09-20T11:22:55.271294+00:00,43489,1327984,3935902,1
2026-09-20T11:22:55.287272+00:00,43490,1328010,3935973,1
2026-09-20T11:22:55.319293+00:00,43491,1328035,3935979,1
2026-09-20T11:22:55.352169+00:00,43492,1328060,3936216,1
2026-09-20T11:22:55.368354+00:00,43493,1328085,3936128,1
2026-09-20T11:22:55.399299+00:00,43494,1328110,3936249,1
2026-09-20T11:22:55.416688+00:00,43495,1328135,3936574,1
2026-09-20T11:22:55.447301+00:00,43496,1328161,3936283,1
2026-09-20T11:22:55.465313+00:00,43497,1328186,3935915,1
2026-09-20T11:22:55.496533+00:00,43498,1328211,3936161,1
2026-09-20T11:22:55.527284+00:00,43499,1328236,3936321,1
2026-09-20T11:22:55.543287+00:00,43500,1328261,3936312,1
2026-09-20T11:22:55.575270+00:00,43501,1328287,3936209,1
2026-09-20T11:22:55.591272+00:00,43502,1328312,3936343,1
2026-09-20T11:22:55.623333+00:00,43503,1328337,3936110,1
2026-09-20T11:22:55.639281+00:00,43504,1328362,3935930,1
2026-09-20T11:22:55.671269+00:00,43505,1328387,3936004,1
2026-09-20T11:22:55.703318+00:00,43506,1328413,3936402,1
2026-09-20T11:22:55.719267+00:00,43507,1328438,3936467,1
2026-09-20T11:22:55.751916+00:00,43508,1328463,3936183,1
2026-09-20T11:22:55.769200+00:00,43509,1328488,3936296,1
2026-09-20T11:22:55.801372+00:00,43510,1328513,3936751,1
2026-09-20T11:22:55.816379+00:00,43511,1328538,3936719,1
2026-09-20T11:22:55.847323+00:00,43512,1328564,3936823,1
2026-09-20T11:22:55.879384+00:00,43513,1328589,3936980,1
2026-09-20T11:22:55.895390+00:00,43514,1328614,3936380,1
2026-09-20T11:22:55.916176+00:00,43515,1328639,3936236,1
2026-09-20T11:22:55.940857+00:00,43516,1328664,3936255,1
2026-09-20T11:22:55.975423+00:00,43517,1328690,3935688,1
2026-09-20T11:22:55.991363+00:00,43518,1328715,3935973,1
2026-09-20T11:22:56.025223+00:00,43519,1328740,3936808,1
2026-09-20T11:22:56.055261+00:00,43520,1328765,3936715,1
2026-09-20T11:22:56.071341+00:00,43521,1328790,3936162,1
2026-09-20T11:22:56.103329+00:00,43522,1328816,3936226,1
2026-09-20T11:22:56.119273+00:00,43523,1328841,3935887,1
2026-09-20T11:22:56.154127+00:00,43524,1328866,3935660,1
2026-09-20T11:22:56.170082+00:00,43525,1328891,3935504,1
2026-09-20T11:22:56.199943+00:00,43526,1328916,3935924,1
2026-09-20T11:22:56.231300+00:00,43527,1328942,3936012,1
2026-09-20T11:22:56.247268+00:00,43528,1328967,3935991,1
2026-09-20T11:22:56.279272+00:00,43529,1328992,3936586,1
2026-09-20T11:22:56.295313+00:00,43530,1329017,3936527,1
2026-09-20T11:22:56.328418+00:00,43531,1329042,3936130,1
2026-09-20T11:22:56.343269+00:00,43532,1329067,3936050,1
2026-09-20T11:22:56.376305+00:00,43533,1329093,3936185,1
2026-09-20T11:22:56.407263+00:00,43534,1329118,3935684,1
2026-09-20T11:22:56.423271+00:00,43535,1329143,3936052,1
2026-09-20T11:22:56.456299+00:00,43536,1329168,3936001,1
2026-09-20T11:22:56.471320+00:00,43537,1329193,3935658,1
2026-09-20T11:22:56.504358+00:00,43538,1329219,3935522,1
2026-09-20T11:22:56.535396+00:00,43539,1329244,3935692,1
2026-09-20T11:22:56.553905+00:00,43540,1329269,3935845,1
2026-09-20T11:22:56.585030+00:00,43541,1329294,3936469,1
2026-09-20T11:22:56.602424+00:00,43542,1329319,3936574,1
2026-09-20T11:22:56.631246+00:00,43543,1329345,3935848,1
2026-09-20T11:22:56.649319+00:00,43544,1329370,3935533,1
2026-09-20T11:22:56.679401+00:00,43545,1329395,3935218,1
2026-09-20T11:22:56.711280+00:00,43546,1329420,3935620,1
2026-09-20T11:22:56.728673+00:00,43547,1329445,3936067,1
2026-09-20T11:22:56.759243+00:00,43548,1329470,3936282,1
2026-09-20T11:22:56.775301+00:00,43549,1329496,3936299,1
2026-09-20T11:22:56.809292+00:00,43550,1329521,3936129,1
2026-09-20T11:22:56.823304+00:00,43551,1329546,3936324,1
2026-09-20T11:22:56.855288+00:00,43552,1329571,3936928,1
2026-09-20T11:22:56.908540+00:00,43553,1329596,3936428,1
2026-09-20T11:22:56.911539+00:00,43554,1329622,3936127,1
2026-09-20T11:22:56.935552+00:00,43555,1329647,3936664,1
2026-09-20T11:22:56.952539+00:00,43556,1329672,3936460,1
2026-09-20T11:22:56.983549+00:00,43557,1329697,3936480,1
2026-09-20T11:22:57.000539+00:00,43558,1329722,3936361,1
2026-09-20T11:22:57.031542+00:00,43559,1329748,3936532,1
2026-09-20T11:22:57.063237+00:00,43560,1329773,3936252,1
2026-09-20T11:22:57.079270+00:00,43561,1329798,3936614,1
2026-09-20T11:22:57.111247+00:00,43562,1329823,3936422,1
2026-09-20T11:22:57.127245+00:00,43563,1329848,3936460,1
2026-09-20T11:22:57.160281+00:00,43564,1329873,3936429,1
2026-09-20T11:22:57.178978+00:00,43565,1329899,3935743,1
2026-09-20T11:22:57.207239+00:00,43566,1329924,3935778,1
2026-09-20T11:22:57.239251+00:00,43567,1329949,3935960,1
2026-09-20T11:22:57.255251+00:00,43568,1329974,3936032,1
2026-09-20T11:22:57.287253+00:00,43569,1329999,3936200,1
2026-09-20T11:22:57.303683+00:00,43570,1330025,3936385,1
2026-09-20T11:22:57.335243+00:00,43571,1330050,3936494,1
2026-09-20T11:22:57.352170+00:00,43572,1330075,3936077,1
2026-09-20T11:22:57.383676+00:00,43573,1330100,3936342,1
2026-09-20T11:22:57.415255+00:00,43574,1330125,3936318,1
2026-09-20T11:22:57.433334+00:00,43575,1330151,3935970,1
2026-09-20T11:22:57.467077+00:00,43576,1330176,3936216,1
2026-09-20T11:22:57.479207+00:00,43577,1330201,3936173,1
2026-09-20T11:22:57.511291+00:00,43578,1330226,3936150,1
2026-09-20T11:22:57.527231+00:00,43579,1330251,3936367,1
2026-09-20T11:22:57.559228+00:00,43580,1330277,3936231,1
2026-09-20T11:22:57.593328+00:00,43581,1330302,3936014,1
2026-09-20T11:22:57.607221+00:00,43582,1330327,3936135,1
2026-09-20T11:22:57.639233+00:00,43583,1330352,3935797,1
2026-09-20T11:22:57.655226+00:00,43584,1330377,3936095,1
2026-09-20T11:22:57.687681+00:00,43585,1330402,3936503,1
2026-09-20T11:22:57.704682+00:00,43586,1330428,3936255,1
2026-09-20T11:22:57.735237+00:00,43587,1330453,3936195,1
2026-09-20T11:22:57.768694+00:00,43588,1330478,3936158,1
2026-09-20T11:22:57.788784+00:00,43589,1330503,3936211,1
2026-09-20T11:22:57.816348+00:00,43590,1330528,3936533,1
2026-09-20T11:22:57.831348+00:00,43591,1330554,3936361,1
2026-09-20T11:22:57.863348+00:00,43592,1330579,3936032,1
2026-09-20T11:22:57.895350+00:00,43593,1330604,3935872,1
2026-09-20T11:22:57.911348+00:00,43594,1330629,3935855,1
2026-09-20T11:22:57.943348+00:00,43595,1330654,3936131,1
2026-09-20T11:22:57.960348+00:00,43596,1330680,3936100,1
2026-09-20T11:22:57.991220+00:00,43597,1330705,3935898,1
2026-09-20T11:22:58.007209+00:00,43598,1330730,3935995,1
2026-09-20T11:22:58.039223+00:00,43599,1330755,3936290,1
2026-09-20T11:22:58.070732+00:00,43600,1330780,3936461,1
2026-09-20T11:22:58.087216+00:00,43601,1330805,3935984,1
2026-09-20T11:22:58.119606+00:00,43602,1330831,3936221,1
2026-09-20T11:22:58.135232+00:00,43603,1330856,3936377,1
2026-09-20T11:22:58.168035+00:00,43604,1330881,3936413,1
2026-09-20T11:22:58.183667+00:00,43605,1330906,3936684,1
2026-09-20T11:22:58.216270+00:00,43606,1330931,3936425,1
2026-09-20T11:22:58.247238+00:00,43607,1330957,3936312,1
2026-09-20T11:22:58.263223+00:00,43608,1330982,3935858,1
2026-09-20T11:22:58.295208+00:00,43609,1331007,3936497,1
2026-09-20T11:22:58.311216+00:00,43610,1331032,3936620,1
2026-09-20T11:22:58.343242+00:00,43611,1331057,3936494,1
2026-09-20T11:22:58.359227+00:00,43612,1331083,3936525,1
2026-09-20T11:22:58.392245+00:00,43613,1331108,3936186,1
2026-09-20T11:22:58.423227+00:00,43614,1331133,3936412,1
2026-09-20T11:22:58.439343+00:00,43615,1331158,3936274,1
2026-09-20T11:22:58.472250+00:00,43616,1331183,3936329,1
2026-09-20T11:22:58.487355+00:00,43617,1331208,3936570,1
2026-09-20T11:22:58.519963+00:00,43618,1331234,3936290,1
2026-09-20T11:22:58.535145+00:00,43619,1331259,3936594,1
2026-09-20T11:22:58.568025+00:00,43620,1331284,3936235,1
2026-09-20T11:22:58.602016+00:00,43621,1331309,3936032,1
2026-09-20T11:22:58.616438+00:00,43622,1331334,3936136,1
2026-09-20T11:22:58.647210+00:00,43623,1331360,3936079,1
2026-09-20T11:22:58.663206+00:00,43624,1331385,3936002,1
2026-09-20T11:22:58.695209+00:00,43625,1331410,3936392,1
2026-09-20T11:22:58.711227+00:00,43626,1331435,3936683,1
2026-09-20T11:22:58.743237+00:00,43627,1331460,3936205,1
2026-09-20T11:22:58.775194+00:00,43628,1331486,3936216,1
2026-09-20T11:22:58.791310+00:00,43629,1331511,3936493,1
2026-09-20T11:22:58.823341+00:00,43630,1331536,3935884,1
2026-09-20T11:22:58.841940+00:00,43631,1331561,3935336,1
2026-09-20T11:22:58.871337+00:00,43632,1331586,3935655,1
2026-09-20T11:22:58.887337+00:00,43633,1331611,3935963,1
2026-09-20T11:22:58.919341+00:00,43634,1331637,3936612,1
2026-09-20T11:22:58.951338+00:00,43635,1331662,3936588,1
2026-09-20T11:22:58.967340+00:00,43636,1331687,3936308,1
2026-09-20T11:22:59.000248+00:00,43637,1331712,3936102,1
2026-09-20T11:22:59.016243+00:00,43638,1331737,3935901,1
2026-09-20T11:22:59.047201+00:00,43639,1331763,3936317,1
2026-09-20T11:22:59.063186+00:00,43640,1331788,3936635,1
2026-09-20T11:22:59.095004+00:00,43641,1331813,3936162,1
2026-09-20T11:22:59.127273+00:00,43642,1331838,3936404,1
2026-09-20T11:22:59.143189+00:00,43643,1331863,3936602,1
2026-09-20T11:22:59.167185+00:00,43644,1331889,3936388,1
2026-09-20T11:22:59.191202+00:00,43645,1331914,3936491,1
2026-09-20T11:22:59.223191+00:00,43646,1331939,3936240,1
2026-09-20T11:22:59.255177+00:00,43647,1331964,3935982,1
2026-09-20T11:22:59.271196+00:00,43648,1331989,3936005,1
2026-09-20T11:22:59.303200+00:00,43649,1332015,3936025,1
2026-09-20T11:22:59.319197+00:00,43650,1332040,3936228,1
2026-09-20T11:22:59.352082+00:00,43651,1332065,3936883,1
2026-09-20T11:22:59.369028+00:00,43652,1332090,3936745,1
2026-09-20T11:22:59.400223+00:00,43653,1332115,3936469,1
2026-09-20T11:22:59.431189+00:00,43654,1332140,3936236,1
2026-09-20T11:22:59.447186+00:00,43655,1332166,3936269,1
2026-09-20T11:22:59.479171+00:00,43656,1332191,3936271,1
2026-09-20T11:22:59.495193+00:00,43657,1332216,3936229,1
2026-09-20T11:22:59.527211+00:00,43658,1332241,3936501,1
2026-09-20T11:22:59.543179+00:00,43659,1332266,3936403,1
2026-09-20T11:22:59.575174+00:00,43660,1332292,3936428,1
2026-09-20T11:22:59.607174+00:00,43661,1332317,3936468,1
2026-09-20T11:22:59.623175+00:00,43662,1332342,3936532,1
2026-09-20T11:22:59.655195+00:00,43663,1332367,3936415,1
2026-09-20T11:22:59.670948+00:00,43664,1332392,3936515,1
2026-09-20T11:22:59.703373+00:00,43665,1332418,3936480,1
2026-09-20T11:22:59.720018+00:00,43666,1332443,3936264,1
2026-09-20T11:22:59.751361+00:00,43667,1332468,3935977,1
2026-09-20T11:22:59.783686+00:00,43668,1332493,3935987,1
2026-09-20T11:22:59.800207+00:00,43669,1332518,3936103,1
2026-09-20T11:22:59.832229+00:00,43670,1332544,3936240,1
2026-09-20T11:22:59.847234+00:00,43671,1332569,3936421,1
2026-09-20T11:22:59.879193+00:00,43672,1332594,3936084,1
2026-09-20T11:22:59.895221+00:00,43673,1332619,3936258,1
2026-09-20T11:22:59.927221+00:00,43674,1332644,3936016,1
2026-09-20T11:22:59.959210+00:00,43675,1332669,3936423,1
2026-09-20T11:22:59.975223+00:00,43676,1332695,3936272,1
2026-09-20T11:23:00.009254+00:00,43677,1332720,3936404,1
2026-09-20T11:23:00.030233+00:00,43678,1332745,3936751,1
2026-09-20T11:23:00.055036+00:00,43679,1332770,3936721,1
2026-09-20T11:23:00.071210+00:00,43680,1332795,3936610,1
2026-09-20T11:23:00.103180+00:00,43681,1332821,3936495,1
2026-09-20T11:23:00.136880+00:00,43682,1332846,3936368,1
2026-09-20T11:23:00.152870+00:00,43683,1332871,3936674,1
2026-09-20T11:23:00.183655+00:00,43684,1332896,3936459,1
2026-09-20T11:23:00.199217+00:00,43685,1332921,3936169,1
2026-09-20T11:23:00.234101+00:00,43686,1332947,3935790,1
2026-09-20T11:23:00.247167+00:00,43687,1332972,3936372,1
2026-09-20T11:23:00.279158+00:00,43688,1332997,3936669,1
2026-09-20T11:23:00.313321+00:00,43689,1333022,3936356,1
2026-09-20T11:23:00.328202+00:00,43690,1333047,3936029,1
2026-09-20T11:23:00.360207+00:00,43691,1333073,3936213,1
2026-09-20T11:23:00.375164+00:00,43692,1333098,3936457,1
2026-09-20T11:23:00.407156+00:00,43693,1333123,3936241,1
2026-09-20T11:23:00.439156+00:00,43694,1333148,3936128,1
2026-09-20T11:23:00.456197+00:00,43695,1333173,3935943,1
2026-09-20T11:23:00.487188+00:00,43696,1333199,3935954,1
2026-09-20T11:23:00.503351+00:00,43697,1333224,3936498,1
2026-09-20T11:23:00.536738+00:00,43698,1333249,3936260,1
2026-09-20T11:23:00.551421+00:00,43699,1333274,3936164,1
2026-09-20T11:23:00.592431+00:00,43700,1333299,3936600,1
2026-09-20T11:23:00.615255+00:00,43701,1333325,3936477,1
2026-09-20T11:23:00.640310+00:00,43702,1333350,3936671,1
2026-09-20T11:23:00.663155+00:00,43703,1333375,3936884,1
2026-09-20T11:23:00.679154+00:00,43704,1333400,3936541,1
2026-09-20T11:23:00.711290+00:00,43705,1333425,3936692,1
2026-09-20T11:23:00.727144+00:00,43706,1333451,3936222,1
2026-09-20T11:23:00.759156+00:00,43707,1333476,3936224,1
2026-09-20T11:23:00.791147+00:00,43708,1333501,3936114,1
2026-09-20T11:23:00.807171+00:00,43709,1333526,3936129,1
2026-09-20T11:23:00.839173+00:00,43710,1333551,3936151,1
2026-09-20T11:23:00.855171+00:00,43711,1333576,3936809,1
2026-09-20T11:23:00.887172+00:00,43712,1333602,3936693,1
2026-09-20T11:23:00.903173+00:00,43713,1333627,3936177,1
2026-09-20T11:23:00.936174+00:00,43714,1333652,3936319,1
2026-09-20T11:23:00.967232+00:00,43715,1333677,3936494,1
2026-09-20T11:23:00.983174+00:00,43716,1333702,3936246,1
2026-09-20T11:23:01.016170+00:00,43717,1333728,3936529,1
2026-09-20T11:23:01.031148+00:00,43718,1333753,3936518,1
2026-09-20T11:23:01.064178+00:00,43719,1333778,3936409,1
2026-09-20T11:23:01.079172+00:00,43720,1333803,3936327,1
2026-09-20T11:23:01.112218+00:00,43721,1333828,3936069,1
2026-09-20T11:23:01.144139+00:00,43722,1333854,3936311,1
2026-09-20T11:23:01.160139+00:00,43723,1333879,3936715,1
2026-09-20T11:23:01.192140+00:00,43724,1333904,3936374,1
2026-09-20T11:23:01.207128+00:00,43725,1333929,3936027,1
2026-09-20T11:23:01.240139+00:00,43726,1333954,3936173,1
2026-09-20T11:23:01.256138+00:00,43727,1333980,3936688,1
2026-09-20T11:23:01.288466+00:00,43728,1334005,3936444,1
2026-09-20T11:23:01.319145+00:00,43729,1334030,3936395,1
2026-09-20T11:23:01.336139+00:00,43730,1334055,3936314,1
2026-09-20T11:23:01.368139+00:00,43731,1334080,3936544,1
2026-09-20T11:23:01.384138+00:00,43732,1334105,3936503,1
2026-09-20T11:23:01.419217+00:00,43733,1334131,3936430,1
2026-09-20T11:23:01.433152+00:00,43734,1334156,3936143,1
2026-09-20T11:23:01.463135+00:00,43735,1334181,3936424,1
2026-09-20T11:23:01.495135+00:00,43736,1334206,3936510,1
2026-09-20T11:23:01.511172+00:00,43737,1334231,3936170,1
2026-09-20T11:23:01.543135+00:00,43738,1334257,3936219,1
2026-09-20T11:23:01.559149+00:00,43739,1334282,3936757,1
2026-09-20T11:23:01.591135+00:00,43740,1334307,3936566,1
2026-09-20T11:23:01.607138+00:00,43741,1334332,3936112,1
2026-09-20T11:23:01.639137+00:00,43742,1334357,3936101,1
2026-09-20T11:23:01.672138+00:00,43743,1334383,3936670,1
2026-09-20T11:23:01.688140+00:00,43744,1334408,3936525,1
2026-09-20T11:23:01.719138+00:00,43745,1334433,3936074,1
2026-09-20T11:23:01.736170+00:00,43746,1334458,3936431,1
2026-09-20T11:23:01.767137+00:00,43747,1334483,3937167,1
2026-09-20T11:23:01.799135+00:00,43748,1334509,3936727,1
2026-09-20T11:23:01.816137+00:00,43749,1334534,3936032,1
2026-09-20T11:23:01.847135+00:00,43750,1334559,3935879,1
2026-09-20T11:23:01.863136+00:00,43751,1334584,3936228,1
2026-09-20T11:23:01.895199+00:00,43752,1334609,3936219,1
2026-09-20T11:23:01.911138+00:00,43753,1334635,3936088,1
2026-09-20T11:23:01.943136+00:00,43754,1334660,3936477,1
2026-09-20T11:23:01.975135+00:00,43755,1334685,3936508,1
2026-09-20T11:23:01.994139+00:00,43756,1334710,3936858,1
2026-09-20T11:23:02.024139+00:00,43757,1334735,3936309,1
2026-09-20T11:23:02.039306+00:00,43758,1334760,3936526,1
2026-09-20T11:23:02.071101+00:00,43759,1334786,3937292,1
2026-09-20T11:23:02.087117+00:00,43760,1334811,3936820,1
2026-09-20T11:23:02.119122+00:00,43761,1334836,3936313,1
2026-09-20T11:23:02.152097+00:00,43762,1334861,3936425,1
2026-09-20T11:23:02.168416+00:00,43763,1334886,3936689,1
2026-09-20T11:23:02.202227+00:00,43764,1334912,3936812,1
2026-09-20T11:23:02.219213+00:00,43765,1334937,3936228,1
2026-09-20T11:23:02.247122+00:00,43766,1334962,3936478,1
2026-09-20T11:23:02.263117+00:00,43767,1334987,3936896,1
2026-09-20T11:23:02.295109+00:00,43768,1335012,3936661,1
2026-09-20T11:23:02.327146+00:00,43769,1335038,3936426,1
2026-09-20T11:23:02.343116+00:00,43770,1335063,3936808,1
2026-09-20T11:23:02.375113+00:00,43771,1335088,3937109,1
2026-09-20T11:23:02.392176+00:00,43772,1335113,3936880,1
2026-09-20T11:23:02.423106+00:00,43773,1335138,3936779,1
2026-09-20T11:23:02.440133+00:00,43774,1335163,3936861,1
2026-09-20T11:23:02.472128+00:00,43775,1335189,3936589,1
2026-09-20T11:23:02.503114+00:00,43776,1335214,3936032,1
2026-09-20T11:23:02.519123+00:00,43777,1335239,3935808,1
2026-09-20T11:23:02.551411+00:00,43778,1335264,3936692,1
2026-09-20T11:23:02.568113+00:00,43779,1335289,3936875,1
2026-09-20T11:23:02.601206+00:00,43780,1335315,3936450,1
2026-09-20T11:23:02.617227+00:00,43781,1335340,3936024,1
2026-09-20T11:23:02.652302+00:00,43782,1335365,3936365,1
2026-09-20T11:23:02.679135+00:00,43783,1335390,3936393,1
2026-09-20T11:23:02.695095+00:00,43784,1335415,3936207,1
2026-09-20T11:23:02.727121+00:00,43785,1335441,3936187,1
2026-09-20T11:23:02.744132+00:00,43786,1335466,3936397,1
2026-09-20T11:23:02.775105+00:00,43787,1335491,3936425,1
2026-09-20T11:23:02.791110+00:00,43788,1335516,3936162,1
2026-09-20T11:23:02.824402+00:00,43789,1335541,3936249,1
2026-09-20T11:23:02.855102+00:00,43790,1335567,3936179,1
2026-09-20T11:23:02.871106+00:00,43791,1335592,3936650,1
2026-09-20T11:23:02.903106+00:00,43792,1335617,3936402,1
2026-09-20T11:23:02.918982+00:00,43793,1335642,3935931,1
2026-09-20T11:23:02.951367+00:00,43794,1335667,3935907,1
2026-09-20T11:23:02.983126+00:00,43795,1335693,3936629,1
2026-09-20T11:23:03.001838+00:00,43796,1335718,3936554,1
2026-09-20T11:23:03.032151+00:00,43797,1335743,3936290,1
2026-09-20T11:23:03.047119+00:00,43798,1335768,3936410,1
2026-09-20T11:23:03.079108+00:00,43799,1335793,3936673,1
2026-09-20T11:23:03.095106+00:00,43800,1335818,3936240,1
2026-09-20T11:23:03.127091+00:00,43801,1335844,3936013,1
2026-09-20T11:23:03.159367+00:00,43802,1335869,3936053,1
2026-09-20T11:23:03.176144+00:00,43803,1335894,3936111,1
2026-09-20T11:23:03.207193+00:00,43804,1335919,3936103,1
2026-09-20T11:23:03.223174+00:00,43805,1335944,3936071,1
2026-09-20T11:23:03.256245+00:00,43806,1335970,3936577,1
2026-09-20T11:23:03.271215+00:00,43807,1335995,3936525,1
2026-09-20T11:23:03.303736+00:00,43808,1336020,3936668,1
2026-09-20T11:23:03.335232+00:00,43809,1336045,3936186,1
2026-09-20T11:23:03.351369+00:00,43810,1336070,3936340,1
2026-09-20T11:23:03.383707+00:00,43811,1336096,3936406,1
2026-09-20T11:23:03.402304+00:00,43812,1336121,3936275,1
2026-09-20T11:23:03.431089+00:00,43813,1336146,3936772,1
2026-09-20T11:23:03.448858+00:00,43814,1336171,3936687,1
2026-09-20T11:23:03.494138+00:00,43815,1336196,3936943,1
2026-09-20T11:23:03.511078+00:00,43816,1336222,3936912,1
2026-09-20T11:23:03.527084+00:00,43817,1336247,3936238,1
2026-09-20T11:23:03.559083+00:00,43818,1336272,3935957,1
2026-09-20T11:23:03.575086+00:00,43819,1336297,3936506,1
2026-09-20T11:23:03.607073+00:00,43820,1336322,3936264,1
2026-09-20T11:23:03.625130+00:00,43821,1336348,3936174,1
2026-09-20T11:23:03.656317+00:00,43822,1336373,3936371,1
2026-09-20T11:23:03.687520+00:00,43823,1336398,3936240,1
2026-09-20T11:23:03.703485+00:00,43824,1336423,3936565,1
2026-09-20T11:23:03.735843+00:00,43825,1336448,3936841,1
2026-09-20T11:23:03.751370+00:00,43826,1336473,3936762,1
2026-09-20T11:23:03.783223+00:00,43827,1336499,3936741,1
2026-09-20T11:23:03.801302+00:00,43828,1336524,3936562,1
2026-09-20T11:23:03.832105+00:00,43829,1336549,3935949,1
2026-09-20T11:23:03.863069+00:00,43830,1336574,3936522,1
2026-09-20T11:23:03.880103+00:00,43831,1336599,3936493,1
2026-09-20T11:23:03.911076+00:00,43832,1336625,3936687,1
2026-09-20T11:23:03.928130+00:00,43833,1336650,3936896,1
2026-09-20T11:23:03.959069+00:00,43834,1336675,3936817,1
2026-09-20T11:23:03.975075+00:00,43835,1336700,3936487,1
2026-09-20T11:23:04.008096+00:00,43836,1336725,3936792,1
2026-09-20T11:23:04.039063+00:00,43837,1336751,3936831,1
2026-09-20T11:23:04.055059+00:00,43838,1336776,3936206,1
2026-09-20T11:23:04.087075+00:00,43839,1336801,3936246,1
2026-09-20T11:23:04.103066+00:00,43840,1336826,3936520,1
2026-09-20T11:23:04.135704+00:00,43841,1336851,3936314,1
2026-09-20T11:23:04.154159+00:00,43842,1336877,3936632,1
2026-09-20T11:23:04.184383+00:00,43843,1336902,3936416,1
2026-09-20T11:23:04.216101+00:00,43844,1336927,3936098,1
2026-09-20T11:23:04.231076+00:00,43845,1336952,3936295,1
2026-09-20T11:23:04.263949+00:00,43846,1336977,3935993,1
2026-09-20T11:23:04.292146+00:00,43847,1337003,3936161,1
2026-09-20T11:23:04.311078+00:00,43848,1337028,3936758,1
2026-09-20T11:23:04.343718+00:00,43849,1337053,3936602,1
2026-09-20T11:23:04.360112+00:00,43850,1337078,3936705,1
2026-09-20T11:23:04.391151+00:00,43851,1337103,3937253,1
2026-09-20T11:23:04.399340+00:00,43852,1337128,3937300,1
2026-09-20T11:23:04.432721+00:00,43853,1337154,3936984,1
2026-09-20T11:23:04.448871+00:00,43854,1337179,3936796,1
2026-09-20T11:23:04.479493+00:00,43855,1337204,3936556,1
2026-09-20T11:23:04.516061+00:00,43856,1337229,3936998,1
2026-09-20T11:23:04.532239+00:00,43857,1337254,3937215,1
2026-09-20T11:23:04.567788+00:00,43858,1337280,3936966,1
2026-09-20T11:23:04.587184+00:00,43859,1337305,3936469,1
2026-09-20T11:23:04.608029+00:00,43860,1337330,3936144,1
2026-09-20T11:23:04.631115+00:00,43861,1337355,3936411,1
2026-09-20T11:23:04.664763+00:00,43862,1337380,3936853,1
2026-09-20T11:23:04.695245+00:00,43863,1337406,3936744,1
2026-09-20T11:23:04.711055+00:00,43864,1337431,3936425,1
2026-09-20T11:23:04.732815+00:00,43865,1337456,3936337,1
2026-09-20T11:23:04.749038+00:00,43866,1337481,3935954,1
2026-09-20T11:23:04.782676+00:00,43867,1337506,3936206,1
2026-09-20T11:23:04.800620+00:00,43868,1337532,3936650,1
2026-09-20T11:23:04.832170+00:00,43869,1337557,3936594,1
2026-09-20T11:23:04.866005+00:00,43870,1337582,3936777,1
2026-09-20T11:23:04.894734+00:00,43871,1337607,3936773,1
2026-09-20T11:23:04.919758+00:00,43872,1337632,3936531,1
2026-09-20T11:23:04.933817+00:00,43873,1337657,3936398,1
2026-09-20T11:23:04.968095+00:00,43874,1337683,3936940,1
2026-09-20T11:23:04.983263+00:00,43875,1337708,3936857,1
2026-09-20T11:23:05.016185+00:00,43876,1337733,3936722,1
2026-09-20T11:23:05.048851+00:00,43877,1337758,3936427,1
2026-09-20T11:23:05.063042+00:00,43878,1337783,3936280,1
2026-09-20T11:23:05.095044+00:00,43879,1337809,3936305,1
2026-09-20T11:23:05.111045+00:00,43880,1337834,3936208,1
2026-09-20T11:23:05.143099+00:00,43881,1337859,3936874,1
2026-09-20T11:23:05.159057+00:00,43882,1337884,3937073,1
2026-09-20T11:23:05.191047+00:00,43883,1337909,3936985,1
2026-09-20T11:23:05.225173+00:00,43884,1337935,3936591,1
2026-09-20T11:23:05.242370+00:00,43885,1337960,3936512,1
2026-09-20T11:23:05.271096+00:00,43886,1337985,3936731,1
2026-09-20T11:23:05.288604+00:00,43887,1338010,3937001,1
2026-09-20T11:23:05.319068+00:00,43888,1338035,3936837,1
2026-09-20T11:23:05.335050+00:00,43889,1338061,3937066,1
2026-09-20T11:23:05.367370+00:00,43890,1338086,3937192,1
2026-09-20T11:23:05.399028+00:00,43891,1338111,3936839,1
2026-09-20T11:23:05.416068+00:00,43892,1338136,3936358,1
2026-09-20T11:23:05.447694+00:00,43893,1338161,3935857,1
2026-09-20T11:23:05.465130+00:00,43894,1338186,3936065,1
2026-09-20T11:23:05.496062+00:00,43895,1338212,3936490,1
2026-09-20T11:23:05.527024+00:00,43896,1338237,3936476,1
2026-09-20T11:23:05.543023+00:00,43897,1338262,3936365,1
2026-09-20T11:23:05.575034+00:00,43898,1338287,3936426,1
2026-09-20T11:23:05.592603+00:00,43899,1338312,3936312,1
2026-09-20T11:23:05.623031+00:00,43900,1338338,3936903,1
2026-09-20T11:23:05.639042+00:00,43901,1338363,3937099,1
2026-09-20T11:23:05.671036+00:00,43902,1338388,3936902,1
2026-09-20T11:23:05.703369+00:00,43903,1338413,3937094,1
2026-09-20T11:23:05.720368+00:00,43904,1338438,3937223,1
2026-09-20T11:23:05.774783+00:00,43905,1338464,3936838,1
2026-09-20T11:23:05.774783+00:00,43906,1338489,3936356,1
2026-09-20T11:23:05.798828+00:00,43907,1338514,3936276,1
2026-09-20T11:23:05.815043+00:00,43908,1338539,3936765,1
2026-09-20T11:23:05.847030+00:00,43909,1338564,3936818,1
2026-09-20T11:23:05.879030+00:00,43910,1338590,3936454,1
2026-09-20T11:23:05.895046+00:00,43911,1338615,3936525,1
2026-09-20T11:23:05.927012+00:00,43912,1338640,3936564,1
2026-09-20T11:23:05.944050+00:00,43913,1338665,3936597,1
2026-09-20T11:23:05.975007+00:00,43914,1338690,3936513,1
2026-09-20T11:23:05.991037+00:00,43915,1338716,3937087,1
2026-09-20T11:23:06.029207+00:00,43916,1338741,3937247,1
2026-09-20T11:23:06.055010+00:00,43917,1338766,3936753,1
2026-09-20T11:23:06.071048+00:00,43918,1338791,3936226,1
2026-09-20T11:23:06.103017+00:00,43919,1338816,3936312,1
2026-09-20T11:23:06.120037+00:00,43920,1338841,3936359,1
2026-09-20T11:23:06.151830+00:00,43921,1338867,3936429,1
2026-09-20T11:23:06.168053+00:00,43922,1338892,3936423,1
2026-09-20T11:23:06.200066+00:00,43923,1338917,3936537,1
2026-09-20T11:23:06.231026+00:00,43924,1338942,3936642,1
2026-09-20T11:23:06.247665+00:00,43925,1338967,3936678,1
2026-09-20T11:23:06.279259+00:00,43926,1338993,3937049,1
2026-09-20T11:23:06.296065+00:00,43927,1339018,3936780,1
2026-09-20T11:23:06.327016+00:00,43928,1339043,3936377,1
2026-09-20T11:23:06.343036+00:00,43929,1339068,3936665,1
2026-09-20T11:23:06.375012+00:00,43930,1339093,3936574,1
2026-09-20T11:23:06.407008+00:00,43931,1339119,3936766,1
2026-09-20T11:23:06.426218+00:00,43932,1339144,3936623,1
2026-09-20T11:23:06.456048+00:00,43933,1339169,3936577,1
2026-09-20T11:23:06.470999+00:00,43934,1339194,3936072,1
2026-09-20T11:23:06.503016+00:00,43935,1339219,3935877,1
2026-09-20T11:23:06.520092+00:00,43936,1339245,3936251,1
2026-09-20T11:23:06.552512+00:00,43937,1339270,3936344,1
2026-09-20T11:23:06.586795+00:00,43938,1339295,3936605,1
2026-09-20T11:23:06.598999+00:00,43939,1339320,3936539,1
2026-09-20T11:23:06.631010+00:00,43940,1339345,3937093,1
2026-09-20T11:23:06.647003+00:00,43941,1339370,3937481,1
2026-09-20T11:23:06.679032+00:00,43942,1339396,3937057,1
2026-09-20T11:23:06.695000+00:00,43943,1339421,3936517,1
2026-09-20T11:23:06.726999+00:00,43944,1339446,3936158,1
2026-09-20T11:23:06.759085+00:00,43945,1339471,3936459,1
2026-09-20T11:23:06.775036+00:00,43946,1339496,3936499,1
2026-09-20T11:23:06.808037+00:00,43947,1339522,3936828,1
2026-09-20T11:23:06.823909+00:00,43948,1339547,3936509,1
2026-09-20T11:23:06.854994+00:00,43949,1339572,3936493,1
2026-09-20T11:23:06.886991+00:00,43950,1339597,3936921,1
2026-09-20T11:23:06.903001+00:00,43951,1339622,3936690,1
2026-09-20T11:23:06.934856+00:00,43952,1339648,3936561,1
2026-09-20T11:23:06.951365+00:00,43953,1339673,3936459,1
2026-09-20T11:23:06.983245+00:00,43954,1339698,3936571,1
2026-09-20T11:23:07.001044+00:00,43955,1339723,3936711,1
2026-09-20T11:23:07.031260+00:00,43956,1339748,3936611,1
2026-09-20T11:23:07.063062+00:00,43957,1339774,3936984,1
2026-09-20T11:23:07.078989+00:00,43958,1339799,3937217,1
2026-09-20T11:23:07.111001+00:00,43959,1339824,3936924,1
2026-09-20T11:23:07.131555+00:00,43960,1339849,3936577,1
2026-09-20T11:23:07.158992+00:00,43961,1339874,3937152,1
2026-09-20T11:23:07.176431+00:00,43962,1339900,3937138,1
2026-09-20T11:23:07.207590+00:00,43963,1339925,3936661,1
2026-09-20T11:23:07.238991+00:00,43964,1339950,3936904,1
2026-09-20T11:23:07.254992+00:00,43965,1339975,3937141,1
2026-09-20T11:23:07.287100+00:00,43966,1340000,3936826,1
2026-09-20T11:23:07.303013+00:00,43967,1340025,3936822,1
2026-09-20T11:23:07.336797+00:00,43968,1340051,3936649,1
2026-09-20T11:23:07.351511+00:00,43969,1340076,3936557,1
2026-09-20T11:23:07.384197+00:00,43970,1340101,3936457,1
2026-09-20T11:23:07.417113+00:00,43971,1340126,3936485,1
2026-09-20T11:23:07.431029+00:00,43972,1340151,3936441,1
2026-09-20T11:23:07.463003+00:00,43973,1340177,3936407,1
2026-09-20T11:23:07.478999+00:00,43974,1340202,3936864,1
2026-09-20T11:23:07.510990+00:00,43975,1340227,3936718,1
2026-09-20T11:23:07.528016+00:00,43976,1340252,3936488,1
2026-09-20T11:23:07.558987+00:00,43977,1340277,3936605,1
2026-09-20T11:23:07.590653+00:00,43978,1340303,3936909,1
2026-09-20T11:23:07.606972+00:00,43979,1340328,3936963,1
2026-09-20T11:23:07.638973+00:00,43980,1340353,3936358,1
2026-09-20T11:23:07.654973+00:00,43981,1340378,3936354,1
2026-09-20T11:23:07.687736+00:00,43982,1340403,3936929,1
2026-09-20T11:23:07.702981+00:00,43983,1340429,3937095,1
2026-09-20T11:23:07.734997+00:00,43984,1340454,3936495,1
2026-09-20T11:23:07.767054+00:00,43985,1340479,3936342,1
2026-09-20T11:23:07.782924+00:00,43986,1340504,3936928,1
2026-09-20T11:23:07.814976+00:00,43987,1340529,3937013,1
2026-09-20T11:23:07.830977+00:00,43988,1340555,3936678,1
2026-09-20T11:23:07.865094+00:00,43989,1340580,3936099,1
2026-09-20T11:23:07.878988+00:00,43990,1340605,3936207,1
2026-09-20T11:23:07.910978+00:00,43991,1340630,3936399,1
2026-09-20T11:23:07.942965+00:00,43992,1340655,3936758,1
2026-09-20T11:23:07.960101+00:00,43993,1340680,3936427,1
2026-09-20T11:23:07.991096+00:00,43994,1340706,3936706,1
2026-09-20T11:23:08.008220+00:00,43995,1340731,3936726,1
2026-09-20T11:23:08.039104+00:00,43996,1340756,3936731,1
2026-09-20T11:23:08.071097+00:00,43997,1340781,3936971,1
2026-09-20T11:23:08.087097+00:00,43998,1340806,3937302,1
2026-09-20T11:23:08.119097+00:00,43999,1340832,3937112,1
2026-09-20T11:23:08.136100+00:00,44000,1340857,3936666,1
2026-09-20T11:23:08.167099+00:00,44001,1340882,3936712,1
2026-09-20T11:23:08.186378+00:00,44002,1340907,3936633,1
2026-09-20T11:23:08.215100+00:00,44003,1340932,3936517,1
2026-09-20T11:23:08.247099+00:00,44004,1340958,3936295,1
2026-09-20T11:23:08.264099+00:00,44005,1340983,3937155,1
2026-09-20T11:23:08.295099+00:00,44006,1341008,3937216,1
2026-09-20T11:23:08.302422+00:00,44007,1341033,3937300,1
2026-09-20T11:23:08.333668+00:00,44008,1341058,3937098,1
2026-09-20T11:23:08.355687+00:00,44009,1341084,3936822,1
2026-09-20T11:23:08.391956+00:00,44010,1341109,3936976,1
2026-09-20T11:23:08.423010+00:00,44011,1341134,3936923,1
2026-09-20T11:23:08.439443+00:00,44012,1341159,3936643,1
2026-09-20T11:23:08.471437+00:00,44013,1341184,3936571,1
2026-09-20T11:23:08.487437+00:00,44014,1341210,3936576,1
2026-09-20T11:23:08.518469+00:00,44015,1341235,3936523,1
2026-09-20T11:23:08.534667+00:00,44016,1341260,3936534,1
2026-09-20T11:23:08.567437+00:00,44017,1341285,3936658,1
2026-09-20T11:23:08.599454+00:00,44018,1341310,3936720,1
2026-09-20T11:23:08.615570+00:00,44019,1341336,3936394,1
2026-09-20T11:23:08.647569+00:00,44020,1341361,3936439,1
2026-09-20T11:23:08.663570+00:00,44021,1341386,3936663,1
2026-09-20T11:23:08.695572+00:00,44022,1341411,3936454,1
2026-09-20T11:23:08.711571+00:00,44023,1341436,3936271,1
2026-09-20T11:23:08.746624+00:00,44024,1341461,3936178,1
2026-09-20T11:23:08.775570+00:00,44025,1341487,3936438,1
2026-09-20T11:23:08.791596+00:00,44026,1341512,3936441,1
2026-09-20T11:23:08.823570+00:00,44027,1341537,3936650,1
2026-09-20T11:23:08.839570+00:00,44028,1341562,3937065,1
2026-09-20T11:23:08.877604+00:00,44029,1341587,3936163,1
2026-09-20T11:23:08.889596+00:00,44030,1341613,3936242,1
2026-09-20T11:23:08.919576+00:00,44031,1341638,3937055,1
2026-09-20T11:23:08.954573+00:00,44032,1341663,3936960,1
2026-09-20T11:23:08.967569+00:00,44033,1341688,3936809,1
2026-09-20T11:23:09.015572+00:00,44034,1341713,3936774,1
2026-09-20T11:23:09.017570+00:00,44035,1341739,3937042,1
2026-09-20T11:23:09.047652+00:00,44036,1341764,3937022,1
2026-09-20T11:23:09.064572+00:00,44037,1341789,3936599,1
2026-09-20T11:23:09.107581+00:00,44038,1341814,3936686,1
2026-09-20T11:23:09.133569+00:00,44039,1341839,3937000,1
2026-09-20T11:23:09.143760+00:00,44040,1341865,3937062,1
2026-09-20T11:23:09.177571+00:00,44041,1341890,3937236,1
2026-09-20T11:23:09.206983+00:00,44042,1341915,3936968,1
2026-09-20T11:23:09.223852+00:00,44043,1341940,3936764,1
2026-09-20T11:23:09.255854+00:00,44044,1341965,3936975,1
2026-09-20T11:23:09.272854+00:00,44045,1341991,3936898,1
2026-09-20T11:23:09.305852+00:00,44046,1342016,3936668,1
2026-09-20T11:23:09.319855+00:00,44047,1342041,3936764,1
2026-09-20T11:23:09.350894+00:00,44048,1342066,3936832,1
2026-09-20T11:23:09.367853+00:00,44049,1342091,3936896,1
2026-09-20T11:23:09.400851+00:00,44050,1342116,3936996,1
2026-09-20T11:23:09.430851+00:00,44051,1342142,3936623,1
2026-09-20T11:23:09.450850+00:00,44052,1342167,3936434,1
2026-09-20T11:23:09.480857+00:00,44053,1342192,3937186,1
2026-09-20T11:23:09.496871+00:00,44054,1342217,3937088,1
2026-09-20T11:23:09.528853+00:00,44055,1342242,3936504,1
2026-09-20T11:23:09.544864+00:00,44056,1342268,3936555,1
2026-09-20T11:23:09.578097+00:00,44057,1342293,3936868,1
2026-09-20T11:23:09.627852+00:00,44058,1342318,3937205,1
2026-09-20T11:23:09.629853+00:00,44059,1342343,3937096,1
2026-09-20T11:23:09.659003+00:00,44060,1342368,3937550,1
2026-09-20T11:23:09.671854+00:00,44061,1342394,3937535,1
2026-09-20T11:23:09.726654+00:00,44062,1342419,3937204,1
2026-09-20T11:23:09.756515+00:00,44063,1342444,3937046,1
2026-09-20T11:23:09.757588+00:00,44064,1342469,3936523,1
2026-09-20T11:23:09.779520+00:00,44065,1342494,3936666,1
2026-09-20T11:23:09.808504+00:00,44066,1342520,3936759,1
2026-09-20T11:23:09.825094+00:00,44067,1342545,3936777,1
2026-09-20T11:23:09.856734+00:00,44068,1342570,3936357,1
2026-09-20T11:23:09.872531+00:00,44069,1342595,3936672,1
2026-09-20T11:23:09.904507+00:00,44070,1342620,3937132,1
2026-09-20T11:23:09.937004+00:00,44071,1342645,3937096,1
2026-09-20T11:23:09.955503+00:00,44072,1342671,3936880,1
2026-09-20T11:23:09.984503+00:00,44073,1342696,3937002,1
2026-09-20T11:23:10.001508+00:00,44074,1342721,3937061,1
2026-09-20T11:23:10.036509+00:00,44075,1342746,3936914,1
2026-09-20T11:23:10.046924+00:00,44076,1342771,3936754,1
2026-09-20T11:23:10.078937+00:00,44077,1342797,3936982,1
2026-09-20T11:23:10.110920+00:00,44078,1342822,3937171,1
2026-09-20T11:23:10.126912+00:00,44079,1342847,3936940,1
2026-09-20T11:23:10.159504+00:00,44080,1342872,3936826,1
2026-09-20T11:23:10.174926+00:00,44081,1342897,3936982,1
2026-09-20T11:23:10.206640+00:00,44082,1342923,3937247,1
2026-09-20T11:23:10.222936+00:00,44083,1342948,3936982,1
2026-09-20T11:23:10.257750+00:00,44084,1342973,3936969,1
2026-09-20T11:23:10.286913+00:00,44085,1342998,3936710,1
2026-09-20T11:23:10.303502+00:00,44086,1343023,3936318,1
2026-09-20T11:23:10.337501+00:00,44087,1343049,3936896,1
