host_utc,seq,mcu_ms,raw,label
2026-09-20T11:12:48.591044+00:00,19536,723297,4015914,2
2026-09-20T11:12:48.606022+00:00,19537,723322,4013729,2
2026-09-20T11:12:48.637788+00:00,19538,723347,4025153,2
2026-09-20T11:12:48.654027+00:00,19539,723372,4052049,2
2026-09-20T11:12:48.684768+00:00,19540,723397,4091214,2
2026-09-20T11:12:48.716916+00:00,19541,723423,4105583,2
2026-09-20T11:12:48.732913+00:00,19542,723448,4079050,2
2026-09-20T11:12:48.765914+00:00,19543,723473,4044010,2
2026-09-20T11:12:48.780914+00:00,19544,723498,4004503,2
2026-09-20T11:12:48.812930+00:00,19545,723523,3973385,2
2026-09-20T11:12:48.828948+00:00,19546,723549,3953669,2
2026-09-20T11:12:48.862003+00:00,19547,723574,3940936,2
2026-09-20T11:12:48.892940+00:00,19548,723599,3943655,2
2026-09-20T11:12:48.908766+00:00,19549,723624,3954014,2
2026-09-20T11:12:48.940684+00:00,19550,723649,3961586,2
2026-09-20T11:12:48.956871+00:00,19551,723675,3976725,2
2026-09-20T11:12:48.989127+00:00,19552,723700,3990121,2
2026-09-20T11:12:49.005917+00:00,19553,723725,3985181,2
2026-09-20T11:12:49.037831+00:00,19554,723750,3976593,2
2026-09-20T11:12:49.069971+00:00,19555,723775,3977647,2
2026-09-20T11:12:49.084693+00:00,19556,723800,3976843,2
2026-09-20T11:12:49.117679+00:00,19557,723826,3969295,2
2026-09-20T11:12:49.132739+00:00,19558,723851,3961407,2
2026-09-20T11:12:49.165909+00:00,19559,723876,3955604,2
2026-09-20T11:12:49.180765+00:00,19560,723901,3944802,2
2026-09-20T11:12:49.212633+00:00,19561,723926,3926439,2
2026-09-20T11:12:49.244752+00:00,19562,723952,3912146,2
2026-09-20T11:12:49.260753+00:00,19563,723977,3908447,2
2026-09-20T11:12:49.292743+00:00,19564,724002,3910874,2
2026-09-20T11:12:49.308740+00:00,19565,724027,3909828,2
2026-09-20T11:12:49.341048+00:00,19566,724052,3907515,2
2026-09-20T11:12:49.357837+00:00,19567,724078,3895845,2
2026-09-20T11:12:49.389842+00:00,19568,724103,3868147,2
2026-09-20T11:12:49.421497+00:00,19569,724128,3830566,2
2026-09-20T11:12:49.436759+00:00,19570,724153,3783931,2
2026-09-20T11:12:49.468783+00:00,19571,724178,3723974,2
2026-09-20T11:12:49.484754+00:00,19572,724203,3629902,2
2026-09-20T11:12:49.516768+00:00,19573,724229,3475622,2
2026-09-20T11:12:49.533783+00:00,19574,724254,3287717,2
2026-09-20T11:12:49.564879+00:00,19575,724279,3155062,2
2026-09-20T11:12:49.599130+00:00,19576,724304,3071410,2
2026-09-20T11:12:49.612730+00:00,19577,724329,2998191,2
2026-09-20T11:12:49.645978+00:00,19578,724355,3120348,2
2026-09-20T11:12:49.661476+00:00,19579,724380,3346225,2
2026-09-20T11:12:49.693163+00:00,19580,724405,3528950,2
2026-09-20T11:12:49.709806+00:00,19581,724430,3660139,2
2026-09-20T11:12:49.741803+00:00,19582,724455,3751942,2
2026-09-20T11:12:49.773807+00:00,19583,724481,3815856,2
2026-09-20T11:12:49.789803+00:00,19584,724506,3858537,2
2026-09-20T11:12:49.821804+00:00,19585,724531,3886483,2
2026-09-20T11:12:49.837806+00:00,19586,724556,3904446,2
2026-09-20T11:12:49.870805+00:00,19587,724581,3916445,2
2026-09-20T11:12:49.901056+00:00,19588,724607,3924807,2
2026-09-20T11:12:49.916887+00:00,19589,724632,3929824,2
2026-09-20T11:12:49.948725+00:00,19590,724657,3933345,2
2026-09-20T11:12:49.964745+00:00,19591,724682,3935945,2
2026-09-20T11:12:49.997512+00:00,19592,724707,3937527,2
2026-09-20T11:12:50.013959+00:00,19593,724732,3938526,2
2026-09-20T11:12:50.044766+00:00,19594,724758,3939597,2
2026-09-20T11:12:50.076591+00:00,19595,724783,3940781,2
2026-09-20T11:12:50.140695+00:00,19596,724848,3942343,2
2026-09-20T11:12:50.143938+00:00,19597,724859,3942464,2
2026-09-20T11:12:50.173406+00:00,19598,724884,3942945,2
2026-09-20T11:12:50.190169+00:00,19599,724909,3943661,2
2026-09-20T11:12:50.221765+00:00,19600,724934,3945167,2
2026-09-20T11:12:50.252722+00:00,19601,724959,3946667,2
2026-09-20T11:12:50.269766+00:00,19602,724984,3947191,2
2026-09-20T11:12:50.301906+00:00,19603,725010,3946308,2
2026-09-20T11:12:50.316745+00:00,19604,725035,3945022,2
2026-09-20T11:12:50.349755+00:00,19605,725060,3943790,2
2026-09-20T11:12:50.365788+00:00,19606,725085,3943634,2
2026-09-20T11:12:50.396703+00:00,19607,725110,3944343,2
2026-09-20T11:12:50.428694+00:00,19608,725135,3945437,2
2026-09-20T11:12:50.445919+00:00,19609,725161,3947326,2
2026-09-20T11:12:50.476700+00:00,19610,725186,3947882,2
2026-09-20T11:12:50.492758+00:00,19611,725211,3947862,2
2026-09-20T11:12:50.525633+00:00,19612,725236,3946832,2
2026-09-20T11:12:50.541178+00:00,19613,725261,3945934,2
2026-09-20T11:12:50.573512+00:00,19614,725287,3945963,2
2026-09-20T11:12:50.605744+00:00,19615,725312,3946470,2
2026-09-20T11:12:50.621796+00:00,19616,725337,3946270,2
2026-09-20T11:12:50.652763+00:00,19617,725362,3946426,2
2026-09-20T11:12:50.668703+00:00,19618,725387,3946616,2
2026-09-20T11:12:50.701793+00:00,19619,725413,3946827,2
2026-09-20T11:12:50.717792+00:00,19620,725438,3946787,2
2026-09-20T11:12:50.749883+00:00,19621,725463,3947684,2
2026-09-20T11:12:50.780782+00:00,19622,725488,3948035,2
2026-09-20T11:12:50.796800+00:00,19623,725513,3947384,2
2026-09-20T11:12:50.828783+00:00,19624,725539,3947034,2
2026-09-20T11:12:50.844784+00:00,19625,725564,3946705,2
2026-09-20T11:12:50.876782+00:00,19626,725589,3946688,2
2026-09-20T11:12:50.892889+00:00,19627,725614,3946448,2
2026-09-20T11:12:50.924726+00:00,19628,725639,3947600,2
2026-09-20T11:12:50.957529+00:00,19629,725664,3947969,2
2026-09-20T11:12:50.973509+00:00,19630,725690,3947737,2
2026-09-20T11:12:51.014797+00:00,19631,725715,3947259,2
2026-09-20T11:12:51.022762+00:00,19632,725740,3947679,2
2026-09-20T11:12:51.052683+00:00,19633,725765,3947834,2
2026-09-20T11:12:51.068736+00:00,19634,725790,3947743,2
2026-09-20T11:12:51.101667+00:00,19635,725816,3947825,2
2026-09-20T11:12:51.133941+00:00,19636,725841,3947940,2
2026-09-20T11:12:51.149859+00:00,19637,725866,3948299,2
2026-09-20T11:12:51.180678+00:00,19638,725891,3948526,2
2026-09-20T11:12:51.197864+00:00,19639,725916,3948188,2
2026-09-20T11:12:51.229560+00:00,19640,725942,3947195,2
2026-09-20T11:12:51.261222+00:00,19641,725967,3946603,2
2026-09-20T11:12:51.277719+00:00,19642,725992,3946987,2
2026-09-20T11:12:51.308717+00:00,19643,726017,3947544,2
2026-09-20T11:12:51.324697+00:00,19644,726042,3947829,2
2026-09-20T11:12:51.356806+00:00,19645,726067,3946940,2
2026-09-20T11:12:51.373472+00:00,19646,726093,3945934,2
2026-09-20T11:12:51.405716+00:00,19647,726118,3946491,2
2026-09-20T11:12:51.436718+00:00,19648,726143,3946747,2
2026-09-20T11:12:51.453887+00:00,19649,726168,3946620,2
2026-09-20T11:12:51.484881+00:00,19650,726193,3946633,2
2026-09-20T11:12:51.500687+00:00,19651,726219,3946447,2
2026-09-20T11:12:51.534721+00:00,19652,726244,3947123,2
2026-09-20T11:12:51.548703+00:00,19653,726269,3948282,2
2026-09-20T11:12:51.580700+00:00,19654,726294,3948499,2
2026-09-20T11:12:51.612688+00:00,19655,726319,3948901,2
2026-09-20T11:12:51.629729+00:00,19656,726345,3949400,2
2026-09-20T11:12:51.661717+00:00,19657,726370,3949882,2
2026-09-20T11:12:51.676686+00:00,19658,726395,3950990,2
2026-09-20T11:12:51.709819+00:00,19659,726420,3950549,2
2026-09-20T11:12:51.726818+00:00,19660,726445,3949425,2
2026-09-20T11:12:51.757821+00:00,19661,726471,3947972,2
2026-09-20T11:12:51.788823+00:00,19662,726496,3946343,2
2026-09-20T11:12:51.805818+00:00,19663,726521,3945718,2
2026-09-20T11:12:51.836823+00:00,19664,726546,3945008,2
2026-09-20T11:12:51.853819+00:00,19665,726571,3944509,2
2026-09-20T11:12:51.885825+00:00,19666,726596,3944776,2
2026-09-20T11:12:51.901820+00:00,19667,726622,3945387,2
2026-09-20T11:12:51.932657+00:00,19668,726647,3945713,2
2026-09-20T11:12:51.964703+00:00,19669,726672,3946391,2
2026-09-20T11:12:51.981927+00:00,19670,726697,3949255,2
2026-09-20T11:12:52.013802+00:00,19671,726722,3950535,2
2026-09-20T11:12:52.028669+00:00,19672,726748,3950414,2
2026-09-20T11:12:52.061707+00:00,19673,726773,3949365,2
2026-09-20T11:12:52.076657+00:00,19674,726798,3948497,2
2026-09-20T11:12:52.108671+00:00,19675,726823,3950577,2
2026-09-20T11:12:52.141167+00:00,19676,726848,3951232,2
2026-09-20T11:12:52.157334+00:00,19677,726874,3949737,2
2026-09-20T11:12:52.189175+00:00,19678,726899,3950549,2
2026-09-20T11:12:52.205709+00:00,19679,726924,3953309,2
2026-09-20T11:12:52.237699+00:00,19680,726949,3954263,2
2026-09-20T11:12:52.253695+00:00,19681,726974,3954372,2
2026-09-20T11:12:52.285901+00:00,19682,727000,3956186,2
2026-09-20T11:12:52.316668+00:00,19683,727025,3958682,2
2026-09-20T11:12:52.333025+00:00,19684,727050,3961630,2
2026-09-20T11:12:52.366700+00:00,19685,727075,3967207,2
2026-09-20T11:12:52.380651+00:00,19686,727100,3977102,2
2026-09-20T11:12:52.412683+00:00,19687,727125,3987871,2
2026-09-20T11:12:52.428649+00:00,19688,727151,4003845,2
2026-09-20T11:12:52.460653+00:00,19689,727176,4035485,2
2026-09-20T11:12:52.492640+00:00,19690,727201,4105797,2
2026-09-20T11:12:52.508653+00:00,19691,727226,4280865,2
2026-09-20T11:12:52.540657+00:00,19692,727251,4532750,2
2026-09-20T11:12:52.558090+00:00,19693,727277,4695204,2
2026-09-20T11:12:52.591176+00:00,19694,727302,4754000,2
2026-09-20T11:12:52.620655+00:00,19695,727327,4772651,2
2026-09-20T11:12:52.636661+00:00,19696,727352,4769377,2
2026-09-20T11:12:52.668663+00:00,19697,727377,4735063,2
2026-09-20T11:12:52.684671+00:00,19698,727403,4668907,2
2026-09-20T11:12:52.716827+00:00,19699,727428,4543488,2
2026-09-20T11:12:52.732815+00:00,19700,727453,4371219,2
2026-09-20T11:12:52.764813+00:00,19701,727478,4215860,2
2026-09-20T11:12:52.796856+00:00,19702,727503,4097298,2
2026-09-20T11:12:52.812812+00:00,19703,727529,4036655,2
2026-09-20T11:12:52.844812+00:00,19704,727554,4018582,2
2026-09-20T11:12:52.860832+00:00,19705,727579,4022675,2
2026-09-20T11:12:52.892722+00:00,19706,727604,4048356,2
2026-09-20T11:12:52.908690+00:00,19707,727629,4066415,2
2026-09-20T11:12:52.940639+00:00,19708,727655,4074042,2
2026-09-20T11:12:52.972648+00:00,19709,727680,4093444,2
2026-09-20T11:12:52.988550+00:00,19710,727705,4104166,2
2026-09-20T11:12:53.020658+00:00,19711,727730,4087561,2
2026-09-20T11:12:53.036640+00:00,19712,727755,4051105,2
2026-09-20T11:12:53.068655+00:00,19713,727780,4026247,2
2026-09-20T11:12:53.084640+00:00,19714,727806,4020889,2
2026-09-20T11:12:53.116644+00:00,19715,727831,4020811,2
2026-09-20T11:12:53.148647+00:00,19716,727856,4018664,2
2026-09-20T11:12:53.164646+00:00,19717,727881,4005300,2
2026-09-20T11:12:53.196626+00:00,19718,727906,3993362,2
2026-09-20T11:12:53.213533+00:00,19719,727932,3989158,2
2026-09-20T11:12:53.244664+00:00,19720,727957,3984349,2
2026-09-20T11:12:53.261605+00:00,19721,727982,3971680,2
2026-09-20T11:12:53.292862+00:00,19722,728007,3973921,2
2026-09-20T11:12:53.324655+00:00,19723,728032,3995718,2
2026-09-20T11:12:53.340672+00:00,19724,728058,4013895,2
2026-09-20T11:12:53.373582+00:00,19725,728083,4019323,2
2026-09-20T11:12:53.389220+00:00,19726,728108,4004491,2
2026-09-20T11:12:53.421676+00:00,19727,728133,3987764,2
2026-09-20T11:12:53.436627+00:00,19728,728158,3978955,2
2026-09-20T11:12:53.468645+00:00,19729,728184,3981378,2
2026-09-20T11:12:53.500635+00:00,19730,728209,3988818,2
2026-09-20T11:12:53.516634+00:00,19731,728234,3994736,2
2026-09-20T11:12:53.548637+00:00,19732,728259,4001308,2
2026-09-20T11:12:53.566771+00:00,19733,728284,3993854,2
2026-09-20T11:12:53.596627+00:00,19734,728309,3968544,2
2026-09-20T11:12:53.612608+00:00,19735,728335,3950175,2
2026-09-20T11:12:53.644642+00:00,19736,728360,3950533,2
2026-09-20T11:12:53.676621+00:00,19737,728385,3952418,2
2026-09-20T11:12:53.692619+00:00,19738,728410,3952863,2
2026-09-20T11:12:53.725873+00:00,19739,728435,3961009,2
2026-09-20T11:12:53.741955+00:00,19740,728461,3974521,2
2026-09-20T11:12:53.774879+00:00,19741,728486,3980344,2
2026-09-20T11:12:53.804905+00:00,19742,728511,3971200,2
2026-09-20T11:12:53.820873+00:00,19743,728536,3953400,2
2026-09-20T11:12:53.852904+00:00,19744,728561,3942561,2
2026-09-20T11:12:53.868874+00:00,19745,728587,3944113,2
2026-09-20T11:12:53.901204+00:00,19746,728612,3944882,2
2026-09-20T11:12:53.916613+00:00,19747,728637,3935472,2
2026-09-20T11:12:53.948684+00:00,19748,728662,3911792,2
2026-09-20T11:12:53.980627+00:00,19749,728687,3887468,2
2026-09-20T11:12:53.996631+00:00,19750,728712,3867180,2
2026-09-20T11:12:54.028778+00:00,19751,728738,3840703,2
2026-09-20T11:12:54.044612+00:00,19752,728763,3808639,2
2026-09-20T11:12:54.076609+00:00,19753,728788,3778515,2
2026-09-20T11:12:54.093749+00:00,19754,728813,3751174,2
2026-09-20T11:12:54.124710+00:00,19755,728838,3733362,2
2026-09-20T11:12:54.156595+00:00,19756,728864,3716623,2
2026-09-20T11:12:54.174163+00:00,19757,728889,3671366,2
2026-09-20T11:12:54.206680+00:00,19758,728914,3567051,2
2026-09-20T11:12:54.221702+00:00,19759,728939,3380773,2
2026-09-20T11:12:54.252613+00:00,19760,728964,3120305,2
2026-09-20T11:12:54.269573+00:00,19761,728990,2894527,2
2026-09-20T11:12:54.300610+00:00,19762,729015,2817182,2
2026-09-20T11:12:54.332700+00:00,19763,729040,2770920,2
2026-09-20T11:12:54.348638+00:00,19764,729065,2837594,2
2026-09-20T11:12:54.380696+00:00,19765,729090,3092209,2
2026-09-20T11:12:54.396623+00:00,19766,729116,3332754,2
2026-09-20T11:12:54.428637+00:00,19767,729141,3513568,2
2026-09-20T11:12:54.444600+00:00,19768,729166,3645030,2
2026-09-20T11:12:54.476591+00:00,19769,729191,3738857,2
2026-09-20T11:12:54.508616+00:00,19770,729216,3803957,2
2026-09-20T11:12:54.526791+00:00,19771,729241,3848354,2
2026-09-20T11:12:54.557415+00:00,19772,729267,3878229,2
2026-09-20T11:12:54.574538+00:00,19773,729292,3897790,2
2026-09-20T11:12:54.605734+00:00,19774,729317,3910293,2
2026-09-20T11:12:54.621634+00:00,19775,729342,3918482,2
2026-09-20T11:12:54.652596+00:00,19776,729367,3924187,2
2026-09-20T11:12:54.684601+00:00,19777,729393,3927930,2
2026-09-20T11:12:54.701632+00:00,19778,729418,3931092,2
2026-09-20T11:12:54.732623+00:00,19779,729443,3933608,2
2026-09-20T11:12:54.748623+00:00,19780,729468,3934788,2
2026-09-20T11:12:54.780627+00:00,19781,729493,3936165,2
2026-09-20T11:12:54.796623+00:00,19782,729519,3937336,2
2026-09-20T11:12:54.828623+00:00,19783,729544,3937606,2
2026-09-20T11:12:54.892587+00:00,19784,729602,3938788,2
2026-09-20T11:12:54.908608+00:00,19785,729619,3939653,2
2026-09-20T11:12:54.924626+00:00,19786,729644,3940796,2
2026-09-20T11:12:54.957232+00:00,19787,729670,3941257,2
2026-09-20T11:12:54.973253+00:00,19788,729695,3942182,2
2026-09-20T11:12:55.004615+00:00,19789,729720,3943251,2
2026-09-20T11:12:55.036746+00:00,19790,729745,3943614,2
2026-09-20T11:12:55.053465+00:00,19791,729770,3943348,2
2026-09-20T11:12:55.084613+00:00,19792,729796,3942607,2
2026-09-20T11:12:55.100594+00:00,19793,729821,3941786,2
2026-09-20T11:12:55.132646+00:00,19794,729846,3941772,2
2026-09-20T11:12:55.164485+00:00,19795,729871,3942785,2
2026-09-20T11:12:55.180585+00:00,19796,729896,3943388,2
2026-09-20T11:12:55.212589+00:00,19797,729922,3943161,2
2026-09-20T11:12:55.228592+00:00,19798,729947,3942497,2
2026-09-20T11:12:55.261506+00:00,19799,729972,3941485,2
2026-09-20T11:12:55.277220+00:00,19800,729997,3940848,2
2026-09-20T11:12:55.309871+00:00,19801,730022,3940630,2
2026-09-20T11:12:55.340230+00:00,19802,730048,3941541,2
2026-09-20T11:12:55.356580+00:00,19803,730073,3942276,2
2026-09-20T11:12:55.390207+00:00,19804,730098,3943200,2
2026-09-20T11:12:55.405742+00:00,19805,730123,3943612,2
2026-09-20T11:12:55.436592+00:00,19806,730148,3943728,2
2026-09-20T11:12:55.453269+00:00,19807,730173,3943529,2
2026-09-20T11:12:55.485667+00:00,19808,730199,3942397,2
2026-09-20T11:12:55.516623+00:00,19809,730224,3941252,2
2026-09-20T11:12:55.534052+00:00,19810,730249,3940405,2
2026-09-20T11:12:55.565823+00:00,19811,730274,3940596,2
2026-09-20T11:12:55.577785+00:00,19812,730299,3940926,2
2026-09-20T11:12:55.609516+00:00,19813,730325,3941556,2
2026-09-20T11:12:55.625056+00:00,19814,730350,3942692,2
2026-09-20T11:12:55.655976+00:00,19815,730375,3943468,2
2026-09-20T11:12:55.692633+00:00,19816,730400,3945414,2
2026-09-20T11:12:55.709004+00:00,19817,730425,3947123,2
2026-09-20T11:12:55.742006+00:00,19818,730451,3947952,2
2026-09-20T11:12:55.757005+00:00,19819,730476,3947581,2
2026-09-20T11:12:55.790005+00:00,19820,730501,3947326,2
2026-09-20T11:12:55.806054+00:00,19821,730526,3946278,2
2026-09-20T11:12:55.837004+00:00,19822,730551,3945380,2
2026-09-20T11:12:55.869003+00:00,19823,730577,3942980,2
2026-09-20T11:12:55.884579+00:00,19824,730602,3941605,2
2026-09-20T11:12:55.916592+00:00,19825,730627,3940973,2
2026-09-20T11:12:55.932609+00:00,19826,730652,3940549,2
2026-09-20T11:12:55.964590+00:00,19827,730677,3940276,2
2026-09-20T11:12:55.980583+00:00,19828,730702,3940018,2
2026-09-20T11:12:56.012597+00:00,19829,730728,3939579,2
2026-09-20T11:12:56.044582+00:00,19830,730753,3940789,2
2026-09-20T11:12:56.060583+00:00,19831,730778,3942414,2
2026-09-20T11:12:56.093861+00:00,19832,730803,3943219,2
2026-09-20T11:12:56.108613+00:00,19833,730828,3943328,2
2026-09-20T11:12:56.140574+00:00,19834,730854,3943885,2
2026-09-20T11:12:56.157282+00:00,19835,730879,3945502,2
2026-09-20T11:12:56.188667+00:00,19836,730904,3947001,2
2026-09-20T11:12:56.220558+00:00,19837,730929,3948497,2
2026-09-20T11:12:56.236555+00:00,19838,730954,3948752,2
2026-09-20T11:12:56.268561+00:00,19839,730980,3949206,2
2026-09-20T11:12:56.284557+00:00,19840,731005,3949616,2
2026-09-20T11:12:56.316595+00:00,19841,731030,3948337,2
2026-09-20T11:12:56.332557+00:00,19842,731055,3946963,2
2026-09-20T11:12:56.364549+00:00,19843,731080,3946453,2
2026-09-20T11:12:56.396550+00:00,19844,731106,3946884,2
2026-09-20T11:12:56.412541+00:00,19845,731131,3946933,2
2026-09-20T11:12:56.445089+00:00,19846,731156,3947892,2
2026-09-20T11:12:56.460555+00:00,19847,731181,3949008,2
2026-09-20T11:12:56.492541+00:00,19848,731206,3949432,2
2026-09-20T11:12:56.524492+00:00,19849,731231,3950886,2
2026-09-20T11:12:56.540556+00:00,19850,731257,3953550,2
2026-09-20T11:12:56.572750+00:00,19851,731282,3957234,2
2026-09-20T11:12:56.589570+00:00,19852,731307,3958536,2
2026-09-20T11:12:56.623745+00:00,19853,731332,3960107,2
2026-09-20T11:12:56.637602+00:00,19854,731357,3965011,2
2026-09-20T11:12:56.668496+00:00,19855,731383,3970320,2
2026-09-20T11:12:56.700556+00:00,19856,731408,3975272,2
2026-09-20T11:12:56.716825+00:00,19857,731433,3984463,2
2026-09-20T11:12:56.750941+00:00,19858,731458,3996893,2
2026-09-20T11:12:56.765829+00:00,19859,731483,4010547,2
2026-09-20T11:12:56.796886+00:00,19860,731509,4024755,2
2026-09-20T11:12:56.812852+00:00,19861,731534,4042705,2
2026-09-20T11:12:56.844826+00:00,19862,731559,4066747,2
2026-09-20T11:12:56.876855+00:00,19863,731584,4101592,2
2026-09-20T11:12:56.892825+00:00,19864,731609,4157901,2
2026-09-20T11:12:56.924544+00:00,19865,731634,4247862,2
2026-09-20T11:12:56.941615+00:00,19866,731660,4361685,2
2026-09-20T11:12:56.973165+00:00,19867,731685,4463544,2
2026-09-20T11:12:56.988766+00:00,19868,731710,4515614,2
2026-09-20T11:12:57.021776+00:00,19869,731735,4522994,2
2026-09-20T11:12:57.052560+00:00,19870,731760,4557542,2
2026-09-20T11:12:57.069602+00:00,19871,731786,4624535,2
2026-09-20T11:12:57.100562+00:00,19872,731811,4662609,2
2026-09-20T11:12:57.116544+00:00,19873,731836,4645688,2
2026-09-20T11:12:57.148532+00:00,19874,731861,4587570,2
2026-09-20T11:12:57.164537+00:00,19875,731886,4534119,2
2026-09-20T11:12:57.197583+00:00,19876,731912,4500839,2
2026-09-20T11:12:57.228387+00:00,19877,731937,4478021,2
2026-09-20T11:12:57.244531+00:00,19878,731962,4467752,2
2026-09-20T11:12:57.276523+00:00,19879,731987,4450224,2
2026-09-20T11:12:57.292551+00:00,19880,732012,4419689,2
2026-09-20T11:12:57.324542+00:00,19881,732038,4373675,2
2026-09-20T11:12:57.341182+00:00,19882,732063,4336355,2
2026-09-20T11:12:57.373501+00:00,19883,732088,4326641,2
2026-09-20T11:12:57.405951+00:00,19884,732113,4312551,2
2026-09-20T11:12:57.421575+00:00,19885,732138,4242962,2
2026-09-20T11:12:57.453802+00:00,19886,732164,4171068,2
2026-09-20T11:12:57.468590+00:00,19887,732189,4129614,2
2026-09-20T11:12:57.500530+00:00,19888,732214,4059282,2
2026-09-20T11:12:57.516538+00:00,19889,732239,3985128,2
2026-09-20T11:12:57.548523+00:00,19890,732264,3959656,2
2026-09-20T11:12:57.581700+00:00,19891,732289,3968585,2
2026-09-20T11:12:57.596525+00:00,19892,732315,3992040,2
2026-09-20T11:12:57.628531+00:00,19893,732340,3998846,2
2026-09-20T11:12:57.644531+00:00,19894,732365,3964323,2
2026-09-20T11:12:57.676545+00:00,19895,732390,3945518,2
2026-09-20T11:12:57.692549+00:00,19896,732415,3958493,2
2026-09-20T11:12:57.726245+00:00,19897,732441,3956313,2
2026-09-20T11:12:57.757243+00:00,19898,732466,3939320,2
2026-09-20T11:12:57.773244+00:00,19899,732491,3933080,2
2026-09-20T11:12:57.805353+00:00,19900,732516,3923245,2
2026-09-20T11:12:57.821244+00:00,19901,732541,3914252,2
2026-09-20T11:12:57.853241+00:00,19902,732567,3914718,2
2026-09-20T11:12:57.884513+00:00,19903,732592,3923326,2
2026-09-20T11:12:57.901746+00:00,19904,732617,3925883,2
2026-09-20T11:12:57.932525+00:00,19905,732642,3920860,2
2026-09-20T11:12:57.948515+00:00,19906,732667,3921319,2
2026-09-20T11:12:57.980509+00:00,19907,732693,3922900,2
2026-09-20T11:12:57.996507+00:00,19908,732718,3919079,2
2026-09-20T11:12:58.029035+00:00,19909,732743,3915315,2
2026-09-20T11:12:58.060524+00:00,19910,732768,3913937,2
2026-09-20T11:12:58.076612+00:00,19911,732793,3918606,2
2026-09-20T11:12:58.108545+00:00,19912,732818,3927208,2
2026-09-20T11:12:58.124646+00:00,19913,732844,3935084,2
2026-09-20T11:12:58.157312+00:00,19914,732869,3934860,2
2026-09-20T11:12:58.173473+00:00,19915,732894,3923859,2
2026-09-20T11:12:58.206558+00:00,19916,732919,3914286,2
2026-09-20T11:12:58.236513+00:00,19917,732944,3909286,2
2026-09-20T11:12:58.252514+00:00,19918,732970,3915076,2
2026-09-20T11:12:58.285539+00:00,19919,732995,3922180,2
2026-09-20T11:12:58.300506+00:00,19920,733020,3915612,2
2026-09-20T11:12:58.332507+00:00,19921,733045,3912095,2
2026-09-20T11:12:58.348372+00:00,19922,733070,3909582,2
2026-09-20T11:12:58.381885+00:00,19923,733096,3888362,2
2026-09-20T11:12:58.413155+00:00,19924,733121,3863898,2
2026-09-20T11:12:58.429471+00:00,19925,733146,3848228,2
2026-09-20T11:12:58.461433+00:00,19926,733171,3829389,2
2026-09-20T11:12:58.476526+00:00,19927,733196,3794825,2
2026-09-20T11:12:58.508503+00:00,19928,733222,3735121,2
2026-09-20T11:12:58.527167+00:00,19929,733247,3634203,2
2026-09-20T11:12:58.556845+00:00,19930,733272,3466698,2
2026-09-20T11:12:58.589163+00:00,19931,733297,3246515,2
2026-09-20T11:12:58.605543+00:00,19932,733322,3014186,2
2026-09-20T11:12:58.638471+00:00,19933,733347,2758219,2
2026-09-20T11:12:58.652512+00:00,19934,733373,2460533,2
2026-09-20T11:12:58.685791+00:00,19935,733398,2396029,2
2026-09-20T11:12:58.701630+00:00,19936,733423,2673963,2
2026-09-20T11:12:58.732605+00:00,19937,733448,2995344,2
2026-09-20T11:12:58.764610+00:00,19938,733473,3254325,2
2026-09-20T11:12:58.780603+00:00,19939,733499,3452143,2
2026-09-20T11:12:58.812628+00:00,19940,733524,3598444,2
2026-09-20T11:12:58.828605+00:00,19941,733549,3704867,2
2026-09-20T11:12:58.860605+00:00,19942,733574,3780139,2
2026-09-20T11:12:58.876485+00:00,19943,733599,3832256,2
2026-09-20T11:12:58.908488+00:00,19944,733625,3867694,2
2026-09-20T11:12:58.941170+00:00,19945,733650,3891645,2
2026-09-20T11:12:58.956873+00:00,19946,733675,3907172,2
2026-09-20T11:12:58.988507+00:00,19947,733700,3917989,2
2026-09-20T11:12:59.004513+00:00,19948,733725,3924887,2
2026-09-20T11:12:59.036607+00:00,19949,733750,3929541,2
2026-09-20T11:12:59.068505+00:00,19950,733776,3932912,2
2026-09-20T11:12:59.084636+00:00,19951,733801,3935618,2
2026-09-20T11:12:59.116496+00:00,19952,733826,3937814,2
2026-09-20T11:12:59.132506+00:00,19953,733851,3939398,2
2026-09-20T11:12:59.164491+00:00,19954,733876,3940605,2
2026-09-20T11:12:59.180496+00:00,19955,733902,3941973,2
2026-09-20T11:12:59.258451+00:00,19956,733961,3943772,2
2026-09-20T11:12:59.261448+00:00,19957,733977,3944105,2
2026-09-20T11:12:59.292478+00:00,19958,734002,3943792,2
2026-09-20T11:12:59.308542+00:00,19959,734028,3944175,2
2026-09-20T11:12:59.340510+00:00,19960,734053,3944565,2
2026-09-20T11:12:59.358843+00:00,19961,734078,3944927,2
2026-09-20T11:12:59.388222+00:00,19962,734103,3945247,2
2026-09-20T11:12:59.420702+00:00,19963,734128,3945715,2
2026-09-20T11:12:59.437704+00:00,19964,734154,3946028,2
2026-09-20T11:12:59.468698+00:00,19965,734179,3946875,2
2026-09-20T11:12:59.484943+00:00,19966,734204,3946612,2
2026-09-20T11:12:59.516944+00:00,19967,734229,3946519,2
2026-09-20T11:12:59.532942+00:00,19968,734254,3946615,2
2026-09-20T11:12:59.564942+00:00,19969,734279,3947067,2
2026-09-20T11:12:59.596943+00:00,19970,734305,3947418,2
2026-09-20T11:12:59.612944+00:00,19971,734330,3947160,2
2026-09-20T11:12:59.644944+00:00,19972,734355,3947208,2
2026-09-20T11:12:59.660942+00:00,19973,734380,3947019,2
2026-09-20T11:12:59.692943+00:00,19974,734405,3947210,2
2026-09-20T11:12:59.708945+00:00,19975,734431,3947205,2
2026-09-20T11:12:59.740944+00:00,19976,734456,3947647,2
2026-09-20T11:12:59.772944+00:00,19977,734481,3947780,2
2026-09-20T11:12:59.790943+00:00,19978,734506,3947803,2
2026-09-20T11:12:59.820994+00:00,19979,734531,3947895,2
2026-09-20T11:12:59.837056+00:00,19980,734557,3948051,2
2026-09-20T11:12:59.868943+00:00,19981,734582,3947905,2
2026-09-20T11:12:59.885188+00:00,19982,734607,3947849,2
2026-09-20T11:12:59.916944+00:00,19983,734632,3948664,2
2026-09-20T11:12:59.948943+00:00,19984,734657,3949024,2
2026-09-20T11:12:59.966346+00:00,19985,734683,3949015,2
2026-09-20T11:12:59.996964+00:00,19986,734708,3948658,2
2026-09-20T11:13:00.013946+00:00,19987,734733,3948284,2
2026-09-20T11:13:00.044945+00:00,19988,734758,3947879,2
2026-09-20T11:13:00.060948+00:00,19989,734783,3948422,2
2026-09-20T11:13:00.092944+00:00,19990,734808,3948974,2
2026-09-20T11:13:00.124947+00:00,19991,734834,3948607,2
2026-09-20T11:13:00.141982+00:00,19992,734859,3948286,2
2026-09-20T11:13:00.174950+00:00,19993,734884,3948747,2
2026-09-20T11:13:00.189943+00:00,19994,734909,3949175,2
2026-09-20T11:13:00.221944+00:00,19995,734934,3949127,2
2026-09-20T11:13:00.236944+00:00,19996,734960,3948995,2
2026-09-20T11:13:00.268952+00:00,19997,734985,3949111,2
2026-09-20T11:13:00.300950+00:00,19998,735010,3949326,2
2026-09-20T11:13:00.316945+00:00,19999,735035,3949623,2
2026-09-20T11:13:00.349003+00:00,20000,735060,3949415,2
2026-09-20T11:13:00.364161+00:00,20001,735086,3948771,2
2026-09-20T11:13:00.396943+00:00,20002,735111,3949119,2
2026-09-20T11:13:00.428950+00:00,20003,735136,3948598,2
2026-09-20T11:13:00.444947+00:00,20004,735161,3948001,2
2026-09-20T11:13:00.476943+00:00,20005,735186,3948700,2
2026-09-20T11:13:00.492951+00:00,20006,735212,3948867,2
2026-09-20T11:13:00.525943+00:00,20007,735237,3948400,2
2026-09-20T11:13:00.541961+00:00,20008,735262,3947575,2
2026-09-20T11:13:00.572943+00:00,20009,735287,3949312,2
2026-09-20T11:13:00.604942+00:00,20010,735312,3950304,2
2026-09-20T11:13:00.621024+00:00,20011,735337,3949326,2
2026-09-20T11:13:00.652943+00:00,20012,735363,3947874,2
2026-09-20T11:13:00.668943+00:00,20013,735388,3947099,2
2026-09-20T11:13:00.700943+00:00,20014,735413,3947295,2
2026-09-20T11:13:00.716945+00:00,20015,735438,3946769,2
2026-09-20T11:13:00.748943+00:00,20016,735463,3945788,2
2026-09-20T11:13:00.780945+00:00,20017,735489,3946187,2
2026-09-20T11:13:00.796944+00:00,20018,735514,3946558,2
2026-09-20T11:13:00.829948+00:00,20019,735539,3947036,2
2026-09-20T11:13:00.845943+00:00,20020,735564,3947494,2
2026-09-20T11:13:00.876967+00:00,20021,735589,3948359,2
2026-09-20T11:13:00.892947+00:00,20022,735615,3948843,2
2026-09-20T11:13:00.924942+00:00,20023,735640,3949148,2
2026-09-20T11:13:00.956942+00:00,20024,735665,3948934,2
2026-09-20T11:13:00.973946+00:00,20025,735690,3949102,2
2026-09-20T11:13:01.007942+00:00,20026,735715,3949112,2
2026-09-20T11:13:01.020981+00:00,20027,735740,3949018,2
2026-09-20T11:13:01.053021+00:00,20028,735766,3951733,2
2026-09-20T11:13:01.068943+00:00,20029,735791,3955599,2
2026-09-20T11:13:01.100954+00:00,20030,735816,3957247,2
2026-09-20T11:13:01.132950+00:00,20031,735841,3957744,2
2026-09-20T11:13:01.149015+00:00,20032,735866,3959480,2
2026-09-20T11:13:01.181024+00:00,20033,735892,3963615,2
2026-09-20T11:13:01.197010+00:00,20034,735917,3967819,2
2026-09-20T11:13:01.229027+00:00,20035,735942,3972982,2
2026-09-20T11:13:01.244945+00:00,20036,735967,3980890,2
2026-09-20T11:13:01.276942+00:00,20037,735992,3991467,2
2026-09-20T11:13:01.308427+00:00,20038,736018,4000593,2
2026-09-20T11:13:01.324420+00:00,20039,736043,4006820,2
2026-09-20T11:13:01.356421+00:00,20040,736068,4021248,2
2026-09-20T11:13:01.372711+00:00,20041,736093,4056607,2
2026-09-20T11:13:01.404450+00:00,20042,736118,4115551,2
2026-09-20T11:13:01.420428+00:00,20043,736144,4219124,2
2026-09-20T11:13:01.452458+00:00,20044,736169,4411930,2
2026-09-20T11:13:01.484437+00:00,20045,736194,4679765,2
2026-09-20T11:13:01.500836+00:00,20046,736219,4963930,2
2026-09-20T11:13:01.532430+00:00,20047,736244,5251804,2
2026-09-20T11:13:01.548418+00:00,20048,736269,5594208,2
2026-09-20T11:13:01.580452+00:00,20049,736295,5924491,2
2026-09-20T11:13:01.597184+00:00,20050,736320,6014678,2
2026-09-20T11:13:01.629067+00:00,20051,736345,5757427,2
2026-09-20T11:13:01.660332+00:00,20052,736370,5302099,2
2026-09-20T11:13:01.676420+00:00,20053,736395,4877113,2
2026-09-20T11:13:01.708871+00:00,20054,736421,4570202,2
2026-09-20T11:13:01.724877+00:00,20055,736446,4338899,2
2026-09-20T11:13:01.756872+00:00,20056,736471,4174412,2
2026-09-20T11:13:01.789872+00:00,20057,736496,4080587,2
2026-09-20T11:13:01.805875+00:00,20058,736521,4004590,2
2026-09-20T11:13:01.836886+00:00,20059,736547,3947155,2
2026-09-20T11:13:01.852871+00:00,20060,736572,3927507,2
2026-09-20T11:13:01.884412+00:00,20061,736597,3908125,2
2026-09-20T11:13:01.900426+00:00,20062,736622,3884142,2
2026-09-20T11:13:01.932416+00:00,20063,736647,3884027,2
2026-09-20T11:13:01.964413+00:00,20064,736673,3888214,2
2026-09-20T11:13:01.980381+00:00,20065,736698,3882330,2
2026-09-20T11:13:02.012407+00:00,20066,736723,3884876,2
2026-09-20T11:13:02.028413+00:00,20067,736748,3896977,2
2026-09-20T11:13:02.060417+00:00,20068,736773,3903289,2
2026-09-20T11:13:02.076414+00:00,20069,736798,3897415,2
2026-09-20T11:13:02.108405+00:00,20070,736824,3892302,2
2026-09-20T11:13:02.140355+00:00,20071,736849,3890983,2
2026-09-20T11:13:02.157414+00:00,20072,736874,3889609,2
2026-09-20T11:13:02.189297+00:00,20073,736899,3891906,2
2026-09-20T11:13:02.204480+00:00,20074,736924,3898097,2
2026-09-20T11:13:02.237456+00:00,20075,736950,3905781,2
2026-09-20T11:13:02.253657+00:00,20076,736975,3908000,2
2026-09-20T11:13:02.284478+00:00,20077,737000,3906021,2
2026-09-20T11:13:02.316422+00:00,20078,737025,3913482,2
2026-09-20T11:13:02.332420+00:00,20079,737050,3930720,2
2026-09-20T11:13:02.365370+00:00,20080,737076,3934615,2
2026-09-20T11:13:02.381948+00:00,20081,737101,3930702,2
2026-09-20T11:13:02.412416+00:00,20082,737126,3930620,2
2026-09-20T11:13:02.428254+00:00,20083,737151,3929536,2
2026-09-20T11:13:02.460395+00:00,20084,737176,3929033,2
2026-09-20T11:13:02.492768+00:00,20085,737202,3928029,2
2026-09-20T11:13:02.508320+00:00,20086,737227,3927103,2
2026-09-20T11:13:02.541517+00:00,20087,737252,3925094,2
2026-09-20T11:13:02.557482+00:00,20088,737277,3926618,2
2026-09-20T11:13:02.592849+00:00,20089,737302,3931154,2
2026-09-20T11:13:02.606193+00:00,20090,737327,3928584,2
2026-09-20T11:13:02.637485+00:00,20091,737353,3924604,2
2026-09-20T11:13:02.668404+00:00,20092,737378,3926109,2
2026-09-20T11:13:02.684382+00:00,20093,737403,3927628,2
2026-09-20T11:13:02.718423+00:00,20094,737428,3922733,2
2026-09-20T11:13:02.732423+00:00,20095,737453,3917394,2
2026-09-20T11:13:02.764449+00:00,20096,737479,3917814,2
2026-09-20T11:13:02.780421+00:00,20097,737504,3916676,2
2026-09-20T11:13:02.813426+00:00,20098,737529,3909810,2
2026-09-20T11:13:02.844428+00:00,20099,737554,3907207,2
2026-09-20T11:13:02.861441+00:00,20100,737579,3902874,2
2026-09-20T11:13:02.892381+00:00,20101,737605,3892955,2
2026-09-20T11:13:02.909450+00:00,20102,737630,3889670,2
2026-09-20T11:13:02.941312+00:00,20103,737655,3885560,2
2026-09-20T11:13:02.972350+00:00,20104,737680,3875489,2
2026-09-20T11:13:02.989200+00:00,20105,737705,3868770,2
2026-09-20T11:13:03.020408+00:00,20106,737731,3865188,2
2026-09-20T11:13:03.036399+00:00,20107,737756,3854120,2
2026-09-20T11:13:03.069144+00:00,20108,737781,3838554,2
2026-09-20T11:13:03.084389+00:00,20109,737806,3824251,2
2026-09-20T11:13:03.116385+00:00,20110,737831,3804191,2
2026-09-20T11:13:03.148386+00:00,20111,737857,3776443,2
2026-09-20T11:13:03.164386+00:00,20112,737882,3746498,2
2026-09-20T11:13:03.196380+00:00,20113,737907,3701814,2
2026-09-20T11:13:03.212382+00:00,20114,737932,3632943,2
2026-09-20T11:13:03.244386+00:00,20115,737957,3544432,2
2026-09-20T11:13:03.260397+00:00,20116,737982,3444869,2
2026-09-20T11:13:03.292398+00:00,20117,738008,3340666,2
2026-09-20T11:13:03.326537+00:00,20118,738033,3219425,2
2026-09-20T11:13:03.341486+00:00,20119,738058,3008862,2
2026-09-20T11:13:03.372595+00:00,20120,738083,2610326,2
2026-09-20T11:13:03.389560+00:00,20121,738108,2409161,2
2026-09-20T11:13:03.422443+00:00,20122,738134,2682266,2
2026-09-20T11:13:03.449693+00:00,20123,738159,3021610,2
2026-09-20T11:13:03.468390+00:00,20124,738184,3284832,2
2026-09-20T11:13:03.500375+00:00,20125,738209,3481495,2
2026-09-20T11:13:03.516865+00:00,20126,738234,3624344,2
2026-09-20T11:13:03.548392+00:00,20127,738260,3725963,2
2026-09-20T11:13:03.564383+00:00,20128,738285,3796725,2
2026-09-20T11:13:03.597468+00:00,20129,738310,3844534,2
2026-09-20T11:13:03.612357+00:00,20130,738335,3876456,2
2026-09-20T11:13:03.645294+00:00,20131,738360,3897550,2
2026-09-20T11:13:03.676369+00:00,20132,738386,3911355,2
2026-09-20T11:13:03.692411+00:00,20133,738411,3920445,2
2026-09-20T11:13:03.724848+00:00,20134,738436,3926363,2
2026-09-20T11:13:03.740915+00:00,20135,738461,3930415,2
2026-09-20T11:13:03.772848+00:00,20136,738486,3933064,2
2026-09-20T11:13:03.788847+00:00,20137,738512,3935334,2
2026-09-20T11:13:03.820848+00:00,20138,738537,3936815,2
2026-09-20T11:13:03.852848+00:00,20139,738562,3937559,2
2026-09-20T11:13:03.868373+00:00,20140,738587,3938816,2
2026-09-20T11:13:03.900376+00:00,20141,738612,3939560,2
2026-09-20T11:13:03.917400+00:00,20142,738637,3940609,2
2026-09-20T11:13:03.948360+00:00,20143,738663,3941092,2
2026-09-20T11:13:03.964372+00:00,20144,738688,3941828,2
2026-09-20T11:13:03.996372+00:00,20145,738713,3941985,2
2026-09-20T11:13:04.028360+00:00,20146,738738,3942284,2
2026-09-20T11:13:04.044356+00:00,20147,738763,3942878,2
2026-09-20T11:13:04.076357+00:00,20148,738789,3942486,2
2026-09-20T11:13:04.093643+00:00,20149,738814,3943002,2
2026-09-20T11:13:04.124517+00:00,20150,738839,3943541,2
2026-09-20T11:13:04.141259+00:00,20151,738864,3943821,2
2026-09-20T11:13:04.173504+00:00,20152,738889,3943656,2
2026-09-20T11:13:04.204371+00:00,20153,738915,3943874,2
2026-09-20T11:13:04.221412+00:00,20154,738940,3943763,2
2026-09-20T11:13:04.252365+00:00,20155,738965,3943920,2
2026-09-20T11:13:04.270395+00:00,20156,738990,3944783,2
2026-09-20T11:13:04.301411+00:00,20157,739015,3945183,2
2026-09-20T11:13:04.332366+00:00,20158,739041,3944446,2
2026-09-20T11:13:04.349401+00:00,20159,739066,3944482,2
2026-09-20T11:13:04.380348+00:00,20160,739091,3944928,2
2026-09-20T11:13:04.396353+00:00,20161,739116,3945313,2
2026-09-20T11:13:04.428217+00:00,20162,739141,3944769,2
2026-09-20T11:13:04.444440+00:00,20163,739166,3944485,2
2026-09-20T11:13:04.476415+00:00,20164,739192,3944833,2
2026-09-20T11:13:04.508549+00:00,20165,739217,3945216,2
2026-09-20T11:13:04.525010+00:00,20166,739242,3944814,2
2026-09-20T11:13:04.557596+00:00,20167,739267,3944550,2
2026-09-20T11:13:04.572505+00:00,20168,739292,3943757,2
2026-09-20T11:13:04.607381+00:00,20169,739318,3942133,2
2026-09-20T11:13:04.620348+00:00,20170,739343,3942343,2
2026-09-20T11:13:04.652342+00:00,20171,739368,3942867,2
2026-09-20T11:13:04.684361+00:00,20172,739393,3942547,2
2026-09-20T11:13:04.701389+00:00,20173,739418,3943061,2
2026-09-20T11:13:04.732906+00:00,20174,739444,3944268,2
2026-09-20T11:13:04.748847+00:00,20175,739469,3944191,2
2026-09-20T11:13:04.780846+00:00,20176,739494,3944609,2
2026-09-20T11:13:04.796846+00:00,20177,739519,3945601,2
2026-09-20T11:13:04.828848+00:00,20178,739544,3946300,2
2026-09-20T11:13:04.860847+00:00,20179,739570,3946973,2
2026-09-20T11:13:04.876349+00:00,20180,739595,3947149,2
2026-09-20T11:13:04.908375+00:00,20181,739620,3947758,2
2026-09-20T11:13:04.924394+00:00,20182,739645,3947980,2
2026-09-20T11:13:04.956876+00:00,20183,739670,3947606,2
2026-09-20T11:13:04.973546+00:00,20184,739695,3948216,2
2026-09-20T11:13:05.005409+00:00,20185,739721,3949154,2
2026-09-20T11:13:05.036357+00:00,20186,739746,3949491,2
2026-09-20T11:13:05.052374+00:00,20187,739771,3948637,2
2026-09-20T11:13:05.084374+00:00,20188,739796,3948159,2
2026-09-20T11:13:05.101394+00:00,20189,739821,3948297,2
2026-09-20T11:13:05.132231+00:00,20190,739847,3948379,2
2026-09-20T11:13:05.148285+00:00,20191,739872,3948366,2
2026-09-20T11:13:05.180520+00:00,20192,739897,3948708,2
2026-09-20T11:13:05.212407+00:00,20193,739922,3949925,2
2026-09-20T11:13:05.229376+00:00,20194,739947,3950665,2
2026-09-20T11:13:05.260340+00:00,20195,739973,3951434,2
2026-09-20T11:13:05.276338+00:00,20196,739998,3953391,2
2026-09-20T11:13:05.308373+00:00,20197,740023,3954754,2
2026-09-20T11:13:05.324326+00:00,20198,740048,3954105,2
2026-09-20T11:13:05.356966+00:00,20199,740073,3952304,2
2026-09-20T11:13:05.388161+00:00,20200,740099,3951866,2
2026-09-20T11:13:05.405369+00:00,20201,740124,3953058,2
2026-09-20T11:13:05.436344+00:00,20202,740149,3953526,2
2026-09-20T11:13:05.454600+00:00,20203,740174,3951478,2
2026-09-20T11:13:05.485401+00:00,20204,740199,3949679,2
2026-09-20T11:13:05.516334+00:00,20205,740225,3949724,2
2026-09-20T11:13:05.532330+00:00,20206,740250,3951820,2
2026-09-20T11:13:05.564330+00:00,20207,740275,3952099,2
2026-09-20T11:13:05.580339+00:00,20208,740300,3950672,2
2026-09-20T11:13:05.614191+00:00,20209,740325,3950355,2
2026-09-20T11:13:05.629032+00:00,20210,740350,3950327,2
2026-09-20T11:13:05.660331+00:00,20211,740376,3948875,2
2026-09-20T11:13:05.692343+00:00,20212,740401,3948951,2
2026-09-20T11:13:05.710606+00:00,20213,740426,3949880,2
2026-09-20T11:13:05.740619+00:00,20214,740451,3949514,2
2026-09-20T11:13:05.756607+00:00,20215,740476,3949611,2
2026-09-20T11:13:05.790608+00:00,20216,740502,3950666,2
2026-09-20T11:13:05.805614+00:00,20217,740527,3951810,2
2026-09-20T11:13:05.836809+00:00,20218,740552,3952041,2
2026-09-20T11:13:05.867619+00:00,20219,740577,3954738,2
2026-09-20T11:13:05.885609+00:00,20220,740602,3960180,2
2026-09-20T11:13:05.916329+00:00,20221,740628,3965290,2
2026-09-20T11:13:05.934003+00:00,20222,740653,3970042,2
2026-09-20T11:13:05.965015+00:00,20223,740678,3979090,2
2026-09-20T11:13:05.982013+00:00,20224,740703,3993276,2
2026-09-20T11:13:06.013121+00:00,20225,740728,4005627,2
2026-09-20T11:13:06.045124+00:00,20226,740754,4020434,2
2026-09-20T11:13:06.065004+00:00,20227,740779,4045546,2
2026-09-20T11:13:06.093088+00:00,20228,740804,4080823,2
2026-09-20T11:13:06.109003+00:00,20229,740829,4153213,2
2026-09-20T11:13:06.141011+00:00,20230,740854,4293935,2
2026-09-20T11:13:06.157120+00:00,20231,740880,4471947,2
2026-09-20T11:13:06.189003+00:00,20232,740905,4655764,2
2026-09-20T11:13:06.220210+00:00,20233,740930,4843918,2
2026-09-20T11:13:06.237118+00:00,20234,740955,5106648,2
2026-09-20T11:13:06.269003+00:00,20235,740980,5493788,2
2026-09-20T11:13:06.285004+00:00,20236,741005,5731622,2
2026-09-20T11:13:06.317111+00:00,20237,741031,5640957,2
2026-09-20T11:13:06.333082+00:00,20238,741056,5379997,2
2026-09-20T11:13:06.364310+00:00,20239,741081,5077703,2
2026-09-20T11:13:06.396931+00:00,20240,741106,4832738,2
2026-09-20T11:13:06.412300+00:00,20241,741131,4659830,2
2026-09-20T11:13:06.444309+00:00,20242,741157,4503068,2
2026-09-20T11:13:06.460298+00:00,20243,741182,4366694,2
2026-09-20T11:13:06.492297+00:00,20244,741207,4260519,2
2026-09-20T11:13:06.508305+00:00,20245,741232,4167413,2
2026-09-20T11:13:06.541220+00:00,20246,741257,4105315,2
2026-09-20T11:13:06.572514+00:00,20247,741283,4051360,2
2026-09-20T11:13:06.589096+00:00,20248,741308,4008259,2
2026-09-20T11:13:06.620720+00:00,20249,741333,3992688,2
2026-09-20T11:13:06.636299+00:00,20250,741358,3985166,2
2026-09-20T11:13:06.668324+00:00,20251,741383,3970898,2
2026-09-20T11:13:06.684292+00:00,20252,741409,3960731,2
2026-09-20T11:13:06.716991+00:00,20253,741434,3952384,2
2026-09-20T11:13:06.748991+00:00,20254,741459,3943507,2
2026-09-20T11:13:06.765057+00:00,20255,741484,3942507,2
2026-09-20T11:13:06.796991+00:00,20256,741509,3949097,2
2026-09-20T11:13:06.812990+00:00,20257,741534,3943265,2
2026-09-20T11:13:06.844990+00:00,20258,741560,3932727,2
2026-09-20T11:13:06.876287+00:00,20259,741585,3935826,2
2026-09-20T11:13:06.892277+00:00,20260,741610,3932580,2
2026-09-20T11:13:06.924285+00:00,20261,741635,3918978,2
2026-09-20T11:13:06.940317+00:00,20262,741660,3913470,2
2026-09-20T11:13:06.972146+00:00,20263,741686,3911560,2
2026-09-20T11:13:06.989199+00:00,20264,741711,3904508,2
2026-09-20T11:13:07.020293+00:00,20265,741736,3895630,2
2026-09-20T11:13:07.052284+00:00,20266,741761,3889430,2
2026-09-20T11:13:07.068299+00:00,20267,741786,3885121,2
2026-09-20T11:13:07.100873+00:00,20268,741812,3888279,2
2026-09-20T11:13:07.116301+00:00,20269,741837,3896182,2
2026-09-20T11:13:07.148279+00:00,20270,741862,3897091,2
2026-09-20T11:13:07.164314+00:00,20271,741887,3892849,2
2026-09-20T11:13:07.196264+00:00,20272,741912,3890007,2
2026-09-20T11:13:07.228292+00:00,20273,741938,3890927,2
2026-09-20T11:13:07.244290+00:00,20274,741963,3895341,2
2026-09-20T11:13:07.276270+00:00,20275,741988,3897785,2
2026-09-20T11:13:07.292299+00:00,20276,742013,3898947,2
2026-09-20T11:13:07.326046+00:00,20277,742038,3902666,2
2026-09-20T11:13:07.340830+00:00,20278,742063,3900699,2
2026-09-20T11:13:07.373277+00:00,20279,742089,3889680,2
2026-09-20T11:13:07.404309+00:00,20280,742114,3881273,2
2026-09-20T11:13:07.421322+00:00,20281,742139,3877611,2
2026-09-20T11:13:07.452301+00:00,20282,742164,3868273,2
2026-09-20T11:13:07.469543+00:00,20283,742189,3852051,2
2026-09-20T11:13:07.501390+00:00,20284,742215,3842282,2
2026-09-20T11:13:07.519421+00:00,20285,742240,3835750,2
2026-09-20T11:13:07.549414+00:00,20286,742265,3828579,2
2026-09-20T11:13:07.580274+00:00,20287,742290,3824661,2
2026-09-20T11:13:07.596369+00:00,20288,742315,3820228,2
2026-09-20T11:13:07.628594+00:00,20289,742341,3810164,2
2026-09-20T11:13:07.644669+00:00,20290,742366,3793528,2
2026-09-20T11:13:07.676325+00:00,20291,742391,3761043,2
2026-09-20T11:13:07.693212+00:00,20292,742416,3703680,2
2026-09-20T11:13:07.724855+00:00,20293,742441,3611311,2
2026-09-20T11:13:07.756856+00:00,20294,742467,3488982,2
2026-09-20T11:13:07.772855+00:00,20295,742492,3357188,2
2026-09-20T11:13:07.804853+00:00,20296,742517,3227267,2
2026-09-20T11:13:07.820854+00:00,20297,742542,3093315,2
2026-09-20T11:13:07.852854+00:00,20298,742567,2894595,2
2026-09-20T11:13:07.868267+00:00,20299,742592,2503533,2
2026-09-20T11:13:07.900251+00:00,20300,742618,2269468,2
2026-09-20T11:13:07.932272+00:00,20301,742643,2547016,2
2026-09-20T11:13:07.949419+00:00,20302,742668,2916608,2
2026-09-20T11:13:07.980260+00:00,20303,742693,3204553,2
2026-09-20T11:13:07.996259+00:00,20304,742718,3420657,2
2026-09-20T11:13:08.028267+00:00,20305,742744,3579468,2
2026-09-20T11:13:08.044945+00:00,20306,742769,3694446,2
2026-09-20T11:13:08.076261+00:00,20307,742794,3775160,2
2026-09-20T11:13:08.108298+00:00,20308,742819,3830159,2
2026-09-20T11:13:08.124253+00:00,20309,742844,3867842,2
2026-09-20T11:13:08.156951+00:00,20310,742870,3892729,2
2026-09-20T11:13:08.172549+00:00,20311,742895,3909133,2
2026-09-20T11:13:08.207359+00:00,20312,742920,3919793,2
2026-09-20T11:13:08.236331+00:00,20313,742945,3927046,2
2026-09-20T11:13:08.252259+00:00,20314,742970,3932250,2
2026-09-20T11:13:08.284267+00:00,20315,742996,3935850,2
2026-09-20T11:13:08.300246+00:00,20316,743021,3938276,2
2026-09-20T11:13:08.332253+00:00,20317,743046,3939740,2
2026-09-20T11:13:08.348259+00:00,20318,743071,3940372,2
2026-09-20T11:13:08.381287+00:00,20319,743096,3941930,2
2026-09-20T11:13:08.412242+00:00,20320,743121,3943140,2
2026-09-20T11:13:08.464324+00:00,20321,743183,3944584,2
2026-09-20T11:13:08.477470+00:00,20322,743197,3945479,2
2026-09-20T11:13:08.508241+00:00,20323,743222,3945832,2
2026-09-20T11:13:08.524244+00:00,20324,743247,3945937,2
2026-09-20T11:13:08.556392+00:00,20325,743273,3946766,2
2026-09-20T11:13:08.589185+00:00,20326,743298,3946832,2
2026-09-20T11:13:08.605296+00:00,20327,743323,3946538,2
2026-09-20T11:13:08.636271+00:00,20328,743348,3946331,2
2026-09-20T11:13:08.652251+00:00,20329,743373,3947106,2
2026-09-20T11:13:08.684250+00:00,20330,743399,3947694,2
2026-09-20T11:13:08.700975+00:00,20331,743424,3947555,2
2026-09-20T11:13:08.732935+00:00,20332,743449,3947611,2
2026-09-20T11:13:08.764957+00:00,20333,743474,3947553,2
2026-09-20T11:13:08.780937+00:00,20334,743499,3947705,2
2026-09-20T11:13:08.812857+00:00,20335,743524,3947741,2
2026-09-20T11:13:08.828861+00:00,20336,743550,3947844,2
2026-09-20T11:13:08.860888+00:00,20337,743575,3948382,2
2026-09-20T11:13:08.876246+00:00,20338,743600,3948293,2
2026-09-20T11:13:08.908252+00:00,20339,743625,3948264,2
2026-09-20T11:13:08.940977+00:00,20340,743650,3948691,2
2026-09-20T11:13:08.956854+00:00,20341,743676,3948630,2
2026-09-20T11:13:08.989212+00:00,20342,743701,3948277,2
2026-09-20T11:13:09.005303+00:00,20343,743726,3948228,2
2026-09-20T11:13:09.036248+00:00,20344,743751,3948535,2
2026-09-20T11:13:09.052255+00:00,20345,743776,3948700,2
2026-09-20T11:13:09.084240+00:00,20346,743802,3948815,2
2026-09-20T11:13:09.116245+00:00,20347,743827,3948529,2
2026-09-20T11:13:09.132246+00:00,20348,743852,3948529,2
2026-09-20T11:13:09.165190+00:00,20349,743877,3948473,2
2026-09-20T11:13:09.180245+00:00,20350,743902,3948970,2
2026-09-20T11:13:09.212243+00:00,20351,743927,3949131,2
2026-09-20T11:13:09.228241+00:00,20352,743953,3949321,2
2026-09-20T11:13:09.260245+00:00,20353,743978,3949410,2
2026-09-20T11:13:09.292227+00:00,20354,744003,3949019,2
2026-09-20T11:13:09.308246+00:00,20355,744028,3948863,2
2026-09-20T11:13:09.340252+00:00,20356,744053,3948641,2
2026-09-20T11:13:09.356876+00:00,20357,744079,3948639,2
2026-09-20T11:13:09.389223+00:00,20358,744104,3948592,2
2026-09-20T11:13:09.406414+00:00,20359,744129,3948538,2
2026-09-20T11:13:09.438386+00:00,20360,744154,3949097,2
2026-09-20T11:13:09.470440+00:00,20361,744179,3949313,2
2026-09-20T11:13:09.484311+00:00,20362,744205,3948701,2
2026-09-20T11:13:09.516399+00:00,20363,744230,3949015,2
2026-09-20T11:13:09.534517+00:00,20364,744255,3949172,2
2026-09-20T11:13:09.564232+00:00,20365,744280,3949602,2
2026-09-20T11:13:09.596227+00:00,20366,744305,3949063,2
2026-09-20T11:13:09.612232+00:00,20367,744330,3948631,2
2026-09-20T11:13:09.644224+00:00,20368,744356,3948961,2
2026-09-20T11:13:09.660693+00:00,20369,744381,3949092,2
2026-09-20T11:13:09.692232+00:00,20370,744406,3949706,2
2026-09-20T11:13:09.708913+00:00,20371,744431,3949664,2
2026-09-20T11:13:09.740910+00:00,20372,744456,3949193,2
2026-09-20T11:13:09.771911+00:00,20373,744482,3948465,2
2026-09-20T11:13:09.788911+00:00,20374,744507,3948160,2
2026-09-20T11:13:09.820925+00:00,20375,744532,3948817,2
2026-09-20T11:13:09.836910+00:00,20376,744557,3948790,2
2026-09-20T11:13:09.868214+00:00,20377,744582,3948975,2
2026-09-20T11:13:09.884846+00:00,20378,744608,3948899,2
2026-09-20T11:13:09.917086+00:00,20379,744633,3949655,2
2026-09-20T11:13:09.948260+00:00,20380,744658,3950781,2
2026-09-20T11:13:09.965421+00:00,20381,744683,3952137,2
2026-09-20T11:13:09.996209+00:00,20382,744708,3953211,2
2026-09-20T11:13:10.012217+00:00,20383,744733,3956027,2
2026-09-20T11:13:10.044221+00:00,20384,744759,3959173,2
2026-09-20T11:13:10.060239+00:00,20385,744784,3960678,2
2026-09-20T11:13:10.092207+00:00,20386,744809,3962888,2
2026-09-20T11:13:10.124229+00:00,20387,744834,3966445,2
2026-09-20T11:13:10.141114+00:00,20388,744859,3970110,2
2026-09-20T11:13:10.173056+00:00,20389,744885,3973476,2
2026-09-20T11:13:10.189081+00:00,20390,744910,3977033,2
2026-09-20T11:13:10.221278+00:00,20391,744935,3983165,2
2026-09-20T11:13:10.236214+00:00,20392,744960,3991386,2
2026-09-20T11:13:10.268209+00:00,20393,744985,3996767,2
2026-09-20T11:13:10.300219+00:00,20394,745011,3998398,2
2026-09-20T11:13:10.316202+00:00,20395,745036,3997811,2
2026-09-20T11:13:10.349282+00:00,20396,745061,3997906,2
2026-09-20T11:13:10.365300+00:00,20397,745086,3997122,2
2026-09-20T11:13:10.396192+00:00,20398,745111,3999094,2
2026-09-20T11:13:10.412198+00:00,20399,745136,4004330,2
2026-09-20T11:13:10.444204+00:00,20400,745162,4014180,2
2026-09-20T11:13:10.476196+00:00,20401,745187,4030482,2
2026-09-20T11:13:10.492103+00:00,20402,745212,4064572,2
2026-09-20T11:13:10.525710+00:00,20403,745237,4151587,2
2026-09-20T11:13:10.540214+00:00,20404,745262,4355988,2
2026-09-20T11:13:10.573567+00:00,20405,745288,4730167,2
2026-09-20T11:13:10.589792+00:00,20406,745313,5180675,2
2026-09-20T11:13:10.620205+00:00,20407,745338,5393219,2
2026-09-20T11:13:10.652188+00:00,20408,745363,5308261,2
2026-09-20T11:13:10.668199+00:00,20409,745388,5155387,2
2026-09-20T11:13:10.700758+00:00,20410,745414,5050109,2
2026-09-20T11:13:10.716757+00:00,20411,745439,4936653,2
2026-09-20T11:13:10.748834+00:00,20412,745464,4741741,2
2026-09-20T11:13:10.764766+00:00,20413,745489,4505695,2
2026-09-20T11:13:10.796844+00:00,20414,745514,4309189,2
2026-09-20T11:13:10.828756+00:00,20415,745539,4168002,2
2026-09-20T11:13:10.844757+00:00,20416,745565,4070265,2
2026-09-20T11:13:10.876178+00:00,20417,745590,4015436,2
2026-09-20T11:13:10.892180+00:00,20418,745615,3996467,2
2026-09-20T11:13:10.924181+00:00,20419,745640,3990634,2
2026-09-20T11:13:10.956071+00:00,20420,745665,3982190,2
2026-09-20T11:13:10.972541+00:00,20421,745691,3978411,2
2026-09-20T11:13:11.005368+00:00,20422,745716,3992170,2
2026-09-20T11:13:11.020191+00:00,20423,745741,3992144,2
2026-09-20T11:13:11.053435+00:00,20424,745766,3980306,2
2026-09-20T11:13:11.068187+00:00,20425,745791,3965304,2
2026-09-20T11:13:11.100177+00:00,20426,745817,3941903,2
2026-09-20T11:13:11.132594+00:00,20427,745842,3919834,2
2026-09-20T11:13:11.148274+00:00,20428,745867,3904883,2
2026-09-20T11:13:11.180265+00:00,20429,745892,3889910,2
2026-09-20T11:13:11.196181+00:00,20430,745917,3879183,2
2026-09-20T11:13:11.228172+00:00,20431,745942,3881951,2
2026-09-20T11:13:11.244169+00:00,20432,745968,3884096,2
2026-09-20T11:13:11.276181+00:00,20433,745993,3879846,2
2026-09-20T11:13:11.308194+00:00,20434,746018,3885880,2
2026-09-20T11:13:11.325220+00:00,20435,746043,3897086,2
2026-09-20T11:13:11.356487+00:00,20436,746068,3904954,2
2026-09-20T11:13:11.372554+00:00,20437,746094,3913459,2
2026-09-20T11:13:11.405270+00:00,20438,746119,3918827,2
2026-09-20T11:13:11.420169+00:00,20439,746144,3921661,2
2026-09-20T11:13:11.453212+00:00,20440,746169,3923664,2
2026-09-20T11:13:11.484169+00:00,20441,746195,3925463,2
2026-09-20T11:13:11.501202+00:00,20442,746220,3924541,2
2026-09-20T11:13:11.533199+00:00,20443,746245,3913544,2
2026-09-20T11:13:11.548209+00:00,20444,746270,3899224,2
2026-09-20T11:13:11.581198+00:00,20445,746295,3895996,2
2026-09-20T11:13:11.597199+00:00,20446,746320,3894648,2
2026-09-20T11:13:11.628197+00:00,20447,746345,3885875,2
2026-09-20T11:13:11.660198+00:00,20448,746371,3874554,2
2026-09-20T11:13:11.676511+00:00,20449,746396,3866333,2
2026-09-20T11:13:11.708715+00:00,20450,746421,3871600,2
2026-09-20T11:13:11.724713+00:00,20451,746446,3878295,2
2026-09-20T11:13:11.756798+00:00,20452,746471,3878380,2
2026-09-20T11:13:11.772714+00:00,20453,746497,3878560,2
2026-09-20T11:13:11.804774+00:00,20454,746522,3880820,2
2026-09-20T11:13:11.836712+00:00,20455,746547,3882261,2
2026-09-20T11:13:11.852716+00:00,20456,746572,3883105,2
2026-09-20T11:13:11.884161+00:00,20457,746597,3887095,2
2026-09-20T11:13:11.900174+00:00,20458,746623,3886219,2
2026-09-20T11:13:11.932038+00:00,20459,746648,3872597,2
2026-09-20T11:13:11.948168+00:00,20460,746673,3853672,2
2026-09-20T11:13:11.980148+00:00,20461,746698,3833073,2
2026-09-20T11:13:12.012162+00:00,20462,746723,3801932,2
2026-09-20T11:13:12.028163+00:00,20463,746748,3765831,2
2026-09-20T11:13:12.060187+00:00,20464,746774,3735520,2
2026-09-20T11:13:12.076146+00:00,20465,746799,3697896,2
2026-09-20T11:13:12.108157+00:00,20466,746824,3642414,2
2026-09-20T11:13:12.124158+00:00,20467,746849,3564188,2
2026-09-20T11:13:12.157090+00:00,20468,746874,3455729,2
2026-09-20T11:13:12.188306+00:00,20469,746900,3303678,2
2026-09-20T11:13:12.205197+00:00,20470,746925,3022341,2
2026-09-20T11:13:12.236175+00:00,20471,746950,2720677,2
2026-09-20T11:13:12.252158+00:00,20472,746975,2845086,2
2026-09-20T11:13:12.284157+00:00,20473,747000,3146798,2
2026-09-20T11:13:12.319523+00:00,20474,747026,3385922,2
2026-09-20T11:13:12.333550+00:00,20475,747051,3560062,2
2026-09-20T11:13:12.365310+00:00,20476,747076,3684689,2
2026-09-20T11:13:12.380890+00:00,20477,747101,3771451,2
2026-09-20T11:13:12.412448+00:00,20478,747126,3830221,2
2026-09-20T11:13:12.428129+00:00,20479,747151,3869399,2
2026-09-20T11:13:12.460157+00:00,20480,747177,3895249,2
2026-09-20T11:13:12.492208+00:00,20481,747202,3911711,2
2026-09-20T11:13:12.508222+00:00,20482,747227,3922489,2
2026-09-20T11:13:12.541030+00:00,20483,747252,3929462,2
2026-09-20T11:13:12.557896+00:00,20484,747277,3933557,2
2026-09-20T11:13:12.588695+00:00,20485,747303,3936084,2
2026-09-20T11:13:12.605190+00:00,20486,747328,3938276,2
2026-09-20T11:13:12.636164+00:00,20487,747353,3940652,2
2026-09-20T11:13:12.668143+00:00,20488,747378,3942467,2
2026-09-20T11:13:12.684270+00:00,20489,747403,3942911,2
2026-09-20T11:13:12.717086+00:00,20490,747428,3943975,2
2026-09-20T11:13:12.769297+00:00,20491,747487,3944976,2
2026-09-20T11:13:12.781084+00:00,20492,747504,3944952,2
2026-09-20T11:13:12.812105+00:00,20493,747529,3945738,2
2026-09-20T11:13:12.844148+00:00,20494,747554,3946140,2
2026-09-20T11:13:12.860088+00:00,20495,747580,3946336,2
2026-09-20T11:13:12.892142+00:00,20496,747605,3946110,2
2026-09-20T11:13:12.908207+00:00,20497,747630,3946514,2
2026-09-20T11:13:12.942108+00:00,20498,747655,3946315,2
2026-09-20T11:13:12.957162+00:00,20499,747680,3946776,2
2026-09-20T11:13:12.988851+00:00,20500,747706,3947237,2
2026-09-20T11:13:13.020163+00:00,20501,747731,3947412,2
2026-09-20T11:13:13.036116+00:00,20502,747756,3947494,2
2026-09-20T11:13:13.068138+00:00,20503,747781,3947787,2
2026-09-20T11:13:13.084139+00:00,20504,747806,3947434,2
2026-09-20T11:13:13.116115+00:00,20505,747831,3947530,2
2026-09-20T11:13:13.132126+00:00,20506,747857,3947339,2
2026-09-20T11:13:13.164849+00:00,20507,747882,3947225,2
2026-09-20T11:13:13.196640+00:00,20508,747907,3947210,2
2026-09-20T11:13:13.212753+00:00,20509,747932,3947605,2
2026-09-20T11:13:13.243997+00:00,20510,747957,3947903,2
2026-09-20T11:13:13.260136+00:00,20511,747983,3948260,2
2026-09-20T11:13:13.292118+00:00,20512,748008,3948593,2
2026-09-20T11:13:13.308115+00:00,20513,748033,3948647,2
2026-09-20T11:13:13.340223+00:00,20514,748058,3948820,2
2026-09-20T11:13:13.372524+00:00,20515,748083,3948189,2
2026-09-20T11:13:13.390272+00:00,20516,748108,3947677,2
2026-09-20T11:13:13.421264+00:00,20517,748134,3948098,2
2026-09-20T11:13:13.437306+00:00,20518,748159,3948500,2
2026-09-20T11:13:13.469373+00:00,20519,748184,3948073,2
2026-09-20T11:13:13.484132+00:00,20520,748209,3947423,2
2026-09-20T11:13:13.517161+00:00,20521,748234,3947382,2
2026-09-20T11:13:13.548133+00:00,20522,748260,3948146,2
2026-09-20T11:13:13.564148+00:00,20523,748285,3948372,2
2026-09-20T11:13:13.595944+00:00,20524,748310,3948383,2
2026-09-20T11:13:13.612560+00:00,20525,748335,3948303,2
2026-09-20T11:13:13.644121+00:00,20526,748360,3948594,2
2026-09-20T11:13:13.661417+00:00,20527,748386,3948775,2
2026-09-20T11:13:13.693404+00:00,20528,748411,3948751,2
2026-09-20T11:13:13.724920+00:00,20529,748436,3949019,2
2026-09-20T11:13:13.740937+00:00,20530,748461,3949149,2
2026-09-20T11:13:13.772919+00:00,20531,748486,3948586,2
2026-09-20T11:13:13.789918+00:00,20532,748511,3948163,2
2026-09-20T11:13:13.820923+00:00,20533,748537,3948585,2
2026-09-20T11:13:13.851929+00:00,20534,748562,3949108,2
2026-09-20T11:13:13.867917+00:00,20535,748587,3949336,2
2026-09-20T11:13:13.900134+00:00,20536,748612,3949554,2
2026-09-20T11:13:13.916174+00:00,20537,748637,3949980,2
2026-09-20T11:13:13.948110+00:00,20538,748663,3951177,2
2026-09-20T11:13:13.964141+00:00,20539,748688,3952098,2
2026-09-20T11:13:13.996377+00:00,20540,748713,3953026,2
2026-09-20T11:13:14.028125+00:00,20541,748738,3954008,2
2026-09-20T11:13:14.044097+00:00,20542,748763,3954819,2
2026-09-20T11:13:14.076093+00:00,20543,748788,3955141,2
2026-09-20T11:13:14.092261+00:00,20544,748814,3954754,2
2026-09-20T11:13:14.124550+00:00,20545,748839,3954940,2
2026-09-20T11:13:14.140202+00:00,20546,748864,3955740,2
2026-09-20T11:13:14.172359+00:00,20547,748889,3956039,2
2026-09-20T11:13:14.204101+00:00,20548,748914,3956220,2
2026-09-20T11:13:14.220132+00:00,20549,748940,3956084,2
2026-09-20T11:13:14.252110+00:00,20550,748965,3955858,2
2026-09-20T11:13:14.268119+00:00,20551,748990,3956063,2
2026-09-20T11:13:14.300125+00:00,20552,749015,3955336,2
2026-09-20T11:13:14.317144+00:00,20553,749040,3954659,2
2026-09-20T11:13:14.348113+00:00,20554,749066,3955050,2
2026-09-20T11:13:14.380089+00:00,20555,749091,3956493,2
2026-09-20T11:13:14.397122+00:00,20556,749116,3957082,2
2026-09-20T11:13:14.428110+00:00,20557,749141,3956145,2
2026-09-20T11:13:14.444101+00:00,20558,749166,3955312,2
2026-09-20T11:13:14.476091+00:00,20559,749192,3955649,2
2026-09-20T11:13:14.493158+00:00,20560,749217,3956340,2
2026-09-20T11:13:14.525232+00:00,20561,749242,3956215,2
2026-09-20T11:13:14.556739+00:00,20562,749267,3956053,2
2026-09-20T11:13:14.573241+00:00,20563,749292,3955900,2
2026-09-20T11:13:14.604091+00:00,20564,749317,3955759,2
2026-09-20T11:13:14.624325+00:00,20565,749343,3955709,2
2026-09-20T11:13:14.653244+00:00,20566,749368,3956339,2
2026-09-20T11:13:14.668102+00:00,20567,749393,3955933,2
2026-09-20T11:13:14.701264+00:00,20568,749418,3955489,2
2026-09-20T11:13:14.732265+00:00,20569,749443,3955044,2
2026-09-20T11:13:14.748268+00:00,20570,749469,3954334,2
2026-09-20T11:13:14.780304+00:00,20571,749494,3953933,2
2026-09-20T11:13:14.796263+00:00,20572,749519,3953970,2
2026-09-20T11:13:14.828271+00:00,20573,749544,3953219,2
2026-09-20T11:13:14.845262+00:00,20574,749569,3953158,2
2026-09-20T11:13:14.876084+00:00,20575,749595,3954177,2
2026-09-20T11:13:14.908080+00:00,20576,749620,3955640,2
2026-09-20T11:13:14.924091+00:00,20577,749645,3956494,2
2026-09-20T11:13:14.956836+00:00,20578,749670,3955646,2
2026-09-20T11:13:14.972454+00:00,20579,749695,3954893,2
2026-09-20T11:13:15.004080+00:00,20580,749720,3956510,2
2026-09-20T11:13:15.020097+00:00,20581,749746,3958020,2
2026-09-20T11:13:15.052082+00:00,20582,749771,3958994,2
2026-09-20T11:13:15.084087+00:00,20583,749796,3960235,2
2026-09-20T11:13:15.100087+00:00,20584,749821,3961679,2
2026-09-20T11:13:15.132096+00:00,20585,749846,3961278,2
2026-09-20T11:13:15.148108+00:00,20586,749872,3962879,2
2026-09-20T11:13:15.181199+00:00,20587,749897,3965837,2
2026-09-20T11:13:15.212036+00:00,20588,749922,3967463,2
2026-09-20T11:13:15.229154+00:00,20589,749947,3967849,2
2026-09-20T11:13:15.260658+00:00,20590,749972,3969184,2
2026-09-20T11:13:15.276075+00:00,20591,749998,3972574,2
2026-09-20T11:13:15.308138+00:00,20592,750023,3978262,2
2026-09-20T11:13:15.324100+00:00,20593,750048,3981986,2
2026-09-20T11:13:15.356875+00:00,20594,750073,3982681,2
2026-09-20T11:13:15.389131+00:00,20595,750098,3984696,2
2026-09-20T11:13:15.406149+00:00,20596,750123,3989126,2
2026-09-20T11:13:15.437326+00:00,20597,750149,3993361,2
2026-09-20T11:13:15.452091+00:00,20598,750174,3998421,2
2026-09-20T11:13:15.485121+00:00,20599,750199,4006979,2
2026-09-20T11:13:15.500073+00:00,20600,750224,4030610,2
2026-09-20T11:13:15.532066+00:00,20601,750249,4118816,2
2026-09-20T11:13:15.565231+00:00,20602,750275,4358998,2
2026-09-20T11:13:15.580669+00:00,20603,750300,4773560,2
2026-09-20T11:13:15.612071+00:00,20604,750325,5137926,2
2026-09-20T11:13:15.628661+00:00,20605,750350,5213099,2
2026-09-20T11:13:15.660058+00:00,20606,750375,5143824,2
2026-09-20T11:13:15.676736+00:00,20607,750401,5054162,2
2026-09-20T11:13:15.708935+00:00,20608,750426,4917091,2
2026-09-20T11:13:15.739930+00:00,20609,750451,4722178,2
2026-09-20T11:13:15.757933+00:00,20610,750476,4528481,2
2026-09-20T11:13:15.788932+00:00,20611,750501,4373428,2
2026-09-20T11:13:15.805521+00:00,20612,750526,4255061,2
2026-09-20T11:13:15.836935+00:00,20613,750552,4171396,2
2026-09-20T11:13:15.851933+00:00,20614,750577,4103852,2
2026-09-20T11:13:15.884080+00:00,20615,750602,4044314,2
2026-09-20T11:13:15.916058+00:00,20616,750627,4001268,2
2026-09-20T11:13:15.932649+00:00,20617,750652,3976315,2
2026-09-20T11:13:15.964061+00:00,20618,750678,3960932,2
2026-09-20T11:13:15.980047+00:00,20619,750703,3957846,2
2026-09-20T11:13:16.012100+00:00,20620,750728,3954652,2
2026-09-20T11:13:16.028080+00:00,20621,750753,3947929,2
2026-09-20T11:13:16.060044+00:00,20622,750778,3945896,2
2026-09-20T11:13:16.093101+00:00,20623,750803,3949621,2
2026-09-20T11:13:16.108056+00:00,20624,750829,3952602,2
2026-09-20T11:13:16.140028+00:00,20625,750854,3952687,2
2026-09-20T11:13:16.156441+00:00,20626,750879,3946721,2
2026-09-20T11:13:16.189115+00:00,20627,750904,3937912,2
2026-09-20T11:13:16.204029+00:00,20628,750929,3930883,2
2026-09-20T11:13:16.236047+00:00,20629,750955,3929296,2
2026-09-20T11:13:16.269082+00:00,20630,750980,3925453,2
2026-09-20T11:13:16.284075+00:00,20631,751005,3920076,2
2026-09-20T11:13:16.316040+00:00,20632,751030,3919123,2
2026-09-20T11:13:16.332051+00:00,20633,751055,3920220,2
2026-09-20T11:13:16.366021+00:00,20634,751081,3917174,2
2026-09-20T11:13:16.380996+00:00,20635,751106,3913500,2
2026-09-20T11:13:16.419179+00:00,20636,751131,3909666,2
2026-09-20T11:13:16.519107+00:00,20637,751156,3900816,2
2026-09-20T11:13:16.531219+00:00,20638,751181,3898958,2
2026-09-20T11:13:16.560211+00:00,20639,751206,3900410,2
2026-09-20T11:13:16.579211+00:00,20640,751232,3889671,2
2026-09-20T11:13:16.582220+00:00,20641,751257,3877374,2
2026-09-20T11:13:16.584211+00:00,20642,751282,3880832,2
2026-09-20T11:13:16.589225+00:00,20643,751307,3889236,2
2026-09-20T11:13:16.625709+00:00,20644,751332,3888437,2
2026-09-20T11:13:16.655707+00:00,20645,751358,3886409,2
2026-09-20T11:13:16.667704+00:00,20646,751383,3883943,2
2026-09-20T11:13:16.684710+00:00,20647,751408,3879024,2
2026-09-20T11:13:16.721704+00:00,20648,751433,3875071,2
2026-09-20T11:13:16.748836+00:00,20649,751458,3871972,2
2026-09-20T11:13:16.763935+00:00,20650,751484,3869060,2
2026-09-20T11:13:16.796702+00:00,20651,751509,3867442,2
2026-09-20T11:13:16.812711+00:00,20652,751534,3864426,2
2026-09-20T11:13:16.844734+00:00,20653,751559,3860466,2
2026-09-20T11:13:16.860756+00:00,20654,751584,3848294,2
2026-09-20T11:13:16.892819+00:00,20655,751609,3821515,2
2026-09-20T11:13:16.925929+00:00,20656,751635,3779743,2
2026-09-20T11:13:16.940702+00:00,20657,751660,3725594,2
2026-09-20T11:13:16.972702+00:00,20658,751685,3662156,2
2026-09-20T11:13:16.988701+00:00,20659,751710,3584694,2
2026-09-20T11:13:17.020703+00:00,20660,751735,3485546,2
2026-09-20T11:13:17.036702+00:00,20661,751761,3357364,2
2026-09-20T11:13:17.068700+00:00,20662,751786,3148956,2
2026-09-20T11:13:17.100048+00:00,20663,751811,2813456,2
2026-09-20T11:13:17.116054+00:00,20664,751836,2764899,2
2026-09-20T11:13:17.147865+00:00,20665,751861,3045859,2
2026-09-20T11:13:17.164035+00:00,20666,751887,3310519,2
2026-09-20T11:13:17.196030+00:00,20667,751912,3506220,2
2026-09-20T11:13:17.212055+00:00,20668,751937,3647206,2
2026-09-20T11:13:17.244037+00:00,20669,751962,3746073,2
2026-09-20T11:13:17.276025+00:00,20670,751987,3814179,2
2026-09-20T11:13:17.292071+00:00,20671,752012,3859407,2
2026-09-20T11:13:17.324029+00:00,20672,752038,3888611,2
2026-09-20T11:13:17.340217+00:00,20673,752063,3907815,2
2026-09-20T11:13:17.372566+00:00,20674,752088,3919699,2
2026-09-20T11:13:17.388515+00:00,20675,752113,3928422,2
2026-09-20T11:13:17.420029+00:00,20676,752138,3933902,2
2026-09-20T11:13:17.452028+00:00,20677,752164,3937740,2
2026-09-20T11:13:17.469257+00:00,20678,752189,3940345,2
2026-09-20T11:13:17.502097+00:00,20679,752214,3941995,2
2026-09-20T11:13:17.516015+00:00,20680,752239,3942694,2
2026-09-20T11:13:17.548022+00:00,20681,752264,3944153,2
2026-09-20T11:13:17.565183+00:00,20682,752290,3945495,2
2026-09-20T11:13:17.596587+00:00,20683,752315,3945481,2
2026-09-20T11:13:17.660013+00:00,20684,752371,3946857,2
2026-09-20T11:13:17.676195+00:00,20685,752390,3947003,2
2026-09-20T11:13:17.692085+00:00,20686,752415,3947208,2
2026-09-20T11:13:17.725893+00:00,20687,752441,3947463,2
2026-09-20T11:13:17.741893+00:00,20688,752466,3947475,2
2026-09-20T11:13:17.773893+00:00,20689,752491,3947804,2
2026-09-20T11:13:17.803891+00:00,20690,752516,3948420,2
2026-09-20T11:13:17.820894+00:00,20691,752541,3948760,2
2026-09-20T11:13:17.851893+00:00,20692,752567,3948570,2
2026-09-20T11:13:17.868893+00:00,20693,752592,3948742,2
2026-09-20T11:13:17.900001+00:00,20694,752617,3949050,2
2026-09-20T11:13:17.932011+00:00,20695,752642,3949260,2
2026-09-20T11:13:17.948016+00:00,20696,752667,3949205,2
2026-09-20T11:13:17.980031+00:00,20697,752693,3949117,2
2026-09-20T11:13:17.996000+00:00,20698,752718,3948824,2
2026-09-20T11:13:18.028032+00:00,20699,752743,3948658,2
2026-09-20T11:13:18.044012+00:00,20700,752768,3949401,2
2026-09-20T11:13:18.076026+00:00,20701,752793,3949372,2
2026-09-20T11:13:18.108003+00:00,20702,752818,3949054,2
2026-09-20T11:13:18.125110+00:00,20703,752844,3949195,2
2026-09-20T11:13:18.156119+00:00,20704,752869,3949906,2
2026-09-20T11:13:18.173586+00:00,20705,752894,3950134,2
2026-09-20T11:13:18.204972+00:00,20706,752919,3950154,2
2026-09-20T11:13:18.220054+00:00,20707,752944,3950075,2
2026-09-20T11:13:18.253068+00:00,20708,752970,3949441,2
2026-09-20T11:13:18.284047+00:00,20709,752995,3949347,2
2026-09-20T11:13:18.299905+00:00,20710,753020,3949699,2
2026-09-20T11:13:18.333112+00:00,20711,753045,3949776,2
2026-09-20T11:13:18.348027+00:00,20712,753070,3950064,2
2026-09-20T11:13:18.379997+00:00,20713,753096,3950237,2
2026-09-20T11:13:18.395999+00:00,20714,753121,3949695,2
2026-09-20T11:13:18.428009+00:00,20715,753146,3950218,2
2026-09-20T11:13:18.459989+00:00,20716,753171,3950349,2
2026-09-20T11:13:18.476541+00:00,20717,753196,3949904,2
2026-09-20T11:13:18.507993+00:00,20718,753221,3950196,2
2026-09-20T11:13:18.523959+00:00,20719,753247,3950273,2
2026-09-20T11:13:18.558825+00:00,20720,753272,3950260,2
2026-09-20T11:13:18.572472+00:00,20721,753297,3950621,2
2026-09-20T11:13:18.605080+00:00,20722,753322,3950496,2
2026-09-20T11:13:18.636021+00:00,20723,753347,3949868,2
2026-09-20T11:13:18.651984+00:00,20724,753373,3949672,2
2026-09-20T11:13:18.683990+00:00,20725,753398,3950247,2
2026-09-20T11:13:18.699996+00:00,20726,753423,3950670,2
2026-09-20T11:13:18.732025+00:00,20727,753448,3950308,2
2026-09-20T11:13:18.748053+00:00,20728,753473,3949995,2
2026-09-20T11:13:18.780025+00:00,20729,753499,3950344,2
2026-09-20T11:13:18.812025+00:00,20730,753524,3950817,2
2026-09-20T11:13:18.829030+00:00,20731,753549,3951576,2
2026-09-20T11:13:18.861036+00:00,20732,753574,3952609,2
2026-09-20T11:13:18.875978+00:00,20733,753599,3954700,2
2026-09-20T11:13:18.909031+00:00,20734,753624,3957020,2
2026-09-20T11:13:18.923991+00:00,20735,753650,3958914,2
2026-09-20T11:13:18.955882+00:00,20736,753675,3961136,2
2026-09-20T11:13:18.988638+00:00,20737,753700,3965113,2
2026-09-20T11:13:19.003980+00:00,20738,753725,3969115,2
2026-09-20T11:13:19.035988+00:00,20739,753750,3971187,2
2026-09-20T11:13:19.052052+00:00,20740,753776,3973645,2
2026-09-20T11:13:19.083982+00:00,20741,753801,3978307,2
2026-09-20T11:13:19.099981+00:00,20742,753826,3983173,2
2026-09-20T11:13:19.131986+00:00,20743,753851,3986910,2
2026-09-20T11:13:19.163980+00:00,20744,753876,3988739,2
2026-09-20T11:13:19.179971+00:00,20745,753902,3991516,2
2026-09-20T11:13:19.211853+00:00,20746,753927,3997697,2
2026-09-20T11:13:19.227797+00:00,20747,753952,4007396,2
2026-09-20T11:13:19.259984+00:00,20748,753977,4017092,2
2026-09-20T11:13:19.275970+00:00,20749,754002,4022612,2
2026-09-20T11:13:19.309889+00:00,20750,754027,4031630,2
2026-09-20T11:13:19.341317+00:00,20751,754053,4058168,2
2026-09-20T11:13:19.356753+00:00,20752,754078,4165851,2
2026-09-20T11:13:19.389034+00:00,20753,754103,4522757,2
2026-09-20T11:13:19.405596+00:00,20754,754128,5117201,2
2026-09-20T11:13:19.437179+00:00,20755,754153,5501768,2
2026-09-20T11:13:19.467967+00:00,20756,754179,5447526,2
2026-09-20T11:13:19.485140+00:00,20757,754204,5209877,2
2026-09-20T11:13:19.515983+00:00,20758,754229,4980437,2
2026-09-20T11:13:19.531970+00:00,20759,754254,4775595,2
2026-09-20T11:13:19.563975+00:00,20760,754279,4591953,2
2026-09-20T11:13:19.581139+00:00,20761,754304,4426561,2
2026-09-20T11:13:19.611962+00:00,20762,754330,4279582,2
2026-09-20T11:13:19.644491+00:00,20763,754355,4159468,2
2026-09-20T11:13:19.659966+00:00,20764,754380,4070798,2
2026-09-20T11:13:19.695242+00:00,20765,754405,4014442,2
2026-09-20T11:13:19.708626+00:00,20766,754430,3985230,2
2026-09-20T11:13:19.740627+00:00,20767,754456,3971027,2
2026-09-20T11:13:19.756625+00:00,20768,754481,3961895,2
2026-09-20T11:13:19.788625+00:00,20769,754506,3946194,2
2026-09-20T11:13:19.819633+00:00,20770,754531,3928054,2
2026-09-20T11:13:19.836628+00:00,20771,754556,3923081,2
2026-09-20T11:13:19.867946+00:00,20772,754582,3927674,2
2026-09-20T11:13:19.883954+00:00,20773,754607,3926733,2
2026-09-20T11:13:19.915951+00:00,20774,754632,3919483,2
2026-09-20T11:13:19.931945+00:00,20775,754657,3916231,2
2026-09-20T11:13:19.964012+00:00,20776,754682,3913486,2
2026-09-20T11:13:19.995958+00:00,20777,754707,3910089,2
2026-09-20T11:13:20.013024+00:00,20778,754733,3906045,2
2026-09-20T11:13:20.043954+00:00,20779,754758,3904985,2
2026-09-20T11:13:20.060658+00:00,20780,754783,3903842,2
2026-09-20T11:13:20.091954+00:00,20781,754808,3899528,2
2026-09-20T11:13:20.107954+00:00,20782,754833,3895349,2
2026-09-20T11:13:20.140165+00:00,20783,754859,3893868,2
2026-09-20T11:13:20.172574+00:00,20784,754884,3895751,2
2026-09-20T11:13:20.188991+00:00,20785,754909,3899831,2
2026-09-20T11:13:20.219953+00:00,20786,754934,3906478,2
2026-09-20T11:13:20.235961+00:00,20787,754959,3915964,2
2026-09-20T11:13:20.269060+00:00,20788,754985,3928070,2
2026-09-20T11:13:20.283957+00:00,20789,755010,3939363,2
2026-09-20T11:13:20.315964+00:00,20790,755035,3944402,2
2026-09-20T11:13:20.347948+00:00,20791,755060,3946132,2
2026-09-20T11:13:20.363953+00:00,20792,755085,3949749,2
2026-09-20T11:13:20.396800+00:00,20793,755110,3952814,2
2026-09-20T11:13:20.411957+00:00,20794,755136,3957703,2
2026-09-20T11:13:20.443956+00:00,20795,755161,3962037,2
2026-09-20T11:13:20.493168+00:00,20796,755216,3969953,2
2026-09-20T11:13:20.523998+00:00,20797,755236,3973577,2
2026-09-20T11:13:20.540165+00:00,20798,755262,3967727,2
2026-09-20T11:13:20.574453+00:00,20799,755287,3963024,2
2026-09-20T11:13:20.589009+00:00,20800,755312,3963553,2
2026-09-20T11:13:20.623030+00:00,20801,755337,3959623,2
2026-09-20T11:13:20.636969+00:00,20802,755362,3951516,2
2026-09-20T11:13:20.669180+00:00,20803,755387,3947034,2
2026-09-20T11:13:20.689657+00:00,20804,755413,3947811,2
2026-09-20T11:13:20.715977+00:00,20805,755438,3939660,2
2026-09-20T11:13:20.748543+00:00,20806,755463,3925310,2
2026-09-20T11:13:20.754662+00:00,20807,755488,3919011,2
2026-09-20T11:13:20.796178+00:00,20808,755513,3915494,2
2026-09-20T11:13:20.828659+00:00,20809,755539,3911521,2
2026-09-20T11:13:20.844666+00:00,20810,755564,3905728,2
2026-09-20T11:13:20.871879+00:00,20811,755589,3895040,2
2026-09-20T11:13:20.890365+00:00,20812,755614,3889095,2
2026-09-20T11:13:20.923922+00:00,20813,755639,3894087,2
2026-09-20T11:13:20.940265+00:00,20814,755665,3899849,2
2026-09-20T11:13:20.972171+00:00,20815,755690,3902013,2
2026-09-20T11:13:21.004283+00:00,20816,755715,3904713,2
2026-09-20T11:13:21.019946+00:00,20817,755740,3898459,2
2026-09-20T11:13:21.040539+00:00,20818,755765,3877172,2
2026-09-20T11:13:21.067945+00:00,20819,755790,3845317,2
2026-09-20T11:13:21.090364+00:00,20820,755816,3812697,2
2026-09-20T11:13:21.113065+00:00,20821,755841,3776478,2
2026-09-20T11:13:21.144978+00:00,20822,755866,3731024,2
2026-09-20T11:13:21.178503+00:00,20823,755891,3669087,2
2026-09-20T11:13:21.195920+00:00,20824,755916,3584846,2
2026-09-20T11:13:21.228164+00:00,20825,755942,3487498,2
2026-09-20T11:13:21.243924+00:00,20826,755967,3389946,2
2026-09-20T11:13:21.275900+00:00,20827,755992,3269309,2
2026-09-20T11:13:21.292002+00:00,20828,756017,3011697,2
2026-09-20T11:13:21.319118+00:00,20829,756042,2758753,2
2026-09-20T11:13:21.355635+00:00,20830,756068,2916099,2
2026-09-20T11:13:21.357753+00:00,20831,756093,3204966,2
2026-09-20T11:13:21.404751+00:00,20832,756118,3429156,2
2026-09-20T11:13:21.420681+00:00,20833,756143,3591577,2
2026-09-20T11:13:21.451950+00:00,20834,756168,3707383,2
2026-09-20T11:13:21.467940+00:00,20835,756193,3787273,2
2026-09-20T11:13:21.499935+00:00,20836,756219,3841210,2
2026-09-20T11:13:21.531944+00:00,20837,756244,3877719,2
2026-09-20T11:13:21.547924+00:00,20838,756269,3901438,2
2026-09-20T11:13:21.581175+00:00,20839,756294,3915997,2
2026-09-20T11:13:21.596950+00:00,20840,756319,3925329,2
2026-09-20T11:13:21.617249+00:00,20841,756345,3931931,2
2026-09-20T11:13:21.629925+00:00,20842,756370,3936887,2
2026-09-20T11:13:21.661453+00:00,20843,756395,3939765,2
2026-09-20T11:13:21.708500+00:00,20844,756420,3941998,2
2026-09-20T11:13:21.724554+00:00,20845,756445,3942932,2
2026-09-20T11:13:21.756824+00:00,20846,756471,3944220,2
2026-09-20T11:13:21.772486+00:00,20847,756496,3945898,2
2026-09-20T11:13:21.805595+00:00,20848,756521,3946673,2
2026-09-20T11:13:21.817772+00:00,20849,756546,3946866,2
2026-09-20T11:13:21.852674+00:00,20850,756571,3946504,2
2026-09-20T11:13:21.873322+00:00,20851,756596,3946366,2
2026-09-20T11:13:21.888948+00:00,20852,756622,3946097,2
2026-09-20T11:13:21.925793+00:00,20853,756647,3946614,2
2026-09-20T11:13:21.940945+00:00,20854,756672,3947315,2
2026-09-20T11:13:21.979893+00:00,20855,756697,3947757,2
2026-09-20T11:13:21.989891+00:00,20856,756722,3948537,2
2026-09-20T11:13:22.027908+00:00,20857,756748,3948544,2
2026-09-20T11:13:22.054888+00:00,20858,756773,3948431,2
2026-09-20T11:13:22.071554+00:00,20859,756798,3948149,2
2026-09-20T11:13:22.102348+00:00,20860,756823,3948656,2
2026-09-20T11:13:22.123894+00:00,20861,756848,3949572,2
2026-09-20T11:13:22.145019+00:00,20862,756874,3949635,2
2026-09-20T11:13:22.176790+00:00,20863,756899,3949422,2
2026-09-20T11:13:22.192274+00:00,20864,756924,3950499,2
2026-09-20T11:13:22.223278+00:00,20865,756949,3949622,2
2026-09-20T11:13:22.252516+00:00,20866,756974,3949966,2
2026-09-20T11:13:22.271852+00:00,20867,757000,3950427,2
2026-09-20T11:13:22.299902+00:00,20868,757025,3950013,2
2026-09-20T11:13:22.335485+00:00,20869,757050,3949784,2
2026-09-20T11:13:22.364104+00:00,20870,757075,3949223,2
2026-09-20T11:13:22.379899+00:00,20871,757100,3949763,2
2026-09-20T11:13:22.411335+00:00,20872,757125,3950421,2
2026-09-20T11:13:22.427919+00:00,20873,757151,3950027,2
2026-09-20T11:13:22.459901+00:00,20874,757176,3950225,2
2026-09-20T11:13:22.476171+00:00,20875,757201,3950829,2
2026-09-20T11:13:22.507426+00:00,20876,757226,3950786,2
2026-09-20T11:13:22.539110+00:00,20877,757251,3950589,2
2026-09-20T11:13:22.554728+00:00,20878,757277,3950877,2
2026-09-20T11:13:22.583284+00:00,20879,757302,3950373,2
2026-09-20T11:13:22.598937+00:00,20880,757327,3949346,2
2026-09-20T11:13:22.632514+00:00,20881,757352,3949579,2
2026-09-20T11:13:22.650250+00:00,20882,757377,3950317,2
2026-09-20T11:13:22.679881+00:00,20883,757403,3950802,2
2026-09-20T11:13:22.705116+00:00,20884,757428,3951587,2
2026-09-20T11:13:22.732385+00:00,20885,757453,3952095,2
2026-09-20T11:13:22.756795+00:00,20886,757478,3951957,2
2026-09-20T11:13:22.779745+00:00,20887,757503,3951491,2
2026-09-20T11:13:22.811944+00:00,20888,757529,3951930,2
2026-09-20T11:13:22.828187+00:00,20889,757554,3951988,2
2026-09-20T11:13:22.855631+00:00,20890,757579,3951593,2
2026-09-20T11:13:22.891899+00:00,20891,757604,3952290,2
2026-09-20T11:13:22.907193+00:00,20892,757629,3953755,2
2026-09-20T11:13:22.938518+00:00,20893,757654,3954541,2
2026-09-20T11:13:22.941209+00:00,20894,757680,3952955,2
2026-09-20T11:13:22.988936+00:00,20895,757705,3952213,2
2026-09-20T11:13:23.003737+00:00,20896,757730,3953431,2
2026-09-20T11:13:23.035918+00:00,20897,757755,3952832,2
2026-09-20T11:13:23.067900+00:00,20898,757780,3951974,2
2026-09-20T11:13:23.083616+00:00,20899,757806,3951055,2
2026-09-20T11:13:23.115880+00:00,20900,757831,3949794,2
2026-09-20T11:13:23.129318+00:00,20901,757856,3949565,2
2026-09-20T11:13:23.161551+00:00,20902,757881,3950738,2
2026-09-20T11:13:23.176691+00:00,20903,757906,3951305,2
2026-09-20T11:13:23.207546+00:00,20904,757932,3951729,2
2026-09-20T11:13:23.238928+00:00,20905,757957,3951757,2
2026-09-20T11:13:23.254875+00:00,20906,757982,3951159,2
2026-09-20T11:13:23.287438+00:00,20907,758007,3952325,2
2026-09-20T11:13:23.307870+00:00,20908,758032,3954276,2
2026-09-20T11:13:23.341234+00:00,20909,758058,3955170,2
2026-09-20T11:13:23.356266+00:00,20910,758083,3955114,2
2026-09-20T11:13:23.388632+00:00,20911,758108,3956672,2
2026-09-20T11:13:23.419922+00:00,20912,758133,3959384,2
2026-09-20T11:13:23.435909+00:00,20913,758158,3962305,2
2026-09-20T11:13:23.467206+00:00,20914,758183,3965296,2
2026-09-20T11:13:23.483899+00:00,20915,758209,3970465,2
2026-09-20T11:13:23.514884+00:00,20916,758234,3980651,2
2026-09-20T11:13:23.547878+00:00,20917,758259,4002836,2
2026-09-20T11:13:23.563868+00:00,20918,758284,4050125,2
2026-09-20T11:13:23.583452+00:00,20919,758309,4142170,2
2026-09-20T11:13:23.598743+00:00,20920,758335,4282581,2
2026-09-20T11:13:23.631917+00:00,20921,758360,4411185,2
2026-09-20T11:13:23.660954+00:00,20922,758385,4475289,2
2026-09-20T11:13:23.692403+00:00,20923,758410,4506624,2
2026-09-20T11:13:23.724015+00:00,20924,758435,4533821,2
2026-09-20T11:13:23.740013+00:00,20925,758461,4525620,2
2026-09-20T11:13:23.773012+00:00,20926,758486,4474982,2
2026-09-20T11:13:23.789017+00:00,20927,758511,4403938,2
2026-09-20T11:13:23.820012+00:00,20928,758536,4335081,2
2026-09-20T11:13:23.836030+00:00,20929,758561,4275061,2
2026-09-20T11:13:23.868014+00:00,20930,758587,4217816,2
2026-09-20T11:13:23.899873+00:00,20931,758612,4177674,2
2026-09-20T11:13:23.915835+00:00,20932,758637,4176784,2
2026-09-20T11:13:23.947856+00:00,20933,758662,4202136,2
2026-09-20T11:13:23.963880+00:00,20934,758687,4196451,2
2026-09-20T11:13:23.997250+00:00,20935,758712,4134752,2
2026-09-20T11:13:24.011875+00:00,20936,758738,4058511,2
2026-09-20T11:13:24.043873+00:00,20937,758763,4008893,2
2026-09-20T11:13:24.076663+00:00,20938,758788,3986166,2
2026-09-20T11:13:24.093155+00:00,20939,758813,3974778,2
2026-09-20T11:13:24.124007+00:00,20940,758838,3967720,2
2026-09-20T11:13:24.141247+00:00,20941,758864,3970478,2
2026-09-20T11:13:24.173600+00:00,20942,758889,3966210,2
2026-09-20T11:13:24.188585+00:00,20943,758914,3948280,2
2026-09-20T11:13:24.221055+00:00,20944,758939,3938932,2
2026-09-20T11:13:24.253901+00:00,20945,758964,3942325,2
2026-09-20T11:13:24.267895+00:00,20946,758990,3947556,2
2026-09-20T11:13:24.299850+00:00,20947,759015,3945506,2
2026-09-20T11:13:24.315865+00:00,20948,759040,3933211,2
2026-09-20T11:13:24.347847+00:00,20949,759065,3934002,2
2026-09-20T11:13:24.363851+00:00,20950,759090,3953227,2
2026-09-20T11:13:24.395867+00:00,20951,759116,3963554,2
2026-09-20T11:13:24.428874+00:00,20952,759141,3960438,2
2026-09-20T11:13:24.444396+00:00,20953,759166,3962452,2
2026-09-20T11:13:24.475925+00:00,20954,759191,3963908,2
2026-09-20T11:13:24.491813+00:00,20955,759216,3954407,2
2026-09-20T11:13:24.524974+00:00,20956,759242,3943654,2
2026-09-20T11:13:24.541224+00:00,20957,759267,3948197,2
2026-09-20T11:13:24.573615+00:00,20958,759292,3960464,2
2026-09-20T11:13:24.603836+00:00,20959,759317,3961562,2
2026-09-20T11:13:24.619878+00:00,20960,759342,3951498,2
2026-09-20T11:13:24.652965+00:00,20961,759367,3948874,2
2026-09-20T11:13:24.667856+00:00,20962,759393,3955247,2
2026-09-20T11:13:24.700883+00:00,20963,759418,3954498,2
2026-09-20T11:13:24.716917+00:00,20964,759443,3945531,2
2026-09-20T11:13:24.747915+00:00,20965,759468,3936821,2
2026-09-20T11:13:24.780917+00:00,20966,759493,3927304,2
2026-09-20T11:13:24.797035+00:00,20967,759519,3920064,2
2026-09-20T11:13:24.827915+00:00,20968,759544,3921240,2
2026-09-20T11:13:24.843915+00:00,20969,759569,3919406,2
2026-09-20T11:13:24.875943+00:00,20970,759594,3912717,2
2026-09-20T11:13:24.907946+00:00,20971,759619,3905523,2
2026-09-20T11:13:24.924811+00:00,20972,759645,3894449,2
2026-09-20T11:13:24.956920+00:00,20973,759670,3882855,2
2026-09-20T11:13:24.972591+00:00,20974,759695,3871851,2
2026-09-20T11:13:25.004944+00:00,20975,759720,3853508,2
2026-09-20T11:13:25.019863+00:00,20976,759745,3826596,2
2026-09-20T11:13:25.051840+00:00,20977,759770,3800741,2
2026-09-20T11:13:25.083843+00:00,20978,759796,3776187,2
2026-09-20T11:13:25.099833+00:00,20979,759821,3754033,2
2026-09-20T11:13:25.132987+00:00,20980,759846,3737491,2
2026-09-20T11:13:25.147843+00:00,20981,759871,3714655,2
2026-09-20T11:13:25.179829+00:00,20982,759896,3684051,2
2026-09-20T11:13:25.197041+00:00,20983,759922,3654347,2
2026-09-20T11:13:25.227828+00:00,20984,759947,3610235,2
2026-09-20T11:13:25.260556+00:00,20985,759972,3549435,2
2026-09-20T11:13:25.276679+00:00,20986,759997,3491222,2
2026-09-20T11:13:25.309086+00:00,20987,760022,3443250,2
2026-09-20T11:13:25.324036+00:00,20988,760048,3383821,2
2026-09-20T11:13:25.356439+00:00,20989,760073,3281178,2
2026-09-20T11:13:25.372385+00:00,20990,760098,3246894,2
2026-09-20T11:13:25.404839+00:00,20991,760123,3394075,2
2026-09-20T11:13:25.435916+00:00,20992,760148,3557654,2
2026-09-20T11:13:25.452855+00:00,20993,760174,3679691,2
2026-09-20T11:13:25.484924+00:00,20994,760199,3765868,2
2026-09-20T11:13:25.500868+00:00,20995,760224,3824302,2
2026-09-20T11:13:25.531821+00:00,20996,760249,3863377,2
2026-09-20T11:13:25.548827+00:00,20997,760274,3889048,2
2026-09-20T11:13:25.579825+00:00,20998,760300,3904997,2
2026-09-20T11:13:25.611781+00:00,20999,760325,3915807,2
2026-09-20T11:13:25.628544+00:00,21000,760350,3922893,2
2026-09-20T11:13:25.649834+00:00,21001,760375,3927520,2
2026-09-20T11:13:25.666529+00:00,21002,760400,3930714,2
2026-09-20T11:13:25.708384+00:00,21003,760426,3932616,2
2026-09-20T11:13:25.724381+00:00,21004,760451,3933966,2
2026-09-20T11:13:25.756393+00:00,21005,760476,3934983,2
2026-09-20T11:13:25.789383+00:00,21006,760501,3936131,2
2026-09-20T11:13:25.804381+00:00,21007,760526,3937579,2
2026-09-20T11:13:25.836383+00:00,21008,760551,3937977,2
2026-09-20T11:13:25.900387+00:00,21009,760614,3938958,2
2026-09-20T11:13:25.903567+00:00,21010,760627,3939326,2
2026-09-20T11:13:25.931858+00:00,21011,760652,3940569,2
2026-09-20T11:13:25.963800+00:00,21012,760677,3941557,2
2026-09-20T11:13:25.979796+00:00,21013,760703,3941973,2
2026-09-20T11:13:26.011802+00:00,21014,760728,3942527,2
2026-09-20T11:13:26.027813+00:00,21015,760753,3941394,2
2026-09-20T11:13:26.059803+00:00,21016,760778,3940154,2
2026-09-20T11:13:26.091810+00:00,21017,760803,3939952,2
2026-09-20T11:13:26.107799+00:00,21018,760829,3940280,2
2026-09-20T11:13:26.140256+00:00,21019,760854,3940855,2
2026-09-20T11:13:26.156918+00:00,21020,760879,3941648,2
2026-09-20T11:13:26.189539+00:00,21021,760904,3941298,2
2026-09-20T11:13:26.204958+00:00,21022,760929,3940753,2
2026-09-20T11:13:26.237179+00:00,21023,760955,3941261,2
2026-09-20T11:13:26.268951+00:00,21024,760980,3941446,2
2026-09-20T11:13:26.283803+00:00,21025,761005,3940701,2
2026-09-20T11:13:26.315807+00:00,21026,761030,3940191,2
2026-09-20T11:13:26.331791+00:00,21027,761055,3941164,2
2026-09-20T11:13:26.365534+00:00,21028,761081,3941856,2
2026-09-20T11:13:26.379611+00:00,21029,761106,3941578,2
2026-09-20T11:13:26.411802+00:00,21030,761131,3941540,2
2026-09-20T11:13:26.443593+00:00,21031,761156,3941480,2
2026-09-20T11:13:26.459853+00:00,21032,761181,3941490,2
2026-09-20T11:13:26.493053+00:00,21033,761206,3940901,2
2026-09-20T11:13:26.508945+00:00,21034,761232,3940228,2
2026-09-20T11:13:26.540755+00:00,21035,761257,3940713,2
2026-09-20T11:13:26.555937+00:00,21036,761282,3941623,2
2026-09-20T11:13:26.588888+00:00,21037,761307,3943023,2
2026-09-20T11:13:26.619784+00:00,21038,761332,3943474,2
2026-09-20T11:13:26.635808+00:00,21039,761358,3943833,2
2026-09-20T11:13:26.668877+00:00,21040,761383,3944529,2
2026-09-20T11:13:26.683814+00:00,21041,761408,3944516,2
2026-09-20T11:13:26.716822+00:00,21042,761433,3944106,2
2026-09-20T11:13:26.732819+00:00,21043,761458,3944569,2
2026-09-20T11:13:26.763817+00:00,21044,761483,3945234,2
2026-09-20T11:13:26.798950+00:00,21045,761509,3945492,2
2026-09-20T11:13:26.812822+00:00,21046,761534,3944651,2
2026-09-20T11:13:26.843820+00:00,21047,761559,3942959,2
2026-09-20T11:13:26.860820+00:00,21048,761584,3942588,2
2026-09-20T11:13:26.892821+00:00,21049,761609,3943496,2
2026-09-20T11:13:26.907886+00:00,21050,761635,3944425,2
2026-09-20T11:13:26.940337+00:00,21051,761660,3943215,2
2026-09-20T11:13:26.972576+00:00,21052,761685,3943014,2
2026-09-20T11:13:26.988822+00:00,21053,761710,3944297,2
2026-09-20T11:13:27.020825+00:00,21054,761735,3945794,2
2026-09-20T11:13:27.035793+00:00,21055,761761,3945673,2
2026-09-20T11:13:27.069009+00:00,21056,761786,3945833,2
2026-09-20T11:13:27.083780+00:00,21057,761811,3946568,2
2026-09-20T11:13:27.115780+00:00,21058,761836,3946365,2
2026-09-20T11:13:27.147807+00:00,21059,761861,3945855,2
2026-09-20T11:13:27.164199+00:00,21060,761886,3946755,2
2026-09-20T11:13:27.195769+00:00,21061,761912,3947558,2
2026-09-20T11:13:27.211780+00:00,21062,761937,3948220,2
2026-09-20T11:13:27.243792+00:00,21063,761962,3950287,2
2026-09-20T11:13:27.260179+00:00,21064,761987,3952795,2
2026-09-20T11:13:27.292286+00:00,21065,762012,3955261,2
2026-09-20T11:13:27.324610+00:00,21066,762038,3955610,2
2026-09-20T11:13:27.340280+00:00,21067,762063,3955717,2
2026-09-20T11:13:27.371981+00:00,21068,762088,3957146,2
2026-09-20T11:13:27.388787+00:00,21069,762113,3959029,2
2026-09-20T11:13:27.419765+00:00,21070,762138,3961986,2
2026-09-20T11:13:27.452617+00:00,21071,762164,3967716,2
2026-09-20T11:13:27.468888+00:00,21072,762189,3975307,2
2026-09-20T11:13:27.499851+00:00,21073,762214,3983092,2
2026-09-20T11:13:27.517839+00:00,21074,762239,3996425,2
2026-09-20T11:13:27.548816+00:00,21075,762264,4015045,2
2026-09-20T11:13:27.564811+00:00,21076,762289,4035117,2
2026-09-20T11:13:27.596994+00:00,21077,762315,4068925,2
2026-09-20T11:13:27.627762+00:00,21078,762340,4133275,2
2026-09-20T11:13:27.644803+00:00,21079,762365,4253181,2
2026-09-20T11:13:27.676616+00:00,21080,762390,4468123,2
2026-09-20T11:13:27.692796+00:00,21081,762415,4720859,2
2026-09-20T11:13:27.724962+00:00,21082,762441,4867768,2
2026-09-20T11:13:27.741965+00:00,21083,762466,4791083,2
2026-09-20T11:13:27.771962+00:00,21084,762491,4546134,2
2026-09-20T11:13:27.803960+00:00,21085,762516,4404597,2
2026-09-20T11:13:27.820966+00:00,21086,762541,4437301,2
2026-09-20T11:13:27.851966+00:00,21087,762567,4525684,2
2026-09-20T11:13:27.868963+00:00,21088,762592,4620271,2
2026-09-20T11:13:27.899759+00:00,21089,762617,4724205,2
2026-09-20T11:13:27.915773+00:00,21090,762642,4879301,2
2026-09-20T11:13:27.947740+00:00,21091,762667,5161761,2
2026-09-20T11:13:27.979738+00:00,21092,762692,5391105,2
2026-09-20T11:13:27.995749+00:00,21093,762718,5327220,2
2026-09-20T11:13:28.027943+00:00,21094,762743,5056787,2
2026-09-20T11:13:28.043748+00:00,21095,762768,4782533,2
2026-09-20T11:13:28.077090+00:00,21096,762793,4605154,2
2026-09-20T11:13:28.092326+00:00,21097,762818,4466199,2
2026-09-20T11:13:28.123747+00:00,21098,762844,4330204,2
2026-09-20T11:13:28.155924+00:00,21099,762869,4205641,2
2026-09-20T11:13:28.172875+00:00,21100,762894,4104134,2
2026-09-20T11:13:28.204838+00:00,21101,762919,4034619,2
2026-09-20T11:13:28.219862+00:00,21102,762944,4007935,2
2026-09-20T11:13:28.252813+00:00,21103,762970,3985187,2
2026-09-20T11:13:28.269095+00:00,21104,762995,3954290,2
2026-09-20T11:13:28.299755+00:00,21105,763020,3939016,2
2026-09-20T11:13:28.331748+00:00,21106,763045,3919388,2
2026-09-20T11:13:28.347749+00:00,21107,763070,3899229,2
2026-09-20T11:13:28.380191+00:00,21108,763095,3886125,2
2026-09-20T11:13:28.395785+00:00,21109,763121,3873564,2
2026-09-20T11:13:28.427737+00:00,21110,763146,3866145,2
2026-09-20T11:13:28.443754+00:00,21111,763171,3864611,2
2026-09-20T11:13:28.476895+00:00,21112,763196,3855224,2
2026-09-20T11:13:28.507734+00:00,21113,763221,3840818,2
2026-09-20T11:13:28.524768+00:00,21114,763247,3844796,2
2026-09-20T11:13:28.555952+00:00,21115,763272,3847391,2
2026-09-20T11:13:28.573604+00:00,21116,763297,3839951,2
2026-09-20T11:13:28.603733+00:00,21117,763322,3848998,2
2026-09-20T11:13:28.619790+00:00,21118,763347,3858678,2
2026-09-20T11:13:28.652913+00:00,21119,763373,3854663,2
2026-09-20T11:13:28.683713+00:00,21120,763398,3858579,2
2026-09-20T11:13:28.699731+00:00,21121,763423,3865032,2
2026-09-20T11:13:28.731854+00:00,21122,763448,3859974,2
2026-09-20T11:13:28.747853+00:00,21123,763473,3854766,2
2026-09-20T11:13:28.779852+00:00,21124,763498,3842209,2
2026-09-20T11:13:28.811851+00:00,21125,763524,3829274,2
2026-09-20T11:13:28.827853+00:00,21126,763549,3827885,2
2026-09-20T11:13:28.859853+00:00,21127,763574,3818956,2
2026-09-20T11:13:28.875851+00:00,21128,763599,3797948,2
2026-09-20T11:13:28.908895+00:00,21129,763626,3770970,2
2026-09-20T11:13:28.923739+00:00,21130,763650,3730703,2
2026-09-20T11:13:28.957929+00:00,21131,763675,3663659,2
2026-09-20T11:13:28.987581+00:00,21132,763700,3576438,2
2026-09-20T11:13:29.003735+00:00,21133,763725,3502281,2
2026-09-20T11:13:29.035750+00:00,21134,763750,3436857,2
2026-09-20T11:13:29.051724+00:00,21135,763775,3357454,2
2026-09-20T11:13:29.083537+00:00,21136,763801,3253076,2
2026-09-20T11:13:29.099731+00:00,21137,763826,3106154,2
2026-09-20T11:13:29.131726+00:00,21138,763851,2929223,2
2026-09-20T11:13:29.163536+00:00,21139,763876,2810885,2
2026-09-20T11:13:29.180963+00:00,21140,763901,2715454,2
2026-09-20T11:13:29.211783+00:00,21141,763927,2452233,2
2026-09-20T11:13:29.227678+00:00,21142,763952,2264386,2
2026-09-20T11:13:29.260052+00:00,21143,763977,2535955,2
2026-09-20T11:13:29.275712+00:00,21144,764002,2900072,2
2026-09-20T11:13:29.307796+00:00,21145,764027,3185327,2
2026-09-20T11:13:29.340258+00:00,21146,764052,3400923,2
2026-09-20T11:13:29.357930+00:00,21147,764078,3560966,2
2026-09-20T11:13:29.387712+00:00,21148,764103,3676226,2
2026-09-20T11:13:29.405006+00:00,21149,764128,3757698,2
2026-09-20T11:13:29.436812+00:00,21150,764153,3814091,2
2026-09-20T11:13:29.451592+00:00,21151,764178,3851977,2
2026-09-20T11:13:29.483724+00:00,21152,764204,3877338,2
2026-09-20T11:13:29.515710+00:00,21153,764229,3894506,2
2026-09-20T11:13:29.532803+00:00,21154,764254,3906371,2
2026-09-20T11:13:29.564952+00:00,21155,764279,3914111,2
2026-09-20T11:13:29.579782+00:00,21156,764304,3918747,2
2026-09-20T11:13:29.611701+00:00,21157,764330,3922180,2
2026-09-20T11:13:29.627701+00:00,21158,764355,3924805,2
2026-09-20T11:13:29.659980+00:00,21159,764380,3927018,2
2026-09-20T11:13:29.691561+00:00,21160,764405,3928921,2
2026-09-20T11:13:29.708951+00:00,21161,764430,3929715,2
2026-09-20T11:13:29.739950+00:00,21162,764455,3930535,2
2026-09-20T11:13:29.755954+00:00,21163,764481,3931313,2
2026-09-20T11:13:29.821949+00:00,21164,764541,3932515,2
2026-09-20T11:13:29.835956+00:00,21165,764556,3933383,2
2026-09-20T11:13:29.868755+00:00,21166,764581,3934260,2
2026-09-20T11:13:29.883707+00:00,21167,764607,3935265,2
2026-09-20T11:13:29.915701+00:00,21168,764632,3935237,2
2026-09-20T11:13:29.931704+00:00,21169,764657,3935217,2
2026-09-20T11:13:29.963710+00:00,21170,764682,3935266,2
2026-09-20T11:13:29.990534+00:00,21171,764707,3935560,2
2026-09-20T11:13:30.019941+00:00,21172,764733,3935883,2
2026-09-20T11:13:30.043697+00:00,21173,764758,3936209,2
2026-09-20T11:13:30.059762+00:00,21174,764783,3936067,2
2026-09-20T11:13:30.092556+00:00,21175,764808,3935801,2
2026-09-20T11:13:30.108970+00:00,21176,764833,3934398,2
2026-09-20T11:13:30.140565+00:00,21177,764858,3934010,2
2026-09-20T11:13:30.155926+00:00,21178,764884,3934144,2
2026-09-20T11:13:30.188591+00:00,21179,764909,3935385,2
2026-09-20T11:13:30.219997+00:00,21180,764934,3936047,2
2026-09-20T11:13:30.235700+00:00,21181,764959,3936615,2
2026-09-20T11:13:30.268643+00:00,21182,764984,3937552,2
2026-09-20T11:13:30.283709+00:00,21183,765010,3937876,2
2026-09-20T11:13:30.315697+00:00,21184,765035,3938109,2
2026-09-20T11:13:30.347698+00:00,21185,765060,3938663,2
2026-09-20T11:13:30.364723+00:00,21186,765085,3939343,2
2026-09-20T11:13:30.396471+00:00,21187,765110,3939621,2
2026-09-20T11:13:30.411692+00:00,21188,765136,3938871,2
2026-09-20T11:13:30.443710+00:00,21189,765161,3938774,2
2026-09-20T11:13:30.459704+00:00,21190,765186,3939465,2
2026-09-20T11:13:30.492292+00:00,21191,765211,3940245,2
2026-09-20T11:13:30.525595+00:00,21192,765236,3940697,2
2026-09-20T11:13:30.541326+00:00,21193,765261,3939629,2
2026-09-20T11:13:30.572630+00:00,21194,765287,3938676,2
2026-09-20T11:13:30.588827+00:00,21195,765312,3937826,2
2026-09-20T11:13:30.621775+00:00,21196,765337,3936624,2
2026-09-20T11:13:30.635684+00:00,21197,765362,3935337,2
2026-09-20T11:13:30.667742+00:00,21198,765387,3934328,2
2026-09-20T11:13:30.699680+00:00,21199,765413,3934066,2
2026-09-20T11:13:30.716707+00:00,21200,765438,3935644,2
2026-09-20T11:13:30.747705+00:00,21201,765463,3936730,2
2026-09-20T11:13:30.763705+00:00,21202,765488,3937945,2
2026-09-20T11:13:30.796782+00:00,21203,765513,3939530,2
2026-09-20T11:13:30.811706+00:00,21204,765539,3940153,2
2026-09-20T11:13:30.843706+00:00,21205,765564,3939807,2
2026-09-20T11:13:30.875702+00:00,21206,765589,3938715,2
2026-09-20T11:13:30.891682+00:00,21207,765614,3938340,2
2026-09-20T11:13:30.923686+00:00,21208,765639,3938463,2
2026-09-20T11:13:30.940301+00:00,21209,765664,3938771,2
2026-09-20T11:13:30.971978+00:00,21210,765690,3938786,2
2026-09-20T11:13:30.987675+00:00,21211,765715,3938405,2
2026-09-20T11:13:31.020733+00:00,21212,765740,3939424,2
2026-09-20T11:13:31.051681+00:00,21213,765765,3940566,2
2026-09-20T11:13:31.067686+00:00,21214,765790,3940890,2
2026-09-20T11:13:31.099691+00:00,21215,765816,3941714,2
2026-09-20T11:13:31.115694+00:00,21216,765841,3943915,2
2026-09-20T11:13:31.147748+00:00,21217,765866,3945308,2
2026-09-20T11:13:31.163711+00:00,21218,765891,3946143,2
2026-09-20T11:13:31.195678+00:00,21219,765916,3948664,2
2026-09-20T11:13:31.227711+00:00,21220,765942,3950901,2
2026-09-20T11:13:31.243681+00:00,21221,765967,3951235,2
2026-09-20T11:13:31.276711+00:00,21222,765992,3950940,2
2026-09-20T11:13:31.291719+00:00,21223,766017,3951141,2
2026-09-20T11:13:31.324604+00:00,21224,766042,3951424,2
2026-09-20T11:13:31.340203+00:00,21225,766067,3951629,2
2026-09-20T11:13:31.372615+00:00,21226,766093,3952062,2
2026-09-20T11:13:31.405658+00:00,21227,766118,3952145,2
2026-09-20T11:13:31.419699+00:00,21228,766143,3951955,2
2026-09-20T11:13:31.451693+00:00,21229,766168,3954068,2
2026-09-20T11:13:31.467684+00:00,21230,766193,3957690,2
2026-09-20T11:13:31.499689+00:00,21231,766219,3962635,2
2026-09-20T11:13:31.515690+00:00,21232,766244,3969088,2
2026-09-20T11:13:31.547756+00:00,21233,766269,3973440,2
2026-09-20T11:13:31.579682+00:00,21234,766294,3980811,2
2026-09-20T11:13:31.596752+00:00,21235,766319,3996928,2
2026-09-20T11:13:31.627679+00:00,21236,766345,4021802,2
2026-09-20T11:13:31.643652+00:00,21237,766370,4077400,2
2026-09-20T11:13:31.675674+00:00,21238,766395,4191117,2
2026-09-20T11:13:31.707984+00:00,21239,766420,4302310,2
2026-09-20T11:13:31.725002+00:00,21240,766445,4335540,2
2026-09-20T11:13:31.755984+00:00,21241,766470,4304137,2
2026-09-20T11:13:31.773142+00:00,21242,766496,4261428,2
2026-09-20T11:13:31.804363+00:00,21243,766521,4260808,2
2026-09-20T11:13:31.820454+00:00,21244,766546,4274532,2
2026-09-20T11:13:31.852354+00:00,21245,766571,4248363,2
2026-09-20T11:13:31.883667+00:00,21246,766596,4193076,2
2026-09-20T11:13:31.900499+00:00,21247,766622,4146641,2
2026-09-20T11:13:31.932274+00:00,21248,766647,4132211,2
2026-09-20T11:13:31.948273+00:00,21249,766672,4130707,2
2026-09-20T11:13:31.981272+00:00,21250,766697,4135828,2
2026-09-20T11:13:31.996273+00:00,21251,766722,4213334,2
2026-09-20T11:13:32.029275+00:00,21252,766747,4429044,2
2026-09-20T11:13:32.060273+00:00,21253,766773,4799818,2
2026-09-20T11:13:32.076273+00:00,21254,766798,5278194,2
2026-09-20T11:13:32.108270+00:00,21255,766823,5527075,2
2026-09-20T11:13:32.124281+00:00,21256,766848,5376846,2
2026-09-20T11:13:32.156273+00:00,21257,766873,5058187,2
2026-09-20T11:13:32.172340+00:00,21258,766899,4763504,2
2026-09-20T11:13:32.206280+00:00,21259,766924,4555024,2
2026-09-20T11:13:32.235641+00:00,21260,766949,4397264,2
2026-09-20T11:13:32.251645+00:00,21261,766974,4262959,2
2026-09-20T11:13:32.284705+00:00,21262,766999,4173135,2
2026-09-20T11:13:32.300562+00:00,21263,767025,4098398,2
2026-09-20T11:13:32.332676+00:00,21264,767050,4027928,2
2026-09-20T11:13:32.347647+00:00,21265,767075,3985125,2
2026-09-20T11:13:32.379618+00:00,21266,767100,3958008,2
2026-09-20T11:13:32.411634+00:00,21267,767125,3923400,2
2026-09-20T11:13:32.427643+00:00,21268,767150,3890806,2
2026-09-20T11:13:32.459625+00:00,21269,767176,3865582,2
2026-09-20T11:13:32.475638+00:00,21270,767201,3857095,2
2026-09-20T11:13:32.508338+00:00,21271,767226,3856988,2
2026-09-20T11:13:32.524592+00:00,21272,767251,3849847,2
2026-09-20T11:13:32.556933+00:00,21273,767276,3843449,2
2026-09-20T11:13:32.588642+00:00,21274,767302,3848800,2
2026-09-20T11:13:32.604721+00:00,21275,767327,3853306,2
2026-09-20T11:13:32.635646+00:00,21276,767352,3847398,2
2026-09-20T11:13:32.651636+00:00,21277,767377,3842710,2
2026-09-20T11:13:32.683650+00:00,21278,767402,3837885,2
2026-09-20T11:13:32.699655+00:00,21279,767428,3831797,2
2026-09-20T11:13:32.732592+00:00,21280,767453,3826152,2
2026-09-20T11:13:32.763590+00:00,21281,767478,3817899,2
2026-09-20T11:13:32.779628+00:00,21282,767503,3806844,2
2026-09-20T11:13:32.811647+00:00,21283,767528,3801068,2
2026-09-20T11:13:32.829610+00:00,21284,767553,3791258,2
2026-09-20T11:13:32.859606+00:00,21285,767579,3782831,2
2026-09-20T11:13:32.877636+00:00,21286,767604,3792907,2
2026-09-20T11:13:32.907634+00:00,21287,767629,3806035,2
2026-09-20T11:13:32.940410+00:00,21288,767654,3805751,2
2026-09-20T11:13:32.956438+00:00,21289,767679,3803958,2
2026-09-20T11:13:32.988806+00:00,21290,767705,3814560,2
2026-09-20T11:13:33.003661+00:00,21291,767730,3827815,2
2026-09-20T11:13:33.035644+00:00,21292,767755,3825557,2
2026-09-20T11:13:33.067631+00:00,21293,767780,3816820,2
2026-09-20T11:13:33.083644+00:00,21294,767805,3809070,2
2026-09-20T11:13:33.115621+00:00,21295,767831,3788129,2
2026-09-20T11:13:33.131647+00:00,21296,767856,3753227,2
2026-09-20T11:13:33.164646+00:00,21297,767881,3707045,2
2026-09-20T11:13:33.179585+00:00,21298,767906,3633564,2
2026-09-20T11:13:33.211659+00:00,21299,767931,3523585,2
2026-09-20T11:13:33.243596+00:00,21300,767956,3385343,2
2026-09-20T11:13:33.259626+00:00,21301,767982,3211679,2
2026-09-20T11:13:33.298000+00:00,21302,768007,2991431,2
2026-09-20T11:13:33.308871+00:00,21303,768032,2729861,2
2026-09-20T11:13:33.341638+00:00,21304,768057,2432070,2
2026-09-20T11:13:33.355623+00:00,21305,768082,2497428,2
2026-09-20T11:13:33.387636+00:00,21306,768108,2840954,2
2026-09-20T11:13:33.419644+00:00,21307,768133,3143221,2
2026-09-20T11:13:33.435609+00:00,21308,768158,3371612,2
2026-09-20T11:13:33.468736+00:00,21309,768183,3540965,2
2026-09-20T11:13:33.485151+00:00,21310,768208,3663336,2
2026-09-20T11:13:33.518722+00:00,21311,768234,3749745,2
2026-09-20T11:13:33.531768+00:00,21312,768259,3809088,2
2026-09-20T11:13:33.570473+00:00,21313,768284,3849304,2
2026-09-20T11:13:33.614288+00:00,21314,768309,3876592,2
2026-09-20T11:13:33.620050+00:00,21315,768334,3894398,2
2026-09-20T11:13:33.645551+00:00,21316,768359,3905538,2
2026-09-20T11:13:33.659622+00:00,21317,768385,3913179,2
2026-09-20T11:13:33.692505+00:00,21318,768410,3918795,2
2026-09-20T11:13:33.709712+00:00,21319,768435,3922916,2
2026-09-20T11:13:33.740521+00:00,21320,768460,3924701,2
2026-09-20T11:13:33.772521+00:00,21321,768485,3926129,2
2026-09-20T11:13:33.789520+00:00,21322,768511,3928229,2
2026-09-20T11:13:33.819615+00:00,21323,768536,3929655,2
2026-09-20T11:13:33.835618+00:00,21324,768561,3930224,2
2026-09-20T11:13:33.868532+00:00,21325,768586,3930937,2
2026-09-20T11:13:33.930704+00:00,21326,768644,3932346,2
2026-09-20T11:13:33.948003+00:00,21327,768662,3932727,2
2026-09-20T11:13:33.965796+00:00,21328,768687,3932779,2
2026-09-20T11:13:33.997328+00:00,21329,768712,3933307,2
2026-09-20T11:13:34.013329+00:00,21330,768737,3933477,2
2026-09-20T11:13:34.044352+00:00,21331,768762,3933287,2
2026-09-20T11:13:34.061332+00:00,21332,768788,3933922,2
2026-09-20T11:13:34.091684+00:00,21333,768813,3934786,2
2026-09-20T11:13:34.123454+00:00,21334,768838,3935554,2
2026-09-20T11:13:34.140793+00:00,21335,768863,3935349,2
2026-09-20T11:13:34.172923+00:00,21336,768888,3934250,2
2026-09-20T11:13:34.189060+00:00,21337,768914,3934301,2
2026-09-20T11:13:34.220705+00:00,21338,768939,3934596,2
2026-09-20T11:13:34.236424+00:00,21339,768964,3934944,2
2026-09-20T11:13:34.268640+00:00,21340,768989,3935485,2
2026-09-20T11:13:34.299592+00:00,21341,769014,3935892,2
2026-09-20T11:13:34.315596+00:00,21342,769040,3936217,2
2026-09-20T11:13:34.347584+00:00,21343,769065,3936570,2
2026-09-20T11:13:34.363590+00:00,21344,769090,3936521,2
2026-09-20T11:13:34.396634+00:00,21345,769115,3937189,2
2026-09-20T11:13:34.411596+00:00,21346,769140,3938116,2
2026-09-20T11:13:34.443386+00:00,21347,769165,3938818,2
2026-09-20T11:13:34.475646+00:00,21348,769191,3938827,2
2026-09-20T11:13:34.492733+00:00,21349,769216,3939225,2
2026-09-20T11:13:34.524688+00:00,21350,769241,3938735,2
2026-09-20T11:13:34.541325+00:00,21351,769266,3938401,2
2026-09-20T11:13:34.572623+00:00,21352,769291,3939347,2
2026-09-20T11:13:34.603615+00:00,21353,769317,3939345,2
2026-09-20T11:13:34.619582+00:00,21354,769342,3938865,2
2026-09-20T11:13:34.652747+00:00,21355,769367,3938902,2
2026-09-20T11:13:34.669721+00:00,21356,769392,3939090,2
2026-09-20T11:13:34.700613+00:00,21357,769417,3938926,2
2026-09-20T11:13:34.716613+00:00,21358,769443,3938798,2
2026-09-20T11:13:34.747608+00:00,21359,769468,3938308,2
2026-09-20T11:13:34.779616+00:00,21360,769493,3937146,2
2026-09-20T11:13:34.795609+00:00,21361,769518,3937019,2
2026-09-20T11:13:34.827609+00:00,21362,769543,3937392,2
2026-09-20T11:13:34.843609+00:00,21363,769568,3938833,2
2026-09-20T11:13:34.876619+00:00,21364,769594,3940086,2
2026-09-20T11:13:34.891609+00:00,21365,769619,3939585,2
2026-09-20T11:13:34.923539+00:00,21366,769644,3939278,2
2026-09-20T11:13:34.955581+00:00,21367,769669,3938949,2
2026-09-20T11:13:34.971398+00:00,21368,769694,3939352,2
2026-09-20T11:13:35.003588+00:00,21369,769720,3940594,2
2026-09-20T11:13:35.019368+00:00,21370,769745,3940995,2
2026-09-20T11:13:35.051629+00:00,21371,769770,3940966,2
2026-09-20T11:13:35.067571+00:00,21372,769795,3942206,2
2026-09-20T11:13:35.100215+00:00,21373,769820,3944851,2
2026-09-20T11:13:35.131575+00:00,21374,769845,3947729,2
2026-09-20T11:13:35.147496+00:00,21375,769871,3949895,2
2026-09-20T11:13:35.179584+00:00,21376,769896,3952841,2
2026-09-20T11:13:35.195575+00:00,21377,769921,3958189,2
2026-09-20T11:13:35.227580+00:00,21378,769946,3963164,2
2026-09-20T11:13:35.243446+00:00,21379,769971,3969236,2
2026-09-20T11:13:35.275604+00:00,21380,769997,3976950,2
2026-09-20T11:13:35.307577+00:00,21381,770022,3982851,2
2026-09-20T11:13:35.324548+00:00,21382,770047,3990357,2
2026-09-20T11:13:35.356503+00:00,21383,770072,4010952,2
2026-09-20T11:13:35.372419+00:00,21384,770097,4073493,2
2026-09-20T11:13:35.403589+00:00,21385,770123,4282521,2
2026-09-20T11:13:35.420738+00:00,21386,770148,4799152,2
2026-09-20T11:13:35.452737+00:00,21387,770173,5454167,2
2026-09-20T11:13:35.484775+00:00,21388,770198,5725796,2
2026-09-20T11:13:35.499617+00:00,21389,770223,5570706,2
2026-09-20T11:13:35.531565+00:00,21390,770248,5365492,2
2026-09-20T11:13:35.547559+00:00,21391,770274,5214979,2
2026-09-20T11:13:35.579560+00:00,21392,770299,5042703,2
2026-09-20T11:13:35.596678+00:00,21393,770324,4857373,2
2026-09-20T11:13:35.627570+00:00,21394,770349,4649108,2
2026-09-20T11:13:35.659732+00:00,21395,770374,4451023,2
2026-09-20T11:13:35.675566+00:00,21396,770400,4296693,2
2026-09-20T11:13:35.709029+00:00,21397,770425,4185278,2
2026-09-20T11:13:35.725980+00:00,21398,770450,4112660,2
2026-09-20T11:13:35.755969+00:00,21399,770475,4062114,2
2026-09-20T11:13:35.771970+00:00,21400,770500,4022307,2
2026-09-20T11:13:35.795361+00:00,21401,770526,3994348,2
2026-09-20T11:13:35.826638+00:00,21402,770551,3970038,2
2026-09-20T11:13:35.848259+00:00,21403,770576,3948346,2
2026-09-20T11:13:35.883568+00:00,21404,770601,3928707,2
2026-09-20T11:13:35.899575+00:00,21405,770626,3912748,2
2026-09-20T11:13:35.931563+00:00,21406,770651,3901036,2
2026-09-20T11:13:35.963563+00:00,21407,770677,3897503,2
2026-09-20T11:13:35.979589+00:00,21408,770702,3899390,2
2026-09-20T11:13:36.011629+00:00,21409,770727,3896134,2
2026-09-20T11:13:36.027564+00:00,21410,770752,3893752,2
2026-09-20T11:13:36.060766+00:00,21411,770777,3893583,2
2026-09-20T11:13:36.075611+00:00,21412,770803,3895883,2
2026-09-20T11:13:36.108677+00:00,21413,770828,3890031,2
2026-09-20T11:13:36.139534+00:00,21414,770853,3874961,2
2026-09-20T11:13:36.158036+00:00,21415,770878,3868870,2
2026-09-20T11:13:36.188600+00:00,21416,770903,3873627,2
2026-09-20T11:13:36.203606+00:00,21417,770929,3880585,2
2026-09-20T11:13:36.239608+00:00,21418,770954,3885086,2
2026-09-20T11:13:36.252577+00:00,21419,770979,3883782,2
2026-09-20T11:13:36.283546+00:00,21420,771004,3881358,2
2026-09-20T11:13:36.315549+00:00,21421,771029,3882971,2
2026-09-20T11:13:36.331596+00:00,21422,771054,3882677,2
2026-09-20T11:13:36.363547+00:00,21423,771080,3874145,2
2026-09-20T11:13:36.380485+00:00,21424,771105,3867418,2
2026-09-20T11:13:36.412094+00:00,21425,771130,3878571,2
2026-09-20T11:13:36.427536+00:00,21426,771155,3888401,2
2026-09-20T11:13:36.460774+00:00,21427,771180,3882255,2
2026-09-20T11:13:36.491600+00:00,21428,771206,3868240,2
2026-09-20T11:13:36.507659+00:00,21429,771231,3850659,2
2026-09-20T11:13:36.540593+00:00,21430,771256,3835608,2
2026-09-20T11:13:36.556680+00:00,21431,771281,3826891,2
2026-09-20T11:13:36.587557+00:00,21432,771306,3811699,2
2026-09-20T11:13:36.603648+00:00,21433,771332,3787973,2
2026-09-20T11:13:36.636710+00:00,21434,771357,3779945,2
2026-09-20T11:13:36.667533+00:00,21435,771382,3781186,2
2026-09-20T11:13:36.684570+00:00,21436,771407,3771377,2
2026-09-20T11:13:36.715464+00:00,21437,771432,3760267,2
2026-09-20T11:13:36.731484+00:00,21438,771458,3745277,2
2026-09-20T11:13:36.763530+00:00,21439,771483,3714441,2
2026-09-20T11:13:36.779478+00:00,21440,771508,3667869,2
2026-09-20T11:13:36.812528+00:00,21441,771533,3608712,2
2026-09-20T11:13:36.843507+00:00,21442,771558,3541128,2
2026-09-20T11:13:36.860402+00:00,21443,771583,3468599,2
2026-09-20T11:13:36.893401+00:00,21444,771609,3391132,2
2026-09-20T11:13:36.907956+00:00,21445,771634,3302035,2
2026-09-20T11:13:36.940228+00:00,21446,771659,3163941,2
2026-09-20T11:13:36.957467+00:00,21447,771684,2868189,2
2026-09-20T11:13:36.988454+00:00,21448,771709,2672423,2
2026-09-20T11:13:37.019546+00:00,21449,771735,2899711,2
2026-09-20T11:13:37.035531+00:00,21450,771760,3194697,2
2026-09-20T11:13:37.067283+00:00,21451,771785,3416984,2
2026-09-20T11:13:37.085460+00:00,21452,771810,3578692,2
2026-09-20T11:13:37.115530+00:00,21453,771835,3693621,2
2026-09-20T11:13:37.132729+00:00,21454,771861,3773769,2
2026-09-20T11:13:37.167250+00:00,21455,771886,3827900,2
2026-09-20T11:13:37.196922+00:00,21456,771911,3863584,2
2026-09-20T11:13:37.211526+00:00,21457,771936,3886760,2
2026-09-20T11:13:37.244722+00:00,21458,771961,3901874,2
2026-09-20T11:13:37.259518+00:00,21459,771986,3911694,2
2026-09-20T11:13:37.291653+00:00,21460,772012,3917894,2
2026-09-20T11:13:37.323527+00:00,21461,772037,3922191,2
2026-09-20T11:13:37.339605+00:00,21462,772062,3925413,2
2026-09-20T11:13:37.372744+00:00,21463,772087,3927483,2
2026-09-20T11:13:37.387528+00:00,21464,772112,3929192,2
2026-09-20T11:13:37.419520+00:00,21465,772138,3930890,2
2026-09-20T11:13:37.435510+00:00,21466,772163,3931698,2
2026-09-20T11:13:37.468557+00:00,21467,772188,3932277,2
2026-09-20T11:13:37.533815+00:00,21468,772248,3933002,2
2026-09-20T11:13:37.548567+00:00,21469,772263,3933604,2
2026-09-20T11:13:37.563506+00:00,21470,772289,3934505,2
2026-09-20T11:13:37.596754+00:00,21471,772314,3934839,2
2026-09-20T11:13:37.611473+00:00,21472,772339,3934570,2
2026-09-20T11:13:37.644929+00:00,21473,772364,3934668,2
2026-09-20T11:13:37.675508+00:00,21474,772389,3934743,2
2026-09-20T11:13:37.691975+00:00,21475,772415,3934803,2
2026-09-20T11:13:37.724937+00:00,21476,772440,3935437,2
2026-09-20T11:13:37.739940+00:00,21477,772465,3935840,2
2026-09-20T11:13:37.771949+00:00,21478,772490,3935736,2
2026-09-20T11:13:37.787938+00:00,21479,772515,3935411,2
2026-09-20T11:13:37.819943+00:00,21480,772541,3935379,2
2026-09-20T11:13:37.851958+00:00,21481,772566,3935398,2
2026-09-20T11:13:37.869946+00:00,21482,772591,3935980,2
2026-09-20T11:13:37.899516+00:00,21483,772616,3936312,2
2026-09-20T11:13:37.915545+00:00,21484,772641,3936124,2
2026-09-20T11:13:37.948228+00:00,21485,772666,3936421,2
2026-09-20T11:13:37.963544+00:00,21486,772692,3936412,2
2026-09-20T11:13:37.995572+00:00,21487,772717,3936219,2
2026-09-20T11:13:38.027499+00:00,21488,772742,3936477,2
2026-09-20T11:13:38.043498+00:00,21489,772767,3936254,2
2026-09-20T11:13:38.076725+00:00,21490,772792,3936941,2
2026-09-20T11:13:38.092795+00:00,21491,772818,3937589,2
2026-09-20T11:13:38.124536+00:00,21492,772843,3936813,2
2026-09-20T11:13:38.140402+00:00,21493,772868,3936559,2
2026-09-20T11:13:38.172265+00:00,21494,772893,3936606,2
2026-09-20T11:13:38.203497+00:00,21495,772918,3936647,2
2026-09-20T11:13:38.219507+00:00,21496,772943,3936474,2
2026-09-20T11:13:38.252710+00:00,21497,772969,3936270,2
2026-09-20T11:13:38.268071+00:00,21498,772994,3936919,2
2026-09-20T11:13:38.299539+00:00,21499,773019,3936764,2
2026-09-20T11:13:38.316702+00:00,21500,773044,3936859,2
2026-09-20T11:13:38.347508+00:00,21501,773069,3937562,2
2026-09-20T11:13:38.379481+00:00,21502,773095,3937638,2
2026-09-20T11:13:38.395505+00:00,21503,773120,3938001,2
2026-09-20T11:13:38.427486+00:00,21504,773145,3937771,2
2026-09-20T11:13:38.443482+00:00,21505,773170,3937861,2
2026-09-20T11:13:38.475480+00:00,21506,773195,3938684,2
2026-09-20T11:13:38.494758+00:00,21507,773221,3940100,2
2026-09-20T11:13:38.524987+00:00,21508,773246,3940957,2
2026-09-20T11:13:38.557374+00:00,21509,773271,3940856,2
2026-09-20T11:13:38.572549+00:00,21510,773296,3941454,2
2026-09-20T11:13:38.605620+00:00,21511,773321,3943179,2
2026-09-20T11:13:38.621008+00:00,21512,773346,3944824,2
2026-09-20T11:13:38.651498+00:00,21513,773372,3946642,2
2026-09-20T11:13:38.668521+00:00,21514,773397,3948895,2
2026-09-20T11:13:38.700505+00:00,21515,773422,3950751,2
2026-09-20T11:13:38.731501+00:00,21516,773447,3951254,2
2026-09-20T11:13:38.748507+00:00,21517,773472,3952591,2
2026-09-20T11:13:38.780505+00:00,21518,773498,3956458,2
2026-09-20T11:13:38.796507+00:00,21519,773523,3959863,2
2026-09-20T11:13:38.828506+00:00,21520,773548,3961400,2
2026-09-20T11:13:38.862722+00:00,21521,773573,3963735,2
2026-09-20T11:13:38.877505+00:00,21522,773598,3966649,2
2026-09-20T11:13:38.908524+00:00,21523,773624,3971422,2
2026-09-20T11:13:38.924509+00:00,21524,773649,3974336,2
2026-09-20T11:13:38.955503+00:00,21525,773674,3975718,2
2026-09-20T11:13:38.973511+00:00,21526,773699,3976841,2
2026-09-20T11:13:39.004515+00:00,21527,773724,3979691,2
2026-09-20T11:13:39.035547+00:00,21528,773749,3983590,2
2026-09-20T11:13:39.051502+00:00,21529,773775,3985095,2
2026-09-20T11:13:39.084513+00:00,21530,773800,3990311,2
2026-09-20T11:13:39.099501+00:00,21531,773825,4015103,2
2026-09-20T11:13:39.132559+00:00,21532,773850,4127852,2
2026-09-20T11:13:39.149508+00:00,21533,773875,4556873,2
2026-09-20T11:13:39.202584+00:00,21534,773901,5184364,2
2026-09-20T11:13:39.207416+00:00,21535,773926,5520890,2
2026-09-20T11:13:39.229518+00:00,21536,773951,5495997,2
2026-09-20T11:13:39.260688+00:00,21537,773976,5298746,2
2026-09-20T11:13:39.275690+00:00,21538,774001,5063350,2
2026-09-20T11:13:39.307962+00:00,21539,774027,4838597,2
2026-09-20T11:13:39.324869+00:00,21540,774052,4641978,2
2026-09-20T11:13:39.356041+00:00,21541,774077,4475949,2
2026-09-20T11:13:39.387463+00:00,21542,774102,4332458,2
2026-09-20T11:13:39.404503+00:00,21543,774127,4208164,2
2026-09-20T11:13:39.435527+00:00,21544,774152,4121903,2
2026-09-20T11:13:39.451471+00:00,21545,774178,4064486,2
2026-09-20T11:13:39.483466+00:00,21546,774203,4018037,2
2026-09-20T11:13:39.499485+00:00,21547,774228,3983923,2
2026-09-20T11:13:39.532502+00:00,21548,774253,3971357,2
2026-09-20T11:13:39.563459+00:00,21549,774278,3971702,2
2026-09-20T11:13:39.579490+00:00,21550,774304,3969388,2
2026-09-20T11:13:39.611465+00:00,21551,774329,3970906,2
2026-09-20T11:13:39.628501+00:00,21552,774354,3956797,2
2026-09-20T11:13:39.659452+00:00,21553,774379,3945604,2
2026-09-20T11:13:39.675470+00:00,21554,774404,3944353,2
2026-09-20T11:13:39.707791+00:00,21555,774430,3940656,2
2026-09-20T11:13:39.740783+00:00,21556,774455,3933771,2
2026-09-20T11:13:39.755785+00:00,21557,774480,3935888,2
2026-09-20T11:13:39.787790+00:00,21558,774505,3940971,2
2026-09-20T11:13:39.803786+00:00,21559,774530,3941983,2
2026-09-20T11:13:39.836086+00:00,21560,774555,3940906,2
2026-09-20T11:13:39.851793+00:00,21561,774581,3938200,2
2026-09-20T11:13:39.883783+00:00,21562,774606,3940664,2
2026-09-20T11:13:39.915452+00:00,21563,774631,3945251,2
2026-09-20T11:13:39.931437+00:00,21564,774656,3948655,2
2026-09-20T11:13:39.963432+00:00,21565,774681,3947788,2
2026-09-20T11:13:39.979891+00:00,21566,774707,3948571,2
2026-09-20T11:13:40.011455+00:00,21567,774732,3950681,2
2026-09-20T11:13:40.027507+00:00,21568,774757,3953509,2
2026-09-20T11:13:40.059450+00:00,21569,774782,3964543,2
2026-09-20T11:13:40.092422+00:00,21570,774807,3969025,2
2026-09-20T11:13:40.108301+00:00,21571,774832,3946405,2
2026-09-20T11:13:40.140274+00:00,21572,774858,3929552,2
2026-09-20T11:13:40.156033+00:00,21573,774883,3922468,2
2026-09-20T11:13:40.188515+00:00,21574,774908,3912517,2
2026-09-20T11:13:40.219473+00:00,21575,774933,3904055,2
2026-09-20T11:13:40.235451+00:00,21576,774958,3896605,2
2026-09-20T11:13:40.268118+00:00,21577,774984,3891939,2
2026-09-20T11:13:40.283470+00:00,21578,775009,3894653,2
2026-09-20T11:13:40.316706+00:00,21579,775034,3896104,2
2026-09-20T11:13:40.332591+00:00,21580,775059,3891592,2
2026-09-20T11:13:40.363455+00:00,21581,775084,3887155,2
2026-09-20T11:13:40.395446+00:00,21582,775110,3888466,2
2026-09-20T11:13:40.411451+00:00,21583,775135,3894784,2
2026-09-20T11:13:40.443450+00:00,21584,775160,3894820,2
2026-09-20T11:13:40.459443+00:00,21585,775185,3889104,2
2026-09-20T11:13:40.491480+00:00,21586,775210,3891594,2
2026-09-20T11:13:40.507446+00:00,21587,775235,3891734,2
2026-09-20T11:13:40.540390+00:00,21588,775261,3882399,2
2026-09-20T11:13:40.572371+00:00,21589,775286,3870461,2
2026-09-20T11:13:40.587476+00:00,21590,775311,3865337,2
2026-09-20T11:13:40.619435+00:00,21591,775336,3869561,2
2026-09-20T11:13:40.635440+00:00,21592,775361,3867569,2
2026-09-20T11:13:40.668674+00:00,21593,775387,3856149,2
2026-09-20T11:13:40.685611+00:00,21594,775412,3850364,2
2026-09-20T11:13:40.716332+00:00,21595,775437,3856473,2
2026-09-20T11:13:40.747666+00:00,21596,775462,3861603,2
2026-09-20T11:13:40.763690+00:00,21597,775487,3853957,2
2026-09-20T11:13:40.795668+00:00,21598,775513,3839956,2
2026-09-20T11:13:40.812673+00:00,21599,775538,3821642,2
2026-09-20T11:13:40.843704+00:00,21600,775563,3799512,2
2026-09-20T11:13:40.859673+00:00,21601,775588,3767664,2
2026-09-20T11:13:40.891486+00:00,21602,775613,3704429,2
2026-09-20T11:13:40.923648+00:00,21603,775638,3600402,2
2026-09-20T11:13:40.940603+00:00,21604,775664,3479164,2
2026-09-20T11:13:40.972454+00:00,21605,775689,3365176,2
2026-09-20T11:13:40.988460+00:00,21606,775714,3252662,2
2026-09-20T11:13:41.020193+00:00,21607,775739,3118292,2
2026-09-20T11:13:41.036647+00:00,21608,775764,2859823,2
2026-09-20T11:13:41.068533+00:00,21609,775790,2613065,2
2026-09-20T11:13:41.099420+00:00,21610,775815,2794910,2
2026-09-20T11:13:41.115486+00:00,21611,775840,3108334,2
2026-09-20T11:13:41.147995+00:00,21612,775865,3350836,2
2026-09-20T11:13:41.163448+00:00,21613,775890,3529299,2
2026-09-20T11:13:41.195401+00:00,21614,775916,3658543,2
2026-09-20T11:13:41.211425+00:00,21615,775941,3748750,2
2026-09-20T11:13:41.243430+00:00,21616,775966,3809862,2
2026-09-20T11:13:41.275620+00:00,21617,775991,3850691,2
2026-09-20T11:13:41.291408+00:00,21618,776016,3877957,2
2026-09-20T11:13:41.323415+00:00,21619,776041,3896378,2
2026-09-20T11:13:41.340335+00:00,21620,776067,3907510,2
2026-09-20T11:13:41.372431+00:00,21621,776092,3914973,2
2026-09-20T11:13:41.388435+00:00,21622,776117,3920267,2
2026-09-20T11:13:41.419415+00:00,21623,776142,3923736,2
2026-09-20T11:13:41.451418+00:00,21624,776167,3926450,2
2026-09-20T11:13:41.468486+00:00,21625,776193,3928258,2
2026-09-20T11:13:41.499453+00:00,21626,776218,3929728,2
2026-09-20T11:13:41.515410+00:00,21627,776243,3930040,2
2026-09-20T11:13:41.547416+00:00,21628,776268,3931266,2
2026-09-20T11:13:41.611401+00:00,21629,776328,3932706,2
2026-09-20T11:13:41.627963+00:00,21630,776344,3933023,2
2026-09-20T11:13:41.643411+00:00,21631,776369,3933419,2
2026-09-20T11:13:41.675536+00:00,21632,776394,3933759,2
2026-09-20T11:13:41.691412+00:00,21633,776419,3934291,2
2026-09-20T11:13:41.724584+00:00,21634,776444,3934365,2
2026-09-20T11:13:41.755575+00:00,21635,776470,3934884,2
2026-09-20T11:13:41.772559+00:00,21636,776495,3934994,2
2026-09-20T11:13:41.803560+00:00,21637,776520,3934959,2
2026-09-20T11:13:41.819557+00:00,21638,776545,3935311,2
2026-09-20T11:13:41.851588+00:00,21639,776570,3935113,2
2026-09-20T11:13:41.867559+00:00,21640,776596,3935217,2
2026-09-20T11:13:41.899578+00:00,21641,776621,3935257,2
2026-09-20T11:13:41.931561+00:00,21642,776646,3935150,2
2026-09-20T11:13:41.951110+00:00,21643,776671,3935052,2
2026-09-20T11:13:41.986698+00:00,21644,776696,3935798,2
2026-09-20T11:13:42.001560+00:00,21645,776721,3936619,2
2026-09-20T11:13:42.037560+00:00,21646,776747,3936183,2
2026-09-20T11:13:42.048559+00:00,21647,776772,3936109,2
2026-09-20T11:13:42.076568+00:00,21648,776797,3936265,2
2026-09-20T11:13:42.122570+00:00,21649,776822,3936186,2
2026-09-20T11:13:42.136263+00:00,21650,776847,3936384,2
2026-09-20T11:13:42.159953+00:00,21651,776873,3936681,2
2026-09-20T11:13:42.173909+00:00,21652,776898,3936879,2
2026-09-20T11:13:42.210130+00:00,21653,776923,3937320,2
2026-09-20T11:13:42.225269+00:00,21654,776948,3937132,2
2026-09-20T11:13:42.251969+00:00,21655,776973,3936995,2
2026-09-20T11:13:42.286898+00:00,21656,776999,3937523,2
2026-09-20T11:13:42.304199+00:00,21657,777024,3937316,2
2026-09-20T11:13:42.338900+00:00,21658,777049,3937373,2
2026-09-20T11:13:42.347983+00:00,21659,777074,3937735,2
2026-09-20T11:13:42.380899+00:00,21660,777099,3937839,2
2026-09-20T11:13:42.396003+00:00,21661,777125,3937915,2
2026-09-20T11:13:42.427899+00:00,21662,777150,3938404,2
2026-09-20T11:13:42.459982+00:00,21663,777175,3939147,2
2026-09-20T11:13:42.475935+00:00,21664,777200,3940084,2
2026-09-20T11:13:42.508902+00:00,21665,777225,3940708,2
2026-09-20T11:13:42.524928+00:00,21666,777250,3940914,2
2026-09-20T11:13:42.556899+00:00,21667,777276,3941668,2
2026-09-20T11:13:42.572901+00:00,21668,777301,3941790,2
2026-09-20T11:13:42.603898+00:00,21669,777326,3941374,2
2026-09-20T11:13:42.642081+00:00,21670,777351,3941887,2
2026-09-20T11:13:42.651899+00:00,21671,777376,3942438,2
2026-09-20T11:13:42.683926+00:00,21672,777402,3942393,2
2026-09-20T11:13:42.699900+00:00,21673,777427,3943058,2
2026-09-20T11:13:42.732899+00:00,21674,777452,3944571,2
2026-09-20T11:13:42.747899+00:00,21675,777477,3945372,2
2026-09-20T11:13:42.779905+00:00,21676,777502,3946506,2
2026-09-20T11:13:42.813005+00:00,21677,777528,3948976,2
2026-09-20T11:13:42.826903+00:00,21678,777553,3950210,2
2026-09-20T11:13:42.859899+00:00,21679,777578,3950321,2
2026-09-20T11:13:42.875910+00:00,21680,777603,3951196,2
2026-09-20T11:13:42.909900+00:00,21681,777628,3954248,2
2026-09-20T11:13:42.938899+00:00,21682,777654,3959663,2
2026-09-20T11:13:42.955904+00:00,21683,777679,3963846,2
2026-09-20T11:13:42.987944+00:00,21684,777704,3967361,2
2026-09-20T11:13:43.003950+00:00,21685,777729,3969534,2
2026-09-20T11:13:43.035899+00:00,21686,777754,3971926,2
2026-09-20T11:13:43.083950+00:00,21687,777780,3976863,2
2026-09-20T11:13:43.085978+00:00,21688,777805,3984194,2
2026-09-20T11:13:43.115998+00:00,21689,777830,3995988,2
2026-09-20T11:13:43.132126+00:00,21690,777855,4018786,2
2026-09-20T11:13:43.164951+00:00,21691,777880,4080243,2
2026-09-20T11:13:43.180948+00:00,21692,777905,4327284,2
2026-09-20T11:13:43.211949+00:00,21693,777931,4920563,2
2026-09-20T11:13:43.228117+00:00,21694,777956,5498036,2
2026-09-20T11:13:43.259947+00:00,21695,777981,5639079,2
2026-09-20T11:13:43.291948+00:00,21696,778006,5403885,2
2026-09-20T11:13:43.307948+00:00,21697,778031,5112731,2
2026-09-20T11:13:43.339949+00:00,21698,778057,4876529,2
2026-09-20T11:13:43.355946+00:00,21699,778082,4685237,2
2026-09-20T11:13:43.388024+00:00,21700,778107,4537152,2
2026-09-20T11:13:43.403956+00:00,21701,778132,4403422,2
2026-09-20T11:13:43.435925+00:00,21702,778157,4263225,2
2026-09-20T11:13:43.468160+00:00,21703,778183,4149865,2
2026-09-20T11:13:43.483353+00:00,21704,778208,4094908,2
2026-09-20T11:13:43.515171+00:00,21705,778233,4068209,2
2026-09-20T11:13:43.531159+00:00,21706,778258,4040852,2
2026-09-20T11:13:43.563362+00:00,21707,778283,4012303,2
2026-09-20T11:13:43.579350+00:00,21708,778309,3985535,2
2026-09-20T11:13:43.612205+00:00,21709,778334,3969618,2
2026-09-20T11:13:43.643158+00:00,21710,778359,3958102,2
2026-09-20T11:13:43.659158+00:00,21711,778384,3947777,2
2026-09-20T11:13:43.692161+00:00,21712,778409,3937101,2
2026-09-20T11:13:43.708278+00:00,21713,778434,3927924,2
2026-09-20T11:13:43.743159+00:00,21714,778460,3919402,2
2026-09-20T11:13:43.755888+00:00,21715,778485,3908193,2
2026-09-20T11:13:43.787890+00:00,21716,778510,3898989,2
2026-09-20T11:13:43.821012+00:00,21717,778535,3891597,2
2026-09-20T11:13:43.835975+00:00,21718,778560,3890992,2
2026-09-20T11:13:43.867975+00:00,21719,778586,3891446,2
2026-09-20T11:13:43.883975+00:00,21720,778611,3885293,2
2026-09-20T11:13:43.915898+00:00,21721,778636,3877379,2
2026-09-20T11:13:43.931889+00:00,21722,778661,3878238,2
2026-09-20T11:13:43.963885+00:00,21723,778686,3892714,2
2026-09-20T11:13:43.995344+00:00,21724,778712,3903469,2
2026-09-20T11:13:44.011347+00:00,21725,778737,3901628,2
2026-09-20T11:13:44.043352+00:00,21726,778762,3899714,2
2026-09-20T11:13:44.060502+00:00,21727,778787,3905257,2
2026-09-20T11:13:44.091437+00:00,21728,778812,3908049,2
2026-09-20T11:13:44.107409+00:00,21729,778837,3902695,2
2026-09-20T11:13:44.139293+00:00,21730,778863,3895720,2
2026-09-20T11:13:44.171455+00:00,21731,778888,3896821,2
2026-09-20T11:13:44.187345+00:00,21732,778913,3897933,2
2026-09-20T11:13:44.220152+00:00,21733,778938,3889129,2
2026-09-20T11:13:44.235745+00:00,21734,778963,3879881,2
2026-09-20T11:13:44.268378+00:00,21735,778989,3871567,2
2026-09-20T11:13:44.299336+00:00,21736,779014,3854474,2
2026-09-20T11:13:44.315321+00:00,21737,779039,3834577,2
2026-09-20T11:13:44.347329+00:00,21738,779064,3821182,2
2026-09-20T11:13:44.363333+00:00,21739,779089,3813854,2
2026-09-20T11:13:44.395340+00:00,21740,779115,3798602,2
2026-09-20T11:13:44.411333+00:00,21741,779140,3776294,2
2026-09-20T11:13:44.443534+00:00,21742,779165,3757750,2
2026-09-20T11:13:44.475345+00:00,21743,779190,3731508,2
2026-09-20T11:13:44.491352+00:00,21744,779215,3697480,2
2026-09-20T11:13:44.523720+00:00,21745,779241,3680698,2
2026-09-20T11:13:44.539332+00:00,21746,779266,3677453,2
2026-09-20T11:13:44.573549+00:00,21747,779291,3665621,2
2026-09-20T11:13:44.587358+00:00,21748,779316,3639171,2
2026-09-20T11:13:44.620369+00:00,21749,779341,3592471,2
2026-09-20T11:13:44.651307+00:00,21750,779366,3512646,2
2026-09-20T11:13:44.667341+00:00,21751,779392,3386890,2
2026-09-20T11:13:44.699345+00:00,21752,779417,3157966,2
2026-09-20T11:13:44.717373+00:00,21753,779442,2805934,2
2026-09-20T11:13:44.747371+00:00,21754,779467,2787906,2
2026-09-20T11:13:44.763372+00:00,21755,779492,3076887,2
2026-09-20T11:13:44.795372+00:00,21756,779518,3332878,2
2026-09-20T11:13:44.827374+00:00,21757,779543,3520271,2
2026-09-20T11:13:44.843372+00:00,21758,779568,3654780,2
2026-09-20T11:13:44.875632+00:00,21759,779593,3748564,2
2026-09-20T11:13:44.891381+00:00,21760,779618,3812607,2
2026-09-20T11:13:44.923626+00:00,21761,779644,3854897,2
2026-09-20T11:13:44.939996+00:00,21762,779669,3882631,2
2026-09-20T11:13:44.971318+00:00,21763,779694,3900766,2
2026-09-20T11:13:45.003318+00:00,21764,779719,3912591,2
2026-09-20T11:13:45.019328+00:00,21765,779744,3920137,2
2026-09-20T11:13:45.052814+00:00,21766,779769,3925363,2
2026-09-20T11:13:45.068357+00:00,21767,779795,3928685,2
2026-09-20T11:13:45.099357+00:00,21768,779820,3931140,2
2026-09-20T11:13:45.115318+00:00,21769,779845,3932666,2
2026-09-20T11:13:45.147344+00:00,21770,779870,3933507,2
2026-09-20T11:13:45.179323+00:00,21771,779895,3935338,2
2026-09-20T11:13:45.230529+00:00,21772,779951,3936847,2
2026-09-20T11:13:45.244393+00:00,21773,779971,3937493,2
2026-09-20T11:13:45.275321+00:00,21774,779996,3938037,2
2026-09-20T11:13:45.291368+00:00,21775,780021,3937578,2
2026-09-20T11:13:45.324675+00:00,21776,780047,3937496,2
2026-09-20T11:13:45.358973+00:00,21777,780072,3938693,2
2026-09-20T11:13:45.372138+00:00,21778,780097,3938694,2
2026-09-20T11:13:45.404576+00:00,21779,780122,3938652,2
2026-09-20T11:13:45.419330+00:00,21780,780147,3939415,2
2026-09-20T11:13:45.451311+00:00,21781,780173,3939512,2
2026-09-20T11:13:45.469486+00:00,21782,780198,3939405,2
2026-09-20T11:13:45.500342+00:00,21783,780223,3939691,2
2026-09-20T11:13:45.532335+00:00,21784,780248,3939707,2
2026-09-20T11:13:45.547299+00:00,21785,780273,3939628,2
2026-09-20T11:13:45.579307+00:00,21786,780298,3939958,2
2026-09-20T11:13:45.596425+00:00,21787,780324,3939858,2
2026-09-20T11:13:45.629415+00:00,21788,780349,3939256,2
2026-09-20T11:13:45.659413+00:00,21789,780374,3939696,2
2026-09-20T11:13:45.676424+00:00,21790,780399,3939819,2
2026-09-20T11:13:45.708416+00:00,21791,780424,3940047,2
2026-09-20T11:13:45.724197+00:00,21792,780450,3939810,2
2026-09-20T11:13:45.755976+00:00,21793,780475,3940212,2
2026-09-20T11:13:45.771939+00:00,21794,780500,3940143,2
2026-09-20T11:13:45.804020+00:00,21795,780525,3939797,2
2026-09-20T11:13:45.835935+00:00,21796,780550,3940314,2
2026-09-20T11:13:45.851938+00:00,21797,780576,3940184,2
2026-09-20T11:13:45.883935+00:00,21798,780601,3939941,2
2026-09-20T11:13:45.899936+00:00,21799,780626,3940232,2
2026-09-20T11:13:45.931935+00:00,21800,780651,3940369,2
2026-09-20T11:13:45.948073+00:00,21801,780676,3940208,2
2026-09-20T11:13:45.980043+00:00,21802,780702,3940506,2
2026-09-20T11:13:46.011940+00:00,21803,780727,3941210,2
2026-09-20T11:13:46.027936+00:00,21804,780752,3940724,2
2026-09-20T11:13:46.059959+00:00,21805,780777,3940393,2
2026-09-20T11:13:46.075939+00:00,21806,780802,3940576,2
2026-09-20T11:13:46.108937+00:00,21807,780827,3940767,2
2026-09-20T11:13:46.125042+00:00,21808,780853,3940624,2
2026-09-20T11:13:46.155936+00:00,21809,780878,3940868,2
2026-09-20T11:13:46.187962+00:00,21810,780903,3940905,2
2026-09-20T11:13:46.203982+00:00,21811,780928,3940362,2
2026-09-20T11:13:46.235960+00:00,21812,780953,3940143,2
2026-09-20T11:13:46.251949+00:00,21813,780979,3940019,2
2026-09-20T11:13:46.283938+00:00,21814,781004,3940626,2
2026-09-20T11:13:46.300843+00:00,21815,781029,3940642,2
2026-09-20T11:13:46.332627+00:00,21816,781054,3940836,2
2026-09-20T11:13:46.365740+00:00,21817,781079,3940573,2
2026-09-20T11:13:46.380627+00:00,21818,781105,3941314,2
2026-09-20T11:13:46.412625+00:00,21819,781130,3941139,2
2026-09-20T11:13:46.430742+00:00,21820,781155,3940235,2
2026-09-20T11:13:46.459624+00:00,21821,781180,3940287,2
2026-09-20T11:13:46.476649+00:00,21822,781205,3940815,2
2026-09-20T11:13:46.508632+00:00,21823,781230,3941048,2
2026-09-20T11:13:46.539664+00:00,21824,781256,3941023,2
2026-09-20T11:13:46.555627+00:00,21825,781281,3940905,2
2026-09-20T11:13:46.587627+00:00,21826,781306,3940656,2
2026-09-20T11:13:46.603631+00:00,21827,781331,3940664,2
2026-09-20T11:13:46.636626+00:00,21828,781356,3941253,2
2026-09-20T11:13:46.651626+00:00,21829,781382,3941140,2
2026-09-20T11:13:46.683631+00:00,21830,781407,3941131,2
2026-09-20T11:13:46.715665+00:00,21831,781432,3941213,2
2026-09-20T11:13:46.731669+00:00,21832,781457,3940711,2
2026-09-20T11:13:46.763626+00:00,21833,781482,3941312,2
2026-09-20T11:13:46.779652+00:00,21834,781508,3941382,2
2026-09-20T11:13:46.811624+00:00,21835,781533,3941021,2
2026-09-20T11:13:46.843642+00:00,21836,781558,3940993,2
2026-09-20T11:13:46.860626+00:00,21837,781583,3941081,2
2026-09-20T11:13:46.891626+00:00,21838,781608,3941310,2
2026-09-20T11:13:46.909626+00:00,21839,781634,3941006,2
2026-09-20T11:13:46.941679+00:00,21840,781659,3941077,2
2026-09-20T11:13:46.956626+00:00,21841,781684,3941110,2
2026-09-20T11:13:46.987625+00:00,21842,781709,3941006,2
2026-09-20T11:13:47.019633+00:00,21843,781734,3940967,2
2026-09-20T11:13:47.035633+00:00,21844,781759,3941089,2
2026-09-20T11:13:47.067659+00:00,21845,781785,3941059,2
2026-09-20T11:13:47.083676+00:00,21846,781810,3940982,2
2026-09-20T11:13:47.115626+00:00,21847,781835,3941511,2
2026-09-20T11:13:47.133639+00:00,21848,781860,3941382,2
2026-09-20T11:13:47.163652+00:00,21849,781885,3941258,2
2026-09-20T11:13:47.195626+00:00,21850,781911,3940986,2
2026-09-20T11:13:47.211629+00:00,21851,781936,3940881,2
2026-09-20T11:13:47.243671+00:00,21852,781961,3941189,2
2026-09-20T11:13:47.259671+00:00,21853,781986,3940627,2
2026-09-20T11:13:47.291626+00:00,21854,782011,3940823,2
2026-09-20T11:13:47.308686+00:00,21855,782037,3940841,2
2026-09-20T11:13:47.339630+00:00,21856,782062,3940752,2
2026-09-20T11:13:47.371626+00:00,21857,782087,3941251,2
2026-09-20T11:13:47.388651+00:00,21858,782112,3941335,2
2026-09-20T11:13:47.422629+00:00,21859,782137,3940988,2
2026-09-20T11:13:47.435635+00:00,21860,782163,3941076,2
2026-09-20T11:13:47.467624+00:00,21861,782188,3941269,2
2026-09-20T11:13:47.483625+00:00,21862,782213,3940709,2
2026-09-20T11:13:47.515672+00:00,21863,782238,3941175,2
2026-09-20T11:13:47.547627+00:00,21864,782263,3942252,2
2026-09-20T11:13:47.563635+00:00,21865,782288,3941791,2
2026-09-20T11:13:47.595625+00:00,21866,782314,3941158,2
2026-09-20T11:13:47.611626+00:00,21867,782339,3940968,2
2026-09-20T11:13:47.643626+00:00,21868,782364,3941148,2
2026-09-20T11:13:47.659625+00:00,21869,782389,3941126,2
2026-09-20T11:13:47.708234+00:00,21870,782414,3941060,2
2026-09-20T11:13:47.714721+00:00,21871,782440,3941155,2
2026-09-20T11:13:47.739628+00:00,21872,782465,3941148,2
2026-09-20T11:13:47.772636+00:00,21873,782490,3941204,2
2026-09-20T11:13:47.783494+00:00,21874,782515,3940727,2
2026-09-20T11:13:47.819713+00:00,21875,782540,3940476,2
2026-09-20T11:13:47.835713+00:00,21876,782566,3941084,2
2026-09-20T11:13:47.867713+00:00,21877,782591,3941372,2
2026-09-20T11:13:47.899724+00:00,21878,782616,3941288,2
2026-09-20T11:13:47.915715+00:00,21879,782641,3940901,2
2026-09-20T11:13:47.947778+00:00,21880,782666,3940559,2
2026-09-20T11:13:47.963767+00:00,21881,782691,3940734,2
2026-09-20T11:13:47.995713+00:00,21882,782717,3940710,2
2026-09-20T11:13:48.011713+00:00,21883,782742,3940817,2
2026-09-20T11:13:48.043715+00:00,21884,782767,3941150,2
2026-09-20T11:13:48.075715+00:00,21885,782792,3941046,2
2026-09-20T11:13:48.091715+00:00,21886,782817,3941033,2
2026-09-20T11:13:48.123715+00:00,21887,782843,3941503,2
2026-09-20T11:13:48.139734+00:00,21888,782868,3941244,2
2026-09-20T11:13:48.171713+00:00,21889,782893,3941438,2
2026-09-20T11:13:48.188715+00:00,21890,782918,3941708,2
2026-09-20T11:13:48.219714+00:00,21891,782943,3941357,2
2026-09-20T11:13:48.251711+00:00,21892,782969,3941266,2
2026-09-20T11:13:48.269167+00:00,21893,782994,3941136,2
2026-09-20T11:13:48.300711+00:00,21894,783019,3941069,2
2026-09-20T11:13:48.315714+00:00,21895,783044,3941403,2
2026-09-20T11:13:48.347784+00:00,21896,783069,3941571,2
2026-09-20T11:13:48.379713+00:00,21897,783094,3941281,2
2026-09-20T11:13:48.395720+00:00,21898,783120,3940992,2
2026-09-20T11:13:48.427714+00:00,21899,783145,3941105,2
2026-09-20T11:13:48.443736+00:00,21900,783170,3941220,2
2026-09-20T11:13:48.475713+00:00,21901,783195,3941228,2
2026-09-20T11:13:48.491713+00:00,21902,783220,3941454,2
2026-09-20T11:13:48.523713+00:00,21903,783246,3941713,2
2026-09-20T11:13:48.555713+00:00,21904,783271,3940771,2
2026-09-20T11:13:48.572712+00:00,21905,783296,3940743,2
2026-09-20T11:13:48.604751+00:00,21906,783321,3941157,2
2026-09-20T11:13:48.619219+00:00,21907,783346,3941123,2
2026-09-20T11:13:48.651230+00:00,21908,783372,3941444,2
2026-09-20T11:13:48.667228+00:00,21909,783397,3941623,2
2026-09-20T11:13:48.699220+00:00,21910,783422,3940609,2
2026-09-20T11:13:48.731238+00:00,21911,783447,3940823,2
2026-09-20T11:13:48.747238+00:00,21912,783472,3940909,2
2026-09-20T11:13:48.779139+00:00,21913,783498,3940758,2
2026-09-20T11:13:48.795132+00:00,21914,783523,3940975,2
2026-09-20T11:13:48.827930+00:00,21915,783548,3940980,2
2026-09-20T11:13:48.843132+00:00,21916,783573,3941526,2
2026-09-20T11:13:48.875929+00:00,21917,783598,3941227,2
2026-09-20T11:13:48.906927+00:00,21918,783623,3941077,2
2026-09-20T11:13:48.923987+00:00,21919,783649,3941544,2
2026-09-20T11:13:48.955978+00:00,21920,783674,3941629,2
2026-09-20T11:13:48.971228+00:00,21921,783699,3941027,2
2026-09-20T11:13:49.003221+00:00,21922,783724,3940632,2
2026-09-20T11:13:49.019217+00:00,21923,783749,3940384,2
2026-09-20T11:13:49.051230+00:00,21924,783775,3939996,2
2026-09-20T11:13:49.083223+00:00,21925,783800,3940817,2
2026-09-20T11:13:49.099211+00:00,21926,783825,3941621,2
2026-09-20T11:13:49.131261+00:00,21927,783850,3941206,2
2026-09-20T11:13:49.147232+00:00,21928,783875,3941085,2
2026-09-20T11:13:49.179219+00:00,21929,783901,3940672,2
2026-09-20T11:13:49.195225+00:00,21930,783926,3940573,2
2026-09-20T11:13:49.227218+00:00,21931,783951,3941118,2
2026-09-20T11:13:49.259415+00:00,21932,783976,3941062,2
2026-09-20T11:13:49.275210+00:00,21933,784001,3940953,2
2026-09-20T11:13:49.308068+00:00,21934,784026,3940967,2
2026-09-20T11:13:49.324149+00:00,21935,784052,3940845,2
2026-09-20T11:13:49.359009+00:00,21936,784077,3941610,2
2026-09-20T11:13:49.374658+00:00,21937,784102,3941493,2
2026-09-20T11:13:49.403232+00:00,21938,784127,3941125,2
2026-09-20T11:13:49.436478+00:00,21939,784152,3940772,2
2026-09-20T11:13:49.451238+00:00,21940,784178,3940910,2
2026-09-20T11:13:49.483208+00:00,21941,784203,3940813,2
2026-09-20T11:13:49.500447+00:00,21942,784228,3940999,2
2026-09-20T11:13:49.531186+00:00,21943,784253,3940834,2
2026-09-20T11:13:49.563205+00:00,21944,784278,3941569,2
2026-09-20T11:13:49.579203+00:00,21945,784304,3941841,2
2026-09-20T11:13:49.611202+00:00,21946,784329,3941355,2
2026-09-20T11:13:49.627202+00:00,21947,784354,3941425,2
2026-09-20T11:13:49.659216+00:00,21948,784379,3941306,2
2026-09-20T11:13:49.675198+00:00,21949,784404,3940793,2
2026-09-20T11:13:49.706974+00:00,21950,784430,3940749,2
2026-09-20T11:13:49.740032+00:00,21951,784455,3941066,2
2026-09-20T11:13:49.755629+00:00,21952,784480,3940968,2
2026-09-20T11:13:49.787237+00:00,21953,784505,3941437,2
2026-09-20T11:13:49.803225+00:00,21954,784530,3941504,2
2026-09-20T11:13:49.835223+00:00,21955,784555,3941234,2
2026-09-20T11:13:49.851224+00:00,21956,784581,3941094,2
2026-09-20T11:13:49.883235+00:00,21957,784606,3940886,2
2026-09-20T11:13:49.915228+00:00,21958,784631,3941164,2
2026-09-20T11:13:49.931386+00:00,21959,784656,3941310,2
2026-09-20T11:13:49.963186+00:00,21960,784681,3940944,2
2026-09-20T11:13:49.979193+00:00,21961,784707,3940941,2
2026-09-20T11:13:50.011198+00:00,21962,784732,3940581,2
2026-09-20T11:13:50.027245+00:00,21963,784757,3941415,2
2026-09-20T11:13:50.059189+00:00,21964,784782,3941682,2
2026-09-20T11:13:50.091186+00:00,21965,784807,3941382,2
2026-09-20T11:13:50.107198+00:00,21966,784833,3941528,2
2026-09-20T11:13:50.139258+00:00,21967,784858,3940936,2
2026-09-20T11:13:50.154954+00:00,21968,784883,3940380,2
2026-09-20T11:13:50.188213+00:00,21969,784908,3941393,2
2026-09-20T11:13:50.203221+00:00,21970,784933,3941734,2
2026-09-20T11:13:50.236219+00:00,21971,784959,3941507,2
2026-09-20T11:13:50.268244+00:00,21972,784984,3940933,2
2026-09-20T11:13:50.284263+00:00,21973,785009,3940864,2
2026-09-20T11:13:50.315177+00:00,21974,785034,3940641,2
2026-09-20T11:13:50.331228+00:00,21975,785059,3940683,2
2026-09-20T11:13:50.363204+00:00,21976,785084,3941024,2
2026-09-20T11:13:50.380221+00:00,21977,785110,3941352,2
2026-09-20T11:13:50.411169+00:00,21978,785135,3941366,2
2026-09-20T11:13:50.443577+00:00,21979,785160,3941165,2
2026-09-20T11:13:50.459166+00:00,21980,785185,3941301,2
2026-09-20T11:13:50.491220+00:00,21981,785210,3941139,2
2026-09-20T11:13:50.507192+00:00,21982,785236,3941205,2
2026-09-20T11:13:50.539601+00:00,21983,785261,3941301,2
2026-09-20T11:13:50.557516+00:00,21984,785286,3941275,2
2026-09-20T11:13:50.587195+00:00,21985,785311,3941968,2
2026-09-20T11:13:50.619264+00:00,21986,785336,3941320,2
2026-09-20T11:13:50.635172+00:00,21987,785362,3940722,2
2026-09-20T11:13:50.669304+00:00,21988,785387,3940541,2
2026-09-20T11:13:50.683205+00:00,21989,785412,3941288,2
2026-09-20T11:13:50.715369+00:00,21990,785437,3941840,2
2026-09-20T11:13:50.731368+00:00,21991,785462,3941489,2
2026-09-20T11:13:50.763373+00:00,21992,785487,3941415,2
2026-09-20T11:13:50.795180+00:00,21993,785513,3941170,2
2026-09-20T11:13:50.805842+00:00,21994,785538,3940860,2
2026-09-20T11:13:50.843124+00:00,21995,785563,3940969,2
2026-09-20T11:13:50.859158+00:00,21996,785588,3940781,2
2026-09-20T11:13:50.891179+00:00,21997,785613,3940707,2
2026-09-20T11:13:50.923637+00:00,21998,785639,3941093,2
2026-09-20T11:13:50.939302+00:00,21999,785664,3941376,2
2026-09-20T11:13:50.972183+00:00,22000,785689,3941259,2
2026-09-20T11:13:50.987170+00:00,22001,785714,3941341,2
2026-09-20T11:13:51.019162+00:00,22002,785739,3940772,2
2026-09-20T11:13:51.035193+00:00,22003,785765,3940361,2
2026-09-20T11:13:51.067182+00:00,22004,785790,3940566,2
2026-09-20T11:13:51.099171+00:00,22005,785815,3940919,2
2026-09-20T11:13:51.115210+00:00,22006,785840,3941099,2
2026-09-20T11:13:51.147167+00:00,22007,785865,3941260,2
2026-09-20T11:13:51.163157+00:00,22008,785891,3940736,2
2026-09-20T11:13:51.197322+00:00,22009,785916,3941143,2
2026-09-20T11:13:51.211158+00:00,22010,785941,3941804,2
2026-09-20T11:13:51.243225+00:00,22011,785966,3941291,2
2026-09-20T11:13:51.275165+00:00,22012,785991,3941141,2
2026-09-20T11:13:51.291153+00:00,22013,786016,3941338,2
2026-09-20T11:13:51.323203+00:00,22014,786042,3941312,2
2026-09-20T11:13:51.339566+00:00,22015,786067,3941454,2
2026-09-20T11:13:51.372395+00:00,22016,786092,3941170,2
2026-09-20T11:13:51.387171+00:00,22017,786117,3941524,2
2026-09-20T11:13:51.419764+00:00,22018,786142,3941573,2
2026-09-20T11:13:51.452330+00:00,22019,786168,3941487,2
2026-09-20T11:13:51.468210+00:00,22020,786193,3940982,2
2026-09-20T11:13:51.501221+00:00,22021,786218,3940942,2
2026-09-20T11:13:51.515145+00:00,22022,786243,3941213,2
2026-09-20T11:13:51.547155+00:00,22023,786268,3941065,2
2026-09-20T11:13:51.562804+00:00,22024,786294,3940899,2
2026-09-20T11:13:51.595197+00:00,22025,786319,3941169,2
2026-09-20T11:13:51.626980+00:00,22026,786344,3941605,2
2026-09-20T11:13:51.644379+00:00,22027,786369,3941345,2
2026-09-20T11:13:51.676261+00:00,22028,786394,3941285,2
2026-09-20T11:13:51.691160+00:00,22029,786420,3941238,2
2026-09-20T11:13:51.725990+00:00,22030,786445,3940810,2
2026-09-20T11:13:51.740989+00:00,22031,786470,3941108,2
2026-09-20T11:13:51.771988+00:00,22032,786495,3940638,2
2026-09-20T11:13:51.798838+00:00,22033,786520,3941023,2
2026-09-20T11:13:51.811352+00:00,22034,786545,3941324,2
2026-09-20T11:13:51.852771+00:00,22035,786571,3941187,2
2026-09-20T11:13:51.867751+00:00,22036,786596,3941024,2
2026-09-20T11:13:51.899142+00:00,22037,786621,3941463,2
2026-09-20T11:13:51.915428+00:00,22038,786646,3941386,2
2026-09-20T11:13:51.947148+00:00,22039,786671,3940708,2
2026-09-20T11:13:51.979147+00:00,22040,786697,3940322,2
2026-09-20T11:13:51.995133+00:00,22041,786722,3940272,2
2026-09-20T11:13:52.027136+00:00,22042,786747,3940696,2
2026-09-20T11:13:52.043128+00:00,22043,786772,3941463,2
2026-09-20T11:13:52.075169+00:00,22044,786797,3941165,2
2026-09-20T11:13:52.091797+00:00,22045,786823,3940852,2
2026-09-20T11:13:52.124177+00:00,22046,786848,3941080,2
2026-09-20T11:13:52.155985+00:00,22047,786873,3941036,2
2026-09-20T11:13:52.172176+00:00,22048,786898,3940614,2
2026-09-20T11:13:52.203134+00:00,22049,786923,3941091,2
2026-09-20T11:13:52.219060+00:00,22050,786948,3941013,2
2026-09-20T11:13:52.251125+00:00,22051,786974,3940712,2
2026-09-20T11:13:52.283131+00:00,22052,786999,3940476,2
2026-09-20T11:13:52.299128+00:00,22053,787024,3941831,2
2026-09-20T11:13:52.331126+00:00,22054,787049,3941902,2
2026-09-20T11:13:52.348419+00:00,22055,787074,3941717,2
2026-09-20T11:13:52.380213+00:00,22056,787100,3941611,2
2026-09-20T11:13:52.394975+00:00,22057,787125,3941686,2
2026-09-20T11:13:52.427135+00:00,22058,787150,3941511,2
2026-09-20T11:13:52.461189+00:00,22059,787175,3941093,2
2026-09-20T11:13:52.475138+00:00,22060,787200,3941577,2
2026-09-20T11:13:52.507820+00:00,22061,787226,3942187,2
2026-09-20T11:13:52.523466+00:00,22062,787251,3941553,2
2026-09-20T11:13:52.556376+00:00,22063,787276,3941101,2
2026-09-20T11:13:52.572223+00:00,22064,787301,3940811,2
2026-09-20T11:13:52.605285+00:00,22065,787326,3941091,2
2026-09-20T11:13:52.635127+00:00,22066,787352,3941378,2
2026-09-20T11:13:52.651124+00:00,22067,787377,3941123,2
2026-09-20T11:13:52.683127+00:00,22068,787402,3940934,2
2026-09-20T11:13:52.699169+00:00,22069,787427,3941191,2
2026-09-20T11:13:52.731130+00:00,22070,787452,3941238,2
2026-09-20T11:13:52.747120+00:00,22071,787477,3940857,2
2026-09-20T11:13:52.779644+00:00,22072,787503,3940485,2
2026-09-20T11:13:52.810642+00:00,22073,787528,3940586,2
2026-09-20T11:13:52.827728+00:00,22074,787553,3940861,2
2026-09-20T11:13:52.859709+00:00,22075,787578,3940735,2
2026-09-20T11:13:52.875643+00:00,22076,787603,3941333,2
2026-09-20T11:13:52.909675+00:00,22077,787629,3941266,2
2026-09-20T11:13:52.923663+00:00,22078,787654,3941006,2
2026-09-20T11:13:52.956250+00:00,22079,787679,3941172,2
2026-09-20T11:13:52.987116+00:00,22080,787704,3941214,2
2026-09-20T11:13:53.003122+00:00,22081,787729,3940646,2
2026-09-20T11:13:53.035125+00:00,22082,787755,3939965,2
2026-09-20T11:13:53.051120+00:00,22083,787780,3940712,2
2026-09-20T11:13:53.083189+00:00,22084,787805,3940602,2
2026-09-20T11:13:53.099190+00:00,22085,787830,3940879,2
2026-09-20T11:13:53.132306+00:00,22086,787855,3941503,2
2026-09-20T11:13:53.164133+00:00,22087,787881,3941309,2
2026-09-20T11:13:53.179141+00:00,22088,787906,3941353,2
2026-09-20T11:13:53.211094+00:00,22089,787931,3940920,2
2026-09-20T11:13:53.228005+00:00,22090,787956,3941313,2
2026-09-20T11:13:53.259983+00:00,22091,787981,3941402,2
2026-09-20T11:13:53.275119+00:00,22092,788006,3940974,2
2026-09-20T11:13:53.307509+00:00,22093,788032,3941086,2
2026-09-20T11:13:53.342052+00:00,22094,788057,3940779,2
2026-09-20T11:13:53.355611+00:00,22095,788082,3940958,2
2026-09-20T11:13:53.387109+00:00,22096,788107,3940817,2
2026-09-20T11:13:53.403121+00:00,22097,788132,3940667,2
2026-09-20T11:13:53.435107+00:00,22098,788158,3941053,2
2026-09-20T11:13:53.451119+00:00,22099,788183,3941450,2
2026-09-20T11:13:53.483107+00:00,22100,788208,3941528,2
2026-09-20T11:13:53.515117+00:00,22101,788233,3940928,2
2026-09-20T11:13:53.531111+00:00,22102,788258,3940603,2
2026-09-20T11:13:53.563113+00:00,22103,788283,3940830,2
2026-09-20T11:13:53.579106+00:00,22104,788309,3941244,2
2026-09-20T11:13:53.612488+00:00,22105,788334,3941435,2
2026-09-20T11:13:53.643101+00:00,22106,788359,3941392,2
2026-09-20T11:13:53.659130+00:00,22107,788384,3941540,2
2026-09-20T11:13:53.691108+00:00,22108,788409,3941692,2
2026-09-20T11:13:53.707113+00:00,22109,788435,3941853,2
2026-09-20T11:13:53.739309+00:00,22110,788460,3941142,2
2026-09-20T11:13:53.754964+00:00,22111,788485,3940760,2
2026-09-20T11:13:53.786933+00:00,22112,788510,3940736,2
2026-09-20T11:13:53.818933+00:00,22113,788535,3941577,2
2026-09-20T11:13:53.835112+00:00,22114,788561,3941426,2
2026-09-20T11:13:53.866932+00:00,22115,788586,3941201,2
2026-09-20T11:13:53.882961+00:00,22116,788611,3941316,2
2026-09-20T11:13:53.914960+00:00,22117,788636,3941165,2
2026-09-20T11:13:53.931087+00:00,22118,788661,3941310,2
2026-09-20T11:13:53.963085+00:00,22119,788687,3941433,2
2026-09-20T11:13:53.995111+00:00,22120,788712,3941712,2
2026-09-20T11:13:54.011092+00:00,22121,788737,3941465,2
2026-09-20T11:13:54.043079+00:00,22122,788762,3941662,2
2026-09-20T11:13:54.059095+00:00,22123,788787,3941529,2
2026-09-20T11:13:54.091008+00:00,22124,788812,3940909,2
2026-09-20T11:13:54.107031+00:00,22125,788838,3941160,2
2026-09-20T11:13:54.139315+00:00,22126,788863,3941517,2
2026-09-20T11:13:54.171093+00:00,22127,788888,3941196,2
2026-09-20T11:13:54.188117+00:00,22128,788913,3941261,2
2026-09-20T11:13:54.219087+00:00,22129,788938,3941123,2
2026-09-20T11:13:54.235139+00:00,22130,788964,3941512,2
2026-09-20T11:13:54.267094+00:00,22131,788989,3941846,2
2026-09-20T11:13:54.283093+00:00,22132,789014,3941577,2
2026-09-20T11:13:54.315084+00:00,22133,789039,3941351,2
2026-09-20T11:13:54.347250+00:00,22134,789064,3941086,2
2026-09-20T11:13:54.363066+00:00,22135,789089,3941208,2
2026-09-20T11:13:54.396197+00:00,22136,789115,3941092,2
2026-09-20T11:13:54.411103+00:00,22137,789140,3941074,2
2026-09-20T11:13:54.443068+00:00,22138,789165,3941275,2
2026-09-20T11:13:54.459102+00:00,22139,789190,3941326,2
2026-09-20T11:13:54.491101+00:00,22140,789215,3941155,2
2026-09-20T11:13:54.524020+00:00,22141,789241,3941139,2
2026-09-20T11:13:54.540234+00:00,22142,789266,3941055,2
2026-09-20T11:13:54.573404+00:00,22143,789291,3940852,2
2026-09-20T11:13:54.588152+00:00,22144,789316,3941433,2
2026-09-20T11:13:54.620089+00:00,22145,789341,3941285,2
2026-09-20T11:13:54.636115+00:00,22146,789367,3940973,2
2026-09-20T11:13:54.668112+00:00,22147,789392,3941329,2
2026-09-20T11:13:54.699088+00:00,22148,789417,3941564,2
2026-09-20T11:13:54.717118+00:00,22149,789442,3941613,2
2026-09-20T11:13:54.747115+00:00,22150,789467,3941698,2
2026-09-20T11:13:54.763116+00:00,22151,789492,3941578,2
2026-09-20T11:13:54.795117+00:00,22152,789518,3941210,2
2026-09-20T11:13:54.811116+00:00,22153,789543,3940667,2
2026-09-20T11:13:54.843116+00:00,22154,789568,3940689,2
2026-09-20T11:13:54.875064+00:00,22155,789593,3940883,2
2026-09-20T11:13:54.891086+00:00,22156,789618,3941215,2
2026-09-20T11:13:54.923581+00:00,22157,789644,3941417,2
2026-09-20T11:13:54.939310+00:00,22158,789669,3941014,2
2026-09-20T11:13:54.971061+00:00,22159,789694,3941429,2
2026-09-20T11:13:55.003067+00:00,22160,789719,3942149,2
2026-09-20T11:13:55.019079+00:00,22161,789744,3941851,2
2026-09-20T11:13:55.051071+00:00,22162,789770,3941769,2
2026-09-20T11:13:55.067061+00:00,22163,789795,3941674,2
2026-09-20T11:13:55.099105+00:00,22164,789820,3941567,2
2026-09-20T11:13:55.115053+00:00,22165,789845,3941661,2
2026-09-20T11:13:55.147069+00:00,22166,789870,3942199,2
2026-09-20T11:13:55.178977+00:00,22167,789895,3941749,2
2026-09-20T11:13:55.195053+00:00,22168,789921,3941296,2
2026-09-20T11:13:55.227054+00:00,22169,789946,3941489,2
2026-09-20T11:13:55.243557+00:00,22170,789971,3941241,2
2026-09-20T11:13:55.275074+00:00,22171,789996,3940436,2
2026-09-20T11:13:55.291057+00:00,22172,790021,3940759,2
2026-09-20T11:13:55.323041+00:00,22173,790047,3941434,2
2026-09-20T11:13:55.356982+00:00,22174,790072,3942226,2
2026-09-20T11:13:55.371469+00:00,22175,790097,3942226,2
2026-09-20T11:13:55.405292+00:00,22176,790122,3941892,2
2026-09-20T11:13:55.419069+00:00,22177,790147,3941266,2
2026-09-20T11:13:55.452152+00:00,22178,790173,3941244,2
2026-09-20T11:13:55.469326+00:00,22179,790198,3941567,2
2026-09-20T11:13:55.499042+00:00,22180,790223,3941440,2
2026-09-20T11:13:55.531528+00:00,22181,790248,3941384,2
2026-09-20T11:13:55.547784+00:00,22182,790273,3941594,2
2026-09-20T11:13:55.579108+00:00,22183,790299,3941683,2
2026-09-20T11:13:55.595054+00:00,22184,790324,3941339,2
2026-09-20T11:13:55.627045+00:00,22185,790349,3941413,2
2026-09-20T11:13:55.643062+00:00,22186,790374,3940988,2
2026-09-20T11:13:55.676075+00:00,22187,790399,3940925,2
2026-09-20T11:13:55.709337+00:00,22188,790424,3940959,2
2026-09-20T11:13:55.724334+00:00,22189,790450,3941425,2
2026-09-20T11:13:55.755332+00:00,22190,790475,3941578,2
2026-09-20T11:13:55.771348+00:00,22191,790500,3941493,2
2026-09-20T11:13:55.803331+00:00,22192,790525,3941464,2
2026-09-20T11:13:55.819333+00:00,22193,790550,3941588,2
2026-09-20T11:13:55.851334+00:00,22194,790576,3941621,2
2026-09-20T11:13:55.883076+00:00,22195,790601,3941196,2
2026-09-20T11:13:55.899022+00:00,22196,790626,3940984,2
2026-09-20T11:13:55.931060+00:00,22197,790651,3940670,2
2026-09-20T11:13:55.947050+00:00,22198,790676,3940865,2
2026-09-20T11:13:55.979033+00:00,22199,790702,3941313,2
2026-09-20T11:13:55.995048+00:00,22200,790727,3941597,2
2026-09-20T11:13:56.027036+00:00,22201,790752,3941978,2
2026-09-20T11:13:56.060036+00:00,22202,790777,3942189,2
2026-09-20T11:13:56.076083+00:00,22203,790802,3941843,2
2026-09-20T11:13:56.107080+00:00,22204,790827,3941437,2
2026-09-20T11:13:56.123563+00:00,22205,790853,3941722,2
2026-09-20T11:13:56.155073+00:00,22206,790878,3941722,2
2026-09-20T11:13:56.172079+00:00,22207,790903,3941151,2
2026-09-20T11:13:56.203901+00:00,22208,790928,3941200,2
2026-09-20T11:13:56.235056+00:00,22209,790953,3941621,2
2026-09-20T11:13:56.251046+00:00,22210,790979,3941336,2
2026-09-20T11:13:56.282914+00:00,22211,791004,3941530,2
2026-09-20T11:13:56.300223+00:00,22212,791029,3941195,2
2026-09-20T11:13:56.331058+00:00,22213,791054,3940824,2
2026-09-20T11:13:56.362605+00:00,22214,791079,3941232,2
2026-09-20T11:13:56.379023+00:00,22215,791105,3941859,2
2026-09-20T11:13:56.412100+00:00,22216,791130,3941721,2
2026-09-20T11:13:56.427697+00:00,22217,791155,3940961,2
2026-09-20T11:13:56.459085+00:00,22218,791180,3940933,2
2026-09-20T11:13:56.475056+00:00,22219,791205,3940806,2
2026-09-20T11:13:56.508050+00:00,22220,791230,3940698,2
2026-09-20T11:13:56.540576+00:00,22221,791256,3941391,2
2026-09-20T11:13:56.556008+00:00,22222,791281,3941755,2
2026-09-20T11:13:56.587086+00:00,22223,791306,3941696,2
2026-09-20T11:13:56.603027+00:00,22224,791331,3941736,2
2026-09-20T11:13:56.635033+00:00,22225,791356,3941045,2
2026-09-20T11:13:56.651032+00:00,22226,791382,3941605,2
2026-09-20T11:13:56.683027+00:00,22227,791407,3941770,2
2026-09-20T11:13:56.714976+00:00,22228,791432,3941453,2
2026-09-20T11:13:56.731029+00:00,22229,791457,3940852,2
2026-09-20T11:13:56.762952+00:00,22230,791482,3940803,2
2026-09-20T11:13:56.778952+00:00,22231,791508,3941335,2
2026-09-20T11:13:56.811050+00:00,22232,791533,3941390,2
2026-09-20T11:13:56.826952+00:00,22233,791558,3941456,2
2026-09-20T11:13:56.859954+00:00,22234,791583,3941140,2
2026-09-20T11:13:56.890963+00:00,22235,791608,3941514,2
2026-09-20T11:13:56.908140+00:00,22236,791633,3941383,2
2026-09-20T11:13:56.940956+00:00,22237,791659,3941142,2
2026-09-20T11:13:56.954967+00:00,22238,791684,3941327,2
2026-09-20T11:13:56.987039+00:00,22239,791709,3940997,2
2026-09-20T11:13:57.003085+00:00,22240,791734,3941862,2
2026-09-20T11:13:57.035020+00:00,22241,791759,3941861,2
2026-09-20T11:13:57.066685+00:00,22242,791785,3941821,2
2026-09-20T11:13:57.082949+00:00,22243,791810,3941554,2
2026-09-20T11:13:57.115009+00:00,22244,791835,3941144,2
2026-09-20T11:13:57.131769+00:00,22245,791860,3940742,2
2026-09-20T11:13:57.163006+00:00,22246,791885,3940670,2
2026-09-20T11:13:57.179007+00:00,22247,791910,3940853,2
2026-09-20T11:13:57.210900+00:00,22248,791936,3941143,2
2026-09-20T11:13:57.243163+00:00,22249,791961,3940964,2
2026-09-20T11:13:57.259990+00:00,22250,791986,3941160,2
2026-09-20T11:13:57.291006+00:00,22251,792011,3941245,2
2026-09-20T11:13:57.306995+00:00,22252,792036,3940930,2
2026-09-20T11:13:57.338978+00:00,22253,792062,3941284,2
2026-09-20T11:13:57.356076+00:00,22254,792087,3940904,2
2026-09-20T11:13:57.387029+00:00,22255,792112,3941230,2
2026-09-20T11:13:57.419865+00:00,22256,792137,3941732,2
2026-09-20T11:13:57.435825+00:00,22257,792162,3941956,2
2026-09-20T11:13:57.469195+00:00,22258,792187,3941447,2
2026-09-20T11:13:57.483011+00:00,22259,792213,3941152,2
2026-09-20T11:13:57.515001+00:00,22260,792238,3941214,2
2026-09-20T11:13:57.531013+00:00,22261,792263,3941773,2
2026-09-20T11:13:57.564294+00:00,22262,792288,3941472,2
2026-09-20T11:13:57.595014+00:00,22263,792313,3941681,2
2026-09-20T11:13:57.611995+00:00,22264,792339,3941845,2
2026-09-20T11:13:57.642994+00:00,22265,792364,3941164,2
2026-09-20T11:13:57.658996+00:00,22266,792389,3941272,2
2026-09-20T11:13:57.691014+00:00,22267,792414,3941814,2
2026-09-20T11:13:57.707012+00:00,22268,792439,3941432,2
2026-09-20T11:13:57.739378+00:00,22269,792465,3941452,2
2026-09-20T11:13:57.771007+00:00,22270,792490,3941934,2
2026-09-20T11:13:57.787008+00:00,22271,792515,3941602,2
2026-09-20T11:13:57.819033+00:00,22272,792540,3941692,2
2026-09-20T11:13:57.835032+00:00,22273,792565,3941550,2
2026-09-20T11:13:57.867033+00:00,22274,792590,3941617,2
2026-09-20T11:13:57.899033+00:00,22275,792616,3941759,2
2026-09-20T11:13:57.915036+00:00,22276,792641,3941827,2
2026-09-20T11:13:57.946996+00:00,22277,792666,3941428,2
2026-09-20T11:13:57.963010+00:00,22278,792691,3941594,2
2026-09-20T11:13:57.995006+00:00,22279,792716,3942295,2
2026-09-20T11:13:58.011011+00:00,22280,792742,3942039,2
2026-09-20T11:13:58.043003+00:00,22281,792767,3941294,2
2026-09-20T11:13:58.075007+00:00,22282,792792,3940881,2
2026-09-20T11:13:58.091011+00:00,22283,792817,3941369,2
2026-09-20T11:13:58.123669+00:00,22284,792842,3941588,2
2026-09-20T11:13:58.139003+00:00,22285,792868,3941488,2
2026-09-20T11:13:58.170796+00:00,22286,792893,3941206,2
2026-09-20T11:13:58.188054+00:00,22287,792918,3941371,2
2026-09-20T11:13:58.219041+00:00,22288,792943,3941629,2
2026-09-20T11:13:58.251009+00:00,22289,792968,3941955,2
2026-09-20T11:13:58.268024+00:00,22290,792993,3941607,2
2026-09-20T11:13:58.299031+00:00,22291,793019,3941765,2
2026-09-20T11:13:58.315034+00:00,22292,793044,3941705,2
2026-09-20T11:13:58.346982+00:00,22293,793069,3941616,2
2026-09-20T11:13:58.362971+00:00,22294,793094,3941699,2
2026-09-20T11:13:58.394969+00:00,22295,793119,3941936,2
2026-09-20T11:13:58.426968+00:00,22296,793145,3941644,2
2026-09-20T11:13:58.444612+00:00,22297,793170,3941536,2
2026-09-20T11:13:58.475498+00:00,22298,793195,3942412,2
2026-09-20T11:13:58.492365+00:00,22299,793220,3941867,2
2026-09-20T11:13:58.524634+00:00,22300,793245,3941367,2
2026-09-20T11:13:58.540278+00:00,22301,793270,3941350,2
2026-09-20T11:13:58.572882+00:00,22302,793296,3941690,2
2026-09-20T11:13:58.604022+00:00,22303,793321,3941946,2
2026-09-20T11:13:58.618978+00:00,22304,793346,3941803,2
2026-09-20T11:13:58.652184+00:00,22305,793371,3941416,2
2026-09-20T11:13:58.669270+00:00,22306,793396,3941502,2
2026-09-20T11:13:58.698971+00:00,22307,793422,3941639,2
2026-09-20T11:13:58.717012+00:00,22308,793447,3941132,2
2026-09-20T11:13:58.746999+00:00,22309,793472,3941366,2
2026-09-20T11:13:58.779002+00:00,22310,793497,3941311,2
2026-09-20T11:13:58.794999+00:00,22311,793522,3941497,2
2026-09-20T11:13:58.827002+00:00,22312,793548,3941782,2
2026-09-20T11:13:58.843002+00:00,22313,793573,3941965,2
2026-09-20T11:13:58.875711+00:00,22314,793598,3941685,2
2026-09-20T11:13:58.890977+00:00,22315,793623,3941405,2
2026-09-20T11:13:58.923667+00:00,22316,793648,3940998,2
2026-09-20T11:13:58.954975+00:00,22317,793673,3941541,2
2026-09-20T11:13:58.970958+00:00,22318,793699,3941555,2
2026-09-20T11:13:59.002962+00:00,22319,793724,3941637,2
2026-09-20T11:13:59.018960+00:00,22320,793749,3941454,2
2026-09-20T11:13:59.051820+00:00,22321,793774,3941313,2
2026-09-20T11:13:59.066975+00:00,22322,793799,3941565,2
2026-09-20T11:13:59.098976+00:00,22323,793825,3941272,2
2026-09-20T11:13:59.130963+00:00,22324,793850,3941060,2
2026-09-20T11:13:59.146981+00:00,22325,793875,3941751,2
2026-09-20T11:13:59.179010+00:00,22326,793900,3941967,2
2026-09-20T11:13:59.194969+00:00,22327,793925,3941855,2
2026-09-20T11:13:59.226960+00:00,22328,793951,3941667,2
2026-09-20T11:13:59.258527+00:00,22329,793976,3941143,2
2026-09-20T11:13:59.274966+00:00,22330,794001,3941887,2
2026-09-20T11:13:59.307526+00:00,22331,794026,3941474,2
2026-09-20T11:13:59.323676+00:00,22332,794051,3941246,2
2026-09-20T11:13:59.356660+00:00,22333,794076,3941766,2
2026-09-20T11:13:59.371586+00:00,22334,794102,3941617,2
2026-09-20T11:13:59.402958+00:00,22335,794127,3941737,2
2026-09-20T11:13:59.434964+00:00,22336,794152,3941775,2
2026-09-20T11:13:59.450968+00:00,22337,794177,3941698,2
2026-09-20T11:13:59.484180+00:00,22338,794202,3941403,2
2026-09-20T11:13:59.498960+00:00,22339,794228,3941477,2
2026-09-20T11:13:59.532007+00:00,22340,794253,3941227,2
2026-09-20T11:13:59.546943+00:00,22341,794278,3941154,2
2026-09-20T11:13:59.579957+00:00,22342,794303,3941043,2
2026-09-20T11:13:59.611343+00:00,22343,794328,3940996,2
2026-09-20T11:13:59.629119+00:00,22344,794353,3941475,2
2026-09-20T11:13:59.658947+00:00,22345,794379,3941933,2
2026-09-20T11:13:59.674936+00:00,22346,794404,3942006,2
2026-09-20T11:13:59.707749+00:00,22347,794429,3941741,2
2026-09-20T11:13:59.724748+00:00,22348,794454,3941387,2
2026-09-20T11:13:59.755749+00:00,22349,794479,3941145,2
2026-09-20T11:13:59.786747+00:00,22350,794505,3941209,2
2026-09-20T11:13:59.802941+00:00,22351,794530,3941368,2
2026-09-20T11:13:59.835747+00:00,22352,794555,3941382,2
2026-09-20T11:13:59.851748+00:00,22353,794580,3941243,2
2026-09-20T11:13:59.882948+00:00,22354,794605,3941424,2
2026-09-20T11:13:59.898954+00:00,22355,794630,3941317,2
2026-09-20T11:13:59.930920+00:00,22356,794656,3941562,2
2026-09-20T11:13:59.962933+00:00,22357,794681,3941629,2
2026-09-20T11:13:59.979481+00:00,22358,794706,3941170,2
2026-09-20T11:14:00.011963+00:00,22359,794731,3941060,2
2026-09-20T11:14:00.026944+00:00,22360,794756,3941289,2
2026-09-20T11:14:00.058934+00:00,22361,794782,3941867,2
2026-09-20T11:14:00.074931+00:00,22362,794807,3942023,2
2026-09-20T11:14:00.108027+00:00,22363,794832,3941769,2
2026-09-20T11:14:00.139365+00:00,22364,794857,3941629,2
2026-09-20T11:14:00.155734+00:00,22365,794882,3941077,2
2026-09-20T11:14:00.186940+00:00,22366,794908,3940966,2
2026-09-20T11:14:00.202934+00:00,22367,794933,3941491,2
2026-09-20T11:14:00.236068+00:00,22368,794958,3941760,2
2026-09-20T11:14:00.250942+00:00,22369,794983,3941772,2
2026-09-20T11:14:00.282935+00:00,22370,795008,3941917,2
2026-09-20T11:14:00.315986+00:00,22371,795033,3941728,2
2026-09-20T11:14:00.332200+00:00,22372,795059,3941457,2
2026-09-20T11:14:00.362947+00:00,22373,795084,3941419,2
2026-09-20T11:14:00.379736+00:00,22374,795109,3941391,2
2026-09-20T11:14:00.410930+00:00,22375,795134,3941586,2
2026-09-20T11:14:00.426917+00:00,22376,795159,3941947,2
2026-09-20T11:14:00.460047+00:00,22377,795185,3941965,2
2026-09-20T11:14:00.491386+00:00,22378,795210,3941941,2
2026-09-20T11:14:00.507839+00:00,22379,795235,3942120,2
2026-09-20T11:14:00.540477+00:00,22380,795260,3941594,2
2026-09-20T11:14:00.556063+00:00,22381,795285,3941240,2
2026-09-20T11:14:00.586969+00:00,22382,795310,3941583,2
2026-09-20T11:14:00.605053+00:00,22383,795336,3941989,2
2026-09-20T11:14:00.634845+00:00,22384,795361,3942169,2
2026-09-20T11:14:00.666911+00:00,22385,795386,3941950,2
2026-09-20T11:14:00.682908+00:00,22386,795411,3941752,2
2026-09-20T11:14:00.714917+00:00,22387,795436,3941454,2
2026-09-20T11:14:00.731996+00:00,22388,795462,3941730,2
2026-09-20T11:14:00.762734+00:00,22389,795487,3941691,2
2026-09-20T11:14:00.795110+00:00,22390,795512,3941785,2
2026-09-20T11:14:00.812103+00:00,22391,795537,3942243,2
2026-09-20T11:14:00.843095+00:00,22392,795562,3942538,2
2026-09-20T11:14:00.859098+00:00,22393,795588,3942304,2
2026-09-20T11:14:00.891097+00:00,22394,795613,3941728,2
2026-09-20T11:14:00.907105+00:00,22395,795638,3941623,2
2026-09-20T11:14:00.940155+00:00,22396,795663,3942169,2
2026-09-20T11:14:00.970925+00:00,22397,795688,3942202,2
2026-09-20T11:14:00.986913+00:00,22398,795713,3941680,2
2026-09-20T11:14:01.019992+00:00,22399,795739,3941261,2
2026-09-20T11:14:01.034930+00:00,22400,795764,3941830,2
2026-09-20T11:14:01.066915+00:00,22401,795789,3942126,2
2026-09-20T11:14:01.082935+00:00,22402,795814,3942244,2
2026-09-20T11:14:01.114934+00:00,22403,795839,3941888,2
2026-09-20T11:14:01.146919+00:00,22404,795865,3942166,2
2026-09-20T11:14:01.164008+00:00,22405,795890,3942245,2
2026-09-20T11:14:01.195811+00:00,22406,795915,3942146,2
2026-09-20T11:14:01.210915+00:00,22407,795940,3941850,2
2026-09-20T11:14:01.242902+00:00,22408,795965,3941594,2
2026-09-20T11:14:01.259416+00:00,22409,795991,3941749,2
2026-09-20T11:14:01.291019+00:00,22410,796016,3942069,2
2026-09-20T11:14:01.323679+00:00,22411,796041,3941635,2
2026-09-20T11:14:01.339602+00:00,22412,796066,3941988,2
2026-09-20T11:14:01.373079+00:00,22413,796091,3941548,2
2026-09-20T11:14:01.387034+00:00,22414,796116,3941202,2
2026-09-20T11:14:01.418901+00:00,22415,796142,3941887,2
2026-09-20T11:14:01.434902+00:00,22416,796167,3942037,2
2026-09-20T11:14:01.466907+00:00,22417,796192,3941747,2
2026-09-20T11:14:01.498921+00:00,22418,796217,3941652,2
2026-09-20T11:14:01.514909+00:00,22419,796242,3941881,2
2026-09-20T11:14:01.546831+00:00,22420,796268,3941457,2
2026-09-20T11:14:01.563930+00:00,22421,796293,3941492,2
2026-09-20T11:14:01.594950+00:00,22422,796318,3942042,2
2026-09-20T11:14:01.611036+00:00,22423,796343,3941695,2
2026-09-20T11:14:01.642893+00:00,22424,796368,3941496,2
2026-09-20T11:14:01.674892+00:00,22425,796394,3941622,2
2026-09-20T11:14:01.690905+00:00,22426,796419,3941818,2
2026-09-20T11:14:01.723729+00:00,22427,796444,3942020,2
2026-09-20T11:14:01.739341+00:00,22428,796469,3942137,2
2026-09-20T11:14:01.772931+00:00,22429,796494,3942129,2
2026-09-20T11:14:01.786927+00:00,22430,796519,3941451,2
2026-09-20T11:14:01.818931+00:00,22431,796545,3941047,2
2026-09-20T11:14:01.850928+00:00,22432,796570,3941477,2
2026-09-20T11:14:01.866928+00:00,22433,796595,3941911,2
2026-09-20T11:14:01.898935+00:00,22434,796620,3942101,2
2026-09-20T11:14:01.914929+00:00,22435,796645,3941834,2
2026-09-20T11:14:01.946878+00:00,22436,796671,3941768,2
2026-09-20T11:14:01.962871+00:00,22437,796696,3941483,2
2026-09-20T11:14:01.994997+00:00,22438,796721,3941403,2
2026-09-20T11:14:02.026897+00:00,22439,796746,3941912,2
2026-09-20T11:14:02.042876+00:00,22440,796771,3942383,2
2026-09-20T11:14:02.074900+00:00,22441,796796,3941975,2
2026-09-20T11:14:02.091002+00:00,22442,796822,3941021,2
2026-09-20T11:14:02.122873+00:00,22443,796847,3941482,2
2026-09-20T11:14:02.154872+00:00,22444,796872,3942169,2
2026-09-20T11:14:02.170888+00:00,22445,796897,3942485,2
2026-09-20T11:14:02.202886+00:00,22446,796922,3942061,2
2026-09-20T11:14:02.218895+00:00,22447,796948,3941691,2
2026-09-20T11:14:02.250888+00:00,22448,796973,3941589,2
2026-09-20T11:14:02.266878+00:00,22449,796998,3941880,2
2026-09-20T11:14:02.298891+00:00,22450,797023,3942010,2
2026-09-20T11:14:02.331912+00:00,22451,797048,3941815,2
2026-09-20T11:14:02.346887+00:00,22452,797073,3941378,2
2026-09-20T11:14:02.378883+00:00,22453,797099,3941884,2
2026-09-20T11:14:02.394838+00:00,22454,797124,3941685,2
2026-09-20T11:14:02.427855+00:00,22455,797149,3941740,2
2026-09-20T11:14:02.442886+00:00,22456,797174,3942169,2
2026-09-20T11:14:02.475139+00:00,22457,797199,3941916,2
2026-09-20T11:14:02.507113+00:00,22458,797225,3941791,2
2026-09-20T11:14:02.523688+00:00,22459,797250,3941744,2
2026-09-20T11:14:02.555394+00:00,22460,797275,3941749,2
2026-09-20T11:14:02.571393+00:00,22461,797300,3942154,2
2026-09-20T11:14:02.602892+00:00,22462,797325,3942524,2
2026-09-20T11:14:02.618893+00:00,22463,797351,3942049,2
2026-09-20T11:14:02.650946+00:00,22464,797376,3941897,2
2026-09-20T11:14:02.682887+00:00,22465,797401,3941685,2
2026-09-20T11:14:02.699245+00:00,22466,797426,3941286,2
2026-09-20T11:14:02.731245+00:00,22467,797451,3942009,2
2026-09-20T11:14:02.747245+00:00,22468,797476,3942125,2
2026-09-20T11:14:02.779265+00:00,22469,797502,3941289,2
2026-09-20T11:14:02.795244+00:00,22470,797527,3941676,2
2026-09-20T11:14:02.827260+00:00,22471,797552,3942079,2
2026-09-20T11:14:02.858862+00:00,22472,797577,3941922,2
2026-09-20T11:14:02.874863+00:00,22473,797602,3941914,2
2026-09-20T11:14:02.906851+00:00,22474,797628,3941340,2
2026-09-20T11:14:02.922793+00:00,22475,797653,3941559,2
2026-09-20T11:14:02.955998+00:00,22476,797678,3942013,2
2026-09-20T11:14:02.970861+00:00,22477,797703,3942123,2
2026-09-20T11:14:03.002858+00:00,22478,797728,3942147,2
2026-09-20T11:14:03.034876+00:00,22479,797754,3941699,2
2026-09-20T11:14:03.050934+00:00,22480,797779,3941924,2
2026-09-20T11:14:03.082861+00:00,22481,797804,3941766,2
2026-09-20T11:14:03.098876+00:00,22482,797829,3941837,2
2026-09-20T11:14:03.130869+00:00,22483,797854,3941802,2
2026-09-20T11:14:03.146860+00:00,22484,797880,3942120,2
2026-09-20T11:14:03.178901+00:00,22485,797905,3941778,2
2026-09-20T11:14:03.210860+00:00,22486,797930,3941438,2
2026-09-20T11:14:03.226889+00:00,22487,797955,3942037,2
2026-09-20T11:14:03.260044+00:00,22488,797980,3942110,2
2026-09-20T11:14:03.274865+00:00,22489,798005,3941724,2
2026-09-20T11:14:03.307606+00:00,22490,798031,3941437,2
2026-09-20T11:14:03.324682+00:00,22491,798056,3941719,2
2026-09-20T11:14:03.356770+00:00,22492,798081,3941494,2
2026-09-20T11:14:03.386859+00:00,22493,798106,3942068,2
2026-09-20T11:14:03.403385+00:00,22494,798131,3942413,2
2026-09-20T11:14:03.434849+00:00,22495,798157,3942152,2
2026-09-20T11:14:03.450849+00:00,22496,798182,3941938,2
2026-09-20T11:14:03.482861+00:00,22497,798207,3941915,2
2026-09-20T11:14:03.498849+00:00,22498,798232,3942024,2
2026-09-20T11:14:03.532631+00:00,22499,798257,3942246,2
2026-09-20T11:14:03.562940+00:00,22500,798283,3942311,2
2026-09-20T11:14:03.579940+00:00,22501,798308,3941607,2
2026-09-20T11:14:03.610830+00:00,22502,798333,3941322,2
2026-09-20T11:14:03.626853+00:00,22503,798358,3941397,2
2026-09-20T11:14:03.658847+00:00,22504,798383,3941949,2
2026-09-20T11:14:03.690810+00:00,22505,798408,3942568,2
2026-09-20T11:14:03.707006+00:00,22506,798434,3942105,2
2026-09-20T11:14:03.739096+00:00,22507,798459,3941449,2
2026-09-20T11:14:03.754843+00:00,22508,798484,3941871,2
2026-09-20T11:14:03.787883+00:00,22509,798509,3942402,2
2026-09-20T11:14:03.803965+00:00,22510,798534,3942502,2
2026-09-20T11:14:03.834838+00:00,22511,798560,3942271,2
2026-09-20T11:14:03.867258+00:00,22512,798585,3942784,2
2026-09-20T11:14:03.883210+00:00,22513,798610,3942142,2
2026-09-20T11:14:03.915209+00:00,22514,798635,3941396,2
2026-09-20T11:14:03.931218+00:00,22515,798660,3941772,2
2026-09-20T11:14:03.963211+00:00,22516,798686,3942364,2
2026-09-20T11:14:03.979208+00:00,22517,798711,3941675,2
2026-09-20T11:14:04.011209+00:00,22518,798736,3941950,2
2026-09-20T11:14:04.042849+00:00,22519,798761,3942012,2
2026-09-20T11:14:04.059934+00:00,22520,798786,3941692,2
2026-09-20T11:14:04.091466+00:00,22521,798811,3942001,2
2026-09-20T11:14:04.107448+00:00,22522,798837,3941964,2
2026-09-20T11:14:04.140545+00:00,22523,798862,3942230,2
2026-09-20T11:14:04.155292+00:00,22524,798887,3941754,2
2026-09-20T11:14:04.186630+00:00,22525,798912,3941707,2
2026-09-20T11:14:04.219186+00:00,22526,798937,3941386,2
2026-09-20T11:14:04.234814+00:00,22527,798963,3941947,2
2026-09-20T11:14:04.266792+00:00,22528,798988,3942479,2
2026-09-20T11:14:04.282821+00:00,22529,799013,3942120,2
2026-09-20T11:14:04.314838+00:00,22530,799038,3941216,2
2026-09-20T11:14:04.330814+00:00,22531,799063,3941590,2
2026-09-20T11:14:04.362816+00:00,22532,799089,3941720,2
2026-09-20T11:14:04.394712+00:00,22533,799114,3941259,2
2026-09-20T11:14:04.411476+00:00,22534,799139,3941487,2
2026-09-20T11:14:04.443926+00:00,22535,799164,3941947,2
2026-09-20T11:14:04.458849+00:00,22536,799189,3942113,2
2026-09-20T11:14:04.490769+00:00,22537,799214,3942276,2
2026-09-20T11:14:04.507082+00:00,22538,799240,3942177,2
2026-09-20T11:14:04.541099+00:00,22539,799265,3941703,2
2026-09-20T11:14:04.571108+00:00,22540,799290,3942070,2
2026-09-20T11:14:04.587098+00:00,22541,799315,3942192,2
2026-09-20T11:14:04.619080+00:00,22542,799340,3941859,2
2026-09-20T11:14:04.636084+00:00,22543,799366,3941611,2
2026-09-20T11:14:04.667081+00:00,22544,799391,3941698,2
2026-09-20T11:14:04.684111+00:00,22545,799416,3941707,2
2026-09-20T11:14:04.715085+00:00,22546,799441,3942039,2
2026-09-20T11:14:04.747119+00:00,22547,799466,3942161,2
2026-09-20T11:14:04.763081+00:00,22548,799492,3942144,2
2026-09-20T11:14:04.795052+00:00,22549,799517,3942210,2
2026-09-20T11:14:04.811480+00:00,22550,799542,3941853,2
2026-09-20T11:14:04.843022+00:00,22551,799567,3942245,2
2026-09-20T11:14:04.858823+00:00,22552,799592,3942326,2
2026-09-20T11:14:04.890685+00:00,22553,799617,3941647,2
2026-09-20T11:14:04.923687+00:00,22554,799643,3942510,2
2026-09-20T11:14:04.938685+00:00,22555,799668,3942680,2
2026-09-20T11:14:04.970687+00:00,22556,799693,3941844,2
2026-09-20T11:14:04.986769+00:00,22557,799718,3941363,2
2026-09-20T11:14:05.018714+00:00,22558,799743,3942032,2
2026-09-20T11:14:05.050798+00:00,22559,799769,3941966,2
2026-09-20T11:14:05.066806+00:00,22560,799794,3942563,2
2026-09-20T11:14:05.098798+00:00,22561,799819,3942534,2
2026-09-20T11:14:05.114813+00:00,22562,799844,3941851,2
2026-09-20T11:14:05.146988+00:00,22563,799869,3941918,2
2026-09-20T11:14:05.162833+00:00,22564,799895,3942417,2
2026-09-20T11:14:05.194790+00:00,22565,799920,3942485,2
2026-09-20T11:14:05.227787+00:00,22566,799945,3942035,2
2026-09-20T11:14:05.243960+00:00,22567,799970,3942243,2
2026-09-20T11:14:05.276774+00:00,22568,799995,3941891,2
2026-09-20T11:14:05.291775+00:00,22569,800020,3941671,2
2026-09-20T11:14:05.323776+00:00,22570,800046,3941980,2
2026-09-20T11:14:05.339773+00:00,22571,800071,3942348,2
2026-09-20T11:14:05.371773+00:00,22572,800096,3942256,2
2026-09-20T11:14:05.418414+00:00,22573,800121,3942339,2
2026-09-20T11:14:05.421829+00:00,22574,800146,3942781,2
2026-09-20T11:14:05.451638+00:00,22575,800172,3942669,2
2026-09-20T11:14:05.466638+00:00,22576,800197,3941799,2
2026-09-20T11:14:05.499638+00:00,22577,800222,3941011,2
2026-09-20T11:14:05.515640+00:00,22578,800247,3941433,2
2026-09-20T11:14:05.547641+00:00,22579,800272,3942099,2
2026-09-20T11:14:05.578653+00:00,22580,800298,3942189,2
2026-09-20T11:14:05.595640+00:00,22581,800323,3941929,2
2026-09-20T11:14:05.627700+00:00,22582,800348,3942384,2
2026-09-20T11:14:05.643680+00:00,22583,800373,3942267,2
2026-09-20T11:14:05.675637+00:00,22584,800398,3941593,2
2026-09-20T11:14:05.690640+00:00,22585,800423,3941782,2
2026-09-20T11:14:05.723639+00:00,22586,800449,3941896,2
2026-09-20T11:14:05.755636+00:00,22587,800474,3942097,2
2026-09-20T11:14:05.770638+00:00,22588,800499,3941479,2
2026-09-20T11:14:05.802653+00:00,22589,800524,3941652,2
2026-09-20T11:14:05.818650+00:00,22590,800549,3941836,2
2026-09-20T11:14:05.850809+00:00,22591,800575,3942311,2
2026-09-20T11:14:05.869313+00:00,22592,800600,3942394,2
2026-09-20T11:14:05.899134+00:00,22593,800625,3942465,2
2026-09-20T11:14:05.934131+00:00,22594,800650,3942153,2
2026-09-20T11:14:05.950130+00:00,22595,800675,3942572,2
2026-09-20T11:14:05.981161+00:00,22596,800701,3942419,2
2026-09-20T11:14:05.995133+00:00,22597,800726,3942111,2
2026-09-20T11:14:06.040137+00:00,22598,800751,3941776,2
2026-09-20T11:14:06.043132+00:00,22599,800776,3941692,2
2026-09-20T11:14:06.076134+00:00,22600,800801,3941854,2
2026-09-20T11:14:06.108133+00:00,22601,800826,3942026,2
2026-09-20T11:14:06.126134+00:00,22602,800852,3941584,2
2026-09-20T11:14:06.159181+00:00,22603,800877,3941720,2
2026-09-20T11:14:06.180132+00:00,22604,800902,3942264,2
2026-09-20T11:14:06.205133+00:00,22605,800927,3942400,2
2026-09-20T11:14:06.219134+00:00,22606,800952,3942539,2
2026-09-20T11:14:06.251132+00:00,22607,800978,3942266,2
2026-09-20T11:14:06.283193+00:00,22608,801003,3942347,2
2026-09-20T11:14:06.300139+00:00,22609,801028,3942208,2
2026-09-20T11:14:06.332164+00:00,22610,801053,3942047,2
2026-09-20T11:14:06.347132+00:00,22611,801078,3942236,2
2026-09-20T11:14:06.379136+00:00,22612,801104,3942653,2
2026-09-20T11:14:06.411138+00:00,22613,801129,3943344,2
2026-09-20T11:14:06.427154+00:00,22614,801154,3942769,2
2026-09-20T11:14:06.459134+00:00,22615,801179,3942107,2
2026-09-20T11:14:06.475131+00:00,22616,801204,3942332,2
2026-09-20T11:14:06.508134+00:00,22617,801230,3942282,2
2026-09-20T11:14:06.524131+00:00,22618,801255,3942558,2
2026-09-20T11:14:06.557135+00:00,22619,801280,3942409,2
2026-09-20T11:14:06.587133+00:00,22620,801305,3942226,2
2026-09-20T11:14:06.604130+00:00,22621,801330,3942113,2
2026-09-20T11:14:06.635158+00:00,22622,801355,3942088,2
2026-09-20T11:14:06.651133+00:00,22623,801381,3942291,2
2026-09-20T11:14:06.684131+00:00,22624,801406,3942343,2
2026-09-20T11:14:06.699131+00:00,22625,801431,3942580,2
2026-09-20T11:14:06.731171+00:00,22626,801456,3942382,2
2026-09-20T11:14:06.763133+00:00,22627,801481,3941891,2
2026-09-20T11:14:06.779131+00:00,22628,801507,3941861,2
2026-09-20T11:14:06.811151+00:00,22629,801532,3942129,2
2026-09-20T11:14:06.827135+00:00,22630,801557,3942579,2
2026-09-20T11:14:06.861135+00:00,22631,801582,3942754,2
2026-09-20T11:14:06.875133+00:00,22632,801607,3942577,2
2026-09-20T11:14:06.907136+00:00,22633,801633,3942405,2
2026-09-20T11:14:06.940261+00:00,22634,801658,3942493,2
2026-09-20T11:14:06.957136+00:00,22635,801683,3942451,2
2026-09-20T11:14:06.990133+00:00,22636,801708,3942514,2
2026-09-20T11:14:07.003341+00:00,22637,801733,3941947,2
2026-09-20T11:14:07.036132+00:00,22638,801759,3942607,2
2026-09-20T11:14:07.051134+00:00,22639,801784,3942017,2
2026-09-20T11:14:07.083171+00:00,22640,801809,3941897,2
2026-09-20T11:14:07.115132+00:00,22641,801834,3942192,2
2026-09-20T11:14:07.132173+00:00,22642,801859,3942374,2
2026-09-20T11:14:07.163134+00:00,22643,801884,3942593,2
2026-09-20T11:14:07.179149+00:00,22644,801910,3942467,2
2026-09-20T11:14:07.211139+00:00,22645,801935,3942406,2
2026-09-20T11:14:07.227132+00:00,22646,801960,3942138,2
2026-09-20T11:14:07.260134+00:00,22647,801985,3942615,2
2026-09-20T11:14:07.291134+00:00,22648,802010,3943142,2
2026-09-20T11:14:07.308135+00:00,22649,802036,3942879,2
2026-09-20T11:14:07.339133+00:00,22650,802061,3942347,2
2026-09-20T11:14:07.356135+00:00,22651,802086,3941924,2
2026-09-20T11:14:07.387139+00:00,22652,802111,3941905,2
2026-09-20T11:14:07.403138+00:00,22653,802136,3941945,2
2026-09-20T11:14:07.435131+00:00,22654,802162,3942087,2
2026-09-20T11:14:07.467143+00:00,22655,802187,3942592,2
2026-09-20T11:14:07.483135+00:00,22656,802212,3942204,2
2026-09-20T11:14:07.514747+00:00,22657,802237,3942083,2
2026-09-20T11:14:07.530743+00:00,22658,802262,3942348,2
2026-09-20T11:14:07.562733+00:00,22659,802287,3942616,2
2026-09-20T11:14:07.578744+00:00,22660,802313,3942746,2
2026-09-20T11:14:07.610737+00:00,22661,802338,3942503,2
2026-09-20T11:14:07.643088+00:00,22662,802363,3942333,2
2026-09-20T11:14:07.658742+00:00,22663,802388,3942727,2
2026-09-20T11:14:07.690721+00:00,22664,802413,3942687,2
2026-09-20T11:14:07.708387+00:00,22665,802439,3942666,2
2026-09-20T11:14:07.739389+00:00,22666,802464,3942538,2
2026-09-20T11:14:07.770387+00:00,22667,802489,3942379,2
2026-09-20T11:14:07.787488+00:00,22668,802514,3942734,2
2026-09-20T11:14:07.819402+00:00,22669,802539,3942475,2
2026-09-20T11:14:07.834401+00:00,22670,802565,3942245,2
2026-09-20T11:14:07.867408+00:00,22671,802590,3942073,2
2026-09-20T11:14:07.883387+00:00,22672,802615,3942091,2
2026-09-20T11:14:07.914550+00:00,22673,802640,3942388,2
2026-09-20T11:14:07.939664+00:00,22674,802665,3942164,2
2026-09-20T11:14:07.957883+00:00,22675,802690,3942007,2
2026-09-20T11:14:07.995261+00:00,22676,802716,3941893,2
2026-09-20T11:14:08.010432+00:00,22677,802741,3942141,2
2026-09-20T11:14:08.043323+00:00,22678,802766,3942798,2
2026-09-20T11:14:08.059019+00:00,22679,802791,3942251,2
2026-09-20T11:14:08.091653+00:00,22680,802816,3941794,2
2026-09-20T11:14:08.122683+00:00,22681,802842,3942291,2
2026-09-20T11:14:08.139831+00:00,22682,802867,3942579,2
2026-09-20T11:14:08.171498+00:00,22683,802892,3942262,2
2026-09-20T11:14:08.186716+00:00,22684,802917,3942227,2
2026-09-20T11:14:08.218731+00:00,22685,802942,3942644,2
2026-09-20T11:14:08.234720+00:00,22686,802968,3942512,2
2026-09-20T11:14:08.267468+00:00,22687,802993,3942478,2
2026-09-20T11:14:08.298491+00:00,22688,803018,3942388,2
2026-09-20T11:14:08.314717+00:00,22689,803043,3942273,2
2026-09-20T11:14:08.346769+00:00,22690,803068,3942421,2
2026-09-20T11:14:08.362726+00:00,22691,803093,3941915,2
2026-09-20T11:14:08.394728+00:00,22692,803119,3941936,2
2026-09-20T11:14:08.410710+00:00,22693,803144,3942671,2
2026-09-20T11:14:08.443399+00:00,22694,803169,3942412,2
2026-09-20T11:14:08.474722+00:00,22695,803194,3942016,2
2026-09-20T11:14:08.491201+00:00,22696,803219,3942323,2
2026-09-20T11:14:08.522685+00:00,22697,803245,3942198,2
2026-09-20T11:14:08.540186+00:00,22698,803270,3942634,2
2026-09-20T11:14:08.570729+00:00,22699,803295,3942475,2
2026-09-20T11:14:08.586714+00:00,22700,803320,3941984,2
2026-09-20T11:14:08.619152+00:00,22701,803345,3942349,2
2026-09-20T11:14:08.650986+00:00,22702,803371,3942235,2
2026-09-20T11:14:08.666719+00:00,22703,803396,3942408,2
2026-09-20T11:14:08.698724+00:00,22704,803421,3942749,2
2026-09-20T11:14:08.714693+00:00,22705,803446,3942410,2
2026-09-20T11:14:08.746708+00:00,22706,803471,3942519,2
2026-09-20T11:14:08.762714+00:00,22707,803497,3942432,2
2026-09-20T11:14:08.795073+00:00,22708,803522,3942667,2
2026-09-20T11:14:08.827081+00:00,22709,803547,3942291,2
2026-09-20T11:14:08.843041+00:00,22710,803572,3942040,2
2026-09-20T11:14:08.875041+00:00,22711,803597,3942117,2
2026-09-20T11:14:08.892056+00:00,22712,803622,3942449,2
2026-09-20T11:14:08.924044+00:00,22713,803648,3941984,2
2026-09-20T11:14:08.940081+00:00,22714,803673,3941897,2
2026-09-20T11:14:08.973043+00:00,22715,803698,3942498,2
2026-09-20T11:14:09.002704+00:00,22716,803723,3942898,2
2026-09-20T11:14:09.019283+00:00,22717,803748,3942858,2
2026-09-20T11:14:09.050696+00:00,22718,803774,3942802,2
2026-09-20T11:14:09.066708+00:00,22719,803799,3942440,2
2026-09-20T11:14:09.098704+00:00,22720,803824,3942128,2
2026-09-20T11:14:09.130707+00:00,22721,803849,3942125,2
2026-09-20T11:14:09.146706+00:00,22722,803874,3942465,2
2026-09-20T11:14:09.178704+00:00,22723,803900,3943237,2
2026-09-20T11:14:09.194712+00:00,22724,803925,3942932,2
2026-09-20T11:14:09.226714+00:00,22725,803950,3942892,2
2026-09-20T11:14:09.243364+00:00,22726,803975,3942982,2
2026-09-20T11:14:09.275492+00:00,22727,804000,3942784,2
2026-09-20T11:14:09.306966+00:00,22728,804025,3941979,2
2026-09-20T11:14:09.322967+00:00,22729,804051,3942017,2
2026-09-20T11:14:09.356021+00:00,22730,804076,3942234,2
2026-09-20T11:14:09.370969+00:00,22731,804101,3942333,2
2026-09-20T11:14:09.402976+00:00,22732,804126,3942507,2
2026-09-20T11:14:09.418984+00:00,22733,804151,3941969,2
2026-09-20T11:14:09.450970+00:00,22734,804177,3942011,2
2026-09-20T11:14:09.482987+00:00,22735,804202,3942480,2
2026-09-20T11:14:09.498968+00:00,22736,804227,3941858,2
2026-09-20T11:14:09.530970+00:00,22737,804252,3942598,2
2026-09-20T11:14:09.546967+00:00,22738,804277,3942760,2
2026-09-20T11:14:09.578974+00:00,22739,804303,3942849,2
2026-09-20T11:14:09.594970+00:00,22740,804328,3942347,2
2026-09-20T11:14:09.626981+00:00,22741,804353,3942299,2
2026-09-20T11:14:09.660008+00:00,22742,804378,3942070,2
2026-09-20T11:14:09.676027+00:00,22743,804403,3941780,2
2026-09-20T11:14:09.706968+00:00,22744,804428,3942027,2
2026-09-20T11:14:09.723967+00:00,22745,804454,3942401,2
2026-09-20T11:14:09.755967+00:00,22746,804479,3942513,2
2026-09-20T11:14:09.771016+00:00,22747,804504,3942629,2
2026-09-20T11:14:09.802969+00:00,22748,804529,3942579,2
2026-09-20T11:14:09.836988+00:00,22749,804554,3942740,2
2026-09-20T11:14:09.850969+00:00,22750,804580,3942838,2
2026-09-20T11:14:09.883011+00:00,22751,804605,3942461,2
2026-09-20T11:14:09.898967+00:00,22752,804630,3942116,2
2026-09-20T11:14:09.930969+00:00,22753,804655,3942026,2
2026-09-20T11:14:09.946969+00:00,22754,804680,3942101,2
2026-09-20T11:14:09.979969+00:00,22755,804706,3942694,2
2026-09-20T11:14:10.010970+00:00,22756,804731,3943037,2
2026-09-20T11:14:10.026970+00:00,22757,804756,3943285,2
2026-09-20T11:14:10.059976+00:00,22758,804781,3943150,2
2026-09-20T11:14:10.074971+00:00,22759,804806,3942657,2
2026-09-20T11:14:10.107977+00:00,22760,804832,3942519,2
2026-09-20T11:14:10.122969+00:00,22761,804857,3942426,2
2026-09-20T11:14:10.157191+00:00,22762,804882,3942586,2
2026-09-20T11:14:10.186982+00:00,22763,804907,3942981,2
2026-09-20T11:14:10.202670+00:00,22764,804932,3942841,2
2026-09-20T11:14:10.234289+00:00,22765,804958,3942690,2
2026-09-20T11:14:10.250688+00:00,22766,804983,3942293,2
2026-09-20T11:14:10.282672+00:00,22767,805008,3942067,2
2026-09-20T11:14:10.298660+00:00,22768,805033,3942173,2
2026-09-20T11:14:10.330678+00:00,22769,805058,3942504,2
2026-09-20T11:14:10.364047+00:00,22770,805083,3942489,2
2026-09-20T11:14:10.379326+00:00,22771,805109,3942046,2
2026-09-20T11:14:10.411036+00:00,22772,805134,3942359,2
2026-09-20T11:14:10.428981+00:00,22773,805159,3942756,2
2026-09-20T11:14:10.458724+00:00,22774,805184,3943230,2
2026-09-20T11:14:10.491360+00:00,22775,805209,3943396,2
2026-09-20T11:14:10.507852+00:00,22776,805235,3942668,2
2026-09-20T11:14:10.540853+00:00,22777,805260,3941903,2
2026-09-20T11:14:10.557851+00:00,22778,805285,3941954,2
2026-09-20T11:14:10.587977+00:00,22779,805310,3942524,2
2026-09-20T11:14:10.604852+00:00,22780,805335,3942931,2
2026-09-20T11:14:10.635854+00:00,22781,805361,3942604,2
2026-09-20T11:14:10.666850+00:00,22782,805386,3942572,2
2026-09-20T11:14:10.682852+00:00,22783,805411,3942379,2
2026-09-20T11:14:10.715871+00:00,22784,805436,3943302,2
2026-09-20T11:14:10.730860+00:00,22785,805461,3942817,2
2026-09-20T11:14:10.762852+00:00,22786,805486,3942488,2
2026-09-20T11:14:10.778853+00:00,22787,805512,3942753,2
2026-09-20T11:14:10.811851+00:00,22788,805537,3942760,2
2026-09-20T11:14:10.842850+00:00,22789,805562,3941888,2
2026-09-20T11:14:10.858937+00:00,22790,805587,3941951,2
2026-09-20T11:14:10.890891+00:00,22791,805612,3942348,2
2026-09-20T11:14:10.907854+00:00,22792,805638,3942649,2
2026-09-20T11:14:10.939856+00:00,22793,805663,3942622,2
2026-09-20T11:14:10.954851+00:00,22794,805688,3942492,2
2026-09-20T11:14:10.986851+00:00,22795,805713,3942425,2
2026-09-20T11:14:11.018851+00:00,22796,805738,3942748,2
2026-09-20T11:14:11.034924+00:00,22797,805764,3942688,2
2026-09-20T11:14:11.066852+00:00,22798,805789,3942652,2
2026-09-20T11:14:11.082869+00:00,22799,805814,3942872,2
2026-09-20T11:14:11.114656+00:00,22800,805839,3942219,2
2026-09-20T11:14:11.130648+00:00,22801,805864,3942205,2
2026-09-20T11:14:11.162667+00:00,22802,805890,3943348,2
2026-09-20T11:14:11.194658+00:00,22803,805915,3943453,2
2026-09-20T11:14:11.211011+00:00,22804,805940,3942794,2
2026-09-20T11:14:11.242656+00:00,22805,805965,3942291,2
2026-09-20T11:14:11.258867+00:00,22806,805990,3942776,2
2026-09-20T11:14:11.290862+00:00,22807,806015,3943264,2
2026-09-20T11:14:11.306861+00:00,22808,806041,3942981,2
2026-09-20T11:14:11.338868+00:00,22809,806066,3942751,2
2026-09-20T11:14:11.370861+00:00,22810,806091,3942399,2
2026-09-20T11:14:11.386859+00:00,22811,806116,3942252,2
2026-09-20T11:14:11.419865+00:00,22812,806141,3942212,2
2026-09-20T11:14:11.435030+00:00,22813,806167,3941989,2
2026-09-20T11:14:11.467865+00:00,22814,806192,3941915,2
2026-09-20T11:14:11.482863+00:00,22815,806217,3942070,2
2026-09-20T11:14:11.516876+00:00,22816,806242,3942636,2
2026-09-20T11:14:11.546864+00:00,22817,806267,3943222,2
2026-09-20T11:14:11.562877+00:00,22818,806293,3943034,2
2026-09-20T11:14:11.594864+00:00,22819,806318,3942367,2
2026-09-20T11:14:11.611863+00:00,22820,806343,3942474,2
2026-09-20T11:14:11.642862+00:00,22821,806368,3942473,2
2026-09-20T11:14:11.674869+00:00,22822,806393,3942192,2
2026-09-20T11:14:11.691867+00:00,22823,806418,3942201,2
2026-09-20T11:14:11.724863+00:00,22824,806444,3942359,2
2026-09-20T11:14:11.738866+00:00,22825,806469,3942512,2
2026-09-20T11:14:11.771862+00:00,22826,806494,3942400,2
2026-09-20T11:14:11.789861+00:00,22827,806519,3942224,2
2026-09-20T11:14:11.818894+00:00,22828,806544,3942324,2
2026-09-20T11:14:11.850864+00:00,22829,806570,3942251,2
2026-09-20T11:14:11.866862+00:00,22830,806595,3942322,2
2026-09-20T11:14:11.898914+00:00,22831,806620,3942936,2
2026-09-20T11:14:11.914089+00:00,22832,806645,3942898,2
2026-09-20T11:14:11.940251+00:00,22833,806670,3942359,2
2026-09-20T11:14:11.955280+00:00,22834,806696,3941940,2
2026-09-20T11:14:11.995288+00:00,22835,806721,3941928,2
2026-09-20T11:14:12.026287+00:00,22836,806746,3942122,2
2026-09-20T11:14:12.042324+00:00,22837,806771,3942320,2
2026-09-20T11:14:12.075289+00:00,22838,806796,3942250,2
2026-09-20T11:14:12.091288+00:00,22839,806821,3941989,2
2026-09-20T11:14:12.123292+00:00,22840,806847,3942070,2
2026-09-20T11:14:12.139296+00:00,22841,806872,3941876,2
2026-09-20T11:14:12.173289+00:00,22842,806897,3942155,2
2026-09-20T11:14:12.202322+00:00,22843,806922,3943047,2
2026-09-20T11:14:12.219290+00:00,22844,806947,3942794,2
2026-09-20T11:14:12.251288+00:00,22845,806973,3942418,2
2026-09-20T11:14:12.267289+00:00,22846,806998,3942580,2
2026-09-20T11:14:12.298624+00:00,22847,807023,3942961,2
2026-09-20T11:14:12.314631+00:00,22848,807048,3942776,2
2026-09-20T11:14:12.346628+00:00,22849,807073,3942603,2
2026-09-20T11:14:12.378630+00:00,22850,807099,3942763,2
2026-09-20T11:14:12.394624+00:00,22851,807124,3942536,2
2026-09-20T11:14:12.426639+00:00,22852,807149,3941697,2
2026-09-20T11:14:12.442992+00:00,22853,807174,3942105,2
2026-09-20T11:14:12.474573+00:00,22854,807199,3942704,2
2026-09-20T11:14:12.491347+00:00,22855,807224,3942708,2
2026-09-20T11:14:12.524094+00:00,22856,807250,3942893,2
2026-09-20T11:14:12.555960+00:00,22857,807275,3942542,2
2026-09-20T11:14:12.571925+00:00,22858,807300,3942451,2
2026-09-20T11:14:12.602614+00:00,22859,807325,3942047,2
2026-09-20T11:14:12.618636+00:00,22860,807350,3942644,2
2026-09-20T11:14:12.651171+00:00,22861,807376,3942679,2
2026-09-20T11:14:12.667163+00:00,22862,807401,3942638,2
2026-09-20T11:14:12.699323+00:00,22863,807426,3943067,2
2026-09-20T11:14:12.730815+00:00,22864,807451,3942606,2
2026-09-20T11:14:12.746805+00:00,22865,807476,3942512,2
2026-09-20T11:14:12.779364+00:00,22866,807502,3942349,2
2026-09-20T11:14:12.795310+00:00,22867,807527,3942332,2
2026-09-20T11:14:12.828308+00:00,22868,807552,3943092,2
2026-09-20T11:14:12.843435+00:00,22869,807577,3942925,2
2026-09-20T11:14:12.875308+00:00,22870,807602,3942183,2
2026-09-20T11:14:12.908313+00:00,22871,807628,3942291,2
2026-09-20T11:14:12.923311+00:00,22872,807653,3942842,2
2026-09-20T11:14:12.955310+00:00,22873,807678,3942548,2
2026-09-20T11:14:12.971309+00:00,22874,807703,3942228,2
2026-09-20T11:14:13.003309+00:00,22875,807728,3942172,2
2026-09-20T11:14:13.034343+00:00,22876,807753,3942488,2
2026-09-20T11:14:13.050614+00:00,22877,807779,3942879,2
2026-09-20T11:14:13.083134+00:00,22878,807804,3942131,2
2026-09-20T11:14:13.098573+00:00,22879,807829,3941708,2
2026-09-20T11:14:13.131145+00:00,22880,807854,3942278,2
2026-09-20T11:14:13.146903+00:00,22881,807879,3942810,2
2026-09-20T11:14:13.179614+00:00,22882,807905,3942695,2
2026-09-20T11:14:13.210668+00:00,22883,807930,3943358,2
2026-09-20T11:14:13.226585+00:00,22884,807955,3943226,2
2026-09-20T11:14:13.259299+00:00,22885,807980,3942744,2
2026-09-20T11:14:13.274888+00:00,22886,808005,3942510,2
2026-09-20T11:14:13.308111+00:00,22887,808031,3942500,2
2026-09-20T11:14:13.323908+00:00,22888,808056,3942369,2
2026-09-20T11:14:13.354595+00:00,22889,808081,3942664,2
2026-09-20T11:14:13.392226+00:00,22890,808106,3942267,2
2026-09-20T11:14:13.441750+00:00,22891,808131,3942402,2
2026-09-20T11:14:13.443282+00:00,22892,808156,3942339,2
2026-09-20T11:14:13.451917+00:00,22893,808182,3942183,2
2026-09-20T11:14:13.484905+00:00,22894,808207,3942520,2
2026-09-20T11:14:13.499875+00:00,22895,808232,3942526,2
2026-09-20T11:14:13.532119+00:00,22896,808257,3942325,2
2026-09-20T11:14:13.563171+00:00,22897,808282,3942320,2
2026-09-20T11:14:13.580212+00:00,22898,808308,3942346,2
2026-09-20T11:14:13.612169+00:00,22899,808333,3943033,2
2026-09-20T11:14:13.629169+00:00,22900,808358,3943226,2
2026-09-20T11:14:13.670169+00:00,22901,808383,3943130,2
2026-09-20T11:14:13.678263+00:00,22902,808408,3942730,2
2026-09-20T11:14:13.711170+00:00,22903,808434,3943017,2
2026-09-20T11:14:13.755659+00:00,22904,808459,3942525,2
2026-09-20T11:14:13.781018+00:00,22905,808484,3942290,2
2026-09-20T11:14:13.813344+00:00,22906,808509,3942416,2
2026-09-20T11:14:13.819455+00:00,22907,808534,3942383,2
2026-09-20T11:14:13.838341+00:00,22908,808559,3942434,2
2026-09-20T11:14:13.866380+00:00,22909,808585,3942629,2
2026-09-20T11:14:13.884343+00:00,22910,808610,3942547,2
2026-09-20T11:14:13.921342+00:00,22911,808635,3942909,2
2026-09-20T11:14:13.950707+00:00,22912,808660,3942705,2
2026-09-20T11:14:13.974301+00:00,22913,808685,3942677,2
2026-09-20T11:14:13.996039+00:00,22914,808711,3942620,2
2026-09-20T11:14:14.022476+00:00,22915,808736,3942573,2
2026-09-20T11:14:14.049479+00:00,22916,808761,3943131,2
2026-09-20T11:14:14.059486+00:00,22917,808786,3942943,2
2026-09-20T11:14:14.106477+00:00,22918,808811,3942515,2
2026-09-20T11:14:14.108477+00:00,22919,808837,3942515,2
2026-09-20T11:14:14.148475+00:00,22920,808862,3942942,2
2026-09-20T11:14:14.163475+00:00,22921,808887,3942645,2
2026-09-20T11:14:14.207477+00:00,22922,808912,3942412,2
2026-09-20T11:14:14.211507+00:00,22923,808937,3942507,2
2026-09-20T11:14:14.261271+00:00,22924,808962,3942636,2
2026-09-20T11:14:14.283365+00:00,22925,808988,3942788,2
2026-09-20T11:14:14.290269+00:00,22926,809013,3942903,2
2026-09-20T11:14:14.321522+00:00,22927,809038,3942716,2
2026-09-20T11:14:14.333266+00:00,22928,809063,3942756,2
2026-09-20T11:14:14.364268+00:00,22929,809088,3942490,2
2026-09-20T11:14:14.390266+00:00,22930,809114,3942357,2
2026-09-20T11:14:14.418266+00:00,22931,809139,3942397,2
2026-09-20T11:14:14.443404+00:00,22932,809164,3942952,2
2026-09-20T11:14:14.465268+00:00,22933,809189,3943225,2
2026-09-20T11:14:14.502267+00:00,22934,809214,3942486,2
2026-09-20T11:14:14.511268+00:00,22935,809240,3941933,2
2026-09-20T11:14:14.548278+00:00,22936,809265,3942431,2
2026-09-20T11:14:14.580352+00:00,22937,809290,3942873,2
2026-09-20T11:14:14.597267+00:00,22938,809315,3942848,2
2026-09-20T11:14:14.626266+00:00,22939,809340,3943050,2
2026-09-20T11:14:14.643268+00:00,22940,809365,3942709,2
2026-09-20T11:14:14.668267+00:00,22941,809391,3942143,2
2026-09-20T11:14:14.684272+00:00,22942,809416,3942575,2
2026-09-20T11:14:14.715272+00:00,22943,809441,3942594,2
2026-09-20T11:14:14.747268+00:00,22944,809466,3942518,2
2026-09-20T11:14:14.768276+00:00,22945,809491,3942741,2
2026-09-20T11:14:14.796266+00:00,22946,809517,3942726,2
2026-09-20T11:14:14.813266+00:00,22947,809542,3943145,2
2026-09-20T11:14:14.847267+00:00,22948,809567,3942694,2
2026-09-20T11:14:14.863266+00:00,22949,809592,3942365,2
2026-09-20T11:14:14.893271+00:00,22950,809617,3942501,2
2026-09-20T11:14:14.934650+00:00,22951,809643,3942859,2
2026-09-20T11:14:14.945669+00:00,22952,809668,3942884,2
2026-09-20T11:14:14.977266+00:00,22953,809693,3942504,2
2026-09-20T11:14:14.990275+00:00,22954,809718,3942590,2
2026-09-20T11:14:15.019266+00:00,22955,809743,3942679,2
2026-09-20T11:14:15.035272+00:00,22956,809769,3943062,2
2026-09-20T11:14:15.071273+00:00,22957,809794,3942591,2
2026-09-20T11:14:15.099266+00:00,22958,809819,3942788,2
2026-09-20T11:14:15.115291+00:00,22959,809844,3943101,2
2026-09-20T11:14:15.147268+00:00,22960,809869,3943094,2
2026-09-20T11:14:15.164269+00:00,22961,809894,3942678,2
2026-09-20T11:14:15.196308+00:00,22962,809920,3942627,2
2026-09-20T11:14:15.211268+00:00,22963,809945,3942472,2
2026-09-20T11:14:15.244265+00:00,22964,809970,3942594,2
2026-09-20T11:14:15.275268+00:00,22965,809995,3943110,2
2026-09-20T11:14:15.292266+00:00,22966,810020,3943111,2
2026-09-20T11:14:15.325273+00:00,22967,810046,3942751,2
2026-09-20T11:14:15.338267+00:00,22968,810071,3942570,2
2026-09-20T11:14:15.371265+00:00,22969,810096,3942621,2
2026-09-20T11:14:15.387268+00:00,22970,810121,3942754,2
2026-09-20T11:14:15.420266+00:00,22971,810146,3942878,2
2026-09-20T11:14:15.450266+00:00,22972,810172,3942544,2
2026-09-20T11:14:15.467266+00:00,22973,810197,3942603,2
2026-09-20T11:14:15.499268+00:00,22974,810222,3943005,2
2026-09-20T11:14:15.515416+00:00,22975,810247,3942974,2
2026-09-20T11:14:15.547269+00:00,22976,810272,3942538,2
2026-09-20T11:14:15.562300+00:00,22977,810298,3942272,2
2026-09-20T11:14:15.595370+00:00,22978,810323,3941895,2
2026-09-20T11:14:15.627270+00:00,22979,810348,3942560,2
2026-09-20T11:14:15.644315+00:00,22980,810373,3942509,2
2026-09-20T11:14:15.675356+00:00,22981,810398,3943184,2
2026-09-20T11:14:15.694265+00:00,22982,810423,3943331,2
2026-09-20T11:14:15.723267+00:00,22983,810449,3942819,2
2026-09-20T11:14:15.754467+00:00,22984,810474,3942568,2
2026-09-20T11:14:15.771359+00:00,22985,810499,3942667,2
2026-09-20T11:14:15.803268+00:00,22986,810524,3942588,2
2026-09-20T11:14:15.819265+00:00,22987,810549,3942408,2
2026-09-20T11:14:15.851309+00:00,22988,810575,3942828,2
2026-09-20T11:14:15.867265+00:00,22989,810600,3942555,2
2026-09-20T11:14:15.899543+00:00,22990,810625,3942296,2
2026-09-20T11:14:15.930954+00:00,22991,810650,3943052,2
2026-09-20T11:14:15.947043+00:00,22992,810675,3943035,2
2026-09-20T11:14:15.979074+00:00,22993,810701,3943035,2
2026-09-20T11:14:15.994994+00:00,22994,810726,3943093,2
2026-09-20T11:14:16.026996+00:00,22995,810751,3942587,2
2026-09-20T11:14:16.043077+00:00,22996,810776,3942481,2
2026-09-20T11:14:16.075270+00:00,22997,810801,3942410,2
2026-09-20T11:14:16.107000+00:00,22998,810826,3942496,2
2026-09-20T11:14:16.122996+00:00,22999,810852,3942083,2
2026-09-20T11:14:16.154533+00:00,23000,810877,3942573,2
2026-09-20T11:14:16.171593+00:00,23001,810902,3942773,2
2026-09-20T11:14:16.202538+00:00,23002,810927,3942573,2
2026-09-20T11:14:16.218514+00:00,23003,810952,3942443,2
2026-09-20T11:14:16.251136+00:00,23004,810978,3942585,2
2026-09-20T11:14:16.282539+00:00,23005,811003,3942966,2
2026-09-20T11:14:16.298533+00:00,23006,811028,3943037,2
2026-09-20T11:14:16.330509+00:00,23007,811053,3943012,2
2026-09-20T11:14:16.347529+00:00,23008,811078,3943329,2
2026-09-20T11:14:16.380251+00:00,23009,811104,3942673,2
2026-09-20T11:14:16.396537+00:00,23010,811129,3942529,2
2026-09-20T11:14:16.428135+00:00,23011,811154,3942908,2
2026-09-20T11:14:16.459558+00:00,23012,811179,3943050,2
2026-09-20T11:14:16.475185+00:00,23013,811204,3942639,2
2026-09-20T11:14:16.507469+00:00,23014,811230,3941988,2
2026-09-20T11:14:16.523717+00:00,23015,811255,3941857,2
2026-09-20T11:14:16.555645+00:00,23016,811280,3942087,2
2026-09-20T11:14:16.570502+00:00,23017,811305,3942487,2
2026-09-20T11:14:16.602730+00:00,23018,811330,3943505,2
2026-09-20T11:14:16.634738+00:00,23019,811355,3942879,2
2026-09-20T11:14:16.650719+00:00,23020,811381,3942111,2
2026-09-20T11:14:16.682719+00:00,23021,811406,3942415,2
2026-09-20T11:14:16.698719+00:00,23022,811431,3943099,2
2026-09-20T11:14:16.730718+00:00,23023,811456,3943527,2
2026-09-20T11:14:16.746718+00:00,23024,811481,3942853,2
2026-09-20T11:14:16.778721+00:00,23025,811507,3942912,2
2026-09-20T11:14:16.810722+00:00,23026,811532,3943639,2
2026-09-20T11:14:16.826720+00:00,23027,811557,3943360,2
2026-09-20T11:14:16.858720+00:00,23028,811582,3942637,2
2026-09-20T11:14:16.874721+00:00,23029,811607,3942545,2
2026-09-20T11:14:16.907719+00:00,23030,811633,3942350,2
2026-09-20T11:14:16.922732+00:00,23031,811658,3942344,2
2026-09-20T11:14:16.955728+00:00,23032,811683,3943160,2
2026-09-20T11:14:16.987746+00:00,23033,811708,3943216,2
2026-09-20T11:14:17.004721+00:00,23034,811733,3942598,2
2026-09-20T11:14:17.034728+00:00,23035,811759,3943120,2
2026-09-20T11:14:17.050722+00:00,23036,811784,3943344,2
2026-09-20T11:14:17.082756+00:00,23037,811809,3943364,2
2026-09-20T11:14:17.114720+00:00,23038,811834,3943482,2
2026-09-20T11:14:17.130732+00:00,23039,811859,3942875,2
2026-09-20T11:14:17.165752+00:00,23040,811884,3942916,2
2026-09-20T11:14:17.179719+00:00,23041,811910,3943002,2
2026-09-20T11:14:17.210719+00:00,23042,811935,3942721,2
2026-09-20T11:14:17.226723+00:00,23043,811960,3943096,2
2026-09-20T11:14:17.258733+00:00,23044,811985,3943059,2
2026-09-20T11:14:17.290735+00:00,23045,812010,3942932,2
2026-09-20T11:14:17.307351+00:00,23046,812036,3942301,2
2026-09-20T11:14:17.340342+00:00,23047,812061,3942143,2
2026-09-20T11:14:17.354496+00:00,23048,812086,3942196,2
2026-09-20T11:14:17.387588+00:00,23049,812111,3941850,2
2026-09-20T11:14:17.403227+00:00,23050,812136,3942311,2
2026-09-20T11:14:17.435636+00:00,23051,812162,3942784,2
2026-09-20T11:14:17.466556+00:00,23052,812187,3942724,2
2026-09-20T11:14:17.482525+00:00,23053,812212,3942702,2
2026-09-20T11:14:17.515726+00:00,23054,812237,3942140,2
2026-09-20T11:14:17.530977+00:00,23055,812262,3942620,2
2026-09-20T11:14:17.564077+00:00,23056,812287,3943073,2
2026-09-20T11:14:17.579894+00:00,23057,812313,3942654,2
2026-09-20T11:14:17.610530+00:00,23058,812338,3942277,2
2026-09-20T11:14:17.643306+00:00,23059,812363,3943249,2
2026-09-20T11:14:17.658553+00:00,23060,812388,3942828,2
2026-09-20T11:14:17.692572+00:00,23061,812413,3942577,2
2026-09-20T11:14:17.709262+00:00,23062,812439,3942251,2
2026-09-20T11:14:17.739325+00:00,23063,812464,3942079,2
2026-09-20T11:14:17.755075+00:00,23064,812489,3942769,2
2026-09-20T11:14:17.786495+00:00,23065,812514,3942710,2
2026-09-20T11:14:17.819755+00:00,23066,812539,3942906,2
2026-09-20T11:14:17.835483+00:00,23067,812565,3943009,2
2026-09-20T11:14:17.869485+00:00,23068,812590,3942610,2
2026-09-20T11:14:17.889488+00:00,23069,812615,3942948,2
2026-09-20T11:14:17.919485+00:00,23070,812640,3942855,2
2026-09-20T11:14:17.931661+00:00,23071,812665,3942522,2
2026-09-20T11:14:17.963574+00:00,23072,812691,3942809,2
2026-09-20T11:14:17.994481+00:00,23073,812716,3942985,2
2026-09-20T11:14:18.010480+00:00,23074,812741,3942708,2
2026-09-20T11:14:18.042520+00:00,23075,812766,3942743,2
2026-09-20T11:14:18.059622+00:00,23076,812791,3942618,2
2026-09-20T11:14:18.093483+00:00,23077,812816,3942649,2
2026-09-20T11:14:18.109535+00:00,23078,812842,3942699,2
2026-09-20T11:14:18.144482+00:00,23079,812867,3942567,2
2026-09-20T11:14:18.172483+00:00,23080,812892,3942693,2
2026-09-20T11:14:18.186522+00:00,23081,812917,3942991,2
2026-09-20T11:14:18.218487+00:00,23082,812942,3942819,2
2026-09-20T11:14:18.235570+00:00,23083,812968,3942878,2
2026-09-20T11:14:18.269503+00:00,23084,812993,3943043,2
2026-09-20T11:14:18.282480+00:00,23085,813018,3943115,2
2026-09-20T11:14:18.315699+00:00,23086,813043,3942925,2
2026-09-20T11:14:18.350675+00:00,23087,813068,3942431,2
2026-09-20T11:14:18.370597+00:00,23088,813094,3942808,2
2026-09-20T11:14:18.394607+00:00,23089,813119,3942743,2
2026-09-20T11:14:18.410465+00:00,23090,813144,3942548,2
2026-09-20T11:14:18.442464+00:00,23091,813169,3942715,2
2026-09-20T11:14:18.474467+00:00,23092,813194,3942460,2
2026-09-20T11:14:18.490466+00:00,23093,813219,3942412,2
2026-09-20T11:14:18.523775+00:00,23094,813245,3942620,2
2026-09-20T11:14:18.538830+00:00,23095,813270,3943056,2
2026-09-20T11:14:18.570461+00:00,23096,813295,3943170,2
2026-09-20T11:14:18.586463+00:00,23097,813320,3943072,2
2026-09-20T11:14:18.618531+00:00,23098,813345,3943116,2
2026-09-20T11:14:18.650433+00:00,23099,813371,3943074,2
2026-09-20T11:14:18.666455+00:00,23100,813396,3942876,2
2026-09-20T11:14:18.698728+00:00,23101,813421,3942910,2
2026-09-20T11:14:18.715741+00:00,23102,813446,3942945,2
2026-09-20T11:14:18.746728+00:00,23103,813471,3942605,2
2026-09-20T11:14:18.763728+00:00,23104,813497,3942781,2
2026-09-20T11:14:18.794744+00:00,23105,813522,3943158,2
2026-09-20T11:14:18.826756+00:00,23106,813547,3943147,2
2026-09-20T11:14:18.842748+00:00,23107,813572,3943219,2
2026-09-20T11:14:18.874736+00:00,23108,813597,3943127,2
2026-09-20T11:14:18.890725+00:00,23109,813623,3942608,2
2026-09-20T11:14:18.922728+00:00,23110,813648,3942360,2
2026-09-20T11:14:18.938729+00:00,23111,813673,3942591,2
2026-09-20T11:14:18.970725+00:00,23112,813698,3942844,2
2026-09-20T11:14:19.002455+00:00,23113,813723,3943059,2
2026-09-20T11:14:19.018441+00:00,23114,813748,3942746,2
2026-09-20T11:14:19.050453+00:00,23115,813774,3942865,2
2026-09-20T11:14:19.066437+00:00,23116,813799,3942877,2
2026-09-20T11:14:19.098715+00:00,23117,813824,3942875,2
2026-09-20T11:14:19.114464+00:00,23118,813849,3942668,2
2026-09-20T11:14:19.146453+00:00,23119,813874,3942912,2
2026-09-20T11:14:19.179643+00:00,23120,813900,3943030,2
2026-09-20T11:14:19.194527+00:00,23121,813925,3943071,2
2026-09-20T11:14:19.226429+00:00,23122,813950,3942856,2
2026-09-20T11:14:19.242447+00:00,23123,813975,3943245,2
2026-09-20T11:14:19.274465+00:00,23124,814000,3943449,2
2026-09-20T11:14:19.291158+00:00,23125,814026,3943166,2
2026-09-20T11:14:19.322827+00:00,23126,814051,3942805,2
2026-09-20T11:14:19.354297+00:00,23127,814076,3942830,2
2026-09-20T11:14:19.370444+00:00,23128,814101,3943066,2
2026-09-20T11:14:19.402445+00:00,23129,814126,3942858,2
2026-09-20T11:14:19.418463+00:00,23130,814151,3942738,2
2026-09-20T11:14:19.451475+00:00,23131,814177,3942911,2
2026-09-20T11:14:19.466444+00:00,23132,814202,3942875,2
2026-09-20T11:14:19.498460+00:00,23133,814227,3942549,2
2026-09-20T11:14:19.530446+00:00,23134,814252,3942522,2
2026-09-20T11:14:19.546456+00:00,23135,814277,3942883,2
2026-09-20T11:14:19.578421+00:00,23136,814303,3942829,2
2026-09-20T11:14:19.595124+00:00,23137,814328,3942952,2
2026-09-20T11:14:19.627003+00:00,23138,814353,3942841,2
2026-09-20T11:14:19.642428+00:00,23139,814378,3942905,2
2026-09-20T11:14:19.674502+00:00,23140,814403,3943387,2
2026-09-20T11:14:19.707604+00:00,23141,814429,3943357,2
2026-09-20T11:14:19.724591+00:00,23142,814454,3943220,2
2026-09-20T11:14:19.754591+00:00,23143,814479,3943030,2
2026-09-20T11:14:19.770591+00:00,23144,814504,3942242,2
2026-09-20T11:14:19.802591+00:00,23145,814529,3942408,2
2026-09-20T11:14:19.834593+00:00,23146,814554,3942203,2
2026-09-20T11:14:19.850595+00:00,23147,814580,3942410,2
2026-09-20T11:14:19.882600+00:00,23148,814605,3943494,2
2026-09-20T11:14:19.898637+00:00,23149,814630,3943329,2
2026-09-20T11:14:19.930591+00:00,23150,814655,3943136,2
2026-09-20T11:14:19.946599+00:00,23151,814680,3942658,2
2026-09-20T11:14:19.978595+00:00,23152,814706,3942587,2
2026-09-20T11:14:20.010439+00:00,23153,814731,3942705,2
2026-09-20T11:14:20.026474+00:00,23154,814756,3942835,2
2026-09-20T11:14:20.058458+00:00,23155,814781,3943430,2
2026-09-20T11:14:20.074453+00:00,23156,814806,3942983,2
2026-09-20T11:14:20.107058+00:00,23157,814832,3942780,2
2026-09-20T11:14:20.122715+00:00,23158,814857,3943155,2
2026-09-20T11:14:20.154444+00:00,23159,814882,3942864,2
2026-09-20T11:14:20.186424+00:00,23160,814907,3942767,2
2026-09-20T11:14:20.202423+00:00,23161,814932,3942891,2
2026-09-20T11:14:20.234428+00:00,23162,814958,3943111,2
2026-09-20T11:14:20.250425+00:00,23163,814983,3942826,2
2026-09-20T11:14:20.282425+00:00,23164,815008,3942761,2
2026-09-20T11:14:20.298449+00:00,23165,815033,3942253,2
2026-09-20T11:14:20.330431+00:00,23166,815058,3942330,2
2026-09-20T11:14:20.362424+00:00,23167,815083,3942679,2
2026-09-20T11:14:20.378442+00:00,23168,815109,3942671,2
2026-09-20T11:14:20.410413+00:00,23169,815134,3942701,2
2026-09-20T11:14:20.426430+00:00,23170,815159,3942731,2
2026-09-20T11:14:20.458446+00:00,23171,815184,3942570,2
2026-09-20T11:14:20.474427+00:00,23172,815209,3942677,2
2026-09-20T11:14:20.507047+00:00,23173,815235,3943085,2
2026-09-20T11:14:20.539228+00:00,23174,815260,3943038,2
2026-09-20T11:14:20.555231+00:00,23175,815285,3942712,2
2026-09-20T11:14:20.587466+00:00,23176,815310,3942767,2
2026-09-20T11:14:20.603440+00:00,23177,815335,3943035,2
2026-09-20T11:14:20.636311+00:00,23178,815361,3943119,2
2026-09-20T11:14:20.650363+00:00,23179,815386,3942940,2
2026-09-20T11:14:20.682407+00:00,23180,815411,3942559,2
2026-09-20T11:14:20.714396+00:00,23181,815436,3942419,2
2026-09-20T11:14:20.730404+00:00,23182,815461,3942902,2
2026-09-20T11:14:20.762424+00:00,23183,815487,3942715,2
2026-09-20T11:14:20.778886+00:00,23184,815512,3942459,2
2026-09-20T11:14:20.810886+00:00,23185,815537,3942793,2
2026-09-20T11:14:20.826947+00:00,23186,815562,3942787,2
2026-09-20T11:14:20.858951+00:00,23187,815587,3942511,2
2026-09-20T11:14:20.890887+00:00,23188,815612,3942606,2
2026-09-20T11:14:20.906887+00:00,23189,815638,3943327,2
2026-09-20T11:14:20.938887+00:00,23190,815663,3942943,2
2026-09-20T11:14:20.954886+00:00,23191,815688,3942850,2
2026-09-20T11:14:20.986885+00:00,23192,815713,3943030,2
2026-09-20T11:14:21.003282+00:00,23193,815738,3942839,2
2026-09-20T11:14:21.034280+00:00,23194,815764,3942646,2
2026-09-20T11:14:21.066406+00:00,23195,815789,3942574,2
2026-09-20T11:14:21.082420+00:00,23196,815814,3942664,2
2026-09-20T11:14:21.114450+00:00,23197,815839,3942748,2
2026-09-20T11:14:21.130387+00:00,23198,815864,3942242,2
2026-09-20T11:14:21.162388+00:00,23199,815889,3943030,2
2026-09-20T11:14:21.194694+00:00,23200,815915,3943688,2
2026-09-20T11:14:21.210366+00:00,23201,815940,3943616,2
2026-09-20T11:14:21.242395+00:00,23202,815965,3943385,2
2026-09-20T11:14:21.258497+00:00,23203,815990,3943234,2
2026-09-20T11:14:21.290352+00:00,23204,816015,3943020,2
2026-09-20T11:14:21.306467+00:00,23205,816041,3942660,2
2026-09-20T11:14:21.339527+00:00,23206,816066,3942875,2
2026-09-20T11:14:21.370395+00:00,23207,816091,3943255,2
2026-09-20T11:14:21.386395+00:00,23208,816116,3943049,2
2026-09-20T11:14:21.418375+00:00,23209,816141,3943224,2
2026-09-20T11:14:21.434448+00:00,23210,816167,3943367,2
2026-09-20T11:14:21.466408+00:00,23211,816192,3943429,2
2026-09-20T11:14:21.482401+00:00,23212,816217,3943266,2
2026-09-20T11:14:21.514391+00:00,23213,816242,3943407,2
2026-09-20T11:14:21.546443+00:00,23214,816267,3943330,2
2026-09-20T11:14:21.562403+00:00,23215,816293,3943552,2
2026-09-20T11:14:21.595441+00:00,23216,816318,3943003,2
2026-09-20T11:14:21.612048+00:00,23217,816343,3942217,2
2026-09-20T11:14:21.642599+00:00,23218,816368,3942130,2
2026-09-20T11:14:21.658571+00:00,23219,816393,3942334,2
2026-09-20T11:14:21.690398+00:00,23220,816418,3943011,2
2026-09-20T11:14:21.722400+00:00,23221,816444,3942658,2
2026-09-20T11:14:21.738365+00:00,23222,816469,3942512,2
2026-09-20T11:14:21.770376+00:00,23223,816494,3943102,2
2026-09-20T11:14:21.786452+00:00,23224,816519,3942949,2
2026-09-20T11:14:21.818463+00:00,23225,816544,3942962,2
2026-09-20T11:14:21.834445+00:00,23226,816570,3942822,2
2026-09-20T11:14:21.866450+00:00,23227,816595,3942689,2
2026-09-20T11:14:21.898444+00:00,23228,816620,3942586,2
2026-09-20T11:14:21.914444+00:00,23229,816645,3943176,2
2026-09-20T11:14:21.946445+00:00,23230,816670,3943011,2
2026-09-20T11:14:21.962444+00:00,23231,816696,3943115,2
2026-09-20T11:14:21.994447+00:00,23232,816721,3943359,2
2026-09-20T11:14:22.010453+00:00,23233,816746,3943040,2
2026-09-20T11:14:22.042445+00:00,23234,816771,3942790,2
2026-09-20T11:14:22.074378+00:00,23235,816796,3942819,2
2026-09-20T11:14:22.090115+00:00,23236,816821,3942708,2
2026-09-20T11:14:22.122475+00:00,23237,816847,3942883,2
2026-09-20T11:14:22.138408+00:00,23238,816872,3942313,2
2026-09-20T11:14:22.170364+00:00,23239,816897,3942446,2
2026-09-20T11:14:22.186381+00:00,23240,816922,3943056,2
2026-09-20T11:14:22.218372+00:00,23241,816947,3942928,2
2026-09-20T11:14:22.250399+00:00,23242,816973,3942861,2
2026-09-20T11:14:22.267025+00:00,23243,816998,3942963,2
2026-09-20T11:14:22.298381+00:00,23244,817023,3942642,2
2026-09-20T11:14:22.315205+00:00,23245,817048,3942689,2
2026-09-20T11:14:22.346892+00:00,23246,817073,3942872,2
2026-09-20T11:14:22.362199+00:00,23247,817099,3943408,2
2026-09-20T11:14:22.394374+00:00,23248,817124,3942862,2
2026-09-20T11:14:22.426358+00:00,23249,817149,3942771,2
2026-09-20T11:14:22.442383+00:00,23250,817174,3942912,2
2026-09-20T11:14:22.474361+00:00,23251,817199,3942456,2
2026-09-20T11:14:22.490398+00:00,23252,817224,3942601,2
2026-09-20T11:14:22.522724+00:00,23253,817250,3943296,2
2026-09-20T11:14:22.554479+00:00,23254,817275,3943302,2
2026-09-20T11:14:22.570356+00:00,23255,817300,3942931,2
2026-09-20T11:14:22.602409+00:00,23256,817325,3942508,2
2026-09-20T11:14:22.619528+00:00,23257,817350,3942866,2
2026-09-20T11:14:22.651138+00:00,23258,817376,3942878,2
2026-09-20T11:14:22.666361+00:00,23259,817401,3942704,2
2026-09-20T11:14:22.698356+00:00,23260,817426,3942959,2
2026-09-20T11:14:22.730443+00:00,23261,817451,3942777,2
2026-09-20T11:14:22.746418+00:00,23262,817476,3943107,2
2026-09-20T11:14:22.778427+00:00,23263,817502,3943295,2
2026-09-20T11:14:22.794435+00:00,23264,817527,3943297,2
2026-09-20T11:14:22.826434+00:00,23265,817552,3942813,2
2026-09-20T11:14:22.842419+00:00,23266,817577,3942703,2
2026-09-20T11:14:22.874419+00:00,23267,817602,3942895,2
2026-09-20T11:14:22.906435+00:00,23268,817627,3942956,2
2026-09-20T11:14:22.923419+00:00,23269,817653,3943201,2
2026-09-20T11:14:22.955429+00:00,23270,817678,3942827,2
2026-09-20T11:14:22.970418+00:00,23271,817703,3942691,2
2026-09-20T11:14:23.002419+00:00,23272,817728,3942859,2
2026-09-20T11:14:23.018433+00:00,23273,817753,3943387,2
2026-09-20T11:14:23.050436+00:00,23274,817779,3943372,2
2026-09-20T11:14:23.087644+00:00,23275,817804,3943310,2
2026-09-20T11:14:23.100431+00:00,23276,817829,3943220,2
2026-09-20T11:14:23.130341+00:00,23277,817854,3942719,2
2026-09-20T11:14:23.146345+00:00,23278,817879,3943171,2
2026-09-20T11:14:23.178349+00:00,23279,817905,3943244,2
2026-09-20T11:14:23.195428+00:00,23280,817930,3943345,2
2026-09-20T11:14:23.226318+00:00,23281,817955,3943316,2
2026-09-20T11:14:23.258527+00:00,23282,817980,3943271,2
2026-09-20T11:14:23.274361+00:00,23283,818005,3942944,2
2026-09-20T11:14:23.307057+00:00,23284,818030,3942621,2
2026-09-20T11:14:23.322721+00:00,23285,818056,3942580,2
2026-09-20T11:14:23.354337+00:00,23286,818081,3942997,2
2026-09-20T11:14:23.370345+00:00,23287,818106,3943016,2
2026-09-20T11:14:23.402346+00:00,23288,818131,3942582,2
2026-09-20T11:14:23.434368+00:00,23289,818156,3943004,2
2026-09-20T11:14:23.450368+00:00,23290,818182,3943297,2
2026-09-20T11:14:23.483380+00:00,23291,818207,3942804,2
2026-09-20T11:14:23.498368+00:00,23292,818232,3942913,2
2026-09-20T11:14:23.530367+00:00,23293,818257,3942751,2
2026-09-20T11:14:23.546368+00:00,23294,818282,3943067,2
2026-09-20T11:14:23.578368+00:00,23295,818308,3943061,2
2026-09-20T11:14:23.610415+00:00,23296,818333,3942785,2
2026-09-20T11:14:23.627381+00:00,23297,818358,3942983,2
2026-09-20T11:14:23.659370+00:00,23298,818383,3942829,2
2026-09-20T11:14:23.674368+00:00,23299,818408,3943001,2
2026-09-20T11:14:23.706373+00:00,23300,818433,3942413,2
2026-09-20T11:14:23.723372+00:00,23301,818459,3942793,2
2026-09-20T11:14:23.754368+00:00,23302,818484,3943310,2
2026-09-20T11:14:23.786370+00:00,23303,818509,3942755,2
2026-09-20T11:14:23.803375+00:00,23304,818534,3943075,2
2026-09-20T11:14:23.834367+00:00,23305,818559,3943048,2
2026-09-20T11:14:23.850368+00:00,23306,818585,3943097,2
2026-09-20T11:14:23.882367+00:00,23307,818610,3942950,2
2026-09-20T11:14:23.914369+00:00,23308,818635,3943141,2
2026-09-20T11:14:23.930368+00:00,23309,818660,3943423,2
2026-09-20T11:14:23.962371+00:00,23310,818685,3943373,2
2026-09-20T11:14:23.978369+00:00,23311,818711,3943371,2
2026-09-20T11:14:24.011115+00:00,23312,818736,3943534,2
2026-09-20T11:14:24.026831+00:00,23313,818761,3943658,2
2026-09-20T11:14:24.058833+00:00,23314,818786,3943394,2
2026-09-20T11:14:24.089832+00:00,23315,818811,3942632,2
2026-09-20T11:14:24.106845+00:00,23316,818836,3942267,2
2026-09-20T11:14:24.139088+00:00,23317,818862,3942795,2
2026-09-20T11:14:24.154106+00:00,23318,818887,3943472,2
2026-09-20T11:14:24.186339+00:00,23319,818912,3943120,2
2026-09-20T11:14:24.202327+00:00,23320,818937,3942753,2
2026-09-20T11:14:24.234316+00:00,23321,818962,3942839,2
2026-09-20T11:14:24.266325+00:00,23322,818988,3943532,2
2026-09-20T11:14:24.282319+00:00,23323,819013,3943671,2
2026-09-20T11:14:24.314335+00:00,23324,819038,3943614,2
2026-09-20T11:14:24.330324+00:00,23325,819063,3943154,2
2026-09-20T11:14:24.362318+00:00,23326,819088,3942337,2
2026-09-20T11:14:24.378641+00:00,23327,819114,3942590,2
2026-09-20T11:14:24.410313+00:00,23328,819139,3943012,2
2026-09-20T11:14:24.442297+00:00,23329,819164,3943276,2
2026-09-20T11:14:24.458359+00:00,23330,819189,3943329,2
2026-09-20T11:14:24.490453+00:00,23331,819214,3943440,2
2026-09-20T11:14:24.507060+00:00,23332,819239,3943370,2
2026-09-20T11:14:24.540193+00:00,23333,819265,3942893,2
2026-09-20T11:14:24.555341+00:00,23334,819290,3942950,2
2026-09-20T11:14:24.586321+00:00,23335,819315,3943368,2
2026-09-20T11:14:24.618314+00:00,23336,819340,3943286,2
2026-09-20T11:14:24.635436+00:00,23337,819365,3943136,2
2026-09-20T11:14:24.666318+00:00,23338,819391,3942849,2
2026-09-20T11:14:24.682310+00:00,23339,819416,3942374,2
2026-09-20T11:14:24.714305+00:00,23340,819441,3942663,2
2026-09-20T11:14:24.730314+00:00,23341,819466,3942837,2
2026-09-20T11:14:24.762345+00:00,23342,819491,3943003,2
2026-09-20T11:14:24.794734+00:00,23343,819517,3943485,2
2026-09-20T11:14:24.810733+00:00,23344,819542,3943174,2
2026-09-20T11:14:24.842762+00:00,23345,819567,3943060,2
2026-09-20T11:14:24.858733+00:00,23346,819592,3943346,2
2026-09-20T11:14:24.890744+00:00,23347,819617,3942936,2
2026-09-20T11:14:24.907804+00:00,23348,819643,3942932,2
2026-09-20T11:14:24.938734+00:00,23349,819668,3943326,2
2026-09-20T11:14:24.970744+00:00,23350,819693,3943572,2
2026-09-20T11:14:24.986774+00:00,23351,819718,3943875,2
2026-09-20T11:14:25.018305+00:00,23352,819743,3943913,2
2026-09-20T11:14:25.034301+00:00,23353,819768,3943625,2
2026-09-20T11:14:25.067363+00:00,23354,819794,3943250,2
2026-09-20T11:14:25.082301+00:00,23355,819819,3943545,2
2026-09-20T11:14:25.114333+00:00,23356,819844,3943693,2
2026-09-20T11:14:25.146300+00:00,23357,819869,3943812,2
2026-09-20T11:14:25.162293+00:00,23358,819894,3943794,2
2026-09-20T11:14:25.194298+00:00,23359,819920,3943577,2
2026-09-20T11:14:25.210283+00:00,23360,819945,3943952,2
2026-09-20T11:14:25.242296+00:00,23361,819970,3943628,2
2026-09-20T11:14:25.274459+00:00,23362,819995,3943455,2
2026-09-20T11:14:25.290401+00:00,23363,820020,3943317,2
2026-09-20T11:14:25.322729+00:00,23364,820046,3943115,2
2026-09-20T11:14:25.339148+00:00,23365,820071,3943526,2
2026-09-20T11:14:25.370293+00:00,23366,820096,3943548,2
2026-09-20T11:14:25.386295+00:00,23367,820121,3943203,2
2026-09-20T11:14:25.418293+00:00,23368,820146,3943111,2
2026-09-20T11:14:25.450287+00:00,23369,820172,3942772,2
2026-09-20T11:14:25.466296+00:00,23370,820197,3942969,2
2026-09-20T11:14:25.498286+00:00,23371,820222,3943169,2
2026-09-20T11:14:25.514292+00:00,23372,820247,3942933,2
2026-09-20T11:14:25.547542+00:00,23373,820272,3942647,2
2026-09-20T11:14:25.562327+00:00,23374,820298,3942918,2
2026-09-20T11:14:25.594300+00:00,23375,820323,3942655,2
2026-09-20T11:14:25.626696+00:00,23376,820348,3942786,2
2026-09-20T11:14:25.642290+00:00,23377,820373,3942783,2
2026-09-20T11:14:25.674757+00:00,23378,820398,3942650,2
2026-09-20T11:14:25.690276+00:00,23379,820423,3942753,2
2026-09-20T11:14:25.725982+00:00,23380,820449,3943584,2
2026-09-20T11:14:25.738788+00:00,23381,820474,3943730,2
2026-09-20T11:14:25.770303+00:00,23382,820499,3943367,2
2026-09-20T11:14:25.802471+00:00,23383,820524,3942732,2
2026-09-20T11:14:25.818475+00:00,23384,820549,3942516,2
2026-09-20T11:14:25.850481+00:00,23385,820575,3943231,2
2026-09-20T11:14:25.866472+00:00,23386,820600,3943257,2
2026-09-20T11:14:25.898477+00:00,23387,820625,3943214,2
2026-09-20T11:14:25.914488+00:00,23388,820650,3943276,2
2026-09-20T11:14:25.946474+00:00,23389,820675,3943551,2
2026-09-20T11:14:25.978474+00:00,23390,820701,3943283,2
2026-09-20T11:14:25.994500+00:00,23391,820726,3943348,2
2026-09-20T11:14:26.027476+00:00,23392,820751,3942925,2
2026-09-20T11:14:26.042483+00:00,23393,820776,3942890,2
2026-09-20T11:14:26.075474+00:00,23394,820801,3943030,2
2026-09-20T11:14:26.090475+00:00,23395,820827,3943112,2
2026-09-20T11:14:26.122472+00:00,23396,820852,3943199,2
2026-09-20T11:14:26.155489+00:00,23397,820877,3943158,2
2026-09-20T11:14:26.170526+00:00,23398,820902,3943046,2
2026-09-20T11:14:26.202473+00:00,23399,820927,3942868,2
2026-09-20T11:14:26.218551+00:00,23400,820952,3942795,2
2026-09-20T11:14:26.251485+00:00,23401,820978,3942520,2
2026-09-20T11:14:26.266478+00:00,23402,821003,3942807,2
2026-09-20T11:14:26.298476+00:00,23403,821028,3943115,2
2026-09-20T11:14:26.330474+00:00,23404,821053,3943080,2
2026-09-20T11:14:26.346505+00:00,23405,821078,3942844,2
2026-09-20T11:14:26.379941+00:00,23406,821104,3942995,2
2026-09-20T11:14:26.394472+00:00,23407,821129,3943021,2
2026-09-20T11:14:26.427474+00:00,23408,821154,3943434,2
2026-09-20T11:14:26.442475+00:00,23409,821179,3942861,2
2026-09-20T11:14:26.475482+00:00,23410,821204,3943373,2
2026-09-20T11:14:26.508559+00:00,23411,821230,3943859,2
2026-09-20T11:14:26.524475+00:00,23412,821255,3943668,2
2026-09-20T11:14:26.556478+00:00,23413,821280,3943520,2
2026-09-20T11:14:26.571488+00:00,23414,821305,3943168,2
2026-09-20T11:14:26.602472+00:00,23415,821330,3943111,2
2026-09-20T11:14:26.634480+00:00,23416,821355,3943292,2
2026-09-20T11:14:26.650473+00:00,23417,821381,3943126,2
2026-09-20T11:14:26.683474+00:00,23418,821406,3943453,2
2026-09-20T11:14:26.698475+00:00,23419,821431,3943205,2
2026-09-20T11:14:26.730480+00:00,23420,821456,3943141,2
2026-09-20T11:14:26.746471+00:00,23421,821481,3943066,2
2026-09-20T11:14:26.778473+00:00,23422,821507,3942835,2
2026-09-20T11:14:26.810476+00:00,23423,821532,3942799,2
2026-09-20T11:14:26.826479+00:00,23424,821557,3942805,2
2026-09-20T11:14:26.858474+00:00,23425,821582,3942889,2
2026-09-20T11:14:26.874474+00:00,23426,821607,3943134,2
2026-09-20T11:14:26.906489+00:00,23427,821633,3942934,2
2026-09-20T11:14:26.922471+00:00,23428,821658,3943449,2
2026-09-20T11:14:26.954472+00:00,23429,821683,3943628,2
2026-09-20T11:14:26.992474+00:00,23430,821708,3943481,2
2026-09-20T11:14:27.003474+00:00,23431,821733,3943357,2
2026-09-20T11:14:27.035477+00:00,23432,821759,3943057,2
2026-09-20T11:14:27.054519+00:00,23433,821784,3943700,2
2026-09-20T11:14:27.083474+00:00,23434,821809,3943804,2
2026-09-20T11:14:27.098486+00:00,23435,821834,3943356,2
2026-09-20T11:14:27.130474+00:00,23436,821859,3942841,2
2026-09-20T11:14:27.162478+00:00,23437,821885,3942676,2
2026-09-20T11:14:27.178487+00:00,23438,821910,3942848,2
2026-09-20T11:14:27.212701+00:00,23439,821935,3942657,2
2026-09-20T11:14:27.228593+00:00,23440,821960,3942785,2
2026-09-20T11:14:27.258472+00:00,23441,821985,3942587,2
2026-09-20T11:14:27.275476+00:00,23442,822010,3942501,2
2026-09-20T11:14:27.306474+00:00,23443,822036,3942690,2
2026-09-20T11:14:27.339473+00:00,23444,822061,3943002,2
2026-09-20T11:14:27.354478+00:00,23445,822086,3942700,2
2026-09-20T11:14:27.386475+00:00,23446,822111,3942662,2
2026-09-20T11:14:27.402481+00:00,23447,822136,3942716,2
2026-09-20T11:14:27.435486+00:00,23448,822162,3942607,2
2026-09-20T11:14:27.450500+00:00,23449,822187,3942674,2
2026-09-20T11:14:27.482473+00:00,23450,822212,3942952,2
2026-09-20T11:14:27.514474+00:00,23451,822237,3943248,2
2026-09-20T11:14:27.530482+00:00,23452,822262,3943005,2
2026-09-20T11:14:27.562473+00:00,23453,822288,3942598,2
2026-09-20T11:14:27.579476+00:00,23454,822313,3942631,2
2026-09-20T11:14:27.611475+00:00,23455,822338,3943190,2
2026-09-20T11:14:27.627474+00:00,23456,822363,3943497,2
2026-09-20T11:14:27.659471+00:00,23457,822388,3943561,2
2026-09-20T11:14:27.692474+00:00,23458,822413,3943440,2
2026-09-20T11:14:27.706475+00:00,23459,822439,3943193,2
2026-09-20T11:14:27.739474+00:00,23460,822464,3942905,2
2026-09-20T11:14:27.755475+00:00,23461,822489,3942919,2
2026-09-20T11:14:27.793474+00:00,23462,822514,3943105,2
2026-09-20T11:14:27.818472+00:00,23463,822539,3943282,2
2026-09-20T11:14:27.834475+00:00,23464,822565,3943370,2
2026-09-20T11:14:27.877474+00:00,23465,822590,3942806,2
2026-09-20T11:14:27.882474+00:00,23466,822615,3942658,2
2026-09-20T11:14:27.915475+00:00,23467,822640,3943302,2
2026-09-20T11:14:27.930743+00:00,23468,822665,3943589,2
2026-09-20T11:14:27.962481+00:00,23469,822691,3943214,2
2026-09-20T11:14:27.994571+00:00,23470,822716,3943324,2
2026-09-20T11:14:28.012477+00:00,23471,822741,3943403,2
2026-09-20T11:14:28.042473+00:00,23472,822766,3943409,2
2026-09-20T11:14:28.059478+00:00,23473,822791,3943271,2
2026-09-20T11:14:28.094473+00:00,23474,822817,3943135,2
2026-09-20T11:14:28.107488+00:00,23475,822842,3942926,2
2026-09-20T11:14:28.138473+00:00,23476,822867,3942845,2
2026-09-20T11:14:28.170477+00:00,23477,822892,3943099,2
2026-09-20T11:14:28.186508+00:00,23478,822917,3943043,2
2026-09-20T11:14:28.218601+00:00,23479,822942,3943986,2
2026-09-20T11:14:28.235486+00:00,23480,822968,3943679,2
2026-09-20T11:14:28.267802+00:00,23481,822993,3943040,2
2026-09-20T11:14:28.283506+00:00,23482,823018,3943446,2
2026-09-20T11:14:28.314497+00:00,23483,823043,3943045,2
2026-09-20T11:14:28.346479+00:00,23484,823068,3943072,2
2026-09-20T11:14:28.362479+00:00,23485,823094,3943802,2
2026-09-20T11:14:28.406480+00:00,23486,823119,3943561,2
2026-09-20T11:14:28.411474+00:00,23487,823144,3942809,2
2026-09-20T11:14:28.442709+00:00,23488,823169,3942561,2
2026-09-20T11:14:28.458474+00:00,23489,823194,3942760,2
2026-09-20T11:14:28.491621+00:00,23490,823220,3943053,2
2026-09-20T11:14:28.523474+00:00,23491,823245,3943050,2
2026-09-20T11:14:28.539476+00:00,23492,823270,3943357,2
2026-09-20T11:14:28.570477+00:00,23493,823295,3943278,2
2026-09-20T11:14:28.587512+00:00,23494,823320,3943288,2
2026-09-20T11:14:28.618493+00:00,23495,823346,3942809,2
2026-09-20T11:14:28.634473+00:00,23496,823371,3943279,2
2026-09-20T11:14:28.666482+00:00,23497,823396,3943128,2
2026-09-20T11:14:28.698474+00:00,23498,823421,3943140,2
2026-09-20T11:14:28.714492+00:00,23499,823446,3943167,2
2026-09-20T11:14:28.746214+00:00,23500,823471,3942986,2
2026-09-20T11:14:28.762197+00:00,23501,823497,3942777,2
2026-09-20T11:14:28.794207+00:00,23502,823522,3942773,2
2026-09-20T11:14:28.811294+00:00,23503,823547,3943089,2
2026-09-20T11:14:28.843177+00:00,23504,823572,3943449,2
2026-09-20T11:14:28.874201+00:00,23505,823597,3943736,2
2026-09-20T11:14:28.891143+00:00,23506,823623,3943157,2
2026-09-20T11:14:28.924135+00:00,23507,823648,3943170,2
2026-09-20T11:14:28.939137+00:00,23508,823673,3943367,2
2026-09-20T11:14:28.970142+00:00,23509,823698,3943134,2
2026-09-20T11:14:28.987137+00:00,23510,823723,3943128,2
2026-09-20T11:14:29.018203+00:00,23511,823749,3943125,2
2026-09-20T11:14:29.050265+00:00,23512,823774,3943145,2
2026-09-20T11:14:29.066204+00:00,23513,823799,3943343,2
2026-09-20T11:14:29.098208+00:00,23514,823824,3943308,2
2026-09-20T11:14:29.114205+00:00,23515,823849,3943175,2
2026-09-20T11:14:29.146986+00:00,23516,823874,3942686,2
2026-09-20T11:14:29.178208+00:00,23517,823900,3942873,2
2026-09-20T11:14:29.194203+00:00,23518,823925,3943213,2
2026-09-20T11:14:29.226206+00:00,23519,823950,3943337,2
2026-09-20T11:14:29.242204+00:00,23520,823975,3943600,2
2026-09-20T11:14:29.275344+00:00,23521,824000,3943658,2
2026-09-20T11:14:29.290413+00:00,23522,824026,3943591,2
2026-09-20T11:14:29.322742+00:00,23523,824051,3943220,2
2026-09-20T11:14:29.354209+00:00,23524,824076,3943492,2
2026-09-20T11:14:29.370194+00:00,23525,824101,3943440,2
2026-09-20T11:14:29.402191+00:00,23526,824126,3943100,2
2026-09-20T11:14:29.418193+00:00,23527,824152,3942808,2
2026-09-20T11:14:29.450185+00:00,23528,824177,3943154,2
2026-09-20T11:14:29.467408+00:00,23529,824202,3943288,2
2026-09-20T11:14:29.498190+00:00,23530,824227,3943576,2
2026-09-20T11:14:29.530175+00:00,23531,824252,3943303,2
2026-09-20T11:14:29.546200+00:00,23532,824278,3942986,2
2026-09-20T11:14:29.578188+00:00,23533,824303,3942204,2
2026-09-20T11:14:29.594188+00:00,23534,824328,3942462,2
2026-09-20T11:14:29.626164+00:00,23535,824353,3942588,2
2026-09-20T11:14:29.642201+00:00,23536,824378,3942358,2
2026-09-20T11:14:29.674186+00:00,23537,824404,3943307,2
2026-09-20T11:14:29.706358+00:00,23538,824429,3943600,2
2026-09-20T11:14:29.722561+00:00,23539,824454,3943004,2
2026-09-20T11:14:29.755412+00:00,23540,824479,3943426,2
2026-09-20T11:14:29.771403+00:00,23541,824504,3942874,2
2026-09-20T11:14:29.802399+00:00,23542,824529,3943096,2
2026-09-20T11:14:29.818399+00:00,23543,824555,3943465,2
2026-09-20T11:14:29.850402+00:00,23544,824580,3943532,2
2026-09-20T11:14:29.882402+00:00,23545,824605,3943513,2
2026-09-20T11:14:29.898480+00:00,23546,824630,3943271,2
2026-09-20T11:14:29.930400+00:00,23547,824655,3943052,2
2026-09-20T11:14:29.946414+00:00,23548,824681,3943048,2
2026-09-20T11:14:29.978185+00:00,23549,824706,3943079,2
2026-09-20T11:14:29.994171+00:00,23550,824731,3943511,2
2026-09-20T11:14:30.026370+00:00,23551,824756,3943024,2
2026-09-20T11:14:30.059023+00:00,23552,824781,3943164,2
2026-09-20T11:14:30.074178+00:00,23553,824807,3942858,2
2026-09-20T11:14:30.106087+00:00,23554,824832,3942444,2
2026-09-20T11:14:30.122795+00:00,23555,824857,3942763,2
2026-09-20T11:14:30.154171+00:00,23556,824882,3942931,2
2026-09-20T11:14:30.171388+00:00,23557,824907,3943181,2
2026-09-20T11:14:30.202167+00:00,23558,824933,3943165,2
2026-09-20T11:14:30.235203+00:00,23559,824958,3943435,2
2026-09-20T11:14:30.250244+00:00,23560,824983,3943611,2
2026-09-20T11:14:30.282956+00:00,23561,825008,3943626,2
2026-09-20T11:14:30.299223+00:00,23562,825033,3943386,2
2026-09-20T11:14:30.330164+00:00,23563,825059,3943404,2
2026-09-20T11:14:30.346159+00:00,23564,825084,3943697,2
2026-09-20T11:14:30.378577+00:00,23565,825109,3943350,2
2026-09-20T11:14:30.410142+00:00,23566,825134,3942724,2
2026-09-20T11:14:30.426174+00:00,23567,825159,3942661,2
2026-09-20T11:14:30.458168+00:00,23568,825184,3942974,2
2026-09-20T11:14:30.474095+00:00,23569,825210,3942893,2
2026-09-20T11:14:30.506875+00:00,23570,825235,3943369,2
2026-09-20T11:14:30.538458+00:00,23571,825260,3943658,2
2026-09-20T11:14:30.555196+00:00,23572,825285,3943577,2
2026-09-20T11:14:30.588216+00:00,23573,825310,3943903,2
2026-09-20T11:14:30.602175+00:00,23574,825336,3943240,2
2026-09-20T11:14:30.634161+00:00,23575,825361,3943130,2
2026-09-20T11:14:30.651273+00:00,23576,825386,3943526,2
2026-09-20T11:14:30.683199+00:00,23577,825411,3943163,2
2026-09-20T11:14:30.714151+00:00,23578,825436,3943251,2
2026-09-20T11:14:30.730150+00:00,23579,825462,3943285,2
2026-09-20T11:14:30.762152+00:00,23580,825487,3943458,2
2026-09-20T11:14:30.778153+00:00,23581,825512,3943758,2
2026-09-20T11:14:30.811142+00:00,23582,825537,3943520,2
2026-09-20T11:14:30.826143+00:00,23583,825562,3943809,2
2026-09-20T11:14:30.859139+00:00,23584,825588,3943403,2
2026-09-20T11:14:30.890141+00:00,23585,825613,3943126,2
2026-09-20T11:14:30.907139+00:00,23586,825638,3943380,2
2026-09-20T11:14:30.939303+00:00,23587,825663,3943632,2
2026-09-20T11:14:30.955165+00:00,23588,825688,3943392,2
2026-09-20T11:14:30.986141+00:00,23589,825714,3943293,2
2026-09-20T11:14:31.002166+00:00,23590,825739,3942981,2
2026-09-20T11:14:31.034197+00:00,23591,825764,3943290,2
2026-09-20T11:14:31.066162+00:00,23592,825789,3943053,2
2026-09-20T11:14:31.082169+00:00,23593,825814,3943210,2
2026-09-20T11:14:31.114138+00:00,23594,825839,3942608,2
2026-09-20T11:14:31.130184+00:00,23595,825865,3942491,2
2026-09-20T11:14:31.162867+00:00,23596,825890,3942475,2
2026-09-20T11:14:31.191590+00:00,23597,825915,3942483,2
2026-09-20T11:14:31.211588+00:00,23598,825940,3942591,2
2026-09-20T11:14:31.242590+00:00,23599,825965,3943810,2
2026-09-20T11:14:31.258590+00:00,23600,825991,3943936,2
2026-09-20T11:14:31.290589+00:00,23601,826016,3943355,2
2026-09-20T11:14:31.306589+00:00,23602,826041,3943557,2
2026-09-20T11:14:31.338590+00:00,23603,826066,3944053,2
2026-09-20T11:14:31.354625+00:00,23604,826091,3943587,2
2026-09-20T11:14:31.386588+00:00,23605,826117,3943174,2
2026-09-20T11:14:31.418589+00:00,23606,826142,3943195,2
2026-09-20T11:14:31.434589+00:00,23607,826167,3943996,2
2026-09-20T11:14:31.466589+00:00,23608,826192,3944118,2
2026-09-20T11:14:31.482589+00:00,23609,826217,3943290,2
2026-09-20T11:14:31.514649+00:00,23610,826243,3942925,2
2026-09-20T11:14:31.530589+00:00,23611,826268,3943071,2
2026-09-20T11:14:31.565644+00:00,23612,826293,3943592,2
2026-09-20T11:14:31.595589+00:00,23613,826318,3943182,2
2026-09-20T11:14:31.610587+00:00,23614,826343,3943219,2
2026-09-20T11:14:31.642588+00:00,23615,826369,3943449,2
2026-09-20T11:14:31.660590+00:00,23616,826394,3943646,2
2026-09-20T11:14:31.691588+00:00,23617,826419,3943810,2
2026-09-20T11:14:31.722600+00:00,23618,826444,3944002,2
2026-09-20T11:14:31.738640+00:00,23619,826469,3943901,2
2026-09-20T11:14:31.770589+00:00,23620,826494,3943172,2
2026-09-20T11:14:31.786589+00:00,23621,826520,3943073,2
2026-09-20T11:14:31.818595+00:00,23622,826545,3943084,2
2026-09-20T11:14:31.834606+00:00,23623,826570,3943131,2
2026-09-20T11:14:31.868620+00:00,23624,826595,3943607,2
2026-09-20T11:14:31.899262+00:00,23625,826620,3943699,2
2026-09-20T11:14:31.925913+00:00,23626,826646,3943178,2
2026-09-20T11:14:31.949010+00:00,23627,826671,3943068,2
2026-09-20T11:14:31.962968+00:00,23628,826696,3943560,2
2026-09-20T11:14:31.995256+00:00,23629,826721,3943016,2
2026-09-20T11:14:32.011260+00:00,23630,826746,3942991,2
2026-09-20T11:14:32.036537+00:00,23631,826772,3942822,2
2026-09-20T11:14:32.067819+00:00,23632,826797,3942920,2
2026-09-20T11:14:32.091812+00:00,23633,826822,3942707,2
2026-09-20T11:14:32.124809+00:00,23634,826847,3943327,2
2026-09-20T11:14:32.139810+00:00,23635,826872,3943351,2
2026-09-20T11:14:32.170945+00:00,23636,826898,3943196,2
2026-09-20T11:14:32.188809+00:00,23637,826923,3943225,2
2026-09-20T11:14:32.218809+00:00,23638,826948,3943574,2
2026-09-20T11:14:32.250808+00:00,23639,826973,3943411,2
2026-09-20T11:14:32.266809+00:00,23640,826998,3943710,2
2026-09-20T11:14:32.298810+00:00,23641,827023,3943534,2
2026-09-20T11:14:32.314817+00:00,23642,827049,3943697,2
2026-09-20T11:14:32.346810+00:00,23643,827074,3943950,2
2026-09-20T11:14:32.362809+00:00,23644,827099,3943424,2
2026-09-20T11:14:32.394808+00:00,23645,827124,3942870,2
2026-09-20T11:14:32.425875+00:00,23646,827149,3943194,2
2026-09-20T11:14:32.442809+00:00,23647,827175,3943217,2
2026-09-20T11:14:32.474810+00:00,23648,827200,3943263,2
2026-09-20T11:14:32.490862+00:00,23649,827225,3943157,2
2026-09-20T11:14:32.522810+00:00,23650,827250,3943137,2
2026-09-20T11:14:32.540808+00:00,23651,827275,3943064,2
2026-09-20T11:14:32.570809+00:00,23652,827301,3943580,2
2026-09-20T11:14:32.602809+00:00,23653,827326,3943636,2
2026-09-20T11:14:32.618809+00:00,23654,827351,3942800,2
2026-09-20T11:14:32.650809+00:00,23655,827376,3943120,2
2026-09-20T11:14:32.666830+00:00,23656,827401,3943392,2
2026-09-20T11:14:32.698855+00:00,23657,827426,3943165,2
2026-09-20T11:14:32.714851+00:00,23658,827452,3942848,2
2026-09-20T11:14:32.746019+00:00,23659,827477,3942977,2
2026-09-20T11:14:32.778811+00:00,23660,827502,3943265,2
2026-09-20T11:14:32.794809+00:00,23661,827527,3943020,2
2026-09-20T11:14:32.826824+00:00,23662,827552,3943031,2
2026-09-20T11:14:32.842808+00:00,23663,827578,3943189,2
2026-09-20T11:14:32.874824+00:00,23664,827603,3943285,2
2026-09-20T11:14:32.890829+00:00,23665,827628,3943053,2
2026-09-20T11:14:32.923809+00:00,23666,827653,3942957,2
2026-09-20T11:14:32.954809+00:00,23667,827678,3943868,2
2026-09-20T11:14:32.970941+00:00,23668,827704,3944013,2
2026-09-20T11:14:33.002808+00:00,23669,827729,3943534,2
2026-09-20T11:14:33.018809+00:00,23670,827754,3943541,2
2026-09-20T11:14:33.050835+00:00,23671,827779,3943443,2
2026-09-20T11:14:33.081807+00:00,23672,827804,3943274,2
2026-09-20T11:14:33.098826+00:00,23673,827830,3943342,2
2026-09-20T11:14:33.130083+00:00,23674,827855,3942975,2
2026-09-20T11:14:33.146093+00:00,23675,827880,3942965,2
2026-09-20T11:14:33.178499+00:00,23676,827905,3943389,2
2026-09-20T11:14:33.195850+00:00,23677,827930,3943037,2
2026-09-20T11:14:33.226837+00:00,23678,827955,3942978,2
2026-09-20T11:14:33.259004+00:00,23679,827981,3943299,2
2026-09-20T11:14:33.273893+00:00,23680,828006,3943670,2
2026-09-20T11:14:33.306841+00:00,23681,828031,3943564,2
2026-09-20T11:14:33.322835+00:00,23682,828056,3943611,2
2026-09-20T11:14:33.354855+00:00,23683,828081,3943469,2
2026-09-20T11:14:33.370835+00:00,23684,828107,3943322,2
2026-09-20T11:14:33.402855+00:00,23685,828132,3943549,2
2026-09-20T11:14:33.434091+00:00,23686,828157,3943247,2
2026-09-20T11:14:33.450078+00:00,23687,828182,3943481,2
2026-09-20T11:14:33.482097+00:00,23688,828207,3943654,2
2026-09-20T11:14:33.498082+00:00,23689,828233,3944005,2
2026-09-20T11:14:33.530088+00:00,23690,828258,3943663,2
2026-09-20T11:14:33.546088+00:00,23691,828283,3943002,2
2026-09-20T11:14:33.578082+00:00,23692,828308,3943112,2
2026-09-20T11:14:33.611583+00:00,23693,828333,3943156,2
2026-09-20T11:14:33.627581+00:00,23694,828359,3943390,2
2026-09-20T11:14:33.659612+00:00,23695,828384,3943784,2
2026-09-20T11:14:33.675585+00:00,23696,828409,3944000,2
2026-09-20T11:14:33.706583+00:00,23697,828434,3943825,2
2026-09-20T11:14:33.722684+00:00,23698,828459,3943909,2
2026-09-20T11:14:33.754585+00:00,23699,828484,3943517,2
2026-09-20T11:14:33.786582+00:00,23700,828510,3943224,2
2026-09-20T11:14:33.802584+00:00,23701,828535,3943674,2
2026-09-20T11:14:33.834592+00:00,23702,828560,3943412,2
2026-09-20T11:14:33.850583+00:00,23703,828585,3943140,2
2026-09-20T11:14:33.882587+00:00,23704,828610,3943552,2
2026-09-20T11:14:33.898599+00:00,23705,828636,3943188,2
2026-09-20T11:14:33.930588+00:00,23706,828661,3943356,2
2026-09-20T11:14:33.962583+00:00,23707,828686,3943414,2
2026-09-20T11:14:33.979583+00:00,23708,828711,3943079,2
2026-09-20T11:14:34.010597+00:00,23709,828736,3943649,2
2026-09-20T11:14:34.027590+00:00,23710,828762,3943761,2
2026-09-20T11:14:34.059586+00:00,23711,828787,3943621,2
2026-09-20T11:14:34.077791+00:00,23712,828812,3943012,2
2026-09-20T11:14:34.107593+00:00,23713,828837,3943397,2
2026-09-20T11:14:34.139582+00:00,23714,828862,3943545,2
2026-09-20T11:14:34.155583+00:00,23715,828888,3943405,2
2026-09-20T11:14:34.186583+00:00,23716,828913,3943583,2
2026-09-20T11:14:34.202584+00:00,23717,828938,3943693,2
2026-09-20T11:14:34.234582+00:00,23718,828963,3943377,2
2026-09-20T11:14:34.266583+00:00,23719,828988,3943128,2
2026-09-20T11:14:34.282585+00:00,23720,829014,3943471,2
2026-09-20T11:14:34.314583+00:00,23721,829039,3943632,2
2026-09-20T11:14:34.330584+00:00,23722,829064,3943602,2
2026-09-20T11:14:34.362585+00:00,23723,829089,3943913,2
2026-09-20T11:14:34.378584+00:00,23724,829114,3943984,2
2026-09-20T11:14:34.410583+00:00,23725,829139,3943573,2
2026-09-20T11:14:34.441585+00:00,23726,829165,3943315,2
2026-09-20T11:14:34.458582+00:00,23727,829190,3943195,2
2026-09-20T11:14:34.490592+00:00,23728,829215,3943395,2
2026-09-20T11:14:34.506583+00:00,23729,829240,3943230,2
2026-09-20T11:14:34.539583+00:00,23730,829265,3943444,2
2026-09-20T11:14:34.554582+00:00,23731,829291,3943445,2
2026-09-20T11:14:34.586673+00:00,23732,829316,3943190,2
2026-09-20T11:14:34.617722+00:00,23733,829341,3943771,2
2026-09-20T11:14:34.634592+00:00,23734,829366,3943672,2
2026-09-20T11:14:34.667592+00:00,23735,829391,3943435,2
2026-09-20T11:14:34.682617+00:00,23736,829417,3943439,2
2026-09-20T11:14:34.714590+00:00,23737,829442,3942947,2
2026-09-20T11:14:34.730634+00:00,23738,829467,3943046,2
2026-09-20T11:14:34.762767+00:00,23739,829492,3943594,2
2026-09-20T11:14:34.794663+00:00,23740,829517,3943736,2
2026-09-20T11:14:34.811585+00:00,23741,829543,3943869,2
2026-09-20T11:14:34.843590+00:00,23742,829568,3943478,2
2026-09-20T11:14:34.858584+00:00,23743,829593,3943009,2
2026-09-20T11:14:34.890872+00:00,23744,829618,3943661,2
2026-09-20T11:14:34.906658+00:00,23745,829643,3943571,2
2026-09-20T11:14:34.940604+00:00,23746,829668,3942773,2
2026-09-20T11:14:34.970584+00:00,23747,829694,3942957,2
2026-09-20T11:14:34.986583+00:00,23748,829719,3943657,2
2026-09-20T11:14:35.018582+00:00,23749,829744,3942700,2
2026-09-20T11:14:35.034606+00:00,23750,829769,3942609,2
2026-09-20T11:14:35.073583+00:00,23751,829794,3943039,2
2026-09-20T11:14:35.082584+00:00,23752,829820,3943363,2
2026-09-20T11:14:35.114584+00:00,23753,829845,3943307,2
2026-09-20T11:14:35.146584+00:00,23754,829870,3943693,2
2026-09-20T11:14:35.162686+00:00,23755,829895,3943380,2
2026-09-20T11:14:35.194583+00:00,23756,829920,3943106,2
2026-09-20T11:14:35.210583+00:00,23757,829946,3943065,2
2026-09-20T11:14:35.242584+00:00,23758,829971,3943303,2
2026-09-20T11:14:35.260584+00:00,23759,829996,3944528,2
2026-09-20T11:14:35.290585+00:00,23760,830021,3944257,2
2026-09-20T11:14:35.322666+00:00,23761,830046,3944108,2
2026-09-20T11:14:35.340635+00:00,23762,830072,3943784,2
2026-09-20T11:14:35.370583+00:00,23763,830097,3943513,2
2026-09-20T11:14:35.386598+00:00,23764,830122,3943330,2
2026-09-20T11:14:35.418643+00:00,23765,830147,3943204,2
2026-09-20T11:14:35.434584+00:00,23766,830172,3943307,2
2026-09-20T11:14:35.466584+00:00,23767,830197,3943536,2
2026-09-20T11:14:35.498669+00:00,23768,830223,3943130,2
2026-09-20T11:14:35.514683+00:00,23769,830248,3943598,2
2026-09-20T11:14:35.546585+00:00,23770,830273,3943387,2
2026-09-20T11:14:35.563583+00:00,23771,830298,3942973,2
2026-09-20T11:14:35.596587+00:00,23772,830323,3943542,2
2026-09-20T11:14:35.625584+00:00,23773,830349,3943952,2
2026-09-20T11:14:35.643595+00:00,23774,830374,3943174,2
2026-09-20T11:14:35.675595+00:00,23775,830399,3943594,2
2026-09-20T11:14:35.690582+00:00,23776,830424,3943536,2
2026-09-20T11:14:35.724594+00:00,23777,830449,3943016,2
2026-09-20T11:14:35.739582+00:00,23778,830475,3943062,2
2026-09-20T11:14:35.770616+00:00,23779,830500,3943214,2
2026-09-20T11:14:35.802593+00:00,23780,830525,3943577,2
2026-09-20T11:14:35.818620+00:00,23781,830550,3943512,2
2026-09-20T11:14:35.850590+00:00,23782,830575,3943378,2
2026-09-20T11:14:35.866617+00:00,23783,830600,3943579,2
2026-09-20T11:14:35.898251+00:00,23784,830626,3943607,2
2026-09-20T11:14:35.914241+00:00,23785,830651,3943326,2
2026-09-20T11:14:35.946246+00:00,23786,830676,3943118,2
2026-09-20T11:14:35.978247+00:00,23787,830701,3943600,2
2026-09-20T11:14:35.994239+00:00,23788,830726,3943507,2
2026-09-20T11:14:36.026240+00:00,23789,830752,3943747,2
2026-09-20T11:14:36.042262+00:00,23790,830777,3943229,2
2026-09-20T11:14:36.074243+00:00,23791,830802,3943599,2
2026-09-20T11:14:36.090254+00:00,23792,830827,3943377,2
2026-09-20T11:14:36.122157+00:00,23793,830852,3942918,2
2026-09-20T11:14:36.154020+00:00,23794,830878,3943397,2
2026-09-20T11:14:36.170037+00:00,23795,830903,3943525,2
2026-09-20T11:14:36.202025+00:00,23796,830928,3943369,2
2026-09-20T11:14:36.218016+00:00,23797,830953,3943453,2
2026-09-20T11:14:36.250005+00:00,23798,830978,3943714,2
2026-09-20T11:14:36.267047+00:00,23799,831004,3943752,2
2026-09-20T11:14:36.299258+00:00,23800,831029,3943386,2
2026-09-20T11:14:36.323869+00:00,23801,831054,3943219,2
2026-09-20T11:14:36.340527+00:00,23802,831079,3943278,2
2026-09-20T11:14:36.378898+00:00,23803,831104,3943230,2
2026-09-20T11:14:36.394902+00:00,23804,831129,3943282,2
2026-09-20T11:14:36.426901+00:00,23805,831155,3943716,2
2026-09-20T11:14:36.445907+00:00,23806,831180,3943571,2
2026-09-20T11:14:36.474901+00:00,23807,831205,3943144,2
2026-09-20T11:14:36.510709+00:00,23808,831230,3943652,2
2026-09-20T11:14:36.525707+00:00,23809,831255,3943441,2
2026-09-20T11:14:36.555708+00:00,23810,831281,3943401,2
2026-09-20T11:14:36.574766+00:00,23811,831306,3943601,2
2026-09-20T11:14:36.602706+00:00,23812,831331,3942945,2
2026-09-20T11:14:36.619709+00:00,23813,831356,3943042,2
2026-09-20T11:14:36.653708+00:00,23814,831381,3943340,2
2026-09-20T11:14:36.683772+00:00,23815,831407,3943481,2
2026-09-20T11:14:36.698709+00:00,23816,831432,3943034,2
2026-09-20T11:14:36.731719+00:00,23817,831457,3943067,2
2026-09-20T11:14:36.746708+00:00,23818,831482,3943458,2
2026-09-20T11:14:36.778709+00:00,23819,831507,3943283,2
2026-09-20T11:14:36.797719+00:00,23820,831532,3943553,2
2026-09-20T11:14:36.826709+00:00,23821,831558,3943837,2
2026-09-20T11:14:36.858861+00:00,23822,831583,3943954,2
2026-09-20T11:14:36.874713+00:00,23823,831608,3943956,2
2026-09-20T11:14:36.906709+00:00,23824,831633,3943711,2
2026-09-20T11:14:36.923712+00:00,23825,831658,3943339,2
2026-09-20T11:14:36.956236+00:00,23826,831684,3943349,2
2026-09-20T11:14:36.986235+00:00,23827,831709,3943777,2
2026-09-20T11:14:37.003236+00:00,23828,831734,3943876,2
2026-09-20T11:14:37.036243+00:00,23829,831759,3943631,2
2026-09-20T11:14:37.051237+00:00,23830,831784,3943317,2
2026-09-20T11:14:37.084253+00:00,23831,831810,3943003,2
2026-09-20T11:14:37.101243+00:00,23832,831835,3943387,2
2026-09-20T11:14:37.131237+00:00,23833,831860,3943089,2
2026-09-20T11:14:37.163240+00:00,23834,831885,3943343,2
2026-09-20T11:14:37.178235+00:00,23835,831910,3943795,2
2026-09-20T11:14:37.211244+00:00,23836,831935,3943864,2
2026-09-20T11:14:37.226241+00:00,23837,831961,3943463,2
2026-09-20T11:14:37.258245+00:00,23838,831986,3943268,2
2026-09-20T11:14:37.274242+00:00,23839,832011,3943981,2
2026-09-20T11:14:37.311259+00:00,23840,832036,3943458,2
2026-09-20T11:14:37.338570+00:00,23841,832061,3943140,2
2026-09-20T11:14:37.354568+00:00,23842,832087,3943223,2
2026-09-20T11:14:37.386570+00:00,23843,832112,3943412,2
2026-09-20T11:14:37.402568+00:00,23844,832137,3943626,2
2026-09-20T11:14:37.434573+00:00,23845,832162,3944080,2
2026-09-20T11:14:37.450571+00:00,23846,832187,3944218,2
2026-09-20T11:14:37.482568+00:00,23847,832213,3943505,2
2026-09-20T11:14:37.514567+00:00,23848,832238,3943560,2
2026-09-20T11:14:37.530570+00:00,23849,832263,3943901,2
2026-09-20T11:14:37.562569+00:00,23850,832288,3943351,2
2026-09-20T11:14:37.578569+00:00,23851,832313,3942967,2
2026-09-20T11:14:37.610569+00:00,23852,832338,3943335,2
2026-09-20T11:14:37.626567+00:00,23853,832364,3943381,2
2026-09-20T11:14:37.658570+00:00,23854,832389,3943532,2
2026-09-20T11:14:37.690573+00:00,23855,832414,3943923,2
2026-09-20T11:14:37.706567+00:00,23856,832439,3943478,2
2026-09-20T11:14:37.738568+00:00,23857,832464,3943143,2
2026-09-20T11:14:37.755567+00:00,23858,832490,3943258,2
2026-09-20T11:14:37.786570+00:00,23859,832515,3943633,2
2026-09-20T11:14:37.802569+00:00,23860,832540,3943375,2
2026-09-20T11:14:37.834569+00:00,23861,832565,3943695,2
2026-09-20T11:14:37.866568+00:00,23862,832590,3943856,2
2026-09-20T11:14:37.882569+00:00,23863,832616,3944225,2
2026-09-20T11:14:37.916576+00:00,23864,832641,3943987,2
2026-09-20T11:14:37.930569+00:00,23865,832666,3943723,2
2026-09-20T11:14:37.962572+00:00,23866,832691,3943494,2
2026-09-20T11:14:37.978569+00:00,23867,832716,3943643,2
2026-09-20T11:14:38.010568+00:00,23868,832741,3943411,2
2026-09-20T11:14:38.042567+00:00,23869,832767,3943508,2
2026-09-20T11:14:38.059578+00:00,23870,832792,3943990,2
2026-09-20T11:14:38.090577+00:00,23871,832817,3943844,2
2026-09-20T11:14:38.106570+00:00,23872,832842,3943506,2
2026-09-20T11:14:38.141567+00:00,23873,832867,3943684,2
2026-09-20T11:14:38.154670+00:00,23874,832893,3943944,2
2026-09-20T11:14:38.186568+00:00,23875,832918,3944131,2
2026-09-20T11:14:38.218608+00:00,23876,832943,3943251,2
2026-09-20T11:14:38.234569+00:00,23877,832968,3943397,2
2026-09-20T11:14:38.266677+00:00,23878,832993,3943703,2
2026-09-20T11:14:38.282673+00:00,23879,833018,3944093,2
2026-09-20T11:14:38.314665+00:00,23880,833044,3944162,2
2026-09-20T11:14:38.345575+00:00,23881,833069,3943551,2
2026-09-20T11:14:38.362617+00:00,23882,833094,3943104,2
2026-09-20T11:14:38.394568+00:00,23883,833119,3943677,2
2026-09-20T11:14:38.409945+00:00,23884,833144,3943828,2
2026-09-20T11:14:38.441967+00:00,23885,833170,3943750,2
2026-09-20T11:14:38.459090+00:00,23886,833195,3943472,2
2026-09-20T11:14:38.490440+00:00,23887,833220,3943141,2
2026-09-20T11:14:38.522647+00:00,23888,833245,3943427,2
2026-09-20T11:14:38.538654+00:00,23889,833270,3943471,2
2026-09-20T11:14:38.569951+00:00,23890,833296,3943189,2
2026-09-20T11:14:38.585938+00:00,23891,833321,3943584,2
2026-09-20T11:14:38.617955+00:00,23892,833346,3943995,2
2026-09-20T11:14:38.633936+00:00,23893,833371,3943875,2
2026-09-20T11:14:38.665949+00:00,23894,833396,3943610,2
2026-09-20T11:14:38.697954+00:00,23895,833421,3944090,2
2026-09-20T11:14:38.714468+00:00,23896,833447,3944259,2
2026-09-20T11:14:38.746458+00:00,23897,833472,3943634,2
2026-09-20T11:14:38.762460+00:00,23898,833497,3943686,2
2026-09-20T11:14:38.794457+00:00,23899,833522,3943811,2
2026-09-20T11:14:38.810475+00:00,23900,833547,3943941,2
2026-09-20T11:14:38.842457+00:00,23901,833573,3943818,2
2026-09-20T11:14:38.874461+00:00,23902,833598,3943327,2
2026-09-20T11:14:38.891464+00:00,23903,833623,3943089,2
2026-09-20T11:14:38.922457+00:00,23904,833648,3943396,2
2026-09-20T11:14:38.938457+00:00,23905,833673,3943781,2
2026-09-20T11:14:38.970546+00:00,23906,833699,3943520,2
2026-09-20T11:14:38.986543+00:00,23907,833724,3943469,2
2026-09-20T11:14:39.018778+00:00,23908,833749,3943368,2
2026-09-20T11:14:39.049457+00:00,23909,833774,3943571,2
2026-09-20T11:14:39.066458+00:00,23910,833799,3943485,2
2026-09-20T11:14:39.098456+00:00,23911,833825,3943555,2
2026-09-20T11:14:39.114495+00:00,23912,833850,3943757,2
2026-09-20T11:14:39.146479+00:00,23913,833875,3943625,2
2026-09-20T11:14:39.163520+00:00,23914,833900,3942810,2
2026-09-20T11:14:39.194613+00:00,23915,833925,3943362,2
2026-09-20T11:14:39.226541+00:00,23916,833951,3944285,2
2026-09-20T11:14:39.242482+00:00,23917,833976,3943173,2
2026-09-20T11:14:39.274479+00:00,23918,834001,3943049,2
2026-09-20T11:14:39.290481+00:00,23919,834026,3942967,2
2026-09-20T11:14:39.321754+00:00,23920,834051,3942980,2
2026-09-20T11:14:39.338968+00:00,23921,834076,3943601,2
2026-09-20T11:14:39.370586+00:00,23922,834102,3943954,2
2026-09-20T11:14:39.401622+00:00,23923,834127,3944024,2
2026-09-20T11:14:39.418968+00:00,23924,834152,3943915,2
2026-09-20T11:14:39.449934+00:00,23925,834177,3943567,2
2026-09-20T11:14:39.465838+00:00,23926,834202,3943536,2
2026-09-20T11:14:39.497924+00:00,23927,834228,3943076,2
2026-09-20T11:14:39.513933+00:00,23928,834253,3943655,2
2026-09-20T11:14:39.545945+00:00,23929,834278,3944061,2
2026-09-20T11:14:39.579097+00:00,23930,834303,3943793,2
2026-09-20T11:14:39.593960+00:00,23931,834328,3943654,2
2026-09-20T11:14:39.627423+00:00,23932,834354,3943481,2
2026-09-20T11:14:39.647499+00:00,23933,834379,3943821,2
2026-09-20T11:14:39.676790+00:00,23934,834404,3944035,2
2026-09-20T11:14:39.706368+00:00,23935,834429,3943856,2
2026-09-20T11:14:39.722362+00:00,23936,834454,3942967,2
2026-09-20T11:14:39.756363+00:00,23937,834479,3942884,2
2026-09-20T11:14:39.770370+00:00,23938,834505,3943216,2
2026-09-20T11:14:39.802360+00:00,23939,834530,3943265,2
2026-09-20T11:14:39.818366+00:00,23940,834555,3943533,2
2026-09-20T11:14:39.850417+00:00,23941,834580,3943856,2
2026-09-20T11:14:39.882360+00:00,23942,834605,3943884,2
2026-09-20T11:14:39.899361+00:00,23943,834631,3943721,2
2026-09-20T11:14:39.929903+00:00,23944,834656,3943454,2
2026-09-20T11:14:39.945915+00:00,23945,834681,3943321,2
2026-09-20T11:14:39.977924+00:00,23946,834706,3942888,2
2026-09-20T11:14:39.993931+00:00,23947,834731,3943368,2
2026-09-20T11:14:40.025917+00:00,23948,834757,3943599,2
2026-09-20T11:14:40.057912+00:00,23949,834782,3943992,2
2026-09-20T11:14:40.075160+00:00,23950,834807,3943902,2
2026-09-20T11:14:40.106342+00:00,23951,834832,3943599,2
2026-09-20T11:14:40.121915+00:00,23952,834857,3943910,2
2026-09-20T11:14:40.153918+00:00,23953,834882,3943884,2
2026-09-20T11:14:40.169915+00:00,23954,834908,3943409,2
2026-09-20T11:14:40.201933+00:00,23955,834933,3943868,2
2026-09-20T11:14:40.234162+00:00,23956,834958,3944358,2
2026-09-20T11:14:40.250502+00:00,23957,834983,3944317,2
2026-09-20T11:14:40.281922+00:00,23958,835008,3943672,2
2026-09-20T11:14:40.298821+00:00,23959,835034,3943432,2
2026-09-20T11:14:40.330905+00:00,23960,835059,3943831,2
2026-09-20T11:14:40.345935+00:00,23961,835084,3944028,2
2026-09-20T11:14:40.379145+00:00,23962,835109,3943614,2
2026-09-20T11:14:40.409924+00:00,23963,835134,3943709,2
2026-09-20T11:14:40.426602+00:00,23964,835160,3943952,2
2026-09-20T11:14:40.458365+00:00,23965,835185,3943979,2
2026-09-20T11:14:40.474793+00:00,23966,835210,3943969,2
2026-09-20T11:14:40.507128+00:00,23967,835235,3943818,2
2026-09-20T11:14:40.522631+00:00,23968,835260,3943855,2
2026-09-20T11:14:40.553907+00:00,23969,835285,3943506,2
2026-09-20T11:14:40.585903+00:00,23970,835311,3943694,2
2026-09-20T11:14:40.601907+00:00,23971,835336,3944169,2
2026-09-20T11:14:40.633941+00:00,23972,835361,3943397,2
2026-09-20T11:14:40.649910+00:00,23973,835386,3943541,2
2026-09-20T11:14:40.681961+00:00,23974,835411,3943435,2
2026-09-20T11:14:40.698750+00:00,23975,835437,3943508,2
2026-09-20T11:14:40.730629+00:00,23976,835462,3943872,2
2026-09-20T11:14:40.763643+00:00,23977,835487,3944111,2
2026-09-20T11:14:40.778628+00:00,23978,835512,3944224,2
2026-09-20T11:14:40.809689+00:00,23979,835537,3944146,2
2026-09-20T11:14:40.826630+00:00,23980,835563,3944102,2
2026-09-20T11:14:40.858632+00:00,23981,835588,3943952,2
2026-09-20T11:14:40.874629+00:00,23982,835613,3943907,2
2026-09-20T11:14:40.906628+00:00,23983,835638,3944033,2
2026-09-20T11:14:40.937874+00:00,23984,835663,3944365,2
2026-09-20T11:14:40.953924+00:00,23985,835688,3943956,2
2026-09-20T11:14:40.985918+00:00,23986,835714,3943361,2
2026-09-20T11:14:41.001886+00:00,23987,835739,3943671,2
2026-09-20T11:14:41.033925+00:00,23988,835764,3943662,2
2026-09-20T11:14:41.065806+00:00,23989,835789,3943631,2
2026-09-20T11:14:41.081897+00:00,23990,835814,3944055,2
2026-09-20T11:14:41.115085+00:00,23991,835840,3944169,2
2026-09-20T11:14:41.130647+00:00,23992,835865,3944095,2
2026-09-20T11:14:41.161889+00:00,23993,835890,3943826,2
2026-09-20T11:14:41.177885+00:00,23994,835915,3943184,2
2026-09-20T11:14:41.209878+00:00,23995,835940,3943455,2
2026-09-20T11:14:41.241904+00:00,23996,835966,3943334,2
2026-09-20T11:14:41.257891+00:00,23997,835991,3943838,2
2026-09-20T11:14:41.290439+00:00,23998,836016,3943611,2
2026-09-20T11:14:41.306148+00:00,23999,836041,3943464,2
2026-09-20T11:14:41.340884+00:00,24000,836066,3943960,2
2026-09-20T11:14:41.356918+00:00,24001,836091,3943575,2
2026-09-20T11:14:41.387001+00:00,24002,836117,3943782,2
2026-09-20T11:14:41.417894+00:00,24003,836142,3944175,2
2026-09-20T11:14:41.433898+00:00,24004,836167,3944078,2
2026-09-20T11:14:41.465890+00:00,24005,836192,3944054,2
2026-09-20T11:14:41.481888+00:00,24006,836217,3943786,2
2026-09-20T11:14:41.513873+00:00,24007,836243,3943755,2
2026-09-20T11:14:41.531021+00:00,24008,836268,3943983,2
2026-09-20T11:14:41.561886+00:00,24009,836293,3943330,2
2026-09-20T11:14:41.594379+00:00,24010,836318,3943433,2
2026-09-20T11:14:41.609867+00:00,24011,836343,3943911,2
2026-09-20T11:14:41.642641+00:00,24012,836368,3943977,2
2026-09-20T11:14:41.657881+00:00,24013,836394,3943775,2
2026-09-20T11:14:41.689774+00:00,24014,836419,3943465,2
2026-09-20T11:14:41.707950+00:00,24015,836444,3943281,2
2026-09-20T11:14:41.737948+00:00,24016,836469,3943372,2
2026-09-20T11:14:41.770951+00:00,24017,836494,3943854,2
2026-09-20T11:14:41.785946+00:00,24018,836520,3943813,2
2026-09-20T11:14:41.817950+00:00,24019,836545,3944266,2
2026-09-20T11:14:41.833947+00:00,24020,836570,3944346,2
2026-09-20T11:14:41.865946+00:00,24021,836595,3943888,2
2026-09-20T11:14:41.881888+00:00,24022,836620,3942980,2
2026-09-20T11:14:41.913865+00:00,24023,836645,3943164,2
2026-09-20T11:14:41.944712+00:00,24024,836671,3943492,2
2026-09-20T11:14:41.952811+00:00,24025,836696,3943110,2
2026-09-20T11:14:41.985406+00:00,24026,836721,3943202,2
2026-09-20T11:14:42.010092+00:00,24027,836746,3943679,2
2026-09-20T11:14:42.042095+00:00,24028,836771,3943762,2
2026-09-20T11:14:42.058684+00:00,24029,836797,3943566,2
2026-09-20T11:14:42.090681+00:00,24030,836822,3943303,2
2026-09-20T11:14:42.121751+00:00,24031,836847,3943749,2
2026-09-20T11:14:42.138569+00:00,24032,836872,3943947,2
2026-09-20T11:14:42.169865+00:00,24033,836897,3943446,2
2026-09-20T11:14:42.173385+00:00,24034,836923,3943464,2
2026-09-20T11:14:42.218914+00:00,24035,836948,3943743,2
2026-09-20T11:14:42.235137+00:00,24036,836973,3943755,2
2026-09-20T11:14:42.265871+00:00,24037,836998,3943564,2
2026-09-20T11:14:42.297866+00:00,24038,837023,3943875,2
2026-09-20T11:14:42.313861+00:00,24039,837048,3944377,2
2026-09-20T11:14:42.345856+00:00,24040,837074,3944068,2
2026-09-20T11:14:42.361877+00:00,24041,837099,3943312,2
2026-09-20T11:14:42.393867+00:00,24042,837124,3943325,2
2026-09-20T11:14:42.409883+00:00,24043,837149,3943330,2
2026-09-20T11:14:42.441884+00:00,24044,837174,3943507,2
2026-09-20T11:14:42.474076+00:00,24045,837200,3943755,2
2026-09-20T11:14:42.490140+00:00,24046,837225,3943634,2
2026-09-20T11:14:42.523328+00:00,24047,837250,3943762,2
2026-09-20T11:14:42.539020+00:00,24048,837275,3944409,2
2026-09-20T11:14:42.569872+00:00,24049,837300,3944712,2
2026-09-20T11:14:42.602967+00:00,24050,837325,3944181,2
2026-09-20T11:14:42.617883+00:00,24051,837351,3943862,2
2026-09-20T11:14:42.651734+00:00,24052,837376,3943394,2
2026-09-20T11:14:42.665907+00:00,24053,837401,3943391,2
2026-09-20T11:14:42.698450+00:00,24054,837426,3943702,2
2026-09-20T11:14:42.715303+00:00,24055,837451,3943873,2
2026-09-20T11:14:42.746303+00:00,24056,837477,3943948,2
2026-09-20T11:14:42.778303+00:00,24057,837502,3943876,2
2026-09-20T11:14:42.794302+00:00,24058,837527,3944205,2
2026-09-20T11:14:42.826300+00:00,24059,837552,3944372,2
2026-09-20T11:14:42.842301+00:00,24060,837577,3943735,2
2026-09-20T11:14:42.875304+00:00,24061,837603,3943313,2
2026-09-20T11:14:42.890611+00:00,24062,837628,3943792,2
2026-09-20T11:14:42.921756+00:00,24063,837653,3943904,2
2026-09-20T11:14:42.953834+00:00,24064,837678,3944040,2
2026-09-20T11:14:42.969856+00:00,24065,837703,3943816,2
2026-09-20T11:14:43.001854+00:00,24066,837728,3942962,2
2026-09-20T11:14:43.017856+00:00,24067,837754,3942911,2
2026-09-20T11:14:43.049845+00:00,24068,837779,3943235,2
2026-09-20T11:14:43.065872+00:00,24069,837804,3943675,2
2026-09-20T11:14:43.097848+00:00,24070,837829,3943734,2
2026-09-20T11:14:43.129840+00:00,24071,837854,3943773,2
2026-09-20T11:14:43.145839+00:00,24072,837880,3943822,2
2026-09-20T11:14:43.177755+00:00,24073,837905,3943610,2
2026-09-20T11:14:43.193845+00:00,24074,837930,3943779,2
2026-09-20T11:14:43.225886+00:00,24075,837955,3943951,2
2026-09-20T11:14:43.243115+00:00,24076,837980,3943995,2
2026-09-20T11:14:43.275548+00:00,24077,838005,3944131,2
2026-09-20T11:14:43.306341+00:00,24078,838031,3943979,2
2026-09-20T11:14:43.322686+00:00,24079,838056,3943597,2
2026-09-20T11:14:43.353818+00:00,24080,838081,3943515,2
2026-09-20T11:14:43.370381+00:00,24081,838106,3943265,2
2026-09-20T11:14:43.401837+00:00,24082,838131,3943892,2
2026-09-20T11:14:43.417837+00:00,24083,838157,3944023,2
2026-09-20T11:14:43.449831+00:00,24084,838182,3944307,2
2026-09-20T11:14:43.481828+00:00,24085,838207,3943724,2
2026-09-20T11:14:43.497827+00:00,24086,838232,3943109,2
2026-09-20T11:14:43.529837+00:00,24087,838257,3943061,2
2026-09-20T11:14:43.545779+00:00,24088,838283,3943761,2
2026-09-20T11:14:43.577754+00:00,24089,838308,3943574,2
2026-09-20T11:14:43.593824+00:00,24090,838333,3943443,2
2026-09-20T11:14:43.625816+00:00,24091,838358,3944223,2
2026-09-20T11:14:43.657784+00:00,24092,838383,3944620,2
2026-09-20T11:14:43.674740+00:00,24093,838408,3944159,2
2026-09-20T11:14:43.706118+00:00,24094,838434,3943846,2
2026-09-20T11:14:43.723117+00:00,24095,838459,3944178,2
2026-09-20T11:14:43.754118+00:00,24096,838484,3944167,2
2026-09-20T11:14:43.770123+00:00,24097,838509,3943420,2
2026-09-20T11:14:43.803156+00:00,24098,838534,3943417,2
2026-09-20T11:14:43.835117+00:00,24099,838560,3944221,2
2026-09-20T11:14:43.850117+00:00,24100,838585,3944000,2
2026-09-20T11:14:43.882135+00:00,24101,838610,3943631,2
2026-09-20T11:14:43.897799+00:00,24102,838635,3943953,2
2026-09-20T11:14:43.929813+00:00,24103,838660,3943815,2
2026-09-20T11:14:43.945783+00:00,24104,838686,3943267,2
2026-09-20T11:14:43.977824+00:00,24105,838711,3943743,2
2026-09-20T11:14:44.009816+00:00,24106,838736,3943714,2
2026-09-20T11:14:44.025836+00:00,24107,838761,3944025,2
2026-09-20T11:14:44.059004+00:00,24108,838786,3943846,2
2026-09-20T11:14:44.074808+00:00,24109,838811,3943498,2
2026-09-20T11:14:44.109819+00:00,24110,838837,3943508,2
2026-09-20T11:14:44.137808+00:00,24111,838862,3943871,2
2026-09-20T11:14:44.153807+00:00,24112,838887,3943763,2
2026-09-20T11:14:44.185819+00:00,24113,838912,3944232,2
2026-09-20T11:14:44.203053+00:00,24114,838937,3944087,2
2026-09-20T11:14:44.233855+00:00,24115,838963,3944359,2
2026-09-20T11:14:44.253314+00:00,24116,838988,3943595,2
2026-09-20T11:14:44.281834+00:00,24117,839013,3943466,2
2026-09-20T11:14:44.313810+00:00,24118,839038,3944152,2
2026-09-20T11:14:44.331172+00:00,24119,839063,3944007,2
2026-09-20T11:14:44.361654+00:00,24120,839089,3943805,2
2026-09-20T11:14:44.378450+00:00,24121,839114,3943883,2
2026-09-20T11:14:44.411010+00:00,24122,839139,3943831,2
2026-09-20T11:14:44.427515+00:00,24123,839164,3943974,2
2026-09-20T11:14:44.459045+00:00,24124,839189,3943630,2
2026-09-20T11:14:44.490482+00:00,24125,839214,3943766,2
2026-09-20T11:14:44.506234+00:00,24126,839240,3943967,2
2026-09-20T11:14:44.538857+00:00,24127,839265,3943849,2
2026-09-20T11:14:44.553818+00:00,24128,839290,3943575,2
2026-09-20T11:14:44.586830+00:00,24129,839315,3943510,2
2026-09-20T11:14:44.602959+00:00,24130,839340,3944312,2
2026-09-20T11:14:44.634841+00:00,24131,839366,3944418,2
2026-09-20T11:14:44.666860+00:00,24132,839391,3943892,2
2026-09-20T11:14:44.682888+00:00,24133,839416,3943860,2
2026-09-20T11:14:44.714896+00:00,24134,839441,3943811,2
2026-09-20T11:14:44.730898+00:00,24135,839466,3943825,2
2026-09-20T11:14:44.762931+00:00,24136,839491,3943929,2
2026-09-20T11:14:44.778902+00:00,24137,839517,3943841,2
2026-09-20T11:14:44.810896+00:00,24138,839542,3943977,2
2026-09-20T11:14:44.841917+00:00,24139,839567,3943702,2
2026-09-20T11:14:44.859900+00:00,24140,839592,3943612,2
2026-09-20T11:14:44.889910+00:00,24141,839617,3943807,2
2026-09-20T11:14:44.905897+00:00,24142,839643,3943950,2
2026-09-20T11:14:44.937793+00:00,24143,839668,3943491,2
2026-09-20T11:14:44.954832+00:00,24144,839693,3943460,2
2026-09-20T11:14:44.987024+00:00,24145,839718,3943895,2
2026-09-20T11:14:45.017648+00:00,24146,839743,3943816,2
2026-09-20T11:14:45.033790+00:00,24147,839769,3943962,2
2026-09-20T11:14:45.067024+00:00,24148,839794,3944109,2
2026-09-20T11:14:45.082159+00:00,24149,839819,3944340,2
2026-09-20T11:14:45.113841+00:00,24150,839844,3944671,2
2026-09-20T11:14:45.129802+00:00,24151,839869,3944299,2
2026-09-20T11:14:45.162828+00:00,24152,839894,3943906,2
2026-09-20T11:14:45.194432+00:00,24153,839920,3944009,2
2026-09-20T11:14:45.209778+00:00,24154,839945,3943816,2
2026-09-20T11:14:45.241839+00:00,24155,839970,3943545,2
2026-09-20T11:14:45.258590+00:00,24156,839995,3943625,2
2026-09-20T11:14:45.290806+00:00,24157,840020,3943507,2
2026-09-20T11:14:45.306812+00:00,24158,840046,3943330,2
2026-09-20T11:14:45.338740+00:00,24159,840071,3943969,2
2026-09-20T11:14:45.369868+00:00,24160,840096,3944314,2
2026-09-20T11:14:45.386871+00:00,24161,840121,3944204,2
2026-09-20T11:14:45.419054+00:00,24162,840146,3943883,2
2026-09-20T11:14:45.433881+00:00,24163,840172,3943878,2
2026-09-20T11:14:45.467243+00:00,24164,840197,3943867,2
2026-09-20T11:14:45.497868+00:00,24165,840222,3943679,2
2026-09-20T11:14:45.513868+00:00,24166,840247,3944035,2
2026-09-20T11:14:45.545884+00:00,24167,840272,3943758,2
2026-09-20T11:14:45.562939+00:00,24168,840297,3944402,2
2026-09-20T11:14:45.593870+00:00,24169,840323,3943983,2
2026-09-20T11:14:45.609869+00:00,24170,840348,3944124,2
2026-09-20T11:14:45.641869+00:00,24171,840373,3944800,2
2026-09-20T11:14:45.673892+00:00,24172,840398,3944625,2
2026-09-20T11:14:45.690956+00:00,24173,840423,3944177,2
2026-09-20T11:14:45.722869+00:00,24174,840449,3944003,2
2026-09-20T11:14:45.739870+00:00,24175,840474,3943978,2
2026-09-20T11:14:45.770870+00:00,24176,840499,3944296,2
2026-09-20T11:14:45.785871+00:00,24177,840524,3944666,2
2026-09-20T11:14:45.817879+00:00,24178,840549,3944868,2
2026-09-20T11:14:45.849870+00:00,24179,840574,3944958,2
2026-09-20T11:14:45.866870+00:00,24180,840600,3944933,2
2026-09-20T11:14:45.897869+00:00,24181,840625,3944584,2
2026-09-20T11:14:45.914875+00:00,24182,840650,3944001,2
2026-09-20T11:14:45.945873+00:00,24183,840675,3944049,2
2026-09-20T11:14:45.962891+00:00,24184,840700,3944443,2
2026-09-20T11:14:45.993873+00:00,24185,840726,3944318,2
2026-09-20T11:14:46.025906+00:00,24186,840751,3943625,2
2026-09-20T11:14:46.043873+00:00,24187,840776,3943743,2
2026-09-20T11:14:46.074878+00:00,24188,840801,3943960,2
2026-09-20T11:14:46.089870+00:00,24189,840826,3943735,2
2026-09-20T11:14:46.121873+00:00,24190,840852,3944132,2
2026-09-20T11:14:46.139872+00:00,24191,840877,3943980,2
2026-09-20T11:14:46.170869+00:00,24192,840902,3943861,2
2026-09-20T11:14:46.201871+00:00,24193,840927,3944082,2
2026-09-20T11:14:46.219894+00:00,24194,840952,3943824,2
2026-09-20T11:14:46.251877+00:00,24195,840977,3943944,2
2026-09-20T11:14:46.268872+00:00,24196,841003,3944155,2
2026-09-20T11:14:46.300881+00:00,24197,841028,3944300,2
2026-09-20T11:14:46.315884+00:00,24198,841053,3944174,2
2026-09-20T11:14:46.348964+00:00,24199,841078,3944426,2
2026-09-20T11:14:46.379871+00:00,24200,841103,3944607,2
2026-09-20T11:14:46.400867+00:00,24201,841129,3944770,2
2026-09-20T11:14:46.428871+00:00,24202,841154,3944747,2
2026-09-20T11:14:46.446870+00:00,24203,841179,3943986,2
2026-09-20T11:14:46.473988+00:00,24204,841204,3943926,2
2026-09-20T11:14:46.490894+00:00,24205,841229,3944356,2
2026-09-20T11:14:46.521953+00:00,24206,841255,3944073,2
2026-09-20T11:14:46.553891+00:00,24207,841280,3944224,2
2026-09-20T11:14:46.574873+00:00,24208,841305,3944390,2
2026-09-20T11:14:46.602870+00:00,24209,841330,3944174,2
2026-09-20T11:14:46.617889+00:00,24210,841355,3943585,2
2026-09-20T11:14:46.649888+00:00,24211,841380,3943384,2
2026-09-20T11:14:46.667871+00:00,24212,841406,3943799,2
2026-09-20T11:14:46.698869+00:00,24213,841431,3943785,2
2026-09-20T11:14:46.730273+00:00,24214,841456,3944150,2
2026-09-20T11:14:46.745871+00:00,24215,841481,3944624,2
2026-09-20T11:14:46.778897+00:00,24216,841506,3944623,2
2026-09-20T11:14:46.793870+00:00,24217,841532,3944597,2
2026-09-20T11:14:46.826873+00:00,24218,841557,3944379,2
2026-09-20T11:14:46.842879+00:00,24219,841582,3944129,2
2026-09-20T11:14:46.875875+00:00,24220,841607,3943685,2
2026-09-20T11:14:46.905874+00:00,24221,841632,3943835,2
2026-09-20T11:14:46.922870+00:00,24222,841658,3944624,2
2026-09-20T11:14:46.954885+00:00,24223,841683,3944574,2
2026-09-20T11:14:46.972872+00:00,24224,841708,3943806,2
2026-09-20T11:14:47.003869+00:00,24225,841733,3944148,2
2026-09-20T11:14:47.034869+00:00,24226,841758,3944096,2
2026-09-20T11:14:47.050874+00:00,24227,841783,3944132,2
2026-09-20T11:14:47.082932+00:00,24228,841809,3944523,2
2026-09-20T11:14:47.099870+00:00,24229,841834,3944382,2
2026-09-20T11:14:47.130877+00:00,24230,841859,3944144,2
2026-09-20T11:14:47.150907+00:00,24231,841884,3944015,2
2026-09-20T11:14:47.178870+00:00,24232,841909,3944017,2
2026-09-20T11:14:47.209888+00:00,24233,841935,3944070,2
2026-09-20T11:14:47.227917+00:00,24234,841960,3943988,2
2026-09-20T11:14:47.258880+00:00,24235,841985,3943765,2
2026-09-20T11:14:47.274887+00:00,24236,842010,3944119,2
2026-09-20T11:14:47.306871+00:00,24237,842035,3944172,2
2026-09-20T11:14:47.321886+00:00,24238,842060,3944473,2
2026-09-20T11:14:47.354869+00:00,24239,842086,3944017,2
2026-09-20T11:14:47.386876+00:00,24240,842111,3943640,2
2026-09-20T11:14:47.402900+00:00,24241,842136,3943266,2
2026-09-20T11:14:47.434903+00:00,24242,842161,3943967,2
2026-09-20T11:14:47.450891+00:00,24243,842186,3944475,2
2026-09-20T11:14:47.482871+00:00,24244,842212,3944515,2
2026-09-20T11:14:47.498869+00:00,24245,842237,3944058,2
2026-09-20T11:14:47.531871+00:00,24246,842262,3943813,2
2026-09-20T11:14:47.562871+00:00,24247,842287,3943711,2
2026-09-20T11:14:47.577870+00:00,24248,842312,3944012,2
2026-09-20T11:14:47.611870+00:00,24249,842338,3944460,2
2026-09-20T11:14:47.626872+00:00,24250,842363,3944592,2
2026-09-20T11:14:47.659871+00:00,24251,842388,3944361,2
2026-09-20T11:14:47.673869+00:00,24252,842413,3943959,2
2026-09-20T11:14:47.706874+00:00,24253,842438,3944037,2
2026-09-20T11:14:47.738873+00:00,24254,842463,3944765,2
