host_utc,seq,mcu_ms,raw,label
2026-09-20T11:09:50.234283+00:00,12470,544921,3951019,7
2026-09-20T11:09:50.253604+00:00,12471,544946,3951213,7
2026-09-20T11:09:50.282374+00:00,12472,544971,3950865,7
2026-09-20T11:09:50.301472+00:00,12473,544997,3950462,7
2026-09-20T11:09:50.330297+00:00,12474,545022,3950147,7
2026-09-20T11:09:50.362295+00:00,12475,545047,3950399,7
2026-09-20T11:09:50.394748+00:00,12476,545072,3950547,7
2026-09-20T11:09:50.411625+00:00,12477,545097,3950326,7
2026-09-20T11:09:50.442684+00:00,12478,545123,3950380,7
2026-09-20T11:09:50.458332+00:00,12479,545148,3950330,7
2026-09-20T11:09:50.490276+00:00,12480,545173,3950418,7
2026-09-20T11:09:50.506283+00:00,12481,545198,3950509,7
2026-09-20T11:09:50.538678+00:00,12482,545223,3950406,7
2026-09-20T11:09:50.570159+00:00,12483,545248,3949973,7
2026-09-20T11:09:50.587325+00:00,12484,545274,3950573,7
2026-09-20T11:09:50.618303+00:00,12485,545299,3950525,7
2026-09-20T11:09:50.634294+00:00,12486,545324,3949881,7
2026-09-20T11:09:50.666297+00:00,12487,545349,3950159,7
2026-09-20T11:09:50.683552+00:00,12488,545374,3950427,7
2026-09-20T11:09:50.715452+00:00,12489,545400,3950245,7
2026-09-20T11:09:50.746452+00:00,12490,545425,3950262,7
2026-09-20T11:09:50.762471+00:00,12491,545450,3950585,7
2026-09-20T11:09:50.780665+00:00,12492,545475,3950508,7
2026-09-20T11:09:50.796288+00:00,12493,545500,3950279,7
2026-09-20T11:09:50.842423+00:00,12494,545526,3950129,7
2026-09-20T11:09:50.858441+00:00,12495,545551,3950302,7
2026-09-20T11:09:50.890572+00:00,12496,545576,3950579,7
2026-09-20T11:09:50.922985+00:00,12497,545601,3950384,7
2026-09-20T11:09:50.939053+00:00,12498,545626,3950835,7
2026-09-20T11:09:50.971319+00:00,12499,545651,3950313,7
2026-09-20T11:09:50.986283+00:00,12500,545677,3950381,7
2026-09-20T11:09:51.019425+00:00,12501,545702,3950878,7
2026-09-20T11:09:51.037995+00:00,12502,545727,3950818,7
2026-09-20T11:09:51.067340+00:00,12503,545752,3950273,7
2026-09-20T11:09:51.098299+00:00,12504,545777,3949914,7
2026-09-20T11:09:51.115307+00:00,12505,545803,3949854,7
2026-09-20T11:09:51.146264+00:00,12506,545828,3949628,7
2026-09-20T11:09:51.162490+00:00,12507,545853,3949772,7
2026-09-20T11:09:51.194283+00:00,12508,545878,3950421,7
2026-09-20T11:09:51.211180+00:00,12509,545903,3950889,7
2026-09-20T11:09:51.242254+00:00,12510,545929,3950526,7
2026-09-20T11:09:51.274272+00:00,12511,545954,3950445,7
2026-09-20T11:09:51.290266+00:00,12512,545979,3949914,7
2026-09-20T11:09:51.323979+00:00,12513,546004,3949500,7
2026-09-20T11:09:51.339858+00:00,12514,546029,3950193,7
2026-09-20T11:09:51.371319+00:00,12515,546054,3950387,7
2026-09-20T11:09:51.386282+00:00,12516,546080,3950494,7
2026-09-20T11:09:51.418275+00:00,12517,546105,3950211,7
2026-09-20T11:09:51.452293+00:00,12518,546130,3950268,7
2026-09-20T11:09:51.467293+00:00,12519,546155,3950951,7
2026-09-20T11:09:51.498273+00:00,12520,546180,3951247,7
2026-09-20T11:09:51.514267+00:00,12521,546206,3950463,7
2026-09-20T11:09:51.546273+00:00,12522,546231,3950942,7
2026-09-20T11:09:51.578269+00:00,12523,546256,3950778,7
2026-09-20T11:09:51.595343+00:00,12524,546281,3950112,7
2026-09-20T11:09:51.626277+00:00,12525,546306,3950098,7
2026-09-20T11:09:51.642252+00:00,12526,546332,3950439,7
2026-09-20T11:09:51.674300+00:00,12527,546357,3950647,7
2026-09-20T11:09:51.690232+00:00,12528,546382,3950410,7
2026-09-20T11:09:51.723432+00:00,12529,546407,3949854,7
2026-09-20T11:09:51.754435+00:00,12530,546432,3950164,7
2026-09-20T11:09:51.770434+00:00,12531,546457,3950578,7
2026-09-20T11:09:51.802447+00:00,12532,546483,3949512,7
2026-09-20T11:09:51.818436+00:00,12533,546508,3949907,7
2026-09-20T11:09:51.850432+00:00,12534,546533,3950492,7
2026-09-20T11:09:51.866433+00:00,12535,546558,3950359,7
2026-09-20T11:09:51.898232+00:00,12536,546583,3950252,7
2026-09-20T11:09:51.930251+00:00,12537,546609,3949942,7
2026-09-20T11:09:51.946126+00:00,12538,546634,3949931,7
2026-09-20T11:09:51.978274+00:00,12539,546659,3950308,7
2026-09-20T11:09:51.994254+00:00,12540,546684,3950302,7
2026-09-20T11:09:52.026271+00:00,12541,546709,3949738,7
2026-09-20T11:09:52.042251+00:00,12542,546734,3950054,7
2026-09-20T11:09:52.074266+00:00,12543,546760,3950520,7
2026-09-20T11:09:52.106252+00:00,12544,546785,3950387,7
2026-09-20T11:09:52.122211+00:00,12545,546810,3949844,7
2026-09-20T11:09:52.154262+00:00,12546,546835,3950037,7
2026-09-20T11:09:52.170142+00:00,12547,546860,3950383,7
2026-09-20T11:09:52.202245+00:00,12548,546886,3950430,7
2026-09-20T11:09:52.218264+00:00,12549,546911,3950217,7
2026-09-20T11:09:52.251148+00:00,12550,546936,3950454,7
2026-09-20T11:09:52.282290+00:00,12551,546961,3950634,7
2026-09-20T11:09:52.298261+00:00,12552,546986,3949982,7
2026-09-20T11:09:52.330256+00:00,12553,547012,3950364,7
2026-09-20T11:09:52.348322+00:00,12554,547037,3950527,7
2026-09-20T11:09:52.379251+00:00,12555,547062,3950368,7
2026-09-20T11:09:52.394604+00:00,12556,547087,3950415,7
2026-09-20T11:09:52.426252+00:00,12557,547112,3950664,7
2026-09-20T11:09:52.458272+00:00,12558,547137,3950411,7
2026-09-20T11:09:52.475431+00:00,12559,547163,3950220,7
2026-09-20T11:09:52.506563+00:00,12560,547188,3950361,7
2026-09-20T11:09:52.523138+00:00,12561,547213,3950687,7
2026-09-20T11:09:52.555803+00:00,12562,547238,3950088,7
2026-09-20T11:09:52.570882+00:00,12563,547263,3950230,7
2026-09-20T11:09:52.603432+00:00,12564,547289,3950319,7
2026-09-20T11:09:52.634251+00:00,12565,547314,3950104,7
2026-09-20T11:09:52.650239+00:00,12566,547339,3950043,7
2026-09-20T11:09:52.682237+00:00,12567,547364,3950220,7
2026-09-20T11:09:52.698239+00:00,12568,547389,3949954,7
2026-09-20T11:09:52.730262+00:00,12569,547415,3949963,7
2026-09-20T11:09:52.746262+00:00,12570,547440,3950247,7
2026-09-20T11:09:52.778264+00:00,12571,547465,3950247,7
2026-09-20T11:09:52.810262+00:00,12572,547490,3949986,7
2026-09-20T11:09:52.827269+00:00,12573,547515,3950233,7
2026-09-20T11:09:52.859265+00:00,12574,547540,3950543,7
2026-09-20T11:09:52.875014+00:00,12575,547566,3950701,7
2026-09-20T11:09:52.906234+00:00,12576,547591,3950665,7
2026-09-20T11:09:52.938235+00:00,12577,547616,3950518,7
2026-09-20T11:09:52.954252+00:00,12578,547641,3950401,7
2026-09-20T11:09:52.986221+00:00,12579,547666,3950427,7
2026-09-20T11:09:53.002236+00:00,12580,547692,3950728,7
2026-09-20T11:09:53.034238+00:00,12581,547717,3950739,7
2026-09-20T11:09:53.050285+00:00,12582,547742,3950318,7
2026-09-20T11:09:53.083081+00:00,12583,547767,3949969,7
2026-09-20T11:09:53.114080+00:00,12584,547792,3950396,7
2026-09-20T11:09:53.131090+00:00,12585,547817,3950164,7
2026-09-20T11:09:53.163080+00:00,12586,547843,3949795,7
2026-09-20T11:09:53.179081+00:00,12587,547868,3949955,7
2026-09-20T11:09:53.210080+00:00,12588,547893,3950793,7
2026-09-20T11:09:53.226082+00:00,12589,547918,3950655,7
2026-09-20T11:09:53.260080+00:00,12590,547943,3950373,7
2026-09-20T11:09:53.290081+00:00,12591,547969,3950218,7
2026-09-20T11:09:53.307084+00:00,12592,547994,3950254,7
2026-09-20T11:09:53.340079+00:00,12593,548019,3950202,7
2026-09-20T11:09:53.355078+00:00,12594,548044,3950054,7
2026-09-20T11:09:53.387163+00:00,12595,548069,3949700,7
2026-09-20T11:09:53.402223+00:00,12596,548095,3949833,7
2026-09-20T11:09:53.435082+00:00,12597,548120,3950263,7
2026-09-20T11:09:53.471079+00:00,12598,548145,3950648,7
2026-09-20T11:09:53.483080+00:00,12599,548170,3950668,7
2026-09-20T11:09:53.515083+00:00,12600,548195,3950797,7
2026-09-20T11:09:53.530079+00:00,12601,548221,3950873,7
2026-09-20T11:09:53.564079+00:00,12602,548246,3950447,7
2026-09-20T11:09:53.578080+00:00,12603,548271,3950467,7
2026-09-20T11:09:53.610222+00:00,12604,548296,3950063,7
2026-09-20T11:09:53.642080+00:00,12605,548321,3950221,7
2026-09-20T11:09:53.658149+00:00,12606,548346,3950137,7
2026-09-20T11:09:53.691079+00:00,12607,548372,3950774,7
2026-09-20T11:09:53.707080+00:00,12608,548397,3950678,7
2026-09-20T11:09:53.740081+00:00,12609,548422,3950420,7
2026-09-20T11:09:53.755081+00:00,12610,548447,3950461,7
2026-09-20T11:09:53.786221+00:00,12611,548472,3950569,7
2026-09-20T11:09:53.819079+00:00,12612,548498,3950209,7
2026-09-20T11:09:53.834253+00:00,12613,548523,3950121,7
2026-09-20T11:09:53.867080+00:00,12614,548548,3950227,7
2026-09-20T11:09:53.883083+00:00,12615,548573,3950578,7
2026-09-20T11:09:53.916081+00:00,12616,548598,3950404,7
2026-09-20T11:09:53.932087+00:00,12617,548624,3950238,7
2026-09-20T11:09:53.962080+00:00,12618,548649,3950509,7
2026-09-20T11:09:53.994082+00:00,12619,548674,3950766,7
2026-09-20T11:09:54.011093+00:00,12620,548699,3950665,7
2026-09-20T11:09:54.042221+00:00,12621,548724,3950647,7
2026-09-20T11:09:54.059159+00:00,12622,548749,3950332,7
2026-09-20T11:09:54.091289+00:00,12623,548775,3950234,7
2026-09-20T11:09:54.107155+00:00,12624,548800,3950090,7
2026-09-20T11:09:54.139081+00:00,12625,548825,3950554,7
2026-09-20T11:09:54.171082+00:00,12626,548850,3950760,7
2026-09-20T11:09:54.187080+00:00,12627,548875,3950819,7
2026-09-20T11:09:54.218089+00:00,12628,548901,3951037,7
2026-09-20T11:09:54.234095+00:00,12629,548926,3951067,7
2026-09-20T11:09:54.266205+00:00,12630,548951,3950771,7
2026-09-20T11:09:54.298223+00:00,12631,548976,3950284,7
2026-09-20T11:09:54.314247+00:00,12632,549001,3950308,7
2026-09-20T11:09:54.346210+00:00,12633,549026,3950578,7
2026-09-20T11:09:54.362196+00:00,12634,549052,3950660,7
2026-09-20T11:09:54.395260+00:00,12635,549077,3950331,7
2026-09-20T11:09:54.410208+00:00,12636,549102,3949711,7
2026-09-20T11:09:54.442711+00:00,12637,549127,3949351,7
2026-09-20T11:09:54.474161+00:00,12638,549152,3950009,7
2026-09-20T11:09:54.491015+00:00,12639,549178,3950431,7
2026-09-20T11:09:54.523031+00:00,12640,549203,3950806,7
2026-09-20T11:09:54.538015+00:00,12641,549228,3950550,7
2026-09-20T11:09:54.572017+00:00,12642,549253,3950298,7
2026-09-20T11:09:54.586185+00:00,12643,549278,3950193,7
2026-09-20T11:09:54.618193+00:00,12644,549304,3950415,7
2026-09-20T11:09:54.651015+00:00,12645,549329,3950629,7
2026-09-20T11:09:54.667018+00:00,12646,549354,3950824,7
2026-09-20T11:09:54.698053+00:00,12647,549379,3950471,7
2026-09-20T11:09:54.715129+00:00,12648,549404,3950628,7
2026-09-20T11:09:54.749032+00:00,12649,549429,3950835,7
2026-09-20T11:09:54.764019+00:00,12650,549455,3950517,7
2026-09-20T11:09:54.795016+00:00,12651,549480,3950278,7
2026-09-20T11:09:54.827017+00:00,12652,549505,3950409,7
2026-09-20T11:09:54.846020+00:00,12653,549530,3950684,7
2026-09-20T11:09:54.876018+00:00,12654,549555,3950349,7
2026-09-20T11:09:54.892015+00:00,12655,549581,3950294,7
2026-09-20T11:09:54.924017+00:00,12656,549606,3950201,7
2026-09-20T11:09:54.941019+00:00,12657,549631,3950163,7
2026-09-20T11:09:54.971015+00:00,12658,549656,3950613,7
2026-09-20T11:09:55.002043+00:00,12659,549681,3950347,7
2026-09-20T11:09:55.019018+00:00,12660,549707,3950653,7
2026-09-20T11:09:55.050197+00:00,12661,549732,3950361,7
2026-09-20T11:09:55.067014+00:00,12662,549757,3950219,7
2026-09-20T11:09:55.099016+00:00,12663,549782,3950034,7
2026-09-20T11:09:55.114064+00:00,12664,549807,3950555,7
2026-09-20T11:09:55.149018+00:00,12665,549833,3950665,7
2026-09-20T11:09:55.179016+00:00,12666,549858,3949872,7
2026-09-20T11:09:55.196029+00:00,12667,549883,3949890,7
2026-09-20T11:09:55.229239+00:00,12668,549908,3950486,7
2026-09-20T11:09:55.243088+00:00,12669,549933,3950935,7
2026-09-20T11:09:55.275279+00:00,12670,549958,3950757,7
2026-09-20T11:09:55.291098+00:00,12671,549984,3950439,7
2026-09-20T11:09:55.318415+00:00,12672,550009,3950249,7
2026-09-20T11:09:55.354621+00:00,12673,550034,3950082,7
2026-09-20T11:09:55.374699+00:00,12674,550059,3949873,7
2026-09-20T11:09:55.402706+00:00,12675,550084,3950376,7
2026-09-20T11:09:55.417912+00:00,12676,550110,3950589,7
2026-09-20T11:09:55.450909+00:00,12677,550135,3950708,7
2026-09-20T11:09:55.465914+00:00,12678,550160,3950662,7
2026-09-20T11:09:55.498100+00:00,12679,550185,3950271,7
2026-09-20T11:09:55.519937+00:00,12680,550210,3950133,7
2026-09-20T11:09:55.546328+00:00,12681,550236,3950079,7
2026-09-20T11:09:55.578783+00:00,12682,550261,3950362,7
2026-09-20T11:09:55.594837+00:00,12683,550286,3950510,7
2026-09-20T11:09:55.624997+00:00,12684,550311,3950376,7
2026-09-20T11:09:55.641906+00:00,12685,550336,3950880,7
2026-09-20T11:09:55.673665+00:00,12686,550361,3950498,7
2026-09-20T11:09:55.704893+00:00,12687,550387,3950259,7
2026-09-20T11:09:55.723296+00:00,12688,550412,3950192,7
2026-09-20T11:09:55.755105+00:00,12689,550437,3950220,7
2026-09-20T11:09:55.769166+00:00,12690,550462,3950297,7
2026-09-20T11:09:55.802459+00:00,12691,550487,3950086,7
2026-09-20T11:09:55.834379+00:00,12692,550513,3950090,7
2026-09-20T11:09:55.850379+00:00,12693,550538,3950261,7
2026-09-20T11:09:55.882379+00:00,12694,550563,3950373,7
2026-09-20T11:09:55.899378+00:00,12695,550588,3950491,7
2026-09-20T11:09:55.934377+00:00,12696,550613,3950394,7
2026-09-20T11:09:55.946379+00:00,12697,550639,3950299,7
2026-09-20T11:09:55.978377+00:00,12698,550664,3950250,7
2026-09-20T11:09:56.010455+00:00,12699,550689,3950644,7
2026-09-20T11:09:56.026388+00:00,12700,550714,3950861,7
2026-09-20T11:09:56.061379+00:00,12701,550739,3950119,7
2026-09-20T11:09:56.074400+00:00,12702,550764,3950266,7
2026-09-20T11:09:56.107379+00:00,12703,550790,3950275,7
2026-09-20T11:09:56.123378+00:00,12704,550815,3950110,7
2026-09-20T11:09:56.156488+00:00,12705,550840,3950245,7
2026-09-20T11:09:56.186381+00:00,12706,550865,3950418,7
2026-09-20T11:09:56.202375+00:00,12707,550890,3950580,7
2026-09-20T11:09:56.234379+00:00,12708,550916,3950537,7
2026-09-20T11:09:56.250380+00:00,12709,550941,3950540,7
2026-09-20T11:09:56.282675+00:00,12710,550966,3950535,7
2026-09-20T11:09:56.298611+00:00,12711,550991,3950156,7
2026-09-20T11:09:56.330146+00:00,12712,551016,3949630,7
2026-09-20T11:09:56.362116+00:00,12713,551041,3950278,7
2026-09-20T11:09:56.378136+00:00,12714,551067,3950132,7
2026-09-20T11:09:56.410193+00:00,12715,551092,3950059,7
2026-09-20T11:09:56.425991+00:00,12716,551117,3950086,7
2026-09-20T11:09:56.458140+00:00,12717,551142,3949712,7
2026-09-20T11:09:56.474008+00:00,12718,551167,3950537,7
2026-09-20T11:09:56.507082+00:00,12719,551193,3950512,7
2026-09-20T11:09:56.538341+00:00,12720,551218,3950444,7
2026-09-20T11:09:56.554189+00:00,12721,551243,3950837,7
2026-09-20T11:09:56.586125+00:00,12722,551268,3951317,7
2026-09-20T11:09:56.602150+00:00,12723,551293,3950896,7
2026-09-20T11:09:56.634172+00:00,12724,551319,3950540,7
2026-09-20T11:09:56.650135+00:00,12725,551344,3950349,7
2026-09-20T11:09:56.682135+00:00,12726,551369,3950351,7
2026-09-20T11:09:56.714066+00:00,12727,551394,3950073,7
2026-09-20T11:09:56.730137+00:00,12728,551419,3950230,7
2026-09-20T11:09:56.763197+00:00,12729,551444,3950161,7
2026-09-20T11:09:56.778102+00:00,12730,551470,3950315,7
2026-09-20T11:09:56.811064+00:00,12731,551495,3950123,7
2026-09-20T11:09:56.826076+00:00,12732,551520,3950321,7
2026-09-20T11:09:56.859065+00:00,12733,551545,3950166,7
2026-09-20T11:09:56.890672+00:00,12734,551570,3949856,7
2026-09-20T11:09:56.906131+00:00,12735,551596,3950077,7
2026-09-20T11:09:56.938706+00:00,12736,551621,3950221,7
2026-09-20T11:09:56.954878+00:00,12737,551646,3950178,7
2026-09-20T11:09:56.987203+00:00,12738,551671,3950407,7
2026-09-20T11:09:57.002132+00:00,12739,551696,3950636,7
2026-09-20T11:09:57.034143+00:00,12740,551722,3950696,7
2026-09-20T11:09:57.066138+00:00,12741,551747,3950181,7
2026-09-20T11:09:57.082134+00:00,12742,551772,3949984,7
2026-09-20T11:09:57.114124+00:00,12743,551797,3949770,7
2026-09-20T11:09:57.130124+00:00,12744,551822,3949900,7
2026-09-20T11:09:57.162188+00:00,12745,551847,3950368,7
2026-09-20T11:09:57.194120+00:00,12746,551873,3950443,7
2026-09-20T11:09:57.209973+00:00,12747,551898,3950767,7
2026-09-20T11:09:57.242106+00:00,12748,551923,3950637,7
2026-09-20T11:09:57.258667+00:00,12749,551948,3950153,7
2026-09-20T11:09:57.292671+00:00,12750,551973,3949817,7
2026-09-20T11:09:57.307656+00:00,12751,551999,3950206,7
2026-09-20T11:09:57.340657+00:00,12752,552024,3950617,7
2026-09-20T11:09:57.370660+00:00,12753,552049,3950163,7
2026-09-20T11:09:57.386739+00:00,12754,552074,3949787,7
2026-09-20T11:09:57.418731+00:00,12755,552099,3949428,7
2026-09-20T11:09:57.434941+00:00,12756,552124,3949849,7
2026-09-20T11:09:57.466673+00:00,12757,552150,3950119,7
2026-09-20T11:09:57.482656+00:00,12758,552175,3950009,7
2026-09-20T11:09:57.515657+00:00,12759,552200,3950302,7
2026-09-20T11:09:57.545678+00:00,12760,552225,3950576,7
2026-09-20T11:09:57.562728+00:00,12761,552250,3950291,7
2026-09-20T11:09:57.594700+00:00,12762,552276,3950625,7
2026-09-20T11:09:57.610658+00:00,12763,552301,3950997,7
2026-09-20T11:09:57.641660+00:00,12764,552326,3950254,7
2026-09-20T11:09:57.660657+00:00,12765,552351,3949694,7
2026-09-20T11:09:57.690657+00:00,12766,552376,3949965,7
2026-09-20T11:09:57.722658+00:00,12767,552402,3950140,7
2026-09-20T11:09:57.738658+00:00,12768,552427,3950162,7
2026-09-20T11:09:57.771656+00:00,12769,552452,3950436,7
2026-09-20T11:09:57.786681+00:00,12770,552477,3950629,7
2026-09-20T11:09:57.818666+00:00,12771,552502,3950727,7
2026-09-20T11:09:57.834676+00:00,12772,552528,3950469,7
2026-09-20T11:09:57.866656+00:00,12773,552553,3950255,7
2026-09-20T11:09:57.897862+00:00,12774,552578,3949772,7
2026-09-20T11:09:57.914762+00:00,12775,552603,3949485,7
2026-09-20T11:09:57.946660+00:00,12776,552628,3949914,7
2026-09-20T11:09:57.962659+00:00,12777,552653,3949972,7
2026-09-20T11:09:57.994661+00:00,12778,552679,3950121,7
2026-09-20T11:09:58.010656+00:00,12779,552704,3950134,7
2026-09-20T11:09:58.042658+00:00,12780,552729,3950153,7
2026-09-20T11:09:58.074662+00:00,12781,552754,3950547,7
2026-09-20T11:09:58.090659+00:00,12782,552779,3950406,7
2026-09-20T11:09:58.123662+00:00,12783,552805,3950332,7
2026-09-20T11:09:58.138665+00:00,12784,552830,3949978,7
2026-09-20T11:09:58.170659+00:00,12785,552855,3950152,7
2026-09-20T11:09:58.186658+00:00,12786,552880,3949830,7
2026-09-20T11:09:58.218658+00:00,12787,552905,3949626,7
2026-09-20T11:09:58.250658+00:00,12788,552931,3949744,7
2026-09-20T11:09:58.266658+00:00,12789,552956,3950035,7
2026-09-20T11:09:58.298657+00:00,12790,552981,3950259,7
2026-09-20T11:09:58.314679+00:00,12791,553006,3950296,7
2026-09-20T11:09:58.346656+00:00,12792,553031,3950059,7
2026-09-20T11:09:58.362658+00:00,12793,553056,3950540,7
2026-09-20T11:09:58.394680+00:00,12794,553082,3950735,7
2026-09-20T11:09:58.426658+00:00,12795,553107,3950503,7
2026-09-20T11:09:58.442745+00:00,12796,553132,3950228,7
2026-09-20T11:09:58.475660+00:00,12797,553157,3950211,7
2026-09-20T11:09:58.490704+00:00,12798,553182,3950226,7
2026-09-20T11:09:58.522657+00:00,12799,553208,3950225,7
2026-09-20T11:09:58.554660+00:00,12800,553233,3950331,7
2026-09-20T11:09:58.571656+00:00,12801,553258,3950412,7
2026-09-20T11:09:58.602657+00:00,12802,553283,3950605,7
2026-09-20T11:09:58.618661+00:00,12803,553308,3950432,7
2026-09-20T11:09:58.650702+00:00,12804,553333,3950250,7
2026-09-20T11:09:58.666659+00:00,12805,553359,3950165,7
2026-09-20T11:09:58.698658+00:00,12806,553384,3950383,7
2026-09-20T11:09:58.729667+00:00,12807,553409,3950347,7
2026-09-20T11:09:58.746657+00:00,12808,553434,3950079,7
2026-09-20T11:09:58.778661+00:00,12809,553459,3949885,7
2026-09-20T11:09:58.794660+00:00,12810,553485,3949586,7
2026-09-20T11:09:58.826658+00:00,12811,553510,3949785,7
2026-09-20T11:09:58.834898+00:00,12812,553535,3950512,7
2026-09-20T11:09:58.874769+00:00,12813,553560,3949988,7
2026-09-20T11:09:58.906623+00:00,12814,553585,3950019,7
2026-09-20T11:09:58.922623+00:00,12815,553611,3950533,7
2026-09-20T11:09:58.954643+00:00,12816,553636,3950234,7
2026-09-20T11:09:58.971618+00:00,12817,553661,3949514,7
2026-09-20T11:09:59.002725+00:00,12818,553686,3949920,7
2026-09-20T11:09:59.018700+00:00,12819,553711,3950647,7
2026-09-20T11:09:59.050622+00:00,12820,553736,3950574,7
2026-09-20T11:09:59.081622+00:00,12821,553762,3950079,7
2026-09-20T11:09:59.098622+00:00,12822,553787,3950207,7
2026-09-20T11:09:59.130622+00:00,12823,553812,3950188,7
2026-09-20T11:09:59.146621+00:00,12824,553837,3950277,7
2026-09-20T11:09:59.178620+00:00,12825,553862,3949870,7
2026-09-20T11:09:59.194622+00:00,12826,553888,3949734,7
2026-09-20T11:09:59.226623+00:00,12827,553913,3949775,7
2026-09-20T11:09:59.258623+00:00,12828,553938,3949722,7
2026-09-20T11:09:59.274620+00:00,12829,553963,3949527,7
2026-09-20T11:09:59.306623+00:00,12830,553988,3949752,7
2026-09-20T11:09:59.322630+00:00,12831,554013,3949879,7
2026-09-20T11:09:59.355620+00:00,12832,554039,3949848,7
2026-09-20T11:09:59.371622+00:00,12833,554064,3949851,7
2026-09-20T11:09:59.402622+00:00,12834,554089,3949702,7
2026-09-20T11:09:59.434620+00:00,12835,554114,3949316,7
2026-09-20T11:09:59.450620+00:00,12836,554139,3949472,7
2026-09-20T11:09:59.482620+00:00,12837,554165,3949950,7
2026-09-20T11:09:59.498620+00:00,12838,554190,3950170,7
2026-09-20T11:09:59.530693+00:00,12839,554215,3949736,7
2026-09-20T11:09:59.546621+00:00,12840,554240,3949852,7
2026-09-20T11:09:59.578714+00:00,12841,554265,3950025,7
2026-09-20T11:09:59.610624+00:00,12842,554291,3949835,7
2026-09-20T11:09:59.626642+00:00,12843,554316,3949917,7
2026-09-20T11:09:59.658713+00:00,12844,554341,3950055,7
2026-09-20T11:09:59.674622+00:00,12845,554366,3950274,7
2026-09-20T11:09:59.706620+00:00,12846,554391,3950236,7
2026-09-20T11:09:59.722622+00:00,12847,554416,3950635,7
2026-09-20T11:09:59.754626+00:00,12848,554442,3950419,7
2026-09-20T11:09:59.786621+00:00,12849,554467,3950415,7
2026-09-20T11:09:59.802621+00:00,12850,554492,3950536,7
2026-09-20T11:09:59.834621+00:00,12851,554517,3950287,7
2026-09-20T11:09:59.850619+00:00,12852,554542,3950427,7
2026-09-20T11:09:59.882620+00:00,12853,554568,3950144,7
2026-09-20T11:09:59.898621+00:00,12854,554593,3949603,7
2026-09-20T11:09:59.930632+00:00,12855,554618,3949746,7
2026-09-20T11:09:59.962047+00:00,12856,554643,3950392,7
2026-09-20T11:09:59.978172+00:00,12857,554668,3950079,7
2026-09-20T11:10:00.011232+00:00,12858,554694,3950106,7
2026-09-20T11:10:00.027505+00:00,12859,554719,3950058,7
2026-09-20T11:10:00.058051+00:00,12860,554744,3950064,7
2026-09-20T11:10:00.090046+00:00,12861,554769,3949856,7
2026-09-20T11:10:00.106021+00:00,12862,554794,3950328,7
2026-09-20T11:10:00.138490+00:00,12863,554819,3950639,7
2026-09-20T11:10:00.154061+00:00,12864,554845,3950143,7
2026-09-20T11:10:00.186054+00:00,12865,554870,3950117,7
2026-09-20T11:10:00.202063+00:00,12866,554895,3950206,7
2026-09-20T11:10:00.234046+00:00,12867,554920,3950306,7
2026-09-20T11:10:00.266062+00:00,12868,554945,3950120,7
2026-09-20T11:10:00.282657+00:00,12869,554971,3950405,7
2026-09-20T11:10:00.314047+00:00,12870,554996,3950382,7
2026-09-20T11:10:00.330036+00:00,12871,555021,3950330,7
2026-09-20T11:10:00.362065+00:00,12872,555046,3950028,7
2026-09-20T11:10:00.378048+00:00,12873,555071,3950178,7
2026-09-20T11:10:00.410031+00:00,12874,555097,3950247,7
2026-09-20T11:10:00.442718+00:00,12875,555122,3950041,7
2026-09-20T11:10:00.458077+00:00,12876,555147,3949872,7
2026-09-20T11:10:00.490429+00:00,12877,555172,3949860,7
2026-09-20T11:10:00.506432+00:00,12878,555197,3950254,7
2026-09-20T11:10:00.538014+00:00,12879,555222,3950315,7
2026-09-20T11:10:00.554040+00:00,12880,555248,3950271,7
2026-09-20T11:10:00.586044+00:00,12881,555273,3950116,7
2026-09-20T11:10:00.618055+00:00,12882,555298,3950008,7
2026-09-20T11:10:00.636199+00:00,12883,555323,3950083,7
2026-09-20T11:10:00.666048+00:00,12884,555348,3950087,7
2026-09-20T11:10:00.682025+00:00,12885,555374,3950161,7
2026-09-20T11:10:00.714041+00:00,12886,555399,3949840,7
2026-09-20T11:10:00.730088+00:00,12887,555424,3950028,7
2026-09-20T11:10:00.762020+00:00,12888,555449,3950074,7
2026-09-20T11:10:00.794011+00:00,12889,555474,3949877,7
2026-09-20T11:10:00.810042+00:00,12890,555499,3950423,7
2026-09-20T11:10:00.843012+00:00,12891,555525,3950439,7
2026-09-20T11:10:00.858042+00:00,12892,555550,3950561,7
2026-09-20T11:10:00.890702+00:00,12893,555575,3950157,7
2026-09-20T11:10:00.906360+00:00,12894,555600,3950139,7
2026-09-20T11:10:00.938680+00:00,12895,555625,3950121,7
2026-09-20T11:10:00.970028+00:00,12896,555651,3949779,7
2026-09-20T11:10:00.986034+00:00,12897,555676,3949887,7
2026-09-20T11:10:01.019097+00:00,12898,555701,3949447,7
2026-09-20T11:10:01.034038+00:00,12899,555726,3949542,7
2026-09-20T11:10:01.066019+00:00,12900,555751,3950001,7
2026-09-20T11:10:01.082035+00:00,12901,555777,3950079,7
2026-09-20T11:10:01.114024+00:00,12902,555802,3950150,7
2026-09-20T11:10:01.147071+00:00,12903,555827,3949958,7
2026-09-20T11:10:01.162012+00:00,12904,555852,3949596,7
2026-09-20T11:10:01.194429+00:00,12905,555877,3950297,7
2026-09-20T11:10:01.210430+00:00,12906,555902,3950793,7
2026-09-20T11:10:01.242790+00:00,12907,555928,3950364,7
2026-09-20T11:10:01.258671+00:00,12908,555953,3950423,7
2026-09-20T11:10:01.290721+00:00,12909,555978,3950664,7
2026-09-20T11:10:01.322716+00:00,12910,556003,3950426,7
2026-09-20T11:10:01.338670+00:00,12911,556028,3950127,7
2026-09-20T11:10:01.371670+00:00,12912,556054,3950211,7
2026-09-20T11:10:01.386672+00:00,12913,556079,3949980,7
2026-09-20T11:10:01.418672+00:00,12914,556104,3949883,7
2026-09-20T11:10:01.449672+00:00,12915,556129,3949671,7
2026-09-20T11:10:01.466678+00:00,12916,556154,3950116,7
2026-09-20T11:10:01.497999+00:00,12917,556180,3949966,7
2026-09-20T11:10:01.514348+00:00,12918,556205,3949422,7
2026-09-20T11:10:01.546391+00:00,12919,556230,3949171,7
2026-09-20T11:10:01.563355+00:00,12920,556255,3949617,7
2026-09-20T11:10:01.594448+00:00,12921,556280,3949788,7
2026-09-20T11:10:01.626348+00:00,12922,556305,3950123,7
2026-09-20T11:10:01.642355+00:00,12923,556331,3950354,7
2026-09-20T11:10:01.674355+00:00,12924,556356,3950119,7
2026-09-20T11:10:01.690488+00:00,12925,556381,3950233,7
2026-09-20T11:10:01.722386+00:00,12926,556406,3950212,7
2026-09-20T11:10:01.739399+00:00,12927,556431,3950357,7
2026-09-20T11:10:01.772348+00:00,12928,556457,3950058,7
2026-09-20T11:10:01.803533+00:00,12929,556482,3950070,7
2026-09-20T11:10:01.818348+00:00,12930,556507,3950047,7
2026-09-20T11:10:01.850354+00:00,12931,556532,3950140,7
2026-09-20T11:10:01.866348+00:00,12932,556557,3950043,7
2026-09-20T11:10:01.898728+00:00,12933,556583,3950348,7
2026-09-20T11:10:01.915363+00:00,12934,556608,3950377,7
2026-09-20T11:10:01.946383+00:00,12935,556633,3950544,7
2026-09-20T11:10:01.978350+00:00,12936,556658,3950181,7
2026-09-20T11:10:01.994348+00:00,12937,556683,3950232,7
2026-09-20T11:10:02.026359+00:00,12938,556708,3950592,7
2026-09-20T11:10:02.042384+00:00,12939,556734,3950307,7
2026-09-20T11:10:02.074349+00:00,12940,556759,3949926,7
2026-09-20T11:10:02.090359+00:00,12941,556784,3950171,7
2026-09-20T11:10:02.122349+00:00,12942,556809,3949852,7
2026-09-20T11:10:02.154346+00:00,12943,556834,3949900,7
2026-09-20T11:10:02.171351+00:00,12944,556860,3950241,7
2026-09-20T11:10:02.202464+00:00,12945,556885,3950212,7
2026-09-20T11:10:02.218404+00:00,12946,556910,3949984,7
2026-09-20T11:10:02.250371+00:00,12947,556935,3949811,7
2026-09-20T11:10:02.266349+00:00,12948,556960,3949522,7
2026-09-20T11:10:02.298483+00:00,12949,556986,3949733,7
2026-09-20T11:10:02.330348+00:00,12950,557011,3950026,7
2026-09-20T11:10:02.346349+00:00,12951,557036,3950437,7
2026-09-20T11:10:02.378350+00:00,12952,557061,3950394,7
2026-09-20T11:10:02.394348+00:00,12953,557086,3950017,7
2026-09-20T11:10:02.426348+00:00,12954,557111,3949482,7
2026-09-20T11:10:02.443348+00:00,12955,557137,3949665,7
2026-09-20T11:10:02.474348+00:00,12956,557162,3950085,7
2026-09-20T11:10:02.506347+00:00,12957,557187,3950188,7
2026-09-20T11:10:02.523356+00:00,12958,557212,3950496,7
2026-09-20T11:10:02.555351+00:00,12959,557237,3949886,7
2026-09-20T11:10:02.570350+00:00,12960,557263,3949918,7
2026-09-20T11:10:02.602371+00:00,12961,557288,3950171,7
2026-09-20T11:10:02.618349+00:00,12962,557313,3950568,7
2026-09-20T11:10:02.650348+00:00,12963,557338,3950274,7
2026-09-20T11:10:02.682348+00:00,12964,557363,3950467,7
2026-09-20T11:10:02.699362+00:00,12965,557389,3950533,7
2026-09-20T11:10:02.731353+00:00,12966,557414,3950096,7
2026-09-20T11:10:02.746403+00:00,12967,557439,3950145,7
2026-09-20T11:10:02.778388+00:00,12968,557464,3950182,7
2026-09-20T11:10:02.810347+00:00,12969,557489,3950160,7
2026-09-20T11:10:02.826355+00:00,12970,557514,3949905,7
2026-09-20T11:10:02.858355+00:00,12971,557540,3949917,7
2026-09-20T11:10:02.874350+00:00,12972,557565,3950261,7
2026-09-20T11:10:02.905978+00:00,12973,557590,3950290,7
2026-09-20T11:10:02.922015+00:00,12974,557615,3950206,7
2026-09-20T11:10:02.954018+00:00,12975,557640,3950337,7
2026-09-20T11:10:02.985983+00:00,12976,557666,3949954,7
2026-09-20T11:10:03.001994+00:00,12977,557691,3950394,7
2026-09-20T11:10:03.034194+00:00,12978,557716,3950167,7
2026-09-20T11:10:03.049989+00:00,12979,557741,3950143,7
2026-09-20T11:10:03.083033+00:00,12980,557766,3950195,7
2026-09-20T11:10:03.097985+00:00,12981,557791,3950338,7
2026-09-20T11:10:03.129993+00:00,12982,557817,3950240,7
2026-09-20T11:10:03.161998+00:00,12983,557842,3950565,7
2026-09-20T11:10:03.178041+00:00,12984,557867,3950550,7
2026-09-20T11:10:03.209994+00:00,12985,557892,3950177,7
2026-09-20T11:10:03.225974+00:00,12986,557917,3949843,7
2026-09-20T11:10:03.258346+00:00,12987,557943,3949853,7
2026-09-20T11:10:03.273962+00:00,12988,557968,3949900,7
2026-09-20T11:10:03.306940+00:00,12989,557993,3949777,7
2026-09-20T11:10:03.338729+00:00,12990,558018,3949892,7
2026-09-20T11:10:03.354683+00:00,12991,558043,3949866,7
2026-09-20T11:10:03.388066+00:00,12992,558069,3949952,7
2026-09-20T11:10:03.401964+00:00,12993,558094,3950177,7
2026-09-20T11:10:03.434773+00:00,12994,558119,3950341,7
2026-09-20T11:10:03.451310+00:00,12995,558144,3950548,7
2026-09-20T11:10:03.483782+00:00,12996,558169,3950322,7
2026-09-20T11:10:03.513953+00:00,12997,558194,3950431,7
2026-09-20T11:10:03.531057+00:00,12998,558220,3950521,7
2026-09-20T11:10:03.561967+00:00,12999,558245,3950412,7
2026-09-20T11:10:03.578802+00:00,13000,558270,3950275,7
2026-09-20T11:10:03.610400+00:00,13001,558295,3949986,7
2026-09-20T11:10:03.625969+00:00,13002,558320,3950223,7
2026-09-20T11:10:03.657957+00:00,13003,558346,3950483,7
2026-09-20T11:10:03.690036+00:00,13004,558371,3950144,7
2026-09-20T11:10:03.706719+00:00,13005,558396,3950476,7
2026-09-20T11:10:03.738715+00:00,13006,558421,3950590,7
2026-09-20T11:10:03.754714+00:00,13007,558446,3950284,7
2026-09-20T11:10:03.786714+00:00,13008,558472,3950103,7
2026-09-20T11:10:03.801721+00:00,13009,558497,3950154,7
2026-09-20T11:10:03.834714+00:00,13010,558522,3950387,7
2026-09-20T11:10:03.865952+00:00,13011,558547,3950026,7
2026-09-20T11:10:03.881970+00:00,13012,558572,3949927,7
2026-09-20T11:10:03.913942+00:00,13013,558598,3950076,7
2026-09-20T11:10:03.929954+00:00,13014,558623,3949680,7
2026-09-20T11:10:03.961995+00:00,13015,558648,3949739,7
2026-09-20T11:10:03.977930+00:00,13016,558673,3950425,7
2026-09-20T11:10:04.009942+00:00,13017,558698,3950653,7
2026-09-20T11:10:04.041951+00:00,13018,558723,3950593,7
2026-09-20T11:10:04.058974+00:00,13019,558749,3950435,7
2026-09-20T11:10:04.089929+00:00,13020,558774,3949933,7
2026-09-20T11:10:04.105904+00:00,13021,558799,3949717,7
2026-09-20T11:10:04.138711+00:00,13022,558824,3950055,7
2026-09-20T11:10:04.169937+00:00,13023,558849,3950698,7
2026-09-20T11:10:04.185955+00:00,13024,558875,3950747,7
2026-09-20T11:10:04.217645+00:00,13025,558900,3950586,7
2026-09-20T11:10:04.233943+00:00,13026,558925,3950104,7
2026-09-20T11:10:04.265934+00:00,13027,558950,3950108,7
2026-09-20T11:10:04.281946+00:00,13028,558975,3950458,7
2026-09-20T11:10:04.313929+00:00,13029,559001,3950738,7
2026-09-20T11:10:04.345956+00:00,13030,559026,3949978,7
2026-09-20T11:10:04.363189+00:00,13031,559051,3949402,7
2026-09-20T11:10:04.393947+00:00,13032,559076,3950067,7
2026-09-20T11:10:04.410305+00:00,13033,559101,3950436,7
2026-09-20T11:10:04.441932+00:00,13034,559126,3949855,7
2026-09-20T11:10:04.457954+00:00,13035,559152,3950073,7
2026-09-20T11:10:04.489940+00:00,13036,559177,3950136,7
2026-09-20T11:10:04.523435+00:00,13037,559202,3949917,7
2026-09-20T11:10:04.542436+00:00,13038,559227,3949757,7
2026-09-20T11:10:04.569934+00:00,13039,559252,3949868,7
2026-09-20T11:10:04.585925+00:00,13040,559278,3950013,7
2026-09-20T11:10:04.617929+00:00,13041,559303,3949942,7
2026-09-20T11:10:04.633888+00:00,13042,559328,3949621,7
2026-09-20T11:10:04.665935+00:00,13043,559353,3949877,7
2026-09-20T11:10:04.697846+00:00,13044,559378,3950150,7
2026-09-20T11:10:04.714353+00:00,13045,559404,3949992,7
2026-09-20T11:10:04.747351+00:00,13046,559429,3950425,7
2026-09-20T11:10:04.762352+00:00,13047,559454,3950365,7
2026-09-20T11:10:04.794354+00:00,13048,559479,3949789,7
2026-09-20T11:10:04.811353+00:00,13049,559504,3949475,7
2026-09-20T11:10:04.842353+00:00,13050,559529,3950185,7
2026-09-20T11:10:04.873949+00:00,13051,559555,3950203,7
2026-09-20T11:10:04.890702+00:00,13052,559580,3950108,7
2026-09-20T11:10:04.922036+00:00,13053,559605,3950491,7
2026-09-20T11:10:04.938699+00:00,13054,559630,3950277,7
2026-09-20T11:10:04.969938+00:00,13055,559655,3949995,7
2026-09-20T11:10:04.985926+00:00,13056,559681,3949988,7
2026-09-20T11:10:05.017941+00:00,13057,559706,3949906,7
2026-09-20T11:10:05.049926+00:00,13058,559731,3950203,7
2026-09-20T11:10:05.065928+00:00,13059,559756,3950688,7
2026-09-20T11:10:05.097927+00:00,13060,559781,3950166,7
2026-09-20T11:10:05.113915+00:00,13061,559807,3950198,7
2026-09-20T11:10:05.145916+00:00,13062,559832,3950471,7
2026-09-20T11:10:05.162653+00:00,13063,559857,3949980,7
2026-09-20T11:10:05.193919+00:00,13064,559882,3950196,7
2026-09-20T11:10:05.225892+00:00,13065,559907,3949887,7
2026-09-20T11:10:05.241943+00:00,13066,559932,3949727,7
2026-09-20T11:10:05.276078+00:00,13067,559958,3950187,7
2026-09-20T11:10:05.290670+00:00,13068,559983,3950122,7
2026-09-20T11:10:05.322975+00:00,13069,560008,3950353,7
2026-09-20T11:10:05.338540+00:00,13070,560033,3949732,7
2026-09-20T11:10:05.371815+00:00,13071,560058,3949938,7
2026-09-20T11:10:05.402977+00:00,13072,560084,3950158,7
2026-09-20T11:10:05.419068+00:00,13073,560109,3949676,7
2026-09-20T11:10:05.450763+00:00,13074,560134,3950007,7
2026-09-20T11:10:05.466977+00:00,13075,560159,3950074,7
2026-09-20T11:10:05.500096+00:00,13076,560184,3949613,7
2026-09-20T11:10:05.514938+00:00,13077,560209,3949901,7
2026-09-20T11:10:05.546949+00:00,13078,560235,3950064,7
2026-09-20T11:10:05.577908+00:00,13079,560260,3950406,7
2026-09-20T11:10:05.593910+00:00,13080,560285,3950390,7
2026-09-20T11:10:05.626577+00:00,13081,560310,3950150,7
2026-09-20T11:10:05.641898+00:00,13082,560335,3950275,7
2026-09-20T11:10:05.674365+00:00,13083,560361,3950055,7
2026-09-20T11:10:05.706782+00:00,13084,560386,3949836,7
2026-09-20T11:10:05.723795+00:00,13085,560411,3950594,7
2026-09-20T11:10:05.754784+00:00,13086,560436,3950827,7
2026-09-20T11:10:05.770783+00:00,13087,560461,3950183,7
2026-09-20T11:10:05.801917+00:00,13088,560487,3950147,7
2026-09-20T11:10:05.819784+00:00,13089,560512,3950333,7
2026-09-20T11:10:05.850798+00:00,13090,560537,3950477,7
2026-09-20T11:10:05.881809+00:00,13091,560562,3950979,7
2026-09-20T11:10:05.897897+00:00,13092,560587,3950481,7
2026-09-20T11:10:05.929912+00:00,13093,560612,3950154,7
2026-09-20T11:10:05.945895+00:00,13094,560638,3950521,7
2026-09-20T11:10:05.978333+00:00,13095,560663,3949844,7
2026-09-20T11:10:05.994921+00:00,13096,560688,3949176,7
2026-09-20T11:10:06.026303+00:00,13097,560713,3949948,7
2026-09-20T11:10:06.058819+00:00,13098,560738,3950063,7
2026-09-20T11:10:06.075461+00:00,13099,560764,3949562,7
2026-09-20T11:10:06.106733+00:00,13100,560789,3949800,7
2026-09-20T11:10:06.122720+00:00,13101,560814,3949660,7
2026-09-20T11:10:06.153914+00:00,13102,560839,3950259,7
2026-09-20T11:10:06.169950+00:00,13103,560864,3950758,7
2026-09-20T11:10:06.201891+00:00,13104,560890,3950682,7
2026-09-20T11:10:06.233657+00:00,13105,560915,3950763,7
2026-09-20T11:10:06.249902+00:00,13106,560940,3951209,7
2026-09-20T11:10:06.281908+00:00,13107,560965,3951620,7
2026-09-20T11:10:06.299165+00:00,13108,560990,3951440,7
2026-09-20T11:10:06.330933+00:00,13109,561015,3951432,7
2026-09-20T11:10:06.345889+00:00,13110,561041,3951634,7
2026-09-20T11:10:06.378939+00:00,13111,561066,3951372,7
2026-09-20T11:10:06.409904+00:00,13112,561091,3950754,7
2026-09-20T11:10:06.426906+00:00,13113,561116,3950502,7
2026-09-20T11:10:06.458372+00:00,13114,561141,3950313,7
2026-09-20T11:10:06.473888+00:00,13115,561167,3951069,7
2026-09-20T11:10:06.506796+00:00,13116,561192,3950832,7
2026-09-20T11:10:06.522058+00:00,13117,561217,3950369,7
2026-09-20T11:10:06.554796+00:00,13118,561242,3951407,7
2026-09-20T11:10:06.586541+00:00,13119,561267,3951251,7
2026-09-20T11:10:06.603106+00:00,13120,561293,3951666,7
2026-09-20T11:10:06.635124+00:00,13121,561318,3952110,7
2026-09-20T11:10:06.650520+00:00,13122,561343,3952127,7
2026-09-20T11:10:06.681951+00:00,13123,561368,3951801,7
2026-09-20T11:10:06.698787+00:00,13124,561393,3951982,7
2026-09-20T11:10:06.730787+00:00,13125,561419,3952465,7
2026-09-20T11:10:06.762807+00:00,13126,561444,3952483,7
2026-09-20T11:10:06.777878+00:00,13127,561469,3953060,7
2026-09-20T11:10:06.809877+00:00,13128,561494,3953666,7
2026-09-20T11:10:06.826803+00:00,13129,561519,3953361,7
2026-09-20T11:10:06.857818+00:00,13130,561544,3953151,7
2026-09-20T11:10:06.873791+00:00,13131,561570,3953708,7
2026-09-20T11:10:06.905902+00:00,13132,561595,3953799,7
2026-09-20T11:10:06.938701+00:00,13133,561620,3953113,7
2026-09-20T11:10:06.953931+00:00,13134,561645,3953124,7
2026-09-20T11:10:06.986219+00:00,13135,561670,3953768,7
2026-09-20T11:10:07.001964+00:00,13136,561696,3954375,7
2026-09-20T11:10:07.034676+00:00,13137,561721,3954791,7
2026-09-20T11:10:07.065886+00:00,13138,561746,3953922,7
2026-09-20T11:10:07.081863+00:00,13139,561771,3953186,7
2026-09-20T11:10:07.113882+00:00,13140,561796,3952928,7
2026-09-20T11:10:07.130521+00:00,13141,561822,3953112,7
2026-09-20T11:10:07.161873+00:00,13142,561847,3953249,7
2026-09-20T11:10:07.177917+00:00,13143,561872,3952403,7
2026-09-20T11:10:07.209856+00:00,13144,561897,3952109,7
2026-09-20T11:10:07.241857+00:00,13145,561922,3952459,7
2026-09-20T11:10:07.258359+00:00,13146,561947,3953208,7
2026-09-20T11:10:07.290743+00:00,13147,561973,3953516,7
2026-09-20T11:10:07.306395+00:00,13148,561998,3953222,7
2026-09-20T11:10:07.337955+00:00,13149,562023,3953778,7
2026-09-20T11:10:07.355039+00:00,13150,562048,3953354,7
2026-09-20T11:10:07.386976+00:00,13151,562073,3952895,7
2026-09-20T11:10:07.417879+00:00,13152,562099,3953266,7
2026-09-20T11:10:07.435002+00:00,13153,562124,3953307,7
2026-09-20T11:10:07.466772+00:00,13154,562149,3952529,7
2026-09-20T11:10:07.481891+00:00,13155,562174,3951753,7
2026-09-20T11:10:07.513948+00:00,13156,562199,3951453,7
2026-09-20T11:10:07.531976+00:00,13157,562225,3951176,7
2026-09-20T11:10:07.562696+00:00,13158,562250,3950939,7
2026-09-20T11:10:07.593875+00:00,13159,562275,3951586,7
2026-09-20T11:10:07.609831+00:00,13160,562300,3952360,7
2026-09-20T11:10:07.642717+00:00,13161,562325,3952302,7
2026-09-20T11:10:07.658696+00:00,13162,562350,3951919,7
2026-09-20T11:10:07.693695+00:00,13163,562376,3951368,7
2026-09-20T11:10:07.705695+00:00,13164,562401,3951487,7
2026-09-20T11:10:07.740695+00:00,13165,562426,3953416,7
2026-09-20T11:10:07.771695+00:00,13166,562451,3956120,7
2026-09-20T11:10:07.786695+00:00,13167,562476,3957574,7
2026-09-20T11:10:07.818732+00:00,13168,562502,3959081,7
2026-09-20T11:10:07.833701+00:00,13169,562527,3962243,7
2026-09-20T11:10:07.866695+00:00,13170,562552,3966373,7
2026-09-20T11:10:07.882698+00:00,13171,562577,3970166,7
2026-09-20T11:10:07.913713+00:00,13172,562602,3974695,7
2026-09-20T11:10:07.947694+00:00,13173,562628,3982146,7
2026-09-20T11:10:07.963696+00:00,13174,562653,3991188,7
2026-09-20T11:10:07.996696+00:00,13175,562678,4004010,7
2026-09-20T11:10:08.010697+00:00,13176,562703,4023081,7
2026-09-20T11:10:08.042696+00:00,13177,562728,4043900,7
2026-09-20T11:10:08.058692+00:00,13178,562753,4063934,7
2026-09-20T11:10:08.090694+00:00,13179,562779,4082560,7
2026-09-20T11:10:08.121694+00:00,13180,562804,4100913,7
2026-09-20T11:10:08.138694+00:00,13181,562829,4116195,7
2026-09-20T11:10:08.170694+00:00,13182,562854,4123873,7
2026-09-20T11:10:08.186697+00:00,13183,562879,4121902,7
2026-09-20T11:10:08.218698+00:00,13184,562905,4111806,7
2026-09-20T11:10:08.234706+00:00,13185,562930,4099346,7
2026-09-20T11:10:08.266694+00:00,13186,562955,4087849,7
2026-09-20T11:10:08.297856+00:00,13187,562980,4072893,7
2026-09-20T11:10:08.315694+00:00,13188,563005,4052625,7
2026-09-20T11:10:08.346696+00:00,13189,563031,4036762,7
2026-09-20T11:10:08.362694+00:00,13190,563056,4028810,7
2026-09-20T11:10:08.394722+00:00,13191,563081,4019182,7
2026-09-20T11:10:08.425693+00:00,13192,563106,4006893,7
2026-09-20T11:10:08.443753+00:00,13193,563131,4001375,7
2026-09-20T11:10:08.474843+00:00,13194,563157,3996506,7
2026-09-20T11:10:08.490695+00:00,13195,563182,3988527,7
2026-09-20T11:10:08.522696+00:00,13196,563207,3985689,7
2026-09-20T11:10:08.537694+00:00,13197,563232,3984885,7
2026-09-20T11:10:08.571726+00:00,13198,563257,3980664,7
2026-09-20T11:10:08.602711+00:00,13199,563282,3977062,7
2026-09-20T11:10:08.618737+00:00,13200,563308,3975817,7
2026-09-20T11:10:08.650694+00:00,13201,563333,3974304,7
2026-09-20T11:10:08.666694+00:00,13202,563358,3972392,7
2026-09-20T11:10:08.698694+00:00,13203,563383,3971884,7
2026-09-20T11:10:08.714721+00:00,13204,563408,3973013,7
2026-09-20T11:10:08.747699+00:00,13205,563434,3971707,7
2026-09-20T11:10:08.777725+00:00,13206,563459,3967960,7
2026-09-20T11:10:08.794763+00:00,13207,563484,3966136,7
2026-09-20T11:10:08.826726+00:00,13208,563509,3967345,7
2026-09-20T11:10:08.843698+00:00,13209,563534,3966554,7
2026-09-20T11:10:08.874696+00:00,13210,563560,3965887,7
2026-09-20T11:10:08.891694+00:00,13211,563585,3968071,7
2026-09-20T11:10:08.923700+00:00,13212,563610,3969013,7
2026-09-20T11:10:08.954695+00:00,13213,563635,3968451,7
2026-09-20T11:10:08.970696+00:00,13214,563660,3966900,7
2026-09-20T11:10:09.002696+00:00,13215,563686,3963352,7
2026-09-20T11:10:09.018694+00:00,13216,563711,3961290,7
2026-09-20T11:10:09.050695+00:00,13217,563736,3960131,7
2026-09-20T11:10:09.066695+00:00,13218,563761,3958296,7
2026-09-20T11:10:09.100695+00:00,13219,563786,3953202,7
2026-09-20T11:10:09.130697+00:00,13220,563811,3948372,7
2026-09-20T11:10:09.146696+00:00,13221,563837,3951110,7
2026-09-20T11:10:09.178733+00:00,13222,563862,3956172,7
2026-09-20T11:10:09.194721+00:00,13223,563887,3953670,7
2026-09-20T11:10:09.227699+00:00,13224,563912,3949729,7
2026-09-20T11:10:09.242694+00:00,13225,563937,3952443,7
2026-09-20T11:10:09.275694+00:00,13226,563963,3952408,7
2026-09-20T11:10:09.306694+00:00,13227,563988,3937416,7
2026-09-20T11:10:09.323694+00:00,13228,564013,3895912,7
2026-09-20T11:10:09.354698+00:00,13229,564038,3829206,7
2026-09-20T11:10:09.371713+00:00,13230,564063,3740132,7
2026-09-20T11:10:09.402708+00:00,13231,564089,3641376,7
2026-09-20T11:10:09.418697+00:00,13232,564114,3589635,7
2026-09-20T11:10:09.452930+00:00,13233,564139,3619372,7
2026-09-20T11:10:09.483718+00:00,13234,564164,3693186,7
2026-09-20T11:10:09.498693+00:00,13235,564189,3768648,7
2026-09-20T11:10:09.532719+00:00,13236,564214,3829566,7
2026-09-20T11:10:09.547695+00:00,13237,564240,3874197,7
2026-09-20T11:10:09.578813+00:00,13238,564265,3904534,7
2026-09-20T11:10:09.593837+00:00,13239,564290,3923925,7
2026-09-20T11:10:09.625699+00:00,13240,564315,3936147,7
2026-09-20T11:10:09.658694+00:00,13241,564340,3944548,7
2026-09-20T11:10:09.674707+00:00,13242,564366,3949652,7
2026-09-20T11:10:09.706694+00:00,13243,564391,3952899,7
2026-09-20T11:10:09.721695+00:00,13244,564416,3954774,7
2026-09-20T11:10:09.754694+00:00,13245,564441,3956682,7
2026-09-20T11:10:09.785808+00:00,13246,564466,3957583,7
2026-09-20T11:10:09.802695+00:00,13247,564492,3958861,7
2026-09-20T11:10:09.866698+00:00,13248,564549,3959395,7
2026-09-20T11:10:09.881694+00:00,13249,564567,3959808,7
2026-09-20T11:10:09.898720+00:00,13250,564592,3960684,7
2026-09-20T11:10:09.929790+00:00,13251,564618,3960946,7
2026-09-20T11:10:09.961693+00:00,13252,564643,3960816,7
2026-09-20T11:10:09.977693+00:00,13253,564668,3961117,7
2026-09-20T11:10:10.010775+00:00,13254,564693,3960829,7
2026-09-20T11:10:10.025800+00:00,13255,564718,3960958,7
2026-09-20T11:10:10.057837+00:00,13256,564743,3961678,7
2026-09-20T11:10:10.073837+00:00,13257,564769,3961543,7
2026-09-20T11:10:10.110321+00:00,13258,564794,3960997,7
2026-09-20T11:10:10.137685+00:00,13259,564819,3961001,7
2026-09-20T11:10:10.153694+00:00,13260,564844,3961543,7
2026-09-20T11:10:10.185784+00:00,13261,564869,3961317,7
2026-09-20T11:10:10.201798+00:00,13262,564895,3961460,7
2026-09-20T11:10:10.233794+00:00,13263,564920,3961720,7
2026-09-20T11:10:10.249789+00:00,13264,564945,3961693,7
2026-09-20T11:10:10.281831+00:00,13265,564970,3962005,7
2026-09-20T11:10:10.313777+00:00,13266,564995,3962147,7
2026-09-20T11:10:10.329812+00:00,13267,565021,3962336,7
2026-09-20T11:10:10.361782+00:00,13268,565046,3962005,7
2026-09-20T11:10:10.377707+00:00,13269,565071,3962012,7
2026-09-20T11:10:10.409785+00:00,13270,565096,3961843,7
2026-09-20T11:10:10.425769+00:00,13271,565121,3961944,7
2026-09-20T11:10:10.458709+00:00,13272,565146,3961915,7
2026-09-20T11:10:10.489921+00:00,13273,565172,3961563,7
2026-09-20T11:10:10.506391+00:00,13274,565197,3961677,7
2026-09-20T11:10:10.538734+00:00,13275,565222,3961728,7
2026-09-20T11:10:10.553778+00:00,13276,565247,3962161,7
2026-09-20T11:10:10.585778+00:00,13277,565272,3961983,7
2026-09-20T11:10:10.603027+00:00,13278,565298,3962123,7
2026-09-20T11:10:10.635063+00:00,13279,565323,3962200,7
2026-09-20T11:10:10.665771+00:00,13280,565348,3961892,7
2026-09-20T11:10:10.681773+00:00,13281,565373,3961552,7
2026-09-20T11:10:10.713715+00:00,13282,565398,3961525,7
2026-09-20T11:10:10.729833+00:00,13283,565423,3961268,7
2026-09-20T11:10:10.761770+00:00,13284,565449,3961035,7
2026-09-20T11:10:10.777804+00:00,13285,565474,3961588,7
2026-09-20T11:10:10.811744+00:00,13286,565499,3961845,7
2026-09-20T11:10:10.841687+00:00,13287,565524,3961928,7
2026-09-20T11:10:10.858688+00:00,13288,565549,3961659,7
2026-09-20T11:10:10.889632+00:00,13289,565575,3961752,7
2026-09-20T11:10:10.906485+00:00,13290,565600,3961448,7
2026-09-20T11:10:10.938735+00:00,13291,565625,3961372,7
2026-09-20T11:10:10.954776+00:00,13292,565650,3961649,7
2026-09-20T11:10:10.985772+00:00,13293,565675,3961874,7
2026-09-20T11:10:11.017780+00:00,13294,565701,3961780,7
2026-09-20T11:10:11.034795+00:00,13295,565726,3960886,7
2026-09-20T11:10:11.065764+00:00,13296,565751,3960822,7
2026-09-20T11:10:11.081767+00:00,13297,565776,3961512,7
2026-09-20T11:10:11.113757+00:00,13298,565801,3961247,7
2026-09-20T11:10:11.145774+00:00,13299,565827,3961499,7
2026-09-20T11:10:11.161757+00:00,13300,565852,3961545,7
2026-09-20T11:10:11.193759+00:00,13301,565877,3961905,7
2026-09-20T11:10:11.209758+00:00,13302,565902,3962060,7
2026-09-20T11:10:11.241756+00:00,13303,565927,3962279,7
2026-09-20T11:10:11.257765+00:00,13304,565952,3962287,7
2026-09-20T11:10:11.289735+00:00,13305,565978,3961658,7
2026-09-20T11:10:11.321764+00:00,13306,566003,3961406,7
2026-09-20T11:10:11.337697+00:00,13307,566028,3961109,7
2026-09-20T11:10:11.371835+00:00,13308,566053,3961227,7
2026-09-20T11:10:11.385780+00:00,13309,566078,3961319,7
2026-09-20T11:10:11.420905+00:00,13310,566104,3961057,7
2026-09-20T11:10:11.434877+00:00,13311,566129,3961143,7
2026-09-20T11:10:11.465872+00:00,13312,566154,3961383,7
2026-09-20T11:10:11.497568+00:00,13313,566179,3961447,7
2026-09-20T11:10:11.514576+00:00,13314,566204,3961542,7
2026-09-20T11:10:11.546709+00:00,13315,566230,3962066,7
2026-09-20T11:10:11.561731+00:00,13316,566255,3961762,7
2026-09-20T11:10:11.593758+00:00,13317,566280,3962081,7
2026-09-20T11:10:11.609744+00:00,13318,566305,3962382,7
2026-09-20T11:10:11.642587+00:00,13319,566330,3962543,7
2026-09-20T11:10:11.673565+00:00,13320,566355,3962473,7
2026-09-20T11:10:11.690565+00:00,13321,566381,3962093,7
2026-09-20T11:10:11.722566+00:00,13322,566406,3962036,7
2026-09-20T11:10:11.738565+00:00,13323,566431,3962166,7
2026-09-20T11:10:11.771567+00:00,13324,566456,3961944,7
2026-09-20T11:10:11.786567+00:00,13325,566481,3961832,7
2026-09-20T11:10:11.818566+00:00,13326,566507,3961753,7
2026-09-20T11:10:11.850566+00:00,13327,566532,3962087,7
2026-09-20T11:10:11.866567+00:00,13328,566557,3961864,7
2026-09-20T11:10:11.898568+00:00,13329,566582,3961739,7
2026-09-20T11:10:11.913777+00:00,13330,566607,3961706,7
2026-09-20T11:10:11.946568+00:00,13331,566633,3961982,7
2026-09-20T11:10:11.962576+00:00,13332,566658,3962415,7
2026-09-20T11:10:11.994661+00:00,13333,566683,3962427,7
2026-09-20T11:10:12.026567+00:00,13334,566708,3962615,7
2026-09-20T11:10:12.044566+00:00,13335,566733,3962291,7
2026-09-20T11:10:12.073568+00:00,13336,566759,3962491,7
2026-09-20T11:10:12.089569+00:00,13337,566784,3962726,7
2026-09-20T11:10:12.122566+00:00,13338,566809,3963090,7
2026-09-20T11:10:12.138566+00:00,13339,566834,3963435,7
2026-09-20T11:10:12.170575+00:00,13340,566859,3963231,7
2026-09-20T11:10:12.202564+00:00,13341,566884,3963072,7
2026-09-20T11:10:12.218587+00:00,13342,566910,3962746,7
2026-09-20T11:10:12.250627+00:00,13343,566935,3962692,7
2026-09-20T11:10:12.266566+00:00,13344,566960,3962412,7
2026-09-20T11:10:12.298564+00:00,13345,566985,3962179,7
2026-09-20T11:10:12.314657+00:00,13346,567010,3962046,7
2026-09-20T11:10:12.345573+00:00,13347,567036,3962231,7
2026-09-20T11:10:12.377566+00:00,13348,567061,3962368,7
2026-09-20T11:10:12.393565+00:00,13349,567086,3962171,7
2026-09-20T11:10:12.425719+00:00,13350,567111,3962259,7
2026-09-20T11:10:12.442565+00:00,13351,567136,3962325,7
2026-09-20T11:10:12.474596+00:00,13352,567161,3962445,7
2026-09-20T11:10:12.505574+00:00,13353,567187,3962516,7
2026-09-20T11:10:12.521580+00:00,13354,567212,3962932,7
2026-09-20T11:10:12.554564+00:00,13355,567237,3962833,7
2026-09-20T11:10:12.569743+00:00,13356,567262,3962677,7
2026-09-20T11:10:12.601732+00:00,13357,567287,3963103,7
2026-09-20T11:10:12.617717+00:00,13358,567313,3963299,7
2026-09-20T11:10:12.649725+00:00,13359,567338,3963064,7
2026-09-20T11:10:12.681727+00:00,13360,567363,3963189,7
2026-09-20T11:10:12.697721+00:00,13361,567388,3963309,7
2026-09-20T11:10:12.730377+00:00,13362,567413,3962957,7
2026-09-20T11:10:12.746377+00:00,13363,567439,3963611,7
2026-09-20T11:10:12.778388+00:00,13364,567464,3963826,7
2026-09-20T11:10:12.794377+00:00,13365,567489,3964072,7
2026-09-20T11:10:12.826400+00:00,13366,567514,3963737,7
2026-09-20T11:10:12.857376+00:00,13367,567539,3963712,7
2026-09-20T11:10:12.874839+00:00,13368,567564,3963765,7
2026-09-20T11:10:12.906413+00:00,13369,567590,3964487,7
2026-09-20T11:10:12.921600+00:00,13370,567615,3965267,7
2026-09-20T11:10:12.954742+00:00,13371,567640,3965677,7
2026-09-20T11:10:12.969773+00:00,13372,567665,3965701,7
2026-09-20T11:10:13.001746+00:00,13373,567690,3967345,7
2026-09-20T11:10:13.033711+00:00,13374,567716,3969628,7
2026-09-20T11:10:13.050781+00:00,13375,567741,3972376,7
2026-09-20T11:10:13.081717+00:00,13376,567766,3975643,7
2026-09-20T11:10:13.097715+00:00,13377,567791,3979010,7
2026-09-20T11:10:13.129706+00:00,13378,567816,3984769,7
2026-09-20T11:10:13.145700+00:00,13379,567842,3994157,7
2026-09-20T11:10:13.177749+00:00,13380,567867,4007675,7
2026-09-20T11:10:13.209739+00:00,13381,567892,4026380,7
2026-09-20T11:10:13.226729+00:00,13382,567917,4055645,7
2026-09-20T11:10:13.258398+00:00,13383,567942,4099007,7
2026-09-20T11:10:13.273735+00:00,13384,567967,4154898,7
2026-09-20T11:10:13.306398+00:00,13385,567993,4207029,7
2026-09-20T11:10:13.322595+00:00,13386,568018,4231355,7
2026-09-20T11:10:13.355736+00:00,13387,568043,4233412,7
2026-09-20T11:10:13.387786+00:00,13388,568068,4225855,7
2026-09-20T11:10:13.403804+00:00,13389,568093,4208698,7
2026-09-20T11:10:13.433706+00:00,13390,568119,4179019,7
2026-09-20T11:10:13.449713+00:00,13391,568144,4140885,7
2026-09-20T11:10:13.482791+00:00,13392,568169,4109346,7
2026-09-20T11:10:13.497732+00:00,13393,568194,4085142,7
2026-09-20T11:10:13.529703+00:00,13394,568219,4063048,7
2026-09-20T11:10:13.561392+00:00,13395,568244,4043032,7
2026-09-20T11:10:13.577692+00:00,13396,568270,4022772,7
2026-09-20T11:10:13.609688+00:00,13397,568295,4007523,7
2026-09-20T11:10:13.626106+00:00,13398,568320,3997674,7
2026-09-20T11:10:13.657762+00:00,13399,568345,3989248,7
2026-09-20T11:10:13.673701+00:00,13400,568370,3979002,7
2026-09-20T11:10:13.706433+00:00,13401,568396,3969795,7
2026-09-20T11:10:13.738429+00:00,13402,568421,3967025,7
2026-09-20T11:10:13.754428+00:00,13403,568446,3967471,7
2026-09-20T11:10:13.786428+00:00,13404,568471,3966241,7
2026-09-20T11:10:13.802429+00:00,13405,568496,3963335,7
2026-09-20T11:10:13.834430+00:00,13406,568522,3961730,7
2026-09-20T11:10:13.865696+00:00,13407,568547,3962511,7
2026-09-20T11:10:13.881682+00:00,13408,568572,3961487,7
2026-09-20T11:10:13.914489+00:00,13409,568597,3959915,7
2026-09-20T11:10:13.929679+00:00,13410,568622,3960930,7
2026-09-20T11:10:13.962511+00:00,13411,568647,3960657,7
2026-09-20T11:10:13.977727+00:00,13412,568673,3959033,7
2026-09-20T11:10:14.009678+00:00,13413,568698,3959054,7
2026-09-20T11:10:14.041688+00:00,13414,568723,3959866,7
2026-09-20T11:10:14.058738+00:00,13415,568748,3959331,7
2026-09-20T11:10:14.089720+00:00,13416,568773,3958871,7
2026-09-20T11:10:14.106388+00:00,13417,568799,3959111,7
2026-09-20T11:10:14.138708+00:00,13418,568824,3958149,7
2026-09-20T11:10:14.153679+00:00,13419,568849,3956729,7
2026-09-20T11:10:14.185728+00:00,13420,568874,3957527,7
2026-09-20T11:10:14.217683+00:00,13421,568899,3958223,7
2026-09-20T11:10:14.233685+00:00,13422,568925,3957553,7
2026-09-20T11:10:14.265698+00:00,13423,568950,3955842,7
2026-09-20T11:10:14.281698+00:00,13424,568975,3955088,7
2026-09-20T11:10:14.315788+00:00,13425,569000,3956186,7
2026-09-20T11:10:14.330912+00:00,13426,569025,3954068,7
2026-09-20T11:10:14.361691+00:00,13427,569050,3951079,7
2026-09-20T11:10:14.394718+00:00,13428,569076,3949293,7
2026-09-20T11:10:14.410508+00:00,13429,569101,3947991,7
2026-09-20T11:10:14.441701+00:00,13430,569126,3944585,7
2026-09-20T11:10:14.458651+00:00,13431,569151,3939778,7
2026-09-20T11:10:14.489674+00:00,13432,569176,3938155,7
2026-09-20T11:10:14.506394+00:00,13433,569202,3936443,7
2026-09-20T11:10:14.537668+00:00,13434,569227,3929949,7
2026-09-20T11:10:14.570382+00:00,13435,569252,3920289,7
2026-09-20T11:10:14.585691+00:00,13436,569277,3914373,7
2026-09-20T11:10:14.619977+00:00,13437,569302,3911237,7
2026-09-20T11:10:14.633732+00:00,13438,569328,3896246,7
2026-09-20T11:10:14.665680+00:00,13439,569353,3844246,7
2026-09-20T11:10:14.681670+00:00,13440,569378,3755496,7
2026-09-20T11:10:14.714725+00:00,13441,569403,3644503,7
2026-09-20T11:10:14.745698+00:00,13442,569428,3518150,7
2026-09-20T11:10:14.761695+00:00,13443,569454,3451963,7
2026-09-20T11:10:14.793694+00:00,13444,569479,3526423,7
2026-09-20T11:10:14.809694+00:00,13445,569504,3648100,7
2026-09-20T11:10:14.841696+00:00,13446,569529,3748156,7
2026-09-20T11:10:14.857783+00:00,13447,569554,3821004,7
2026-09-20T11:10:14.890021+00:00,13448,569579,3870227,7
2026-09-20T11:10:14.921860+00:00,13449,569605,3902262,7
2026-09-20T11:10:14.937656+00:00,13450,569630,3922798,7
2026-09-20T11:10:14.969686+00:00,13451,569655,3935174,7
2026-09-20T11:10:14.985676+00:00,13452,569680,3943163,7
2026-09-20T11:10:15.017695+00:00,13453,569705,3948268,7
2026-09-20T11:10:15.033674+00:00,13454,569731,3951303,7
2026-09-20T11:10:15.066694+00:00,13455,569756,3953264,7
2026-09-20T11:10:15.097655+00:00,13456,569781,3955316,7
2026-09-20T11:10:15.113676+00:00,13457,569806,3957269,7
2026-09-20T11:10:15.145658+00:00,13458,569831,3957640,7
2026-09-20T11:10:15.162264+00:00,13459,569856,3957945,7
2026-09-20T11:10:15.226905+00:00,13460,569912,3958534,7
2026-09-20T11:10:15.241670+00:00,13461,569932,3958943,7
2026-09-20T11:10:15.273674+00:00,13462,569957,3959019,7
2026-09-20T11:10:15.289670+00:00,13463,569982,3959102,7
2026-09-20T11:10:15.322494+00:00,13464,570008,3959647,7
2026-09-20T11:10:15.337595+00:00,13465,570033,3960072,7
2026-09-20T11:10:15.369742+00:00,13466,570058,3959971,7
2026-09-20T11:10:15.401667+00:00,13467,570083,3959684,7
2026-09-20T11:10:15.417660+00:00,13468,570108,3959669,7
2026-09-20T11:10:15.449637+00:00,13469,570134,3959672,7
2026-09-20T11:10:15.465532+00:00,13470,570159,3959867,7
2026-09-20T11:10:15.497712+00:00,13471,570184,3959911,7
2026-09-20T11:10:15.513647+00:00,13472,570209,3959801,7
2026-09-20T11:10:15.545753+00:00,13473,570234,3959942,7
2026-09-20T11:10:15.577651+00:00,13474,570259,3960268,7
2026-09-20T11:10:15.593645+00:00,13475,570285,3960774,7
2026-09-20T11:10:15.626188+00:00,13476,570310,3960428,7
2026-09-20T11:10:15.641735+00:00,13477,570335,3960370,7
2026-09-20T11:10:15.674708+00:00,13478,570360,3960439,7
2026-09-20T11:10:15.689642+00:00,13479,570385,3960533,7
2026-09-20T11:10:15.721950+00:00,13480,570411,3960391,7
2026-09-20T11:10:15.753995+00:00,13481,570436,3960459,7
2026-09-20T11:10:15.769983+00:00,13482,570461,3960386,7
2026-09-20T11:10:15.801951+00:00,13483,570486,3960798,7
2026-09-20T11:10:15.817950+00:00,13484,570511,3961021,7
2026-09-20T11:10:15.849959+00:00,13485,570536,3960560,7
2026-09-20T11:10:15.865626+00:00,13486,570562,3960574,7
2026-09-20T11:10:15.897642+00:00,13487,570587,3961143,7
2026-09-20T11:10:15.929646+00:00,13488,570612,3961223,7
2026-09-20T11:10:15.946282+00:00,13489,570637,3961218,7
2026-09-20T11:10:15.977681+00:00,13490,570662,3961177,7
2026-09-20T11:10:15.993537+00:00,13491,570688,3960820,7
2026-09-20T11:10:16.025640+00:00,13492,570713,3960916,7
2026-09-20T11:10:16.043267+00:00,13493,570738,3960896,7
2026-09-20T11:10:16.073639+00:00,13494,570763,3960525,7
2026-09-20T11:10:16.105484+00:00,13495,570788,3961075,7
2026-09-20T11:10:16.121651+00:00,13496,570814,3961058,7
2026-09-20T11:10:16.154440+00:00,13497,570839,3960976,7
2026-09-20T11:10:16.169640+00:00,13498,570864,3961369,7
2026-09-20T11:10:16.201646+00:00,13499,570889,3961535,7
2026-09-20T11:10:16.217646+00:00,13500,570914,3961038,7
2026-09-20T11:10:16.249424+00:00,13501,570939,3961243,7
2026-09-20T11:10:16.281638+00:00,13502,570965,3961302,7
2026-09-20T11:10:16.297650+00:00,13503,570990,3960847,7
2026-09-20T11:10:16.329649+00:00,13504,571015,3960713,7
2026-09-20T11:10:16.346115+00:00,13505,571040,3961010,7
2026-09-20T11:10:16.377644+00:00,13506,571065,3960858,7
2026-09-20T11:10:16.393874+00:00,13507,571091,3960938,7
2026-09-20T11:10:16.426092+00:00,13508,571116,3960743,7
2026-09-20T11:10:16.457657+00:00,13509,571141,3960494,7
2026-09-20T11:10:16.473640+00:00,13510,571166,3960469,7
2026-09-20T11:10:16.505643+00:00,13511,571191,3960558,7
2026-09-20T11:10:16.522626+00:00,13512,571217,3960425,7
2026-09-20T11:10:16.553654+00:00,13513,571242,3960200,7
2026-09-20T11:10:16.569646+00:00,13514,571267,3960325,7
2026-09-20T11:10:16.603694+00:00,13515,571292,3960101,7
2026-09-20T11:10:16.634869+00:00,13516,571317,3959982,7
2026-09-20T11:10:16.649636+00:00,13517,571343,3959942,7
2026-09-20T11:10:16.681627+00:00,13518,571368,3960300,7
2026-09-20T11:10:16.697631+00:00,13519,571393,3960490,7
2026-09-20T11:10:16.730395+00:00,13520,571418,3960911,7
2026-09-20T11:10:16.761532+00:00,13521,571443,3961002,7
2026-09-20T11:10:16.778394+00:00,13522,571468,3960608,7
2026-09-20T11:10:16.810396+00:00,13523,571494,3960513,7
2026-09-20T11:10:16.826402+00:00,13524,571519,3960430,7
2026-09-20T11:10:16.858396+00:00,13525,571544,3960553,7
2026-09-20T11:10:16.874072+00:00,13526,571569,3960386,7
2026-09-20T11:10:16.905610+00:00,13527,571594,3959766,7
2026-09-20T11:10:16.937606+00:00,13528,571620,3960058,7
2026-09-20T11:10:16.953612+00:00,13529,571645,3960088,7
2026-09-20T11:10:16.985657+00:00,13530,571670,3960138,7
2026-09-20T11:10:17.001655+00:00,13531,571695,3960373,7
2026-09-20T11:10:17.033690+00:00,13532,571720,3960210,7
2026-09-20T11:10:17.049603+00:00,13533,571746,3960138,7
2026-09-20T11:10:17.081617+00:00,13534,571771,3960085,7
2026-09-20T11:10:17.113576+00:00,13535,571796,3960530,7
2026-09-20T11:10:17.129610+00:00,13536,571821,3961000,7
2026-09-20T11:10:17.162391+00:00,13537,571846,3961543,7
2026-09-20T11:10:17.177607+00:00,13538,571871,3961972,7
2026-09-20T11:10:17.209610+00:00,13539,571897,3962068,7
2026-09-20T11:10:17.225598+00:00,13540,571922,3962372,7
2026-09-20T11:10:17.258323+00:00,13541,571947,3962965,7
2026-09-20T11:10:17.289322+00:00,13542,571972,3962637,7
2026-09-20T11:10:17.305339+00:00,13543,571997,3962325,7
2026-09-20T11:10:17.338994+00:00,13544,572023,3962587,7
2026-09-20T11:10:17.353993+00:00,13545,572048,3963108,7
2026-09-20T11:10:17.386039+00:00,13546,572073,3963019,7
2026-09-20T11:10:17.401995+00:00,13547,572098,3963187,7
2026-09-20T11:10:17.433994+00:00,13548,572123,3963878,7
2026-09-20T11:10:17.465991+00:00,13549,572149,3964209,7
2026-09-20T11:10:17.481993+00:00,13550,572174,3963938,7
2026-09-20T11:10:17.514024+00:00,13551,572199,3964450,7
2026-09-20T11:10:17.530006+00:00,13552,572224,3965650,7
2026-09-20T11:10:17.562010+00:00,13553,572249,3966300,7
2026-09-20T11:10:17.577993+00:00,13554,572274,3966167,7
2026-09-20T11:10:17.609993+00:00,13555,572300,3966737,7
2026-09-20T11:10:17.642837+00:00,13556,572325,3965907,7
2026-09-20T11:10:17.657603+00:00,13557,572350,3965124,7
2026-09-20T11:10:17.690569+00:00,13558,572375,3964618,7
2026-09-20T11:10:17.714295+00:00,13559,572400,3964619,7
2026-09-20T11:10:17.739302+00:00,13560,572426,3965548,7
2026-09-20T11:10:17.754296+00:00,13561,572451,3966865,7
2026-09-20T11:10:17.786316+00:00,13562,572476,3968070,7
2026-09-20T11:10:17.818296+00:00,13563,572501,3969625,7
2026-09-20T11:10:17.834294+00:00,13564,572526,3972371,7
2026-09-20T11:10:17.865593+00:00,13565,572552,3977373,7
2026-09-20T11:10:17.881587+00:00,13566,572577,3987996,7
2026-09-20T11:10:17.913593+00:00,13567,572602,4005876,7
2026-09-20T11:10:17.929585+00:00,13568,572627,4032315,7
2026-09-20T11:10:17.961583+00:00,13569,572652,4077627,7
2026-09-20T11:10:17.993593+00:00,13570,572677,4143809,7
2026-09-20T11:10:18.009582+00:00,13571,572703,4209849,7
2026-09-20T11:10:18.041593+00:00,13572,572728,4248708,7
2026-09-20T11:10:18.057587+00:00,13573,572753,4257118,7
2026-09-20T11:10:18.090755+00:00,13574,572778,4242225,7
2026-09-20T11:10:18.121452+00:00,13575,572803,4210296,7
2026-09-20T11:10:18.137588+00:00,13576,572829,4174759,7
2026-09-20T11:10:18.169592+00:00,13577,572854,4140619,7
2026-09-20T11:10:18.185579+00:00,13578,572879,4109033,7
2026-09-20T11:10:18.217590+00:00,13579,572904,4078562,7
2026-09-20T11:10:18.233578+00:00,13580,572929,4055191,7
2026-09-20T11:10:18.265587+00:00,13581,572955,4040814,7
2026-09-20T11:10:18.297598+00:00,13582,572980,4026482,7
2026-09-20T11:10:18.313565+00:00,13583,573005,4015609,7
2026-09-20T11:10:18.346604+00:00,13584,573030,4006944,7
2026-09-20T11:10:18.363762+00:00,13585,573055,3996939,7
2026-09-20T11:10:18.393575+00:00,13586,573081,3988556,7
2026-09-20T11:10:18.409577+00:00,13587,573106,3980557,7
2026-09-20T11:10:18.442826+00:00,13588,573131,3975586,7
2026-09-20T11:10:18.473326+00:00,13589,573156,3973854,7
2026-09-20T11:10:18.490367+00:00,13590,573181,3972023,7
2026-09-20T11:10:18.522028+00:00,13591,573206,3968757,7
2026-09-20T11:10:18.537543+00:00,13592,573232,3962566,7
2026-09-20T11:10:18.569592+00:00,13593,573257,3958878,7
2026-09-20T11:10:18.586647+00:00,13594,573282,3961002,7
2026-09-20T11:10:18.617455+00:00,13595,573307,3962885,7
2026-09-20T11:10:18.649381+00:00,13596,573332,3959823,7
2026-09-20T11:10:18.665653+00:00,13597,573358,3956113,7
2026-09-20T11:10:18.697574+00:00,13598,573383,3957238,7
2026-09-20T11:10:18.714611+00:00,13599,573408,3961315,7
2026-09-20T11:10:18.745597+00:00,13600,573433,3964420,7
2026-09-20T11:10:18.761596+00:00,13601,573458,3966036,7
2026-09-20T11:10:18.793597+00:00,13602,573484,3965193,7
2026-09-20T11:10:18.825597+00:00,13603,573509,3961988,7
2026-09-20T11:10:18.841597+00:00,13604,573534,3959982,7
2026-09-20T11:10:18.873566+00:00,13605,573559,3959438,7
2026-09-20T11:10:18.890595+00:00,13606,573584,3959631,7
2026-09-20T11:10:18.922145+00:00,13607,573609,3959626,7
2026-09-20T11:10:18.937597+00:00,13608,573635,3959127,7
2026-09-20T11:10:18.969582+00:00,13609,573660,3957588,7
2026-09-20T11:10:19.001448+00:00,13610,573685,3953830,7
2026-09-20T11:10:19.017554+00:00,13611,573710,3950472,7
2026-09-20T11:10:19.050779+00:00,13612,573735,3950269,7
2026-09-20T11:10:19.065565+00:00,13613,573761,3953349,7
2026-09-20T11:10:19.097487+00:00,13614,573786,3955346,7
2026-09-20T11:10:19.113579+00:00,13615,573811,3956490,7
2026-09-20T11:10:19.145520+00:00,13616,573836,3958444,7
2026-09-20T11:10:19.177566+00:00,13617,573861,3957189,7
2026-09-20T11:10:19.193551+00:00,13618,573887,3955263,7
2026-09-20T11:10:19.225825+00:00,13619,573912,3955519,7
2026-09-20T11:10:19.242052+00:00,13620,573937,3955762,7
2026-09-20T11:10:19.273567+00:00,13621,573962,3956771,7
2026-09-20T11:10:19.289556+00:00,13622,573987,3957209,7
2026-09-20T11:10:19.323633+00:00,13623,574012,3953354,7
2026-09-20T11:10:19.353560+00:00,13624,574038,3942765,7
2026-09-20T11:10:19.369351+00:00,13625,574063,3918486,7
2026-09-20T11:10:19.402612+00:00,13626,574088,3869868,7
2026-09-20T11:10:19.418716+00:00,13627,574113,3797650,7
2026-09-20T11:10:19.453650+00:00,13628,574138,3690083,7
2026-09-20T11:10:19.481556+00:00,13629,574164,3540695,7
2026-09-20T11:10:19.498708+00:00,13630,574189,3404597,7
2026-09-20T11:10:19.529541+00:00,13631,574214,3410023,7
2026-09-20T11:10:19.545544+00:00,13632,574239,3538314,7
2026-09-20T11:10:19.577553+00:00,13633,574264,3666526,7
2026-09-20T11:10:19.593553+00:00,13634,574290,3761825,7
2026-09-20T11:10:19.625554+00:00,13635,574315,3827477,7
2026-09-20T11:10:19.658434+00:00,13636,574340,3871583,7
2026-09-20T11:10:19.673594+00:00,13637,574365,3902227,7
2026-09-20T11:10:19.707443+00:00,13638,574390,3921510,7
2026-09-20T11:10:19.723432+00:00,13639,574415,3933572,7
2026-09-20T11:10:19.753555+00:00,13640,574441,3940877,7
2026-09-20T11:10:19.769433+00:00,13641,574466,3946404,7
2026-09-20T11:10:19.801431+00:00,13642,574491,3950546,7
2026-09-20T11:10:19.833438+00:00,13643,574516,3951901,7
2026-09-20T11:10:19.849437+00:00,13644,574541,3953007,7
2026-09-20T11:10:19.881538+00:00,13645,574567,3954398,7
2026-09-20T11:10:19.897558+00:00,13646,574592,3955057,7
2026-09-20T11:10:19.929537+00:00,13647,574617,3955756,7
2026-09-20T11:10:19.994014+00:00,13648,574677,3956435,7
2026-09-20T11:10:20.009511+00:00,13649,574693,3956638,7
2026-09-20T11:10:20.025537+00:00,13650,574718,3956763,7
2026-09-20T11:10:20.057543+00:00,13651,574743,3956931,7
2026-09-20T11:10:20.073535+00:00,13652,574768,3957478,7
2026-09-20T11:10:20.106398+00:00,13653,574793,3957870,7
2026-09-20T11:10:20.122076+00:00,13654,574818,3957859,7
2026-09-20T11:10:20.154539+00:00,13655,574844,3957707,7
2026-09-20T11:10:20.185545+00:00,13656,574869,3958005,7
2026-09-20T11:10:20.201539+00:00,13657,574894,3958059,7
2026-09-20T11:10:20.233542+00:00,13658,574919,3957797,7
2026-09-20T11:10:20.249541+00:00,13659,574944,3958139,7
2026-09-20T11:10:20.281409+00:00,13660,574970,3958337,7
2026-09-20T11:10:20.297535+00:00,13661,574995,3958311,7
2026-09-20T11:10:20.329532+00:00,13662,575020,3958484,7
2026-09-20T11:10:20.361487+00:00,13663,575045,3958317,7
2026-09-20T11:10:20.377532+00:00,13664,575070,3958804,7
2026-09-20T11:10:20.409537+00:00,13665,575096,3958547,7
2026-09-20T11:10:20.426226+00:00,13666,575121,3958740,7
2026-09-20T11:10:20.457552+00:00,13667,575146,3959257,7
2026-09-20T11:10:20.474733+00:00,13668,575171,3958771,7
2026-09-20T11:10:20.506887+00:00,13669,575196,3958597,7
2026-09-20T11:10:20.539558+00:00,13670,575221,3958961,7
2026-09-20T11:10:20.553529+00:00,13671,575247,3958902,7
2026-09-20T11:10:20.585530+00:00,13672,575272,3958537,7
2026-09-20T11:10:20.601534+00:00,13673,575297,3958627,7
2026-09-20T11:10:20.633522+00:00,13674,575322,3959007,7
2026-09-20T11:10:20.649548+00:00,13675,575347,3958769,7
2026-09-20T11:10:20.682771+00:00,13676,575373,3958658,7
2026-09-20T11:10:20.714496+00:00,13677,575398,3958916,7
2026-09-20T11:10:20.729493+00:00,13678,575423,3958954,7
2026-09-20T11:10:20.761526+00:00,13679,575448,3958874,7
2026-09-20T11:10:20.777537+00:00,13680,575473,3958489,7
2026-09-20T11:10:20.809526+00:00,13681,575499,3958691,7
2026-09-20T11:10:20.841492+00:00,13682,575524,3958949,7
2026-09-20T11:10:20.858500+00:00,13683,575549,3958727,7
2026-09-20T11:10:20.889730+00:00,13684,575574,3958325,7
2026-09-20T11:10:20.905395+00:00,13685,575599,3958749,7
2026-09-20T11:10:20.938359+00:00,13686,575624,3958277,7
2026-09-20T11:10:20.953539+00:00,13687,575650,3958876,7
2026-09-20T11:10:20.985514+00:00,13688,575675,3959306,7
2026-09-20T11:10:21.017530+00:00,13689,575700,3959029,7
2026-09-20T11:10:21.033508+00:00,13690,575725,3958699,7
2026-09-20T11:10:21.065513+00:00,13691,575750,3958924,7
2026-09-20T11:10:21.081453+00:00,13692,575776,3958846,7
2026-09-20T11:10:21.113176+00:00,13693,575801,3958833,7
2026-09-20T11:10:21.129465+00:00,13694,575826,3958714,7
2026-09-20T11:10:21.161515+00:00,13695,575851,3958923,7
2026-09-20T11:10:21.193508+00:00,13696,575876,3958761,7
2026-09-20T11:10:21.209490+00:00,13697,575902,3958931,7
2026-09-20T11:10:21.241547+00:00,13698,575927,3958546,7
2026-09-20T11:10:21.257394+00:00,13699,575952,3958280,7
2026-09-20T11:10:21.289483+00:00,13700,575977,3958595,7
2026-09-20T11:10:21.305417+00:00,13701,576002,3958739,7
2026-09-20T11:10:21.337584+00:00,13702,576027,3959138,7
2026-09-20T11:10:21.369502+00:00,13703,576053,3959013,7
2026-09-20T11:10:21.385496+00:00,13704,576078,3958979,7
2026-09-20T11:10:21.419683+00:00,13705,576103,3959151,7
2026-09-20T11:10:21.433514+00:00,13706,576128,3958221,7
2026-09-20T11:10:21.467997+00:00,13707,576153,3958250,7
2026-09-20T11:10:21.482659+00:00,13708,576179,3958649,7
2026-09-20T11:10:21.513496+00:00,13709,576204,3958712,7
2026-09-20T11:10:21.545501+00:00,13710,576229,3959167,7
2026-09-20T11:10:21.561497+00:00,13711,576254,3958893,7
2026-09-20T11:10:21.593512+00:00,13712,576279,3958872,7
2026-09-20T11:10:21.609485+00:00,13713,576305,3958886,7
2026-09-20T11:10:21.641497+00:00,13714,576330,3959216,7
2026-09-20T11:10:21.657494+00:00,13715,576355,3958686,7
2026-09-20T11:10:21.689986+00:00,13716,576380,3958570,7
2026-09-20T11:10:21.722464+00:00,13717,576405,3959002,7
2026-09-20T11:10:21.738463+00:00,13718,576430,3958822,7
2026-09-20T11:10:21.769502+00:00,13719,576456,3958400,7
2026-09-20T11:10:21.785462+00:00,13720,576481,3958961,7
2026-09-20T11:10:21.817466+00:00,13721,576506,3959226,7
2026-09-20T11:10:21.833462+00:00,13722,576531,3959155,7
2026-09-20T11:10:21.865495+00:00,13723,576556,3958925,7
2026-09-20T11:10:21.897501+00:00,13724,576582,3959026,7
2026-09-20T11:10:21.913467+00:00,13725,576607,3959359,7
2026-09-20T11:10:21.945484+00:00,13726,576632,3959239,7
2026-09-20T11:10:21.961393+00:00,13727,576657,3958896,7
2026-09-20T11:10:21.993493+00:00,13728,576682,3958938,7
2026-09-20T11:10:22.009489+00:00,13729,576707,3959031,7
2026-09-20T11:10:22.041486+00:00,13730,576733,3959413,7
2026-09-20T11:10:22.073437+00:00,13731,576758,3959521,7
2026-09-20T11:10:22.089489+00:00,13732,576783,3959596,7
2026-09-20T11:10:22.121474+00:00,13733,576808,3959878,7
2026-09-20T11:10:22.137536+00:00,13734,576833,3959708,7
2026-09-20T11:10:22.169489+00:00,13735,576859,3960438,7
2026-09-20T11:10:22.185490+00:00,13736,576884,3960057,7
2026-09-20T11:10:22.217483+00:00,13737,576909,3960277,7
2026-09-20T11:10:22.250223+00:00,13738,576934,3961021,7
2026-09-20T11:10:22.265488+00:00,13739,576959,3961365,7
2026-09-20T11:10:22.297474+00:00,13740,576984,3960922,7
2026-09-20T11:10:22.313478+00:00,13741,577010,3960364,7
2026-09-20T11:10:22.345473+00:00,13742,577035,3960715,7
2026-09-20T11:10:22.377484+00:00,13743,577060,3961089,7
2026-09-20T11:10:22.393473+00:00,13744,577085,3961735,7
2026-09-20T11:10:22.432036+00:00,13745,577110,3962135,7
2026-09-20T11:10:22.442047+00:00,13746,577136,3962351,7
2026-09-20T11:10:22.476120+00:00,13747,577161,3962091,7
2026-09-20T11:10:22.490212+00:00,13748,577186,3962332,7
2026-09-20T11:10:22.523386+00:00,13749,577211,3962684,7
2026-09-20T11:10:22.553459+00:00,13750,577236,3963095,7
2026-09-20T11:10:22.570314+00:00,13751,577261,3963266,7
2026-09-20T11:10:22.601488+00:00,13752,577287,3962946,7
2026-09-20T11:10:22.619721+00:00,13753,577312,3963060,7
2026-09-20T11:10:22.649464+00:00,13754,577337,3963273,7
2026-09-20T11:10:22.665468+00:00,13755,577362,3963115,7
2026-09-20T11:10:22.698495+00:00,13756,577387,3963253,7
2026-09-20T11:10:22.729491+00:00,13757,577413,3963276,7
2026-09-20T11:10:22.745492+00:00,13758,577438,3963387,7
2026-09-20T11:10:22.777492+00:00,13759,577463,3963837,7
2026-09-20T11:10:22.794494+00:00,13760,577488,3964520,7
2026-09-20T11:10:22.825492+00:00,13761,577513,3963638,7
2026-09-20T11:10:22.842661+00:00,13762,577538,3963109,7
2026-09-20T11:10:22.875498+00:00,13763,577564,3963518,7
2026-09-20T11:10:22.905460+00:00,13764,577589,3963726,7
2026-09-20T11:10:22.921556+00:00,13765,577614,3962991,7
2026-09-20T11:10:22.953457+00:00,13766,577639,3962574,7
2026-09-20T11:10:22.969458+00:00,13767,577664,3962723,7
2026-09-20T11:10:22.994593+00:00,13768,577690,3964894,7
2026-09-20T11:10:23.010315+00:00,13769,577715,3966457,7
2026-09-20T11:10:23.041962+00:00,13770,577740,3968627,7
2026-09-20T11:10:23.081473+00:00,13771,577765,3974247,7
2026-09-20T11:10:23.097466+00:00,13772,577790,3989432,7
2026-09-20T11:10:23.129468+00:00,13773,577815,4016737,7
2026-09-20T11:10:23.145465+00:00,13774,577841,4054298,7
2026-09-20T11:10:23.177463+00:00,13775,577866,4106345,7
2026-09-20T11:10:23.193523+00:00,13776,577891,4170835,7
2026-09-20T11:10:23.225450+00:00,13777,577916,4228131,7
2026-09-20T11:10:23.257441+00:00,13778,577941,4257130,7
2026-09-20T11:10:23.273463+00:00,13779,577967,4251441,7
2026-09-20T11:10:23.305946+00:00,13780,577992,4229140,7
2026-09-20T11:10:23.322248+00:00,13781,578017,4199502,7
2026-09-20T11:10:23.354502+00:00,13782,578042,4161168,7
2026-09-20T11:10:23.369455+00:00,13783,578067,4119651,7
2026-09-20T11:10:23.402495+00:00,13784,578092,4085871,7
2026-09-20T11:10:23.433462+00:00,13785,578118,4057373,7
2026-09-20T11:10:23.449445+00:00,13786,578143,4031403,7
2026-09-20T11:10:23.482505+00:00,13787,578168,4011345,7
2026-09-20T11:10:23.499572+00:00,13788,578193,3997186,7
2026-09-20T11:10:23.530516+00:00,13789,578218,3986647,7
2026-09-20T11:10:23.545443+00:00,13790,578244,3980397,7
2026-09-20T11:10:23.578333+00:00,13791,578269,3975120,7
2026-09-20T11:10:23.609454+00:00,13792,578294,3968512,7
2026-09-20T11:10:23.625437+00:00,13793,578319,3964748,7
2026-09-20T11:10:23.657449+00:00,13794,578344,3964066,7
2026-09-20T11:10:23.676143+00:00,13795,578369,3961919,7
2026-09-20T11:10:23.706339+00:00,13796,578395,3959886,7
2026-09-20T11:10:23.722340+00:00,13797,578420,3957750,7
2026-09-20T11:10:23.754339+00:00,13798,578445,3955828,7
2026-09-20T11:10:23.785337+00:00,13799,578470,3956694,7
2026-09-20T11:10:23.801360+00:00,13800,578495,3959285,7
2026-09-20T11:10:23.833338+00:00,13801,578521,3959165,7
2026-09-20T11:10:23.850384+00:00,13802,578546,3957845,7
2026-09-20T11:10:23.881431+00:00,13803,578571,3955718,7
2026-09-20T11:10:23.913401+00:00,13804,578596,3952534,7
2026-09-20T11:10:23.929669+00:00,13805,578621,3949623,7
2026-09-20T11:10:23.961425+00:00,13806,578646,3947984,7
2026-09-20T11:10:23.977429+00:00,13807,578672,3948132,7
2026-09-20T11:10:24.009419+00:00,13808,578697,3949124,7
2026-09-20T11:10:24.025420+00:00,13809,578722,3946303,7
2026-09-20T11:10:24.057627+00:00,13810,578747,3943519,7
2026-09-20T11:10:24.089749+00:00,13811,578772,3942958,7
2026-09-20T11:10:24.105420+00:00,13812,578798,3941512,7
2026-09-20T11:10:24.137411+00:00,13813,578823,3933297,7
2026-09-20T11:10:24.154280+00:00,13814,578848,3924342,7
2026-09-20T11:10:24.185428+00:00,13815,578873,3921143,7
2026-09-20T11:10:24.201424+00:00,13816,578898,3913134,7
2026-09-20T11:10:24.233424+00:00,13817,578923,3865395,7
2026-09-20T11:10:24.265346+00:00,13818,578949,3747053,7
2026-09-20T11:10:24.281426+00:00,13819,578974,3576273,7
2026-09-20T11:10:24.313440+00:00,13820,578999,3436077,7
2026-09-20T11:10:24.329424+00:00,13821,579024,3445522,7
2026-09-20T11:10:24.361417+00:00,13822,579049,3565213,7
2026-09-20T11:10:24.377425+00:00,13823,579075,3686344,7
2026-09-20T11:10:24.409415+00:00,13824,579100,3778109,7
2026-09-20T11:10:24.441447+00:00,13825,579125,3840433,7
2026-09-20T11:10:24.458424+00:00,13826,579150,3881142,7
2026-09-20T11:10:24.492201+00:00,13827,579175,3908078,7
2026-09-20T11:10:24.507190+00:00,13828,579200,3926185,7
2026-09-20T11:10:24.539271+00:00,13829,579226,3938218,7
2026-09-20T11:10:24.554453+00:00,13830,579251,3944796,7
2026-09-20T11:10:24.589662+00:00,13831,579276,3948497,7
2026-09-20T11:10:24.617683+00:00,13832,579301,3951660,7
2026-09-20T11:10:24.633413+00:00,13833,579326,3953668,7
2026-09-20T11:10:24.665431+00:00,13834,579352,3954677,7
2026-09-20T11:10:24.681420+00:00,13835,579377,3955607,7
2026-09-20T11:10:24.713413+00:00,13836,579402,3956540,7
2026-09-20T11:10:24.762408+00:00,13837,579458,3956847,7
2026-09-20T11:10:24.793407+00:00,13838,579477,3957521,7
2026-09-20T11:10:24.809439+00:00,13839,579503,3957618,7
2026-09-20T11:10:24.841419+00:00,13840,579528,3958475,7
2026-09-20T11:10:24.857418+00:00,13841,579553,3958627,7
2026-09-20T11:10:24.890410+00:00,13842,579578,3958198,7
2026-09-20T11:10:24.906410+00:00,13843,579603,3958514,7
2026-09-20T11:10:24.938409+00:00,13844,579629,3958647,7
2026-09-20T11:10:24.969416+00:00,13845,579654,3958896,7
2026-09-20T11:10:24.985458+00:00,13846,579679,3958747,7
2026-09-20T11:10:25.017433+00:00,13847,579704,3959101,7
2026-09-20T11:10:25.033416+00:00,13848,579729,3959203,7
2026-09-20T11:10:25.066424+00:00,13849,579754,3959167,7
2026-09-20T11:10:25.081424+00:00,13850,579780,3959222,7
2026-09-20T11:10:25.113964+00:00,13851,579805,3959539,7
2026-09-20T11:10:25.145921+00:00,13852,579830,3959309,7
2026-09-20T11:10:25.163895+00:00,13853,579855,3959128,7
2026-09-20T11:10:25.193895+00:00,13854,579880,3959244,7
2026-09-20T11:10:25.209895+00:00,13855,579906,3959566,7
2026-09-20T11:10:25.241894+00:00,13856,579931,3959778,7
2026-09-20T11:10:25.257897+00:00,13857,579956,3959852,7
2026-09-20T11:10:25.289895+00:00,13858,579981,3959526,7
2026-09-20T11:10:25.321899+00:00,13859,580006,3959639,7
2026-09-20T11:10:25.337900+00:00,13860,580031,3959514,7
2026-09-20T11:10:25.369897+00:00,13861,580057,3959396,7
2026-09-20T11:10:25.385895+00:00,13862,580082,3959293,7
2026-09-20T11:10:25.417894+00:00,13863,580107,3959432,7
2026-09-20T11:10:25.434898+00:00,13864,580132,3959151,7
2026-09-20T11:10:25.465894+00:00,13865,580157,3959107,7
2026-09-20T11:10:25.497894+00:00,13866,580183,3959128,7
2026-09-20T11:10:25.513894+00:00,13867,580208,3959811,7
2026-09-20T11:10:25.545903+00:00,13868,580233,3960134,7
2026-09-20T11:10:25.561894+00:00,13869,580258,3959838,7
2026-09-20T11:10:25.593898+00:00,13870,580283,3959601,7
2026-09-20T11:10:25.625896+00:00,13871,580308,3960022,7
2026-09-20T11:10:25.641897+00:00,13872,580334,3959699,7
2026-09-20T11:10:25.673895+00:00,13873,580359,3959644,7
2026-09-20T11:10:25.689894+00:00,13874,580384,3959724,7
2026-09-20T11:10:25.721901+00:00,13875,580409,3959738,7
2026-09-20T11:10:25.737895+00:00,13876,580434,3959538,7
2026-09-20T11:10:25.769896+00:00,13877,580460,3959555,7
2026-09-20T11:10:25.800895+00:00,13878,580485,3959278,7
2026-09-20T11:10:25.817897+00:00,13879,580510,3959284,7
2026-09-20T11:10:25.849894+00:00,13880,580535,3959727,7
2026-09-20T11:10:25.865894+00:00,13881,580560,3959775,7
2026-09-20T11:10:25.897897+00:00,13882,580585,3959705,7
2026-09-20T11:10:25.913896+00:00,13883,580611,3960092,7
2026-09-20T11:10:25.945973+00:00,13884,580636,3960235,7
2026-09-20T11:10:25.976994+00:00,13885,580661,3959498,7
2026-09-20T11:10:25.994109+00:00,13886,580686,3959484,7
2026-09-20T11:10:26.026002+00:00,13887,580711,3959725,7
2026-09-20T11:10:26.042093+00:00,13888,580736,3959528,7
2026-09-20T11:10:26.074090+00:00,13889,580762,3959847,7
2026-09-20T11:10:26.089995+00:00,13890,580787,3959664,7
2026-09-20T11:10:26.121995+00:00,13891,580812,3959448,7
2026-09-20T11:10:26.153204+00:00,13892,580837,3959595,7
2026-09-20T11:10:26.170033+00:00,13893,580862,3959961,7
2026-09-20T11:10:26.202093+00:00,13894,580888,3959947,7
2026-09-20T11:10:26.217994+00:00,13895,580913,3959852,7
2026-09-20T11:10:26.249994+00:00,13896,580938,3959782,7
2026-09-20T11:10:26.265995+00:00,13897,580963,3959896,7
2026-09-20T11:10:26.297994+00:00,13898,580988,3960245,7
2026-09-20T11:10:26.329245+00:00,13899,581013,3959823,7
2026-09-20T11:10:26.345994+00:00,13900,581039,3959737,7
2026-09-20T11:10:26.378097+00:00,13901,581064,3959895,7
2026-09-20T11:10:26.394099+00:00,13902,581089,3959949,7
2026-09-20T11:10:26.426099+00:00,13903,581114,3959648,7
2026-09-20T11:10:26.442066+00:00,13904,581139,3959520,7
2026-09-20T11:10:26.474015+00:00,13905,581165,3959190,7
2026-09-20T11:10:26.505065+00:00,13906,581190,3959381,7
2026-09-20T11:10:26.521995+00:00,13907,581215,3959434,7
2026-09-20T11:10:26.553917+00:00,13908,581240,3959662,7
2026-09-20T11:10:26.569943+00:00,13909,581265,3959793,7
2026-09-20T11:10:26.601957+00:00,13910,581290,3959670,7
2026-09-20T11:10:26.617867+00:00,13911,581316,3959548,7
2026-09-20T11:10:26.649940+00:00,13912,581341,3959754,7
2026-09-20T11:10:26.681865+00:00,13913,581366,3959915,7
2026-09-20T11:10:26.697867+00:00,13914,581391,3960267,7
2026-09-20T11:10:26.729867+00:00,13915,581416,3960115,7
2026-09-20T11:10:26.745867+00:00,13916,581442,3959709,7
2026-09-20T11:10:26.777866+00:00,13917,581467,3959623,7
2026-09-20T11:10:26.793867+00:00,13918,581492,3959915,7
2026-09-20T11:10:26.825867+00:00,13919,581517,3959719,7
2026-09-20T11:10:26.857867+00:00,13920,581542,3959567,7
2026-09-20T11:10:26.873868+00:00,13921,581567,3959380,7
2026-09-20T11:10:26.905867+00:00,13922,581593,3958973,7
2026-09-20T11:10:26.922869+00:00,13923,581618,3958957,7
2026-09-20T11:10:26.950013+00:00,13924,581643,3959206,7
2026-09-20T11:10:26.969699+00:00,13925,581668,3958697,7
2026-09-20T11:10:26.987211+00:00,13926,581693,3958800,7
2026-09-20T11:10:27.033367+00:00,13927,581719,3959253,7
2026-09-20T11:10:27.049359+00:00,13928,581744,3959187,7
2026-09-20T11:10:27.081251+00:00,13929,581769,3958901,7
2026-09-20T11:10:27.097251+00:00,13930,581794,3959155,7
2026-09-20T11:10:27.129354+00:00,13931,581819,3958891,7
2026-09-20T11:10:27.145349+00:00,13932,581844,3959741,7
2026-09-20T11:10:27.177350+00:00,13933,581870,3960594,7
2026-09-20T11:10:27.209331+00:00,13934,581895,3960205,7
2026-09-20T11:10:27.225353+00:00,13935,581920,3959692,7
2026-09-20T11:10:27.257253+00:00,13936,581945,3959463,7
2026-09-20T11:10:27.273283+00:00,13937,581970,3959819,7
2026-09-20T11:10:27.305254+00:00,13938,581996,3960521,7
2026-09-20T11:10:27.337251+00:00,13939,582021,3960365,7
2026-09-20T11:10:27.353356+00:00,13940,582046,3959769,7
2026-09-20T11:10:27.385378+00:00,13941,582071,3959151,7
2026-09-20T11:10:27.401252+00:00,13942,582096,3959191,7
2026-09-20T11:10:27.433343+00:00,13943,582121,3959838,7
2026-09-20T11:10:27.449252+00:00,13944,582147,3959885,7
2026-09-20T11:10:27.481324+00:00,13945,582172,3959884,7
2026-09-20T11:10:27.513253+00:00,13946,582197,3959953,7
2026-09-20T11:10:27.529351+00:00,13947,582222,3959560,7
2026-09-20T11:10:27.561340+00:00,13948,582247,3959481,7
2026-09-20T11:10:27.577279+00:00,13949,582273,3959913,7
2026-09-20T11:10:27.609366+00:00,13950,582298,3960242,7
2026-09-20T11:10:27.625342+00:00,13951,582323,3960306,7
2026-09-20T11:10:27.657340+00:00,13952,582348,3960466,7
2026-09-20T11:10:27.689253+00:00,13953,582373,3960822,7
2026-09-20T11:10:27.705253+00:00,13954,582398,3961168,7
2026-09-20T11:10:27.738253+00:00,13955,582424,3961843,7
2026-09-20T11:10:27.753346+00:00,13956,582449,3961551,7
2026-09-20T11:10:27.786265+00:00,13957,582474,3961088,7
2026-09-20T11:10:27.801252+00:00,13958,582499,3960907,7
2026-09-20T11:10:27.833253+00:00,13959,582524,3960645,7
2026-09-20T11:10:27.865254+00:00,13960,582550,3960592,7
2026-09-20T11:10:27.881336+00:00,13961,582575,3960381,7
2026-09-20T11:10:27.913350+00:00,13962,582600,3960372,7
2026-09-20T11:10:27.929329+00:00,13963,582625,3960962,7
2026-09-20T11:10:27.961330+00:00,13964,582650,3961082,7
2026-09-20T11:10:27.977339+00:00,13965,582675,3961171,7
2026-09-20T11:10:28.009254+00:00,13966,582701,3961655,7
2026-09-20T11:10:28.041335+00:00,13967,582726,3961813,7
2026-09-20T11:10:28.058253+00:00,13968,582751,3961918,7
2026-09-20T11:10:28.090252+00:00,13969,582776,3961740,7
2026-09-20T11:10:28.105254+00:00,13970,582801,3961234,7
2026-09-20T11:10:28.137340+00:00,13971,582827,3961687,7
2026-09-20T11:10:28.153252+00:00,13972,582852,3962178,7
2026-09-20T11:10:28.185333+00:00,13973,582877,3962975,7
2026-09-20T11:10:28.217347+00:00,13974,582902,3963912,7
2026-09-20T11:10:28.233251+00:00,13975,582927,3965167,7
2026-09-20T11:10:28.265254+00:00,13976,582952,3966417,7
2026-09-20T11:10:28.281254+00:00,13977,582978,3967137,7
2026-09-20T11:10:28.313334+00:00,13978,583003,3968601,7
2026-09-20T11:10:28.329332+00:00,13979,583028,3969425,7
2026-09-20T11:10:28.361326+00:00,13980,583053,3969704,7
2026-09-20T11:10:28.393341+00:00,13981,583078,3970819,7
2026-09-20T11:10:28.409321+00:00,13982,583104,3972016,7
2026-09-20T11:10:28.441324+00:00,13983,583129,3974584,7
2026-09-20T11:10:28.458253+00:00,13984,583154,3981332,7
2026-09-20T11:10:28.490254+00:00,13985,583179,3994325,7
2026-09-20T11:10:28.505253+00:00,13986,583204,4013184,7
2026-09-20T11:10:28.537281+00:00,13987,583229,4040965,7
2026-09-20T11:10:28.569333+00:00,13988,583255,4081396,7
2026-09-20T11:10:28.585329+00:00,13989,583280,4133646,7
2026-09-20T11:10:28.617324+00:00,13990,583305,4188366,7
2026-09-20T11:10:28.634327+00:00,13991,583330,4235290,7
2026-09-20T11:10:28.665251+00:00,13992,583355,4260941,7
2026-09-20T11:10:28.681255+00:00,13993,583381,4254789,7
2026-09-20T11:10:28.714251+00:00,13994,583406,4224688,7
2026-09-20T11:10:28.745255+00:00,13995,583431,4179836,7
2026-09-20T11:10:28.761254+00:00,13996,583456,4132419,7
2026-09-20T11:10:28.793306+00:00,13997,583481,4091119,7
2026-09-20T11:10:28.809252+00:00,13998,583506,4055635,7
2026-09-20T11:10:28.841253+00:00,13999,583532,4030591,7
2026-09-20T11:10:28.873328+00:00,14000,583557,4014828,7
2026-09-20T11:10:28.890252+00:00,14001,583582,4000627,7
2026-09-20T11:10:28.921253+00:00,14002,583607,3989109,7
2026-09-20T11:10:28.937306+00:00,14003,583632,3984998,7
2026-09-20T11:10:28.969309+00:00,14004,583658,3983274,7
2026-09-20T11:10:28.985322+00:00,14005,583683,3981187,7
2026-09-20T11:10:29.017317+00:00,14006,583708,3977901,7
2026-09-20T11:10:29.049251+00:00,14007,583733,3974038,7
2026-09-20T11:10:29.065311+00:00,14008,583758,3969807,7
2026-09-20T11:10:29.098377+00:00,14009,583783,3965059,7
2026-09-20T11:10:29.113251+00:00,14010,583809,3962049,7
2026-09-20T11:10:29.145267+00:00,14011,583834,3961103,7
2026-09-20T11:10:29.161304+00:00,14012,583859,3959108,7
2026-09-20T11:10:29.194252+00:00,14013,583884,3958045,7
2026-09-20T11:10:29.225251+00:00,14014,583909,3956390,7
2026-09-20T11:10:29.241371+00:00,14015,583935,3953817,7
2026-09-20T11:10:29.273252+00:00,14016,583960,3955071,7
2026-09-20T11:10:29.289251+00:00,14017,583985,3958611,7
2026-09-20T11:10:29.321252+00:00,14018,584010,3959321,7
2026-09-20T11:10:29.337303+00:00,14019,584035,3958257,7
2026-09-20T11:10:29.369251+00:00,14020,584060,3956875,7
2026-09-20T11:10:29.401251+00:00,14021,584086,3953523,7
2026-09-20T11:10:29.417251+00:00,14022,584111,3952472,7
2026-09-20T11:10:29.449251+00:00,14023,584136,3952874,7
2026-09-20T11:10:29.465304+00:00,14024,584161,3949429,7
2026-09-20T11:10:29.497317+00:00,14025,584186,3945906,7
2026-09-20T11:10:29.513314+00:00,14026,584212,3945911,7
2026-09-20T11:10:29.545308+00:00,14027,584237,3946869,7
2026-09-20T11:10:29.577310+00:00,14028,584262,3945839,7
2026-09-20T11:10:29.593316+00:00,14029,584287,3944672,7
2026-09-20T11:10:29.625251+00:00,14030,584312,3939386,7
2026-09-20T11:10:29.641315+00:00,14031,584337,3926614,7
2026-09-20T11:10:29.673325+00:00,14032,584363,3912478,7
2026-09-20T11:10:29.689313+00:00,14033,584388,3900730,7
2026-09-20T11:10:29.721255+00:00,14034,584413,3879631,7
2026-09-20T11:10:29.753252+00:00,14035,584438,3831024,7
2026-09-20T11:10:29.769332+00:00,14036,584463,3734112,7
2026-09-20T11:10:29.802252+00:00,14037,584489,3587758,7
2026-09-20T11:10:29.817253+00:00,14038,584514,3454889,7
2026-09-20T11:10:29.850251+00:00,14039,584539,3464280,7
2026-09-20T11:10:29.865286+00:00,14040,584564,3585996,7
2026-09-20T11:10:29.897289+00:00,14041,584589,3703720,7
2026-09-20T11:10:29.929279+00:00,14042,584614,3791696,7
2026-09-20T11:10:29.945290+00:00,14043,584640,3852235,7
2026-09-20T11:10:29.977292+00:00,14044,584665,3889029,7
2026-09-20T11:10:29.993293+00:00,14045,584690,3912677,7
2026-09-20T11:10:30.025278+00:00,14046,584715,3929566,7
2026-09-20T11:10:30.041256+00:00,14047,584740,3940360,7
2026-09-20T11:10:30.074254+00:00,14048,584766,3945100,7
2026-09-20T11:10:30.106259+00:00,14049,584791,3948696,7
2026-09-20T11:10:30.121270+00:00,14050,584816,3952079,7
2026-09-20T11:10:30.153280+00:00,14051,584841,3953619,7
2026-09-20T11:10:30.170396+00:00,14052,584866,3954600,7
2026-09-20T11:10:30.202382+00:00,14053,584892,3955235,7
2026-09-20T11:10:30.217292+00:00,14054,584917,3955993,7
2026-09-20T11:10:30.282254+00:00,14055,584974,3956559,7
2026-09-20T11:10:30.298446+00:00,14056,584992,3956668,7
2026-09-20T11:10:30.325658+00:00,14057,585017,3957325,7
2026-09-20T11:10:30.341542+00:00,14058,585043,3957259,7
2026-09-20T11:10:30.372554+00:00,14059,585068,3957457,7
2026-09-20T11:10:30.409446+00:00,14060,585093,3957616,7
2026-09-20T11:10:30.425449+00:00,14061,585118,3958172,7
2026-09-20T11:10:30.457450+00:00,14062,585143,3958112,7
2026-09-20T11:10:30.473467+00:00,14063,585169,3958153,7
2026-09-20T11:10:30.505445+00:00,14064,585194,3958038,7
2026-09-20T11:10:30.521446+00:00,14065,585219,3958260,7
2026-09-20T11:10:30.553444+00:00,14066,585244,3958148,7
2026-09-20T11:10:30.585464+00:00,14067,585269,3958407,7
2026-09-20T11:10:30.602446+00:00,14068,585294,3958402,7
2026-09-20T11:10:30.633447+00:00,14069,585320,3958269,7
2026-09-20T11:10:30.649451+00:00,14070,585345,3958600,7
2026-09-20T11:10:30.681443+00:00,14071,585370,3958728,7
2026-09-20T11:10:30.697443+00:00,14072,585395,3958762,7
2026-09-20T11:10:30.729446+00:00,14073,585420,3958679,7
2026-09-20T11:10:30.761448+00:00,14074,585446,3958701,7
2026-09-20T11:10:30.777447+00:00,14075,585471,3958941,7
2026-09-20T11:10:30.809445+00:00,14076,585496,3958548,7
2026-09-20T11:10:30.825468+00:00,14077,585521,3958617,7
2026-09-20T11:10:30.857446+00:00,14078,585546,3958954,7
2026-09-20T11:10:30.873445+00:00,14079,585572,3959147,7
2026-09-20T11:10:30.905448+00:00,14080,585597,3958508,7
2026-09-20T11:10:30.937450+00:00,14081,585622,3958446,7
2026-09-20T11:10:30.953445+00:00,14082,585647,3958950,7
2026-09-20T11:10:30.985444+00:00,14083,585672,3958825,7
2026-09-20T11:10:31.001620+00:00,14084,585697,3958665,7
2026-09-20T11:10:31.033445+00:00,14085,585723,3958911,7
2026-09-20T11:10:31.049444+00:00,14086,585748,3958990,7
2026-09-20T11:10:31.081317+00:00,14087,585773,3959229,7
2026-09-20T11:10:31.098405+00:00,14088,585798,3959072,7
2026-09-20T11:10:31.129630+00:00,14089,585823,3958856,7
2026-09-20T11:10:31.161460+00:00,14090,585849,3959145,7
2026-09-20T11:10:31.177473+00:00,14091,585874,3959468,7
2026-09-20T11:10:31.209476+00:00,14092,585899,3959582,7
2026-09-20T11:10:31.225462+00:00,14093,585924,3959090,7
2026-09-20T11:10:31.257249+00:00,14094,585949,3958587,7
2026-09-20T11:10:31.289758+00:00,14095,585974,3959019,7
2026-09-20T11:10:31.305585+00:00,14096,586000,3958997,7
2026-09-20T11:10:31.337203+00:00,14097,586025,3959343,7
2026-09-20T11:10:31.353251+00:00,14098,586050,3958933,7
2026-09-20T11:10:31.385260+00:00,14099,586075,3958472,7
2026-09-20T11:10:31.401235+00:00,14100,586100,3958796,7
2026-09-20T11:10:31.433244+00:00,14101,586126,3959141,7
2026-09-20T11:10:31.465255+00:00,14102,586151,3958893,7
2026-09-20T11:10:31.481246+00:00,14103,586176,3958949,7
2026-09-20T11:10:31.513234+00:00,14104,586201,3959271,7
2026-09-20T11:10:31.529993+00:00,14105,586226,3959172,7
2026-09-20T11:10:31.561246+00:00,14106,586251,3958849,7
2026-09-20T11:10:31.577950+00:00,14107,586277,3958649,7
2026-09-20T11:10:31.609236+00:00,14108,586302,3958519,7
2026-09-20T11:10:31.641239+00:00,14109,586327,3958599,7
2026-09-20T11:10:31.657271+00:00,14110,586352,3958723,7
2026-09-20T11:10:31.690395+00:00,14111,586377,3958948,7
2026-09-20T11:10:31.706499+00:00,14112,586403,3958881,7
2026-09-20T11:10:31.737496+00:00,14113,586428,3958876,7
2026-09-20T11:10:31.753496+00:00,14114,586453,3958501,7
2026-09-20T11:10:31.785494+00:00,14115,586478,3958828,7
2026-09-20T11:10:31.817503+00:00,14116,586503,3958953,7
2026-09-20T11:10:31.833504+00:00,14117,586528,3959365,7
2026-09-20T11:10:31.865247+00:00,14118,586554,3959518,7
2026-09-20T11:10:31.881235+00:00,14119,586579,3959389,7
2026-09-20T11:10:31.913283+00:00,14120,586604,3959182,7
2026-09-20T11:10:31.945232+00:00,14121,586629,3959145,7
2026-09-20T11:10:31.961227+00:00,14122,586654,3959237,7
2026-09-20T11:10:31.994267+00:00,14123,586680,3958990,7
2026-09-20T11:10:32.009236+00:00,14124,586705,3958695,7
2026-09-20T11:10:32.041755+00:00,14125,586730,3959226,7
2026-09-20T11:10:32.057845+00:00,14126,586755,3959205,7
2026-09-20T11:10:32.089567+00:00,14127,586780,3958777,7
2026-09-20T11:10:32.121065+00:00,14128,586806,3959065,7
2026-09-20T11:10:32.138270+00:00,14129,586831,3959181,7
2026-09-20T11:10:32.169216+00:00,14130,586856,3959542,7
2026-09-20T11:10:32.185819+00:00,14131,586881,3959210,7
2026-09-20T11:10:32.218331+00:00,14132,586906,3959025,7
2026-09-20T11:10:32.234260+00:00,14133,586931,3959342,7
2026-09-20T11:10:32.265224+00:00,14134,586957,3959222,7
2026-09-20T11:10:32.297235+00:00,14135,586982,3959175,7
2026-09-20T11:10:32.315294+00:00,14136,587007,3959258,7
2026-09-20T11:10:32.345211+00:00,14137,587032,3959289,7
2026-09-20T11:10:32.361975+00:00,14138,587057,3959390,7
2026-09-20T11:10:32.393233+00:00,14139,587083,3959876,7
2026-09-20T11:10:32.409158+00:00,14140,587108,3959783,7
2026-09-20T11:10:32.441198+00:00,14141,587133,3959213,7
2026-09-20T11:10:32.474478+00:00,14142,587158,3959499,7
2026-09-20T11:10:32.489567+00:00,14143,587183,3959108,7
2026-09-20T11:10:32.523089+00:00,14144,587208,3958358,7
2026-09-20T11:10:32.539633+00:00,14145,587234,3958632,7
2026-09-20T11:10:32.570438+00:00,14146,587259,3959372,7
2026-09-20T11:10:32.585223+00:00,14147,587284,3959389,7
2026-09-20T11:10:32.617654+00:00,14148,587309,3959341,7
2026-09-20T11:10:32.649226+00:00,14149,587334,3958810,7
2026-09-20T11:10:32.671471+00:00,14150,587360,3958756,7
2026-09-20T11:10:32.697214+00:00,14151,587385,3958947,7
2026-09-20T11:10:32.714239+00:00,14152,587410,3958966,7
2026-09-20T11:10:32.746241+00:00,14153,587435,3959007,7
2026-09-20T11:10:32.761238+00:00,14154,587460,3959065,7
2026-09-20T11:10:32.793256+00:00,14155,587486,3959540,7
2026-09-20T11:10:32.825238+00:00,14156,587511,3959466,7
2026-09-20T11:10:32.841240+00:00,14157,587536,3959786,7
2026-09-20T11:10:32.873212+00:00,14158,587561,3959747,7
2026-09-20T11:10:32.889826+00:00,14159,587586,3960008,7
2026-09-20T11:10:32.922098+00:00,14160,587611,3960035,7
2026-09-20T11:10:32.938295+00:00,14161,587637,3960449,7
2026-09-20T11:10:32.969218+00:00,14162,587662,3960236,7
2026-09-20T11:10:33.001203+00:00,14163,587687,3960026,7
2026-09-20T11:10:33.017213+00:00,14164,587712,3960110,7
2026-09-20T11:10:33.049211+00:00,14165,587737,3959845,7
2026-09-20T11:10:33.065218+00:00,14166,587763,3959853,7
2026-09-20T11:10:33.097209+00:00,14167,587788,3959731,7
2026-09-20T11:10:33.113216+00:00,14168,587813,3960011,7
2026-09-20T11:10:33.145227+00:00,14169,587838,3960079,7
2026-09-20T11:10:33.177198+00:00,14170,587863,3960423,7
2026-09-20T11:10:33.195737+00:00,14171,587888,3961527,7
2026-09-20T11:10:33.225205+00:00,14172,587914,3962261,7
2026-09-20T11:10:33.241790+00:00,14173,587939,3961981,7
2026-09-20T11:10:33.273200+00:00,14174,587964,3961620,7
2026-09-20T11:10:33.290313+00:00,14175,587989,3961629,7
2026-09-20T11:10:33.321568+00:00,14176,588014,3961930,7
2026-09-20T11:10:33.353607+00:00,14177,588040,3961860,7
2026-09-20T11:10:33.369625+00:00,14178,588065,3961867,7
2026-09-20T11:10:33.401570+00:00,14179,588090,3961577,7
2026-09-20T11:10:33.417568+00:00,14180,588115,3961080,7
2026-09-20T11:10:33.450570+00:00,14181,588140,3961293,7
2026-09-20T11:10:33.481569+00:00,14182,588166,3961534,7
2026-09-20T11:10:33.497568+00:00,14183,588191,3961609,7
2026-09-20T11:10:33.530568+00:00,14184,588216,3961709,7
2026-09-20T11:10:33.545571+00:00,14185,588241,3961997,7
2026-09-20T11:10:33.577566+00:00,14186,588266,3962719,7
2026-09-20T11:10:33.593570+00:00,14187,588291,3964356,7
2026-09-20T11:10:33.626578+00:00,14188,588317,3967203,7
2026-09-20T11:10:33.657622+00:00,14189,588342,3970459,7
2026-09-20T11:10:33.673568+00:00,14190,588367,3972941,7
2026-09-20T11:10:33.706568+00:00,14191,588392,3974735,7
2026-09-20T11:10:33.722568+00:00,14192,588417,3977595,7
2026-09-20T11:10:33.753583+00:00,14193,588443,3980938,7
2026-09-20T11:10:33.769588+00:00,14194,588468,3988650,7
2026-09-20T11:10:33.801568+00:00,14195,588493,4000536,7
2026-09-20T11:10:33.833568+00:00,14196,588518,4016841,7
2026-09-20T11:10:33.849568+00:00,14197,588543,4043730,7
2026-09-20T11:10:33.881568+00:00,14198,588568,4080795,7
2026-09-20T11:10:33.897567+00:00,14199,588594,4128921,7
2026-09-20T11:10:33.929179+00:00,14200,588619,4173308,7
2026-09-20T11:10:33.945257+00:00,14201,588644,4200587,7
2026-09-20T11:10:33.977187+00:00,14202,588669,4208360,7
2026-09-20T11:10:34.009174+00:00,14203,588694,4197266,7
2026-09-20T11:10:34.026207+00:00,14204,588720,4172592,7
2026-09-20T11:10:34.057223+00:00,14205,588745,4143143,7
2026-09-20T11:10:34.073107+00:00,14206,588770,4115642,7
2026-09-20T11:10:34.105999+00:00,14207,588795,4089946,7
2026-09-20T11:10:34.122102+00:00,14208,588820,4066074,7
2026-09-20T11:10:34.153738+00:00,14209,588845,4048314,7
2026-09-20T11:10:34.185199+00:00,14210,588871,4033320,7
2026-09-20T11:10:34.201197+00:00,14211,588896,4018365,7
2026-09-20T11:10:34.233591+00:00,14212,588921,4003613,7
2026-09-20T11:10:34.249203+00:00,14213,588946,3991288,7
2026-09-20T11:10:34.281269+00:00,14214,588971,3980335,7
2026-09-20T11:10:34.297189+00:00,14215,588997,3969172,7
2026-09-20T11:10:34.329171+00:00,14216,589022,3963307,7
2026-09-20T11:10:34.361546+00:00,14217,589047,3959451,7
2026-09-20T11:10:34.377158+00:00,14218,589072,3952205,7
2026-09-20T11:10:34.409172+00:00,14219,589097,3944846,7
2026-09-20T11:10:34.428273+00:00,14220,589122,3942722,7
2026-09-20T11:10:34.457511+00:00,14221,589148,3942492,7
2026-09-20T11:10:34.474134+00:00,14222,589173,3940919,7
2026-09-20T11:10:34.506089+00:00,14223,589198,3940565,7
2026-09-20T11:10:34.539215+00:00,14224,589223,3940324,7
2026-09-20T11:10:34.553169+00:00,14225,589248,3939084,7
2026-09-20T11:10:34.587242+00:00,14226,589274,3936636,7
2026-09-20T11:10:34.601157+00:00,14227,589299,3935074,7
2026-09-20T11:10:34.634228+00:00,14228,589324,3936710,7
2026-09-20T11:10:34.649180+00:00,14229,589349,3937930,7
2026-09-20T11:10:34.682329+00:00,14230,589374,3935702,7
2026-09-20T11:10:34.713437+00:00,14231,589399,3934029,7
2026-09-20T11:10:34.729436+00:00,14232,589425,3935974,7
2026-09-20T11:10:34.761448+00:00,14233,589450,3935640,7
2026-09-20T11:10:34.777445+00:00,14234,589475,3933773,7
2026-09-20T11:10:34.809436+00:00,14235,589500,3934746,7
2026-09-20T11:10:34.826438+00:00,14236,589525,3935619,7
2026-09-20T11:10:34.857464+00:00,14237,589551,3933664,7
2026-09-20T11:10:34.889427+00:00,14238,589576,3930703,7
2026-09-20T11:10:34.905368+00:00,14239,589601,3926891,7
2026-09-20T11:10:34.937147+00:00,14240,589626,3915100,7
2026-09-20T11:10:34.953752+00:00,14241,589651,3890586,7
2026-09-20T11:10:34.985143+00:00,14242,589676,3840818,7
2026-09-20T11:10:35.017150+00:00,14243,589702,3739264,7
2026-09-20T11:10:35.033516+00:00,14244,589727,3592903,7
2026-09-20T11:10:35.065895+00:00,14245,589752,3458786,7
2026-09-20T11:10:35.081156+00:00,14246,589777,3443601,7
2026-09-20T11:10:35.113143+00:00,14247,589802,3550201,7
2026-09-20T11:10:35.129684+00:00,14248,589828,3667510,7
2026-09-20T11:10:35.161042+00:00,14249,589853,3758078,7
2026-09-20T11:10:35.194170+00:00,14250,589878,3822811,7
2026-09-20T11:10:35.209130+00:00,14251,589903,3866548,7
2026-09-20T11:10:35.241198+00:00,14252,589928,3895247,7
2026-09-20T11:10:35.257206+00:00,14253,589953,3914245,7
2026-09-20T11:10:35.289814+00:00,14254,589979,3925390,7
2026-09-20T11:10:35.305072+00:00,14255,590004,3932358,7
2026-09-20T11:10:35.337820+00:00,14256,590029,3936555,7
2026-09-20T11:10:35.369139+00:00,14257,590054,3939715,7
2026-09-20T11:10:35.386353+00:00,14258,590079,3941690,7
2026-09-20T11:10:35.406683+00:00,14259,590105,3942939,7
2026-09-20T11:10:35.433150+00:00,14260,590130,3943951,7
2026-09-20T11:10:35.465239+00:00,14261,590155,3944912,7
2026-09-20T11:10:35.481139+00:00,14262,590180,3945137,7
2026-09-20T11:10:35.513137+00:00,14263,590205,3945270,7
2026-09-20T11:10:35.577147+00:00,14264,590263,3945430,7
2026-09-20T11:10:35.593125+00:00,14265,590281,3946227,7
2026-09-20T11:10:35.609151+00:00,14266,590306,3947152,7
2026-09-20T11:10:35.641244+00:00,14267,590331,3947105,7
2026-09-20T11:10:35.657351+00:00,14268,590356,3946991,7
2026-09-20T11:10:35.689767+00:00,14269,590382,3946960,7
2026-09-20T11:10:35.721625+00:00,14270,590407,3946861,7
2026-09-20T11:10:35.737682+00:00,14271,590432,3946611,7
2026-09-20T11:10:35.769617+00:00,14272,590457,3946846,7
2026-09-20T11:10:35.785616+00:00,14273,590482,3946983,7
2026-09-20T11:10:35.817618+00:00,14274,590508,3946621,7
2026-09-20T11:10:35.833652+00:00,14275,590533,3947218,7
2026-09-20T11:10:35.865710+00:00,14276,590558,3947624,7
2026-09-20T11:10:35.897127+00:00,14277,590583,3947541,7
2026-09-20T11:10:35.913114+00:00,14278,590608,3947688,7
2026-09-20T11:10:35.945143+00:00,14279,590633,3947588,7
2026-09-20T11:10:35.961130+00:00,14280,590659,3948165,7
2026-09-20T11:10:35.993114+00:00,14281,590684,3948038,7
2026-09-20T11:10:36.009115+00:00,14282,590709,3947750,7
2026-09-20T11:10:36.041522+00:00,14283,590734,3948108,7
2026-09-20T11:10:36.073130+00:00,14284,590759,3948308,7
2026-09-20T11:10:36.089085+00:00,14285,590785,3948235,7
2026-09-20T11:10:36.121234+00:00,14286,590810,3947996,7
2026-09-20T11:10:36.137198+00:00,14287,590835,3947990,7
2026-09-20T11:10:36.169131+00:00,14288,590860,3948151,7
2026-09-20T11:10:36.185141+00:00,14289,590885,3947832,7
2026-09-20T11:10:36.217144+00:00,14290,590911,3947725,7
2026-09-20T11:10:36.249113+00:00,14291,590936,3947848,7
2026-09-20T11:10:36.266180+00:00,14292,590961,3947598,7
2026-09-20T11:10:36.299202+00:00,14293,590986,3948207,7
2026-09-20T11:10:36.314221+00:00,14294,591011,3948115,7
2026-09-20T11:10:36.345125+00:00,14295,591036,3947708,7
2026-09-20T11:10:36.361159+00:00,14296,591062,3947865,7
2026-09-20T11:10:36.393110+00:00,14297,591087,3947790,7
2026-09-20T11:10:36.425114+00:00,14298,591112,3947551,7
2026-09-20T11:10:36.441781+00:00,14299,591137,3948164,7
2026-09-20T11:10:36.473996+00:00,14300,591162,3948495,7
2026-09-20T11:10:36.489667+00:00,14301,591188,3948442,7
2026-09-20T11:10:36.521153+00:00,14302,591213,3948046,7
2026-09-20T11:10:36.553136+00:00,14303,591238,3947617,7
2026-09-20T11:10:36.571217+00:00,14304,591263,3948016,7
2026-09-20T11:10:36.602376+00:00,14305,591288,3948081,7
2026-09-20T11:10:36.618534+00:00,14306,591313,3947703,7
2026-09-20T11:10:36.649143+00:00,14307,591339,3947852,7
2026-09-20T11:10:36.665118+00:00,14308,591364,3948035,7
2026-09-20T11:10:36.697117+00:00,14309,591389,3947921,7
2026-09-20T11:10:36.729144+00:00,14310,591414,3947493,7
2026-09-20T11:10:36.745142+00:00,14311,591439,3948041,7
2026-09-20T11:10:36.777143+00:00,14312,591465,3948660,7
2026-09-20T11:10:36.793143+00:00,14313,591490,3948822,7
2026-09-20T11:10:36.826147+00:00,14314,591515,3948518,7
2026-09-20T11:10:36.841143+00:00,14315,591540,3948816,7
2026-09-20T11:10:36.873102+00:00,14316,591565,3949049,7
2026-09-20T11:10:36.906449+00:00,14317,591591,3949220,7
2026-09-20T11:10:36.924128+00:00,14318,591616,3949074,7
2026-09-20T11:10:36.953102+00:00,14319,591641,3948992,7
2026-09-20T11:10:36.970145+00:00,14320,591666,3948677,7
2026-09-20T11:10:37.002175+00:00,14321,591691,3948623,7
2026-09-20T11:10:37.018279+00:00,14322,591716,3948684,7
2026-09-20T11:10:37.049099+00:00,14323,591742,3948769,7
2026-09-20T11:10:37.081106+00:00,14324,591767,3948505,7
2026-09-20T11:10:37.097125+00:00,14325,591792,3948651,7
2026-09-20T11:10:37.129099+00:00,14326,591817,3948926,7
2026-09-20T11:10:37.146139+00:00,14327,591842,3948919,7
2026-09-20T11:10:37.177091+00:00,14328,591868,3948929,7
2026-09-20T11:10:37.193105+00:00,14329,591893,3949573,7
2026-09-20T11:10:37.225082+00:00,14330,591918,3949024,7
2026-09-20T11:10:37.257648+00:00,14331,591943,3948704,7
2026-09-20T11:10:37.274029+00:00,14332,591968,3948476,7
2026-09-20T11:10:37.305236+00:00,14333,591994,3948565,7
2026-09-20T11:10:37.322108+00:00,14334,592019,3948532,7
2026-09-20T11:10:37.355170+00:00,14335,592044,3948518,7
2026-09-20T11:10:37.370845+00:00,14336,592069,3948692,7
2026-09-20T11:10:37.402326+00:00,14337,592094,3948400,7
2026-09-20T11:10:37.433101+00:00,14338,592119,3948153,7
2026-09-20T11:10:37.450211+00:00,14339,592145,3948332,7
2026-09-20T11:10:37.481177+00:00,14340,592170,3948357,7
2026-09-20T11:10:37.497081+00:00,14341,592195,3948559,7
2026-09-20T11:10:37.531191+00:00,14342,592220,3948977,7
2026-09-20T11:10:37.545111+00:00,14343,592245,3949335,7
2026-09-20T11:10:37.577085+00:00,14344,592271,3948776,7
2026-09-20T11:10:37.609470+00:00,14345,592296,3949051,7
2026-09-20T11:10:37.625083+00:00,14346,592321,3949050,7
2026-09-20T11:10:37.657837+00:00,14347,592346,3949033,7
2026-09-20T11:10:37.673617+00:00,14348,592371,3949010,7
2026-09-20T11:10:37.706518+00:00,14349,592397,3948171,7
2026-09-20T11:10:37.722513+00:00,14350,592422,3949059,7
2026-09-20T11:10:37.754513+00:00,14351,592447,3949245,7
2026-09-20T11:10:37.785572+00:00,14352,592472,3948602,7
2026-09-20T11:10:37.801513+00:00,14353,592497,3948520,7
2026-09-20T11:10:37.833517+00:00,14354,592522,3948963,7
2026-09-20T11:10:37.849510+00:00,14355,592548,3948827,7
2026-09-20T11:10:37.882511+00:00,14356,592573,3948759,7
2026-09-20T11:10:37.913515+00:00,14357,592598,3949091,7
2026-09-20T11:10:37.930511+00:00,14358,592623,3949065,7
2026-09-20T11:10:37.962523+00:00,14359,592648,3948568,7
2026-09-20T11:10:37.978549+00:00,14360,592674,3948059,7
2026-09-20T11:10:38.009082+00:00,14361,592699,3948472,7
2026-09-20T11:10:38.025084+00:00,14362,592724,3948390,7
2026-09-20T11:10:38.058226+00:00,14363,592749,3948666,7
2026-09-20T11:10:38.089074+00:00,14364,592774,3948984,7
2026-09-20T11:10:38.105451+00:00,14365,592799,3948781,7
2026-09-20T11:10:38.137089+00:00,14366,592825,3949258,7
2026-09-20T11:10:38.153087+00:00,14367,592850,3949007,7
2026-09-20T11:10:38.185090+00:00,14368,592875,3948644,7
2026-09-20T11:10:38.201077+00:00,14369,592900,3948487,7
2026-09-20T11:10:38.233078+00:00,14370,592925,3948535,7
2026-09-20T11:10:38.265073+00:00,14371,592951,3948923,7
2026-09-20T11:10:38.281078+00:00,14372,592976,3949367,7
2026-09-20T11:10:38.313064+00:00,14373,593001,3949752,7
2026-09-20T11:10:38.329461+00:00,14374,593026,3949868,7
2026-09-20T11:10:38.361595+00:00,14375,593051,3950772,7
2026-09-20T11:10:38.377792+00:00,14376,593076,3951366,7
2026-09-20T11:10:38.408961+00:00,14377,593102,3951696,7
2026-09-20T11:10:38.441829+00:00,14378,593127,3951603,7
2026-09-20T11:10:38.458237+00:00,14379,593152,3951408,7
2026-09-20T11:10:38.489345+00:00,14380,593177,3951579,7
2026-09-20T11:10:38.506442+00:00,14381,593202,3952310,7
2026-09-20T11:10:38.538104+00:00,14382,593228,3952323,7
2026-09-20T11:10:38.553948+00:00,14383,593253,3952726,7
2026-09-20T11:10:38.586351+00:00,14384,593278,3953321,7
2026-09-20T11:10:38.618168+00:00,14385,593303,3954223,7
2026-09-20T11:10:38.636109+00:00,14386,593328,3955033,7
2026-09-20T11:10:38.675135+00:00,14387,593353,3956134,7
2026-09-20T11:10:38.681293+00:00,14388,593379,3957993,7
2026-09-20T11:10:38.714547+00:00,14389,593404,3960480,7
2026-09-20T11:10:38.729624+00:00,14390,593429,3963897,7
2026-09-20T11:10:38.761619+00:00,14391,593454,3969134,7
2026-09-20T11:10:38.793547+00:00,14392,593479,3973779,7
2026-09-20T11:10:38.809548+00:00,14393,593505,3978610,7
2026-09-20T11:10:38.841566+00:00,14394,593530,3989489,7
2026-09-20T11:10:38.857548+00:00,14395,593555,4010336,7
2026-09-20T11:10:38.889781+00:00,14396,593580,4035441,7
2026-09-20T11:10:38.905550+00:00,14397,593605,4064854,7
2026-09-20T11:10:38.938124+00:00,14398,593631,4094413,7
2026-09-20T11:10:38.969074+00:00,14399,593656,4122006,7
2026-09-20T11:10:38.985063+00:00,14400,593681,4143960,7
2026-09-20T11:10:39.017056+00:00,14401,593706,4153462,7
2026-09-20T11:10:39.033042+00:00,14402,593731,4150052,7
2026-09-20T11:10:39.066210+00:00,14403,593756,4137445,7
2026-09-20T11:10:39.081081+00:00,14404,593782,4120855,7
2026-09-20T11:10:39.113067+00:00,14405,593807,4100158,7
2026-09-20T11:10:39.145054+00:00,14406,593832,4078719,7
2026-09-20T11:10:39.162362+00:00,14407,593857,4059658,7
2026-09-20T11:10:39.194231+00:00,14408,593882,4044241,7
2026-09-20T11:10:39.209043+00:00,14409,593908,4028953,7
2026-09-20T11:10:39.241037+00:00,14410,593933,4013737,7
2026-09-20T11:10:39.258639+00:00,14411,593958,4003243,7
2026-09-20T11:10:39.289780+00:00,14412,593983,3994473,7
2026-09-20T11:10:39.321928+00:00,14413,594008,3985054,7
2026-09-20T11:10:39.338093+00:00,14414,594033,3978206,7
2026-09-20T11:10:39.369683+00:00,14415,594059,3970690,7
2026-09-20T11:10:39.385043+00:00,14416,594084,3964463,7
2026-09-20T11:10:39.417052+00:00,14417,594109,3961158,7
2026-09-20T11:10:39.449049+00:00,14418,594134,3956712,7
2026-09-20T11:10:39.466291+00:00,14419,594159,3952404,7
2026-09-20T11:10:39.499176+00:00,14420,594185,3951636,7
2026-09-20T11:10:39.513044+00:00,14421,594210,3954912,7
2026-09-20T11:10:39.545032+00:00,14422,594235,3956276,7
2026-09-20T11:10:39.561037+00:00,14423,594260,3957283,7
2026-09-20T11:10:39.593822+00:00,14424,594285,3957152,7
2026-09-20T11:10:39.625040+00:00,14425,594311,3955916,7
2026-09-20T11:10:39.641050+00:00,14426,594336,3953678,7
2026-09-20T11:10:39.673889+00:00,14427,594361,3948287,7
2026-09-20T11:10:39.689792+00:00,14428,594386,3940152,7
2026-09-20T11:10:39.722004+00:00,14429,594411,3928556,7
2026-09-20T11:10:39.738003+00:00,14430,594436,3907360,7
2026-09-20T11:10:39.769045+00:00,14431,594462,3871208,7
2026-09-20T11:10:39.801008+00:00,14432,594487,3805066,7
2026-09-20T11:10:39.817003+00:00,14433,594512,3691188,7
2026-09-20T11:10:39.849003+00:00,14434,594537,3557186,7
2026-09-20T11:10:39.865038+00:00,14435,594562,3502938,7
2026-09-20T11:10:39.897023+00:00,14436,594588,3570603,7
2026-09-20T11:10:39.912858+00:00,14437,594613,3676581,7
2026-09-20T11:10:39.945108+00:00,14438,594638,3765346,7
2026-09-20T11:10:39.977034+00:00,14439,594663,3830530,7
2026-09-20T11:10:39.993020+00:00,14440,594688,3876539,7
2026-09-20T11:10:40.025017+00:00,14441,594713,3906447,7
2026-09-20T11:10:40.041022+00:00,14442,594739,3924808,7
2026-09-20T11:10:40.074055+00:00,14443,594764,3936784,7
2026-09-20T11:10:40.089626+00:00,14444,594789,3944609,7
2026-09-20T11:10:40.122268+00:00,14445,594814,3948912,7
2026-09-20T11:10:40.153028+00:00,14446,594839,3951804,7
2026-09-20T11:10:40.169956+00:00,14447,594865,3953668,7
2026-09-20T11:10:40.202146+00:00,14448,594890,3954453,7
2026-09-20T11:10:40.217751+00:00,14449,594915,3955177,7
2026-09-20T11:10:40.282062+00:00,14450,594971,3956414,7
2026-09-20T11:10:40.297019+00:00,14451,594990,3957294,7
2026-09-20T11:10:40.329029+00:00,14452,595016,3957601,7
2026-09-20T11:10:40.345030+00:00,14453,595041,3957667,7
2026-09-20T11:10:40.377027+00:00,14454,595066,3957966,7
2026-09-20T11:10:40.393713+00:00,14455,595091,3957857,7
2026-09-20T11:10:40.425534+00:00,14456,595116,3958212,7
2026-09-20T11:10:40.441544+00:00,14457,595142,3958396,7
2026-09-20T11:10:40.474649+00:00,14458,595167,3958252,7
2026-09-20T11:10:40.505469+00:00,14459,595192,3958199,7
2026-09-20T11:10:40.522122+00:00,14460,595217,3958247,7
2026-09-20T11:10:40.555114+00:00,14461,595242,3958658,7
2026-09-20T11:10:40.569669+00:00,14462,595267,3958684,7
2026-09-20T11:10:40.603350+00:00,14463,595293,3958857,7
2026-09-20T11:10:40.617765+00:00,14464,595318,3958368,7
2026-09-20T11:10:40.650278+00:00,14465,595343,3958288,7
2026-09-20T11:10:40.681012+00:00,14466,595368,3958539,7
2026-09-20T11:10:40.697001+00:00,14467,595393,3958465,7
2026-09-20T11:10:40.729052+00:00,14468,595419,3958493,7
2026-09-20T11:10:40.745027+00:00,14469,595444,3958976,7
2026-09-20T11:10:40.777028+00:00,14470,595469,3958715,7
2026-09-20T11:10:40.793070+00:00,14471,595494,3958969,7
2026-09-20T11:10:40.825027+00:00,14472,595519,3958975,7
2026-09-20T11:10:40.857450+00:00,14473,595544,3959051,7
2026-09-20T11:10:40.873014+00:00,14474,595570,3958998,7
2026-09-20T11:10:40.904960+00:00,14475,595595,3958883,7
2026-09-20T11:10:40.920985+00:00,14476,595620,3959130,7
2026-09-20T11:10:40.953005+00:00,14477,595645,3959252,7
2026-09-20T11:10:40.985073+00:00,14478,595670,3959062,7
2026-09-20T11:10:41.001022+00:00,14479,595696,3958730,7
2026-09-20T11:10:41.032997+00:00,14480,595721,3958795,7
2026-09-20T11:10:41.048990+00:00,14481,595746,3959160,7
2026-09-20T11:10:41.081004+00:00,14482,595771,3958603,7
2026-09-20T11:10:41.098090+00:00,14483,595796,3958482,7
2026-09-20T11:10:41.128996+00:00,14484,595821,3958489,7
2026-09-20T11:10:41.161000+00:00,14485,595847,3958666,7
2026-09-20T11:10:41.177167+00:00,14486,595872,3958859,7
2026-09-20T11:10:41.209021+00:00,14487,595897,3959030,7
2026-09-20T11:10:41.225003+00:00,14488,595922,3958661,7
2026-09-20T11:10:41.257667+00:00,14489,595947,3958868,7
2026-09-20T11:10:41.273133+00:00,14490,595973,3959306,7
2026-09-20T11:10:41.306469+00:00,14491,595998,3959179,7
2026-09-20T11:10:41.336999+00:00,14492,596023,3959016,7
2026-09-20T11:10:41.354215+00:00,14493,596048,3959077,7
2026-09-20T11:10:41.386267+00:00,14494,596073,3958621,7
2026-09-20T11:10:41.402114+00:00,14495,596099,3958710,7
2026-09-20T11:10:41.432990+00:00,14496,596124,3958948,7
2026-09-20T11:10:41.448980+00:00,14497,596149,3958843,7
2026-09-20T11:10:41.482239+00:00,14498,596174,3958622,7
2026-09-20T11:10:41.512969+00:00,14499,596199,3958676,7
2026-09-20T11:10:41.528981+00:00,14500,596224,3958922,7
2026-09-20T11:10:41.560975+00:00,14501,596250,3958905,7
2026-09-20T11:10:41.578217+00:00,14502,596275,3958708,7
2026-09-20T11:10:41.608996+00:00,14503,596300,3958732,7
2026-09-20T11:10:41.625134+00:00,14504,596325,3958774,7
2026-09-20T11:10:41.658479+00:00,14505,596350,3958703,7
2026-09-20T11:10:41.689662+00:00,14506,596376,3959081,7
2026-09-20T11:10:41.707000+00:00,14507,596401,3959335,7
2026-09-20T11:10:41.738000+00:00,14508,596426,3959051,7
2026-09-20T11:10:41.753024+00:00,14509,596451,3958353,7
2026-09-20T11:10:41.784998+00:00,14510,596476,3958472,7
2026-09-20T11:10:41.800999+00:00,14511,596501,3958721,7
2026-09-20T11:10:41.832998+00:00,14512,596527,3958947,7
2026-09-20T11:10:41.864984+00:00,14513,596552,3958746,7
2026-09-20T11:10:41.880971+00:00,14514,596577,3958277,7
2026-09-20T11:10:41.912991+00:00,14515,596602,3958001,7
2026-09-20T11:10:41.928971+00:00,14516,596627,3958234,7
2026-09-20T11:10:41.960970+00:00,14517,596653,3958399,7
2026-09-20T11:10:41.976968+00:00,14518,596678,3958914,7
2026-09-20T11:10:42.008978+00:00,14519,596703,3959479,7
2026-09-20T11:10:42.040982+00:00,14520,596728,3959890,7
2026-09-20T11:10:42.057800+00:00,14521,596753,3959734,7
2026-09-20T11:10:42.089766+00:00,14522,596778,3959219,7
2026-09-20T11:10:42.105098+00:00,14523,596804,3958853,7
2026-09-20T11:10:42.136970+00:00,14524,596829,3958935,7
2026-09-20T11:10:42.152978+00:00,14525,596854,3958859,7
2026-09-20T11:10:42.184982+00:00,14526,596879,3958343,7
2026-09-20T11:10:42.216975+00:00,14527,596904,3958621,7
2026-09-20T11:10:42.233056+00:00,14528,596930,3958875,7
2026-09-20T11:10:42.264960+00:00,14529,596955,3958837,7
2026-09-20T11:10:42.280982+00:00,14530,596980,3958742,7
2026-09-20T11:10:42.312961+00:00,14531,597005,3959166,7
2026-09-20T11:10:42.328970+00:00,14532,597030,3959519,7
2026-09-20T11:10:42.360960+00:00,14533,597056,3959322,7
2026-09-20T11:10:42.393040+00:00,14534,597081,3959103,7
2026-09-20T11:10:42.408969+00:00,14535,597106,3959294,7
2026-09-20T11:10:42.440987+00:00,14536,597131,3959331,7
2026-09-20T11:10:42.458562+00:00,14537,597156,3959328,7
2026-09-20T11:10:42.489848+00:00,14538,597181,3959163,7
2026-09-20T11:10:42.520967+00:00,14539,597207,3958849,7
2026-09-20T11:10:42.538012+00:00,14540,597232,3958699,7
2026-09-20T11:10:42.568957+00:00,14541,597257,3959137,7
2026-09-20T11:10:42.584980+00:00,14542,597282,3959653,7
2026-09-20T11:10:42.619056+00:00,14543,597307,3959626,7
2026-09-20T11:10:42.632976+00:00,14544,597333,3959388,7
2026-09-20T11:10:42.664964+00:00,14545,597358,3959642,7
2026-09-20T11:10:42.696999+00:00,14546,597383,3959773,7
2026-09-20T11:10:42.712975+00:00,14547,597408,3960049,7
2026-09-20T11:10:42.744975+00:00,14548,597433,3961233,7
2026-09-20T11:10:42.760966+00:00,14549,597459,3961957,7
2026-09-20T11:10:42.792965+00:00,14550,597484,3962863,7
2026-09-20T11:10:42.809974+00:00,14551,597509,3964636,7
2026-09-20T11:10:42.840969+00:00,14552,597534,3966779,7
2026-09-20T11:10:42.873128+00:00,14553,597559,3967347,7
2026-09-20T11:10:42.888709+00:00,14554,597584,3968599,7
2026-09-20T11:10:42.920900+00:00,14555,597610,3971800,7
2026-09-20T11:10:42.936974+00:00,14556,597635,3975604,7
2026-09-20T11:10:42.968975+00:00,14557,597660,3979854,7
2026-09-20T11:10:42.984968+00:00,14558,597685,3984819,7
2026-09-20T11:10:43.016976+00:00,14559,597710,3990306,7
2026-09-20T11:10:43.048966+00:00,14560,597736,3997714,7
2026-09-20T11:10:43.066036+00:00,14561,597761,4005658,7
2026-09-20T11:10:43.098020+00:00,14562,597786,4015658,7
2026-09-20T11:10:43.112967+00:00,14563,597811,4033089,7
2026-09-20T11:10:43.144942+00:00,14564,597836,4063152,7
2026-09-20T11:10:43.160977+00:00,14565,597861,4109052,7
2026-09-20T11:10:43.191934+00:00,14566,597887,4158590,7
2026-09-20T11:10:43.223195+00:00,14567,597912,4196222,7
2026-09-20T11:10:43.240962+00:00,14568,597937,4208991,7
2026-09-20T11:10:43.273550+00:00,14569,597962,4192449,7
2026-09-20T11:10:43.288661+00:00,14570,597987,4160817,7
2026-09-20T11:10:43.320977+00:00,14571,598013,4127245,7
2026-09-20T11:10:43.336986+00:00,14572,598038,4098965,7
2026-09-20T11:10:43.370883+00:00,14573,598063,4074000,7
2026-09-20T11:10:43.400962+00:00,14574,598088,4050621,7
2026-09-20T11:10:43.417780+00:00,14575,598113,4031765,7
2026-09-20T11:10:43.437640+00:00,14576,598138,4019414,7
2026-09-20T11:10:43.452572+00:00,14577,598164,4003757,7
2026-09-20T11:10:43.493451+00:00,14578,598189,3986502,7
2026-09-20T11:10:43.499533+00:00,14579,598214,3977348,7
2026-09-20T11:10:43.531224+00:00,14580,598239,3973500,7
2026-09-20T11:10:43.562185+00:00,14581,598264,3972069,7
2026-09-20T11:10:43.594456+00:00,14582,598290,3972099,7
2026-09-20T11:10:43.625172+00:00,14583,598315,3975206,7
2026-09-20T11:10:43.630073+00:00,14584,598340,3978414,7
2026-09-20T11:10:43.661658+00:00,14585,598365,3974660,7
2026-09-20T11:10:43.677688+00:00,14586,598390,3967390,7
2026-09-20T11:10:43.720827+00:00,14587,598415,3960770,7
2026-09-20T11:10:43.753082+00:00,14588,598441,3957270,7
2026-09-20T11:10:43.768708+00:00,14589,598466,3953898,7
2026-09-20T11:10:43.801427+00:00,14590,598491,3946839,7
2026-09-20T11:10:43.817691+00:00,14591,598516,3938263,7
2026-09-20T11:10:43.847400+00:00,14592,598541,3934706,7
2026-09-20T11:10:43.864916+00:00,14593,598567,3932040,7
2026-09-20T11:10:43.895396+00:00,14594,598592,3925974,7
2026-09-20T11:10:43.928917+00:00,14595,598617,3923926,7
2026-09-20T11:10:43.938087+00:00,14596,598642,3925534,7
2026-09-20T11:10:43.971128+00:00,14597,598667,3922757,7
2026-09-20T11:10:43.985561+00:00,14598,598693,3914995,7
2026-09-20T11:10:44.012197+00:00,14599,598718,3908328,7
2026-09-20T11:10:44.043207+00:00,14600,598743,3900768,7
2026-09-20T11:10:44.074107+00:00,14601,598768,3873313,7
2026-09-20T11:10:44.105907+00:00,14602,598793,3798331,7
2026-09-20T11:10:44.121218+00:00,14603,598818,3664651,7
2026-09-20T11:10:44.152931+00:00,14604,598844,3505749,7
2026-09-20T11:10:44.168956+00:00,14605,598869,3435025,7
2026-09-20T11:10:44.200953+00:00,14606,598894,3522846,7
2026-09-20T11:10:44.232930+00:00,14607,598919,3649715,7
2026-09-20T11:10:44.248946+00:00,14608,598944,3750528,7
2026-09-20T11:10:44.280925+00:00,14609,598970,3822756,7
2026-09-20T11:10:44.296926+00:00,14610,598995,3869895,7
2026-09-20T11:10:44.328932+00:00,14611,599020,3899309,7
2026-09-20T11:10:44.345890+00:00,14612,599045,3918003,7
2026-09-20T11:10:44.376964+00:00,14613,599070,3930040,7
2026-09-20T11:10:44.408923+00:00,14614,599095,3937201,7
2026-09-20T11:10:44.424950+00:00,14615,599121,3942043,7
2026-09-20T11:10:44.456834+00:00,14616,599146,3945433,7
2026-09-20T11:10:44.472909+00:00,14617,599171,3947001,7
2026-09-20T11:10:44.506143+00:00,14618,599196,3948511,7
2026-09-20T11:10:44.522002+00:00,14619,599221,3949619,7
2026-09-20T11:10:44.552918+00:00,14620,599247,3950075,7
2026-09-20T11:10:44.586006+00:00,14621,599272,3950226,7
2026-09-20T11:10:44.634050+00:00,14622,599326,3951550,7
2026-09-20T11:10:44.648915+00:00,14623,599347,3951730,7
2026-09-20T11:10:44.680903+00:00,14624,599372,3951756,7
2026-09-20T11:10:44.697508+00:00,14625,599398,3951826,7
2026-09-20T11:10:44.729607+00:00,14626,599423,3951901,7
2026-09-20T11:10:44.760702+00:00,14627,599448,3951791,7
2026-09-20T11:10:44.777605+00:00,14628,599473,3951773,7
2026-09-20T11:10:44.809523+00:00,14629,599498,3952448,7
2026-09-20T11:10:44.825506+00:00,14630,599524,3952675,7
2026-09-20T11:10:44.857506+00:00,14631,599549,3952430,7
2026-09-20T11:10:44.873603+00:00,14632,599574,3951975,7
2026-09-20T11:10:44.905480+00:00,14633,599599,3952197,7
2026-09-20T11:10:44.936914+00:00,14634,599624,3952267,7
2026-09-20T11:10:44.953210+00:00,14635,599649,3952690,7
2026-09-20T11:10:44.984900+00:00,14636,599675,3952735,7
2026-09-20T11:10:45.000918+00:00,14637,599700,3952100,7
2026-09-20T11:10:45.032860+00:00,14638,599725,3952672,7
2026-09-20T11:10:45.049992+00:00,14639,599750,3953155,7
2026-09-20T11:10:45.080895+00:00,14640,599775,3953313,7
2026-09-20T11:10:45.112890+00:00,14641,599801,3953274,7
2026-09-20T11:10:45.129129+00:00,14642,599826,3952876,7
2026-09-20T11:10:45.160907+00:00,14643,599851,3952395,7
2026-09-20T11:10:45.176947+00:00,14644,599876,3952571,7
2026-09-20T11:10:45.208886+00:00,14645,599901,3952815,7
2026-09-20T11:10:45.224910+00:00,14646,599927,3952857,7
2026-09-20T11:10:45.257499+00:00,14647,599952,3953374,7
2026-09-20T11:10:45.289806+00:00,14648,599977,3952874,7
2026-09-20T11:10:45.305794+00:00,14649,600002,3952898,7
2026-09-20T11:10:45.337928+00:00,14650,600027,3953355,7
2026-09-20T11:10:45.352906+00:00,14651,600052,3953095,7
2026-09-20T11:10:45.384918+00:00,14652,600078,3953379,7
2026-09-20T11:10:45.401928+00:00,14653,600103,3952798,7
2026-09-20T11:10:45.432869+00:00,14654,600128,3953056,7
2026-09-20T11:10:45.464886+00:00,14655,600153,3953344,7
2026-09-20T11:10:45.481924+00:00,14656,600178,3953456,7
2026-09-20T11:10:45.513790+00:00,14657,600204,3953559,7
2026-09-20T11:10:45.529933+00:00,14658,600229,3953461,7
2026-09-20T11:10:45.560883+00:00,14659,600254,3953464,7
2026-09-20T11:10:45.592885+00:00,14660,600279,3953443,7
2026-09-20T11:10:45.609589+00:00,14661,600304,3953191,7
2026-09-20T11:10:45.641380+00:00,14662,600329,3953213,7
2026-09-20T11:10:45.657491+00:00,14663,600355,3953380,7
2026-09-20T11:10:45.689326+00:00,14664,600380,3953433,7
2026-09-20T11:10:45.705641+00:00,14665,600405,3952779,7
2026-09-20T11:10:45.738623+00:00,14666,600430,3952988,7
2026-09-20T11:10:45.769625+00:00,14667,600455,3953181,7
2026-09-20T11:10:45.786622+00:00,14668,600481,3952667,7
2026-09-20T11:10:45.817623+00:00,14669,600506,3952973,7
2026-09-20T11:10:45.833623+00:00,14670,600531,3953028,7
2026-09-20T11:10:45.865627+00:00,14671,600556,3953543,7
2026-09-20T11:10:45.881631+00:00,14672,600581,3953287,7
2026-09-20T11:10:45.912870+00:00,14673,600606,3953496,7
2026-09-20T11:10:45.944869+00:00,14674,600632,3953528,7
2026-09-20T11:10:45.961993+00:00,14675,600657,3953412,7
2026-09-20T11:10:45.992896+00:00,14676,600682,3953089,7
2026-09-20T11:10:46.008878+00:00,14677,600707,3953025,7
2026-09-20T11:10:46.040873+00:00,14678,600732,3952812,7
2026-09-20T11:10:46.056621+00:00,14679,600758,3952499,7
2026-09-20T11:10:46.089279+00:00,14680,600783,3953311,7
2026-09-20T11:10:46.120913+00:00,14681,600808,3953871,7
2026-09-20T11:10:46.137884+00:00,14682,600833,3953580,7
2026-09-20T11:10:46.168867+00:00,14683,600858,3953011,7
2026-09-20T11:10:46.184877+00:00,14684,600883,3952827,7
2026-09-20T11:10:46.216860+00:00,14685,600909,3952827,7
2026-09-20T11:10:46.232865+00:00,14686,600934,3953272,7
2026-09-20T11:10:46.264742+00:00,14687,600959,3953426,7
2026-09-20T11:10:46.296829+00:00,14688,600984,3953270,7
2026-09-20T11:10:46.312875+00:00,14689,601009,3953087,7
2026-09-20T11:10:46.344884+00:00,14690,601035,3953031,7
2026-09-20T11:10:46.360868+00:00,14691,601060,3953358,7
2026-09-20T11:10:46.392875+00:00,14692,601085,3953528,7
2026-09-20T11:10:46.408846+00:00,14693,601110,3953405,7
2026-09-20T11:10:46.440787+00:00,14694,601135,3953454,7
2026-09-20T11:10:46.472563+00:00,14695,601161,3953414,7
2026-09-20T11:10:46.489794+00:00,14696,601186,3953178,7
2026-09-20T11:10:46.521893+00:00,14697,601211,3953547,7
2026-09-20T11:10:46.536869+00:00,14698,601236,3953605,7
2026-09-20T11:10:46.568880+00:00,14699,601261,3953445,7
2026-09-20T11:10:46.584882+00:00,14700,601286,3953577,7
2026-09-20T11:10:46.616901+00:00,14701,601312,3953876,7
2026-09-20T11:10:46.648849+00:00,14702,601337,3953394,7
2026-09-20T11:10:46.664853+00:00,14703,601362,3953059,7
2026-09-20T11:10:46.697900+00:00,14704,601387,3953252,7
2026-09-20T11:10:46.713471+00:00,14705,601412,3953296,7
2026-09-20T11:10:46.745484+00:00,14706,601438,3952830,7
2026-09-20T11:10:46.761473+00:00,14707,601463,3952876,7
2026-09-20T11:10:46.793659+00:00,14708,601488,3953137,7
2026-09-20T11:10:46.825472+00:00,14709,601513,3953309,7
2026-09-20T11:10:46.841474+00:00,14710,601538,3953483,7
2026-09-20T11:10:46.872864+00:00,14711,601563,3954112,7
2026-09-20T11:10:46.888809+00:00,14712,601589,3954346,7
2026-09-20T11:10:46.921802+00:00,14713,601614,3954138,7
2026-09-20T11:10:46.937706+00:00,14714,601639,3953629,7
2026-09-20T11:10:46.969981+00:00,14715,601664,3953813,7
2026-09-20T11:10:47.002055+00:00,14716,601689,3953443,7
2026-09-20T11:10:47.016686+00:00,14717,601715,3953431,7
2026-09-20T11:10:47.048852+00:00,14718,601740,3953488,7
2026-09-20T11:10:47.064988+00:00,14719,601765,3953546,7
2026-09-20T11:10:47.096854+00:00,14720,601790,3953800,7
2026-09-20T11:10:47.128845+00:00,14721,601815,3953368,7
2026-09-20T11:10:47.144865+00:00,14722,601840,3953824,7
2026-09-20T11:10:47.176842+00:00,14723,601866,3954249,7
2026-09-20T11:10:47.192067+00:00,14724,601891,3954473,7
2026-09-20T11:10:47.225520+00:00,14725,601916,3954767,7
2026-09-20T11:10:47.240844+00:00,14726,601941,3955076,7
2026-09-20T11:10:47.271133+00:00,14727,601966,3955348,7
2026-09-20T11:10:47.303911+00:00,14728,601992,3955235,7
2026-09-20T11:10:47.318813+00:00,14729,602017,3955417,7
2026-09-20T11:10:47.350453+00:00,14730,602042,3955458,7
2026-09-20T11:10:47.367943+00:00,14731,602067,3956047,7
2026-09-20T11:10:47.402108+00:00,14732,602092,3956081,7
2026-09-20T11:10:47.414858+00:00,14733,602117,3955726,7
2026-09-20T11:10:47.450114+00:00,14734,602143,3956048,7
2026-09-20T11:10:47.473406+00:00,14735,602168,3956046,7
2026-09-20T11:10:47.489035+00:00,14736,602193,3956270,7
2026-09-20T11:10:47.523384+00:00,14737,602218,3956075,7
2026-09-20T11:10:47.539008+00:00,14738,602243,3955409,7
2026-09-20T11:10:47.570505+00:00,14739,602269,3955969,7
2026-09-20T11:10:47.586403+00:00,14740,602294,3956039,7
2026-09-20T11:10:47.624857+00:00,14741,602319,3955627,7
2026-09-20T11:10:47.656713+00:00,14742,602344,3956217,7
2026-09-20T11:10:47.673599+00:00,14743,602369,3957223,7
2026-09-20T11:10:47.704859+00:00,14744,602395,3957301,7
2026-09-20T11:10:47.722254+00:00,14745,602420,3956801,7
2026-09-20T11:10:47.753251+00:00,14746,602445,3957269,7
2026-09-20T11:10:47.770076+00:00,14747,602470,3956963,7
2026-09-20T11:10:47.801303+00:00,14748,602495,3956572,7
2026-09-20T11:10:47.833483+00:00,14749,602520,3957610,7
2026-09-20T11:10:47.847711+00:00,14750,602546,3957218,7
2026-09-20T11:10:47.881323+00:00,14751,602571,3956416,7
2026-09-20T11:10:47.896836+00:00,14752,602596,3957413,7
2026-09-20T11:10:47.925156+00:00,14753,602621,3958214,7
2026-09-20T11:10:47.937318+00:00,14754,602646,3958817,7
2026-09-20T11:10:47.970344+00:00,14755,602672,3961266,7
2026-09-20T11:10:48.001038+00:00,14756,602697,3963990,7
2026-09-20T11:10:48.025253+00:00,14757,602722,3967857,7
2026-09-20T11:10:48.057499+00:00,14758,602747,3972869,7
2026-09-20T11:10:48.067595+00:00,14759,602772,3976759,7
2026-09-20T11:10:48.105470+00:00,14760,602797,3983448,7
2026-09-20T11:10:48.121852+00:00,14761,602823,3994989,7
2026-09-20T11:10:48.152867+00:00,14762,602848,4012058,7
2026-09-20T11:10:48.184852+00:00,14763,602873,4042059,7
2026-09-20T11:10:48.201997+00:00,14764,602898,4091288,7
2026-09-20T11:10:48.233866+00:00,14765,602923,4150607,7
2026-09-20T11:10:48.248816+00:00,14766,602949,4202269,7
2026-09-20T11:10:48.281839+00:00,14767,602974,4233025,7
2026-09-20T11:10:48.296843+00:00,14768,602999,4241579,7
2026-09-20T11:10:48.328569+00:00,14769,603024,4226243,7
2026-09-20T11:10:48.361736+00:00,14770,603049,4192370,7
2026-09-20T11:10:48.377238+00:00,14771,603074,4153769,7
2026-09-20T11:10:48.408819+00:00,14772,603100,4117899,7
2026-09-20T11:10:48.426205+00:00,14773,603125,4085833,7
2026-09-20T11:10:48.458513+00:00,14774,603150,4062458,7
2026-09-20T11:10:48.474217+00:00,14775,603175,4045053,7
2026-09-20T11:10:48.505536+00:00,14776,603200,4025635,7
2026-09-20T11:10:48.537844+00:00,14777,603226,4010005,7
2026-09-20T11:10:48.553896+00:00,14778,603251,3999916,7
2026-09-20T11:10:48.585906+00:00,14779,603276,3988862,7
2026-09-20T11:10:48.610832+00:00,14780,603301,3976712,7
2026-09-20T11:10:48.636546+00:00,14781,603326,3966322,7
2026-09-20T11:10:48.667434+00:00,14782,603351,3960962,7
2026-09-20T11:10:48.682001+00:00,14783,603377,3958634,7
2026-09-20T11:10:48.713750+00:00,14784,603402,3955820,7
2026-09-20T11:10:48.729703+00:00,14785,603427,3952098,7
2026-09-20T11:10:48.761706+00:00,14786,603452,3947845,7
2026-09-20T11:10:48.776703+00:00,14787,603477,3946366,7
2026-09-20T11:10:48.809738+00:00,14788,603503,3946463,7
2026-09-20T11:10:48.840708+00:00,14789,603528,3946712,7
2026-09-20T11:10:48.856701+00:00,14790,603553,3944869,7
2026-09-20T11:10:48.888811+00:00,14791,603578,3941588,7
2026-09-20T11:10:48.904843+00:00,14792,603603,3939289,7
2026-09-20T11:10:48.936798+00:00,14793,603629,3938021,7
2026-09-20T11:10:48.953450+00:00,14794,603654,3936215,7
2026-09-20T11:10:48.984809+00:00,14795,603679,3933188,7
2026-09-20T11:10:49.016806+00:00,14796,603704,3930641,7
2026-09-20T11:10:49.032793+00:00,14797,603729,3930425,7
2026-09-20T11:10:49.064799+00:00,14798,603754,3929365,7
2026-09-20T11:10:49.080797+00:00,14799,603780,3922925,7
2026-09-20T11:10:49.112788+00:00,14800,603805,3911949,7
2026-09-20T11:10:49.128800+00:00,14801,603830,3896056,7
2026-09-20T11:10:49.160790+00:00,14802,603855,3858153,7
2026-09-20T11:10:49.192816+00:00,14803,603880,3772666,7
2026-09-20T11:10:49.208789+00:00,14804,603906,3629501,7
2026-09-20T11:10:49.240796+00:00,14805,603931,3455189,7
2026-09-20T11:10:49.257480+00:00,14806,603956,3355166,7
2026-09-20T11:10:49.289579+00:00,14807,603981,3434682,7
2026-09-20T11:10:49.304742+00:00,14808,604006,3578324,7
2026-09-20T11:10:49.336799+00:00,14809,604032,3696061,7
2026-09-20T11:10:49.369882+00:00,14810,604057,3784065,7
2026-09-20T11:10:49.384809+00:00,14811,604082,3845913,7
2026-09-20T11:10:49.416689+00:00,14812,604107,3884032,7
2026-09-20T11:10:49.433820+00:00,14813,604132,3906826,7
2026-09-20T11:10:49.465624+00:00,14814,604157,3922407,7
2026-09-20T11:10:49.481509+00:00,14815,604183,3932368,7
2026-09-20T11:10:49.512779+00:00,14816,604208,3937723,7
2026-09-20T11:10:49.544792+00:00,14817,604233,3941708,7
2026-09-20T11:10:49.560693+00:00,14818,604258,3943995,7
2026-09-20T11:10:49.592774+00:00,14819,604283,3945404,7
2026-09-20T11:10:49.608806+00:00,14820,604309,3946232,7
2026-09-20T11:10:49.641860+00:00,14821,604334,3947169,7
2026-09-20T11:10:49.657876+00:00,14822,604359,3947849,7
2026-09-20T11:10:49.721587+00:00,14823,604411,3949572,7
2026-09-20T11:10:49.737589+00:00,14824,604434,3949818,7
2026-09-20T11:10:49.769588+00:00,14825,604460,3949412,7
2026-09-20T11:10:49.784587+00:00,14826,604485,3949613,7
2026-09-20T11:10:49.817595+00:00,14827,604510,3950051,7
2026-09-20T11:10:49.832602+00:00,14828,604535,3950076,7
2026-09-20T11:10:49.864768+00:00,14829,604560,3950233,7
2026-09-20T11:10:49.896752+00:00,14830,604586,3950027,7
2026-09-20T11:10:49.912768+00:00,14831,604611,3949985,7
2026-09-20T11:10:49.946053+00:00,14832,604636,3949569,7
2026-09-20T11:10:49.960719+00:00,14833,604661,3949945,7
2026-09-20T11:10:49.992654+00:00,14834,604686,3950061,7
2026-09-20T11:10:50.024858+00:00,14835,604712,3950017,7
2026-09-20T11:10:50.040819+00:00,14836,604737,3950487,7
2026-09-20T11:10:50.073973+00:00,14837,604762,3950595,7
2026-09-20T11:10:50.089809+00:00,14838,604787,3950672,7
2026-09-20T11:10:50.122484+00:00,14839,604812,3950730,7
2026-09-20T11:10:50.136784+00:00,14840,604837,3950774,7
2026-09-20T11:10:50.168816+00:00,14841,604863,3950608,7
2026-09-20T11:10:50.200772+00:00,14842,604888,3950825,7
2026-09-20T11:10:50.216809+00:00,14843,604913,3950853,7
2026-09-20T11:10:50.248770+00:00,14844,604938,3951222,7
2026-09-20T11:10:50.264759+00:00,14845,604963,3951081,7
2026-09-20T11:10:50.296765+00:00,14846,604989,3951196,7
2026-09-20T11:10:50.312769+00:00,14847,605014,3950942,7
2026-09-20T11:10:50.344760+00:00,14848,605039,3951015,7
2026-09-20T11:10:50.376799+00:00,14849,605064,3951041,7
2026-09-20T11:10:50.392858+00:00,14850,605089,3950913,7
2026-09-20T11:10:50.424765+00:00,14851,605114,3951102,7
2026-09-20T11:10:50.440904+00:00,14852,605140,3951013,7
2026-09-20T11:10:50.477843+00:00,14853,605165,3950913,7
2026-09-20T11:10:50.489664+00:00,14854,605190,3951334,7
2026-09-20T11:10:50.520769+00:00,14855,605215,3951021,7
2026-09-20T11:10:50.552791+00:00,14856,605240,3950655,7
2026-09-20T11:10:50.568842+00:00,14857,605266,3951332,7
2026-09-20T11:10:50.600765+00:00,14858,605291,3951306,7
2026-09-20T11:10:50.616810+00:00,14859,605316,3951075,7
2026-09-20T11:10:50.649010+00:00,14860,605341,3950881,7
2026-09-20T11:10:50.664760+00:00,14861,605366,3951063,7
2026-09-20T11:10:50.696766+00:00,14862,605391,3950998,7
2026-09-20T11:10:50.728808+00:00,14863,605417,3951213,7
2026-09-20T11:10:50.745751+00:00,14864,605442,3951090,7
2026-09-20T11:10:50.776750+00:00,14865,605467,3951217,7
2026-09-20T11:10:50.793793+00:00,14866,605492,3951600,7
2026-09-20T11:10:50.824776+00:00,14867,605517,3951761,7
2026-09-20T11:10:50.840751+00:00,14868,605543,3951293,7
2026-09-20T11:10:50.873752+00:00,14869,605568,3951221,7
2026-09-20T11:10:50.905356+00:00,14870,605593,3951060,7
2026-09-20T11:10:50.921503+00:00,14871,605618,3950716,7
2026-09-20T11:10:50.952582+00:00,14872,605643,3950941,7
2026-09-20T11:10:50.968759+00:00,14873,605668,3951158,7
2026-09-20T11:10:51.000733+00:00,14874,605694,3950902,7
2026-09-20T11:10:51.016758+00:00,14875,605719,3950637,7
2026-09-20T11:10:51.049775+00:00,14876,605744,3951347,7
2026-09-20T11:10:51.080755+00:00,14877,605769,3951359,7
2026-09-20T11:10:51.085915+00:00,14878,605794,3951184,7
2026-09-20T11:10:51.128738+00:00,14879,605820,3951188,7
2026-09-20T11:10:51.144741+00:00,14880,605845,3951483,7
2026-09-20T11:10:51.176732+00:00,14881,605870,3951532,7
2026-09-20T11:10:51.192744+00:00,14882,605895,3951127,7
2026-09-20T11:10:51.224743+00:00,14883,605920,3951078,7
2026-09-20T11:10:51.256734+00:00,14884,605946,3951511,7
2026-09-20T11:10:51.272687+00:00,14885,605971,3951439,7
2026-09-20T11:10:51.305327+00:00,14886,605996,3950929,7
2026-09-20T11:10:51.321771+00:00,14887,606021,3951306,7
2026-09-20T11:10:51.352762+00:00,14888,606046,3951296,7
2026-09-20T11:10:51.368735+00:00,14889,606071,3951039,7
2026-09-20T11:10:51.401974+00:00,14890,606097,3950831,7
2026-09-20T11:10:51.432743+00:00,14891,606122,3950917,7
2026-09-20T11:10:51.448743+00:00,14892,606147,3951118,7
2026-09-20T11:10:51.480744+00:00,14893,606172,3950880,7
2026-09-20T11:10:51.496734+00:00,14894,606197,3950332,7
2026-09-20T11:10:51.528748+00:00,14895,606223,3950524,7
2026-09-20T11:10:51.560736+00:00,14896,606248,3951008,7
2026-09-20T11:10:51.576709+00:00,14897,606273,3951092,7
2026-09-20T11:10:51.609811+00:00,14898,606298,3950395,7
2026-09-20T11:10:51.627167+00:00,14899,606323,3951271,7
2026-09-20T11:10:51.657473+00:00,14900,606348,3951572,7
2026-09-20T11:10:51.673154+00:00,14901,606374,3950774,7
2026-09-20T11:10:51.705590+00:00,14902,606399,3951470,7
2026-09-20T11:10:51.736590+00:00,14903,606424,3951495,7
2026-09-20T11:10:51.753591+00:00,14904,606449,3951423,7
2026-09-20T11:10:51.785590+00:00,14905,606474,3951446,7
2026-09-20T11:10:51.800625+00:00,14906,606500,3951496,7
2026-09-20T11:10:51.832590+00:00,14907,606525,3951232,7
2026-09-20T11:10:51.849592+00:00,14908,606550,3951191,7
2026-09-20T11:10:51.880769+00:00,14909,606575,3951298,7
2026-09-20T11:10:51.912735+00:00,14910,606600,3951481,7
2026-09-20T11:10:51.928737+00:00,14911,606626,3951814,7
2026-09-20T11:10:51.960735+00:00,14912,606651,3952007,7
2026-09-20T11:10:51.976729+00:00,14913,606676,3951462,7
2026-09-20T11:10:52.008737+00:00,14914,606701,3951407,7
2026-09-20T11:10:52.024754+00:00,14915,606726,3951718,7
2026-09-20T11:10:52.056635+00:00,14916,606751,3951180,7
2026-09-20T11:10:52.088814+00:00,14917,606777,3951267,7
2026-09-20T11:10:52.105488+00:00,14918,606802,3951308,7
2026-09-20T11:10:52.136666+00:00,14919,606827,3951424,7
2026-09-20T11:10:52.152717+00:00,14920,606852,3951710,7
2026-09-20T11:10:52.184715+00:00,14921,606877,3951815,7
2026-09-20T11:10:52.200676+00:00,14922,606903,3951472,7
2026-09-20T11:10:52.232717+00:00,14923,606928,3951519,7
2026-09-20T11:10:52.264682+00:00,14924,606953,3951566,7
2026-09-20T11:10:52.280721+00:00,14925,606978,3951610,7
2026-09-20T11:10:52.312501+00:00,14926,607003,3951421,7
2026-09-20T11:10:52.329755+00:00,14927,607028,3951458,7
2026-09-20T11:10:52.360726+00:00,14928,607054,3951377,7
2026-09-20T11:10:52.377220+00:00,14929,607079,3951379,7
2026-09-20T11:10:52.408700+00:00,14930,607104,3951425,7
2026-09-20T11:10:52.441780+00:00,14931,607129,3951740,7
2026-09-20T11:10:52.457564+00:00,14932,607154,3951729,7
2026-09-20T11:10:52.488832+00:00,14933,607180,3951733,7
2026-09-20T11:10:52.507783+00:00,14934,607205,3951469,7
2026-09-20T11:10:52.537829+00:00,14935,607230,3951565,7
2026-09-20T11:10:52.552743+00:00,14936,607255,3951805,7
2026-09-20T11:10:52.584706+00:00,14937,607280,3951939,7
2026-09-20T11:10:52.616702+00:00,14938,607306,3951912,7
2026-09-20T11:10:52.632706+00:00,14939,607331,3951421,7
2026-09-20T11:10:52.665939+00:00,14940,607356,3950818,7
2026-09-20T11:10:52.681639+00:00,14941,607381,3951529,7
2026-09-20T11:10:52.713765+00:00,14942,607406,3951683,7
2026-09-20T11:10:52.729738+00:00,14943,607432,3951945,7
2026-09-20T11:10:52.760737+00:00,14944,607457,3951888,7
2026-09-20T11:10:52.792757+00:00,14945,607482,3952462,7
2026-09-20T11:10:52.808738+00:00,14946,607507,3953379,7
2026-09-20T11:10:52.841740+00:00,14947,607532,3953673,7
2026-09-20T11:10:52.856735+00:00,14948,607557,3955059,7
2026-09-20T11:10:52.888407+00:00,14949,607583,3956892,7
2026-09-20T11:10:52.905756+00:00,14950,607608,3958869,7
2026-09-20T11:10:52.936693+00:00,14951,607633,3961535,7
2026-09-20T11:10:52.968745+00:00,14952,607658,3964278,7
2026-09-20T11:10:52.984709+00:00,14953,607683,3967720,7
2026-09-20T11:10:53.016628+00:00,14954,607709,3972679,7
2026-09-20T11:10:53.032691+00:00,14955,607734,3979751,7
2026-09-20T11:10:53.064711+00:00,14956,607759,3989434,7
2026-09-20T11:10:53.096703+00:00,14957,607784,4001556,7
2026-09-20T11:10:53.112707+00:00,14958,607809,4018309,7
2026-09-20T11:10:53.144698+00:00,14959,607834,4038230,7
2026-09-20T11:10:53.160688+00:00,14960,607860,4067294,7
2026-09-20T11:10:53.192732+00:00,14961,607885,4114234,7
2026-09-20T11:10:53.208673+00:00,14962,607910,4164339,7
2026-09-20T11:10:53.240674+00:00,14963,607935,4191845,7
2026-09-20T11:10:53.273162+00:00,14964,607960,4196609,7
2026-09-20T11:10:53.288627+00:00,14965,607986,4187246,7
2026-09-20T11:10:53.321568+00:00,14966,608011,4170796,7
2026-09-20T11:10:53.337776+00:00,14967,608036,4152432,7
2026-09-20T11:10:53.368773+00:00,14968,608061,4130352,7
2026-09-20T11:10:53.386460+00:00,14969,608086,4103462,7
2026-09-20T11:10:53.416690+00:00,14970,608111,4081746,7
2026-09-20T11:10:53.448685+00:00,14971,608137,4063288,7
2026-09-20T11:10:53.464682+00:00,14972,608162,4047423,7
2026-09-20T11:10:53.496682+00:00,14973,608187,4038367,7
2026-09-20T11:10:53.513909+00:00,14974,608212,4029958,7
2026-09-20T11:10:53.544674+00:00,14975,608237,4019850,7
2026-09-20T11:10:53.560690+00:00,14976,608263,4008993,7
2026-09-20T11:10:53.592693+00:00,14977,608288,3996436,7
2026-09-20T11:10:53.625208+00:00,14978,608313,3982929,7
2026-09-20T11:10:53.641897+00:00,14979,608338,3971319,7
2026-09-20T11:10:53.674319+00:00,14980,608363,3961949,7
2026-09-20T11:10:53.691917+00:00,14981,608389,3955781,7
2026-09-20T11:10:53.722129+00:00,14982,608414,3950866,7
2026-09-20T11:10:53.737188+00:00,14983,608439,3944545,7
2026-09-20T11:10:53.769127+00:00,14984,608464,3933086,7
2026-09-20T11:10:53.801142+00:00,14985,608489,3906114,7
2026-09-20T11:10:53.817126+00:00,14986,608514,3852787,7
2026-09-20T11:10:53.849130+00:00,14987,608540,3755742,7
2026-09-20T11:10:53.864694+00:00,14988,608565,3607256,7
2026-09-20T11:10:53.896673+00:00,14989,608590,3435794,7
2026-09-20T11:10:53.913086+00:00,14990,608615,3345982,7
2026-09-20T11:10:53.945277+00:00,14991,608640,3428146,7
2026-09-20T11:10:53.976625+00:00,14992,608666,3571420,7
2026-09-20T11:10:53.992658+00:00,14993,608691,3691998,7
2026-09-20T11:10:54.024676+00:00,14994,608716,3783208,7
2026-09-20T11:10:54.040685+00:00,14995,608741,3845360,7
2026-09-20T11:10:54.073166+00:00,14996,608766,3884102,7
2026-09-20T11:10:54.088842+00:00,14997,608791,3908853,7
2026-09-20T11:10:54.120676+00:00,14998,608817,3924784,7
2026-09-20T11:10:54.152673+00:00,14999,608842,3933985,7
2026-09-20T11:10:54.168669+00:00,15000,608867,3939221,7
2026-09-20T11:10:54.200622+00:00,15001,608892,3943418,7
2026-09-20T11:10:54.216670+00:00,15002,608917,3946157,7
2026-09-20T11:10:54.249696+00:00,15003,608943,3947653,7
2026-09-20T11:10:54.264660+00:00,15004,608968,3948805,7
2026-09-20T11:10:54.296657+00:00,15005,608993,3949874,7
2026-09-20T11:10:54.328673+00:00,15006,609018,3950685,7
2026-09-20T11:10:54.377350+00:00,15007,609075,3950725,7
2026-09-20T11:10:54.393729+00:00,15008,609094,3951894,7
2026-09-20T11:10:54.426164+00:00,15009,609119,3951904,7
2026-09-20T11:10:54.441360+00:00,15010,609144,3951945,7
2026-09-20T11:10:54.473359+00:00,15011,609169,3952012,7
2026-09-20T11:10:54.505493+00:00,15012,609194,3952226,7
2026-09-20T11:10:54.520562+00:00,15013,609220,3952330,7
2026-09-20T11:10:54.553799+00:00,15014,609245,3952030,7
2026-09-20T11:10:54.569914+00:00,15015,609270,3951967,7
2026-09-20T11:10:54.600658+00:00,15016,609295,3952276,7
2026-09-20T11:10:54.632658+00:00,15017,609320,3952515,7
2026-09-20T11:10:54.649364+00:00,15018,609346,3952774,7
2026-09-20T11:10:54.680684+00:00,15019,609371,3952893,7
2026-09-20T11:10:54.696658+00:00,15020,609396,3952141,7
2026-09-20T11:10:54.729506+00:00,15021,609421,3951871,7
2026-09-20T11:10:54.745623+00:00,15022,609446,3952370,7
2026-09-20T11:10:54.777569+00:00,15023,609471,3952472,7
2026-09-20T11:10:54.809562+00:00,15024,609497,3952612,7
2026-09-20T11:10:54.825500+00:00,15025,609522,3952874,7
2026-09-20T11:10:54.857501+00:00,15026,609547,3952722,7
2026-09-20T11:10:54.873499+00:00,15027,609572,3952576,7
2026-09-20T11:10:54.905502+00:00,15028,609597,3952504,7
2026-09-20T11:10:54.920643+00:00,15029,609623,3952875,7
2026-09-20T11:10:54.952646+00:00,15030,609648,3953257,7
2026-09-20T11:10:54.984662+00:00,15031,609673,3952900,7
2026-09-20T11:10:55.000636+00:00,15032,609698,3952917,7
2026-09-20T11:10:55.032659+00:00,15033,609723,3952644,7
2026-09-20T11:10:55.048597+00:00,15034,609748,3952358,7
2026-09-20T11:10:55.080660+00:00,15035,609774,3952941,7
2026-09-20T11:10:55.097329+00:00,15036,609799,3953091,7
2026-09-20T11:10:55.128639+00:00,15037,609824,3953068,7
2026-09-20T11:10:55.160634+00:00,15038,609849,3953046,7
2026-09-20T11:10:55.176644+00:00,15039,609874,3953032,7
2026-09-20T11:10:55.208648+00:00,15040,609900,3953026,7
2026-09-20T11:10:55.224640+00:00,15041,609925,3952879,7
2026-09-20T11:10:55.257207+00:00,15042,609950,3952870,7
2026-09-20T11:10:55.273157+00:00,15043,609975,3953648,7
2026-09-20T11:10:55.304465+00:00,15044,610000,3953423,7
2026-09-20T11:10:55.336640+00:00,15045,610025,3953160,7
2026-09-20T11:10:55.352646+00:00,15046,610051,3953176,7
2026-09-20T11:10:55.384636+00:00,15047,610076,3952884,7
2026-09-20T11:10:55.395434+00:00,15048,610101,3952550,7
2026-09-20T11:10:55.427098+00:00,15049,610126,3952746,7
2026-09-20T11:10:55.442519+00:00,15050,610151,3953158,7
2026-09-20T11:10:55.473555+00:00,15051,610177,3952867,7
2026-09-20T11:10:55.512633+00:00,15052,610202,3953015,7
2026-09-20T11:10:55.528619+00:00,15053,610227,3953047,7
2026-09-20T11:10:55.557849+00:00,15054,610252,3953372,7
2026-09-20T11:10:55.576627+00:00,15055,610277,3953340,7
2026-09-20T11:10:55.606532+00:00,15056,610303,3952812,7
2026-09-20T11:10:55.622168+00:00,15057,610328,3952858,7
2026-09-20T11:10:55.653826+00:00,15058,610353,3952930,7
2026-09-20T11:10:55.687977+00:00,15059,610378,3952990,7
2026-09-20T11:10:55.703675+00:00,15060,610403,3953053,7
2026-09-20T11:10:55.737709+00:00,15061,610428,3953005,7
2026-09-20T11:10:55.755106+00:00,15062,610454,3952969,7
2026-09-20T11:10:55.770726+00:00,15063,610479,3953355,7
2026-09-20T11:10:55.788870+00:00,15064,610504,3953521,7
2026-09-20T11:10:55.856841+00:00,15065,610529,3953273,7
2026-09-20T11:10:55.856841+00:00,15066,610554,3952944,7
2026-09-20T11:10:55.883231+00:00,15067,610580,3952581,7
2026-09-20T11:10:55.904076+00:00,15068,610605,3953037,7
2026-09-20T11:10:55.926217+00:00,15069,610630,3953248,7
2026-09-20T11:10:55.957469+00:00,15070,610655,3952937,7
2026-09-20T11:10:55.990231+00:00,15071,610680,3952841,7
2026-09-20T11:10:56.004765+00:00,15072,610705,3953395,7
2026-09-20T11:10:56.041732+00:00,15073,610731,3953365,7
2026-09-20T11:10:56.053082+00:00,15074,610756,3953599,7
2026-09-20T11:10:56.090162+00:00,15075,610781,3953373,7
2026-09-20T11:10:56.093754+00:00,15076,610806,3953068,7
2026-09-20T11:10:56.123423+00:00,15077,610831,3953247,7
2026-09-20T11:10:56.154681+00:00,15078,610857,3953175,7
2026-09-20T11:10:56.186101+00:00,15079,610882,3952896,7
2026-09-20T11:10:56.217849+00:00,15080,610907,3953033,7
2026-09-20T11:10:56.233348+00:00,15081,610932,3953289,7
2026-09-20T11:10:56.264818+00:00,15082,610957,3952913,7
2026-09-20T11:10:56.280656+00:00,15083,610982,3952800,7
2026-09-20T11:10:56.312551+00:00,15084,611008,3952901,7
2026-09-20T11:10:56.345836+00:00,15085,611033,3953218,7
2026-09-20T11:10:56.363961+00:00,15086,611058,3953119,7
2026-09-20T11:10:56.393694+00:00,15087,611083,3953054,7
2026-09-20T11:10:56.410652+00:00,15088,611108,3953171,7
2026-09-20T11:10:56.442625+00:00,15089,611134,3953301,7
2026-09-20T11:10:56.456620+00:00,15090,611159,3952989,7
2026-09-20T11:10:56.489866+00:00,15091,611184,3952638,7
2026-09-20T11:10:56.520634+00:00,15092,611209,3953215,7
2026-09-20T11:10:56.536616+00:00,15093,611234,3953285,7
2026-09-20T11:10:56.568599+00:00,15094,611260,3952859,7
2026-09-20T11:10:56.584434+00:00,15095,611285,3953021,7
2026-09-20T11:10:56.620578+00:00,15096,611310,3953427,7
2026-09-20T11:10:56.632612+00:00,15097,611335,3953211,7
2026-09-20T11:10:56.664613+00:00,15098,611360,3952974,7
2026-09-20T11:10:56.696674+00:00,15099,611385,3952373,7
2026-09-20T11:10:56.712700+00:00,15100,611411,3952710,7
2026-09-20T11:10:56.744702+00:00,15101,611436,3952889,7
2026-09-20T11:10:56.762702+00:00,15102,611461,3953090,7
2026-09-20T11:10:56.794714+00:00,15103,611486,3953228,7
2026-09-20T11:10:56.809704+00:00,15104,611511,3953144,7
2026-09-20T11:10:56.840702+00:00,15105,611536,3953538,7
2026-09-20T11:10:56.872700+00:00,15106,611562,3953934,7
2026-09-20T11:10:56.888846+00:00,15107,611587,3954460,7
2026-09-20T11:10:56.920557+00:00,15108,611612,3954723,7
2026-09-20T11:10:56.936609+00:00,15109,611637,3954787,7
2026-09-20T11:10:56.969683+00:00,15110,611662,3954629,7
2026-09-20T11:10:56.984592+00:00,15111,611688,3955026,7
2026-09-20T11:10:57.017652+00:00,15112,611713,3955052,7
2026-09-20T11:10:57.048637+00:00,15113,611738,3955488,7
2026-09-20T11:10:57.065643+00:00,15114,611763,3956103,7
2026-09-20T11:10:57.096602+00:00,15115,611788,3956739,7
2026-09-20T11:10:57.112589+00:00,15116,611813,3957014,7
2026-09-20T11:10:57.144599+00:00,15117,611839,3956804,7
2026-09-20T11:10:57.160600+00:00,15118,611864,3957316,7
2026-09-20T11:10:57.193644+00:00,15119,611889,3958933,7
2026-09-20T11:10:57.224599+00:00,15120,611914,3960654,7
2026-09-20T11:10:57.240603+00:00,15121,611939,3961322,7
2026-09-20T11:10:57.273183+00:00,15122,611965,3961169,7
2026-09-20T11:10:57.288716+00:00,15123,611990,3962445,7
2026-09-20T11:10:57.321607+00:00,15124,612015,3964214,7
2026-09-20T11:10:57.336596+00:00,15125,612040,3966370,7
2026-09-20T11:10:57.368433+00:00,15126,612065,3968518,7
2026-09-20T11:10:57.400643+00:00,15127,612090,3972474,7
2026-09-20T11:10:57.419827+00:00,15128,612116,3974569,7
2026-09-20T11:10:57.449734+00:00,15129,612141,3979521,7
2026-09-20T11:10:57.469677+00:00,15130,612166,3990392,7
2026-09-20T11:10:57.496667+00:00,15131,612191,4003764,7
2026-09-20T11:10:57.513599+00:00,15132,612216,4022504,7
2026-09-20T11:10:57.544597+00:00,15133,612242,4053107,7
2026-09-20T11:10:57.576580+00:00,15134,612267,4095015,7
2026-09-20T11:10:57.592576+00:00,15135,612292,4135314,7
2026-09-20T11:10:57.625256+00:00,15136,612317,4168682,7
2026-09-20T11:10:57.641322+00:00,15137,612342,4189106,7
2026-09-20T11:10:57.675191+00:00,15138,612367,4194096,7
2026-09-20T11:10:57.704483+00:00,15139,612393,4186380,7
2026-09-20T11:10:57.720577+00:00,15140,612418,4172068,7
2026-09-20T11:10:57.753705+00:00,15141,612443,4152622,7
2026-09-20T11:10:57.771613+00:00,15142,612468,4130672,7
2026-09-20T11:10:57.800604+00:00,15143,612493,4106825,7
2026-09-20T11:10:57.817606+00:00,15144,612519,4083017,7
2026-09-20T11:10:57.849607+00:00,15145,612544,4061879,7
2026-09-20T11:10:57.880605+00:00,15146,612569,4042297,7
2026-09-20T11:10:57.896605+00:00,15147,612594,4026807,7
2026-09-20T11:10:57.928572+00:00,15148,612619,4014475,7
2026-09-20T11:10:57.945969+00:00,15149,612644,4002948,7
2026-09-20T11:10:57.976584+00:00,15150,612670,3993654,7
2026-09-20T11:10:57.992984+00:00,15151,612695,3989765,7
2026-09-20T11:10:58.024595+00:00,15152,612720,3988886,7
2026-09-20T11:10:58.057485+00:00,15153,612745,3984701,7
2026-09-20T11:10:58.073623+00:00,15154,612770,3978811,7
2026-09-20T11:10:58.104667+00:00,15155,612796,3973022,7
2026-09-20T11:10:58.122224+00:00,15156,612821,3969447,7
2026-09-20T11:10:58.152564+00:00,15157,612846,3967549,7
2026-09-20T11:10:58.168584+00:00,15158,612871,3965710,7
2026-09-20T11:10:58.201341+00:00,15159,612896,3964248,7
2026-09-20T11:10:58.232612+00:00,15160,612922,3962998,7
2026-09-20T11:10:58.248584+00:00,15161,612947,3960986,7
2026-09-20T11:10:58.281726+00:00,15162,612972,3958130,7
2026-09-20T11:10:58.296582+00:00,15163,612997,3955381,7
2026-09-20T11:10:58.329288+00:00,15164,613022,3954473,7
2026-09-20T11:10:58.344559+00:00,15165,613047,3955038,7
2026-09-20T11:10:58.376544+00:00,15166,613073,3954347,7
2026-09-20T11:10:58.408972+00:00,15167,613098,3954266,7
2026-09-20T11:10:58.424554+00:00,15168,613123,3955359,7
2026-09-20T11:10:58.456570+00:00,15169,613148,3954846,7
2026-09-20T11:10:58.473491+00:00,15170,613173,3951526,7
2026-09-20T11:10:58.505505+00:00,15171,613199,3947903,7
2026-09-20T11:10:58.522624+00:00,15172,613224,3947066,7
2026-09-20T11:10:58.553909+00:00,15173,613249,3944604,7
2026-09-20T11:10:58.584558+00:00,15174,613274,3933371,7
2026-09-20T11:10:58.602695+00:00,15175,613299,3904531,7
2026-09-20T11:10:58.632559+00:00,15176,613324,3831292,7
2026-09-20T11:10:58.648566+00:00,15177,613350,3691920,7
2026-09-20T11:10:58.680752+00:00,15178,613375,3511068,7
2026-09-20T11:10:58.696560+00:00,15179,613400,3363757,7
2026-09-20T11:10:58.728563+00:00,15180,613425,3386911,7
2026-09-20T11:10:58.760546+00:00,15181,613450,3531958,7
2026-09-20T11:10:58.776565+00:00,15182,613476,3668419,7
2026-09-20T11:10:58.808536+00:00,15183,613501,3770066,7
2026-09-20T11:10:58.824521+00:00,15184,613526,3835893,7
2026-09-20T11:10:58.857608+00:00,15185,613551,3878513,7
2026-09-20T11:10:58.874521+00:00,15186,613576,3907335,7
2026-09-20T11:10:58.905506+00:00,15187,613602,3926655,7
2026-09-20T11:10:58.936537+00:00,15188,613627,3937878,7
2026-09-20T11:10:58.952542+00:00,15189,613652,3944378,7
2026-09-20T11:10:58.984559+00:00,15190,613677,3948858,7
2026-09-20T11:10:59.000553+00:00,15191,613702,3951635,7
2026-09-20T11:10:59.032548+00:00,15192,613727,3953449,7
2026-09-20T11:10:59.048537+00:00,15193,613753,3954487,7
2026-09-20T11:10:59.080498+00:00,15194,613778,3955235,7
2026-09-20T11:10:59.112483+00:00,15195,613803,3956512,7
2026-09-20T11:10:59.161786+00:00,15196,613862,3956899,7
2026-09-20T11:10:59.177793+00:00,15197,613879,3957697,7
2026-09-20T11:10:59.209125+00:00,15198,613904,3958117,7
2026-09-20T11:10:59.240528+00:00,15199,613929,3958027,7
2026-09-20T11:10:59.256499+00:00,15200,613954,3957896,7
2026-09-20T11:10:59.288844+00:00,15201,613979,3958236,7
2026-09-20T11:10:59.304632+00:00,15202,614004,3958668,7
2026-09-20T11:10:59.336544+00:00,15203,614030,3958424,7
2026-09-20T11:10:59.352534+00:00,15204,614055,3958279,7
2026-09-20T11:10:59.386714+00:00,15205,614080,3959088,7
2026-09-20T11:10:59.416592+00:00,15206,614105,3958811,7
2026-09-20T11:10:59.432544+00:00,15207,614130,3958773,7
2026-09-20T11:10:59.464526+00:00,15208,614156,3959111,7
2026-09-20T11:10:59.482863+00:00,15209,614181,3958749,7
2026-09-20T11:10:59.512539+00:00,15210,614206,3959441,7
2026-09-20T11:10:59.528527+00:00,15211,614231,3959808,7
2026-09-20T11:10:59.560533+00:00,15212,614256,3959542,7
2026-09-20T11:10:59.592522+00:00,15213,614282,3959126,7
2026-09-20T11:10:59.608515+00:00,15214,614307,3959295,7
2026-09-20T11:10:59.640740+00:00,15215,614332,3959265,7
2026-09-20T11:10:59.656543+00:00,15216,614357,3959414,7
2026-09-20T11:10:59.689772+00:00,15217,614382,3959551,7
2026-09-20T11:10:59.704838+00:00,15218,614407,3959114,7
2026-09-20T11:10:59.736838+00:00,15219,614433,3959283,7
2026-09-20T11:10:59.768980+00:00,15220,614458,3959827,7
2026-09-20T11:10:59.784839+00:00,15221,614483,3959792,7
2026-09-20T11:10:59.816839+00:00,15222,614508,3959786,7
2026-09-20T11:10:59.832838+00:00,15223,614533,3959912,7
2026-09-20T11:10:59.864457+00:00,15224,614559,3959620,7
2026-09-20T11:10:59.880569+00:00,15225,614584,3959424,7
2026-09-20T11:10:59.912525+00:00,15226,614609,3959294,7
2026-09-20T11:10:59.944527+00:00,15227,614634,3959612,7
2026-09-20T11:10:59.960517+00:00,15228,614659,3959696,7
2026-09-20T11:10:59.992503+00:00,15229,614685,3959513,7
2026-09-20T11:11:00.008513+00:00,15230,614710,3959231,7
2026-09-20T11:11:00.040865+00:00,15231,614735,3958971,7
2026-09-20T11:11:00.056615+00:00,15232,614760,3958960,7
2026-09-20T11:11:00.088724+00:00,15233,614785,3959233,7
2026-09-20T11:11:00.120456+00:00,15234,614810,3959596,7
2026-09-20T11:11:00.136524+00:00,15235,614836,3959292,7
2026-09-20T11:11:00.168534+00:00,15236,614861,3959031,7
2026-09-20T11:11:00.185198+00:00,15237,614886,3959355,7
2026-09-20T11:11:00.216514+00:00,15238,614911,3959481,7
2026-09-20T11:11:00.232520+00:00,15239,614936,3959640,7
2026-09-20T11:11:00.265553+00:00,15240,614962,3959117,7
2026-09-20T11:11:00.296709+00:00,15241,614987,3959129,7
2026-09-20T11:11:00.312510+00:00,15242,615012,3959371,7
2026-09-20T11:11:00.345352+00:00,15243,615037,3959483,7
2026-09-20T11:11:00.360512+00:00,15244,615062,3959271,7
2026-09-20T11:11:00.392505+00:00,15245,615087,3959559,7
2026-09-20T11:11:00.408501+00:00,15246,615113,3959108,7
2026-09-20T11:11:00.440530+00:00,15247,615138,3958856,7
2026-09-20T11:11:00.473456+00:00,15248,615163,3959247,7
2026-09-20T11:11:00.489498+00:00,15249,615188,3959206,7
2026-09-20T11:11:00.520506+00:00,15250,615213,3959640,7
2026-09-20T11:11:00.538390+00:00,15251,615239,3959690,7
2026-09-20T11:11:00.569540+00:00,15252,615264,3959862,7
2026-09-20T11:11:00.600524+00:00,15253,615289,3960162,7
2026-09-20T11:11:00.616515+00:00,15254,615314,3959795,7
2026-09-20T11:11:00.648574+00:00,15255,615339,3959595,7
2026-09-20T11:11:00.664517+00:00,15256,615365,3959481,7
2026-09-20T11:11:00.696503+00:00,15257,615390,3959371,7
2026-09-20T11:11:00.713536+00:00,15258,615415,3959094,7
2026-09-20T11:11:00.744526+00:00,15259,615440,3958800,7
2026-09-20T11:11:00.776526+00:00,15260,615465,3958975,7
2026-09-20T11:11:00.793529+00:00,15261,615490,3959088,7
2026-09-20T11:11:00.825532+00:00,15262,615516,3959377,7
2026-09-20T11:11:00.841543+00:00,15263,615541,3959253,7
2026-09-20T11:11:00.873318+00:00,15264,615566,3959200,7
2026-09-20T11:11:00.888871+00:00,15265,615591,3959356,7
2026-09-20T11:11:00.920527+00:00,15266,615616,3960064,7
2026-09-20T11:11:00.952483+00:00,15267,615642,3959766,7
2026-09-20T11:11:00.968502+00:00,15268,615667,3959872,7
2026-09-20T11:11:01.000501+00:00,15269,615692,3959917,7
2026-09-20T11:11:01.017556+00:00,15270,615717,3959672,7
2026-09-20T11:11:01.048491+00:00,15271,615742,3959483,7
2026-09-20T11:11:01.065547+00:00,15272,615768,3959431,7
2026-09-20T11:11:01.096534+00:00,15273,615793,3959657,7
2026-09-20T11:11:01.128919+00:00,15274,615818,3960507,7
2026-09-20T11:11:01.144199+00:00,15275,615843,3961003,7
2026-09-20T11:11:01.177992+00:00,15276,615868,3960919,7
2026-09-20T11:11:01.197039+00:00,15277,615893,3960513,7
2026-09-20T11:11:01.224512+00:00,15278,615919,3960388,7
2026-09-20T11:11:01.240488+00:00,15279,615944,3960817,7
2026-09-20T11:11:01.273977+00:00,15280,615969,3960573,7
2026-09-20T11:11:01.304508+00:00,15281,615994,3960729,7
2026-09-20T11:11:01.320485+00:00,15282,616019,3961008,7
2026-09-20T11:11:01.352481+00:00,15283,616045,3961035,7
2026-09-20T11:11:01.368483+00:00,15284,616070,3961031,7
2026-09-20T11:11:01.400520+00:00,15285,616095,3960734,7
2026-09-20T11:11:01.417368+00:00,15286,616120,3961048,7
2026-09-20T11:11:01.448487+00:00,15287,616145,3961653,7
2026-09-20T11:11:01.480468+00:00,15288,616171,3961929,7
2026-09-20T11:11:01.496480+00:00,15289,616196,3962199,7
2026-09-20T11:11:01.528478+00:00,15290,616221,3962193,7
2026-09-20T11:11:01.544516+00:00,15291,616246,3961447,7
2026-09-20T11:11:01.576923+00:00,15292,616271,3961505,7
2026-09-20T11:11:01.593894+00:00,15293,616296,3961577,7
2026-09-20T11:11:01.624474+00:00,15294,616322,3961145,7
2026-09-20T11:11:01.656628+00:00,15295,616347,3960939,7
2026-09-20T11:11:01.673654+00:00,15296,616372,3960290,7
2026-09-20T11:11:01.706344+00:00,15297,616397,3959902,7
2026-09-20T11:11:01.721346+00:00,15298,616422,3960425,7
2026-09-20T11:11:01.752347+00:00,15299,616448,3960897,7
2026-09-20T11:11:01.768344+00:00,15300,616473,3961349,7
2026-09-20T11:11:01.800344+00:00,15301,616498,3961707,7
2026-09-20T11:11:01.832344+00:00,15302,616523,3961966,7
2026-09-20T11:11:01.848350+00:00,15303,616548,3963022,7
2026-09-20T11:11:01.880449+00:00,15304,616574,3963653,7
2026-09-20T11:11:01.896467+00:00,15305,616599,3963970,7
2026-09-20T11:11:01.928469+00:00,15306,616624,3965003,7
2026-09-20T11:11:01.960256+00:00,15307,616649,3966727,7
2026-09-20T11:11:01.976468+00:00,15308,616674,3969476,7
2026-09-20T11:11:02.008473+00:00,15309,616699,3971781,7
2026-09-20T11:11:02.024480+00:00,15310,616725,3973549,7
2026-09-20T11:11:02.056845+00:00,15311,616750,3979674,7
2026-09-20T11:11:02.073526+00:00,15312,616775,3989337,7
2026-09-20T11:11:02.105482+00:00,15313,616800,4002546,7
2026-09-20T11:11:02.136476+00:00,15314,616825,4021736,7
2026-09-20T11:11:02.152462+00:00,15315,616851,4044652,7
2026-09-20T11:11:02.184460+00:00,15316,616876,4066019,7
2026-09-20T11:11:02.200459+00:00,15317,616901,4083383,7
2026-09-20T11:11:02.232459+00:00,15318,616926,4094371,7
2026-09-20T11:11:02.248467+00:00,15319,616951,4096749,7
2026-09-20T11:11:02.280458+00:00,15320,616977,4090950,7
2026-09-20T11:11:02.312164+00:00,15321,617002,4083151,7
2026-09-20T11:11:02.339135+00:00,15322,617027,4076125,7
2026-09-20T11:11:02.360378+00:00,15323,617052,4068634,7
2026-09-20T11:11:02.376469+00:00,15324,617077,4057412,7
2026-09-20T11:11:02.408588+00:00,15325,617103,4044841,7
2026-09-20T11:11:02.427081+00:00,15326,617128,4032864,7
2026-09-20T11:11:02.457462+00:00,15327,617153,4021999,7
2026-09-20T11:11:02.489289+00:00,15328,617178,4014657,7
2026-09-20T11:11:02.504572+00:00,15329,617203,4009464,7
2026-09-20T11:11:02.541354+00:00,15330,617228,4003645,7
2026-09-20T11:11:02.552642+00:00,15331,617254,3997619,7
2026-09-20T11:11:02.586142+00:00,15332,617279,3992548,7
2026-09-20T11:11:02.601237+00:00,15333,617304,3989958,7
2026-09-20T11:11:02.632459+00:00,15334,617329,3987439,7
2026-09-20T11:11:02.664452+00:00,15335,617354,3985279,7
2026-09-20T11:11:02.680364+00:00,15336,617380,3984623,7
2026-09-20T11:11:02.712655+00:00,15337,617405,3983083,7
2026-09-20T11:11:02.728663+00:00,15338,617430,3982544,7
2026-09-20T11:11:02.760653+00:00,15339,617455,3984417,7
2026-09-20T11:11:02.776652+00:00,15340,617480,3986308,7
2026-09-20T11:11:02.808655+00:00,15341,617505,3985460,7
2026-09-20T11:11:02.840651+00:00,15342,617531,3985066,7
2026-09-20T11:11:02.856652+00:00,15343,617556,3984129,7
2026-09-20T11:11:02.888615+00:00,15344,617581,3980042,7
2026-09-20T11:11:02.904569+00:00,15345,617606,3980451,7
2026-09-20T11:11:02.936444+00:00,15346,617631,3982552,7
2026-09-20T11:11:02.952094+00:00,15347,617657,3981597,7
2026-09-20T11:11:02.984465+00:00,15348,617682,3979546,7
2026-09-20T11:11:03.016448+00:00,15349,617707,3978392,7
2026-09-20T11:11:03.032443+00:00,15350,617732,3977925,7
2026-09-20T11:11:03.065465+00:00,15351,617757,3976686,7
2026-09-20T11:11:03.080468+00:00,15352,617783,3974467,7
2026-09-20T11:11:03.112821+00:00,15353,617808,3969627,7
2026-09-20T11:11:03.128512+00:00,15354,617833,3962828,7
2026-09-20T11:11:03.161537+00:00,15355,617858,3959227,7
2026-09-20T11:11:03.192206+00:00,15356,617883,3957867,7
2026-09-20T11:11:03.208404+00:00,15357,617908,3951192,7
2026-09-20T11:11:03.240345+00:00,15358,617934,3932687,7
2026-09-20T11:11:03.257522+00:00,15359,617959,3902521,7
2026-09-20T11:11:03.288896+00:00,15360,617984,3862044,7
2026-09-20T11:11:03.305041+00:00,15361,618009,3802095,7
2026-09-20T11:11:03.337662+00:00,15362,618034,3746246,7
2026-09-20T11:11:03.368447+00:00,15363,618060,3737670,7
2026-09-20T11:11:03.384255+00:00,15364,618085,3777886,7
2026-09-20T11:11:03.418660+00:00,15365,618110,3832090,7
2026-09-20T11:11:03.433611+00:00,15366,618135,3875340,7
2026-09-20T11:11:03.465664+00:00,15367,618160,3905200,7
2026-09-20T11:11:03.496622+00:00,15368,618186,3922936,7
2026-09-20T11:11:03.512427+00:00,15369,618211,3933568,7
2026-09-20T11:11:03.544431+00:00,15370,618236,3941382,7
2026-09-20T11:11:03.560437+00:00,15371,618261,3946489,7
2026-09-20T11:11:03.592429+00:00,15372,618286,3950553,7
2026-09-20T11:11:03.608487+00:00,15373,618312,3953149,7
2026-09-20T11:11:03.640917+00:00,15374,618337,3954331,7
2026-09-20T11:11:03.672508+00:00,15375,618362,3955551,7
2026-09-20T11:11:03.688768+00:00,15376,618387,3956182,7
2026-09-20T11:11:03.720724+00:00,15377,618412,3957054,7
2026-09-20T11:11:03.784723+00:00,15378,618474,3957481,7
2026-09-20T11:11:03.786723+00:00,15379,618488,3957670,7
2026-09-20T11:11:03.816725+00:00,15380,618513,3958221,7
2026-09-20T11:11:03.848728+00:00,15381,618538,3958454,7
2026-09-20T11:11:03.864414+00:00,15382,618563,3958582,7
2026-09-20T11:11:03.896422+00:00,15383,618589,3958698,7
2026-09-20T11:11:03.912426+00:00,15384,618614,3959261,7
2026-09-20T11:11:03.944422+00:00,15385,618639,3959506,7
2026-09-20T11:11:03.960417+00:00,15386,618664,3959469,7
2026-09-20T11:11:03.992400+00:00,15387,618689,3959046,7
2026-09-20T11:11:04.024432+00:00,15388,618715,3959009,7
2026-09-20T11:11:04.040662+00:00,15389,618740,3959268,7
2026-09-20T11:11:04.072373+00:00,15390,618765,3959262,7
2026-09-20T11:11:04.088674+00:00,15391,618790,3959156,7
2026-09-20T11:11:04.120439+00:00,15392,618815,3959173,7
2026-09-20T11:11:04.136435+00:00,15393,618840,3959221,7
2026-09-20T11:11:04.169479+00:00,15394,618866,3959096,7
2026-09-20T11:11:04.200425+00:00,15395,618891,3959219,7
2026-09-20T11:11:04.216432+00:00,15396,618916,3959637,7
2026-09-20T11:11:04.248443+00:00,15397,618941,3959241,7
2026-09-20T11:11:04.264426+00:00,15398,618966,3959517,7
2026-09-20T11:11:04.296411+00:00,15399,618992,3959948,7
2026-09-20T11:11:04.312409+00:00,15400,619017,3959809,7
2026-09-20T11:11:04.344417+00:00,15401,619042,3959518,7
2026-09-20T11:11:04.376416+00:00,15402,619067,3959602,7
2026-09-20T11:11:04.392960+00:00,15403,619092,3959669,7
2026-09-20T11:11:04.425230+00:00,15404,619118,3959947,7
2026-09-20T11:11:04.441060+00:00,15405,619143,3959880,7
2026-09-20T11:11:04.473229+00:00,15406,619168,3960029,7
2026-09-20T11:11:04.488326+00:00,15407,619193,3959701,7
2026-09-20T11:11:04.522535+00:00,15408,619218,3959546,7
2026-09-20T11:11:04.553553+00:00,15409,619243,3959603,7
2026-09-20T11:11:04.571576+00:00,15410,619269,3959583,7
2026-09-20T11:11:04.600399+00:00,15411,619294,3959874,7
2026-09-20T11:11:04.616410+00:00,15412,619319,3960092,7
2026-09-20T11:11:04.648408+00:00,15413,619344,3959818,7
2026-09-20T11:11:04.664412+00:00,15414,619369,3959464,7
2026-09-20T11:11:04.696380+00:00,15415,619395,3959737,7
2026-09-20T11:11:04.728410+00:00,15416,619420,3960201,7
2026-09-20T11:11:04.744415+00:00,15417,619445,3959430,7
2026-09-20T11:11:04.776429+00:00,15418,619470,3959344,7
2026-09-20T11:11:04.792411+00:00,15419,619495,3959896,7
2026-09-20T11:11:04.824410+00:00,15420,619520,3960602,7
2026-09-20T11:11:04.856406+00:00,15421,619546,3960234,7
2026-09-20T11:11:04.873335+00:00,15422,619571,3959820,7
2026-09-20T11:11:04.905100+00:00,15423,619596,3959848,7
2026-09-20T11:11:04.920425+00:00,15424,619621,3959680,7
2026-09-20T11:11:04.953486+00:00,15425,619646,3959966,7
2026-09-20T11:11:04.969442+00:00,15426,619672,3960053,7
2026-09-20T11:11:05.000633+00:00,15427,619697,3960072,7
2026-09-20T11:11:05.032183+00:00,15428,619722,3960018,7
2026-09-20T11:11:05.049649+00:00,15429,619747,3960132,7
2026-09-20T11:11:05.081210+00:00,15430,619772,3960036,7
2026-09-20T11:11:05.098108+00:00,15431,619798,3959893,7
2026-09-20T11:11:05.129139+00:00,15432,619823,3960056,7
2026-09-20T11:11:05.145564+00:00,15433,619848,3960040,7
2026-09-20T11:11:05.176414+00:00,15434,619873,3959857,7
2026-09-20T11:11:05.208404+00:00,15435,619898,3959854,7
2026-09-20T11:11:05.225548+00:00,15436,619924,3959698,7
2026-09-20T11:11:05.257639+00:00,15437,619949,3960018,7
2026-09-20T11:11:05.273218+00:00,15438,619974,3960190,7
2026-09-20T11:11:05.307165+00:00,15439,619999,3959761,7
2026-09-20T11:11:05.321753+00:00,15440,620024,3959550,7
2026-09-20T11:11:05.354483+00:00,15441,620049,3959243,7
2026-09-20T11:11:05.384397+00:00,15442,620075,3959236,7
2026-09-20T11:11:05.401552+00:00,15443,620100,3959476,7
2026-09-20T11:11:05.432377+00:00,15444,620125,3960139,7
2026-09-20T11:11:05.449563+00:00,15445,620150,3960343,7
2026-09-20T11:11:05.481470+00:00,15446,620175,3960256,7
2026-09-20T11:11:05.496386+00:00,15447,620201,3960363,7
2026-09-20T11:11:05.529454+00:00,15448,620226,3960563,7
2026-09-20T11:11:05.561154+00:00,15449,620251,3960297,7
2026-09-20T11:11:05.576398+00:00,15450,620276,3960547,7
2026-09-20T11:11:05.610473+00:00,15451,620301,3960856,7
2026-09-20T11:11:05.625226+00:00,15452,620327,3961060,7
2026-09-20T11:11:05.656555+00:00,15453,620352,3960869,7
2026-09-20T11:11:05.673640+00:00,15454,620377,3960870,7
2026-09-20T11:11:05.705283+00:00,15455,620402,3960861,7
2026-09-20T11:11:05.737282+00:00,15456,620427,3961268,7
2026-09-20T11:11:05.752279+00:00,15457,620452,3961272,7
2026-09-20T11:11:05.784282+00:00,15458,620478,3960838,7
2026-09-20T11:11:05.800386+00:00,15459,620503,3961864,7
2026-09-20T11:11:05.832321+00:00,15460,620528,3962793,7
2026-09-20T11:11:05.848287+00:00,15461,620553,3963473,7
2026-09-20T11:11:05.880363+00:00,15462,620578,3963697,7
2026-09-20T11:11:05.912636+00:00,15463,620604,3963997,7
2026-09-20T11:11:05.928382+00:00,15464,620629,3964396,7
2026-09-20T11:11:05.960379+00:00,15465,620654,3964355,7
2026-09-20T11:11:05.976373+00:00,15466,620679,3964369,7
2026-09-20T11:11:06.008380+00:00,15467,620704,3964999,7
2026-09-20T11:11:06.024365+00:00,15468,620730,3966486,7
2026-09-20T11:11:06.057525+00:00,15469,620755,3968022,7
2026-09-20T11:11:06.088869+00:00,15470,620780,3970984,7
2026-09-20T11:11:06.104358+00:00,15471,620805,3975028,7
2026-09-20T11:11:06.136277+00:00,15472,620830,3979355,7
2026-09-20T11:11:06.152370+00:00,15473,620855,3985796,7
2026-09-20T11:11:06.184479+00:00,15474,620881,3997425,7
2026-09-20T11:11:06.216380+00:00,15475,620906,4008938,7
2026-09-20T11:11:06.232372+00:00,15476,620931,4020152,7
2026-09-20T11:11:06.265396+00:00,15477,620956,4037417,7
2026-09-20T11:11:06.280360+00:00,15478,620981,4065860,7
2026-09-20T11:11:06.313388+00:00,15479,621007,4103522,7
2026-09-20T11:11:06.329389+00:00,15480,621032,4140715,7
2026-09-20T11:11:06.362543+00:00,15481,621057,4169910,7
2026-09-20T11:11:06.393392+00:00,15482,621082,4185928,7
2026-09-20T11:11:06.409391+00:00,15483,621107,4187181,7
2026-09-20T11:11:06.440385+00:00,15484,621133,4174998,7
2026-09-20T11:11:06.457389+00:00,15485,621158,4150407,7
2026-09-20T11:11:06.489388+00:00,15486,621183,4121061,7
2026-09-20T11:11:06.505388+00:00,15487,621208,4092277,7
2026-09-20T11:11:06.536384+00:00,15488,621233,4062338,7
2026-09-20T11:11:06.568386+00:00,15489,621258,4036751,7
2026-09-20T11:11:06.584384+00:00,15490,621284,4024696,7
2026-09-20T11:11:06.616384+00:00,15491,621309,4019477,7
2026-09-20T11:11:06.632384+00:00,15492,621334,4010383,7
2026-09-20T11:11:06.665391+00:00,15493,621359,4002040,7
2026-09-20T11:11:06.680385+00:00,15494,621384,3997030,7
2026-09-20T11:11:06.713387+00:00,15495,621410,3988744,7
2026-09-20T11:11:06.744385+00:00,15496,621435,3977066,7
2026-09-20T11:11:06.760384+00:00,15497,621460,3968248,7
2026-09-20T11:11:06.796683+00:00,15498,621487,3967179,7
2026-09-20T11:11:06.809384+00:00,15499,621510,3964253,7
2026-09-20T11:11:06.841386+00:00,15500,621536,3957844,7
2026-09-20T11:11:06.857417+00:00,15501,621561,3952210,7
2026-09-20T11:11:06.890389+00:00,15502,621586,3949251,7
2026-09-20T11:11:06.920387+00:00,15503,621611,3946280,7
2026-09-20T11:11:06.937394+00:00,15504,621636,3940199,7
2026-09-20T11:11:06.968384+00:00,15505,621661,3929797,7
2026-09-20T11:11:06.985389+00:00,15506,621687,3922325,7
2026-09-20T11:11:07.016385+00:00,15507,621712,3917764,7
2026-09-20T11:11:07.033389+00:00,15508,621737,3903100,7
2026-09-20T11:11:07.065397+00:00,15509,621762,3859330,7
2026-09-20T11:11:07.096388+00:00,15510,621787,3770547,7
2026-09-20T11:11:07.113389+00:00,15511,621813,3646887,7
2026-09-20T11:11:07.145395+00:00,15512,621838,3536181,7
2026-09-20T11:11:07.161416+00:00,15513,621863,3522623,7
2026-09-20T11:11:07.192385+00:00,15514,621888,3608422,7
2026-09-20T11:11:07.208386+00:00,15515,621913,3710342,7
2026-09-20T11:11:07.240393+00:00,15516,621939,3792386,7
2026-09-20T11:11:07.272384+00:00,15517,621964,3851965,7
2026-09-20T11:11:07.289388+00:00,15518,621989,3892835,7
2026-09-20T11:11:07.320426+00:00,15519,622014,3917083,7
2026-09-20T11:11:07.336384+00:00,15520,622039,3932559,7
2026-09-20T11:11:07.369389+00:00,15521,622064,3942727,7
2026-09-20T11:11:07.384423+00:00,15522,622090,3948962,7
2026-09-20T11:11:07.417516+00:00,15523,622115,3952817,7
2026-09-20T11:11:07.448388+00:00,15524,622140,3955187,7
2026-09-20T11:11:07.464417+00:00,15525,622165,3957427,7
2026-09-20T11:11:07.501387+00:00,15526,622190,3959005,7
2026-09-20T11:11:07.513387+00:00,15527,622216,3959723,7
2026-09-20T11:11:07.545390+00:00,15528,622241,3960354,7
2026-09-20T11:11:07.593388+00:00,15529,622294,3960961,7
2026-09-20T11:11:07.626633+00:00,15530,622316,3961199,7
2026-09-20T11:11:07.641475+00:00,15531,622341,3961597,7
2026-09-20T11:11:07.673396+00:00,15532,622367,3961791,7
2026-09-20T11:11:07.689388+00:00,15533,622392,3961326,7
2026-09-20T11:11:07.720385+00:00,15534,622417,3961304,7
2026-09-20T11:11:07.752474+00:00,15535,622442,3961620,7
2026-09-20T11:11:07.768452+00:00,15536,622467,3961921,7
2026-09-20T11:11:07.801388+00:00,15537,622493,3961982,7
2026-09-20T11:11:07.816419+00:00,15538,622518,3961986,7
2026-09-20T11:11:07.849434+00:00,15539,622543,3961767,7
2026-09-20T11:11:07.865441+00:00,15540,622568,3961994,7
2026-09-20T11:11:07.896392+00:00,15541,622593,3962482,7
2026-09-20T11:11:07.928404+00:00,15542,622619,3962258,7
2026-09-20T11:11:07.944435+00:00,15543,622644,3962197,7
2026-09-20T11:11:07.977190+00:00,15544,622669,3962578,7
2026-09-20T11:11:07.992229+00:00,15545,622694,3962681,7
2026-09-20T11:11:08.034622+00:00,15546,622719,3962366,7
2026-09-20T11:11:08.041190+00:00,15547,622744,3962345,7
2026-09-20T11:11:08.073278+00:00,15548,622770,3962653,7
2026-09-20T11:11:08.105190+00:00,15549,622795,3962852,7
2026-09-20T11:11:08.122192+00:00,15550,622820,3962840,7
2026-09-20T11:11:08.154191+00:00,15551,622845,3962724,7
2026-09-20T11:11:08.171188+00:00,15552,622870,3962653,7
2026-09-20T11:11:08.202193+00:00,15553,622896,3962557,7
2026-09-20T11:11:08.218192+00:00,15554,622921,3962610,7
2026-09-20T11:11:08.249192+00:00,15555,622946,3962789,7
2026-09-20T11:11:08.281305+00:00,15556,622971,3962840,7
2026-09-20T11:11:08.297233+00:00,15557,622996,3962833,7
2026-09-20T11:11:08.328238+00:00,15558,623022,3962309,7
2026-09-20T11:11:08.344313+00:00,15559,623047,3962320,7
2026-09-20T11:11:08.376199+00:00,15560,623072,3962599,7
2026-09-20T11:11:08.392300+00:00,15561,623097,3962887,7
2026-09-20T11:11:08.425552+00:00,15562,623122,3962659,7
2026-09-20T11:11:08.457199+00:00,15563,623148,3962478,7
2026-09-20T11:11:08.474201+00:00,15564,623173,3962608,7
2026-09-20T11:11:08.505200+00:00,15565,623198,3962504,7
2026-09-20T11:11:08.521825+00:00,15566,623223,3962551,7
2026-09-20T11:11:08.553385+00:00,15567,623248,3962321,7
2026-09-20T11:11:08.568326+00:00,15568,623274,3962847,7
2026-09-20T11:11:08.600308+00:00,15569,623299,3963055,7
2026-09-20T11:11:08.632199+00:00,15570,623324,3962880,7
2026-09-20T11:11:08.649201+00:00,15571,623349,3962760,7
2026-09-20T11:11:08.681199+00:00,15572,623374,3962662,7
2026-09-20T11:11:08.698199+00:00,15573,623399,3962410,7
2026-09-20T11:11:08.729200+00:00,15574,623425,3962787,7
2026-09-20T11:11:08.745325+00:00,15575,623450,3962737,7
2026-09-20T11:11:08.778312+00:00,15576,623475,3963227,7
2026-09-20T11:11:08.809203+00:00,15577,623500,3962907,7
2026-09-20T11:11:08.825361+00:00,15578,623525,3962788,7
2026-09-20T11:11:08.857207+00:00,15579,623551,3962568,7
2026-09-20T11:11:08.873725+00:00,15580,623576,3962530,7
2026-09-20T11:11:08.905199+00:00,15581,623601,3962726,7
2026-09-20T11:11:08.936291+00:00,15582,623626,3962469,7
2026-09-20T11:11:08.952288+00:00,15583,623651,3962681,7
2026-09-20T11:11:08.984284+00:00,15584,623677,3962847,7
2026-09-20T11:11:09.000277+00:00,15585,623702,3963135,7
2026-09-20T11:11:09.032292+00:00,15586,623727,3963202,7
2026-09-20T11:11:09.048290+00:00,15587,623752,3962901,7
2026-09-20T11:11:09.080320+00:00,15588,623777,3962669,7
2026-09-20T11:11:09.112529+00:00,15589,623803,3962429,7
2026-09-20T11:11:09.128304+00:00,15590,623828,3962382,7
2026-09-20T11:11:09.160282+00:00,15591,623853,3962671,7
2026-09-20T11:11:09.176282+00:00,15592,623878,3962916,7
2026-09-20T11:11:09.208293+00:00,15593,623903,3962471,7
2026-09-20T11:11:09.224574+00:00,15594,623928,3962858,7
2026-09-20T11:11:09.257620+00:00,15595,623954,3962953,7
2026-09-20T11:11:09.290621+00:00,15596,623979,3962861,7
2026-09-20T11:11:09.304727+00:00,15597,624004,3963061,7
2026-09-20T11:11:09.336620+00:00,15598,624029,3962516,7
2026-09-20T11:11:09.352620+00:00,15599,624054,3962463,7
2026-09-20T11:11:09.384619+00:00,15600,624080,3962709,7
2026-09-20T11:11:09.401627+00:00,15601,624105,3962667,7
2026-09-20T11:11:09.432619+00:00,15602,624130,3962697,7
2026-09-20T11:11:09.464619+00:00,15603,624155,3963124,7
2026-09-20T11:11:09.481680+00:00,15604,624180,3962936,7
2026-09-20T11:11:09.512620+00:00,15605,624206,3962682,7
2026-09-20T11:11:09.528652+00:00,15606,624231,3962720,7
2026-09-20T11:11:09.560618+00:00,15607,624256,3962615,7
2026-09-20T11:11:09.576649+00:00,15608,624281,3962434,7
2026-09-20T11:11:09.614625+00:00,15609,624306,3962859,7
2026-09-20T11:11:09.640634+00:00,15610,624332,3963201,7
2026-09-20T11:11:09.656618+00:00,15611,624357,3962905,7
2026-09-20T11:11:09.690618+00:00,15612,624382,3962482,7
2026-09-20T11:11:09.704617+00:00,15613,624407,3962275,7
2026-09-20T11:11:09.736642+00:00,15614,624432,3962410,7
2026-09-20T11:11:09.752658+00:00,15615,624457,3962239,7
2026-09-20T11:11:09.784632+00:00,15616,624483,3962613,7
2026-09-20T11:11:09.816620+00:00,15617,624508,3962778,7
2026-09-20T11:11:09.832618+00:00,15618,624533,3962489,7
2026-09-20T11:11:09.864627+00:00,15619,624558,3962171,7
2026-09-20T11:11:09.880618+00:00,15620,624583,3962858,7
2026-09-20T11:11:09.912618+00:00,15621,624609,3963023,7
2026-09-20T11:11:09.928618+00:00,15622,624634,3962696,7
2026-09-20T11:11:09.960617+00:00,15623,624659,3962854,7
2026-09-20T11:11:09.994629+00:00,15624,624684,3962893,7
2026-09-20T11:11:10.010618+00:00,15625,624709,3963108,7
2026-09-20T11:11:10.040619+00:00,15626,624735,3962561,7
2026-09-20T11:11:10.056616+00:00,15627,624760,3962964,7
2026-09-20T11:11:10.088619+00:00,15628,624785,3963055,7
2026-09-20T11:11:10.109617+00:00,15629,624810,3962668,7
2026-09-20T11:11:10.136657+00:00,15630,624835,3962482,7
2026-09-20T11:11:10.169617+00:00,15631,624861,3962388,7
2026-09-20T11:11:10.184678+00:00,15632,624886,3962413,7
2026-09-20T11:11:10.216617+00:00,15633,624911,3962345,7
2026-09-20T11:11:10.232618+00:00,15634,624936,3962592,7
2026-09-20T11:11:10.265619+00:00,15635,624961,3962855,7
2026-09-20T11:11:10.296619+00:00,15636,624987,3962824,7
2026-09-20T11:11:10.312620+00:00,15637,625012,3962697,7
2026-09-20T11:11:10.344642+00:00,15638,625037,3962638,7
2026-09-20T11:11:10.360637+00:00,15639,625062,3963028,7
2026-09-20T11:11:10.392636+00:00,15640,625087,3963026,7
2026-09-20T11:11:10.409308+00:00,15641,625112,3962951,7
2026-09-20T11:11:10.441309+00:00,15642,625138,3962562,7
2026-09-20T11:11:10.472305+00:00,15643,625163,3962356,7
2026-09-20T11:11:10.488306+00:00,15644,625188,3962291,7
2026-09-20T11:11:10.521308+00:00,15645,625213,3962652,7
2026-09-20T11:11:10.536305+00:00,15646,625238,3962911,7
2026-09-20T11:11:10.568313+00:00,15647,625264,3962821,7
2026-09-20T11:11:10.584306+00:00,15648,625289,3963007,7
2026-09-20T11:11:10.616318+00:00,15649,625314,3962682,7
2026-09-20T11:11:10.648305+00:00,15650,625339,3962366,7
2026-09-20T11:11:10.664309+00:00,15651,625364,3962765,7
2026-09-20T11:11:10.696255+00:00,15652,625390,3962474,7
2026-09-20T11:11:10.712392+00:00,15653,625415,3962124,7
2026-09-20T11:11:10.744394+00:00,15654,625440,3962281,7
2026-09-20T11:11:10.760391+00:00,15655,625465,3962416,7
2026-09-20T11:11:10.792414+00:00,15656,625490,3962690,7
2026-09-20T11:11:10.824391+00:00,15657,625516,3962612,7
2026-09-20T11:11:10.840394+00:00,15658,625541,3962352,7
2026-09-20T11:11:10.872397+00:00,15659,625566,3962452,7
2026-09-20T11:11:10.888392+00:00,15660,625591,3962906,7
2026-09-20T11:11:10.920396+00:00,15661,625616,3962861,7
2026-09-20T11:11:10.936587+00:00,15662,625641,3962773,7
2026-09-20T11:11:10.968389+00:00,15663,625667,3962900,7
2026-09-20T11:11:11.000394+00:00,15664,625692,3962913,7
2026-09-20T11:11:11.016395+00:00,15665,625717,3962956,7
2026-09-20T11:11:11.048393+00:00,15666,625742,3963386,7
2026-09-20T11:11:11.064395+00:00,15667,625767,3963144,7
2026-09-20T11:11:11.096391+00:00,15668,625793,3962738,7
2026-09-20T11:11:11.112394+00:00,15669,625818,3962781,7
2026-09-20T11:11:11.144412+00:00,15670,625843,3962728,7
2026-09-20T11:11:11.176392+00:00,15671,625868,3962370,7
2026-09-20T11:11:11.192406+00:00,15672,625893,3962527,7
2026-09-20T11:11:11.226392+00:00,15673,625919,3962663,7
2026-09-20T11:11:11.241423+00:00,15674,625944,3962187,7
2026-09-20T11:11:11.273395+00:00,15675,625969,3962355,7
2026-09-20T11:11:11.288782+00:00,15676,625994,3962754,7
2026-09-20T11:11:11.321261+00:00,15677,626019,3962284,7
2026-09-20T11:11:11.352255+00:00,15678,626045,3962189,7
2026-09-20T11:11:11.368851+00:00,15679,626070,3962150,7
2026-09-20T11:11:11.400564+00:00,15680,626095,3962253,7
2026-09-20T11:11:11.416319+00:00,15681,626120,3962648,7
2026-09-20T11:11:11.448911+00:00,15682,626145,3962659,7
2026-09-20T11:11:11.473993+00:00,15683,626171,3962385,7
2026-09-20T11:11:11.496523+00:00,15684,626196,3962513,7
2026-09-20T11:11:11.528774+00:00,15685,626221,3962653,7
2026-09-20T11:11:11.544925+00:00,15686,626246,3962834,7
2026-09-20T11:11:11.576924+00:00,15687,626271,3962980,7
2026-09-20T11:11:11.592839+00:00,15688,626296,3962437,7
2026-09-20T11:11:11.624767+00:00,15689,626322,3962730,7
2026-09-20T11:11:11.655981+00:00,15690,626347,3962710,7
2026-09-20T11:11:11.671981+00:00,15691,626372,3962558,7
2026-09-20T11:11:11.705839+00:00,15692,626397,3962857,7
2026-09-20T11:11:11.721839+00:00,15693,626422,3962685,7
2026-09-20T11:11:11.751395+00:00,15694,626448,3962668,7
2026-09-20T11:11:11.761913+00:00,15695,626473,3962599,7
2026-09-20T11:11:11.808174+00:00,15696,626498,3962180,7
2026-09-20T11:11:11.836353+00:00,15697,626523,3962233,7
2026-09-20T11:11:11.849424+00:00,15698,626548,3962564,7
2026-09-20T11:11:11.880475+00:00,15699,626574,3962564,7
2026-09-20T11:11:11.898198+00:00,15700,626599,3962082,7
2026-09-20T11:11:11.929498+00:00,15701,626624,3962149,7
2026-09-20T11:11:11.943989+00:00,15702,626649,3962347,7
2026-09-20T11:11:11.972148+00:00,15703,626674,3962500,7
2026-09-20T11:11:12.008992+00:00,15704,626700,3962666,7
2026-09-20T11:11:12.022335+00:00,15705,626725,3962934,7
2026-09-20T11:11:12.057197+00:00,15706,626750,3962400,7
2026-09-20T11:11:12.073221+00:00,15707,626775,3962390,7
2026-09-20T11:11:12.106224+00:00,15708,626800,3962183,7
2026-09-20T11:11:12.120094+00:00,15709,626825,3962543,7
2026-09-20T11:11:12.152634+00:00,15710,626851,3962749,7
2026-09-20T11:11:12.183940+00:00,15711,626876,3962062,7
2026-09-20T11:11:12.200942+00:00,15712,626901,3962155,7
2026-09-20T11:11:12.232931+00:00,15713,626926,3962575,7
2026-09-20T11:11:12.248167+00:00,15714,626951,3962881,7
2026-09-20T11:11:12.272107+00:00,15715,626977,3962567,7
2026-09-20T11:11:12.288980+00:00,15716,627002,3962393,7
2026-09-20T11:11:12.328204+00:00,15717,627027,3962079,7
2026-09-20T11:11:12.360205+00:00,15718,627052,3961827,7
2026-09-20T11:11:12.371867+00:00,15719,627077,3961870,7
2026-09-20T11:11:12.405448+00:00,15720,627103,3962381,7
2026-09-20T11:11:12.421978+00:00,15721,627128,3962540,7
2026-09-20T11:11:12.456056+00:00,15722,627153,3962643,7
2026-09-20T11:11:12.473035+00:00,15723,627178,3962170,7
2026-09-20T11:11:12.490177+00:00,15724,627203,3962569,7
2026-09-20T11:11:12.534156+00:00,15725,627229,3962557,7
2026-09-20T11:11:12.539593+00:00,15726,627254,3962423,7
2026-09-20T11:11:12.584197+00:00,15727,627279,3962129,7
2026-09-20T11:11:12.600193+00:00,15728,627304,3962390,7
2026-09-20T11:11:12.631176+00:00,15729,627329,3962576,7
2026-09-20T11:11:12.648215+00:00,15730,627354,3962838,7
2026-09-20T11:11:12.674337+00:00,15731,627380,3962812,7
2026-09-20T11:11:12.712201+00:00,15732,627405,3962411,7
2026-09-20T11:11:12.728789+00:00,15733,627430,3962242,7
2026-09-20T11:11:12.760225+00:00,15734,627455,3962230,7
2026-09-20T11:11:12.776217+00:00,15735,627480,3962256,7
2026-09-20T11:11:12.808211+00:00,15736,627506,3961929,7
2026-09-20T11:11:12.837576+00:00,15737,627531,3962485,7
2026-09-20T11:11:12.856684+00:00,15738,627556,3962472,7
2026-09-20T11:11:12.888553+00:00,15739,627581,3962199,7
2026-09-20T11:11:12.890976+00:00,15740,627606,3962507,7
2026-09-20T11:11:12.922228+00:00,15741,627632,3962173,7
2026-09-20T11:11:12.938368+00:00,15742,627657,3962217,7
2026-09-20T11:11:12.969519+00:00,15743,627682,3962285,7
2026-09-20T11:11:13.016196+00:00,15744,627707,3961982,7
2026-09-20T11:11:13.032192+00:00,15745,627732,3962234,7
2026-09-20T11:11:13.054527+00:00,15746,627758,3962765,7
2026-09-20T11:11:13.071886+00:00,15747,627783,3962656,7
2026-09-20T11:11:13.112570+00:00,15748,627808,3962682,7
2026-09-20T11:11:13.128600+00:00,15749,627833,3962577,7
2026-09-20T11:11:13.161175+00:00,15750,627858,3962265,7
2026-09-20T11:11:13.188204+00:00,15751,627883,3962344,7
2026-09-20T11:11:13.203829+00:00,15752,627909,3962554,7
2026-09-20T11:11:13.240866+00:00,15753,627934,3962374,7
2026-09-20T11:11:13.257835+00:00,15754,627959,3962466,7
2026-09-20T11:11:13.287077+00:00,15755,627984,3962405,7
2026-09-20T11:11:13.306148+00:00,15756,628009,3962126,7
2026-09-20T11:11:13.337733+00:00,15757,628035,3961944,7
2026-09-20T11:11:13.364587+00:00,15758,628060,3961940,7
2026-09-20T11:11:13.380131+00:00,15759,628085,3962319,7
2026-09-20T11:11:13.416191+00:00,15760,628110,3961788,7
2026-09-20T11:11:13.432208+00:00,15761,628135,3962049,7
2026-09-20T11:11:13.454901+00:00,15762,628161,3962245,7
2026-09-20T11:11:13.470542+00:00,15763,628186,3961892,7
2026-09-20T11:11:13.501790+00:00,15764,628211,3962256,7
2026-09-20T11:11:13.540614+00:00,15765,628236,3962374,7
2026-09-20T11:11:13.560172+00:00,15766,628261,3961909,7
2026-09-20T11:11:13.583135+00:00,15767,628287,3962253,7
2026-09-20T11:11:13.597571+00:00,15768,628312,3962187,7
2026-09-20T11:11:13.640749+00:00,15769,628337,3961844,7
2026-09-20T11:11:13.656167+00:00,15770,628362,3962183,7
2026-09-20T11:11:13.676685+00:00,15771,628387,3962291,7
2026-09-20T11:11:13.720297+00:00,15772,628412,3962114,7
2026-09-20T11:11:13.736093+00:00,15773,628438,3962063,7
2026-09-20T11:11:13.754973+00:00,15774,628463,3962218,7
2026-09-20T11:11:13.784843+00:00,15775,628488,3962618,7
2026-09-20T11:11:13.801741+00:00,15776,628513,3962297,7
2026-09-20T11:11:13.817388+00:00,15777,628538,3961826,7
2026-09-20T11:11:13.864163+00:00,15778,628564,3961710,7
2026-09-20T11:11:13.887235+00:00,15779,628589,3962242,7
2026-09-20T11:11:13.903197+00:00,15780,628614,3962423,7
2026-09-20T11:11:13.941893+00:00,15781,628639,3962504,7
2026-09-20T11:11:13.957721+00:00,15782,628664,3962286,7
2026-09-20T11:11:13.990009+00:00,15783,628690,3961838,7
2026-09-20T11:11:14.021260+00:00,15784,628715,3962158,7
2026-09-20T11:11:14.037873+00:00,15785,628740,3962364,7
2026-09-20T11:11:14.071204+00:00,15786,628765,3962488,7
2026-09-20T11:11:14.087345+00:00,15787,628790,3962464,7
2026-09-20T11:11:14.120143+00:00,15788,628816,3962333,7
2026-09-20T11:11:14.135731+00:00,15789,628841,3962101,7
2026-09-20T11:11:14.162473+00:00,15790,628866,3962109,7
2026-09-20T11:11:14.200169+00:00,15791,628891,3962219,7
2026-09-20T11:11:14.216162+00:00,15792,628916,3962396,7
2026-09-20T11:11:14.244471+00:00,15793,628941,3962490,7
2026-09-20T11:11:14.255482+00:00,15794,628967,3962539,7
2026-09-20T11:11:14.287877+00:00,15795,628992,3962148,7
2026-09-20T11:11:14.303166+00:00,15796,629017,3962123,7
2026-09-20T11:11:14.334942+00:00,15797,629042,3961948,7
2026-09-20T11:11:14.376170+00:00,15798,629067,3962100,7
2026-09-20T11:11:14.392162+00:00,15799,629093,3962552,7
2026-09-20T11:11:14.424152+00:00,15800,629118,3962165,7
2026-09-20T11:11:14.441088+00:00,15801,629143,3962062,7
2026-09-20T11:11:14.471217+00:00,15802,629168,3962543,7
2026-09-20T11:11:14.487872+00:00,15803,629193,3962398,7
2026-09-20T11:11:14.517525+00:00,15804,629219,3962218,7
2026-09-20T11:11:14.550642+00:00,15805,629244,3962209,7
2026-09-20T11:11:14.568173+00:00,15806,629269,3962083,7
2026-09-20T11:11:14.598614+00:00,15807,629294,3962168,7
2026-09-20T11:11:14.616155+00:00,15808,629319,3962538,7
2026-09-20T11:11:14.648846+00:00,15809,629345,3962475,7
2026-09-20T11:11:14.660695+00:00,15810,629370,3961767,7
2026-09-20T11:11:14.696138+00:00,15811,629395,3961680,7
2026-09-20T11:11:14.728152+00:00,15812,629420,3962046,7
2026-09-20T11:11:14.741718+00:00,15813,629445,3962573,7
2026-09-20T11:11:14.776759+00:00,15814,629471,3962552,7
2026-09-20T11:11:14.789635+00:00,15815,629496,3962315,7
2026-09-20T11:11:14.820884+00:00,15816,629521,3962231,7
2026-09-20T11:11:14.836532+00:00,15817,629546,3962138,7
2026-09-20T11:11:14.872363+00:00,15818,629571,3962209,7
2026-09-20T11:11:14.897759+00:00,15819,629596,3962091,7
2026-09-20T11:11:14.920148+00:00,15820,629622,3962166,7
2026-09-20T11:11:14.952070+00:00,15821,629647,3962324,7
2026-09-20T11:11:14.954582+00:00,15822,629672,3961831,7
2026-09-20T11:11:14.988060+00:00,15823,629697,3961556,7
2026-09-20T11:11:15.004307+00:00,15824,629722,3961962,7
2026-09-20T11:11:15.035576+00:00,15825,629748,3962483,7
2026-09-20T11:11:15.080133+00:00,15826,629773,3962312,7
2026-09-20T11:11:15.096152+00:00,15827,629798,3962235,7
2026-09-20T11:11:15.128802+00:00,15828,629823,3962305,7
2026-09-20T11:11:15.144439+00:00,15829,629848,3961618,7
2026-09-20T11:11:15.176140+00:00,15830,629874,3961342,7
2026-09-20T11:11:15.192223+00:00,15831,629899,3961854,7
2026-09-20T11:11:15.224152+00:00,15832,629924,3962125,7
2026-09-20T11:11:15.256903+00:00,15833,629949,3961928,7
2026-09-20T11:11:15.272220+00:00,15834,629974,3961894,7
2026-09-20T11:11:15.304145+00:00,15835,630000,3962247,7
2026-09-20T11:11:15.320725+00:00,15836,630025,3962119,7
2026-09-20T11:11:15.352140+00:00,15837,630050,3962340,7
2026-09-20T11:11:15.384197+00:00,15838,630075,3961641,7
2026-09-20T11:11:15.399363+00:00,15839,630100,3961423,7
2026-09-20T11:11:15.432128+00:00,15840,630125,3962000,7
2026-09-20T11:11:15.448123+00:00,15841,630151,3962543,7
2026-09-20T11:11:15.480117+00:00,15842,630176,3962461,7
2026-09-20T11:11:15.496125+00:00,15843,630201,3961819,7
2026-09-20T11:11:15.528107+00:00,15844,630226,3962061,7
2026-09-20T11:11:15.560121+00:00,15845,630251,3962290,7
2026-09-20T11:11:15.576132+00:00,15846,630277,3962399,7
2026-09-20T11:11:15.608119+00:00,15847,630302,3962472,7
2026-09-20T11:11:15.624131+00:00,15848,630327,3962712,7
2026-09-20T11:11:15.656803+00:00,15849,630352,3962868,7
2026-09-20T11:11:15.672236+00:00,15850,630377,3962104,7
2026-09-20T11:11:15.709536+00:00,15851,630403,3962105,7
2026-09-20T11:11:15.738527+00:00,15852,630428,3961808,7
2026-09-20T11:11:15.752123+00:00,15853,630453,3961611,7
2026-09-20T11:11:15.785354+00:00,15854,630478,3961760,7
2026-09-20T11:11:15.801451+00:00,15855,630503,3962351,7
2026-09-20T11:11:15.833506+00:00,15856,630529,3962383,7
2026-09-20T11:11:15.848257+00:00,15857,630554,3962085,7
2026-09-20T11:11:15.881564+00:00,15858,630579,3962225,7
2026-09-20T11:11:15.914517+00:00,15859,630604,3962299,7
2026-09-20T11:11:15.928578+00:00,15860,630629,3962398,7
2026-09-20T11:11:15.961521+00:00,15861,630654,3962266,7
2026-09-20T11:11:15.977820+00:00,15862,630680,3961971,7
2026-09-20T11:11:16.012863+00:00,15863,630705,3961852,7
2026-09-20T11:11:16.025423+00:00,15864,630730,3961917,7
2026-09-20T11:11:16.057614+00:00,15865,630755,3962133,7
2026-09-20T11:11:16.090002+00:00,15866,630780,3962215,7
2026-09-20T11:11:16.105006+00:00,15867,630806,3962018,7
2026-09-20T11:11:16.137037+00:00,15868,630831,3962059,7
2026-09-20T11:11:16.154000+00:00,15869,630856,3962156,7
2026-09-20T11:11:16.185497+00:00,15870,630881,3961932,7
2026-09-20T11:11:16.201690+00:00,15871,630906,3961975,7
2026-09-20T11:11:16.236726+00:00,15872,630932,3962123,7
2026-09-20T11:11:16.266993+00:00,15873,630957,3962103,7
2026-09-20T11:11:16.280128+00:00,15874,630982,3962200,7
2026-09-20T11:11:16.313474+00:00,15875,631007,3962035,7
2026-09-20T11:11:16.330527+00:00,15876,631032,3962144,7
2026-09-20T11:11:16.362884+00:00,15877,631057,3962102,7
2026-09-20T11:11:16.376783+00:00,15878,631083,3961918,7
2026-09-20T11:11:16.409921+00:00,15879,631108,3961854,7
2026-09-20T11:11:16.441261+00:00,15880,631133,3962338,7
2026-09-20T11:11:16.457601+00:00,15881,631158,3962709,7
2026-09-20T11:11:16.489219+00:00,15882,631183,3961766,7
2026-09-20T11:11:16.505920+00:00,15883,631209,3961096,7
2026-09-20T11:11:16.536109+00:00,15884,631234,3962017,7
2026-09-20T11:11:16.552127+00:00,15885,631259,3961535,7
2026-09-20T11:11:16.584103+00:00,15886,631284,3961883,7
2026-09-20T11:11:16.617599+00:00,15887,631309,3961998,7
2026-09-20T11:11:16.633402+00:00,15888,631335,3962139,7
2026-09-20T11:11:16.669410+00:00,15889,631360,3962424,7
2026-09-20T11:11:16.681177+00:00,15890,631385,3962376,7
2026-09-20T11:11:16.716158+00:00,15891,631410,3962194,7
2026-09-20T11:11:16.744169+00:00,15892,631435,3962012,7
2026-09-20T11:11:16.765913+00:00,15893,631461,3961840,7
2026-09-20T11:11:16.792089+00:00,15894,631486,3962132,7
2026-09-20T11:11:16.808092+00:00,15895,631511,3962268,7
2026-09-20T11:11:16.840614+00:00,15896,631536,3962360,7
2026-09-20T11:11:16.857800+00:00,15897,631561,3961999,7
2026-09-20T11:11:16.889812+00:00,15898,631587,3961986,7
2026-09-20T11:11:16.920801+00:00,15899,631612,3961926,7
2026-09-20T11:11:16.937242+00:00,15900,631637,3962247,7
2026-09-20T11:11:16.968802+00:00,15901,631662,3962359,7
2026-09-20T11:11:16.984091+00:00,15902,631687,3962034,7
2026-09-20T11:11:17.016838+00:00,15903,631712,3962236,7
2026-09-20T11:11:17.032823+00:00,15904,631738,3962196,7
2026-09-20T11:11:17.067916+00:00,15905,631763,3962146,7
2026-09-20T11:11:17.096091+00:00,15906,631788,3961653,7
2026-09-20T11:11:17.112091+00:00,15907,631813,3961610,7
2026-09-20T11:11:17.144219+00:00,15908,631838,3961552,7
2026-09-20T11:11:17.160164+00:00,15909,631864,3961686,7
2026-09-20T11:11:17.192074+00:00,15910,631889,3961774,7
2026-09-20T11:11:17.208099+00:00,15911,631914,3961903,7
2026-09-20T11:11:17.240071+00:00,15912,631939,3962194,7
2026-09-20T11:11:17.272248+00:00,15913,631964,3961665,7
2026-09-20T11:11:17.288139+00:00,15914,631990,3961464,7
2026-09-20T11:11:17.320104+00:00,15915,632015,3961324,7
2026-09-20T11:11:17.336093+00:00,15916,632040,3962321,7
2026-09-20T11:11:17.369208+00:00,15917,632065,3962338,7
2026-09-20T11:11:17.384093+00:00,15918,632090,3961897,7
2026-09-20T11:11:17.417117+00:00,15919,632116,3962064,7
2026-09-20T11:11:17.448085+00:00,15920,632141,3962265,7
2026-09-20T11:11:17.464086+00:00,15921,632166,3962101,7
2026-09-20T11:11:17.497264+00:00,15922,632191,3962208,7
2026-09-20T11:11:17.519045+00:00,15923,632216,3961969,7
2026-09-20T11:11:17.544904+00:00,15924,632241,3961540,7
2026-09-20T11:11:17.560065+00:00,15925,632267,3961839,7
2026-09-20T11:11:17.592079+00:00,15926,632292,3962156,7
2026-09-20T11:11:17.708631+00:00,15927,632317,3961853,7
2026-09-20T11:11:17.712637+00:00,15928,632342,3961724,7
2026-09-20T11:11:17.723011+00:00,15929,632367,3962066,7
2026-09-20T11:11:17.727942+00:00,15930,632393,3961979,7
2026-09-20T11:11:17.734679+00:00,15931,632418,3961793,7
2026-09-20T11:11:17.741637+00:00,15932,632443,3962340,7
2026-09-20T11:11:17.775637+00:00,15933,632468,3962179,7
2026-09-20T11:11:17.790633+00:00,15934,632493,3961763,7
2026-09-20T11:11:17.828649+00:00,15935,632519,3961708,7
2026-09-20T11:11:17.854703+00:00,15936,632544,3961801,7
2026-09-20T11:11:17.872750+00:00,15937,632569,3961847,7
2026-09-20T11:11:17.910665+00:00,15938,632594,3961710,7
2026-09-20T11:11:17.916630+00:00,15939,632619,3962009,7
2026-09-20T11:11:17.947635+00:00,15940,632645,3962554,7
2026-09-20T11:11:17.963636+00:00,15941,632670,3961939,7
2026-09-20T11:11:17.997635+00:00,15942,632695,3961673,7
2026-09-20T11:11:18.030888+00:00,15943,632720,3961845,7
2026-09-20T11:11:18.045631+00:00,15944,632745,3961757,7
2026-09-20T11:11:18.075632+00:00,15945,632770,3962176,7
2026-09-20T11:11:18.091632+00:00,15946,632796,3962291,7
2026-09-20T11:11:18.124629+00:00,15947,632821,3962160,7
2026-09-20T11:11:18.139626+00:00,15948,632846,3961922,7
2026-09-20T11:11:18.171628+00:00,15949,632871,3961708,7
2026-09-20T11:11:18.203626+00:00,15950,632896,3961979,7
2026-09-20T11:11:18.219627+00:00,15951,632922,3962111,7
2026-09-20T11:11:18.251627+00:00,15952,632947,3962288,7
2026-09-20T11:11:18.267057+00:00,15953,632972,3962037,7
2026-09-20T11:11:18.299628+00:00,15954,632997,3962069,7
2026-09-20T11:11:18.331627+00:00,15955,633022,3962055,7
2026-09-20T11:11:18.346875+00:00,15956,633048,3962087,7
2026-09-20T11:11:18.379629+00:00,15957,633073,3961867,7
2026-09-20T11:11:18.395072+00:00,15958,633098,3961439,7
2026-09-20T11:11:18.427080+00:00,15959,633123,3961844,7
2026-09-20T11:11:18.443067+00:00,15960,633148,3961787,7
2026-09-20T11:11:18.475638+00:00,15961,633174,3961486,7
2026-09-20T11:11:18.507626+00:00,15962,633199,3961595,7
2026-09-20T11:11:18.524628+00:00,15963,633224,3962525,7
2026-09-20T11:11:18.555629+00:00,15964,633249,3962400,7
2026-09-20T11:11:18.574629+00:00,15965,633274,3962116,7
2026-09-20T11:11:18.603628+00:00,15966,633299,3961681,7
2026-09-20T11:11:18.619785+00:00,15967,633325,3961858,7
2026-09-20T11:11:18.652631+00:00,15968,633350,3961959,7
2026-09-20T11:11:18.683626+00:00,15969,633375,3961932,7
2026-09-20T11:11:18.699628+00:00,15970,633400,3961538,7
2026-09-20T11:11:18.731628+00:00,15971,633425,3962179,7
2026-09-20T11:11:18.747054+00:00,15972,633451,3961929,7
2026-09-20T11:11:18.779629+00:00,15973,633476,3961666,7
2026-09-20T11:11:18.795660+00:00,15974,633501,3962006,7
2026-09-20T11:11:18.827628+00:00,15975,633526,3962198,7
2026-09-20T11:11:18.859628+00:00,15976,633551,3962064,7
2026-09-20T11:11:18.875654+00:00,15977,633577,3961805,7
2026-09-20T11:11:18.908629+00:00,15978,633602,3961714,7
2026-09-20T11:11:18.923630+00:00,15979,633627,3961539,7
2026-09-20T11:11:18.954631+00:00,15980,633652,3961904,7
2026-09-20T11:11:18.971627+00:00,15981,633677,3962003,7
2026-09-20T11:11:19.003627+00:00,15982,633703,3961836,7
2026-09-20T11:11:19.036042+00:00,15983,633728,3961655,7
2026-09-20T11:11:19.051628+00:00,15984,633753,3962047,7
2026-09-20T11:11:19.083627+00:00,15985,633778,3962017,7
2026-09-20T11:11:19.099631+00:00,15986,633803,3962123,7
2026-09-20T11:11:19.131639+00:00,15987,633828,3961737,7
2026-09-20T11:11:19.147903+00:00,15988,633854,3962027,7
2026-09-20T11:11:19.179052+00:00,15989,633879,3962304,7
2026-09-20T11:11:19.211644+00:00,15990,633904,3961919,7
2026-09-20T11:11:19.227038+00:00,15991,633929,3961477,7
2026-09-20T11:11:19.259631+00:00,15992,633954,3961751,7
2026-09-20T11:11:19.275627+00:00,15993,633980,3962003,7
2026-09-20T11:11:19.308627+00:00,15994,634005,3962189,7
2026-09-20T11:11:19.324672+00:00,15995,634030,3961958,7
2026-09-20T11:11:19.354865+00:00,15996,634055,3961924,7
2026-09-20T11:11:19.387039+00:00,15997,634080,3961987,7
2026-09-20T11:11:19.404076+00:00,15998,634106,3961948,7
2026-09-20T11:11:19.435061+00:00,15999,634131,3961886,7
2026-09-20T11:11:19.451032+00:00,16000,634156,3961754,7
2026-09-20T11:11:19.483047+00:00,16001,634181,3961578,7
2026-09-20T11:11:19.499191+00:00,16002,634206,3961793,7
2026-09-20T11:11:19.551461+00:00,16003,634232,3961884,7
2026-09-20T11:11:19.552465+00:00,16004,634257,3962192,7
2026-09-20T11:11:19.580086+00:00,16005,634282,3962001,7
2026-09-20T11:11:19.611038+00:00,16006,634307,3962057,7
2026-09-20T11:11:19.627041+00:00,16007,634332,3961494,7
2026-09-20T11:11:19.659170+00:00,16008,634357,3961557,7
2026-09-20T11:11:19.691296+00:00,16009,634383,3961914,7
2026-09-20T11:11:19.707044+00:00,16010,634408,3962363,7
2026-09-20T11:11:19.739264+00:00,16011,634433,3961612,7
2026-09-20T11:11:19.755579+00:00,16012,634458,3961449,7
2026-09-20T11:11:19.788077+00:00,16013,634483,3961459,7
2026-09-20T11:11:19.803031+00:00,16014,634509,3961799,7
2026-09-20T11:11:19.836083+00:00,16015,634534,3961775,7
2026-09-20T11:11:19.867027+00:00,16016,634559,3961730,7
2026-09-20T11:11:19.883082+00:00,16017,634584,3961580,7
2026-09-20T11:11:19.916092+00:00,16018,634609,3961939,7
2026-09-20T11:11:19.932158+00:00,16019,634635,3961918,7
2026-09-20T11:11:19.964074+00:00,16020,634660,3961505,7
2026-09-20T11:11:19.979085+00:00,16021,634685,3961665,7
2026-09-20T11:11:20.012077+00:00,16022,634710,3961951,7
2026-09-20T11:11:20.043009+00:00,16023,634735,3961713,7
2026-09-20T11:11:20.060408+00:00,16024,634761,3961754,7
2026-09-20T11:11:20.091353+00:00,16025,634786,3961921,7
2026-09-20T11:11:20.107039+00:00,16026,634811,3961891,7
2026-09-20T11:11:20.140015+00:00,16027,634836,3961468,7
2026-09-20T11:11:20.155587+00:00,16028,634861,3961602,7
2026-09-20T11:11:20.187046+00:00,16029,634886,3961874,7
2026-09-20T11:11:20.219060+00:00,16030,634912,3961825,7
2026-09-20T11:11:20.235091+00:00,16031,634937,3961772,7
2026-09-20T11:11:20.267023+00:00,16032,634962,3961865,7
2026-09-20T11:11:20.283049+00:00,16033,634987,3962130,7
2026-09-20T11:11:20.315014+00:00,16034,635012,3961892,7
2026-09-20T11:11:20.331006+00:00,16035,635038,3962072,7
2026-09-20T11:11:20.363016+00:00,16036,635063,3961869,7
2026-09-20T11:11:20.395038+00:00,16037,635088,3961964,7
2026-09-20T11:11:20.411007+00:00,16038,635113,3962241,7
2026-09-20T11:11:20.443012+00:00,16039,635138,3961921,7
2026-09-20T11:11:20.459808+00:00,16040,635164,3961990,7
2026-09-20T11:11:20.491936+00:00,16041,635189,3961837,7
2026-09-20T11:11:20.507047+00:00,16042,635214,3961300,7
2026-09-20T11:11:20.541013+00:00,16043,635239,3961665,7
2026-09-20T11:11:20.573102+00:00,16044,635264,3962051,7
2026-09-20T11:11:20.590101+00:00,16045,635290,3961821,7
2026-09-20T11:11:20.619026+00:00,16046,635315,3961767,7
2026-09-20T11:11:20.635769+00:00,16047,635340,3961992,7
2026-09-20T11:11:20.667007+00:00,16048,635365,3961987,7
2026-09-20T11:11:20.683067+00:00,16049,635390,3961965,7
2026-09-20T11:11:20.716015+00:00,16050,635415,3961968,7
2026-09-20T11:11:20.746992+00:00,16051,635441,3962163,7
2026-09-20T11:11:20.762994+00:00,16052,635466,3961879,7
2026-09-20T11:11:20.794993+00:00,16053,635491,3961424,7
2026-09-20T11:11:20.811738+00:00,16054,635516,3961203,7
2026-09-20T11:11:20.843029+00:00,16055,635541,3961566,7
2026-09-20T11:11:20.875001+00:00,16056,635567,3961788,7
2026-09-20T11:11:20.891029+00:00,16057,635592,3961620,7
2026-09-20T11:11:20.924130+00:00,16058,635617,3962115,7
2026-09-20T11:11:20.942031+00:00,16059,635642,3962132,7
2026-09-20T11:11:20.972032+00:00,16060,635667,3962026,7
2026-09-20T11:11:20.987029+00:00,16061,635693,3961644,7
2026-09-20T11:11:21.018989+00:00,16062,635718,3961857,7
2026-09-20T11:11:21.051230+00:00,16063,635743,3962141,7
2026-09-20T11:11:21.067021+00:00,16064,635768,3961837,7
2026-09-20T11:11:21.098992+00:00,16065,635793,3961860,7
2026-09-20T11:11:21.114999+00:00,16066,635819,3962204,7
2026-09-20T11:11:21.146996+00:00,16067,635844,3962044,7
2026-09-20T11:11:21.162983+00:00,16068,635869,3961948,7
2026-09-20T11:11:21.194988+00:00,16069,635894,3961603,7
2026-09-20T11:11:21.226983+00:00,16070,635919,3961042,7
2026-09-20T11:11:21.243028+00:00,16071,635944,3961186,7
2026-09-20T11:11:21.275234+00:00,16072,635970,3961837,7
2026-09-20T11:11:21.291777+00:00,16073,635995,3962468,7
2026-09-20T11:11:21.322883+00:00,16074,636020,3961839,7
2026-09-20T11:11:21.338834+00:00,16075,636045,3961802,7
2026-09-20T11:11:21.372049+00:00,16076,636070,3961865,7
2026-09-20T11:11:21.402987+00:00,16077,636096,3961726,7
2026-09-20T11:11:21.418973+00:00,16078,636121,3961693,7
2026-09-20T11:11:21.451001+00:00,16079,636146,3962011,7
2026-09-20T11:11:21.466976+00:00,16080,636171,3961732,7
2026-09-20T11:11:21.498986+00:00,16081,636196,3961555,7
2026-09-20T11:11:21.514977+00:00,16082,636222,3961576,7
2026-09-20T11:11:21.546974+00:00,16083,636247,3961328,7
2026-09-20T11:11:21.578966+00:00,16084,636272,3961433,7
2026-09-20T11:11:21.595008+00:00,16085,636297,3961362,7
2026-09-20T11:11:21.629878+00:00,16086,636322,3961450,7
2026-09-20T11:11:21.642863+00:00,16087,636348,3961951,7
2026-09-20T11:11:21.675999+00:00,16088,636373,3962083,7
2026-09-20T11:11:21.690996+00:00,16089,636398,3961574,7
2026-09-20T11:11:21.724570+00:00,16090,636423,3961341,7
2026-09-20T11:11:21.755571+00:00,16091,636448,3961538,7
2026-09-20T11:11:21.772571+00:00,16092,636473,3961940,7
2026-09-20T11:11:21.803571+00:00,16093,636499,3961888,7
2026-09-20T11:11:21.819610+00:00,16094,636524,3961562,7
2026-09-20T11:11:21.851581+00:00,16095,636549,3961623,7
2026-09-20T11:11:21.867570+00:00,16096,636574,3961759,7
2026-09-20T11:11:21.900277+00:00,16097,636599,3961889,7
2026-09-20T11:11:21.930969+00:00,16098,636625,3961796,7
2026-09-20T11:11:21.946959+00:00,16099,636650,3961554,7
2026-09-20T11:11:21.978975+00:00,16100,636675,3961495,7
2026-09-20T11:11:21.995035+00:00,16101,636700,3961649,7
2026-09-20T11:11:22.027998+00:00,16102,636725,3961331,7
2026-09-20T11:11:22.043022+00:00,16103,636751,3961225,7
2026-09-20T11:11:22.075256+00:00,16104,636776,3961120,7
2026-09-20T11:11:22.107995+00:00,16105,636801,3960969,7
2026-09-20T11:11:22.123252+00:00,16106,636826,3961374,7
2026-09-20T11:11:22.155592+00:00,16107,636851,3961451,7
2026-09-20T11:11:22.170972+00:00,16108,636877,3961369,7
2026-09-20T11:11:22.202968+00:00,16109,636902,3961424,7
2026-09-20T11:11:22.234966+00:00,16110,636927,3961524,7
2026-09-20T11:11:22.255640+00:00,16111,636952,3961552,7
2026-09-20T11:11:22.283426+00:00,16112,636977,3961734,7
2026-09-20T11:11:22.298957+00:00,16113,637002,3961997,7
2026-09-20T11:11:22.330944+00:00,16114,637028,3961633,7
2026-09-20T11:11:22.346956+00:00,16115,637053,3961989,7
2026-09-20T11:11:22.379991+00:00,16116,637078,3962200,7
2026-09-20T11:11:22.411011+00:00,16117,637103,3961380,7
2026-09-20T11:11:22.428854+00:00,16118,637128,3961371,7
2026-09-20T11:11:22.458685+00:00,16119,637154,3961853,7
2026-09-20T11:11:22.475507+00:00,16120,637179,3961216,7
2026-09-20T11:11:22.506962+00:00,16121,637204,3961763,7
2026-09-20T11:11:22.524689+00:00,16122,637229,3961924,7
2026-09-20T11:11:22.556129+00:00,16123,637254,3961958,7
2026-09-20T11:11:22.586959+00:00,16124,637280,3962175,7
2026-09-20T11:11:22.604050+00:00,16125,637305,3961815,7
2026-09-20T11:11:22.635065+00:00,16126,637330,3961719,7
2026-09-20T11:11:22.652447+00:00,16127,637355,3961594,7
2026-09-20T11:11:22.682948+00:00,16128,637380,3961618,7
2026-09-20T11:11:22.698945+00:00,16129,637406,3961329,7
2026-09-20T11:11:22.730972+00:00,16130,637431,3961327,7
2026-09-20T11:11:22.762973+00:00,16131,637456,3961369,7
2026-09-20T11:11:22.778973+00:00,16132,637481,3961227,7
2026-09-20T11:11:22.811976+00:00,16133,637506,3961419,7
2026-09-20T11:11:22.827999+00:00,16134,637531,3961586,7
2026-09-20T11:11:22.859974+00:00,16135,637557,3961394,7
2026-09-20T11:11:22.877010+00:00,16136,637582,3961495,7
2026-09-20T11:11:22.907808+00:00,16137,637607,3961860,7
2026-09-20T11:11:22.938945+00:00,16138,637632,3961497,7
2026-09-20T11:11:22.955616+00:00,16139,637657,3961150,7
2026-09-20T11:11:22.986982+00:00,16140,637683,3961756,7
2026-09-20T11:11:23.002994+00:00,16141,637708,3962218,7
2026-09-20T11:11:23.034960+00:00,16142,637733,3962138,7
2026-09-20T11:11:23.050967+00:00,16143,637758,3961558,7
2026-09-20T11:11:23.082933+00:00,16144,637783,3961455,7
2026-09-20T11:11:23.114947+00:00,16145,637809,3961460,7
2026-09-20T11:11:23.130931+00:00,16146,637834,3961456,7
2026-09-20T11:11:23.162927+00:00,16147,637859,3961495,7
2026-09-20T11:11:23.178928+00:00,16148,637884,3961289,7
2026-09-20T11:11:23.210950+00:00,16149,637909,3961592,7
2026-09-20T11:11:23.227580+00:00,16150,637935,3961941,7
2026-09-20T11:11:23.259233+00:00,16151,637960,3961726,7
2026-09-20T11:11:23.290972+00:00,16152,637985,3961188,7
2026-09-20T11:11:23.306914+00:00,16153,638010,3960965,7
2026-09-20T11:11:23.339866+00:00,16154,638035,3961333,7
2026-09-20T11:11:23.355976+00:00,16155,638060,3961530,7
2026-09-20T11:11:23.392115+00:00,16156,638086,3961425,7
2026-09-20T11:11:23.404093+00:00,16157,638111,3961288,7
2026-09-20T11:11:23.434940+00:00,16158,638136,3961120,7
2026-09-20T11:11:23.466933+00:00,16159,638161,3961472,7
2026-09-20T11:11:23.482943+00:00,16160,638186,3961688,7
2026-09-20T11:11:23.514935+00:00,16161,638212,3961661,7
2026-09-20T11:11:23.533998+00:00,16162,638237,3961487,7
2026-09-20T11:11:23.562918+00:00,16163,638262,3961226,7
2026-09-20T11:11:23.594912+00:00,16164,638287,3961575,7
2026-09-20T11:11:23.610937+00:00,16165,638312,3961868,7
2026-09-20T11:11:23.642919+00:00,16166,638338,3961658,7
2026-09-20T11:11:23.662730+00:00,16167,638363,3961432,7
2026-09-20T11:11:23.692755+00:00,16168,638388,3961825,7
2026-09-20T11:11:23.707859+00:00,16169,638413,3961729,7
2026-09-20T11:11:23.740063+00:00,16170,638438,3961840,7
2026-09-20T11:11:23.770913+00:00,16171,638463,3961585,7
2026-09-20T11:11:23.787955+00:00,16172,638489,3961456,7
2026-09-20T11:11:23.818935+00:00,16173,638514,3961540,7
2026-09-20T11:11:23.834477+00:00,16174,638539,3961692,7
2026-09-20T11:11:23.866931+00:00,16175,638564,3961435,7
2026-09-20T11:11:23.882914+00:00,16176,638589,3961760,7
2026-09-20T11:11:23.915622+00:00,16177,638615,3961603,7
2026-09-20T11:11:23.946605+00:00,16178,638640,3961519,7
2026-09-20T11:11:23.963676+00:00,16179,638665,3961392,7
2026-09-20T11:11:23.995608+00:00,16180,638690,3961498,7
2026-09-20T11:11:24.010834+00:00,16181,638715,3961681,7
2026-09-20T11:11:24.042934+00:00,16182,638741,3961925,7
2026-09-20T11:11:24.058919+00:00,16183,638766,3961977,7
2026-09-20T11:11:24.091916+00:00,16184,638791,3961570,7
2026-09-20T11:11:24.123256+00:00,16185,638816,3961512,7
2026-09-20T11:11:24.138926+00:00,16186,638841,3961806,7
2026-09-20T11:11:24.171946+00:00,16187,638867,3961362,7
2026-09-20T11:11:24.187961+00:00,16188,638892,3961172,7
2026-09-20T11:11:24.218939+00:00,16189,638917,3961689,7
2026-09-20T11:11:24.235940+00:00,16190,638942,3961998,7
2026-09-20T11:11:24.267072+00:00,16191,638967,3961118,7
2026-09-20T11:11:24.298902+00:00,16192,638993,3960521,7
2026-09-20T11:11:24.314900+00:00,16193,639018,3961082,7
2026-09-20T11:11:24.346902+00:00,16194,639043,3961502,7
2026-09-20T11:11:24.363981+00:00,16195,639068,3960887,7
2026-09-20T11:11:24.394910+00:00,16196,639093,3961176,7
2026-09-20T11:11:24.410896+00:00,16197,639118,3961854,7
2026-09-20T11:11:24.442897+00:00,16198,639144,3961525,7
2026-09-20T11:11:24.475286+00:00,16199,639169,3961133,7
2026-09-20T11:11:24.490900+00:00,16200,639194,3961350,7
2026-09-20T11:11:24.528386+00:00,16201,639219,3961379,7
2026-09-20T11:11:24.540586+00:00,16202,639244,3961388,7
2026-09-20T11:11:24.573973+00:00,16203,639270,3961457,7
2026-09-20T11:11:24.590199+00:00,16204,639295,3961565,7
2026-09-20T11:11:24.618898+00:00,16205,639320,3961479,7
2026-09-20T11:11:24.653828+00:00,16206,639345,3961156,7
2026-09-20T11:11:24.666894+00:00,16207,639370,3961540,7
2026-09-20T11:11:24.698885+00:00,16208,639396,3961609,7
2026-09-20T11:11:24.714896+00:00,16209,639421,3960880,7
2026-09-20T11:11:24.746889+00:00,16210,639446,3960800,7
2026-09-20T11:11:24.778910+00:00,16211,639471,3961038,7
2026-09-20T11:11:24.794911+00:00,16212,639496,3961144,7
2026-09-20T11:11:24.826900+00:00,16213,639522,3960953,7
2026-09-20T11:11:24.842884+00:00,16214,639547,3961275,7
2026-09-20T11:11:24.874912+00:00,16215,639572,3961293,7
2026-09-20T11:11:24.891911+00:00,16216,639597,3961169,7
2026-09-20T11:11:24.922907+00:00,16217,639622,3961251,7
2026-09-20T11:11:24.954908+00:00,16218,639647,3961174,7
2026-09-20T11:11:24.970910+00:00,16219,639673,3961524,7
2026-09-20T11:11:25.003913+00:00,16220,639698,3961480,7
2026-09-20T11:11:25.018911+00:00,16221,639723,3961465,7
2026-09-20T11:11:25.050935+00:00,16222,639748,3961333,7
2026-09-20T11:11:25.066909+00:00,16223,639773,3961433,7
2026-09-20T11:11:25.098908+00:00,16224,639799,3961420,7
2026-09-20T11:11:25.130909+00:00,16225,639824,3961163,7
2026-09-20T11:11:25.146907+00:00,16226,639849,3960850,7
2026-09-20T11:11:25.179913+00:00,16227,639874,3961127,7
2026-09-20T11:11:25.195932+00:00,16228,639899,3961516,7
2026-09-20T11:11:25.226907+00:00,16229,639925,3961678,7
2026-09-20T11:11:25.242909+00:00,16230,639950,3961200,7
2026-09-20T11:11:25.276969+00:00,16231,639975,3960984,7
2026-09-20T11:11:25.308911+00:00,16232,640000,3960650,7
2026-09-20T11:11:25.322909+00:00,16233,640025,3960814,7
2026-09-20T11:11:25.357912+00:00,16234,640051,3961378,7
2026-09-20T11:11:25.370897+00:00,16235,640076,3961546,7
2026-09-20T11:11:25.403912+00:00,16236,640101,3961384,7
2026-09-20T11:11:25.418909+00:00,16237,640126,3961301,7
2026-09-20T11:11:25.450907+00:00,16238,640151,3961341,7
2026-09-20T11:11:25.482907+00:00,16239,640176,3961212,7
2026-09-20T11:11:25.501910+00:00,16240,640202,3961360,7
2026-09-20T11:11:25.530908+00:00,16241,640227,3961148,7
2026-09-20T11:11:25.546915+00:00,16242,640252,3960841,7
2026-09-20T11:11:25.578908+00:00,16243,640277,3961203,7
2026-09-20T11:11:25.594670+00:00,16244,640302,3961508,7
2026-09-20T11:11:25.627672+00:00,16245,640328,3961589,7
2026-09-20T11:11:25.659674+00:00,16246,640353,3961547,7
2026-09-20T11:11:25.675673+00:00,16247,640378,3961384,7
2026-09-20T11:11:25.707671+00:00,16248,640403,3961502,7
2026-09-20T11:11:25.724669+00:00,16249,640428,3961398,7
2026-09-20T11:11:25.762637+00:00,16250,640454,3961240,7
2026-09-20T11:11:25.776701+00:00,16251,640479,3961176,7
2026-09-20T11:11:25.803670+00:00,16252,640504,3961229,7
2026-09-20T11:11:25.835724+00:00,16253,640529,3961357,7
2026-09-20T11:11:25.853672+00:00,16254,640554,3961693,7
2026-09-20T11:11:25.884670+00:00,16255,640579,3961494,7
2026-09-20T11:11:25.903789+00:00,16256,640605,3961423,7
2026-09-20T11:11:25.935760+00:00,16257,640630,3961585,7
2026-09-20T11:11:25.947671+00:00,16258,640655,3961651,7
2026-09-20T11:11:25.980671+00:00,16259,640680,3961529,7
2026-09-20T11:11:26.011680+00:00,16260,640705,3961760,7
2026-09-20T11:11:26.029675+00:00,16261,640731,3961461,7
2026-09-20T11:11:26.063736+00:00,16262,640756,3961382,7
2026-09-20T11:11:26.075671+00:00,16263,640781,3961241,7
2026-09-20T11:11:26.107679+00:00,16264,640806,3961354,7
2026-09-20T11:11:26.138670+00:00,16265,640831,3961261,7
2026-09-20T11:11:26.155672+00:00,16266,640857,3961381,7
2026-09-20T11:11:26.187670+00:00,16267,640882,3961336,7
2026-09-20T11:11:26.203671+00:00,16268,640907,3961214,7
2026-09-20T11:11:26.236669+00:00,16269,640932,3961225,7
2026-09-20T11:11:26.251671+00:00,16270,640957,3961402,7
2026-09-20T11:11:26.283674+00:00,16271,640983,3961129,7
2026-09-20T11:11:26.315755+00:00,16272,641008,3961246,7
2026-09-20T11:11:26.331675+00:00,16273,641033,3961446,7
2026-09-20T11:11:26.365675+00:00,16274,641058,3961506,7
2026-09-20T11:11:26.380672+00:00,16275,641083,3961387,7
2026-09-20T11:11:26.412706+00:00,16276,641108,3961381,7
2026-09-20T11:11:26.433688+00:00,16277,641134,3961356,7
2026-09-20T11:11:26.471763+00:00,16278,641159,3961083,7
2026-09-20T11:11:26.490672+00:00,16279,641184,3960893,7
2026-09-20T11:11:26.507671+00:00,16280,641209,3960850,7
2026-09-20T11:11:26.539670+00:00,16281,641234,3960827,7
2026-09-20T11:11:26.555672+00:00,16282,641260,3960429,7
2026-09-20T11:11:26.588673+00:00,16283,641285,3960457,7
2026-09-20T11:11:26.603671+00:00,16284,641310,3960286,7
2026-09-20T11:11:26.635568+00:00,16285,641335,3960892,7
2026-09-20T11:11:26.666933+00:00,16286,641360,3961237,7
