host_utc,seq,mcu_ms,raw,label
2026-09-20T11:06:52.138472+00:00,5401,366796,4233064,7
2026-09-20T11:06:52.170467+00:00,5402,366822,4221825,7
2026-09-20T11:06:52.186470+00:00,5403,366847,4198706,7
2026-09-20T11:06:52.218574+00:00,5404,366872,4167968,7
2026-09-20T11:06:52.234593+00:00,5405,366897,4135979,7
2026-09-20T11:06:52.266530+00:00,5406,366922,4103883,7
2026-09-20T11:06:52.297669+00:00,5407,366948,4069493,7
2026-09-20T11:06:52.314469+00:00,5408,366973,4033473,7
2026-09-20T11:06:52.346588+00:00,5409,366998,4004961,7
2026-09-20T11:06:52.362470+00:00,5410,367023,3984986,7
2026-09-20T11:06:52.393829+00:00,5411,367048,3971835,7
2026-09-20T11:06:52.409824+00:00,5412,367074,3961346,7
2026-09-20T11:06:52.441784+00:00,5413,367099,3954194,7
2026-09-20T11:06:52.473816+00:00,5414,367124,3949860,7
2026-09-20T11:06:52.489794+00:00,5415,367149,3947119,7
2026-09-20T11:06:52.521734+00:00,5416,367174,3942860,7
2026-09-20T11:06:52.538149+00:00,5417,367199,3934113,7
2026-09-20T11:06:52.570851+00:00,5418,367225,3927607,7
2026-09-20T11:06:52.586027+00:00,5419,367250,3925359,7
2026-09-20T11:06:52.634991+00:00,5420,367275,3915159,7
2026-09-20T11:06:52.650465+00:00,5421,367300,3881690,7
2026-09-20T11:06:52.666864+00:00,5422,367325,3833812,7
2026-09-20T11:06:52.697806+00:00,5423,367351,3782150,7
2026-09-20T11:06:52.714870+00:00,5424,367376,3733769,7
2026-09-20T11:06:52.745866+00:00,5425,367401,3676959,7
2026-09-20T11:06:52.761869+00:00,5426,367426,3642881,7
2026-09-20T11:06:52.793868+00:00,5427,367451,3640057,7
2026-09-20T11:06:52.825866+00:00,5428,367477,3602520,7
2026-09-20T11:06:52.841867+00:00,5429,367502,3535823,7
2026-09-20T11:06:52.873888+00:00,5430,367527,3548561,7
2026-09-20T11:06:52.889766+00:00,5431,367552,3637487,7
2026-09-20T11:06:52.922493+00:00,5432,367577,3726582,7
2026-09-20T11:06:52.938145+00:00,5433,367602,3794957,7
2026-09-20T11:06:52.970570+00:00,5434,367628,3843699,7
2026-09-20T11:06:53.001780+00:00,5435,367653,3876228,7
2026-09-20T11:06:53.017796+00:00,5436,367678,3898176,7
2026-09-20T11:06:53.049787+00:00,5437,367703,3912225,7
2026-09-20T11:06:53.065795+00:00,5438,367728,3920984,7
2026-09-20T11:06:53.098696+00:00,5439,367754,3926436,7
2026-09-20T11:06:53.113819+00:00,5440,367779,3930611,7
2026-09-20T11:06:53.145644+00:00,5441,367804,3933708,7
2026-09-20T11:06:53.178414+00:00,5442,367829,3936113,7
2026-09-20T11:06:53.193798+00:00,5443,367854,3938015,7
2026-09-20T11:06:53.226568+00:00,5444,367880,3939525,7
2026-09-20T11:06:53.241765+00:00,5445,367905,3940903,7
2026-09-20T11:06:53.305789+00:00,5446,367958,3941202,7
2026-09-20T11:06:53.322000+00:00,5447,367980,3941331,7
2026-09-20T11:06:53.354227+00:00,5448,368005,3941340,7
2026-09-20T11:06:53.371882+00:00,5449,368031,3941876,7
2026-09-20T11:06:53.403720+00:00,5450,368056,3942031,7
2026-09-20T11:06:53.418818+00:00,5451,368081,3942316,7
2026-09-20T11:06:53.449785+00:00,5452,368106,3942614,7
2026-09-20T11:06:53.481818+00:00,5453,368131,3942417,7
2026-09-20T11:06:53.497789+00:00,5454,368157,3942642,7
2026-09-20T11:06:53.529771+00:00,5455,368182,3943014,7
2026-09-20T11:06:53.545617+00:00,5456,368207,3942806,7
2026-09-20T11:06:53.577769+00:00,5457,368232,3942338,7
2026-09-20T11:06:53.593634+00:00,5458,368257,3942395,7
2026-09-20T11:06:53.625775+00:00,5459,368283,3942973,7
2026-09-20T11:06:53.657767+00:00,5460,368308,3942775,7
2026-09-20T11:06:53.674925+00:00,5461,368333,3943196,7
2026-09-20T11:06:53.706208+00:00,5462,368358,3943452,7
2026-09-20T11:06:53.723204+00:00,5463,368383,3943202,7
2026-09-20T11:06:53.755233+00:00,5464,368409,3943445,7
2026-09-20T11:06:53.771204+00:00,5465,368434,3943908,7
2026-09-20T11:06:53.802225+00:00,5466,368459,3943552,7
2026-09-20T11:06:53.834204+00:00,5467,368484,3943608,7
2026-09-20T11:06:53.850205+00:00,5468,368509,3943507,7
2026-09-20T11:06:53.881761+00:00,5469,368534,3943356,7
2026-09-20T11:06:53.897753+00:00,5470,368560,3943402,7
2026-09-20T11:06:53.929770+00:00,5471,368585,3943615,7
2026-09-20T11:06:53.945778+00:00,5472,368610,3943579,7
2026-09-20T11:06:53.977754+00:00,5473,368635,3943100,7
2026-09-20T11:06:54.009752+00:00,5474,368660,3943336,7
2026-09-20T11:06:54.025764+00:00,5475,368686,3943743,7
2026-09-20T11:06:54.058270+00:00,5476,368711,3943247,7
2026-09-20T11:06:54.073760+00:00,5477,368736,3942940,7
2026-09-20T11:06:54.105815+00:00,5478,368761,3942992,7
2026-09-20T11:06:54.121660+00:00,5479,368786,3942922,7
2026-09-20T11:06:54.153759+00:00,5480,368812,3943017,7
2026-09-20T11:06:54.185766+00:00,5481,368837,3943945,7
2026-09-20T11:06:54.201768+00:00,5482,368862,3944187,7
2026-09-20T11:06:54.234803+00:00,5483,368887,3944509,7
2026-09-20T11:06:54.249778+00:00,5484,368912,3945044,7
2026-09-20T11:06:54.281757+00:00,5485,368937,3944387,7
2026-09-20T11:06:54.297755+00:00,5486,368963,3944738,7
2026-09-20T11:06:54.329807+00:00,5487,368988,3945000,7
2026-09-20T11:06:54.361748+00:00,5488,369013,3944490,7
2026-09-20T11:06:54.378289+00:00,5489,369038,3944374,7
2026-09-20T11:06:54.411857+00:00,5490,369063,3943989,7
2026-09-20T11:06:54.425698+00:00,5491,369089,3944290,7
2026-09-20T11:06:54.458124+00:00,5492,369114,3943666,7
2026-09-20T11:06:54.473546+00:00,5493,369139,3943499,7
2026-09-20T11:06:54.506042+00:00,5494,369164,3943022,7
2026-09-20T11:06:54.538678+00:00,5495,369189,3943156,7
2026-09-20T11:06:54.555339+00:00,5496,369215,3943962,7
2026-09-20T11:06:54.586985+00:00,5497,369240,3943274,7
2026-09-20T11:06:54.602937+00:00,5498,369265,3942939,7
2026-09-20T11:06:54.635190+00:00,5499,369290,3943475,7
2026-09-20T11:06:54.649753+00:00,5500,369315,3943551,7
2026-09-20T11:06:54.682798+00:00,5501,369340,3943187,7
2026-09-20T11:06:54.714770+00:00,5502,369366,3943533,7
2026-09-20T11:06:54.729763+00:00,5503,369391,3943689,7
2026-09-20T11:06:54.761763+00:00,5504,369416,3943156,7
2026-09-20T11:06:54.777764+00:00,5505,369441,3943387,7
2026-09-20T11:06:54.809763+00:00,5506,369466,3943542,7
2026-09-20T11:06:54.841763+00:00,5507,369492,3943376,7
2026-09-20T11:06:54.857792+00:00,5508,369517,3942914,7
2026-09-20T11:06:54.889737+00:00,5509,369542,3942765,7
2026-09-20T11:06:54.905723+00:00,5510,369567,3943316,7
2026-09-20T11:06:54.938171+00:00,5511,369592,3943276,7
2026-09-20T11:06:54.953756+00:00,5512,369618,3942842,7
2026-09-20T11:06:54.985749+00:00,5513,369643,3943040,7
2026-09-20T11:06:55.017631+00:00,5514,369668,3943985,7
2026-09-20T11:06:55.033836+00:00,5515,369693,3943583,7
2026-09-20T11:06:55.065750+00:00,5516,369718,3943159,7
2026-09-20T11:06:55.081730+00:00,5517,369744,3943343,7
2026-09-20T11:06:55.113740+00:00,5518,369769,3943447,7
2026-09-20T11:06:55.129657+00:00,5519,369794,3943439,7
2026-09-20T11:06:55.161723+00:00,5520,369819,3943053,7
2026-09-20T11:06:55.193733+00:00,5521,369844,3943031,7
2026-09-20T11:06:55.209734+00:00,5522,369869,3942489,7
2026-09-20T11:06:55.244390+00:00,5523,369895,3942929,7
2026-09-20T11:06:55.257894+00:00,5524,369920,3942983,7
2026-09-20T11:06:55.289725+00:00,5525,369945,3942749,7
2026-09-20T11:06:55.307298+00:00,5526,369970,3942945,7
2026-09-20T11:06:55.338829+00:00,5527,369995,3942855,7
2026-09-20T11:06:55.369736+00:00,5528,370021,3943283,7
2026-09-20T11:06:55.387804+00:00,5529,370046,3943162,7
2026-09-20T11:06:55.420530+00:00,5530,370071,3943195,7
2026-09-20T11:06:55.434185+00:00,5531,370096,3943803,7
2026-09-20T11:06:55.465734+00:00,5532,370121,3943653,7
2026-09-20T11:06:55.483836+00:00,5533,370147,3943226,7
2026-09-20T11:06:55.513571+00:00,5534,370172,3943169,7
2026-09-20T11:06:55.545316+00:00,5535,370197,3943387,7
2026-09-20T11:06:55.561752+00:00,5536,370222,3943588,7
2026-09-20T11:06:55.593720+00:00,5537,370247,3943405,7
2026-09-20T11:06:55.609723+00:00,5538,370272,3943089,7
2026-09-20T11:06:55.641725+00:00,5539,370298,3942791,7
2026-09-20T11:06:55.657720+00:00,5540,370323,3943382,7
2026-09-20T11:06:55.690419+00:00,5541,370348,3943803,7
2026-09-20T11:06:55.722820+00:00,5542,370373,3943476,7
2026-09-20T11:06:55.737828+00:00,5543,370398,3943327,7
2026-09-20T11:06:55.769820+00:00,5544,370424,3942918,7
2026-09-20T11:06:55.785820+00:00,5545,370449,3943254,7
2026-09-20T11:06:55.818836+00:00,5546,370474,3943346,7
2026-09-20T11:06:55.833817+00:00,5547,370499,3942997,7
2026-09-20T11:06:55.865711+00:00,5548,370524,3942730,7
2026-09-20T11:06:55.897699+00:00,5549,370550,3943216,7
2026-09-20T11:06:55.914387+00:00,5550,370575,3943214,7
2026-09-20T11:06:55.945700+00:00,5551,370600,3942897,7
2026-09-20T11:06:55.961700+00:00,5552,370625,3942981,7
2026-09-20T11:06:55.993721+00:00,5553,370650,3943172,7
2026-09-20T11:06:56.025521+00:00,5554,370676,3943661,7
2026-09-20T11:06:56.041698+00:00,5555,370701,3943653,7
2026-09-20T11:06:56.073724+00:00,5556,370726,3943614,7
2026-09-20T11:06:56.090165+00:00,5557,370751,3943377,7
2026-09-20T11:06:56.122498+00:00,5558,370776,3942860,7
2026-09-20T11:06:56.136250+00:00,5559,370801,3943205,7
2026-09-20T11:06:56.155709+00:00,5560,370827,3943067,7
2026-09-20T11:06:56.201697+00:00,5561,370852,3943132,7
2026-09-20T11:06:56.217725+00:00,5562,370877,3942950,7
2026-09-20T11:06:56.249723+00:00,5563,370902,3943076,7
2026-09-20T11:06:56.265716+00:00,5564,370927,3943099,7
2026-09-20T11:06:56.297699+00:00,5565,370953,3943480,7
2026-09-20T11:06:56.314736+00:00,5566,370978,3943328,7
2026-09-20T11:06:56.345617+00:00,5567,371003,3943028,7
2026-09-20T11:06:56.377617+00:00,5568,371028,3943347,7
2026-09-20T11:06:56.393617+00:00,5569,371053,3943240,7
2026-09-20T11:06:56.426641+00:00,5570,371079,3943108,7
2026-09-20T11:06:56.441615+00:00,5571,371104,3943133,7
2026-09-20T11:06:56.473652+00:00,5572,371129,3942981,7
2026-09-20T11:06:56.490620+00:00,5573,371154,3943555,7
2026-09-20T11:06:56.522625+00:00,5574,371179,3943753,7
2026-09-20T11:06:56.554617+00:00,5575,371205,3943833,7
2026-09-20T11:06:56.570685+00:00,5576,371230,3943486,7
2026-09-20T11:06:56.602621+00:00,5577,371255,3943205,7
2026-09-20T11:06:56.618631+00:00,5578,371280,3943499,7
2026-09-20T11:06:56.649616+00:00,5579,371305,3943977,7
2026-09-20T11:06:56.665629+00:00,5580,371330,3944725,7
2026-09-20T11:06:56.697713+00:00,5581,371356,3944171,7
2026-09-20T11:06:56.729741+00:00,5582,371381,3944004,7
2026-09-20T11:06:56.745741+00:00,5583,371406,3944455,7
2026-09-20T11:06:56.777741+00:00,5584,371431,3944491,7
2026-09-20T11:06:56.793753+00:00,5585,371456,3944520,7
2026-09-20T11:06:56.826743+00:00,5586,371482,3944688,7
2026-09-20T11:06:56.844977+00:00,5587,371507,3944737,7
2026-09-20T11:06:56.873687+00:00,5588,371532,3944376,7
2026-09-20T11:06:56.906545+00:00,5589,371557,3945107,7
2026-09-20T11:06:56.922529+00:00,5590,371582,3945434,7
2026-09-20T11:06:56.954874+00:00,5591,371608,3944847,7
2026-09-20T11:06:56.970718+00:00,5592,371633,3944156,7
2026-09-20T11:06:57.003550+00:00,5593,371658,3944464,7
2026-09-20T11:06:57.017768+00:00,5594,371683,3945123,7
2026-09-20T11:06:57.049686+00:00,5595,371708,3944876,7
2026-09-20T11:06:57.081690+00:00,5596,371733,3944705,7
2026-09-20T11:06:57.097752+00:00,5597,371759,3944932,7
2026-09-20T11:06:57.130730+00:00,5598,371784,3944307,7
2026-09-20T11:06:57.145691+00:00,5599,371809,3944713,7
2026-09-20T11:06:57.177692+00:00,5600,371834,3944844,7
2026-09-20T11:06:57.193688+00:00,5601,371859,3944434,7
2026-09-20T11:06:57.225671+00:00,5602,371885,3944546,7
2026-09-20T11:06:57.258863+00:00,5603,371910,3944581,7
2026-09-20T11:06:57.276498+00:00,5604,371935,3944450,7
2026-09-20T11:06:57.306353+00:00,5605,371960,3944630,7
2026-09-20T11:06:57.322513+00:00,5606,371985,3945770,7
2026-09-20T11:06:57.354500+00:00,5607,372011,3945529,7
2026-09-20T11:06:57.385681+00:00,5608,372036,3945297,7
2026-09-20T11:06:57.401674+00:00,5609,372061,3946492,7
2026-09-20T11:06:57.433677+00:00,5610,372086,3946923,7
2026-09-20T11:06:57.449686+00:00,5611,372111,3947418,7
2026-09-20T11:06:57.482956+00:00,5612,372137,3949849,7
2026-09-20T11:06:57.497667+00:00,5613,372162,3951732,7
2026-09-20T11:06:57.529675+00:00,5614,372187,3953922,7
2026-09-20T11:06:57.561677+00:00,5615,372212,3958457,7
2026-09-20T11:06:57.577540+00:00,5616,372237,3963963,7
2026-09-20T11:06:57.609867+00:00,5617,372262,3968648,7
2026-09-20T11:06:57.625677+00:00,5618,372288,3978200,7
2026-09-20T11:06:57.657664+00:00,5619,372313,3994644,7
2026-09-20T11:06:57.674495+00:00,5620,372338,4015512,7
2026-09-20T11:06:57.705671+00:00,5621,372363,4044484,7
2026-09-20T11:06:57.737647+00:00,5622,372388,4087730,7
2026-09-20T11:06:57.754647+00:00,5623,372414,4139752,7
2026-09-20T11:06:57.785682+00:00,5624,372439,4179867,7
2026-09-20T11:06:57.801654+00:00,5625,372464,4194102,7
2026-09-20T11:06:57.834648+00:00,5626,372489,4193862,7
2026-09-20T11:06:57.849660+00:00,5627,372514,4187374,7
2026-09-20T11:06:57.881666+00:00,5628,372540,4172822,7
2026-09-20T11:06:57.913615+00:00,5629,372565,4152302,7
2026-09-20T11:06:57.929652+00:00,5630,372590,4129433,7
2026-09-20T11:06:57.961652+00:00,5631,372615,4107734,7
2026-09-20T11:06:57.977669+00:00,5632,372640,4086678,7
2026-09-20T11:06:58.009665+00:00,5633,372666,4065343,7
2026-09-20T11:06:58.025661+00:00,5634,372691,4045491,7
2026-09-20T11:06:58.057663+00:00,5635,372716,4032861,7
2026-09-20T11:06:58.089663+00:00,5636,372741,4020018,7
2026-09-20T11:06:58.105557+00:00,5637,372766,4000154,7
2026-09-20T11:06:58.137667+00:00,5638,372791,3981817,7
2026-09-20T11:06:58.154699+00:00,5639,372817,3972158,7
2026-09-20T11:06:58.185649+00:00,5640,372842,3966340,7
2026-09-20T11:06:58.201659+00:00,5641,372867,3961238,7
2026-09-20T11:06:58.233666+00:00,5642,372892,3957119,7
2026-09-20T11:06:58.265659+00:00,5643,372917,3951351,7
2026-09-20T11:06:58.281681+00:00,5644,372943,3946014,7
2026-09-20T11:06:58.313663+00:00,5645,372968,3941147,7
2026-09-20T11:06:58.329642+00:00,5646,372993,3932937,7
2026-09-20T11:06:58.362731+00:00,5647,373018,3906457,7
2026-09-20T11:06:58.377438+00:00,5648,373043,3846474,7
2026-09-20T11:06:58.409663+00:00,5649,373069,3768161,7
2026-09-20T11:06:58.442306+00:00,5650,373094,3694758,7
2026-09-20T11:06:58.457655+00:00,5651,373119,3598286,7
2026-09-20T11:06:58.489586+00:00,5652,373144,3461772,7
2026-09-20T11:06:58.507289+00:00,5653,373169,3388193,7
2026-09-20T11:06:58.540083+00:00,5654,373194,3473236,7
2026-09-20T11:06:58.555733+00:00,5655,373220,3607608,7
2026-09-20T11:06:58.586691+00:00,5656,373245,3716020,7
2026-09-20T11:06:58.619771+00:00,5657,373270,3794114,7
2026-09-20T11:06:58.636324+00:00,5658,373295,3847837,7
2026-09-20T11:06:58.669849+00:00,5659,373320,3883719,7
2026-09-20T11:06:58.681646+00:00,5660,373346,3907112,7
2026-09-20T11:06:58.714746+00:00,5661,373371,3921810,7
2026-09-20T11:06:58.745744+00:00,5662,373396,3931321,7
2026-09-20T11:06:58.761749+00:00,5663,373421,3937168,7
2026-09-20T11:06:58.794216+00:00,5664,373446,3940710,7
2026-09-20T11:06:58.810216+00:00,5665,373472,3942949,7
2026-09-20T11:06:58.844696+00:00,5666,373497,3944457,7
2026-09-20T11:06:58.857641+00:00,5667,373522,3945443,7
2026-09-20T11:06:58.889650+00:00,5668,373547,3947107,7
2026-09-20T11:06:58.938161+00:00,5669,373600,3947851,7
2026-09-20T11:06:58.969627+00:00,5670,373623,3948778,7
2026-09-20T11:06:58.985696+00:00,5671,373648,3948491,7
2026-09-20T11:06:59.017646+00:00,5672,373673,3948304,7
2026-09-20T11:06:59.033634+00:00,5673,373698,3949027,7
2026-09-20T11:06:59.065452+00:00,5674,373723,3949203,7
2026-09-20T11:06:59.097651+00:00,5675,373749,3949031,7
2026-09-20T11:06:59.113644+00:00,5676,373774,3949227,7
2026-09-20T11:06:59.145640+00:00,5677,373799,3949268,7
2026-09-20T11:06:59.161636+00:00,5678,373824,3949579,7
2026-09-20T11:06:59.193655+00:00,5679,373849,3949585,7
2026-09-20T11:06:59.209551+00:00,5680,373875,3949371,7
2026-09-20T11:06:59.241633+00:00,5681,373900,3949417,7
2026-09-20T11:06:59.273641+00:00,5682,373925,3949599,7
2026-09-20T11:06:59.289622+00:00,5683,373950,3949765,7
2026-09-20T11:06:59.322565+00:00,5684,373975,3949707,7
2026-09-20T11:06:59.338915+00:00,5685,374001,3949445,7
2026-09-20T11:06:59.371743+00:00,5686,374026,3950088,7
2026-09-20T11:06:59.387732+00:00,5687,374051,3950664,7
2026-09-20T11:06:59.418971+00:00,5688,374076,3950090,7
2026-09-20T11:06:59.450800+00:00,5689,374101,3949767,7
2026-09-20T11:06:59.465637+00:00,5690,374126,3950190,7
2026-09-20T11:06:59.499740+00:00,5691,374152,3950035,7
2026-09-20T11:06:59.515304+00:00,5692,374177,3950000,7
2026-09-20T11:06:59.545619+00:00,5693,374202,3950015,7
2026-09-20T11:06:59.561615+00:00,5694,374227,3949863,7
2026-09-20T11:06:59.594459+00:00,5695,374252,3949982,7
2026-09-20T11:06:59.625693+00:00,5696,374278,3949826,7
2026-09-20T11:06:59.641608+00:00,5697,374303,3949641,7
2026-09-20T11:06:59.673677+00:00,5698,374328,3950227,7
2026-09-20T11:06:59.689622+00:00,5699,374353,3950017,7
2026-09-20T11:06:59.721850+00:00,5700,374378,3949842,7
2026-09-20T11:06:59.737850+00:00,5701,374404,3950105,7
2026-09-20T11:06:59.769850+00:00,5702,374429,3950234,7
2026-09-20T11:06:59.801852+00:00,5703,374454,3949694,7
2026-09-20T11:06:59.817851+00:00,5704,374479,3949752,7
2026-09-20T11:06:59.849851+00:00,5705,374504,3950397,7
2026-09-20T11:06:59.865604+00:00,5706,374529,3949994,7
2026-09-20T11:06:59.897635+00:00,5707,374555,3950162,7
2026-09-20T11:06:59.913953+00:00,5708,374580,3950091,7
2026-09-20T11:06:59.947785+00:00,5709,374605,3950044,7
2026-09-20T11:06:59.977603+00:00,5710,374630,3950320,7
2026-09-20T11:06:59.993583+00:00,5711,374655,3949989,7
2026-09-20T11:07:00.026335+00:00,5712,374681,3949835,7
2026-09-20T11:07:00.041596+00:00,5713,374706,3949799,7
2026-09-20T11:07:00.073612+00:00,5714,374731,3949919,7
2026-09-20T11:07:00.105682+00:00,5715,374756,3950202,7
2026-09-20T11:07:00.121742+00:00,5716,374781,3950504,7
2026-09-20T11:07:00.154656+00:00,5717,374807,3950399,7
2026-09-20T11:07:00.170642+00:00,5718,374832,3950578,7
2026-09-20T11:07:00.201616+00:00,5719,374857,3950360,7
2026-09-20T11:07:00.217607+00:00,5720,374882,3950402,7
2026-09-20T11:07:00.249637+00:00,5721,374907,3950452,7
2026-09-20T11:07:00.281606+00:00,5722,374933,3949747,7
2026-09-20T11:07:00.297598+00:00,5723,374958,3949204,7
2026-09-20T11:07:00.329599+00:00,5724,374983,3949229,7
2026-09-20T11:07:00.345597+00:00,5725,375008,3950217,7
2026-09-20T11:07:00.379727+00:00,5726,375033,3949691,7
2026-09-20T11:07:00.393604+00:00,5727,375058,3949781,7
2026-09-20T11:07:00.425581+00:00,5728,375084,3950107,7
2026-09-20T11:07:00.458043+00:00,5729,375109,3949748,7
2026-09-20T11:07:00.473636+00:00,5730,375134,3949539,7
2026-09-20T11:07:00.506904+00:00,5731,375159,3949850,7
2026-09-20T11:07:00.522889+00:00,5732,375184,3949694,7
2026-09-20T11:07:00.556647+00:00,5733,375210,3950255,7
2026-09-20T11:07:00.570618+00:00,5734,375235,3950512,7
2026-09-20T11:07:00.601596+00:00,5735,375260,3950188,7
2026-09-20T11:07:00.634692+00:00,5736,375285,3949703,7
2026-09-20T11:07:00.650631+00:00,5737,375310,3949818,7
2026-09-20T11:07:00.681594+00:00,5738,375336,3950037,7
2026-09-20T11:07:00.697592+00:00,5739,375361,3949618,7
2026-09-20T11:07:00.729821+00:00,5740,375386,3949696,7
2026-09-20T11:07:00.745825+00:00,5741,375411,3949693,7
2026-09-20T11:07:00.777836+00:00,5742,375436,3950040,7
2026-09-20T11:07:00.809821+00:00,5743,375462,3949832,7
2026-09-20T11:07:00.825821+00:00,5744,375487,3949801,7
2026-09-20T11:07:00.859823+00:00,5745,375512,3949753,7
2026-09-20T11:07:00.873677+00:00,5746,375537,3949969,7
2026-09-20T11:07:00.906076+00:00,5747,375562,3950058,7
2026-09-20T11:07:00.922536+00:00,5748,375587,3950201,7
2026-09-20T11:07:00.953614+00:00,5749,375613,3950069,7
2026-09-20T11:07:00.985608+00:00,5750,375638,3949776,7
2026-09-20T11:07:01.001602+00:00,5751,375663,3949898,7
2026-09-20T11:07:01.033668+00:00,5752,375688,3950096,7
2026-09-20T11:07:01.049595+00:00,5753,375713,3949573,7
2026-09-20T11:07:01.081602+00:00,5754,375739,3949235,7
2026-09-20T11:07:01.097616+00:00,5755,375764,3949689,7
2026-09-20T11:07:01.129587+00:00,5756,375789,3949740,7
2026-09-20T11:07:01.161607+00:00,5757,375814,3949343,7
2026-09-20T11:07:01.178257+00:00,5758,375839,3949715,7
2026-09-20T11:07:01.209591+00:00,5759,375865,3950055,7
2026-09-20T11:07:01.225584+00:00,5760,375890,3949998,7
2026-09-20T11:07:01.258685+00:00,5761,375915,3949664,7
2026-09-20T11:07:01.274502+00:00,5762,375940,3949722,7
2026-09-20T11:07:01.306501+00:00,5763,375965,3949553,7
2026-09-20T11:07:01.337553+00:00,5764,375990,3949467,7
2026-09-20T11:07:01.353587+00:00,5765,376016,3949584,7
2026-09-20T11:07:01.386119+00:00,5766,376041,3949579,7
2026-09-20T11:07:01.401570+00:00,5767,376066,3949740,7
2026-09-20T11:07:01.433568+00:00,5768,376091,3950030,7
2026-09-20T11:07:01.465576+00:00,5769,376116,3949749,7
2026-09-20T11:07:01.481595+00:00,5770,376142,3949237,7
2026-09-20T11:07:01.513570+00:00,5771,376167,3949390,7
2026-09-20T11:07:01.529571+00:00,5772,376192,3949381,7
2026-09-20T11:07:01.561574+00:00,5773,376217,3949187,7
2026-09-20T11:07:01.577567+00:00,5774,376242,3949117,7
2026-09-20T11:07:01.609569+00:00,5775,376268,3949487,7
2026-09-20T11:07:01.641324+00:00,5776,376293,3949986,7
2026-09-20T11:07:01.657565+00:00,5777,376318,3950156,7
2026-09-20T11:07:01.689840+00:00,5778,376343,3950074,7
2026-09-20T11:07:01.706684+00:00,5779,376368,3949713,7
2026-09-20T11:07:01.737682+00:00,5780,376394,3949392,7
2026-09-20T11:07:01.753682+00:00,5781,376419,3949562,7
2026-09-20T11:07:01.785682+00:00,5782,376444,3949729,7
2026-09-20T11:07:01.817681+00:00,5783,376469,3949670,7
2026-09-20T11:07:01.833681+00:00,5784,376494,3949510,7
2026-09-20T11:07:01.865568+00:00,5785,376519,3950115,7
2026-09-20T11:07:01.881566+00:00,5786,376545,3950297,7
2026-09-20T11:07:01.913550+00:00,5787,376570,3949914,7
2026-09-20T11:07:01.929566+00:00,5788,376595,3950177,7
2026-09-20T11:07:01.962601+00:00,5789,376620,3950090,7
2026-09-20T11:07:01.993472+00:00,5790,376645,3949834,7
2026-09-20T11:07:02.009550+00:00,5791,376671,3950223,7
2026-09-20T11:07:02.042286+00:00,5792,376696,3951228,7
2026-09-20T11:07:02.058630+00:00,5793,376721,3950943,7
2026-09-20T11:07:02.089562+00:00,5794,376746,3950676,7
2026-09-20T11:07:02.105568+00:00,5795,376771,3951088,7
2026-09-20T11:07:02.138018+00:00,5796,376797,3950890,7
2026-09-20T11:07:02.169558+00:00,5797,376822,3950914,7
2026-09-20T11:07:02.185550+00:00,5798,376847,3951118,7
2026-09-20T11:07:02.217560+00:00,5799,376872,3951068,7
2026-09-20T11:07:02.233559+00:00,5800,376897,3951193,7
2026-09-20T11:07:02.265555+00:00,5801,376922,3951387,7
2026-09-20T11:07:02.281553+00:00,5802,376948,3951511,7
2026-09-20T11:07:02.315682+00:00,5803,376973,3951031,7
2026-09-20T11:07:02.345546+00:00,5804,376998,3951320,7
2026-09-20T11:07:02.361564+00:00,5805,377023,3951958,7
2026-09-20T11:07:02.394845+00:00,5806,377048,3952100,7
2026-09-20T11:07:02.409544+00:00,5807,377074,3951433,7
2026-09-20T11:07:02.443222+00:00,5808,377099,3951571,7
2026-09-20T11:07:02.457556+00:00,5809,377124,3952441,7
2026-09-20T11:07:02.489564+00:00,5810,377149,3952624,7
2026-09-20T11:07:02.521560+00:00,5811,377174,3952487,7
2026-09-20T11:07:02.539202+00:00,5812,377200,3952820,7
2026-09-20T11:07:02.571791+00:00,5813,377225,3952663,7
2026-09-20T11:07:02.585562+00:00,5814,377250,3952640,7
2026-09-20T11:07:02.618790+00:00,5815,377275,3952789,7
2026-09-20T11:07:02.633539+00:00,5816,377300,3952367,7
2026-09-20T11:07:02.668126+00:00,5817,377326,3953196,7
2026-09-20T11:07:02.697537+00:00,5818,377351,3953973,7
2026-09-20T11:07:02.714565+00:00,5819,377376,3954320,7
2026-09-20T11:07:02.745564+00:00,5820,377401,3955807,7
2026-09-20T11:07:02.761564+00:00,5821,377426,3957350,7
2026-09-20T11:07:02.793564+00:00,5822,377451,3958385,7
2026-09-20T11:07:02.825739+00:00,5823,377477,3959577,7
2026-09-20T11:07:02.841749+00:00,5824,377502,3961254,7
2026-09-20T11:07:02.873572+00:00,5825,377527,3965713,7
2026-09-20T11:07:02.889536+00:00,5826,377552,3971756,7
2026-09-20T11:07:02.921551+00:00,5827,377577,3976585,7
2026-09-20T11:07:02.938179+00:00,5828,377603,3982275,7
2026-09-20T11:07:02.969537+00:00,5829,377628,3990933,7
2026-09-20T11:07:03.001532+00:00,5830,377653,4003713,7
2026-09-20T11:07:03.017533+00:00,5831,377678,4020406,7
2026-09-20T11:07:03.049530+00:00,5832,377703,4040420,7
2026-09-20T11:07:03.065524+00:00,5833,377729,4063671,7
2026-09-20T11:07:03.097546+00:00,5834,377754,4088137,7
2026-09-20T11:07:03.113547+00:00,5835,377779,4113098,7
2026-09-20T11:07:03.145530+00:00,5836,377804,4138423,7
2026-09-20T11:07:03.177698+00:00,5837,377829,4159320,7
2026-09-20T11:07:03.193532+00:00,5838,377854,4170275,7
2026-09-20T11:07:03.226010+00:00,5839,377880,4171602,7
2026-09-20T11:07:03.242010+00:00,5840,377905,4163925,7
2026-09-20T11:07:03.273545+00:00,5841,377930,4148708,7
2026-09-20T11:07:03.289543+00:00,5842,377955,4128825,7
2026-09-20T11:07:03.321524+00:00,5843,377980,4106524,7
2026-09-20T11:07:03.353861+00:00,5844,378006,4081608,7
2026-09-20T11:07:03.369531+00:00,5845,378031,4054393,7
2026-09-20T11:07:03.402682+00:00,5846,378056,4034330,7
2026-09-20T11:07:03.417563+00:00,5847,378081,4020650,7
2026-09-20T11:07:03.449519+00:00,5848,378106,4004082,7
2026-09-20T11:07:03.465536+00:00,5849,378132,3986781,7
2026-09-20T11:07:03.498567+00:00,5850,378157,3974825,7
2026-09-20T11:07:03.529435+00:00,5851,378182,3964281,7
2026-09-20T11:07:03.545520+00:00,5852,378207,3947858,7
2026-09-20T11:07:03.577561+00:00,5853,378232,3907797,7
2026-09-20T11:07:03.593539+00:00,5854,378257,3828221,7
2026-09-20T11:07:03.625511+00:00,5855,378283,3744227,7
2026-09-20T11:07:03.641507+00:00,5856,378308,3679072,7
2026-09-20T11:07:03.673524+00:00,5857,378333,3576197,7
2026-09-20T11:07:03.705390+00:00,5858,378358,3455887,7
2026-09-20T11:07:03.722390+00:00,5859,378383,3459484,7
2026-09-20T11:07:03.754390+00:00,5860,378409,3575978,7
2026-09-20T11:07:03.769389+00:00,5861,378434,3691869,7
2026-09-20T11:07:03.802392+00:00,5862,378459,3780033,7
2026-09-20T11:07:03.818393+00:00,5863,378484,3842336,7
2026-09-20T11:07:03.850390+00:00,5864,378509,3884550,7
2026-09-20T11:07:03.881500+00:00,5865,378535,3911373,7
2026-09-20T11:07:03.897435+00:00,5866,378560,3927665,7
2026-09-20T11:07:03.929505+00:00,5867,378585,3937716,7
2026-09-20T11:07:03.945572+00:00,5868,378610,3944430,7
2026-09-20T11:07:03.977500+00:00,5869,378635,3948275,7
2026-09-20T11:07:03.994515+00:00,5870,378660,3950567,7
2026-09-20T11:07:04.025516+00:00,5871,378686,3952807,7
2026-09-20T11:07:04.058464+00:00,5872,378711,3953970,7
2026-09-20T11:07:04.073384+00:00,5873,378736,3954659,7
2026-09-20T11:07:04.123526+00:00,5874,378788,3955851,7
2026-09-20T11:07:04.154535+00:00,5875,378812,3955693,7
2026-09-20T11:07:04.185514+00:00,5876,378837,3956217,7
2026-09-20T11:07:04.201526+00:00,5877,378862,3956539,7
2026-09-20T11:07:04.233534+00:00,5878,378887,3956644,7
2026-09-20T11:07:04.249507+00:00,5879,378912,3956982,7
2026-09-20T11:07:04.281495+00:00,5880,378938,3957069,7
2026-09-20T11:07:04.297504+00:00,5881,378963,3957285,7
2026-09-20T11:07:04.329574+00:00,5882,378988,3957400,7
2026-09-20T11:07:04.361493+00:00,5883,379013,3956725,7
2026-09-20T11:07:04.377513+00:00,5884,379038,3956605,7
2026-09-20T11:07:04.409498+00:00,5885,379063,3957078,7
2026-09-20T11:07:04.425516+00:00,5886,379089,3957561,7
2026-09-20T11:07:04.458370+00:00,5887,379114,3957842,7
2026-09-20T11:07:04.474431+00:00,5888,379139,3957439,7
2026-09-20T11:07:04.507538+00:00,5889,379164,3957420,7
2026-09-20T11:07:04.538640+00:00,5890,379189,3957372,7
2026-09-20T11:07:04.555434+00:00,5891,379215,3957926,7
2026-09-20T11:07:04.585482+00:00,5892,379240,3958016,7
2026-09-20T11:07:04.601434+00:00,5893,379265,3957422,7
2026-09-20T11:07:04.633499+00:00,5894,379290,3957623,7
2026-09-20T11:07:04.649511+00:00,5895,379315,3957343,7
2026-09-20T11:07:04.681507+00:00,5896,379341,3957303,7
2026-09-20T11:07:04.714575+00:00,5897,379366,3957464,7
2026-09-20T11:07:04.730575+00:00,5898,379391,3957814,7
2026-09-20T11:07:04.761573+00:00,5899,379416,3958129,7
2026-09-20T11:07:04.778573+00:00,5900,379441,3957743,7
2026-09-20T11:07:04.809578+00:00,5901,379467,3957421,7
2026-09-20T11:07:04.825571+00:00,5902,379492,3957549,7
2026-09-20T11:07:04.857659+00:00,5903,379517,3957284,7
2026-09-20T11:07:04.889197+00:00,5904,379542,3957298,7
2026-09-20T11:07:04.906454+00:00,5905,379567,3957347,7
2026-09-20T11:07:04.937491+00:00,5906,379592,3957314,7
2026-09-20T11:07:04.953501+00:00,5907,379618,3957204,7
2026-09-20T11:07:04.985491+00:00,5908,379643,3957143,7
2026-09-20T11:07:05.002535+00:00,5909,379668,3956828,7
2026-09-20T11:07:05.033495+00:00,5910,379693,3957176,7
2026-09-20T11:07:05.065494+00:00,5911,379718,3957215,7
2026-09-20T11:07:05.081485+00:00,5912,379744,3957500,7
2026-09-20T11:07:05.113386+00:00,5913,379769,3957355,7
2026-09-20T11:07:05.130524+00:00,5914,379794,3957467,7
2026-09-20T11:07:05.161480+00:00,5915,379819,3957734,7
2026-09-20T11:07:05.178161+00:00,5916,379844,3957582,7
2026-09-20T11:07:05.209479+00:00,5917,379870,3957190,7
2026-09-20T11:07:05.241464+00:00,5918,379895,3957118,7
2026-09-20T11:07:05.257569+00:00,5919,379920,3957193,7
2026-09-20T11:07:05.289489+00:00,5920,379945,3957076,7
2026-09-20T11:07:05.305850+00:00,5921,379970,3956973,7
2026-09-20T11:07:05.338202+00:00,5922,379995,3957137,7
2026-09-20T11:07:05.354762+00:00,5923,380021,3957227,7
2026-09-20T11:07:05.388631+00:00,5924,380046,3956705,7
2026-09-20T11:07:05.417490+00:00,5925,380071,3957038,7
2026-09-20T11:07:05.433481+00:00,5926,380096,3956882,7
2026-09-20T11:07:05.468068+00:00,5927,380121,3956692,7
2026-09-20T11:07:05.481484+00:00,5928,380147,3957098,7
2026-09-20T11:07:05.515694+00:00,5929,380172,3957204,7
2026-09-20T11:07:05.545400+00:00,5930,380197,3957157,7
2026-09-20T11:07:05.561482+00:00,5931,380222,3956972,7
2026-09-20T11:07:05.593441+00:00,5932,380247,3957055,7
2026-09-20T11:07:05.610130+00:00,5933,380273,3957186,7
2026-09-20T11:07:05.641479+00:00,5934,380298,3957259,7
2026-09-20T11:07:05.657498+00:00,5935,380323,3957004,7
2026-09-20T11:07:05.691787+00:00,5936,380348,3956853,7
2026-09-20T11:07:05.721903+00:00,5937,380373,3956878,7
2026-09-20T11:07:05.739899+00:00,5938,380399,3956520,7
2026-09-20T11:07:05.769901+00:00,5939,380424,3956856,7
2026-09-20T11:07:05.785958+00:00,5940,380449,3957830,7
2026-09-20T11:07:05.817902+00:00,5941,380474,3957593,7
2026-09-20T11:07:05.833905+00:00,5942,380499,3957070,7
2026-09-20T11:07:05.865468+00:00,5943,380524,3957046,7
2026-09-20T11:07:05.897150+00:00,5944,380550,3957505,7
2026-09-20T11:07:05.913468+00:00,5945,380575,3957201,7
2026-09-20T11:07:05.945455+00:00,5946,380600,3957182,7
2026-09-20T11:07:05.961454+00:00,5947,380625,3956855,7
2026-09-20T11:07:05.993463+00:00,5948,380650,3956642,7
2026-09-20T11:07:06.009469+00:00,5949,380676,3956623,7
2026-09-20T11:07:06.041463+00:00,5950,380701,3957035,7
2026-09-20T11:07:06.073488+00:00,5951,380726,3956972,7
2026-09-20T11:07:06.089452+00:00,5952,380751,3957101,7
2026-09-20T11:07:06.122070+00:00,5953,380776,3957182,7
2026-09-20T11:07:06.137460+00:00,5954,380802,3956821,7
2026-09-20T11:07:06.169455+00:00,5955,380827,3956987,7
2026-09-20T11:07:06.185456+00:00,5956,380852,3956801,7
2026-09-20T11:07:06.217464+00:00,5957,380877,3956696,7
2026-09-20T11:07:06.249453+00:00,5958,380902,3957139,7
2026-09-20T11:07:06.265460+00:00,5959,380928,3957259,7
2026-09-20T11:07:06.297445+00:00,5960,380953,3956821,7
2026-09-20T11:07:06.313488+00:00,5961,380978,3956769,7
2026-09-20T11:07:06.345497+00:00,5962,381003,3956957,7
2026-09-20T11:07:06.363433+00:00,5963,381028,3956474,7
2026-09-20T11:07:06.393452+00:00,5964,381053,3956358,7
2026-09-20T11:07:06.425343+00:00,5965,381079,3956581,7
2026-09-20T11:07:06.442234+00:00,5966,381104,3956644,7
2026-09-20T11:07:06.474366+00:00,5967,381129,3957036,7
2026-09-20T11:07:06.489356+00:00,5968,381154,3957082,7
2026-09-20T11:07:06.521394+00:00,5969,381179,3956819,7
2026-09-20T11:07:06.539809+00:00,5970,381205,3956434,7
2026-09-20T11:07:06.570510+00:00,5971,381230,3956038,7
2026-09-20T11:07:06.601450+00:00,5972,381255,3956417,7
2026-09-20T11:07:06.618633+00:00,5973,381280,3956697,7
2026-09-20T11:07:06.650607+00:00,5974,381305,3956569,7
2026-09-20T11:07:06.665459+00:00,5975,381331,3956407,7
2026-09-20T11:07:06.698353+00:00,5976,381356,3956895,7
2026-09-20T11:07:06.729437+00:00,5977,381381,3956855,7
2026-09-20T11:07:06.745457+00:00,5978,381406,3956882,7
2026-09-20T11:07:06.775533+00:00,5979,381431,3957076,7
2026-09-20T11:07:06.793445+00:00,5980,381457,3956862,7
2026-09-20T11:07:06.816558+00:00,5981,381482,3956526,7
2026-09-20T11:07:06.841565+00:00,5982,381507,3956185,7
2026-09-20T11:07:06.873441+00:00,5983,381532,3956800,7
2026-09-20T11:07:06.905485+00:00,5984,381557,3956857,7
2026-09-20T11:07:06.921531+00:00,5985,381582,3956535,7
2026-09-20T11:07:06.953442+00:00,5986,381608,3956916,7
2026-09-20T11:07:06.969438+00:00,5987,381633,3957265,7
2026-09-20T11:07:07.001428+00:00,5988,381658,3957006,7
2026-09-20T11:07:07.017492+00:00,5989,381683,3956626,7
2026-09-20T11:07:07.049441+00:00,5990,381708,3956478,7
2026-09-20T11:07:07.081412+00:00,5991,381734,3956763,7
2026-09-20T11:07:07.097475+00:00,5992,381759,3956701,7
2026-09-20T11:07:07.129427+00:00,5993,381784,3956181,7
2026-09-20T11:07:07.146449+00:00,5994,381809,3956204,7
2026-09-20T11:07:07.177416+00:00,5995,381834,3956774,7
2026-09-20T11:07:07.193426+00:00,5996,381860,3956539,7
2026-09-20T11:07:07.225428+00:00,5997,381885,3956356,7
2026-09-20T11:07:07.257426+00:00,5998,381910,3956422,7
2026-09-20T11:07:07.273944+00:00,5999,381935,3956456,7
2026-09-20T11:07:07.306770+00:00,6000,381960,3956558,7
2026-09-20T11:07:07.322368+00:00,6001,381985,3956842,7
2026-09-20T11:07:07.355676+00:00,6002,382011,3957026,7
2026-09-20T11:07:07.372677+00:00,6003,382036,3956833,7
2026-09-20T11:07:07.402686+00:00,6004,382061,3956658,7
2026-09-20T11:07:07.433678+00:00,6005,382086,3956659,7
2026-09-20T11:07:07.449723+00:00,6006,382111,3956862,7
2026-09-20T11:07:07.481677+00:00,6007,382137,3956987,7
2026-09-20T11:07:07.497677+00:00,6008,382162,3956885,7
2026-09-20T11:07:07.529691+00:00,6009,382187,3956804,7
2026-09-20T11:07:07.546676+00:00,6010,382212,3956380,7
2026-09-20T11:07:07.577695+00:00,6011,382237,3956997,7
2026-09-20T11:07:07.609680+00:00,6012,382263,3956553,7
2026-09-20T11:07:07.625716+00:00,6013,382288,3956474,7
2026-09-20T11:07:07.657689+00:00,6014,382313,3956753,7
2026-09-20T11:07:07.673697+00:00,6015,382338,3956471,7
2026-09-20T11:07:07.706685+00:00,6016,382363,3956209,7
2026-09-20T11:07:07.722692+00:00,6017,382388,3956611,7
2026-09-20T11:07:07.754679+00:00,6018,382414,3956706,7
2026-09-20T11:07:07.785678+00:00,6019,382439,3956238,7
2026-09-20T11:07:07.801677+00:00,6020,382464,3956300,7
2026-09-20T11:07:07.833678+00:00,6021,382489,3956233,7
2026-09-20T11:07:07.849677+00:00,6022,382514,3956572,7
2026-09-20T11:07:07.881676+00:00,6023,382540,3956863,7
2026-09-20T11:07:07.897684+00:00,6024,382565,3956504,7
2026-09-20T11:07:07.929678+00:00,6025,382590,3956830,7
2026-09-20T11:07:07.961696+00:00,6026,382615,3956529,7
2026-09-20T11:07:07.977678+00:00,6027,382640,3956469,7
2026-09-20T11:07:08.010677+00:00,6028,382666,3956454,7
2026-09-20T11:07:08.026678+00:00,6029,382691,3956798,7
2026-09-20T11:07:08.058675+00:00,6030,382716,3956295,7
2026-09-20T11:07:08.089706+00:00,6031,382741,3956179,7
2026-09-20T11:07:08.106676+00:00,6032,382766,3956251,7
2026-09-20T11:07:08.138680+00:00,6033,382791,3956950,7
2026-09-20T11:07:08.156676+00:00,6034,382817,3956422,7
2026-09-20T11:07:08.185677+00:00,6035,382842,3956080,7
2026-09-20T11:07:08.201676+00:00,6036,382867,3956623,7
2026-09-20T11:07:08.234678+00:00,6037,382892,3956430,7
2026-09-20T11:07:08.265683+00:00,6038,382917,3956231,7
2026-09-20T11:07:08.282683+00:00,6039,382943,3956362,7
2026-09-20T11:07:08.313726+00:00,6040,382968,3956402,7
2026-09-20T11:07:08.330678+00:00,6041,382993,3956236,7
2026-09-20T11:07:08.361679+00:00,6042,383018,3956322,7
2026-09-20T11:07:08.377677+00:00,6043,383043,3956523,7
2026-09-20T11:07:08.409678+00:00,6044,383069,3956886,7
2026-09-20T11:07:08.441691+00:00,6045,383094,3956936,7
2026-09-20T11:07:08.457677+00:00,6046,383119,3957013,7
2026-09-20T11:07:08.489679+00:00,6047,383144,3956205,7
2026-09-20T11:07:08.505677+00:00,6048,383169,3955911,7
2026-09-20T11:07:08.537677+00:00,6049,383195,3956211,7
2026-09-20T11:07:08.553680+00:00,6050,383220,3956220,7
2026-09-20T11:07:08.585677+00:00,6051,383245,3956590,7
2026-09-20T11:07:08.617677+00:00,6052,383270,3956467,7
2026-09-20T11:07:08.633678+00:00,6053,383295,3956240,7
2026-09-20T11:07:08.665676+00:00,6054,383320,3956334,7
2026-09-20T11:07:08.681676+00:00,6055,383346,3955961,7
2026-09-20T11:07:08.713692+00:00,6056,383371,3956034,7
2026-09-20T11:07:08.729677+00:00,6057,383396,3956390,7
2026-09-20T11:07:08.761680+00:00,6058,383421,3956218,7
2026-09-20T11:07:08.793678+00:00,6059,383446,3956477,7
2026-09-20T11:07:08.809683+00:00,6060,383472,3956332,7
2026-09-20T11:07:08.841687+00:00,6061,383497,3955696,7
2026-09-20T11:07:08.859680+00:00,6062,383522,3955841,7
2026-09-20T11:07:08.889679+00:00,6063,383547,3956350,7
2026-09-20T11:07:08.906676+00:00,6064,383572,3956285,7
2026-09-20T11:07:08.937677+00:00,6065,383598,3956375,7
2026-09-20T11:07:08.969680+00:00,6066,383623,3956108,7
2026-09-20T11:07:08.985678+00:00,6067,383648,3956136,7
2026-09-20T11:07:09.018678+00:00,6068,383673,3955998,7
2026-09-20T11:07:09.033680+00:00,6069,383698,3956206,7
2026-09-20T11:07:09.081753+00:00,6070,383724,3956240,7
2026-09-20T11:07:09.095586+00:00,6071,383749,3956492,7
2026-09-20T11:07:09.113959+00:00,6072,383774,3956153,7
2026-09-20T11:07:09.145494+00:00,6073,383799,3956217,7
2026-09-20T11:07:09.162025+00:00,6074,383824,3956281,7
2026-09-20T11:07:09.194025+00:00,6075,383849,3956204,7
2026-09-20T11:07:09.210023+00:00,6076,383875,3955877,7
2026-09-20T11:07:09.242025+00:00,6077,383900,3955511,7
2026-09-20T11:07:09.258024+00:00,6078,383925,3956645,7
2026-09-20T11:07:09.290023+00:00,6079,383950,3956500,7
2026-09-20T11:07:09.322024+00:00,6080,383975,3955688,7
2026-09-20T11:07:09.338031+00:00,6081,384001,3955903,7
2026-09-20T11:07:09.370083+00:00,6082,384026,3956077,7
2026-09-20T11:07:09.386066+00:00,6083,384051,3956245,7
2026-09-20T11:07:09.418023+00:00,6084,384076,3956375,7
2026-09-20T11:07:09.449022+00:00,6085,384101,3955730,7
2026-09-20T11:07:09.465367+00:00,6086,384127,3956316,7
2026-09-20T11:07:09.498506+00:00,6087,384152,3956086,7
2026-09-20T11:07:09.513505+00:00,6088,384177,3955707,7
2026-09-20T11:07:09.545503+00:00,6089,384202,3955946,7
2026-09-20T11:07:09.561502+00:00,6090,384227,3956146,7
2026-09-20T11:07:09.593507+00:00,6091,384252,3956543,7
2026-09-20T11:07:09.625501+00:00,6092,384278,3956533,7
2026-09-20T11:07:09.641509+00:00,6093,384303,3956440,7
2026-09-20T11:07:09.673391+00:00,6094,384328,3956449,7
2026-09-20T11:07:09.689321+00:00,6095,384353,3956222,7
2026-09-20T11:07:09.721706+00:00,6096,384378,3955992,7
2026-09-20T11:07:09.737702+00:00,6097,384404,3956062,7
2026-09-20T11:07:09.769768+00:00,6098,384429,3956524,7
2026-09-20T11:07:09.801723+00:00,6099,384454,3956354,7
2026-09-20T11:07:09.817705+00:00,6100,384479,3956325,7
2026-09-20T11:07:09.849702+00:00,6101,384504,3956423,7
2026-09-20T11:07:09.865378+00:00,6102,384530,3956252,7
2026-09-20T11:07:09.898499+00:00,6103,384555,3955790,7
2026-09-20T11:07:09.913369+00:00,6104,384580,3955917,7
2026-09-20T11:07:09.945356+00:00,6105,384605,3956150,7
2026-09-20T11:07:09.977371+00:00,6106,384630,3956113,7
2026-09-20T11:07:09.993376+00:00,6107,384656,3955977,7
2026-09-20T11:07:10.025368+00:00,6108,384681,3956096,7
2026-09-20T11:07:10.041357+00:00,6109,384706,3955851,7
2026-09-20T11:07:10.073388+00:00,6110,384731,3955714,7
2026-09-20T11:07:10.089375+00:00,6111,384756,3955938,7
2026-09-20T11:07:10.122373+00:00,6112,384781,3956078,7
2026-09-20T11:07:10.153370+00:00,6113,384807,3956144,7
2026-09-20T11:07:10.169384+00:00,6114,384832,3956042,7
2026-09-20T11:07:10.201344+00:00,6115,384857,3955866,7
2026-09-20T11:07:10.217350+00:00,6116,384882,3956084,7
2026-09-20T11:07:10.249353+00:00,6117,384907,3956196,7
2026-09-20T11:07:10.265382+00:00,6118,384933,3956389,7
2026-09-20T11:07:10.297343+00:00,6119,384958,3956575,7
2026-09-20T11:07:10.329343+00:00,6120,384983,3956263,7
2026-09-20T11:07:10.345350+00:00,6121,385008,3955698,7
2026-09-20T11:07:10.377359+00:00,6122,385033,3955903,7
2026-09-20T11:07:10.393342+00:00,6123,385059,3955765,7
2026-09-20T11:07:10.425485+00:00,6124,385084,3955705,7
2026-09-20T11:07:10.441355+00:00,6125,385109,3956190,7
2026-09-20T11:07:10.473329+00:00,6126,385134,3956645,7
2026-09-20T11:07:10.505939+00:00,6127,385159,3956612,7
2026-09-20T11:07:10.522613+00:00,6128,385185,3955674,7
2026-09-20T11:07:10.553232+00:00,6129,385210,3955297,7
2026-09-20T11:07:10.569996+00:00,6130,385235,3955522,7
2026-09-20T11:07:10.602513+00:00,6131,385260,3955520,7
2026-09-20T11:07:10.617426+00:00,6132,385285,3955422,7
2026-09-20T11:07:10.649340+00:00,6133,385310,3955672,7
2026-09-20T11:07:10.681356+00:00,6134,385336,3956225,7
2026-09-20T11:07:10.699426+00:00,6135,385361,3956406,7
2026-09-20T11:07:10.729414+00:00,6136,385386,3956558,7
2026-09-20T11:07:10.745435+00:00,6137,385411,3956428,7
2026-09-20T11:07:10.777414+00:00,6138,385436,3956089,7
2026-09-20T11:07:10.809428+00:00,6139,385462,3955894,7
2026-09-20T11:07:10.825415+00:00,6140,385487,3956004,7
2026-09-20T11:07:10.857354+00:00,6141,385512,3955748,7
2026-09-20T11:07:10.873332+00:00,6142,385537,3955848,7
2026-09-20T11:07:10.905335+00:00,6143,385562,3956054,7
2026-09-20T11:07:10.921538+00:00,6144,385588,3956303,7
2026-09-20T11:07:10.954359+00:00,6145,385613,3955974,7
2026-09-20T11:07:10.985340+00:00,6146,385638,3955778,7
2026-09-20T11:07:11.001337+00:00,6147,385663,3955486,7
2026-09-20T11:07:11.033261+00:00,6148,385688,3955785,7
2026-09-20T11:07:11.049327+00:00,6149,385714,3956256,7
2026-09-20T11:07:11.081343+00:00,6150,385739,3955690,7
2026-09-20T11:07:11.097329+00:00,6151,385764,3955719,7
2026-09-20T11:07:11.130400+00:00,6152,385789,3955444,7
2026-09-20T11:07:11.161330+00:00,6153,385814,3955710,7
2026-09-20T11:07:11.178108+00:00,6154,385839,3956413,7
2026-09-20T11:07:11.209320+00:00,6155,385865,3956580,7
2026-09-20T11:07:11.225315+00:00,6156,385890,3956588,7
2026-09-20T11:07:11.257530+00:00,6157,385915,3956358,7
2026-09-20T11:07:11.273326+00:00,6158,385940,3955787,7
2026-09-20T11:07:11.305868+00:00,6159,385965,3955709,7
2026-09-20T11:07:11.338480+00:00,6160,385991,3955500,7
2026-09-20T11:07:11.353363+00:00,6161,386016,3955326,7
2026-09-20T11:07:11.385327+00:00,6162,386041,3955376,7
2026-09-20T11:07:11.401315+00:00,6163,386066,3955977,7
2026-09-20T11:07:11.434595+00:00,6164,386091,3956055,7
2026-09-20T11:07:11.451287+00:00,6165,386117,3955768,7
2026-09-20T11:07:11.482463+00:00,6166,386142,3955757,7
2026-09-20T11:07:11.513106+00:00,6167,386167,3956113,7
2026-09-20T11:07:11.529333+00:00,6168,386192,3955946,7
2026-09-20T11:07:11.561315+00:00,6169,386217,3955775,7
2026-09-20T11:07:11.577303+00:00,6170,386242,3955541,7
2026-09-20T11:07:11.609309+00:00,6171,386268,3955524,7
2026-09-20T11:07:11.625281+00:00,6172,386293,3955755,7
2026-09-20T11:07:11.657851+00:00,6173,386318,3955744,7
2026-09-20T11:07:11.689336+00:00,6174,386343,3955287,7
2026-09-20T11:07:11.705843+00:00,6175,386368,3955121,7
2026-09-20T11:07:11.737842+00:00,6176,386394,3955527,7
2026-09-20T11:07:11.753842+00:00,6177,386419,3955836,7
2026-09-20T11:07:11.785933+00:00,6178,386444,3955946,7
2026-09-20T11:07:11.801864+00:00,6179,386469,3956118,7
2026-09-20T11:07:11.833845+00:00,6180,386494,3956075,7
2026-09-20T11:07:11.865315+00:00,6181,386520,3955777,7
2026-09-20T11:07:11.881319+00:00,6182,386545,3955674,7
2026-09-20T11:07:11.913310+00:00,6183,386570,3955730,7
2026-09-20T11:07:11.929314+00:00,6184,386595,3956060,7
2026-09-20T11:07:11.961340+00:00,6185,386620,3956304,7
2026-09-20T11:07:11.977319+00:00,6186,386646,3955858,7
2026-09-20T11:07:12.009053+00:00,6187,386671,3956109,7
2026-09-20T11:07:12.041301+00:00,6188,386696,3955962,7
2026-09-20T11:07:12.057340+00:00,6189,386721,3955457,7
2026-09-20T11:07:12.089318+00:00,6190,386746,3955736,7
2026-09-20T11:07:12.105877+00:00,6191,386771,3955903,7
2026-09-20T11:07:12.138236+00:00,6192,386797,3955630,7
2026-09-20T11:07:12.169320+00:00,6193,386822,3955236,7
2026-09-20T11:07:12.185307+00:00,6194,386847,3955413,7
2026-09-20T11:07:12.217302+00:00,6195,386872,3956069,7
2026-09-20T11:07:12.233309+00:00,6196,386897,3956117,7
2026-09-20T11:07:12.265304+00:00,6197,386923,3956225,7
2026-09-20T11:07:12.282520+00:00,6198,386948,3955925,7
2026-09-20T11:07:12.313296+00:00,6199,386973,3955567,7
2026-09-20T11:07:12.346611+00:00,6200,386998,3955650,7
2026-09-20T11:07:12.361430+00:00,6201,387023,3955791,7
2026-09-20T11:07:12.393292+00:00,6202,387049,3955906,7
2026-09-20T11:07:12.409724+00:00,6203,387074,3955977,7
2026-09-20T11:07:12.441270+00:00,6204,387099,3956046,7
2026-09-20T11:07:12.457804+00:00,6205,387124,3955921,7
2026-09-20T11:07:12.489235+00:00,6206,387149,3955680,7
2026-09-20T11:07:12.521605+00:00,6207,387175,3955523,7
2026-09-20T11:07:12.538820+00:00,6208,387200,3955361,7
2026-09-20T11:07:12.569290+00:00,6209,387225,3955781,7
2026-09-20T11:07:12.585304+00:00,6210,387250,3955787,7
2026-09-20T11:07:12.619538+00:00,6211,387275,3955648,7
2026-09-20T11:07:12.635384+00:00,6212,387300,3955733,7
2026-09-20T11:07:12.665295+00:00,6213,387326,3955901,7
2026-09-20T11:07:12.697288+00:00,6214,387351,3955807,7
2026-09-20T11:07:12.713311+00:00,6215,387376,3956173,7
2026-09-20T11:07:12.745323+00:00,6216,387401,3956370,7
2026-09-20T11:07:12.761311+00:00,6217,387426,3955895,7
2026-09-20T11:07:12.793313+00:00,6218,387452,3955472,7
2026-09-20T11:07:12.809312+00:00,6219,387477,3955938,7
2026-09-20T11:07:12.841313+00:00,6220,387502,3956251,7
2026-09-20T11:07:12.873867+00:00,6221,387527,3956005,7
2026-09-20T11:07:12.889281+00:00,6222,387552,3956061,7
2026-09-20T11:07:12.921275+00:00,6223,387578,3956077,7
2026-09-20T11:07:12.937875+00:00,6224,387603,3955947,7
2026-09-20T11:07:12.969283+00:00,6225,387628,3956257,7
2026-09-20T11:07:12.985285+00:00,6226,387653,3956578,7
2026-09-20T11:07:13.017289+00:00,6227,387678,3956393,7
2026-09-20T11:07:13.049274+00:00,6228,387703,3956055,7
2026-09-20T11:07:13.066300+00:00,6229,387729,3956064,7
2026-09-20T11:07:13.097297+00:00,6230,387754,3955936,7
2026-09-20T11:07:13.113282+00:00,6231,387779,3955628,7
2026-09-20T11:07:13.146306+00:00,6232,387804,3955857,7
2026-09-20T11:07:13.162304+00:00,6233,387829,3955924,7
2026-09-20T11:07:13.193275+00:00,6234,387855,3955857,7
2026-09-20T11:07:13.225266+00:00,6235,387880,3955972,7
2026-09-20T11:07:13.241277+00:00,6236,387905,3955865,7
2026-09-20T11:07:13.273278+00:00,6237,387930,3955731,7
2026-09-20T11:07:13.290318+00:00,6238,387955,3955590,7
2026-09-20T11:07:13.322297+00:00,6239,387981,3955861,7
2026-09-20T11:07:13.337350+00:00,6240,388006,3955596,7
2026-09-20T11:07:13.370386+00:00,6241,388031,3955641,7
2026-09-20T11:07:13.401219+00:00,6242,388056,3956162,7
2026-09-20T11:07:13.417279+00:00,6243,388081,3955756,7
2026-09-20T11:07:13.449271+00:00,6244,388106,3955364,7
2026-09-20T11:07:13.465281+00:00,6245,388132,3955581,7
2026-09-20T11:07:13.497256+00:00,6246,388157,3955613,7
2026-09-20T11:07:13.529307+00:00,6247,388182,3955745,7
2026-09-20T11:07:13.545266+00:00,6248,388207,3955790,7
2026-09-20T11:07:13.577264+00:00,6249,388232,3955910,7
2026-09-20T11:07:13.593263+00:00,6250,388258,3955510,7
2026-09-20T11:07:13.625260+00:00,6251,388283,3955286,7
2026-09-20T11:07:13.641312+00:00,6252,388308,3955479,7
2026-09-20T11:07:13.673272+00:00,6253,388333,3955593,7
2026-09-20T11:07:13.705213+00:00,6254,388358,3955754,7
2026-09-20T11:07:13.721538+00:00,6255,388384,3955533,7
2026-09-20T11:07:13.755538+00:00,6256,388409,3955500,7
2026-09-20T11:07:13.769539+00:00,6257,388434,3955773,7
2026-09-20T11:07:13.801557+00:00,6258,388459,3955975,7
2026-09-20T11:07:13.817809+00:00,6259,388484,3955686,7
2026-09-20T11:07:13.849539+00:00,6260,388509,3955853,7
2026-09-20T11:07:13.881536+00:00,6261,388535,3955951,7
2026-09-20T11:07:13.897328+00:00,6262,388560,3955870,7
2026-09-20T11:07:13.929248+00:00,6263,388585,3955876,7
2026-09-20T11:07:13.945256+00:00,6264,388610,3955950,7
2026-09-20T11:07:13.977260+00:00,6265,388635,3955105,7
2026-09-20T11:07:13.993251+00:00,6266,388661,3955114,7
2026-09-20T11:07:14.025243+00:00,6267,388686,3955931,7
2026-09-20T11:07:14.057281+00:00,6268,388711,3955951,7
2026-09-20T11:07:14.073272+00:00,6269,388736,3955927,7
2026-09-20T11:07:14.105259+00:00,6270,388761,3955603,7
2026-09-20T11:07:14.121540+00:00,6271,388787,3955268,7
2026-09-20T11:07:14.153253+00:00,6272,388812,3955665,7
2026-09-20T11:07:14.169247+00:00,6273,388837,3956068,7
2026-09-20T11:07:14.201248+00:00,6274,388862,3956256,7
2026-09-20T11:07:14.233257+00:00,6275,388887,3955645,7
2026-09-20T11:07:14.249272+00:00,6276,388913,3955518,7
2026-09-20T11:07:14.281258+00:00,6277,388938,3955543,7
2026-09-20T11:07:14.297264+00:00,6278,388963,3955550,7
2026-09-20T11:07:14.329334+00:00,6279,388988,3955614,7
2026-09-20T11:07:14.347092+00:00,6280,389013,3955490,7
2026-09-20T11:07:14.377257+00:00,6281,389038,3955789,7
2026-09-20T11:07:14.409279+00:00,6282,389064,3955602,7
2026-09-20T11:07:14.425256+00:00,6283,389089,3955536,7
2026-09-20T11:07:14.457258+00:00,6284,389114,3955769,7
2026-09-20T11:07:14.473268+00:00,6285,389139,3955626,7
2026-09-20T11:07:14.505205+00:00,6286,389164,3955874,7
2026-09-20T11:07:14.521554+00:00,6287,389190,3955903,7
2026-09-20T11:07:14.553257+00:00,6288,389215,3955657,7
2026-09-20T11:07:14.585264+00:00,6289,389240,3955743,7
2026-09-20T11:07:14.601236+00:00,6290,389265,3955803,7
2026-09-20T11:07:14.633235+00:00,6291,389290,3955874,7
2026-09-20T11:07:14.649827+00:00,6292,389316,3955691,7
2026-09-20T11:07:14.681248+00:00,6293,389341,3955837,7
2026-09-20T11:07:14.697084+00:00,6294,389366,3955386,7
2026-09-20T11:07:14.730084+00:00,6295,389391,3955297,7
2026-09-20T11:07:14.762083+00:00,6296,389416,3955184,7
2026-09-20T11:07:14.777248+00:00,6297,389441,3955479,7
2026-09-20T11:07:14.810084+00:00,6298,389467,3956091,7
2026-09-20T11:07:14.826085+00:00,6299,389492,3955707,7
2026-09-20T11:07:14.857255+00:00,6300,389517,3955603,7
2026-09-20T11:07:14.889202+00:00,6301,389542,3955381,7
2026-09-20T11:07:14.905221+00:00,6302,389567,3955173,7
2026-09-20T11:07:14.937185+00:00,6303,389593,3955084,7
2026-09-20T11:07:14.953222+00:00,6304,389618,3954716,7
2026-09-20T11:07:14.985277+00:00,6305,389643,3955077,7
2026-09-20T11:07:15.001275+00:00,6306,389668,3955296,7
2026-09-20T11:07:15.028561+00:00,6307,389693,3955380,7
2026-09-20T11:07:15.065225+00:00,6308,389718,3955083,7
2026-09-20T11:07:15.081273+00:00,6309,389744,3955402,7
2026-09-20T11:07:15.113223+00:00,6310,389769,3955681,7
2026-09-20T11:07:15.129232+00:00,6311,389794,3955249,7
2026-09-20T11:07:15.161221+00:00,6312,389819,3955113,7
2026-09-20T11:07:15.177221+00:00,6313,389844,3955489,7
2026-09-20T11:07:15.209228+00:00,6314,389870,3955766,7
2026-09-20T11:07:15.241271+00:00,6315,389895,3956029,7
2026-09-20T11:07:15.258376+00:00,6316,389920,3955671,7
2026-09-20T11:07:15.290584+00:00,6317,389945,3955681,7
2026-09-20T11:07:15.305891+00:00,6318,389970,3955517,7
2026-09-20T11:07:15.338575+00:00,6319,389996,3955213,7
2026-09-20T11:07:15.354239+00:00,6320,390021,3954853,7
2026-09-20T11:07:15.386271+00:00,6321,390046,3954719,7
2026-09-20T11:07:15.417222+00:00,6322,390071,3955284,7
2026-09-20T11:07:15.434304+00:00,6323,390096,3955583,7
2026-09-20T11:07:15.465229+00:00,6324,390121,3955310,7
2026-09-20T11:07:15.481286+00:00,6325,390147,3955579,7
2026-09-20T11:07:15.513214+00:00,6326,390172,3955539,7
2026-09-20T11:07:15.529257+00:00,6327,390197,3955228,7
2026-09-20T11:07:15.562397+00:00,6328,390222,3954927,7
2026-09-20T11:07:15.593233+00:00,6329,390247,3955114,7
2026-09-20T11:07:15.609226+00:00,6330,390273,3955091,7
2026-09-20T11:07:15.641232+00:00,6331,390298,3955142,7
2026-09-20T11:07:15.657200+00:00,6332,390323,3955563,7
2026-09-20T11:07:15.689211+00:00,6333,390348,3955517,7
2026-09-20T11:07:15.705537+00:00,6334,390373,3955433,7
2026-09-20T11:07:15.737535+00:00,6335,390398,3955451,7
2026-09-20T11:07:15.769541+00:00,6336,390424,3955513,7
2026-09-20T11:07:15.785536+00:00,6337,390449,3955828,7
2026-09-20T11:07:15.817542+00:00,6338,390474,3955546,7
2026-09-20T11:07:15.833537+00:00,6339,390499,3955338,7
2026-09-20T11:07:15.865202+00:00,6340,390524,3955439,7
2026-09-20T11:07:15.881208+00:00,6341,390550,3955518,7
2026-09-20T11:07:15.913198+00:00,6342,390575,3955784,7
2026-09-20T11:07:15.945203+00:00,6343,390600,3955428,7
2026-09-20T11:07:15.961830+00:00,6344,390625,3955121,7
2026-09-20T11:07:15.992867+00:00,6345,390650,3955092,7
2026-09-20T11:07:16.009218+00:00,6346,390676,3955453,7
2026-09-20T11:07:16.041202+00:00,6347,390701,3955802,7
2026-09-20T11:07:16.057221+00:00,6348,390726,3956018,7
2026-09-20T11:07:16.089186+00:00,6349,390751,3956021,7
2026-09-20T11:07:16.121546+00:00,6350,390776,3955344,7
2026-09-20T11:07:16.137193+00:00,6351,390801,3955222,7
2026-09-20T11:07:16.169209+00:00,6352,390827,3955059,7
2026-09-20T11:07:16.185203+00:00,6353,390852,3954876,7
2026-09-20T11:07:16.217287+00:00,6354,390877,3954988,7
2026-09-20T11:07:16.249224+00:00,6355,390902,3955721,7
2026-09-20T11:07:16.266278+00:00,6356,390927,3955694,7
2026-09-20T11:07:16.297202+00:00,6357,390953,3955674,7
2026-09-20T11:07:16.314238+00:00,6358,390978,3955765,7
2026-09-20T11:07:16.345202+00:00,6359,391003,3956107,7
2026-09-20T11:07:16.361191+00:00,6360,391028,3956068,7
2026-09-20T11:07:16.395388+00:00,6361,391053,3956137,7
2026-09-20T11:07:16.425607+00:00,6362,391078,3955859,7
2026-09-20T11:07:16.441184+00:00,6363,391104,3955714,7
2026-09-20T11:07:16.473206+00:00,6364,391129,3955627,7
2026-09-20T11:07:16.490273+00:00,6365,391154,3955543,7
2026-09-20T11:07:16.522491+00:00,6366,391179,3955352,7
2026-09-20T11:07:16.538780+00:00,6367,391204,3955452,7
2026-09-20T11:07:16.571907+00:00,6368,391230,3955502,7
2026-09-20T11:07:16.602269+00:00,6369,391255,3955542,7
2026-09-20T11:07:16.621568+00:00,6370,391280,3955331,7
2026-09-20T11:07:16.650450+00:00,6371,391305,3955323,7
2026-09-20T11:07:16.665206+00:00,6372,391330,3955759,7
2026-09-20T11:07:16.697513+00:00,6373,391356,3955851,7
2026-09-20T11:07:16.713524+00:00,6374,391381,3955323,7
2026-09-20T11:07:16.745513+00:00,6375,391406,3954963,7
2026-09-20T11:07:16.777548+00:00,6376,391431,3955078,7
2026-09-20T11:07:16.793513+00:00,6377,391456,3955308,7
2026-09-20T11:07:16.825514+00:00,6378,391481,3955630,7
2026-09-20T11:07:16.841530+00:00,6379,391507,3955081,7
2026-09-20T11:07:16.873158+00:00,6380,391532,3954536,7
2026-09-20T11:07:16.889195+00:00,6381,391557,3953947,7
2026-09-20T11:07:16.921151+00:00,6382,391582,3954692,7
2026-09-20T11:07:16.953185+00:00,6383,391607,3955584,7
2026-09-20T11:07:16.969268+00:00,6384,391633,3955393,7
2026-09-20T11:07:17.001189+00:00,6385,391658,3955013,7
2026-09-20T11:07:17.017203+00:00,6386,391683,3955131,7
2026-09-20T11:07:17.049173+00:00,6387,391708,3955148,7
2026-09-20T11:07:17.065474+00:00,6388,391733,3955003,7
2026-09-20T11:07:17.097193+00:00,6389,391759,3954978,7
2026-09-20T11:07:17.129390+00:00,6390,391784,3955052,7
2026-09-20T11:07:17.145176+00:00,6391,391809,3955384,7
2026-09-20T11:07:17.177183+00:00,6392,391834,3955627,7
2026-09-20T11:07:17.193178+00:00,6393,391859,3955386,7
2026-09-20T11:07:17.225252+00:00,6394,391884,3954815,7
2026-09-20T11:07:17.241204+00:00,6395,391910,3955056,7
2026-09-20T11:07:17.273169+00:00,6396,391935,3955346,7
2026-09-20T11:07:17.305887+00:00,6397,391960,3954677,7
2026-09-20T11:07:17.321893+00:00,6398,391985,3954917,7
2026-09-20T11:07:17.354194+00:00,6399,392010,3955182,7
2026-09-20T11:07:17.369925+00:00,6400,392036,3955228,7
2026-09-20T11:07:17.401183+00:00,6401,392061,3955178,7
2026-09-20T11:07:17.417055+00:00,6402,392086,3955558,7
2026-09-20T11:07:17.449161+00:00,6403,392111,3955132,7
2026-09-20T11:07:17.481233+00:00,6404,392136,3954898,7
2026-09-20T11:07:17.497160+00:00,6405,392161,3955403,7
2026-09-20T11:07:17.529158+00:00,6406,392187,3955500,7
2026-09-20T11:07:17.545164+00:00,6407,392212,3954899,7
2026-09-20T11:07:17.577207+00:00,6408,392237,3955001,7
2026-09-20T11:07:17.593158+00:00,6409,392262,3955448,7
2026-09-20T11:07:17.625173+00:00,6410,392287,3955209,7
2026-09-20T11:07:17.657931+00:00,6411,392313,3955649,7
2026-09-20T11:07:17.673159+00:00,6412,392338,3955300,7
2026-09-20T11:07:17.707100+00:00,6413,392363,3955265,7
2026-09-20T11:07:17.721556+00:00,6414,392388,3955521,7
2026-09-20T11:07:17.753610+00:00,6415,392413,3955158,7
2026-09-20T11:07:17.785570+00:00,6416,392439,3955086,7
2026-09-20T11:07:17.801599+00:00,6417,392464,3955329,7
2026-09-20T11:07:17.833573+00:00,6418,392489,3955256,7
2026-09-20T11:07:17.849557+00:00,6419,392514,3955028,7
2026-09-20T11:07:17.881165+00:00,6420,392539,3955261,7
2026-09-20T11:07:17.897158+00:00,6421,392564,3955562,7
2026-09-20T11:07:17.929152+00:00,6422,392590,3955311,7
2026-09-20T11:07:17.960860+00:00,6423,392615,3955524,7
2026-09-20T11:07:17.977152+00:00,6424,392640,3955562,7
2026-09-20T11:07:18.014575+00:00,6425,392665,3955643,7
2026-09-20T11:07:18.027665+00:00,6426,392690,3955253,7
2026-09-20T11:07:18.058044+00:00,6427,392716,3955031,7
2026-09-20T11:07:18.073568+00:00,6428,392741,3955181,7
2026-09-20T11:07:18.105899+00:00,6429,392766,3955422,7
2026-09-20T11:07:18.137152+00:00,6430,392791,3955537,7
2026-09-20T11:07:18.153166+00:00,6431,392816,3955054,7
2026-09-20T11:07:18.185140+00:00,6432,392842,3955237,7
2026-09-20T11:07:18.201145+00:00,6433,392867,3955217,7
2026-09-20T11:07:18.233145+00:00,6434,392892,3955230,7
2026-09-20T11:07:18.249144+00:00,6435,392917,3955175,7
2026-09-20T11:07:18.281165+00:00,6436,392942,3955661,7
2026-09-20T11:07:18.313143+00:00,6437,392967,3955260,7
2026-09-20T11:07:18.329143+00:00,6438,392993,3955189,7
2026-09-20T11:07:18.361150+00:00,6439,393018,3955142,7
2026-09-20T11:07:18.377138+00:00,6440,393043,3954789,7
2026-09-20T11:07:18.409133+00:00,6441,393068,3954774,7
2026-09-20T11:07:18.425519+00:00,6442,393093,3955209,7
2026-09-20T11:07:18.457391+00:00,6443,393119,3955268,7
2026-09-20T11:07:18.489150+00:00,6444,393144,3955131,7
2026-09-20T11:07:18.506175+00:00,6445,393169,3954870,7
2026-09-20T11:07:18.538828+00:00,6446,393194,3955657,7
2026-09-20T11:07:18.553841+00:00,6447,393219,3956122,7
2026-09-20T11:07:18.585167+00:00,6448,393244,3955532,7
2026-09-20T11:07:18.602217+00:00,6449,393270,3954857,7
2026-09-20T11:07:18.635184+00:00,6450,393295,3955413,7
2026-09-20T11:07:18.665165+00:00,6451,393320,3955650,7
2026-09-20T11:07:18.681149+00:00,6452,393345,3955385,7
2026-09-20T11:07:18.713743+00:00,6453,393370,3954995,7
2026-09-20T11:07:18.729744+00:00,6454,393396,3955262,7
2026-09-20T11:07:18.761744+00:00,6455,393421,3954944,7
2026-09-20T11:07:18.777745+00:00,6456,393446,3954912,7
2026-09-20T11:07:18.809748+00:00,6457,393471,3954820,7
2026-09-20T11:07:18.841771+00:00,6458,393496,3954864,7
2026-09-20T11:07:18.857170+00:00,6459,393522,3954902,7
2026-09-20T11:07:18.889666+00:00,6460,393547,3954923,7
2026-09-20T11:07:18.905317+00:00,6461,393572,3954856,7
2026-09-20T11:07:18.937305+00:00,6462,393597,3955175,7
2026-09-20T11:07:18.953145+00:00,6463,393622,3955327,7
2026-09-20T11:07:18.985140+00:00,6464,393647,3955000,7
2026-09-20T11:07:19.017148+00:00,6465,393673,3954569,7
2026-09-20T11:07:19.033141+00:00,6466,393698,3954813,7
2026-09-20T11:07:19.065131+00:00,6467,393723,3954892,7
2026-09-20T11:07:19.081961+00:00,6468,393748,3954732,7
2026-09-20T11:07:19.113155+00:00,6469,393773,3954930,7
2026-09-20T11:07:19.129126+00:00,6470,393799,3955072,7
2026-09-20T11:07:19.160958+00:00,6471,393824,3954973,7
2026-09-20T11:07:19.193120+00:00,6472,393849,3954960,7
2026-09-20T11:07:19.209113+00:00,6473,393874,3954859,7
2026-09-20T11:07:19.241135+00:00,6474,393899,3955525,7
2026-09-20T11:07:19.257949+00:00,6475,393925,3955354,7
2026-09-20T11:07:19.289123+00:00,6476,393950,3955026,7
2026-09-20T11:07:19.321596+00:00,6477,393975,3955234,7
2026-09-20T11:07:19.338181+00:00,6478,394000,3955220,7
2026-09-20T11:07:19.369132+00:00,6479,394025,3955308,7
2026-09-20T11:07:19.386169+00:00,6480,394050,3955310,7
2026-09-20T11:07:19.420616+00:00,6481,394076,3955103,7
2026-09-20T11:07:19.433127+00:00,6482,394101,3954895,7
2026-09-20T11:07:19.465114+00:00,6483,394126,3954402,7
2026-09-20T11:07:19.497125+00:00,6484,394151,3954289,7
2026-09-20T11:07:19.514394+00:00,6485,394176,3954660,7
2026-09-20T11:07:19.545108+00:00,6486,394202,3954717,7
2026-09-20T11:07:19.561110+00:00,6487,394227,3955482,7
2026-09-20T11:07:19.593124+00:00,6488,394252,3955298,7
2026-09-20T11:07:19.609108+00:00,6489,394277,3954650,7
2026-09-20T11:07:19.642306+00:00,6490,394302,3954712,7
2026-09-20T11:07:19.673696+00:00,6491,394327,3955354,7
2026-09-20T11:07:19.689600+00:00,6492,394353,3955332,7
2026-09-20T11:07:19.722024+00:00,6493,394378,3955175,7
2026-09-20T11:07:19.738020+00:00,6494,394403,3955433,7
2026-09-20T11:07:19.769020+00:00,6495,394428,3954840,7
2026-09-20T11:07:19.785020+00:00,6496,394453,3954786,7
2026-09-20T11:07:19.817020+00:00,6497,394479,3955543,7
2026-09-20T11:07:19.849041+00:00,6498,394504,3955172,7
2026-09-20T11:07:19.865106+00:00,6499,394529,3954786,7
2026-09-20T11:07:19.897123+00:00,6500,394554,3954975,7
2026-09-20T11:07:19.913104+00:00,6501,394579,3955041,7
2026-09-20T11:07:19.945100+00:00,6502,394605,3954958,7
2026-09-20T11:07:19.961100+00:00,6503,394630,3954524,7
2026-09-20T11:07:19.993098+00:00,6504,394655,3954086,7
2026-09-20T11:07:20.025207+00:00,6505,394680,3954292,7
2026-09-20T11:07:20.041102+00:00,6506,394705,3954795,7
2026-09-20T11:07:20.074129+00:00,6507,394730,3955401,7
2026-09-20T11:07:20.089070+00:00,6508,394756,3955273,7
2026-09-20T11:07:20.121566+00:00,6509,394781,3954714,7
2026-09-20T11:07:20.137105+00:00,6510,394806,3954560,7
2026-09-20T11:07:20.169113+00:00,6511,394831,3954984,7
2026-09-20T11:07:20.201099+00:00,6512,394856,3954995,7
2026-09-20T11:07:20.217111+00:00,6513,394882,3954614,7
2026-09-20T11:07:20.249083+00:00,6514,394907,3954533,7
2026-09-20T11:07:20.265376+00:00,6515,394932,3954728,7
2026-09-20T11:07:20.297097+00:00,6516,394957,3955057,7
2026-09-20T11:07:20.313066+00:00,6517,394982,3955040,7
2026-09-20T11:07:20.345093+00:00,6518,395007,3954646,7
2026-09-20T11:07:20.377088+00:00,6519,395033,3954928,7
2026-09-20T11:07:20.393337+00:00,6520,395058,3955583,7
2026-09-20T11:07:20.425092+00:00,6521,395083,3955232,7
2026-09-20T11:07:20.441103+00:00,6522,395108,3955142,7
2026-09-20T11:07:20.473090+00:00,6523,395133,3954967,7
2026-09-20T11:07:20.490284+00:00,6524,395159,3955297,7
2026-09-20T11:07:20.521925+00:00,6525,395184,3955115,7
2026-09-20T11:07:20.553099+00:00,6526,395209,3955261,7
2026-09-20T11:07:20.569910+00:00,6527,395234,3955521,7
2026-09-20T11:07:20.602181+00:00,6528,395259,3955037,7
2026-09-20T11:07:20.618388+00:00,6529,395285,3954790,7
2026-09-20T11:07:20.649089+00:00,6530,395310,3955097,7
2026-09-20T11:07:20.681089+00:00,6531,395335,3955027,7
2026-09-20T11:07:20.697519+00:00,6532,395360,3955827,7
2026-09-20T11:07:20.729598+00:00,6533,395385,3955788,7
2026-09-20T11:07:20.745572+00:00,6534,395410,3955222,7
2026-09-20T11:07:20.777569+00:00,6535,395436,3954984,7
2026-09-20T11:07:20.793518+00:00,6536,395461,3955164,7
2026-09-20T11:07:20.825519+00:00,6537,395486,3954901,7
2026-09-20T11:07:20.857099+00:00,6538,395511,3955237,7
2026-09-20T11:07:20.873071+00:00,6539,395536,3955347,7
2026-09-20T11:07:20.905207+00:00,6540,395562,3954969,7
2026-09-20T11:07:20.922089+00:00,6541,395587,3955140,7
2026-09-20T11:07:20.953135+00:00,6542,395612,3954921,7
2026-09-20T11:07:20.968879+00:00,6543,395637,3954886,7
2026-09-20T11:07:21.001083+00:00,6544,395662,3954940,7
2026-09-20T11:07:21.033077+00:00,6545,395688,3955059,7
2026-09-20T11:07:21.049094+00:00,6546,395713,3954868,7
2026-09-20T11:07:21.082117+00:00,6547,395738,3954629,7
2026-09-20T11:07:21.097534+00:00,6548,395763,3955161,7
2026-09-20T11:07:21.129054+00:00,6549,395788,3955046,7
2026-09-20T11:07:21.145076+00:00,6550,395813,3955178,7
2026-09-20T11:07:21.177070+00:00,6551,395839,3955323,7
2026-09-20T11:07:21.209060+00:00,6552,395864,3954864,7
2026-09-20T11:07:21.225066+00:00,6553,395889,3954920,7
2026-09-20T11:07:21.257097+00:00,6554,395914,3955209,7
2026-09-20T11:07:21.273069+00:00,6555,395939,3955534,7
2026-09-20T11:07:21.305895+00:00,6556,395965,3955775,7
2026-09-20T11:07:21.321562+00:00,6557,395990,3955275,7
2026-09-20T11:07:21.353940+00:00,6558,396015,3955189,7
2026-09-20T11:07:21.385064+00:00,6559,396040,3955214,7
2026-09-20T11:07:21.401067+00:00,6560,396065,3955008,7
2026-09-20T11:07:21.433079+00:00,6561,396090,3954980,7
2026-09-20T11:07:21.449070+00:00,6562,396116,3955098,7
2026-09-20T11:07:21.482375+00:00,6563,396141,3955193,7
2026-09-20T11:07:21.497055+00:00,6564,396166,3955053,7
2026-09-20T11:07:21.529053+00:00,6565,396191,3954854,7
2026-09-20T11:07:21.561066+00:00,6566,396216,3954556,7
2026-09-20T11:07:21.577404+00:00,6567,396242,3954597,7
2026-09-20T11:07:21.609067+00:00,6568,396267,3954806,7
2026-09-20T11:07:21.625052+00:00,6569,396292,3955062,7
2026-09-20T11:07:21.657026+00:00,6570,396317,3955088,7
2026-09-20T11:07:21.673068+00:00,6571,396342,3955268,7
2026-09-20T11:07:21.705897+00:00,6572,396368,3954701,7
2026-09-20T11:07:21.738897+00:00,6573,396393,3954813,7
2026-09-20T11:07:21.753896+00:00,6574,396418,3954879,7
2026-09-20T11:07:21.784896+00:00,6575,396443,3954458,7
2026-09-20T11:07:21.801896+00:00,6576,396468,3954783,7
2026-09-20T11:07:21.832897+00:00,6577,396493,3954767,7
2026-09-20T11:07:21.848898+00:00,6578,396519,3954691,7
2026-09-20T11:07:21.881054+00:00,6579,396544,3955484,7
2026-09-20T11:07:21.913038+00:00,6580,396569,3955636,7
2026-09-20T11:07:21.929051+00:00,6581,396594,3955113,7
2026-09-20T11:07:21.961044+00:00,6582,396619,3955206,7
2026-09-20T11:07:21.977058+00:00,6583,396645,3955156,7
2026-09-20T11:07:22.009054+00:00,6584,396670,3955211,7
2026-09-20T11:07:22.025101+00:00,6585,396695,3955557,7
2026-09-20T11:07:22.057062+00:00,6586,396720,3955227,7
2026-09-20T11:07:22.089234+00:00,6587,396745,3954423,7
2026-09-20T11:07:22.104933+00:00,6588,396770,3954330,7
2026-09-20T11:07:22.137028+00:00,6589,396796,3954636,7
2026-09-20T11:07:22.153050+00:00,6590,396821,3955124,7
2026-09-20T11:07:22.185056+00:00,6591,396846,3955311,7
2026-09-20T11:07:22.217056+00:00,6592,396871,3954774,7
2026-09-20T11:07:22.233048+00:00,6593,396896,3954790,7
2026-09-20T11:07:22.264678+00:00,6594,396922,3955187,7
2026-09-20T11:07:22.281070+00:00,6595,396947,3955000,7
2026-09-20T11:07:22.313048+00:00,6596,396972,3954933,7
2026-09-20T11:07:22.329034+00:00,6597,396997,3954464,7
2026-09-20T11:07:22.361054+00:00,6598,397022,3954520,7
2026-09-20T11:07:22.393061+00:00,6599,397048,3954846,7
2026-09-20T11:07:22.408914+00:00,6600,397073,3954770,7
2026-09-20T11:07:22.441051+00:00,6601,397098,3954887,7
2026-09-20T11:07:22.457047+00:00,6602,397123,3954952,7
2026-09-20T11:07:22.490346+00:00,6603,397148,3954832,7
2026-09-20T11:07:22.505396+00:00,6604,397173,3955187,7
2026-09-20T11:07:22.538713+00:00,6605,397199,3954599,7
2026-09-20T11:07:22.569894+00:00,6606,397224,3954420,7
2026-09-20T11:07:22.585090+00:00,6607,397249,3954908,7
2026-09-20T11:07:22.617050+00:00,6608,397274,3954589,7
2026-09-20T11:07:22.633032+00:00,6609,397299,3954440,7
2026-09-20T11:07:22.666308+00:00,6610,397325,3954822,7
2026-09-20T11:07:22.682338+00:00,6611,397350,3955102,7
2026-09-20T11:07:22.713149+00:00,6612,397375,3955035,7
2026-09-20T11:07:22.745149+00:00,6613,397400,3955239,7
2026-09-20T11:07:22.761149+00:00,6614,397425,3954924,7
2026-09-20T11:07:22.793149+00:00,6615,397450,3954626,7
2026-09-20T11:07:22.809147+00:00,6616,397476,3954938,7
2026-09-20T11:07:22.841147+00:00,6617,397501,3955467,7
2026-09-20T11:07:22.857385+00:00,6618,397526,3955190,7
2026-09-20T11:07:22.888913+00:00,6619,397551,3954888,7
2026-09-20T11:07:22.920544+00:00,6620,397576,3954557,7
2026-09-20T11:07:22.936271+00:00,6621,397602,3954746,7
2026-09-20T11:07:22.970073+00:00,6622,397627,3954961,7
2026-09-20T11:07:22.985031+00:00,6623,397652,3955027,7
2026-09-20T11:07:23.017027+00:00,6624,397677,3954451,7
2026-09-20T11:07:23.033028+00:00,6625,397702,3954135,7
2026-09-20T11:07:23.065041+00:00,6626,397728,3954191,7
2026-09-20T11:07:23.097067+00:00,6627,397753,3954224,7
2026-09-20T11:07:23.113102+00:00,6628,397778,3954335,7
2026-09-20T11:07:23.145074+00:00,6629,397803,3954378,7
2026-09-20T11:07:23.160859+00:00,6630,397828,3954814,7
2026-09-20T11:07:23.193080+00:00,6631,397853,3954800,7
2026-09-20T11:07:23.209052+00:00,6632,397879,3954823,7
2026-09-20T11:07:23.241032+00:00,6633,397904,3954849,7
2026-09-20T11:07:23.273058+00:00,6634,397929,3955157,7
2026-09-20T11:07:23.289235+00:00,6635,397954,3955049,7
2026-09-20T11:07:23.321059+00:00,6636,397979,3954721,7
2026-09-20T11:07:23.337048+00:00,6637,398005,3954556,7
2026-09-20T11:07:23.370039+00:00,6638,398030,3954261,7
2026-09-20T11:07:23.385057+00:00,6639,398055,3954774,7
2026-09-20T11:07:23.418838+00:00,6640,398080,3954885,7
2026-09-20T11:07:23.449045+00:00,6641,398105,3954697,7
2026-09-20T11:07:23.465020+00:00,6642,398131,3954602,7
2026-09-20T11:07:23.498324+00:00,6643,398156,3954879,7
2026-09-20T11:07:23.513017+00:00,6644,398181,3954625,7
2026-09-20T11:07:23.545006+00:00,6645,398206,3954348,7
2026-09-20T11:07:23.577084+00:00,6646,398231,3954516,7
2026-09-20T11:07:23.593001+00:00,6647,398256,3954846,7
2026-09-20T11:07:23.625387+00:00,6648,398282,3954546,7
2026-09-20T11:07:23.641029+00:00,6649,398307,3954680,7
2026-09-20T11:07:23.673754+00:00,6650,398332,3954378,7
2026-09-20T11:07:23.689005+00:00,6651,398357,3954552,7
2026-09-20T11:07:23.722602+00:00,6652,398382,3954884,7
2026-09-20T11:07:23.752817+00:00,6653,398408,3954730,7
2026-09-20T11:07:23.769605+00:00,6654,398433,3954812,7
2026-09-20T11:07:23.801604+00:00,6655,398458,3954857,7
2026-09-20T11:07:23.817632+00:00,6656,398483,3954790,7
2026-09-20T11:07:23.849616+00:00,6657,398508,3954900,7
2026-09-20T11:07:23.865004+00:00,6658,398534,3955035,7
2026-09-20T11:07:23.897004+00:00,6659,398559,3955287,7
2026-09-20T11:07:23.928969+00:00,6660,398584,3954850,7
2026-09-20T11:07:23.944995+00:00,6661,398609,3954654,7
2026-09-20T11:07:23.977013+00:00,6662,398634,3954951,7
2026-09-20T11:07:23.993006+00:00,6663,398659,3955307,7
2026-09-20T11:07:24.025011+00:00,6664,398685,3954684,7
2026-09-20T11:07:24.040982+00:00,6665,398710,3954430,7
2026-09-20T11:07:24.072995+00:00,6666,398735,3954626,7
2026-09-20T11:07:24.104959+00:00,6667,398760,3954547,7
2026-09-20T11:07:24.121572+00:00,6668,398785,3954930,7
2026-09-20T11:07:24.152980+00:00,6669,398811,3954923,7
2026-09-20T11:07:24.169006+00:00,6670,398836,3954674,7
2026-09-20T11:07:24.201944+00:00,6671,398861,3954335,7
2026-09-20T11:07:24.217273+00:00,6672,398886,3954359,7
2026-09-20T11:07:24.248892+00:00,6673,398911,3954154,7
2026-09-20T11:07:24.280999+00:00,6674,398937,3953761,7
2026-09-20T11:07:24.297025+00:00,6675,398962,3954372,7
2026-09-20T11:07:24.328996+00:00,6676,398987,3955040,7
2026-09-20T11:07:24.344990+00:00,6677,399012,3955310,7
2026-09-20T11:07:24.378728+00:00,6678,399037,3955299,7
2026-09-20T11:07:24.393688+00:00,6679,399062,3954846,7
2026-09-20T11:07:24.424994+00:00,6680,399088,3954901,7
2026-09-20T11:07:24.459060+00:00,6681,399113,3954916,7
2026-09-20T11:07:24.472996+00:00,6682,399138,3955119,7
2026-09-20T11:07:24.505968+00:00,6683,399163,3954840,7
2026-09-20T11:07:24.521626+00:00,6684,399188,3954767,7
2026-09-20T11:07:24.554068+00:00,6685,399214,3954676,7
2026-09-20T11:07:24.568984+00:00,6686,399239,3954336,7
2026-09-20T11:07:24.602015+00:00,6687,399264,3954801,7
2026-09-20T11:07:24.632992+00:00,6688,399289,3954365,7
2026-09-20T11:07:24.648991+00:00,6689,399314,3954817,7
2026-09-20T11:07:24.681080+00:00,6690,399340,3955199,7
2026-09-20T11:07:24.696734+00:00,6691,399365,3954630,7
2026-09-20T11:07:24.728765+00:00,6692,399390,3954465,7
2026-09-20T11:07:24.744764+00:00,6693,399415,3954366,7
2026-09-20T11:07:24.777791+00:00,6694,399440,3954442,7
2026-09-20T11:07:24.809768+00:00,6695,399465,3954362,7
2026-09-20T11:07:24.825774+00:00,6696,399491,3954528,7
2026-09-20T11:07:24.856983+00:00,6697,399516,3954521,7
2026-09-20T11:07:24.872974+00:00,6698,399541,3955052,7
2026-09-20T11:07:24.904992+00:00,6699,399566,3954902,7
2026-09-20T11:07:24.937030+00:00,6700,399591,3954629,7
2026-09-20T11:07:24.953239+00:00,6701,399617,3954903,7
2026-09-20T11:07:24.984971+00:00,6702,399642,3955055,7
2026-09-20T11:07:25.001035+00:00,6703,399667,3954585,7
2026-09-20T11:07:25.032967+00:00,6704,399692,3954928,7
2026-09-20T11:07:25.048991+00:00,6705,399717,3955218,7
2026-09-20T11:07:25.080968+00:00,6706,399742,3955370,7
2026-09-20T11:07:25.112978+00:00,6707,399768,3955162,7
2026-09-20T11:07:25.131106+00:00,6708,399793,3954993,7
2026-09-20T11:07:25.161840+00:00,6709,399818,3955082,7
2026-09-20T11:07:25.176975+00:00,6710,399843,3954791,7
2026-09-20T11:07:25.209627+00:00,6711,399868,3954638,7
2026-09-20T11:07:25.224975+00:00,6712,399894,3954529,7
2026-09-20T11:07:25.257582+00:00,6713,399919,3954359,7
2026-09-20T11:07:25.289012+00:00,6714,399944,3954904,7
2026-09-20T11:07:25.305616+00:00,6715,399969,3954634,7
2026-09-20T11:07:25.339368+00:00,6716,399994,3953929,7
2026-09-20T11:07:25.353448+00:00,6717,400020,3954044,7
2026-09-20T11:07:25.384973+00:00,6718,400045,3954376,7
2026-09-20T11:07:25.400983+00:00,6719,400070,3954483,7
2026-09-20T11:07:25.432967+00:00,6720,400095,3954648,7
2026-09-20T11:07:25.464955+00:00,6721,400120,3954679,7
2026-09-20T11:07:25.480965+00:00,6722,400145,3954774,7
2026-09-20T11:07:25.512979+00:00,6723,400171,3954388,7
2026-09-20T11:07:25.528979+00:00,6724,400196,3954407,7
2026-09-20T11:07:25.561772+00:00,6725,400221,3954546,7
2026-09-20T11:07:25.576990+00:00,6726,400246,3954708,7
2026-09-20T11:07:25.612326+00:00,6727,400271,3954647,7
2026-09-20T11:07:25.640978+00:00,6728,400297,3954670,7
2026-09-20T11:07:25.656999+00:00,6729,400322,3954534,7
2026-09-20T11:07:25.689583+00:00,6730,400347,3954234,7
2026-09-20T11:07:25.706206+00:00,6731,400372,3954369,7
2026-09-20T11:07:25.739200+00:00,6732,400397,3954439,7
2026-09-20T11:07:25.756204+00:00,6733,400423,3954950,7
2026-09-20T11:07:25.785215+00:00,6734,400448,3954929,7
2026-09-20T11:07:25.817204+00:00,6735,400473,3954781,7
2026-09-20T11:07:25.833203+00:00,6736,400498,3954913,7
2026-09-20T11:07:25.865222+00:00,6737,400523,3954829,7
2026-09-20T11:07:25.880952+00:00,6738,400548,3954539,7
2026-09-20T11:07:25.912961+00:00,6739,400574,3954508,7
2026-09-20T11:07:25.928951+00:00,6740,400599,3954762,7
2026-09-20T11:07:25.960975+00:00,6741,400624,3954544,7
2026-09-20T11:07:25.992952+00:00,6742,400649,3954386,7
2026-09-20T11:07:26.008963+00:00,6743,400674,3954784,7
2026-09-20T11:07:26.040947+00:00,6744,400700,3954751,7
2026-09-20T11:07:26.056946+00:00,6745,400725,3954630,7
2026-09-20T11:07:26.089249+00:00,6746,400750,3954219,7
2026-09-20T11:07:26.104916+00:00,6747,400775,3954282,7
2026-09-20T11:07:26.138302+00:00,6748,400800,3954208,7
2026-09-20T11:07:26.168945+00:00,6749,400825,3954115,7
2026-09-20T11:07:26.184945+00:00,6750,400851,3954182,7
2026-09-20T11:07:26.216955+00:00,6751,400876,3954930,7
2026-09-20T11:07:26.232954+00:00,6752,400901,3955137,7
2026-09-20T11:07:26.265020+00:00,6753,400926,3954592,7
2026-09-20T11:07:26.280950+00:00,6754,400951,3955204,7
2026-09-20T11:07:26.312953+00:00,6755,400977,3955292,7
2026-09-20T11:07:26.344944+00:00,6756,401002,3954676,7
2026-09-20T11:07:26.360944+00:00,6757,401027,3954867,7
2026-09-20T11:07:26.395961+00:00,6758,401052,3955212,7
2026-09-20T11:07:26.408948+00:00,6759,401077,3954894,7
2026-09-20T11:07:26.440942+00:00,6760,401103,3954541,7
2026-09-20T11:07:26.473108+00:00,6761,401128,3954507,7
2026-09-20T11:07:26.488836+00:00,6762,401153,3954531,7
2026-09-20T11:07:26.521601+00:00,6763,401178,3954410,7
2026-09-20T11:07:26.539020+00:00,6764,401203,3954109,7
2026-09-20T11:07:26.571047+00:00,6765,401228,3954647,7
2026-09-20T11:07:26.584954+00:00,6766,401254,3954995,7
2026-09-20T11:07:26.617018+00:00,6767,401279,3954954,7
2026-09-20T11:07:26.648945+00:00,6768,401304,3954490,7
2026-09-20T11:07:26.668330+00:00,6769,401329,3954304,7
2026-09-20T11:07:26.698402+00:00,6770,401354,3954184,7
2026-09-20T11:07:26.713317+00:00,6771,401380,3954408,7
2026-09-20T11:07:26.745317+00:00,6772,401405,3954780,7
2026-09-20T11:07:26.761315+00:00,6773,401430,3954440,7
2026-09-20T11:07:26.793314+00:00,6774,401455,3954234,7
2026-09-20T11:07:26.825318+00:00,6775,401480,3954398,7
2026-09-20T11:07:26.841324+00:00,6776,401506,3954667,7
2026-09-20T11:07:26.872939+00:00,6777,401531,3954576,7
2026-09-20T11:07:26.890586+00:00,6778,401556,3954413,7
2026-09-20T11:07:26.928213+00:00,6779,401581,3954565,7
2026-09-20T11:07:26.938373+00:00,6780,401606,3954559,7
2026-09-20T11:07:26.968930+00:00,6781,401631,3954542,7
2026-09-20T11:07:27.000919+00:00,6782,401657,3954523,7
2026-09-20T11:07:27.016924+00:00,6783,401682,3955016,7
2026-09-20T11:07:27.048914+00:00,6784,401707,3954776,7
2026-09-20T11:07:27.065223+00:00,6785,401732,3954243,7
2026-09-20T11:07:27.096947+00:00,6786,401757,3954315,7
2026-09-20T11:07:27.112840+00:00,6787,401783,3954155,7
2026-09-20T11:07:27.144941+00:00,6788,401808,3954131,7
2026-09-20T11:07:27.176930+00:00,6789,401833,3954232,7
2026-09-20T11:07:27.192916+00:00,6790,401858,3954523,7
2026-09-20T11:07:27.224920+00:00,6791,401883,3954756,7
2026-09-20T11:07:27.240916+00:00,6792,401909,3954839,7
2026-09-20T11:07:27.273662+00:00,6793,401934,3954239,7
2026-09-20T11:07:27.288948+00:00,6794,401959,3953854,7
2026-09-20T11:07:27.322609+00:00,6795,401984,3954237,7
2026-09-20T11:07:27.353921+00:00,6796,402009,3953776,7
2026-09-20T11:07:27.368877+00:00,6797,402034,3954200,7
2026-09-20T11:07:27.400931+00:00,6798,402060,3954389,7
2026-09-20T11:07:27.420078+00:00,6799,402085,3954266,7
2026-09-20T11:07:27.449456+00:00,6800,402110,3953774,7
2026-09-20T11:07:27.464913+00:00,6801,402135,3954444,7
2026-09-20T11:07:27.496933+00:00,6802,402160,3955017,7
2026-09-20T11:07:27.528921+00:00,6803,402186,3954871,7
2026-09-20T11:07:27.544935+00:00,6804,402211,3954648,7
2026-09-20T11:07:27.576929+00:00,6805,402236,3954614,7
2026-09-20T11:07:27.592914+00:00,6806,402261,3954324,7
2026-09-20T11:07:27.625080+00:00,6807,402286,3954690,7
2026-09-20T11:07:27.640944+00:00,6808,402312,3954343,7
2026-09-20T11:07:27.673956+00:00,6809,402337,3954333,7
2026-09-20T11:07:27.706597+00:00,6810,402362,3954276,7
2026-09-20T11:07:27.723412+00:00,6811,402387,3954222,7
2026-09-20T11:07:27.753412+00:00,6812,402412,3954613,7
2026-09-20T11:07:27.769411+00:00,6813,402437,3954735,7
2026-09-20T11:07:27.801410+00:00,6814,402463,3954490,7
2026-09-20T11:07:27.833464+00:00,6815,402488,3954441,7
2026-09-20T11:07:27.849428+00:00,6816,402513,3954594,7
2026-09-20T11:07:27.881486+00:00,6817,402538,3955030,7
2026-09-20T11:07:27.896933+00:00,6818,402563,3954809,7
2026-09-20T11:07:27.928922+00:00,6819,402589,3954441,7
2026-09-20T11:07:27.944899+00:00,6820,402614,3954514,7
2026-09-20T11:07:27.976927+00:00,6821,402639,3954091,7
2026-09-20T11:07:28.008909+00:00,6822,402664,3954317,7
2026-09-20T11:07:28.024896+00:00,6823,402689,3954781,7
2026-09-20T11:07:28.056900+00:00,6824,402714,3954671,7
2026-09-20T11:07:28.072907+00:00,6825,402740,3954228,7
2026-09-20T11:07:28.105025+00:00,6826,402765,3954302,7
2026-09-20T11:07:28.120568+00:00,6827,402790,3954345,7
2026-09-20T11:07:28.152902+00:00,6828,402815,3954245,7
2026-09-20T11:07:28.184875+00:00,6829,402840,3954309,7
2026-09-20T11:07:28.200889+00:00,6830,402866,3954727,7
2026-09-20T11:07:28.232903+00:00,6831,402891,3954771,7
2026-09-20T11:07:28.248909+00:00,6832,402916,3954994,7
2026-09-20T11:07:28.280911+00:00,6833,402941,3954725,7
2026-09-20T11:07:28.296878+00:00,6834,402966,3954851,7
2026-09-20T11:07:28.328894+00:00,6835,402992,3954573,7
2026-09-20T11:07:28.360796+00:00,6836,403017,3954213,7
2026-09-20T11:07:28.377955+00:00,6837,403042,3954421,7
2026-09-20T11:07:28.408960+00:00,6838,403067,3954585,7
2026-09-20T11:07:28.424798+00:00,6839,403092,3954730,7
2026-09-20T11:07:28.458009+00:00,6840,403117,3954629,7
2026-09-20T11:07:28.474932+00:00,6841,403143,3954285,7
2026-09-20T11:07:28.505983+00:00,6842,403168,3954371,7
2026-09-20T11:07:28.538060+00:00,6843,403193,3954318,7
2026-09-20T11:07:28.554873+00:00,6844,403218,3954427,7
2026-09-20T11:07:28.585976+00:00,6845,403243,3954384,7
2026-09-20T11:07:28.600887+00:00,6846,403269,3954619,7
2026-09-20T11:07:28.634126+00:00,6847,403294,3954919,7
2026-09-20T11:07:28.648908+00:00,6848,403319,3954983,7
2026-09-20T11:07:28.682120+00:00,6849,403344,3955341,7
2026-09-20T11:07:28.713616+00:00,6850,403369,3954632,7
2026-09-20T11:07:28.729616+00:00,6851,403394,3954574,7
2026-09-20T11:07:28.760797+00:00,6852,403420,3954714,7
2026-09-20T11:07:28.777617+00:00,6853,403445,3954642,7
2026-09-20T11:07:28.809617+00:00,6854,403470,3954815,7
2026-09-20T11:07:28.825615+00:00,6855,403495,3954452,7
2026-09-20T11:07:28.856895+00:00,6856,403520,3954532,7
2026-09-20T11:07:28.889309+00:00,6857,403546,3954524,7
2026-09-20T11:07:28.904924+00:00,6858,403571,3954305,7
2026-09-20T11:07:28.937565+00:00,6859,403596,3954477,7
2026-09-20T11:07:28.952925+00:00,6860,403621,3954690,7
2026-09-20T11:07:28.984890+00:00,6861,403646,3954482,7
2026-09-20T11:07:29.001611+00:00,6862,403672,3954654,7
2026-09-20T11:07:29.032885+00:00,6863,403697,3954599,7
2026-09-20T11:07:29.064877+00:00,6864,403722,3954143,7
2026-09-20T11:07:29.080880+00:00,6865,403747,3954547,7
2026-09-20T11:07:29.112877+00:00,6866,403772,3954509,7
2026-09-20T11:07:29.128861+00:00,6867,403798,3954483,7
2026-09-20T11:07:29.160872+00:00,6868,403823,3954885,7
2026-09-20T11:07:29.192863+00:00,6869,403848,3954512,7
2026-09-20T11:07:29.208867+00:00,6870,403873,3954215,7
2026-09-20T11:07:29.240876+00:00,6871,403898,3954140,7
2026-09-20T11:07:29.257816+00:00,6872,403923,3954686,7
2026-09-20T11:07:29.289254+00:00,6873,403949,3954301,7
2026-09-20T11:07:29.304864+00:00,6874,403974,3954171,7
2026-09-20T11:07:29.337301+00:00,6875,403999,3954680,7
2026-09-20T11:07:29.368879+00:00,6876,404024,3954676,7
2026-09-20T11:07:29.384867+00:00,6877,404049,3954359,7
2026-09-20T11:07:29.416876+00:00,6878,404075,3954197,7
2026-09-20T11:07:29.432920+00:00,6879,404100,3953819,7
2026-09-20T11:07:29.464859+00:00,6880,404125,3954204,7
2026-09-20T11:07:29.482120+00:00,6881,404150,3954427,7
2026-09-20T11:07:29.512906+00:00,6882,404175,3954236,7
2026-09-20T11:07:29.544711+00:00,6883,404201,3954596,7
2026-09-20T11:07:29.561970+00:00,6884,404226,3954381,7
2026-09-20T11:07:29.592891+00:00,6885,404251,3954412,7
2026-09-20T11:07:29.608926+00:00,6886,404276,3954456,7
2026-09-20T11:07:29.641586+00:00,6887,404301,3954841,7
2026-09-20T11:07:29.656861+00:00,6888,404327,3954971,7
2026-09-20T11:07:29.690011+00:00,6889,404352,3954808,7
2026-09-20T11:07:29.722175+00:00,6890,404377,3954263,7
2026-09-20T11:07:29.737173+00:00,6891,404402,3954109,7
2026-09-20T11:07:29.769206+00:00,6892,404427,3954008,7
2026-09-20T11:07:29.785196+00:00,6893,404452,3953915,7
2026-09-20T11:07:29.817174+00:00,6894,404478,3954415,7
2026-09-20T11:07:29.833178+00:00,6895,404503,3954199,7
2026-09-20T11:07:29.865173+00:00,6896,404528,3954256,7
2026-09-20T11:07:29.896855+00:00,6897,404553,3954532,7
2026-09-20T11:07:29.912782+00:00,6898,404578,3954526,7
2026-09-20T11:07:29.944860+00:00,6899,404604,3954363,7
2026-09-20T11:07:29.960788+00:00,6900,404629,3954829,7
2026-09-20T11:07:29.992848+00:00,6901,404654,3954875,7
2026-09-20T11:07:30.008845+00:00,6902,404679,3954786,7
2026-09-20T11:07:30.040852+00:00,6903,404704,3954667,7
2026-09-20T11:07:30.073593+00:00,6904,404730,3954869,7
2026-09-20T11:07:30.090178+00:00,6905,404755,3954373,7
2026-09-20T11:07:30.121595+00:00,6906,404780,3954623,7
2026-09-20T11:07:30.137895+00:00,6907,404805,3954442,7
2026-09-20T11:07:30.169092+00:00,6908,404830,3954274,7
2026-09-20T11:07:30.184848+00:00,6909,404855,3954667,7
2026-09-20T11:07:30.216845+00:00,6910,404881,3954644,7
2026-09-20T11:07:30.248843+00:00,6911,404906,3954233,7
2026-09-20T11:07:30.264847+00:00,6912,404931,3954229,7
2026-09-20T11:07:30.297891+00:00,6913,404956,3954420,7
2026-09-20T11:07:30.314204+00:00,6914,404981,3954329,7
2026-09-20T11:07:30.344862+00:00,6915,405007,3954259,7
2026-09-20T11:07:30.361921+00:00,6916,405032,3954504,7
2026-09-20T11:07:30.392532+00:00,6917,405057,3954987,7
2026-09-20T11:07:30.424836+00:00,6918,405082,3954432,7
2026-09-20T11:07:30.442605+00:00,6919,405107,3953973,7
2026-09-20T11:07:30.472605+00:00,6920,405133,3954172,7
2026-09-20T11:07:30.489274+00:00,6921,405158,3954621,7
2026-09-20T11:07:30.523523+00:00,6922,405183,3954565,7
2026-09-20T11:07:30.552849+00:00,6923,405208,3954222,7
2026-09-20T11:07:30.568879+00:00,6924,405233,3954232,7
2026-09-20T11:07:30.600912+00:00,6925,405258,3954567,7
2026-09-20T11:07:30.616888+00:00,6926,405284,3954016,7
2026-09-20T11:07:30.649404+00:00,6927,405309,3954189,7
2026-09-20T11:07:30.664833+00:00,6928,405334,3954794,7
2026-09-20T11:07:30.697548+00:00,6929,405359,3954428,7
2026-09-20T11:07:30.728715+00:00,6930,405384,3954457,7
2026-09-20T11:07:30.745620+00:00,6931,405410,3954797,7
2026-09-20T11:07:30.776761+00:00,6932,405435,3954622,7
2026-09-20T11:07:30.793552+00:00,6933,405460,3954327,7
2026-09-20T11:07:30.825571+00:00,6934,405485,3954303,7
2026-09-20T11:07:30.841548+00:00,6935,405510,3954788,7
2026-09-20T11:07:30.872827+00:00,6936,405536,3954614,7
2026-09-20T11:07:30.904827+00:00,6937,405561,3954440,7
2026-09-20T11:07:30.920571+00:00,6938,405586,3954587,7
2026-09-20T11:07:30.952826+00:00,6939,405611,3954405,7
2026-09-20T11:07:30.968837+00:00,6940,405636,3954824,7
2026-09-20T11:07:31.000841+00:00,6941,405661,3955008,7
2026-09-20T11:07:31.016834+00:00,6942,405687,3954472,7
2026-09-20T11:07:31.048833+00:00,6943,405712,3954389,7
2026-09-20T11:07:31.080843+00:00,6944,405737,3954450,7
2026-09-20T11:07:31.098987+00:00,6945,405762,3954617,7
2026-09-20T11:07:31.129905+00:00,6946,405787,3954353,7
2026-09-20T11:07:31.145878+00:00,6947,405813,3954146,7
2026-09-20T11:07:31.177429+00:00,6948,405838,3954390,7
2026-09-20T11:07:31.192762+00:00,6949,405863,3954592,7
2026-09-20T11:07:31.224811+00:00,6950,405888,3954426,7
2026-09-20T11:07:31.256636+00:00,6951,405913,3954357,7
2026-09-20T11:07:31.272828+00:00,6952,405939,3954220,7
2026-09-20T11:07:31.305664+00:00,6953,405964,3954328,7
2026-09-20T11:07:31.320569+00:00,6954,405989,3954062,7
2026-09-20T11:07:31.352665+00:00,6955,406014,3953773,7
2026-09-20T11:07:31.372952+00:00,6956,406039,3954280,7
2026-09-20T11:07:31.403981+00:00,6957,406064,3954166,7
2026-09-20T11:07:31.432848+00:00,6958,406090,3953989,7
2026-09-20T11:07:31.448848+00:00,6959,406115,3954078,7
2026-09-20T11:07:31.482916+00:00,6960,406140,3954740,7
2026-09-20T11:07:31.496815+00:00,6961,406165,3954735,7
2026-09-20T11:07:31.529997+00:00,6962,406190,3954241,7
2026-09-20T11:07:31.545917+00:00,6963,406216,3954190,7
2026-09-20T11:07:31.576809+00:00,6964,406241,3954280,7
2026-09-20T11:07:31.609963+00:00,6965,406266,3954274,7
2026-09-20T11:07:31.624809+00:00,6966,406291,3954376,7
2026-09-20T11:07:31.657064+00:00,6967,406316,3954222,7
2026-09-20T11:07:31.672827+00:00,6968,406342,3954156,7
2026-09-20T11:07:31.705433+00:00,6969,406367,3954238,7
2026-09-20T11:07:31.721433+00:00,6970,406392,3954826,7
2026-09-20T11:07:31.753434+00:00,6971,406417,3954583,7
2026-09-20T11:07:31.785432+00:00,6972,406442,3954330,7
2026-09-20T11:07:31.801438+00:00,6973,406467,3954242,7
2026-09-20T11:07:31.833445+00:00,6974,406493,3954270,7
2026-09-20T11:07:31.849433+00:00,6975,406518,3954613,7
2026-09-20T11:07:31.880810+00:00,6976,406543,3954093,7
2026-09-20T11:07:31.896805+00:00,6977,406568,3954273,7
2026-09-20T11:07:31.928804+00:00,6978,406593,3954168,7
2026-09-20T11:07:31.960798+00:00,6979,406619,3954021,7
2026-09-20T11:07:31.976798+00:00,6980,406644,3953703,7
2026-09-20T11:07:32.008820+00:00,6981,406669,3953879,7
2026-09-20T11:07:32.024820+00:00,6982,406694,3953937,7
2026-09-20T11:07:32.056808+00:00,6983,406719,3954331,7
2026-09-20T11:07:32.089261+00:00,6984,406745,3954261,7
2026-09-20T11:07:32.104926+00:00,6985,406770,3954752,7
2026-09-20T11:07:32.136801+00:00,6986,406795,3954824,7
2026-09-20T11:07:32.154649+00:00,6987,406820,3954243,7
2026-09-20T11:07:32.185542+00:00,6988,406845,3954084,7
2026-09-20T11:07:32.200774+00:00,6989,406870,3954162,7
2026-09-20T11:07:32.232808+00:00,6990,406896,3954288,7
2026-09-20T11:07:32.264477+00:00,6991,406921,3954254,7
2026-09-20T11:07:32.280741+00:00,6992,406946,3954733,7
2026-09-20T11:07:32.312823+00:00,6993,406971,3954485,7
2026-09-20T11:07:32.328810+00:00,6994,406996,3954376,7
2026-09-20T11:07:32.360814+00:00,6995,407022,3954094,7
2026-09-20T11:07:32.376798+00:00,6996,407047,3954431,7
2026-09-20T11:07:32.408629+00:00,6997,407072,3954755,7
2026-09-20T11:07:32.440739+00:00,6998,407097,3954518,7
2026-09-20T11:07:32.457447+00:00,6999,407122,3954255,7
2026-09-20T11:07:32.489258+00:00,7000,407148,3954214,7
2026-09-20T11:07:32.504956+00:00,7001,407173,3954298,7
2026-09-20T11:07:32.538904+00:00,7002,407198,3954494,7
2026-09-20T11:07:32.554786+00:00,7003,407223,3954646,7
2026-09-20T11:07:32.584780+00:00,7004,407248,3954477,7
2026-09-20T11:07:32.619926+00:00,7005,407273,3954660,7
2026-09-20T11:07:32.632798+00:00,7006,407299,3954546,7
2026-09-20T11:07:32.664789+00:00,7007,407324,3954503,7
2026-09-20T11:07:32.681439+00:00,7008,407349,3954196,7
2026-09-20T11:07:32.713822+00:00,7009,407374,3953975,7
2026-09-20T11:07:32.728818+00:00,7010,407399,3954239,7
2026-09-20T11:07:32.760818+00:00,7011,407425,3954570,7
2026-09-20T11:07:32.792817+00:00,7012,407450,3954032,7
2026-09-20T11:07:32.808819+00:00,7013,407475,3953717,7
2026-09-20T11:07:32.841820+00:00,7014,407500,3953803,7
2026-09-20T11:07:32.856934+00:00,7015,407525,3954328,7
2026-09-20T11:07:32.889283+00:00,7016,407551,3954603,7
2026-09-20T11:07:32.904978+00:00,7017,407576,3954571,7
2026-09-20T11:07:32.937837+00:00,7018,407601,3954215,7
2026-09-20T11:07:32.968787+00:00,7019,407626,3953943,7
2026-09-20T11:07:32.984783+00:00,7020,407651,3954375,7
2026-09-20T11:07:33.016790+00:00,7021,407677,3954352,7
2026-09-20T11:07:33.032790+00:00,7022,407702,3954410,7
2026-09-20T11:07:33.064770+00:00,7023,407727,3954386,7
2026-09-20T11:07:33.080796+00:00,7024,407752,3953935,7
2026-09-20T11:07:33.112775+00:00,7025,407777,3954368,7
2026-09-20T11:07:33.144768+00:00,7026,407802,3954370,7
2026-09-20T11:07:33.160777+00:00,7027,407828,3954380,7
2026-09-20T11:07:33.193007+00:00,7028,407853,3954325,7
2026-09-20T11:07:33.208939+00:00,7029,407878,3954187,7
2026-09-20T11:07:33.240760+00:00,7030,407903,3954082,7
2026-09-20T11:07:33.258225+00:00,7031,407928,3954267,7
2026-09-20T11:07:33.288693+00:00,7032,407954,3954121,7
2026-09-20T11:07:33.322857+00:00,7033,407979,3954211,7
2026-09-20T11:07:33.337417+00:00,7034,408004,3954723,7
2026-09-20T11:07:33.368775+00:00,7035,408029,3954327,7
2026-09-20T11:07:33.384777+00:00,7036,408054,3953829,7
2026-09-20T11:07:33.416750+00:00,7037,408080,3954371,7
2026-09-20T11:07:33.448769+00:00,7038,408105,3954218,7
2026-09-20T11:07:33.464790+00:00,7039,408130,3953943,7
2026-09-20T11:07:33.496543+00:00,7040,408155,3953908,7
2026-09-20T11:07:33.512769+00:00,7041,408180,3954245,7
2026-09-20T11:07:33.544757+00:00,7042,408205,3954471,7
2026-09-20T11:07:33.560759+00:00,7043,408231,3954686,7
2026-09-20T11:07:33.592760+00:00,7044,408256,3954553,7
2026-09-20T11:07:33.625664+00:00,7045,408281,3954616,7
2026-09-20T11:07:33.642492+00:00,7046,408306,3954770,7
2026-09-20T11:07:33.672639+00:00,7047,408331,3954164,7
2026-09-20T11:07:33.689261+00:00,7048,408357,3954386,7
2026-09-20T11:07:33.721503+00:00,7049,408382,3954293,7
2026-09-20T11:07:33.738504+00:00,7050,408407,3954292,7
2026-09-20T11:07:33.769504+00:00,7051,408432,3954032,7
2026-09-20T11:07:33.800504+00:00,7052,408457,3954217,7
2026-09-20T11:07:33.817507+00:00,7053,408483,3954535,7
2026-09-20T11:07:33.848546+00:00,7054,408508,3953962,7
2026-09-20T11:07:33.865541+00:00,7055,408533,3954306,7
2026-09-20T11:07:33.896762+00:00,7056,408558,3954354,7
2026-09-20T11:07:33.912744+00:00,7057,408583,3954321,7
2026-09-20T11:07:33.944706+00:00,7058,408609,3954094,7
2026-09-20T11:07:33.976489+00:00,7059,408634,3954020,7
2026-09-20T11:07:33.992746+00:00,7060,408659,3954226,7
2026-09-20T11:07:34.024777+00:00,7061,408684,3954556,7
2026-09-20T11:07:34.040747+00:00,7062,408709,3954790,7
2026-09-20T11:07:34.073515+00:00,7063,408734,3954342,7
2026-09-20T11:07:34.089265+00:00,7064,408760,3954462,7
2026-09-20T11:07:34.121648+00:00,7065,408785,3954309,7
2026-09-20T11:07:34.152750+00:00,7066,408810,3953911,7
2026-09-20T11:07:34.168752+00:00,7067,408835,3954168,7
2026-09-20T11:07:34.201020+00:00,7068,408860,3954423,7
2026-09-20T11:07:34.216746+00:00,7069,408886,3954214,7
2026-09-20T11:07:34.248742+00:00,7070,408911,3953997,7
2026-09-20T11:07:34.264949+00:00,7071,408936,3954254,7
2026-09-20T11:07:34.296750+00:00,7072,408961,3954266,7
2026-09-20T11:07:34.328737+00:00,7073,408986,3953995,7
2026-09-20T11:07:34.344609+00:00,7074,409012,3953730,7
2026-09-20T11:07:34.376627+00:00,7075,409037,3953782,7
2026-09-20T11:07:34.392749+00:00,7076,409062,3954359,7
2026-09-20T11:07:34.428660+00:00,7077,409087,3954607,7
2026-09-20T11:07:34.441358+00:00,7078,409112,3954333,7
2026-09-20T11:07:34.474749+00:00,7079,409138,3954406,7
2026-09-20T11:07:34.505329+00:00,7080,409163,3954268,7
2026-09-20T11:07:34.521788+00:00,7081,409188,3953936,7
2026-09-20T11:07:34.552749+00:00,7082,409213,3953987,7
2026-09-20T11:07:34.569803+00:00,7083,409238,3954586,7
2026-09-20T11:07:34.602152+00:00,7084,409263,3954826,7
2026-09-20T11:07:34.632746+00:00,7085,409289,3954826,7
2026-09-20T11:07:34.648725+00:00,7086,409314,3954199,7
2026-09-20T11:07:34.680725+00:00,7087,409339,3953674,7
2026-09-20T11:07:34.697340+00:00,7088,409364,3953952,7
2026-09-20T11:07:34.729340+00:00,7089,409389,3953896,7
2026-09-20T11:07:34.745423+00:00,7090,409415,3953873,7
2026-09-20T11:07:34.777447+00:00,7091,409440,3954240,7
2026-09-20T11:07:34.809339+00:00,7092,409465,3954550,7
2026-09-20T11:07:34.825354+00:00,7093,409490,3954573,7
2026-09-20T11:07:34.857340+00:00,7094,409515,3954224,7
2026-09-20T11:07:34.873471+00:00,7095,409541,3954531,7
2026-09-20T11:07:34.904937+00:00,7096,409566,3954599,7
2026-09-20T11:07:34.920569+00:00,7097,409591,3954261,7
2026-09-20T11:07:34.952732+00:00,7098,409616,3954356,7
2026-09-20T11:07:34.984726+00:00,7099,409641,3954121,7
2026-09-20T11:07:35.000549+00:00,7100,409666,3954024,7
2026-09-20T11:07:35.033669+00:00,7101,409692,3953965,7
2026-09-20T11:07:35.048303+00:00,7102,409717,3953964,7
2026-09-20T11:07:35.080744+00:00,7103,409742,3954233,7
2026-09-20T11:07:35.096726+00:00,7104,409767,3954071,7
2026-09-20T11:07:35.128720+00:00,7105,409792,3953915,7
2026-09-20T11:07:35.161000+00:00,7106,409818,3954219,7
2026-09-20T11:07:35.177379+00:00,7107,409843,3954023,7
2026-09-20T11:07:35.209458+00:00,7108,409868,3954140,7
2026-09-20T11:07:35.224710+00:00,7109,409893,3954255,7
2026-09-20T11:07:35.257668+00:00,7110,409918,3954277,7
2026-09-20T11:07:35.272728+00:00,7111,409944,3954527,7
2026-09-20T11:07:35.304684+00:00,7112,409969,3954729,7
2026-09-20T11:07:35.336722+00:00,7113,409994,3954687,7
2026-09-20T11:07:35.352715+00:00,7114,410019,3954069,7
2026-09-20T11:07:35.384713+00:00,7115,410044,3953993,7
2026-09-20T11:07:35.400725+00:00,7116,410069,3954242,7
2026-09-20T11:07:35.432724+00:00,7117,410095,3954107,7
2026-09-20T11:07:35.448707+00:00,7118,410120,3954201,7
2026-09-20T11:07:35.480723+00:00,7119,410145,3954433,7
2026-09-20T11:07:35.512710+00:00,7120,410170,3953735,7
2026-09-20T11:07:35.528723+00:00,7121,410195,3953754,7
2026-09-20T11:07:35.560714+00:00,7122,410221,3954208,7
2026-09-20T11:07:35.576698+00:00,7123,410246,3953869,7
2026-09-20T11:07:35.608711+00:00,7124,410271,3954196,7
2026-09-20T11:07:35.624649+00:00,7125,410296,3954376,7
2026-09-20T11:07:35.658709+00:00,7126,410321,3954587,7
2026-09-20T11:07:35.689290+00:00,7127,410346,3954281,7
2026-09-20T11:07:35.705036+00:00,7128,410372,3953711,7
2026-09-20T11:07:35.738035+00:00,7129,410397,3953728,7
2026-09-20T11:07:35.753133+00:00,7130,410422,3954090,7
2026-09-20T11:07:35.785046+00:00,7131,410447,3953858,7
2026-09-20T11:07:35.801036+00:00,7132,410472,3953977,7
2026-09-20T11:07:35.833034+00:00,7133,410498,3953979,7
2026-09-20T11:07:35.876256+00:00,7134,410523,3954289,7
2026-09-20T11:07:35.884316+00:00,7135,410548,3954095,7
2026-09-20T11:07:35.912735+00:00,7136,410573,3953898,7
2026-09-20T11:07:35.928700+00:00,7137,410598,3954012,7
2026-09-20T11:07:35.960713+00:00,7138,410624,3954200,7
2026-09-20T11:07:35.976698+00:00,7139,410649,3953926,7
2026-09-20T11:07:36.008738+00:00,7140,410674,3953904,7
2026-09-20T11:07:36.040701+00:00,7141,410699,3953876,7
2026-09-20T11:07:36.056726+00:00,7142,410724,3953732,7
2026-09-20T11:07:36.089278+00:00,7143,410749,3953921,7
2026-09-20T11:07:36.104763+00:00,7144,410775,3954304,7
2026-09-20T11:07:36.136688+00:00,7145,410800,3954845,7
2026-09-20T11:07:36.168687+00:00,7146,410825,3954672,7
2026-09-20T11:07:36.184703+00:00,7147,410850,3954280,7
2026-09-20T11:07:36.216696+00:00,7148,410875,3954338,7
2026-09-20T11:07:36.232706+00:00,7149,410901,3954195,7
2026-09-20T11:07:36.266792+00:00,7150,410926,3954183,7
2026-09-20T11:07:36.281872+00:00,7151,410951,3954585,7
2026-09-20T11:07:36.312740+00:00,7152,410976,3954402,7
2026-09-20T11:07:36.344619+00:00,7153,411001,3954419,7
2026-09-20T11:07:36.363798+00:00,7154,411026,3954419,7
2026-09-20T11:07:36.393696+00:00,7155,411052,3954530,7
2026-09-20T11:07:36.408703+00:00,7156,411077,3954441,7
2026-09-20T11:07:36.440702+00:00,7157,411102,3953696,7
2026-09-20T11:07:36.456713+00:00,7158,411127,3953973,7
2026-09-20T11:07:36.489407+00:00,7159,411152,3954411,7
2026-09-20T11:07:36.521645+00:00,7160,411178,3954197,7
2026-09-20T11:07:36.536693+00:00,7161,411203,3954189,7
2026-09-20T11:07:36.569766+00:00,7162,411228,3954538,7
2026-09-20T11:07:36.584720+00:00,7163,411253,3954702,7
2026-09-20T11:07:36.619041+00:00,7164,411278,3954215,7
2026-09-20T11:07:36.635366+00:00,7165,411304,3954135,7
2026-09-20T11:07:36.664703+00:00,7166,411329,3954203,7
2026-09-20T11:07:36.696710+00:00,7167,411354,3954491,7
2026-09-20T11:07:36.713738+00:00,7168,411379,3954103,7
2026-09-20T11:07:36.744736+00:00,7169,411404,3953762,7
2026-09-20T11:07:36.760737+00:00,7170,411429,3954197,7
2026-09-20T11:07:36.792737+00:00,7171,411455,3954625,7
2026-09-20T11:07:36.808738+00:00,7172,411480,3954400,7
2026-09-20T11:07:36.841738+00:00,7173,411505,3954181,7
2026-09-20T11:07:36.873056+00:00,7174,411530,3954399,7
2026-09-20T11:07:36.889290+00:00,7175,411555,3954093,7
2026-09-20T11:07:36.921601+00:00,7176,411581,3953981,7
2026-09-20T11:07:36.936836+00:00,7177,411606,3953987,7
2026-09-20T11:07:36.968704+00:00,7178,411631,3954289,7
2026-09-20T11:07:36.984683+00:00,7179,411656,3954467,7
2026-09-20T11:07:37.016675+00:00,7180,411681,3954381,7
2026-09-20T11:07:37.048671+00:00,7181,411707,3954227,7
2026-09-20T11:07:37.065496+00:00,7182,411732,3954439,7
2026-09-20T11:07:37.096681+00:00,7183,411757,3954334,7
2026-09-20T11:07:37.112690+00:00,7184,411782,3954422,7
2026-09-20T11:07:37.144685+00:00,7185,411807,3953989,7
2026-09-20T11:07:37.160523+00:00,7186,411832,3954209,7
2026-09-20T11:07:37.192459+00:00,7187,411858,3953944,7
2026-09-20T11:07:37.224758+00:00,7188,411883,3954504,7
2026-09-20T11:07:37.240676+00:00,7189,411908,3954804,7
2026-09-20T11:07:37.272720+00:00,7190,411933,3954611,7
2026-09-20T11:07:37.289337+00:00,7191,411958,3953998,7
2026-09-20T11:07:37.320921+00:00,7192,411984,3954193,7
2026-09-20T11:07:37.338712+00:00,7193,412009,3954369,7
2026-09-20T11:07:37.369414+00:00,7194,412034,3954036,7
2026-09-20T11:07:37.400669+00:00,7195,412059,3953782,7
2026-09-20T11:07:37.416304+00:00,7196,412084,3954231,7
2026-09-20T11:07:37.448695+00:00,7197,412109,3954146,7
2026-09-20T11:07:37.464859+00:00,7198,412135,3953917,7
2026-09-20T11:07:37.496678+00:00,7199,412160,3953854,7
2026-09-20T11:07:37.528663+00:00,7200,412185,3954226,7
2026-09-20T11:07:37.545947+00:00,7201,412210,3953807,7
2026-09-20T11:07:37.576661+00:00,7202,412235,3953789,7
2026-09-20T11:07:37.592661+00:00,7203,412261,3953983,7
2026-09-20T11:07:37.624652+00:00,7204,412286,3953755,7
2026-09-20T11:07:37.641288+00:00,7205,412311,3954195,7
2026-09-20T11:07:37.672641+00:00,7206,412336,3953808,7
2026-09-20T11:07:37.705241+00:00,7207,412361,3953954,7
2026-09-20T11:07:37.720786+00:00,7208,412387,3954065,7
2026-09-20T11:07:37.752733+00:00,7209,412412,3954069,7
2026-09-20T11:07:37.768731+00:00,7210,412437,3954253,7
2026-09-20T11:07:37.800723+00:00,7211,412462,3954197,7
2026-09-20T11:07:37.816743+00:00,7212,412487,3953917,7
2026-09-20T11:07:37.848740+00:00,7213,412512,3954242,7
2026-09-20T11:07:37.880655+00:00,7214,412538,3954003,7
2026-09-20T11:07:37.896649+00:00,7215,412563,3953613,7
2026-09-20T11:07:37.928647+00:00,7216,412588,3953835,7
2026-09-20T11:07:37.944668+00:00,7217,412613,3953637,7
2026-09-20T11:07:37.976650+00:00,7218,412638,3953737,7
2026-09-20T11:07:37.992578+00:00,7219,412664,3954201,7
2026-09-20T11:07:38.024647+00:00,7220,412689,3953905,7
2026-09-20T11:07:38.056551+00:00,7221,412714,3953762,7
2026-09-20T11:07:38.072982+00:00,7222,412739,3953918,7
2026-09-20T11:07:38.104965+00:00,7223,412764,3953807,7
2026-09-20T11:07:38.121504+00:00,7224,412790,3954094,7
2026-09-20T11:07:38.152657+00:00,7225,412815,3954339,7
2026-09-20T11:07:38.168646+00:00,7226,412840,3953871,7
2026-09-20T11:07:38.200653+00:00,7227,412865,3953672,7
2026-09-20T11:07:38.232649+00:00,7228,412890,3953690,7
2026-09-20T11:07:38.248652+00:00,7229,412915,3954103,7
2026-09-20T11:07:38.280537+00:00,7230,412941,3954361,7
2026-09-20T11:07:38.296658+00:00,7231,412966,3954279,7
2026-09-20T11:07:38.328645+00:00,7232,412991,3954127,7
2026-09-20T11:07:38.344693+00:00,7233,413016,3954385,7
2026-09-20T11:07:38.376643+00:00,7234,413041,3954602,7
2026-09-20T11:07:38.408635+00:00,7235,413067,3954401,7
2026-09-20T11:07:38.424660+00:00,7236,413092,3954368,7
2026-09-20T11:07:38.456979+00:00,7237,413117,3954301,7
2026-09-20T11:07:38.472871+00:00,7238,413142,3953918,7
2026-09-20T11:07:38.505259+00:00,7239,413167,3954060,7
2026-09-20T11:07:38.520583+00:00,7240,413192,3954264,7
2026-09-20T11:07:38.554398+00:00,7241,413218,3954245,7
2026-09-20T11:07:38.585928+00:00,7242,413243,3954815,7
2026-09-20T11:07:38.601903+00:00,7243,413268,3954606,7
2026-09-20T11:07:38.632649+00:00,7244,413293,3953988,7
2026-09-20T11:07:38.649749+00:00,7245,413318,3953865,7
2026-09-20T11:07:38.681923+00:00,7246,413344,3954286,7
2026-09-20T11:07:38.697163+00:00,7247,413369,3954463,7
2026-09-20T11:07:38.729163+00:00,7248,413394,3954155,7
2026-09-20T11:07:38.761162+00:00,7249,413419,3953883,7
2026-09-20T11:07:38.777241+00:00,7250,413444,3954286,7
2026-09-20T11:07:38.809163+00:00,7251,413470,3954194,7
2026-09-20T11:07:38.825166+00:00,7252,413495,3953853,7
2026-09-20T11:07:38.856635+00:00,7253,413520,3954254,7
2026-09-20T11:07:38.872609+00:00,7254,413545,3954247,7
2026-09-20T11:07:38.905159+00:00,7255,413570,3954418,7
2026-09-20T11:07:38.936462+00:00,7256,413595,3954359,7
2026-09-20T11:07:38.952892+00:00,7257,413621,3954016,7
2026-09-20T11:07:38.984642+00:00,7258,413646,3953923,7
2026-09-20T11:07:39.000642+00:00,7259,413671,3954743,7
2026-09-20T11:07:39.032635+00:00,7260,413696,3954742,7
2026-09-20T11:07:39.064640+00:00,7261,413721,3954398,7
2026-09-20T11:07:39.080651+00:00,7262,413747,3954054,7
2026-09-20T11:07:39.113648+00:00,7263,413772,3953999,7
2026-09-20T11:07:39.129761+00:00,7264,413797,3954099,7
2026-09-20T11:07:39.163742+00:00,7265,413822,3953950,7
2026-09-20T11:07:39.177543+00:00,7266,413847,3953659,7
2026-09-20T11:07:39.209588+00:00,7267,413872,3953589,7
2026-09-20T11:07:39.240295+00:00,7268,413898,3953800,7
2026-09-20T11:07:39.256954+00:00,7269,413923,3954141,7
2026-09-20T11:07:39.289350+00:00,7270,413948,3953858,7
2026-09-20T11:07:39.304664+00:00,7271,413973,3953885,7
2026-09-20T11:07:39.336600+00:00,7272,413998,3953811,7
2026-09-20T11:07:39.353030+00:00,7273,414024,3953680,7
2026-09-20T11:07:39.384631+00:00,7274,414049,3953821,7
2026-09-20T11:07:39.417718+00:00,7275,414074,3953828,7
2026-09-20T11:07:39.432623+00:00,7276,414099,3953518,7
2026-09-20T11:07:39.468697+00:00,7277,414124,3953824,7
2026-09-20T11:07:39.480634+00:00,7278,414150,3954051,7
2026-09-20T11:07:39.512633+00:00,7279,414175,3953802,7
2026-09-20T11:07:39.528645+00:00,7280,414200,3954099,7
2026-09-20T11:07:39.560973+00:00,7281,414225,3954196,7
2026-09-20T11:07:39.592608+00:00,7282,414250,3953790,7
2026-09-20T11:07:39.608620+00:00,7283,414275,3953499,7
2026-09-20T11:07:39.640606+00:00,7284,414301,3953519,7
2026-09-20T11:07:39.656530+00:00,7285,414326,3953735,7
2026-09-20T11:07:39.689312+00:00,7286,414351,3953901,7
2026-09-20T11:07:39.705566+00:00,7287,414376,3953976,7
2026-09-20T11:07:39.737565+00:00,7288,414401,3953931,7
2026-09-20T11:07:39.768565+00:00,7289,414427,3953568,7
2026-09-20T11:07:39.784632+00:00,7290,414452,3953662,7
2026-09-20T11:07:39.816564+00:00,7291,414477,3953745,7
2026-09-20T11:07:39.832575+00:00,7292,414502,3953611,7
2026-09-20T11:07:39.864614+00:00,7293,414527,3953707,7
2026-09-20T11:07:39.880605+00:00,7294,414553,3953771,7
2026-09-20T11:07:39.912489+00:00,7295,414578,3953744,7
2026-09-20T11:07:39.944540+00:00,7296,414603,3954017,7
2026-09-20T11:07:39.960600+00:00,7297,414628,3954234,7
2026-09-20T11:07:39.992586+00:00,7298,414653,3954129,7
2026-09-20T11:07:40.008600+00:00,7299,414678,3953923,7
2026-09-20T11:07:40.040609+00:00,7300,414704,3953921,7
2026-09-20T11:07:40.056953+00:00,7301,414729,3953897,7
2026-09-20T11:07:40.088619+00:00,7302,414754,3953981,7
2026-09-20T11:07:40.120600+00:00,7303,414779,3953958,7
2026-09-20T11:07:40.136599+00:00,7304,414804,3954326,7
2026-09-20T11:07:40.168590+00:00,7305,414830,3953790,7
2026-09-20T11:07:40.184601+00:00,7306,414855,3953703,7
2026-09-20T11:07:40.216616+00:00,7307,414880,3954359,7
2026-09-20T11:07:40.232593+00:00,7308,414905,3954287,7
2026-09-20T11:07:40.265110+00:00,7309,414930,3954000,7
2026-09-20T11:07:40.296608+00:00,7310,414956,3954419,7
2026-09-20T11:07:40.312585+00:00,7311,414981,3954218,7
2026-09-20T11:07:40.345657+00:00,7312,415006,3954276,7
2026-09-20T11:07:40.360597+00:00,7313,415031,3953990,7
2026-09-20T11:07:40.392432+00:00,7314,415056,3953785,7
2026-09-20T11:07:40.424663+00:00,7315,415082,3953462,7
2026-09-20T11:07:40.443330+00:00,7316,415107,3953316,7
2026-09-20T11:07:40.473644+00:00,7317,415132,3953531,7
2026-09-20T11:07:40.489331+00:00,7318,415157,3954064,7
2026-09-20T11:07:40.521640+00:00,7319,415182,3953901,7
2026-09-20T11:07:40.537644+00:00,7320,415207,3953701,7
2026-09-20T11:07:40.568593+00:00,7321,415233,3954031,7
2026-09-20T11:07:40.600609+00:00,7322,415258,3953854,7
2026-09-20T11:07:40.619756+00:00,7323,415283,3953835,7
2026-09-20T11:07:40.649666+00:00,7324,415308,3953661,7
2026-09-20T11:07:40.665835+00:00,7325,415333,3954208,7
2026-09-20T11:07:40.696579+00:00,7326,415359,3954471,7
2026-09-20T11:07:40.712604+00:00,7327,415384,3953481,7
2026-09-20T11:07:40.744607+00:00,7328,415409,3953089,7
2026-09-20T11:07:40.776604+00:00,7329,415434,3953466,7
2026-09-20T11:07:40.792612+00:00,7330,415459,3953734,7
2026-09-20T11:07:40.824608+00:00,7331,415485,3953829,7
2026-09-20T11:07:40.841613+00:00,7332,415510,3954054,7
2026-09-20T11:07:40.873213+00:00,7333,415535,3954465,7
2026-09-20T11:07:40.888694+00:00,7334,415560,3954403,7
2026-09-20T11:07:40.920597+00:00,7335,415585,3954069,7
2026-09-20T11:07:40.952588+00:00,7336,415610,3954050,7
2026-09-20T11:07:40.968599+00:00,7337,415636,3954006,7
2026-09-20T11:07:41.000597+00:00,7338,415661,3953855,7
2026-09-20T11:07:41.016602+00:00,7339,415686,3953795,7
2026-09-20T11:07:41.048589+00:00,7340,415711,3954232,7
2026-09-20T11:07:41.065642+00:00,7341,415736,3953867,7
2026-09-20T11:07:41.096583+00:00,7342,415762,3953644,7
2026-09-20T11:07:41.128587+00:00,7343,415787,3954028,7
2026-09-20T11:07:41.144596+00:00,7344,415812,3954538,7
2026-09-20T11:07:41.176599+00:00,7345,415837,3954636,7
2026-09-20T11:07:41.194650+00:00,7346,415862,3954467,7
2026-09-20T11:07:41.225637+00:00,7347,415888,3954294,7
2026-09-20T11:07:41.240586+00:00,7348,415913,3954090,7
2026-09-20T11:07:41.272658+00:00,7349,415938,3954159,7
2026-09-20T11:07:41.304668+00:00,7350,415963,3954306,7
2026-09-20T11:07:41.320559+00:00,7351,415988,3953888,7
2026-09-20T11:07:41.352539+00:00,7352,416013,3953933,7
2026-09-20T11:07:41.368585+00:00,7353,416039,3953739,7
2026-09-20T11:07:41.400576+00:00,7354,416064,3953884,7
2026-09-20T11:07:41.416562+00:00,7355,416089,3954370,7
2026-09-20T11:07:41.448574+00:00,7356,416114,3954185,7
2026-09-20T11:07:41.480570+00:00,7357,416139,3953919,7
2026-09-20T11:07:41.496578+00:00,7358,416165,3954332,7
2026-09-20T11:07:41.528551+00:00,7359,416190,3954461,7
2026-09-20T11:07:41.544620+00:00,7360,416215,3954256,7
2026-09-20T11:07:41.577223+00:00,7361,416240,3954192,7
2026-09-20T11:07:41.592639+00:00,7362,416265,3953809,7
2026-09-20T11:07:41.624599+00:00,7363,416291,3953992,7
2026-09-20T11:07:41.657577+00:00,7364,416316,3953733,7
2026-09-20T11:07:41.672644+00:00,7365,416341,3953615,7
2026-09-20T11:07:41.705404+00:00,7366,416366,3953901,7
2026-09-20T11:07:41.720907+00:00,7367,416391,3953689,7
2026-09-20T11:07:41.752907+00:00,7368,416416,3953778,7
2026-09-20T11:07:41.784087+00:00,7369,416442,3953940,7
2026-09-20T11:07:41.800907+00:00,7370,416467,3953603,7
2026-09-20T11:07:41.833909+00:00,7371,416492,3953730,7
2026-09-20T11:07:41.848906+00:00,7372,416517,3953848,7
2026-09-20T11:07:41.880907+00:00,7373,416542,3953916,7
2026-09-20T11:07:41.896548+00:00,7374,416568,3953823,7
2026-09-20T11:07:41.928559+00:00,7375,416593,3953913,7
2026-09-20T11:07:41.960546+00:00,7376,416618,3953963,7
2026-09-20T11:07:41.976535+00:00,7377,416643,3954208,7
2026-09-20T11:07:42.008539+00:00,7378,416668,3954387,7
2026-09-20T11:07:42.024544+00:00,7379,416694,3953788,7
2026-09-20T11:07:42.056990+00:00,7380,416719,3953618,7
2026-09-20T11:07:42.072624+00:00,7381,416744,3953717,7
2026-09-20T11:07:42.105026+00:00,7382,416769,3953951,7
2026-09-20T11:07:42.137174+00:00,7383,416794,3954138,7
2026-09-20T11:07:42.153172+00:00,7384,416819,3953896,7
2026-09-20T11:07:42.185275+00:00,7385,416845,3953575,7
2026-09-20T11:07:42.201173+00:00,7386,416870,3953917,7
2026-09-20T11:07:42.232294+00:00,7387,416895,3953968,7
2026-09-20T11:07:42.249279+00:00,7388,416920,3953867,7
2026-09-20T11:07:42.281285+00:00,7389,416945,3953928,7
2026-09-20T11:07:42.312382+00:00,7390,416971,3953616,7
2026-09-20T11:07:42.329285+00:00,7391,416996,3953624,7
2026-09-20T11:07:42.361201+00:00,7392,417021,3953629,7
2026-09-20T11:07:42.377302+00:00,7393,417046,3953966,7
2026-09-20T11:07:42.409207+00:00,7394,417071,3953632,7
2026-09-20T11:07:42.425280+00:00,7395,417097,3953974,7
2026-09-20T11:07:42.457174+00:00,7396,417122,3953775,7
2026-09-20T11:07:42.489175+00:00,7397,417147,3953647,7
2026-09-20T11:07:42.505176+00:00,7398,417172,3953551,7
2026-09-20T11:07:42.537174+00:00,7399,417197,3953631,7
2026-09-20T11:07:42.552395+00:00,7400,417222,3953583,7
2026-09-20T11:07:42.585288+00:00,7401,417248,3953673,7
2026-09-20T11:07:42.601172+00:00,7402,417273,3954116,7
2026-09-20T11:07:42.633175+00:00,7403,417298,3954058,7
2026-09-20T11:07:42.665174+00:00,7404,417323,3953810,7
2026-09-20T11:07:42.681174+00:00,7405,417348,3953775,7
2026-09-20T11:07:42.713175+00:00,7406,417374,3954411,7
2026-09-20T11:07:42.729174+00:00,7407,417399,3954093,7
2026-09-20T11:07:42.761180+00:00,7408,417424,3953612,7
2026-09-20T11:07:42.777191+00:00,7409,417449,3953295,7
2026-09-20T11:07:42.809173+00:00,7410,417474,3953496,7
2026-09-20T11:07:42.845173+00:00,7411,417499,3953807,7
2026-09-20T11:07:42.857175+00:00,7412,417525,3953985,7
2026-09-20T11:07:42.889174+00:00,7413,417550,3953888,7
2026-09-20T11:07:42.903497+00:00,7414,417575,3953697,7
2026-09-20T11:07:42.926386+00:00,7415,417600,3953872,7
2026-09-20T11:07:42.942011+00:00,7416,417625,3954126,7
2026-09-20T11:07:42.985057+00:00,7417,417651,3953997,7
2026-09-20T11:07:43.016997+00:00,7418,417676,3953482,7
2026-09-20T11:07:43.032997+00:00,7419,417701,3953863,7
2026-09-20T11:07:43.064997+00:00,7420,417726,3954526,7
2026-09-20T11:07:43.081009+00:00,7421,417751,3954549,7
2026-09-20T11:07:43.113058+00:00,7422,417777,3953991,7
2026-09-20T11:07:43.129098+00:00,7423,417802,3954022,7
2026-09-20T11:07:43.161066+00:00,7424,417827,3954101,7
2026-09-20T11:07:43.192996+00:00,7425,417852,3954178,7
2026-09-20T11:07:43.212000+00:00,7426,417877,3953893,7
2026-09-20T11:07:43.241065+00:00,7427,417902,3953842,7
2026-09-20T11:07:43.256996+00:00,7428,417928,3954091,7
2026-09-20T11:07:43.288997+00:00,7429,417953,3954308,7
2026-09-20T11:07:43.320206+00:00,7430,417978,3953839,7
2026-09-20T11:07:43.337037+00:00,7431,418003,3953515,7
2026-09-20T11:07:43.368998+00:00,7432,418028,3953750,7
2026-09-20T11:07:43.384997+00:00,7433,418054,3953949,7
2026-09-20T11:07:43.417013+00:00,7434,418079,3954239,7
2026-09-20T11:07:43.432995+00:00,7435,418104,3953887,7
2026-09-20T11:07:43.465060+00:00,7436,418129,3953485,7
2026-09-20T11:07:43.496996+00:00,7437,418154,3953462,7
2026-09-20T11:07:43.512996+00:00,7438,418179,3953573,7
2026-09-20T11:07:43.545041+00:00,7439,418205,3953832,7
2026-09-20T11:07:43.560999+00:00,7440,418230,3953842,7
2026-09-20T11:07:43.592998+00:00,7441,418255,3953615,7
2026-09-20T11:07:43.608996+00:00,7442,418280,3953376,7
2026-09-20T11:07:43.640998+00:00,7443,418305,3953635,7
2026-09-20T11:07:43.672996+00:00,7444,418331,3953834,7
2026-09-20T11:07:43.688995+00:00,7445,418356,3953700,7
2026-09-20T11:07:43.721994+00:00,7446,418381,3953519,7
2026-09-20T11:07:43.737042+00:00,7447,418406,3953920,7
2026-09-20T11:07:43.769073+00:00,7448,418431,3954026,7
2026-09-20T11:07:43.785016+00:00,7449,418457,3954212,7
2026-09-20T11:07:43.816996+00:00,7450,418482,3954377,7
2026-09-20T11:07:43.848995+00:00,7451,418507,3953909,7
2026-09-20T11:07:43.865008+00:00,7452,418532,3953910,7
2026-09-20T11:07:43.897020+00:00,7453,418557,3953159,7
2026-09-20T11:07:43.912995+00:00,7454,418582,3953494,7
2026-09-20T11:07:43.945027+00:00,7455,418608,3953637,7
2026-09-20T11:07:43.960996+00:00,7456,418633,3953720,7
2026-09-20T11:07:43.992996+00:00,7457,418658,3954153,7
2026-09-20T11:07:44.025061+00:00,7458,418683,3954361,7
2026-09-20T11:07:44.040997+00:00,7459,418708,3953563,7
2026-09-20T11:07:44.074028+00:00,7460,418734,3953668,7
2026-09-20T11:07:44.089017+00:00,7461,418759,3953812,7
2026-09-20T11:07:44.121345+00:00,7462,418784,3954395,7
2026-09-20T11:07:44.136494+00:00,7463,418809,3954254,7
2026-09-20T11:07:44.168503+00:00,7464,418834,3953948,7
2026-09-20T11:07:44.200511+00:00,7465,418859,3953806,7
2026-09-20T11:07:44.216497+00:00,7466,418885,3953715,7
2026-09-20T11:07:44.248504+00:00,7467,418910,3954157,7
2026-09-20T11:07:44.264504+00:00,7468,418935,3953726,7
2026-09-20T11:07:44.296500+00:00,7469,418960,3953619,7
2026-09-20T11:07:44.312535+00:00,7470,418985,3953785,7
2026-09-20T11:07:44.344490+00:00,7471,419011,3953302,7
2026-09-20T11:07:44.376492+00:00,7472,419036,3953455,7
2026-09-20T11:07:44.393516+00:00,7473,419061,3953884,7
2026-09-20T11:07:44.424492+00:00,7474,419086,3954061,7
2026-09-20T11:07:44.440491+00:00,7475,419111,3954013,7
2026-09-20T11:07:44.472313+00:00,7476,419137,3953911,7
2026-09-20T11:07:44.489315+00:00,7477,419162,3954017,7
2026-09-20T11:07:44.521355+00:00,7478,419187,3953808,7
2026-09-20T11:07:44.552495+00:00,7479,419212,3953312,7
2026-09-20T11:07:44.568499+00:00,7480,419237,3953268,7
2026-09-20T11:07:44.601659+00:00,7481,419262,3953900,7
2026-09-20T11:07:44.616511+00:00,7482,419288,3953983,7
2026-09-20T11:07:44.648398+00:00,7483,419313,3953452,7
2026-09-20T11:07:44.680492+00:00,7484,419338,3953601,7
2026-09-20T11:07:44.696998+00:00,7485,419363,3953607,7
2026-09-20T11:07:44.728980+00:00,7486,419388,3953481,7
2026-09-20T11:07:44.745058+00:00,7487,419414,3953436,7
2026-09-20T11:07:44.776978+00:00,7488,419439,3954003,7
2026-09-20T11:07:44.793044+00:00,7489,419464,3954319,7
2026-09-20T11:07:44.827054+00:00,7490,419489,3953851,7
2026-09-20T11:07:44.856985+00:00,7491,419514,3954247,7
2026-09-20T11:07:44.873325+00:00,7492,419539,3954334,7
2026-09-20T11:07:44.905973+00:00,7493,419565,3953984,7
2026-09-20T11:07:44.920501+00:00,7494,419590,3954014,7
2026-09-20T11:07:44.952504+00:00,7495,419615,3954297,7
2026-09-20T11:07:44.968481+00:00,7496,419640,3953928,7
2026-09-20T11:07:45.000474+00:00,7497,419665,3953607,7
2026-09-20T11:07:45.032480+00:00,7498,419691,3953380,7
2026-09-20T11:07:45.048484+00:00,7499,419716,3953458,7
2026-09-20T11:07:45.072865+00:00,7500,419741,3953708,7
2026-09-20T11:07:45.096480+00:00,7501,419766,3954046,7
2026-09-20T11:07:45.129313+00:00,7502,419791,3954157,7
2026-09-20T11:07:45.147572+00:00,7503,419817,3953678,7
2026-09-20T11:07:45.176452+00:00,7504,419842,3953566,7
2026-09-20T11:07:45.208480+00:00,7505,419867,3953554,7
2026-09-20T11:07:45.224478+00:00,7506,419892,3953606,7
2026-09-20T11:07:45.256757+00:00,7507,419917,3953959,7
2026-09-20T11:07:45.273187+00:00,7508,419942,3954481,7
2026-09-20T11:07:45.304970+00:00,7509,419968,3954275,7
2026-09-20T11:07:45.320990+00:00,7510,419993,3954027,7
2026-09-20T11:07:45.352483+00:00,7511,420018,3954000,7
2026-09-20T11:07:45.384482+00:00,7512,420043,3954073,7
2026-09-20T11:07:45.400479+00:00,7513,420068,3953934,7
2026-09-20T11:07:45.432282+00:00,7514,420094,3953733,7
2026-09-20T11:07:45.449618+00:00,7515,420119,3953239,7
2026-09-20T11:07:45.480489+00:00,7516,420144,3953705,7
2026-09-20T11:07:45.496468+00:00,7517,420169,3953817,7
2026-09-20T11:07:45.528859+00:00,7518,420194,3953973,7
2026-09-20T11:07:45.560473+00:00,7519,420220,3954111,7
2026-09-20T11:07:45.578670+00:00,7520,420245,3954178,7
2026-09-20T11:07:45.608571+00:00,7521,420270,3953805,7
2026-09-20T11:07:45.624446+00:00,7522,420295,3953543,7
2026-09-20T11:07:45.656422+00:00,7523,420320,3953784,7
2026-09-20T11:07:45.672588+00:00,7524,420345,3954126,7
2026-09-20T11:07:45.704628+00:00,7525,420371,3953914,7
2026-09-20T11:07:45.736627+00:00,7526,420396,3953775,7
2026-09-20T11:07:45.752647+00:00,7527,420421,3953396,7
2026-09-20T11:07:45.784627+00:00,7528,420446,3953762,7
2026-09-20T11:07:45.800643+00:00,7529,420471,3954082,7
2026-09-20T11:07:45.832628+00:00,7530,420497,3954179,7
2026-09-20T11:07:45.848628+00:00,7531,420522,3953882,7
2026-09-20T11:07:45.880454+00:00,7532,420547,3953425,7
2026-09-20T11:07:45.912609+00:00,7533,420572,3953553,7
2026-09-20T11:07:45.928633+00:00,7534,420597,3953364,7
2026-09-20T11:07:45.960603+00:00,7535,420623,3953420,7
2026-09-20T11:07:45.976621+00:00,7536,420648,3953690,7
2026-09-20T11:07:46.008605+00:00,7537,420673,3953814,7
2026-09-20T11:07:46.024605+00:00,7538,420698,3953526,7
2026-09-20T11:07:46.056607+00:00,7539,420723,3953238,7
2026-09-20T11:07:46.088618+00:00,7540,420748,3953844,7
2026-09-20T11:07:46.104604+00:00,7541,420774,3954175,7
2026-09-20T11:07:46.137486+00:00,7542,420799,3953700,7
2026-09-20T11:07:46.152387+00:00,7543,420824,3953527,7
2026-09-20T11:07:46.184449+00:00,7544,420849,3953588,7
2026-09-20T11:07:46.216448+00:00,7545,420874,3953392,7
2026-09-20T11:07:46.232446+00:00,7546,420900,3953374,7
2026-09-20T11:07:46.264411+00:00,7547,420925,3953704,7
2026-09-20T11:07:46.280461+00:00,7548,420950,3954069,7
2026-09-20T11:07:46.312458+00:00,7549,420975,3953646,7
2026-09-20T11:07:46.328443+00:00,7550,421000,3953848,7
2026-09-20T11:07:46.360931+00:00,7551,421026,3953960,7
2026-09-20T11:07:46.392475+00:00,7552,421051,3954205,7
2026-09-20T11:07:46.408409+00:00,7553,421076,3953950,7
2026-09-20T11:07:46.440447+00:00,7554,421101,3953721,7
2026-09-20T11:07:46.456926+00:00,7555,421126,3954503,7
2026-09-20T11:07:46.488271+00:00,7556,421151,3954519,7
2026-09-20T11:07:46.504706+00:00,7557,421177,3953907,7
2026-09-20T11:07:46.536452+00:00,7558,421202,3953804,7
2026-09-20T11:07:46.568446+00:00,7559,421227,3953710,7
2026-09-20T11:07:46.584528+00:00,7560,421252,3953407,7
2026-09-20T11:07:46.616471+00:00,7561,421277,3953976,7
2026-09-20T11:07:46.632439+00:00,7562,421303,3954161,7
2026-09-20T11:07:46.664429+00:00,7563,421328,3953750,7
2026-09-20T11:07:46.680431+00:00,7564,421353,3953977,7
2026-09-20T11:07:46.713180+00:00,7565,421378,3953470,7
2026-09-20T11:07:46.744313+00:00,7566,421403,3953009,7
2026-09-20T11:07:46.761185+00:00,7567,421429,3953253,7
2026-09-20T11:07:46.793178+00:00,7568,421454,3953314,7
2026-09-20T11:07:46.809183+00:00,7569,421479,3953595,7
2026-09-20T11:07:46.841181+00:00,7570,421504,3953710,7
2026-09-20T11:07:46.856425+00:00,7571,421529,3953983,7
2026-09-20T11:07:46.888441+00:00,7572,421554,3953757,7
2026-09-20T11:07:46.920427+00:00,7573,421580,3953824,7
2026-09-20T11:07:46.936433+00:00,7574,421605,3954243,7
2026-09-20T11:07:46.968423+00:00,7575,421630,3953637,7
2026-09-20T11:07:46.984447+00:00,7576,421655,3953054,7
2026-09-20T11:07:47.016423+00:00,7577,421680,3953099,7
2026-09-20T11:07:47.032416+00:00,7578,421706,3953154,7
2026-09-20T11:07:47.065422+00:00,7579,421731,3953640,7
2026-09-20T11:07:47.096431+00:00,7580,421756,3953440,7
2026-09-20T11:07:47.113071+00:00,7581,421781,3953368,7
2026-09-20T11:07:47.144426+00:00,7582,421806,3953734,7
2026-09-20T11:07:47.160426+00:00,7583,421832,3953481,7
2026-09-20T11:07:47.192403+00:00,7584,421857,3953549,7
2026-09-20T11:07:47.208415+00:00,7585,421882,3953412,7
2026-09-20T11:07:47.241809+00:00,7586,421907,3953630,7
2026-09-20T11:07:47.272362+00:00,7587,421932,3953773,7
2026-09-20T11:07:47.288422+00:00,7588,421957,3954018,7
2026-09-20T11:07:47.322723+00:00,7589,421983,3954128,7
2026-09-20T11:07:47.342429+00:00,7590,422008,3954169,7
2026-09-20T11:07:47.377829+00:00,7591,422033,3953693,7
2026-09-20T11:07:47.388356+00:00,7592,422058,3953706,7
2026-09-20T11:07:47.418205+00:00,7593,422083,3953395,7
2026-09-20T11:07:47.448419+00:00,7594,422109,3953782,7
2026-09-20T11:07:47.464407+00:00,7595,422134,3954212,7
2026-09-20T11:07:47.497165+00:00,7596,422159,3953567,7
2026-09-20T11:07:47.513110+00:00,7597,422184,3953477,7
2026-09-20T11:07:47.544430+00:00,7598,422209,3953395,7
2026-09-20T11:07:47.576405+00:00,7599,422234,3953784,7
2026-09-20T11:07:47.592408+00:00,7600,422260,3953524,7
2026-09-20T11:07:47.624424+00:00,7601,422285,3953239,7
2026-09-20T11:07:47.640428+00:00,7602,422310,3953644,7
2026-09-20T11:07:47.672442+00:00,7603,422335,3953568,7
2026-09-20T11:07:47.690351+00:00,7604,422360,3953548,7
2026-09-20T11:07:47.721186+00:00,7605,422386,3953721,7
2026-09-20T11:07:47.752441+00:00,7606,422411,3953460,7
2026-09-20T11:07:47.769275+00:00,7607,422436,3953466,7
2026-09-20T11:07:47.801183+00:00,7608,422461,3953858,7
2026-09-20T11:07:47.817185+00:00,7609,422486,3954688,7
2026-09-20T11:07:47.849184+00:00,7610,422512,3954272,7
2026-09-20T11:07:47.864182+00:00,7611,422537,3953734,7
2026-09-20T11:07:47.896402+00:00,7612,422562,3953884,7
2026-09-20T11:07:47.928400+00:00,7613,422587,3954074,7
2026-09-20T11:07:47.944342+00:00,7614,422612,3954281,7
2026-09-20T11:07:47.976408+00:00,7615,422637,3954160,7
2026-09-20T11:07:47.992394+00:00,7616,422663,3954112,7
2026-09-20T11:07:48.024405+00:00,7617,422688,3953331,7
2026-09-20T11:07:48.041473+00:00,7618,422713,3952673,7
2026-09-20T11:07:48.072576+00:00,7619,422738,3952745,7
2026-09-20T11:07:48.104940+00:00,7620,422763,3953338,7
2026-09-20T11:07:48.120940+00:00,7621,422789,3953159,7
2026-09-20T11:07:48.153013+00:00,7622,422814,3952618,7
2026-09-20T11:07:48.168940+00:00,7623,422839,3953004,7
2026-09-20T11:07:48.200941+00:00,7624,422864,3953143,7
2026-09-20T11:07:48.216994+00:00,7625,422889,3953228,7
2026-09-20T11:07:48.248945+00:00,7626,422914,3953437,7
2026-09-20T11:07:48.280945+00:00,7627,422940,3953343,7
2026-09-20T11:07:48.296952+00:00,7628,422965,3953907,7
2026-09-20T11:07:48.328388+00:00,7629,422990,3953934,7
2026-09-20T11:07:48.344393+00:00,7630,423015,3953539,7
2026-09-20T11:07:48.376327+00:00,7631,423040,3953768,7
2026-09-20T11:07:48.392389+00:00,7632,423066,3953907,7
2026-09-20T11:07:48.424489+00:00,7633,423091,3953870,7
2026-09-20T11:07:48.456803+00:00,7634,423116,3953202,7
2026-09-20T11:07:48.472667+00:00,7635,423141,3952996,7
2026-09-20T11:07:48.505775+00:00,7636,423166,3953437,7
2026-09-20T11:07:48.522196+00:00,7637,423192,3953895,7
2026-09-20T11:07:48.553050+00:00,7638,423217,3953516,7
2026-09-20T11:07:48.569385+00:00,7639,423242,3952980,7
2026-09-20T11:07:48.600454+00:00,7640,423267,3953641,7
2026-09-20T11:07:48.632389+00:00,7641,423292,3954287,7
2026-09-20T11:07:48.649472+00:00,7642,423317,3953645,7
2026-09-20T11:07:48.681422+00:00,7643,423343,3953119,7
2026-09-20T11:07:48.696385+00:00,7644,423368,3953495,7
2026-09-20T11:07:48.728300+00:00,7645,423393,3954028,7
2026-09-20T11:07:48.744385+00:00,7646,423418,3953877,7
2026-09-20T11:07:48.776380+00:00,7647,423443,3953734,7
2026-09-20T11:07:48.808370+00:00,7648,423469,3953732,7
2026-09-20T11:07:48.824380+00:00,7649,423494,3953313,7
2026-09-20T11:07:48.856209+00:00,7650,423519,3953359,7
2026-09-20T11:07:48.873208+00:00,7651,423544,3953439,7
2026-09-20T11:07:48.905208+00:00,7652,423569,3953768,7
2026-09-20T11:07:48.921208+00:00,7653,423594,3953496,7
2026-09-20T11:07:48.953216+00:00,7654,423620,3953353,7
2026-09-20T11:07:48.984207+00:00,7655,423645,3953825,7
2026-09-20T11:07:49.000610+00:00,7656,423670,3954258,7
2026-09-20T11:07:49.032370+00:00,7657,423695,3954104,7
2026-09-20T11:07:49.048370+00:00,7658,423720,3953750,7
2026-09-20T11:07:49.081082+00:00,7659,423746,3953586,7
2026-09-20T11:07:49.112409+00:00,7660,423771,3953091,7
2026-09-20T11:07:49.129047+00:00,7661,423796,3953258,7
2026-09-20T11:07:49.160461+00:00,7662,423821,3953321,7
2026-09-20T11:07:49.176367+00:00,7663,423846,3953548,7
2026-09-20T11:07:49.209018+00:00,7664,423872,3953546,7
2026-09-20T11:07:49.224373+00:00,7665,423897,3953422,7
2026-09-20T11:07:49.257433+00:00,7666,423922,3953577,7
2026-09-20T11:07:49.289427+00:00,7667,423947,3953727,7
2026-09-20T11:07:49.304448+00:00,7668,423972,3953605,7
2026-09-20T11:07:49.336366+00:00,7669,423997,3953175,7
2026-09-20T11:07:49.352573+00:00,7670,424023,3953564,7
2026-09-20T11:07:49.384361+00:00,7671,424048,3953736,7
2026-09-20T11:07:49.400358+00:00,7672,424073,3953484,7
2026-09-20T11:07:49.432372+00:00,7673,424098,3953469,7
2026-09-20T11:07:49.464373+00:00,7674,424123,3953232,7
2026-09-20T11:07:49.480398+00:00,7675,424149,3953813,7
2026-09-20T11:07:49.512363+00:00,7676,424174,3954002,7
2026-09-20T11:07:49.528374+00:00,7677,424199,3953913,7
2026-09-20T11:07:49.560358+00:00,7678,424224,3954053,7
2026-09-20T11:07:49.576369+00:00,7679,424249,3953643,7
2026-09-20T11:07:49.608367+00:00,7680,424275,3953583,7
2026-09-20T11:07:49.640362+00:00,7681,424300,3953195,7
2026-09-20T11:07:49.656358+00:00,7682,424325,3953256,7
2026-09-20T11:07:49.688664+00:00,7683,424350,3953496,7
2026-09-20T11:07:49.705492+00:00,7684,424375,3953474,7
2026-09-20T11:07:49.736490+00:00,7685,424401,3953202,7
2026-09-20T11:07:49.752489+00:00,7686,424426,3953427,7
2026-09-20T11:07:49.784489+00:00,7687,424451,3953456,7
2026-09-20T11:07:49.816489+00:00,7688,424476,3953513,7
2026-09-20T11:07:49.832491+00:00,7689,424501,3953828,7
2026-09-20T11:07:49.864419+00:00,7690,424526,3953512,7
2026-09-20T11:07:49.880368+00:00,7691,424552,3953520,7
2026-09-20T11:07:49.912374+00:00,7692,424577,3953442,7
2026-09-20T11:07:49.928368+00:00,7693,424602,3953192,7
2026-09-20T11:07:49.960374+00:00,7694,424627,3953622,7
2026-09-20T11:07:49.992373+00:00,7695,424652,3953501,7
2026-09-20T11:07:50.008361+00:00,7696,424678,3952915,7
2026-09-20T11:07:50.040426+00:00,7697,424703,3953464,7
2026-09-20T11:07:50.057385+00:00,7698,424728,3953791,7
2026-09-20T11:07:50.088651+00:00,7699,424753,3953266,7
2026-09-20T11:07:50.104520+00:00,7700,424778,3953074,7
2026-09-20T11:07:50.136519+00:00,7701,424804,3953541,7
2026-09-20T11:07:50.168518+00:00,7702,424829,3953602,7
2026-09-20T11:07:50.184518+00:00,7703,424854,3953753,7
2026-09-20T11:07:50.216528+00:00,7704,424879,3953929,7
2026-09-20T11:07:50.232521+00:00,7705,424904,3953452,7
2026-09-20T11:07:50.264517+00:00,7706,424929,3953877,7
2026-09-20T11:07:50.280515+00:00,7707,424955,3953884,7
2026-09-20T11:07:50.312533+00:00,7708,424980,3953820,7
2026-09-20T11:07:50.344519+00:00,7709,425005,3953584,7
2026-09-20T11:07:50.360517+00:00,7710,425030,3953432,7
2026-09-20T11:07:50.393521+00:00,7711,425055,3953529,7
2026-09-20T11:07:50.408520+00:00,7712,425081,3953359,7
2026-09-20T11:07:50.441846+00:00,7713,425106,3953907,7
2026-09-20T11:07:50.472518+00:00,7714,425131,3954096,7
2026-09-20T11:07:50.488530+00:00,7715,425156,3953671,7
2026-09-20T11:07:50.521517+00:00,7716,425181,3953859,7
2026-09-20T11:07:50.536527+00:00,7717,425207,3953622,7
2026-09-20T11:07:50.568155+00:00,7718,425232,3953596,7
2026-09-20T11:07:50.584329+00:00,7719,425257,3953471,7
2026-09-20T11:07:50.616342+00:00,7720,425282,3953627,7
2026-09-20T11:07:50.648332+00:00,7721,425307,3953505,7
2026-09-20T11:07:50.664333+00:00,7722,425332,3953657,7
2026-09-20T11:07:50.696338+00:00,7723,425358,3953467,7
2026-09-20T11:07:50.713062+00:00,7724,425383,3953175,7
2026-09-20T11:07:50.744274+00:00,7725,425408,3953358,7
2026-09-20T11:07:50.761190+00:00,7726,425433,3953270,7
2026-09-20T11:07:50.793067+00:00,7727,425458,3953271,7
2026-09-20T11:07:50.824101+00:00,7728,425484,3953070,7
2026-09-20T11:07:50.841065+00:00,7729,425509,3952936,7
2026-09-20T11:07:50.872091+00:00,7730,425534,3953156,7
2026-09-20T11:07:50.888655+00:00,7731,425559,3953448,7
2026-09-20T11:07:50.921113+00:00,7732,425584,3953443,7
2026-09-20T11:07:50.936107+00:00,7733,425610,3953246,7
2026-09-20T11:07:50.968441+00:00,7734,425635,3953166,7
2026-09-20T11:07:51.000321+00:00,7735,425660,3953963,7
2026-09-20T11:07:51.016386+00:00,7736,425685,3954353,7
2026-09-20T11:07:51.049320+00:00,7737,425710,3953822,7
2026-09-20T11:07:51.065010+00:00,7738,425735,3954063,7
2026-09-20T11:07:51.096343+00:00,7739,425761,3954045,7
2026-09-20T11:07:51.113579+00:00,7740,425786,3953405,7
2026-09-20T11:07:51.145355+00:00,7741,425811,3953330,7
2026-09-20T11:07:51.176320+00:00,7742,425836,3952846,7
2026-09-20T11:07:51.192318+00:00,7743,425861,3953023,7
2026-09-20T11:07:51.224747+00:00,7744,425887,3953291,7
2026-09-20T11:07:51.240330+00:00,7745,425912,3953512,7
2026-09-20T11:07:51.274027+00:00,7746,425937,3953714,7
2026-09-20T11:07:51.289631+00:00,7747,425962,3953833,7
2026-09-20T11:07:51.320622+00:00,7748,425987,3953460,7
2026-09-20T11:07:51.352405+00:00,7749,426013,3953173,7
2026-09-20T11:07:51.369406+00:00,7750,426038,3952840,7
2026-09-20T11:07:51.400426+00:00,7751,426063,3953154,7
2026-09-20T11:07:51.416407+00:00,7752,426088,3953663,7
2026-09-20T11:07:51.448419+00:00,7753,426113,3953482,7
2026-09-20T11:07:51.464404+00:00,7754,426138,3953577,7
2026-09-20T11:07:51.496403+00:00,7755,426164,3953317,7
2026-09-20T11:07:51.528403+00:00,7756,426189,3953035,7
2026-09-20T11:07:51.544403+00:00,7757,426214,3953090,7
2026-09-20T11:07:51.576404+00:00,7758,426239,3953433,7
2026-09-20T11:07:51.592407+00:00,7759,426264,3953587,7
2026-09-20T11:07:51.650480+00:00,7760,426290,3953989,7
2026-09-20T11:07:51.673419+00:00,7761,426315,3953463,7
2026-09-20T11:07:51.673419+00:00,7762,426340,3953042,7
2026-09-20T11:07:51.705415+00:00,7763,426365,3953681,7
2026-09-20T11:07:51.729410+00:00,7764,426390,3953743,7
2026-09-20T11:07:51.766329+00:00,7765,426416,3953462,7
2026-09-20T11:07:51.819703+00:00,7766,426441,3953278,7
2026-09-20T11:07:51.819703+00:00,7767,426466,3953492,7
2026-09-20T11:07:51.836878+00:00,7768,426491,3953169,7
2026-09-20T11:07:51.849788+00:00,7769,426516,3953188,7
2026-09-20T11:07:51.913053+00:00,7770,426541,3953053,7
2026-09-20T11:07:51.913053+00:00,7771,426567,3953337,7
2026-09-20T11:07:51.929279+00:00,7772,426592,3953876,7
2026-09-20T11:07:51.955913+00:00,7773,426617,3954143,7
2026-09-20T11:07:51.980541+00:00,7774,426642,3953617,7
2026-09-20T11:07:52.023263+00:00,7775,426667,3953672,7
2026-09-20T11:07:52.027052+00:00,7776,426693,3953603,7
2026-09-20T11:07:52.074333+00:00,7777,426718,3953571,7
2026-09-20T11:07:52.078321+00:00,7778,426743,3953610,7
2026-09-20T11:07:52.118950+00:00,7779,426768,3953568,7
2026-09-20T11:07:52.134437+00:00,7780,426793,3953121,7
2026-09-20T11:07:52.169429+00:00,7781,426819,3952981,7
2026-09-20T11:07:52.188983+00:00,7782,426844,3953405,7
2026-09-20T11:07:52.218985+00:00,7783,426869,3953679,7
2026-09-20T11:07:52.237995+00:00,7784,426894,3953797,7
2026-09-20T11:07:52.262248+00:00,7785,426919,3953712,7
2026-09-20T11:07:52.276306+00:00,7786,426945,3953882,7
2026-09-20T11:07:52.311402+00:00,7787,426970,3954268,7
2026-09-20T11:07:52.340479+00:00,7788,426995,3953619,7
2026-09-20T11:07:52.360235+00:00,7789,427020,3953428,7
2026-09-20T11:07:52.379883+00:00,7790,427045,3953631,7
2026-09-20T11:07:52.404835+00:00,7791,427071,3953364,7
2026-09-20T11:07:52.436900+00:00,7792,427096,3953070,7
2026-09-20T11:07:52.452825+00:00,7793,427121,3953212,7
2026-09-20T11:07:52.484825+00:00,7794,427146,3953266,7
2026-09-20T11:07:52.539460+00:00,7795,427171,3953303,7
2026-09-20T11:07:52.555695+00:00,7796,427196,3953123,7
2026-09-20T11:07:52.556719+00:00,7797,427222,3953163,7
2026-09-20T11:07:52.587698+00:00,7798,427247,3953495,7
2026-09-20T11:07:52.619695+00:00,7799,427272,3953850,7
2026-09-20T11:07:52.644909+00:00,7800,427297,3954216,7
2026-09-20T11:07:52.666951+00:00,7801,427322,3953594,7
2026-09-20T11:07:52.707663+00:00,7802,427348,3952854,7
2026-09-20T11:07:52.718234+00:00,7803,427373,3953299,7
2026-09-20T11:07:52.744639+00:00,7804,427398,3953839,7
2026-09-20T11:07:52.765051+00:00,7805,427423,3954122,7
2026-09-20T11:07:52.779050+00:00,7806,427448,3953701,7
2026-09-20T11:07:52.811177+00:00,7807,427474,3953083,7
2026-09-20T11:07:52.828050+00:00,7808,427499,3953370,7
2026-09-20T11:07:52.860049+00:00,7809,427524,3953358,7
2026-09-20T11:07:52.890054+00:00,7810,427549,3953310,7
2026-09-20T11:07:52.908054+00:00,7811,427574,3953710,7
2026-09-20T11:07:52.939170+00:00,7812,427600,3953897,7
2026-09-20T11:07:52.956093+00:00,7813,427625,3953344,7
2026-09-20T11:07:52.988049+00:00,7814,427650,3953730,7
2026-09-20T11:07:53.003048+00:00,7815,427675,3953568,7
2026-09-20T11:07:53.035047+00:00,7816,427700,3953137,7
2026-09-20T11:07:53.068048+00:00,7817,427725,3953333,7
2026-09-20T11:07:53.083049+00:00,7818,427751,3953626,7
2026-09-20T11:07:53.115050+00:00,7819,427776,3953150,7
2026-09-20T11:07:53.131065+00:00,7820,427801,3953233,7
2026-09-20T11:07:53.163049+00:00,7821,427826,3953780,7
2026-09-20T11:07:53.179048+00:00,7822,427851,3953417,7
2026-09-20T11:07:53.211056+00:00,7823,427877,3953214,7
2026-09-20T11:07:53.242137+00:00,7824,427902,3953226,7
2026-09-20T11:07:53.259049+00:00,7825,427927,3953608,7
2026-09-20T11:07:53.297052+00:00,7826,427952,3953288,7
2026-09-20T11:07:53.308051+00:00,7827,427977,3953379,7
2026-09-20T11:07:53.339049+00:00,7828,428003,3954000,7
2026-09-20T11:07:53.355048+00:00,7829,428028,3953853,7
2026-09-20T11:07:53.388050+00:00,7830,428053,3953715,7
2026-09-20T11:07:53.418058+00:00,7831,428078,3953618,7
2026-09-20T11:07:53.434083+00:00,7832,428103,3953827,7
2026-09-20T11:07:53.467057+00:00,7833,428129,3952993,7
2026-09-20T11:07:53.483049+00:00,7834,428154,3953138,7
2026-09-20T11:07:53.515051+00:00,7835,428179,3953793,7
2026-09-20T11:07:53.530049+00:00,7836,428204,3953847,7
2026-09-20T11:07:53.563050+00:00,7837,428229,3953817,7
2026-09-20T11:07:53.594265+00:00,7838,428254,3953656,7
2026-09-20T11:07:53.610269+00:00,7839,428280,3953103,7
2026-09-20T11:07:53.642330+00:00,7840,428305,3952976,7
2026-09-20T11:07:53.658370+00:00,7841,428330,3953472,7
