host_utc,seq,mcu_ms,raw,label
2026-09-20T11:17:19.840966+00:00,30287,994602,3930182,3
2026-09-20T11:17:19.873968+00:00,30288,994627,3931389,3
2026-09-20T11:17:19.903967+00:00,30289,994653,3930256,3
2026-09-20T11:17:19.920965+00:00,30290,994678,3928564,3
2026-09-20T11:17:19.951843+00:00,30291,994703,3928511,3
2026-09-20T11:17:19.967837+00:00,30292,994728,3928162,3
2026-09-20T11:17:20.000775+00:00,30293,994753,3927800,3
2026-09-20T11:17:20.015842+00:00,30294,994779,3928529,3
2026-09-20T11:17:20.047843+00:00,30295,994804,3929099,3
2026-09-20T11:17:20.079874+00:00,30296,994829,3928736,3
2026-09-20T11:17:20.095837+00:00,30297,994854,3928800,3
2026-09-20T11:17:20.127837+00:00,30298,994879,3929279,3
2026-09-20T11:17:20.143835+00:00,30299,994904,3930265,3
2026-09-20T11:17:20.175857+00:00,30300,994930,3930283,3
2026-09-20T11:17:20.191854+00:00,30301,994955,3930707,3
2026-09-20T11:17:20.223675+00:00,30302,994980,3931708,3
2026-09-20T11:17:20.255784+00:00,30303,995005,3932176,3
2026-09-20T11:17:20.271836+00:00,30304,995030,3933052,3
2026-09-20T11:17:20.303837+00:00,30305,995056,3933500,3
2026-09-20T11:17:20.321362+00:00,30306,995081,3933205,3
2026-09-20T11:17:20.352883+00:00,30307,995106,3932375,3
2026-09-20T11:17:20.368859+00:00,30308,995131,3931256,3
2026-09-20T11:17:20.399836+00:00,30309,995156,3930650,3
2026-09-20T11:17:20.431831+00:00,30310,995182,3930535,3
2026-09-20T11:17:20.447825+00:00,30311,995207,3931453,3
2026-09-20T11:17:20.479839+00:00,30312,995232,3932118,3
2026-09-20T11:17:20.495669+00:00,30313,995257,3931493,3
2026-09-20T11:17:20.529090+00:00,30314,995282,3930657,3
2026-09-20T11:17:20.548909+00:00,30315,995307,3931444,3
2026-09-20T11:17:20.576231+00:00,30316,995333,3932704,3
2026-09-20T11:17:20.607721+00:00,30317,995358,3933190,3
2026-09-20T11:17:20.623791+00:00,30318,995383,3932286,3
2026-09-20T11:17:20.656059+00:00,30319,995408,3932285,3
2026-09-20T11:17:20.674420+00:00,30320,995433,3932508,3
2026-09-20T11:17:20.703888+00:00,30321,995459,3933525,3
2026-09-20T11:17:20.719934+00:00,30322,995484,3933798,3
2026-09-20T11:17:20.751841+00:00,30323,995509,3934050,3
2026-09-20T11:17:20.784410+00:00,30324,995534,3934113,3
2026-09-20T11:17:20.800369+00:00,30325,995559,3934718,3
2026-09-20T11:17:20.832418+00:00,30326,995584,3936231,3
2026-09-20T11:17:20.848410+00:00,30327,995610,3938365,3
2026-09-20T11:17:20.880346+00:00,30328,995635,3945286,3
2026-09-20T11:17:20.896390+00:00,30329,995660,3954680,3
2026-09-20T11:17:20.927841+00:00,30330,995685,3964539,3
2026-09-20T11:17:20.959772+00:00,30331,995710,3979636,3
2026-09-20T11:17:20.975813+00:00,30332,995736,4007830,3
2026-09-20T11:17:21.008586+00:00,30333,995761,4044441,3
2026-09-20T11:17:21.023827+00:00,30334,995786,4075020,3
2026-09-20T11:17:21.055841+00:00,30335,995811,4102324,3
2026-09-20T11:17:21.071804+00:00,30336,995836,4128039,3
2026-09-20T11:17:21.103820+00:00,30337,995862,4149222,3
2026-09-20T11:17:21.124543+00:00,30338,995887,4136764,3
2026-09-20T11:17:21.151838+00:00,30339,995912,4084028,3
2026-09-20T11:17:21.183820+00:00,30340,995937,4033909,3
2026-09-20T11:17:21.199815+00:00,30341,995962,4016121,3
2026-09-20T11:17:21.231814+00:00,30342,995987,4011313,3
2026-09-20T11:17:21.263811+00:00,30343,996013,3994750,3
2026-09-20T11:17:21.279812+00:00,30344,996038,3977443,3
2026-09-20T11:17:21.311809+00:00,30345,996063,3960147,3
2026-09-20T11:17:21.327818+00:00,30346,996088,3941893,3
2026-09-20T11:17:21.359852+00:00,30347,996113,3927434,3
2026-09-20T11:17:21.375802+00:00,30348,996139,3917707,3
2026-09-20T11:17:21.407776+00:00,30349,996164,3915780,3
2026-09-20T11:17:21.439878+00:00,30350,996189,3912541,3
2026-09-20T11:17:21.458647+00:00,30351,996214,3908515,3
2026-09-20T11:17:21.490000+00:00,30352,996239,3910380,3
2026-09-20T11:17:21.507043+00:00,30353,996265,3911944,3
2026-09-20T11:17:21.535807+00:00,30354,996290,3903597,3
2026-09-20T11:17:21.551818+00:00,30355,996315,3890980,3
2026-09-20T11:17:21.583818+00:00,30356,996340,3881690,3
2026-09-20T11:17:21.615490+00:00,30357,996365,3869742,3
2026-09-20T11:17:21.631725+00:00,30358,996390,3860418,3
2026-09-20T11:17:21.663799+00:00,30359,996416,3861000,3
2026-09-20T11:17:21.679795+00:00,30360,996441,3849216,3
2026-09-20T11:17:21.712853+00:00,30361,996466,3799726,3
2026-09-20T11:17:21.727840+00:00,30362,996491,3723968,3
2026-09-20T11:17:21.759839+00:00,30363,996516,3665031,3
2026-09-20T11:17:21.791839+00:00,30364,996542,3648568,3
2026-09-20T11:17:21.807841+00:00,30365,996567,3682610,3
2026-09-20T11:17:21.841839+00:00,30366,996592,3743650,3
2026-09-20T11:17:21.856845+00:00,30367,996617,3800058,3
2026-09-20T11:17:21.888880+00:00,30368,996642,3843044,3
2026-09-20T11:17:21.903814+00:00,30369,996668,3872556,3
2026-09-20T11:17:21.935821+00:00,30370,996693,3891130,3
2026-09-20T11:17:21.969892+00:00,30371,996718,3902479,3
2026-09-20T11:17:21.984844+00:00,30372,996743,3910570,3
2026-09-20T11:17:22.015918+00:00,30373,996768,3916869,3
2026-09-20T11:17:22.032902+00:00,30374,996793,3921530,3
2026-09-20T11:17:22.065021+00:00,30375,996819,3924936,3
2026-09-20T11:17:22.079809+00:00,30376,996844,3927961,3
2026-09-20T11:17:22.111807+00:00,30377,996869,3929609,3
2026-09-20T11:17:22.144459+00:00,30378,996894,3930457,3
2026-09-20T11:17:22.159851+00:00,30379,996919,3930983,3
2026-09-20T11:17:22.223807+00:00,30380,996975,3933597,3
2026-09-20T11:17:22.239884+00:00,30381,996995,3933890,3
2026-09-20T11:17:22.256389+00:00,30382,997020,3932308,3
2026-09-20T11:17:22.287823+00:00,30383,997045,3929719,3
2026-09-20T11:17:22.319821+00:00,30384,997070,3930259,3
2026-09-20T11:17:22.336830+00:00,30385,997096,3932017,3
2026-09-20T11:17:22.369714+00:00,30386,997121,3932966,3
2026-09-20T11:17:22.384248+00:00,30387,997146,3932394,3
2026-09-20T11:17:22.415873+00:00,30388,997171,3931086,3
2026-09-20T11:17:22.431795+00:00,30389,997196,3929882,3
2026-09-20T11:17:22.465967+00:00,30390,997222,3930969,3
2026-09-20T11:17:22.495915+00:00,30391,997247,3930671,3
2026-09-20T11:17:22.511778+00:00,30392,997272,3929841,3
2026-09-20T11:17:22.543780+00:00,30393,997297,3929672,3
2026-09-20T11:17:22.560045+00:00,30394,997322,3930473,3
2026-09-20T11:17:22.593600+00:00,30395,997348,3930783,3
2026-09-20T11:17:22.623836+00:00,30396,997373,3931524,3
2026-09-20T11:17:22.639894+00:00,30397,997398,3931849,3
2026-09-20T11:17:22.672813+00:00,30398,997423,3930909,3
2026-09-20T11:17:22.687789+00:00,30399,997448,3929531,3
2026-09-20T11:17:22.720808+00:00,30400,997473,3931081,3
2026-09-20T11:17:22.737903+00:00,30401,997499,3932119,3
2026-09-20T11:17:22.767807+00:00,30402,997524,3931299,3
2026-09-20T11:17:22.799806+00:00,30403,997549,3931479,3
2026-09-20T11:17:22.815806+00:00,30404,997574,3930939,3
2026-09-20T11:17:22.847806+00:00,30405,997599,3930064,3
2026-09-20T11:17:22.863806+00:00,30406,997625,3929977,3
2026-09-20T11:17:22.895817+00:00,30407,997650,3929810,3
2026-09-20T11:17:22.911777+00:00,30408,997675,3928238,3
2026-09-20T11:17:22.943755+00:00,30409,997700,3927512,3
2026-09-20T11:17:22.975773+00:00,30410,997725,3928284,3
2026-09-20T11:17:22.991770+00:00,30411,997751,3930066,3
2026-09-20T11:17:23.024221+00:00,30412,997776,3929661,3
2026-09-20T11:17:23.039869+00:00,30413,997801,3929165,3
2026-09-20T11:17:23.072802+00:00,30414,997826,3929360,3
2026-09-20T11:17:23.088815+00:00,30415,997851,3929336,3
2026-09-20T11:17:23.120832+00:00,30416,997876,3929683,3
2026-09-20T11:17:23.151775+00:00,30417,997902,3931638,3
2026-09-20T11:17:23.167795+00:00,30418,997927,3933033,3
2026-09-20T11:17:23.199764+00:00,30419,997952,3931332,3
2026-09-20T11:17:23.215764+00:00,30420,997977,3929118,3
2026-09-20T11:17:23.249845+00:00,30421,998002,3928548,3
2026-09-20T11:17:23.265907+00:00,30422,998028,3927849,3
2026-09-20T11:17:23.296928+00:00,30423,998053,3927054,3
2026-09-20T11:17:23.328926+00:00,30424,998078,3927387,3
2026-09-20T11:17:23.343942+00:00,30425,998103,3929706,3
2026-09-20T11:17:23.375758+00:00,30426,998128,3930808,3
2026-09-20T11:17:23.391807+00:00,30427,998154,3930089,3
2026-09-20T11:17:23.424291+00:00,30428,998179,3929995,3
2026-09-20T11:17:23.445948+00:00,30429,998204,3931078,3
2026-09-20T11:17:23.471597+00:00,30430,998229,3934065,3
2026-09-20T11:17:23.504956+00:00,30431,998254,3935169,3
2026-09-20T11:17:23.519770+00:00,30432,998279,3935448,3
2026-09-20T11:17:23.553998+00:00,30433,998305,3935666,3
2026-09-20T11:17:23.567761+00:00,30434,998330,3934423,3
2026-09-20T11:17:23.599752+00:00,30435,998355,3933339,3
2026-09-20T11:17:23.615741+00:00,30436,998380,3933953,3
2026-09-20T11:17:23.640633+00:00,30437,998405,3936362,3
2026-09-20T11:17:23.679744+00:00,30438,998431,3937899,3
2026-09-20T11:17:23.695741+00:00,30439,998456,3937965,3
2026-09-20T11:17:23.728652+00:00,30440,998481,3938149,3
2026-09-20T11:17:23.743742+00:00,30441,998506,3939182,3
2026-09-20T11:17:23.776548+00:00,30442,998531,3940122,3
2026-09-20T11:17:23.792546+00:00,30443,998557,3943465,3
2026-09-20T11:17:23.824575+00:00,30444,998582,3945891,3
2026-09-20T11:17:23.857548+00:00,30445,998607,3945934,3
2026-09-20T11:17:23.873547+00:00,30446,998632,3945745,3
2026-09-20T11:17:23.903551+00:00,30447,998657,3945617,3
2026-09-20T11:17:23.920547+00:00,30448,998682,3946863,3
2026-09-20T11:17:23.951792+00:00,30449,998708,3951173,3
2026-09-20T11:17:23.983745+00:00,30450,998733,3956908,3
2026-09-20T11:17:23.999721+00:00,30451,998758,3966063,3
2026-09-20T11:17:24.031795+00:00,30452,998783,3984013,3
2026-09-20T11:17:24.047739+00:00,30453,998808,4004620,3
2026-09-20T11:17:24.079736+00:00,30454,998834,4020276,3
2026-09-20T11:17:24.095735+00:00,30455,998859,4023454,3
2026-09-20T11:17:24.127734+00:00,30456,998884,4022162,3
2026-09-20T11:17:24.159310+00:00,30457,998909,4022698,3
2026-09-20T11:17:24.175752+00:00,30458,998934,4020759,3
2026-09-20T11:17:24.207704+00:00,30459,998960,4005313,3
2026-09-20T11:17:24.223606+00:00,30460,998985,3989135,3
2026-09-20T11:17:24.255941+00:00,30461,999010,3992358,3
2026-09-20T11:17:24.272641+00:00,30462,999035,3991571,3
2026-09-20T11:17:24.303741+00:00,30463,999060,3979974,3
2026-09-20T11:17:24.335746+00:00,30464,999085,3966655,3
2026-09-20T11:17:24.351750+00:00,30465,999111,3950816,3
2026-09-20T11:17:24.383736+00:00,30466,999136,3939638,3
2026-09-20T11:17:24.399732+00:00,30467,999161,3930028,3
2026-09-20T11:17:24.433820+00:00,30468,999186,3919737,3
2026-09-20T11:17:24.448543+00:00,30469,999211,3917863,3
2026-09-20T11:17:24.479724+00:00,30470,999237,3918336,3
2026-09-20T11:17:24.511604+00:00,30471,999262,3919804,3
2026-09-20T11:17:24.527746+00:00,30472,999287,3918537,3
2026-09-20T11:17:24.559800+00:00,30473,999312,3916351,3
2026-09-20T11:17:24.575743+00:00,30474,999337,3913390,3
2026-09-20T11:17:24.608564+00:00,30475,999363,3905956,3
2026-09-20T11:17:24.624224+00:00,30476,999388,3902272,3
2026-09-20T11:17:24.655791+00:00,30477,999413,3906123,3
2026-09-20T11:17:24.687722+00:00,30478,999438,3910160,3
2026-09-20T11:17:24.703744+00:00,30479,999463,3912075,3
2026-09-20T11:17:24.735721+00:00,30480,999489,3911853,3
2026-09-20T11:17:24.751748+00:00,30481,999514,3909093,3
2026-09-20T11:17:24.784762+00:00,30482,999539,3910798,3
2026-09-20T11:17:24.799757+00:00,30483,999564,3915510,3
2026-09-20T11:17:24.833344+00:00,30484,999589,3914794,3
2026-09-20T11:17:24.863758+00:00,30485,999614,3907024,3
2026-09-20T11:17:24.880775+00:00,30486,999640,3888892,3
2026-09-20T11:17:24.911758+00:00,30487,999665,3843662,3
2026-09-20T11:17:24.927757+00:00,30488,999690,3746821,3
2026-09-20T11:17:24.959706+00:00,30489,999715,3628183,3
2026-09-20T11:17:24.975734+00:00,30490,999740,3561256,3
2026-09-20T11:17:25.007746+00:00,30491,999766,3586509,3
2026-09-20T11:17:25.041581+00:00,30492,999791,3673798,3
2026-09-20T11:17:25.055622+00:00,30493,999816,3762263,3
2026-09-20T11:17:25.087721+00:00,30494,999841,3814334,3
2026-09-20T11:17:25.103799+00:00,30495,999866,3849424,3
2026-09-20T11:17:25.135719+00:00,30496,999891,3880278,3
2026-09-20T11:17:25.151722+00:00,30497,999917,3897792,3
2026-09-20T11:17:25.183728+00:00,30498,999942,3907823,3
2026-09-20T11:17:25.215718+00:00,30499,999967,3915262,3
2026-09-20T11:17:25.232750+00:00,30500,999992,3919230,3
2026-09-20T11:17:25.263731+00:00,30501,1000017,3922513,3
2026-09-20T11:17:25.279701+00:00,30502,1000043,3924084,3
2026-09-20T11:17:25.311720+00:00,30503,1000068,3924757,3
2026-09-20T11:17:25.343703+00:00,30504,1000093,3925716,3
2026-09-20T11:17:25.360592+00:00,30505,1000118,3926801,3
2026-09-20T11:17:25.391718+00:00,30506,1000143,3927577,3
2026-09-20T11:17:25.407838+00:00,30507,1000169,3928959,3
2026-09-20T11:17:25.441912+00:00,30508,1000194,3929308,3
2026-09-20T11:17:25.457053+00:00,30509,1000219,3929154,3
2026-09-20T11:17:25.489864+00:00,30510,1000244,3928534,3
2026-09-20T11:17:25.521254+00:00,30511,1000269,3929921,3
2026-09-20T11:17:25.537336+00:00,30512,1000294,3932235,3
2026-09-20T11:17:25.568738+00:00,30513,1000320,3932751,3
2026-09-20T11:17:25.583708+00:00,30514,1000345,3931660,3
2026-09-20T11:17:25.615652+00:00,30515,1000370,3930975,3
2026-09-20T11:17:25.631710+00:00,30516,1000395,3931682,3
2026-09-20T11:17:25.663711+00:00,30517,1000420,3931030,3
2026-09-20T11:17:25.695763+00:00,30518,1000446,3930985,3
2026-09-20T11:17:25.712825+00:00,30519,1000471,3931147,3
2026-09-20T11:17:25.743773+00:00,30520,1000496,3931096,3
2026-09-20T11:17:25.760774+00:00,30521,1000521,3931977,3
2026-09-20T11:17:25.791772+00:00,30522,1000546,3931767,3
2026-09-20T11:17:25.807773+00:00,30523,1000572,3931308,3
2026-09-20T11:17:25.840773+00:00,30524,1000597,3931365,3
2026-09-20T11:17:25.871943+00:00,30525,1000622,3932110,3
2026-09-20T11:17:25.887626+00:00,30526,1000647,3932439,3
2026-09-20T11:17:25.919697+00:00,30527,1000672,3934460,3
2026-09-20T11:17:25.935704+00:00,30528,1000697,3934873,3
2026-09-20T11:17:25.967712+00:00,30529,1000723,3933862,3
2026-09-20T11:17:25.983692+00:00,30530,1000748,3934250,3
2026-09-20T11:17:26.016716+00:00,30531,1000773,3935169,3
2026-09-20T11:17:26.047679+00:00,30532,1000798,3934797,3
2026-09-20T11:17:26.063702+00:00,30533,1000823,3934039,3
2026-09-20T11:17:26.095736+00:00,30534,1000849,3933270,3
2026-09-20T11:17:26.111809+00:00,30535,1000874,3933105,3
2026-09-20T11:17:26.144197+00:00,30536,1000899,3933081,3
2026-09-20T11:17:26.159697+00:00,30537,1000924,3932291,3
2026-09-20T11:17:26.191777+00:00,30538,1000949,3931151,3
2026-09-20T11:17:26.224308+00:00,30539,1000975,3931635,3
2026-09-20T11:17:26.239908+00:00,30540,1001000,3931734,3
2026-09-20T11:17:26.272168+00:00,30541,1001025,3932588,3
2026-09-20T11:17:26.288730+00:00,30542,1001050,3933458,3
2026-09-20T11:17:26.319689+00:00,30543,1001075,3933653,3
2026-09-20T11:17:26.335704+00:00,30544,1001100,3934153,3
2026-09-20T11:17:26.369997+00:00,30545,1001126,3932914,3
2026-09-20T11:17:26.400875+00:00,30546,1001151,3932036,3
2026-09-20T11:17:26.415638+00:00,30547,1001176,3933234,3
2026-09-20T11:17:26.447697+00:00,30548,1001201,3934713,3
2026-09-20T11:17:26.463688+00:00,30549,1001226,3934505,3
2026-09-20T11:17:26.496621+00:00,30550,1001252,3934129,3
2026-09-20T11:17:26.511685+00:00,30551,1001277,3934467,3
2026-09-20T11:17:26.544924+00:00,30552,1001302,3935063,3
2026-09-20T11:17:26.575828+00:00,30553,1001327,3935804,3
2026-09-20T11:17:26.591694+00:00,30554,1001352,3936095,3
2026-09-20T11:17:26.625260+00:00,30555,1001378,3936675,3
2026-09-20T11:17:26.641105+00:00,30556,1001403,3936864,3
2026-09-20T11:17:26.673504+00:00,30557,1001428,3937971,3
2026-09-20T11:17:26.687697+00:00,30558,1001453,3939269,3
2026-09-20T11:17:26.720843+00:00,30559,1001478,3940447,3
2026-09-20T11:17:26.751779+00:00,30560,1001503,3945645,3
2026-09-20T11:17:26.767790+00:00,30561,1001529,3957099,3
2026-09-20T11:17:26.799779+00:00,30562,1001554,3975112,3
2026-09-20T11:17:26.815778+00:00,30563,1001579,3995081,3
2026-09-20T11:17:26.847780+00:00,30564,1001604,4012054,3
2026-09-20T11:17:26.879782+00:00,30565,1001629,4027526,3
2026-09-20T11:17:26.895672+00:00,30566,1001655,4042271,3
2026-09-20T11:17:26.927663+00:00,30567,1001680,4056835,3
2026-09-20T11:17:26.943669+00:00,30568,1001705,4073218,3
2026-09-20T11:17:26.975669+00:00,30569,1001730,4077355,3
2026-09-20T11:17:26.991673+00:00,30570,1001755,4061230,3
2026-09-20T11:17:27.023667+00:00,30571,1001781,4030726,3
2026-09-20T11:17:27.056702+00:00,30572,1001806,4002164,3
2026-09-20T11:17:27.072725+00:00,30573,1001831,3985450,3
2026-09-20T11:17:27.103715+00:00,30574,1001856,3976271,3
2026-09-20T11:17:27.120693+00:00,30575,1001881,3966028,3
2026-09-20T11:17:27.151663+00:00,30576,1001906,3956945,3
2026-09-20T11:17:27.167670+00:00,30577,1001932,3949951,3
2026-09-20T11:17:27.199659+00:00,30578,1001957,3940395,3
2026-09-20T11:17:27.231661+00:00,30579,1001982,3932453,3
2026-09-20T11:17:27.247650+00:00,30580,1002007,3925761,3
2026-09-20T11:17:27.279654+00:00,30581,1002032,3920761,3
2026-09-20T11:17:27.296525+00:00,30582,1002058,3921384,3
2026-09-20T11:17:27.327687+00:00,30583,1002083,3924816,3
2026-09-20T11:17:27.344957+00:00,30584,1002108,3926364,3
2026-09-20T11:17:27.375984+00:00,30585,1002133,3927368,3
2026-09-20T11:17:27.407671+00:00,30586,1002158,3929633,3
2026-09-20T11:17:27.427514+00:00,30587,1002184,3929844,3
2026-09-20T11:17:27.457610+00:00,30588,1002209,3928408,3
2026-09-20T11:17:27.472105+00:00,30589,1002234,3927354,3
2026-09-20T11:17:27.510154+00:00,30590,1002259,3925879,3
2026-09-20T11:17:27.519658+00:00,30591,1002284,3925436,3
2026-09-20T11:17:27.552685+00:00,30592,1002309,3924070,3
2026-09-20T11:17:27.583661+00:00,30593,1002335,3920327,3
2026-09-20T11:17:27.599660+00:00,30594,1002360,3918571,3
2026-09-20T11:17:27.632354+00:00,30595,1002385,3916773,3
2026-09-20T11:17:27.648289+00:00,30596,1002410,3914164,3
2026-09-20T11:17:27.680613+00:00,30597,1002435,3909205,3
2026-09-20T11:17:27.695642+00:00,30598,1002461,3899109,3
2026-09-20T11:17:27.727649+00:00,30599,1002486,3889815,3
2026-09-20T11:17:27.760192+00:00,30600,1002511,3885735,3
2026-09-20T11:17:27.776193+00:00,30601,1002536,3874510,3
2026-09-20T11:17:27.808193+00:00,30602,1002561,3836741,3
2026-09-20T11:17:27.824192+00:00,30603,1002587,3762256,3
2026-09-20T11:17:27.856193+00:00,30604,1002612,3682073,3
2026-09-20T11:17:27.872193+00:00,30605,1002637,3650814,3
2026-09-20T11:17:27.904192+00:00,30606,1002662,3706803,3
2026-09-20T11:17:27.935639+00:00,30607,1002687,3787657,3
2026-09-20T11:17:27.956713+00:00,30608,1002712,3837983,3
2026-09-20T11:17:27.985083+00:00,30609,1002738,3869784,3
2026-09-20T11:17:27.999643+00:00,30610,1002763,3891284,3
2026-09-20T11:17:28.031653+00:00,30611,1002788,3903817,3
2026-09-20T11:17:28.047637+00:00,30612,1002813,3912265,3
2026-09-20T11:17:28.079647+00:00,30613,1002838,3918535,3
2026-09-20T11:17:28.111648+00:00,30614,1002864,3922491,3
2026-09-20T11:17:28.127636+00:00,30615,1002889,3925291,3
2026-09-20T11:17:28.159642+00:00,30616,1002914,3927076,3
2026-09-20T11:17:28.175828+00:00,30617,1002939,3928843,3
2026-09-20T11:17:28.207619+00:00,30618,1002964,3929932,3
2026-09-20T11:17:28.239554+00:00,30619,1002990,3930584,3
2026-09-20T11:17:28.288885+00:00,30620,1003046,3930758,3
2026-09-20T11:17:28.303908+00:00,30621,1003065,3931255,3
2026-09-20T11:17:28.335511+00:00,30622,1003090,3931790,3
2026-09-20T11:17:28.352658+00:00,30623,1003115,3931941,3
2026-09-20T11:17:28.383632+00:00,30624,1003141,3931438,3
2026-09-20T11:17:28.415630+00:00,30625,1003166,3931248,3
2026-09-20T11:17:28.431632+00:00,30626,1003191,3931493,3
2026-09-20T11:17:28.463617+00:00,30627,1003216,3930936,3
2026-09-20T11:17:28.479625+00:00,30628,1003241,3930219,3
2026-09-20T11:17:28.512271+00:00,30629,1003267,3930006,3
2026-09-20T11:17:28.527648+00:00,30630,1003292,3930602,3
2026-09-20T11:17:28.559610+00:00,30631,1003317,3931487,3
2026-09-20T11:17:28.594865+00:00,30632,1003342,3931026,3
2026-09-20T11:17:28.607637+00:00,30633,1003367,3931593,3
2026-09-20T11:17:28.640114+00:00,30634,1003392,3932326,3
2026-09-20T11:17:28.656700+00:00,30635,1003418,3931461,3
2026-09-20T11:17:28.689661+00:00,30636,1003443,3931591,3
2026-09-20T11:17:28.703559+00:00,30637,1003468,3931770,3
2026-09-20T11:17:28.735622+00:00,30638,1003493,3929882,3
2026-09-20T11:17:28.768552+00:00,30639,1003518,3929844,3
2026-09-20T11:17:28.783661+00:00,30640,1003544,3931152,3
2026-09-20T11:17:28.815553+00:00,30641,1003569,3932176,3
2026-09-20T11:17:28.831609+00:00,30642,1003594,3932150,3
2026-09-20T11:17:28.863564+00:00,30643,1003619,3931616,3
2026-09-20T11:17:28.880564+00:00,30644,1003644,3931288,3
2026-09-20T11:17:28.912554+00:00,30645,1003670,3931986,3
2026-09-20T11:17:28.943617+00:00,30646,1003695,3931731,3
2026-09-20T11:17:28.959612+00:00,30647,1003720,3932511,3
2026-09-20T11:17:28.991620+00:00,30648,1003745,3933641,3
2026-09-20T11:17:29.007552+00:00,30649,1003770,3932822,3
2026-09-20T11:17:29.039964+00:00,30650,1003795,3932161,3
2026-09-20T11:17:29.055354+00:00,30651,1003821,3932059,3
2026-09-20T11:17:29.088745+00:00,30652,1003846,3931961,3
2026-09-20T11:17:29.119637+00:00,30653,1003871,3932269,3
2026-09-20T11:17:29.135612+00:00,30654,1003896,3931775,3
2026-09-20T11:17:29.167621+00:00,30655,1003921,3931400,3
2026-09-20T11:17:29.183614+00:00,30656,1003947,3930878,3
2026-09-20T11:17:29.215600+00:00,30657,1003972,3930652,3
2026-09-20T11:17:29.231613+00:00,30658,1003997,3931581,3
2026-09-20T11:17:29.263712+00:00,30659,1004022,3931458,3
2026-09-20T11:17:29.295596+00:00,30660,1004047,3931288,3
2026-09-20T11:17:29.311639+00:00,30661,1004073,3932932,3
2026-09-20T11:17:29.343646+00:00,30662,1004098,3932889,3
2026-09-20T11:17:29.359604+00:00,30663,1004123,3931638,3
2026-09-20T11:17:29.391626+00:00,30664,1004148,3931629,3
2026-09-20T11:17:29.407597+00:00,30665,1004173,3932288,3
2026-09-20T11:17:29.439892+00:00,30666,1004198,3932967,3
2026-09-20T11:17:29.473715+00:00,30667,1004224,3932315,3
2026-09-20T11:17:29.488652+00:00,30668,1004249,3932690,3
2026-09-20T11:17:29.520045+00:00,30669,1004274,3935803,3
2026-09-20T11:17:29.535602+00:00,30670,1004299,3939377,3
2026-09-20T11:17:29.567606+00:00,30671,1004324,3941003,3
2026-09-20T11:17:29.599595+00:00,30672,1004350,3944241,3
2026-09-20T11:17:29.616198+00:00,30673,1004375,3949026,3
2026-09-20T11:17:29.647584+00:00,30674,1004400,3950915,3
2026-09-20T11:17:29.664624+00:00,30675,1004425,3956962,3
2026-09-20T11:17:29.695755+00:00,30676,1004450,3966954,3
2026-09-20T11:17:29.712754+00:00,30677,1004476,3975140,3
2026-09-20T11:17:29.743751+00:00,30678,1004501,3989691,3
2026-09-20T11:17:29.775754+00:00,30679,1004526,4009406,3
2026-09-20T11:17:29.791751+00:00,30680,1004551,4029587,3
2026-09-20T11:17:29.824772+00:00,30681,1004576,4041547,3
2026-09-20T11:17:29.840754+00:00,30682,1004602,4045982,3
2026-09-20T11:17:29.871603+00:00,30683,1004627,4050332,3
2026-09-20T11:17:29.887614+00:00,30684,1004652,4047502,3
2026-09-20T11:17:29.919601+00:00,30685,1004677,4035209,3
2026-09-20T11:17:29.951600+00:00,30686,1004702,4023622,3
2026-09-20T11:17:29.967600+00:00,30687,1004727,4015316,3
2026-09-20T11:17:29.999602+00:00,30688,1004753,4008123,3
2026-09-20T11:17:30.015598+00:00,30689,1004778,3999866,3
2026-09-20T11:17:30.047584+00:00,30690,1004803,3993889,3
2026-09-20T11:17:30.064623+00:00,30691,1004828,3991099,3
2026-09-20T11:17:30.095596+00:00,30692,1004853,3987376,3
2026-09-20T11:17:30.127616+00:00,30693,1004879,3980784,3
2026-09-20T11:17:30.143594+00:00,30694,1004904,3973073,3
2026-09-20T11:17:30.175866+00:00,30695,1004929,3964294,3
2026-09-20T11:17:30.191538+00:00,30696,1004954,3951807,3
2026-09-20T11:17:30.223575+00:00,30697,1004979,3940980,3
2026-09-20T11:17:30.240987+00:00,30698,1005005,3936112,3
2026-09-20T11:17:30.271577+00:00,30699,1005030,3935638,3
2026-09-20T11:17:30.303578+00:00,30700,1005055,3936702,3
2026-09-20T11:17:30.320705+00:00,30701,1005080,3940087,3
2026-09-20T11:17:30.351579+00:00,30702,1005105,3945982,3
2026-09-20T11:17:30.367592+00:00,30703,1005130,3949412,3
2026-09-20T11:17:30.399582+00:00,30704,1005156,3948614,3
2026-09-20T11:17:30.415600+00:00,30705,1005181,3947145,3
2026-09-20T11:17:30.447576+00:00,30706,1005206,3944522,3
2026-09-20T11:17:30.479646+00:00,30707,1005231,3932346,3
2026-09-20T11:17:30.495382+00:00,30708,1005256,3899682,3
2026-09-20T11:17:30.527633+00:00,30709,1005282,3831237,3
2026-09-20T11:17:30.543574+00:00,30710,1005307,3734750,3
2026-09-20T11:17:30.575597+00:00,30711,1005332,3666808,3
2026-09-20T11:17:30.591580+00:00,30712,1005357,3671884,3
2026-09-20T11:17:30.624093+00:00,30713,1005382,3734704,3
2026-09-20T11:17:30.655534+00:00,30714,1005408,3804563,3
2026-09-20T11:17:30.672615+00:00,30715,1005433,3853680,3
2026-09-20T11:17:30.703586+00:00,30716,1005458,3882473,3
2026-09-20T11:17:30.720624+00:00,30717,1005483,3898934,3
2026-09-20T11:17:30.752619+00:00,30718,1005508,3909246,3
2026-09-20T11:17:30.768619+00:00,30719,1005533,3916174,3
2026-09-20T11:17:30.800626+00:00,30720,1005559,3921978,3
2026-09-20T11:17:30.832660+00:00,30721,1005584,3925002,3
2026-09-20T11:17:30.848655+00:00,30722,1005609,3925904,3
2026-09-20T11:17:30.880618+00:00,30723,1005634,3926226,3
2026-09-20T11:17:30.895614+00:00,30724,1005659,3926971,3
2026-09-20T11:17:30.928618+00:00,30725,1005685,3926825,3
2026-09-20T11:17:30.977618+00:00,30726,1005737,3928586,3
2026-09-20T11:17:31.007616+00:00,30727,1005760,3928251,3
2026-09-20T11:17:31.024621+00:00,30728,1005785,3928415,3
2026-09-20T11:17:31.056617+00:00,30729,1005811,3928271,3
2026-09-20T11:17:31.073616+00:00,30730,1005836,3928194,3
2026-09-20T11:17:31.104618+00:00,30731,1005861,3928717,3
2026-09-20T11:17:31.136621+00:00,30732,1005886,3930190,3
2026-09-20T11:17:31.151615+00:00,30733,1005911,3932016,3
2026-09-20T11:17:31.183614+00:00,30734,1005936,3930514,3
2026-09-20T11:17:31.199619+00:00,30735,1005962,3930274,3
2026-09-20T11:17:31.231614+00:00,30736,1005987,3932099,3
2026-09-20T11:17:31.247650+00:00,30737,1006012,3932485,3
2026-09-20T11:17:31.279627+00:00,30738,1006037,3929384,3
2026-09-20T11:17:31.311615+00:00,30739,1006062,3929760,3
2026-09-20T11:17:31.328617+00:00,30740,1006088,3932004,3
2026-09-20T11:17:31.359634+00:00,30741,1006113,3930667,3
2026-09-20T11:17:31.375614+00:00,30742,1006138,3929549,3
2026-09-20T11:17:31.407645+00:00,30743,1006163,3929976,3
2026-09-20T11:17:31.423635+00:00,30744,1006188,3929072,3
2026-09-20T11:17:31.456622+00:00,30745,1006213,3927611,3
2026-09-20T11:17:31.487617+00:00,30746,1006239,3926302,3
2026-09-20T11:17:31.504638+00:00,30747,1006264,3926004,3
2026-09-20T11:17:31.538617+00:00,30748,1006289,3926082,3
2026-09-20T11:17:31.551614+00:00,30749,1006314,3926784,3
2026-09-20T11:17:31.583625+00:00,30750,1006339,3927668,3
2026-09-20T11:17:31.599631+00:00,30751,1006365,3926637,3
2026-09-20T11:17:31.631627+00:00,30752,1006390,3927215,3
2026-09-20T11:17:31.663631+00:00,30753,1006415,3927121,3
2026-09-20T11:17:31.679616+00:00,30754,1006440,3927112,3
2026-09-20T11:17:31.711616+00:00,30755,1006465,3927062,3
2026-09-20T11:17:31.727620+00:00,30756,1006491,3928711,3
2026-09-20T11:17:31.759615+00:00,30757,1006516,3929726,3
2026-09-20T11:17:31.775615+00:00,30758,1006541,3929281,3
2026-09-20T11:17:31.807615+00:00,30759,1006566,3928436,3
2026-09-20T11:17:31.839623+00:00,30760,1006591,3930309,3
2026-09-20T11:17:31.855615+00:00,30761,1006616,3932094,3
2026-09-20T11:17:31.888618+00:00,30762,1006642,3931540,3
2026-09-20T11:17:31.903614+00:00,30763,1006667,3931819,3
2026-09-20T11:17:31.936825+00:00,30764,1006692,3933114,3
2026-09-20T11:17:31.951615+00:00,30765,1006717,3932520,3
2026-09-20T11:17:31.983632+00:00,30766,1006742,3929986,3
2026-09-20T11:17:32.015615+00:00,30767,1006768,3929676,3
2026-09-20T11:17:32.031618+00:00,30768,1006793,3932259,3
2026-09-20T11:17:32.064618+00:00,30769,1006818,3931155,3
2026-09-20T11:17:32.079623+00:00,30770,1006843,3934225,3
2026-09-20T11:17:32.111614+00:00,30771,1006868,3935975,3
2026-09-20T11:17:32.127616+00:00,30772,1006894,3933484,3
2026-09-20T11:17:32.159632+00:00,30773,1006919,3934730,3
2026-09-20T11:17:32.191632+00:00,30774,1006944,3934554,3
2026-09-20T11:17:32.207628+00:00,30775,1006969,3934457,3
2026-09-20T11:17:32.239634+00:00,30776,1006994,3938054,3
2026-09-20T11:17:32.256617+00:00,30777,1007019,3944122,3
2026-09-20T11:17:32.287614+00:00,30778,1007045,3954574,3
2026-09-20T11:17:32.319615+00:00,30779,1007070,3969998,3
2026-09-20T11:17:32.335654+00:00,30780,1007095,3990511,3
2026-09-20T11:17:32.367686+00:00,30781,1007120,4010685,3
2026-09-20T11:17:32.383646+00:00,30782,1007145,4026664,3
2026-09-20T11:17:32.416639+00:00,30783,1007171,4038179,3
2026-09-20T11:17:32.432616+00:00,30784,1007196,4044969,3
2026-09-20T11:17:32.464620+00:00,30785,1007221,4051131,3
2026-09-20T11:17:32.495614+00:00,30786,1007246,4054893,3
2026-09-20T11:17:32.512618+00:00,30787,1007271,4043448,3
2026-09-20T11:17:32.546653+00:00,30788,1007296,4027385,3
2026-09-20T11:17:32.560618+00:00,30789,1007322,4023376,3
2026-09-20T11:17:32.592618+00:00,30790,1007347,4021280,3
2026-09-20T11:17:32.607626+00:00,30791,1007372,4013180,3
2026-09-20T11:17:32.639615+00:00,30792,1007397,4001998,3
2026-09-20T11:17:32.671698+00:00,30793,1007422,3991666,3
2026-09-20T11:17:32.687615+00:00,30794,1007448,3987550,3
2026-09-20T11:17:32.719614+00:00,30795,1007473,3982599,3
2026-09-20T11:17:32.735619+00:00,30796,1007498,3968747,3
2026-09-20T11:17:32.767615+00:00,30797,1007523,3953054,3
2026-09-20T11:17:32.783616+00:00,30798,1007548,3941375,3
2026-09-20T11:17:32.815617+00:00,30799,1007574,3935194,3
2026-09-20T11:17:32.847614+00:00,30800,1007599,3938576,3
2026-09-20T11:17:32.863615+00:00,30801,1007624,3945174,3
2026-09-20T11:17:32.896616+00:00,30802,1007649,3943451,3
2026-09-20T11:17:32.911617+00:00,30803,1007674,3941848,3
2026-09-20T11:17:32.943617+00:00,30804,1007699,3942435,3
2026-09-20T11:17:32.959636+00:00,30805,1007725,3938385,3
2026-09-20T11:17:32.991614+00:00,30806,1007750,3937424,3
2026-09-20T11:17:33.023616+00:00,30807,1007775,3942277,3
2026-09-20T11:17:33.039632+00:00,30808,1007800,3948327,3
2026-09-20T11:17:33.071509+00:00,30809,1007825,3948957,3
2026-09-20T11:17:33.087545+00:00,30810,1007851,3948096,3
2026-09-20T11:17:33.120240+00:00,30811,1007876,3948306,3
2026-09-20T11:17:33.135534+00:00,30812,1007901,3943046,3
2026-09-20T11:17:33.167511+00:00,30813,1007926,3928493,3
2026-09-20T11:17:33.199502+00:00,30814,1007951,3905263,3
2026-09-20T11:17:33.215506+00:00,30815,1007977,3860023,3
2026-09-20T11:17:33.247551+00:00,30816,1008002,3782989,3
2026-09-20T11:17:33.263514+00:00,30817,1008027,3701062,3
2026-09-20T11:17:33.295537+00:00,30818,1008052,3649906,3
2026-09-20T11:17:33.311504+00:00,30819,1008077,3670914,3
2026-09-20T11:17:33.343515+00:00,30820,1008102,3751332,3
2026-09-20T11:17:33.375534+00:00,30821,1008128,3818915,3
2026-09-20T11:17:33.391515+00:00,30822,1008153,3858590,3
2026-09-20T11:17:33.423350+00:00,30823,1008178,3883122,3
2026-09-20T11:17:33.439919+00:00,30824,1008203,3897941,3
2026-09-20T11:17:33.472372+00:00,30825,1008228,3906560,3
2026-09-20T11:17:33.488756+00:00,30826,1008254,3915741,3
2026-09-20T11:17:33.519520+00:00,30827,1008279,3920189,3
2026-09-20T11:17:33.552762+00:00,30828,1008304,3921459,3
2026-09-20T11:17:33.567501+00:00,30829,1008329,3923794,3
2026-09-20T11:17:33.599516+00:00,30830,1008354,3926942,3
2026-09-20T11:17:33.617649+00:00,30831,1008379,3927357,3
2026-09-20T11:17:33.649151+00:00,30832,1008405,3927112,3
2026-09-20T11:17:33.697232+00:00,30833,1008461,3928987,3
2026-09-20T11:17:33.728094+00:00,30834,1008480,3928860,3
2026-09-20T11:17:33.744095+00:00,30835,1008505,3928362,3
2026-09-20T11:17:33.776054+00:00,30836,1008531,3927553,3
2026-09-20T11:17:33.792015+00:00,30837,1008556,3927969,3
2026-09-20T11:17:33.825015+00:00,30838,1008581,3928185,3
2026-09-20T11:17:33.855015+00:00,30839,1008606,3927117,3
2026-09-20T11:17:33.872034+00:00,30840,1008631,3927516,3
2026-09-20T11:17:33.906549+00:00,30841,1008657,3927912,3
2026-09-20T11:17:33.919486+00:00,30842,1008682,3927792,3
2026-09-20T11:17:33.951485+00:00,30843,1008707,3927542,3
2026-09-20T11:17:33.967487+00:00,30844,1008732,3927953,3
2026-09-20T11:17:33.999483+00:00,30845,1008757,3928894,3
2026-09-20T11:17:34.031497+00:00,30846,1008782,3929550,3
2026-09-20T11:17:34.047589+00:00,30847,1008808,3928952,3
2026-09-20T11:17:34.079490+00:00,30848,1008833,3929277,3
2026-09-20T11:17:34.095487+00:00,30849,1008858,3930091,3
2026-09-20T11:17:34.127394+00:00,30850,1008883,3929460,3
2026-09-20T11:17:34.143556+00:00,30851,1008908,3927621,3
2026-09-20T11:17:34.175574+00:00,30852,1008934,3926849,3
2026-09-20T11:17:34.207490+00:00,30853,1008959,3927295,3
2026-09-20T11:17:34.223449+00:00,30854,1008984,3927889,3
2026-09-20T11:17:34.255498+00:00,30855,1009009,3925063,3
2026-09-20T11:17:34.271621+00:00,30856,1009034,3924447,3
2026-09-20T11:17:34.304665+00:00,30857,1009059,3927027,3
2026-09-20T11:17:34.319480+00:00,30858,1009085,3928710,3
2026-09-20T11:17:34.352788+00:00,30859,1009110,3930480,3
2026-09-20T11:17:34.383505+00:00,30860,1009135,3930113,3
2026-09-20T11:17:34.399465+00:00,30861,1009160,3928869,3
2026-09-20T11:17:34.432535+00:00,30862,1009185,3928955,3
2026-09-20T11:17:34.448501+00:00,30863,1009211,3928567,3
2026-09-20T11:17:34.479517+00:00,30864,1009236,3927929,3
2026-09-20T11:17:34.495486+00:00,30865,1009261,3928126,3
2026-09-20T11:17:34.527476+00:00,30866,1009286,3929142,3
2026-09-20T11:17:34.559451+00:00,30867,1009311,3929978,3
2026-09-20T11:17:34.575470+00:00,30868,1009337,3929846,3
2026-09-20T11:17:34.607476+00:00,30869,1009362,3929192,3
2026-09-20T11:17:34.625261+00:00,30870,1009387,3928306,3
2026-09-20T11:17:34.656501+00:00,30871,1009412,3928387,3
2026-09-20T11:17:34.673586+00:00,30872,1009437,3928442,3
2026-09-20T11:17:34.703702+00:00,30873,1009462,3928520,3
2026-09-20T11:17:34.735704+00:00,30874,1009488,3928845,3
2026-09-20T11:17:34.751704+00:00,30875,1009513,3929546,3
2026-09-20T11:17:34.783704+00:00,30876,1009538,3929846,3
2026-09-20T11:17:34.799704+00:00,30877,1009563,3929351,3
2026-09-20T11:17:34.831702+00:00,30878,1009588,3928950,3
2026-09-20T11:17:34.847703+00:00,30879,1009614,3928616,3
2026-09-20T11:17:34.879500+00:00,30880,1009639,3928806,3
2026-09-20T11:17:34.911487+00:00,30881,1009664,3929003,3
2026-09-20T11:17:34.927465+00:00,30882,1009689,3929379,3
2026-09-20T11:17:34.959469+00:00,30883,1009714,3930186,3
2026-09-20T11:17:34.975488+00:00,30884,1009739,3930350,3
2026-09-20T11:17:35.007575+00:00,30885,1009765,3929769,3
2026-09-20T11:17:35.023467+00:00,30886,1009790,3929842,3
2026-09-20T11:17:35.055930+00:00,30887,1009815,3930279,3
2026-09-20T11:17:35.087473+00:00,30888,1009840,3930841,3
2026-09-20T11:17:35.103479+00:00,30889,1009865,3931657,3
2026-09-20T11:17:35.135466+00:00,30890,1009891,3931746,3
2026-09-20T11:17:35.151469+00:00,30891,1009916,3931377,3
2026-09-20T11:17:35.183451+00:00,30892,1009941,3931521,3
2026-09-20T11:17:35.199470+00:00,30893,1009966,3931104,3
2026-09-20T11:17:35.231465+00:00,30894,1009991,3930391,3
2026-09-20T11:17:35.263454+00:00,30895,1010017,3930782,3
2026-09-20T11:17:35.279868+00:00,30896,1010042,3930810,3
2026-09-20T11:17:35.312489+00:00,30897,1010067,3931173,3
2026-09-20T11:17:35.327387+00:00,30898,1010092,3931155,3
2026-09-20T11:17:35.359468+00:00,30899,1010117,3930994,3
2026-09-20T11:17:35.391464+00:00,30900,1010142,3930731,3
2026-09-20T11:17:35.408649+00:00,30901,1010168,3930463,3
2026-09-20T11:17:35.440837+00:00,30902,1010193,3930677,3
2026-09-20T11:17:35.456474+00:00,30903,1010218,3931368,3
2026-09-20T11:17:35.487469+00:00,30904,1010243,3931130,3
2026-09-20T11:17:35.504524+00:00,30905,1010268,3930631,3
2026-09-20T11:17:35.535474+00:00,30906,1010294,3930605,3
2026-09-20T11:17:35.567745+00:00,30907,1010319,3930711,3
2026-09-20T11:17:35.584665+00:00,30908,1010344,3930297,3
2026-09-20T11:17:35.615459+00:00,30909,1010369,3930069,3
2026-09-20T11:17:35.631417+00:00,30910,1010394,3931242,3
2026-09-20T11:17:35.663458+00:00,30911,1010419,3931482,3
2026-09-20T11:17:35.679795+00:00,30912,1010445,3929949,3
2026-09-20T11:17:35.712000+00:00,30913,1010470,3928939,3
2026-09-20T11:17:35.743001+00:00,30914,1010495,3929149,3
2026-09-20T11:17:35.760087+00:00,30915,1010520,3929351,3
2026-09-20T11:17:35.792000+00:00,30916,1010545,3928531,3
2026-09-20T11:17:35.808004+00:00,30917,1010571,3926395,3
2026-09-20T11:17:35.839999+00:00,30918,1010596,3925891,3
2026-09-20T11:17:35.856000+00:00,30919,1010621,3927141,3
2026-09-20T11:17:35.887455+00:00,30920,1010646,3928437,3
2026-09-20T11:17:35.919437+00:00,30921,1010671,3928301,3
2026-09-20T11:17:35.935505+00:00,30922,1010697,3926975,3
2026-09-20T11:17:35.967448+00:00,30923,1010722,3927429,3
2026-09-20T11:17:35.983438+00:00,30924,1010747,3928335,3
2026-09-20T11:17:36.015452+00:00,30925,1010772,3927852,3
2026-09-20T11:17:36.031474+00:00,30926,1010797,3927146,3
2026-09-20T11:17:36.064751+00:00,30927,1010822,3927009,3
2026-09-20T11:17:36.096593+00:00,30928,1010848,3926784,3
2026-09-20T11:17:36.111448+00:00,30929,1010873,3928024,3
2026-09-20T11:17:36.143429+00:00,30930,1010898,3929515,3
2026-09-20T11:17:36.145834+00:00,30931,1010923,3930709,3
2026-09-20T11:17:36.186120+00:00,30932,1010948,3930089,3
2026-09-20T11:17:36.193300+00:00,30933,1010974,3929277,3
2026-09-20T11:17:36.240215+00:00,30934,1010999,3929844,3
2026-09-20T11:17:36.272579+00:00,30935,1011024,3932448,3
2026-09-20T11:17:36.287603+00:00,30936,1011049,3937911,3
2026-09-20T11:17:36.319802+00:00,30937,1011074,3947538,3
2026-09-20T11:17:36.335436+00:00,30938,1011100,3960484,3
2026-09-20T11:17:36.368474+00:00,30939,1011125,3969767,3
2026-09-20T11:17:36.383392+00:00,30940,1011150,3974304,3
2026-09-20T11:17:36.415465+00:00,30941,1011175,3980789,3
2026-09-20T11:17:36.447494+00:00,30942,1011200,4005336,3
2026-09-20T11:17:36.463420+00:00,30943,1011225,4029842,3
2026-09-20T11:17:36.496282+00:00,30944,1011251,4027924,3
2026-09-20T11:17:36.512485+00:00,30945,1011276,4020163,3
2026-09-20T11:17:36.543204+00:00,30946,1011301,4027401,3
2026-09-20T11:17:36.559452+00:00,30947,1011326,4032424,3
2026-09-20T11:17:36.591575+00:00,30948,1011351,4003304,3
2026-09-20T11:17:36.625299+00:00,30949,1011377,3972703,3
2026-09-20T11:17:36.640447+00:00,30950,1011402,3956487,3
2026-09-20T11:17:36.672448+00:00,30951,1011427,3950942,3
2026-09-20T11:17:36.688900+00:00,30952,1011452,3951820,3
2026-09-20T11:17:36.720453+00:00,30953,1011477,3951269,3
2026-09-20T11:17:36.751452+00:00,30954,1011502,3948276,3
2026-09-20T11:17:36.768453+00:00,30955,1011528,3943877,3
2026-09-20T11:17:36.802842+00:00,30956,1011553,3939897,3
2026-09-20T11:17:36.818495+00:00,30957,1011578,3933272,3
2026-09-20T11:17:36.848607+00:00,30958,1011603,3926791,3
2026-09-20T11:17:36.864467+00:00,30959,1011628,3921496,3
2026-09-20T11:17:36.896464+00:00,30960,1011654,3917086,3
2026-09-20T11:17:36.927451+00:00,30961,1011679,3919032,3
2026-09-20T11:17:36.943399+00:00,30962,1011704,3925784,3
2026-09-20T11:17:36.975411+00:00,30963,1011729,3926834,3
2026-09-20T11:17:36.991368+00:00,30964,1011754,3922530,3
2026-09-20T11:17:37.024117+00:00,30965,1011780,3915555,3
2026-09-20T11:17:37.039483+00:00,30966,1011805,3911416,3
2026-09-20T11:17:37.072462+00:00,30967,1011830,3910316,3
2026-09-20T11:17:37.103419+00:00,30968,1011855,3911938,3
2026-09-20T11:17:37.120452+00:00,30969,1011880,3912385,3
2026-09-20T11:17:37.151416+00:00,30970,1011905,3911892,3
2026-09-20T11:17:37.167412+00:00,30971,1011931,3910601,3
2026-09-20T11:17:37.200221+00:00,30972,1011956,3907355,3
2026-09-20T11:17:37.215416+00:00,30973,1011981,3902327,3
2026-09-20T11:17:37.247411+00:00,30974,1012006,3902274,3
2026-09-20T11:17:37.279409+00:00,30975,1012031,3906038,3
2026-09-20T11:17:37.295422+00:00,30976,1012057,3908904,3
2026-09-20T11:17:37.327241+00:00,30977,1012082,3906469,3
2026-09-20T11:17:37.343274+00:00,30978,1012107,3900350,3
2026-09-20T11:17:37.375429+00:00,30979,1012132,3888348,3
2026-09-20T11:17:37.391460+00:00,30980,1012157,3856299,3
2026-09-20T11:17:37.423636+00:00,30981,1012182,3793242,3
2026-09-20T11:17:37.455401+00:00,30982,1012208,3702619,3
2026-09-20T11:17:37.471401+00:00,30983,1012233,3625951,3
2026-09-20T11:17:37.504444+00:00,30984,1012258,3611448,3
2026-09-20T11:17:37.519458+00:00,30985,1012283,3659436,3
2026-09-20T11:17:37.552649+00:00,30986,1012308,3736669,3
2026-09-20T11:17:37.567452+00:00,30987,1012334,3802245,3
2026-09-20T11:17:37.599439+00:00,30988,1012359,3844870,3
2026-09-20T11:17:37.632606+00:00,30989,1012384,3873687,3
2026-09-20T11:17:37.647440+00:00,30990,1012409,3889877,3
2026-09-20T11:17:37.680442+00:00,30991,1012434,3899145,3
2026-09-20T11:17:37.696612+00:00,30992,1012459,3906822,3
2026-09-20T11:17:37.727442+00:00,30993,1012485,3912546,3
2026-09-20T11:17:37.745492+00:00,30994,1012510,3916688,3
2026-09-20T11:17:37.776465+00:00,30995,1012535,3918978,3
2026-09-20T11:17:37.808530+00:00,30996,1012560,3919892,3
2026-09-20T11:17:37.824468+00:00,30997,1012585,3921308,3
2026-09-20T11:17:37.856441+00:00,30998,1012611,3922834,3
2026-09-20T11:17:37.873443+00:00,30999,1012636,3924622,3
2026-09-20T11:17:37.937442+00:00,31000,1012691,3925564,3
2026-09-20T11:17:37.951465+00:00,31001,1012711,3926360,3
2026-09-20T11:17:37.983442+00:00,31002,1012736,3926898,3
2026-09-20T11:17:38.000584+00:00,31003,1012762,3926308,3
2026-09-20T11:17:38.032585+00:00,31004,1012787,3926490,3
2026-09-20T11:17:38.047403+00:00,31005,1012812,3927494,3
2026-09-20T11:17:38.079367+00:00,31006,1012837,3927760,3
2026-09-20T11:17:38.096614+00:00,31007,1012862,3927673,3
2026-09-20T11:17:38.128923+00:00,31008,1012888,3927786,3
2026-09-20T11:17:38.159403+00:00,31009,1012913,3927865,3
2026-09-20T11:17:38.175355+00:00,31010,1012938,3928581,3
2026-09-20T11:17:38.207615+00:00,31011,1012963,3928565,3
2026-09-20T11:17:38.223411+00:00,31012,1012988,3928644,3
2026-09-20T11:17:38.256450+00:00,31013,1013013,3929061,3
2026-09-20T11:17:38.287436+00:00,31014,1013039,3928944,3
2026-09-20T11:17:38.303391+00:00,31015,1013064,3928497,3
2026-09-20T11:17:38.336169+00:00,31016,1013089,3928415,3
2026-09-20T11:17:38.351381+00:00,31017,1013114,3928974,3
2026-09-20T11:17:38.383372+00:00,31018,1013139,3928994,3
2026-09-20T11:17:38.399374+00:00,31019,1013165,3928506,3
2026-09-20T11:17:38.431389+00:00,31020,1013190,3927855,3
2026-09-20T11:17:38.463372+00:00,31021,1013215,3927708,3
2026-09-20T11:17:38.480408+00:00,31022,1013240,3928492,3
2026-09-20T11:17:38.511595+00:00,31023,1013265,3929032,3
2026-09-20T11:17:38.527360+00:00,31024,1013291,3929161,3
2026-09-20T11:17:38.561635+00:00,31025,1013316,3928966,3
2026-09-20T11:17:38.577879+00:00,31026,1013341,3929483,3
2026-09-20T11:17:38.607606+00:00,31027,1013366,3930389,3
2026-09-20T11:17:38.638902+00:00,31028,1013391,3930310,3
2026-09-20T11:17:38.657486+00:00,31029,1013416,3929542,3
2026-09-20T11:17:38.687377+00:00,31030,1013442,3929458,3
2026-09-20T11:17:38.704478+00:00,31031,1013467,3930602,3
2026-09-20T11:17:38.736428+00:00,31032,1013492,3930849,3
2026-09-20T11:17:38.751434+00:00,31033,1013517,3930500,3
2026-09-20T11:17:38.783430+00:00,31034,1013542,3930729,3
2026-09-20T11:17:38.815423+00:00,31035,1013568,3931383,3
2026-09-20T11:17:38.831422+00:00,31036,1013593,3930637,3
2026-09-20T11:17:38.864424+00:00,31037,1013618,3930381,3
2026-09-20T11:17:38.879413+00:00,31038,1013643,3930976,3
2026-09-20T11:17:38.911368+00:00,31039,1013668,3930720,3
2026-09-20T11:17:38.927356+00:00,31040,1013693,3930172,3
2026-09-20T11:17:38.959378+00:00,31041,1013719,3930107,3
2026-09-20T11:17:38.991936+00:00,31042,1013744,3930160,3
2026-09-20T11:17:39.008598+00:00,31043,1013769,3930148,3
2026-09-20T11:17:39.039608+00:00,31044,1013794,3930420,3
2026-09-20T11:17:39.056381+00:00,31045,1013819,3930422,3
2026-09-20T11:17:39.088461+00:00,31046,1013845,3930646,3
2026-09-20T11:17:39.104467+00:00,31047,1013870,3930868,3
2026-09-20T11:17:39.135680+00:00,31048,1013895,3930464,3
2026-09-20T11:17:39.167379+00:00,31049,1013920,3930117,3
2026-09-20T11:17:39.183388+00:00,31050,1013945,3930236,3
2026-09-20T11:17:39.224688+00:00,31051,1013970,3931023,3
2026-09-20T11:17:39.232564+00:00,31052,1013996,3931266,3
2026-09-20T11:17:39.264412+00:00,31053,1014021,3930658,3
2026-09-20T11:17:39.280677+00:00,31054,1014046,3929774,3
2026-09-20T11:17:39.311352+00:00,31055,1014071,3930454,3
2026-09-20T11:17:39.343361+00:00,31056,1014096,3931180,3
2026-09-20T11:17:39.359361+00:00,31057,1014122,3931342,3
2026-09-20T11:17:39.391350+00:00,31058,1014147,3931318,3
2026-09-20T11:17:39.407356+00:00,31059,1014172,3931120,3
2026-09-20T11:17:39.440939+00:00,31060,1014197,3931164,3
2026-09-20T11:17:39.457390+00:00,31061,1014222,3930914,3
2026-09-20T11:17:39.487375+00:00,31062,1014247,3930639,3
2026-09-20T11:17:39.519372+00:00,31063,1014273,3930680,3
2026-09-20T11:17:39.535357+00:00,31064,1014298,3930388,3
2026-09-20T11:17:39.567357+00:00,31065,1014323,3930095,3
2026-09-20T11:17:39.583357+00:00,31066,1014348,3930098,3
2026-09-20T11:17:39.615374+00:00,31067,1014373,3930511,3
2026-09-20T11:17:39.631345+00:00,31068,1014399,3931290,3
2026-09-20T11:17:39.663348+00:00,31069,1014424,3930862,3
2026-09-20T11:17:39.695361+00:00,31070,1014449,3930832,3
2026-09-20T11:17:39.713383+00:00,31071,1014474,3931932,3
2026-09-20T11:17:39.743381+00:00,31072,1014499,3931250,3
2026-09-20T11:17:39.759406+00:00,31073,1014525,3930987,3
2026-09-20T11:17:39.791433+00:00,31074,1014550,3930736,3
2026-09-20T11:17:39.823382+00:00,31075,1014575,3930773,3
2026-09-20T11:17:39.840384+00:00,31076,1014600,3931821,3
2026-09-20T11:17:39.872543+00:00,31077,1014625,3931495,3
2026-09-20T11:17:39.887358+00:00,31078,1014650,3931298,3
2026-09-20T11:17:39.919350+00:00,31079,1014676,3931603,3
2026-09-20T11:17:39.935349+00:00,31080,1014701,3931672,3
2026-09-20T11:17:39.967360+00:00,31081,1014726,3932292,3
2026-09-20T11:17:39.999384+00:00,31082,1014751,3932510,3
2026-09-20T11:17:40.015348+00:00,31083,1014776,3932350,3
2026-09-20T11:17:40.047346+00:00,31084,1014802,3932179,3
2026-09-20T11:17:40.063347+00:00,31085,1014827,3932255,3
2026-09-20T11:17:40.095368+00:00,31086,1014852,3932505,3
2026-09-20T11:17:40.111344+00:00,31087,1014877,3933231,3
2026-09-20T11:17:40.143348+00:00,31088,1014902,3933472,3
2026-09-20T11:17:40.175316+00:00,31089,1014927,3933984,3
2026-09-20T11:17:40.191365+00:00,31090,1014953,3934982,3
2026-09-20T11:17:40.223948+00:00,31091,1014978,3935294,3
2026-09-20T11:17:40.240006+00:00,31092,1015003,3934725,3
2026-09-20T11:17:40.272388+00:00,31093,1015028,3934524,3
2026-09-20T11:17:40.287329+00:00,31094,1015053,3935236,3
2026-09-20T11:17:40.319346+00:00,31095,1015079,3936011,3
2026-09-20T11:17:40.351265+00:00,31096,1015104,3935926,3
2026-09-20T11:17:40.370391+00:00,31097,1015129,3938305,3
2026-09-20T11:17:40.399352+00:00,31098,1015154,3940420,3
2026-09-20T11:17:40.415340+00:00,31099,1015179,3942598,3
2026-09-20T11:17:40.447320+00:00,31100,1015204,3943908,3
2026-09-20T11:17:40.463348+00:00,31101,1015230,3945255,3
2026-09-20T11:17:40.495330+00:00,31102,1015255,3947366,3
2026-09-20T11:17:40.527757+00:00,31103,1015280,3954078,3
2026-09-20T11:17:40.544110+00:00,31104,1015305,3962122,3
2026-09-20T11:17:40.576274+00:00,31105,1015330,3969716,3
2026-09-20T11:17:40.592334+00:00,31106,1015356,3977434,3
2026-09-20T11:17:40.624259+00:00,31107,1015381,3986383,3
2026-09-20T11:17:40.639243+00:00,31108,1015406,3996438,3
2026-09-20T11:17:40.672389+00:00,31109,1015431,3998324,3
2026-09-20T11:17:40.704441+00:00,31110,1015456,3989717,3
2026-09-20T11:17:40.720434+00:00,31111,1015481,3980152,3
2026-09-20T11:17:40.751434+00:00,31112,1015507,3977472,3
2026-09-20T11:17:40.767431+00:00,31113,1015532,3980517,3
2026-09-20T11:17:40.799431+00:00,31114,1015557,3982258,3
2026-09-20T11:17:40.815431+00:00,31115,1015582,3985983,3
2026-09-20T11:17:40.847432+00:00,31116,1015607,3994370,3
2026-09-20T11:17:40.879118+00:00,31117,1015633,3994094,3
2026-09-20T11:17:40.895304+00:00,31118,1015658,3981814,3
2026-09-20T11:17:40.927315+00:00,31119,1015683,3967069,3
2026-09-20T11:17:40.944562+00:00,31120,1015708,3958098,3
2026-09-20T11:17:40.975334+00:00,31121,1015733,3952310,3
2026-09-20T11:17:40.991307+00:00,31122,1015758,3947402,3
2026-09-20T11:17:41.023791+00:00,31123,1015784,3943295,3
2026-09-20T11:17:41.055314+00:00,31124,1015809,3936721,3
2026-09-20T11:17:41.072377+00:00,31125,1015834,3930330,3
2026-09-20T11:17:41.103323+00:00,31126,1015859,3931530,3
2026-09-20T11:17:41.119350+00:00,31127,1015884,3931262,3
2026-09-20T11:17:41.151299+00:00,31128,1015910,3924613,3
2026-09-20T11:17:41.168425+00:00,31129,1015935,3919712,3
2026-09-20T11:17:41.199321+00:00,31130,1015960,3920342,3
2026-09-20T11:17:41.224634+00:00,31131,1015985,3921564,3
2026-09-20T11:17:41.240143+00:00,31132,1016010,3919094,3
2026-09-20T11:17:41.279316+00:00,31133,1016035,3916329,3
2026-09-20T11:17:41.295300+00:00,31134,1016061,3914376,3
2026-09-20T11:17:41.327285+00:00,31135,1016086,3909350,3
2026-09-20T11:17:41.343305+00:00,31136,1016111,3905626,3
2026-09-20T11:17:41.375300+00:00,31137,1016136,3900580,3
2026-09-20T11:17:41.408646+00:00,31138,1016161,3876984,3
2026-09-20T11:17:41.423348+00:00,31139,1016187,3819576,3
2026-09-20T11:17:41.457128+00:00,31140,1016212,3731999,3
2026-09-20T11:17:41.471455+00:00,31141,1016237,3666689,3
2026-09-20T11:17:41.504692+00:00,31142,1016262,3663603,3
2026-09-20T11:17:41.535346+00:00,31143,1016287,3717697,3
2026-09-20T11:17:41.553457+00:00,31144,1016312,3786034,3
2026-09-20T11:17:41.583309+00:00,31145,1016338,3836280,3
2026-09-20T11:17:41.599301+00:00,31146,1016363,3869160,3
2026-09-20T11:17:41.631140+00:00,31147,1016388,3889869,3
2026-09-20T11:17:41.647084+00:00,31148,1016413,3903435,3
2026-09-20T11:17:41.680321+00:00,31149,1016438,3911468,3
2026-09-20T11:17:41.711698+00:00,31150,1016464,3916871,3
2026-09-20T11:17:41.727659+00:00,31151,1016489,3919935,3
2026-09-20T11:17:41.759659+00:00,31152,1016514,3921633,3
2026-09-20T11:17:41.775661+00:00,31153,1016539,3924403,3
2026-09-20T11:17:41.807662+00:00,31154,1016564,3926341,3
2026-09-20T11:17:41.824660+00:00,31155,1016589,3926088,3
2026-09-20T11:17:41.856665+00:00,31156,1016615,3926359,3
2026-09-20T11:17:41.887292+00:00,31157,1016640,3927043,3
2026-09-20T11:17:41.903287+00:00,31158,1016665,3927299,3
2026-09-20T11:17:41.935293+00:00,31159,1016690,3928355,3
2026-09-20T11:17:41.951305+00:00,31160,1016715,3929750,3
2026-09-20T11:17:41.983291+00:00,31161,1016741,3930102,3
2026-09-20T11:17:41.999291+00:00,31162,1016766,3930211,3
2026-09-20T11:17:42.031284+00:00,31163,1016791,3931125,3
2026-09-20T11:17:42.064313+00:00,31164,1016816,3932093,3
2026-09-20T11:17:42.079298+00:00,31165,1016841,3932258,3
2026-09-20T11:17:42.111202+00:00,31166,1016866,3932452,3
2026-09-20T11:17:42.127269+00:00,31167,1016892,3931536,3
2026-09-20T11:17:42.159271+00:00,31168,1016917,3930818,3
2026-09-20T11:17:42.176053+00:00,31169,1016942,3930239,3
2026-09-20T11:17:42.208190+00:00,31170,1016967,3931016,3
2026-09-20T11:17:42.240347+00:00,31171,1016992,3931398,3
2026-09-20T11:17:42.255297+00:00,31172,1017018,3931271,3
2026-09-20T11:17:42.287293+00:00,31173,1017043,3930454,3
2026-09-20T11:17:42.303280+00:00,31174,1017068,3930661,3
2026-09-20T11:17:42.335284+00:00,31175,1017093,3931569,3
2026-09-20T11:17:42.351297+00:00,31176,1017118,3932110,3
2026-09-20T11:17:42.383281+00:00,31177,1017143,3932475,3
2026-09-20T11:17:42.416521+00:00,31178,1017169,3933782,3
2026-09-20T11:17:42.434110+00:00,31179,1017194,3933877,3
2026-09-20T11:17:42.463262+00:00,31180,1017219,3933055,3
2026-09-20T11:17:42.479274+00:00,31181,1017244,3933367,3
2026-09-20T11:17:42.511271+00:00,31182,1017269,3933980,3
2026-09-20T11:17:42.527290+00:00,31183,1017295,3933031,3
2026-09-20T11:17:42.560282+00:00,31184,1017320,3932309,3
2026-09-20T11:17:42.593663+00:00,31185,1017345,3931812,3
2026-09-20T11:17:42.608670+00:00,31186,1017370,3930944,3
2026-09-20T11:17:42.639448+00:00,31187,1017395,3931217,3
2026-09-20T11:17:42.655282+00:00,31188,1017420,3931987,3
2026-09-20T11:17:42.687288+00:00,31189,1017446,3931852,3
2026-09-20T11:17:42.703285+00:00,31190,1017471,3931573,3
2026-09-20T11:17:42.735309+00:00,31191,1017496,3930958,3
2026-09-20T11:17:42.767309+00:00,31192,1017521,3931321,3
2026-09-20T11:17:42.783314+00:00,31193,1017546,3932941,3
2026-09-20T11:17:42.815310+00:00,31194,1017572,3933180,3
2026-09-20T11:17:42.831309+00:00,31195,1017597,3932294,3
2026-09-20T11:17:42.863310+00:00,31196,1017622,3931376,3
2026-09-20T11:17:42.880051+00:00,31197,1017647,3930164,3
2026-09-20T11:17:42.911268+00:00,31198,1017672,3929496,3
2026-09-20T11:17:42.943269+00:00,31199,1017698,3930259,3
2026-09-20T11:17:42.959257+00:00,31200,1017723,3932064,3
2026-09-20T11:17:42.990964+00:00,31201,1017748,3932088,3
2026-09-20T11:17:43.007342+00:00,31202,1017773,3930967,3
2026-09-20T11:17:43.039902+00:00,31203,1017798,3931065,3
2026-09-20T11:17:43.071280+00:00,31204,1017823,3932398,3
2026-09-20T11:17:43.087122+00:00,31205,1017849,3933136,3
2026-09-20T11:17:43.119282+00:00,31206,1017874,3933963,3
2026-09-20T11:17:43.135240+00:00,31207,1017899,3933356,3
2026-09-20T11:17:43.167262+00:00,31208,1017924,3933589,3
2026-09-20T11:17:43.183930+00:00,31209,1017949,3933613,3
2026-09-20T11:17:43.215261+00:00,31210,1017975,3932976,3
2026-09-20T11:17:43.247265+00:00,31211,1018000,3932543,3
2026-09-20T11:17:43.263262+00:00,31212,1018025,3931698,3
2026-09-20T11:17:43.295258+00:00,31213,1018050,3932386,3
2026-09-20T11:17:43.311257+00:00,31214,1018075,3932578,3
2026-09-20T11:17:43.342989+00:00,31215,1018100,3933514,3
2026-09-20T11:17:43.359920+00:00,31216,1018126,3936301,3
2026-09-20T11:17:43.391997+00:00,31217,1018151,3937141,3
2026-09-20T11:17:43.424639+00:00,31218,1018176,3935486,3
2026-09-20T11:17:43.441010+00:00,31219,1018201,3935759,3
2026-09-20T11:17:43.471266+00:00,31220,1018226,3937758,3
2026-09-20T11:17:43.487260+00:00,31221,1018252,3942130,3
2026-09-20T11:17:43.521381+00:00,31222,1018277,3951748,3
2026-09-20T11:17:43.536280+00:00,31223,1018302,3957855,3
2026-09-20T11:17:43.567311+00:00,31224,1018327,3966632,3
2026-09-20T11:17:43.601356+00:00,31225,1018352,3978435,3
2026-09-20T11:17:43.615244+00:00,31226,1018377,3986096,3
2026-09-20T11:17:43.647249+00:00,31227,1018403,3993059,3
2026-09-20T11:17:43.663257+00:00,31228,1018428,4002260,3
2026-09-20T11:17:43.695360+00:00,31229,1018453,4008140,3
2026-09-20T11:17:43.711363+00:00,31230,1018478,4007035,3
2026-09-20T11:17:43.743359+00:00,31231,1018503,4004074,3
2026-09-20T11:17:43.775357+00:00,31232,1018529,3998636,3
2026-09-20T11:17:43.791358+00:00,31233,1018554,3990128,3
2026-09-20T11:17:43.824358+00:00,31234,1018579,3981558,3
2026-09-20T11:17:43.840357+00:00,31235,1018604,3973156,3
2026-09-20T11:17:43.871244+00:00,31236,1018629,3969526,3
2026-09-20T11:17:43.887252+00:00,31237,1018655,3968221,3
2026-09-20T11:17:43.920678+00:00,31238,1018680,3959954,3
2026-09-20T11:17:43.951238+00:00,31239,1018705,3948042,3
2026-09-20T11:17:43.967332+00:00,31240,1018730,3940260,3
2026-09-20T11:17:43.999254+00:00,31241,1018755,3934574,3
2026-09-20T11:17:44.015264+00:00,31242,1018780,3930288,3
2026-09-20T11:17:44.047249+00:00,31243,1018806,3926148,3
2026-09-20T11:17:44.063241+00:00,31244,1018831,3922641,3
2026-09-20T11:17:44.095250+00:00,31245,1018856,3921806,3
2026-09-20T11:17:44.127161+00:00,31246,1018881,3920078,3
2026-09-20T11:17:44.143227+00:00,31247,1018906,3915866,3
2026-09-20T11:17:44.175989+00:00,31248,1018932,3916500,3
2026-09-20T11:17:44.191282+00:00,31249,1018957,3921186,3
2026-09-20T11:17:44.223271+00:00,31250,1018982,3922214,3
2026-09-20T11:17:44.239939+00:00,31251,1019007,3920472,3
2026-09-20T11:17:44.271255+00:00,31252,1019032,3918894,3
2026-09-20T11:17:44.303251+00:00,31253,1019057,3921231,3
2026-09-20T11:17:44.320320+00:00,31254,1019083,3921762,3
2026-09-20T11:17:44.351235+00:00,31255,1019108,3919543,3
2026-09-20T11:17:44.367235+00:00,31256,1019133,3919712,3
2026-09-20T11:17:44.399244+00:00,31257,1019158,3921463,3
2026-09-20T11:17:44.415235+00:00,31258,1019183,3919984,3
2026-09-20T11:17:44.449315+00:00,31259,1019209,3918589,3
2026-09-20T11:17:44.480435+00:00,31260,1019234,3918981,3
2026-09-20T11:17:44.495247+00:00,31261,1019259,3917472,3
2026-09-20T11:17:44.527231+00:00,31262,1019284,3914905,3
2026-09-20T11:17:44.543225+00:00,31263,1019309,3913859,3
2026-09-20T11:17:44.575535+00:00,31264,1019334,3902531,3
2026-09-20T11:17:44.607624+00:00,31265,1019360,3867888,3
2026-09-20T11:17:44.624026+00:00,31266,1019385,3809083,3
2026-09-20T11:17:44.657021+00:00,31267,1019410,3755628,3
2026-09-20T11:17:44.672085+00:00,31268,1019435,3732509,3
2026-09-20T11:17:44.705321+00:00,31269,1019460,3744923,3
2026-09-20T11:17:44.721316+00:00,31270,1019486,3782418,3
2026-09-20T11:17:44.751314+00:00,31271,1019511,3828391,3
2026-09-20T11:17:44.783315+00:00,31272,1019536,3865066,3
2026-09-20T11:17:44.799316+00:00,31273,1019561,3890550,3
2026-09-20T11:17:44.831315+00:00,31274,1019586,3907528,3
2026-09-20T11:17:44.847329+00:00,31275,1019611,3914911,3
2026-09-20T11:17:44.880502+00:00,31276,1019637,3920659,3
2026-09-20T11:17:44.898765+00:00,31277,1019662,3923407,3
2026-09-20T11:17:44.930588+00:00,31278,1019687,3925147,3
2026-09-20T11:17:44.961572+00:00,31279,1019712,3926317,3
2026-09-20T11:17:44.975977+00:00,31280,1019737,3926703,3
2026-09-20T11:17:45.008239+00:00,31281,1019763,3928056,3
2026-09-20T11:17:45.023300+00:00,31282,1019788,3929241,3
2026-09-20T11:17:45.056235+00:00,31283,1019813,3929766,3
2026-09-20T11:17:45.071213+00:00,31284,1019838,3930277,3
2026-09-20T11:17:45.103251+00:00,31285,1019863,3931918,3
2026-09-20T11:17:45.135439+00:00,31286,1019889,3933173,3
2026-09-20T11:17:45.151224+00:00,31287,1019914,3933336,3
2026-09-20T11:17:45.183228+00:00,31288,1019939,3933245,3
2026-09-20T11:17:45.199214+00:00,31289,1019964,3934033,3
2026-09-20T11:17:45.231240+00:00,31290,1019989,3934829,3
2026-09-20T11:17:45.247211+00:00,31291,1020014,3934121,3
2026-09-20T11:17:45.279107+00:00,31292,1020040,3933831,3
2026-09-20T11:17:45.311198+00:00,31293,1020065,3933769,3
2026-09-20T11:17:45.327088+00:00,31294,1020090,3934333,3
2026-09-20T11:17:45.359205+00:00,31295,1020115,3935871,3
2026-09-20T11:17:45.375635+00:00,31296,1020140,3936500,3
2026-09-20T11:17:45.407508+00:00,31297,1020166,3934158,3
2026-09-20T11:17:45.423486+00:00,31298,1020191,3932193,3
2026-09-20T11:17:45.456021+00:00,31299,1020216,3931911,3
2026-09-20T11:17:45.488397+00:00,31300,1020241,3931996,3
2026-09-20T11:17:45.504436+00:00,31301,1020266,3932711,3
2026-09-20T11:17:45.535209+00:00,31302,1020291,3932959,3
2026-09-20T11:17:45.552249+00:00,31303,1020317,3933559,3
2026-09-20T11:17:45.603807+00:00,31304,1020342,3934450,3
2026-09-20T11:17:45.614889+00:00,31305,1020367,3934606,3
2026-09-20T11:17:45.631897+00:00,31306,1020392,3934894,3
2026-09-20T11:17:45.662995+00:00,31307,1020417,3935345,3
2026-09-20T11:17:45.679268+00:00,31308,1020443,3935611,3
2026-09-20T11:17:45.711836+00:00,31309,1020468,3935296,3
2026-09-20T11:17:45.727750+00:00,31310,1020493,3935339,3
2026-09-20T11:17:45.759749+00:00,31311,1020518,3935197,3
2026-09-20T11:17:45.775840+00:00,31312,1020543,3935187,3
2026-09-20T11:17:45.807772+00:00,31313,1020568,3935160,3
2026-09-20T11:17:45.840748+00:00,31314,1020594,3935265,3
2026-09-20T11:17:45.856748+00:00,31315,1020619,3935677,3
2026-09-20T11:17:45.888343+00:00,31316,1020644,3935212,3
2026-09-20T11:17:45.903184+00:00,31317,1020669,3935052,3
2026-09-20T11:17:45.935178+00:00,31318,1020694,3934241,3
2026-09-20T11:17:45.951045+00:00,31319,1020720,3933129,3
2026-09-20T11:17:45.983187+00:00,31320,1020745,3933566,3
2026-09-20T11:17:46.015203+00:00,31321,1020770,3934038,3
2026-09-20T11:17:46.031167+00:00,31322,1020795,3933734,3
2026-09-20T11:17:46.063202+00:00,31323,1020820,3933209,3
2026-09-20T11:17:46.079232+00:00,31324,1020845,3933145,3
2026-09-20T11:17:46.111187+00:00,31325,1020871,3933297,3
2026-09-20T11:17:46.143198+00:00,31326,1020896,3933046,3
2026-09-20T11:17:46.159570+00:00,31327,1020921,3932289,3
2026-09-20T11:17:46.191257+00:00,31328,1020946,3931539,3
2026-09-20T11:17:46.207642+00:00,31329,1020971,3930571,3
2026-09-20T11:17:46.240559+00:00,31330,1020997,3931661,3
2026-09-20T11:17:46.257246+00:00,31331,1021022,3932118,3
2026-09-20T11:17:46.289115+00:00,31332,1021047,3932187,3
2026-09-20T11:17:46.319401+00:00,31333,1021072,3932729,3
2026-09-20T11:17:46.337560+00:00,31334,1021097,3933004,3
2026-09-20T11:17:46.367726+00:00,31335,1021122,3932758,3
2026-09-20T11:17:46.384907+00:00,31336,1021148,3932005,3
2026-09-20T11:17:46.416269+00:00,31337,1021173,3931191,3
2026-09-20T11:17:46.432588+00:00,31338,1021198,3932453,3
2026-09-20T11:17:46.464248+00:00,31339,1021223,3932940,3
2026-09-20T11:17:46.495171+00:00,31340,1021248,3933604,3
2026-09-20T11:17:46.511181+00:00,31341,1021274,3934045,3
2026-09-20T11:17:46.543170+00:00,31342,1021299,3934080,3
2026-09-20T11:17:46.559708+00:00,31343,1021324,3933766,3
2026-09-20T11:17:46.591166+00:00,31344,1021349,3933411,3
2026-09-20T11:17:46.607616+00:00,31345,1021374,3932924,3
2026-09-20T11:17:46.639221+00:00,31346,1021400,3932066,3
2026-09-20T11:17:46.671187+00:00,31347,1021425,3932145,3
2026-09-20T11:17:46.687172+00:00,31348,1021450,3932720,3
2026-09-20T11:17:46.720990+00:00,31349,1021475,3932982,3
2026-09-20T11:17:46.735994+00:00,31350,1021500,3932773,3
2026-09-20T11:17:46.767989+00:00,31351,1021525,3931792,3
2026-09-20T11:17:46.783990+00:00,31352,1021551,3932467,3
2026-09-20T11:17:46.814991+00:00,31353,1021576,3934262,3
2026-09-20T11:17:46.846989+00:00,31354,1021601,3934740,3
2026-09-20T11:17:46.863989+00:00,31355,1021626,3933878,3
2026-09-20T11:17:46.895184+00:00,31356,1021651,3934214,3
2026-09-20T11:17:46.911172+00:00,31357,1021677,3935036,3
2026-09-20T11:17:46.943219+00:00,31358,1021702,3936199,3
2026-09-20T11:17:46.959146+00:00,31359,1021727,3936824,3
2026-09-20T11:17:46.991159+00:00,31360,1021752,3935020,3
2026-09-20T11:17:47.023161+00:00,31361,1021777,3933446,3
2026-09-20T11:17:47.039959+00:00,31362,1021802,3933532,3
2026-09-20T11:17:47.071170+00:00,31363,1021828,3932962,3
2026-09-20T11:17:47.088208+00:00,31364,1021853,3934870,3
2026-09-20T11:17:47.120208+00:00,31365,1021878,3942951,3
2026-09-20T11:17:47.135206+00:00,31366,1021903,3954905,3
2026-09-20T11:17:47.167205+00:00,31367,1021928,3963012,3
2026-09-20T11:17:47.200211+00:00,31368,1021954,3971598,3
2026-09-20T11:17:47.216207+00:00,31369,1021979,3987055,3
2026-09-20T11:17:47.247205+00:00,31370,1022004,4000188,3
2026-09-20T11:17:47.263205+00:00,31371,1022029,4005169,3
2026-09-20T11:17:47.295205+00:00,31372,1022054,4004560,3
2026-09-20T11:17:47.312333+00:00,31373,1022079,3998436,3
2026-09-20T11:17:47.344207+00:00,31374,1022105,3989411,3
2026-09-20T11:17:47.375156+00:00,31375,1022130,3979896,3
2026-09-20T11:17:47.391152+00:00,31376,1022155,3962993,3
2026-09-20T11:17:47.423178+00:00,31377,1022180,3953132,3
2026-09-20T11:17:47.441201+00:00,31378,1022205,3954952,3
2026-09-20T11:17:47.472173+00:00,31379,1022231,3951824,3
2026-09-20T11:17:47.487153+00:00,31380,1022256,3942338,3
2026-09-20T11:17:47.519153+00:00,31381,1022281,3933611,3
2026-09-20T11:17:47.551153+00:00,31382,1022306,3927330,3
2026-09-20T11:17:47.567015+00:00,31383,1022331,3924083,3
2026-09-20T11:17:47.599079+00:00,31384,1022356,3926708,3
2026-09-20T11:17:47.615162+00:00,31385,1022382,3928002,3
2026-09-20T11:17:47.647148+00:00,31386,1022407,3922244,3
2026-09-20T11:17:47.678962+00:00,31387,1022432,3914122,3
2026-09-20T11:17:47.695981+00:00,31388,1022457,3911152,3
2026-09-20T11:17:47.728011+00:00,31389,1022482,3911836,3
2026-09-20T11:17:47.743983+00:00,31390,1022508,3909053,3
2026-09-20T11:17:47.774980+00:00,31391,1022533,3905082,3
2026-09-20T11:17:47.791004+00:00,31392,1022558,3904766,3
2026-09-20T11:17:47.823982+00:00,31393,1022583,3906914,3
2026-09-20T11:17:47.854979+00:00,31394,1022608,3904822,3
2026-09-20T11:17:47.871185+00:00,31395,1022633,3904243,3
2026-09-20T11:17:47.903138+00:00,31396,1022659,3903499,3
2026-09-20T11:17:47.919000+00:00,31397,1022684,3901215,3
2026-09-20T11:17:47.952033+00:00,31398,1022709,3902165,3
2026-09-20T11:17:47.968032+00:00,31399,1022734,3905042,3
2026-09-20T11:17:47.999152+00:00,31400,1022759,3904456,3
2026-09-20T11:17:48.031150+00:00,31401,1022785,3902423,3
2026-09-20T11:17:48.048033+00:00,31402,1022810,3904233,3
2026-09-20T11:17:48.080030+00:00,31403,1022835,3904759,3
2026-09-20T11:17:48.096032+00:00,31404,1022860,3900794,3
2026-09-20T11:17:48.128030+00:00,31405,1022885,3894941,3
2026-09-20T11:17:48.145029+00:00,31406,1022911,3887309,3
2026-09-20T11:17:48.175112+00:00,31407,1022936,3871920,3
2026-09-20T11:17:48.207624+00:00,31408,1022961,3835329,3
2026-09-20T11:17:48.223433+00:00,31409,1022986,3760304,3
2026-09-20T11:17:48.254996+00:00,31410,1023011,3665857,3
2026-09-20T11:17:48.271147+00:00,31411,1023036,3612015,3
2026-09-20T11:17:48.304156+00:00,31412,1023062,3647984,3
2026-09-20T11:17:48.319866+00:00,31413,1023087,3730617,3
2026-09-20T11:17:48.351218+00:00,31414,1023112,3799211,3
2026-09-20T11:17:48.383123+00:00,31415,1023137,3843817,3
2026-09-20T11:17:48.399123+00:00,31416,1023162,3872780,3
2026-09-20T11:17:48.431128+00:00,31417,1023188,3891510,3
2026-09-20T11:17:48.447130+00:00,31418,1023213,3903908,3
2026-09-20T11:17:48.480163+00:00,31419,1023238,3912183,3
2026-09-20T11:17:48.495125+00:00,31420,1023263,3916822,3
2026-09-20T11:17:48.527124+00:00,31421,1023288,3919867,3
2026-09-20T11:17:48.559715+00:00,31422,1023313,3922380,3
2026-09-20T11:17:48.575148+00:00,31423,1023339,3923745,3
2026-09-20T11:17:48.608628+00:00,31424,1023364,3924509,3
2026-09-20T11:17:48.624629+00:00,31425,1023389,3925582,3
2026-09-20T11:17:48.655123+00:00,31426,1023414,3926802,3
2026-09-20T11:17:48.671135+00:00,31427,1023439,3927648,3
2026-09-20T11:17:48.703161+00:00,31428,1023465,3927914,3
2026-09-20T11:17:48.736272+00:00,31429,1023490,3928773,3
2026-09-20T11:17:48.751197+00:00,31430,1023515,3928808,3
2026-09-20T11:17:48.783187+00:00,31431,1023540,3928624,3
2026-09-20T11:17:48.799201+00:00,31432,1023565,3928942,3
2026-09-20T11:17:48.831199+00:00,31433,1023590,3929183,3
2026-09-20T11:17:48.847201+00:00,31434,1023616,3930323,3
2026-09-20T11:17:48.879289+00:00,31435,1023641,3931194,3
2026-09-20T11:17:48.911133+00:00,31436,1023666,3930447,3
2026-09-20T11:17:48.927120+00:00,31437,1023691,3929568,3
2026-09-20T11:17:48.960366+00:00,31438,1023716,3928390,3
2026-09-20T11:17:48.975138+00:00,31439,1023742,3928021,3
2026-09-20T11:17:49.007322+00:00,31440,1023767,3927432,3
2026-09-20T11:17:49.025151+00:00,31441,1023792,3926167,3
2026-09-20T11:17:49.060227+00:00,31442,1023817,3926218,3
2026-09-20T11:17:49.087200+00:00,31443,1023842,3925810,3
2026-09-20T11:17:49.102997+00:00,31444,1023868,3924895,3
2026-09-20T11:17:49.136197+00:00,31445,1023893,3925266,3
2026-09-20T11:17:49.151936+00:00,31446,1023918,3925491,3
2026-09-20T11:17:49.183131+00:00,31447,1023943,3925483,3
2026-09-20T11:17:49.215106+00:00,31448,1023968,3925317,3
2026-09-20T11:17:49.231105+00:00,31449,1023993,3926288,3
2026-09-20T11:17:49.262971+00:00,31450,1024019,3927644,3
2026-09-20T11:17:49.279104+00:00,31451,1024044,3927913,3
2026-09-20T11:17:49.311070+00:00,31452,1024069,3927052,3
2026-09-20T11:17:49.327098+00:00,31453,1024094,3926021,3
2026-09-20T11:17:49.359100+00:00,31454,1024119,3925364,3
2026-09-20T11:17:49.391053+00:00,31455,1024145,3926753,3
2026-09-20T11:17:49.407937+00:00,31456,1024170,3926808,3
2026-09-20T11:17:49.439926+00:00,31457,1024195,3925605,3
2026-09-20T11:17:49.459417+00:00,31458,1024220,3924938,3
2026-09-20T11:17:49.486828+00:00,31459,1024245,3926466,3
2026-09-20T11:17:49.504367+00:00,31460,1024270,3927112,3
2026-09-20T11:17:49.536242+00:00,31461,1024296,3925404,3
2026-09-20T11:17:49.567244+00:00,31462,1024321,3926300,3
2026-09-20T11:17:49.583092+00:00,31463,1024346,3926633,3
2026-09-20T11:17:49.615099+00:00,31464,1024371,3926868,3
2026-09-20T11:17:49.631083+00:00,31465,1024396,3927495,3
2026-09-20T11:17:49.663089+00:00,31466,1024422,3927164,3
2026-09-20T11:17:49.680364+00:00,31467,1024447,3926238,3
2026-09-20T11:17:49.711757+00:00,31468,1024472,3925814,3
2026-09-20T11:17:49.743666+00:00,31469,1024497,3925760,3
2026-09-20T11:17:49.759719+00:00,31470,1024522,3927080,3
2026-09-20T11:17:49.791665+00:00,31471,1024548,3927823,3
2026-09-20T11:17:49.807666+00:00,31472,1024573,3927231,3
2026-09-20T11:17:49.839672+00:00,31473,1024598,3928151,3
2026-09-20T11:17:49.855665+00:00,31474,1024623,3928347,3
2026-09-20T11:17:49.887088+00:00,31475,1024648,3927437,3
2026-09-20T11:17:49.919095+00:00,31476,1024673,3927346,3
2026-09-20T11:17:49.936223+00:00,31477,1024699,3927100,3
2026-09-20T11:17:49.967103+00:00,31478,1024724,3927205,3
2026-09-20T11:17:49.983113+00:00,31479,1024749,3926564,3
2026-09-20T11:17:50.015115+00:00,31480,1024774,3926212,3
2026-09-20T11:17:50.031278+00:00,31481,1024799,3926584,3
2026-09-20T11:17:50.064295+00:00,31482,1024825,3926578,3
2026-09-20T11:17:50.095079+00:00,31483,1024850,3926047,3
2026-09-20T11:17:50.111109+00:00,31484,1024875,3927247,3
2026-09-20T11:17:50.143119+00:00,31485,1024900,3927987,3
2026-09-20T11:17:50.159090+00:00,31486,1024925,3928005,3
2026-09-20T11:17:50.190912+00:00,31487,1024951,3928381,3
2026-09-20T11:17:50.207628+00:00,31488,1024976,3929601,3
2026-09-20T11:17:50.239960+00:00,31489,1025001,3929536,3
2026-09-20T11:17:50.271308+00:00,31490,1025026,3929213,3
2026-09-20T11:17:50.287084+00:00,31491,1025051,3928734,3
2026-09-20T11:17:50.319091+00:00,31492,1025076,3928676,3
2026-09-20T11:17:50.336125+00:00,31493,1025102,3927777,3
2026-09-20T11:17:50.369162+00:00,31494,1025127,3927641,3
2026-09-20T11:17:50.383235+00:00,31495,1025152,3928630,3
2026-09-20T11:17:50.415163+00:00,31496,1025177,3928559,3
2026-09-20T11:17:50.446757+00:00,31497,1025202,3928655,3
2026-09-20T11:17:50.463074+00:00,31498,1025228,3928532,3
2026-09-20T11:17:50.494759+00:00,31499,1025253,3928581,3
2026-09-20T11:17:50.511067+00:00,31500,1025278,3929252,3
2026-09-20T11:17:50.543099+00:00,31501,1025303,3936002,3
2026-09-20T11:17:50.575073+00:00,31502,1025328,3944464,3
2026-09-20T11:17:50.595018+00:00,31503,1025354,3949385,3
2026-09-20T11:17:50.623319+00:00,31504,1025379,3961303,3
2026-09-20T11:17:50.642144+00:00,31505,1025404,3979869,3
2026-09-20T11:17:50.671104+00:00,31506,1025429,4001369,3
2026-09-20T11:17:50.687096+00:00,31507,1025454,4020403,3
2026-09-20T11:17:50.719513+00:00,31508,1025479,4037094,3
2026-09-20T11:17:50.751541+00:00,31509,1025505,4049005,3
2026-09-20T11:17:50.767530+00:00,31510,1025530,4050598,3
2026-09-20T11:17:50.799518+00:00,31511,1025555,4046057,3
2026-09-20T11:17:50.815528+00:00,31512,1025580,4039604,3
2026-09-20T11:17:50.849514+00:00,31513,1025605,4031228,3
2026-09-20T11:17:50.863524+00:00,31514,1025631,4020838,3
2026-09-20T11:17:50.895456+00:00,31515,1025656,4018094,3
2026-09-20T11:17:50.927057+00:00,31516,1025681,4021775,3
2026-09-20T11:17:50.943597+00:00,31517,1025706,4014769,3
2026-09-20T11:17:50.975030+00:00,31518,1025731,3998480,3
2026-09-20T11:17:50.991054+00:00,31519,1025757,3982339,3
2026-09-20T11:17:51.023289+00:00,31520,1025782,3968886,3
2026-09-20T11:17:51.038942+00:00,31521,1025807,3960051,3
2026-09-20T11:17:51.071583+00:00,31522,1025832,3956768,3
2026-09-20T11:17:51.103062+00:00,31523,1025857,3955708,3
2026-09-20T11:17:51.119068+00:00,31524,1025882,3949436,3
2026-09-20T11:17:51.151065+00:00,31525,1025908,3941383,3
2026-09-20T11:17:51.167091+00:00,31526,1025933,3938841,3
2026-09-20T11:17:51.200084+00:00,31527,1025958,3940110,3
2026-09-20T11:17:51.215051+00:00,31528,1025983,3938033,3
2026-09-20T11:17:51.247053+00:00,31529,1026008,3936294,3
2026-09-20T11:17:51.278853+00:00,31530,1026034,3938836,3
2026-09-20T11:17:51.286259+00:00,31531,1026059,3941611,3
2026-09-20T11:17:51.319516+00:00,31532,1026084,3940380,3
2026-09-20T11:17:51.335950+00:00,31533,1026109,3939901,3
2026-09-20T11:17:51.368219+00:00,31534,1026134,3935986,3
2026-09-20T11:17:51.391079+00:00,31535,1026160,3928254,3
2026-09-20T11:17:51.412465+00:00,31536,1026185,3923046,3
2026-09-20T11:17:51.457296+00:00,31537,1026210,3915432,3
2026-09-20T11:17:51.460212+00:00,31538,1026235,3903358,3
2026-09-20T11:17:51.504019+00:00,31539,1026260,3890302,3
2026-09-20T11:17:51.513344+00:00,31540,1026285,3870463,3
2026-09-20T11:17:51.551330+00:00,31541,1026311,3830664,3
2026-09-20T11:17:51.567113+00:00,31542,1026336,3767792,3
2026-09-20T11:17:51.600104+00:00,31543,1026361,3703906,3
2026-09-20T11:17:51.630984+00:00,31544,1026386,3666670,3
2026-09-20T11:17:51.647059+00:00,31545,1026411,3678858,3
2026-09-20T11:17:51.678214+00:00,31546,1026437,3742639,3
2026-09-20T11:17:51.695204+00:00,31547,1026462,3809624,3
2026-09-20T11:17:51.727135+00:00,31548,1026487,3854243,3
2026-09-20T11:17:51.739070+00:00,31549,1026512,3878262,3
2026-09-20T11:17:51.776029+00:00,31550,1026537,3895007,3
2026-09-20T11:17:51.807850+00:00,31551,1026562,3906777,3
2026-09-20T11:17:51.823853+00:00,31552,1026588,3912614,3
2026-09-20T11:17:51.855854+00:00,31553,1026613,3916751,3
2026-09-20T11:17:51.872518+00:00,31554,1026638,3919280,3
2026-09-20T11:17:51.903055+00:00,31555,1026663,3921798,3
2026-09-20T11:17:51.919912+00:00,31556,1026688,3923304,3
2026-09-20T11:17:51.951851+00:00,31557,1026714,3924078,3
2026-09-20T11:17:51.983044+00:00,31558,1026739,3923934,3
2026-09-20T11:17:52.033068+00:00,31559,1026797,3925683,3
2026-09-20T11:17:52.049065+00:00,31560,1026814,3927088,3
2026-09-20T11:17:52.079028+00:00,31561,1026840,3928201,3
2026-09-20T11:17:52.111034+00:00,31562,1026865,3929080,3
2026-09-20T11:17:52.127834+00:00,31563,1026890,3929433,3
2026-09-20T11:17:52.159045+00:00,31564,1026915,3930301,3
2026-09-20T11:17:52.175320+00:00,31565,1026940,3931086,3
2026-09-20T11:17:52.208211+00:00,31566,1026965,3931406,3
2026-09-20T11:17:52.223292+00:00,31567,1026991,3930498,3
2026-09-20T11:17:52.255663+00:00,31568,1027016,3930188,3
2026-09-20T11:17:52.286954+00:00,31569,1027041,3931113,3
2026-09-20T11:17:52.303030+00:00,31570,1027066,3931305,3
2026-09-20T11:17:52.335051+00:00,31571,1027091,3930762,3
2026-09-20T11:17:52.352215+00:00,31572,1027117,3930338,3
2026-09-20T11:17:52.383046+00:00,31573,1027142,3931187,3
2026-09-20T11:17:52.401181+00:00,31574,1027167,3931752,3
2026-09-20T11:17:52.431026+00:00,31575,1027192,3931186,3
2026-09-20T11:17:52.463012+00:00,31576,1027217,3930404,3
2026-09-20T11:17:52.479175+00:00,31577,1027242,3929720,3
2026-09-20T11:17:52.511030+00:00,31578,1027268,3930334,3
2026-09-20T11:17:52.526997+00:00,31579,1027293,3931220,3
2026-09-20T11:17:52.559043+00:00,31580,1027318,3930644,3
2026-09-20T11:17:52.575660+00:00,31581,1027343,3930568,3
2026-09-20T11:17:52.609022+00:00,31582,1027368,3931371,3
2026-09-20T11:17:52.639164+00:00,31583,1027394,3931593,3
2026-09-20T11:17:52.656084+00:00,31584,1027419,3932300,3
2026-09-20T11:17:52.689120+00:00,31585,1027444,3932215,3
2026-09-20T11:17:52.704056+00:00,31586,1027469,3932039,3
2026-09-20T11:17:52.736053+00:00,31587,1027494,3932116,3
2026-09-20T11:17:52.751050+00:00,31588,1027520,3932422,3
2026-09-20T11:17:52.783050+00:00,31589,1027545,3932434,3
2026-09-20T11:17:52.815051+00:00,31590,1027570,3932709,3
2026-09-20T11:17:52.831054+00:00,31591,1027595,3933031,3
2026-09-20T11:17:52.864058+00:00,31592,1027620,3933082,3
2026-09-20T11:17:52.878996+00:00,31593,1027646,3933463,3
2026-09-20T11:17:52.911020+00:00,31594,1027671,3933059,3
2026-09-20T11:17:52.926999+00:00,31595,1027696,3931935,3
2026-09-20T11:17:52.959013+00:00,31596,1027721,3930146,3
2026-09-20T11:17:52.991008+00:00,31597,1027746,3929125,3
2026-09-20T11:17:53.007041+00:00,31598,1027771,3929315,3
2026-09-20T11:17:53.038896+00:00,31599,1027797,3930435,3
2026-09-20T11:17:53.058049+00:00,31600,1027822,3931537,3
2026-09-20T11:17:53.087018+00:00,31601,1027847,3933086,3
2026-09-20T11:17:53.103030+00:00,31602,1027872,3933638,3
2026-09-20T11:17:53.135020+00:00,31603,1027897,3934008,3
2026-09-20T11:17:53.167024+00:00,31604,1027923,3934313,3
2026-09-20T11:17:53.183027+00:00,31605,1027948,3935078,3
2026-09-20T11:17:53.215065+00:00,31606,1027973,3935931,3
2026-09-20T11:17:53.230932+00:00,31607,1027998,3935357,3
2026-09-20T11:17:53.263019+00:00,31608,1028023,3934825,3
2026-09-20T11:17:53.279011+00:00,31609,1028048,3934460,3
2026-09-20T11:17:53.312118+00:00,31610,1028074,3932930,3
2026-09-20T11:17:53.343478+00:00,31611,1028099,3932362,3
2026-09-20T11:17:53.359178+00:00,31612,1028124,3932002,3
2026-09-20T11:17:53.391998+00:00,31613,1028149,3931526,3
2026-09-20T11:17:53.407929+00:00,31614,1028174,3931659,3
2026-09-20T11:17:53.439969+00:00,31615,1028200,3931384,3
2026-09-20T11:17:53.471017+00:00,31616,1028225,3929991,3
2026-09-20T11:17:53.487019+00:00,31617,1028250,3928267,3
2026-09-20T11:17:53.520150+00:00,31618,1028275,3928629,3
2026-09-20T11:17:53.535035+00:00,31619,1028300,3930386,3
2026-09-20T11:17:53.568088+00:00,31620,1028326,3930494,3
2026-09-20T11:17:53.582945+00:00,31621,1028351,3929769,3
2026-09-20T11:17:53.614999+00:00,31622,1028376,3929314,3
2026-09-20T11:17:53.646967+00:00,31623,1028401,3929926,3
2026-09-20T11:17:53.664325+00:00,31624,1028426,3929558,3
2026-09-20T11:17:53.697519+00:00,31625,1028451,3928661,3
2026-09-20T11:17:53.710938+00:00,31626,1028477,3927974,3
2026-09-20T11:17:53.742937+00:00,31627,1028502,3926988,3
2026-09-20T11:17:53.758937+00:00,31628,1028527,3926896,3
2026-09-20T11:17:53.791936+00:00,31629,1028552,3928883,3
2026-09-20T11:17:53.822958+00:00,31630,1028577,3929802,3
2026-09-20T11:17:53.839943+00:00,31631,1028603,3929755,3
2026-09-20T11:17:53.870953+00:00,31632,1028628,3930591,3
2026-09-20T11:17:53.886991+00:00,31633,1028653,3931578,3
2026-09-20T11:17:53.919004+00:00,31634,1028678,3933904,3
2026-09-20T11:17:53.934988+00:00,31635,1028703,3938154,3
2026-09-20T11:17:53.969171+00:00,31636,1028729,3941762,3
2026-09-20T11:17:53.998990+00:00,31637,1028754,3944795,3
2026-09-20T11:17:54.014985+00:00,31638,1028779,3945954,3
2026-09-20T11:17:54.046988+00:00,31639,1028804,3950195,3
2026-09-20T11:17:54.062988+00:00,31640,1028829,3954641,3
2026-09-20T11:17:54.096021+00:00,31641,1028854,3952800,3
2026-09-20T11:17:54.111628+00:00,31642,1028880,3959096,3
2026-09-20T11:17:54.142976+00:00,31643,1028905,3975514,3
2026-09-20T11:17:54.174983+00:00,31644,1028930,3990552,3
2026-09-20T11:17:54.191794+00:00,31645,1028955,4000918,3
2026-09-20T11:17:54.226657+00:00,31646,1028980,4007228,3
2026-09-20T11:17:54.241018+00:00,31647,1029006,4016221,3
2026-09-20T11:17:54.270992+00:00,31648,1029031,4017113,3
2026-09-20T11:17:54.288049+00:00,31649,1029056,4007364,3
2026-09-20T11:17:54.318992+00:00,31650,1029081,3999058,3
2026-09-20T11:17:54.352015+00:00,31651,1029106,3988647,3
2026-09-20T11:17:54.366976+00:00,31652,1029132,3971174,3
2026-09-20T11:17:54.398990+00:00,31653,1029157,3961522,3
2026-09-20T11:17:54.416245+00:00,31654,1029182,3956745,3
2026-09-20T11:17:54.446981+00:00,31655,1029207,3956876,3
2026-09-20T11:17:54.457250+00:00,31656,1029232,3956688,3
2026-09-20T11:17:54.494987+00:00,31657,1029257,3943200,3
2026-09-20T11:17:54.526976+00:00,31658,1029283,3926262,3
2026-09-20T11:17:54.543021+00:00,31659,1029308,3915301,3
2026-09-20T11:17:54.575737+00:00,31660,1029333,3904608,3
2026-09-20T11:17:54.590988+00:00,31661,1029358,3902882,3
2026-09-20T11:17:54.623466+00:00,31662,1029383,3909155,3
2026-09-20T11:17:54.642251+00:00,31663,1029409,3914087,3
2026-09-20T11:17:54.670996+00:00,31664,1029434,3912228,3
2026-09-20T11:17:54.702971+00:00,31665,1029459,3907322,3
2026-09-20T11:17:54.721003+00:00,31666,1029484,3907074,3
2026-09-20T11:17:54.751002+00:00,31667,1029509,3901754,3
2026-09-20T11:17:54.767006+00:00,31668,1029534,3893996,3
2026-09-20T11:17:54.799002+00:00,31669,1029560,3892113,3
2026-09-20T11:17:54.831002+00:00,31670,1029585,3890876,3
2026-09-20T11:17:54.847001+00:00,31671,1029610,3884735,3
2026-09-20T11:17:54.879095+00:00,31672,1029635,3875353,3
2026-09-20T11:17:54.894961+00:00,31673,1029660,3857038,3
2026-09-20T11:17:54.926958+00:00,31674,1029686,3808045,3
2026-09-20T11:17:54.942961+00:00,31675,1029711,3711739,3
2026-09-20T11:17:54.974996+00:00,31676,1029736,3609423,3
2026-09-20T11:17:55.006843+00:00,31677,1029761,3587565,3
2026-09-20T11:17:55.022973+00:00,31678,1029786,3652722,3
2026-09-20T11:17:55.054957+00:00,31679,1029811,3736532,3
2026-09-20T11:17:55.070982+00:00,31680,1029837,3802695,3
2026-09-20T11:17:55.102993+00:00,31681,1029862,3843368,3
2026-09-20T11:17:55.119746+00:00,31682,1029887,3868504,3
2026-09-20T11:17:55.150968+00:00,31683,1029912,3890125,3
2026-09-20T11:17:55.182952+00:00,31684,1029937,3905165,3
2026-09-20T11:17:55.198955+00:00,31685,1029963,3911542,3
2026-09-20T11:17:55.230963+00:00,31686,1029988,3914941,3
2026-09-20T11:17:55.246943+00:00,31687,1030013,3917614,3
2026-09-20T11:17:55.280085+00:00,31688,1030038,3919637,3
2026-09-20T11:17:55.297091+00:00,31689,1030063,3921284,3
2026-09-20T11:17:55.327351+00:00,31690,1030089,3921904,3
2026-09-20T11:17:55.358979+00:00,31691,1030114,3922192,3
2026-09-20T11:17:55.375851+00:00,31692,1030139,3923310,3
2026-09-20T11:17:55.406951+00:00,31693,1030164,3924195,3
2026-09-20T11:17:55.424370+00:00,31694,1030189,3924537,3
2026-09-20T11:17:55.455270+00:00,31695,1030214,3924629,3
2026-09-20T11:17:55.470971+00:00,31696,1030240,3925387,3
2026-09-20T11:17:55.504164+00:00,31697,1030265,3926091,3
2026-09-20T11:17:55.536058+00:00,31698,1030290,3927408,3
2026-09-20T11:17:55.552052+00:00,31699,1030315,3928659,3
2026-09-20T11:17:55.584171+00:00,31700,1030340,3929797,3
2026-09-20T11:17:55.600629+00:00,31701,1030366,3930659,3
2026-09-20T11:17:55.630941+00:00,31702,1030391,3930127,3
2026-09-20T11:17:55.646865+00:00,31703,1030416,3930447,3
2026-09-20T11:17:55.678944+00:00,31704,1030441,3930603,3
2026-09-20T11:17:55.711424+00:00,31705,1030466,3930842,3
2026-09-20T11:17:55.727425+00:00,31706,1030491,3931565,3
2026-09-20T11:17:55.759425+00:00,31707,1030517,3931237,3
2026-09-20T11:17:55.775443+00:00,31708,1030542,3930567,3
2026-09-20T11:17:55.799606+00:00,31709,1030567,3930226,3
2026-09-20T11:17:55.815253+00:00,31710,1030592,3930359,3
2026-09-20T11:17:55.846886+00:00,31711,1030617,3929616,3
2026-09-20T11:17:55.886943+00:00,31712,1030643,3929824,3
2026-09-20T11:17:55.902935+00:00,31713,1030668,3930261,3
2026-09-20T11:17:55.934918+00:00,31714,1030693,3930381,3
2026-09-20T11:17:55.950936+00:00,31715,1030718,3930804,3
2026-09-20T11:17:55.982947+00:00,31716,1030743,3931511,3
2026-09-20T11:17:55.998909+00:00,31717,1030768,3931434,3
2026-09-20T11:17:56.030932+00:00,31718,1030794,3930937,3
2026-09-20T11:17:56.065089+00:00,31719,1030819,3931167,3
2026-09-20T11:17:56.078917+00:00,31720,1030844,3931319,3
2026-09-20T11:17:56.110919+00:00,31721,1030869,3931342,3
2026-09-20T11:17:56.126942+00:00,31722,1030894,3930759,3
2026-09-20T11:17:56.158949+00:00,31723,1030920,3930679,3
2026-09-20T11:17:56.174931+00:00,31724,1030945,3931356,3
2026-09-20T11:17:56.207648+00:00,31725,1030970,3931786,3
2026-09-20T11:17:56.238923+00:00,31726,1030995,3931431,3
2026-09-20T11:17:56.255571+00:00,31727,1031020,3931225,3
2026-09-20T11:17:56.286882+00:00,31728,1031046,3931005,3
2026-09-20T11:17:56.302938+00:00,31729,1031071,3931322,3
2026-09-20T11:17:56.336235+00:00,31730,1031096,3930866,3
2026-09-20T11:17:56.366928+00:00,31731,1031121,3930490,3
2026-09-20T11:17:56.382944+00:00,31732,1031146,3930091,3
2026-09-20T11:17:56.416071+00:00,31733,1031171,3929799,3
2026-09-20T11:17:56.430920+00:00,31734,1031197,3930466,3
2026-09-20T11:17:56.462866+00:00,31735,1031222,3930953,3
2026-09-20T11:17:56.478919+00:00,31736,1031247,3930150,3
2026-09-20T11:17:56.512999+00:00,31737,1031272,3929230,3
2026-09-20T11:17:56.542966+00:00,31738,1031297,3929354,3
2026-09-20T11:17:56.559707+00:00,31739,1031323,3930059,3
2026-09-20T11:17:56.592839+00:00,31740,1031348,3930642,3
2026-09-20T11:17:56.607672+00:00,31741,1031373,3931095,3
2026-09-20T11:17:56.640725+00:00,31742,1031398,3931232,3
2026-09-20T11:17:56.657007+00:00,31743,1031423,3931016,3
2026-09-20T11:17:56.688185+00:00,31744,1031449,3931519,3
2026-09-20T11:17:56.718943+00:00,31745,1031474,3931681,3
2026-09-20T11:17:56.734961+00:00,31746,1031499,3932096,3
2026-09-20T11:17:56.766945+00:00,31747,1031524,3931647,3
2026-09-20T11:17:56.782963+00:00,31748,1031549,3931268,3
2026-09-20T11:17:56.814942+00:00,31749,1031574,3931327,3
2026-09-20T11:17:56.830943+00:00,31750,1031600,3930902,3
2026-09-20T11:17:56.863951+00:00,31751,1031625,3930288,3
2026-09-20T11:17:56.895493+00:00,31752,1031650,3930176,3
2026-09-20T11:17:56.910920+00:00,31753,1031675,3930272,3
2026-09-20T11:17:56.942914+00:00,31754,1031700,3930638,3
2026-09-20T11:17:56.958924+00:00,31755,1031726,3930630,3
2026-09-20T11:17:56.991991+00:00,31756,1031751,3931242,3
2026-09-20T11:17:57.007449+00:00,31757,1031776,3931934,3
2026-09-20T11:17:57.039961+00:00,31758,1031801,3933032,3
2026-09-20T11:17:57.070868+00:00,31759,1031826,3935322,3
2026-09-20T11:17:57.086917+00:00,31760,1031851,3938034,3
2026-09-20T11:17:57.118909+00:00,31761,1031877,3941101,3
2026-09-20T11:17:57.134907+00:00,31762,1031902,3942165,3
2026-09-20T11:17:57.167973+00:00,31763,1031927,3946305,3
2026-09-20T11:17:57.182910+00:00,31764,1031952,3953614,3
2026-09-20T11:17:57.214914+00:00,31765,1031977,3962762,3
2026-09-20T11:17:57.246905+00:00,31766,1032003,3971735,3
2026-09-20T11:17:57.262883+00:00,31767,1032028,3980466,3
2026-09-20T11:17:57.294907+00:00,31768,1032053,3998737,3
2026-09-20T11:17:57.310952+00:00,31769,1032078,4026136,3
2026-09-20T11:17:57.342910+00:00,31770,1032103,4042499,3
2026-09-20T11:17:57.359573+00:00,31771,1032129,4045087,3
2026-09-20T11:17:57.391596+00:00,31772,1032154,4041966,3
2026-09-20T11:17:57.423050+00:00,31773,1032179,4014648,3
2026-09-20T11:17:57.438996+00:00,31774,1032204,3979959,3
2026-09-20T11:17:57.470906+00:00,31775,1032229,3963739,3
2026-09-20T11:17:57.488978+00:00,31776,1032254,3955164,3
2026-09-20T11:17:57.519957+00:00,31777,1032280,3947113,3
2026-09-20T11:17:57.534917+00:00,31778,1032305,3937790,3
2026-09-20T11:17:57.569055+00:00,31779,1032330,3927727,3
2026-09-20T11:17:57.599939+00:00,31780,1032355,3917338,3
2026-09-20T11:17:57.616087+00:00,31781,1032380,3909149,3
2026-09-20T11:17:57.647770+00:00,31782,1032406,3904920,3
2026-09-20T11:17:57.663003+00:00,31783,1032431,3905101,3
2026-09-20T11:17:57.694915+00:00,31784,1032456,3904549,3
2026-09-20T11:17:57.710987+00:00,31785,1032481,3900440,3
2026-09-20T11:17:57.742979+00:00,31786,1032506,3901399,3
2026-09-20T11:17:57.774974+00:00,31787,1032531,3906992,3
2026-09-20T11:17:57.790994+00:00,31788,1032557,3907617,3
2026-09-20T11:17:57.824996+00:00,31789,1032582,3902776,3
2026-09-20T11:17:57.839976+00:00,31790,1032607,3900337,3
2026-09-20T11:17:57.872977+00:00,31791,1032632,3900570,3
2026-09-20T11:17:57.904075+00:00,31792,1032657,3898087,3
2026-09-20T11:17:57.918909+00:00,31793,1032683,3894912,3
2026-09-20T11:17:57.950905+00:00,31794,1032708,3896191,3
2026-09-20T11:17:57.966901+00:00,31795,1032733,3897866,3
2026-09-20T11:17:57.998888+00:00,31796,1032758,3893296,3
2026-09-20T11:17:58.014900+00:00,31797,1032783,3881042,3
2026-09-20T11:17:58.046900+00:00,31798,1032809,3848288,3
2026-09-20T11:17:58.078898+00:00,31799,1032834,3781404,3
2026-09-20T11:17:58.094882+00:00,31800,1032859,3711369,3
2026-09-20T11:17:58.127306+00:00,31801,1032884,3691143,3
2026-09-20T11:17:58.142903+00:00,31802,1032909,3727244,3
2026-09-20T11:17:58.174880+00:00,31803,1032934,3783440,3
2026-09-20T11:17:58.190907+00:00,31804,1032960,3831287,3
2026-09-20T11:17:58.223343+00:00,31805,1032985,3863570,3
2026-09-20T11:17:58.255614+00:00,31806,1033010,3885177,3
2026-09-20T11:17:58.270894+00:00,31807,1033035,3900790,3
2026-09-20T11:17:58.302877+00:00,31808,1033060,3909870,3
2026-09-20T11:17:58.318886+00:00,31809,1033086,3915311,3
2026-09-20T11:17:58.350955+00:00,31810,1033111,3918968,3
2026-09-20T11:17:58.366872+00:00,31811,1033136,3921563,3
2026-09-20T11:17:58.400159+00:00,31812,1033161,3922751,3
2026-09-20T11:17:58.431960+00:00,31813,1033186,3924190,3
2026-09-20T11:17:58.446875+00:00,31814,1033211,3925091,3
2026-09-20T11:17:58.478691+00:00,31815,1033237,3925442,3
2026-09-20T11:17:58.528091+00:00,31816,1033288,3926950,3
2026-09-20T11:17:58.542866+00:00,31817,1033312,3927287,3
2026-09-20T11:17:58.574874+00:00,31818,1033337,3927768,3
2026-09-20T11:17:58.607283+00:00,31819,1033363,3927744,3
2026-09-20T11:17:58.624954+00:00,31820,1033388,3927695,3
2026-09-20T11:17:58.655920+00:00,31821,1033413,3928621,3
2026-09-20T11:17:58.672085+00:00,31822,1033438,3929342,3
2026-09-20T11:17:58.704188+00:00,31823,1033463,3929947,3
2026-09-20T11:17:58.718974+00:00,31824,1033488,3930333,3
2026-09-20T11:17:58.750975+00:00,31825,1033514,3930483,3
2026-09-20T11:17:58.782973+00:00,31826,1033539,3931179,3
2026-09-20T11:17:58.798975+00:00,31827,1033564,3931453,3
2026-09-20T11:17:58.830972+00:00,31828,1033589,3931455,3
2026-09-20T11:17:58.846974+00:00,31829,1033614,3930300,3
2026-09-20T11:17:58.878859+00:00,31830,1033640,3930578,3
2026-09-20T11:17:58.895000+00:00,31831,1033665,3931167,3
2026-09-20T11:17:58.926864+00:00,31832,1033690,3929560,3
2026-09-20T11:17:58.958847+00:00,31833,1033715,3928570,3
2026-09-20T11:17:58.974863+00:00,31834,1033740,3928050,3
2026-09-20T11:17:59.007861+00:00,31835,1033766,3928011,3
2026-09-20T11:17:59.023495+00:00,31836,1033791,3928735,3
2026-09-20T11:17:59.055950+00:00,31837,1033816,3929072,3
2026-09-20T11:17:59.071902+00:00,31838,1033841,3929307,3
2026-09-20T11:17:59.102960+00:00,31839,1033866,3928933,3
2026-09-20T11:17:59.134892+00:00,31840,1033891,3929362,3
2026-09-20T11:17:59.151893+00:00,31841,1033917,3929775,3
2026-09-20T11:17:59.182861+00:00,31842,1033942,3929247,3
2026-09-20T11:17:59.198859+00:00,31843,1033967,3929554,3
2026-09-20T11:17:59.230852+00:00,31844,1033992,3930916,3
2026-09-20T11:17:59.262966+00:00,31845,1034017,3931050,3
2026-09-20T11:17:59.278837+00:00,31846,1034043,3930407,3
2026-09-20T11:17:59.310863+00:00,31847,1034068,3929800,3
2026-09-20T11:17:59.326872+00:00,31848,1034093,3930097,3
2026-09-20T11:17:59.358852+00:00,31849,1034118,3930840,3
2026-09-20T11:17:59.376774+00:00,31850,1034143,3930630,3
2026-09-20T11:17:59.407706+00:00,31851,1034169,3929844,3
2026-09-20T11:17:59.439174+00:00,31852,1034194,3929749,3
2026-09-20T11:17:59.456943+00:00,31853,1034219,3929744,3
2026-09-20T11:17:59.486874+00:00,31854,1034244,3929384,3
2026-09-20T11:17:59.502859+00:00,31855,1034269,3928733,3
2026-09-20T11:17:59.534903+00:00,31856,1034294,3929298,3
2026-09-20T11:17:59.552030+00:00,31857,1034320,3929461,3
2026-09-20T11:17:59.584072+00:00,31858,1034345,3929531,3
2026-09-20T11:17:59.614858+00:00,31859,1034370,3930054,3
2026-09-20T11:17:59.630837+00:00,31860,1034395,3929617,3
2026-09-20T11:17:59.664046+00:00,31861,1034420,3929484,3
2026-09-20T11:17:59.680927+00:00,31862,1034446,3929567,3
2026-09-20T11:17:59.710877+00:00,31863,1034471,3929682,3
2026-09-20T11:17:59.726876+00:00,31864,1034496,3930611,3
2026-09-20T11:17:59.759879+00:00,31865,1034521,3930694,3
2026-09-20T11:17:59.790875+00:00,31866,1034546,3930735,3
2026-09-20T11:17:59.807876+00:00,31867,1034571,3930799,3
2026-09-20T11:17:59.839879+00:00,31868,1034597,3930762,3
2026-09-20T11:17:59.855881+00:00,31869,1034622,3930472,3
2026-09-20T11:17:59.886838+00:00,31870,1034647,3930257,3
2026-09-20T11:17:59.902818+00:00,31871,1034672,3929308,3
2026-09-20T11:17:59.934626+00:00,31872,1034697,3929904,3
2026-09-20T11:17:59.966485+00:00,31873,1034723,3930262,3
2026-09-20T11:17:59.982837+00:00,31874,1034748,3929521,3
2026-09-20T11:18:00.015871+00:00,31875,1034773,3928665,3
2026-09-20T11:18:00.032076+00:00,31876,1034798,3928216,3
2026-09-20T11:18:00.063868+00:00,31877,1034823,3930083,3
2026-09-20T11:18:00.078869+00:00,31878,1034848,3931007,3
2026-09-20T11:18:00.110820+00:00,31879,1034874,3930513,3
2026-09-20T11:18:00.142827+00:00,31880,1034899,3931483,3
2026-09-20T11:18:00.158834+00:00,31881,1034924,3932081,3
2026-09-20T11:18:00.190831+00:00,31882,1034949,3931613,3
2026-09-20T11:18:00.207715+00:00,31883,1034974,3931087,3
2026-09-20T11:18:00.240914+00:00,31884,1035000,3930292,3
2026-09-20T11:18:00.255500+00:00,31885,1035025,3930737,3
2026-09-20T11:18:00.286827+00:00,31886,1035050,3930634,3
2026-09-20T11:18:00.318832+00:00,31887,1035075,3929295,3
2026-09-20T11:18:00.334588+00:00,31888,1035100,3930215,3
2026-09-20T11:18:00.366826+00:00,31889,1035125,3930374,3
2026-09-20T11:18:00.382823+00:00,31890,1035151,3929130,3
2026-09-20T11:18:00.414823+00:00,31891,1035176,3929336,3
2026-09-20T11:18:00.432069+00:00,31892,1035201,3930058,3
2026-09-20T11:18:00.462835+00:00,31893,1035226,3928865,3
2026-09-20T11:18:00.495473+00:00,31894,1035251,3929052,3
2026-09-20T11:18:00.511591+00:00,31895,1035277,3930572,3
2026-09-20T11:18:00.543448+00:00,31896,1035302,3931708,3
2026-09-20T11:18:00.558792+00:00,31897,1035327,3931652,3
2026-09-20T11:18:00.593385+00:00,31898,1035352,3932125,3
2026-09-20T11:18:00.607768+00:00,31899,1035377,3935971,3
2026-09-20T11:18:00.640930+00:00,31900,1035403,3943021,3
2026-09-20T11:18:00.670837+00:00,31901,1035428,3949450,3
2026-09-20T11:18:00.686815+00:00,31902,1035453,3962116,3
2026-09-20T11:18:00.720832+00:00,31903,1035478,3985727,3
2026-09-20T11:18:00.734833+00:00,31904,1035503,4015242,3
2026-09-20T11:18:00.766831+00:00,31905,1035528,4044619,3
2026-09-20T11:18:00.798831+00:00,31906,1035554,4064106,3
2026-09-20T11:18:00.814853+00:00,31907,1035579,4072086,3
2026-09-20T11:18:00.846836+00:00,31908,1035604,4076106,3
2026-09-20T11:18:00.862831+00:00,31909,1035629,4077641,3
2026-09-20T11:18:00.894811+00:00,31910,1035654,4063017,3
2026-09-20T11:18:00.910821+00:00,31911,1035680,4032243,3
2026-09-20T11:18:00.942816+00:00,31912,1035705,4001109,3
2026-09-20T11:18:00.974697+00:00,31913,1035730,3980444,3
2026-09-20T11:18:00.990983+00:00,31914,1035755,3969645,3
2026-09-20T11:18:01.023317+00:00,31915,1035780,3962913,3
2026-09-20T11:18:01.039837+00:00,31916,1035805,3961887,3
2026-09-20T11:18:01.070799+00:00,31917,1035831,3960931,3
2026-09-20T11:18:01.086806+00:00,31918,1035856,3955386,3
2026-09-20T11:18:01.118807+00:00,31919,1035881,3951477,3
2026-09-20T11:18:01.151224+00:00,31920,1035906,3951469,3
2026-09-20T11:18:01.166843+00:00,31921,1035931,3949784,3
2026-09-20T11:18:01.199916+00:00,31922,1035957,3942442,3
2026-09-20T11:18:01.214794+00:00,31923,1035982,3936625,3
2026-09-20T11:18:01.246875+00:00,31924,1036007,3935643,3
2026-09-20T11:18:01.262798+00:00,31925,1036032,3935465,3
2026-09-20T11:18:01.294827+00:00,31926,1036057,3934264,3
2026-09-20T11:18:01.326792+00:00,31927,1036083,3932824,3
2026-09-20T11:18:01.342809+00:00,31928,1036108,3927130,3
2026-09-20T11:18:01.374801+00:00,31929,1036133,3914515,3
2026-09-20T11:18:01.391040+00:00,31930,1036158,3883422,3
2026-09-20T11:18:01.423340+00:00,31931,1036183,3813531,3
2026-09-20T11:18:01.440997+00:00,31932,1036208,3718570,3
2026-09-20T11:18:01.470815+00:00,31933,1036234,3653838,3
2026-09-20T11:18:01.502802+00:00,31934,1036259,3666051,3
2026-09-20T11:18:01.518867+00:00,31935,1036284,3737070,3
2026-09-20T11:18:01.550797+00:00,31936,1036309,3806807,3
2026-09-20T11:18:01.569036+00:00,31937,1036334,3852975,3
2026-09-20T11:18:01.598799+00:00,31938,1036360,3880175,3
2026-09-20T11:18:01.614784+00:00,31939,1036385,3896411,3
2026-09-20T11:18:01.646735+00:00,31940,1036410,3907292,3
2026-09-20T11:18:01.678447+00:00,31941,1036435,3914808,3
2026-09-20T11:18:01.696085+00:00,31942,1036460,3920312,3
2026-09-20T11:18:01.727403+00:00,31943,1036485,3922629,3
2026-09-20T11:18:01.743512+00:00,31944,1036511,3924298,3
2026-09-20T11:18:01.775405+00:00,31945,1036536,3926982,3
2026-09-20T11:18:01.791402+00:00,31946,1036561,3929569,3
2026-09-20T11:18:01.823403+00:00,31947,1036586,3930745,3
2026-09-20T11:18:01.872024+00:00,31948,1036641,3931932,3
2026-09-20T11:18:01.902789+00:00,31949,1036662,3932335,3
2026-09-20T11:18:01.918836+00:00,31950,1036687,3932804,3
2026-09-20T11:18:01.950806+00:00,31951,1036712,3933186,3
2026-09-20T11:18:01.966784+00:00,31952,1036737,3934125,3
2026-09-20T11:18:01.998801+00:00,31953,1036762,3935251,3
2026-09-20T11:18:02.030785+00:00,31954,1036788,3936065,3
2026-09-20T11:18:02.046787+00:00,31955,1036813,3936149,3
2026-09-20T11:18:02.078786+00:00,31956,1036838,3937064,3
2026-09-20T11:18:02.094787+00:00,31957,1036863,3937819,3
2026-09-20T11:18:02.128337+00:00,31958,1036888,3937528,3
2026-09-20T11:18:02.142990+00:00,31959,1036914,3937084,3
2026-09-20T11:18:02.174788+00:00,31960,1036939,3937126,3
2026-09-20T11:18:02.206676+00:00,31961,1036964,3936633,3
2026-09-20T11:18:02.223325+00:00,31962,1036989,3935849,3
2026-09-20T11:18:02.255820+00:00,31963,1037014,3936645,3
2026-09-20T11:18:02.271811+00:00,31964,1037040,3936741,3
2026-09-20T11:18:02.302792+00:00,31965,1037065,3936186,3
2026-09-20T11:18:02.334833+00:00,31966,1037090,3935869,3
2026-09-20T11:18:02.351827+00:00,31967,1037115,3935968,3
2026-09-20T11:18:02.382887+00:00,31968,1037140,3934589,3
2026-09-20T11:18:02.398790+00:00,31969,1037165,3934490,3
2026-09-20T11:18:02.431820+00:00,31970,1037191,3935071,3
2026-09-20T11:18:02.446784+00:00,31971,1037216,3933944,3
2026-09-20T11:18:02.478789+00:00,31972,1037241,3934134,3
2026-09-20T11:18:02.511053+00:00,31973,1037266,3934112,3
2026-09-20T11:18:02.526784+00:00,31974,1037291,3933893,3
2026-09-20T11:18:02.558995+00:00,31975,1037317,3934677,3
2026-09-20T11:18:02.574770+00:00,31976,1037342,3935303,3
2026-09-20T11:18:02.607817+00:00,31977,1037367,3934190,3
2026-09-20T11:18:02.624535+00:00,31978,1037392,3933788,3
2026-09-20T11:18:02.656879+00:00,31979,1037417,3935928,3
2026-09-20T11:18:02.686774+00:00,31980,1037443,3937199,3
2026-09-20T11:18:02.704838+00:00,31981,1037468,3935764,3
2026-09-20T11:18:02.734830+00:00,31982,1037493,3935394,3
2026-09-20T11:18:02.750830+00:00,31983,1037518,3935468,3
2026-09-20T11:18:02.782849+00:00,31984,1037543,3935342,3
2026-09-20T11:18:02.798838+00:00,31985,1037569,3935857,3
2026-09-20T11:18:02.830844+00:00,31986,1037594,3936370,3
2026-09-20T11:18:02.863834+00:00,31987,1037619,3935671,3
2026-09-20T11:18:02.878875+00:00,31988,1037644,3935675,3
2026-09-20T11:18:02.910749+00:00,31989,1037669,3935837,3
2026-09-20T11:18:02.926730+00:00,31990,1037694,3936105,3
2026-09-20T11:18:02.958761+00:00,31991,1037720,3937829,3
2026-09-20T11:18:02.974762+00:00,31992,1037745,3938428,3
2026-09-20T11:18:03.006656+00:00,31993,1037770,3938423,3
2026-09-20T11:18:03.038471+00:00,31994,1037795,3938905,3
2026-09-20T11:18:03.055829+00:00,31995,1037820,3939514,3
2026-09-20T11:18:03.087989+00:00,31996,1037846,3939281,3
2026-09-20T11:18:03.102769+00:00,31997,1037871,3937809,3
2026-09-20T11:18:03.135783+00:00,31998,1037896,3938182,3
2026-09-20T11:18:03.150755+00:00,31999,1037921,3938244,3
2026-09-20T11:18:03.182755+00:00,32000,1037946,3937687,3
2026-09-20T11:18:03.214752+00:00,32001,1037972,3937624,3
2026-09-20T11:18:03.230746+00:00,32002,1037997,3937600,3
2026-09-20T11:18:03.262772+00:00,32003,1038022,3936650,3
2026-09-20T11:18:03.278755+00:00,32004,1038047,3936532,3
2026-09-20T11:18:03.310735+00:00,32005,1038072,3936616,3
2026-09-20T11:18:03.326762+00:00,32006,1038097,3935508,3
2026-09-20T11:18:03.359040+00:00,32007,1038123,3933819,3
2026-09-20T11:18:03.394660+00:00,32008,1038148,3933174,3
2026-09-20T11:18:03.406669+00:00,32009,1038173,3933134,3
2026-09-20T11:18:03.438801+00:00,32010,1038198,3934045,3
2026-09-20T11:18:03.454761+00:00,32011,1038223,3934590,3
2026-09-20T11:18:03.487940+00:00,32012,1038249,3935224,3
2026-09-20T11:18:03.502646+00:00,32013,1038274,3934704,3
2026-09-20T11:18:03.536880+00:00,32014,1038299,3934614,3
2026-09-20T11:18:03.566769+00:00,32015,1038324,3934635,3
2026-09-20T11:18:03.582739+00:00,32016,1038349,3934657,3
2026-09-20T11:18:03.616825+00:00,32017,1038375,3934890,3
2026-09-20T11:18:03.631501+00:00,32018,1038400,3935079,3
2026-09-20T11:18:03.662765+00:00,32019,1038425,3935405,3
2026-09-20T11:18:03.695204+00:00,32020,1038450,3937218,3
2026-09-20T11:18:03.711195+00:00,32021,1038475,3938077,3
2026-09-20T11:18:03.743296+00:00,32022,1038500,3937840,3
2026-09-20T11:18:03.759195+00:00,32023,1038526,3941842,3
2026-09-20T11:18:03.791195+00:00,32024,1038551,3946805,3
2026-09-20T11:18:03.808216+00:00,32025,1038576,3948655,3
2026-09-20T11:18:03.839210+00:00,32026,1038601,3954859,3
2026-09-20T11:18:03.866423+00:00,32027,1038626,3970651,3
2026-09-20T11:18:03.886762+00:00,32028,1038652,3989902,3
2026-09-20T11:18:03.907900+00:00,32029,1038677,4010541,3
2026-09-20T11:18:03.934735+00:00,32030,1038702,4025123,3
2026-09-20T11:18:03.966737+00:00,32031,1038727,4030559,3
2026-09-20T11:18:03.982750+00:00,32032,1038752,4032318,3
2026-09-20T11:18:04.014740+00:00,32033,1038778,4031815,3
2026-09-20T11:18:04.046715+00:00,32034,1038803,4024123,3
2026-09-20T11:18:04.062759+00:00,32035,1038828,4001141,3
2026-09-20T11:18:04.094742+00:00,32036,1038853,3981469,3
2026-09-20T11:18:04.110733+00:00,32037,1038878,3970629,3
2026-09-20T11:18:04.143533+00:00,32038,1038903,3958821,3
2026-09-20T11:18:04.158728+00:00,32039,1038929,3949924,3
2026-09-20T11:18:04.190989+00:00,32040,1038954,3945611,3
2026-09-20T11:18:04.223709+00:00,32041,1038979,3938490,3
2026-09-20T11:18:04.238721+00:00,32042,1039004,3928754,3
2026-09-20T11:18:04.270723+00:00,32043,1039029,3920587,3
2026-09-20T11:18:04.286737+00:00,32044,1039055,3916082,3
2026-09-20T11:18:04.319429+00:00,32045,1039080,3910188,3
2026-09-20T11:18:04.335790+00:00,32046,1039105,3906335,3
2026-09-20T11:18:04.369050+00:00,32047,1039130,3903476,3
2026-09-20T11:18:04.398721+00:00,32048,1039155,3894975,3
2026-09-20T11:18:04.416907+00:00,32049,1039181,3876701,3
2026-09-20T11:18:04.448403+00:00,32050,1039206,3832953,3
2026-09-20T11:18:04.462719+00:00,32051,1039231,3753222,3
2026-09-20T11:18:04.494720+00:00,32052,1039256,3676137,3
2026-09-20T11:18:04.510718+00:00,32053,1039281,3661549,3
2026-09-20T11:18:04.544073+00:00,32054,1039307,3717831,3
2026-09-20T11:18:04.574713+00:00,32055,1039332,3787824,3
2026-09-20T11:18:04.590988+00:00,32056,1039357,3840392,3
2026-09-20T11:18:04.624665+00:00,32057,1039382,3874081,3
2026-09-20T11:18:04.640951+00:00,32058,1039407,3895680,3
2026-09-20T11:18:04.670706+00:00,32059,1039432,3908451,3
2026-09-20T11:18:04.686750+00:00,32060,1039458,3915590,3
2026-09-20T11:18:04.718761+00:00,32061,1039483,3920611,3
2026-09-20T11:18:04.750761+00:00,32062,1039508,3924331,3
2026-09-20T11:18:04.766781+00:00,32063,1039533,3926903,3
2026-09-20T11:18:04.798760+00:00,32064,1039558,3927461,3
2026-09-20T11:18:04.814760+00:00,32065,1039584,3928689,3
2026-09-20T11:18:04.846761+00:00,32066,1039609,3931170,3
2026-09-20T11:18:04.864761+00:00,32067,1039634,3932326,3
2026-09-20T11:18:04.894710+00:00,32068,1039659,3931799,3
2026-09-20T11:18:04.926715+00:00,32069,1039684,3931678,3
2026-09-20T11:18:04.942711+00:00,32070,1039710,3932123,3
2026-09-20T11:18:04.974720+00:00,32071,1039735,3932212,3
2026-09-20T11:18:04.990710+00:00,32072,1039760,3932745,3
2026-09-20T11:18:05.022939+00:00,32073,1039785,3932990,3
2026-09-20T11:18:05.054763+00:00,32074,1039810,3932704,3
2026-09-20T11:18:05.071956+00:00,32075,1039835,3932539,3
2026-09-20T11:18:05.103559+00:00,32076,1039861,3931620,3
2026-09-20T11:18:05.119764+00:00,32077,1039886,3930217,3
2026-09-20T11:18:05.150698+00:00,32078,1039911,3929478,3
2026-09-20T11:18:05.166553+00:00,32079,1039936,3929298,3
2026-09-20T11:18:05.198703+00:00,32080,1039961,3928841,3
2026-09-20T11:18:05.230690+00:00,32081,1039987,3928889,3
2026-09-20T11:18:05.246721+00:00,32082,1040012,3929782,3
2026-09-20T11:18:05.278703+00:00,32083,1040037,3930591,3
2026-09-20T11:18:05.294676+00:00,32084,1040062,3931020,3
2026-09-20T11:18:05.326587+00:00,32085,1040087,3933052,3
2026-09-20T11:18:05.342695+00:00,32086,1040113,3934637,3
2026-09-20T11:18:05.375165+00:00,32087,1040138,3934593,3
2026-09-20T11:18:05.406635+00:00,32088,1040163,3933810,3
2026-09-20T11:18:05.426578+00:00,32089,1040188,3933493,3
2026-09-20T11:18:05.454700+00:00,32090,1040213,3934142,3
2026-09-20T11:18:05.474797+00:00,32091,1040238,3934648,3
2026-09-20T11:18:05.502700+00:00,32092,1040264,3934023,3
2026-09-20T11:18:05.519739+00:00,32093,1040289,3933433,3
2026-09-20T11:18:05.550713+00:00,32094,1040314,3934322,3
2026-09-20T11:18:05.582742+00:00,32095,1040339,3935088,3
2026-09-20T11:18:05.598986+00:00,32096,1040364,3935037,3
2026-09-20T11:18:05.630450+00:00,32097,1040390,3934872,3
2026-09-20T11:18:05.646687+00:00,32098,1040415,3935132,3
2026-09-20T11:18:05.678727+00:00,32099,1040440,3935458,3
2026-09-20T11:18:05.694706+00:00,32100,1040465,3935591,3
2026-09-20T11:18:05.726772+00:00,32101,1040490,3936433,3
2026-09-20T11:18:05.758756+00:00,32102,1040515,3937156,3
2026-09-20T11:18:05.774749+00:00,32103,1040541,3937521,3
2026-09-20T11:18:05.807752+00:00,32104,1040566,3936414,3
2026-09-20T11:18:05.823756+00:00,32105,1040591,3936086,3
2026-09-20T11:18:05.854749+00:00,32106,1040616,3936361,3
2026-09-20T11:18:05.870749+00:00,32107,1040641,3936699,3
2026-09-20T11:18:05.902682+00:00,32108,1040667,3936646,3
2026-09-20T11:18:05.934698+00:00,32109,1040692,3936076,3
2026-09-20T11:18:05.950514+00:00,32110,1040717,3935388,3
2026-09-20T11:18:05.982690+00:00,32111,1040742,3935970,3
2026-09-20T11:18:05.998701+00:00,32112,1040767,3937276,3
2026-09-20T11:18:06.030678+00:00,32113,1040793,3937584,3
2026-09-20T11:18:06.046704+00:00,32114,1040818,3937189,3
2026-09-20T11:18:06.078712+00:00,32115,1040843,3937697,3
2026-09-20T11:18:06.110755+00:00,32116,1040868,3939166,3
2026-09-20T11:18:06.127343+00:00,32117,1040893,3940053,3
2026-09-20T11:18:06.158691+00:00,32118,1040918,3939414,3
2026-09-20T11:18:06.174673+00:00,32119,1040944,3938371,3
2026-09-20T11:18:06.207705+00:00,32120,1040969,3938761,3
2026-09-20T11:18:06.223327+00:00,32121,1040994,3937792,3
2026-09-20T11:18:06.254681+00:00,32122,1041019,3937814,3
2026-09-20T11:18:06.287841+00:00,32123,1041044,3938167,3
2026-09-20T11:18:06.302726+00:00,32124,1041070,3936572,3
2026-09-20T11:18:06.335694+00:00,32125,1041095,3935325,3
2026-09-20T11:18:06.350707+00:00,32126,1041120,3934741,3
2026-09-20T11:18:06.384746+00:00,32127,1041145,3933927,3
2026-09-20T11:18:06.402050+00:00,32128,1041170,3932869,3
2026-09-20T11:18:06.431769+00:00,32129,1041196,3933406,3
2026-09-20T11:18:06.462667+00:00,32130,1041221,3935885,3
2026-09-20T11:18:06.479947+00:00,32131,1041246,3937137,3
2026-09-20T11:18:06.510683+00:00,32132,1041271,3936742,3
2026-09-20T11:18:06.526690+00:00,32133,1041296,3937336,3
2026-09-20T11:18:06.558671+00:00,32134,1041321,3939381,3
2026-09-20T11:18:06.591008+00:00,32135,1041347,3941287,3
2026-09-20T11:18:06.607064+00:00,32136,1041372,3940429,3
2026-09-20T11:18:06.638941+00:00,32137,1041397,3940642,3
2026-09-20T11:18:06.655751+00:00,32138,1041422,3944184,3
2026-09-20T11:18:06.686673+00:00,32139,1041447,3947771,3
2026-09-20T11:18:06.703738+00:00,32140,1041473,3951705,3
2026-09-20T11:18:06.734753+00:00,32141,1041498,3959350,3
2026-09-20T11:18:06.766733+00:00,32142,1041523,3968380,3
2026-09-20T11:18:06.783736+00:00,32143,1041548,3973549,3
2026-09-20T11:18:06.818744+00:00,32144,1041573,3981336,3
2026-09-20T11:18:06.830736+00:00,32145,1041598,3997255,3
2026-09-20T11:18:06.862734+00:00,32146,1041624,4014359,3
2026-09-20T11:18:06.879739+00:00,32147,1041649,4024837,3
2026-09-20T11:18:06.911759+00:00,32148,1041674,4020591,3
2026-09-20T11:18:06.942805+00:00,32149,1041699,4010572,3
2026-09-20T11:18:06.959930+00:00,32150,1041724,4010494,3
2026-09-20T11:18:06.991001+00:00,32151,1041750,4018653,3
2026-09-20T11:18:07.006690+00:00,32152,1041775,4010761,3
2026-09-20T11:18:07.039576+00:00,32153,1041800,3983705,3
2026-09-20T11:18:07.055651+00:00,32154,1041825,3967477,3
2026-09-20T11:18:07.086669+00:00,32155,1041850,3966924,3
2026-09-20T11:18:07.118670+00:00,32156,1041876,3961714,3
2026-09-20T11:18:07.134662+00:00,32157,1041901,3951790,3
2026-09-20T11:18:07.166655+00:00,32158,1041926,3947885,3
2026-09-20T11:18:07.183722+00:00,32159,1041951,3943584,3
2026-09-20T11:18:07.214652+00:00,32160,1041976,3938847,3
2026-09-20T11:18:07.230662+00:00,32161,1042001,3938439,3
2026-09-20T11:18:07.262700+00:00,32162,1042027,3929401,3
2026-09-20T11:18:07.294648+00:00,32163,1042052,3919555,3
2026-09-20T11:18:07.310640+00:00,32164,1042077,3915189,3
2026-09-20T11:18:07.343689+00:00,32165,1042102,3903963,3
2026-09-20T11:18:07.358678+00:00,32166,1042127,3895556,3
2026-09-20T11:18:07.391015+00:00,32167,1042153,3894335,3
2026-09-20T11:18:07.406667+00:00,32168,1042178,3879961,3
2026-09-20T11:18:07.439086+00:00,32169,1042203,3827128,3
2026-09-20T11:18:07.470666+00:00,32170,1042228,3718188,3
2026-09-20T11:18:07.486655+00:00,32171,1042253,3621494,3
2026-09-20T11:18:07.518711+00:00,32172,1042279,3631538,3
2026-09-20T11:18:07.535774+00:00,32173,1042304,3709436,3
2026-09-20T11:18:07.567709+00:00,32174,1042329,3783391,3
2026-09-20T11:18:07.582647+00:00,32175,1042354,3837357,3
2026-09-20T11:18:07.614648+00:00,32176,1042379,3871538,3
2026-09-20T11:18:07.646654+00:00,32177,1042404,3892585,3
2026-09-20T11:18:07.662514+00:00,32178,1042430,3905256,3
2026-09-20T11:18:07.697048+00:00,32179,1042455,3913453,3
2026-09-20T11:18:07.711047+00:00,32180,1042480,3918027,3
2026-09-20T11:18:07.743104+00:00,32181,1042505,3920812,3
2026-09-20T11:18:07.759103+00:00,32182,1042530,3923502,3
2026-09-20T11:18:07.791047+00:00,32183,1042556,3925619,3
2026-09-20T11:18:07.823047+00:00,32184,1042581,3927368,3
2026-09-20T11:18:07.839048+00:00,32185,1042606,3928468,3
2026-09-20T11:18:07.870625+00:00,32186,1042631,3929192,3
2026-09-20T11:18:07.886634+00:00,32187,1042656,3929450,3
2026-09-20T11:18:07.919658+00:00,32188,1042682,3929793,3
2026-09-20T11:18:07.950634+00:00,32189,1042707,3929014,3
2026-09-20T11:18:07.966639+00:00,32190,1042732,3928588,3
2026-09-20T11:18:07.998632+00:00,32191,1042757,3929631,3
2026-09-20T11:18:08.015661+00:00,32192,1042782,3931123,3
2026-09-20T11:18:08.046640+00:00,32193,1042807,3931206,3
2026-09-20T11:18:08.062641+00:00,32194,1042833,3930098,3
2026-09-20T11:18:08.095672+00:00,32195,1042858,3929547,3
2026-09-20T11:18:08.126637+00:00,32196,1042883,3930345,3
2026-09-20T11:18:08.142623+00:00,32197,1042908,3931152,3
2026-09-20T11:18:08.174633+00:00,32198,1042933,3931324,3
2026-09-20T11:18:08.190558+00:00,32199,1042959,3931539,3
2026-09-20T11:18:08.222716+00:00,32200,1042984,3931376,3
2026-09-20T11:18:08.239669+00:00,32201,1043009,3930722,3
2026-09-20T11:18:08.270637+00:00,32202,1043034,3930531,3
2026-09-20T11:18:08.302636+00:00,32203,1043059,3930459,3
2026-09-20T11:18:08.318669+00:00,32204,1043084,3929708,3
2026-09-20T11:18:08.351747+00:00,32205,1043110,3929502,3
2026-09-20T11:18:08.369516+00:00,32206,1043135,3929455,3
2026-09-20T11:18:10.493890+00:00,32207,1043160,3930607,3
2026-09-20T11:18:10.510890+00:00,32208,1043185,3930806,3
2026-09-20T11:18:10.539893+00:00,32209,1043210,3929867,3
2026-09-20T11:18:10.571204+00:00,32210,1043236,3931611,3
2026-09-20T11:18:10.588206+00:00,32211,1043261,3934633,3
2026-09-20T11:18:10.620118+00:00,32212,1043286,3934137,3
2026-09-20T11:18:10.636101+00:00,32213,1043311,3933365,3
2026-09-20T11:18:10.668111+00:00,32214,1043336,3933921,3
2026-09-20T11:18:10.684101+00:00,32215,1043362,3932370,3
2026-09-20T11:18:10.716104+00:00,32216,1043387,3929849,3
2026-09-20T11:18:10.747425+00:00,32217,1043412,3930212,3
2026-09-20T11:18:10.763389+00:00,32218,1043437,3931756,3
2026-09-20T11:18:10.795422+00:00,32219,1043462,3932548,3
2026-09-20T11:18:10.811447+00:00,32220,1043487,3932461,3
2026-09-20T11:18:10.843465+00:00,32221,1043513,3932481,3
2026-09-20T11:18:10.859447+00:00,32222,1043538,3931665,3
2026-09-20T11:18:10.891447+00:00,32223,1043563,3929407,3
2026-09-20T11:18:10.923453+00:00,32224,1043588,3929238,3
2026-09-20T11:18:10.939447+00:00,32225,1043613,3930141,3
2026-09-20T11:18:10.971410+00:00,32226,1043639,3930930,3
2026-09-20T11:18:10.987423+00:00,32227,1043664,3933409,3
2026-09-20T11:18:11.020197+00:00,32228,1043689,3935614,3
2026-09-20T11:18:11.035401+00:00,32229,1043714,3935820,3
2026-09-20T11:18:11.067394+00:00,32230,1043739,3936793,3
2026-09-20T11:18:11.099425+00:00,32231,1043765,3937861,3
2026-09-20T11:18:11.116164+00:00,32232,1043790,3937222,3
2026-09-20T11:18:11.147411+00:00,32233,1043815,3936891,3
2026-09-20T11:18:11.163429+00:00,32234,1043840,3936670,3
2026-09-20T11:18:11.195427+00:00,32235,1043865,3936409,3
2026-09-20T11:18:11.211419+00:00,32236,1043890,3935190,3
2026-09-20T11:18:11.243398+00:00,32237,1043916,3933058,3
2026-09-20T11:18:11.275063+00:00,32238,1043941,3932038,3
2026-09-20T11:18:11.291434+00:00,32239,1043966,3931645,3
2026-09-20T11:18:11.323307+00:00,32240,1043991,3931301,3
2026-09-20T11:18:11.339402+00:00,32241,1044016,3931723,3
2026-09-20T11:18:11.371427+00:00,32242,1044042,3933067,3
2026-09-20T11:18:11.403449+00:00,32243,1044067,3932308,3
2026-09-20T11:18:11.419409+00:00,32244,1044092,3931562,3
2026-09-20T11:18:11.453546+00:00,32245,1044117,3931234,3
2026-09-20T11:18:11.467529+00:00,32246,1044142,3929803,3
2026-09-20T11:18:11.500121+00:00,32247,1044168,3928910,3
2026-09-20T11:18:11.516314+00:00,32248,1044193,3930750,3
2026-09-20T11:18:11.551508+00:00,32249,1044218,3931561,3
2026-09-20T11:18:11.579393+00:00,32250,1044243,3930430,3
2026-09-20T11:18:11.596476+00:00,32251,1044268,3931124,3
2026-09-20T11:18:11.628454+00:00,32252,1044293,3932532,3
2026-09-20T11:18:11.645449+00:00,32253,1044319,3932386,3
2026-09-20T11:18:11.676643+00:00,32254,1044344,3930670,3
2026-09-20T11:18:11.691222+00:00,32255,1044369,3929937,3
2026-09-20T11:18:11.723402+00:00,32256,1044394,3931106,3
2026-09-20T11:18:11.755558+00:00,32257,1044419,3930922,3
2026-09-20T11:18:11.771856+00:00,32258,1044445,3930184,3
2026-09-20T11:18:11.803469+00:00,32259,1044470,3931347,3
2026-09-20T11:18:11.819462+00:00,32260,1044495,3932542,3
2026-09-20T11:18:11.851465+00:00,32261,1044520,3931664,3
2026-09-20T11:18:11.867476+00:00,32262,1044545,3930711,3
2026-09-20T11:18:11.900464+00:00,32263,1044571,3931187,3
2026-09-20T11:18:11.932466+00:00,32264,1044596,3932009,3
2026-09-20T11:18:11.948464+00:00,32265,1044621,3932197,3
2026-09-20T11:18:11.979382+00:00,32266,1044646,3932118,3
2026-09-20T11:18:11.995387+00:00,32267,1044671,3932007,3
2026-09-20T11:18:12.027389+00:00,32268,1044696,3930987,3
2026-09-20T11:18:12.043405+00:00,32269,1044722,3930499,3
2026-09-20T11:18:12.075431+00:00,32270,1044747,3930000,3
2026-09-20T11:18:12.107273+00:00,32271,1044772,3931228,3
2026-09-20T11:18:12.123378+00:00,32272,1044797,3931218,3
2026-09-20T11:18:12.155389+00:00,32273,1044822,3930618,3
2026-09-20T11:18:12.171399+00:00,32274,1044848,3930954,3
2026-09-20T11:18:12.204481+00:00,32275,1044873,3931480,3
2026-09-20T11:18:12.219433+00:00,32276,1044898,3931769,3
2026-09-20T11:18:12.251406+00:00,32277,1044923,3932535,3
2026-09-20T11:18:12.283384+00:00,32278,1044948,3933116,3
2026-09-20T11:18:12.299497+00:00,32279,1044974,3932272,3
2026-09-20T11:18:12.332028+00:00,32280,1044999,3930935,3
2026-09-20T11:18:12.348072+00:00,32281,1045024,3930482,3
2026-09-20T11:18:12.380430+00:00,32282,1045049,3931038,3
2026-09-20T11:18:12.395383+00:00,32283,1045074,3931447,3
2026-09-20T11:18:12.427390+00:00,32284,1045100,3931368,3
2026-09-20T11:18:12.461099+00:00,32285,1045125,3932192,3
2026-09-20T11:18:12.475393+00:00,32286,1045150,3933757,3
2026-09-20T11:18:12.508414+00:00,32287,1045175,3935384,3
2026-09-20T11:18:12.524404+00:00,32288,1045200,3939520,3
2026-09-20T11:18:12.555374+00:00,32289,1045225,3946704,3
2026-09-20T11:18:12.571407+00:00,32290,1045251,3955131,3
2026-09-20T11:18:12.603514+00:00,32291,1045276,3970278,3
2026-09-20T11:18:12.636875+00:00,32292,1045301,3993000,3
2026-09-20T11:18:12.652862+00:00,32293,1045326,4017215,3
2026-09-20T11:18:12.683883+00:00,32294,1045351,4040910,3
2026-09-20T11:18:12.699616+00:00,32295,1045377,4063354,3
2026-09-20T11:18:12.731894+00:00,32296,1045402,4078644,3
2026-09-20T11:18:12.763115+00:00,32297,1045427,4083226,3
2026-09-20T11:18:12.779399+00:00,32298,1045452,4071306,3
2026-09-20T11:18:12.811512+00:00,32299,1045477,4051474,3
2026-09-20T11:18:12.827511+00:00,32300,1045503,4032284,3
2026-09-20T11:18:12.859508+00:00,32301,1045528,4021401,3
2026-09-20T11:18:12.875515+00:00,32302,1045553,4017503,3
2026-09-20T11:18:12.907514+00:00,32303,1045578,4010178,3
2026-09-20T11:18:12.939523+00:00,32304,1045603,3995247,3
2026-09-20T11:18:12.956510+00:00,32305,1045628,3977382,3
2026-09-20T11:18:12.987359+00:00,32306,1045654,3966703,3
2026-09-20T11:18:13.003356+00:00,32307,1045679,3958678,3
2026-09-20T11:18:13.035362+00:00,32308,1045704,3947184,3
2026-09-20T11:18:13.052105+00:00,32309,1045729,3936472,3
2026-09-20T11:18:13.083430+00:00,32310,1045754,3930678,3
2026-09-20T11:18:13.115710+00:00,32311,1045780,3927708,3
2026-09-20T11:18:13.132220+00:00,32312,1045805,3927813,3
2026-09-20T11:18:13.163373+00:00,32313,1045830,3926349,3
2026-09-20T11:18:13.179385+00:00,32314,1045855,3924465,3
2026-09-20T11:18:13.211373+00:00,32315,1045880,3919805,3
2026-09-20T11:18:13.227361+00:00,32316,1045906,3916953,3
2026-09-20T11:18:13.259368+00:00,32317,1045931,3915293,3
2026-09-20T11:18:13.291363+00:00,32318,1045956,3914196,3
2026-09-20T11:18:13.307364+00:00,32319,1045981,3916397,3
2026-09-20T11:18:13.339355+00:00,32320,1046006,3919327,3
2026-09-20T11:18:13.355361+00:00,32321,1046031,3923577,3
2026-09-20T11:18:13.378537+00:00,32322,1046057,3924971,3
2026-09-20T11:18:13.395291+00:00,32323,1046082,3913300,3
2026-09-20T11:18:13.435370+00:00,32324,1046107,3876460,3
2026-09-20T11:18:13.467172+00:00,32325,1046132,3802853,3
2026-09-20T11:18:13.484251+00:00,32326,1046157,3720723,3
2026-09-20T11:18:13.519779+00:00,32327,1046183,3679287,3
2026-09-20T11:18:13.531863+00:00,32328,1046208,3700209,3
2026-09-20T11:18:13.565469+00:00,32329,1046233,3761529,3
2026-09-20T11:18:13.579365+00:00,32330,1046258,3823914,3
2026-09-20T11:18:13.612639+00:00,32331,1046283,3864302,3
2026-09-20T11:18:13.645433+00:00,32332,1046309,3888443,3
2026-09-20T11:18:13.659353+00:00,32333,1046334,3903234,3
2026-09-20T11:18:13.693444+00:00,32334,1046359,3911640,3
2026-09-20T11:18:13.708395+00:00,32335,1046384,3916140,3
2026-09-20T11:18:13.739349+00:00,32336,1046409,3919518,3
2026-09-20T11:18:13.756176+00:00,32337,1046434,3921884,3
2026-09-20T11:18:13.788392+00:00,32338,1046460,3923573,3
2026-09-20T11:18:13.822395+00:00,32339,1046485,3924777,3
2026-09-20T11:18:13.835386+00:00,32340,1046510,3925453,3
2026-09-20T11:18:13.867387+00:00,32341,1046535,3925556,3
2026-09-20T11:18:13.916390+00:00,32342,1046589,3925464,3
2026-09-20T11:18:13.933388+00:00,32343,1046611,3926449,3
2026-09-20T11:18:13.963387+00:00,32344,1046636,3927147,3
2026-09-20T11:18:13.997438+00:00,32345,1046661,3928214,3
2026-09-20T11:18:14.014378+00:00,32346,1046686,3928618,3
2026-09-20T11:18:14.043361+00:00,32347,1046712,3927952,3
2026-09-20T11:18:14.059329+00:00,32348,1046737,3928069,3
2026-09-20T11:18:14.092172+00:00,32349,1046762,3927847,3
2026-09-20T11:18:14.112216+00:00,32350,1046787,3928126,3
2026-09-20T11:18:14.128128+00:00,32351,1046812,3929350,3
2026-09-20T11:18:14.160135+00:00,32352,1046837,3930586,3
2026-09-20T11:18:14.176630+00:00,32353,1046863,3930407,3
2026-09-20T11:18:14.219334+00:00,32354,1046888,3930058,3
2026-09-20T11:18:14.235329+00:00,32355,1046913,3930399,3
2026-09-20T11:18:14.262160+00:00,32356,1046938,3930799,3
2026-09-20T11:18:14.286766+00:00,32357,1046963,3931098,3
2026-09-20T11:18:14.302110+00:00,32358,1046989,3931368,3
2026-09-20T11:18:14.347453+00:00,32359,1047014,3930657,3
2026-09-20T11:18:14.363332+00:00,32360,1047039,3930374,3
2026-09-20T11:18:14.395555+00:00,32361,1047064,3930256,3
2026-09-20T11:18:14.411345+00:00,32362,1047089,3929684,3
2026-09-20T11:18:14.443370+00:00,32363,1047115,3930243,3
2026-09-20T11:18:14.475339+00:00,32364,1047140,3931292,3
2026-09-20T11:18:14.493769+00:00,32365,1047165,3931445,3
2026-09-20T11:18:14.523338+00:00,32366,1047190,3932434,3
2026-09-20T11:18:14.533781+00:00,32367,1047215,3932946,3
2026-09-20T11:18:14.567228+00:00,32368,1047240,3932900,3
2026-09-20T11:18:14.582851+00:00,32369,1047266,3933573,3
2026-09-20T11:18:14.614638+00:00,32370,1047291,3934901,3
2026-09-20T11:18:14.646428+00:00,32371,1047316,3935538,3
2026-09-20T11:18:14.668096+00:00,32372,1047341,3934934,3
2026-09-20T11:18:14.691541+00:00,32373,1047366,3933967,3
2026-09-20T11:18:14.707358+00:00,32374,1047392,3935647,3
2026-09-20T11:18:14.737746+00:00,32375,1047417,3936919,3
2026-09-20T11:18:14.763331+00:00,32376,1047442,3935221,3
2026-09-20T11:18:14.783947+00:00,32377,1047467,3934398,3
2026-09-20T11:18:14.827850+00:00,32378,1047492,3934468,3
2026-09-20T11:18:14.843481+00:00,32379,1047518,3936434,3
2026-09-20T11:18:14.875522+00:00,32380,1047543,3938199,3
2026-09-20T11:18:14.891527+00:00,32381,1047568,3938871,3
2026-09-20T11:18:14.911260+00:00,32382,1047593,3938631,3
2026-09-20T11:18:14.926866+00:00,32383,1047618,3938626,3
2026-09-20T11:18:14.967626+00:00,32384,1047643,3938461,3
2026-09-20T11:18:14.999915+00:00,32385,1047669,3938119,3
2026-09-20T11:18:15.015545+00:00,32386,1047694,3939798,3
2026-09-20T11:18:15.051323+00:00,32387,1047719,3939914,3
2026-09-20T11:18:15.065517+00:00,32388,1047744,3940026,3
2026-09-20T11:18:15.099408+00:00,32389,1047769,3939341,3
2026-09-20T11:18:15.100592+00:00,32390,1047795,3937934,3
2026-09-20T11:18:15.147465+00:00,32391,1047820,3938886,3
2026-09-20T11:18:15.179336+00:00,32392,1047845,3940097,3
2026-09-20T11:18:15.195187+00:00,32393,1047870,3937422,3
2026-09-20T11:18:15.220486+00:00,32394,1047895,3934734,3
2026-09-20T11:18:15.243318+00:00,32395,1047921,3934592,3
2026-09-20T11:18:15.268834+00:00,32396,1047946,3934919,3
2026-09-20T11:18:15.283100+00:00,32397,1047971,3934200,3
2026-09-20T11:18:15.323305+00:00,32398,1047996,3933747,3
2026-09-20T11:18:15.350649+00:00,32399,1048021,3934443,3
2026-09-20T11:18:15.369432+00:00,32400,1048046,3935528,3
2026-09-20T11:18:15.403305+00:00,32401,1048072,3935933,3
2026-09-20T11:18:15.419305+00:00,32402,1048097,3936695,3
2026-09-20T11:18:15.450386+00:00,32403,1048122,3936844,3
2026-09-20T11:18:15.467443+00:00,32404,1048147,3936711,3
2026-09-20T11:18:15.500319+00:00,32405,1048172,3937928,3
2026-09-20T11:18:15.533287+00:00,32406,1048198,3939254,3
2026-09-20T11:18:15.534943+00:00,32407,1048223,3939549,3
2026-09-20T11:18:15.569960+00:00,32408,1048248,3939168,3
2026-09-20T11:18:15.583687+00:00,32409,1048273,3940104,3
2026-09-20T11:18:15.627296+00:00,32410,1048298,3940919,3
2026-09-20T11:18:15.659345+00:00,32411,1048323,3941011,3
2026-09-20T11:18:15.670553+00:00,32412,1048349,3940556,3
2026-09-20T11:18:15.700586+00:00,32413,1048374,3941211,3
2026-09-20T11:18:15.717387+00:00,32414,1048399,3941488,3
2026-09-20T11:18:15.755282+00:00,32415,1048424,3940914,3
2026-09-20T11:18:15.766166+00:00,32416,1048449,3939947,3
2026-09-20T11:18:15.802534+00:00,32417,1048475,3940582,3
2026-09-20T11:18:15.835290+00:00,32418,1048500,3941713,3
2026-09-20T11:18:15.851292+00:00,32419,1048525,3940929,3
2026-09-20T11:18:15.883492+00:00,32420,1048550,3941515,3
2026-09-20T11:18:15.899493+00:00,32421,1048575,3942607,3
2026-09-20T11:18:15.916934+00:00,32422,1048601,3942664,3
2026-09-20T11:18:15.933682+00:00,32423,1048626,3943153,3
2026-09-20T11:18:15.972818+00:00,32424,1048651,3942780,3
2026-09-20T11:18:15.998796+00:00,32425,1048676,3942781,3
2026-09-20T11:18:16.015526+00:00,32426,1048701,3942516,3
2026-09-20T11:18:16.059304+00:00,32427,1048726,3943002,3
2026-09-20T11:18:16.075310+00:00,32428,1048752,3945058,3
2026-09-20T11:18:16.100462+00:00,32429,1048777,3949772,3
2026-09-20T11:18:16.123300+00:00,32430,1048802,3957073,3
2026-09-20T11:18:16.150465+00:00,32431,1048827,3965005,3
2026-09-20T11:18:16.187273+00:00,32432,1048852,3968526,3
2026-09-20T11:18:16.200689+00:00,32433,1048878,3973784,3
2026-09-20T11:18:16.235299+00:00,32434,1048903,3987416,3
2026-09-20T11:18:16.251290+00:00,32435,1048928,4000209,3
2026-09-20T11:18:16.282011+00:00,32436,1048953,4009027,3
2026-09-20T11:18:16.298275+00:00,32437,1048978,4014936,3
2026-09-20T11:18:16.329439+00:00,32438,1049004,4019575,3
2026-09-20T11:18:16.360499+00:00,32439,1049029,4010360,3
2026-09-20T11:18:16.379278+00:00,32440,1049054,3990757,3
2026-09-20T11:18:16.411279+00:00,32441,1049079,3975048,3
2026-09-20T11:18:16.415351+00:00,32442,1049104,3968651,3
2026-09-20T11:18:16.447400+00:00,32443,1049129,3963240,3
2026-09-20T11:18:16.462748+00:00,32444,1049155,3957857,3
2026-09-20T11:18:16.494525+00:00,32445,1049180,3954120,3
2026-09-20T11:18:16.535155+00:00,32446,1049205,3950385,3
2026-09-20T11:18:16.550745+00:00,32447,1049230,3942873,3
2026-09-20T11:18:16.582611+00:00,32448,1049255,3936869,3
2026-09-20T11:18:16.598509+00:00,32449,1049281,3941352,3
2026-09-20T11:18:16.628690+00:00,32450,1049306,3946696,3
2026-09-20T11:18:16.654330+00:00,32451,1049331,3938088,3
2026-09-20T11:18:16.685613+00:00,32452,1049356,3927768,3
2026-09-20T11:18:16.701376+00:00,32453,1049381,3919050,3
2026-09-20T11:18:16.716886+00:00,32454,1049407,3911879,3
2026-09-20T11:18:16.764957+00:00,32455,1049432,3909285,3
2026-09-20T11:18:16.779361+00:00,32456,1049457,3903625,3
2026-09-20T11:18:16.811986+00:00,32457,1049482,3892263,3
2026-09-20T11:18:16.827994+00:00,32458,1049507,3871688,3
2026-09-20T11:18:16.848706+00:00,32459,1049532,3822814,3
2026-09-20T11:18:16.879843+00:00,32460,1049558,3741157,3
2026-09-20T11:18:16.907336+00:00,32461,1049583,3675223,3
2026-09-20T11:18:16.939563+00:00,32462,1049608,3687477,3
2026-09-20T11:18:16.955796+00:00,32463,1049633,3754493,3
2026-09-20T11:18:16.987277+00:00,32464,1049658,3816634,3
2026-09-20T11:18:17.016297+00:00,32465,1049684,3859250,3
2026-09-20T11:18:17.031827+00:00,32466,1049709,3888795,3
2026-09-20T11:18:17.068188+00:00,32467,1049734,3902704,3
2026-09-20T11:18:17.083832+00:00,32468,1049759,3908982,3
2026-09-20T11:18:17.115152+00:00,32469,1049784,3914786,3
2026-09-20T11:18:17.131272+00:00,32470,1049810,3920859,3
2026-09-20T11:18:17.163216+00:00,32471,1049835,3923809,3
2026-09-20T11:18:17.185733+00:00,32472,1049860,3925072,3
2026-09-20T11:18:17.197998+00:00,32473,1049885,3925471,3
2026-09-20T11:18:17.229694+00:00,32474,1049910,3925914,3
2026-09-20T11:18:17.258505+00:00,32475,1049935,3927309,3
2026-09-20T11:18:17.291676+00:00,32476,1049961,3928162,3
2026-09-20T11:18:17.307916+00:00,32477,1049986,3928268,3
2026-09-20T11:18:17.332871+00:00,32478,1050011,3927780,3
2026-09-20T11:18:17.371037+00:00,32479,1050036,3928052,3
2026-09-20T11:18:17.387137+00:00,32480,1050061,3928595,3
2026-09-20T11:18:17.409809+00:00,32481,1050087,3929241,3
2026-09-20T11:18:17.435260+00:00,32482,1050112,3929203,3
2026-09-20T11:18:17.465159+00:00,32483,1050137,3928634,3
2026-09-20T11:18:17.481320+00:00,32484,1050162,3928353,3
2026-09-20T11:18:17.514120+00:00,32485,1050187,3929197,3
2026-09-20T11:18:17.547275+00:00,32486,1050213,3930233,3
2026-09-20T11:18:17.563151+00:00,32487,1050238,3930382,3
2026-09-20T11:18:17.594624+00:00,32488,1050263,3929841,3
2026-09-20T11:18:17.611255+00:00,32489,1050288,3930710,3
2026-09-20T11:18:17.642474+00:00,32490,1050313,3931413,3
2026-09-20T11:18:17.658245+00:00,32491,1050338,3931737,3
2026-09-20T11:18:17.690081+00:00,32492,1050364,3931602,3
2026-09-20T11:18:17.723261+00:00,32493,1050389,3931343,3
2026-09-20T11:18:17.732207+00:00,32494,1050414,3931780,3
2026-09-20T11:18:17.771280+00:00,32495,1050439,3932637,3
2026-09-20T11:18:17.787259+00:00,32496,1050464,3932943,3
2026-09-20T11:18:17.819360+00:00,32497,1050490,3932103,3
2026-09-20T11:18:17.835258+00:00,32498,1050515,3932053,3
2026-09-20T11:18:17.864465+00:00,32499,1050540,3932544,3
2026-09-20T11:18:17.900034+00:00,32500,1050565,3931855,3
2026-09-20T11:18:17.916145+00:00,32501,1050590,3931210,3
2026-09-20T11:18:17.940274+00:00,32502,1050616,3931541,3
2026-09-20T11:18:17.955943+00:00,32503,1050641,3932269,3
2026-09-20T11:18:17.995984+00:00,32504,1050666,3932347,3
2026-09-20T11:18:18.000002+00:00,32505,1050691,3932243,3
2026-09-20T11:18:18.034404+00:00,32506,1050716,3932685,3
2026-09-20T11:18:18.065755+00:00,32507,1050741,3933193,3
2026-09-20T11:18:18.081844+00:00,32508,1050767,3933333,3
2026-09-20T11:18:18.123240+00:00,32509,1050792,3933377,3
2026-09-20T11:18:18.139219+00:00,32510,1050817,3933215,3
2026-09-20T11:18:18.159929+00:00,32511,1050842,3932586,3
2026-09-20T11:18:18.176036+00:00,32512,1050867,3931727,3
2026-09-20T11:18:18.219241+00:00,32513,1050893,3931499,3
2026-09-20T11:18:18.251242+00:00,32514,1050918,3931847,3
2026-09-20T11:18:18.267177+00:00,32515,1050943,3931714,3
2026-09-20T11:18:18.299515+00:00,32516,1050968,3930893,3
2026-09-20T11:18:18.315142+00:00,32517,1050993,3931073,3
2026-09-20T11:18:18.348335+00:00,32518,1051019,3932424,3
2026-09-20T11:18:18.379228+00:00,32519,1051044,3931996,3
2026-09-20T11:18:18.395228+00:00,32520,1051069,3931559,3
2026-09-20T11:18:18.427523+00:00,32521,1051094,3932384,3
2026-09-20T11:18:18.445878+00:00,32522,1051119,3932657,3
2026-09-20T11:18:18.475117+00:00,32523,1051144,3933215,3
2026-09-20T11:18:18.492357+00:00,32524,1051170,3933627,3
2026-09-20T11:18:18.525323+00:00,32525,1051195,3933922,3
2026-09-20T11:18:18.555284+00:00,32526,1051220,3934043,3
2026-09-20T11:18:18.571225+00:00,32527,1051245,3933740,3
2026-09-20T11:18:18.603232+00:00,32528,1051270,3933250,3
2026-09-20T11:18:18.619222+00:00,32529,1051296,3932881,3
2026-09-20T11:18:18.654041+00:00,32530,1051321,3932831,3
2026-09-20T11:18:18.667236+00:00,32531,1051346,3933430,3
2026-09-20T11:18:18.699462+00:00,32532,1051371,3933153,3
2026-09-20T11:18:18.731799+00:00,32533,1051396,3932918,3
2026-09-20T11:18:18.748266+00:00,32534,1051422,3933647,3
2026-09-20T11:18:18.779217+00:00,32535,1051447,3933180,3
2026-09-20T11:18:18.795924+00:00,32536,1051472,3932158,3
2026-09-20T11:18:18.827924+00:00,32537,1051497,3931917,3
2026-09-20T11:18:18.843925+00:00,32538,1051522,3932342,3
2026-09-20T11:18:18.875924+00:00,32539,1051547,3932789,3
2026-09-20T11:18:18.906994+00:00,32540,1051573,3933097,3
2026-09-20T11:18:18.923923+00:00,32541,1051598,3933228,3
2026-09-20T11:18:18.955938+00:00,32542,1051623,3933019,3
2026-09-20T11:18:18.971206+00:00,32543,1051648,3933625,3
2026-09-20T11:18:19.003221+00:00,32544,1051673,3935484,3
2026-09-20T11:18:19.019214+00:00,32545,1051699,3935680,3
2026-09-20T11:18:19.051244+00:00,32546,1051724,3934290,3
2026-09-20T11:18:19.083836+00:00,32547,1051749,3933827,3
2026-09-20T11:18:19.099212+00:00,32548,1051774,3934067,3
2026-09-20T11:18:19.132284+00:00,32549,1051799,3933446,3
2026-09-20T11:18:19.147228+00:00,32550,1051825,3932164,3
2026-09-20T11:18:19.179218+00:00,32551,1051850,3932110,3
2026-09-20T11:18:19.195003+00:00,32552,1051875,3933249,3
2026-09-20T11:18:19.227208+00:00,32553,1051900,3934173,3
2026-09-20T11:18:19.260262+00:00,32554,1051925,3934965,3
2026-09-20T11:18:19.276264+00:00,32555,1051950,3936357,3
2026-09-20T11:18:19.307220+00:00,32556,1051976,3937979,3
2026-09-20T11:18:19.323216+00:00,32557,1052001,3937825,3
2026-09-20T11:18:19.356606+00:00,32558,1052026,3938777,3
2026-09-20T11:18:19.371191+00:00,32559,1052051,3943309,3
2026-09-20T11:18:19.403196+00:00,32560,1052076,3946553,3
2026-09-20T11:18:19.435241+00:00,32561,1052102,3951808,3
2026-09-20T11:18:19.451976+00:00,32562,1052127,3962778,3
2026-09-20T11:18:19.483842+00:00,32563,1052152,3976067,3
2026-09-20T11:18:19.499611+00:00,32564,1052177,3989248,3
2026-09-20T11:18:19.533395+00:00,32565,1052202,4000659,3
2026-09-20T11:18:19.547199+00:00,32566,1052227,4008792,3
2026-09-20T11:18:19.580476+00:00,32567,1052253,4015370,3
2026-09-20T11:18:19.612695+00:00,32568,1052278,4019213,3
2026-09-20T11:18:19.627206+00:00,32569,1052303,4018929,3
2026-09-20T11:18:19.659231+00:00,32570,1052328,4018245,3
2026-09-20T11:18:19.676408+00:00,32571,1052353,4015327,3
2026-09-20T11:18:19.707803+00:00,32572,1052379,4005090,3
2026-09-20T11:18:19.724219+00:00,32573,1052404,3994469,3
2026-09-20T11:18:19.755207+00:00,32574,1052429,3989008,3
2026-09-20T11:18:19.789917+00:00,32575,1052454,3982125,3
2026-09-20T11:18:19.803000+00:00,32576,1052479,3970860,3
2026-09-20T11:18:19.835952+00:00,32577,1052505,3968567,3
2026-09-20T11:18:19.850970+00:00,32578,1052530,3973167,3
2026-09-20T11:18:19.885950+00:00,32579,1052555,3972605,3
2026-09-20T11:18:19.914949+00:00,32580,1052580,3964690,3
2026-09-20T11:18:19.931951+00:00,32581,1052605,3957974,3
2026-09-20T11:18:19.963951+00:00,32582,1052631,3954275,3
2026-09-20T11:18:19.979979+00:00,32583,1052656,3949413,3
2026-09-20T11:18:20.011215+00:00,32584,1052681,3945428,3
2026-09-20T11:18:20.027177+00:00,32585,1052706,3944035,3
2026-09-20T11:18:20.059193+00:00,32586,1052731,3939425,3
2026-09-20T11:18:20.091186+00:00,32587,1052756,3934119,3
2026-09-20T11:18:20.107189+00:00,32588,1052782,3932846,3
2026-09-20T11:18:20.139172+00:00,32589,1052807,3931865,3
2026-09-20T11:18:20.155187+00:00,32590,1052832,3924373,3
2026-09-20T11:18:20.187199+00:00,32591,1052857,3907784,3
2026-09-20T11:18:20.203169+00:00,32592,1052882,3865419,3
2026-09-20T11:18:20.235179+00:00,32593,1052908,3782823,3
2026-09-20T11:18:20.266979+00:00,32594,1052933,3694477,3
2026-09-20T11:18:20.283785+00:00,32595,1052958,3653492,3
2026-09-20T11:18:20.315103+00:00,32596,1052983,3670610,3
2026-09-20T11:18:20.332195+00:00,32597,1053008,3726429,3
2026-09-20T11:18:20.363179+00:00,32598,1053034,3792821,3
2026-09-20T11:18:20.380217+00:00,32599,1053059,3845018,3
2026-09-20T11:18:20.411184+00:00,32600,1053084,3877570,3
2026-09-20T11:18:20.443189+00:00,32601,1053109,3898244,3
2026-09-20T11:18:20.459188+00:00,32602,1053134,3909998,3
2026-09-20T11:18:20.491169+00:00,32603,1053159,3916178,3
2026-09-20T11:18:20.507172+00:00,32604,1053185,3920088,3
2026-09-20T11:18:20.540222+00:00,32605,1053210,3922930,3
2026-09-20T11:18:20.555882+00:00,32606,1053235,3924601,3
2026-09-20T11:18:20.588898+00:00,32607,1053260,3924927,3
2026-09-20T11:18:20.619305+00:00,32608,1053285,3925415,3
2026-09-20T11:18:20.635379+00:00,32609,1053311,3926187,3
2026-09-20T11:18:20.667181+00:00,32610,1053336,3926826,3
2026-09-20T11:18:20.684472+00:00,32611,1053361,3927647,3
2026-09-20T11:18:20.715523+00:00,32612,1053386,3928778,3
2026-09-20T11:18:20.733194+00:00,32613,1053411,3929194,3
2026-09-20T11:18:20.764290+00:00,32614,1053437,3929147,3
2026-09-20T11:18:20.795198+00:00,32615,1053462,3929275,3
2026-09-20T11:18:20.812230+00:00,32616,1053487,3929977,3
2026-09-20T11:18:20.843228+00:00,32617,1053512,3930866,3
2026-09-20T11:18:20.861230+00:00,32618,1053537,3931352,3
2026-09-20T11:18:20.891229+00:00,32619,1053562,3931733,3
2026-09-20T11:18:20.907248+00:00,32620,1053588,3932358,3
2026-09-20T11:18:20.939230+00:00,32621,1053613,3933279,3
2026-09-20T11:18:20.971237+00:00,32622,1053638,3934024,3
2026-09-20T11:18:20.987165+00:00,32623,1053663,3933590,3
2026-09-20T11:18:21.019686+00:00,32624,1053688,3931832,3
2026-09-20T11:18:21.035152+00:00,32625,1053714,3931063,3
2026-09-20T11:18:21.067146+00:00,32626,1053739,3932061,3
2026-09-20T11:18:21.083841+00:00,32627,1053764,3932687,3
2026-09-20T11:18:21.117174+00:00,32628,1053789,3932994,3
2026-09-20T11:18:21.147167+00:00,32629,1053814,3932285,3
2026-09-20T11:18:21.163132+00:00,32630,1053840,3931757,3
2026-09-20T11:18:21.195165+00:00,32631,1053865,3932318,3
2026-09-20T11:18:21.211174+00:00,32632,1053890,3933162,3
2026-09-20T11:18:21.243155+00:00,32633,1053915,3933478,3
2026-09-20T11:18:21.275166+00:00,32634,1053940,3934602,3
2026-09-20T11:18:21.291161+00:00,32635,1053965,3934833,3
2026-09-20T11:18:21.323524+00:00,32636,1053991,3933699,3
2026-09-20T11:18:21.339175+00:00,32637,1054016,3935096,3
2026-09-20T11:18:21.371167+00:00,32638,1054041,3936166,3
2026-09-20T11:18:21.387264+00:00,32639,1054066,3935535,3
2026-09-20T11:18:21.419167+00:00,32640,1054091,3936025,3
2026-09-20T11:18:21.451164+00:00,32641,1054117,3936519,3
2026-09-20T11:18:21.468226+00:00,32642,1054142,3936962,3
2026-09-20T11:18:21.500169+00:00,32643,1054167,3936687,3
2026-09-20T11:18:21.516185+00:00,32644,1054192,3936702,3
2026-09-20T11:18:21.549233+00:00,32645,1054217,3936334,3
2026-09-20T11:18:21.563148+00:00,32646,1054242,3936280,3
2026-09-20T11:18:21.596030+00:00,32647,1054268,3935720,3
2026-09-20T11:18:21.627211+00:00,32648,1054293,3935624,3
2026-09-20T11:18:21.644245+00:00,32649,1054318,3935474,3
2026-09-20T11:18:21.676222+00:00,32650,1054343,3934878,3
2026-09-20T11:18:21.691196+00:00,32651,1054368,3935986,3
2026-09-20T11:18:21.724427+00:00,32652,1054394,3937547,3
2026-09-20T11:18:21.739163+00:00,32653,1054419,3936776,3
2026-09-20T11:18:21.771146+00:00,32654,1054444,3935247,3
2026-09-20T11:18:21.804395+00:00,32655,1054469,3935606,3
2026-09-20T11:18:21.819364+00:00,32656,1054494,3936362,3
2026-09-20T11:18:21.851367+00:00,32657,1054520,3936784,3
2026-09-20T11:18:21.867368+00:00,32658,1054545,3936057,3
2026-09-20T11:18:21.900367+00:00,32659,1054570,3934362,3
2026-09-20T11:18:21.917364+00:00,32660,1054595,3933056,3
2026-09-20T11:18:21.947363+00:00,32661,1054620,3933869,3
2026-09-20T11:18:21.979140+00:00,32662,1054645,3934009,3
2026-09-20T11:18:21.995165+00:00,32663,1054671,3932499,3
2026-09-20T11:18:22.028488+00:00,32664,1054696,3932098,3
2026-09-20T11:18:22.043152+00:00,32665,1054721,3933793,3
2026-09-20T11:18:22.075180+00:00,32666,1054746,3934381,3
2026-09-20T11:18:22.091852+00:00,32667,1054771,3934502,3
2026-09-20T11:18:22.124077+00:00,32668,1054797,3934949,3
2026-09-20T11:18:22.155158+00:00,32669,1054822,3934190,3
2026-09-20T11:18:22.171149+00:00,32670,1054847,3933822,3
2026-09-20T11:18:22.203147+00:00,32671,1054872,3935170,3
2026-09-20T11:18:22.220280+00:00,32672,1054897,3935604,3
2026-09-20T11:18:22.251187+00:00,32673,1054923,3934640,3
2026-09-20T11:18:22.268030+00:00,32674,1054948,3934710,3
2026-09-20T11:18:22.299509+00:00,32675,1054973,3936763,3
2026-09-20T11:18:22.331139+00:00,32676,1054998,3937866,3
2026-09-20T11:18:22.349087+00:00,32677,1055023,3937177,3
2026-09-20T11:18:22.379150+00:00,32678,1055048,3936439,3
2026-09-20T11:18:22.395140+00:00,32679,1055074,3936544,3
2026-09-20T11:18:22.427154+00:00,32680,1055099,3936876,3
2026-09-20T11:18:22.444215+00:00,32681,1055124,3936810,3
2026-09-20T11:18:22.477850+00:00,32682,1055149,3936875,3
2026-09-20T11:18:22.508314+00:00,32683,1055174,3938124,3
2026-09-20T11:18:22.523130+00:00,32684,1055200,3939004,3
2026-09-20T11:18:22.555112+00:00,32685,1055225,3939136,3
2026-09-20T11:18:22.571079+00:00,32686,1055250,3939349,3
2026-09-20T11:18:22.603059+00:00,32687,1055275,3940439,3
2026-09-20T11:18:22.636045+00:00,32688,1055300,3942333,3
2026-09-20T11:18:22.651572+00:00,32689,1055325,3945356,3
2026-09-20T11:18:22.686911+00:00,32690,1055351,3944993,3
2026-09-20T11:18:22.702023+00:00,32691,1055376,3941007,3
2026-09-20T11:18:22.733208+00:00,32692,1055401,3944588,3
2026-09-20T11:18:22.748340+00:00,32693,1055426,3955151,3
2026-09-20T11:18:22.780363+00:00,32694,1055451,3965126,3
2026-09-20T11:18:22.810669+00:00,32695,1055477,3982134,3
2026-09-20T11:18:22.827802+00:00,32696,1055502,4008092,3
2026-09-20T11:18:22.864637+00:00,32697,1055527,4033524,3
2026-09-20T11:18:22.878681+00:00,32698,1055552,4047882,3
2026-09-20T11:18:22.907693+00:00,32699,1055577,4050372,3
2026-09-20T11:18:22.923635+00:00,32700,1055603,4054832,3
2026-09-20T11:18:22.955640+00:00,32701,1055628,4060378,3
2026-09-20T11:18:22.987125+00:00,32702,1055653,4040982,3
2026-09-20T11:18:23.003119+00:00,32703,1055678,4010890,3
2026-09-20T11:18:23.035827+00:00,32704,1055703,4000325,3
2026-09-20T11:18:23.051165+00:00,32705,1055728,3989386,3
2026-09-20T11:18:23.083042+00:00,32706,1055754,3967457,3
2026-09-20T11:18:23.099127+00:00,32707,1055779,3953939,3
2026-09-20T11:18:23.131116+00:00,32708,1055804,3950474,3
2026-09-20T11:18:23.163120+00:00,32709,1055829,3946589,3
2026-09-20T11:18:23.179044+00:00,32710,1055854,3943227,3
2026-09-20T11:18:23.211888+00:00,32711,1055880,3939655,3
2026-09-20T11:18:23.226994+00:00,32712,1055905,3928529,3
2026-09-20T11:18:23.259108+00:00,32713,1055930,3920571,3
2026-09-20T11:18:23.275120+00:00,32714,1055955,3921864,3
2026-09-20T11:18:23.307109+00:00,32715,1055980,3921146,3
2026-09-20T11:18:23.338601+00:00,32716,1056005,3911193,3
2026-09-20T11:18:23.355130+00:00,32717,1056031,3903850,3
2026-09-20T11:18:23.387114+00:00,32718,1056056,3905188,3
2026-09-20T11:18:23.403104+00:00,32719,1056081,3906686,3
2026-09-20T11:18:23.435114+00:00,32720,1056106,3904478,3
2026-09-20T11:18:23.451158+00:00,32721,1056131,3906642,3
2026-09-20T11:18:23.483027+00:00,32722,1056157,3910008,3
2026-09-20T11:18:23.515275+00:00,32723,1056182,3907385,3
2026-09-20T11:18:23.531106+00:00,32724,1056207,3907882,3
2026-09-20T11:18:23.563100+00:00,32725,1056232,3910861,3
2026-09-20T11:18:23.580803+00:00,32726,1056257,3910381,3
2026-09-20T11:18:23.611118+00:00,32727,1056282,3909714,3
2026-09-20T11:18:23.627111+00:00,32728,1056308,3906242,3
2026-09-20T11:18:23.659120+00:00,32729,1056333,3899063,3
2026-09-20T11:18:23.691094+00:00,32730,1056358,3888299,3
2026-09-20T11:18:23.707094+00:00,32731,1056383,3861951,3
2026-09-20T11:18:23.739878+00:00,32732,1056408,3792253,3
2026-09-20T11:18:23.755096+00:00,32733,1056434,3668451,3
2026-09-20T11:18:23.787930+00:00,32734,1056459,3570736,3
2026-09-20T11:18:23.803522+00:00,32735,1056484,3600707,3
2026-09-20T11:18:23.835522+00:00,32736,1056509,3705047,3
2026-09-20T11:18:23.867561+00:00,32737,1056534,3787060,3
2026-09-20T11:18:23.883522+00:00,32738,1056560,3837145,3
2026-09-20T11:18:23.916524+00:00,32739,1056585,3869455,3
2026-09-20T11:18:23.931537+00:00,32740,1056610,3890715,3
2026-09-20T11:18:23.963084+00:00,32741,1056635,3903235,3
2026-09-20T11:18:23.979088+00:00,32742,1056660,3911535,3
2026-09-20T11:18:24.011086+00:00,32743,1056685,3918189,3
2026-09-20T11:18:24.043865+00:00,32744,1056711,3922437,3
2026-09-20T11:18:24.061019+00:00,32745,1056736,3924019,3
2026-09-20T11:18:24.094096+00:00,32746,1056761,3925140,3
2026-09-20T11:18:24.108117+00:00,32747,1056786,3927480,3
2026-09-20T11:18:24.139097+00:00,32748,1056811,3930195,3
2026-09-20T11:18:24.171083+00:00,32749,1056837,3931566,3
2026-09-20T11:18:24.220665+00:00,32750,1056888,3930625,3
2026-09-20T11:18:24.235101+00:00,32751,1056912,3931251,3
2026-09-20T11:18:24.267083+00:00,32752,1056937,3931186,3
2026-09-20T11:18:24.283083+00:00,32753,1056963,3930980,3
2026-09-20T11:18:24.315190+00:00,32754,1056988,3931817,3
2026-09-20T11:18:24.347582+00:00,32755,1057013,3933625,3
2026-09-20T11:18:24.363097+00:00,32756,1057038,3935195,3
2026-09-20T11:18:24.395099+00:00,32757,1057063,3934483,3
2026-09-20T11:18:24.410862+00:00,32758,1057088,3934574,3
2026-09-20T11:18:24.443091+00:00,32759,1057114,3934687,3
2026-09-20T11:18:24.459223+00:00,32760,1057139,3935326,3
2026-09-20T11:18:24.491069+00:00,32761,1057164,3935390,3
2026-09-20T11:18:24.522986+00:00,32762,1057189,3935025,3
2026-09-20T11:18:24.541170+00:00,32763,1057214,3935706,3
2026-09-20T11:18:24.571080+00:00,32764,1057240,3936261,3
2026-09-20T11:18:24.587077+00:00,32765,1057265,3936253,3
2026-09-20T11:18:24.619101+00:00,32766,1057290,3936327,3
2026-09-20T11:18:24.635899+00:00,32767,1057315,3937240,3
2026-09-20T11:18:24.667147+00:00,32768,1057340,3937985,3
2026-09-20T11:18:24.699088+00:00,32769,1057365,3937333,3
2026-09-20T11:18:24.715077+00:00,32770,1057391,3935152,3
2026-09-20T11:18:24.748865+00:00,32771,1057416,3934848,3
2026-09-20T11:18:24.763088+00:00,32772,1057441,3935221,3
2026-09-20T11:18:24.795421+00:00,32773,1057466,3935666,3
2026-09-20T11:18:24.811393+00:00,32774,1057491,3935241,3
2026-09-20T11:18:24.843429+00:00,32775,1057517,3934869,3
2026-09-20T11:18:24.875414+00:00,32776,1057542,3934721,3
2026-09-20T11:18:24.891393+00:00,32777,1057567,3934366,3
2026-09-20T11:18:24.923425+00:00,32778,1057592,3933735,3
2026-09-20T11:18:24.939416+00:00,32779,1057617,3933385,3
2026-09-20T11:18:24.971073+00:00,32780,1057643,3933243,3
2026-09-20T11:18:24.987086+00:00,32781,1057668,3933559,3
2026-09-20T11:18:25.019078+00:00,32782,1057693,3934510,3
2026-09-20T11:18:25.052036+00:00,32783,1057718,3934631,3
2026-09-20T11:18:25.068198+00:00,32784,1057743,3934115,3
2026-09-20T11:18:25.099097+00:00,32785,1057768,3935282,3
2026-09-20T11:18:25.115068+00:00,32786,1057794,3935910,3
2026-09-20T11:18:25.147053+00:00,32787,1057819,3935742,3
2026-09-20T11:18:25.163073+00:00,32788,1057844,3935339,3
2026-09-20T11:18:25.195062+00:00,32789,1057869,3934661,3
2026-09-20T11:18:25.228101+00:00,32790,1057894,3934358,3
2026-09-20T11:18:25.243088+00:00,32791,1057920,3934753,3
2026-09-20T11:18:25.274846+00:00,32792,1057945,3935026,3
2026-09-20T11:18:25.291057+00:00,32793,1057970,3934641,3
2026-09-20T11:18:25.323048+00:00,32794,1057995,3934158,3
2026-09-20T11:18:25.339036+00:00,32795,1058020,3934534,3
2026-09-20T11:18:25.371053+00:00,32796,1058045,3934313,3
2026-09-20T11:18:25.403046+00:00,32797,1058071,3934061,3
2026-09-20T11:18:25.419068+00:00,32798,1058096,3933947,3
2026-09-20T11:18:25.452592+00:00,32799,1058121,3933859,3
2026-09-20T11:18:25.467767+00:00,32800,1058146,3933271,3
2026-09-20T11:18:25.500474+00:00,32801,1058171,3933371,3
2026-09-20T11:18:25.514896+00:00,32802,1058197,3933554,3
2026-09-20T11:18:25.548961+00:00,32803,1058222,3932953,3
2026-09-20T11:18:25.580252+00:00,32804,1058247,3932836,3
2026-09-20T11:18:25.594977+00:00,32805,1058272,3932853,3
2026-09-20T11:18:25.629122+00:00,32806,1058297,3933143,3
2026-09-20T11:18:25.643042+00:00,32807,1058322,3932735,3
2026-09-20T11:18:25.676364+00:00,32808,1058348,3933309,3
2026-09-20T11:18:25.707663+00:00,32809,1058373,3933894,3
2026-09-20T11:18:25.723042+00:00,32810,1058398,3934337,3
2026-09-20T11:18:25.755614+00:00,32811,1058423,3934215,3
2026-09-20T11:18:25.770851+00:00,32812,1058448,3933767,3
2026-09-20T11:18:25.802922+00:00,32813,1058474,3934197,3
2026-09-20T11:18:25.819048+00:00,32814,1058499,3934900,3
2026-09-20T11:18:25.851923+00:00,32815,1058524,3933749,3
2026-09-20T11:18:25.882945+00:00,32816,1058549,3933158,3
2026-09-20T11:18:25.899923+00:00,32817,1058574,3933562,3
2026-09-20T11:18:25.930921+00:00,32818,1058599,3934352,3
2026-09-20T11:18:25.947927+00:00,32819,1058625,3934744,3
2026-09-20T11:18:25.979053+00:00,32820,1058650,3935513,3
2026-09-20T11:18:25.995043+00:00,32821,1058675,3936055,3
2026-09-20T11:18:26.027047+00:00,32822,1058700,3935441,3
2026-09-20T11:18:26.059093+00:00,32823,1058725,3935827,3
2026-09-20T11:18:26.075077+00:00,32824,1058751,3936498,3
2026-09-20T11:18:26.107072+00:00,32825,1058776,3935308,3
2026-09-20T11:18:26.123044+00:00,32826,1058801,3934816,3
2026-09-20T11:18:26.155151+00:00,32827,1058826,3935958,3
2026-09-20T11:18:26.172058+00:00,32828,1058851,3937157,3
2026-09-20T11:18:26.203028+00:00,32829,1058876,3936845,3
2026-09-20T11:18:26.235077+00:00,32830,1058902,3936041,3
2026-09-20T11:18:26.250979+00:00,32831,1058927,3935608,3
2026-09-20T11:18:26.283864+00:00,32832,1058952,3935012,3
2026-09-20T11:18:26.299527+00:00,32833,1058977,3935247,3
2026-09-20T11:18:26.332069+00:00,32834,1059002,3936756,3
2026-09-20T11:18:26.350246+00:00,32835,1059028,3937434,3
2026-09-20T11:18:26.379041+00:00,32836,1059053,3937015,3
2026-09-20T11:18:26.411054+00:00,32837,1059078,3937362,3
2026-09-20T11:18:26.428246+00:00,32838,1059103,3939373,3
2026-09-20T11:18:26.460068+00:00,32839,1059128,3939548,3
2026-09-20T11:18:26.475040+00:00,32840,1059154,3938073,3
2026-09-20T11:18:26.507037+00:00,32841,1059179,3936683,3
2026-09-20T11:18:26.525201+00:00,32842,1059204,3938183,3
2026-09-20T11:18:26.555037+00:00,32843,1059229,3942669,3
2026-09-20T11:18:26.587075+00:00,32844,1059254,3944427,3
2026-09-20T11:18:26.603033+00:00,32845,1059279,3945858,3
2026-09-20T11:18:26.635051+00:00,32846,1059305,3952223,3
2026-09-20T11:18:26.652165+00:00,32847,1059330,3961602,3
2026-09-20T11:18:26.686149+00:00,32848,1059355,3968083,3
2026-09-20T11:18:26.700899+00:00,32849,1059380,3969065,3
2026-09-20T11:18:26.732080+00:00,32850,1059405,3970436,3
2026-09-20T11:18:26.763038+00:00,32851,1059431,3977525,3
2026-09-20T11:18:26.779040+00:00,32852,1059456,3998059,3
2026-09-20T11:18:26.813062+00:00,32853,1059481,4023817,3
2026-09-20T11:18:26.827060+00:00,32854,1059506,4037757,3
2026-09-20T11:18:26.859059+00:00,32855,1059531,4042482,3
2026-09-20T11:18:26.875064+00:00,32856,1059556,4049869,3
2026-09-20T11:18:26.907062+00:00,32857,1059582,4063146,3
2026-09-20T11:18:26.939062+00:00,32858,1059607,4064400,3
2026-09-20T11:18:26.955062+00:00,32859,1059632,4047844,3
2026-09-20T11:18:26.987015+00:00,32860,1059657,4019848,3
2026-09-20T11:18:27.003002+00:00,32861,1059682,3996309,3
2026-09-20T11:18:27.034993+00:00,32862,1059708,3982829,3
2026-09-20T11:18:27.051010+00:00,32863,1059733,3966233,3
2026-09-20T11:18:27.083875+00:00,32864,1059758,3959064,3
2026-09-20T11:18:27.116728+00:00,32865,1059783,3964573,3
2026-09-20T11:18:27.132986+00:00,32866,1059808,3954970,3
2026-09-20T11:18:27.162914+00:00,32867,1059833,3935622,3
2026-09-20T11:18:27.179026+00:00,32868,1059859,3932975,3
2026-09-20T11:18:27.211008+00:00,32869,1059884,3930364,3
2026-09-20T11:18:27.243005+00:00,32870,1059909,3924376,3
2026-09-20T11:18:27.259011+00:00,32871,1059934,3920831,3
2026-09-20T11:18:27.290990+00:00,32872,1059959,3920185,3
2026-09-20T11:18:27.307007+00:00,32873,1059985,3914665,3
2026-09-20T11:18:27.339026+00:00,32874,1060010,3909148,3
2026-09-20T11:18:27.355739+00:00,32875,1060035,3909964,3
2026-09-20T11:18:27.387024+00:00,32876,1060060,3911728,3
2026-09-20T11:18:27.419030+00:00,32877,1060085,3908792,3
2026-09-20T11:18:27.435006+00:00,32878,1060110,3896263,3
2026-09-20T11:18:27.468088+00:00,32879,1060136,3859712,3
2026-09-20T11:18:27.484916+00:00,32880,1060161,3771901,3
2026-09-20T11:18:27.518167+00:00,32881,1060186,3624257,3
2026-09-20T11:18:27.531018+00:00,32882,1060211,3510056,3
2026-09-20T11:18:27.563021+00:00,32883,1060236,3526290,3
2026-09-20T11:18:27.595004+00:00,32884,1060262,3629956,3
2026-09-20T11:18:27.610939+00:00,32885,1060287,3728528,3
2026-09-20T11:18:27.642996+00:00,32886,1060312,3795435,3
2026-09-20T11:18:27.659024+00:00,32887,1060337,3840328,3
2026-09-20T11:18:27.691012+00:00,32888,1060362,3870801,3
2026-09-20T11:18:27.708867+00:00,32889,1060387,3890249,3
2026-09-20T11:18:27.740062+00:00,32890,1060413,3900363,3
2026-09-20T11:18:27.771211+00:00,32891,1060438,3907173,3
2026-09-20T11:18:27.786995+00:00,32892,1060463,3912992,3
2026-09-20T11:18:27.819569+00:00,32893,1060488,3917013,3
2026-09-20T11:18:27.835634+00:00,32894,1060513,3919982,3
2026-09-20T11:18:27.867539+00:00,32895,1060539,3923184,3
2026-09-20T11:18:27.883540+00:00,32896,1060564,3924888,3
2026-09-20T11:18:27.915541+00:00,32897,1060589,3924697,3
2026-09-20T11:18:27.947580+00:00,32898,1060614,3924115,3
2026-09-20T11:18:27.962995+00:00,32899,1060639,3924557,3
2026-09-20T11:18:28.026991+00:00,32900,1060695,3928163,3
2026-09-20T11:18:28.042959+00:00,32901,1060715,3927897,3
2026-09-20T11:18:28.058989+00:00,32902,1060740,3927861,3
2026-09-20T11:18:28.092246+00:00,32903,1060765,3928138,3
2026-09-20T11:18:28.122978+00:00,32904,1060790,3928157,3
2026-09-20T11:18:28.138975+00:00,32905,1060816,3928864,3
2026-09-20T11:18:28.171922+00:00,32906,1060841,3929665,3
2026-09-20T11:18:28.188018+00:00,32907,1060866,3930276,3
2026-09-20T11:18:28.219002+00:00,32908,1060891,3930213,3
2026-09-20T11:18:28.234998+00:00,32909,1060916,3930191,3
2026-09-20T11:18:28.267230+00:00,32910,1060941,3929581,3
2026-09-20T11:18:28.299440+00:00,32911,1060967,3928951,3
2026-09-20T11:18:28.316040+00:00,32912,1060992,3929485,3
2026-09-20T11:18:28.346993+00:00,32913,1061017,3930385,3
2026-09-20T11:18:28.362978+00:00,32914,1061042,3931008,3
2026-09-20T11:18:28.394968+00:00,32915,1061067,3931094,3
2026-09-20T11:18:28.411020+00:00,32916,1061093,3930114,3
2026-09-20T11:18:28.442977+00:00,32917,1061118,3929882,3
2026-09-20T11:18:28.474779+00:00,32918,1061143,3929729,3
2026-09-20T11:18:28.490917+00:00,32919,1061168,3929775,3
2026-09-20T11:18:28.524008+00:00,32920,1061193,3929601,3
2026-09-20T11:18:28.539472+00:00,32921,1061218,3929300,3
2026-09-20T11:18:28.570971+00:00,32922,1061244,3928665,3
2026-09-20T11:18:28.586982+00:00,32923,1061269,3928340,3
2026-09-20T11:18:28.618983+00:00,32924,1061294,3929361,3
2026-09-20T11:18:28.650940+00:00,32925,1061319,3929721,3
2026-09-20T11:18:28.667689+00:00,32926,1061344,3929279,3
2026-09-20T11:18:28.700415+00:00,32927,1061370,3929108,3
2026-09-20T11:18:28.716161+00:00,32928,1061395,3930105,3
2026-09-20T11:18:28.746981+00:00,32929,1061420,3930041,3
2026-09-20T11:18:28.778357+00:00,32930,1061445,3929854,3
2026-09-20T11:18:28.795270+00:00,32931,1061470,3930566,3
2026-09-20T11:18:28.828272+00:00,32932,1061495,3931278,3
2026-09-20T11:18:28.843298+00:00,32933,1061521,3930902,3
2026-09-20T11:18:28.875275+00:00,32934,1061546,3931330,3
2026-09-20T11:18:28.891303+00:00,32935,1061571,3932038,3
2026-09-20T11:18:28.923287+00:00,32936,1061596,3931230,3
2026-09-20T11:18:28.955270+00:00,32937,1061621,3930059,3
2026-09-20T11:18:28.971269+00:00,32938,1061647,3930499,3
2026-09-20T11:18:29.002968+00:00,32939,1061672,3929910,3
2026-09-20T11:18:29.018961+00:00,32940,1061697,3929533,3
2026-09-20T11:18:29.050940+00:00,32941,1061722,3930043,3
2026-09-20T11:18:29.067935+00:00,32942,1061747,3930836,3
2026-09-20T11:18:29.100533+00:00,32943,1061773,3930847,3
2026-09-20T11:18:29.130974+00:00,32944,1061798,3931481,3
2026-09-20T11:18:29.146999+00:00,32945,1061823,3931870,3
2026-09-20T11:18:29.178963+00:00,32946,1061848,3931566,3
2026-09-20T11:18:29.195585+00:00,32947,1061873,3931678,3
2026-09-20T11:18:29.228081+00:00,32948,1061898,3932691,3
2026-09-20T11:18:29.242968+00:00,32949,1061924,3933076,3
2026-09-20T11:18:29.275943+00:00,32950,1061949,3932509,3
2026-09-20T11:18:29.306999+00:00,32951,1061974,3932408,3
2026-09-20T11:18:29.322961+00:00,32952,1061999,3933361,3
2026-09-20T11:18:29.355851+00:00,32953,1062024,3932685,3
2026-09-20T11:18:29.370955+00:00,32954,1062050,3931073,3
2026-09-20T11:18:29.402952+00:00,32955,1062075,3930944,3
2026-09-20T11:18:29.418959+00:00,32956,1062100,3931254,3
2026-09-20T11:18:29.450955+00:00,32957,1062125,3931190,3
2026-09-20T11:18:29.483270+00:00,32958,1062150,3931524,3
2026-09-20T11:18:29.499552+00:00,32959,1062175,3931589,3
2026-09-20T11:18:29.533046+00:00,32960,1062201,3931188,3
2026-09-20T11:18:29.546961+00:00,32961,1062226,3931105,3
2026-09-20T11:18:29.580165+00:00,32962,1062251,3933618,3
2026-09-20T11:18:29.594967+00:00,32963,1062276,3934827,3
2026-09-20T11:18:29.628035+00:00,32964,1062301,3933201,3
2026-09-20T11:18:29.659068+00:00,32965,1062327,3931691,3
2026-09-20T11:18:29.675009+00:00,32966,1062352,3932061,3
2026-09-20T11:18:29.706932+00:00,32967,1062377,3931731,3
2026-09-20T11:18:29.722976+00:00,32968,1062402,3930370,3
2026-09-20T11:18:29.756077+00:00,32969,1062427,3929509,3
2026-09-20T11:18:29.770944+00:00,32970,1062452,3930440,3
2026-09-20T11:18:29.803522+00:00,32971,1062478,3930391,3
2026-09-20T11:18:29.835522+00:00,32972,1062503,3929430,3
2026-09-20T11:18:29.851520+00:00,32973,1062528,3928385,3
2026-09-20T11:18:29.883521+00:00,32974,1062553,3927202,3
2026-09-20T11:18:29.901519+00:00,32975,1062578,3926575,3
2026-09-20T11:18:29.931534+00:00,32976,1062604,3927223,3
2026-09-20T11:18:29.947520+00:00,32977,1062629,3928922,3
2026-09-20T11:18:29.978943+00:00,32978,1062654,3928996,3
2026-09-20T11:18:30.010950+00:00,32979,1062679,3928574,3
2026-09-20T11:18:30.026934+00:00,32980,1062704,3927402,3
2026-09-20T11:18:30.058921+00:00,32981,1062729,3926711,3
2026-09-20T11:18:30.074946+00:00,32982,1062755,3926886,3
2026-09-20T11:18:30.106931+00:00,32983,1062780,3927868,3
2026-09-20T11:18:30.122947+00:00,32984,1062805,3929181,3
2026-09-20T11:18:30.154932+00:00,32985,1062830,3929446,3
2026-09-20T11:18:30.186929+00:00,32986,1062855,3930075,3
2026-09-20T11:18:30.202940+00:00,32987,1062881,3931422,3
2026-09-20T11:18:30.234956+00:00,32988,1062906,3931216,3
2026-09-20T11:18:30.250954+00:00,32989,1062931,3930355,3
2026-09-20T11:18:30.282868+00:00,32990,1062956,3930028,3
2026-09-20T11:18:30.314300+00:00,32991,1062981,3930397,3
2026-09-20T11:18:30.330935+00:00,32992,1063006,3932071,3
2026-09-20T11:18:30.363970+00:00,32993,1063032,3935426,3
2026-09-20T11:18:30.378958+00:00,32994,1063057,3940367,3
2026-09-20T11:18:30.411652+00:00,32995,1063082,3948018,3
2026-09-20T11:18:30.426932+00:00,32996,1063107,3960202,3
2026-09-20T11:18:30.458929+00:00,32997,1063132,3977528,3
2026-09-20T11:18:30.490984+00:00,32998,1063158,3999441,3
2026-09-20T11:18:30.506928+00:00,32999,1063183,4021963,3
2026-09-20T11:18:30.540794+00:00,33000,1063208,4040519,3
2026-09-20T11:18:30.554933+00:00,33001,1063233,4054206,3
2026-09-20T11:18:30.586934+00:00,33002,1063258,4060154,3
2026-09-20T11:18:30.603587+00:00,33003,1063283,4054521,3
2026-09-20T11:18:30.634947+00:00,33004,1063309,4042582,3
2026-09-20T11:18:30.667874+00:00,33005,1063334,4029644,3
2026-09-20T11:18:30.684017+00:00,33006,1063359,4015771,3
2026-09-20T11:18:30.718142+00:00,33007,1063384,4002890,3
2026-09-20T11:18:30.732120+00:00,33008,1063409,3994552,3
2026-09-20T11:18:30.762928+00:00,33009,1063435,3986930,3
2026-09-20T11:18:30.780156+00:00,33010,1063460,3976139,3
2026-09-20T11:18:30.811023+00:00,33011,1063485,3969533,3
2026-09-20T11:18:30.843003+00:00,33012,1063510,3966146,3
2026-09-20T11:18:30.859003+00:00,33013,1063535,3960988,3
2026-09-20T11:18:30.891019+00:00,33014,1063560,3955515,3
2026-09-20T11:18:30.907047+00:00,33015,1063586,3953914,3
2026-09-20T11:18:30.939003+00:00,33016,1063611,3953507,3
2026-09-20T11:18:30.955005+00:00,33017,1063636,3948436,3
2026-09-20T11:18:30.986922+00:00,33018,1063661,3945210,3
2026-09-20T11:18:31.018952+00:00,33019,1063686,3943679,3
2026-09-20T11:18:31.034949+00:00,33020,1063712,3939643,3
2026-09-20T11:18:31.067239+00:00,33021,1063737,3935216,3
2026-09-20T11:18:31.082867+00:00,33022,1063762,3933806,3
2026-09-20T11:18:31.114917+00:00,33023,1063787,3932561,3
2026-09-20T11:18:31.130928+00:00,33024,1063812,3929506,3
2026-09-20T11:18:31.163768+00:00,33025,1063837,3925271,3
2026-09-20T11:18:31.194619+00:00,33026,1063863,3917997,3
2026-09-20T11:18:31.210924+00:00,33027,1063888,3903359,3
2026-09-20T11:18:31.242919+00:00,33028,1063913,3873303,3
2026-09-20T11:18:31.258925+00:00,33029,1063938,3816757,3
2026-09-20T11:18:31.290919+00:00,33030,1063963,3741186,3
2026-09-20T11:18:31.306921+00:00,33031,1063989,3679184,3
2026-09-20T11:18:31.340158+00:00,33032,1064014,3664073,3
2026-09-20T11:18:31.370904+00:00,33033,1064039,3703030,3
2026-09-20T11:18:31.386942+00:00,33034,1064064,3768059,3
2026-09-20T11:18:31.418903+00:00,33035,1064089,3824711,3
2026-09-20T11:18:31.434928+00:00,33036,1064114,3861036,3
2026-09-20T11:18:31.467816+00:00,33037,1064140,3885123,3
2026-09-20T11:18:31.483557+00:00,33038,1064165,3900710,3
2026-09-20T11:18:31.514901+00:00,33039,1064190,3909377,3
2026-09-20T11:18:31.546927+00:00,33040,1064215,3914909,3
2026-09-20T11:18:31.562873+00:00,33041,1064240,3919466,3
2026-09-20T11:18:31.594892+00:00,33042,1064266,3922007,3
2026-09-20T11:18:31.612083+00:00,33043,1064291,3924144,3
2026-09-20T11:18:31.642912+00:00,33044,1064316,3925740,3
2026-09-20T11:18:31.661240+00:00,33045,1064341,3925952,3
2026-09-20T11:18:31.692054+00:00,33046,1064366,3926469,3
2026-09-20T11:18:31.755600+00:00,33047,1064422,3928503,3
2026-09-20T11:18:31.770898+00:00,33048,1064442,3929751,3
2026-09-20T11:18:31.786882+00:00,33049,1064467,3930682,3
2026-09-20T11:18:31.819639+00:00,33050,1064492,3931503,3
2026-09-20T11:18:31.835610+00:00,33051,1064517,3932053,3
2026-09-20T11:18:31.867548+00:00,33052,1064543,3932539,3
2026-09-20T11:18:31.900544+00:00,33053,1064568,3932939,3
2026-09-20T11:18:31.915545+00:00,33054,1064593,3932561,3
2026-09-20T11:18:31.947546+00:00,33055,1064618,3932447,3
2026-09-20T11:18:31.963588+00:00,33056,1064643,3931924,3
2026-09-20T11:18:31.994893+00:00,33057,1064668,3931344,3
2026-09-20T11:18:32.026904+00:00,33058,1064694,3931140,3
2026-09-20T11:18:32.042884+00:00,33059,1064719,3931248,3
2026-09-20T11:18:32.074895+00:00,33060,1064744,3931602,3
2026-09-20T11:18:32.091524+00:00,33061,1064769,3932068,3
2026-09-20T11:18:32.122886+00:00,33062,1064794,3932431,3
2026-09-20T11:18:32.138913+00:00,33063,1064820,3932201,3
2026-09-20T11:18:32.170922+00:00,33064,1064845,3931677,3
2026-09-20T11:18:32.202541+00:00,33065,1064870,3931598,3
2026-09-20T11:18:32.218906+00:00,33066,1064895,3931813,3
2026-09-20T11:18:32.250843+00:00,33067,1064920,3931587,3
2026-09-20T11:18:32.266886+00:00,33068,1064945,3930733,3
2026-09-20T11:18:32.299090+00:00,33069,1064971,3931313,3
2026-09-20T11:18:32.314874+00:00,33070,1064996,3932446,3
2026-09-20T11:18:32.347589+00:00,33071,1065021,3933117,3
2026-09-20T11:18:32.378891+00:00,33072,1065046,3932698,3
2026-09-20T11:18:32.396165+00:00,33073,1065071,3932168,3
2026-09-20T11:18:32.427986+00:00,33074,1065097,3932388,3
2026-09-20T11:18:32.444082+00:00,33075,1065122,3932932,3
2026-09-20T11:18:32.476980+00:00,33076,1065147,3933017,3
2026-09-20T11:18:32.492478+00:00,33077,1065172,3932714,3
2026-09-20T11:18:32.522865+00:00,33078,1065197,3931728,3
2026-09-20T11:18:32.554895+00:00,33079,1065222,3931691,3
2026-09-20T11:18:32.570860+00:00,33080,1065248,3931474,3
2026-09-20T11:18:32.602831+00:00,33081,1065273,3931764,3
2026-09-20T11:18:32.618879+00:00,33082,1065298,3933097,3
2026-09-20T11:18:32.650923+00:00,33083,1065323,3933496,3
2026-09-20T11:18:32.668230+00:00,33084,1065348,3932951,3
2026-09-20T11:18:32.699871+00:00,33085,1065374,3932408,3
2026-09-20T11:18:32.731926+00:00,33086,1065399,3932690,3
2026-09-20T11:18:32.746870+00:00,33087,1065424,3932463,3
2026-09-20T11:18:32.778858+00:00,33088,1065449,3932035,3
2026-09-20T11:18:32.794885+00:00,33089,1065474,3932643,3
2026-09-20T11:18:32.826909+00:00,33090,1065500,3932496,3
2026-09-20T11:18:32.842907+00:00,33091,1065525,3932360,3
2026-09-20T11:18:32.874909+00:00,33092,1065550,3932060,3
2026-09-20T11:18:32.906909+00:00,33093,1065575,3932157,3
2026-09-20T11:18:32.922916+00:00,33094,1065600,3933008,3
2026-09-20T11:18:32.955914+00:00,33095,1065625,3933770,3
2026-09-20T11:18:32.970857+00:00,33096,1065651,3933520,3
2026-09-20T11:18:33.002862+00:00,33097,1065676,3932500,3
2026-09-20T11:18:33.018868+00:00,33098,1065701,3932802,3
2026-09-20T11:18:33.051568+00:00,33099,1065726,3933136,3
2026-09-20T11:18:33.082705+00:00,33100,1065751,3932828,3
2026-09-20T11:18:33.098883+00:00,33101,1065777,3932890,3
2026-09-20T11:18:33.131991+00:00,33102,1065802,3932833,3
2026-09-20T11:18:33.146851+00:00,33103,1065827,3933405,3
2026-09-20T11:18:33.178753+00:00,33104,1065852,3933754,3
2026-09-20T11:18:33.194875+00:00,33105,1065877,3932586,3
2026-09-20T11:18:33.226866+00:00,33106,1065902,3932108,3
2026-09-20T11:18:33.258850+00:00,33107,1065928,3932885,3
2026-09-20T11:18:33.274856+00:00,33108,1065953,3933751,3
2026-09-20T11:18:33.306868+00:00,33109,1065978,3933579,3
2026-09-20T11:18:33.324053+00:00,33110,1066003,3933292,3
2026-09-20T11:18:33.355558+00:00,33111,1066028,3933436,3
2026-09-20T11:18:33.370843+00:00,33112,1066054,3932982,3
2026-09-20T11:18:33.403039+00:00,33113,1066079,3933395,3
2026-09-20T11:18:33.434878+00:00,33114,1066104,3934025,3
2026-09-20T11:18:33.450866+00:00,33115,1066129,3932968,3
2026-09-20T11:18:33.482886+00:00,33116,1066154,3932662,3
2026-09-20T11:18:33.500612+00:00,33117,1066179,3932846,3
2026-09-20T11:18:33.533100+00:00,33118,1066205,3933122,3
2026-09-20T11:18:33.562843+00:00,33119,1066230,3934177,3
2026-09-20T11:18:33.579886+00:00,33120,1066255,3934508,3
2026-09-20T11:18:33.610856+00:00,33121,1066280,3933570,3
2026-09-20T11:18:33.626855+00:00,33122,1066305,3932809,3
2026-09-20T11:18:33.658849+00:00,33123,1066331,3932948,3
2026-09-20T11:18:33.674845+00:00,33124,1066356,3933317,3
2026-09-20T11:18:33.706854+00:00,33125,1066381,3933367,3
2026-09-20T11:18:33.739766+00:00,33126,1066406,3933622,3
2026-09-20T11:18:33.755566+00:00,33127,1066431,3934032,3
2026-09-20T11:18:33.787276+00:00,33128,1066456,3934831,3
2026-09-20T11:18:33.803274+00:00,33129,1066482,3935280,3
2026-09-20T11:18:33.835275+00:00,33130,1066507,3934623,3
2026-09-20T11:18:33.851273+00:00,33131,1066532,3933447,3
2026-09-20T11:18:33.883274+00:00,33132,1066557,3933339,3
2026-09-20T11:18:33.915276+00:00,33133,1066582,3933358,3
2026-09-20T11:18:33.931276+00:00,33134,1066608,3933122,3
2026-09-20T11:18:33.962846+00:00,33135,1066633,3933839,3
2026-09-20T11:18:33.978852+00:00,33136,1066658,3934927,3
2026-09-20T11:18:34.010781+00:00,33137,1066683,3935752,3
2026-09-20T11:18:34.026837+00:00,33138,1066708,3936039,3
2026-09-20T11:18:34.058836+00:00,33139,1066733,3936352,3
2026-09-20T11:18:34.090836+00:00,33140,1066759,3937763,3
2026-09-20T11:18:34.108862+00:00,33141,1066784,3938261,3
2026-09-20T11:18:34.138838+00:00,33142,1066809,3936133,3
2026-09-20T11:18:34.154836+00:00,33143,1066834,3935505,3
2026-09-20T11:18:34.186905+00:00,33144,1066859,3935680,3
2026-09-20T11:18:34.202817+00:00,33145,1066885,3935125,3
2026-09-20T11:18:34.234847+00:00,33146,1066910,3937007,3
2026-09-20T11:18:34.266871+00:00,33147,1066935,3941225,3
2026-09-20T11:18:34.282500+00:00,33148,1066960,3945780,3
2026-09-20T11:18:34.314865+00:00,33149,1066985,3953495,3
2026-09-20T11:18:34.330841+00:00,33150,1067011,3961215,3
2026-09-20T11:18:34.362839+00:00,33151,1067036,3966566,3
2026-09-20T11:18:34.378843+00:00,33152,1067061,3972010,3
2026-09-20T11:18:34.410819+00:00,33153,1067086,3979486,3
2026-09-20T11:18:34.445955+00:00,33154,1067111,3989470,3
2026-09-20T11:18:34.458821+00:00,33155,1067136,4002089,3
2026-09-20T11:18:34.491960+00:00,33156,1067162,4016958,3
2026-09-20T11:18:34.507865+00:00,33157,1067187,4029411,3
2026-09-20T11:18:34.538815+00:00,33158,1067212,4039662,3
2026-09-20T11:18:34.554833+00:00,33159,1067237,4044025,3
2026-09-20T11:18:34.587941+00:00,33160,1067262,4042208,3
2026-09-20T11:18:34.618828+00:00,33161,1067288,4030026,3
2026-09-20T11:18:34.634770+00:00,33162,1067313,4014086,3
2026-09-20T11:18:34.666749+00:00,33163,1067338,4008367,3
2026-09-20T11:18:34.682825+00:00,33164,1067363,4007220,3
2026-09-20T11:18:34.715861+00:00,33165,1067388,3996308,3
2026-09-20T11:18:34.730813+00:00,33166,1067413,3979018,3
2026-09-20T11:18:34.763864+00:00,33167,1067439,3965542,3
2026-09-20T11:18:34.794824+00:00,33168,1067464,3959931,3
2026-09-20T11:18:34.811880+00:00,33169,1067489,3955033,3
2026-09-20T11:18:34.842850+00:00,33170,1067514,3945830,3
2026-09-20T11:18:34.858865+00:00,33171,1067539,3939884,3
2026-09-20T11:18:34.890850+00:00,33172,1067565,3937648,3
2026-09-20T11:18:34.906850+00:00,33173,1067590,3936876,3
2026-09-20T11:18:34.938851+00:00,33174,1067615,3935431,3
2026-09-20T11:18:34.970993+00:00,33175,1067640,3933533,3
2026-09-20T11:18:34.986830+00:00,33176,1067665,3934927,3
2026-09-20T11:18:35.018820+00:00,33177,1067690,3934387,3
2026-09-20T11:18:35.034796+00:00,33178,1067716,3927571,3
2026-09-20T11:18:35.067218+00:00,33179,1067741,3919744,3
2026-09-20T11:18:35.098472+00:00,33180,1067766,3909586,3
2026-09-20T11:18:35.114822+00:00,33181,1067791,3885897,3
2026-09-20T11:18:35.146806+00:00,33182,1067816,3830357,3
2026-09-20T11:18:35.163426+00:00,33183,1067842,3749657,3
2026-09-20T11:18:35.194815+00:00,33184,1067867,3682963,3
2026-09-20T11:18:35.210997+00:00,33185,1067892,3660983,3
2026-09-20T11:18:35.242800+00:00,33186,1067917,3692713,3
2026-09-20T11:18:35.274816+00:00,33187,1067942,3758123,3
2026-09-20T11:18:35.290820+00:00,33188,1067967,3821530,3
2026-09-20T11:18:35.322811+00:00,33189,1067993,3865795,3
2026-09-20T11:18:35.338801+00:00,33190,1068018,3892486,3
2026-09-20T11:18:35.370746+00:00,33191,1068043,3907211,3
2026-09-20T11:18:35.386822+00:00,33192,1068068,3914183,3
2026-09-20T11:18:35.418861+00:00,33193,1068093,3918222,3
2026-09-20T11:18:35.451168+00:00,33194,1068119,3922054,3
2026-09-20T11:18:35.467701+00:00,33195,1068144,3924623,3
2026-09-20T11:18:35.499550+00:00,33196,1068169,3926238,3
2026-09-20T11:18:35.517906+00:00,33197,1068194,3927169,3
2026-09-20T11:18:35.546809+00:00,33198,1068219,3928180,3
2026-09-20T11:18:35.562870+00:00,33199,1068245,3930164,3
2026-09-20T11:18:35.626821+00:00,33200,1068297,3930119,3
2026-09-20T11:18:35.642833+00:00,33201,1068320,3930623,3
2026-09-20T11:18:35.675264+00:00,33202,1068345,3931916,3
2026-09-20T11:18:35.690955+00:00,33203,1068370,3932849,3
2026-09-20T11:18:35.722799+00:00,33204,1068396,3933320,3
2026-09-20T11:18:35.739458+00:00,33205,1068421,3933308,3
2026-09-20T11:18:35.770826+00:00,33206,1068446,3932478,3
2026-09-20T11:18:35.802836+00:00,33207,1068471,3932271,3
2026-09-20T11:18:35.819654+00:00,33208,1068496,3933047,3
2026-09-20T11:18:35.851653+00:00,33209,1068522,3932283,3
2026-09-20T11:18:35.867655+00:00,33210,1068547,3931969,3
2026-09-20T11:18:35.899656+00:00,33211,1068572,3932476,3
2026-09-20T11:18:35.915652+00:00,33212,1068597,3933028,3
2026-09-20T11:18:35.946651+00:00,33213,1068622,3933240,3
2026-09-20T11:18:35.978653+00:00,33214,1068647,3932668,3
2026-09-20T11:18:35.994787+00:00,33215,1068673,3932446,3
2026-09-20T11:18:36.026792+00:00,33216,1068698,3932613,3
2026-09-20T11:18:36.042784+00:00,33217,1068723,3932882,3
2026-09-20T11:18:36.074786+00:00,33218,1068748,3932925,3
2026-09-20T11:18:36.090785+00:00,33219,1068773,3932569,3
2026-09-20T11:18:36.122778+00:00,33220,1068799,3932607,3
2026-09-20T11:18:36.156020+00:00,33221,1068824,3932476,3
2026-09-20T11:18:36.171652+00:00,33222,1068849,3932875,3
2026-09-20T11:18:36.202776+00:00,33223,1068874,3933003,3
2026-09-20T11:18:36.220230+00:00,33224,1068899,3932518,3
2026-09-20T11:18:36.250799+00:00,33225,1068924,3932094,3
2026-09-20T11:18:36.267437+00:00,33226,1068950,3932200,3
2026-09-20T11:18:36.299555+00:00,33227,1068975,3933025,3
2026-09-20T11:18:36.330795+00:00,33228,1069000,3933312,3
2026-09-20T11:18:36.346775+00:00,33229,1069025,3932617,3
2026-09-20T11:18:36.379162+00:00,33230,1069050,3932858,3
2026-09-20T11:18:36.394547+00:00,33231,1069076,3933895,3
2026-09-20T11:18:36.426797+00:00,33232,1069101,3934410,3
2026-09-20T11:18:36.442778+00:00,33233,1069126,3934029,3
2026-09-20T11:18:36.476038+00:00,33234,1069151,3933102,3
2026-09-20T11:18:36.507362+00:00,33235,1069176,3932601,3
2026-09-20T11:18:36.522778+00:00,33236,1069201,3933405,3
2026-09-20T11:18:36.554752+00:00,33237,1069227,3933789,3
2026-09-20T11:18:36.570776+00:00,33238,1069252,3933495,3
2026-09-20T11:18:36.602773+00:00,33239,1069277,3933311,3
2026-09-20T11:18:36.634857+00:00,33240,1069302,3932607,3
2026-09-20T11:18:36.652626+00:00,33241,1069327,3932551,3
2026-09-20T11:18:36.683062+00:00,33242,1069353,3933152,3
2026-09-20T11:18:36.698786+00:00,33243,1069378,3932815,3
2026-09-20T11:18:36.732817+00:00,33244,1069403,3932609,3
2026-09-20T11:18:36.748044+00:00,33245,1069428,3933069,3
2026-09-20T11:18:36.778857+00:00,33246,1069453,3933676,3
2026-09-20T11:18:36.810953+00:00,33247,1069478,3934334,3
2026-09-20T11:18:36.826955+00:00,33248,1069504,3934242,3
2026-09-20T11:18:36.858958+00:00,33249,1069529,3933635,3
2026-09-20T11:18:36.874955+00:00,33250,1069554,3933910,3
2026-09-20T11:18:36.906956+00:00,33251,1069579,3934085,3
2026-09-20T11:18:36.922980+00:00,33252,1069604,3933880,3
2026-09-20T11:18:36.954955+00:00,33253,1069630,3933510,3
2026-09-20T11:18:36.986768+00:00,33254,1069655,3933036,3
2026-09-20T11:18:37.002776+00:00,33255,1069680,3933074,3
2026-09-20T11:18:37.034767+00:00,33256,1069705,3933391,3
2026-09-20T11:18:37.050915+00:00,33257,1069730,3933546,3
2026-09-20T11:18:37.083630+00:00,33258,1069756,3933177,3
2026-09-20T11:18:37.098529+00:00,33259,1069781,3933612,3
2026-09-20T11:18:37.131552+00:00,33260,1069806,3933812,3
2026-09-20T11:18:37.162774+00:00,33261,1069831,3933417,3
2026-09-20T11:18:37.178758+00:00,33262,1069856,3933788,3
2026-09-20T11:18:37.210779+00:00,33263,1069881,3934520,3
2026-09-20T11:18:37.227792+00:00,33264,1069907,3934992,3
2026-09-20T11:18:37.258757+00:00,33265,1069932,3934108,3
2026-09-20T11:18:37.274764+00:00,33266,1069957,3933724,3
2026-09-20T11:18:37.306755+00:00,33267,1069982,3933943,3
2026-09-20T11:18:37.338759+00:00,33268,1070007,3933708,3
2026-09-20T11:18:37.354752+00:00,33269,1070033,3933122,3
2026-09-20T11:18:37.386769+00:00,33270,1070058,3933436,3
2026-09-20T11:18:37.402749+00:00,33271,1070083,3933585,3
2026-09-20T11:18:37.434773+00:00,33272,1070108,3934073,3
2026-09-20T11:18:37.450753+00:00,33273,1070133,3933966,3
2026-09-20T11:18:37.485057+00:00,33274,1070158,3934128,3
2026-09-20T11:18:37.516865+00:00,33275,1070184,3934510,3
2026-09-20T11:18:37.531806+00:00,33276,1070209,3933910,3
2026-09-20T11:18:37.563977+00:00,33277,1070234,3933253,3
2026-09-20T11:18:37.578765+00:00,33278,1070259,3934161,3
2026-09-20T11:18:37.610760+00:00,33279,1070284,3934331,3
2026-09-20T11:18:37.628040+00:00,33280,1070310,3934334,3
2026-09-20T11:18:37.661998+00:00,33281,1070335,3934303,3
2026-09-20T11:18:37.691851+00:00,33282,1070360,3934483,3
2026-09-20T11:18:37.706792+00:00,33283,1070385,3934097,3
2026-09-20T11:18:37.738735+00:00,33284,1070410,3934011,3
2026-09-20T11:18:37.756121+00:00,33285,1070435,3934231,3
2026-09-20T11:18:37.786907+00:00,33286,1070461,3933465,3
2026-09-20T11:18:37.803906+00:00,33287,1070486,3933139,3
2026-09-20T11:18:37.834906+00:00,33288,1070511,3933482,3
2026-09-20T11:18:37.866907+00:00,33289,1070536,3933670,3
2026-09-20T11:18:37.882910+00:00,33290,1070561,3933468,3
2026-09-20T11:18:37.916907+00:00,33291,1070587,3933412,3
2026-09-20T11:18:37.931906+00:00,33292,1070612,3933596,3
2026-09-20T11:18:37.962739+00:00,33293,1070637,3934225,3
2026-09-20T11:18:37.978702+00:00,33294,1070662,3934028,3
2026-09-20T11:18:38.010754+00:00,33295,1070687,3934104,3
2026-09-20T11:18:38.042724+00:00,33296,1070712,3933732,3
2026-09-20T11:18:38.058745+00:00,33297,1070738,3933736,3
2026-09-20T11:18:38.090738+00:00,33298,1070763,3934085,3
2026-09-20T11:18:38.106750+00:00,33299,1070788,3934029,3
2026-09-20T11:18:38.138741+00:00,33300,1070813,3933873,3
2026-09-20T11:18:38.170729+00:00,33301,1070838,3933977,3
2026-09-20T11:18:38.186727+00:00,33302,1070864,3933711,3
2026-09-20T11:18:38.218738+00:00,33303,1070889,3933498,3
2026-09-20T11:18:38.234760+00:00,33304,1070914,3933685,3
2026-09-20T11:18:38.266731+00:00,33305,1070939,3934270,3
2026-09-20T11:18:38.282903+00:00,33306,1070964,3934127,3
2026-09-20T11:18:38.314709+00:00,33307,1070990,3933910,3
2026-09-20T11:18:38.346727+00:00,33308,1071015,3933690,3
2026-09-20T11:18:38.362727+00:00,33309,1071040,3933540,3
2026-09-20T11:18:38.395792+00:00,33310,1071065,3933790,3
2026-09-20T11:18:38.410730+00:00,33311,1071090,3933813,3
2026-09-20T11:18:38.443817+00:00,33312,1071115,3933600,3
2026-09-20T11:18:38.453149+00:00,33313,1071141,3933924,3
2026-09-20T11:18:38.481937+00:00,33314,1071166,3934488,3
2026-09-20T11:18:38.521548+00:00,33315,1071191,3934609,3
2026-09-20T11:18:38.538069+00:00,33316,1071216,3933825,3
2026-09-20T11:18:38.569427+00:00,33317,1071241,3933847,3
2026-09-20T11:18:38.585045+00:00,33318,1071267,3933848,3
2026-09-20T11:18:38.619590+00:00,33319,1071292,3934141,3
2026-09-20T11:18:38.629764+00:00,33320,1071317,3934436,3
2026-09-20T11:18:38.664766+00:00,33321,1071342,3934360,3
2026-09-20T11:18:38.699452+00:00,33322,1071367,3934917,3
2026-09-20T11:18:38.717778+00:00,33323,1071392,3934780,3
2026-09-20T11:18:38.737583+00:00,33324,1071418,3934868,3
2026-09-20T11:18:38.754993+00:00,33325,1071443,3935093,3
2026-09-20T11:18:38.794979+00:00,33326,1071468,3935784,3
2026-09-20T11:18:38.810890+00:00,33327,1071493,3936084,3
2026-09-20T11:18:38.842658+00:00,33328,1071518,3935825,3
2026-09-20T11:18:38.861593+00:00,33329,1071544,3936209,3
2026-09-20T11:18:38.891412+00:00,33330,1071569,3936005,3
2026-09-20T11:18:38.917318+00:00,33331,1071594,3935710,3
2026-09-20T11:18:38.939580+00:00,33332,1071619,3935763,3
2026-09-20T11:18:38.970702+00:00,33333,1071644,3936113,3
2026-09-20T11:18:38.984018+00:00,33334,1071669,3936672,3
2026-09-20T11:18:39.018710+00:00,33335,1071695,3936945,3
2026-09-20T11:18:39.049652+00:00,33336,1071720,3936120,3
2026-09-20T11:18:39.066389+00:00,33337,1071745,3935637,3
2026-09-20T11:18:39.097705+00:00,33338,1071770,3935875,3
2026-09-20T11:18:39.113780+00:00,33339,1071795,3936784,3
2026-09-20T11:18:39.146738+00:00,33340,1071821,3937392,3
2026-09-20T11:18:39.163174+00:00,33341,1071846,3939234,3
2026-09-20T11:18:39.194691+00:00,33342,1071871,3941723,3
2026-09-20T11:18:39.226740+00:00,33343,1071896,3941582,3
2026-09-20T11:18:39.242699+00:00,33344,1071921,3939427,3
2026-09-20T11:18:39.274706+00:00,33345,1071947,3938005,3
2026-09-20T11:18:39.285679+00:00,33346,1071972,3937162,3
2026-09-20T11:18:39.322697+00:00,33347,1071997,3936818,3
2026-09-20T11:18:39.332760+00:00,33348,1072022,3936668,3
2026-09-20T11:18:39.367117+00:00,33349,1072047,3937634,3
2026-09-20T11:18:39.402005+00:00,33350,1072072,3942760,3
2026-09-20T11:18:39.417874+00:00,33351,1072098,3950956,3
2026-09-20T11:18:39.450122+00:00,33352,1072123,3956674,3
2026-09-20T11:18:39.467545+00:00,33353,1072148,3963652,3
2026-09-20T11:18:39.499374+00:00,33354,1072173,3971858,3
2026-09-20T11:18:39.515578+00:00,33355,1072198,3985039,3
2026-09-20T11:18:39.533968+00:00,33356,1072224,4005721,3
2026-09-20T11:18:39.578704+00:00,33357,1072249,4025469,3
2026-09-20T11:18:39.594716+00:00,33358,1072274,4041184,3
2026-09-20T11:18:39.618119+00:00,33359,1072299,4057259,3
2026-09-20T11:18:39.635389+00:00,33360,1072324,4069818,3
2026-09-20T11:18:39.668362+00:00,33361,1072349,4069363,3
2026-09-20T11:18:39.700766+00:00,33362,1072375,4061880,3
2026-09-20T11:18:39.723009+00:00,33363,1072400,4058003,3
2026-09-20T11:18:39.751151+00:00,33364,1072425,4049423,3
2026-09-20T11:18:39.764957+00:00,33365,1072450,4028003,3
2026-09-20T11:18:39.799242+00:00,33366,1072475,4009845,3
2026-09-20T11:18:39.818714+00:00,33367,1072501,4000491,3
2026-09-20T11:18:39.849230+00:00,33368,1072526,3991193,3
2026-09-20T11:18:39.881896+00:00,33369,1072551,3981645,3
2026-09-20T11:18:39.885671+00:00,33370,1072576,3977060,3
2026-09-20T11:18:39.932238+00:00,33371,1072601,3970971,3
2026-09-20T11:18:39.940210+00:00,33372,1072626,3962047,3
2026-09-20T11:18:39.966149+00:00,33373,1072652,3953419,3
2026-09-20T11:18:39.994704+00:00,33374,1072677,3945492,3
2026-09-20T11:18:40.016188+00:00,33375,1072702,3939159,3
2026-09-20T11:18:40.050695+00:00,33376,1072727,3933702,3
2026-09-20T11:18:40.074702+00:00,33377,1072752,3925901,3
2026-09-20T11:18:40.099332+00:00,33378,1072778,3912269,3
2026-09-20T11:18:40.122689+00:00,33379,1072803,3881082,3
2026-09-20T11:18:40.154700+00:00,33380,1072828,3822477,3
2026-09-20T11:18:40.166744+00:00,33381,1072853,3742529,3
2026-09-20T11:18:40.200487+00:00,33382,1072878,3677986,3
2026-09-20T11:18:40.234752+00:00,33383,1072904,3655421,3
2026-09-20T11:18:40.250827+00:00,33384,1072929,3679367,3
2026-09-20T11:18:40.282925+00:00,33385,1072954,3737913,3
2026-09-20T11:18:40.284103+00:00,33386,1072979,3804794,3
2026-09-20T11:18:40.331006+00:00,33387,1073004,3855358,3
2026-09-20T11:18:40.346685+00:00,33388,1073029,3884886,3
2026-09-20T11:18:40.378504+00:00,33389,1073055,3902644,3
2026-09-20T11:18:40.410734+00:00,33390,1073080,3912961,3
2026-09-20T11:18:40.417166+00:00,33391,1073105,3919178,3
2026-09-20T11:18:40.448554+00:00,33392,1073130,3922654,3
2026-09-20T11:18:40.474679+00:00,33393,1073155,3925420,3
2026-09-20T11:18:40.507955+00:00,33394,1073181,3927379,3
2026-09-20T11:18:40.524736+00:00,33395,1073206,3929171,3
2026-09-20T11:18:40.553989+00:00,33396,1073231,3929877,3
2026-09-20T11:18:40.583973+00:00,33397,1073256,3930388,3
2026-09-20T11:18:40.631385+00:00,33398,1073307,3933462,3
2026-09-20T11:18:40.647453+00:00,33399,1073332,3933303,3
2026-09-20T11:18:40.683596+00:00,33400,1073357,3933628,3
2026-09-20T11:18:40.698537+00:00,33401,1073382,3933944,3
2026-09-20T11:18:40.730690+00:00,33402,1073407,3934138,3
2026-09-20T11:18:40.753932+00:00,33403,1073432,3934147,3
2026-09-20T11:18:40.770946+00:00,33404,1073458,3934359,3
2026-09-20T11:18:40.810689+00:00,33405,1073483,3935379,3
2026-09-20T11:18:40.826670+00:00,33406,1073508,3935272,3
2026-09-20T11:18:40.850666+00:00,33407,1073533,3934978,3
2026-09-20T11:18:40.871300+00:00,33408,1073558,3934886,3
2026-09-20T11:18:40.906584+00:00,33409,1073584,3934516,3
2026-09-20T11:18:40.925290+00:00,33410,1073609,3933838,3
2026-09-20T11:18:40.940912+00:00,33411,1073634,3933736,3
2026-09-20T11:18:40.982852+00:00,33412,1073659,3934068,3
2026-09-20T11:18:41.001560+00:00,33413,1073684,3934489,3
2026-09-20T11:18:41.034635+00:00,33414,1073709,3934633,3
2026-09-20T11:18:41.048574+00:00,33415,1073735,3934264,3
2026-09-20T11:18:41.080909+00:00,33416,1073760,3933839,3
2026-09-20T11:18:41.114650+00:00,33417,1073785,3934097,3
2026-09-20T11:18:41.129555+00:00,33418,1073810,3933756,3
2026-09-20T11:18:41.161650+00:00,33419,1073835,3933414,3
2026-09-20T11:18:41.173438+00:00,33420,1073861,3933475,3
2026-09-20T11:18:41.205667+00:00,33421,1073886,3933780,3
2026-09-20T11:18:41.237764+00:00,33422,1073911,3934212,3
2026-09-20T11:18:41.253946+00:00,33423,1073936,3934539,3
2026-09-20T11:18:41.285243+00:00,33424,1073961,3934772,3
2026-09-20T11:18:41.300880+00:00,33425,1073986,3935392,3
2026-09-20T11:18:41.338661+00:00,33426,1074012,3934737,3
2026-09-20T11:18:41.348050+00:00,33427,1074037,3934762,3
2026-09-20T11:18:41.380730+00:00,33428,1074062,3935842,3
2026-09-20T11:18:41.414044+00:00,33429,1074087,3935784,3
2026-09-20T11:18:41.428584+00:00,33430,1074112,3934449,3
2026-09-20T11:18:41.456461+00:00,33431,1074138,3934293,3
2026-09-20T11:18:41.476198+00:00,33432,1074163,3936099,3
2026-09-20T11:18:41.504830+00:00,33433,1074188,3937723,3
2026-09-20T11:18:41.519750+00:00,33434,1074213,3937442,3
2026-09-20T11:18:41.562646+00:00,33435,1074238,3936580,3
2026-09-20T11:18:41.582087+00:00,33436,1074264,3937297,3
2026-09-20T11:18:41.598279+00:00,33437,1074289,3936389,3
2026-09-20T11:18:41.629505+00:00,33438,1074314,3935455,3
2026-09-20T11:18:41.644695+00:00,33439,1074339,3935416,3
2026-09-20T11:18:41.690777+00:00,33440,1074364,3935223,3
2026-09-20T11:18:41.706654+00:00,33441,1074389,3935163,3
2026-09-20T11:18:41.738646+00:00,33442,1074415,3935363,3
2026-09-20T11:18:41.770643+00:00,33443,1074440,3935099,3
2026-09-20T11:18:41.785148+00:00,33444,1074465,3935057,3
2026-09-20T11:18:41.818534+00:00,33445,1074490,3935812,3
2026-09-20T11:18:41.835364+00:00,33446,1074515,3936021,3
2026-09-20T11:18:41.866608+00:00,33447,1074541,3936275,3
2026-09-20T11:18:41.882660+00:00,33448,1074566,3936527,3
2026-09-20T11:18:41.910374+00:00,33449,1074591,3936399,3
2026-09-20T11:18:41.941625+00:00,33450,1074616,3935615,3
2026-09-20T11:18:41.957250+00:00,33451,1074641,3935126,3
2026-09-20T11:18:41.994643+00:00,33452,1074667,3935493,3
2026-09-20T11:18:42.003944+00:00,33453,1074692,3935880,3
2026-09-20T11:18:42.036067+00:00,33454,1074717,3936547,3
2026-09-20T11:18:42.052925+00:00,33455,1074742,3938111,3
2026-09-20T11:18:42.090632+00:00,33456,1074767,3938415,3
2026-09-20T11:18:42.113884+00:00,33457,1074792,3936899,3
2026-09-20T11:18:42.129661+00:00,33458,1074818,3936158,3
2026-09-20T11:18:42.160760+00:00,33459,1074843,3937637,3
2026-09-20T11:18:42.181060+00:00,33460,1074868,3937670,3
2026-09-20T11:18:42.218641+00:00,33461,1074893,3936499,3
2026-09-20T11:18:42.234644+00:00,33462,1074918,3935766,3
2026-09-20T11:18:42.253754+00:00,33463,1074944,3936251,3
2026-09-20T11:18:42.286347+00:00,33464,1074969,3936846,3
2026-09-20T11:18:42.314638+00:00,33465,1074994,3937190,3
2026-09-20T11:18:42.346806+00:00,33466,1075019,3937522,3
2026-09-20T11:18:42.362644+00:00,33467,1075044,3937048,3
2026-09-20T11:18:42.395193+00:00,33468,1075069,3936211,3
2026-09-20T11:18:42.410651+00:00,33469,1075095,3934532,3
2026-09-20T11:18:42.442633+00:00,33470,1075120,3933568,3
2026-09-20T11:18:42.474618+00:00,33471,1075145,3933170,3
2026-09-20T11:18:42.490623+00:00,33472,1075170,3933366,3
2026-09-20T11:18:42.522450+00:00,33473,1075195,3934623,3
2026-09-20T11:18:42.539667+00:00,33474,1075221,3935187,3
2026-09-20T11:18:42.571628+00:00,33475,1075246,3934889,3
2026-09-20T11:18:42.602611+00:00,33476,1075271,3933700,3
2026-09-20T11:18:42.618588+00:00,33477,1075296,3933506,3
2026-09-20T11:18:42.651860+00:00,33478,1075321,3934307,3
2026-09-20T11:18:42.667320+00:00,33479,1075346,3935174,3
2026-09-20T11:18:42.699600+00:00,33480,1075372,3933884,3
2026-09-20T11:18:42.717707+00:00,33481,1075397,3932800,3
2026-09-20T11:18:42.746622+00:00,33482,1075422,3934139,3
2026-09-20T11:18:42.778645+00:00,33483,1075447,3934513,3
2026-09-20T11:18:42.795663+00:00,33484,1075472,3934853,3
2026-09-20T11:18:42.826661+00:00,33485,1075498,3935276,3
2026-09-20T11:18:42.842660+00:00,33486,1075523,3935826,3
2026-09-20T11:18:42.874661+00:00,33487,1075548,3935762,3
2026-09-20T11:18:42.890660+00:00,33488,1075573,3934901,3
2026-09-20T11:18:42.922660+00:00,33489,1075598,3935280,3
2026-09-20T11:18:42.954661+00:00,33490,1075623,3936370,3
2026-09-20T11:18:42.970604+00:00,33491,1075649,3936249,3
2026-09-20T11:18:43.002625+00:00,33492,1075674,3935509,3
2026-09-20T11:18:43.019295+00:00,33493,1075699,3934946,3
2026-09-20T11:18:43.050582+00:00,33494,1075724,3934693,3
2026-09-20T11:18:43.066621+00:00,33495,1075749,3933616,3
2026-09-20T11:18:43.099399+00:00,33496,1075775,3933021,3
2026-09-20T11:18:43.130621+00:00,33497,1075800,3933909,3
2026-09-20T11:18:43.146617+00:00,33498,1075825,3935449,3
2026-09-20T11:18:43.178494+00:00,33499,1075850,3936153,3
2026-09-20T11:18:43.194501+00:00,33500,1075875,3935870,3
2026-09-20T11:18:43.226619+00:00,33501,1075901,3935102,3
2026-09-20T11:18:43.242621+00:00,33502,1075926,3935286,3
2026-09-20T11:18:43.274611+00:00,33503,1075951,3935191,3
2026-09-20T11:18:43.306474+00:00,33504,1075976,3934685,3
2026-09-20T11:18:43.322619+00:00,33505,1076001,3934846,3
2026-09-20T11:18:43.355635+00:00,33506,1076026,3935955,3
2026-09-20T11:18:43.370587+00:00,33507,1076052,3935714,3
2026-09-20T11:18:43.402599+00:00,33508,1076077,3935680,3
2026-09-20T11:18:43.418613+00:00,33509,1076102,3936106,3
2026-09-20T11:18:43.452689+00:00,33510,1076127,3936466,3
2026-09-20T11:18:43.483938+00:00,33511,1076152,3936317,3
2026-09-20T11:18:43.498557+00:00,33512,1076178,3936189,3
2026-09-20T11:18:43.530633+00:00,33513,1076203,3936709,3
2026-09-20T11:18:43.546609+00:00,33514,1076228,3937362,3
2026-09-20T11:18:43.579754+00:00,33515,1076253,3937846,3
2026-09-20T11:18:43.594599+00:00,33516,1076278,3938128,3
2026-09-20T11:18:43.627501+00:00,33517,1076304,3937824,3
2026-09-20T11:18:43.658614+00:00,33518,1076329,3937063,3
2026-09-20T11:18:43.674606+00:00,33519,1076354,3937620,3
2026-09-20T11:18:43.706584+00:00,33520,1076379,3938324,3
2026-09-20T11:18:43.722572+00:00,33521,1076404,3937957,3
2026-09-20T11:18:43.754590+00:00,33522,1076429,3937069,3
2026-09-20T11:18:43.770592+00:00,33523,1076455,3937372,3
2026-09-20T11:18:43.802585+00:00,33524,1076480,3937166,3
2026-09-20T11:18:43.835162+00:00,33525,1076505,3936361,3
2026-09-20T11:18:43.851160+00:00,33526,1076530,3935955,3
2026-09-20T11:18:43.883162+00:00,33527,1076555,3935866,3
2026-09-20T11:18:43.899163+00:00,33528,1076581,3935439,3
2026-09-20T11:18:43.931160+00:00,33529,1076606,3934891,3
2026-09-20T11:18:43.947189+00:00,33530,1076631,3934636,3
2026-09-20T11:18:43.979163+00:00,33531,1076656,3934802,3
2026-09-20T11:18:44.010584+00:00,33532,1076681,3935707,3
2026-09-20T11:18:44.026589+00:00,33533,1076706,3936256,3
2026-09-20T11:18:44.058588+00:00,33534,1076732,3936674,3
2026-09-20T11:18:44.074585+00:00,33535,1076757,3936902,3
2026-09-20T11:18:44.106595+00:00,33536,1076782,3937147,3
2026-09-20T11:18:44.138580+00:00,33537,1076807,3938147,3
2026-09-20T11:18:44.154587+00:00,33538,1076832,3939232,3
2026-09-20T11:18:44.186578+00:00,33539,1076858,3940977,3
2026-09-20T11:18:44.202576+00:00,33540,1076883,3944755,3
2026-09-20T11:18:44.234597+00:00,33541,1076908,3950239,3
2026-09-20T11:18:44.250912+00:00,33542,1076933,3956947,3
2026-09-20T11:18:44.282588+00:00,33543,1076958,3964381,3
2026-09-20T11:18:44.314584+00:00,33544,1076983,3975501,3
2026-09-20T11:18:44.331137+00:00,33545,1077009,3988495,3
2026-09-20T11:18:44.362589+00:00,33546,1077034,4000862,3
2026-09-20T11:18:44.378596+00:00,33547,1077059,4011901,3
2026-09-20T11:18:44.410678+00:00,33548,1077084,4025191,3
2026-09-20T11:18:44.426732+00:00,33549,1077109,4040630,3
2026-09-20T11:18:44.461677+00:00,33550,1077135,4052941,3
2026-09-20T11:18:44.490591+00:00,33551,1077160,4060369,3
2026-09-20T11:18:44.506582+00:00,33552,1077185,4059525,3
2026-09-20T11:18:44.538593+00:00,33553,1077210,4053534,3
2026-09-20T11:18:44.554578+00:00,33554,1077235,4049400,3
2026-09-20T11:18:44.587832+00:00,33555,1077261,4044897,3
2026-09-20T11:18:44.603628+00:00,33556,1077286,4034716,3
2026-09-20T11:18:44.634580+00:00,33557,1077311,4016584,3
2026-09-20T11:18:44.666560+00:00,33558,1077336,3996650,3
2026-09-20T11:18:44.682930+00:00,33559,1077361,3987114,3
2026-09-20T11:18:44.715633+00:00,33560,1077386,3984150,3
2026-09-20T11:18:44.732826+00:00,33561,1077412,3980991,3
2026-09-20T11:18:44.762598+00:00,33562,1077437,3969653,3
2026-09-20T11:18:44.778572+00:00,33563,1077462,3953433,3
2026-09-20T11:18:44.812612+00:00,33564,1077487,3942619,3
2026-09-20T11:18:44.842610+00:00,33565,1077512,3935457,3
2026-09-20T11:18:44.859614+00:00,33566,1077538,3934516,3
2026-09-20T11:18:44.891613+00:00,33567,1077563,3935714,3
2026-09-20T11:18:44.907613+00:00,33568,1077588,3929288,3
2026-09-20T11:18:44.938610+00:00,33569,1077613,3912951,3
2026-09-20T11:18:44.954610+00:00,33570,1077638,3900515,3
2026-09-20T11:18:44.986568+00:00,33571,1077663,3893316,3
2026-09-20T11:18:45.018648+00:00,33572,1077689,3879889,3
2026-09-20T11:18:45.036239+00:00,33573,1077714,3843078,3
2026-09-20T11:18:45.067603+00:00,33574,1077739,3779061,3
2026-09-20T11:18:45.082818+00:00,33575,1077764,3716799,3
2026-09-20T11:18:45.114568+00:00,33576,1077789,3684977,3
2026-09-20T11:18:45.133027+00:00,33577,1077815,3697256,3
2026-09-20T11:18:45.164724+00:00,33578,1077840,3742295,3
2026-09-20T11:18:45.194535+00:00,33579,1077865,3794128,3
2026-09-20T11:18:45.210572+00:00,33580,1077890,3839185,3
2026-09-20T11:18:45.242631+00:00,33581,1077915,3874409,3
2026-09-20T11:18:45.258545+00:00,33582,1077940,3896423,3
2026-09-20T11:18:45.290551+00:00,33583,1077966,3908719,3
2026-09-20T11:18:45.306534+00:00,33584,1077991,3916584,3
2026-09-20T11:18:45.338566+00:00,33585,1078016,3921447,3
2026-09-20T11:18:45.370554+00:00,33586,1078041,3923836,3
2026-09-20T11:18:45.386541+00:00,33587,1078066,3925574,3
2026-09-20T11:18:45.418264+00:00,33588,1078092,3926517,3
2026-09-20T11:18:45.434625+00:00,33589,1078117,3927555,3
2026-09-20T11:18:45.467274+00:00,33590,1078142,3928827,3
2026-09-20T11:18:45.483949+00:00,33591,1078167,3929387,3
2026-09-20T11:18:45.549871+00:00,33592,1078224,3931101,3
2026-09-20T11:18:45.563481+00:00,33593,1078243,3932359,3
2026-09-20T11:18:45.595747+00:00,33594,1078268,3933260,3
2026-09-20T11:18:45.612714+00:00,33595,1078293,3933893,3
2026-09-20T11:18:45.642568+00:00,33596,1078318,3934055,3
2026-09-20T11:18:45.675674+00:00,33597,1078343,3933259,3
2026-09-20T11:18:45.692631+00:00,33598,1078369,3932428,3
2026-09-20T11:18:45.722563+00:00,33599,1078394,3932949,3
2026-09-20T11:18:45.738648+00:00,33600,1078419,3933241,3
2026-09-20T11:18:45.771142+00:00,33601,1078444,3933656,3
2026-09-20T11:18:45.786935+00:00,33602,1078469,3933667,3
2026-09-20T11:18:45.818991+00:00,33603,1078495,3933374,3
2026-09-20T11:18:45.850948+00:00,33604,1078520,3933107,3
2026-09-20T11:18:45.866937+00:00,33605,1078545,3933048,3
2026-09-20T11:18:45.899940+00:00,33606,1078570,3933662,3
2026-09-20T11:18:45.915934+00:00,33607,1078595,3934323,3
2026-09-20T11:18:45.946936+00:00,33608,1078620,3934056,3
2026-09-20T11:18:45.962935+00:00,33609,1078646,3934973,3
2026-09-20T11:18:45.994524+00:00,33610,1078671,3935016,3
2026-09-20T11:18:46.026553+00:00,33611,1078696,3934908,3
2026-09-20T11:18:46.042531+00:00,33612,1078721,3935252,3
2026-09-20T11:18:46.074542+00:00,33613,1078746,3935248,3
2026-09-20T11:18:46.090488+00:00,33614,1078772,3935541,3
2026-09-20T11:18:46.123659+00:00,33615,1078797,3935389,3
2026-09-20T11:18:46.138551+00:00,33616,1078822,3934072,3
2026-09-20T11:18:46.170539+00:00,33617,1078847,3933570,3
2026-09-20T11:18:46.202538+00:00,33618,1078872,3934492,3
2026-09-20T11:18:46.219705+00:00,33619,1078897,3934985,3
2026-09-20T11:18:46.250484+00:00,33620,1078923,3935036,3
2026-09-20T11:18:46.266533+00:00,33621,1078948,3935139,3
2026-09-20T11:18:46.299955+00:00,33622,1078973,3935255,3
2026-09-20T11:18:46.314971+00:00,33623,1078998,3935565,3
2026-09-20T11:18:46.346547+00:00,33624,1079023,3935340,3
2026-09-20T11:18:46.378534+00:00,33625,1079049,3935296,3
2026-09-20T11:18:46.394528+00:00,33626,1079074,3935194,3
2026-09-20T11:18:46.426882+00:00,33627,1079099,3935657,3
2026-09-20T11:18:46.442541+00:00,33628,1079124,3935952,3
2026-09-20T11:18:46.474570+00:00,33629,1079149,3936008,3
2026-09-20T11:18:46.490529+00:00,33630,1079175,3936374,3
2026-09-20T11:18:46.522517+00:00,33631,1079200,3936452,3
2026-09-20T11:18:46.554531+00:00,33632,1079225,3936306,3
2026-09-20T11:18:46.570536+00:00,33633,1079250,3936511,3
2026-09-20T11:18:46.602651+00:00,33634,1079275,3936614,3
2026-09-20T11:18:46.619252+00:00,33635,1079300,3936713,3
2026-09-20T11:18:46.654468+00:00,33636,1079326,3937222,3
2026-09-20T11:18:46.668324+00:00,33637,1079351,3937180,3
2026-09-20T11:18:46.698513+00:00,33638,1079376,3937303,3
2026-09-20T11:18:46.730530+00:00,33639,1079401,3938082,3
2026-09-20T11:18:46.747549+00:00,33640,1079426,3938095,3
2026-09-20T11:18:46.779754+00:00,33641,1079452,3937234,3
2026-09-20T11:18:46.796797+00:00,33642,1079477,3937096,3
2026-09-20T11:18:46.827626+00:00,33643,1079502,3936882,3
2026-09-20T11:18:46.842623+00:00,33644,1079527,3937252,3
2026-09-20T11:18:46.874622+00:00,33645,1079552,3937132,3
2026-09-20T11:18:46.906622+00:00,33646,1079578,3936689,3
2026-09-20T11:18:46.923595+00:00,33647,1079603,3936147,3
2026-09-20T11:18:46.955629+00:00,33648,1079628,3935980,3
2026-09-20T11:18:46.970988+00:00,33649,1079653,3936718,3
2026-09-20T11:18:47.002517+00:00,33650,1079678,3936955,3
2026-09-20T11:18:47.018541+00:00,33651,1079703,3937373,3
2026-09-20T11:18:47.050597+00:00,33652,1079729,3937201,3
2026-09-20T11:18:47.082931+00:00,33653,1079754,3936744,3
2026-09-20T11:18:47.099570+00:00,33654,1079779,3936327,3
2026-09-20T11:18:47.130493+00:00,33655,1079804,3936338,3
2026-09-20T11:18:47.146509+00:00,33656,1079829,3936815,3
2026-09-20T11:18:47.178516+00:00,33657,1079855,3936441,3
2026-09-20T11:18:47.210514+00:00,33658,1079880,3936780,3
2026-09-20T11:18:47.226565+00:00,33659,1079905,3937720,3
2026-09-20T11:18:47.258328+00:00,33660,1079930,3937216,3
2026-09-20T11:18:47.274512+00:00,33661,1079955,3937104,3
2026-09-20T11:18:47.306389+00:00,33662,1079980,3936789,3
2026-09-20T11:18:47.322515+00:00,33663,1080006,3936279,3
2026-09-20T11:18:47.355506+00:00,33664,1080031,3935841,3
2026-09-20T11:18:47.386514+00:00,33665,1080056,3936869,3
2026-09-20T11:18:47.402499+00:00,33666,1080081,3937415,3
2026-09-20T11:18:47.434929+00:00,33667,1080106,3935808,3
2026-09-20T11:18:47.451595+00:00,33668,1080132,3934942,3
2026-09-20T11:18:47.482916+00:00,33669,1080157,3934947,3
2026-09-20T11:18:47.498902+00:00,33670,1080182,3934259,3
2026-09-20T11:18:47.530498+00:00,33671,1080207,3933668,3
2026-09-20T11:18:47.562540+00:00,33672,1080232,3933448,3
2026-09-20T11:18:47.578511+00:00,33673,1080258,3933716,3
2026-09-20T11:18:47.610502+00:00,33674,1080283,3934443,3
2026-09-20T11:18:47.627726+00:00,33675,1080308,3934885,3
2026-09-20T11:18:47.658494+00:00,33676,1080333,3934590,3
2026-09-20T11:18:47.674494+00:00,33677,1080358,3934657,3
2026-09-20T11:18:47.706418+00:00,33678,1080383,3935902,3
2026-09-20T11:18:47.738319+00:00,33679,1080409,3937246,3
2026-09-20T11:18:47.754495+00:00,33680,1080434,3936612,3
2026-09-20T11:18:47.787528+00:00,33681,1080459,3934813,3
2026-09-20T11:18:47.803221+00:00,33682,1080484,3934446,3
2026-09-20T11:18:47.835115+00:00,33683,1080509,3935956,3
2026-09-20T11:18:47.851193+00:00,33684,1080535,3935883,3
2026-09-20T11:18:47.884111+00:00,33685,1080560,3935446,3
2026-09-20T11:18:47.915121+00:00,33686,1080585,3935474,3
2026-09-20T11:18:47.931126+00:00,33687,1080610,3936075,3
2026-09-20T11:18:47.963127+00:00,33688,1080635,3935872,3
2026-09-20T11:18:47.978491+00:00,33689,1080660,3935228,3
2026-09-20T11:18:48.010491+00:00,33690,1080686,3933729,3
2026-09-20T11:18:48.026490+00:00,33691,1080711,3931600,3
2026-09-20T11:18:48.058484+00:00,33692,1080736,3931111,3
2026-09-20T11:18:48.090492+00:00,33693,1080761,3932135,3
2026-09-20T11:18:48.106521+00:00,33694,1080786,3933887,3
2026-09-20T11:18:48.138480+00:00,33695,1080812,3934684,3
2026-09-20T11:18:48.154461+00:00,33696,1080837,3934438,3
2026-09-20T11:18:48.186472+00:00,33697,1080862,3934839,3
2026-09-20T11:18:48.202495+00:00,33698,1080887,3934895,3
2026-09-20T11:18:48.234476+00:00,33699,1080912,3934601,3
2026-09-20T11:18:48.266269+00:00,33700,1080937,3935115,3
2026-09-20T11:18:48.283072+00:00,33701,1080963,3937060,3
2026-09-20T11:18:48.315518+00:00,33702,1080988,3937573,3
2026-09-20T11:18:48.331294+00:00,33703,1081013,3937229,3
2026-09-20T11:18:48.362671+00:00,33704,1081038,3938500,3
2026-09-20T11:18:48.378475+00:00,33705,1081063,3939618,3
2026-09-20T11:18:48.410491+00:00,33706,1081089,3939135,3
2026-09-20T11:18:48.442403+00:00,33707,1081114,3938546,3
2026-09-20T11:18:48.458471+00:00,33708,1081139,3938218,3
2026-09-20T11:18:48.491527+00:00,33709,1081164,3938300,3
2026-09-20T11:18:48.506544+00:00,33710,1081189,3939010,3
2026-09-20T11:18:48.539594+00:00,33711,1081214,3939486,3
2026-09-20T11:18:48.570430+00:00,33712,1081240,3939647,3
2026-09-20T11:18:48.587128+00:00,33713,1081265,3938197,3
2026-09-20T11:18:48.619356+00:00,33714,1081290,3936589,3
2026-09-20T11:18:48.635059+00:00,33715,1081315,3936613,3
2026-09-20T11:18:48.667560+00:00,33716,1081340,3937812,3
2026-09-20T11:18:48.686974+00:00,33717,1081366,3939196,3
2026-09-20T11:18:48.716554+00:00,33718,1081391,3939621,3
2026-09-20T11:18:48.746522+00:00,33719,1081416,3938857,3
2026-09-20T11:18:48.762496+00:00,33720,1081441,3939052,3
2026-09-20T11:18:48.794476+00:00,33721,1081466,3939690,3
2026-09-20T11:18:48.812504+00:00,33722,1081492,3939752,3
2026-09-20T11:18:48.842501+00:00,33723,1081517,3939183,3
2026-09-20T11:18:48.858501+00:00,33724,1081542,3938859,3
2026-09-20T11:18:48.890500+00:00,33725,1081567,3938759,3
2026-09-20T11:18:48.922502+00:00,33726,1081592,3939499,3
2026-09-20T11:18:48.938500+00:00,33727,1081617,3940538,3
2026-09-20T11:18:48.970530+00:00,33728,1081643,3940578,3
2026-09-20T11:18:48.986470+00:00,33729,1081668,3939692,3
2026-09-20T11:18:49.018487+00:00,33730,1081693,3940068,3
2026-09-20T11:18:49.034712+00:00,33731,1081718,3939849,3
2026-09-20T11:18:49.067255+00:00,33732,1081743,3939544,3
2026-09-20T11:18:49.098482+00:00,33733,1081769,3939502,3
2026-09-20T11:18:49.114472+00:00,33734,1081794,3939799,3
2026-09-20T11:18:49.146485+00:00,33735,1081819,3939794,3
2026-09-20T11:18:49.162444+00:00,33736,1081844,3941163,3
2026-09-20T11:18:49.194479+00:00,33737,1081869,3942133,3
2026-09-20T11:18:49.210491+00:00,33738,1081894,3940674,3
2026-09-20T11:18:49.242458+00:00,33739,1081920,3939739,3
2026-09-20T11:18:49.273894+00:00,33740,1081945,3941883,3
2026-09-20T11:18:49.290451+00:00,33741,1081970,3942912,3
2026-09-20T11:18:49.322440+00:00,33742,1081995,3944132,3
2026-09-20T11:18:49.339533+00:00,33743,1082020,3951164,3
2026-09-20T11:18:49.370455+00:00,33744,1082046,3958554,3
2026-09-20T11:18:49.392785+00:00,33745,1082071,3961369,3
2026-09-20T11:18:49.423278+00:00,33746,1082096,3972214,3
2026-09-20T11:18:49.451301+00:00,33747,1082121,3989951,3
2026-09-20T11:18:49.467281+00:00,33748,1082146,4005135,3
2026-09-20T11:18:49.499503+00:00,33749,1082172,4010635,3
2026-09-20T11:18:49.515496+00:00,33750,1082197,4016569,3
2026-09-20T11:18:49.546458+00:00,33751,1082222,4041019,3
2026-09-20T11:18:49.562452+00:00,33752,1082247,4059784,3
2026-09-20T11:18:49.594457+00:00,33753,1082272,4048960,3
2026-09-20T11:18:49.626453+00:00,33754,1082297,4030048,3
2026-09-20T11:18:49.644424+00:00,33755,1082323,4002858,3
2026-09-20T11:18:49.675651+00:00,33756,1082348,3981545,3
2026-09-20T11:18:49.690446+00:00,33757,1082373,3982163,3
2026-09-20T11:18:49.723821+00:00,33758,1082398,3969629,3
2026-09-20T11:18:49.739263+00:00,33759,1082423,3949222,3
2026-09-20T11:18:49.770448+00:00,33760,1082449,3944343,3
2026-09-20T11:18:49.802491+00:00,33761,1082474,3942604,3
2026-09-20T11:18:49.819490+00:00,33762,1082499,3934142,3
2026-09-20T11:18:49.851489+00:00,33763,1082524,3931599,3
2026-09-20T11:18:49.866490+00:00,33764,1082549,3927671,3
2026-09-20T11:18:49.898488+00:00,33765,1082575,3912681,3
2026-09-20T11:18:49.914489+00:00,33766,1082600,3875689,3
2026-09-20T11:18:49.946514+00:00,33767,1082625,3787571,3
2026-09-20T11:18:49.978436+00:00,33768,1082650,3650967,3
2026-09-20T11:18:49.994466+00:00,33769,1082675,3546522,3
2026-09-20T11:18:50.026435+00:00,33770,1082700,3565633,3
2026-09-20T11:18:50.042437+00:00,33771,1082726,3664899,3
2026-09-20T11:18:50.074458+00:00,33772,1082751,3756527,3
2026-09-20T11:18:50.106438+00:00,33773,1082776,3816881,3
2026-09-20T11:18:50.122435+00:00,33774,1082801,3857148,3
2026-09-20T11:18:50.154435+00:00,33775,1082826,3886553,3
2026-09-20T11:18:50.170431+00:00,33776,1082852,3904325,3
2026-09-20T11:18:50.202436+00:00,33777,1082877,3912653,3
2026-09-20T11:18:50.218434+00:00,33778,1082902,3917465,3
2026-09-20T11:18:50.250386+00:00,33779,1082927,3921546,3
2026-09-20T11:18:50.282789+00:00,33780,1082952,3925227,3
2026-09-20T11:18:50.299200+00:00,33781,1082978,3927472,3
2026-09-20T11:18:50.332468+00:00,33782,1083003,3927916,3
2026-09-20T11:18:50.347703+00:00,33783,1083028,3928214,3
2026-09-20T11:18:50.379628+00:00,33784,1083053,3929130,3
2026-09-20T11:18:50.398236+00:00,33785,1083078,3930085,3
2026-09-20T11:18:50.459454+00:00,33786,1083131,3930461,3
2026-09-20T11:18:50.475024+00:00,33787,1083154,3930958,3
2026-09-20T11:18:50.506411+00:00,33788,1083179,3932464,3
2026-09-20T11:18:50.522420+00:00,33789,1083204,3933494,3
2026-09-20T11:18:50.554409+00:00,33790,1083229,3933549,3
2026-09-20T11:18:50.570245+00:00,33791,1083255,3932703,3
2026-09-20T11:18:50.602479+00:00,33792,1083280,3932614,3
2026-09-20T11:18:50.634445+00:00,33793,1083305,3932958,3
2026-09-20T11:18:50.653608+00:00,33794,1083330,3933495,3
2026-09-20T11:18:50.682933+00:00,33795,1083355,3933146,3
2026-09-20T11:18:50.698421+00:00,33796,1083381,3932417,3
2026-09-20T11:18:50.730411+00:00,33797,1083406,3932051,3
2026-09-20T11:18:50.747391+00:00,33798,1083431,3932176,3
2026-09-20T11:18:50.778418+00:00,33799,1083456,3932425,3
2026-09-20T11:18:50.811375+00:00,33800,1083481,3932565,3
2026-09-20T11:18:50.827379+00:00,33801,1083506,3932977,3
2026-09-20T11:18:50.858422+00:00,33802,1083532,3932709,3
2026-09-20T11:18:50.874425+00:00,33803,1083557,3932569,3
2026-09-20T11:18:50.906376+00:00,33804,1083582,3932572,3
2026-09-20T11:18:50.922410+00:00,33805,1083607,3932924,3
2026-09-20T11:18:50.954381+00:00,33806,1083632,3933227,3
2026-09-20T11:18:50.986406+00:00,33807,1083658,3932789,3
2026-09-20T11:18:51.002413+00:00,33808,1083683,3932164,3
2026-09-20T11:18:51.034422+00:00,33809,1083708,3932419,3
2026-09-20T11:18:51.050611+00:00,33810,1083733,3932528,3
2026-09-20T11:18:51.082250+00:00,33811,1083758,3932636,3
2026-09-20T11:18:51.098920+00:00,33812,1083784,3932582,3
2026-09-20T11:18:51.130400+00:00,33813,1083809,3932803,3
2026-09-20T11:18:51.162348+00:00,33814,1083834,3933114,3
2026-09-20T11:18:51.178409+00:00,33815,1083859,3932578,3
2026-09-20T11:18:51.211174+00:00,33816,1083884,3932930,3
2026-09-20T11:18:51.226405+00:00,33817,1083909,3933904,3
2026-09-20T11:18:51.258402+00:00,33818,1083935,3933671,3
2026-09-20T11:18:51.274416+00:00,33819,1083960,3932877,3
2026-09-20T11:18:51.306414+00:00,33820,1083985,3932527,3
2026-09-20T11:18:51.338370+00:00,33821,1084010,3933431,3
2026-09-20T11:18:51.354404+00:00,33822,1084035,3934057,3
2026-09-20T11:18:51.386399+00:00,33823,1084061,3933765,3
2026-09-20T11:18:51.403416+00:00,33824,1084086,3932086,3
2026-09-20T11:18:51.434404+00:00,33825,1084111,3931402,3
2026-09-20T11:18:51.466261+00:00,33826,1084136,3933858,3
2026-09-20T11:18:51.482936+00:00,33827,1084161,3936626,3
2026-09-20T11:18:51.515703+00:00,33828,1084187,3936365,3
2026-09-20T11:18:51.531733+00:00,33829,1084212,3935544,3
2026-09-20T11:18:51.563603+00:00,33830,1084237,3936545,3
2026-09-20T11:18:51.578432+00:00,33831,1084262,3937493,3
2026-09-20T11:18:51.610403+00:00,33832,1084287,3937105,3
2026-09-20T11:18:51.642412+00:00,33833,1084312,3935146,3
2026-09-20T11:18:51.660484+00:00,33834,1084338,3932215,3
2026-09-20T11:18:51.691078+00:00,33835,1084363,3931540,3
2026-09-20T11:18:51.706386+00:00,33836,1084388,3933616,3
2026-09-20T11:18:51.738391+00:00,33837,1084413,3935164,3
2026-09-20T11:18:51.754395+00:00,33838,1084438,3934745,3
2026-09-20T11:18:51.787986+00:00,33839,1084464,3934058,3
2026-09-20T11:18:51.818240+00:00,33840,1084489,3933533,3
2026-09-20T11:18:51.835224+00:00,33841,1084514,3932950,3
2026-09-20T11:18:51.867223+00:00,33842,1084539,3934508,3
2026-09-20T11:18:51.883223+00:00,33843,1084564,3934814,3
2026-09-20T11:18:51.915224+00:00,33844,1084589,3933906,3
2026-09-20T11:18:51.930223+00:00,33845,1084615,3934033,3
2026-09-20T11:18:51.962223+00:00,33846,1084640,3935502,3
2026-09-20T11:18:51.994391+00:00,33847,1084665,3936032,3
2026-09-20T11:18:52.010384+00:00,33848,1084690,3934776,3
2026-09-20T11:18:52.042378+00:00,33849,1084715,3934502,3
2026-09-20T11:18:52.058384+00:00,33850,1084741,3934513,3
2026-09-20T11:18:52.090377+00:00,33851,1084766,3934723,3
2026-09-20T11:18:52.106390+00:00,33852,1084791,3935422,3
2026-09-20T11:18:52.138386+00:00,33853,1084816,3936045,3
2026-09-20T11:18:52.170359+00:00,33854,1084841,3936089,3
2026-09-20T11:18:52.186387+00:00,33855,1084867,3936575,3
2026-09-20T11:18:52.219275+00:00,33856,1084892,3937029,3
2026-09-20T11:18:52.234405+00:00,33857,1084917,3936609,3
2026-09-20T11:18:52.266490+00:00,33858,1084942,3936478,3
2026-09-20T11:18:52.282929+00:00,33859,1084967,3936797,3
2026-09-20T11:18:52.315431+00:00,33860,1084992,3935685,3
2026-09-20T11:18:52.346384+00:00,33861,1085018,3935309,3
2026-09-20T11:18:52.362341+00:00,33862,1085043,3935279,3
2026-09-20T11:18:52.394374+00:00,33863,1085068,3934974,3
2026-09-20T11:18:52.411926+00:00,33864,1085093,3934305,3
2026-09-20T11:18:52.442442+00:00,33865,1085118,3934142,3
2026-09-20T11:18:52.459129+00:00,33866,1085144,3934404,3
2026-09-20T11:18:52.490382+00:00,33867,1085169,3933568,3
2026-09-20T11:18:52.522384+00:00,33868,1085194,3932728,3
2026-09-20T11:18:52.539045+00:00,33869,1085219,3933913,3
2026-09-20T11:18:52.570361+00:00,33870,1085244,3935051,3
2026-09-20T11:18:52.586976+00:00,33871,1085270,3934767,3
2026-09-20T11:18:52.618341+00:00,33872,1085295,3933921,3
2026-09-20T11:18:52.634393+00:00,33873,1085320,3933985,3
2026-09-20T11:18:52.668746+00:00,33874,1085345,3934641,3
2026-09-20T11:18:52.701245+00:00,33875,1085370,3934240,3
2026-09-20T11:18:52.716462+00:00,33876,1085395,3934093,3
2026-09-20T11:18:52.746380+00:00,33877,1085421,3935102,3
2026-09-20T11:18:52.763606+00:00,33878,1085446,3935580,3
2026-09-20T11:18:52.796538+00:00,33879,1085471,3935797,3
2026-09-20T11:18:52.826460+00:00,33880,1085496,3935573,3
2026-09-20T11:18:52.842462+00:00,33881,1085521,3935778,3
2026-09-20T11:18:52.874461+00:00,33882,1085547,3935540,3
2026-09-20T11:18:52.890461+00:00,33883,1085572,3934972,3
2026-09-20T11:18:52.922461+00:00,33884,1085597,3935107,3
2026-09-20T11:18:52.938460+00:00,33885,1085622,3935867,3
2026-09-20T11:18:52.970611+00:00,33886,1085647,3936120,3
2026-09-20T11:18:53.002368+00:00,33887,1085673,3936379,3
2026-09-20T11:18:53.018369+00:00,33888,1085698,3936741,3
2026-09-20T11:18:53.050609+00:00,33889,1085723,3936351,3
2026-09-20T11:18:53.067215+00:00,33890,1085748,3935650,3
2026-09-20T11:18:53.098356+00:00,33891,1085773,3935884,3
2026-09-20T11:18:53.114363+00:00,33892,1085798,3936260,3
2026-09-20T11:18:53.146365+00:00,33893,1085824,3935945,3
2026-09-20T11:18:53.178357+00:00,33894,1085849,3935285,3
2026-09-20T11:18:53.195073+00:00,33895,1085874,3935224,3
2026-09-20T11:18:53.227392+00:00,33896,1085899,3936178,3
2026-09-20T11:18:53.242353+00:00,33897,1085924,3936448,3
2026-09-20T11:18:53.274228+00:00,33898,1085950,3935516,3
2026-09-20T11:18:53.290355+00:00,33899,1085975,3935186,3
2026-09-20T11:18:53.322361+00:00,33900,1086000,3936121,3
2026-09-20T11:18:53.354360+00:00,33901,1086025,3936346,3
2026-09-20T11:18:53.370352+00:00,33902,1086050,3935239,3
2026-09-20T11:18:53.402372+00:00,33903,1086076,3935150,3
2026-09-20T11:18:53.418367+00:00,33904,1086101,3935371,3
2026-09-20T11:18:53.451203+00:00,33905,1086126,3934954,3
2026-09-20T11:18:53.465723+00:00,33906,1086151,3934088,3
2026-09-20T11:18:53.483987+00:00,33907,1086176,3934352,3
2026-09-20T11:18:53.530376+00:00,33908,1086202,3935273,3
2026-09-20T11:18:53.547441+00:00,33909,1086227,3935344,3
2026-09-20T11:18:53.579610+00:00,33910,1086252,3934707,3
2026-09-20T11:18:53.594359+00:00,33911,1086277,3934139,3
2026-09-20T11:18:53.626395+00:00,33912,1086302,3933991,3
2026-09-20T11:18:53.642452+00:00,33913,1086327,3934373,3
2026-09-20T11:18:53.674369+00:00,33914,1086353,3935256,3
2026-09-20T11:18:53.707592+00:00,33915,1086378,3935204,3
2026-09-20T11:18:53.722861+00:00,33916,1086403,3934236,3
2026-09-20T11:18:53.754350+00:00,33917,1086428,3934335,3
2026-09-20T11:18:53.770343+00:00,33918,1086453,3935835,3
2026-09-20T11:18:53.802651+00:00,33919,1086479,3935829,3
2026-09-20T11:18:53.818650+00:00,33920,1086504,3935544,3
2026-09-20T11:18:53.850659+00:00,33921,1086529,3935954,3
2026-09-20T11:18:53.882679+00:00,33922,1086554,3936016,3
2026-09-20T11:18:53.898649+00:00,33923,1086579,3935815,3
2026-09-20T11:18:53.930651+00:00,33924,1086605,3936124,3
2026-09-20T11:18:53.946650+00:00,33925,1086630,3936973,3
2026-09-20T11:18:53.978668+00:00,33926,1086655,3936471,3
2026-09-20T11:18:53.994651+00:00,33927,1086680,3937512,3
2026-09-20T11:18:54.026651+00:00,33928,1086705,3942056,3
2026-09-20T11:18:54.058784+00:00,33929,1086730,3944558,3
2026-09-20T11:18:54.074650+00:00,33930,1086756,3941393,3
2026-09-20T11:18:54.106697+00:00,33931,1086781,3940297,3
2026-09-20T11:18:54.122651+00:00,33932,1086806,3945763,3
2026-09-20T11:18:54.154659+00:00,33933,1086831,3955577,3
2026-09-20T11:18:54.170653+00:00,33934,1086856,3971221,3
2026-09-20T11:18:54.203655+00:00,33935,1086882,3991326,3
2026-09-20T11:18:54.235659+00:00,33936,1086907,4017229,3
2026-09-20T11:18:54.255654+00:00,33937,1086932,4050558,3
2026-09-20T11:18:54.282651+00:00,33938,1086957,4074088,3
2026-09-20T11:18:54.299663+00:00,33939,1086982,4079280,3
2026-09-20T11:18:54.330653+00:00,33940,1087008,4073349,3
2026-09-20T11:18:54.362651+00:00,33941,1087033,4046180,3
2026-09-20T11:18:54.378652+00:00,33942,1087058,4017633,3
2026-09-20T11:18:54.410652+00:00,33943,1087083,4011624,3
2026-09-20T11:18:54.426651+00:00,33944,1087108,4016688,3
2026-09-20T11:18:54.458676+00:00,33945,1087133,4019721,3
2026-09-20T11:18:54.474652+00:00,33946,1087159,3997092,3
2026-09-20T11:18:54.506664+00:00,33947,1087184,3963240,3
2026-09-20T11:18:54.538652+00:00,33948,1087209,3946347,3
2026-09-20T11:18:54.554681+00:00,33949,1087234,3936962,3
2026-09-20T11:18:54.586677+00:00,33950,1087259,3920540,3
2026-09-20T11:18:54.602650+00:00,33951,1087285,3898054,3
2026-09-20T11:18:54.634672+00:00,33952,1087310,3870103,3
2026-09-20T11:18:54.651650+00:00,33953,1087335,3801454,3
2026-09-20T11:18:54.683653+00:00,33954,1087360,3665656,3
2026-09-20T11:18:54.714651+00:00,33955,1087385,3529213,3
2026-09-20T11:18:54.731653+00:00,33956,1087411,3509056,3
2026-09-20T11:18:54.762321+00:00,33957,1087436,3611695,3
2026-09-20T11:18:54.778332+00:00,33958,1087461,3722204,3
2026-09-20T11:18:54.810314+00:00,33959,1087486,3797450,3
2026-09-20T11:18:54.826391+00:00,33960,1087511,3844066,3
2026-09-20T11:18:54.858317+00:00,33961,1087537,3876152,3
2026-09-20T11:18:54.890316+00:00,33962,1087562,3896550,3
2026-09-20T11:18:54.906333+00:00,33963,1087587,3908472,3
2026-09-20T11:18:54.939139+00:00,33964,1087612,3915776,3
2026-09-20T11:18:54.955140+00:00,33965,1087637,3921693,3
2026-09-20T11:18:54.987140+00:00,33966,1087662,3927265,3
2026-09-20T11:18:55.002052+00:00,33967,1087688,3931285,3
2026-09-20T11:18:55.035012+00:00,33968,1087713,3932826,3
2026-09-20T11:18:55.067002+00:00,33969,1087738,3933067,3
2026-09-20T11:18:55.082955+00:00,33970,1087763,3933662,3
2026-09-20T11:18:55.115385+00:00,33971,1087788,3935276,3
2026-09-20T11:18:55.163354+00:00,33972,1087840,3937029,3
2026-09-20T11:18:55.178305+00:00,33973,1087864,3936846,3
2026-09-20T11:18:55.210301+00:00,33974,1087889,3937232,3
2026-09-20T11:18:55.242300+00:00,33975,1087914,3938308,3
2026-09-20T11:18:55.258298+00:00,33976,1087940,3938029,3
2026-09-20T11:18:55.291420+00:00,33977,1087965,3937514,3
2026-09-20T11:18:55.306353+00:00,33978,1087990,3937352,3
2026-09-20T11:18:55.338972+00:00,33979,1088015,3936011,3
2026-09-20T11:18:55.355149+00:00,33980,1088040,3935798,3
2026-09-20T11:18:55.386295+00:00,33981,1088065,3936819,3
2026-09-20T11:18:55.418297+00:00,33982,1088091,3938305,3
2026-09-20T11:18:55.434303+00:00,33983,1088116,3940327,3
2026-09-20T11:18:55.467304+00:00,33984,1088141,3940674,3
2026-09-20T11:18:55.491005+00:00,33985,1088166,3940250,3
2026-09-20T11:18:55.515337+00:00,33986,1088191,3939421,3
2026-09-20T11:18:55.532395+00:00,33987,1088217,3938894,3
2026-09-20T11:18:55.562406+00:00,33988,1088242,3939197,3
2026-09-20T11:18:55.594429+00:00,33989,1088267,3938521,3
2026-09-20T11:18:55.610386+00:00,33990,1088292,3937233,3
2026-09-20T11:18:55.642339+00:00,33991,1088317,3937336,3
2026-09-20T11:18:55.658346+00:00,33992,1088343,3937965,3
2026-09-20T11:18:55.690259+00:00,33993,1088368,3937532,3
2026-09-20T11:18:55.722293+00:00,33994,1088393,3937299,3
2026-09-20T11:18:55.738309+00:00,33995,1088418,3937334,3
2026-09-20T11:18:55.770792+00:00,33996,1088443,3937277,3
2026-09-20T11:18:55.786826+00:00,33997,1088468,3937526,3
2026-09-20T11:18:55.818764+00:00,33998,1088494,3937957,3
2026-09-20T11:18:55.834754+00:00,33999,1088519,3938883,3
2026-09-20T11:18:55.866615+00:00,34000,1088544,3938582,3
2026-09-20T11:18:55.899614+00:00,34001,1088569,3937525,3
2026-09-20T11:18:55.914614+00:00,34002,1088594,3936703,3
2026-09-20T11:18:55.946613+00:00,34003,1088620,3935195,3
2026-09-20T11:18:55.962625+00:00,34004,1088645,3934463,3
2026-09-20T11:18:55.994615+00:00,34005,1088670,3935870,3
2026-09-20T11:18:56.010625+00:00,34006,1088695,3938726,3
2026-09-20T11:18:56.042291+00:00,34007,1088720,3939426,3
2026-09-20T11:18:56.074295+00:00,34008,1088745,3939326,3
2026-09-20T11:18:56.090314+00:00,34009,1088771,3939324,3
2026-09-20T11:18:56.122184+00:00,34010,1088796,3939582,3
2026-09-20T11:18:56.138336+00:00,34011,1088821,3941316,3
2026-09-20T11:18:56.170270+00:00,34012,1088846,3941941,3
2026-09-20T11:18:56.186952+00:00,34013,1088871,3941155,3
2026-09-20T11:18:56.218314+00:00,34014,1088897,3941633,3
2026-09-20T11:18:56.250319+00:00,34015,1088922,3945141,3
2026-09-20T11:18:56.266364+00:00,34016,1088947,3947672,3
2026-09-20T11:18:56.298229+00:00,34017,1088972,3947282,3
2026-09-20T11:18:56.314293+00:00,34018,1088997,3946693,3
2026-09-20T11:18:56.346270+00:00,34019,1089023,3948476,3
2026-09-20T11:18:56.364002+00:00,34020,1089048,3948079,3
2026-09-20T11:18:56.394308+00:00,34021,1089073,3946608,3
2026-09-20T11:18:56.426291+00:00,34022,1089098,3947614,3
2026-09-20T11:18:56.442291+00:00,34023,1089123,3949215,3
2026-09-20T11:18:56.474272+00:00,34024,1089148,3947363,3
2026-09-20T11:18:56.490271+00:00,34025,1089174,3943410,3
2026-09-20T11:18:56.522285+00:00,34026,1089199,3941111,3
2026-09-20T11:18:56.538277+00:00,34027,1089224,3941851,3
2026-09-20T11:18:56.570695+00:00,34028,1089249,3943205,3
2026-09-20T11:18:56.602724+00:00,34029,1089274,3945767,3
2026-09-20T11:18:56.618192+00:00,34030,1089300,3948562,3
2026-09-20T11:18:56.650629+00:00,34031,1089325,3949626,3
2026-09-20T11:18:56.666295+00:00,34032,1089350,3950906,3
2026-09-20T11:18:56.699332+00:00,34033,1089375,3951881,3
2026-09-20T11:18:56.714329+00:00,34034,1089400,3950983,3
2026-09-20T11:18:56.746273+00:00,34035,1089426,3949179,3
2026-09-20T11:18:56.778276+00:00,34036,1089451,3948635,3
2026-09-20T11:18:56.795452+00:00,34037,1089476,3947262,3
2026-09-20T11:18:56.826357+00:00,34038,1089501,3945813,3
2026-09-20T11:18:56.842342+00:00,34039,1089526,3945367,3
2026-09-20T11:18:56.875355+00:00,34040,1089551,3945947,3
2026-09-20T11:18:56.891325+00:00,34041,1089577,3946793,3
2026-09-20T11:18:56.923324+00:00,34042,1089602,3946977,3
2026-09-20T11:18:56.954329+00:00,34043,1089627,3945695,3
2026-09-20T11:18:56.970127+00:00,34044,1089652,3945097,3
2026-09-20T11:18:57.002282+00:00,34045,1089677,3945151,3
2026-09-20T11:18:57.018293+00:00,34046,1089703,3946627,3
2026-09-20T11:18:57.050706+00:00,34047,1089728,3947224,3
2026-09-20T11:18:57.081932+00:00,34048,1089753,3946677,3
2026-09-20T11:18:57.098220+00:00,34049,1089778,3945843,3
2026-09-20T11:18:57.130272+00:00,34050,1089803,3945649,3
2026-09-20T11:18:57.146274+00:00,34051,1089829,3944918,3
2026-09-20T11:18:57.178248+00:00,34052,1089854,3943969,3
2026-09-20T11:18:57.194259+00:00,34053,1089879,3943614,3
2026-09-20T11:18:57.226271+00:00,34054,1089904,3944134,3
2026-09-20T11:18:57.258460+00:00,34055,1089929,3944346,3
2026-09-20T11:18:57.274461+00:00,34056,1089954,3944449,3
2026-09-20T11:18:57.306460+00:00,34057,1089980,3944574,3
2026-09-20T11:18:57.322463+00:00,34058,1090005,3944027,3
2026-09-20T11:18:57.354461+00:00,34059,1090030,3944016,3
2026-09-20T11:18:57.370462+00:00,34060,1090055,3944119,3
2026-09-20T11:18:57.402468+00:00,34061,1090080,3944292,3
2026-09-20T11:18:57.434463+00:00,34062,1090106,3944186,3
2026-09-20T11:18:57.450471+00:00,34063,1090131,3944276,3
2026-09-20T11:18:57.482463+00:00,34064,1090156,3944105,3
2026-09-20T11:18:57.499465+00:00,34065,1090181,3944059,3
2026-09-20T11:18:57.530462+00:00,34066,1090206,3944202,3
2026-09-20T11:18:57.546461+00:00,34067,1090232,3944038,3
2026-09-20T11:18:57.578460+00:00,34068,1090257,3944085,3
2026-09-20T11:18:57.610460+00:00,34069,1090282,3944296,3
2026-09-20T11:18:57.626461+00:00,34070,1090307,3944338,3
2026-09-20T11:18:57.658460+00:00,34071,1090332,3944048,3
2026-09-20T11:18:57.674465+00:00,34072,1090357,3943912,3
2026-09-20T11:18:57.706259+00:00,34073,1090383,3943604,3
2026-09-20T11:18:57.722261+00:00,34074,1090408,3943231,3
2026-09-20T11:18:57.754234+00:00,34075,1090433,3943232,3
2026-09-20T11:18:57.786241+00:00,34076,1090458,3943432,3
2026-09-20T11:18:57.802650+00:00,34077,1090483,3943513,3
2026-09-20T11:18:57.834614+00:00,34078,1090509,3943665,3
2026-09-20T11:18:57.850616+00:00,34079,1090534,3944148,3
2026-09-20T11:18:57.882615+00:00,34080,1090559,3943915,3
2026-09-20T11:18:57.899615+00:00,34081,1090584,3943569,3
2026-09-20T11:18:57.930615+00:00,34082,1090609,3943590,3
2026-09-20T11:18:57.962258+00:00,34083,1090635,3943154,3
2026-09-20T11:18:57.978242+00:00,34084,1090660,3943256,3
2026-09-20T11:18:58.010262+00:00,34085,1090685,3943782,3
2026-09-20T11:18:58.026957+00:00,34086,1090710,3943827,3
2026-09-20T11:18:58.058248+00:00,34087,1090735,3943978,3
2026-09-20T11:18:58.074243+00:00,34088,1090760,3943656,3
2026-09-20T11:18:58.106267+00:00,34089,1090786,3943753,3
2026-09-20T11:18:58.138256+00:00,34090,1090811,3943642,3
2026-09-20T11:18:58.155453+00:00,34091,1090836,3943042,3
2026-09-20T11:18:58.186227+00:00,34092,1090861,3942402,3
2026-09-20T11:18:58.202239+00:00,34093,1090886,3943079,3
2026-09-20T11:18:58.237247+00:00,34094,1090912,3943508,3
2026-09-20T11:18:58.252973+00:00,34095,1090937,3943336,3
2026-09-20T11:18:58.283354+00:00,34096,1090962,3943405,3
2026-09-20T11:18:58.314247+00:00,34097,1090987,3943427,3
2026-09-20T11:18:58.330249+00:00,34098,1091012,3943453,3
2026-09-20T11:18:58.362226+00:00,34099,1091038,3943493,3
2026-09-20T11:18:58.378245+00:00,34100,1091063,3943095,3
2026-09-20T11:18:58.410235+00:00,34101,1091088,3943376,3
2026-09-20T11:18:58.442478+00:00,34102,1091113,3943571,3
2026-09-20T11:18:58.459478+00:00,34103,1091138,3943190,3
2026-09-20T11:18:58.491482+00:00,34104,1091164,3943278,3
2026-09-20T11:18:58.508487+00:00,34105,1091189,3943610,3
2026-09-20T11:18:58.538684+00:00,34106,1091214,3943591,3
2026-09-20T11:18:58.554611+00:00,34107,1091239,3943717,3
2026-09-20T11:18:58.589610+00:00,34108,1091264,3943479,3
2026-09-20T11:18:58.618606+00:00,34109,1091289,3943274,3
2026-09-20T11:18:58.634604+00:00,34110,1091315,3943107,3
2026-09-20T11:18:58.668605+00:00,34111,1091340,3942969,3
2026-09-20T11:18:58.683605+00:00,34112,1091365,3942684,3
2026-09-20T11:18:58.714605+00:00,34113,1091390,3942884,3
2026-09-20T11:18:58.730619+00:00,34114,1091415,3943398,3
2026-09-20T11:18:58.762627+00:00,34115,1091441,3943564,3
2026-09-20T11:18:58.794614+00:00,34116,1091466,3943422,3
2026-09-20T11:18:58.810655+00:00,34117,1091491,3942864,3
2026-09-20T11:18:58.842668+00:00,34118,1091516,3943251,3
2026-09-20T11:18:58.858606+00:00,34119,1091541,3943021,3
2026-09-20T11:18:58.890659+00:00,34120,1091567,3943115,3
2026-09-20T11:18:58.906623+00:00,34121,1091592,3943000,3
2026-09-20T11:18:58.938623+00:00,34122,1091617,3943570,3
2026-09-20T11:18:58.970656+00:00,34123,1091642,3943726,3
2026-09-20T11:18:58.986658+00:00,34124,1091667,3943363,3
2026-09-20T11:18:59.018640+00:00,34125,1091692,3943102,3
2026-09-20T11:18:59.034605+00:00,34126,1091718,3942912,3
2026-09-20T11:18:59.066606+00:00,34127,1091743,3942850,3
2026-09-20T11:18:59.082604+00:00,34128,1091768,3942701,3
2026-09-20T11:18:59.114610+00:00,34129,1091793,3943218,3
2026-09-20T11:18:59.146616+00:00,34130,1091818,3943642,3
2026-09-20T11:18:59.162606+00:00,34131,1091844,3943177,3
2026-09-20T11:18:59.194652+00:00,34132,1091869,3942860,3
2026-09-20T11:18:59.210668+00:00,34133,1091894,3942776,3
2026-09-20T11:18:59.242656+00:00,34134,1091919,3942803,3
2026-09-20T11:18:59.259605+00:00,34135,1091944,3942855,3
2026-09-20T11:18:59.290667+00:00,34136,1091970,3942723,3
2026-09-20T11:18:59.322675+00:00,34137,1091995,3942792,3
2026-09-20T11:18:59.338610+00:00,34138,1092020,3942908,3
2026-09-20T11:18:59.370605+00:00,34139,1092045,3943159,3
2026-09-20T11:18:59.386604+00:00,34140,1092070,3943271,3
2026-09-20T11:18:59.418606+00:00,34141,1092095,3943095,3
2026-09-20T11:18:59.434634+00:00,34142,1092121,3942850,3
2026-09-20T11:18:59.466604+00:00,34143,1092146,3942932,3
2026-09-20T11:18:59.498279+00:00,34144,1092171,3943020,3
2026-09-20T11:18:59.514225+00:00,34145,1092196,3942785,3
2026-09-20T11:18:59.547639+00:00,34146,1092221,3942676,3
2026-09-20T11:18:59.568775+00:00,34147,1092247,3942555,3
2026-09-20T11:18:59.594874+00:00,34148,1092272,3942464,3
2026-09-20T11:18:59.610767+00:00,34149,1092297,3942623,3
2026-09-20T11:18:59.642868+00:00,34150,1092322,3943037,3
2026-09-20T11:18:59.674801+00:00,34151,1092347,3943141,3
2026-09-20T11:18:59.690848+00:00,34152,1092373,3942730,3
2026-09-20T11:18:59.722769+00:00,34153,1092398,3942872,3
2026-09-20T11:18:59.738860+00:00,34154,1092423,3942769,3
2026-09-20T11:18:59.770869+00:00,34155,1092448,3942903,3
2026-09-20T11:18:59.801893+00:00,34156,1092473,3943393,3
2026-09-20T11:18:59.820766+00:00,34157,1092498,3943085,3
2026-09-20T11:18:59.854772+00:00,34158,1092524,3943197,3
2026-09-20T11:18:59.868779+00:00,34159,1092549,3943173,3
2026-09-20T11:18:59.903797+00:00,34160,1092574,3943088,3
2026-09-20T11:18:59.914766+00:00,34161,1092599,3943332,3
2026-09-20T11:18:59.946768+00:00,34162,1092624,3942943,3
2026-09-20T11:18:59.977825+00:00,34163,1092650,3943111,3
2026-09-20T11:18:59.994768+00:00,34164,1092675,3943024,3
2026-09-20T11:19:00.026785+00:00,34165,1092700,3943277,3
2026-09-20T11:19:00.042770+00:00,34166,1092725,3943257,3
2026-09-20T11:19:00.075810+00:00,34167,1092750,3942703,3
2026-09-20T11:19:00.093196+00:00,34168,1092776,3942950,3
2026-09-20T11:19:00.122770+00:00,34169,1092801,3943186,3
2026-09-20T11:19:00.155871+00:00,34170,1092826,3943199,3
2026-09-20T11:19:00.170771+00:00,34171,1092851,3943120,3
2026-09-20T11:19:00.202776+00:00,34172,1092876,3943200,3
2026-09-20T11:19:00.218851+00:00,34173,1092901,3942561,3
2026-09-20T11:19:00.250767+00:00,34174,1092927,3942450,3
2026-09-20T11:19:00.266827+00:00,34175,1092952,3942858,3
2026-09-20T11:19:00.298767+00:00,34176,1092977,3942993,3
2026-09-20T11:19:00.329767+00:00,34177,1093002,3943132,3
2026-09-20T11:19:00.346782+00:00,34178,1093027,3943004,3
2026-09-20T11:19:00.378766+00:00,34179,1093053,3942904,3
2026-09-20T11:19:00.394168+00:00,34180,1093078,3942351,3
2026-09-20T11:19:00.426168+00:00,34181,1093103,3942724,3
2026-09-20T11:19:00.442178+00:00,34182,1093128,3943130,3
2026-09-20T11:19:00.474172+00:00,34183,1093153,3943299,3
2026-09-20T11:19:00.506867+00:00,34184,1093179,3943236,3
2026-09-20T11:19:00.522291+00:00,34185,1093204,3942244,3
2026-09-20T11:19:00.554180+00:00,34186,1093229,3942383,3
2026-09-20T11:19:00.570181+00:00,34187,1093254,3942776,3
2026-09-20T11:19:00.602172+00:00,34188,1093279,3942752,3
2026-09-20T11:19:00.625329+00:00,34189,1093305,3942978,3
2026-09-20T11:19:00.649988+00:00,34190,1093330,3942799,3
2026-09-20T11:19:00.681941+00:00,34191,1093355,3942425,3
2026-09-20T11:19:00.699199+00:00,34192,1093380,3942995,3
2026-09-20T11:19:00.730169+00:00,34193,1093405,3942959,3
2026-09-20T11:19:00.745906+00:00,34194,1093430,3943035,3
2026-09-20T11:19:00.780784+00:00,34195,1093456,3942778,3
2026-09-20T11:19:00.795789+00:00,34196,1093481,3942298,3
2026-09-20T11:19:00.826796+00:00,34197,1093506,3942295,3
2026-09-20T11:19:00.858879+00:00,34198,1093531,3942652,3
2026-09-20T11:19:00.874867+00:00,34199,1093556,3943131,3
2026-09-20T11:19:00.906791+00:00,34200,1093582,3943014,3
2026-09-20T11:19:00.922784+00:00,34201,1093607,3942488,3
2026-09-20T11:19:00.954788+00:00,34202,1093632,3942034,3
2026-09-20T11:19:00.970786+00:00,34203,1093657,3941896,3
2026-09-20T11:19:01.002783+00:00,34204,1093682,3942344,3
2026-09-20T11:19:01.034792+00:00,34205,1093708,3943249,3
2026-09-20T11:19:01.050782+00:00,34206,1093733,3942859,3
2026-09-20T11:19:01.082783+00:00,34207,1093758,3942264,3
2026-09-20T11:19:01.098882+00:00,34208,1093783,3942535,3
2026-09-20T11:19:01.130783+00:00,34209,1093808,3942764,3
2026-09-20T11:19:01.161941+00:00,34210,1093833,3943304,3
2026-09-20T11:19:01.180783+00:00,34211,1093859,3943146,3
2026-09-20T11:19:01.210783+00:00,34212,1093884,3942794,3
2026-09-20T11:19:01.226783+00:00,34213,1093909,3942411,3
2026-09-20T11:19:01.258801+00:00,34214,1093934,3942265,3
2026-09-20T11:19:01.274928+00:00,34215,1093959,3942193,3
2026-09-20T11:19:01.306783+00:00,34216,1093985,3942080,3
2026-09-20T11:19:01.337784+00:00,34217,1094010,3942663,3
2026-09-20T11:19:01.354782+00:00,34218,1094035,3942653,3
2026-09-20T11:19:01.386783+00:00,34219,1094060,3942343,3
2026-09-20T11:19:01.403784+00:00,34220,1094085,3942660,3
2026-09-20T11:19:01.434863+00:00,34221,1094111,3942588,3
2026-09-20T11:19:01.453785+00:00,34222,1094136,3942532,3
2026-09-20T11:19:01.482821+00:00,34223,1094161,3942597,3
2026-09-20T11:19:01.514784+00:00,34224,1094186,3942783,3
2026-09-20T11:19:01.530783+00:00,34225,1094211,3942837,3
2026-09-20T11:19:01.562783+00:00,34226,1094236,3942362,3
2026-09-20T11:19:01.578810+00:00,34227,1094262,3942375,3
2026-09-20T11:19:01.610782+00:00,34228,1094287,3942179,3
2026-09-20T11:19:01.626787+00:00,34229,1094312,3942350,3
2026-09-20T11:19:01.658787+00:00,34230,1094337,3942506,3
2026-09-20T11:19:01.689783+00:00,34231,1094362,3941925,3
2026-09-20T11:19:01.706783+00:00,34232,1094388,3941978,3
2026-09-20T11:19:01.739802+00:00,34233,1094413,3942544,3
2026-09-20T11:19:01.754785+00:00,34234,1094438,3942596,3
2026-09-20T11:19:01.786784+00:00,34235,1094463,3943017,3
2026-09-20T11:19:01.802783+00:00,34236,1094488,3942907,3
2026-09-20T11:19:01.834809+00:00,34237,1094514,3942466,3
2026-09-20T11:19:01.865935+00:00,34238,1094539,3942396,3
2026-09-20T11:19:01.882783+00:00,34239,1094564,3942314,3
2026-09-20T11:19:01.914783+00:00,34240,1094589,3942352,3
2026-09-20T11:19:01.930788+00:00,34241,1094614,3942759,3
2026-09-20T11:19:01.962789+00:00,34242,1094639,3942502,3
2026-09-20T11:19:01.980784+00:00,34243,1094665,3942199,3
2026-09-20T11:19:02.010788+00:00,34244,1094690,3942816,3
2026-09-20T11:19:02.041783+00:00,34245,1094715,3942654,3
2026-09-20T11:19:02.057990+00:00,34246,1094740,3942256,3
2026-09-20T11:19:02.090784+00:00,34247,1094765,3941908,3
2026-09-20T11:19:02.106783+00:00,34248,1094791,3941871,3
2026-09-20T11:19:02.138783+00:00,34249,1094816,3942483,3
2026-09-20T11:19:02.156785+00:00,34250,1094841,3942784,3
2026-09-20T11:19:02.188788+00:00,34251,1094866,3942520,3
2026-09-20T11:19:02.218784+00:00,34252,1094891,3942170,3
2026-09-20T11:19:02.234783+00:00,34253,1094917,3941943,3
2026-09-20T11:19:02.266858+00:00,34254,1094942,3941966,3
2026-09-20T11:19:02.282790+00:00,34255,1094967,3942160,3
2026-09-20T11:19:02.314786+00:00,34256,1094992,3942850,3
2026-09-20T11:19:02.330782+00:00,34257,1095017,3942739,3
2026-09-20T11:19:02.362783+00:00,34258,1095042,3941993,3
2026-09-20T11:19:02.394783+00:00,34259,1095068,3942072,3
2026-09-20T11:19:02.410784+00:00,34260,1095093,3941804,3
2026-09-20T11:19:02.442782+00:00,34261,1095118,3941886,3
2026-09-20T11:19:02.459051+00:00,34262,1095143,3942230,3
2026-09-20T11:19:02.490784+00:00,34263,1095168,3942149,3
2026-09-20T11:19:02.521826+00:00,34264,1095194,3942365,3
2026-09-20T11:19:02.538781+00:00,34265,1095219,3942235,3
2026-09-20T11:19:02.570783+00:00,34266,1095244,3942943,3
2026-09-20T11:19:02.587004+00:00,34267,1095269,3942581,3
2026-09-20T11:19:02.618782+00:00,34268,1095294,3942234,3
2026-09-20T11:19:02.634783+00:00,34269,1095319,3942497,3
2026-09-20T11:19:02.666880+00:00,34270,1095345,3942134,3
2026-09-20T11:19:02.698783+00:00,34271,1095370,3942168,3
2026-09-20T11:19:02.714909+00:00,34272,1095395,3942468,3
2026-09-20T11:19:02.746871+00:00,34273,1095420,3942657,3
2026-09-20T11:19:02.763839+00:00,34274,1095445,3942468,3
2026-09-20T11:19:02.794817+00:00,34275,1095471,3942566,3
2026-09-20T11:19:02.810801+00:00,34276,1095496,3942337,3
2026-09-20T11:19:02.842783+00:00,34277,1095521,3942001,3
2026-09-20T11:19:02.873784+00:00,34278,1095546,3942263,3
2026-09-20T11:19:02.889990+00:00,34279,1095571,3942158,3
2026-09-20T11:19:02.922784+00:00,34280,1095596,3942498,3
2026-09-20T11:19:02.938792+00:00,34281,1095622,3942462,3
2026-09-20T11:19:02.970784+00:00,34282,1095647,3941699,3
2026-09-20T11:19:02.986795+00:00,34283,1095672,3941914,3
2026-09-20T11:19:03.018785+00:00,34284,1095697,3942371,3
2026-09-20T11:19:03.051782+00:00,34285,1095722,3942208,3
2026-09-20T11:19:03.066302+00:00,34286,1095748,3941797,3
2026-09-20T11:19:03.098543+00:00,34287,1095773,3941291,3
2026-09-20T11:19:03.114754+00:00,34288,1095798,3941950,3
2026-09-20T11:19:03.146099+00:00,34289,1095823,3942282,3
2026-09-20T11:19:03.162370+00:00,34290,1095848,3942632,3
2026-09-20T11:19:03.194097+00:00,34291,1095874,3942258,3
2026-09-20T11:19:03.225682+00:00,34292,1095899,3941849,3
2026-09-20T11:19:03.242092+00:00,34293,1095924,3942134,3
2026-09-20T11:19:03.274098+00:00,34294,1095949,3942628,3
2026-09-20T11:19:03.289952+00:00,34295,1095974,3941906,3
2026-09-20T11:19:03.322830+00:00,34296,1095999,3941879,3
2026-09-20T11:19:03.338108+00:00,34297,1096025,3941489,3
2026-09-20T11:19:03.370625+00:00,34298,1096050,3941485,3
2026-09-20T11:19:03.402120+00:00,34299,1096075,3942409,3
2026-09-20T11:19:03.418308+00:00,34300,1096100,3942863,3
2026-09-20T11:19:03.450639+00:00,34301,1096125,3941993,3
2026-09-20T11:19:03.466385+00:00,34302,1096151,3942086,3
2026-09-20T11:19:03.498895+00:00,34303,1096176,3942439,3
2026-09-20T11:19:03.504218+00:00,34304,1096201,3942248,3
2026-09-20T11:19:03.546090+00:00,34305,1096226,3942004,3
2026-09-20T11:19:03.578101+00:00,34306,1096251,3941695,3
2026-09-20T11:19:03.594101+00:00,34307,1096276,3941911,3
2026-09-20T11:19:03.626125+00:00,34308,1096302,3941956,3
2026-09-20T11:19:03.642090+00:00,34309,1096327,3942040,3
2026-09-20T11:19:03.674127+00:00,34310,1096352,3942152,3
2026-09-20T11:19:03.691134+00:00,34311,1096377,3941721,3
2026-09-20T11:19:03.721830+00:00,34312,1096402,3941848,3
2026-09-20T11:19:03.754098+00:00,34313,1096428,3942479,3
2026-09-20T11:19:03.770087+00:00,34314,1096453,3942105,3
2026-09-20T11:19:03.802454+00:00,34315,1096478,3942080,3
2026-09-20T11:19:03.818452+00:00,34316,1096503,3942521,3
2026-09-20T11:19:03.850453+00:00,34317,1096528,3942038,3
2026-09-20T11:19:03.867452+00:00,34318,1096554,3941708,3
2026-09-20T11:19:03.899498+00:00,34319,1096579,3942008,3
2026-09-20T11:19:03.930466+00:00,34320,1096604,3942380,3
2026-09-20T11:19:03.946453+00:00,34321,1096629,3942924,3
2026-09-20T11:19:03.978197+00:00,34322,1096654,3942299,3
2026-09-20T11:19:03.994094+00:00,34323,1096679,3941645,3
2026-09-20T11:19:04.026350+00:00,34324,1096705,3941507,3
2026-09-20T11:19:04.058135+00:00,34325,1096730,3941632,3
2026-09-20T11:19:04.074084+00:00,34326,1096755,3941624,3
2026-09-20T11:19:04.106238+00:00,34327,1096780,3941776,3
2026-09-20T11:19:04.122812+00:00,34328,1096805,3942050,3
2026-09-20T11:19:04.155220+00:00,34329,1096831,3941862,3
2026-09-20T11:19:04.170093+00:00,34330,1096856,3941691,3
2026-09-20T11:19:04.202084+00:00,34331,1096881,3942087,3
2026-09-20T11:19:04.233981+00:00,34332,1096906,3942755,3
2026-09-20T11:19:04.250016+00:00,34333,1096931,3941969,3
2026-09-20T11:19:04.282390+00:00,34334,1096956,3941243,3
2026-09-20T11:19:04.298082+00:00,34335,1096982,3941422,3
2026-09-20T11:19:04.330084+00:00,34336,1097007,3942106,3
2026-09-20T11:19:04.346440+00:00,34337,1097032,3942464,3
2026-09-20T11:19:04.378084+00:00,34338,1097057,3942010,3
2026-09-20T11:19:04.410083+00:00,34339,1097082,3941742,3
2026-09-20T11:19:04.426075+00:00,34340,1097108,3941321,3
2026-09-20T11:19:04.459542+00:00,34341,1097133,3941037,3
2026-09-20T11:19:04.474134+00:00,34342,1097158,3941408,3
2026-09-20T11:19:04.506092+00:00,34343,1097183,3941176,3
2026-09-20T11:19:04.522083+00:00,34344,1097208,3941329,3
2026-09-20T11:19:04.554694+00:00,34345,1097233,3941748,3
2026-09-20T11:19:04.586695+00:00,34346,1097259,3942429,3
2026-09-20T11:19:04.602802+00:00,34347,1097284,3942625,3
2026-09-20T11:19:04.634709+00:00,34348,1097309,3942511,3
2026-09-20T11:19:04.650693+00:00,34349,1097334,3942366,3
2026-09-20T11:19:04.682693+00:00,34350,1097359,3942104,3
2026-09-20T11:19:04.699697+00:00,34351,1097385,3941900,3
2026-09-20T11:19:04.730711+00:00,34352,1097410,3941820,3
2026-09-20T11:19:04.761911+00:00,34353,1097435,3941833,3
2026-09-20T11:19:04.778816+00:00,34354,1097460,3941774,3
2026-09-20T11:19:04.811821+00:00,34355,1097485,3941535,3
2026-09-20T11:19:04.826699+00:00,34356,1097510,3941896,3
2026-09-20T11:19:04.858692+00:00,34357,1097536,3941765,3
2026-09-20T11:19:04.873696+00:00,34358,1097561,3941611,3
2026-09-20T11:19:04.907755+00:00,34359,1097586,3942017,3
2026-09-20T11:19:04.938695+00:00,34360,1097611,3942688,3
2026-09-20T11:19:04.954793+00:00,34361,1097636,3942760,3
2026-09-20T11:19:04.986809+00:00,34362,1097662,3941975,3
2026-09-20T11:19:05.002693+00:00,34363,1097687,3941905,3
2026-09-20T11:19:05.034693+00:00,34364,1097712,3941930,3
2026-09-20T11:19:05.051693+00:00,34365,1097737,3942727,3
2026-09-20T11:19:05.082696+00:00,34366,1097762,3942448,3
2026-09-20T11:19:05.114060+00:00,34367,1097788,3942162,3
2026-09-20T11:19:05.130067+00:00,34368,1097813,3942520,3
2026-09-20T11:19:05.162137+00:00,34369,1097838,3942149,3
2026-09-20T11:19:05.178063+00:00,34370,1097863,3942106,3
2026-09-20T11:19:05.211395+00:00,34371,1097888,3941957,3
2026-09-20T11:19:05.226075+00:00,34372,1097913,3941692,3
2026-09-20T11:19:05.261210+00:00,34373,1097939,3941714,3
2026-09-20T11:19:05.290069+00:00,34374,1097964,3941971,3
2026-09-20T11:19:05.307268+00:00,34375,1097989,3942104,3
2026-09-20T11:19:05.339108+00:00,34376,1098014,3942277,3
2026-09-20T11:19:05.354886+00:00,34377,1098039,3941923,3
2026-09-20T11:19:05.386049+00:00,34378,1098065,3942165,3
2026-09-20T11:19:05.402061+00:00,34379,1098090,3941896,3
2026-09-20T11:19:05.433979+00:00,34380,1098115,3941458,3
2026-09-20T11:19:05.467232+00:00,34381,1098140,3941603,3
2026-09-20T11:19:05.483077+00:00,34382,1098165,3941667,3
2026-09-20T11:19:05.515101+00:00,34383,1098190,3942034,3
2026-09-20T11:19:05.530083+00:00,34384,1098216,3942141,3
2026-09-20T11:19:05.563100+00:00,34385,1098241,3942408,3
2026-09-20T11:19:05.594071+00:00,34386,1098266,3942162,3
2026-09-20T11:19:05.610050+00:00,34387,1098291,3941762,3
2026-09-20T11:19:05.642049+00:00,34388,1098316,3942089,3
2026-09-20T11:19:05.659161+00:00,34389,1098342,3942311,3
2026-09-20T11:19:05.690934+00:00,34390,1098367,3941748,3
2026-09-20T11:19:05.710095+00:00,34391,1098392,3941895,3
2026-09-20T11:19:05.739306+00:00,34392,1098417,3942019,3
2026-09-20T11:19:05.770117+00:00,34393,1098442,3942000,3
2026-09-20T11:19:05.787241+00:00,34394,1098467,3941351,3
2026-09-20T11:19:05.820688+00:00,34395,1098493,3941708,3
2026-09-20T11:19:05.835957+00:00,34396,1098518,3942069,3
2026-09-20T11:19:05.866816+00:00,34397,1098543,3942191,3
2026-09-20T11:19:05.883689+00:00,34398,1098568,3942113,3
2026-09-20T11:19:05.915685+00:00,34399,1098593,3941921,3
2026-09-20T11:19:05.947734+00:00,34400,1098619,3941720,3
2026-09-20T11:19:05.967924+00:00,34401,1098644,3941818,3
2026-09-20T11:19:05.995831+00:00,34402,1098669,3941716,3
2026-09-20T11:19:06.014683+00:00,34403,1098694,3942423,3
2026-09-20T11:19:06.044006+00:00,34404,1098719,3942027,3
2026-09-20T11:19:06.058755+00:00,34405,1098744,3941831,3
2026-09-20T11:19:06.091881+00:00,34406,1098770,3942343,3
2026-09-20T11:19:06.122688+00:00,34407,1098795,3942160,3
2026-09-20T11:19:06.137927+00:00,34408,1098820,3941738,3
2026-09-20T11:19:06.170776+00:00,34409,1098845,3941980,3
2026-09-20T11:19:06.214381+00:00,34410,1098870,3941844,3
2026-09-20T11:19:06.216396+00:00,34411,1098896,3942047,3
2026-09-20T11:19:06.246410+00:00,34412,1098921,3942165,3
2026-09-20T11:19:06.291155+00:00,34413,1098946,3942099,3
2026-09-20T11:19:06.366470+00:00,34414,1098971,3941827,3
2026-09-20T11:19:06.379475+00:00,34415,1098996,3941933,3
2026-09-20T11:19:06.382503+00:00,34416,1099021,3942011,3
2026-09-20T11:19:06.429471+00:00,34417,1099047,3941455,3
2026-09-20T11:19:06.431470+00:00,34418,1099072,3941770,3
2026-09-20T11:19:06.434471+00:00,34419,1099097,3942101,3
2026-09-20T11:19:06.442475+00:00,34420,1099122,3942239,3
2026-09-20T11:19:06.476470+00:00,34421,1099147,3941787,3
2026-09-20T11:19:06.493026+00:00,34422,1099173,3941365,3
2026-09-20T11:19:06.522570+00:00,34423,1099198,3941658,3
2026-09-20T11:19:06.543886+00:00,34424,1099223,3941318,3
2026-09-20T11:19:06.576066+00:00,34425,1099248,3941511,3
2026-09-20T11:19:06.587058+00:00,34426,1099273,3941823,3
2026-09-20T11:19:06.618841+00:00,34427,1099298,3941725,3
2026-09-20T11:19:06.650842+00:00,34428,1099324,3941800,3
2026-09-20T11:19:06.666842+00:00,34429,1099349,3941486,3
2026-09-20T11:19:06.697842+00:00,34430,1099374,3941241,3
2026-09-20T11:19:06.714024+00:00,34431,1099399,3940736,3
2026-09-20T11:19:06.747065+00:00,34432,1099424,3940920,3
2026-09-20T11:19:06.762033+00:00,34433,1099450,3941213,3
2026-09-20T11:19:06.794866+00:00,34434,1099475,3941466,3
2026-09-20T11:19:06.829061+00:00,34435,1099500,3941990,3
2026-09-20T11:19:06.842049+00:00,34436,1099525,3941770,3
2026-09-20T11:19:06.878871+00:00,34437,1099550,3941550,3
2026-09-20T11:19:06.891867+00:00,34438,1099576,3941333,3
2026-09-20T11:19:06.925970+00:00,34439,1099601,3941073,3
2026-09-20T11:19:06.944865+00:00,34440,1099626,3941521,3
2026-09-20T11:19:06.971871+00:00,34441,1099651,3941945,3
2026-09-20T11:19:07.003866+00:00,34442,1099676,3942087,3
2026-09-20T11:19:07.018865+00:00,34443,1099701,3942297,3
2026-09-20T11:19:07.050868+00:00,34444,1099727,3942132,3
2026-09-20T11:19:07.067868+00:00,34445,1099752,3942014,3
2026-09-20T11:19:07.113536+00:00,34446,1099777,3941921,3
2026-09-20T11:19:07.131400+00:00,34447,1099802,3941741,3
2026-09-20T11:19:07.151398+00:00,34448,1099827,3942399,3
2026-09-20T11:19:07.178397+00:00,34449,1099853,3941943,3
2026-09-20T11:19:07.194399+00:00,34450,1099878,3941857,3
2026-09-20T11:19:07.227704+00:00,34451,1099903,3941929,3
2026-09-20T11:19:07.242401+00:00,34452,1099928,3942156,3
2026-09-20T11:19:07.274405+00:00,34453,1099953,3942035,3
2026-09-20T11:19:07.305403+00:00,34454,1099978,3941984,3
2026-09-20T11:19:07.322960+00:00,34455,1100004,3941779,3
2026-09-20T11:19:07.354396+00:00,34456,1100029,3941722,3
2026-09-20T11:19:07.371397+00:00,34457,1100054,3941726,3
2026-09-20T11:19:07.403516+00:00,34458,1100079,3941790,3
2026-09-20T11:19:07.418394+00:00,34459,1100104,3942005,3
2026-09-20T11:19:07.452412+00:00,34460,1100130,3941793,3
2026-09-20T11:19:07.482398+00:00,34461,1100155,3941845,3
2026-09-20T11:19:07.501402+00:00,34462,1100180,3941914,3
2026-09-20T11:19:07.531401+00:00,34463,1100205,3941516,3
2026-09-20T11:19:07.546428+00:00,34464,1100230,3941614,3
2026-09-20T11:19:07.578397+00:00,34465,1100255,3941629,3
2026-09-20T11:19:07.595397+00:00,34466,1100281,3941976,3
2026-09-20T11:19:07.627499+00:00,34467,1100306,3941589,3
2026-09-20T11:19:07.658395+00:00,34468,1100331,3941818,3
2026-09-20T11:19:07.674424+00:00,34469,1100356,3941862,3
2026-09-20T11:19:07.706396+00:00,34470,1100381,3941856,3
2026-09-20T11:19:07.722396+00:00,34471,1100407,3941882,3
2026-09-20T11:19:07.753989+00:00,34472,1100432,3941328,3
2026-09-20T11:19:07.770798+00:00,34473,1100457,3941353,3
2026-09-20T11:19:07.802398+00:00,34474,1100482,3941709,3
2026-09-20T11:19:07.835398+00:00,34475,1100507,3941930,3
2026-09-20T11:19:07.851398+00:00,34476,1100533,3942175,3
2026-09-20T11:19:07.882397+00:00,34477,1100558,3941571,3
2026-09-20T11:19:07.903398+00:00,34478,1100583,3941571,3
2026-09-20T11:19:07.930407+00:00,34479,1100608,3941783,3
2026-09-20T11:19:07.946399+00:00,34480,1100633,3941909,3
2026-09-20T11:19:07.978396+00:00,34481,1100658,3941566,3
2026-09-20T11:19:08.011397+00:00,34482,1100684,3941802,3
2026-09-20T11:19:08.026399+00:00,34483,1100709,3942087,3
2026-09-20T11:19:08.058396+00:00,34484,1100734,3941713,3
2026-09-20T11:19:08.074396+00:00,34485,1100759,3941734,3
2026-09-20T11:19:08.106396+00:00,34486,1100784,3941776,3
2026-09-20T11:19:08.122396+00:00,34487,1100810,3941493,3
2026-09-20T11:19:08.155424+00:00,34488,1100835,3941811,3
2026-09-20T11:19:08.188397+00:00,34489,1100860,3941434,3
2026-09-20T11:19:08.202397+00:00,34490,1100885,3941318,3
2026-09-20T11:19:08.234397+00:00,34491,1100910,3941308,3
2026-09-20T11:19:08.252401+00:00,34492,1100935,3940896,3
2026-09-20T11:19:08.282395+00:00,34493,1100961,3941197,3
2026-09-20T11:19:08.299400+00:00,34494,1100986,3941658,3
2026-09-20T11:19:08.331396+00:00,34495,1101011,3941432,3
2026-09-20T11:19:08.362395+00:00,34496,1101036,3941391,3
2026-09-20T11:19:08.379416+00:00,34497,1101061,3941193,3
2026-09-20T11:19:08.410396+00:00,34498,1101087,3941204,3
2026-09-20T11:19:08.427444+00:00,34499,1101112,3941162,3
2026-09-20T11:19:08.458397+00:00,34500,1101137,3941811,3
2026-09-20T11:19:08.476458+00:00,34501,1101162,3941891,3
2026-09-20T11:19:08.506396+00:00,34502,1101187,3941802,3
2026-09-20T11:19:08.538395+00:00,34503,1101212,3941134,3
2026-09-20T11:19:08.554397+00:00,34504,1101238,3940929,3
2026-09-20T11:19:08.585979+00:00,34505,1101263,3940985,3
2026-09-20T11:19:08.602397+00:00,34506,1101288,3941611,3
2026-09-20T11:19:08.634393+00:00,34507,1101313,3941815,3
2026-09-20T11:19:08.666397+00:00,34508,1101338,3941740,3
2026-09-20T11:19:08.682397+00:00,34509,1101364,3941455,3
2026-09-20T11:19:08.714550+00:00,34510,1101389,3941383,3
2026-09-20T11:19:08.730390+00:00,34511,1101414,3941873,3
2026-09-20T11:19:08.763392+00:00,34512,1101439,3941797,3
2026-09-20T11:19:08.778388+00:00,34513,1101464,3940811,3
2026-09-20T11:19:08.811398+00:00,34514,1101490,3940525,3
2026-09-20T11:19:08.842395+00:00,34515,1101515,3941050,3
2026-09-20T11:19:08.859592+00:00,34516,1101540,3940963,3
2026-09-20T11:19:08.890391+00:00,34517,1101565,3941228,3
2026-09-20T11:19:08.906398+00:00,34518,1101590,3941466,3
2026-09-20T11:19:08.941403+00:00,34519,1101615,3941617,3
2026-09-20T11:19:08.954390+00:00,34520,1101641,3941294,3
2026-09-20T11:19:08.987419+00:00,34521,1101666,3940969,3
2026-09-20T11:19:09.032530+00:00,34522,1101691,3941087,3
2026-09-20T11:19:09.039467+00:00,34523,1101716,3941164,3
2026-09-20T11:19:09.067398+00:00,34524,1101741,3941492,3
2026-09-20T11:19:09.084552+00:00,34525,1101767,3941554,3
2026-09-20T11:19:09.114392+00:00,34526,1101792,3941356,3
2026-09-20T11:19:09.130391+00:00,34527,1101817,3941688,3
2026-09-20T11:19:09.165391+00:00,34528,1101842,3942015,3
2026-09-20T11:19:09.193982+00:00,34529,1101867,3941662,3
2026-09-20T11:19:09.211088+00:00,34530,1101893,3941797,3
2026-09-20T11:19:09.242677+00:00,34531,1101918,3941399,3
2026-09-20T11:19:09.258502+00:00,34532,1101943,3940848,3
2026-09-20T11:19:09.292536+00:00,34533,1101968,3941508,3
2026-09-20T11:19:09.306503+00:00,34534,1101993,3942092,3
2026-09-20T11:19:09.339505+00:00,34535,1102018,3941331,3
2026-09-20T11:19:09.370509+00:00,34536,1102044,3941387,3
2026-09-20T11:19:09.386515+00:00,34537,1102069,3941473,3
2026-09-20T11:19:09.418504+00:00,34538,1102094,3941781,3
2026-09-20T11:19:09.434506+00:00,34539,1102119,3941624,3
2026-09-20T11:19:09.469508+00:00,34540,1102144,3941385,3
2026-09-20T11:19:09.482504+00:00,34541,1102170,3941939,3
2026-09-20T11:19:09.513974+00:00,34542,1102195,3942256,3
2026-09-20T11:19:09.546502+00:00,34543,1102220,3942363,3
2026-09-20T11:19:09.561503+00:00,34544,1102245,3942268,3
2026-09-20T11:19:09.593546+00:00,34545,1102270,3942010,3
2026-09-20T11:19:09.610503+00:00,34546,1102296,3941600,3
2026-09-20T11:19:09.642510+00:00,34547,1102321,3941476,3
2026-09-20T11:19:09.659504+00:00,34548,1102346,3942292,3
2026-09-20T11:19:09.692504+00:00,34549,1102371,3941993,3
2026-09-20T11:19:09.723502+00:00,34550,1102396,3941145,3
2026-09-20T11:19:09.738715+00:00,34551,1102421,3941084,3
2026-09-20T11:19:09.770515+00:00,34552,1102447,3941565,3
2026-09-20T11:19:09.786515+00:00,34553,1102472,3941407,3
2026-09-20T11:19:09.818503+00:00,34554,1102497,3941248,3
2026-09-20T11:19:09.835505+00:00,34555,1102522,3941222,3
2026-09-20T11:19:09.867512+00:00,34556,1102547,3941164,3
2026-09-20T11:19:09.898508+00:00,34557,1102573,3941481,3
2026-09-20T11:19:09.914502+00:00,34558,1102598,3941664,3
2026-09-20T11:19:09.946645+00:00,34559,1102623,3942086,3
2026-09-20T11:19:09.963899+00:00,34560,1102648,3942223,3
2026-09-20T11:19:09.994505+00:00,34561,1102673,3941722,3
2026-09-20T11:19:10.025864+00:00,34562,1102699,3941536,3
2026-09-20T11:19:10.042509+00:00,34563,1102724,3941748,3
2026-09-20T11:19:10.073926+00:00,34564,1102749,3941163,3
2026-09-20T11:19:10.090503+00:00,34565,1102774,3941186,3
2026-09-20T11:19:10.124514+00:00,34566,1102799,3941235,3
2026-09-20T11:19:10.139505+00:00,34567,1102824,3941579,3
2026-09-20T11:19:10.170912+00:00,34568,1102850,3941298,3
2026-09-20T11:19:10.202503+00:00,34569,1102875,3941107,3
2026-09-20T11:19:10.219512+00:00,34570,1102900,3941519,3
2026-09-20T11:19:10.251506+00:00,34571,1102925,3941219,3
2026-09-20T11:19:10.266504+00:00,34572,1102950,3941479,3
2026-09-20T11:19:10.304598+00:00,34573,1102976,3941936,3
2026-09-20T11:19:10.325504+00:00,34574,1103001,3941906,3
2026-09-20T11:19:10.347504+00:00,34575,1103026,3941893,3
2026-09-20T11:19:10.379501+00:00,34576,1103051,3942326,3
2026-09-20T11:19:10.401539+00:00,34577,1103076,3941825,3
2026-09-20T11:19:10.445596+00:00,34578,1103102,3941476,3
2026-09-20T11:19:10.445596+00:00,34579,1103127,3941547,3
2026-09-20T11:19:10.480635+00:00,34580,1103152,3941288,3
2026-09-20T11:19:10.499908+00:00,34581,1103177,3941837,3
2026-09-20T11:19:10.536331+00:00,34582,1103202,3941938,3
2026-09-20T11:19:10.572975+00:00,34583,1103228,3941682,3
2026-09-20T11:19:10.572975+00:00,34584,1103253,3942127,3
2026-09-20T11:19:10.641933+00:00,34585,1103278,3941620,3
2026-09-20T11:19:10.643451+00:00,34586,1103303,3941490,3
2026-09-20T11:19:10.653652+00:00,34587,1103328,3941726,3
2026-09-20T11:19:10.668776+00:00,34588,1103353,3941493,3
2026-09-20T11:19:10.704406+00:00,34589,1103379,3941276,3
2026-09-20T11:19:10.729920+00:00,34590,1103404,3941823,3
2026-09-20T11:19:10.747319+00:00,34591,1103429,3942074,3
2026-09-20T11:19:10.777924+00:00,34592,1103454,3941719,3
2026-09-20T11:19:10.794354+00:00,34593,1103479,3941353,3
2026-09-20T11:19:10.828736+00:00,34594,1103505,3941337,3
2026-09-20T11:19:10.841966+00:00,34595,1103530,3941005,3
2026-09-20T11:19:10.874879+00:00,34596,1103555,3941068,3
2026-09-20T11:19:10.907518+00:00,34597,1103580,3941601,3
2026-09-20T11:19:10.924136+00:00,34598,1103605,3941516,3
2026-09-20T11:19:10.963809+00:00,34599,1103631,3941814,3
2026-09-20T11:19:10.975341+00:00,34600,1103656,3941883,3
2026-09-20T11:19:11.003345+00:00,34601,1103681,3941545,3
2026-09-20T11:19:11.022206+00:00,34602,1103706,3941041,3
2026-09-20T11:19:11.056311+00:00,34603,1103731,3941404,3
2026-09-20T11:19:11.083102+00:00,34604,1103756,3941291,3
2026-09-20T11:19:11.099199+00:00,34605,1103782,3941167,3
2026-09-20T11:19:11.130196+00:00,34606,1103807,3941470,3
2026-09-20T11:19:11.147199+00:00,34607,1103832,3941454,3
2026-09-20T11:19:11.177927+00:00,34608,1103857,3941541,3
2026-09-20T11:19:11.193953+00:00,34609,1103882,3941055,3
2026-09-20T11:19:11.225927+00:00,34610,1103908,3942221,3
2026-09-20T11:19:11.257926+00:00,34611,1103933,3941980,3
2026-09-20T11:19:11.273907+00:00,34612,1103958,3941151,3
2026-09-20T11:19:11.305921+00:00,34613,1103983,3940629,3
2026-09-20T11:19:11.321932+00:00,34614,1104008,3941014,3
2026-09-20T11:19:11.355673+00:00,34615,1104033,3941831,3
2026-09-20T11:19:11.369916+00:00,34616,1104059,3941608,3
2026-09-20T11:19:11.401930+00:00,34617,1104084,3941454,3
2026-09-20T11:19:11.433865+00:00,34618,1104109,3941328,3
2026-09-20T11:19:11.453948+00:00,34619,1104134,3941197,3
2026-09-20T11:19:11.487382+00:00,34620,1104159,3941534,3
2026-09-20T11:19:11.497918+00:00,34621,1104185,3941609,3
2026-09-20T11:19:11.529900+00:00,34622,1104210,3941566,3
2026-09-20T11:19:11.561936+00:00,34623,1104235,3941929,3
2026-09-20T11:19:11.577906+00:00,34624,1104260,3941890,3
2026-09-20T11:19:11.610039+00:00,34625,1104285,3941842,3
2026-09-20T11:19:11.626189+00:00,34626,1104311,3941597,3
2026-09-20T11:19:11.657894+00:00,34627,1104336,3940941,3
2026-09-20T11:19:11.673904+00:00,34628,1104361,3940963,3
2026-09-20T11:19:11.705918+00:00,34629,1104386,3941112,3
2026-09-20T11:19:11.741944+00:00,34630,1104411,3941555,3
2026-09-20T11:19:11.753927+00:00,34631,1104436,3941932,3
2026-09-20T11:19:11.786110+00:00,34632,1104462,3941360,3
2026-09-20T11:19:11.804116+00:00,34633,1104487,3941434,3
2026-09-20T11:19:11.834111+00:00,34634,1104512,3941992,3
2026-09-20T11:19:11.850111+00:00,34635,1104537,3941650,3
2026-09-20T11:19:11.882110+00:00,34636,1104562,3941451,3
2026-09-20T11:19:11.914110+00:00,34637,1104588,3941788,3
2026-09-20T11:19:11.930123+00:00,34638,1104613,3941712,3
2026-09-20T11:19:11.962111+00:00,34639,1104638,3941466,3
2026-09-20T11:19:11.977880+00:00,34640,1104663,3941076,3
2026-09-20T11:19:12.009906+00:00,34641,1104688,3941140,3
2026-09-20T11:19:12.034991+00:00,34642,1104714,3940866,3
2026-09-20T11:19:12.058960+00:00,34643,1104739,3941376,3
2026-09-20T11:19:12.089853+00:00,34644,1104764,3941686,3
2026-09-20T11:19:12.106905+00:00,34645,1104789,3941980,3
2026-09-20T11:19:12.137862+00:00,34646,1104814,3941707,3
2026-09-20T11:19:12.153859+00:00,34647,1104839,3941327,3
2026-09-20T11:19:12.186264+00:00,34648,1104865,3941364,3
2026-09-20T11:19:12.201880+00:00,34649,1104890,3941571,3
2026-09-20T11:19:12.234026+00:00,34650,1104915,3941747,3
2026-09-20T11:19:12.266364+00:00,34651,1104940,3941839,3
2026-09-20T11:19:12.281853+00:00,34652,1104965,3941355,3
2026-09-20T11:19:12.313890+00:00,34653,1104991,3941140,3
2026-09-20T11:19:12.329912+00:00,34654,1105016,3941295,3
2026-09-20T11:19:12.362930+00:00,34655,1105041,3941125,3
2026-09-20T11:19:12.377882+00:00,34656,1105066,3941482,3
2026-09-20T11:19:12.410942+00:00,34657,1105091,3941812,3
2026-09-20T11:19:12.441909+00:00,34658,1105117,3941478,3
2026-09-20T11:19:12.457949+00:00,34659,1105142,3941341,3
2026-09-20T11:19:12.489892+00:00,34660,1105167,3940890,3
2026-09-20T11:19:12.505880+00:00,34661,1105192,3941129,3
2026-09-20T11:19:12.537874+00:00,34662,1105217,3941314,3
2026-09-20T11:19:12.553875+00:00,34663,1105242,3941378,3
2026-09-20T11:19:12.587019+00:00,34664,1105268,3941410,3
2026-09-20T11:19:12.618558+00:00,34665,1105293,3941635,3
2026-09-20T11:19:12.634627+00:00,34666,1105318,3941183,3
2026-09-20T11:19:12.666350+00:00,34667,1105343,3940899,3
2026-09-20T11:19:12.683489+00:00,34668,1105368,3940847,3
2026-09-20T11:19:12.713868+00:00,34669,1105394,3941063,3
2026-09-20T11:19:12.729872+00:00,34670,1105419,3941210,3
2026-09-20T11:19:12.765925+00:00,34671,1105444,3941408,3
2026-09-20T11:19:12.793888+00:00,34672,1105469,3941916,3
2026-09-20T11:19:12.811918+00:00,34673,1105494,3941774,3
2026-09-20T11:19:12.841873+00:00,34674,1105520,3941252,3
2026-09-20T11:19:12.857917+00:00,34675,1105545,3940684,3
2026-09-20T11:19:12.890919+00:00,34676,1105570,3940984,3
2026-09-20T11:19:12.921923+00:00,34677,1105595,3941539,3
2026-09-20T11:19:12.937915+00:00,34678,1105620,3941659,3
2026-09-20T11:19:12.969916+00:00,34679,1105645,3941688,3
2026-09-20T11:19:12.985863+00:00,34680,1105671,3941642,3
2026-09-20T11:19:13.017872+00:00,34681,1105696,3941955,3
2026-09-20T11:19:13.033853+00:00,34682,1105721,3941358,3
2026-09-20T11:19:13.066357+00:00,34683,1105746,3940701,3
2026-09-20T11:19:13.097869+00:00,34684,1105771,3941220,3
2026-09-20T11:19:13.113862+00:00,34685,1105797,3941640,3
2026-09-20T11:19:13.145883+00:00,34686,1105822,3941681,3
2026-09-20T11:19:13.161887+00:00,34687,1105847,3941422,3
2026-09-20T11:19:13.193869+00:00,34688,1105872,3941083,3
2026-09-20T11:19:13.209864+00:00,34689,1105897,3941638,3
2026-09-20T11:19:13.242625+00:00,34690,1105923,3941568,3
2026-09-20T11:19:13.273882+00:00,34691,1105948,3941320,3
2026-09-20T11:19:13.289853+00:00,34692,1105973,3941733,3
2026-09-20T11:19:13.321916+00:00,34693,1105998,3941795,3
2026-09-20T11:19:13.337851+00:00,34694,1106023,3941422,3
2026-09-20T11:19:13.370920+00:00,34695,1106048,3941748,3
2026-09-20T11:19:13.385866+00:00,34696,1106074,3941660,3
2026-09-20T11:19:13.417785+00:00,34697,1106099,3941362,3
2026-09-20T11:19:13.449727+00:00,34698,1106124,3941271,3
2026-09-20T11:19:13.465760+00:00,34699,1106149,3941711,3
2026-09-20T11:19:13.499965+00:00,34700,1106174,3941300,3
2026-09-20T11:19:13.514893+00:00,34701,1106200,3941077,3
2026-09-20T11:19:13.546939+00:00,34702,1106225,3941635,3
2026-09-20T11:19:13.562911+00:00,34703,1106250,3941864,3
2026-09-20T11:19:13.594941+00:00,34704,1106275,3941390,3
2026-09-20T11:19:13.625849+00:00,34705,1106300,3941294,3
2026-09-20T11:19:13.642968+00:00,34706,1106326,3941185,3
2026-09-20T11:19:13.673852+00:00,34707,1106351,3941652,3
2026-09-20T11:19:13.689854+00:00,34708,1106376,3941703,3
2026-09-20T11:19:13.721859+00:00,34709,1106401,3941858,3
2026-09-20T11:19:13.740612+00:00,34710,1106426,3942001,3
2026-09-20T11:19:13.769858+00:00,34711,1106452,3941712,3
2026-09-20T11:19:13.801617+00:00,34712,1106477,3941799,3
2026-09-20T11:19:13.819611+00:00,34713,1106502,3941408,3
2026-09-20T11:19:13.849840+00:00,34714,1106527,3941106,3
2026-09-20T11:19:13.866619+00:00,34715,1106552,3941179,3
2026-09-20T11:19:13.898625+00:00,34716,1106577,3941606,3
2026-09-20T11:19:13.914633+00:00,34717,1106603,3941233,3
2026-09-20T11:19:13.946624+00:00,34718,1106628,3941232,3
2026-09-20T11:19:13.977615+00:00,34719,1106653,3941547,3
2026-09-20T11:19:13.993847+00:00,34720,1106678,3941532,3
2026-09-20T11:19:14.025856+00:00,34721,1106703,3941032,3
2026-09-20T11:19:14.041853+00:00,34722,1106729,3941060,3
2026-09-20T11:19:14.073848+00:00,34723,1106754,3941068,3
2026-09-20T11:19:14.089838+00:00,34724,1106779,3941437,3
2026-09-20T11:19:14.121843+00:00,34725,1106804,3941260,3
2026-09-20T11:19:14.157847+00:00,34726,1106829,3940827,3
2026-09-20T11:19:14.171043+00:00,34727,1106854,3941144,3
2026-09-20T11:19:14.201871+00:00,34728,1106880,3941476,3
2026-09-20T11:19:14.218643+00:00,34729,1106905,3941196,3
2026-09-20T11:19:14.250676+00:00,34730,1106930,3940612,3
2026-09-20T11:19:14.287074+00:00,34731,1106955,3940960,3
2026-09-20T11:19:14.298889+00:00,34732,1106980,3941291,3
2026-09-20T11:19:14.329849+00:00,34733,1107006,3941606,3
2026-09-20T11:19:14.345833+00:00,34734,1107031,3941525,3
2026-09-20T11:19:14.377844+00:00,34735,1107056,3941303,3
2026-09-20T11:19:14.393849+00:00,34736,1107081,3941440,3
2026-09-20T11:19:14.425846+00:00,34737,1107106,3941445,3
2026-09-20T11:19:14.457882+00:00,34738,1107132,3941652,3
2026-09-20T11:19:14.474865+00:00,34739,1107157,3941167,3
2026-09-20T11:19:14.505827+00:00,34740,1107182,3941114,3
2026-09-20T11:19:14.521833+00:00,34741,1107207,3941385,3
2026-09-20T11:19:14.553820+00:00,34742,1107232,3941257,3
2026-09-20T11:19:14.569828+00:00,34743,1107257,3941541,3
2026-09-20T11:19:14.601825+00:00,34744,1107283,3941660,3
2026-09-20T11:19:14.635385+00:00,34745,1107308,3941684,3
2026-09-20T11:19:14.650986+00:00,34746,1107333,3941004,3
2026-09-20T11:19:14.681823+00:00,34747,1107358,3941723,3
2026-09-20T11:19:14.700958+00:00,34748,1107383,3941723,3
2026-09-20T11:19:14.729842+00:00,34749,1107409,3941148,3
2026-09-20T11:19:14.745841+00:00,34750,1107434,3941312,3
2026-09-20T11:19:14.777814+00:00,34751,1107459,3941540,3
2026-09-20T11:19:14.809719+00:00,34752,1107484,3941622,3
2026-09-20T11:19:14.827673+00:00,34753,1107509,3941907,3
2026-09-20T11:19:14.858677+00:00,34754,1107535,3941549,3
2026-09-20T11:19:14.874846+00:00,34755,1107560,3941616,3
2026-09-20T11:19:14.905855+00:00,34756,1107585,3941504,3
2026-09-20T11:19:14.921672+00:00,34757,1107610,3941313,3
2026-09-20T11:19:14.954715+00:00,34758,1107635,3941094,3
2026-09-20T11:19:14.985681+00:00,34759,1107660,3941037,3
2026-09-20T11:19:15.002675+00:00,34760,1107686,3941512,3
2026-09-20T11:19:15.033805+00:00,34761,1107711,3941619,3
2026-09-20T11:19:15.049820+00:00,34762,1107736,3941328,3
2026-09-20T11:19:15.081823+00:00,34763,1107761,3941297,3
2026-09-20T11:19:15.097805+00:00,34764,1107786,3941291,3
2026-09-20T11:19:15.129940+00:00,34765,1107812,3941012,3
2026-09-20T11:19:15.161862+00:00,34766,1107837,3941361,3
2026-09-20T11:19:15.177813+00:00,34767,1107862,3941336,3
2026-09-20T11:19:15.209795+00:00,34768,1107887,3941981,3
2026-09-20T11:19:15.225815+00:00,34769,1107912,3942147,3
2026-09-20T11:19:15.257806+00:00,34770,1107938,3942051,3
2026-09-20T11:19:15.273817+00:00,34771,1107963,3941895,3
2026-09-20T11:19:15.307059+00:00,34772,1107988,3941354,3
2026-09-20T11:19:15.337795+00:00,34773,1108013,3941464,3
2026-09-20T11:19:15.353808+00:00,34774,1108038,3941853,3
2026-09-20T11:19:15.385810+00:00,34775,1108063,3941697,3
2026-09-20T11:19:15.401848+00:00,34776,1108089,3941297,3
2026-09-20T11:19:15.434123+00:00,34777,1108114,3941344,3
2026-09-20T11:19:15.451633+00:00,34778,1108139,3941858,3
2026-09-20T11:19:15.485214+00:00,34779,1108164,3941878,3
2026-09-20T11:19:15.515391+00:00,34780,1108189,3941574,3
2026-09-20T11:19:15.529813+00:00,34781,1108215,3941340,3
2026-09-20T11:19:15.561806+00:00,34782,1108240,3941604,3
2026-09-20T11:19:15.577814+00:00,34783,1108265,3941750,3
2026-09-20T11:19:15.609814+00:00,34784,1108290,3941564,3
2026-09-20T11:19:15.641798+00:00,34785,1108315,3941439,3
2026-09-20T11:19:15.660117+00:00,34786,1108341,3941584,3
2026-09-20T11:19:15.689800+00:00,34787,1108366,3941540,3
2026-09-20T11:19:15.705813+00:00,34788,1108391,3941360,3
2026-09-20T11:19:15.738352+00:00,34789,1108416,3941747,3
2026-09-20T11:19:15.754827+00:00,34790,1108441,3941937,3
2026-09-20T11:19:15.786827+00:00,34791,1108467,3941282,3
2026-09-20T11:19:15.817824+00:00,34792,1108492,3941406,3
2026-09-20T11:19:15.834826+00:00,34793,1108517,3941302,3
2026-09-20T11:19:15.866833+00:00,34794,1108542,3941075,3
2026-09-20T11:19:15.883827+00:00,34795,1108567,3941559,3
2026-09-20T11:19:15.943282+00:00,34796,1108592,3941774,3
2026-09-20T11:19:15.945579+00:00,34797,1108618,3941630,3
2026-09-20T11:19:15.962581+00:00,34798,1108643,3941874,3
2026-09-20T11:19:15.993572+00:00,34799,1108668,3941748,3
2026-09-20T11:19:16.010574+00:00,34800,1108693,3941283,3
2026-09-20T11:19:16.041789+00:00,34801,1108718,3941785,3
2026-09-20T11:19:16.058812+00:00,34802,1108744,3941537,3
2026-09-20T11:19:16.089780+00:00,34803,1108769,3941343,3
2026-09-20T11:19:16.105792+00:00,34804,1108794,3941201,3
2026-09-20T11:19:16.137769+00:00,34805,1108819,3941562,3
2026-09-20T11:19:16.169823+00:00,34806,1108844,3941818,3
2026-09-20T11:19:16.191016+00:00,34807,1108870,3941647,3
2026-09-20T11:19:16.217770+00:00,34808,1108895,3941395,3
2026-09-20T11:19:16.234027+00:00,34809,1108920,3941137,3
2026-09-20T11:19:16.266518+00:00,34810,1108945,3941392,3
2026-09-20T11:19:16.281805+00:00,34811,1108970,3941586,3
2026-09-20T11:19:16.313795+00:00,34812,1108996,3941373,3
2026-09-20T11:19:16.345779+00:00,34813,1109021,3941192,3
2026-09-20T11:19:16.361778+00:00,34814,1109046,3940875,3
2026-09-20T11:19:16.393786+00:00,34815,1109071,3941170,3
2026-09-20T11:19:16.409793+00:00,34816,1109096,3941383,3
2026-09-20T11:19:16.441776+00:00,34817,1109121,3941026,3
2026-09-20T11:19:16.457770+00:00,34818,1109147,3940879,3
2026-09-20T11:19:16.489773+00:00,34819,1109172,3941500,3
2026-09-20T11:19:16.521779+00:00,34820,1109197,3941591,3
2026-09-20T11:19:16.537782+00:00,34821,1109222,3941762,3
2026-09-20T11:19:16.570813+00:00,34822,1109247,3941340,3
2026-09-20T11:19:16.586011+00:00,34823,1109273,3940992,3
2026-09-20T11:19:16.620457+00:00,34824,1109298,3941143,3
2026-09-20T11:19:16.633682+00:00,34825,1109323,3941259,3
2026-09-20T11:19:16.666369+00:00,34826,1109348,3941253,3
2026-09-20T11:19:16.702050+00:00,34827,1109373,3941397,3
2026-09-20T11:19:16.713790+00:00,34828,1109399,3941728,3
2026-09-20T11:19:16.745762+00:00,34829,1109424,3941826,3
2026-09-20T11:19:16.761765+00:00,34830,1109449,3941279,3
2026-09-20T11:19:16.793768+00:00,34831,1109474,3940981,3
2026-09-20T11:19:16.809794+00:00,34832,1109499,3941459,3
2026-09-20T11:19:16.841773+00:00,34833,1109524,3941965,3
2026-09-20T11:19:16.873792+00:00,34834,1109550,3942398,3
2026-09-20T11:19:16.889768+00:00,34835,1109575,3942036,3
2026-09-20T11:19:16.921795+00:00,34836,1109600,3941176,3
2026-09-20T11:19:16.937798+00:00,34837,1109625,3941136,3
2026-09-20T11:19:16.970796+00:00,34838,1109650,3940753,3
2026-09-20T11:19:17.001797+00:00,34839,1109676,3941544,3
2026-09-20T11:19:17.017539+00:00,34840,1109701,3941829,3
2026-09-20T11:19:17.049738+00:00,34841,1109726,3941911,3
2026-09-20T11:19:17.065763+00:00,34842,1109751,3941498,3
2026-09-20T11:19:17.097763+00:00,34843,1109776,3941167,3
2026-09-20T11:19:17.113772+00:00,34844,1109802,3941192,3
2026-09-20T11:19:17.145912+00:00,34845,1109827,3941442,3
2026-09-20T11:19:17.177765+00:00,34846,1109852,3941738,3
2026-09-20T11:19:17.193583+00:00,34847,1109877,3940994,3
2026-09-20T11:19:17.225581+00:00,34848,1109902,3940889,3
2026-09-20T11:19:17.241745+00:00,34849,1109927,3941427,3
2026-09-20T11:19:17.274607+00:00,34850,1109953,3941610,3
2026-09-20T11:19:17.290584+00:00,34851,1109978,3941382,3
2026-09-20T11:19:17.322580+00:00,34852,1110003,3941312,3
2026-09-20T11:19:17.354583+00:00,34853,1110028,3941201,3
2026-09-20T11:19:17.370584+00:00,34854,1110053,3941061,3
2026-09-20T11:19:17.402585+00:00,34855,1110079,3941080,3
2026-09-20T11:19:17.418583+00:00,34856,1110104,3941465,3
2026-09-20T11:19:17.450585+00:00,34857,1110129,3941009,3
2026-09-20T11:19:17.465597+00:00,34858,1110154,3940968,3
2026-09-20T11:19:17.498788+00:00,34859,1110179,3941206,3
2026-09-20T11:19:17.530583+00:00,34860,1110204,3941572,3
2026-09-20T11:19:17.546586+00:00,34861,1110230,3941495,3
2026-09-20T11:19:17.578584+00:00,34862,1110255,3941089,3
2026-09-20T11:19:17.594584+00:00,34863,1110280,3941086,3
2026-09-20T11:19:17.627590+00:00,34864,1110305,3941354,3
2026-09-20T11:19:17.641687+00:00,34865,1110330,3941256,3
2026-09-20T11:19:17.673752+00:00,34866,1110356,3941733,3
2026-09-20T11:19:17.705718+00:00,34867,1110381,3942054,3
2026-09-20T11:19:17.722715+00:00,34868,1110406,3941737,3
2026-09-20T11:19:17.755733+00:00,34869,1110431,3941396,3
2026-09-20T11:19:17.769721+00:00,34870,1110456,3941275,3
2026-09-20T11:19:17.802711+00:00,34871,1110482,3941506,3
2026-09-20T11:19:17.817712+00:00,34872,1110507,3941942,3
2026-09-20T11:19:17.850715+00:00,34873,1110532,3941767,3
2026-09-20T11:19:17.881712+00:00,34874,1110557,3941615,3
2026-09-20T11:19:17.898710+00:00,34875,1110582,3941204,3
2026-09-20T11:19:17.929717+00:00,34876,1110607,3940981,3
2026-09-20T11:19:17.946711+00:00,34877,1110633,3941204,3
2026-09-20T11:19:17.977712+00:00,34878,1110658,3941416,3
2026-09-20T11:19:17.995712+00:00,34879,1110683,3941932,3
2026-09-20T11:19:18.027713+00:00,34880,1110708,3941731,3
2026-09-20T11:19:18.058711+00:00,34881,1110733,3941531,3
2026-09-20T11:19:18.075714+00:00,34882,1110759,3941297,3
2026-09-20T11:19:18.105710+00:00,34883,1110784,3941089,3
2026-09-20T11:19:18.122713+00:00,34884,1110809,3941069,3
2026-09-20T11:19:18.154716+00:00,34885,1110834,3941491,3
2026-09-20T11:19:18.170717+00:00,34886,1110859,3941878,3
2026-09-20T11:19:18.202723+00:00,34887,1110884,3941577,3
2026-09-20T11:19:18.234713+00:00,34888,1110910,3941217,3
2026-09-20T11:19:18.251713+00:00,34889,1110935,3941129,3
2026-09-20T11:19:18.281746+00:00,34890,1110960,3941062,3
2026-09-20T11:19:18.297757+00:00,34891,1110985,3941160,3
2026-09-20T11:19:18.331717+00:00,34892,1111010,3941482,3
2026-09-20T11:19:18.346711+00:00,34893,1111036,3941789,3
2026-09-20T11:19:18.377722+00:00,34894,1111061,3941597,3
2026-09-20T11:19:18.409710+00:00,34895,1111086,3941436,3
2026-09-20T11:19:18.425727+00:00,34896,1111111,3941280,3
2026-09-20T11:19:18.457709+00:00,34897,1111136,3941415,3
2026-09-20T11:19:18.473723+00:00,34898,1111162,3941216,3
2026-09-20T11:19:18.507191+00:00,34899,1111187,3941328,3
