host_utc,seq,mcu_ms,raw,label
2026-09-20T08:20:18.889676+00:00,177700,4474112,3935871,
2026-09-20T08:20:18.903633+00:00,177701,4474137,3936229,
2026-09-20T08:20:18.936221+00:00,177702,4474162,3936467,
2026-09-20T08:20:18.969221+00:00,177703,4474187,3936630,
2026-09-20T08:20:18.984237+00:00,177704,4474212,3937252,
2026-09-20T08:20:19.017221+00:00,177705,4474237,3938236,
2026-09-20T08:20:19.032231+00:00,177706,4474263,3939479,
2026-09-20T08:20:19.064222+00:00,177707,4474288,3940877,
2026-09-20T08:20:19.080240+00:00,177708,4474313,3940881,
2026-09-20T08:20:19.112245+00:00,177709,4474338,3939333,
2026-09-20T08:20:19.144220+00:00,177710,4474363,3938877,
2026-09-20T08:20:19.160224+00:00,177711,4474389,3939487,
2026-09-20T08:20:19.192222+00:00,177712,4474414,3940223,
2026-09-20T08:20:19.208231+00:00,177713,4474439,3940206,
2026-09-20T08:20:19.240256+00:00,177714,4474464,3939519,
2026-09-20T08:20:19.256225+00:00,177715,4474489,3939050,
2026-09-20T08:20:19.287971+00:00,177716,4474514,3939036,
2026-09-20T08:20:19.319865+00:00,177717,4474540,3938562,
2026-09-20T08:20:19.335880+00:00,177718,4474565,3937912,
2026-09-20T08:20:19.368340+00:00,177719,4474590,3936887,
2026-09-20T08:20:19.383871+00:00,177720,4474615,3936827,
2026-09-20T08:20:19.415390+00:00,177721,4474640,3937430,
2026-09-20T08:20:19.432300+00:00,177722,4474665,3938035,
2026-09-20T08:20:19.464652+00:00,177723,4474691,3937684,
2026-09-20T08:20:19.495877+00:00,177724,4474716,3936634,
2026-09-20T08:20:19.512995+00:00,177725,4474741,3936809,
2026-09-20T08:20:19.543965+00:00,177726,4474766,3937650,
2026-09-20T08:20:19.561233+00:00,177727,4474791,3937515,
2026-09-20T08:20:19.592016+00:00,177728,4474817,3936709,
2026-09-20T08:20:19.608051+00:00,177729,4474842,3936666,
2026-09-20T08:20:19.639862+00:00,177730,4474867,3936414,
2026-09-20T08:20:19.671872+00:00,177731,4474892,3936289,
2026-09-20T08:20:19.687860+00:00,177732,4474917,3936927,
2026-09-20T08:20:19.719813+00:00,177733,4474942,3937648,
2026-09-20T08:20:19.735983+00:00,177734,4474968,3937711,
2026-09-20T08:20:19.767816+00:00,177735,4474993,3937194,
2026-09-20T08:20:19.784137+00:00,177736,4475018,3937231,
2026-09-20T08:20:19.820534+00:00,177737,4475043,3937394,
2026-09-20T08:20:19.847773+00:00,177738,4475068,3937484,
2026-09-20T08:20:19.863900+00:00,177739,4475094,3937700,
2026-09-20T08:20:19.896974+00:00,177740,4475119,3937301,
2026-09-20T08:20:19.912967+00:00,177741,4475144,3936564,
2026-09-20T08:20:19.944949+00:00,177742,4475169,3936950,
2026-09-20T08:20:19.959905+00:00,177743,4475194,3936953,
2026-09-20T08:20:19.992060+00:00,177744,4475219,3937023,
2026-09-20T08:20:20.024977+00:00,177745,4475245,3938177,
2026-09-20T08:20:20.039456+00:00,177746,4475270,3939019,
2026-09-20T08:20:20.073044+00:00,177747,4475295,3938641,
2026-09-20T08:20:20.087621+00:00,177748,4475320,3938678,
2026-09-20T08:20:20.119855+00:00,177749,4475345,3939985,
2026-09-20T08:20:20.135856+00:00,177750,4475371,3940032,
2026-09-20T08:20:20.173244+00:00,177751,4475396,3939237,
2026-09-20T08:20:20.199842+00:00,177752,4475421,3939017,
2026-09-20T08:20:20.215596+00:00,177753,4475446,3939644,
2026-09-20T08:20:20.248512+00:00,177754,4475471,3940613,
2026-09-20T08:20:20.264607+00:00,177755,4475496,3940038,
2026-09-20T08:20:20.295904+00:00,177756,4475522,3938443,
2026-09-20T08:20:20.311951+00:00,177757,4475547,3938587,
2026-09-20T08:20:20.343826+00:00,177758,4475572,3939957,
2026-09-20T08:20:20.376978+00:00,177759,4475597,3940765,
2026-09-20T08:20:20.392423+00:00,177760,4475622,3940539,
2026-09-20T08:20:20.423889+00:00,177761,4475647,3939589,
2026-09-20T08:20:20.442454+00:00,177762,4475673,3939499,
2026-09-20T08:20:20.471864+00:00,177763,4475698,3940160,
2026-09-20T08:20:20.489038+00:00,177764,4475723,3942246,
2026-09-20T08:20:20.519849+00:00,177765,4475748,3943656,
2026-09-20T08:20:20.551874+00:00,177766,4475773,3943907,
2026-09-20T08:20:20.567837+00:00,177767,4475799,3944179,
2026-09-20T08:20:20.599853+00:00,177768,4475824,3944493,
2026-09-20T08:20:20.616587+00:00,177769,4475849,3943527,
2026-09-20T08:20:20.647738+00:00,177770,4475874,3942413,
2026-09-20T08:20:20.679898+00:00,177771,4475899,3942605,
2026-09-20T08:20:20.695844+00:00,177772,4475924,3943170,
2026-09-20T08:20:20.727831+00:00,177773,4475950,3942841,
2026-09-20T08:20:20.743877+00:00,177774,4475975,3941537,
2026-09-20T08:20:20.775838+00:00,177775,4476000,3940274,
2026-09-20T08:20:20.791833+00:00,177776,4476025,3939262,
2026-09-20T08:20:20.825055+00:00,177777,4476050,3938137,
2026-09-20T08:20:20.855898+00:00,177778,4476076,3937098,
2026-09-20T08:20:20.872348+00:00,177779,4476101,3937158,
2026-09-20T08:20:20.908981+00:00,177780,4476126,3937340,
2026-09-20T08:20:20.919863+00:00,177781,4476151,3936598,
2026-09-20T08:20:20.952043+00:00,177782,4476176,3935739,
2026-09-20T08:20:20.967843+00:00,177783,4476201,3935894,
2026-09-20T08:20:20.999869+00:00,177784,4476227,3935395,
2026-09-20T08:20:21.032033+00:00,177785,4476252,3935063,
2026-09-20T08:20:21.047614+00:00,177786,4476277,3935411,
2026-09-20T08:20:21.079819+00:00,177787,4476302,3938286,
2026-09-20T08:20:21.095836+00:00,177788,4476327,3946602,
2026-09-20T08:20:21.127826+00:00,177789,4476352,3963101,
2026-09-20T08:20:21.144206+00:00,177790,4476378,3995476,
2026-09-20T08:20:21.175825+00:00,177791,4476403,4048105,
2026-09-20T08:20:21.207813+00:00,177792,4476428,4113563,
2026-09-20T08:20:21.223818+00:00,177793,4476453,4181015,
2026-09-20T08:20:21.255484+00:00,177794,4476478,4231439,
2026-09-20T08:20:21.271817+00:00,177795,4476504,4251270,
2026-09-20T08:20:21.303846+00:00,177796,4476529,4249499,
2026-09-20T08:20:21.319847+00:00,177797,4476554,4236730,
2026-09-20T08:20:21.351847+00:00,177798,4476579,4226226,
2026-09-20T08:20:21.383847+00:00,177799,4476604,4231628,
2026-09-20T08:20:21.399846+00:00,177800,4476629,4230349,
2026-09-20T08:20:21.431846+00:00,177801,4476655,4211988,
2026-09-20T08:20:21.447595+00:00,177802,4476680,4177832,
2026-09-20T08:20:21.481066+00:00,177803,4476705,4149213,
2026-09-20T08:20:21.496365+00:00,177804,4476730,4121685,
2026-09-20T08:20:21.527892+00:00,177805,4476755,4098908,
2026-09-20T08:20:21.559853+00:00,177806,4476781,4089650,
2026-09-20T08:20:21.575836+00:00,177807,4476806,4072705,
2026-09-20T08:20:21.607825+00:00,177808,4476831,4048558,
2026-09-20T08:20:21.623832+00:00,177809,4476856,4034476,
2026-09-20T08:20:21.655826+00:00,177810,4476881,4027368,
2026-09-20T08:20:21.672328+00:00,177811,4476906,4015623,
2026-09-20T08:20:21.703892+00:00,177812,4476932,4005159,
2026-09-20T08:20:21.735825+00:00,177813,4476957,4007552,
2026-09-20T08:20:21.751825+00:00,177814,4476982,4008386,
2026-09-20T08:20:21.783815+00:00,177815,4477007,4004506,
2026-09-20T08:20:21.800579+00:00,177816,4477032,3995423,
2026-09-20T08:20:21.831831+00:00,177817,4477058,3978832,
2026-09-20T08:20:21.847597+00:00,177818,4477083,3957848,
2026-09-20T08:20:21.879835+00:00,177819,4477108,3943744,
2026-09-20T08:20:21.911824+00:00,177820,4477133,3941595,
2026-09-20T08:20:21.927828+00:00,177821,4477158,3938797,
2026-09-20T08:20:21.959837+00:00,177822,4477183,3931815,
2026-09-20T08:20:21.975847+00:00,177823,4477209,3922779,
2026-09-20T08:20:22.007811+00:00,177824,4477234,3915582,
2026-09-20T08:20:22.023807+00:00,177825,4477259,3906865,
2026-09-20T08:20:22.055803+00:00,177826,4477284,3883155,
2026-09-20T08:20:22.087813+00:00,177827,4477309,3852531,
2026-09-20T08:20:22.104544+00:00,177828,4477335,3817451,
2026-09-20T08:20:22.135649+00:00,177829,4477360,3787368,
2026-09-20T08:20:22.151968+00:00,177830,4477385,3764213,
2026-09-20T08:20:22.183819+00:00,177831,4477410,3705314,
2026-09-20T08:20:22.199792+00:00,177832,4477435,3557825,
2026-09-20T08:20:22.231817+00:00,177833,4477460,3347397,
2026-09-20T08:20:22.263789+00:00,177834,4477486,3202552,
2026-09-20T08:20:22.279813+00:00,177835,4477511,3192996,
2026-09-20T08:20:22.311827+00:00,177836,4477536,3287772,
2026-09-20T08:20:22.327804+00:00,177837,4477561,3432415,
2026-09-20T08:20:22.359841+00:00,177838,4477586,3570098,
2026-09-20T08:20:22.392515+00:00,177839,4477612,3674970,
2026-09-20T08:20:22.408893+00:00,177840,4477637,3752817,
2026-09-20T08:20:22.440195+00:00,177841,4477662,3812550,
2026-09-20T08:20:22.456223+00:00,177842,4477687,3854636,
2026-09-20T08:20:22.487787+00:00,177843,4477712,3880952,
2026-09-20T08:20:22.503730+00:00,177844,4477737,3897292,
2026-09-20T08:20:22.535686+00:00,177845,4477763,3907940,
2026-09-20T08:20:22.567954+00:00,177846,4477788,3915158,
2026-09-20T08:20:22.583619+00:00,177847,4477813,3919107,
2026-09-20T08:20:22.616382+00:00,177848,4477838,3921350,
2026-09-20T08:20:22.632144+00:00,177849,4477863,3922776,
2026-09-20T08:20:22.663798+00:00,177850,4477888,3923884,
2026-09-20T08:20:22.679823+00:00,177851,4477914,3922949,
2026-09-20T08:20:22.711804+00:00,177852,4477939,3923923,
2026-09-20T08:20:22.743781+00:00,177853,4477964,3927304,
2026-09-20T08:20:22.759509+00:00,177854,4477989,3928666,
2026-09-20T08:20:22.791790+00:00,177855,4478014,3929272,
2026-09-20T08:20:22.807851+00:00,177856,4478040,3930585,
2026-09-20T08:20:22.840028+00:00,177857,4478065,3931942,
2026-09-20T08:20:22.856074+00:00,177858,4478090,3933835,
2026-09-20T08:20:22.887756+00:00,177859,4478115,3935144,
2026-09-20T08:20:22.919772+00:00,177860,4478140,3936581,
2026-09-20T08:20:22.932189+00:00,177861,4478165,3937994,
2026-09-20T08:20:22.965327+00:00,177862,4478191,3937778,
2026-09-20T08:20:22.983787+00:00,177863,4478216,3938507,
2026-09-20T08:20:23.015984+00:00,177864,4478241,3939670,
2026-09-20T08:20:23.031986+00:00,177865,4478266,3939805,
2026-09-20T08:20:23.063638+00:00,177866,4478291,3938852,
2026-09-20T08:20:23.095772+00:00,177867,4478317,3938445,
2026-09-20T08:20:23.111773+00:00,177868,4478342,3938988,
2026-09-20T08:20:23.143774+00:00,177869,4478367,3938881,
2026-09-20T08:20:23.159781+00:00,177870,4478392,3937093,
2026-09-20T08:20:23.190102+00:00,177871,4478417,3935429,
2026-09-20T08:20:23.207619+00:00,177872,4478442,3935979,
2026-09-20T08:20:23.240279+00:00,177873,4478468,3937536,
2026-09-20T08:20:23.271766+00:00,177874,4478493,3936715,
2026-09-20T08:20:23.287775+00:00,177875,4478518,3935338,
2026-09-20T08:20:23.319805+00:00,177876,4478543,3935444,
2026-09-20T08:20:23.335786+00:00,177877,4478568,3936295,
2026-09-20T08:20:23.367767+00:00,177878,4478594,3936629,
2026-09-20T08:20:23.384113+00:00,177879,4478619,3936711,
2026-09-20T08:20:23.415784+00:00,177880,4478644,3937554,
2026-09-20T08:20:23.447666+00:00,177881,4478669,3937736,
2026-09-20T08:20:23.463652+00:00,177882,4478694,3936120,
2026-09-20T08:20:23.495783+00:00,177883,4478719,3935209,
2026-09-20T08:20:23.511760+00:00,177884,4478745,3935406,
2026-09-20T08:20:23.543799+00:00,177885,4478770,3936011,
2026-09-20T08:20:23.560412+00:00,177886,4478795,3936056,
2026-09-20T08:20:23.591780+00:00,177887,4478820,3935993,
2026-09-20T08:20:23.623759+00:00,177888,4478845,3937037,
2026-09-20T08:20:23.639791+00:00,177889,4478871,3938056,
2026-09-20T08:20:23.671755+00:00,177890,4478896,3937537,
2026-09-20T08:20:23.687635+00:00,177891,4478921,3935920,
2026-09-20T08:20:23.719770+00:00,177892,4478946,3934460,
2026-09-20T08:20:23.738158+00:00,177893,4478971,3934108,
2026-09-20T08:20:23.767760+00:00,177894,4478996,3933776,
2026-09-20T08:20:23.799777+00:00,177895,4479022,3932662,
2026-09-20T08:20:23.815532+00:00,177896,4479047,3931332,
2026-09-20T08:20:23.847744+00:00,177897,4479072,3930890,
2026-09-20T08:20:23.863973+00:00,177898,4479097,3931206,
2026-09-20T08:20:23.895771+00:00,177899,4479122,3931677,
2026-09-20T08:20:23.911767+00:00,177900,4479148,3932509,
2026-09-20T08:20:23.944888+00:00,177901,4479173,3932695,
2026-09-20T08:20:23.975757+00:00,177902,4479198,3932957,
2026-09-20T08:20:23.991824+00:00,177903,4479223,3932985,
2026-09-20T08:20:24.024393+00:00,177904,4479248,3933378,
2026-09-20T08:20:24.039701+00:00,177905,4479273,3934575,
2026-09-20T08:20:24.072932+00:00,177906,4479299,3934904,
2026-09-20T08:20:24.103764+00:00,177907,4479324,3935042,
2026-09-20T08:20:24.119784+00:00,177908,4479349,3936424,
2026-09-20T08:20:24.151791+00:00,177909,4479374,3937145,
2026-09-20T08:20:24.167737+00:00,177910,4479399,3936826,
2026-09-20T08:20:24.199775+00:00,177911,4479424,3936890,
2026-09-20T08:20:24.215735+00:00,177912,4479450,3937521,
2026-09-20T08:20:24.248678+00:00,177913,4479475,3937156,
2026-09-20T08:20:24.279744+00:00,177914,4479500,3936283,
2026-09-20T08:20:24.296390+00:00,177915,4479525,3935332,
2026-09-20T08:20:24.329507+00:00,177916,4479550,3935563,
2026-09-20T08:20:24.343755+00:00,177917,4479576,3936499,
2026-09-20T08:20:24.375803+00:00,177918,4479601,3937666,
2026-09-20T08:20:24.391764+00:00,177919,4479626,3937527,
2026-09-20T08:20:24.423747+00:00,177920,4479651,3936177,
2026-09-20T08:20:24.458373+00:00,177921,4479676,3935742,
2026-09-20T08:20:24.473833+00:00,177922,4479701,3936277,
2026-09-20T08:20:24.509990+00:00,177923,4479727,3937492,
2026-09-20T08:20:24.519776+00:00,177924,4479752,3936931,
2026-09-20T08:20:24.551783+00:00,177925,4479777,3935663,
2026-09-20T08:20:24.568294+00:00,177926,4479802,3934632,
2026-09-20T08:20:24.599777+00:00,177927,4479827,3935869,
2026-09-20T08:20:24.631773+00:00,177928,4479853,3937649,
2026-09-20T08:20:24.647738+00:00,177929,4479878,3937414,
2026-09-20T08:20:24.679781+00:00,177930,4479903,3936316,
2026-09-20T08:20:24.695753+00:00,177931,4479928,3936459,
2026-09-20T08:20:24.727815+00:00,177932,4479953,3937009,
2026-09-20T08:20:24.743997+00:00,177933,4479978,3936030,
2026-09-20T08:20:24.775706+00:00,177934,4480004,3935984,
2026-09-20T08:20:24.807733+00:00,177935,4480029,3935721,
2026-09-20T08:20:24.823747+00:00,177936,4480054,3935241,
2026-09-20T08:20:24.855730+00:00,177937,4480079,3936601,
2026-09-20T08:20:24.871917+00:00,177938,4480104,3939092,
2026-09-20T08:20:24.903726+00:00,177939,4480129,3940895,
2026-09-20T08:20:24.919737+00:00,177940,4480155,3941419,
2026-09-20T08:20:24.951743+00:00,177941,4480180,3941487,
2026-09-20T08:20:24.983746+00:00,177942,4480205,3940762,
2026-09-20T08:20:24.999731+00:00,177943,4480230,3940067,
2026-09-20T08:20:25.031709+00:00,177944,4480255,3940163,
2026-09-20T08:20:25.047627+00:00,177945,4480281,3938938,
2026-09-20T08:20:25.079719+00:00,177946,4480306,3938128,
2026-09-20T08:20:25.095471+00:00,177947,4480331,3939233,
2026-09-20T08:20:25.127850+00:00,177948,4480356,3939677,
2026-09-20T08:20:25.159795+00:00,177949,4480381,3938285,
2026-09-20T08:20:25.176839+00:00,177950,4480406,3937162,
2026-09-20T08:20:25.207764+00:00,177951,4480432,3937097,
2026-09-20T08:20:25.223784+00:00,177952,4480457,3937015,
2026-09-20T08:20:25.256847+00:00,177953,4480482,3936704,
2026-09-20T08:20:25.271735+00:00,177954,4480507,3937035,
2026-09-20T08:20:25.303787+00:00,177955,4480532,3937010,
2026-09-20T08:20:25.335723+00:00,177956,4480557,3936672,
2026-09-20T08:20:25.351823+00:00,177957,4480583,3937442,
2026-09-20T08:20:25.385911+00:00,177958,4480608,3938640,
2026-09-20T08:20:25.400667+00:00,177959,4480633,3939460,
2026-09-20T08:20:25.432732+00:00,177960,4480658,3939969,
2026-09-20T08:20:25.449348+00:00,177961,4480683,3940433,
2026-09-20T08:20:25.479745+00:00,177962,4480709,3940504,
2026-09-20T08:20:25.513686+00:00,177963,4480734,3940319,
2026-09-20T08:20:25.527990+00:00,177964,4480759,3939001,
2026-09-20T08:20:25.559753+00:00,177965,4480784,3937563,
2026-09-20T08:20:25.576882+00:00,177966,4480809,3937445,
2026-09-20T08:20:25.608182+00:00,177967,4480834,3937992,
2026-09-20T08:20:25.623829+00:00,177968,4480860,3937075,
2026-09-20T08:20:25.655699+00:00,177969,4480885,3936760,
2026-09-20T08:20:25.687712+00:00,177970,4480910,3936954,
2026-09-20T08:20:25.708395+00:00,177971,4480935,3935743,
2026-09-20T08:20:25.737187+00:00,177972,4480960,3934587,
2026-09-20T08:20:25.751735+00:00,177973,4480986,3936298,
2026-09-20T08:20:25.783718+00:00,177974,4481011,3938739,
2026-09-20T08:20:25.815834+00:00,177975,4481036,3939590,
2026-09-20T08:20:25.832119+00:00,177976,4481061,3938858,
2026-09-20T08:20:25.863654+00:00,177977,4481086,3939374,
2026-09-20T08:20:25.880387+00:00,177978,4481111,3939590,
2026-09-20T08:20:25.912061+00:00,177979,4481137,3938714,
2026-09-20T08:20:25.928692+00:00,177980,4481162,3937816,
2026-09-20T08:20:25.960885+00:00,177981,4481187,3938787,
2026-09-20T08:20:25.991828+00:00,177982,4481212,3940284,
2026-09-20T08:20:26.008676+00:00,177983,4481237,3940934,
2026-09-20T08:20:26.039729+00:00,177984,4481262,3940649,
2026-09-20T08:20:26.055704+00:00,177985,4481288,3940356,
2026-09-20T08:20:26.087648+00:00,177986,4481313,3940531,
2026-09-20T08:20:26.103780+00:00,177987,4481338,3940409,
2026-09-20T08:20:26.135710+00:00,177988,4481363,3940690,
2026-09-20T08:20:26.167700+00:00,177989,4481388,3943211,
2026-09-20T08:20:26.183979+00:00,177990,4481414,3945373,
2026-09-20T08:20:26.216501+00:00,177991,4481439,3949834,
2026-09-20T08:20:26.231720+00:00,177992,4481464,3959600,
2026-09-20T08:20:26.263729+00:00,177993,4481489,3979689,
2026-09-20T08:20:26.279755+00:00,177994,4481514,4009544,
2026-09-20T08:20:26.311733+00:00,177995,4481539,4042042,
2026-09-20T08:20:26.344125+00:00,177996,4481565,4073929,
2026-09-20T08:20:26.359768+00:00,177997,4481590,4106643,
2026-09-20T08:20:26.391247+00:00,177998,4481615,4132649,
2026-09-20T08:20:26.407937+00:00,177999,4481640,4146982,
2026-09-20T08:20:26.439372+00:00,178000,4481665,4157930,
2026-09-20T08:20:26.456479+00:00,178001,4481691,4173040,
2026-09-20T08:20:26.487521+00:00,178002,4481716,4181546,
2026-09-20T08:20:26.519686+00:00,178003,4481741,4184650,
2026-09-20T08:20:26.536059+00:00,178004,4481766,4181474,
2026-09-20T08:20:26.567646+00:00,178005,4481791,4161595,
2026-09-20T08:20:26.583845+00:00,178006,4481816,4132595,
2026-09-20T08:20:26.615387+00:00,178007,4481842,4110233,
2026-09-20T08:20:26.631774+00:00,178008,4481867,4097715,
2026-09-20T08:20:26.663727+00:00,178009,4481892,4085670,
2026-09-20T08:20:26.695686+00:00,178010,4481917,4059927,
2026-09-20T08:20:26.711686+00:00,178011,4481942,4038459,
2026-09-20T08:20:26.743694+00:00,178012,4481967,4025892,
2026-09-20T08:20:26.759680+00:00,178013,4481993,4018947,
2026-09-20T08:20:26.791684+00:00,178014,4482018,4004748,
2026-09-20T08:20:26.807686+00:00,178015,4482043,3984515,
2026-09-20T08:20:26.839700+00:00,178016,4482068,3973905,
2026-09-20T08:20:26.871676+00:00,178017,4482093,3967988,
2026-09-20T08:20:26.887659+00:00,178018,4482119,3961380,
2026-09-20T08:20:26.919670+00:00,178019,4482144,3946393,
2026-09-20T08:20:26.936067+00:00,178020,4482169,3933366,
2026-09-20T08:20:26.967700+00:00,178021,4482194,3933303,
2026-09-20T08:20:26.983705+00:00,178022,4482219,3929868,
2026-09-20T08:20:27.015376+00:00,178023,4482244,3921477,
2026-09-20T08:20:27.048284+00:00,178024,4482270,3915411,
2026-09-20T08:20:27.064313+00:00,178025,4482295,3903271,
2026-09-20T08:20:27.095688+00:00,178026,4482320,3889419,
2026-09-20T08:20:27.111396+00:00,178027,4482345,3880698,
2026-09-20T08:20:27.146918+00:00,178028,4482370,3868539,
2026-09-20T08:20:27.159685+00:00,178029,4482395,3857322,
2026-09-20T08:20:27.192707+00:00,178030,4482421,3848101,
2026-09-20T08:20:27.223661+00:00,178031,4482446,3835475,
2026-09-20T08:20:27.239702+00:00,178032,4482471,3816500,
2026-09-20T08:20:27.271680+00:00,178033,4482496,3785415,
2026-09-20T08:20:27.287477+00:00,178034,4482521,3724174,
2026-09-20T08:20:27.320813+00:00,178035,4482546,3625690,
2026-09-20T08:20:27.341559+00:00,178036,4482572,3490827,
2026-09-20T08:20:27.373403+00:00,178037,4482597,3363889,
2026-09-20T08:20:27.402815+00:00,178038,4482622,3332410,
2026-09-20T08:20:27.416423+00:00,178039,4482647,3399394,
2026-09-20T08:20:27.447733+00:00,178040,4482672,3514871,
2026-09-20T08:20:27.463679+00:00,178041,4482698,3627617,
2026-09-20T08:20:27.495768+00:00,178042,4482723,3715183,
2026-09-20T08:20:27.511711+00:00,178043,4482748,3778356,
2026-09-20T08:20:27.543670+00:00,178044,4482773,3824877,
2026-09-20T08:20:27.575703+00:00,178045,4482798,3861409,
2026-09-20T08:20:27.591694+00:00,178046,4482823,3887926,
2026-09-20T08:20:27.623723+00:00,178047,4482849,3906244,
2026-09-20T08:20:27.639797+00:00,178048,4482874,3917878,
2026-09-20T08:20:27.671698+00:00,178049,4482899,3925344,
2026-09-20T08:20:27.703823+00:00,178050,4482924,3929837,
2026-09-20T08:20:27.720510+00:00,178051,4482949,3931905,
2026-09-20T08:20:27.751665+00:00,178052,4482974,3932546,
2026-09-20T08:20:27.771326+00:00,178053,4483000,3933003,
2026-09-20T08:20:27.799764+00:00,178054,4483025,3933021,
2026-09-20T08:20:27.815682+00:00,178055,4483050,3932830,
2026-09-20T08:20:27.847734+00:00,178056,4483075,3932837,
2026-09-20T08:20:27.879645+00:00,178057,4483100,3933345,
2026-09-20T08:20:27.895657+00:00,178058,4483125,3934609,
2026-09-20T08:20:27.927657+00:00,178059,4483151,3934341,
2026-09-20T08:20:27.943657+00:00,178060,4483176,3932952,
2026-09-20T08:20:27.975649+00:00,178061,4483201,3932135,
2026-09-20T08:20:27.991681+00:00,178062,4483226,3933725,
2026-09-20T08:20:28.023649+00:00,178063,4483251,3935001,
2026-09-20T08:20:28.055663+00:00,178064,4483277,3934188,
2026-09-20T08:20:28.071647+00:00,178065,4483302,3933444,
2026-09-20T08:20:28.103644+00:00,178066,4483327,3934654,
2026-09-20T08:20:28.119650+00:00,178067,4483352,3936485,
2026-09-20T08:20:28.152177+00:00,178068,4483377,3936539,
2026-09-20T08:20:28.167669+00:00,178069,4483402,3935963,
2026-09-20T08:20:28.199669+00:00,178070,4483428,3936663,
2026-09-20T08:20:28.231689+00:00,178071,4483453,3937954,
2026-09-20T08:20:28.247605+00:00,178072,4483478,3937648,
2026-09-20T08:20:28.279649+00:00,178073,4483503,3936868,
2026-09-20T08:20:28.296996+00:00,178074,4483528,3936689,
2026-09-20T08:20:28.328096+00:00,178075,4483553,3936714,
2026-09-20T08:20:28.343647+00:00,178076,4483579,3935305,
2026-09-20T08:20:28.375636+00:00,178077,4483604,3933509,
2026-09-20T08:20:28.408082+00:00,178078,4483629,3933042,
2026-09-20T08:20:28.423234+00:00,178079,4483654,3933899,
2026-09-20T08:20:28.456746+00:00,178080,4483679,3934773,
2026-09-20T08:20:28.472754+00:00,178081,4483705,3935364,
2026-09-20T08:20:28.504570+00:00,178082,4483730,3935287,
2026-09-20T08:20:28.519640+00:00,178083,4483755,3935069,
2026-09-20T08:20:28.552734+00:00,178084,4483780,3934568,
2026-09-20T08:20:28.583633+00:00,178085,4483805,3934862,
2026-09-20T08:20:28.607505+00:00,178086,4483830,3935985,
2026-09-20T08:20:28.632185+00:00,178087,4483856,3936700,
2026-09-20T08:20:28.647896+00:00,178088,4483881,3936734,
2026-09-20T08:20:28.679676+00:00,178089,4483906,3936269,
2026-09-20T08:20:28.695720+00:00,178090,4483931,3935674,
2026-09-20T08:20:28.730357+00:00,178091,4483956,3934475,
2026-09-20T08:20:28.760847+00:00,178092,4483981,3933119,
2026-09-20T08:20:28.775665+00:00,178093,4484007,3934133,
2026-09-20T08:20:28.807668+00:00,178094,4484032,3934984,
2026-09-20T08:20:28.824753+00:00,178095,4484057,3934757,
2026-09-20T08:20:28.857822+00:00,178096,4484082,3934727,
2026-09-20T08:20:28.871643+00:00,178097,4484107,3935201,
2026-09-20T08:20:28.904886+00:00,178098,4484133,3935206,
2026-09-20T08:20:28.936951+00:00,178099,4484158,3934696,
2026-09-20T08:20:28.951669+00:00,178100,4484183,3934478,
2026-09-20T08:20:28.987833+00:00,178101,4484208,3934571,
2026-09-20T08:20:28.999614+00:00,178102,4484233,3934210,
2026-09-20T08:20:29.031654+00:00,178103,4484258,3933349,
2026-09-20T08:20:29.047531+00:00,178104,4484284,3933469,
2026-09-20T08:20:29.079616+00:00,178105,4484309,3933608,
2026-09-20T08:20:29.111629+00:00,178106,4484334,3933885,
2026-09-20T08:20:29.127611+00:00,178107,4484359,3934346,
2026-09-20T08:20:29.159719+00:00,178108,4484384,3934164,
2026-09-20T08:20:29.175656+00:00,178109,4484409,3935331,
2026-09-20T08:20:29.207656+00:00,178110,4484435,3936943,
2026-09-20T08:20:29.223760+00:00,178111,4484460,3937806,
2026-09-20T08:20:29.255611+00:00,178112,4484485,3937948,
2026-09-20T08:20:29.288807+00:00,178113,4484510,3937862,
2026-09-20T08:20:29.303624+00:00,178114,4484535,3938748,
2026-09-20T08:20:29.336853+00:00,178115,4484561,3938233,
2026-09-20T08:20:29.351635+00:00,178116,4484586,3936964,
2026-09-20T08:20:29.383624+00:00,178117,4484611,3936665,
2026-09-20T08:20:29.399717+00:00,178118,4484636,3936884,
2026-09-20T08:20:29.431695+00:00,178119,4484661,3937342,
2026-09-20T08:20:29.463648+00:00,178120,4484686,3937945,
2026-09-20T08:20:29.480710+00:00,178121,4484712,3937851,
2026-09-20T08:20:29.511652+00:00,178122,4484737,3937059,
2026-09-20T08:20:29.527644+00:00,178123,4484762,3937128,
2026-09-20T08:20:29.560284+00:00,178124,4484787,3936505,
2026-09-20T08:20:29.576104+00:00,178125,4484812,3935344,
2026-09-20T08:20:29.607645+00:00,178126,4484837,3935563,
2026-09-20T08:20:29.639819+00:00,178127,4484863,3936536,
2026-09-20T08:20:29.655922+00:00,178128,4484888,3937475,
2026-09-20T08:20:29.687615+00:00,178129,4484913,3937635,
2026-09-20T08:20:29.703632+00:00,178130,4484938,3938173,
2026-09-20T08:20:29.740047+00:00,178131,4484963,3938106,
2026-09-20T08:20:29.773667+00:00,178132,4484988,3938211,
2026-09-20T08:20:29.783634+00:00,178133,4485014,3938125,
2026-09-20T08:20:29.815620+00:00,178134,4485039,3938226,
2026-09-20T08:20:29.831657+00:00,178135,4485064,3939326,
2026-09-20T08:20:29.863673+00:00,178136,4485089,3940197,
2026-09-20T08:20:29.879601+00:00,178137,4485114,3939524,
2026-09-20T08:20:29.911620+00:00,178138,4485140,3938461,
2026-09-20T08:20:29.943653+00:00,178139,4485165,3937857,
2026-09-20T08:20:29.959664+00:00,178140,4485190,3938551,
2026-09-20T08:20:29.991615+00:00,178141,4485215,3938422,
2026-09-20T08:20:30.007618+00:00,178142,4485240,3939008,
2026-09-20T08:20:30.039613+00:00,178143,4485265,3939033,
2026-09-20T08:20:30.055623+00:00,178144,4485291,3938747,
2026-09-20T08:20:30.087775+00:00,178145,4485316,3939772,
2026-09-20T08:20:30.119593+00:00,178146,4485341,3940512,
2026-09-20T08:20:30.135616+00:00,178147,4485366,3939251,
2026-09-20T08:20:30.169768+00:00,178148,4485391,3938135,
2026-09-20T08:20:30.183119+00:00,178149,4485416,3937819,
2026-09-20T08:20:30.215617+00:00,178150,4485442,3937207,
2026-09-20T08:20:30.232018+00:00,178151,4485467,3937098,
2026-09-20T08:20:30.263594+00:00,178152,4485492,3936713,
2026-09-20T08:20:30.295153+00:00,178153,4485517,3935664,
2026-09-20T08:20:30.312097+00:00,178154,4485542,3935104,
2026-09-20T08:20:30.343633+00:00,178155,4485567,3934347,
2026-09-20T08:20:30.360704+00:00,178156,4485593,3934049,
2026-09-20T08:20:30.391623+00:00,178157,4485618,3933492,
2026-09-20T08:20:30.412912+00:00,178158,4485643,3933592,
2026-09-20T08:20:30.439629+00:00,178159,4485668,3933601,
2026-09-20T08:20:30.471618+00:00,178160,4485693,3932817,
2026-09-20T08:20:30.487837+00:00,178161,4485719,3932824,
2026-09-20T08:20:30.519654+00:00,178162,4485744,3933561,
2026-09-20T08:20:30.535521+00:00,178163,4485769,3933722,
2026-09-20T08:20:30.567326+00:00,178164,4485794,3933913,
2026-09-20T08:20:30.584047+00:00,178165,4485819,3933279,
2026-09-20T08:20:30.615608+00:00,178166,4485844,3932693,
2026-09-20T08:20:30.647741+00:00,178167,4485870,3933101,
2026-09-20T08:20:30.663603+00:00,178168,4485895,3933061,
2026-09-20T08:20:30.695611+00:00,178169,4485920,3932482,
2026-09-20T08:20:30.711602+00:00,178170,4485945,3932587,
2026-09-20T08:20:30.743609+00:00,178171,4485970,3932971,
2026-09-20T08:20:30.759597+00:00,178172,4485995,3933892,
2026-09-20T08:20:30.791589+00:00,178173,4486021,3934660,
2026-09-20T08:20:30.823357+00:00,178174,4486046,3935074,
2026-09-20T08:20:30.839579+00:00,178175,4486071,3935024,
2026-09-20T08:20:30.871586+00:00,178176,4486096,3936021,
2026-09-20T08:20:30.887495+00:00,178177,4486121,3937647,
2026-09-20T08:20:30.919570+00:00,178178,4486146,3937887,
2026-09-20T08:20:30.935656+00:00,178179,4486172,3937798,
2026-09-20T08:20:30.967447+00:00,178180,4486197,3938630,
2026-09-20T08:20:30.999655+00:00,178181,4486222,3939811,
2026-09-20T08:20:31.015370+00:00,178182,4486247,3940083,
2026-09-20T08:20:31.047567+00:00,178183,4486272,3939361,
2026-09-20T08:20:31.063290+00:00,178184,4486298,3938669,
2026-09-20T08:20:31.095569+00:00,178185,4486323,3939041,
2026-09-20T08:20:31.111562+00:00,178186,4486348,3939874,
2026-09-20T08:20:31.143575+00:00,178187,4486373,3939673,
2026-09-20T08:20:31.175568+00:00,178188,4486398,3939811,
2026-09-20T08:20:31.191580+00:00,178189,4486423,3940074,
2026-09-20T08:20:31.223562+00:00,178190,4486449,3940880,
2026-09-20T08:20:31.239569+00:00,178191,4486474,3940445,
2026-09-20T08:20:31.271565+00:00,178192,4486499,3939579,
2026-09-20T08:20:31.287790+00:00,178193,4486524,3939667,
2026-09-20T08:20:31.319565+00:00,178194,4486549,3939675,
2026-09-20T08:20:31.351484+00:00,178195,4486574,3940140,
2026-09-20T08:20:31.367597+00:00,178196,4486600,3940688,
2026-09-20T08:20:31.399686+00:00,178197,4486625,3940411,
2026-09-20T08:20:31.415020+00:00,178198,4486650,3939662,
2026-09-20T08:20:31.447563+00:00,178199,4486675,3939785,
2026-09-20T08:20:31.463024+00:00,178200,4486700,3940667,
2026-09-20T08:20:31.495571+00:00,178201,4486725,3941563,
2026-09-20T08:20:31.533520+00:00,178202,4486751,3942013,
2026-09-20T08:20:31.583092+00:00,178203,4486776,3943280,
2026-09-20T08:20:31.613506+00:00,178204,4486801,3944389,
2026-09-20T08:20:31.646605+00:00,178205,4486826,3945521,
2026-09-20T08:20:31.726031+00:00,178206,4486851,3946857,
2026-09-20T08:20:31.727027+00:00,178207,4486876,3947193,
2026-09-20T08:20:31.728026+00:00,178208,4486902,3948279,
2026-09-20T08:20:31.728026+00:00,178209,4486927,3948818,
2026-09-20T08:20:31.729041+00:00,178210,4486952,3947950,
2026-09-20T08:20:31.755780+00:00,178211,4486977,3948453,
2026-09-20T08:20:31.775615+00:00,178212,4487002,3950431,
2026-09-20T08:20:31.801546+00:00,178213,4487028,3950781,
2026-09-20T08:20:31.818641+00:00,178214,4487053,3949410,
2026-09-20T08:20:31.849923+00:00,178215,4487078,3948200,
2026-09-20T08:20:31.881561+00:00,178216,4487103,3947364,
2026-09-20T08:20:31.897639+00:00,178217,4487128,3946619,
2026-09-20T08:20:31.929601+00:00,178218,4487153,3945750,
2026-09-20T08:20:31.945563+00:00,178219,4487179,3945774,
2026-09-20T08:20:31.976990+00:00,178220,4487204,3948728,
2026-09-20T08:20:31.993565+00:00,178221,4487229,3956613,
2026-09-20T08:20:32.025548+00:00,178222,4487254,3976922,
2026-09-20T08:20:32.057584+00:00,178223,4487279,4009929,
2026-09-20T08:20:32.073599+00:00,178224,4487304,4057390,
2026-09-20T08:20:32.107432+00:00,178225,4487330,4114373,
2026-09-20T08:20:32.121306+00:00,178226,4487355,4168926,
2026-09-20T08:20:32.154182+00:00,178227,4487380,4199627,
2026-09-20T08:20:32.169938+00:00,178228,4487405,4203190,
2026-09-20T08:20:32.204620+00:00,178229,4487430,4195564,
2026-09-20T08:20:32.233584+00:00,178230,4487455,4179897,
2026-09-20T08:20:32.249555+00:00,178231,4487481,4156716,
2026-09-20T08:20:32.281002+00:00,178232,4487506,4141248,
2026-09-20T08:20:32.298625+00:00,178233,4487531,4131191,
2026-09-20T08:20:32.330683+00:00,178234,4487556,4116135,
2026-09-20T08:20:32.346145+00:00,178235,4487581,4093843,
2026-09-20T08:20:32.379108+00:00,178236,4487606,4073633,
2026-09-20T08:20:32.410415+00:00,178237,4487632,4056384,
2026-09-20T08:20:32.426664+00:00,178238,4487657,4035095,
2026-09-20T08:20:32.457570+00:00,178239,4487682,4014788,
2026-09-20T08:20:32.474632+00:00,178240,4487707,3993604,
2026-09-20T08:20:32.505683+00:00,178241,4487732,3974614,
2026-09-20T08:20:32.521557+00:00,178242,4487757,3962432,
2026-09-20T08:20:32.553243+00:00,178243,4487783,3956442,
2026-09-20T08:20:32.585822+00:00,178244,4487808,3948433,
2026-09-20T08:20:32.602870+00:00,178245,4487833,3937125,
2026-09-20T08:20:32.633521+00:00,178246,4487858,3932037,
2026-09-20T08:20:32.649520+00:00,178247,4487883,3937628,
2026-09-20T08:20:32.681526+00:00,178248,4487909,3939835,
2026-09-20T08:20:32.697913+00:00,178249,4487934,3930208,
2026-09-20T08:20:32.729522+00:00,178250,4487959,3920954,
2026-09-20T08:20:32.761538+00:00,178251,4487984,3914585,
2026-09-20T08:20:32.777099+00:00,178252,4488009,3897675,
2026-09-20T08:20:32.809567+00:00,178253,4488034,3878100,
2026-09-20T08:20:32.825239+00:00,178254,4488060,3868362,
2026-09-20T08:20:32.857540+00:00,178255,4488085,3847935,
2026-09-20T08:20:32.874650+00:00,178256,4488110,3787846,
2026-09-20T08:20:32.908706+00:00,178257,4488135,3686556,
2026-09-20T08:20:32.937589+00:00,178258,4488160,3563558,
2026-09-20T08:20:32.953521+00:00,178259,4488185,3446896,
2026-09-20T08:20:32.987603+00:00,178260,4488211,3358684,
2026-09-20T08:20:33.002008+00:00,178261,4488236,3341696,
2026-09-20T08:20:33.037597+00:00,178262,4488261,3409197,
2026-09-20T08:20:33.049559+00:00,178263,4488286,3522987,
2026-09-20T08:20:33.081521+00:00,178264,4488311,3630394,
2026-09-20T08:20:33.113529+00:00,178265,4488336,3715393,
2026-09-20T08:20:33.129553+00:00,178266,4488362,3783255,
2026-09-20T08:20:33.162613+00:00,178267,4488387,3835082,
2026-09-20T08:20:33.177811+00:00,178268,4488412,3869202,
2026-09-20T08:20:33.209524+00:00,178269,4488437,3889476,
2026-09-20T08:20:33.225551+00:00,178270,4488462,3903325,
2026-09-20T08:20:33.257195+00:00,178271,4488488,3914235,
2026-09-20T08:20:33.289518+00:00,178272,4488513,3922592,
2026-09-20T08:20:33.305561+00:00,178273,4488538,3927253,
2026-09-20T08:20:33.339922+00:00,178274,4488563,3927894,
2026-09-20T08:20:33.353551+00:00,178275,4488588,3928728,
2026-09-20T08:20:33.385567+00:00,178276,4488613,3930659,
2026-09-20T08:20:33.401528+00:00,178277,4488639,3931819,
2026-09-20T08:20:33.433548+00:00,178278,4488664,3931928,
2026-09-20T08:20:33.465516+00:00,178279,4488689,3931249,
2026-09-20T08:20:33.481513+00:00,178280,4488714,3929853,
2026-09-20T08:20:33.513574+00:00,178281,4488739,3929635,
2026-09-20T08:20:33.529562+00:00,178282,4488764,3931009,
2026-09-20T08:20:33.561533+00:00,178283,4488790,3932099,
2026-09-20T08:20:33.577962+00:00,178284,4488815,3932190,
2026-09-20T08:20:33.609513+00:00,178285,4488840,3932400,
2026-09-20T08:20:33.641546+00:00,178286,4488865,3931537,
2026-09-20T08:20:33.657528+00:00,178287,4488890,3930878,
2026-09-20T08:20:33.689499+00:00,178288,4488915,3931197,
2026-09-20T08:20:33.705497+00:00,178289,4488941,3932319,
2026-09-20T08:20:33.737508+00:00,178290,4488966,3933302,
2026-09-20T08:20:33.775439+00:00,178291,4488991,3932929,
2026-09-20T08:20:33.785518+00:00,178292,4489016,3932211,
2026-09-20T08:20:33.817500+00:00,178293,4489041,3931295,
2026-09-20T08:20:33.833516+00:00,178294,4489067,3931532,
2026-09-20T08:20:33.865498+00:00,178295,4489092,3931997,
2026-09-20T08:20:33.881486+00:00,178296,4489117,3931348,
2026-09-20T08:20:33.913653+00:00,178297,4489142,3931223,
2026-09-20T08:20:33.945510+00:00,178298,4489167,3933315,
2026-09-20T08:20:33.961413+00:00,178299,4489192,3934753,
2026-09-20T08:20:33.993547+00:00,178300,4489218,3934242,
2026-09-20T08:20:34.009456+00:00,178301,4489243,3933407,
2026-09-20T08:20:34.041505+00:00,178302,4489268,3934727,
2026-09-20T08:20:34.057878+00:00,178303,4489293,3936057,
2026-09-20T08:20:34.089491+00:00,178304,4489318,3935769,
2026-09-20T08:20:34.121492+00:00,178305,4489343,3934379,
2026-09-20T08:20:34.137494+00:00,178306,4489369,3933327,
2026-09-20T08:20:34.174119+00:00,178307,4489394,3934507,
2026-09-20T08:20:34.186679+00:00,178308,4489419,3935166,
2026-09-20T08:20:34.219971+00:00,178309,4489444,3934606,
2026-09-20T08:20:34.235824+00:00,178310,4489469,3934888,
2026-09-20T08:20:34.265666+00:00,178311,4489494,3934949,
2026-09-20T08:20:34.298048+00:00,178312,4489520,3934531,
2026-09-20T08:20:34.313509+00:00,178313,4489545,3934644,
2026-09-20T08:20:34.345492+00:00,178314,4489570,3934815,
2026-09-20T08:20:34.361541+00:00,178315,4489595,3934417,
2026-09-20T08:20:34.393514+00:00,178316,4489620,3934440,
2026-09-20T08:20:34.410617+00:00,178317,4489646,3934716,
2026-09-20T08:20:34.441479+00:00,178318,4489671,3934630,
2026-09-20T08:20:34.473485+00:00,178319,4489696,3934701,
2026-09-20T08:20:34.489477+00:00,178320,4489721,3934899,
2026-09-20T08:20:34.521601+00:00,178321,4489746,3935681,
2026-09-20T08:20:34.537545+00:00,178322,4489771,3936155,
2026-09-20T08:20:34.569480+00:00,178323,4489797,3936625,
2026-09-20T08:20:34.585477+00:00,178324,4489822,3936913,
2026-09-20T08:20:34.617323+00:00,178325,4489847,3936368,
2026-09-20T08:20:34.653203+00:00,178326,4489872,3936718,
2026-09-20T08:20:34.665019+00:00,178327,4489897,3937186,
2026-09-20T08:20:34.697109+00:00,178328,4489922,3936844,
2026-09-20T08:20:34.713529+00:00,178329,4489948,3936000,
2026-09-20T08:20:34.745493+00:00,178330,4489973,3935521,
2026-09-20T08:20:34.761491+00:00,178331,4489998,3936503,
2026-09-20T08:20:34.793188+00:00,178332,4490023,3936305,
2026-09-20T08:20:34.825504+00:00,178333,4490048,3935700,
2026-09-20T08:20:34.841484+00:00,178334,4490074,3935351,
2026-09-20T08:20:34.873484+00:00,178335,4490099,3935198,
2026-09-20T08:20:34.889482+00:00,178336,4490124,3935954,
2026-09-20T08:20:34.921735+00:00,178337,4490149,3935574,
2026-09-20T08:20:34.937473+00:00,178338,4490174,3934601,
2026-09-20T08:20:34.969490+00:00,178339,4490199,3935021,
2026-09-20T08:20:35.001485+00:00,178340,4490225,3935286,
2026-09-20T08:20:35.017487+00:00,178341,4490250,3935574,
2026-09-20T08:20:35.049250+00:00,178342,4490275,3935829,
2026-09-20T08:20:35.065650+00:00,178343,4490300,3935539,
2026-09-20T08:20:35.097494+00:00,178344,4490325,3935236,
2026-09-20T08:20:35.113187+00:00,178345,4490350,3934950,
2026-09-20T08:20:35.145471+00:00,178346,4490376,3935092,
2026-09-20T08:20:35.178617+00:00,178347,4490401,3936098,
2026-09-20T08:20:35.193937+00:00,178348,4490426,3937142,
2026-09-20T08:20:35.225500+00:00,178349,4490451,3936455,
2026-09-20T08:20:35.243288+00:00,178350,4490476,3936422,
2026-09-20T08:20:35.274055+00:00,178351,4490501,3936224,
2026-09-20T08:20:35.290059+00:00,178352,4490527,3936261,
2026-09-20T08:20:35.321492+00:00,178353,4490552,3936315,
2026-09-20T08:20:35.353489+00:00,178354,4490577,3935809,
2026-09-20T08:20:35.377118+00:00,178355,4490602,3935394,
2026-09-20T08:20:35.401895+00:00,178356,4490627,3936036,
2026-09-20T08:20:35.417458+00:00,178357,4490652,3935251,
2026-09-20T08:20:35.449742+00:00,178358,4490678,3934477,
2026-09-20T08:20:35.465454+00:00,178359,4490703,3935145,
2026-09-20T08:20:35.497463+00:00,178360,4490728,3936571,
2026-09-20T08:20:35.528819+00:00,178361,4490753,3937193,
2026-09-20T08:20:35.545446+00:00,178362,4490778,3936720,
2026-09-20T08:20:35.578612+00:00,178363,4490803,3936174,
2026-09-20T08:20:35.593475+00:00,178364,4490829,3936051,
2026-09-20T08:20:35.625969+00:00,178365,4490854,3936203,
2026-09-20T08:20:35.642193+00:00,178366,4490879,3935615,
2026-09-20T08:20:35.673452+00:00,178367,4490904,3935028,
2026-09-20T08:20:35.706131+00:00,178368,4490929,3934375,
2026-09-20T08:20:35.721743+00:00,178369,4490954,3933325,
2026-09-20T08:20:35.753557+00:00,178370,4490980,3932535,
2026-09-20T08:20:35.770318+00:00,178371,4491005,3932301,
2026-09-20T08:20:35.801911+00:00,178372,4491030,3932348,
2026-09-20T08:20:35.833934+00:00,178373,4491055,3932037,
2026-09-20T08:20:35.849709+00:00,178374,4491080,3931956,
2026-09-20T08:20:35.882688+00:00,178375,4491106,3932754,
2026-09-20T08:20:35.898284+00:00,178376,4491131,3933848,
2026-09-20T08:20:35.929215+00:00,178377,4491156,3936048,
2026-09-20T08:20:35.945364+00:00,178378,4491181,3938161,
2026-09-20T08:20:35.977189+00:00,178379,4491206,3938300,
2026-09-20T08:20:36.010619+00:00,178380,4491231,3937804,
2026-09-20T08:20:36.025170+00:00,178381,4491257,3938915,
2026-09-20T08:20:36.057478+00:00,178382,4491282,3939288,
2026-09-20T08:20:36.074566+00:00,178383,4491307,3939399,
2026-09-20T08:20:36.105483+00:00,178384,4491332,3938928,
2026-09-20T08:20:36.121452+00:00,178385,4491357,3939607,
2026-09-20T08:20:36.153194+00:00,178386,4491382,3940388,
2026-09-20T08:20:36.185439+00:00,178387,4491408,3939665,
2026-09-20T08:20:36.202340+00:00,178388,4491433,3939921,
2026-09-20T08:20:36.233436+00:00,178389,4491458,3940453,
2026-09-20T08:20:36.249737+00:00,178390,4491483,3941068,
2026-09-20T08:20:36.281428+00:00,178391,4491508,3941298,
2026-09-20T08:20:36.298013+00:00,178392,4491533,3940294,
2026-09-20T08:20:36.329480+00:00,178393,4491559,3939076,
2026-09-20T08:20:36.361438+00:00,178394,4491584,3938259,
2026-09-20T08:20:36.377453+00:00,178395,4491609,3937994,
2026-09-20T08:20:36.410765+00:00,178396,4491634,3938602,
2026-09-20T08:20:36.425487+00:00,178397,4491659,3938144,
2026-09-20T08:20:36.457462+00:00,178398,4491684,3936116,
2026-09-20T08:20:36.473640+00:00,178399,4491710,3934298,
2026-09-20T08:20:36.508772+00:00,178400,4491735,3934369,
2026-09-20T08:20:36.537447+00:00,178401,4491760,3934714,
2026-09-20T08:20:36.553465+00:00,178402,4491785,3934129,
2026-09-20T08:20:36.585477+00:00,178403,4491810,3934321,
2026-09-20T08:20:36.601449+00:00,178404,4491836,3935607,
2026-09-20T08:20:36.636336+00:00,178405,4491861,3935851,
2026-09-20T08:20:36.649445+00:00,178406,4491886,3935226,
2026-09-20T08:20:36.681425+00:00,178407,4491911,3935163,
2026-09-20T08:20:36.713456+00:00,178408,4491936,3936103,
2026-09-20T08:20:36.729437+00:00,178409,4491961,3936267,
2026-09-20T08:20:36.762258+00:00,178410,4491987,3934944,
2026-09-20T08:20:36.777435+00:00,178411,4492012,3933762,
2026-09-20T08:20:36.809438+00:00,178412,4492037,3934867,
2026-09-20T08:20:36.825447+00:00,178413,4492062,3936382,
2026-09-20T08:20:36.857428+00:00,178414,4492087,3935185,
2026-09-20T08:20:36.889763+00:00,178415,4492112,3933378,
2026-09-20T08:20:36.906387+00:00,178416,4492138,3933959,
2026-09-20T08:20:36.937304+00:00,178417,4492163,3935259,
2026-09-20T08:20:36.953839+00:00,178418,4492188,3935379,
2026-09-20T08:20:36.985939+00:00,178419,4492213,3935353,
2026-09-20T08:20:37.001420+00:00,178420,4492238,3936493,
2026-09-20T08:20:37.033415+00:00,178421,4492263,3938492,
2026-09-20T08:20:37.065873+00:00,178422,4492289,3940241,
2026-09-20T08:20:37.082003+00:00,178423,4492314,3939389,
2026-09-20T08:20:37.113407+00:00,178424,4492339,3939451,
2026-09-20T08:20:37.129438+00:00,178425,4492364,3943007,
2026-09-20T08:20:37.161412+00:00,178426,4492389,3955430,
2026-09-20T08:20:37.177450+00:00,178427,4492414,3983281,
2026-09-20T08:20:37.209433+00:00,178428,4492440,4032622,
2026-09-20T08:20:37.242305+00:00,178429,4492465,4100311,
2026-09-20T08:20:37.258515+00:00,178430,4492490,4160259,
2026-09-20T08:20:37.290089+00:00,178431,4492515,4206139,
2026-09-20T08:20:37.306521+00:00,178432,4492540,4243245,
2026-09-20T08:20:37.337411+00:00,178433,4492566,4250525,
2026-09-20T08:20:37.356911+00:00,178434,4492591,4237902,
2026-09-20T08:20:37.385423+00:00,178435,4492616,4217335,
2026-09-20T08:20:37.420354+00:00,178436,4492641,4195400,
2026-09-20T08:20:37.433447+00:00,178437,4492666,4164302,
2026-09-20T08:20:37.465428+00:00,178438,4492691,4143810,
2026-09-20T08:20:37.482262+00:00,178439,4492717,4134150,
2026-09-20T08:20:37.513893+00:00,178440,4492742,4108237,
2026-09-20T08:20:37.529419+00:00,178441,4492767,4069333,
2026-09-20T08:20:37.562143+00:00,178442,4492792,4033819,
2026-09-20T08:20:37.593447+00:00,178443,4492817,4008512,
2026-09-20T08:20:37.609442+00:00,178444,4492842,3997444,
2026-09-20T08:20:37.641444+00:00,178445,4492868,3986964,
2026-09-20T08:20:37.657435+00:00,178446,4492893,3969047,
2026-09-20T08:20:37.689509+00:00,178447,4492918,3953866,
2026-09-20T08:20:37.708140+00:00,178448,4492943,3941915,
2026-09-20T08:20:37.737443+00:00,178449,4492968,3927652,
2026-09-20T08:20:37.769492+00:00,178450,4492993,3921689,
2026-09-20T08:20:37.785411+00:00,178451,4493019,3925928,
2026-09-20T08:20:37.821427+00:00,178452,4493044,3920101,
2026-09-20T08:20:37.833411+00:00,178453,4493069,3903677,
2026-09-20T08:20:37.865662+00:00,178454,4493094,3892667,
2026-09-20T08:20:37.881428+00:00,178455,4493119,3889466,
2026-09-20T08:20:37.913432+00:00,178456,4493144,3883687,
2026-09-20T08:20:37.945419+00:00,178457,4493170,3856908,
2026-09-20T08:20:37.961482+00:00,178458,4493195,3791571,
2026-09-20T08:20:37.994266+00:00,178459,4493220,3693375,
2026-09-20T08:20:38.009399+00:00,178460,4493245,3567827,
2026-09-20T08:20:38.041435+00:00,178461,4493270,3410669,
2026-09-20T08:20:38.073442+00:00,178462,4493296,3278824,
2026-09-20T08:20:38.091296+00:00,178463,4493321,3241751,
2026-09-20T08:20:38.123579+00:00,178464,4493346,3306903,
2026-09-20T08:20:38.140559+00:00,178465,4493371,3430817,
2026-09-20T08:20:38.169537+00:00,178466,4493396,3563988,
2026-09-20T08:20:38.185494+00:00,178467,4493421,3672213,
2026-09-20T08:20:38.217408+00:00,178468,4493447,3749777,
2026-09-20T08:20:38.249391+00:00,178469,4493472,3805065,
2026-09-20T08:20:38.265467+00:00,178470,4493497,3846216,
2026-09-20T08:20:38.297438+00:00,178471,4493522,3875019,
2026-09-20T08:20:38.313389+00:00,178472,4493547,3894972,
2026-09-20T08:20:38.345397+00:00,178473,4493572,3908149,
2026-09-20T08:20:38.361439+00:00,178474,4493598,3915407,
2026-09-20T08:20:38.394038+00:00,178475,4493623,3921182,
2026-09-20T08:20:38.425363+00:00,178476,4493648,3925156,
2026-09-20T08:20:38.442494+00:00,178477,4493673,3927751,
2026-09-20T08:20:38.473419+00:00,178478,4493698,3929278,
2026-09-20T08:20:38.489376+00:00,178479,4493723,3930925,
2026-09-20T08:20:38.521382+00:00,178480,4493749,3932097,
2026-09-20T08:20:38.538679+00:00,178481,4493774,3931282,
2026-09-20T08:20:38.569368+00:00,178482,4493799,3930200,
2026-09-20T08:20:38.601381+00:00,178483,4493824,3929905,
2026-09-20T08:20:38.616864+00:00,178484,4493849,3930173,
2026-09-20T08:20:38.649372+00:00,178485,4493875,3930268,
2026-09-20T08:20:38.665660+00:00,178486,4493900,3930527,
2026-09-20T08:20:38.697366+00:00,178487,4493925,3930292,
2026-09-20T08:20:38.713431+00:00,178488,4493950,3929861,
2026-09-20T08:20:38.745381+00:00,178489,4493975,3930067,
2026-09-20T08:20:38.776868+00:00,178490,4494000,3930269,
2026-09-20T08:20:38.793484+00:00,178491,4494026,3931260,
2026-09-20T08:20:38.825367+00:00,178492,4494051,3932489,
2026-09-20T08:20:38.841372+00:00,178493,4494076,3933181,
2026-09-20T08:20:38.873361+00:00,178494,4494101,3933377,
2026-09-20T08:20:38.889404+00:00,178495,4494126,3933852,
2026-09-20T08:20:38.921266+00:00,178496,4494151,3934072,
2026-09-20T08:20:38.953359+00:00,178497,4494177,3933525,
2026-09-20T08:20:38.969287+00:00,178498,4494202,3933583,
2026-09-20T08:20:39.001050+00:00,178499,4494227,3935287,
2026-09-20T08:20:39.017326+00:00,178500,4494252,3937706,
2026-09-20T08:20:39.049628+00:00,178501,4494277,3937484,
2026-09-20T08:20:39.065374+00:00,178502,4494302,3936842,
2026-09-20T08:20:39.097362+00:00,178503,4494328,3936068,
2026-09-20T08:20:39.129416+00:00,178504,4494353,3935856,
2026-09-20T08:20:39.145384+00:00,178505,4494378,3935926,
2026-09-20T08:20:39.177199+00:00,178506,4494403,3936622,
2026-09-20T08:20:39.193197+00:00,178507,4494428,3937011,
2026-09-20T08:20:39.225351+00:00,178508,4494453,3936720,
2026-09-20T08:20:39.241196+00:00,178509,4494479,3936813,
2026-09-20T08:20:39.273360+00:00,178510,4494504,3937308,
2026-09-20T08:20:39.305196+00:00,178511,4494529,3938049,
2026-09-20T08:20:39.321376+00:00,178512,4494554,3938285,
2026-09-20T08:20:39.353408+00:00,178513,4494579,3937672,
2026-09-20T08:20:39.369196+00:00,178514,4494604,3936884,
2026-09-20T08:20:39.401368+00:00,178515,4494630,3936621,
2026-09-20T08:20:39.417305+00:00,178516,4494655,3936914,
2026-09-20T08:20:39.449197+00:00,178517,4494680,3936810,
2026-09-20T08:20:39.481197+00:00,178518,4494705,3936001,
2026-09-20T08:20:39.497196+00:00,178519,4494730,3935406,
2026-09-20T08:20:39.528963+00:00,178520,4494756,3935930,
2026-09-20T08:20:39.544964+00:00,178521,4494781,3936985,
2026-09-20T08:20:39.577056+00:00,178522,4494806,3938196,
2026-09-20T08:20:39.593963+00:00,178523,4494831,3938762,
2026-09-20T08:20:39.624999+00:00,178524,4494856,3938538,
2026-09-20T08:20:39.657058+00:00,178525,4494881,3939199,
2026-09-20T08:20:39.672997+00:00,178526,4494907,3939951,
2026-09-20T08:20:39.705196+00:00,178527,4494932,3939637,
2026-09-20T08:20:39.720928+00:00,178528,4494957,3938737,
2026-09-20T08:20:39.752954+00:00,178529,4494982,3938297,
2026-09-20T08:20:39.768954+00:00,178530,4495007,3938899,
2026-09-20T08:20:39.801119+00:00,178531,4495032,3939147,
2026-09-20T08:20:39.833154+00:00,178532,4495058,3939870,
2026-09-20T08:20:39.849199+00:00,178533,4495083,3939596,
2026-09-20T08:20:39.880967+00:00,178534,4495108,3938544,
2026-09-20T08:20:39.896987+00:00,178535,4495133,3938453,
2026-09-20T08:20:39.929160+00:00,178536,4495158,3938174,
2026-09-20T08:20:39.945188+00:00,178537,4495183,3937359,
2026-09-20T08:20:39.977161+00:00,178538,4495209,3937189,
2026-09-20T08:20:40.009153+00:00,178539,4495234,3937181,
2026-09-20T08:20:40.025158+00:00,178540,4495259,3936532,
2026-09-20T08:20:40.057154+00:00,178541,4495284,3937183,
2026-09-20T08:20:40.073160+00:00,178542,4495309,3938715,
2026-09-20T08:20:40.104953+00:00,178543,4495335,3939642,
2026-09-20T08:20:40.137164+00:00,178544,4495360,3939028,
2026-09-20T08:20:40.153164+00:00,178545,4495385,3938931,
2026-09-20T08:20:40.172762+00:00,178546,4495410,3938939,
2026-09-20T08:20:40.201223+00:00,178547,4495435,3939028,
2026-09-20T08:20:40.233176+00:00,178548,4495460,3938287,
2026-09-20T08:20:40.249335+00:00,178549,4495486,3937719,
2026-09-20T08:20:40.282122+00:00,178550,4495511,3938258,
2026-09-20T08:20:40.313239+00:00,178551,4495536,3938753,
2026-09-20T08:20:40.330133+00:00,178552,4495561,3939390,
2026-09-20T08:20:40.361118+00:00,178553,4495586,3939799,
2026-09-20T08:20:40.377903+00:00,178554,4495611,3939792,
2026-09-20T08:20:40.409331+00:00,178555,4495637,3939457,
2026-09-20T08:20:40.425727+00:00,178556,4495662,3939642,
2026-09-20T08:20:40.457330+00:00,178557,4495687,3939252,
2026-09-20T08:20:40.489340+00:00,178558,4495712,3938782,
2026-09-20T08:20:40.505460+00:00,178559,4495737,3938560,
2026-09-20T08:20:40.537381+00:00,178560,4495762,3938508,
2026-09-20T08:20:40.553361+00:00,178561,4495788,3938292,
2026-09-20T08:20:40.585361+00:00,178562,4495813,3938057,
2026-09-20T08:20:40.601331+00:00,178563,4495838,3937436,
2026-09-20T08:20:40.633328+00:00,178564,4495863,3936681,
2026-09-20T08:20:40.665373+00:00,178565,4495888,3937251,
2026-09-20T08:20:40.681983+00:00,178566,4495913,3938324,
2026-09-20T08:20:40.713339+00:00,178567,4495939,3939541,
2026-09-20T08:20:40.729312+00:00,178568,4495964,3939443,
2026-09-20T08:20:40.761669+00:00,178569,4495989,3939843,
2026-09-20T08:20:40.777379+00:00,178570,4496014,3940810,
2026-09-20T08:20:40.809320+00:00,178571,4496039,3941538,
2026-09-20T08:20:40.841311+00:00,178572,4496065,3940557,
2026-09-20T08:20:40.857349+00:00,178573,4496090,3939803,
2026-09-20T08:20:40.889348+00:00,178574,4496115,3940373,
2026-09-20T08:20:40.905357+00:00,178575,4496140,3940827,
2026-09-20T08:20:40.939492+00:00,178576,4496165,3940202,
2026-09-20T08:20:40.953312+00:00,178577,4496190,3940291,
2026-09-20T08:20:40.985325+00:00,178578,4496216,3940442,
2026-09-20T08:20:41.020731+00:00,178579,4496241,3940789,
2026-09-20T08:20:41.033342+00:00,178580,4496266,3941346,
2026-09-20T08:20:41.065330+00:00,178581,4496291,3941767,
2026-09-20T08:20:41.081970+00:00,178582,4496316,3942402,
2026-09-20T08:20:41.113330+00:00,178583,4496341,3943027,
2026-09-20T08:20:41.129972+00:00,178584,4496367,3942653,
2026-09-20T08:20:41.163091+00:00,178585,4496392,3940761,
2026-09-20T08:20:41.193362+00:00,178586,4496417,3938397,
2026-09-20T08:20:41.209354+00:00,178587,4496442,3937261,
2026-09-20T08:20:41.241331+00:00,178588,4496467,3937128,
2026-09-20T08:20:41.257330+00:00,178589,4496493,3937537,
2026-09-20T08:20:41.289325+00:00,178590,4496518,3938121,
2026-09-20T08:20:41.307025+00:00,178591,4496543,3939588,
2026-09-20T08:20:41.338167+00:00,178592,4496568,3940252,
2026-09-20T08:20:41.369422+00:00,178593,4496593,3939589,
2026-09-20T08:20:41.386429+00:00,178594,4496618,3938461,
2026-09-20T08:20:41.417310+00:00,178595,4496644,3938470,
2026-09-20T08:20:41.433311+00:00,178596,4496669,3939360,
2026-09-20T08:20:41.465716+00:00,178597,4496694,3939543,
2026-09-20T08:20:41.481316+00:00,178598,4496719,3938076,
2026-09-20T08:20:41.513345+00:00,178599,4496744,3937009,
2026-09-20T08:20:41.545308+00:00,178600,4496769,3935909,
2026-09-20T08:20:41.561311+00:00,178601,4496795,3934264,
2026-09-20T08:20:41.593364+00:00,178602,4496820,3932999,
2026-09-20T08:20:41.610183+00:00,178603,4496845,3933097,
2026-09-20T08:20:41.641338+00:00,178604,4496870,3933379,
2026-09-20T08:20:41.657333+00:00,178605,4496895,3933588,
2026-09-20T08:20:41.689303+00:00,178606,4496920,3934576,
2026-09-20T08:20:41.721314+00:00,178607,4496946,3935931,
2026-09-20T08:20:41.737401+00:00,178608,4496971,3938040,
2026-09-20T08:20:41.769711+00:00,178609,4496996,3939556,
2026-09-20T08:20:41.784734+00:00,178610,4497021,3939697,
2026-09-20T08:20:41.819291+00:00,178611,4497046,3938727,
2026-09-20T08:20:41.833323+00:00,178612,4497072,3938535,
2026-09-20T08:20:41.865407+00:00,178613,4497097,3939791,
2026-09-20T08:20:41.897589+00:00,178614,4497122,3938858,
2026-09-20T08:20:41.913376+00:00,178615,4497147,3934996,
2026-09-20T08:20:41.945380+00:00,178616,4497172,3932219,
2026-09-20T08:20:41.961305+00:00,178617,4497197,3933607,
2026-09-20T08:20:41.994545+00:00,178618,4497223,3937933,
2026-09-20T08:20:42.011704+00:00,178619,4497248,3940071,
2026-09-20T08:20:42.041345+00:00,178620,4497273,3939092,
2026-09-20T08:20:42.073286+00:00,178621,4497298,3938265,
2026-09-20T08:20:42.089315+00:00,178622,4497323,3938324,
2026-09-20T08:20:42.121372+00:00,178623,4497348,3938422,
2026-09-20T08:20:42.142025+00:00,178624,4497374,3939146,
2026-09-20T08:20:42.170253+00:00,178625,4497399,3939769,
2026-09-20T08:20:42.201372+00:00,178626,4497424,3938821,
2026-09-20T08:20:42.220390+00:00,178627,4497449,3937932,
2026-09-20T08:20:42.249335+00:00,178628,4497474,3937761,
2026-09-20T08:20:42.269245+00:00,178629,4497500,3938497,
2026-09-20T08:20:42.297292+00:00,178630,4497525,3940138,
2026-09-20T08:20:42.313285+00:00,178631,4497550,3941407,
2026-09-20T08:20:42.346434+00:00,178632,4497575,3942255,
2026-09-20T08:20:42.377329+00:00,178633,4497600,3943079,
2026-09-20T08:20:42.393285+00:00,178634,4497625,3945403,
2026-09-20T08:20:42.425314+00:00,178635,4497651,3950460,
2026-09-20T08:20:42.441039+00:00,178636,4497676,3966394,
2026-09-20T08:20:42.473276+00:00,178637,4497701,4002507,
2026-09-20T08:20:42.489315+00:00,178638,4497726,4053596,
2026-09-20T08:20:42.521279+00:00,178639,4497751,4105785,
2026-09-20T08:20:42.553238+00:00,178640,4497776,4156183,
2026-09-20T08:20:42.569357+00:00,178641,4497802,4201655,
2026-09-20T08:20:42.601687+00:00,178642,4497827,4243720,
2026-09-20T08:20:42.617274+00:00,178643,4497852,4268584,
2026-09-20T08:20:42.648917+00:00,178644,4497877,4271440,
2026-09-20T08:20:42.664888+00:00,178645,4497902,4249859,
2026-09-20T08:20:42.697358+00:00,178646,4497927,4220684,
2026-09-20T08:20:42.729293+00:00,178647,4497953,4204472,
2026-09-20T08:20:42.745290+00:00,178648,4497978,4185210,
2026-09-20T08:20:42.777276+00:00,178649,4498003,4156855,
2026-09-20T08:20:42.793455+00:00,178650,4498028,4119440,
2026-09-20T08:20:42.825289+00:00,178651,4498053,4073915,
2026-09-20T08:20:42.841289+00:00,178652,4498079,4038980,
2026-09-20T08:20:42.873274+00:00,178653,4498104,4027010,
2026-09-20T08:20:42.906938+00:00,178654,4498129,4015712,
2026-09-20T08:20:42.920897+00:00,178655,4498154,3997158,
2026-09-20T08:20:42.953263+00:00,178656,4498179,3995043,
2026-09-20T08:20:42.969294+00:00,178657,4498204,3996311,
2026-09-20T08:20:43.001272+00:00,178658,4498230,3982071,
2026-09-20T08:20:43.017269+00:00,178659,4498255,3964667,
2026-09-20T08:20:43.049667+00:00,178660,4498280,3952857,
2026-09-20T08:20:43.081217+00:00,178661,4498305,3946295,
2026-09-20T08:20:43.097175+00:00,178662,4498330,3946197,
2026-09-20T08:20:43.129259+00:00,178663,4498355,3944595,
2026-09-20T08:20:43.145259+00:00,178664,4498381,3932362,
2026-09-20T08:20:43.178396+00:00,178665,4498406,3916157,
2026-09-20T08:20:43.192980+00:00,178666,4498431,3893593,
2026-09-20T08:20:43.224951+00:00,178667,4498456,3864551,
2026-09-20T08:20:43.257260+00:00,178668,4498481,3830779,
2026-09-20T08:20:43.273296+00:00,178669,4498507,3795455,
2026-09-20T08:20:43.305024+00:00,178670,4498532,3787213,
2026-09-20T08:20:43.321292+00:00,178671,4498557,3791402,
2026-09-20T08:20:43.353414+00:00,178672,4498582,3745509,
2026-09-20T08:20:43.368909+00:00,178673,4498607,3606159,
2026-09-20T08:20:43.401245+00:00,178674,4498632,3419504,
2026-09-20T08:20:43.439059+00:00,178675,4498658,3328815,
2026-09-20T08:20:43.449041+00:00,178676,4498683,3365058,
2026-09-20T08:20:43.480973+00:00,178677,4498708,3449652,
2026-09-20T08:20:43.498340+00:00,178678,4498733,3559734,
2026-09-20T08:20:43.529258+00:00,178679,4498758,3660952,
2026-09-20T08:20:43.546292+00:00,178680,4498784,3736907,
2026-09-20T08:20:43.577258+00:00,178681,4498809,3794360,
2026-09-20T08:20:43.611428+00:00,178682,4498834,3839146,
2026-09-20T08:20:43.625173+00:00,178683,4498859,3871489,
2026-09-20T08:20:43.657236+00:00,178684,4498884,3893540,
2026-09-20T08:20:43.674172+00:00,178685,4498909,3909085,
2026-09-20T08:20:43.708254+00:00,178686,4498935,3918408,
2026-09-20T08:20:43.721344+00:00,178687,4498960,3922863,
2026-09-20T08:20:43.754716+00:00,178688,4498985,3924761,
2026-09-20T08:20:43.786941+00:00,178689,4499010,3927403,
2026-09-20T08:20:43.801284+00:00,178690,4499035,3930545,
2026-09-20T08:20:43.833260+00:00,178691,4499060,3933895,
2026-09-20T08:20:43.849693+00:00,178692,4499086,3935344,
2026-09-20T08:20:43.880981+00:00,178693,4499111,3934423,
2026-09-20T08:20:43.897252+00:00,178694,4499136,3934072,
2026-09-20T08:20:43.929316+00:00,178695,4499161,3934063,
2026-09-20T08:20:43.961315+00:00,178696,4499186,3934106,
2026-09-20T08:20:43.977291+00:00,178697,4499212,3933503,
2026-09-20T08:20:44.010381+00:00,178698,4499237,3933349,
2026-09-20T08:20:44.025391+00:00,178699,4499262,3932633,
2026-09-20T08:20:44.057275+00:00,178700,4499287,3933057,
2026-09-20T08:20:44.089260+00:00,178701,4499312,3933306,
2026-09-20T08:20:44.105842+00:00,178702,4499337,3933736,
2026-09-20T08:20:44.137246+00:00,178703,4499363,3934733,
2026-09-20T08:20:44.153599+00:00,178704,4499388,3936904,
2026-09-20T08:20:44.186066+00:00,178705,4499413,3938181,
2026-09-20T08:20:44.201929+00:00,178706,4499438,3936915,
2026-09-20T08:20:44.237546+00:00,178707,4499463,3936164,
2026-09-20T08:20:44.265236+00:00,178708,4499488,3937030,
2026-09-20T08:20:44.281896+00:00,178709,4499514,3937850,
2026-09-20T08:20:44.313275+00:00,178710,4499539,3936888,
2026-09-20T08:20:44.329235+00:00,178711,4499564,3936837,
2026-09-20T08:20:44.361274+00:00,178712,4499589,3937431,
2026-09-20T08:20:44.378358+00:00,178713,4499614,3938072,
2026-09-20T08:20:44.410462+00:00,178714,4499640,3938620,
2026-09-20T08:20:44.441278+00:00,178715,4499665,3939142,
2026-09-20T08:20:44.457246+00:00,178716,4499690,3939702,
2026-09-20T08:20:44.489287+00:00,178717,4499715,3939603,
2026-09-20T08:20:44.506384+00:00,178718,4499740,3939523,
2026-09-20T08:20:44.539421+00:00,178719,4499765,3939457,
2026-09-20T08:20:44.553801+00:00,178720,4499791,3940571,
2026-09-20T08:20:44.585278+00:00,178721,4499816,3941152,
2026-09-20T08:20:44.619484+00:00,178722,4499841,3940710,
2026-09-20T08:20:44.640187+00:00,178723,4499866,3939798,
2026-09-20T08:20:44.665227+00:00,178724,4499891,3939648,
2026-09-20T08:20:44.681219+00:00,178725,4499917,3940466,
2026-09-20T08:20:44.713337+00:00,178726,4499942,3940617,
2026-09-20T08:20:44.729218+00:00,178727,4499967,3939282,
2026-09-20T08:20:44.761446+00:00,178728,4499992,3937378,
2026-09-20T08:20:44.793212+00:00,178729,4500017,3936651,
2026-09-20T08:20:44.809216+00:00,178730,4500042,3936873,
2026-09-20T08:20:44.841206+00:00,178731,4500068,3937537,
2026-09-20T08:20:44.857205+00:00,178732,4500093,3937558,
2026-09-20T08:20:44.889218+00:00,178733,4500118,3937635,
2026-09-20T08:20:44.905219+00:00,178734,4500143,3937594,
2026-09-20T08:20:44.937305+00:00,178735,4500168,3937342,
2026-09-20T08:20:44.969221+00:00,178736,4500193,3937027,
2026-09-20T08:20:44.985221+00:00,178737,4500219,3937066,
2026-09-20T08:20:45.017213+00:00,178738,4500244,3937412,
2026-09-20T08:20:45.033489+00:00,178739,4500269,3938009,
2026-09-20T08:20:45.065343+00:00,178740,4500294,3938253,
2026-09-20T08:20:45.080930+00:00,178741,4500319,3937755,
2026-09-20T08:20:45.113223+00:00,178742,4500345,3936980,
2026-09-20T08:20:45.145214+00:00,178743,4500370,3936340,
2026-09-20T08:20:45.161219+00:00,178744,4500395,3935669,
2026-09-20T08:20:45.193213+00:00,178745,4500420,3935196,
2026-09-20T08:20:45.209298+00:00,178746,4500445,3936324,
2026-09-20T08:20:45.241203+00:00,178747,4500470,3938341,
2026-09-20T08:20:45.257339+00:00,178748,4500496,3939223,
2026-09-20T08:20:45.289370+00:00,178749,4500521,3938621,
2026-09-20T08:20:45.321925+00:00,178750,4500546,3939748,
2026-09-20T08:20:45.339587+00:00,178751,4500571,3940418,
2026-09-20T08:20:45.369657+00:00,178752,4500596,3940017,
2026-09-20T08:20:45.386819+00:00,178753,4500621,3940476,
2026-09-20T08:20:45.419306+00:00,178754,4500647,3941678,
2026-09-20T08:20:45.437349+00:00,178755,4500672,3942190,
2026-09-20T08:20:45.466440+00:00,178756,4500697,3942472,
2026-09-20T08:20:45.496585+00:00,178757,4500722,3942713,
2026-09-20T08:20:45.513231+00:00,178758,4500747,3942334,
2026-09-20T08:20:45.545226+00:00,178759,4500772,3941615,
2026-09-20T08:20:45.561624+00:00,178760,4500798,3941539,
2026-09-20T08:20:45.593212+00:00,178761,4500823,3941251,
2026-09-20T08:20:45.609391+00:00,178762,4500848,3941291,
2026-09-20T08:20:45.641016+00:00,178763,4500873,3941279,
2026-09-20T08:20:45.673251+00:00,178764,4500898,3940687,
2026-09-20T08:20:45.689020+00:00,178765,4500924,3940300,
2026-09-20T08:20:45.720741+00:00,178766,4500949,3940171,
2026-09-20T08:20:45.737197+00:00,178767,4500974,3939908,
2026-09-20T08:20:45.769035+00:00,178768,4500999,3939526,
2026-09-20T08:20:45.784882+00:00,178769,4501024,3939056,
2026-09-20T08:20:45.817198+00:00,178770,4501049,3938136,
2026-09-20T08:20:45.849004+00:00,178771,4501075,3937467,
2026-09-20T08:20:45.865421+00:00,178772,4501100,3937028,
2026-09-20T08:20:45.897189+00:00,178773,4501125,3937381,
2026-09-20T08:20:45.913192+00:00,178774,4501150,3937986,
2026-09-20T08:20:45.945183+00:00,178775,4501175,3939868,
2026-09-20T08:20:45.977196+00:00,178776,4501200,3940388,
2026-09-20T08:20:45.993194+00:00,178777,4501226,3940268,
2026-09-20T08:20:46.024748+00:00,178778,4501251,3940106,
2026-09-20T08:20:46.041184+00:00,178779,4501276,3941131,
2026-09-20T08:20:46.073093+00:00,178780,4501301,3941389,
2026-09-20T08:20:46.089208+00:00,178781,4501326,3941341,
2026-09-20T08:20:46.120981+00:00,178782,4501352,3941107,
2026-09-20T08:20:46.153301+00:00,178783,4501377,3940011,
2026-09-20T08:20:46.169185+00:00,178784,4501402,3938683,
2026-09-20T08:20:46.201762+00:00,178785,4501427,3937164,
2026-09-20T08:20:46.217326+00:00,178786,4501452,3936369,
2026-09-20T08:20:46.249463+00:00,178787,4501477,3936644,
2026-09-20T08:20:46.264984+00:00,178788,4501503,3936560,
2026-09-20T08:20:46.297029+00:00,178789,4501528,3936299,
2026-09-20T08:20:46.329215+00:00,178790,4501553,3935537,
2026-09-20T08:20:46.345206+00:00,178791,4501578,3935714,
2026-09-20T08:20:46.377449+00:00,178792,4501603,3936334,
2026-09-20T08:20:46.393183+00:00,178793,4501628,3935566,
2026-09-20T08:20:46.425168+00:00,178794,4501654,3935364,
2026-09-20T08:20:46.441411+00:00,178795,4501679,3936861,
2026-09-20T08:20:46.473585+00:00,178796,4501704,3938751,
2026-09-20T08:20:46.505173+00:00,178797,4501729,3939147,
2026-09-20T08:20:46.520824+00:00,178798,4501754,3939406,
2026-09-20T08:20:46.553378+00:00,178799,4501780,3939694,
2026-09-20T08:20:46.568826+00:00,178800,4501805,3939786,
2026-09-20T08:20:46.601357+00:00,178801,4501830,3939251,
2026-09-20T08:20:46.616997+00:00,178802,4501855,3939363,
2026-09-20T08:20:46.649010+00:00,178803,4501880,3939994,
2026-09-20T08:20:46.681289+00:00,178804,4501905,3939510,
2026-09-20T08:20:46.697168+00:00,178805,4501931,3938043,
2026-09-20T08:20:46.729458+00:00,178806,4501956,3938812,
2026-09-20T08:20:46.745164+00:00,178807,4501981,3941471,
2026-09-20T08:20:46.777336+00:00,178808,4502006,3943826,
2026-09-20T08:20:46.793334+00:00,178809,4502031,3947616,
2026-09-20T08:20:46.825174+00:00,178810,4502056,3946561,
2026-09-20T08:20:46.856931+00:00,178811,4502082,3943859,
2026-09-20T08:20:46.873361+00:00,178812,4502107,3944056,
2026-09-20T08:20:46.905724+00:00,178813,4502132,3945290,
2026-09-20T08:20:46.921205+00:00,178814,4502157,3945919,
2026-09-20T08:20:46.954063+00:00,178815,4502182,3944124,
2026-09-20T08:20:46.969521+00:00,178816,4502208,3941688,
2026-09-20T08:20:47.001172+00:00,178817,4502233,3939881,
2026-09-20T08:20:47.032987+00:00,178818,4502258,3938829,
2026-09-20T08:20:47.049613+00:00,178819,4502283,3939977,
2026-09-20T08:20:47.081396+00:00,178820,4502308,3941535,
2026-09-20T08:20:47.097653+00:00,178821,4502333,3941179,
2026-09-20T08:20:47.129159+00:00,178822,4502359,3939239,
2026-09-20T08:20:47.145289+00:00,178823,4502384,3937246,
2026-09-20T08:20:47.177160+00:00,178824,4502409,3936808,
2026-09-20T08:20:47.208875+00:00,178825,4502434,3936333,
2026-09-20T08:20:47.227406+00:00,178826,4502459,3934883,
2026-09-20T08:20:47.257406+00:00,178827,4502484,3933545,
2026-09-20T08:20:47.273406+00:00,178828,4502510,3932742,
2026-09-20T08:20:47.336406+00:00,178829,4502535,3931349,
2026-09-20T08:20:47.340408+00:00,178830,4502560,3932130,
2026-09-20T08:20:47.353409+00:00,178831,4502585,3934277,
2026-09-20T08:20:47.385410+00:00,178832,4502610,3933620,
2026-09-20T08:20:47.401408+00:00,178833,4502636,3933166,
2026-09-20T08:20:47.433410+00:00,178834,4502661,3934167,
2026-09-20T08:20:47.448830+00:00,178835,4502686,3935560,
2026-09-20T08:20:47.481911+00:00,178836,4502711,3936384,
2026-09-20T08:20:47.497222+00:00,178837,4502736,3937938,
2026-09-20T08:20:47.529145+00:00,178838,4502761,3941627,
2026-09-20T08:20:47.561212+00:00,178839,4502787,3944934,
2026-09-20T08:20:47.576875+00:00,178840,4502812,3946800,
2026-09-20T08:20:47.609146+00:00,178841,4502837,3949968,
2026-09-20T08:20:47.625160+00:00,178842,4502862,3952059,
2026-09-20T08:20:47.657140+00:00,178843,4502887,3952850,
2026-09-20T08:20:47.673141+00:00,178844,4502912,3956313,
2026-09-20T08:20:47.705151+00:00,178845,4502938,3968805,
2026-09-20T08:20:47.737137+00:00,178846,4502963,3988754,
2026-09-20T08:20:47.753127+00:00,178847,4502988,4019276,
2026-09-20T08:20:47.785267+00:00,178848,4503013,4072671,
2026-09-20T08:20:47.801503+00:00,178849,4503038,4136849,
2026-09-20T08:20:47.833343+00:00,178850,4503064,4188451,
2026-09-20T08:20:47.848697+00:00,178851,4503089,4231906,
2026-09-20T08:20:47.880985+00:00,178852,4503114,4267938,
2026-09-20T08:20:47.913143+00:00,178853,4503139,4285312,
2026-09-20T08:20:47.929149+00:00,178854,4503164,4275001,
2026-09-20T08:20:47.960736+00:00,178855,4503189,4248310,
2026-09-20T08:20:47.976984+00:00,178856,4503215,4213605,
2026-09-20T08:20:48.009048+00:00,178857,4503240,4184068,
2026-09-20T08:20:48.041394+00:00,178858,4503265,4156643,
2026-09-20T08:20:48.057380+00:00,178859,4503290,4130603,
2026-09-20T08:20:48.089143+00:00,178860,4503315,4101040,
2026-09-20T08:20:48.105140+00:00,178861,4503340,4070741,
2026-09-20T08:20:48.137163+00:00,178862,4503366,4040972,
2026-09-20T08:20:48.153023+00:00,178863,4503391,4017313,
2026-09-20T08:20:48.185143+00:00,178864,4503416,4001077,
2026-09-20T08:20:48.217184+00:00,178865,4503441,3985803,
2026-09-20T08:20:48.233171+00:00,178866,4503466,3969999,
2026-09-20T08:20:48.265142+00:00,178867,4503491,3956789,
2026-09-20T08:20:48.281123+00:00,178868,4503517,3943012,
2026-09-20T08:20:48.313166+00:00,178869,4503542,3926364,
2026-09-20T08:20:48.329157+00:00,178870,4503567,3925491,
2026-09-20T08:20:48.361164+00:00,178871,4503592,3929199,
2026-09-20T08:20:48.393178+00:00,178872,4503617,3921952,
2026-09-20T08:20:48.410984+00:00,178873,4503643,3916720,
2026-09-20T08:20:48.442044+00:00,178874,4503668,3914719,
2026-09-20T08:20:48.457232+00:00,178875,4503693,3902469,
2026-09-20T08:20:48.490217+00:00,178876,4503718,3880260,
2026-09-20T08:20:48.505219+00:00,178877,4503743,3854023,
2026-09-20T08:20:48.537367+00:00,178878,4503768,3819139,
2026-09-20T08:20:48.570378+00:00,178879,4503794,3783995,
2026-09-20T08:20:48.584770+00:00,178880,4503819,3751753,
2026-09-20T08:20:48.616511+00:00,178881,4503844,3666321,
2026-09-20T08:20:48.633009+00:00,178882,4503869,3494952,
2026-09-20T08:20:48.665120+00:00,178883,4503894,3295990,
2026-09-20T08:20:48.681218+00:00,178884,4503920,3196636,
2026-09-20T08:20:48.713065+00:00,178885,4503945,3229423,
2026-09-20T08:20:48.745172+00:00,178886,4503970,3358599,
2026-09-20T08:20:48.761135+00:00,178887,4503995,3519540,
2026-09-20T08:20:48.793164+00:00,178888,4504020,3646666,
2026-09-20T08:20:48.811599+00:00,178889,4504045,3739419,
2026-09-20T08:20:48.841384+00:00,178890,4504071,3807681,
2026-09-20T08:20:48.857561+00:00,178891,4504096,3853892,
2026-09-20T08:20:48.888846+00:00,178892,4504121,3883602,
2026-09-20T08:20:48.921150+00:00,178893,4504146,3900858,
2026-09-20T08:20:48.939009+00:00,178894,4504171,3912716,
2026-09-20T08:20:48.970084+00:00,178895,4504196,3920321,
2026-09-20T08:20:48.987553+00:00,178896,4504222,3926044,
2026-09-20T08:20:49.017101+00:00,178897,4504247,3930116,
2026-09-20T08:20:49.032793+00:00,178898,4504272,3932463,
2026-09-20T08:20:49.065154+00:00,178899,4504297,3934497,
2026-09-20T08:20:49.098289+00:00,178900,4504322,3935384,
2026-09-20T08:20:49.113149+00:00,178901,4504348,3936714,
2026-09-20T08:20:49.145152+00:00,178902,4504373,3937997,
2026-09-20T08:20:49.162240+00:00,178903,4504398,3938527,
2026-09-20T08:20:49.192584+00:00,178904,4504423,3938640,
2026-09-20T08:20:49.209141+00:00,178905,4504448,3939145,
2026-09-20T08:20:49.242388+00:00,178906,4504473,3939745,
2026-09-20T08:20:49.273456+00:00,178907,4504499,3940167,
2026-09-20T08:20:49.289876+00:00,178908,4504524,3939745,
2026-09-20T08:20:49.321135+00:00,178909,4504549,3940069,
2026-09-20T08:20:49.339187+00:00,178910,4504574,3940952,
2026-09-20T08:20:49.372835+00:00,178911,4504599,3941220,
2026-09-20T08:20:49.386164+00:00,178912,4504624,3941756,
2026-09-20T08:20:49.417558+00:00,178913,4504650,3941808,
2026-09-20T08:20:49.449048+00:00,178914,4504675,3942109,
2026-09-20T08:20:49.465160+00:00,178915,4504700,3942113,
2026-09-20T08:20:49.497136+00:00,178916,4504725,3942157,
2026-09-20T08:20:49.513155+00:00,178917,4504750,3942151,
2026-09-20T08:20:49.545150+00:00,178918,4504776,3941843,
2026-09-20T08:20:49.561102+00:00,178919,4504801,3941549,
2026-09-20T08:20:49.593106+00:00,178920,4504826,3941500,
2026-09-20T08:20:49.625148+00:00,178921,4504851,3941493,
2026-09-20T08:20:49.641139+00:00,178922,4504876,3941418,
2026-09-20T08:20:49.676665+00:00,178923,4504901,3941239,
2026-09-20T08:20:49.689136+00:00,178924,4504927,3941564,
2026-09-20T08:20:49.721120+00:00,178925,4504952,3941762,
2026-09-20T08:20:49.737104+00:00,178926,4504977,3941327,
2026-09-20T08:20:49.769194+00:00,178927,4505002,3941867,
2026-09-20T08:20:49.801126+00:00,178928,4505027,3941998,
2026-09-20T08:20:49.821193+00:00,178929,4505052,3941863,
2026-09-20T08:20:49.849080+00:00,178930,4505078,3941678,
2026-09-20T08:20:49.865091+00:00,178931,4505103,3941809,
2026-09-20T08:20:49.897167+00:00,178932,4505128,3941783,
2026-09-20T08:20:49.929094+00:00,178933,4505153,3942226,
2026-09-20T08:20:49.944999+00:00,178934,4505178,3942855,
2026-09-20T08:20:49.977294+00:00,178935,4505204,3942988,
2026-09-20T08:20:49.993118+00:00,178936,4505229,3942888,
2026-09-20T08:20:50.025300+00:00,178937,4505254,3942867,
2026-09-20T08:20:50.041086+00:00,178938,4505279,3943173,
2026-09-20T08:20:50.073091+00:00,178939,4505304,3943304,
2026-09-20T08:20:50.105378+00:00,178940,4505329,3943271,
2026-09-20T08:20:50.121522+00:00,178941,4505355,3943295,
2026-09-20T08:20:50.153609+00:00,178942,4505380,3943115,
2026-09-20T08:20:50.169082+00:00,178943,4505405,3942887,
2026-09-20T08:20:50.201074+00:00,178944,4505430,3942582,
2026-09-20T08:20:50.217058+00:00,178945,4505455,3942553,
2026-09-20T08:20:50.248732+00:00,178946,4505481,3942035,
2026-09-20T08:20:50.280907+00:00,178947,4505506,3941844,
2026-09-20T08:20:50.297073+00:00,178948,4505531,3941867,
2026-09-20T08:20:50.329060+00:00,178949,4505556,3942170,
2026-09-20T08:20:50.345093+00:00,178950,4505581,3942104,
2026-09-20T08:20:50.377055+00:00,178951,4505606,3942008,
2026-09-20T08:20:50.393068+00:00,178952,4505632,3942722,
2026-09-20T08:20:50.425111+00:00,178953,4505657,3942556,
2026-09-20T08:20:50.457074+00:00,178954,4505682,3942604,
2026-09-20T08:20:50.472974+00:00,178955,4505707,3942239,
2026-09-20T08:20:50.504946+00:00,178956,4505732,3942423,
2026-09-20T08:20:50.521654+00:00,178957,4505757,3942846,
2026-09-20T08:20:50.553149+00:00,178958,4505783,3942830,
2026-09-20T08:20:50.568883+00:00,178959,4505808,3942574,
2026-09-20T08:20:50.601085+00:00,178960,4505833,3942697,
2026-09-20T08:20:50.632577+00:00,178961,4505858,3943397,
2026-09-20T08:20:50.649046+00:00,178962,4505883,3943097,
2026-09-20T08:20:50.681062+00:00,178963,4505909,3943213,
2026-09-20T08:20:50.697468+00:00,178964,4505934,3943140,
2026-09-20T08:20:50.729082+00:00,178965,4505959,3942544,
2026-09-20T08:20:50.745066+00:00,178966,4505984,3942988,
2026-09-20T08:20:50.777079+00:00,178967,4506009,3943451,
2026-09-20T08:20:50.809061+00:00,178968,4506034,3943112,
2026-09-20T08:20:50.825074+00:00,178969,4506060,3943286,
2026-09-20T08:20:50.857066+00:00,178970,4506085,3942626,
2026-09-20T08:20:50.873059+00:00,178971,4506110,3942246,
2026-09-20T08:20:50.905084+00:00,178972,4506135,3942032,
2026-09-20T08:20:50.920763+00:00,178973,4506160,3942054,
2026-09-20T08:20:50.953143+00:00,178974,4506185,3941919,
2026-09-20T08:20:50.985100+00:00,178975,4506211,3941997,
2026-09-20T08:20:51.002107+00:00,178976,4506236,3942511,
2026-09-20T08:20:51.033101+00:00,178977,4506261,3941999,
2026-09-20T08:20:51.049102+00:00,178978,4506286,3942182,
2026-09-20T08:20:51.081530+00:00,178979,4506311,3942323,
2026-09-20T08:20:51.097528+00:00,178980,4506337,3942275,
2026-09-20T08:20:51.128748+00:00,178981,4506362,3942636,
2026-09-20T08:20:51.161072+00:00,178982,4506387,3943038,
2026-09-20T08:20:51.176564+00:00,178983,4506412,3943376,
2026-09-20T08:20:51.208799+00:00,178984,4506437,3942758,
2026-09-20T08:20:51.225611+00:00,178985,4506462,3942750,
2026-09-20T08:20:51.246158+00:00,178986,4506488,3942994,
2026-09-20T08:20:51.262530+00:00,178987,4506513,3943048,
2026-09-20T08:20:51.305922+00:00,178988,4506538,3943266,
2026-09-20T08:20:51.337053+00:00,178989,4506563,3943153,
2026-09-20T08:20:51.353058+00:00,178990,4506588,3943623,
2026-09-20T08:20:51.385092+00:00,178991,4506613,3943910,
2026-09-20T08:20:51.401043+00:00,178992,4506639,3944017,
2026-09-20T08:20:51.433053+00:00,178993,4506664,3943557,
2026-09-20T08:20:51.449289+00:00,178994,4506689,3942996,
2026-09-20T08:20:51.481050+00:00,178995,4506714,3942546,
2026-09-20T08:20:51.513039+00:00,178996,4506739,3942706,
2026-09-20T08:20:51.529044+00:00,178997,4506765,3942997,
2026-09-20T08:20:51.561691+00:00,178998,4506790,3942609,
2026-09-20T08:20:51.577037+00:00,178999,4506815,3942378,
2026-09-20T08:20:51.609380+00:00,179000,4506840,3942671,
2026-09-20T08:20:51.641372+00:00,179001,4506865,3942392,
2026-09-20T08:20:51.657053+00:00,179002,4506890,3941930,
2026-09-20T08:20:51.688574+00:00,179003,4506916,3942344,
2026-09-20T08:20:51.705765+00:00,179004,4506941,3942651,
2026-09-20T08:20:51.737800+00:00,179005,4506966,3942365,
2026-09-20T08:20:51.753106+00:00,179006,4506991,3942058,
2026-09-20T08:20:51.785045+00:00,179007,4507016,3941895,
2026-09-20T08:20:51.817329+00:00,179008,4507042,3942637,
2026-09-20T08:20:51.833326+00:00,179009,4507067,3942949,
2026-09-20T08:20:51.865348+00:00,179010,4507092,3942612,
2026-09-20T08:20:51.881053+00:00,179011,4507117,3942737,
2026-09-20T08:20:51.913027+00:00,179012,4507142,3942645,
2026-09-20T08:20:51.929054+00:00,179013,4507167,3942948,
2026-09-20T08:20:51.961062+00:00,179014,4507193,3943306,
2026-09-20T08:20:51.993046+00:00,179015,4507218,3943387,
2026-09-20T08:20:52.010076+00:00,179016,4507243,3943309,
2026-09-20T08:20:52.041039+00:00,179017,4507268,3943558,
2026-09-20T08:20:52.056971+00:00,179018,4507293,3943578,
2026-09-20T08:20:52.089054+00:00,179019,4507319,3943707,
2026-09-20T08:20:52.105038+00:00,179020,4507344,3943480,
2026-09-20T08:20:52.137035+00:00,179021,4507369,3943119,
2026-09-20T08:20:52.169110+00:00,179022,4507394,3942969,
2026-09-20T08:20:52.185038+00:00,179023,4507419,3942452,
2026-09-20T08:20:52.216725+00:00,179024,4507444,3942050,
2026-09-20T08:20:52.233066+00:00,179025,4507470,3941414,
2026-09-20T08:20:52.265372+00:00,179026,4507495,3941553,
2026-09-20T08:20:52.281080+00:00,179027,4507520,3941564,
2026-09-20T08:20:52.313080+00:00,179028,4507545,3941898,
2026-09-20T08:20:52.345024+00:00,179029,4507570,3942283,
2026-09-20T08:20:52.361103+00:00,179030,4507595,3942308,
2026-09-20T08:20:52.393210+00:00,179031,4507621,3942281,
2026-09-20T08:20:52.409210+00:00,179032,4507646,3942389,
2026-09-20T08:20:52.441043+00:00,179033,4507671,3942696,
2026-09-20T08:20:52.457028+00:00,179034,4507696,3943350,
2026-09-20T08:20:52.488377+00:00,179035,4507721,3943365,
2026-09-20T08:20:52.521376+00:00,179036,4507747,3942822,
2026-09-20T08:20:52.537379+00:00,179037,4507772,3942330,
2026-09-20T08:20:52.569072+00:00,179038,4507797,3942720,
2026-09-20T08:20:52.585047+00:00,179039,4507822,3943022,
2026-09-20T08:20:52.617946+00:00,179040,4507847,3943755,
2026-09-20T08:20:52.633037+00:00,179041,4507872,3943630,
2026-09-20T08:20:52.664946+00:00,179042,4507898,3943272,
2026-09-20T08:20:52.696946+00:00,179043,4507923,3943305,
2026-09-20T08:20:52.713087+00:00,179044,4507948,3942632,
2026-09-20T08:20:52.745043+00:00,179045,4507973,3942485,
2026-09-20T08:20:52.760857+00:00,179046,4507998,3942871,
2026-09-20T08:20:52.793176+00:00,179047,4508023,3942678,
2026-09-20T08:20:52.809186+00:00,179048,4508049,3942317,
2026-09-20T08:20:52.841177+00:00,179049,4508074,3942592,
2026-09-20T08:20:52.873184+00:00,179050,4508099,3942215,
2026-09-20T08:20:52.888192+00:00,179051,4508124,3942093,
2026-09-20T08:20:52.921175+00:00,179052,4508149,3942320,
2026-09-20T08:20:52.937174+00:00,179053,4508175,3942358,
2026-09-20T08:20:52.969174+00:00,179054,4508200,3941559,
2026-09-20T08:20:52.985191+00:00,179055,4508225,3941825,
2026-09-20T08:20:53.017230+00:00,179056,4508250,3942169,
2026-09-20T08:20:53.049182+00:00,179057,4508275,3942448,
2026-09-20T08:20:53.065176+00:00,179058,4508300,3942177,
2026-09-20T08:20:53.097016+00:00,179059,4508326,3942484,
2026-09-20T08:20:53.113005+00:00,179060,4508351,3942819,
2026-09-20T08:20:53.145026+00:00,179061,4508376,3942575,
2026-09-20T08:20:53.161194+00:00,179062,4508401,3943107,
2026-09-20T08:20:53.192388+00:00,179063,4508426,3943069,
2026-09-20T08:20:53.225207+00:00,179064,4508452,3942937,
2026-09-20T08:20:53.240588+00:00,179065,4508477,3942842,
2026-09-20T08:20:53.272278+00:00,179066,4508502,3943373,
2026-09-20T08:20:53.289065+00:00,179067,4508527,3943985,
2026-09-20T08:20:53.321258+00:00,179068,4508552,3943720,
2026-09-20T08:20:53.336491+00:00,179069,4508577,3943156,
2026-09-20T08:20:53.368521+00:00,179070,4508603,3943228,
2026-09-20T08:20:53.401375+00:00,179071,4508628,3943704,
2026-09-20T08:20:53.416715+00:00,179072,4508653,3943300,
2026-09-20T08:20:53.449111+00:00,179073,4508678,3942926,
2026-09-20T08:20:53.464747+00:00,179074,4508703,3943035,
2026-09-20T08:20:53.496995+00:00,179075,4508728,3942763,
2026-09-20T08:20:53.529055+00:00,179076,4508754,3942400,
2026-09-20T08:20:53.545137+00:00,179077,4508779,3941987,
2026-09-20T08:20:53.577389+00:00,179078,4508804,3941939,
2026-09-20T08:20:53.592984+00:00,179079,4508829,3942234,
2026-09-20T08:20:53.624990+00:00,179080,4508854,3942895,
2026-09-20T08:20:53.640996+00:00,179081,4508880,3942854,
2026-09-20T08:20:53.672976+00:00,179082,4508905,3942335,
2026-09-20T08:20:53.705881+00:00,179083,4508930,3942752,
2026-09-20T08:20:53.720765+00:00,179084,4508955,3942817,
2026-09-20T08:20:53.753007+00:00,179085,4508980,3942867,
2026-09-20T08:20:53.769165+00:00,179086,4509005,3942882,
2026-09-20T08:20:53.800896+00:00,179087,4509031,3942699,
2026-09-20T08:20:53.817440+00:00,179088,4509056,3943530,
2026-09-20T08:20:53.848566+00:00,179089,4509081,3943393,
2026-09-20T08:20:53.881300+00:00,179090,4509106,3943082,
2026-09-20T08:20:53.896820+00:00,179091,4509131,3943998,
2026-09-20T08:20:53.929047+00:00,179092,4509156,3944111,
2026-09-20T08:20:53.945087+00:00,179093,4509182,3943410,
2026-09-20T08:20:53.976988+00:00,179094,4509207,3943219,
2026-09-20T08:20:53.992989+00:00,179095,4509232,3943337,
2026-09-20T08:20:54.024931+00:00,179096,4509257,3943937,
2026-09-20T08:20:54.056988+00:00,179097,4509282,3943190,
2026-09-20T08:20:54.073033+00:00,179098,4509308,3942671,
2026-09-20T08:20:54.105002+00:00,179099,4509333,3942520,
2026-09-20T08:20:54.121001+00:00,179100,4509358,3942580,
2026-09-20T08:20:54.152783+00:00,179101,4509383,3942753,
2026-09-20T08:20:54.169654+00:00,179102,4509408,3942456,
2026-09-20T08:20:54.201203+00:00,179103,4509433,3942112,
2026-09-20T08:20:54.232630+00:00,179104,4509459,3942173,
2026-09-20T08:20:54.248987+00:00,179105,4509484,3942149,
2026-09-20T08:20:54.280959+00:00,179106,4509509,3942662,
2026-09-20T08:20:54.296675+00:00,179107,4509534,3942561,
2026-09-20T08:20:54.328725+00:00,179108,4509559,3942612,
2026-09-20T08:20:54.344977+00:00,179109,4509584,3942177,
2026-09-20T08:20:54.376971+00:00,179110,4509610,3942354,
2026-09-20T08:20:54.409246+00:00,179111,4509635,3942690,
2026-09-20T08:20:54.425074+00:00,179112,4509660,3943069,
2026-09-20T08:20:54.456979+00:00,179113,4509685,3943239,
2026-09-20T08:20:54.473006+00:00,179114,4509710,3943078,
2026-09-20T08:20:54.504681+00:00,179115,4509736,3943103,
2026-09-20T08:20:54.520985+00:00,179116,4509761,3942455,
2026-09-20T08:20:54.552973+00:00,179117,4509786,3942736,
2026-09-20T08:20:54.584856+00:00,179118,4509811,3943009,
2026-09-20T08:20:54.600902+00:00,179119,4509836,3943697,
2026-09-20T08:20:54.632952+00:00,179120,4509861,3944018,
2026-09-20T08:20:54.648697+00:00,179121,4509887,3943607,
2026-09-20T08:20:54.680963+00:00,179122,4509912,3943431,
2026-09-20T08:20:54.696981+00:00,179123,4509937,3942952,
2026-09-20T08:20:54.729019+00:00,179124,4509962,3942639,
2026-09-20T08:20:54.760772+00:00,179125,4509987,3943178,
2026-09-20T08:20:54.776635+00:00,179126,4510013,3942403,
2026-09-20T08:20:54.808962+00:00,179127,4510038,3941948,
2026-09-20T08:20:54.825329+00:00,179128,4510063,3942373,
2026-09-20T08:20:54.856964+00:00,179129,4510088,3942488,
2026-09-20T08:20:54.872965+00:00,179130,4510113,3942201,
2026-09-20T08:20:54.904961+00:00,179131,4510138,3942032,
2026-09-20T08:20:54.936959+00:00,179132,4510164,3942163,
2026-09-20T08:20:54.952961+00:00,179133,4510189,3942687,
2026-09-20T08:20:54.984966+00:00,179134,4510214,3942430,
2026-09-20T08:20:55.000963+00:00,179135,4510239,3942548,
2026-09-20T08:20:55.033066+00:00,179136,4510264,3942998,
2026-09-20T08:20:55.048612+00:00,179137,4510289,3943326,
2026-09-20T08:20:55.081342+00:00,179138,4510315,3942992,
2026-09-20T08:20:55.113057+00:00,179139,4510340,3942649,
2026-09-20T08:20:55.129004+00:00,179140,4510365,3943097,
2026-09-20T08:20:55.160967+00:00,179141,4510390,3943318,
2026-09-20T08:20:55.176853+00:00,179142,4510415,3943129,
2026-09-20T08:20:55.208985+00:00,179143,4510441,3943521,
2026-09-20T08:20:55.240986+00:00,179144,4510466,3943510,
2026-09-20T08:20:55.256480+00:00,179145,4510491,3943235,
2026-09-20T08:20:55.288976+00:00,179146,4510516,3943163,
2026-09-20T08:20:55.305507+00:00,179147,4510541,3942786,
2026-09-20T08:20:55.337334+00:00,179148,4510566,3942892,
2026-09-20T08:20:55.353284+00:00,179149,4510592,3943246,
2026-09-20T08:20:55.385168+00:00,179150,4510617,3942773,
2026-09-20T08:20:55.422012+00:00,179151,4510642,3942411,
2026-09-20T08:20:55.433109+00:00,179152,4510667,3942521,
2026-09-20T08:20:55.464334+00:00,179153,4510692,3942801,
2026-09-20T08:20:55.480948+00:00,179154,4510718,3942745,
2026-09-20T08:20:55.512953+00:00,179155,4510743,3942520,
2026-09-20T08:20:55.528968+00:00,179156,4510768,3942472,
2026-09-20T08:20:55.560965+00:00,179157,4510793,3942713,
2026-09-20T08:20:55.592660+00:00,179158,4510818,3942413,
2026-09-20T08:20:55.608991+00:00,179159,4510843,3942329,
2026-09-20T08:20:55.640997+00:00,179160,4510869,3942791,
2026-09-20T08:20:55.656947+00:00,179161,4510894,3942734,
2026-09-20T08:20:55.688943+00:00,179162,4510919,3942744,
2026-09-20T08:20:55.706052+00:00,179163,4510944,3942330,
2026-09-20T08:20:55.737014+00:00,179164,4510969,3942372,
2026-09-20T08:20:55.769108+00:00,179165,4510994,3942535,
2026-09-20T08:20:55.784921+00:00,179166,4511020,3942861,
2026-09-20T08:20:55.816942+00:00,179167,4511045,3943177,
2026-09-20T08:20:55.832954+00:00,179168,4511070,3943063,
2026-09-20T08:20:55.864920+00:00,179169,4511095,3943349,
2026-09-20T08:20:55.880931+00:00,179170,4511120,3943028,
2026-09-20T08:20:55.912754+00:00,179171,4511146,3943317,
2026-09-20T08:20:55.944998+00:00,179172,4511171,3943558,
2026-09-20T08:20:55.961011+00:00,179173,4511196,3943316,
2026-09-20T08:20:55.992946+00:00,179174,4511221,3943564,
2026-09-20T08:20:56.008933+00:00,179175,4511246,3943649,
2026-09-20T08:20:56.040939+00:00,179176,4511271,3943200,
2026-09-20T08:20:56.056925+00:00,179177,4511297,3942455,
2026-09-20T08:20:56.088831+00:00,179178,4511322,3942037,
2026-09-20T08:20:56.120977+00:00,179179,4511347,3942319,
2026-09-20T08:20:56.137033+00:00,179180,4511372,3941929,
2026-09-20T08:20:56.170088+00:00,179181,4511397,3941374,
2026-09-20T08:20:56.185088+00:00,179182,4511422,3941670,
2026-09-20T08:20:56.217097+00:00,179183,4511448,3941766,
2026-09-20T08:20:56.233087+00:00,179184,4511473,3942009,
2026-09-20T08:20:56.265277+00:00,179185,4511498,3942403,
2026-09-20T08:20:56.297088+00:00,179186,4511523,3942194,
2026-09-20T08:20:56.315321+00:00,179187,4511548,3942331,
2026-09-20T08:20:56.345088+00:00,179188,4511574,3942081,
2026-09-20T08:20:56.360929+00:00,179189,4511599,3942481,
2026-09-20T08:20:56.392931+00:00,179190,4511624,3943001,
2026-09-20T08:20:56.408932+00:00,179191,4511649,3942732,
2026-09-20T08:20:56.441072+00:00,179192,4511674,3942842,
2026-09-20T08:20:56.472987+00:00,179193,4511699,3943245,
2026-09-20T08:20:56.489156+00:00,179194,4511725,3943326,
2026-09-20T08:20:56.520946+00:00,179195,4511750,3942841,
2026-09-20T08:20:56.538884+00:00,179196,4511775,3942704,
2026-09-20T08:20:56.568934+00:00,179197,4511800,3943319,
2026-09-20T08:20:56.584937+00:00,179198,4511825,3943353,
2026-09-20T08:20:56.616924+00:00,179199,4511851,3943410,
2026-09-20T08:20:56.650146+00:00,179200,4511876,3943336,
2026-09-20T08:20:56.664972+00:00,179201,4511901,3943554,
2026-09-20T08:20:56.696935+00:00,179202,4511926,3943137,
2026-09-20T08:20:56.712930+00:00,179203,4511951,3942104,
2026-09-20T08:20:56.745051+00:00,179204,4511976,3941978,
2026-09-20T08:20:56.761070+00:00,179205,4512002,3941839,
2026-09-20T08:20:56.792970+00:00,179206,4512027,3941577,
2026-09-20T08:20:56.825505+00:00,179207,4512052,3942055,
2026-09-20T08:20:56.841425+00:00,179208,4512077,3942219,
2026-09-20T08:20:56.872940+00:00,179209,4512102,3942166,
2026-09-20T08:20:56.888951+00:00,179210,4512127,3942152,
2026-09-20T08:20:56.920928+00:00,179211,4512153,3942163,
2026-09-20T08:20:56.936952+00:00,179212,4512178,3942556,
2026-09-20T08:20:56.968698+00:00,179213,4512203,3942853,
2026-09-20T08:20:57.000785+00:00,179214,4512228,3943184,
2026-09-20T08:20:57.036984+00:00,179215,4512253,3942789,
2026-09-20T08:20:57.048970+00:00,179216,4512279,3943102,
2026-09-20T08:20:57.064973+00:00,179217,4512304,3943275,
2026-09-20T08:20:57.097845+00:00,179218,4512329,3942853,
2026-09-20T08:20:57.128996+00:00,179219,4512354,3942736,
2026-09-20T08:20:57.145035+00:00,179220,4512379,3943394,
2026-09-20T08:20:57.178128+00:00,179221,4512404,3943665,
2026-09-20T08:20:57.193073+00:00,179222,4512430,3943524,
2026-09-20T08:20:57.224992+00:00,179223,4512455,3943714,
2026-09-20T08:20:57.241187+00:00,179224,4512480,3943537,
2026-09-20T08:20:57.273762+00:00,179225,4512505,3943495,
2026-09-20T08:20:57.304990+00:00,179226,4512530,3943364,
2026-09-20T08:20:57.321479+00:00,179227,4512555,3943332,
2026-09-20T08:20:57.352922+00:00,179228,4512581,3943198,
2026-09-20T08:20:57.368960+00:00,179229,4512606,3942520,
2026-09-20T08:20:57.403507+00:00,179230,4512631,3942262,
2026-09-20T08:20:57.417534+00:00,179231,4512656,3942466,
2026-09-20T08:20:57.453508+00:00,179232,4512681,3942091,
2026-09-20T08:20:57.483628+00:00,179233,4512707,3942124,
2026-09-20T08:20:57.496926+00:00,179234,4512732,3942413,
2026-09-20T08:20:57.528943+00:00,179235,4512757,3942413,
2026-09-20T08:20:57.544996+00:00,179236,4512782,3942530,
2026-09-20T08:20:57.576906+00:00,179237,4512807,3942291,
2026-09-20T08:20:57.592967+00:00,179238,4512832,3942584,
2026-09-20T08:20:57.634148+00:00,179239,4512858,3942439,
2026-09-20T08:20:57.658038+00:00,179240,4512883,3942414,
2026-09-20T08:20:57.673039+00:00,179241,4512908,3942486,
2026-09-20T08:20:57.705422+00:00,179242,4512933,3942593,
2026-09-20T08:20:57.720896+00:00,179243,4512958,3942572,
2026-09-20T08:20:57.752892+00:00,179244,4512983,3942967,
2026-09-20T08:20:57.789858+00:00,179245,4513009,3943055,
2026-09-20T08:20:57.801877+00:00,179246,4513034,3943087,
2026-09-20T08:20:57.837897+00:00,179247,4513059,3943658,
2026-09-20T08:20:57.848900+00:00,179248,4513084,3943314,
2026-09-20T08:20:57.880829+00:00,179249,4513109,3942949,
2026-09-20T08:20:57.896874+00:00,179250,4513135,3943388,
2026-09-20T08:20:57.929100+00:00,179251,4513160,3943157,
2026-09-20T08:20:57.944890+00:00,179252,4513185,3942972,
2026-09-20T08:20:57.976867+00:00,179253,4513210,3943150,
2026-09-20T08:20:58.009390+00:00,179254,4513235,3942967,
2026-09-20T08:20:58.024923+00:00,179255,4513260,3942459,
2026-09-20T08:20:58.056982+00:00,179256,4513286,3941898,
2026-09-20T08:20:58.073370+00:00,179257,4513311,3941331,
2026-09-20T08:20:58.104884+00:00,179258,4513336,3941177,
2026-09-20T08:20:58.120885+00:00,179259,4513361,3941657,
2026-09-20T08:20:58.152876+00:00,179260,4513386,3942044,
2026-09-20T08:20:58.184873+00:00,179261,4513411,3942058,
2026-09-20T08:20:58.200882+00:00,179262,4513437,3941863,
2026-09-20T08:20:58.232880+00:00,179263,4513462,3942189,
2026-09-20T08:20:58.248677+00:00,179264,4513487,3942341,
2026-09-20T08:20:58.280366+00:00,179265,4513512,3942880,
2026-09-20T08:20:58.296886+00:00,179266,4513537,3942663,
2026-09-20T08:20:58.328889+00:00,179267,4513563,3942793,
2026-09-20T08:20:58.360925+00:00,179268,4513588,3943262,
2026-09-20T08:20:58.376705+00:00,179269,4513613,3943271,
2026-09-20T08:20:58.408861+00:00,179270,4513638,3943183,
2026-09-20T08:20:58.424746+00:00,179271,4513663,3942740,
2026-09-20T08:20:58.456869+00:00,179272,4513688,3943067,
2026-09-20T08:20:58.472869+00:00,179273,4513714,3943330,
2026-09-20T08:20:58.504858+00:00,179274,4513739,3943264,
2026-09-20T08:20:58.537414+00:00,179275,4513764,3943465,
2026-09-20T08:20:58.552877+00:00,179276,4513789,3942997,
2026-09-20T08:20:58.584599+00:00,179277,4513814,3942626,
2026-09-20T08:20:58.602074+00:00,179278,4513839,3942721,
2026-09-20T08:20:58.632876+00:00,179279,4513865,3942254,
2026-09-20T08:20:58.648834+00:00,179280,4513890,3941955,
2026-09-20T08:20:58.681392+00:00,179281,4513915,3941981,
2026-09-20T08:20:58.712922+00:00,179282,4513940,3941527,
2026-09-20T08:20:58.728886+00:00,179283,4513965,3941326,
2026-09-20T08:20:58.760738+00:00,179284,4513991,3941772,
2026-09-20T08:20:58.776871+00:00,179285,4514016,3942022,
2026-09-20T08:20:58.808878+00:00,179286,4514041,3942338,
2026-09-20T08:20:58.824863+00:00,179287,4514066,3942723,
2026-09-20T08:20:58.856897+00:00,179288,4514091,3942484,
2026-09-20T08:20:58.888864+00:00,179289,4514116,3942794,
2026-09-20T08:20:58.904863+00:00,179290,4514142,3942882,
2026-09-20T08:20:58.936858+00:00,179291,4514167,3942909,
2026-09-20T08:20:58.952891+00:00,179292,4514192,3942765,
2026-09-20T08:20:58.984811+00:00,179293,4514217,3943052,
2026-09-20T08:20:59.016847+00:00,179294,4514242,3943035,
2026-09-20T08:20:59.033038+00:00,179295,4514267,3943251,
2026-09-20T08:20:59.064758+00:00,179296,4514293,3943527,
2026-09-20T08:20:59.080860+00:00,179297,4514318,3942935,
2026-09-20T08:20:59.112885+00:00,179298,4514343,3942730,
2026-09-20T08:20:59.128858+00:00,179299,4514368,3943188,
2026-09-20T08:20:59.160884+00:00,179300,4514393,3943758,
2026-09-20T08:20:59.192866+00:00,179301,4514419,3943521,
2026-09-20T08:20:59.208889+00:00,179302,4514444,3943321,
2026-09-20T08:20:59.240858+00:00,179303,4514469,3943133,
2026-09-20T08:20:59.256847+00:00,179304,4514494,3942638,
2026-09-20T08:20:59.288835+00:00,179305,4514519,3942789,
2026-09-20T08:20:59.304851+00:00,179306,4514544,3942443,
2026-09-20T08:20:59.336914+00:00,179307,4514570,3942053,
2026-09-20T08:20:59.368829+00:00,179308,4514595,3942226,
2026-09-20T08:20:59.384863+00:00,179309,4514620,3942364,
2026-09-20T08:20:59.416729+00:00,179310,4514645,3942221,
2026-09-20T08:20:59.432789+00:00,179311,4514670,3942221,
2026-09-20T08:20:59.464370+00:00,179312,4514695,3942138,
2026-09-20T08:20:59.480856+00:00,179313,4514721,3942632,
2026-09-20T08:20:59.512949+00:00,179314,4514746,3943196,
2026-09-20T08:20:59.544847+00:00,179315,4514771,3943516,
2026-09-20T08:20:59.560830+00:00,179316,4514796,3943146,
2026-09-20T08:20:59.592880+00:00,179317,4514821,3943050,
2026-09-20T08:20:59.608602+00:00,179318,4514846,3943170,
2026-09-20T08:20:59.640852+00:00,179319,4514872,3943318,
2026-09-20T08:20:59.656857+00:00,179320,4514897,3943624,
2026-09-20T08:20:59.688847+00:00,179321,4514922,3943834,
2026-09-20T08:20:59.721075+00:00,179322,4514947,3943474,
2026-09-20T08:20:59.736789+00:00,179323,4514972,3943144,
2026-09-20T08:20:59.768792+00:00,179324,4514998,3943304,
2026-09-20T08:20:59.784692+00:00,179325,4515023,3943279,
2026-09-20T08:20:59.816834+00:00,179326,4515048,3943728,
2026-09-20T08:20:59.832961+00:00,179327,4515073,3943726,
2026-09-20T08:20:59.864830+00:00,179328,4515098,3943354,
2026-09-20T08:20:59.896841+00:00,179329,4515123,3942931,
2026-09-20T08:20:59.922889+00:00,179330,4515149,3943046,
2026-09-20T08:20:59.945374+00:00,179331,4515174,3943269,
2026-09-20T08:20:59.960827+00:00,179332,4515199,3942925,
2026-09-20T08:20:59.992828+00:00,179333,4515224,3942348,
2026-09-20T08:21:00.008843+00:00,179334,4515249,3942503,
2026-09-20T08:21:00.040850+00:00,179335,4515274,3942161,
2026-09-20T08:21:00.072823+00:00,179336,4515300,3942242,
2026-09-20T08:21:00.088827+00:00,179337,4515325,3942384,
2026-09-20T08:21:00.120826+00:00,179338,4515350,3942332,
2026-09-20T08:21:00.136844+00:00,179339,4515375,3942488,
2026-09-20T08:21:00.168279+00:00,179340,4515400,3942503,
2026-09-20T08:21:00.184806+00:00,179341,4515426,3942719,
2026-09-20T08:21:00.216818+00:00,179342,4515451,3942823,
2026-09-20T08:21:00.248877+00:00,179343,4515476,3942645,
2026-09-20T08:21:00.264353+00:00,179344,4515501,3942598,
2026-09-20T08:21:00.296819+00:00,179345,4515526,3942733,
2026-09-20T08:21:00.313028+00:00,179346,4515551,3943279,
2026-09-20T08:21:00.344832+00:00,179347,4515577,3943159,
2026-09-20T08:21:00.360823+00:00,179348,4515602,3943387,
2026-09-20T08:21:00.392816+00:00,179349,4515627,3943874,
2026-09-20T08:21:00.424817+00:00,179350,4515652,3943524,
2026-09-20T08:21:00.440822+00:00,179351,4515677,3943224,
2026-09-20T08:21:00.472816+00:00,179352,4515702,3943508,
2026-09-20T08:21:00.489096+00:00,179353,4515728,3943436,
2026-09-20T08:21:00.520864+00:00,179354,4515753,3942813,
2026-09-20T08:21:00.536785+00:00,179355,4515778,3942851,
2026-09-20T08:21:00.569325+00:00,179356,4515803,3943226,
2026-09-20T08:21:00.601711+00:00,179357,4515828,3942227,
2026-09-20T08:21:00.616872+00:00,179358,4515853,3941927,
2026-09-20T08:21:00.649885+00:00,179359,4515879,3942219,
2026-09-20T08:21:00.665436+00:00,179360,4515904,3942198,
2026-09-20T08:21:00.697132+00:00,179361,4515929,3942264,
2026-09-20T08:21:00.713134+00:00,179362,4515954,3942298,
2026-09-20T08:21:00.766139+00:00,179363,4515979,3942408,
2026-09-20T08:21:00.770172+00:00,179364,4516005,3942723,
2026-09-20T08:21:00.793144+00:00,179365,4516030,3942817,
2026-09-20T08:21:00.825030+00:00,179366,4516055,3942863,
2026-09-20T08:21:00.840667+00:00,179367,4516080,3942735,
2026-09-20T08:21:00.872816+00:00,179368,4516105,3942597,
2026-09-20T08:21:00.888853+00:00,179369,4516130,3942631,
2026-09-20T08:21:00.924466+00:00,179370,4516156,3942879,
2026-09-20T08:21:00.953421+00:00,179371,4516181,3942993,
2026-09-20T08:21:00.968816+00:00,179372,4516206,3943061,
2026-09-20T08:21:01.000948+00:00,179373,4516231,3943062,
2026-09-20T08:21:01.016808+00:00,179374,4516256,3943073,
2026-09-20T08:21:01.057676+00:00,179375,4516281,3943483,
2026-09-20T08:21:01.085226+00:00,179376,4516307,3943621,
2026-09-20T08:21:01.098643+00:00,179377,4516332,3943647,
2026-09-20T08:21:01.128807+00:00,179378,4516357,3943547,
2026-09-20T08:21:01.145212+00:00,179379,4516382,3943315,
2026-09-20T08:21:01.176832+00:00,179380,4516407,3943117,
2026-09-20T08:21:01.192995+00:00,179381,4516433,3942626,
2026-09-20T08:21:01.224815+00:00,179382,4516458,3942078,
2026-09-20T08:21:01.262459+00:00,179383,4516483,3941656,
2026-09-20T08:21:01.272460+00:00,179384,4516508,3941887,
2026-09-20T08:21:01.304998+00:00,179385,4516533,3942226,
2026-09-20T08:21:01.320975+00:00,179386,4516558,3942221,
2026-09-20T08:21:01.366488+00:00,179387,4516584,3941838,
2026-09-20T08:21:01.376693+00:00,179388,4516609,3942208,
2026-09-20T08:21:01.401739+00:00,179389,4516634,3942842,
2026-09-20T08:21:01.435070+00:00,179390,4516659,3943056,
2026-09-20T08:21:01.449377+00:00,179391,4516684,3943164,
2026-09-20T08:21:01.481512+00:00,179392,4516709,3942693,
2026-09-20T08:21:01.496832+00:00,179393,4516735,3942332,
2026-09-20T08:21:01.528693+00:00,179394,4516760,3942575,
2026-09-20T08:21:01.558127+00:00,179395,4516785,3942680,
2026-09-20T08:21:01.580207+00:00,179396,4516810,3943213,
2026-09-20T08:21:01.608813+00:00,179397,4516835,3943172,
2026-09-20T08:21:01.624800+00:00,179398,4516861,3943200,
2026-09-20T08:21:01.656833+00:00,179399,4516886,3943172,
2026-09-20T08:21:01.680920+00:00,179400,4516911,3943356,
2026-09-20T08:21:01.709353+00:00,179401,4516936,3943151,
2026-09-20T08:21:01.721354+00:00,179402,4516961,3943438,
2026-09-20T08:21:01.752930+00:00,179403,4516986,3943751,
2026-09-20T08:21:01.785310+00:00,179404,4517012,3943298,
2026-09-20T08:21:01.801294+00:00,179405,4517037,3942641,
2026-09-20T08:21:01.850290+00:00,179406,4517062,3942148,
2026-09-20T08:21:01.878380+00:00,179407,4517087,3942331,
2026-09-20T08:21:01.884152+00:00,179408,4517112,3942646,
2026-09-20T08:21:01.909155+00:00,179409,4517137,3942560,
2026-09-20T08:21:01.928795+00:00,179410,4517163,3942048,
2026-09-20T08:21:01.960801+00:00,179411,4517188,3941818,
2026-09-20T08:21:01.979313+00:00,179412,4517213,3942492,
2026-09-20T08:21:02.088240+00:00,179413,4517238,3942651,
2026-09-20T08:21:02.094055+00:00,179414,4517263,3942594,
2026-09-20T08:21:02.095135+00:00,179415,4517288,3942790,
2026-09-20T08:21:02.096332+00:00,179416,4517314,3942153,
2026-09-20T08:21:02.108048+00:00,179417,4517339,3942745,
2026-09-20T08:21:02.137531+00:00,179418,4517364,3943372,
2026-09-20T08:21:02.301066+00:00,179419,4517389,3943181,
2026-09-20T08:21:02.347714+00:00,179420,4517414,3942720,
2026-09-20T08:21:02.352556+00:00,179421,4517440,3943064,
2026-09-20T08:21:02.352556+00:00,179422,4517465,3943189,
2026-09-20T08:21:02.354044+00:00,179423,4517490,3943100,
2026-09-20T08:21:02.355818+00:00,179424,4517515,3943228,
2026-09-20T08:21:02.357588+00:00,179425,4517540,3943652,
2026-09-20T08:21:02.360554+00:00,179426,4517565,3944012,
2026-09-20T08:21:02.362559+00:00,179427,4517591,3944165,
2026-09-20T08:21:02.379554+00:00,179428,4517616,3943376,
2026-09-20T08:21:02.410554+00:00,179429,4517641,3942689,
2026-09-20T08:21:02.429550+00:00,179430,4517666,3942818,
2026-09-20T08:21:02.485961+00:00,179431,4517691,3943179,
2026-09-20T08:21:02.500543+00:00,179432,4517716,3942861,
2026-09-20T08:21:02.502228+00:00,179433,4517742,3942594,
2026-09-20T08:21:02.538353+00:00,179434,4517767,3942332,
2026-09-20T08:21:02.554425+00:00,179435,4517792,3942300,
2026-09-20T08:21:02.587230+00:00,179436,4517817,3941936,
2026-09-20T08:21:02.607296+00:00,179437,4517842,3941814,
2026-09-20T08:21:02.636423+00:00,179438,4517867,3942186,
2026-09-20T08:21:02.652229+00:00,179439,4517893,3942376,
2026-09-20T08:21:02.711174+00:00,179440,4517918,3942665,
2026-09-20T08:21:02.711174+00:00,179441,4517943,3942794,
2026-09-20T08:21:02.742178+00:00,179442,4517968,3942473,
2026-09-20T08:21:02.757180+00:00,179443,4517993,3942528,
2026-09-20T08:21:02.790385+00:00,179444,4518019,3942638,
2026-09-20T08:21:02.806097+00:00,179445,4518044,3942444,
2026-09-20T08:21:02.838134+00:00,179446,4518069,3942586,
2026-09-20T08:21:02.869933+00:00,179447,4518094,3942889,
2026-09-20T08:21:02.899380+00:00,179448,4518119,3943280,
2026-09-20T08:21:02.918380+00:00,179449,4518144,3943507,
2026-09-20T08:21:02.934382+00:00,179450,4518170,3943534,
2026-09-20T08:21:02.965410+00:00,179451,4518195,3943562,
2026-09-20T08:21:02.981328+00:00,179452,4518220,3943403,
2026-09-20T08:21:03.013770+00:00,179453,4518245,3943496,
2026-09-20T08:21:03.029781+00:00,179454,4518270,3943530,
2026-09-20T08:21:03.061791+00:00,179455,4518295,3942955,
2026-09-20T08:21:03.093388+00:00,179456,4518321,3942759,
2026-09-20T08:21:03.110216+00:00,179457,4518346,3942839,
2026-09-20T08:21:03.141746+00:00,179458,4518371,3942411,
2026-09-20T08:21:03.157801+00:00,179459,4518396,3942272,
2026-09-20T08:21:03.189801+00:00,179460,4518421,3942237,
2026-09-20T08:21:03.205802+00:00,179461,4518446,3941806,
2026-09-20T08:21:03.238032+00:00,179462,4518472,3941958,
2026-09-20T08:21:03.270037+00:00,179463,4518497,3942436,
2026-09-20T08:21:03.286061+00:00,179464,4518522,3942544,
2026-09-20T08:21:03.317399+00:00,179465,4518547,3942656,
2026-09-20T08:21:03.333399+00:00,179466,4518572,3942344,
2026-09-20T08:21:03.365459+00:00,179467,4518597,3942376,
2026-09-20T08:21:03.381856+00:00,179468,4518623,3943219,
2026-09-20T08:21:03.413721+00:00,179469,4518648,3943268,
2026-09-20T08:21:03.445736+00:00,179470,4518673,3942799,
2026-09-20T08:21:03.461700+00:00,179471,4518698,3942564,
2026-09-20T08:21:03.493735+00:00,179472,4518723,3942951,
2026-09-20T08:21:03.509710+00:00,179473,4518749,3942716,
2026-09-20T08:21:03.541721+00:00,179474,4518774,3942923,
2026-09-20T08:21:03.557751+00:00,179475,4518799,3943189,
2026-09-20T08:21:03.593045+00:00,179476,4518824,3943236,
2026-09-20T08:21:03.621619+00:00,179477,4518849,3943589,
2026-09-20T08:21:03.637642+00:00,179478,4518874,3943558,
2026-09-20T08:21:03.669807+00:00,179479,4518900,3943689,
2026-09-20T08:21:03.685656+00:00,179480,4518925,3943235,
2026-09-20T08:21:03.717724+00:00,179481,4518950,3943070,
2026-09-20T08:21:03.733725+00:00,179482,4518975,3942718,
2026-09-20T08:21:03.765269+00:00,179483,4519000,3942545,
2026-09-20T08:21:03.797697+00:00,179484,4519025,3942329,
2026-09-20T08:21:03.813736+00:00,179485,4519051,3942251,
2026-09-20T08:21:03.845496+00:00,179486,4519076,3942209,
2026-09-20T08:21:03.861770+00:00,179487,4519101,3942383,
2026-09-20T08:21:03.893724+00:00,179488,4519126,3941777,
2026-09-20T08:21:03.910074+00:00,179489,4519151,3941955,
2026-09-20T08:21:03.966253+00:00,179490,4519177,3942521,
2026-09-20T08:21:03.968612+00:00,179491,4519202,3942734,
2026-09-20T08:21:04.005372+00:00,179492,4519227,3942509,
2026-09-20T08:21:04.022888+00:00,179493,4519252,3942415,
2026-09-20T08:21:04.040880+00:00,179494,4519277,3942751,
2026-09-20T08:21:04.070896+00:00,179495,4519302,3943543,
2026-09-20T08:21:04.086986+00:00,179496,4519328,3943528,
2026-09-20T08:21:04.119045+00:00,179497,4519353,3942959,
2026-09-20T08:21:04.151737+00:00,179498,4519378,3942928,
2026-09-20T08:21:04.169244+00:00,179499,4519403,3943330,
2026-09-20T08:21:04.223341+00:00,179500,4519428,3943744,
2026-09-20T08:21:04.238200+00:00,179501,4519453,3943842,
2026-09-20T08:21:04.247545+00:00,179502,4519479,3944098,
2026-09-20T08:21:04.276174+00:00,179503,4519504,3943608,
2026-09-20T08:21:04.295181+00:00,179504,4519529,3943345,
2026-09-20T08:21:04.378796+00:00,179505,4519554,3943322,
2026-09-20T08:21:04.393385+00:00,179506,4519579,3942937,
2026-09-20T08:21:04.393385+00:00,179507,4519604,3942964,
2026-09-20T08:21:04.398339+00:00,179508,4519630,3943113,
2026-09-20T08:21:04.415720+00:00,179509,4519655,3942930,
2026-09-20T08:21:04.447891+00:00,179510,4519680,3942642,
2026-09-20T08:21:04.463722+00:00,179511,4519705,3942210,
2026-09-20T08:21:04.568623+00:00,179512,4519730,3941643,
2026-09-20T08:21:04.609837+00:00,179513,4519756,3942197,
2026-09-20T08:21:04.610871+00:00,179514,4519781,3942544,
2026-09-20T08:21:04.612802+00:00,179515,4519806,3942723,
2026-09-20T08:21:04.620801+00:00,179516,4519831,3942463,
2026-09-20T08:21:04.627721+00:00,179517,4519856,3942947,
2026-09-20T08:21:04.644798+00:00,179518,4519881,3942898,
2026-09-20T08:21:04.675851+00:00,179519,4519907,3942968,
2026-09-20T08:21:04.691724+00:00,179520,4519932,3943150,
2026-09-20T08:21:04.764891+00:00,179521,4519957,3943399,
2026-09-20T08:21:04.773749+00:00,179522,4519982,3943056,
2026-09-20T08:21:04.773749+00:00,179523,4520007,3942962,
2026-09-20T08:21:04.797757+00:00,179524,4520032,3943061,
2026-09-20T08:21:04.830982+00:00,179525,4520058,3943689,
2026-09-20T08:21:04.845703+00:00,179526,4520083,3943555,
2026-09-20T08:21:04.877720+00:00,179527,4520108,3943435,
2026-09-20T08:21:04.894761+00:00,179528,4520133,3943224,
2026-09-20T08:21:04.948925+00:00,179529,4520158,3943214,
2026-09-20T08:21:04.956916+00:00,179530,4520183,3943250,
2026-09-20T08:21:04.974920+00:00,179531,4520209,3943455,
2026-09-20T08:21:05.006928+00:00,179532,4520234,3943252,
2026-09-20T08:21:05.022695+00:00,179533,4520259,3942616,
2026-09-20T08:21:05.054763+00:00,179534,4520284,3942379,
2026-09-20T08:21:05.074956+00:00,179535,4520309,3942153,
2026-09-20T08:21:05.105768+00:00,179536,4520335,3941667,
2026-09-20T08:21:05.129842+00:00,179537,4520360,3941846,
2026-09-20T08:21:05.150680+00:00,179538,4520385,3942612,
2026-09-20T08:21:05.182718+00:00,179539,4520410,3942782,
2026-09-20T08:21:05.198888+00:00,179540,4520435,3942919,
2026-09-20T08:21:05.231751+00:00,179541,4520460,3942735,
2026-09-20T08:21:05.290289+00:00,179542,4520486,3942508,
2026-09-20T08:21:05.292319+00:00,179543,4520511,3942662,
2026-09-20T08:21:05.308696+00:00,179544,4520536,3942724,
2026-09-20T08:21:05.320706+00:00,179545,4520561,3943007,
2026-09-20T08:21:05.352690+00:00,179546,4520586,3943077,
2026-09-20T08:21:05.426103+00:00,179547,4520611,3942776,
2026-09-20T08:21:05.430108+00:00,179548,4520637,3943120,
2026-09-20T08:21:05.430108+00:00,179549,4520662,3943262,
2026-09-20T08:21:05.459696+00:00,179550,4520687,3943821,
2026-09-20T08:21:05.475332+00:00,179551,4520712,3943831,
2026-09-20T08:21:05.507717+00:00,179552,4520737,3943412,
2026-09-20T08:21:05.523700+00:00,179553,4520762,3943693,
2026-09-20T08:21:05.593380+00:00,179554,4520788,3943598,
2026-09-20T08:21:05.595501+00:00,179555,4520813,3943657,
2026-09-20T08:21:05.605312+00:00,179556,4520838,3943742,
2026-09-20T08:21:05.638727+00:00,179557,4520863,3943354,
2026-09-20T08:21:05.657714+00:00,179558,4520888,3942731,
2026-09-20T08:21:05.673702+00:00,179559,4520914,3942821,
2026-09-20T08:21:05.747256+00:00,179560,4520939,3942415,
2026-09-20T08:21:05.748419+00:00,179561,4520964,3942287,
2026-09-20T08:21:05.749258+00:00,179562,4520989,3942349,
2026-09-20T08:21:05.779261+00:00,179563,4521014,3942338,
2026-09-20T08:21:05.811727+00:00,179564,4521039,3942204,
2026-09-20T08:21:05.829019+00:00,179565,4521065,3942088,
2026-09-20T08:21:05.859798+00:00,179566,4521090,3942115,
2026-09-20T08:21:05.894936+00:00,179567,4521115,3942609,
2026-09-20T08:21:05.918081+00:00,179568,4521140,3942113,
2026-09-20T08:21:05.924136+00:00,179569,4521165,3942310,
2026-09-20T08:21:05.955705+00:00,179570,4521190,3943143,
2026-09-20T08:21:05.988740+00:00,179571,4521216,3942497,
2026-09-20T08:21:06.004849+00:00,179572,4521241,3942527,
2026-09-20T08:21:06.035693+00:00,179573,4521266,3942870,
2026-09-20T08:21:06.051838+00:00,179574,4521291,3942699,
2026-09-20T08:21:06.083693+00:00,179575,4521316,3942869,
2026-09-20T08:21:06.099872+00:00,179576,4521341,3942993,
2026-09-20T08:21:06.131716+00:00,179577,4521367,3943098,
2026-09-20T08:21:06.163627+00:00,179578,4521392,3943462,
2026-09-20T08:21:06.179676+00:00,179579,4521417,3943909,
2026-09-20T08:21:06.211686+00:00,179580,4521442,3943720,
2026-09-20T08:21:06.227741+00:00,179581,4521467,3943498,
2026-09-20T08:21:06.259690+00:00,179582,4521493,3943197,
2026-09-20T08:21:06.275670+00:00,179583,4521518,3942616,
2026-09-20T08:21:06.307733+00:00,179584,4521543,3942650,
2026-09-20T08:21:06.339659+00:00,179585,4521568,3942801,
2026-09-20T08:21:06.355667+00:00,179586,4521593,3942542,
2026-09-20T08:21:06.387687+00:00,179587,4521618,3942046,
2026-09-20T08:21:06.421058+00:00,179588,4521644,3941788,
2026-09-20T08:21:06.436057+00:00,179589,4521669,3941935,
2026-09-20T08:21:06.454060+00:00,179590,4521694,3942178,
2026-09-20T08:21:06.484058+00:00,179591,4521719,3942583,
2026-09-20T08:21:06.515730+00:00,179592,4521744,3942582,
2026-09-20T08:21:06.531604+00:00,179593,4521769,3942988,
2026-09-20T08:21:06.584907+00:00,179594,4521795,3942996,
2026-09-20T08:21:06.585830+00:00,179595,4521820,3942940,
2026-09-20T08:21:06.611655+00:00,179596,4521845,3943024,
2026-09-20T08:21:06.627666+00:00,179597,4521870,3942704,
2026-09-20T08:21:06.659680+00:00,179598,4521895,3942757,
2026-09-20T08:21:06.727966+00:00,179599,4521921,3942785,
2026-09-20T08:21:06.732221+00:00,179600,4521946,3942899,
2026-09-20T08:21:06.733904+00:00,179601,4521971,3943388,
2026-09-20T08:21:06.758934+00:00,179602,4521996,3943406,
2026-09-20T08:21:06.790681+00:00,179603,4522021,3943272,
2026-09-20T08:21:06.806676+00:00,179604,4522046,3942959,
2026-09-20T08:21:06.838713+00:00,179605,4522072,3943370,
2026-09-20T08:21:06.887367+00:00,179606,4522097,3943727,
2026-09-20T08:21:06.893364+00:00,179607,4522122,3943492,
2026-09-20T08:21:06.918715+00:00,179608,4522147,3943323,
2026-09-20T08:21:06.934906+00:00,179609,4522172,3942679,
2026-09-20T08:21:06.966665+00:00,179610,4522197,3942337,
2026-09-20T08:21:07.022938+00:00,179611,4522223,3942417,
2026-09-20T08:21:07.023945+00:00,179612,4522248,3942355,
2026-09-20T08:21:07.040002+00:00,179613,4522273,3941702,
2026-09-20T08:21:07.055644+00:00,179614,4522298,3941911,
2026-09-20T08:21:07.087648+00:00,179615,4522323,3942168,
2026-09-20T08:21:07.146655+00:00,179616,4522348,3942326,
2026-09-20T08:21:07.149657+00:00,179617,4522374,3942288,
2026-09-20T08:21:07.161646+00:00,179618,4522399,3942799,
2026-09-20T08:21:07.192668+00:00,179619,4522424,3943155,
2026-09-20T08:21:07.208659+00:00,179620,4522449,3942339,
2026-09-20T08:21:07.240652+00:00,179621,4522474,3942357,
2026-09-20T08:21:07.272636+00:00,179622,4522500,3941997,
2026-09-20T08:21:07.288633+00:00,179623,4522525,3942706,
2026-09-20T08:21:07.320654+00:00,179624,4522550,3943275,
2026-09-20T08:21:07.336647+00:00,179625,4522575,3943389,
2026-09-20T08:21:07.368643+00:00,179626,4522600,3943062,
2026-09-20T08:21:07.384642+00:00,179627,4522625,3943083,
2026-09-20T08:21:07.416418+00:00,179628,4522651,3943261,
2026-09-20T08:21:07.448760+00:00,179629,4522676,3942908,
2026-09-20T08:21:07.464467+00:00,179630,4522701,3943275,
2026-09-20T08:21:07.496681+00:00,179631,4522726,3943940,
2026-09-20T08:21:07.512660+00:00,179632,4522751,3943837,
2026-09-20T08:21:07.544641+00:00,179633,4522776,3943054,
2026-09-20T08:21:07.560672+00:00,179634,4522802,3942413,
2026-09-20T08:21:07.593675+00:00,179635,4522827,3942669,
2026-09-20T08:21:07.624627+00:00,179636,4522852,3942917,
2026-09-20T08:21:07.640640+00:00,179637,4522877,3942466,
2026-09-20T08:21:07.672645+00:00,179638,4522902,3941896,
2026-09-20T08:21:07.688630+00:00,179639,4522927,3942013,
2026-09-20T08:21:07.720638+00:00,179640,4522953,3942357,
2026-09-20T08:21:07.736654+00:00,179641,4522978,3942310,
2026-09-20T08:21:07.768644+00:00,179642,4523003,3942258,
2026-09-20T08:21:07.800644+00:00,179643,4523028,3942010,
2026-09-20T08:21:07.816633+00:00,179644,4523053,3942144,
2026-09-20T08:21:07.848909+00:00,179645,4523079,3942779,
2026-09-20T08:21:07.864911+00:00,179646,4523104,3942890,
2026-09-20T08:21:07.897742+00:00,179647,4523129,3942804,
2026-09-20T08:21:07.912662+00:00,179648,4523154,3943151,
2026-09-20T08:21:07.944633+00:00,179649,4523179,3943195,
2026-09-20T08:21:07.976676+00:00,179650,4523204,3942844,
2026-09-20T08:21:07.992450+00:00,179651,4523230,3942945,
2026-09-20T08:21:08.024630+00:00,179652,4523255,3943157,
2026-09-20T08:21:08.041058+00:00,179653,4523280,3943308,
2026-09-20T08:21:08.072651+00:00,179654,4523305,3943401,
2026-09-20T08:21:08.088627+00:00,179655,4523330,3943739,
2026-09-20T08:21:08.120656+00:00,179656,4523355,3943853,
2026-09-20T08:21:08.152632+00:00,179657,4523381,3943699,
2026-09-20T08:21:08.168633+00:00,179658,4523406,3942990,
2026-09-20T08:21:08.200685+00:00,179659,4523431,3942701,
2026-09-20T08:21:08.216649+00:00,179660,4523456,3942910,
2026-09-20T08:21:08.248730+00:00,179661,4523481,3943055,
2026-09-20T08:21:08.264371+00:00,179662,4523506,3942319,
2026-09-20T08:21:08.296625+00:00,179663,4523532,3942321,
2026-09-20T08:21:08.328622+00:00,179664,4523557,3942138,
2026-09-20T08:21:08.344642+00:00,179665,4523582,3942308,
2026-09-20T08:21:08.376615+00:00,179666,4523607,3942312,
2026-09-20T08:21:08.392653+00:00,179667,4523632,3942538,
2026-09-20T08:21:08.424682+00:00,179668,4523658,3942663,
2026-09-20T08:21:08.442254+00:00,179669,4523683,3942692,
2026-09-20T08:21:08.473658+00:00,179670,4523708,3942747,
2026-09-20T08:21:08.504680+00:00,179671,4523733,3942463,
2026-09-20T08:21:08.520357+00:00,179672,4523758,3942773,
2026-09-20T08:21:08.552637+00:00,179673,4523783,3942721,
2026-09-20T08:21:08.569684+00:00,179674,4523809,3942711,
2026-09-20T08:21:08.601830+00:00,179675,4523834,3942780,
2026-09-20T08:21:08.617609+00:00,179676,4523859,3942796,
2026-09-20T08:21:08.648750+00:00,179677,4523884,3943309,
2026-09-20T08:21:08.680613+00:00,179678,4523909,3943817,
2026-09-20T08:21:08.696613+00:00,179679,4523934,3944073,
2026-09-20T08:21:08.728695+00:00,179680,4523960,3943877,
2026-09-20T08:21:08.744633+00:00,179681,4523985,3943720,
2026-09-20T08:21:08.776628+00:00,179682,4524010,3943896,
2026-09-20T08:21:08.792627+00:00,179683,4524035,3943120,
2026-09-20T08:21:08.824640+00:00,179684,4524060,3942517,
2026-09-20T08:21:08.856603+00:00,179685,4524085,3942707,
2026-09-20T08:21:08.873637+00:00,179686,4524111,3942646,
2026-09-20T08:21:08.904607+00:00,179687,4524136,3942396,
2026-09-20T08:21:08.920632+00:00,179688,4524161,3942588,
2026-09-20T08:21:08.952611+00:00,179689,4524186,3942268,
2026-09-20T08:21:08.968603+00:00,179690,4524211,3941966,
2026-09-20T08:21:09.000981+00:00,179691,4524237,3941834,
2026-09-20T08:21:09.032614+00:00,179692,4524262,3942184,
2026-09-20T08:21:09.048771+00:00,179693,4524287,3942177,
2026-09-20T08:21:09.080695+00:00,179694,4524312,3942074,
2026-09-20T08:21:09.096587+00:00,179695,4524337,3941994,
2026-09-20T08:21:09.128588+00:00,179696,4524362,3942402,
2026-09-20T08:21:09.160595+00:00,179697,4524388,3942603,
2026-09-20T08:21:09.176596+00:00,179698,4524413,3942514,
2026-09-20T08:21:09.208630+00:00,179699,4524438,3942936,
2026-09-20T08:21:09.224606+00:00,179700,4524463,3942676,
2026-09-20T08:21:09.256898+00:00,179701,4524488,3942958,
2026-09-20T08:21:09.272896+00:00,179702,4524513,3943183,
2026-09-20T08:21:09.304644+00:00,179703,4524539,3943362,
2026-09-20T08:21:09.336587+00:00,179704,4524564,3943672,
2026-09-20T08:21:09.352600+00:00,179705,4524589,3943872,
2026-09-20T08:21:09.384587+00:00,179706,4524614,3943300,
2026-09-20T08:21:09.400718+00:00,179707,4524639,3943558,
2026-09-20T08:21:09.432602+00:00,179708,4524664,3943566,
2026-09-20T08:21:09.448753+00:00,179709,4524690,3942933,
2026-09-20T08:21:09.480624+00:00,179710,4524715,3943040,
2026-09-20T08:21:09.512570+00:00,179711,4524740,3943297,
2026-09-20T08:21:09.529699+00:00,179712,4524765,3942595,
2026-09-20T08:21:09.560602+00:00,179713,4524790,3942172,
2026-09-20T08:21:09.576600+00:00,179714,4524815,3942070,
2026-09-20T08:21:09.608608+00:00,179715,4524841,3942211,
2026-09-20T08:21:09.624619+00:00,179716,4524866,3942168,
2026-09-20T08:21:09.656585+00:00,179717,4524891,3942249,
2026-09-20T08:21:09.688593+00:00,179718,4524916,3942625,
2026-09-20T08:21:09.704586+00:00,179719,4524941,3942967,
2026-09-20T08:21:09.736625+00:00,179720,4524967,3942671,
2026-09-20T08:21:09.752883+00:00,179721,4524992,3942667,
2026-09-20T08:21:09.784603+00:00,179722,4525017,3942719,
2026-09-20T08:21:09.801712+00:00,179723,4525042,3942616,
2026-09-20T08:21:09.832585+00:00,179724,4525067,3942557,
2026-09-20T08:21:09.864374+00:00,179725,4525092,3942628,
2026-09-20T08:21:09.880477+00:00,179726,4525118,3942913,
2026-09-20T08:21:09.912595+00:00,179727,4525143,3943532,
2026-09-20T08:21:09.928628+00:00,179728,4525168,3943497,
2026-09-20T08:21:09.960581+00:00,179729,4525193,3944005,
2026-09-20T08:21:09.976610+00:00,179730,4525218,3943408,
2026-09-20T08:21:10.008569+00:00,179731,4525243,3942814,
2026-09-20T08:21:10.040585+00:00,179732,4525269,3943088,
2026-09-20T08:21:10.056589+00:00,179733,4525294,3943449,
2026-09-20T08:21:10.088583+00:00,179734,4525319,3943642,
2026-09-20T08:21:10.104449+00:00,179735,4525344,3943093,
2026-09-20T08:21:10.136595+00:00,179736,4525369,3943157,
2026-09-20T08:21:10.152577+00:00,179737,4525395,3942808,
2026-09-20T08:21:10.185081+00:00,179738,4525420,3942201,
2026-09-20T08:21:10.216572+00:00,179739,4525445,3942169,
2026-09-20T08:21:10.233080+00:00,179740,4525470,3942195,
2026-09-20T08:21:10.264590+00:00,179741,4525495,3942594,
2026-09-20T08:21:10.280893+00:00,179742,4525520,3943046,
2026-09-20T08:21:10.312635+00:00,179743,4525546,3942925,
2026-09-20T08:21:10.328582+00:00,179744,4525571,3942774,
2026-09-20T08:21:10.360589+00:00,179745,4525596,3942777,
2026-09-20T08:21:10.392568+00:00,179746,4525621,3942697,
2026-09-20T08:21:10.408572+00:00,179747,4525646,3942580,
2026-09-20T08:21:10.440606+00:00,179748,4525671,3942516,
2026-09-20T08:21:10.456586+00:00,179749,4525697,3942957,
2026-09-20T08:21:10.488591+00:00,179750,4525722,3943206,
2026-09-20T08:21:10.504736+00:00,179751,4525747,3942574,
2026-09-20T08:21:10.536700+00:00,179752,4525772,3942136,
2026-09-20T08:21:10.568573+00:00,179753,4525797,3942550,
2026-09-20T08:21:10.584559+00:00,179754,4525822,3942805,
2026-09-20T08:21:10.616556+00:00,179755,4525848,3943148,
2026-09-20T08:21:10.632398+00:00,179756,4525873,3943067,
2026-09-20T08:21:10.664884+00:00,179757,4525898,3942949,
2026-09-20T08:21:10.680555+00:00,179758,4525923,3943026,
2026-09-20T08:21:10.712567+00:00,179759,4525948,3943668,
2026-09-20T08:21:10.744567+00:00,179760,4525974,3943822,
2026-09-20T08:21:10.760561+00:00,179761,4525999,3943535,
2026-09-20T08:21:10.792554+00:00,179762,4526024,3943091,
2026-09-20T08:21:10.808585+00:00,179763,4526049,3942542,
2026-09-20T08:21:10.840553+00:00,179764,4526074,3942483,
2026-09-20T08:21:10.856547+00:00,179765,4526099,3942310,
2026-09-20T08:21:10.888549+00:00,179766,4526125,3942387,
2026-09-20T08:21:10.920571+00:00,179767,4526150,3942252,
2026-09-20T08:21:10.936588+00:00,179768,4526175,3942324,
2026-09-20T08:21:10.968600+00:00,179769,4526200,3942234,
2026-09-20T08:21:10.984560+00:00,179770,4526225,3942413,
2026-09-20T08:21:11.016543+00:00,179771,4526250,3942260,
2026-09-20T08:21:11.031553+00:00,179772,4526276,3941967,
2026-09-20T08:21:11.064499+00:00,179773,4526301,3942431,
2026-09-20T08:21:11.097174+00:00,179774,4526326,3942888,
2026-09-20T08:21:11.098386+00:00,179775,4526351,3942947,
2026-09-20T08:21:11.132586+00:00,179776,4526376,3943102,
2026-09-20T08:21:11.149147+00:00,179777,4526401,3943278,
2026-09-20T08:21:11.192590+00:00,179778,4526427,3943470,
2026-09-20T08:21:11.208553+00:00,179779,4526452,3943152,
2026-09-20T08:21:11.233238+00:00,179780,4526477,3942741,
2026-09-20T08:21:11.272545+00:00,179781,4526502,3943052,
2026-09-20T08:21:11.281932+00:00,179782,4526527,3943411,
2026-09-20T08:21:11.314757+00:00,179783,4526552,3943296,
2026-09-20T08:21:11.336578+00:00,179784,4526578,3943542,
2026-09-20T08:21:11.365122+00:00,179785,4526603,3944072,
2026-09-20T08:21:11.400550+00:00,179786,4526628,3943754,
2026-09-20T08:21:11.416313+00:00,179787,4526653,3943578,
2026-09-20T08:21:11.449040+00:00,179788,4526678,3942927,
2026-09-20T08:21:11.465018+00:00,179789,4526704,3942931,
2026-09-20T08:21:11.496531+00:00,179790,4526729,3942479,
2026-09-20T08:21:11.512538+00:00,179791,4526754,3941959,
2026-09-20T08:21:11.544639+00:00,179792,4526779,3942101,
2026-09-20T08:21:11.576538+00:00,179793,4526804,3941983,
2026-09-20T08:21:11.592538+00:00,179794,4526829,3942329,
2026-09-20T08:21:11.624539+00:00,179795,4526855,3941877,
2026-09-20T08:21:11.643257+00:00,179796,4526880,3942183,
2026-09-20T08:21:11.673082+00:00,179797,4526905,3942630,
2026-09-20T08:21:11.688533+00:00,179798,4526930,3942780,
2026-09-20T08:21:11.720535+00:00,179799,4526955,3943172,
2026-09-20T08:21:11.753119+00:00,179800,4526980,3942984,
2026-09-20T08:21:11.769020+00:00,179801,4527006,3942780,
2026-09-20T08:21:11.800536+00:00,179802,4527031,3942970,
2026-09-20T08:21:11.816251+00:00,179803,4527056,3942838,
2026-09-20T08:21:11.850690+00:00,179804,4527081,3942447,
2026-09-20T08:21:11.865432+00:00,179805,4527106,3943150,
2026-09-20T08:21:11.896549+00:00,179806,4527131,3943540,
2026-09-20T08:21:11.928653+00:00,179807,4527157,3943263,
2026-09-20T08:21:11.944523+00:00,179808,4527182,3943233,
2026-09-20T08:21:11.976534+00:00,179809,4527207,3943237,
2026-09-20T08:21:11.992531+00:00,179810,4527232,3943551,
2026-09-20T08:21:12.027548+00:00,179811,4527257,3943998,
2026-09-20T08:21:12.070547+00:00,179812,4527283,3943621,
2026-09-20T08:21:12.075547+00:00,179813,4527308,3943425,
2026-09-20T08:21:12.104547+00:00,179814,4527333,3942770,
2026-09-20T08:21:12.120523+00:00,179815,4527358,3942117,
2026-09-20T08:21:12.152549+00:00,179816,4527383,3942392,
2026-09-20T08:21:12.168511+00:00,179817,4527408,3942156,
2026-09-20T08:21:12.200533+00:00,179818,4527434,3942174,
2026-09-20T08:21:12.216545+00:00,179819,4527459,3941864,
2026-09-20T08:21:12.248570+00:00,179820,4527484,3942133,
2026-09-20T08:21:12.280502+00:00,179821,4527509,3941864,
2026-09-20T08:21:12.296515+00:00,179822,4527534,3941749,
2026-09-20T08:21:12.328550+00:00,179823,4527559,3942100,
2026-09-20T08:21:12.344533+00:00,179824,4527585,3942583,
2026-09-20T08:21:12.376525+00:00,179825,4527610,3942999,
2026-09-20T08:21:12.392516+00:00,179826,4527635,3942501,
2026-09-20T08:21:12.424572+00:00,179827,4527660,3942633,
2026-09-20T08:21:12.456511+00:00,179828,4527685,3942902,
2026-09-20T08:21:12.473558+00:00,179829,4527710,3942775,
2026-09-20T08:21:12.504586+00:00,179830,4527736,3942796,
2026-09-20T08:21:12.520536+00:00,179831,4527761,3942599,
2026-09-20T08:21:12.552504+00:00,179832,4527786,3943207,
2026-09-20T08:21:12.568492+00:00,179833,4527811,3943706,
2026-09-20T08:21:12.600488+00:00,179834,4527836,3943818,
2026-09-20T08:21:12.632588+00:00,179835,4527862,3943306,
2026-09-20T08:21:12.648748+00:00,179836,4527887,3943165,
2026-09-20T08:21:12.683106+00:00,179837,4527912,3943490,
2026-09-20T08:21:12.700072+00:00,179838,4527937,3943439,
2026-09-20T08:21:12.731987+00:00,179839,4527962,3942736,
2026-09-20T08:21:12.745898+00:00,179840,4527987,3941880,
2026-09-20T08:21:12.779900+00:00,179841,4528013,3942197,
2026-09-20T08:21:12.808514+00:00,179842,4528038,3942039,
2026-09-20T08:21:12.824534+00:00,179843,4528063,3941662,
2026-09-20T08:21:12.856512+00:00,179844,4528088,3941685,
2026-09-20T08:21:12.872507+00:00,179845,4528113,3941517,
2026-09-20T08:21:12.904499+00:00,179846,4528138,3941837,
2026-09-20T08:21:12.920021+00:00,179847,4528164,3942244,
2026-09-20T08:21:12.952497+00:00,179848,4528189,3942156,
2026-09-20T08:21:12.984522+00:00,179849,4528214,3942027,
2026-09-20T08:21:13.000480+00:00,179850,4528239,3942222,
2026-09-20T08:21:13.032538+00:00,179851,4528264,3942412,
2026-09-20T08:21:13.048405+00:00,179852,4528289,3942247,
2026-09-20T08:21:13.080378+00:00,179853,4528315,3942936,
2026-09-20T08:21:13.096496+00:00,179854,4528340,3943116,
2026-09-20T08:21:13.128491+00:00,179855,4528365,3943014,
2026-09-20T08:21:13.160511+00:00,179856,4528390,3943016,
2026-09-20T08:21:13.176918+00:00,179857,4528415,3943059,
2026-09-20T08:21:13.208494+00:00,179858,4528441,3943217,
2026-09-20T08:21:13.224513+00:00,179859,4528466,3943231,
2026-09-20T08:21:13.256510+00:00,179860,4528491,3943167,
2026-09-20T08:21:13.272567+00:00,179861,4528516,3943282,
2026-09-20T08:21:13.304497+00:00,179862,4528541,3943717,
2026-09-20T08:21:13.336524+00:00,179863,4528566,3943603,
2026-09-20T08:21:13.352581+00:00,179864,4528592,3942825,
2026-09-20T08:21:13.384493+00:00,179865,4528617,3942713,
2026-09-20T08:21:13.400481+00:00,179866,4528642,3942555,
2026-09-20T08:21:13.432184+00:00,179867,4528667,3941810,
2026-09-20T08:21:13.464394+00:00,179868,4528692,3941781,
2026-09-20T08:21:13.480494+00:00,179869,4528717,3941698,
2026-09-20T08:21:13.512486+00:00,179870,4528743,3941568,
2026-09-20T08:21:13.528518+00:00,179871,4528768,3942046,
2026-09-20T08:21:13.560489+00:00,179872,4528793,3942167,
2026-09-20T08:21:13.576502+00:00,179873,4528818,3942429,
2026-09-20T08:21:13.608511+00:00,179874,4528843,3942666,
2026-09-20T08:21:13.640640+00:00,179875,4528868,3942943,
2026-09-20T08:21:13.656486+00:00,179876,4528894,3943190,
2026-09-20T08:21:13.688495+00:00,179877,4528919,3943166,
2026-09-20T08:21:13.704490+00:00,179878,4528944,3943002,
2026-09-20T08:21:13.736472+00:00,179879,4528969,3942442,
2026-09-20T08:21:13.752501+00:00,179880,4528994,3942585,
2026-09-20T08:21:13.784481+00:00,179881,4529019,3943281,
2026-09-20T08:21:13.816603+00:00,179882,4529045,3943088,
2026-09-20T08:21:13.832473+00:00,179883,4529070,3943074,
2026-09-20T08:21:13.864477+00:00,179884,4529095,3942806,
2026-09-20T08:21:13.880478+00:00,179885,4529120,3943075,
2026-09-20T08:21:13.912527+00:00,179886,4529145,3943668,
2026-09-20T08:21:13.928482+00:00,179887,4529171,3943309,
2026-09-20T08:21:13.960490+00:00,179888,4529196,3943387,
2026-09-20T08:21:13.992487+00:00,179889,4529221,3943112,
2026-09-20T08:21:14.008463+00:00,179890,4529246,3942888,
2026-09-20T08:21:14.040410+00:00,179891,4529271,3942979,
2026-09-20T08:21:14.056442+00:00,179892,4529296,3942540,
2026-09-20T08:21:14.088481+00:00,179893,4529322,3942102,
2026-09-20T08:21:14.104560+00:00,179894,4529347,3942020,
2026-09-20T08:21:14.136517+00:00,179895,4529372,3941817,
2026-09-20T08:21:14.168464+00:00,179896,4529397,3942225,
2026-09-20T08:21:14.185511+00:00,179897,4529422,3942328,
2026-09-20T08:21:14.216474+00:00,179898,4529447,3942088,
2026-09-20T08:21:14.232875+00:00,179899,4529473,3942185,
2026-09-20T08:21:14.264942+00:00,179900,4529498,3942843,
2026-09-20T08:21:14.280946+00:00,179901,4529523,3942903,
2026-09-20T08:21:14.311959+00:00,179902,4529548,3942444,
