host_utc,seq,mcu_ms,raw,label
2026-09-20T08:42:26.881059+00:00,230461,5802314,3957088,
2026-09-20T08:42:26.895951+00:00,230462,5802339,3957755,
2026-09-20T08:42:26.927952+00:00,230463,5802365,3958675,
2026-09-20T08:42:26.943952+00:00,230464,5802390,3959810,
2026-09-20T08:42:26.975951+00:00,230465,5802415,3959855,
2026-09-20T08:42:27.007951+00:00,230466,5802440,3959533,
2026-09-20T08:42:27.024142+00:00,230467,5802465,3959685,
2026-09-20T08:42:27.055960+00:00,230468,5802490,3959687,
2026-09-20T08:42:27.071951+00:00,230469,5802516,3959965,
2026-09-20T08:42:27.103952+00:00,230470,5802541,3960174,
2026-09-20T08:42:27.119949+00:00,230471,5802566,3960001,
2026-09-20T08:42:27.152030+00:00,230472,5802591,3960146,
2026-09-20T08:42:27.183997+00:00,230473,5802616,3960806,
2026-09-20T08:42:27.200159+00:00,230474,5802642,3960651,
2026-09-20T08:42:27.232141+00:00,230475,5802667,3959988,
2026-09-20T08:42:27.248104+00:00,230476,5802692,3960447,
2026-09-20T08:42:27.279951+00:00,230477,5802717,3961616,
2026-09-20T08:42:27.312323+00:00,230478,5802742,3961769,
2026-09-20T08:42:27.328322+00:00,230479,5802767,3961231,
2026-09-20T08:42:27.360315+00:00,230480,5802793,3960508,
2026-09-20T08:42:27.376300+00:00,230481,5802818,3961351,
2026-09-20T08:42:27.408356+00:00,230482,5802843,3962749,
2026-09-20T08:42:27.424331+00:00,230483,5802868,3963274,
2026-09-20T08:42:27.456321+00:00,230484,5802893,3963740,
2026-09-20T08:42:27.488312+00:00,230485,5802919,3964119,
2026-09-20T08:42:27.504346+00:00,230486,5802944,3965170,
2026-09-20T08:42:27.536291+00:00,230487,5802969,3966140,
2026-09-20T08:42:27.552335+00:00,230488,5802994,3967270,
2026-09-20T08:42:27.584307+00:00,230489,5803019,3969109,
2026-09-20T08:42:27.600316+00:00,230490,5803044,3970781,
2026-09-20T08:42:27.632328+00:00,230491,5803070,3972875,
2026-09-20T08:42:27.664296+00:00,230492,5803095,3975554,
2026-09-20T08:42:27.680168+00:00,230493,5803120,3977359,
2026-09-20T08:42:27.712298+00:00,230494,5803145,3979833,
2026-09-20T08:42:27.727824+00:00,230495,5803170,3983731,
2026-09-20T08:42:27.761211+00:00,230496,5803196,3992449,
2026-09-20T08:42:27.776229+00:00,230497,5803221,4004546,
2026-09-20T08:42:27.809487+00:00,230498,5803246,4015759,
2026-09-20T08:42:27.840151+00:00,230499,5803271,4029814,
2026-09-20T08:42:27.860295+00:00,230500,5803296,4050960,
2026-09-20T08:42:27.893659+00:00,230501,5803321,4083714,
2026-09-20T08:42:27.904347+00:00,230502,5803347,4128661,
2026-09-20T08:42:27.936351+00:00,230503,5803372,4179971,
2026-09-20T08:42:27.952570+00:00,230504,5803397,4227441,
2026-09-20T08:42:27.985374+00:00,230505,5803422,4248249,
2026-09-20T08:42:28.017483+00:00,230506,5803447,4233953,
2026-09-20T08:42:28.031869+00:00,230507,5803473,4197331,
2026-09-20T08:42:28.064355+00:00,230508,5803498,4156421,
2026-09-20T08:42:28.080341+00:00,230509,5803523,4120185,
2026-09-20T08:42:28.112259+00:00,230510,5803548,4091847,
2026-09-20T08:42:28.128294+00:00,230511,5803573,4064312,
2026-09-20T08:42:28.162002+00:00,230512,5803598,4043815,
2026-09-20T08:42:28.192307+00:00,230513,5803624,4034224,
2026-09-20T08:42:28.209354+00:00,230514,5803649,4021065,
2026-09-20T08:42:28.241535+00:00,230515,5803674,3999166,
2026-09-20T08:42:28.261023+00:00,230516,5803699,3982389,
2026-09-20T08:42:28.288305+00:00,230517,5803724,3979003,
2026-09-20T08:42:28.304283+00:00,230518,5803749,3979261,
2026-09-20T08:42:28.336157+00:00,230519,5803775,3975975,
2026-09-20T08:42:28.370480+00:00,230520,5803800,3971444,
2026-09-20T08:42:28.384919+00:00,230521,5803825,3970369,
2026-09-20T08:42:28.416332+00:00,230522,5803850,3969112,
2026-09-20T08:42:28.432310+00:00,230523,5803875,3967284,
2026-09-20T08:42:28.465398+00:00,230524,5803901,3962182,
2026-09-20T08:42:28.480294+00:00,230525,5803926,3958667,
2026-09-20T08:42:28.511895+00:00,230526,5803951,3957170,
2026-09-20T08:42:28.545005+00:00,230527,5803976,3953159,
2026-09-20T08:42:28.560959+00:00,230528,5804001,3952315,
2026-09-20T08:42:28.592323+00:00,230529,5804026,3953983,
2026-09-20T08:42:28.611382+00:00,230530,5804052,3953936,
2026-09-20T08:42:28.640439+00:00,230531,5804077,3952268,
2026-09-20T08:42:28.656274+00:00,230532,5804102,3951486,
2026-09-20T08:42:28.688260+00:00,230533,5804127,3949825,
2026-09-20T08:42:28.720286+00:00,230534,5804152,3943361,
2026-09-20T08:42:28.735896+00:00,230535,5804178,3935708,
2026-09-20T08:42:28.768035+00:00,230536,5804203,3930223,
2026-09-20T08:42:28.785366+00:00,230537,5804228,3923511,
2026-09-20T08:42:28.816292+00:00,230538,5804253,3912206,
2026-09-20T08:42:28.832323+00:00,230539,5804278,3903654,
2026-09-20T08:42:28.866874+00:00,230540,5804303,3897786,
2026-09-20T08:42:28.896332+00:00,230541,5804329,3883151,
2026-09-20T08:42:28.912316+00:00,230542,5804354,3841535,
2026-09-20T08:42:28.944314+00:00,230543,5804379,3761611,
2026-09-20T08:42:28.961440+00:00,230544,5804404,3654497,
2026-09-20T08:42:28.993437+00:00,230545,5804429,3561143,
2026-09-20T08:42:29.024320+00:00,230546,5804455,3540621,
2026-09-20T08:42:29.040338+00:00,230547,5804480,3607405,
2026-09-20T08:42:29.067250+00:00,230548,5804505,3697345,
2026-09-20T08:42:29.083766+00:00,230549,5804530,3772573,
2026-09-20T08:42:29.115972+00:00,230550,5804555,3827943,
2026-09-20T08:42:29.130431+00:00,230551,5804580,3866754,
2026-09-20T08:42:29.168286+00:00,230552,5804606,3893155,
2026-09-20T08:42:29.200252+00:00,230553,5804631,3910517,
2026-09-20T08:42:29.216371+00:00,230554,5804656,3922716,
2026-09-20T08:42:29.248238+00:00,230555,5804681,3932391,
2026-09-20T08:42:29.309239+00:00,230556,5804706,3939437,
2026-09-20T08:42:29.337236+00:00,230557,5804732,3942905,
2026-09-20T08:42:29.340236+00:00,230558,5804757,3945158,
2026-09-20T08:42:29.344285+00:00,230559,5804782,3947562,
2026-09-20T08:42:29.376201+00:00,230560,5804807,3950346,
2026-09-20T08:42:29.392262+00:00,230561,5804832,3951969,
2026-09-20T08:42:29.424253+00:00,230562,5804857,3952895,
2026-09-20T08:42:29.439797+00:00,230563,5804883,3953247,
2026-09-20T08:42:29.472261+00:00,230564,5804908,3952360,
2026-09-20T08:42:29.488011+00:00,230565,5804933,3950866,
2026-09-20T08:42:29.520275+00:00,230566,5804958,3950646,
2026-09-20T08:42:29.552260+00:00,230567,5804983,3951764,
2026-09-20T08:42:29.568278+00:00,230568,5805009,3953715,
2026-09-20T08:42:29.600266+00:00,230569,5805034,3954400,
2026-09-20T08:42:29.616258+00:00,230570,5805059,3954470,
2026-09-20T08:42:29.648243+00:00,230571,5805084,3955449,
2026-09-20T08:42:29.664256+00:00,230572,5805109,3955828,
2026-09-20T08:42:29.696284+00:00,230573,5805134,3956480,
2026-09-20T08:42:29.728260+00:00,230574,5805160,3956638,
2026-09-20T08:42:29.744251+00:00,230575,5805185,3956685,
2026-09-20T08:42:29.776252+00:00,230576,5805210,3956865,
2026-09-20T08:42:29.793945+00:00,230577,5805235,3957265,
2026-09-20T08:42:29.825418+00:00,230578,5805260,3957954,
2026-09-20T08:42:29.839995+00:00,230579,5805286,3958260,
2026-09-20T08:42:29.874343+00:00,230580,5805311,3958016,
2026-09-20T08:42:29.904267+00:00,230581,5805336,3958110,
2026-09-20T08:42:29.921693+00:00,230582,5805361,3958854,
2026-09-20T08:42:29.952618+00:00,230583,5805386,3958710,
2026-09-20T08:42:29.971317+00:00,230584,5805411,3958710,
2026-09-20T08:42:30.000388+00:00,230585,5805437,3958344,
2026-09-20T08:42:30.016298+00:00,230586,5805462,3958066,
2026-09-20T08:42:30.048286+00:00,230587,5805487,3957573,
2026-09-20T08:42:30.080279+00:00,230588,5805512,3957448,
2026-09-20T08:42:30.096301+00:00,230589,5805537,3958022,
2026-09-20T08:42:30.129706+00:00,230590,5805562,3958273,
2026-09-20T08:42:30.144264+00:00,230591,5805588,3958004,
2026-09-20T08:42:30.176376+00:00,230592,5805613,3957402,
2026-09-20T08:42:30.192291+00:00,230593,5805638,3957385,
2026-09-20T08:42:30.224845+00:00,230594,5805663,3957933,
2026-09-20T08:42:30.256241+00:00,230595,5805688,3957924,
2026-09-20T08:42:30.272596+00:00,230596,5805714,3957439,
2026-09-20T08:42:30.304337+00:00,230597,5805739,3957443,
2026-09-20T08:42:30.320249+00:00,230598,5805764,3957624,
2026-09-20T08:42:30.352237+00:00,230599,5805789,3957570,
2026-09-20T08:42:30.368150+00:00,230600,5805814,3957836,
2026-09-20T08:42:30.400236+00:00,230601,5805839,3958172,
2026-09-20T08:42:30.432253+00:00,230602,5805865,3957931,
2026-09-20T08:42:30.449444+00:00,230603,5805890,3958012,
2026-09-20T08:42:30.481371+00:00,230604,5805915,3958030,
2026-09-20T08:42:30.496863+00:00,230605,5805940,3958271,
2026-09-20T08:42:30.528242+00:00,230606,5805965,3958711,
2026-09-20T08:42:30.546268+00:00,230607,5805991,3958213,
2026-09-20T08:42:30.576307+00:00,230608,5806016,3957548,
2026-09-20T08:42:30.609756+00:00,230609,5806041,3957266,
2026-09-20T08:42:30.624324+00:00,230610,5806066,3957336,
2026-09-20T08:42:30.656670+00:00,230611,5806091,3956788,
2026-09-20T08:42:30.671777+00:00,230612,5806116,3956491,
2026-09-20T08:42:30.704215+00:00,230613,5806142,3956834,
2026-09-20T08:42:30.736220+00:00,230614,5806167,3956832,
2026-09-20T08:42:30.752481+00:00,230615,5806192,3957268,
2026-09-20T08:42:30.784222+00:00,230616,5806217,3957523,
2026-09-20T08:42:30.800241+00:00,230617,5806242,3957743,
2026-09-20T08:42:30.832228+00:00,230618,5806268,3958089,
2026-09-20T08:42:30.848238+00:00,230619,5806293,3957919,
2026-09-20T08:42:30.880306+00:00,230620,5806318,3957652,
2026-09-20T08:42:30.912246+00:00,230621,5806343,3957403,
2026-09-20T08:42:30.928322+00:00,230622,5806368,3958066,
2026-09-20T08:42:30.960236+00:00,230623,5806393,3958451,
2026-09-20T08:42:30.976118+00:00,230624,5806419,3958358,
2026-09-20T08:42:31.008228+00:00,230625,5806444,3958249,
2026-09-20T08:42:31.024271+00:00,230626,5806469,3957595,
2026-09-20T08:42:31.056923+00:00,230627,5806494,3956967,
2026-09-20T08:42:31.088217+00:00,230628,5806519,3956277,
2026-09-20T08:42:31.103707+00:00,230629,5806545,3956760,
2026-09-20T08:42:31.135852+00:00,230630,5806570,3957197,
2026-09-20T08:42:31.152493+00:00,230631,5806595,3957477,
2026-09-20T08:42:31.184341+00:00,230632,5806620,3957232,
2026-09-20T08:42:31.200261+00:00,230633,5806645,3956384,
2026-09-20T08:42:31.232219+00:00,230634,5806670,3956858,
2026-09-20T08:42:31.264104+00:00,230635,5806696,3956722,
2026-09-20T08:42:31.280225+00:00,230636,5806721,3956225,
2026-09-20T08:42:31.312246+00:00,230637,5806746,3956432,
2026-09-20T08:42:31.328241+00:00,230638,5806771,3956456,
2026-09-20T08:42:31.361721+00:00,230639,5806796,3955677,
2026-09-20T08:42:31.376204+00:00,230640,5806822,3955414,
2026-09-20T08:42:31.408241+00:00,230641,5806847,3955914,
2026-09-20T08:42:31.440208+00:00,230642,5806872,3956864,
2026-09-20T08:42:31.456247+00:00,230643,5806897,3957103,
2026-09-20T08:42:31.490436+00:00,230644,5806922,3956662,
2026-09-20T08:42:31.504204+00:00,230645,5806947,3956269,
2026-09-20T08:42:31.536512+00:00,230646,5806973,3956974,
2026-09-20T08:42:31.552326+00:00,230647,5806998,3957404,
2026-09-20T08:42:31.584200+00:00,230648,5807023,3957005,
2026-09-20T08:42:31.616313+00:00,230649,5807048,3958253,
2026-09-20T08:42:31.632213+00:00,230650,5807073,3960350,
2026-09-20T08:42:31.664218+00:00,230651,5807099,3961870,
2026-09-20T08:42:31.680229+00:00,230652,5807124,3962994,
2026-09-20T08:42:31.712292+00:00,230653,5807149,3963756,
2026-09-20T08:42:31.728327+00:00,230654,5807174,3964808,
2026-09-20T08:42:31.761296+00:00,230655,5807199,3966440,
2026-09-20T08:42:31.793271+00:00,230656,5807224,3968343,
2026-09-20T08:42:31.809674+00:00,230657,5807250,3971615,
2026-09-20T08:42:31.840199+00:00,230658,5807275,3977649,
2026-09-20T08:42:31.856205+00:00,230659,5807300,3986500,
2026-09-20T08:42:31.888935+00:00,230660,5807325,3999115,
2026-09-20T08:42:31.904277+00:00,230661,5807350,4014566,
2026-09-20T08:42:31.936239+00:00,230662,5807375,4032706,
2026-09-20T08:42:31.968205+00:00,230663,5807401,4048570,
2026-09-20T08:42:31.984413+00:00,230664,5807426,4062698,
2026-09-20T08:42:32.016349+00:00,230665,5807451,4079610,
2026-09-20T08:42:32.032448+00:00,230666,5807476,4097434,
2026-09-20T08:42:32.064240+00:00,230667,5807501,4108651,
2026-09-20T08:42:32.080772+00:00,230668,5807527,4114564,
2026-09-20T08:42:32.113293+00:00,230669,5807552,4112700,
2026-09-20T08:42:32.144224+00:00,230670,5807577,4104947,
2026-09-20T08:42:32.160208+00:00,230671,5807602,4098142,
2026-09-20T08:42:32.192187+00:00,230672,5807627,4091968,
2026-09-20T08:42:32.211391+00:00,230673,5807652,4083228,
2026-09-20T08:42:32.241344+00:00,230674,5807678,4069326,
2026-09-20T08:42:32.257446+00:00,230675,5807703,4055113,
2026-09-20T08:42:32.288191+00:00,230676,5807728,4045088,
2026-09-20T08:42:32.320209+00:00,230677,5807753,4033691,
2026-09-20T08:42:32.336370+00:00,230678,5807778,4017974,
2026-09-20T08:42:32.368165+00:00,230679,5807804,4004350,
2026-09-20T08:42:32.384252+00:00,230680,5807829,4001948,
2026-09-20T08:42:32.416189+00:00,230681,5807854,4002135,
2026-09-20T08:42:32.448235+00:00,230682,5807879,3994449,
2026-09-20T08:42:32.465289+00:00,230683,5807904,3985936,
2026-09-20T08:42:32.496226+00:00,230684,5807929,3983718,
2026-09-20T08:42:32.512588+00:00,230685,5807955,3982107,
2026-09-20T08:42:32.545763+00:00,230686,5807980,3977173,
2026-09-20T08:42:32.560903+00:00,230687,5808005,3972433,
2026-09-20T08:42:32.592302+00:00,230688,5808030,3969865,
2026-09-20T08:42:32.625341+00:00,230689,5808055,3967623,
2026-09-20T08:42:32.639869+00:00,230690,5808081,3965836,
2026-09-20T08:42:32.672182+00:00,230691,5808106,3964180,
2026-09-20T08:42:32.688163+00:00,230692,5808131,3953519,
2026-09-20T08:42:32.720185+00:00,230693,5808156,3938571,
2026-09-20T08:42:32.736854+00:00,230694,5808181,3924397,
2026-09-20T08:42:32.770472+00:00,230695,5808207,3904919,
2026-09-20T08:42:32.801392+00:00,230696,5808232,3869214,
2026-09-20T08:42:32.816359+00:00,230697,5808257,3819607,
2026-09-20T08:42:32.848217+00:00,230698,5808282,3761868,
2026-09-20T08:42:32.864179+00:00,230699,5808307,3696440,
2026-09-20T08:42:32.896799+00:00,230700,5808332,3645974,
2026-09-20T08:42:32.911859+00:00,230701,5808358,3642458,
2026-09-20T08:42:32.944198+00:00,230702,5808383,3688305,
2026-09-20T08:42:32.976695+00:00,230703,5808408,3753780,
2026-09-20T08:42:32.992533+00:00,230704,5808433,3812466,
2026-09-20T08:42:33.024227+00:00,230705,5808458,3857522,
2026-09-20T08:42:33.041288+00:00,230706,5808484,3889885,
2026-09-20T08:42:33.072411+00:00,230707,5808509,3912198,
2026-09-20T08:42:33.091308+00:00,230708,5808534,3926051,
2026-09-20T08:42:33.120208+00:00,230709,5808559,3935539,
2026-09-20T08:42:33.151840+00:00,230710,5808584,3942003,
2026-09-20T08:42:33.172312+00:00,230711,5808609,3945688,
2026-09-20T08:42:33.200024+00:00,230712,5808635,3948615,
2026-09-20T08:42:33.217298+00:00,230713,5808660,3951075,
2026-09-20T08:42:33.248208+00:00,230714,5808685,3952785,
2026-09-20T08:42:33.264220+00:00,230715,5808710,3953300,
2026-09-20T08:42:33.295995+00:00,230716,5808735,3953819,
2026-09-20T08:42:33.328952+00:00,230717,5808761,3954425,
2026-09-20T08:42:33.344214+00:00,230718,5808786,3954005,
2026-09-20T08:42:33.375866+00:00,230719,5808811,3953629,
2026-09-20T08:42:33.395709+00:00,230720,5808836,3954284,
2026-09-20T08:42:33.424181+00:00,230721,5808861,3954779,
2026-09-20T08:42:33.440166+00:00,230722,5808886,3955065,
2026-09-20T08:42:33.474354+00:00,230723,5808912,3955177,
2026-09-20T08:42:33.510012+00:00,230724,5808937,3955554,
2026-09-20T08:42:33.520254+00:00,230725,5808962,3955626,
2026-09-20T08:42:33.552154+00:00,230726,5808987,3956058,
2026-09-20T08:42:33.568168+00:00,230727,5809012,3955812,
2026-09-20T08:42:33.602441+00:00,230728,5809038,3955387,
2026-09-20T08:42:33.616251+00:00,230729,5809063,3955770,
2026-09-20T08:42:33.648154+00:00,230730,5809088,3956659,
2026-09-20T08:42:33.680208+00:00,230731,5809113,3956787,
2026-09-20T08:42:33.697265+00:00,230732,5809138,3956932,
2026-09-20T08:42:33.727913+00:00,230733,5809163,3956911,
2026-09-20T08:42:33.744516+00:00,230734,5809189,3956841,
2026-09-20T08:42:33.776141+00:00,230735,5809214,3957115,
2026-09-20T08:42:33.798397+00:00,230736,5809239,3956845,
2026-09-20T08:42:33.824213+00:00,230737,5809264,3956342,
2026-09-20T08:42:33.856183+00:00,230738,5809289,3956536,
2026-09-20T08:42:33.872689+00:00,230739,5809315,3957259,
2026-09-20T08:42:33.905597+00:00,230740,5809340,3957418,
2026-09-20T08:42:33.930093+00:00,230741,5809365,3957562,
2026-09-20T08:42:33.957606+00:00,230742,5809390,3957111,
2026-09-20T08:42:33.988788+00:00,230743,5809415,3956631,
2026-09-20T08:42:34.000168+00:00,230744,5809440,3957267,
2026-09-20T08:42:34.032192+00:00,230745,5809466,3957311,
2026-09-20T08:42:34.048370+00:00,230746,5809491,3956744,
2026-09-20T08:42:34.080167+00:00,230747,5809516,3956039,
2026-09-20T08:42:34.097271+00:00,230748,5809541,3956775,
2026-09-20T08:42:34.128174+00:00,230749,5809566,3957647,
2026-09-20T08:42:34.160198+00:00,230750,5809592,3957679,
2026-09-20T08:42:34.176872+00:00,230751,5809617,3957540,
2026-09-20T08:42:34.208279+00:00,230752,5809642,3957508,
2026-09-20T08:42:34.225183+00:00,230753,5809667,3957656,
2026-09-20T08:42:34.256612+00:00,230754,5809692,3957844,
2026-09-20T08:42:34.275204+00:00,230755,5809717,3958236,
2026-09-20T08:42:34.304769+00:00,230756,5809743,3958534,
2026-09-20T08:42:34.336133+00:00,230757,5809768,3958741,
2026-09-20T08:42:34.352592+00:00,230758,5809793,3958276,
2026-09-20T08:42:34.384200+00:00,230759,5809818,3958213,
2026-09-20T08:42:34.400176+00:00,230760,5809843,3957807,
2026-09-20T08:42:34.433171+00:00,230761,5809869,3957530,
2026-09-20T08:42:34.472169+00:00,230762,5809894,3957609,
2026-09-20T08:42:34.492167+00:00,230763,5809919,3957687,
2026-09-20T08:42:34.512130+00:00,230764,5809944,3957942,
2026-09-20T08:42:34.528118+00:00,230765,5809969,3958517,
2026-09-20T08:42:34.560147+00:00,230766,5809995,3958806,
2026-09-20T08:42:34.576162+00:00,230767,5810020,3958308,
2026-09-20T08:42:34.607636+00:00,230768,5810045,3958268,
2026-09-20T08:42:34.624142+00:00,230769,5810070,3957952,
2026-09-20T08:42:34.656140+00:00,230770,5810095,3957695,
2026-09-20T08:42:34.687854+00:00,230771,5810120,3957394,
2026-09-20T08:42:34.703495+00:00,230772,5810146,3957439,
2026-09-20T08:42:34.735975+00:00,230773,5810171,3957736,
2026-09-20T08:42:34.751702+00:00,230774,5810196,3957380,
2026-09-20T08:42:34.784121+00:00,230775,5810221,3956848,
2026-09-20T08:42:34.800127+00:00,230776,5810246,3957064,
2026-09-20T08:42:34.832115+00:00,230777,5810272,3957629,
2026-09-20T08:42:34.864124+00:00,230778,5810297,3957312,
2026-09-20T08:42:34.880120+00:00,230779,5810322,3957180,
2026-09-20T08:42:34.912147+00:00,230780,5810347,3957298,
2026-09-20T08:42:34.928141+00:00,230781,5810372,3957282,
2026-09-20T08:42:34.960109+00:00,230782,5810397,3957118,
2026-09-20T08:42:34.976128+00:00,230783,5810423,3956986,
2026-09-20T08:42:35.008120+00:00,230784,5810448,3957567,
2026-09-20T08:42:35.040102+00:00,230785,5810473,3958204,
2026-09-20T08:42:35.056599+00:00,230786,5810498,3957898,
2026-09-20T08:42:35.088147+00:00,230787,5810523,3958005,
2026-09-20T08:42:35.104240+00:00,230788,5810549,3958280,
2026-09-20T08:42:35.135861+00:00,230789,5810574,3958474,
2026-09-20T08:42:35.152531+00:00,230790,5810599,3959017,
2026-09-20T08:42:35.187996+00:00,230791,5810624,3958658,
2026-09-20T08:42:35.216020+00:00,230792,5810649,3958730,
2026-09-20T08:42:35.232112+00:00,230793,5810675,3959170,
2026-09-20T08:42:35.264117+00:00,230794,5810700,3958937,
2026-09-20T08:42:35.280164+00:00,230795,5810725,3958922,
2026-09-20T08:42:35.312587+00:00,230796,5810750,3958316,
2026-09-20T08:42:35.328139+00:00,230797,5810775,3957725,
2026-09-20T08:42:35.361246+00:00,230798,5810800,3957494,
2026-09-20T08:42:35.392056+00:00,230799,5810826,3957721,
2026-09-20T08:42:35.408498+00:00,230800,5810851,3958029,
2026-09-20T08:42:35.440112+00:00,230801,5810876,3958159,
2026-09-20T08:42:35.456135+00:00,230802,5810901,3958475,
2026-09-20T08:42:35.488127+00:00,230803,5810926,3957948,
2026-09-20T08:42:35.520737+00:00,230804,5810952,3958040,
2026-09-20T08:42:35.536169+00:00,230805,5810977,3958706,
2026-09-20T08:42:35.567883+00:00,230806,5811002,3959078,
2026-09-20T08:42:35.584129+00:00,230807,5811027,3958327,
2026-09-20T08:42:35.616187+00:00,230808,5811052,3958163,
2026-09-20T08:42:35.632117+00:00,230809,5811077,3958058,
2026-09-20T08:42:35.663863+00:00,230810,5811103,3958635,
2026-09-20T08:42:35.696160+00:00,230811,5811128,3958256,
2026-09-20T08:42:35.712127+00:00,230812,5811153,3957299,
2026-09-20T08:42:35.744112+00:00,230813,5811178,3957426,
2026-09-20T08:42:35.760123+00:00,230814,5811203,3957835,
2026-09-20T08:42:35.792175+00:00,230815,5811229,3958533,
2026-09-20T08:42:35.809465+00:00,230816,5811254,3958526,
2026-09-20T08:42:35.840104+00:00,230817,5811279,3958613,
2026-09-20T08:42:35.877038+00:00,230818,5811304,3959107,
2026-09-20T08:42:35.896000+00:00,230819,5811329,3959518,
2026-09-20T08:42:35.920131+00:00,230820,5811354,3959180,
2026-09-20T08:42:35.936382+00:00,230821,5811380,3959053,
2026-09-20T08:42:35.968087+00:00,230822,5811405,3958831,
2026-09-20T08:42:35.984096+00:00,230823,5811430,3958125,
2026-09-20T08:42:36.016129+00:00,230824,5811455,3958129,
2026-09-20T08:42:36.048163+00:00,230825,5811480,3958215,
2026-09-20T08:42:36.064071+00:00,230826,5811506,3958322,
2026-09-20T08:42:36.096096+00:00,230827,5811531,3958442,
2026-09-20T08:42:36.112082+00:00,230828,5811556,3958428,
2026-09-20T08:42:36.144101+00:00,230829,5811581,3958509,
2026-09-20T08:42:36.160088+00:00,230830,5811606,3958930,
2026-09-20T08:42:36.192094+00:00,230831,5811632,3958996,
2026-09-20T08:42:36.224109+00:00,230832,5811657,3958451,
2026-09-20T08:42:36.240078+00:00,230833,5811682,3958455,
2026-09-20T08:42:36.274243+00:00,230834,5811707,3958769,
2026-09-20T08:42:36.290415+00:00,230835,5811732,3958659,
2026-09-20T08:42:36.320570+00:00,230836,5811757,3957958,
2026-09-20T08:42:36.337995+00:00,230837,5811783,3957089,
2026-09-20T08:42:36.371174+00:00,230838,5811808,3955811,
2026-09-20T08:42:36.400087+00:00,230839,5811833,3954850,
2026-09-20T08:42:36.416127+00:00,230840,5811858,3955605,
2026-09-20T08:42:36.448131+00:00,230841,5811883,3956887,
2026-09-20T08:42:36.464196+00:00,230842,5811909,3958013,
2026-09-20T08:42:36.496090+00:00,230843,5811934,3958970,
2026-09-20T08:42:36.512168+00:00,230844,5811959,3959994,
2026-09-20T08:42:36.544089+00:00,230845,5811984,3960120,
2026-09-20T08:42:36.576117+00:00,230846,5812009,3960540,
2026-09-20T08:42:36.592087+00:00,230847,5812034,3962455,
2026-09-20T08:42:36.624099+00:00,230848,5812060,3963720,
2026-09-20T08:42:36.639734+00:00,230849,5812085,3966305,
2026-09-20T08:42:36.672187+00:00,230850,5812110,3970824,
2026-09-20T08:42:36.692553+00:00,230851,5812135,3976997,
2026-09-20T08:42:36.722161+00:00,230852,5812160,3982854,
2026-09-20T08:42:36.752088+00:00,230853,5812186,3991239,
2026-09-20T08:42:36.768296+00:00,230854,5812211,4005586,
2026-09-20T08:42:36.800112+00:00,230855,5812236,4025027,
2026-09-20T08:42:36.816097+00:00,230856,5812261,4044644,
2026-09-20T08:42:36.848130+00:00,230857,5812286,4062022,
2026-09-20T08:42:36.864106+00:00,230858,5812311,4076864,
2026-09-20T08:42:36.896099+00:00,230859,5812337,4086616,
2026-09-20T08:42:36.928103+00:00,230860,5812362,4091693,
2026-09-20T08:42:36.946156+00:00,230861,5812387,4094291,
2026-09-20T08:42:36.977191+00:00,230862,5812412,4099327,
2026-09-20T08:42:36.991773+00:00,230863,5812437,4103901,
2026-09-20T08:42:37.024109+00:00,230864,5812463,4106938,
2026-09-20T08:42:37.056393+00:00,230865,5812488,4108774,
2026-09-20T08:42:37.075269+00:00,230866,5812513,4111207,
2026-09-20T08:42:37.105244+00:00,230867,5812538,4108114,
2026-09-20T08:42:37.119552+00:00,230868,5812563,4094600,
2026-09-20T08:42:37.152303+00:00,230869,5812588,4079487,
2026-09-20T08:42:37.169232+00:00,230870,5812614,4067970,
2026-09-20T08:42:37.201155+00:00,230871,5812639,4053404,
2026-09-20T08:42:37.233170+00:00,230872,5812664,4036128,
2026-09-20T08:42:37.248067+00:00,230873,5812689,4019409,
2026-09-20T08:42:37.280194+00:00,230874,5812714,4009819,
2026-09-20T08:42:37.296103+00:00,230875,5812740,4006863,
2026-09-20T08:42:37.328091+00:00,230876,5812765,3999845,
2026-09-20T08:42:37.344108+00:00,230877,5812790,3993528,
2026-09-20T08:42:37.376071+00:00,230878,5812815,3990192,
2026-09-20T08:42:37.408101+00:00,230879,5812840,3982676,
2026-09-20T08:42:37.428299+00:00,230880,5812866,3979116,
2026-09-20T08:42:37.456373+00:00,230881,5812891,3980401,
2026-09-20T08:42:37.475277+00:00,230882,5812916,3970560,
2026-09-20T08:42:37.505708+00:00,230883,5812941,3951592,
2026-09-20T08:42:37.520270+00:00,230884,5812966,3932193,
2026-09-20T08:42:37.552770+00:00,230885,5812991,3909324,
2026-09-20T08:42:37.585172+00:00,230886,5813017,3880405,
2026-09-20T08:42:37.600099+00:00,230887,5813042,3868441,
2026-09-20T08:42:37.633129+00:00,230888,5813067,3866346,
2026-09-20T08:42:37.648133+00:00,230889,5813092,3836375,
2026-09-20T08:42:37.680230+00:00,230890,5813117,3757218,
2026-09-20T08:42:37.696095+00:00,230891,5813143,3654632,
2026-09-20T08:42:37.729162+00:00,230892,5813168,3599788,
2026-09-20T08:42:37.761199+00:00,230893,5813193,3634798,
2026-09-20T08:42:37.776096+00:00,230894,5813218,3710568,
2026-09-20T08:42:37.809157+00:00,230895,5813243,3781962,
2026-09-20T08:42:37.824864+00:00,230896,5813268,3837770,
2026-09-20T08:42:37.856818+00:00,230897,5813294,3877317,
2026-09-20T08:42:37.874738+00:00,230898,5813319,3902916,
2026-09-20T08:42:37.904806+00:00,230899,5813344,3919472,
2026-09-20T08:42:37.936023+00:00,230900,5813369,3931065,
2026-09-20T08:42:37.951983+00:00,230901,5813394,3939123,
2026-09-20T08:42:37.985253+00:00,230902,5813420,3945113,
2026-09-20T08:42:38.000006+00:00,230903,5813445,3949678,
2026-09-20T08:42:38.032116+00:00,230904,5813470,3952576,
2026-09-20T08:42:38.048137+00:00,230905,5813495,3954256,
2026-09-20T08:42:38.080040+00:00,230906,5813520,3954713,
2026-09-20T08:42:38.112040+00:00,230907,5813545,3954949,
2026-09-20T08:42:38.128048+00:00,230908,5813571,3955888,
2026-09-20T08:42:38.160026+00:00,230909,5813596,3956373,
2026-09-20T08:42:38.176027+00:00,230910,5813621,3956559,
2026-09-20T08:42:38.208039+00:00,230911,5813646,3956505,
2026-09-20T08:42:38.225563+00:00,230912,5813671,3956687,
2026-09-20T08:42:38.257574+00:00,230913,5813697,3957106,
2026-09-20T08:42:38.288070+00:00,230914,5813722,3957422,
2026-09-20T08:42:38.311168+00:00,230915,5813747,3956935,
2026-09-20T08:42:38.324920+00:00,230916,5813772,3957225,
2026-09-20T08:42:38.339593+00:00,230917,5813797,3957577,
2026-09-20T08:42:38.384107+00:00,230918,5813822,3957168,
2026-09-20T08:42:38.400028+00:00,230919,5813848,3957149,
2026-09-20T08:42:38.432450+00:00,230920,5813873,3957405,
2026-09-20T08:42:38.463883+00:00,230921,5813898,3957519,
2026-09-20T08:42:38.480027+00:00,230922,5813923,3957629,
2026-09-20T08:42:38.512823+00:00,230923,5813948,3957487,
2026-09-20T08:42:38.529680+00:00,230924,5813974,3957271,
2026-09-20T08:42:38.561110+00:00,230925,5813999,3957375,
2026-09-20T08:42:38.592063+00:00,230926,5814024,3957420,
2026-09-20T08:42:38.609250+00:00,230927,5814049,3956945,
2026-09-20T08:42:38.640039+00:00,230928,5814074,3957546,
2026-09-20T08:42:38.656026+00:00,230929,5814099,3957337,
2026-09-20T08:42:38.688066+00:00,230930,5814125,3956535,
2026-09-20T08:42:38.704425+00:00,230931,5814150,3956797,
2026-09-20T08:42:38.736100+00:00,230932,5814175,3957558,
2026-09-20T08:42:38.768015+00:00,230933,5814200,3957126,
2026-09-20T08:42:38.783926+00:00,230934,5814225,3956986,
2026-09-20T08:42:38.816023+00:00,230935,5814251,3957093,
2026-09-20T08:42:38.832019+00:00,230936,5814276,3956502,
2026-09-20T08:42:38.864007+00:00,230937,5814301,3957123,
2026-09-20T08:42:38.880012+00:00,230938,5814326,3957374,
2026-09-20T08:42:38.912461+00:00,230939,5814351,3956811,
2026-09-20T08:42:38.943692+00:00,230940,5814376,3956991,
2026-09-20T08:42:38.960698+00:00,230941,5814402,3956951,
2026-09-20T08:42:38.992011+00:00,230942,5814427,3956353,
2026-09-20T08:42:39.008017+00:00,230943,5814452,3956370,
2026-09-20T08:42:39.039947+00:00,230944,5814477,3956618,
2026-09-20T08:42:39.056102+00:00,230945,5814502,3956278,
2026-09-20T08:42:39.088016+00:00,230946,5814528,3956054,
2026-09-20T08:42:39.119817+00:00,230947,5814553,3955855,
2026-09-20T08:42:39.135865+00:00,230948,5814578,3955826,
2026-09-20T08:42:39.167841+00:00,230949,5814603,3956485,
2026-09-20T08:42:39.184007+00:00,230950,5814628,3957388,
2026-09-20T08:42:39.216001+00:00,230951,5814653,3957674,
2026-09-20T08:42:39.232245+00:00,230952,5814679,3957370,
2026-09-20T08:42:39.263856+00:00,230953,5814704,3957640,
2026-09-20T08:42:39.296056+00:00,230954,5814729,3957952,
2026-09-20T08:42:39.313155+00:00,230955,5814754,3958028,
2026-09-20T08:42:39.344058+00:00,230956,5814779,3958059,
2026-09-20T08:42:39.361107+00:00,230957,5814805,3958024,
2026-09-20T08:42:39.392047+00:00,230958,5814830,3957989,
2026-09-20T08:42:39.408601+00:00,230959,5814855,3958039,
2026-09-20T08:42:39.439819+00:00,230960,5814880,3958224,
2026-09-20T08:42:39.472110+00:00,230961,5814905,3958097,
2026-09-20T08:42:39.488052+00:00,230962,5814930,3958030,
2026-09-20T08:42:39.520013+00:00,230963,5814956,3957905,
2026-09-20T08:42:39.538234+00:00,230964,5814981,3958003,
2026-09-20T08:42:39.568418+00:00,230965,5815006,3958102,
2026-09-20T08:42:39.584846+00:00,230966,5815031,3957820,
2026-09-20T08:42:39.616036+00:00,230967,5815056,3958009,
2026-09-20T08:42:39.648013+00:00,230968,5815082,3958561,
2026-09-20T08:42:39.664011+00:00,230969,5815107,3958964,
2026-09-20T08:42:39.695600+00:00,230970,5815132,3958809,
2026-09-20T08:42:39.712100+00:00,230971,5815157,3958367,
2026-09-20T08:42:39.744868+00:00,230972,5815182,3958568,
2026-09-20T08:42:39.760044+00:00,230973,5815207,3959088,
2026-09-20T08:42:39.792009+00:00,230974,5815233,3958444,
2026-09-20T08:42:39.824491+00:00,230975,5815258,3957672,
2026-09-20T08:42:39.839999+00:00,230976,5815283,3958040,
2026-09-20T08:42:39.872040+00:00,230977,5815308,3958349,
2026-09-20T08:42:39.888042+00:00,230978,5815333,3958060,
2026-09-20T08:42:39.920199+00:00,230979,5815359,3958501,
2026-09-20T08:42:39.935834+00:00,230980,5815384,3958733,
2026-09-20T08:42:39.968377+00:00,230981,5815409,3958971,
2026-09-20T08:42:39.999434+00:00,230982,5815434,3958933,
2026-09-20T08:42:40.016231+00:00,230983,5815459,3958666,
2026-09-20T08:42:40.048072+00:00,230984,5815484,3958681,
2026-09-20T08:42:40.064834+00:00,230985,5815510,3958707,
2026-09-20T08:42:40.096876+00:00,230986,5815535,3958450,
2026-09-20T08:42:40.112645+00:00,230987,5815560,3958135,
2026-09-20T08:42:40.144611+00:00,230988,5815585,3958497,
2026-09-20T08:42:40.176030+00:00,230989,5815610,3959407,
2026-09-20T08:42:40.193174+00:00,230990,5815635,3960635,
2026-09-20T08:42:40.224011+00:00,230991,5815661,3962422,
2026-09-20T08:42:40.241201+00:00,230992,5815686,3963296,
2026-09-20T08:42:40.272143+00:00,230993,5815711,3964357,
2026-09-20T08:42:40.305224+00:00,230994,5815736,3965865,
2026-09-20T08:42:40.319875+00:00,230995,5815761,3966748,
2026-09-20T08:42:40.353055+00:00,230996,5815787,3967664,
2026-09-20T08:42:40.368558+00:00,230997,5815812,3968660,
2026-09-20T08:42:40.400022+00:00,230998,5815837,3969342,
2026-09-20T08:42:40.415971+00:00,230999,5815862,3969486,
2026-09-20T08:42:40.447990+00:00,231000,5815887,3968936,
2026-09-20T08:42:40.480024+00:00,231001,5815912,3968859,
2026-09-20T08:42:40.496730+00:00,231002,5815938,3969695,
2026-09-20T08:42:40.528011+00:00,231003,5815963,3970132,
2026-09-20T08:42:40.546070+00:00,231004,5815988,3970138,
2026-09-20T08:42:40.575970+00:00,231005,5816013,3970664,
2026-09-20T08:42:40.591874+00:00,231006,5816038,3970870,
2026-09-20T08:42:40.624016+00:00,231007,5816064,3970070,
2026-09-20T08:42:40.655994+00:00,231008,5816089,3969673,
2026-09-20T08:42:40.673734+00:00,231009,5816114,3969360,
2026-09-20T08:42:40.704001+00:00,231010,5816139,3969498,
2026-09-20T08:42:40.720030+00:00,231011,5816164,3969501,
2026-09-20T08:42:40.752601+00:00,231012,5816189,3969509,
2026-09-20T08:42:40.767361+00:00,231013,5816215,3968913,
2026-09-20T08:42:40.801037+00:00,231014,5816240,3968317,
2026-09-20T08:42:40.832008+00:00,231015,5816265,3967955,
2026-09-20T08:42:40.848182+00:00,231016,5816290,3968083,
2026-09-20T08:42:40.880076+00:00,231017,5816315,3967978,
2026-09-20T08:42:40.897169+00:00,231018,5816341,3967317,
2026-09-20T08:42:40.929285+00:00,231019,5816366,3967489,
2026-09-20T08:42:40.944795+00:00,231020,5816391,3967939,
2026-09-20T08:42:40.976075+00:00,231021,5816416,3967644,
2026-09-20T08:42:41.007997+00:00,231022,5816441,3967131,
2026-09-20T08:42:41.023983+00:00,231023,5816466,3966632,
2026-09-20T08:42:41.058066+00:00,231024,5816492,3966351,
2026-09-20T08:42:41.072852+00:00,231025,5816517,3966594,
2026-09-20T08:42:41.103954+00:00,231026,5816542,3966267,
2026-09-20T08:42:41.119982+00:00,231027,5816567,3967066,
2026-09-20T08:42:41.151998+00:00,231028,5816592,3968074,
2026-09-20T08:42:41.183956+00:00,231029,5816618,3967584,
2026-09-20T08:42:41.199562+00:00,231030,5816643,3965942,
2026-09-20T08:42:41.232226+00:00,231031,5816668,3965987,
2026-09-20T08:42:41.249087+00:00,231032,5816693,3966613,
2026-09-20T08:42:41.280017+00:00,231033,5816718,3965807,
2026-09-20T08:42:41.295750+00:00,231034,5816743,3966847,
2026-09-20T08:42:41.327795+00:00,231035,5816769,3969852,
2026-09-20T08:42:41.361055+00:00,231036,5816794,3974936,
2026-09-20T08:42:41.375960+00:00,231037,5816819,3982040,
2026-09-20T08:42:41.407968+00:00,231038,5816844,3990951,
2026-09-20T08:42:41.423950+00:00,231039,5816869,4001982,
2026-09-20T08:42:41.457179+00:00,231040,5816895,4014764,
2026-09-20T08:42:41.473062+00:00,231041,5816920,4027858,
2026-09-20T08:42:41.509533+00:00,231042,5816945,4041842,
2026-09-20T08:42:41.536010+00:00,231043,5816970,4060201,
2026-09-20T08:42:41.551848+00:00,231044,5816995,4082441,
2026-09-20T08:42:41.583677+00:00,231045,5817020,4108069,
2026-09-20T08:42:41.599954+00:00,231046,5817046,4133562,
2026-09-20T08:42:41.631948+00:00,231047,5817071,4149593,
2026-09-20T08:42:41.647972+00:00,231048,5817096,4158728,
2026-09-20T08:42:41.679957+00:00,231049,5817121,4165759,
2026-09-20T08:42:41.711940+00:00,231050,5817146,4167775,
2026-09-20T08:42:41.727990+00:00,231051,5817172,4163294,
2026-09-20T08:42:41.761072+00:00,231052,5817197,4153975,
2026-09-20T08:42:41.775927+00:00,231053,5817222,4141362,
2026-09-20T08:42:41.809040+00:00,231054,5817247,4127661,
2026-09-20T08:42:41.840419+00:00,231055,5817272,4107290,
2026-09-20T08:42:41.855622+00:00,231056,5817297,4088053,
2026-09-20T08:42:41.888715+00:00,231057,5817323,4077691,
2026-09-20T08:42:41.903793+00:00,231058,5817348,4066727,
2026-09-20T08:42:41.935934+00:00,231059,5817373,4062529,
2026-09-20T08:42:41.952593+00:00,231060,5817398,4064737,
2026-09-20T08:42:41.983944+00:00,231061,5817423,4064136,
2026-09-20T08:42:42.015978+00:00,231062,5817448,4059318,
2026-09-20T08:42:42.031984+00:00,231063,5817474,4044411,
2026-09-20T08:42:42.064045+00:00,231064,5817499,4026342,
2026-09-20T08:42:42.079903+00:00,231065,5817524,4004729,
2026-09-20T08:42:42.112996+00:00,231066,5817549,3978549,
2026-09-20T08:42:42.127937+00:00,231067,5817574,3957031,
2026-09-20T08:42:42.161255+00:00,231068,5817600,3929909,
2026-09-20T08:42:42.191652+00:00,231069,5817625,3899681,
2026-09-20T08:42:42.208471+00:00,231070,5817650,3882087,
2026-09-20T08:42:42.245093+00:00,231071,5817675,3858688,
2026-09-20T08:42:42.260155+00:00,231072,5817700,3801478,
2026-09-20T08:42:42.289043+00:00,231073,5817725,3713508,
2026-09-20T08:42:42.305760+00:00,231074,5817751,3619825,
2026-09-20T08:42:42.336415+00:00,231075,5817776,3548555,
2026-09-20T08:42:42.368515+00:00,231076,5817801,3546510,
2026-09-20T08:42:42.385009+00:00,231077,5817826,3610694,
2026-09-20T08:42:42.416530+00:00,231078,5817851,3695136,
2026-09-20T08:42:42.431930+00:00,231079,5817877,3770572,
2026-09-20T08:42:42.463968+00:00,231080,5817902,3826907,
2026-09-20T08:42:42.481035+00:00,231081,5817927,3865523,
2026-09-20T08:42:42.511968+00:00,231082,5817952,3892395,
2026-09-20T08:42:42.544277+00:00,231083,5817977,3911394,
2026-09-20T08:42:42.559342+00:00,231084,5818002,3924226,
2026-09-20T08:42:42.591727+00:00,231085,5818028,3932572,
2026-09-20T08:42:42.607910+00:00,231086,5818053,3938803,
2026-09-20T08:42:42.639892+00:00,231087,5818078,3943030,
2026-09-20T08:42:42.655700+00:00,231088,5818103,3945695,
2026-09-20T08:42:42.687709+00:00,231089,5818128,3947971,
2026-09-20T08:42:42.719855+00:00,231090,5818154,3949573,
2026-09-20T08:42:42.735892+00:00,231091,5818179,3950291,
2026-09-20T08:42:42.767934+00:00,231092,5818204,3950651,
2026-09-20T08:42:42.783911+00:00,231093,5818229,3951043,
2026-09-20T08:42:42.815962+00:00,231094,5818254,3951320,
2026-09-20T08:42:42.831724+00:00,231095,5818279,3951793,
2026-09-20T08:42:42.863569+00:00,231096,5818305,3951739,
2026-09-20T08:42:42.895916+00:00,231097,5818330,3952087,
2026-09-20T08:42:42.911923+00:00,231098,5818355,3952415,
2026-09-20T08:42:42.943924+00:00,231099,5818380,3952907,
2026-09-20T08:42:42.959908+00:00,231100,5818405,3953193,
2026-09-20T08:42:42.992011+00:00,231101,5818431,3953369,
2026-09-20T08:42:43.007905+00:00,231102,5818456,3953299,
2026-09-20T08:42:43.039915+00:00,231103,5818481,3952549,
2026-09-20T08:42:43.071942+00:00,231104,5818506,3952837,
2026-09-20T08:42:43.088240+00:00,231105,5818531,3953071,
2026-09-20T08:42:43.120270+00:00,231106,5818556,3952913,
2026-09-20T08:42:43.136279+00:00,231107,5818582,3952890,
2026-09-20T08:42:43.168974+00:00,231108,5818607,3953211,
2026-09-20T08:42:43.184491+00:00,231109,5818632,3953599,
2026-09-20T08:42:43.216005+00:00,231110,5818657,3953828,
2026-09-20T08:42:43.248600+00:00,231111,5818682,3953974,
2026-09-20T08:42:43.264222+00:00,231112,5818708,3953341,
2026-09-20T08:42:43.295942+00:00,231113,5818733,3953552,
2026-09-20T08:42:43.312459+00:00,231114,5818758,3954727,
2026-09-20T08:42:43.343948+00:00,231115,5818783,3954870,
2026-09-20T08:42:43.359455+00:00,231116,5818808,3954779,
2026-09-20T08:42:43.391991+00:00,231117,5818833,3954813,
2026-09-20T08:42:43.423910+00:00,231118,5818859,3954751,
2026-09-20T08:42:43.439916+00:00,231119,5818884,3954084,
2026-09-20T08:42:43.473858+00:00,231120,5818909,3953585,
2026-09-20T08:42:43.490498+00:00,231121,5818934,3953974,
2026-09-20T08:42:43.520209+00:00,231122,5818959,3954624,
2026-09-20T08:42:43.551495+00:00,231123,5818984,3955225,
2026-09-20T08:42:43.569033+00:00,231124,5819010,3955054,
2026-09-20T08:42:43.599927+00:00,231125,5819035,3955549,
2026-09-20T08:42:43.616149+00:00,231126,5819060,3955268,
2026-09-20T08:42:43.648965+00:00,231127,5819085,3955394,
2026-09-20T08:42:43.663886+00:00,231128,5819110,3955576,
2026-09-20T08:42:43.696135+00:00,231129,5819136,3955220,
2026-09-20T08:42:43.727912+00:00,231130,5819161,3955018,
2026-09-20T08:42:43.746987+00:00,231131,5819186,3955285,
2026-09-20T08:42:43.777026+00:00,231132,5819211,3955924,
2026-09-20T08:42:43.793892+00:00,231133,5819236,3956304,
2026-09-20T08:42:43.823884+00:00,231134,5819261,3956714,
2026-09-20T08:42:43.842027+00:00,231135,5819287,3956636,
2026-09-20T08:42:43.873691+00:00,231136,5819312,3956889,
2026-09-20T08:42:43.905281+00:00,231137,5819337,3957265,
2026-09-20T08:42:43.920599+00:00,231138,5819362,3957433,
2026-09-20T08:42:43.951916+00:00,231139,5819387,3957504,
2026-09-20T08:42:43.969173+00:00,231140,5819413,3956947,
2026-09-20T08:42:43.999888+00:00,231141,5819438,3956648,
2026-09-20T08:42:44.016128+00:00,231142,5819463,3956586,
2026-09-20T08:42:44.047883+00:00,231143,5819488,3956342,
2026-09-20T08:42:44.080241+00:00,231144,5819513,3956226,
2026-09-20T08:42:44.096732+00:00,231145,5819538,3956187,
2026-09-20T08:42:44.127934+00:00,231146,5819564,3956241,
2026-09-20T08:42:44.144291+00:00,231147,5819589,3955652,
2026-09-20T08:42:44.175937+00:00,231148,5819614,3955125,
2026-09-20T08:42:44.191859+00:00,231149,5819639,3955185,
2026-09-20T08:42:44.224018+00:00,231150,5819664,3955957,
2026-09-20T08:42:44.249670+00:00,231151,5819689,3956051,
2026-09-20T08:42:44.265410+00:00,231152,5819715,3955834,
2026-09-20T08:42:44.303878+00:00,231153,5819740,3956045,
2026-09-20T08:42:44.309826+00:00,231154,5819765,3956089,
2026-09-20T08:42:44.342319+00:00,231155,5819790,3955748,
2026-09-20T08:42:44.357031+00:00,231156,5819815,3955648,
2026-09-20T08:42:44.400173+00:00,231157,5819841,3956170,
2026-09-20T08:42:44.427799+00:00,231158,5819866,3956236,
2026-09-20T08:42:44.444523+00:00,231159,5819891,3956229,
2026-09-20T08:42:44.475978+00:00,231160,5819916,3955866,
2026-09-20T08:42:44.493496+00:00,231161,5819941,3955608,
2026-09-20T08:42:44.522741+00:00,231162,5819966,3955551,
2026-09-20T08:42:44.537549+00:00,231163,5819992,3955126,
2026-09-20T08:42:44.561328+00:00,231164,5820017,3956017,
2026-09-20T08:42:44.608233+00:00,231165,5820042,3956406,
2026-09-20T08:42:44.623904+00:00,231166,5820067,3956164,
2026-09-20T08:42:44.652090+00:00,231167,5820092,3955940,
2026-09-20T08:42:44.668209+00:00,231168,5820118,3956073,
2026-09-20T08:42:44.699180+00:00,231169,5820143,3956519,
2026-09-20T08:42:44.714630+00:00,231170,5820168,3956501,
2026-09-20T08:42:44.751858+00:00,231171,5820193,3956167,
2026-09-20T08:42:44.778307+00:00,231172,5820218,3955644,
2026-09-20T08:42:44.794352+00:00,231173,5820243,3955160,
2026-09-20T08:42:44.831867+00:00,231174,5820269,3955414,
2026-09-20T08:42:44.847869+00:00,231175,5820294,3955643,
2026-09-20T08:42:44.871823+00:00,231176,5820319,3956060,
2026-09-20T08:42:44.887433+00:00,231177,5820344,3956136,
2026-09-20T08:42:44.918201+00:00,231178,5820369,3956330,
2026-09-20T08:42:44.959900+00:00,231179,5820394,3955858,
2026-09-20T08:42:44.965534+00:00,231180,5820420,3955224,
2026-09-20T08:42:44.997676+00:00,231181,5820445,3956155,
2026-09-20T08:42:45.012424+00:00,231182,5820470,3956603,
2026-09-20T08:42:45.044584+00:00,231183,5820495,3956238,
2026-09-20T08:42:45.071922+00:00,231184,5820520,3956380,
2026-09-20T08:42:45.103897+00:00,231185,5820546,3956183,
2026-09-20T08:42:45.128383+00:00,231186,5820571,3955889,
2026-09-20T08:42:45.151869+00:00,231187,5820596,3956538,
2026-09-20T08:42:45.184112+00:00,231188,5820621,3956346,
2026-09-20T08:42:45.199882+00:00,231189,5820646,3956244,
2026-09-20T08:42:45.231905+00:00,231190,5820671,3956463,
2026-09-20T08:42:45.263857+00:00,231191,5820697,3956116,
2026-09-20T08:42:45.279921+00:00,231192,5820722,3955843,
2026-09-20T08:42:45.311886+00:00,231193,5820747,3956535,
2026-09-20T08:42:45.327868+00:00,231194,5820772,3956991,
2026-09-20T08:42:45.359879+00:00,231195,5820797,3956743,
2026-09-20T08:42:45.375900+00:00,231196,5820823,3956615,
2026-09-20T08:42:45.408075+00:00,231197,5820848,3956751,
2026-09-20T08:42:45.439858+00:00,231198,5820873,3957045,
2026-09-20T08:42:45.455903+00:00,231199,5820898,3957147,
2026-09-20T08:42:45.487719+00:00,231200,5820923,3957783,
2026-09-20T08:42:45.503657+00:00,231201,5820948,3957823,
2026-09-20T08:42:45.536855+00:00,231202,5820974,3958253,
2026-09-20T08:42:45.551785+00:00,231203,5820999,3958816,
2026-09-20T08:42:45.583653+00:00,231204,5821024,3959220,
2026-09-20T08:42:45.615857+00:00,231205,5821049,3960495,
2026-09-20T08:42:45.631852+00:00,231206,5821074,3962458,
2026-09-20T08:42:45.663652+00:00,231207,5821100,3965089,
2026-09-20T08:42:45.679828+00:00,231208,5821125,3967247,
2026-09-20T08:42:45.711653+00:00,231209,5821150,3970413,
2026-09-20T08:42:45.727653+00:00,231210,5821175,3975181,
2026-09-20T08:42:45.760747+00:00,231211,5821200,3980821,
2026-09-20T08:42:45.791817+00:00,231212,5821225,3988372,
2026-09-20T08:42:45.807565+00:00,231213,5821251,4000052,
2026-09-20T08:42:45.839562+00:00,231214,5821276,4015616,
2026-09-20T08:42:45.857579+00:00,231215,5821301,4037851,
2026-09-20T08:42:45.887561+00:00,231216,5821326,4060924,
2026-09-20T08:42:45.903565+00:00,231217,5821351,4081809,
2026-09-20T08:42:45.935722+00:00,231218,5821377,4106736,
2026-09-20T08:42:45.967705+00:00,231219,5821402,4134160,
2026-09-20T08:42:45.983761+00:00,231220,5821427,4152716,
2026-09-20T08:42:46.015561+00:00,231221,5821452,4157772,
2026-09-20T08:42:46.031562+00:00,231222,5821477,4157180,
2026-09-20T08:42:46.063564+00:00,231223,5821502,4154902,
2026-09-20T08:42:46.079661+00:00,231224,5821528,4153137,
2026-09-20T08:42:46.111768+00:00,231225,5821553,4150499,
2026-09-20T08:42:46.143562+00:00,231226,5821578,4136137,
2026-09-20T08:42:46.159562+00:00,231227,5821603,4118047,
2026-09-20T08:42:46.191757+00:00,231228,5821628,4106984,
2026-09-20T08:42:46.207743+00:00,231229,5821653,4096378,
2026-09-20T08:42:46.239767+00:00,231230,5821679,4078031,
2026-09-20T08:42:46.255759+00:00,231231,5821704,4054149,
2026-09-20T08:42:46.287561+00:00,231232,5821729,4036211,
2026-09-20T08:42:46.322563+00:00,231233,5821754,4025665,
2026-09-20T08:42:46.350594+00:00,231234,5821779,4006212,
2026-09-20T08:42:46.365566+00:00,231235,5821805,3983151,
2026-09-20T08:42:46.385562+00:00,231236,5821830,3970785,
2026-09-20T08:42:46.429544+00:00,231237,5821855,3963216,
2026-09-20T08:42:46.459561+00:00,231238,5821880,3955982,
2026-09-20T08:42:46.478407+00:00,231239,5821905,3952316,
2026-09-20T08:42:46.511076+00:00,231240,5821930,3951069,
2026-09-20T08:42:46.513050+00:00,231241,5821956,3948495,
2026-09-20T08:42:46.544055+00:00,231242,5821981,3940740,
2026-09-20T08:42:46.560269+00:00,231243,5822006,3928584,
2026-09-20T08:42:46.592062+00:00,231244,5822031,3918149,
2026-09-20T08:42:46.608047+00:00,231245,5822056,3905561,
2026-09-20T08:42:46.640085+00:00,231246,5822082,3880340,
2026-09-20T08:42:46.672047+00:00,231247,5822107,3842965,
2026-09-20T08:42:46.688048+00:00,231248,5822132,3797873,
2026-09-20T08:42:46.720052+00:00,231249,5822157,3746982,
2026-09-20T08:42:46.736045+00:00,231250,5822182,3681313,
2026-09-20T08:42:46.768046+00:00,231251,5822207,3615508,
2026-09-20T08:42:46.784045+00:00,231252,5822233,3582038,
2026-09-20T08:42:46.816058+00:00,231253,5822258,3606378,
2026-09-20T08:42:46.847810+00:00,231254,5822283,3677603,
2026-09-20T08:42:46.863833+00:00,231255,5822308,3753243,
2026-09-20T08:42:46.895811+00:00,231256,5822333,3812600,
2026-09-20T08:42:46.911816+00:00,231257,5822358,3855890,
2026-09-20T08:42:46.943815+00:00,231258,5822384,3886708,
2026-09-20T08:42:46.959797+00:00,231259,5822409,3907903,
2026-09-20T08:42:46.991801+00:00,231260,5822434,3922462,
2026-09-20T08:42:47.023824+00:00,231261,5822459,3931224,
2026-09-20T08:42:47.039793+00:00,231262,5822484,3937239,
2026-09-20T08:42:47.071829+00:00,231263,5822510,3941345,
2026-09-20T08:42:47.087811+00:00,231264,5822535,3944126,
2026-09-20T08:42:47.119826+00:00,231265,5822560,3946269,
2026-09-20T08:42:47.152007+00:00,231266,5822585,3947659,
2026-09-20T08:42:47.167473+00:00,231267,5822610,3948908,
2026-09-20T08:42:47.199795+00:00,231268,5822635,3950206,
2026-09-20T08:42:47.215809+00:00,231269,5822661,3951175,
2026-09-20T08:42:47.247801+00:00,231270,5822686,3951983,
2026-09-20T08:42:47.263792+00:00,231271,5822711,3950329,
2026-09-20T08:42:47.295827+00:00,231272,5822736,3946519,
2026-09-20T08:42:47.328976+00:00,231273,5822761,3942437,
2026-09-20T08:42:47.343747+00:00,231274,5822787,3940958,
2026-09-20T08:42:47.375858+00:00,231275,5822812,3941142,
2026-09-20T08:42:47.392459+00:00,231276,5822837,3944526,
2026-09-20T08:42:47.423795+00:00,231277,5822862,3948291,
2026-09-20T08:42:47.439801+00:00,231278,5822887,3949491,
2026-09-20T08:42:47.471616+00:00,231279,5822912,3950447,
2026-09-20T08:42:47.503937+00:00,231280,5822938,3949865,
2026-09-20T08:42:47.519929+00:00,231281,5822963,3948982,
2026-09-20T08:42:47.552209+00:00,231282,5822988,3947717,
2026-09-20T08:42:47.574899+00:00,231283,5823013,3947191,
2026-09-20T08:42:47.600953+00:00,231284,5823038,3947191,
2026-09-20T08:42:47.615499+00:00,231285,5823064,3947036,
2026-09-20T08:42:47.647691+00:00,231286,5823089,3946553,
2026-09-20T08:42:47.679805+00:00,231287,5823114,3946728,
2026-09-20T08:42:47.695791+00:00,231288,5823139,3947145,
2026-09-20T08:42:47.727828+00:00,231289,5823164,3947527,
2026-09-20T08:42:47.743791+00:00,231290,5823189,3947825,
2026-09-20T08:42:47.777905+00:00,231291,5823215,3948262,
2026-09-20T08:42:47.791802+00:00,231292,5823240,3948415,
2026-09-20T08:42:47.824934+00:00,231293,5823265,3948505,
2026-09-20T08:42:47.857417+00:00,231294,5823290,3948745,
2026-09-20T08:42:47.873571+00:00,231295,5823315,3948880,
2026-09-20T08:42:47.905855+00:00,231296,5823341,3948683,
2026-09-20T08:42:47.919816+00:00,231297,5823366,3948446,
2026-09-20T08:42:47.951843+00:00,231298,5823391,3948777,
2026-09-20T08:42:47.970400+00:00,231299,5823416,3948874,
2026-09-20T08:42:47.999799+00:00,231300,5823441,3948666,
2026-09-20T08:42:48.037033+00:00,231301,5823466,3948675,
2026-09-20T08:42:48.047915+00:00,231302,5823492,3948830,
2026-09-20T08:42:48.080914+00:00,231303,5823517,3948813,
2026-09-20T08:42:48.096868+00:00,231304,5823542,3948744,
2026-09-20T08:42:48.130297+00:00,231305,5823567,3948565,
2026-09-20T08:42:48.143455+00:00,231306,5823592,3948311,
2026-09-20T08:42:48.175794+00:00,231307,5823617,3948974,
2026-09-20T08:42:48.207777+00:00,231308,5823643,3948863,
2026-09-20T08:42:48.223776+00:00,231309,5823668,3948855,
2026-09-20T08:42:48.255752+00:00,231310,5823693,3948199,
2026-09-20T08:42:48.271562+00:00,231311,5823718,3948019,
2026-09-20T08:42:48.304616+00:00,231312,5823743,3948356,
2026-09-20T08:42:48.319611+00:00,231313,5823769,3947878,
2026-09-20T08:42:48.351663+00:00,231314,5823794,3947837,
2026-09-20T08:42:48.384003+00:00,231315,5823819,3948111,
2026-09-20T08:42:48.399773+00:00,231316,5823844,3948625,
2026-09-20T08:42:48.431801+00:00,231317,5823869,3948250,
2026-09-20T08:42:48.447809+00:00,231318,5823894,3948400,
2026-09-20T08:42:48.480866+00:00,231319,5823920,3948330,
2026-09-20T08:42:48.496856+00:00,231320,5823945,3948101,
2026-09-20T08:42:48.527776+00:00,231321,5823970,3948514,
2026-09-20T08:42:48.559436+00:00,231322,5823995,3948439,
2026-09-20T08:42:48.575778+00:00,231323,5824020,3947790,
2026-09-20T08:42:48.608910+00:00,231324,5824046,3947859,
2026-09-20T08:42:48.625713+00:00,231325,5824071,3948308,
2026-09-20T08:42:48.656167+00:00,231326,5824096,3948294,
2026-09-20T08:42:48.672153+00:00,231327,5824121,3948557,
2026-09-20T08:42:48.704288+00:00,231328,5824146,3948383,
2026-09-20T08:42:48.737000+00:00,231329,5824171,3947906,
2026-09-20T08:42:48.751896+00:00,231330,5824197,3948769,
2026-09-20T08:42:48.783786+00:00,231331,5824222,3949372,
2026-09-20T08:42:48.799784+00:00,231332,5824247,3948922,
2026-09-20T08:42:48.831762+00:00,231333,5824272,3948327,
2026-09-20T08:42:48.863875+00:00,231334,5824297,3948861,
2026-09-20T08:42:48.879815+00:00,231335,5824323,3949542,
2026-09-20T08:42:48.911892+00:00,231336,5824348,3948981,
2026-09-20T08:42:48.931431+00:00,231337,5824373,3949160,
2026-09-20T08:42:48.959834+00:00,231338,5824398,3949134,
2026-09-20T08:42:48.975848+00:00,231339,5824423,3949294,
2026-09-20T08:42:49.007773+00:00,231340,5824448,3950425,
2026-09-20T08:42:49.041099+00:00,231341,5824474,3951697,
2026-09-20T08:42:49.056596+00:00,231342,5824499,3952022,
2026-09-20T08:42:49.093886+00:00,231343,5824524,3952514,
2026-09-20T08:42:49.106500+00:00,231344,5824549,3952867,
2026-09-20T08:42:49.135984+00:00,231345,5824574,3952831,
2026-09-20T08:42:49.151551+00:00,231346,5824600,3952894,
2026-09-20T08:42:49.183793+00:00,231347,5824625,3953242,
2026-09-20T08:42:49.215823+00:00,231348,5824650,3953237,
2026-09-20T08:42:49.231823+00:00,231349,5824675,3952748,
2026-09-20T08:42:49.263468+00:00,231350,5824700,3951932,
2026-09-20T08:42:49.279755+00:00,231351,5824725,3951624,
2026-09-20T08:42:49.311899+00:00,231352,5824751,3951715,
2026-09-20T08:42:49.327895+00:00,231353,5824776,3951567,
2026-09-20T08:42:49.359892+00:00,231354,5824801,3951636,
2026-09-20T08:42:49.391892+00:00,231355,5824826,3952073,
2026-09-20T08:42:49.407895+00:00,231356,5824851,3951608,
2026-09-20T08:42:49.439894+00:00,231357,5824877,3951511,
2026-09-20T08:42:49.455892+00:00,231358,5824902,3951963,
2026-09-20T08:42:49.487897+00:00,231359,5824927,3952342,
2026-09-20T08:42:49.503893+00:00,231360,5824952,3952896,
2026-09-20T08:42:49.536067+00:00,231361,5824977,3952815,
2026-09-20T08:42:49.567670+00:00,231362,5825002,3953073,
2026-09-20T08:42:49.583856+00:00,231363,5825028,3953250,
2026-09-20T08:42:49.615869+00:00,231364,5825053,3953358,
2026-09-20T08:42:49.631749+00:00,231365,5825078,3953101,
2026-09-20T08:42:49.663763+00:00,231366,5825103,3953092,
2026-09-20T08:42:49.679570+00:00,231367,5825128,3953141,
2026-09-20T08:42:49.711736+00:00,231368,5825154,3952341,
2026-09-20T08:42:49.743680+00:00,231369,5825179,3951240,
2026-09-20T08:42:49.760001+00:00,231370,5825204,3951189,
2026-09-20T08:42:49.791924+00:00,231371,5825229,3950921,
2026-09-20T08:42:49.807922+00:00,231372,5825254,3950969,
2026-09-20T08:42:49.839898+00:00,231373,5825279,3951109,
2026-09-20T08:42:49.855843+00:00,231374,5825305,3951533,
2026-09-20T08:42:49.888081+00:00,231375,5825330,3951863,
2026-09-20T08:42:49.919521+00:00,231376,5825355,3951172,
2026-09-20T08:42:49.935422+00:00,231377,5825380,3950826,
2026-09-20T08:42:49.968184+00:00,231378,5825405,3950739,
2026-09-20T08:42:49.983770+00:00,231379,5825430,3950789,
2026-09-20T08:42:50.015744+00:00,231380,5825456,3951091,
2026-09-20T08:42:50.031787+00:00,231381,5825481,3950972,
2026-09-20T08:42:50.063216+00:00,231382,5825506,3951071,
2026-09-20T08:42:50.095131+00:00,231383,5825531,3951116,
2026-09-20T08:42:50.111422+00:00,231384,5825556,3951214,
2026-09-20T08:42:50.143864+00:00,231385,5825582,3951324,
2026-09-20T08:42:50.159730+00:00,231386,5825607,3950930,
2026-09-20T08:42:50.191731+00:00,231387,5825632,3950938,
2026-09-20T08:42:50.207939+00:00,231388,5825657,3951476,
2026-09-20T08:42:50.239410+00:00,231389,5825682,3952574,
2026-09-20T08:42:50.271863+00:00,231390,5825707,3952747,
2026-09-20T08:42:50.288455+00:00,231391,5825733,3952856,
2026-09-20T08:42:50.319704+00:00,231392,5825758,3952513,
2026-09-20T08:42:50.335897+00:00,231393,5825783,3952947,
2026-09-20T08:42:50.367658+00:00,231394,5825808,3952909,
2026-09-20T08:42:50.383780+00:00,231395,5825833,3952857,
2026-09-20T08:42:50.415775+00:00,231396,5825858,3953700,
2026-09-20T08:42:50.447899+00:00,231397,5825884,3954010,
2026-09-20T08:42:50.463010+00:00,231398,5825909,3954232,
2026-09-20T08:42:50.495585+00:00,231399,5825934,3954379,
2026-09-20T08:42:50.510868+00:00,231400,5825959,3955259,
2026-09-20T08:42:50.544621+00:00,231401,5825984,3956315,
2026-09-20T08:42:50.575539+00:00,231402,5826009,3956762,
2026-09-20T08:42:50.591319+00:00,231403,5826035,3957056,
2026-09-20T08:42:50.624016+00:00,231404,5826060,3958851,
2026-09-20T08:42:50.639999+00:00,231405,5826085,3961717,
2026-09-20T08:42:50.671520+00:00,231406,5826110,3964155,
2026-09-20T08:42:50.687716+00:00,231407,5826135,3968087,
2026-09-20T08:42:50.719972+00:00,231408,5826161,3975051,
2026-09-20T08:42:50.751536+00:00,231409,5826186,3985621,
2026-09-20T08:42:50.767760+00:00,231410,5826211,3999847,
2026-09-20T08:42:50.799829+00:00,231411,5826236,4021141,
2026-09-20T08:42:50.815715+00:00,231412,5826261,4050039,
2026-09-20T08:42:50.847730+00:00,231413,5826286,4081887,
2026-09-20T08:42:50.864227+00:00,231414,5826312,4112131,
2026-09-20T08:42:50.896227+00:00,231415,5826337,4137736,
2026-09-20T08:42:50.927228+00:00,231416,5826362,4160464,
2026-09-20T08:42:50.943227+00:00,231417,5826387,4178102,
2026-09-20T08:42:50.976246+00:00,231418,5826412,4186080,
2026-09-20T08:42:50.991481+00:00,231419,5826438,4186188,
2026-09-20T08:42:51.023238+00:00,231420,5826463,4181829,
2026-09-20T08:42:51.040227+00:00,231421,5826488,4169844,
2026-09-20T08:42:51.072248+00:00,231422,5826513,4148383,
2026-09-20T08:42:51.103649+00:00,231423,5826538,4120462,
2026-09-20T08:42:51.119557+00:00,231424,5826563,4093627,
2026-09-20T08:42:51.151871+00:00,231425,5826589,4073326,
2026-09-20T08:42:51.168040+00:00,231426,5826614,4056305,
2026-09-20T08:42:51.199709+00:00,231427,5826639,4040613,
2026-09-20T08:42:51.215679+00:00,231428,5826664,4023702,
2026-09-20T08:42:51.247652+00:00,231429,5826689,4008561,
2026-09-20T08:42:51.279694+00:00,231430,5826715,3995516,
2026-09-20T08:42:51.295692+00:00,231431,5826740,3981502,
2026-09-20T08:42:51.327700+00:00,231432,5826765,3972432,
2026-09-20T08:42:51.343699+00:00,231433,5826790,3969005,
2026-09-20T08:42:51.375725+00:00,231434,5826815,3962120,
2026-09-20T08:42:51.391068+00:00,231435,5826840,3955921,
2026-09-20T08:42:51.423697+00:00,231436,5826866,3953826,
2026-09-20T08:42:51.455692+00:00,231437,5826891,3950738,
2026-09-20T08:42:51.471713+00:00,231438,5826916,3947951,
2026-09-20T08:42:51.503821+00:00,231439,5826941,3943121,
2026-09-20T08:42:51.519780+00:00,231440,5826966,3937447,
2026-09-20T08:42:51.551669+00:00,231441,5826992,3938039,
2026-09-20T08:42:51.567535+00:00,231442,5827017,3938017,
2026-09-20T08:42:51.599685+00:00,231443,5827042,3929853,
2026-09-20T08:42:51.631704+00:00,231444,5827067,3921423,
2026-09-20T08:42:51.647705+00:00,231445,5827092,3916570,
2026-09-20T08:42:51.679711+00:00,231446,5827117,3906451,
2026-09-20T08:42:51.695694+00:00,231447,5827143,3877382,
2026-09-20T08:42:51.727375+00:00,231448,5827168,3812719,
2026-09-20T08:42:51.743404+00:00,231449,5827193,3724775,
2026-09-20T08:42:51.775423+00:00,231450,5827218,3635606,
2026-09-20T08:42:51.807698+00:00,231451,5827243,3556123,
2026-09-20T08:42:51.823884+00:00,231452,5827268,3527003,
2026-09-20T08:42:51.855698+00:00,231453,5827294,3584879,
2026-09-20T08:42:51.871493+00:00,231454,5827319,3678605,
2026-09-20T08:42:51.903729+00:00,231455,5827344,3760747,
2026-09-20T08:42:51.919724+00:00,231456,5827369,3822467,
2026-09-20T08:42:51.951716+00:00,231457,5827394,3864040,
2026-09-20T08:42:51.983699+00:00,231458,5827420,3892015,
2026-09-20T08:42:51.999779+00:00,231459,5827445,3910929,
2026-09-20T08:42:52.031635+00:00,231460,5827470,3922780,
2026-09-20T08:42:52.048431+00:00,231461,5827495,3931017,
2026-09-20T08:42:52.080874+00:00,231462,5827520,3936202,
2026-09-20T08:42:52.096181+00:00,231463,5827545,3940288,
2026-09-20T08:42:52.133180+00:00,231464,5827571,3942762,
2026-09-20T08:42:52.159707+00:00,231465,5827596,3944389,
2026-09-20T08:42:52.176962+00:00,231466,5827621,3945716,
2026-09-20T08:42:52.207689+00:00,231467,5827646,3947293,
2026-09-20T08:42:52.223684+00:00,231468,5827671,3948327,
2026-09-20T08:42:52.256337+00:00,231469,5827697,3949010,
2026-09-20T08:42:52.287679+00:00,231470,5827722,3949210,
2026-09-20T08:42:52.306891+00:00,231471,5827747,3949375,
2026-09-20T08:42:52.338068+00:00,231472,5827772,3949619,
2026-09-20T08:42:52.351674+00:00,231473,5827797,3949425,
2026-09-20T08:42:52.383698+00:00,231474,5827822,3949069,
2026-09-20T08:42:52.399711+00:00,231475,5827848,3949210,
2026-09-20T08:42:52.431988+00:00,231476,5827873,3950374,
2026-09-20T08:42:52.463683+00:00,231477,5827898,3950678,
2026-09-20T08:42:52.479654+00:00,231478,5827923,3950435,
2026-09-20T08:42:52.511668+00:00,231479,5827948,3950749,
2026-09-20T08:42:52.527689+00:00,231480,5827974,3950711,
2026-09-20T08:42:52.559886+00:00,231481,5827999,3951112,
2026-09-20T08:42:52.575712+00:00,231482,5828024,3951993,
2026-09-20T08:42:52.611622+00:00,231483,5828049,3951679,
2026-09-20T08:42:52.642663+00:00,231484,5828074,3951304,
2026-09-20T08:42:52.655692+00:00,231485,5828099,3951823,
2026-09-20T08:42:52.688091+00:00,231486,5828125,3952276,
2026-09-20T08:42:52.707822+00:00,231487,5828150,3952667,
2026-09-20T08:42:52.736956+00:00,231488,5828175,3952848,
2026-09-20T08:42:52.751452+00:00,231489,5828200,3953027,
2026-09-20T08:42:52.783489+00:00,231490,5828225,3952588,
2026-09-20T08:42:52.815773+00:00,231491,5828250,3952234,
2026-09-20T08:42:52.831711+00:00,231492,5828276,3952441,
2026-09-20T08:42:52.863715+00:00,231493,5828301,3952427,
2026-09-20T08:42:52.879686+00:00,231494,5828326,3952129,
2026-09-20T08:42:52.911706+00:00,231495,5828351,3952068,
2026-09-20T08:42:52.928567+00:00,231496,5828376,3952187,
2026-09-20T08:42:52.960518+00:00,231497,5828402,3952425,
2026-09-20T08:42:52.991617+00:00,231498,5828427,3952234,
2026-09-20T08:42:53.008775+00:00,231499,5828452,3952034,
2026-09-20T08:42:53.039651+00:00,231500,5828477,3951723,
2026-09-20T08:42:53.055718+00:00,231501,5828502,3951623,
2026-09-20T08:42:53.087135+00:00,231502,5828527,3951877,
2026-09-20T08:42:53.103433+00:00,231503,5828553,3952712,
2026-09-20T08:42:53.136033+00:00,231504,5828578,3952255,
2026-09-20T08:42:53.167706+00:00,231505,5828603,3951958,
2026-09-20T08:42:53.185986+00:00,231506,5828628,3952449,
2026-09-20T08:42:53.216223+00:00,231507,5828653,3952506,
2026-09-20T08:42:53.231697+00:00,231508,5828679,3952836,
2026-09-20T08:42:53.263688+00:00,231509,5828704,3952913,
2026-09-20T08:42:53.280234+00:00,231510,5828729,3952932,
2026-09-20T08:42:53.311612+00:00,231511,5828754,3952524,
2026-09-20T08:42:53.343722+00:00,231512,5828779,3952602,
2026-09-20T08:42:53.359895+00:00,231513,5828804,3952746,
2026-09-20T08:42:53.393009+00:00,231514,5828830,3952392,
2026-09-20T08:42:53.414685+00:00,231515,5828855,3952220,
2026-09-20T08:42:53.441998+00:00,231516,5828880,3952171,
2026-09-20T08:42:53.457298+00:00,231517,5828905,3952228,
2026-09-20T08:42:53.487656+00:00,231518,5828930,3952052,
2026-09-20T08:42:53.520314+00:00,231519,5828956,3952038,
2026-09-20T08:42:53.540770+00:00,231520,5828981,3952077,
2026-09-20T08:42:53.567676+00:00,231521,5829006,3951231,
2026-09-20T08:42:53.583664+00:00,231522,5829031,3951351,
2026-09-20T08:42:53.615650+00:00,231523,5829056,3951753,
2026-09-20T08:42:53.631641+00:00,231524,5829081,3951775,
2026-09-20T08:42:53.663661+00:00,231525,5829107,3952248,
2026-09-20T08:42:53.695647+00:00,231526,5829132,3951943,
2026-09-20T08:42:53.711636+00:00,231527,5829157,3952238,
2026-09-20T08:42:53.745728+00:00,231528,5829182,3951788,
2026-09-20T08:42:53.759729+00:00,231529,5829207,3951760,
2026-09-20T08:42:53.791693+00:00,231530,5829232,3952072,
2026-09-20T08:42:53.812561+00:00,231531,5829258,3952372,
2026-09-20T08:42:53.841147+00:00,231532,5829283,3952626,
2026-09-20T08:42:53.871672+00:00,231533,5829308,3952557,
2026-09-20T08:42:53.887670+00:00,231534,5829333,3952269,
2026-09-20T08:42:53.919656+00:00,231535,5829358,3952593,
2026-09-20T08:42:53.935644+00:00,231536,5829384,3951975,
2026-09-20T08:42:53.967677+00:00,231537,5829409,3951609,
2026-09-20T08:42:53.999725+00:00,231538,5829434,3951683,
2026-09-20T08:42:54.015662+00:00,231539,5829459,3952209,
2026-09-20T08:42:54.047677+00:00,231540,5829484,3952113,
2026-09-20T08:42:54.063654+00:00,231541,5829509,3952271,
2026-09-20T08:42:54.095521+00:00,231542,5829535,3952171,
2026-09-20T08:42:54.111634+00:00,231543,5829560,3952176,
2026-09-20T08:42:54.143622+00:00,231544,5829585,3951859,
2026-09-20T08:42:54.176321+00:00,231545,5829610,3951471,
2026-09-20T08:42:54.191920+00:00,231546,5829635,3952147,
2026-09-20T08:42:54.225530+00:00,231547,5829661,3952081,
2026-09-20T08:42:54.239640+00:00,231548,5829686,3952131,
2026-09-20T08:42:54.271620+00:00,231549,5829711,3952029,
2026-09-20T08:42:54.287413+00:00,231550,5829736,3951778,
2026-09-20T08:42:54.319582+00:00,231551,5829761,3952307,
2026-09-20T08:42:54.351586+00:00,231552,5829786,3952600,
2026-09-20T08:42:54.367661+00:00,231553,5829812,3952145,
2026-09-20T08:42:54.399666+00:00,231554,5829837,3952114,
2026-09-20T08:42:54.415965+00:00,231555,5829862,3952025,
2026-09-20T08:42:54.448703+00:00,231556,5829887,3952085,
2026-09-20T08:42:54.463628+00:00,231557,5829912,3951855,
2026-09-20T08:42:54.495423+00:00,231558,5829938,3952263,
2026-09-20T08:42:54.527633+00:00,231559,5829963,3952759,
2026-09-20T08:42:54.543399+00:00,231560,5829988,3952900,
2026-09-20T08:42:54.576383+00:00,231561,5830013,3952953,
2026-09-20T08:42:54.593028+00:00,231562,5830038,3952773,
2026-09-20T08:42:54.623657+00:00,231563,5830063,3952632,
2026-09-20T08:42:54.639617+00:00,231564,5830089,3952546,
2026-09-20T08:42:54.673211+00:00,231565,5830114,3952932,
2026-09-20T08:42:54.705719+00:00,231566,5830139,3953245,
2026-09-20T08:42:54.719641+00:00,231567,5830164,3953337,
2026-09-20T08:42:54.751551+00:00,231568,5830189,3953457,
2026-09-20T08:42:54.767601+00:00,231569,5830214,3953362,
2026-09-20T08:42:54.799647+00:00,231570,5830240,3953040,
2026-09-20T08:42:54.815717+00:00,231571,5830265,3953477,
2026-09-20T08:42:54.847621+00:00,231572,5830290,3953169,
2026-09-20T08:42:54.879651+00:00,231573,5830315,3953045,
2026-09-20T08:42:54.895660+00:00,231574,5830340,3953042,
2026-09-20T08:42:54.932461+00:00,231575,5830366,3953183,
2026-09-20T08:42:54.943322+00:00,231576,5830391,3953208,
2026-09-20T08:42:54.975615+00:00,231577,5830416,3952786,
2026-09-20T08:42:54.991640+00:00,231578,5830441,3953199,
2026-09-20T08:42:55.028112+00:00,231579,5830466,3953161,
2026-09-20T08:42:55.062039+00:00,231580,5830491,3953176,
2026-09-20T08:42:55.071649+00:00,231581,5830517,3953016,
2026-09-20T08:42:55.105457+00:00,231582,5830542,3953364,
2026-09-20T08:42:55.119613+00:00,231583,5830567,3953791,
2026-09-20T08:42:55.151558+00:00,231584,5830592,3953969,
2026-09-20T08:42:55.167601+00:00,231585,5830617,3953287,
2026-09-20T08:42:55.199531+00:00,231586,5830643,3953148,
2026-09-20T08:42:55.231626+00:00,231587,5830668,3954265,
2026-09-20T08:42:55.247635+00:00,231588,5830693,3954558,
2026-09-20T08:42:55.279643+00:00,231589,5830718,3954924,
2026-09-20T08:42:55.295626+00:00,231590,5830743,3955297,
2026-09-20T08:42:55.328605+00:00,231591,5830768,3955996,
2026-09-20T08:42:55.343646+00:00,231592,5830794,3956725,
2026-09-20T08:42:55.376758+00:00,231593,5830819,3957963,
2026-09-20T08:42:55.409555+00:00,231594,5830844,3960248,
2026-09-20T08:42:55.425482+00:00,231595,5830869,3961563,
2026-09-20T08:42:55.458745+00:00,231596,5830894,3964015,
2026-09-20T08:42:55.471871+00:00,231597,5830920,3969157,
2026-09-20T08:42:55.503597+00:00,231598,5830945,3975935,
2026-09-20T08:42:55.518967+00:00,231599,5830970,3985054,
2026-09-20T08:42:55.551970+00:00,231600,5830995,3995899,
2026-09-20T08:42:55.584667+00:00,231601,5831020,4008474,
2026-09-20T08:42:55.599625+00:00,231602,5831045,4026483,
2026-09-20T08:42:55.631636+00:00,231603,5831071,4052113,
2026-09-20T08:42:55.647639+00:00,231604,5831096,4082458,
2026-09-20T08:42:55.679635+00:00,231605,5831121,4115475,
2026-09-20T08:42:55.711587+00:00,231606,5831146,4145664,
2026-09-20T08:42:55.727622+00:00,231607,5831171,4173249,
2026-09-20T08:42:55.762116+00:00,231608,5831197,4196350,
2026-09-20T08:42:55.776357+00:00,231609,5831222,4208178,
2026-09-20T08:42:55.809896+00:00,231610,5831247,4206515,
2026-09-20T08:42:55.826328+00:00,231611,5831272,4197977,
2026-09-20T08:42:55.855774+00:00,231612,5831297,4183666,
2026-09-20T08:42:55.887599+00:00,231613,5831322,4158969,
2026-09-20T08:42:55.903586+00:00,231614,5831348,4129288,
2026-09-20T08:42:55.936578+00:00,231615,5831373,4108357,
2026-09-20T08:42:55.951567+00:00,231616,5831398,4096381,
2026-09-20T08:42:55.983596+00:00,231617,5831423,4079465,
2026-09-20T08:42:56.001051+00:00,231618,5831448,4060057,
2026-09-20T08:42:56.031251+00:00,231619,5831473,4042124,
2026-09-20T08:42:56.063190+00:00,231620,5831499,4027663,
2026-09-20T08:42:56.079485+00:00,231621,5831524,4018708,
2026-09-20T08:42:56.111581+00:00,231622,5831549,4008345,
2026-09-20T08:42:56.127573+00:00,231623,5831574,3995545,
2026-09-20T08:42:56.159570+00:00,231624,5831599,3990196,
2026-09-20T08:42:56.175618+00:00,231625,5831625,3989207,
2026-09-20T08:42:56.207300+00:00,231626,5831650,3980732,
2026-09-20T08:42:56.239621+00:00,231627,5831675,3966970,
2026-09-20T08:42:56.255010+00:00,231628,5831700,3954936,
2026-09-20T08:42:56.287626+00:00,231629,5831725,3947184,
2026-09-20T08:42:56.303602+00:00,231630,5831750,3942866,
2026-09-20T08:42:56.335567+00:00,231631,5831776,3929975,
2026-09-20T08:42:56.351565+00:00,231632,5831801,3908950,
2026-09-20T08:42:56.383578+00:00,231633,5831826,3886980,
2026-09-20T08:42:56.415628+00:00,231634,5831851,3861396,
2026-09-20T08:42:56.431595+00:00,231635,5831876,3831587,
2026-09-20T08:42:56.463567+00:00,231636,5831902,3790805,
2026-09-20T08:42:56.479592+00:00,231637,5831927,3717702,
2026-09-20T08:42:56.511629+00:00,231638,5831952,3627163,
2026-09-20T08:42:56.530042+00:00,231639,5831977,3555006,
2026-09-20T08:42:56.559587+00:00,231640,5832002,3527946,
2026-09-20T08:42:56.595076+00:00,231641,5832027,3575546,
2026-09-20T08:42:56.612069+00:00,231642,5832053,3661742,
2026-09-20T08:42:56.639586+00:00,231643,5832078,3741387,
2026-09-20T08:42:56.655554+00:00,231644,5832103,3804037,
2026-09-20T08:42:56.687568+00:00,231645,5832128,3850644,
2026-09-20T08:42:56.703556+00:00,231646,5832153,3884030,
2026-09-20T08:42:56.736027+00:00,231647,5832179,3905767,
2026-09-20T08:42:56.767702+00:00,231648,5832204,3919733,
2026-09-20T08:42:56.783660+00:00,231649,5832229,3930779,
2026-09-20T08:42:56.815577+00:00,231650,5832254,3938721,
2026-09-20T08:42:56.831552+00:00,231651,5832279,3943431,
2026-09-20T08:42:56.863563+00:00,231652,5832304,3946309,
2026-09-20T08:42:56.879551+00:00,231653,5832330,3947602,
2026-09-20T08:42:56.911574+00:00,231654,5832355,3949586,
2026-09-20T08:42:56.943573+00:00,231655,5832380,3950631,
2026-09-20T08:42:56.959552+00:00,231656,5832405,3950532,
2026-09-20T08:42:56.991578+00:00,231657,5832430,3950730,
2026-09-20T08:42:57.007594+00:00,231658,5832456,3951155,
2026-09-20T08:42:57.041741+00:00,231659,5832481,3951641,
2026-09-20T08:42:57.056794+00:00,231660,5832506,3951923,
2026-09-20T08:42:57.087467+00:00,231661,5832531,3952298,
2026-09-20T08:42:57.119589+00:00,231662,5832556,3952447,
2026-09-20T08:42:57.137384+00:00,231663,5832581,3952614,
2026-09-20T08:42:57.167569+00:00,231664,5832607,3952700,
2026-09-20T08:42:57.184658+00:00,231665,5832632,3953111,
2026-09-20T08:42:57.215581+00:00,231666,5832657,3953541,
2026-09-20T08:42:57.231587+00:00,231667,5832682,3953128,
2026-09-20T08:42:57.263723+00:00,231668,5832707,3953361,
2026-09-20T08:42:57.295531+00:00,231669,5832733,3953620,
2026-09-20T08:42:57.312454+00:00,231670,5832758,3953585,
2026-09-20T08:42:57.346598+00:00,231671,5832783,3953537,
2026-09-20T08:42:57.361706+00:00,231672,5832808,3953445,
2026-09-20T08:42:57.391146+00:00,231673,5832833,3953773,
2026-09-20T08:42:57.423595+00:00,231674,5832858,3954306,
2026-09-20T08:42:57.439556+00:00,231675,5832884,3954217,
2026-09-20T08:42:57.471563+00:00,231676,5832909,3954141,
2026-09-20T08:42:57.487575+00:00,231677,5832934,3953605,
2026-09-20T08:42:57.521335+00:00,231678,5832959,3953651,
2026-09-20T08:42:57.535652+00:00,231679,5832984,3953984,
2026-09-20T08:42:57.567580+00:00,231680,5833010,3954462,
2026-09-20T08:42:57.600449+00:00,231681,5833035,3954284,
2026-09-20T08:42:57.615590+00:00,231682,5833060,3954175,
2026-09-20T08:42:57.647595+00:00,231683,5833085,3954451,
2026-09-20T08:42:57.664088+00:00,231684,5833110,3954649,
2026-09-20T08:42:57.695588+00:00,231685,5833135,3954415,
2026-09-20T08:42:57.711589+00:00,231686,5833161,3954139,
2026-09-20T08:42:57.743544+00:00,231687,5833186,3953606,
2026-09-20T08:42:57.775563+00:00,231688,5833211,3954081,
2026-09-20T08:42:57.791612+00:00,231689,5833236,3954348,
2026-09-20T08:42:57.823584+00:00,231690,5833261,3954681,
2026-09-20T08:42:57.839531+00:00,231691,5833287,3954400,
2026-09-20T08:42:57.871557+00:00,231692,5833312,3954482,
2026-09-20T08:42:57.887562+00:00,231693,5833337,3954729,
2026-09-20T08:42:57.919306+00:00,231694,5833362,3954359,
2026-09-20T08:42:57.951120+00:00,231695,5833387,3953994,
2026-09-20T08:42:57.968667+00:00,231696,5833412,3953861,
2026-09-20T08:42:57.999536+00:00,231697,5833438,3954107,
2026-09-20T08:42:58.016821+00:00,231698,5833463,3954055,
2026-09-20T08:42:58.048649+00:00,231699,5833488,3954423,
2026-09-20T08:42:58.063545+00:00,231700,5833513,3954137,
2026-09-20T08:42:58.095706+00:00,231701,5833538,3954099,
2026-09-20T08:42:58.127575+00:00,231702,5833564,3954424,
2026-09-20T08:42:58.143551+00:00,231703,5833589,3954144,
2026-09-20T08:42:58.176811+00:00,231704,5833614,3954215,
2026-09-20T08:42:58.192089+00:00,231705,5833639,3954584,
2026-09-20T08:42:58.225086+00:00,231706,5833664,3954446,
2026-09-20T08:42:58.242606+00:00,231707,5833689,3954204,
2026-09-20T08:42:58.271610+00:00,231708,5833715,3954034,
2026-09-20T08:42:58.304544+00:00,231709,5833740,3953706,
2026-09-20T08:42:58.319447+00:00,231710,5833765,3953866,
2026-09-20T08:42:58.352215+00:00,231711,5833790,3954218,
2026-09-20T08:42:58.368028+00:00,231712,5833815,3954075,
2026-09-20T08:42:58.399559+00:00,231713,5833841,3954060,
2026-09-20T08:42:58.415573+00:00,231714,5833866,3954793,
2026-09-20T08:42:58.447541+00:00,231715,5833891,3954813,
2026-09-20T08:42:58.479581+00:00,231716,5833916,3954580,
2026-09-20T08:42:58.496604+00:00,231717,5833941,3954544,
2026-09-20T08:42:58.529594+00:00,231718,5833966,3954536,
2026-09-20T08:42:58.543515+00:00,231719,5833992,3954402,
2026-09-20T08:42:58.575535+00:00,231720,5834017,3954790,
2026-09-20T08:42:58.592588+00:00,231721,5834042,3954851,
2026-09-20T08:42:58.623564+00:00,231722,5834067,3954376,
2026-09-20T08:42:58.657690+00:00,231723,5834092,3954057,
2026-09-20T08:42:58.671555+00:00,231724,5834117,3954256,
2026-09-20T08:42:58.703376+00:00,231725,5834143,3954423,
2026-09-20T08:42:58.720355+00:00,231726,5834168,3954318,
2026-09-20T08:42:58.752344+00:00,231727,5834193,3954700,
2026-09-20T08:42:58.768260+00:00,231728,5834218,3954356,
2026-09-20T08:42:58.799555+00:00,231729,5834243,3954040,
2026-09-20T08:42:58.831553+00:00,231730,5834269,3954380,
2026-09-20T08:42:58.848704+00:00,231731,5834294,3954586,
2026-09-20T08:42:58.879836+00:00,231732,5834319,3954399,
2026-09-20T08:42:58.895299+00:00,231733,5834344,3954285,
2026-09-20T08:42:58.927550+00:00,231734,5834369,3954283,
2026-09-20T08:42:58.959551+00:00,231735,5834394,3954198,
2026-09-20T08:42:58.976629+00:00,231736,5834420,3954184,
2026-09-20T08:42:59.007202+00:00,231737,5834445,3954380,
2026-09-20T08:42:59.043208+00:00,231738,5834470,3953991,
2026-09-20T08:42:59.055224+00:00,231739,5834495,3954116,
2026-09-20T08:42:59.071205+00:00,231740,5834520,3953869,
2026-09-20T08:42:59.103236+00:00,231741,5834546,3954173,
2026-09-20T08:42:59.135203+00:00,231742,5834571,3954319,
2026-09-20T08:42:59.151521+00:00,231743,5834596,3954577,
2026-09-20T08:42:59.183690+00:00,231744,5834621,3954294,
2026-09-20T08:42:59.199489+00:00,231745,5834646,3954573,
2026-09-20T08:42:59.231491+00:00,231746,5834671,3954632,
2026-09-20T08:42:59.248170+00:00,231747,5834697,3954536,
2026-09-20T08:42:59.279480+00:00,231748,5834722,3954118,
2026-09-20T08:42:59.311504+00:00,231749,5834747,3953994,
2026-09-20T08:42:59.327288+00:00,231750,5834772,3953918,
2026-09-20T08:42:59.359794+00:00,231751,5834797,3953944,
2026-09-20T08:42:59.375490+00:00,231752,5834823,3954354,
2026-09-20T08:42:59.407539+00:00,231753,5834848,3954259,
2026-09-20T08:42:59.423505+00:00,231754,5834873,3954108,
2026-09-20T08:42:59.455500+00:00,231755,5834898,3953970,
2026-09-20T08:42:59.487607+00:00,231756,5834923,3953909,
2026-09-20T08:42:59.503657+00:00,231757,5834949,3954047,
2026-09-20T08:42:59.535625+00:00,231758,5834974,3954483,
2026-09-20T08:42:59.551627+00:00,231759,5834999,3954687,
2026-09-20T08:42:59.583627+00:00,231760,5835024,3954277,
2026-09-20T08:42:59.599494+00:00,231761,5835049,3954142,
2026-09-20T08:42:59.631519+00:00,231762,5835074,3954333,
2026-09-20T08:42:59.663065+00:00,231763,5835100,3954346,
2026-09-20T08:42:59.679478+00:00,231764,5835125,3954203,
2026-09-20T08:42:59.711922+00:00,231765,5835150,3954333,
2026-09-20T08:42:59.727625+00:00,231766,5835175,3954387,
2026-09-20T08:42:59.759477+00:00,231767,5835200,3954683,
2026-09-20T08:42:59.775490+00:00,231768,5835226,3954610,
2026-09-20T08:42:59.807496+00:00,231769,5835251,3954455,
2026-09-20T08:42:59.839885+00:00,231770,5835276,3954206,
2026-09-20T08:42:59.855940+00:00,231771,5835301,3954155,
2026-09-20T08:42:59.887481+00:00,231772,5835326,3954211,
2026-09-20T08:42:59.903506+00:00,231773,5835351,3954420,
2026-09-20T08:42:59.935564+00:00,231774,5835377,3954664,
2026-09-20T08:42:59.951566+00:00,231775,5835402,3954257,
2026-09-20T08:42:59.983495+00:00,231776,5835427,3954567,
2026-09-20T08:43:00.015788+00:00,231777,5835452,3954760,
2026-09-20T08:43:00.031480+00:00,231778,5835477,3954652,
2026-09-20T08:43:00.063467+00:00,231779,5835503,3954474,
2026-09-20T08:43:00.079344+00:00,231780,5835528,3954509,
2026-09-20T08:43:00.111504+00:00,231781,5835553,3954873,
2026-09-20T08:43:00.127521+00:00,231782,5835578,3954648,
2026-09-20T08:43:00.159521+00:00,231783,5835603,3954417,
2026-09-20T08:43:00.191451+00:00,231784,5835628,3954393,
2026-09-20T08:43:00.207473+00:00,231785,5835654,3954184,
2026-09-20T08:43:00.239424+00:00,231786,5835679,3953814,
2026-09-20T08:43:00.256199+00:00,231787,5835704,3953883,
2026-09-20T08:43:00.287247+00:00,231788,5835729,3954081,
2026-09-20T08:43:00.303252+00:00,231789,5835754,3954032,
2026-09-20T08:43:00.336044+00:00,231790,5835780,3954321,
2026-09-20T08:43:00.360812+00:00,231791,5835805,3954517,
2026-09-20T08:43:00.383487+00:00,231792,5835830,3954316,
2026-09-20T08:43:00.415452+00:00,231793,5835855,3954145,
2026-09-20T08:43:00.431478+00:00,231794,5835880,3954463,
2026-09-20T08:43:00.463455+00:00,231795,5835905,3954129,
2026-09-20T08:43:00.479471+00:00,231796,5835931,3954020,
2026-09-20T08:43:00.511254+00:00,231797,5835956,3954325,
2026-09-20T08:43:00.543456+00:00,231798,5835981,3954723,
2026-09-20T08:43:00.559450+00:00,231799,5836006,3954642,
2026-09-20T08:43:00.591472+00:00,231800,5836031,3954708,
2026-09-20T08:43:00.607465+00:00,231801,5836057,3954328,
2026-09-20T08:43:00.639518+00:00,231802,5836082,3954127,
2026-09-20T08:43:00.671430+00:00,231803,5836107,3953952,
2026-09-20T08:43:00.687427+00:00,231804,5836132,3953753,
2026-09-20T08:43:00.721428+00:00,231805,5836157,3953912,
2026-09-20T08:43:00.736430+00:00,231806,5836183,3954151,
2026-09-20T08:43:00.767466+00:00,231807,5836208,3954116,
2026-09-20T08:43:00.783468+00:00,231808,5836233,3953934,
2026-09-20T08:43:00.815428+00:00,231809,5836258,3954033,
2026-09-20T08:43:00.847429+00:00,231810,5836283,3954621,
2026-09-20T08:43:00.863436+00:00,231811,5836308,3954316,
2026-09-20T08:43:00.895464+00:00,231812,5836334,3954283,
2026-09-20T08:43:00.911429+00:00,231813,5836359,3954585,
2026-09-20T08:43:00.943429+00:00,231814,5836384,3954468,
2026-09-20T08:43:00.961321+00:00,231815,5836409,3954918,
2026-09-20T08:43:00.991260+00:00,231816,5836434,3954945,
2026-09-20T08:43:01.023343+00:00,231817,5836460,3954103,
2026-09-20T08:43:01.039527+00:00,231818,5836485,3953889,
2026-09-20T08:43:01.071464+00:00,231819,5836510,3954094,
2026-09-20T08:43:01.087460+00:00,231820,5836535,3954456,
2026-09-20T08:43:01.119487+00:00,231821,5836560,3953931,
2026-09-20T08:43:01.135461+00:00,231822,5836585,3953789,
2026-09-20T08:43:01.167468+00:00,231823,5836611,3953917,
2026-09-20T08:43:01.199455+00:00,231824,5836636,3953944,
2026-09-20T08:43:01.215461+00:00,231825,5836661,3954450,
2026-09-20T08:43:01.247217+00:00,231826,5836686,3954932,
2026-09-20T08:43:01.263471+00:00,231827,5836711,3954454,
2026-09-20T08:43:01.295142+00:00,231828,5836737,3953824,
2026-09-20T08:43:01.311539+00:00,231829,5836762,3953942,
2026-09-20T08:43:01.343452+00:00,231830,5836787,3954266,
2026-09-20T08:43:01.375023+00:00,231831,5836812,3954183,
2026-09-20T08:43:01.391485+00:00,231832,5836837,3954094,
2026-09-20T08:43:01.423429+00:00,231833,5836862,3954090,
2026-09-20T08:43:01.439816+00:00,231834,5836888,3954513,
2026-09-20T08:43:01.471438+00:00,231835,5836913,3954715,
2026-09-20T08:43:01.487434+00:00,231836,5836938,3954375,
2026-09-20T08:43:01.519835+00:00,231837,5836963,3954005,
2026-09-20T08:43:01.551453+00:00,231838,5836988,3954354,
2026-09-20T08:43:01.567570+00:00,231839,5837014,3954635,
2026-09-20T08:43:01.599436+00:00,231840,5837039,3954873,
2026-09-20T08:43:01.614909+00:00,231841,5837064,3954394,
2026-09-20T08:43:01.646947+00:00,231842,5837089,3954245,
2026-09-20T08:43:01.663424+00:00,231843,5837114,3954329,
2026-09-20T08:43:01.695476+00:00,231844,5837139,3953981,
2026-09-20T08:43:01.727439+00:00,231845,5837165,3954185,
2026-09-20T08:43:01.743437+00:00,231846,5837190,3954383,
2026-09-20T08:43:01.775621+00:00,231847,5837215,3954167,
2026-09-20T08:43:01.791066+00:00,231848,5837240,3954412,
2026-09-20T08:43:01.822902+00:00,231849,5837265,3954376,
2026-09-20T08:43:01.839497+00:00,231850,5837291,3954131,
2026-09-20T08:43:01.871446+00:00,231851,5837316,3954149,
2026-09-20T08:43:01.903437+00:00,231852,5837341,3953665,
2026-09-20T08:43:01.919274+00:00,231853,5837366,3953236,
2026-09-20T08:43:01.951446+00:00,231854,5837391,3953529,
2026-09-20T08:43:01.967455+00:00,231855,5837417,3953620,
2026-09-20T08:43:01.999264+00:00,231856,5837442,3953762,
2026-09-20T08:43:02.015473+00:00,231857,5837467,3954172,
2026-09-20T08:43:02.047454+00:00,231858,5837492,3954543,
2026-09-20T08:43:02.079951+00:00,231859,5837517,3954168,
2026-09-20T08:43:02.094952+00:00,231860,5837542,3954216,
2026-09-20T08:43:02.127471+00:00,231861,5837568,3954465,
2026-09-20T08:43:02.143450+00:00,231862,5837593,3954295,
2026-09-20T08:43:02.175457+00:00,231863,5837618,3953927,
2026-09-20T08:43:02.207360+00:00,231864,5837643,3953783,
2026-09-20T08:43:02.223107+00:00,231865,5837668,3954086,
2026-09-20T08:43:02.255439+00:00,231866,5837694,3954279,
2026-09-20T08:43:02.271287+00:00,231867,5837719,3954550,
2026-09-20T08:43:02.303109+00:00,231868,5837744,3953925,
2026-09-20T08:43:02.319272+00:00,231869,5837769,3953928,
2026-09-20T08:43:02.351513+00:00,231870,5837794,3954463,
2026-09-20T08:43:02.383422+00:00,231871,5837819,3954161,
2026-09-20T08:43:02.398892+00:00,231872,5837845,3954414,
2026-09-20T08:43:02.431433+00:00,231873,5837870,3954071,
2026-09-20T08:43:02.447740+00:00,231874,5837895,3954092,
2026-09-20T08:43:02.479406+00:00,231875,5837920,3953798,
2026-09-20T08:43:02.495415+00:00,231876,5837945,3953683,
2026-09-20T08:43:02.527170+00:00,231877,5837971,3954269,
2026-09-20T08:43:02.559440+00:00,231878,5837996,3954726,
2026-09-20T08:43:02.575387+00:00,231879,5838021,3954127,
2026-09-20T08:43:02.607415+00:00,231880,5838046,3953702,
2026-09-20T08:43:02.623424+00:00,231881,5838071,3953972,
2026-09-20T08:43:02.655407+00:00,231882,5838096,3954253,
2026-09-20T08:43:02.671804+00:00,231883,5838122,3953865,
2026-09-20T08:43:02.703415+00:00,231884,5838147,3954111,
2026-09-20T08:43:02.735402+00:00,231885,5838172,3954330,
2026-09-20T08:43:02.751449+00:00,231886,5838197,3954459,
2026-09-20T08:43:02.783419+00:00,231887,5838222,3954083,
2026-09-20T08:43:02.799448+00:00,231888,5838248,3954111,
2026-09-20T08:43:02.831417+00:00,231889,5838273,3953840,
2026-09-20T08:43:02.847174+00:00,231890,5838298,3953556,
2026-09-20T08:43:02.879417+00:00,231891,5838323,3953859,
2026-09-20T08:43:02.911399+00:00,231892,5838348,3953848,
2026-09-20T08:43:02.927403+00:00,231893,5838373,3953418,
2026-09-20T08:43:02.959396+00:00,231894,5838399,3953722,
2026-09-20T08:43:02.975890+00:00,231895,5838424,3954104,
2026-09-20T08:43:03.007395+00:00,231896,5838449,3954066,
2026-09-20T08:43:03.023403+00:00,231897,5838474,3954027,
2026-09-20T08:43:03.055478+00:00,231898,5838499,3953826,
2026-09-20T08:43:03.087405+00:00,231899,5838525,3954102,
2026-09-20T08:43:03.103601+00:00,231900,5838550,3954278,
2026-09-20T08:43:03.135420+00:00,231901,5838575,3954002,
2026-09-20T08:43:03.151413+00:00,231902,5838600,3953955,
2026-09-20T08:43:03.182775+00:00,231903,5838625,3954152,
2026-09-20T08:43:03.199441+00:00,231904,5838650,3954119,
2026-09-20T08:43:03.231424+00:00,231905,5838676,3954047,
2026-09-20T08:43:03.263394+00:00,231906,5838701,3953837,
2026-09-20T08:43:03.279390+00:00,231907,5838726,3953811,
2026-09-20T08:43:03.311436+00:00,231908,5838751,3954127,
2026-09-20T08:43:03.327396+00:00,231909,5838776,3954273,
2026-09-20T08:43:03.359390+00:00,231910,5838802,3954251,
2026-09-20T08:43:03.375398+00:00,231911,5838827,3954050,
2026-09-20T08:43:03.407394+00:00,231912,5838852,3953992,
2026-09-20T08:43:03.439424+00:00,231913,5838877,3953916,
2026-09-20T08:43:03.455322+00:00,231914,5838902,3953946,
2026-09-20T08:43:03.487401+00:00,231915,5838927,3954012,
2026-09-20T08:43:03.503599+00:00,231916,5838953,3954166,
2026-09-20T08:43:03.535413+00:00,231917,5838978,3954056,
2026-09-20T08:43:03.551227+00:00,231918,5839003,3953786,
2026-09-20T08:43:03.583418+00:00,231919,5839028,3953700,
2026-09-20T08:43:03.615713+00:00,231920,5839053,3953800,
2026-09-20T08:43:03.631409+00:00,231921,5839079,3954194,
2026-09-20T08:43:03.663370+00:00,231922,5839104,3953552,
2026-09-20T08:43:03.679386+00:00,231923,5839129,3953938,
2026-09-20T08:43:03.711401+00:00,231924,5839154,3954530,
2026-09-20T08:43:03.743388+00:00,231925,5839179,3953939,
2026-09-20T08:43:03.759011+00:00,231926,5839204,3953730,
2026-09-20T08:43:03.791396+00:00,231927,5839230,3954775,
2026-09-20T08:43:03.807401+00:00,231928,5839255,3954515,
2026-09-20T08:43:03.839382+00:00,231929,5839280,3954302,
2026-09-20T08:43:03.855182+00:00,231930,5839305,3954412,
2026-09-20T08:43:03.887371+00:00,231931,5839330,3954057,
2026-09-20T08:43:03.919388+00:00,231932,5839356,3954173,
2026-09-20T08:43:03.934906+00:00,231933,5839381,3954261,
2026-09-20T08:43:03.967373+00:00,231934,5839406,3953933,
2026-09-20T08:43:03.983388+00:00,231935,5839431,3954286,
2026-09-20T08:43:04.015390+00:00,231936,5839456,3954317,
2026-09-20T08:43:04.031385+00:00,231937,5839481,3953929,
2026-09-20T08:43:04.063412+00:00,231938,5839507,3954502,
2026-09-20T08:43:04.095371+00:00,231939,5839532,3954288,
2026-09-20T08:43:04.111460+00:00,231940,5839557,3954090,
2026-09-20T08:43:04.143293+00:00,231941,5839582,3954169,
2026-09-20T08:43:04.159374+00:00,231942,5839607,3954036,
2026-09-20T08:43:04.191371+00:00,231943,5839633,3953533,
2026-09-20T08:43:04.207368+00:00,231944,5839658,3953766,
2026-09-20T08:43:04.239390+00:00,231945,5839683,3954023,
2026-09-20T08:43:04.270883+00:00,231946,5839708,3954252,
2026-09-20T08:43:04.287360+00:00,231947,5839733,3954100,
2026-09-20T08:43:04.319286+00:00,231948,5839759,3953564,
2026-09-20T08:43:04.335739+00:00,231949,5839784,3953779,
2026-09-20T08:43:04.367403+00:00,231950,5839809,3953819,
2026-09-20T08:43:04.383070+00:00,231951,5839834,3953797,
2026-09-20T08:43:04.415371+00:00,231952,5839859,3953867,
2026-09-20T08:43:04.447366+00:00,231953,5839884,3954198,
2026-09-20T08:43:04.463353+00:00,231954,5839910,3954427,
2026-09-20T08:43:04.495369+00:00,231955,5839935,3954457,
2026-09-20T08:43:04.511381+00:00,231956,5839960,3954117,
2026-09-20T08:43:04.543396+00:00,231957,5839985,3953389,
2026-09-20T08:43:04.559364+00:00,231958,5840010,3953680,
2026-09-20T08:43:04.591414+00:00,231959,5840035,3953884,
2026-09-20T08:43:04.623364+00:00,231960,5840061,3953792,
2026-09-20T08:43:04.638824+00:00,231961,5840086,3953760,
2026-09-20T08:43:04.671353+00:00,231962,5840111,3953743,
2026-09-20T08:43:04.687381+00:00,231963,5840136,3953970,
2026-09-20T08:43:04.719853+00:00,231964,5840161,3954381,
2026-09-20T08:43:04.735364+00:00,231965,5840187,3953677,
2026-09-20T08:43:04.767438+00:00,231966,5840212,3953415,
2026-09-20T08:43:04.799350+00:00,231967,5840237,3953660,
2026-09-20T08:43:04.815792+00:00,231968,5840262,3953652,
2026-09-20T08:43:04.847101+00:00,231969,5840287,3953684,
2026-09-20T08:43:04.862958+00:00,231970,5840312,3953980,
2026-09-20T08:43:04.895357+00:00,231971,5840338,3953802,
2026-09-20T08:43:04.911607+00:00,231972,5840363,3953876,
2026-09-20T08:43:04.943223+00:00,231973,5840388,3954275,
2026-09-20T08:43:04.975205+00:00,231974,5840413,3954322,
2026-09-20T08:43:04.991064+00:00,231975,5840438,3954212,
2026-09-20T08:43:05.023692+00:00,231976,5840464,3953971,
2026-09-20T08:43:05.039736+00:00,231977,5840489,3953849,
2026-09-20T08:43:05.071707+00:00,231978,5840514,3953780,
2026-09-20T08:43:05.086668+00:00,231979,5840539,3953565,
2026-09-20T08:43:05.119676+00:00,231980,5840564,3953782,
2026-09-20T08:43:05.151675+00:00,231981,5840589,3953817,
2026-09-20T08:43:05.167339+00:00,231982,5840615,3953515,
2026-09-20T08:43:05.199768+00:00,231983,5840640,3954222,
2026-09-20T08:43:05.214994+00:00,231984,5840665,3954080,
2026-09-20T08:43:05.246962+00:00,231985,5840690,3953374,
2026-09-20T08:43:05.279432+00:00,231986,5840715,3953438,
2026-09-20T08:43:05.295456+00:00,231987,5840741,3953447,
2026-09-20T08:43:05.326928+00:00,231988,5840766,3953866,
2026-09-20T08:43:05.341489+00:00,231989,5840791,3954609,
2026-09-20T08:43:05.368713+00:00,231990,5840816,3954238,
2026-09-20T08:43:05.391337+00:00,231991,5840841,3954116,
2026-09-20T08:43:05.423504+00:00,231992,5840866,3954208,
2026-09-20T08:43:05.455385+00:00,231993,5840892,3954135,
2026-09-20T08:43:05.471479+00:00,231994,5840917,3954048,
2026-09-20T08:43:05.503419+00:00,231995,5840942,3953848,
2026-09-20T08:43:05.519364+00:00,231996,5840967,3953596,
2026-09-20T08:43:05.551369+00:00,231997,5840992,3953641,
2026-09-20T08:43:05.567348+00:00,231998,5841017,3953740,
2026-09-20T08:43:05.598776+00:00,231999,5841043,3953953,
2026-09-20T08:43:05.631404+00:00,232000,5841068,3953652,
2026-09-20T08:43:05.647328+00:00,232001,5841093,3953849,
2026-09-20T08:43:05.679374+00:00,232002,5841118,3953636,
2026-09-20T08:43:05.695184+00:00,232003,5841143,3953915,
2026-09-20T08:43:05.727278+00:00,232004,5841169,3953855,
2026-09-20T08:43:05.743339+00:00,232005,5841194,3953519,
2026-09-20T08:43:05.775008+00:00,232006,5841219,3953683,
2026-09-20T08:43:05.807011+00:00,232007,5841244,3953464,
2026-09-20T08:43:05.823004+00:00,232008,5841269,3953138,
2026-09-20T08:43:05.855331+00:00,232009,5841294,3953499,
2026-09-20T08:43:05.871099+00:00,232010,5841320,3953758,
2026-09-20T08:43:05.903334+00:00,232011,5841345,3953383,
2026-09-20T08:43:05.919332+00:00,232012,5841370,3953706,
2026-09-20T08:43:05.951450+00:00,232013,5841395,3953639,
2026-09-20T08:43:05.983314+00:00,232014,5841420,3953604,
2026-09-20T08:43:05.999374+00:00,232015,5841446,3953802,
2026-09-20T08:43:06.031326+00:00,232016,5841471,3953788,
2026-09-20T08:43:06.047323+00:00,232017,5841496,3953644,
2026-09-20T08:43:06.079370+00:00,232018,5841521,3953778,
2026-09-20T08:43:06.094574+00:00,232019,5841546,3953693,
2026-09-20T08:43:06.127313+00:00,232020,5841571,3953719,
2026-09-20T08:43:06.159329+00:00,232021,5841597,3954031,
2026-09-20T08:43:06.175340+00:00,232022,5841622,3953818,
2026-09-20T08:43:06.207040+00:00,232023,5841647,3953266,
2026-09-20T08:43:06.223114+00:00,232024,5841672,3953173,
2026-09-20T08:43:06.255072+00:00,232025,5841697,3953483,
2026-09-20T08:43:06.271099+00:00,232026,5841723,3953717,
2026-09-20T08:43:06.303226+00:00,232027,5841748,3954038,
2026-09-20T08:43:06.334919+00:00,232028,5841773,3953950,
2026-09-20T08:43:06.351315+00:00,232029,5841798,3954001,
2026-09-20T08:43:06.383321+00:00,232030,5841823,3954167,
2026-09-20T08:43:06.399025+00:00,232031,5841848,3953849,
2026-09-20T08:43:06.431342+00:00,232032,5841874,3953576,
2026-09-20T08:43:06.447325+00:00,232033,5841899,3953791,
2026-09-20T08:43:06.479329+00:00,232034,5841924,3953733,
2026-09-20T08:43:06.511540+00:00,232035,5841949,3953265,
2026-09-20T08:43:06.527670+00:00,232036,5841974,3953693,
2026-09-20T08:43:06.559319+00:00,232037,5842000,3953780,
2026-09-20T08:43:06.575335+00:00,232038,5842025,3953620,
2026-09-20T08:43:06.607329+00:00,232039,5842050,3953901,
2026-09-20T08:43:06.623344+00:00,232040,5842075,3953760,
2026-09-20T08:43:06.655718+00:00,232041,5842100,3953151,
2026-09-20T08:43:06.687294+00:00,232042,5842125,3953482,
2026-09-20T08:43:06.703354+00:00,232043,5842151,3953753,
2026-09-20T08:43:06.735139+00:00,232044,5842176,3953667,
2026-09-20T08:43:06.751317+00:00,232045,5842201,3953430,
2026-09-20T08:43:06.783016+00:00,232046,5842226,3953153,
2026-09-20T08:43:06.799362+00:00,232047,5842251,3953386,
2026-09-20T08:43:06.831306+00:00,232048,5842277,3953673,
2026-09-20T08:43:06.863298+00:00,232049,5842302,3953441,
2026-09-20T08:43:06.879256+00:00,232050,5842327,3953745,
2026-09-20T08:43:06.911306+00:00,232051,5842352,3953839,
2026-09-20T08:43:06.927308+00:00,232052,5842377,3953733,
2026-09-20T08:43:06.959346+00:00,232053,5842402,3953727,
2026-09-20T08:43:06.990881+00:00,232054,5842428,3953457,
2026-09-20T08:43:07.021882+00:00,232055,5842453,3953340,
2026-09-20T08:43:07.039883+00:00,232056,5842478,3953728,
2026-09-20T08:43:07.054880+00:00,232057,5842503,3953606,
2026-09-20T08:43:07.086881+00:00,232058,5842528,3953834,
2026-09-20T08:43:07.102881+00:00,232059,5842554,3953921,
2026-09-20T08:43:07.134881+00:00,232060,5842579,3953562,
2026-09-20T08:43:07.167300+00:00,232061,5842604,3953573,
2026-09-20T08:43:07.183314+00:00,232062,5842629,3954074,
2026-09-20T08:43:07.214928+00:00,232063,5842654,3953855,
2026-09-20T08:43:07.231320+00:00,232064,5842679,3953611,
2026-09-20T08:43:07.263293+00:00,232065,5842705,3953655,
2026-09-20T08:43:07.279535+00:00,232066,5842730,3953630,
2026-09-20T08:43:07.311286+00:00,232067,5842755,3953241,
2026-09-20T08:43:07.343286+00:00,232068,5842780,3953003,
2026-09-20T08:43:07.359295+00:00,232069,5842805,3953594,
2026-09-20T08:43:07.390864+00:00,232070,5842830,3953638,
2026-09-20T08:43:07.407293+00:00,232071,5842856,3953690,
2026-09-20T08:43:07.438990+00:00,232072,5842881,3953759,
2026-09-20T08:43:07.455295+00:00,232073,5842906,3953787,
2026-09-20T08:43:07.487293+00:00,232074,5842931,3953787,
2026-09-20T08:43:07.519281+00:00,232075,5842956,3953558,
2026-09-20T08:43:07.535282+00:00,232076,5842982,3953508,
2026-09-20T08:43:07.567298+00:00,232077,5843007,3953537,
2026-09-20T08:43:07.583281+00:00,232078,5843032,3953307,
2026-09-20T08:43:07.614809+00:00,232079,5843057,3953571,
2026-09-20T08:43:07.631181+00:00,232080,5843082,3953451,
2026-09-20T08:43:07.663295+00:00,232081,5843107,3953612,
2026-09-20T08:43:07.695279+00:00,232082,5843133,3954069,
2026-09-20T08:43:07.711291+00:00,232083,5843158,3953674,
2026-09-20T08:43:07.743311+00:00,232084,5843183,3953378,
2026-09-20T08:43:07.759299+00:00,232085,5843208,3953591,
2026-09-20T08:43:07.791281+00:00,232086,5843233,3953097,
2026-09-20T08:43:07.807297+00:00,232087,5843259,3953133,
2026-09-20T08:43:07.839274+00:00,232088,5843284,3953427,
2026-09-20T08:43:07.871409+00:00,232089,5843309,3953383,
2026-09-20T08:43:07.887311+00:00,232090,5843334,3953432,
2026-09-20T08:43:07.919321+00:00,232091,5843359,3953695,
2026-09-20T08:43:07.935323+00:00,232092,5843384,3954177,
2026-09-20T08:43:07.967131+00:00,232093,5843410,3953582,
2026-09-20T08:43:07.983291+00:00,232094,5843435,3953460,
2026-09-20T08:43:08.015641+00:00,232095,5843460,3953416,
2026-09-20T08:43:08.047289+00:00,232096,5843485,3952934,
2026-09-20T08:43:08.063273+00:00,232097,5843510,3953150,
2026-09-20T08:43:08.095273+00:00,232098,5843535,3953735,
2026-09-20T08:43:08.111279+00:00,232099,5843561,3953778,
2026-09-20T08:43:08.142745+00:00,232100,5843586,3953142,
2026-09-20T08:43:08.158868+00:00,232101,5843611,3953297,
2026-09-20T08:43:08.191279+00:00,232102,5843636,3953694,
2026-09-20T08:43:08.223266+00:00,232103,5843661,3953392,
2026-09-20T08:43:08.239263+00:00,232104,5843687,3953549,
2026-09-20T08:43:08.271015+00:00,232105,5843712,3954016,
2026-09-20T08:43:08.287267+00:00,232106,5843737,3953675,
2026-09-20T08:43:08.319328+00:00,232107,5843762,3953465,
2026-09-20T08:43:08.334731+00:00,232108,5843787,3953037,
2026-09-20T08:43:08.367304+00:00,232109,5843812,3953715,
2026-09-20T08:43:08.399297+00:00,232110,5843838,3953823,
2026-09-20T08:43:08.415280+00:00,232111,5843863,3953951,
2026-09-20T08:43:08.447264+00:00,232112,5843888,3953601,
2026-09-20T08:43:08.463625+00:00,232113,5843913,3953158,
2026-09-20T08:43:08.495257+00:00,232114,5843938,3953408,
2026-09-20T08:43:08.511276+00:00,232115,5843964,3954024,
2026-09-20T08:43:08.543271+00:00,232116,5843989,3953975,
2026-09-20T08:43:08.575252+00:00,232117,5844014,3953960,
2026-09-20T08:43:08.590920+00:00,232118,5844039,3953745,
2026-09-20T08:43:08.623259+00:00,232119,5844064,3953453,
2026-09-20T08:43:08.639259+00:00,232120,5844089,3953406,
2026-09-20T08:43:08.671249+00:00,232121,5844115,3953395,
2026-09-20T08:43:08.703257+00:00,232122,5844140,3953442,
2026-09-20T08:43:08.719301+00:00,232123,5844165,3953609,
2026-09-20T08:43:08.751317+00:00,232124,5844190,3953382,
2026-09-20T08:43:08.767397+00:00,232125,5844215,3953536,
2026-09-20T08:43:08.799238+00:00,232126,5844240,3953938,
2026-09-20T08:43:08.815252+00:00,232127,5844266,3953525,
2026-09-20T08:43:08.847167+00:00,232128,5844291,3953492,
2026-09-20T08:43:08.879178+00:00,232129,5844316,3953687,
2026-09-20T08:43:08.895570+00:00,232130,5844341,3953322,
2026-09-20T08:43:08.927248+00:00,232131,5844366,3953388,
2026-09-20T08:43:08.943294+00:00,232132,5844392,3953342,
2026-09-20T08:43:08.975244+00:00,232133,5844417,3953440,
2026-09-20T08:43:08.991267+00:00,232134,5844442,3953528,
2026-09-20T08:43:09.023253+00:00,232135,5844467,3953597,
2026-09-20T08:43:09.055252+00:00,232136,5844492,3953891,
2026-09-20T08:43:09.070555+00:00,232137,5844517,3953890,
2026-09-20T08:43:09.103293+00:00,232138,5844543,3953945,
2026-09-20T08:43:09.119248+00:00,232139,5844568,3954184,
2026-09-20T08:43:09.151277+00:00,232140,5844593,3953993,
2026-09-20T08:43:09.167140+00:00,232141,5844618,3953417,
2026-09-20T08:43:09.199277+00:00,232142,5844643,3953062,
2026-09-20T08:43:09.231243+00:00,232143,5844669,3953131,
2026-09-20T08:43:09.246917+00:00,232144,5844694,3953447,
2026-09-20T08:43:09.279245+00:00,232145,5844719,3953711,
2026-09-20T08:43:09.295364+00:00,232146,5844744,3953807,
2026-09-20T08:43:09.327238+00:00,232147,5844769,3953923,
2026-09-20T08:43:09.343248+00:00,232148,5844794,3954111,
2026-09-20T08:43:09.375239+00:00,232149,5844820,3953674,
2026-09-20T08:43:09.406566+00:00,232150,5844845,3953253,
2026-09-20T08:43:09.423085+00:00,232151,5844870,3953976,
2026-09-20T08:43:09.455241+00:00,232152,5844895,3953861,
2026-09-20T08:43:09.471258+00:00,232153,5844920,3953608,
2026-09-20T08:43:09.503784+00:00,232154,5844946,3953791,
2026-09-20T08:43:09.518647+00:00,232155,5844971,3953586,
2026-09-20T08:43:09.551280+00:00,232156,5844996,3953507,
2026-09-20T08:43:09.583234+00:00,232157,5845021,3953502,
2026-09-20T08:43:09.599238+00:00,232158,5845046,3953866,
2026-09-20T08:43:09.631249+00:00,232159,5845071,3953667,
2026-09-20T08:43:09.647256+00:00,232160,5845097,3953581,
2026-09-20T08:43:09.678901+00:00,232161,5845122,3953949,
2026-09-20T08:43:09.695665+00:00,232162,5845147,3953563,
2026-09-20T08:43:09.727243+00:00,232163,5845172,3953301,
2026-09-20T08:43:09.759239+00:00,232164,5845197,3953733,
2026-09-20T08:43:09.775177+00:00,232165,5845223,3954046,
2026-09-20T08:43:09.807333+00:00,232166,5845248,3953851,
2026-09-20T08:43:09.822823+00:00,232167,5845273,3953731,
2026-09-20T08:43:09.855231+00:00,232168,5845298,3953894,
2026-09-20T08:43:09.871295+00:00,232169,5845323,3954116,
2026-09-20T08:43:09.903229+00:00,232170,5845348,3953840,
2026-09-20T08:43:09.935554+00:00,232171,5845374,3953621,
2026-09-20T08:43:09.951534+00:00,232172,5845399,3953794,
2026-09-20T08:43:09.983248+00:00,232173,5845424,3953576,
2026-09-20T08:43:09.999197+00:00,232174,5845449,3953508,
2026-09-20T08:43:10.031222+00:00,232175,5845474,3953323,
2026-09-20T08:43:10.047220+00:00,232176,5845500,3952760,
2026-09-20T08:43:10.079221+00:00,232177,5845525,3953100,
2026-09-20T08:43:10.111230+00:00,232178,5845550,3953303,
2026-09-20T08:43:10.127219+00:00,232179,5845575,3953727,
2026-09-20T08:43:10.159218+00:00,232180,5845600,3953328,
2026-09-20T08:43:10.175224+00:00,232181,5845625,3953243,
2026-09-20T08:43:10.206706+00:00,232182,5845651,3953204,
2026-09-20T08:43:10.223199+00:00,232183,5845676,3953079,
2026-09-20T08:43:10.255212+00:00,232184,5845701,3953074,
2026-09-20T08:43:10.287039+00:00,232185,5845726,3953528,
2026-09-20T08:43:10.302915+00:00,232186,5845751,3953486,
2026-09-20T08:43:10.335113+00:00,232187,5845777,3953376,
2026-09-20T08:43:10.351227+00:00,232188,5845802,3953319,
2026-09-20T08:43:10.383227+00:00,232189,5845827,3953328,
2026-09-20T08:43:10.415222+00:00,232190,5845852,3953317,
2026-09-20T08:43:10.431230+00:00,232191,5845877,3953486,
2026-09-20T08:43:10.463213+00:00,232192,5845902,3953509,
2026-09-20T08:43:10.479241+00:00,232193,5845928,3953567,
2026-09-20T08:43:10.511289+00:00,232194,5845953,3953678,
2026-09-20T08:43:10.527237+00:00,232195,5845978,3953476,
2026-09-20T08:43:10.559206+00:00,232196,5846003,3953303,
2026-09-20T08:43:10.591230+00:00,232197,5846028,3953187,
2026-09-20T08:43:10.607222+00:00,232198,5846054,3953661,
2026-09-20T08:43:10.639213+00:00,232199,5846079,3953748,
2026-09-20T08:43:10.654831+00:00,232200,5846104,3953403,
2026-09-20T08:43:10.687215+00:00,232201,5846129,3953487,
2026-09-20T08:43:10.703203+00:00,232202,5846154,3953600,
2026-09-20T08:43:10.735205+00:00,232203,5846179,3953753,
2026-09-20T08:43:10.767242+00:00,232204,5846205,3954184,
2026-09-20T08:43:10.783275+00:00,232205,5846230,3953854,
2026-09-20T08:43:10.815182+00:00,232206,5846255,3953228,
2026-09-20T08:43:10.831194+00:00,232207,5846280,3953101,
2026-09-20T08:43:10.863219+00:00,232208,5846305,3952960,
2026-09-20T08:43:10.879214+00:00,232209,5846331,3953373,
2026-09-20T08:43:10.911330+00:00,232210,5846356,3953482,
2026-09-20T08:43:10.943202+00:00,232211,5846381,3953455,
2026-09-20T08:43:10.959216+00:00,232212,5846406,3953507,
2026-09-20T08:43:10.991550+00:00,232213,5846431,3953171,
2026-09-20T08:43:11.007014+00:00,232214,5846456,3953398,
2026-09-20T08:43:11.038963+00:00,232215,5846482,3953413,
2026-09-20T08:43:11.055225+00:00,232216,5846507,3953368,
2026-09-20T08:43:11.087249+00:00,232217,5846532,3953239,
2026-09-20T08:43:11.119226+00:00,232218,5846557,3953603,
2026-09-20T08:43:11.135370+00:00,232219,5846582,3953159,
2026-09-20T08:43:11.167215+00:00,232220,5846608,3953303,
2026-09-20T08:43:11.183641+00:00,232221,5846633,3953136,
2026-09-20T08:43:11.215207+00:00,232222,5846658,3953176,
2026-09-20T08:43:11.231193+00:00,232223,5846683,3953602,
2026-09-20T08:43:11.263290+00:00,232224,5846708,3953055,
2026-09-20T08:43:11.294975+00:00,232225,5846733,3953427,
2026-09-20T08:43:11.311214+00:00,232226,5846759,3953767,
2026-09-20T08:43:11.343030+00:00,232227,5846784,3954172,
2026-09-20T08:43:11.359069+00:00,232228,5846809,3953753,
2026-09-20T08:43:11.391272+00:00,232229,5846834,3953025,
2026-09-20T08:43:11.407293+00:00,232230,5846859,3953153,
2026-09-20T08:43:11.438489+00:00,232231,5846885,3953695,
2026-09-20T08:43:11.471185+00:00,232232,5846910,3954232,
2026-09-20T08:43:11.487183+00:00,232233,5846935,3954230,
2026-09-20T08:43:11.519188+00:00,232234,5846960,3953306,
2026-09-20T08:43:11.535525+00:00,232235,5846985,3953170,
2026-09-20T08:43:11.567060+00:00,232236,5847010,3953446,
2026-09-20T08:43:11.583174+00:00,232237,5847036,3953337,
2026-09-20T08:43:11.615183+00:00,232238,5847061,3953668,
2026-09-20T08:43:11.647188+00:00,232239,5847086,3953710,
2026-09-20T08:43:11.663170+00:00,232240,5847111,3953467,
2026-09-20T08:43:11.695102+00:00,232241,5847136,3953295,
2026-09-20T08:43:11.711114+00:00,232242,5847162,3953735,
2026-09-20T08:43:11.743171+00:00,232243,5847187,3953751,
2026-09-20T08:43:11.759358+00:00,232244,5847212,3953407,
2026-09-20T08:43:11.791184+00:00,232245,5847237,3953071,
2026-09-20T08:43:11.823184+00:00,232246,5847262,3953504,
2026-09-20T08:43:11.839169+00:00,232247,5847287,3953556,
2026-09-20T08:43:11.870941+00:00,232248,5847313,3953133,
2026-09-20T08:43:11.887612+00:00,232249,5847338,3952978,
2026-09-20T08:43:11.919171+00:00,232250,5847363,3953310,
2026-09-20T08:43:11.935548+00:00,232251,5847388,3953614,
2026-09-20T08:43:11.967216+00:00,232252,5847413,3953404,
2026-09-20T08:43:11.999180+00:00,232253,5847439,3952978,
2026-09-20T08:43:12.015264+00:00,232254,5847464,3953100,
2026-09-20T08:43:12.047231+00:00,232255,5847489,3953617,
2026-09-20T08:43:12.063267+00:00,232256,5847514,3954024,
2026-09-20T08:43:12.095158+00:00,232257,5847539,3953816,
2026-09-20T08:43:12.127186+00:00,232258,5847564,3953528,
2026-09-20T08:43:12.143170+00:00,232259,5847590,3953383,
2026-09-20T08:43:12.175167+00:00,232260,5847615,3953247,
2026-09-20T08:43:12.190999+00:00,232261,5847640,3952846,
2026-09-20T08:43:12.223159+00:00,232262,5847665,3953270,
2026-09-20T08:43:12.238961+00:00,232263,5847690,3953479,
2026-09-20T08:43:12.270775+00:00,232264,5847716,3953595,
2026-09-20T08:43:12.303195+00:00,232265,5847741,3953713,
2026-09-20T08:43:12.319191+00:00,232266,5847766,3953271,
2026-09-20T08:43:12.351040+00:00,232267,5847791,3953136,
2026-09-20T08:43:12.367176+00:00,232268,5847816,3953782,
2026-09-20T08:43:12.399164+00:00,232269,5847841,3953756,
2026-09-20T08:43:12.415165+00:00,232270,5847867,3953361,
2026-09-20T08:43:12.447175+00:00,232271,5847892,3953540,
2026-09-20T08:43:12.478994+00:00,232272,5847917,3953989,
2026-09-20T08:43:12.495022+00:00,232273,5847942,3953740,
2026-09-20T08:43:12.527163+00:00,232274,5847967,3953459,
2026-09-20T08:43:12.543182+00:00,232275,5847993,3953449,
2026-09-20T08:43:12.575188+00:00,232276,5848018,3953308,
2026-09-20T08:43:12.591175+00:00,232277,5848043,3953268,
2026-09-20T08:43:12.623154+00:00,232278,5848068,3953473,
2026-09-20T08:43:12.655095+00:00,232279,5848093,3953620,
2026-09-20T08:43:12.671238+00:00,232280,5848118,3953518,
2026-09-20T08:43:12.703171+00:00,232281,5848144,3953419,
2026-09-20T08:43:12.718613+00:00,232282,5848169,3952708,
2026-09-20T08:43:12.751198+00:00,232283,5848194,3953097,
2026-09-20T08:43:12.767152+00:00,232284,5848219,3953220,
2026-09-20T08:43:12.799193+00:00,232285,5848244,3953056,
2026-09-20T08:43:12.831151+00:00,232286,5848270,3953030,
2026-09-20T08:43:12.847197+00:00,232287,5848295,3953087,
2026-09-20T08:43:12.879156+00:00,232288,5848320,3953346,
2026-09-20T08:43:12.895168+00:00,232289,5848345,3953290,
2026-09-20T08:43:12.927064+00:00,232290,5848370,3953055,
2026-09-20T08:43:12.943141+00:00,232291,5848395,3952980,
2026-09-20T08:43:12.975023+00:00,232292,5848421,3953386,
2026-09-20T08:43:13.007147+00:00,232293,5848446,3953386,
2026-09-20T08:43:13.023167+00:00,232294,5848471,3952978,
2026-09-20T08:43:13.055145+00:00,232295,5848496,3953001,
2026-09-20T08:43:13.071416+00:00,232296,5848521,3953304,
2026-09-20T08:43:13.102791+00:00,232297,5848547,3953891,
2026-09-20T08:43:13.119137+00:00,232298,5848572,3953798,
2026-09-20T08:43:13.151145+00:00,232299,5848597,3953330,
2026-09-20T08:43:13.183135+00:00,232300,5848622,3953663,
2026-09-20T08:43:13.199154+00:00,232301,5848647,3953502,
2026-09-20T08:43:13.231139+00:00,232302,5848672,3952693,
2026-09-20T08:43:13.247165+00:00,232303,5848698,3952910,
2026-09-20T08:43:13.279133+00:00,232304,5848723,3952654,
2026-09-20T08:43:13.295144+00:00,232305,5848748,3953012,
2026-09-20T08:43:13.327567+00:00,232306,5848773,3953389,
2026-09-20T08:43:13.359100+00:00,232307,5848798,3953320,
2026-09-20T08:43:13.374461+00:00,232308,5848824,3953419,
2026-09-20T08:43:13.406455+00:00,232309,5848849,3953596,
2026-09-20T08:43:13.423143+00:00,232310,5848874,3953468,
2026-09-20T08:43:13.455133+00:00,232311,5848899,3953598,
2026-09-20T08:43:13.471138+00:00,232312,5848924,3953297,
2026-09-20T08:43:13.502752+00:00,232313,5848949,3953293,
2026-09-20T08:43:13.535100+00:00,232314,5848975,3953247,
2026-09-20T08:43:13.551130+00:00,232315,5849000,3953196,
2026-09-20T08:43:13.583133+00:00,232316,5849025,3953489,
2026-09-20T08:43:13.599125+00:00,232317,5849050,3953466,
2026-09-20T08:43:13.631241+00:00,232318,5849075,3953345,
2026-09-20T08:43:13.663121+00:00,232319,5849101,3953494,
2026-09-20T08:43:13.679135+00:00,232320,5849126,3953270,
2026-09-20T08:43:13.711186+00:00,232321,5849151,3953269,
2026-09-20T08:43:13.727137+00:00,232322,5849176,3953058,
2026-09-20T08:43:13.759382+00:00,232323,5849201,3952801,
2026-09-20T08:43:13.775127+00:00,232324,5849226,3953044,
2026-09-20T08:43:13.807118+00:00,232325,5849252,3953627,
2026-09-20T08:43:13.839418+00:00,232326,5849277,3953805,
2026-09-20T08:43:13.854739+00:00,232327,5849302,3953831,
2026-09-20T08:43:13.887031+00:00,232328,5849327,3954191,
2026-09-20T08:43:13.903141+00:00,232329,5849352,3953697,
2026-09-20T08:43:13.934841+00:00,232330,5849378,3953107,
2026-09-20T08:43:13.951501+00:00,232331,5849403,3953494,
2026-09-20T08:43:13.983118+00:00,232332,5849428,3953168,
2026-09-20T08:43:14.015304+00:00,232333,5849453,3952786,
2026-09-20T08:43:14.031137+00:00,232334,5849478,3953453,
2026-09-20T08:43:14.063108+00:00,232335,5849503,3953408,
2026-09-20T08:43:14.079125+00:00,232336,5849529,3953081,
2026-09-20T08:43:14.111173+00:00,232337,5849554,3952875,
2026-09-20T08:43:14.127126+00:00,232338,5849579,3952901,
2026-09-20T08:43:14.159114+00:00,232339,5849604,3953104,
2026-09-20T08:43:14.191127+00:00,232340,5849629,3952945,
2026-09-20T08:43:14.207130+00:00,232341,5849655,3952899,
2026-09-20T08:43:14.239133+00:00,232342,5849680,3953051,
2026-09-20T08:43:14.255123+00:00,232343,5849705,3953106,
2026-09-20T08:43:14.287122+00:00,232344,5849730,3953206,
2026-09-20T08:43:14.303105+00:00,232345,5849755,3953297,
2026-09-20T08:43:14.336395+00:00,232346,5849780,3953573,
2026-09-20T08:43:14.367097+00:00,232347,5849806,3953695,
2026-09-20T08:43:14.382834+00:00,232348,5849831,3953804,
2026-09-20T08:43:14.415114+00:00,232349,5849856,3953527,
2026-09-20T08:43:14.431109+00:00,232350,5849881,3953650,
2026-09-20T08:43:14.463021+00:00,232351,5849906,3953775,
2026-09-20T08:43:14.479146+00:00,232352,5849932,3953535,
2026-09-20T08:43:14.511078+00:00,232353,5849957,3953447,
2026-09-20T08:43:14.543112+00:00,232354,5849982,3953170,
2026-09-20T08:43:14.559129+00:00,232355,5850007,3953276,
2026-09-20T08:43:14.591124+00:00,232356,5850032,3953524,
2026-09-20T08:43:14.607103+00:00,232357,5850057,3953412,
2026-09-20T08:43:14.638975+00:00,232358,5850083,3953056,
2026-09-20T08:43:14.654925+00:00,232359,5850108,3953348,
2026-09-20T08:43:14.687098+00:00,232360,5850133,3953330,
2026-09-20T08:43:14.719247+00:00,232361,5850158,3953112,
2026-09-20T08:43:14.735355+00:00,232362,5850183,3953631,
2026-09-20T08:43:14.767135+00:00,232363,5850209,3953418,
2026-09-20T08:43:14.783104+00:00,232364,5850234,3953154,
2026-09-20T08:43:14.815103+00:00,232365,5850259,3952924,
2026-09-20T08:43:14.831110+00:00,232366,5850284,3953058,
2026-09-20T08:43:14.863167+00:00,232367,5850309,3952944,
2026-09-20T08:43:14.895090+00:00,232368,5850334,3953044,
2026-09-20T08:43:14.911102+00:00,232369,5850360,3953503,
2026-09-20T08:43:14.943094+00:00,232370,5850385,3953169,
2026-09-20T08:43:14.959100+00:00,232371,5850410,3953043,
2026-09-20T08:43:14.991101+00:00,232372,5850435,3952821,
2026-09-20T08:43:15.007109+00:00,232373,5850460,3952716,
2026-09-20T08:43:15.039104+00:00,232374,5850486,3952833,
2026-09-20T08:43:15.071138+00:00,232375,5850511,3952947,
2026-09-20T08:43:15.087120+00:00,232376,5850536,3953367,
2026-09-20T08:43:15.119112+00:00,232377,5850561,3953408,
2026-09-20T08:43:15.135141+00:00,232378,5850586,3953844,
2026-09-20T08:43:15.167127+00:00,232379,5850611,3953600,
2026-09-20T08:43:15.199094+00:00,232380,5850637,3953156,
2026-09-20T08:43:15.215113+00:00,232381,5850662,3953345,
2026-09-20T08:43:15.247149+00:00,232382,5850687,3953400,
2026-09-20T08:43:15.263132+00:00,232383,5850712,3953434,
2026-09-20T08:43:15.295353+00:00,232384,5850737,3953561,
2026-09-20T08:43:15.311108+00:00,232385,5850763,3953100,
2026-09-20T08:43:15.343092+00:00,232386,5850788,3952551,
2026-09-20T08:43:15.374637+00:00,232387,5850813,3952719,
2026-09-20T08:43:15.390836+00:00,232388,5850838,3953315,
2026-09-20T08:43:15.422704+00:00,232389,5850863,3953689,
2026-09-20T08:43:15.438616+00:00,232390,5850888,3953441,
2026-09-20T08:43:15.470808+00:00,232391,5850914,3953624,
2026-09-20T08:43:15.486966+00:00,232392,5850939,3953755,
2026-09-20T08:43:15.519154+00:00,232393,5850964,3953476,
2026-09-20T08:43:15.550903+00:00,232394,5850989,3953639,
2026-09-20T08:43:15.566972+00:00,232395,5851014,3953885,
2026-09-20T08:43:15.599075+00:00,232396,5851040,3953755,
2026-09-20T08:43:15.615092+00:00,232397,5851065,3953103,
2026-09-20T08:43:15.647086+00:00,232398,5851090,3953129,
2026-09-20T08:43:15.663087+00:00,232399,5851115,3953676,
2026-09-20T08:43:15.695088+00:00,232400,5851140,3953585,
2026-09-20T08:43:15.727078+00:00,232401,5851165,3953344,
2026-09-20T08:43:15.743078+00:00,232402,5851191,3952922,
2026-09-20T08:43:15.775085+00:00,232403,5851216,3953135,
2026-09-20T08:43:15.791130+00:00,232404,5851241,3953372,
2026-09-20T08:43:15.823078+00:00,232405,5851266,3953210,
2026-09-20T08:43:15.839075+00:00,232406,5851291,3953108,
2026-09-20T08:43:15.871061+00:00,232407,5851317,3952973,
2026-09-20T08:43:15.903089+00:00,232408,5851342,3953293,
2026-09-20T08:43:15.919078+00:00,232409,5851367,3953237,
2026-09-20T08:43:15.951023+00:00,232410,5851392,3953545,
2026-09-20T08:43:15.967117+00:00,232411,5851417,3954114,
2026-09-20T08:43:15.998746+00:00,232412,5851442,3954038,
2026-09-20T08:43:16.015075+00:00,232413,5851468,3953326,
2026-09-20T08:43:16.047058+00:00,232414,5851493,3953752,
2026-09-20T08:43:16.079064+00:00,232415,5851518,3954156,
2026-09-20T08:43:16.095078+00:00,232416,5851543,3953969,
2026-09-20T08:43:16.127079+00:00,232417,5851568,3954117,
2026-09-20T08:43:16.143109+00:00,232418,5851594,3954167,
2026-09-20T08:43:16.175078+00:00,232419,5851619,3954130,
2026-09-20T08:43:16.191139+00:00,232420,5851644,3953853,
2026-09-20T08:43:16.223088+00:00,232421,5851669,3953346,
2026-09-20T08:43:16.255178+00:00,232422,5851694,3953486,
2026-09-20T08:43:16.271174+00:00,232423,5851719,3953439,
2026-09-20T08:43:16.303103+00:00,232424,5851745,3953719,
2026-09-20T08:43:16.319478+00:00,232425,5851770,3954211,
2026-09-20T08:43:16.351053+00:00,232426,5851795,3954205,
2026-09-20T08:43:16.367123+00:00,232427,5851820,3953559,
2026-09-20T08:43:16.399103+00:00,232428,5851845,3953782,
2026-09-20T08:43:16.418530+00:00,232429,5851871,3953651,
2026-09-20T08:43:16.434278+00:00,232430,5851896,3953931,
2026-09-20T08:43:16.479041+00:00,232431,5851921,3953710,
2026-09-20T08:43:16.495062+00:00,232432,5851946,3953143,
2026-09-20T08:43:16.527060+00:00,232433,5851971,3952765,
2026-09-20T08:43:16.543046+00:00,232434,5851997,3953028,
2026-09-20T08:43:16.575057+00:00,232435,5852022,3953233,
2026-09-20T08:43:16.607065+00:00,232436,5852047,3953327,
2026-09-20T08:43:16.623077+00:00,232437,5852072,3953147,
2026-09-20T08:43:16.655060+00:00,232438,5852097,3953782,
2026-09-20T08:43:16.671085+00:00,232439,5852122,3953909,
2026-09-20T08:43:16.703130+00:00,232440,5852148,3953332,
