host_utc,seq,mcu_ms,raw,label
2026-09-20T07:42:29.381967+00:00,87617,2206285,3951784,
2026-09-20T07:42:29.397528+00:00,87618,2206310,3952415,
2026-09-20T07:42:29.429525+00:00,87619,2206335,3952563,
2026-09-20T07:42:29.462362+00:00,87620,2206361,3952789,
2026-09-20T07:42:29.477529+00:00,87621,2206386,3952760,
2026-09-20T07:42:29.510352+00:00,87622,2206411,3953066,
2026-09-20T07:42:29.526322+00:00,87623,2206436,3953601,
2026-09-20T07:42:29.557570+00:00,87624,2206461,3953290,
2026-09-20T07:42:29.590355+00:00,87625,2206486,3953254,
2026-09-20T07:42:29.605324+00:00,87626,2206512,3953216,
2026-09-20T07:42:29.637320+00:00,87627,2206537,3951766,
2026-09-20T07:42:29.653321+00:00,87628,2206562,3950579,
2026-09-20T07:42:29.686322+00:00,87629,2206587,3950639,
2026-09-20T07:42:29.714321+00:00,87630,2206612,3950981,
2026-09-20T07:42:29.734321+00:00,87631,2206637,3950627,
2026-09-20T07:42:29.766440+00:00,87632,2206663,3950535,
2026-09-20T07:42:29.782321+00:00,87633,2206688,3950936,
2026-09-20T07:42:29.814367+00:00,87634,2206713,3950977,
2026-09-20T07:42:29.830319+00:00,87635,2206738,3951206,
2026-09-20T07:42:29.862351+00:00,87636,2206763,3951146,
2026-09-20T07:42:29.877469+00:00,87637,2206788,3950992,
2026-09-20T07:42:29.910367+00:00,87638,2206814,3950481,
2026-09-20T07:42:29.941966+00:00,87639,2206839,3951307,
2026-09-20T07:42:29.958000+00:00,87640,2206864,3951304,
2026-09-20T07:42:29.990026+00:00,87641,2206889,3950943,
2026-09-20T07:42:30.005753+00:00,87642,2206914,3950509,
2026-09-20T07:42:30.038237+00:00,87643,2206940,3949588,
2026-09-20T07:42:30.053986+00:00,87644,2206965,3949412,
2026-09-20T07:42:30.085980+00:00,87645,2206990,3949490,
2026-09-20T07:42:30.117772+00:00,87646,2207015,3948620,
2026-09-20T07:42:30.133945+00:00,87647,2207040,3947947,
2026-09-20T07:42:30.166177+00:00,87648,2207065,3947559,
2026-09-20T07:42:30.181962+00:00,87649,2207091,3947631,
2026-09-20T07:42:30.213953+00:00,87650,2207116,3948150,
2026-09-20T07:42:30.229317+00:00,87651,2207141,3947721,
2026-09-20T07:42:30.261951+00:00,87652,2207166,3947081,
2026-09-20T07:42:30.293971+00:00,87653,2207191,3946472,
2026-09-20T07:42:30.311043+00:00,87654,2207216,3946982,
2026-09-20T07:42:30.343101+00:00,87655,2207242,3947508,
2026-09-20T07:42:30.358435+00:00,87656,2207267,3946868,
2026-09-20T07:42:30.389941+00:00,87657,2207292,3947155,
2026-09-20T07:42:30.405767+00:00,87658,2207317,3947613,
2026-09-20T07:42:30.438152+00:00,87659,2207342,3946838,
2026-09-20T07:42:30.470101+00:00,87660,2207367,3946821,
2026-09-20T07:42:30.485972+00:00,87661,2207393,3947355,
2026-09-20T07:42:30.517972+00:00,87662,2207418,3947687,
2026-09-20T07:42:30.535090+00:00,87663,2207443,3947856,
2026-09-20T07:42:30.567258+00:00,87664,2207468,3948189,
2026-09-20T07:42:30.581974+00:00,87665,2207493,3948380,
2026-09-20T07:42:30.613936+00:00,87666,2207518,3948787,
2026-09-20T07:42:30.646018+00:00,87667,2207544,3948665,
2026-09-20T07:42:30.661653+00:00,87668,2207569,3947998,
2026-09-20T07:42:30.693945+00:00,87669,2207594,3946803,
2026-09-20T07:42:30.709979+00:00,87670,2207619,3946921,
2026-09-20T07:42:30.742973+00:00,87671,2207644,3948308,
2026-09-20T07:42:30.760412+00:00,87672,2207669,3948801,
2026-09-20T07:42:30.794632+00:00,87673,2207695,3950055,
2026-09-20T07:42:30.822380+00:00,87674,2207720,3951540,
2026-09-20T07:42:30.837919+00:00,87675,2207745,3951967,
2026-09-20T07:42:30.869944+00:00,87676,2207770,3952526,
2026-09-20T07:42:30.885296+00:00,87677,2207795,3952745,
2026-09-20T07:42:30.917943+00:00,87678,2207820,3952723,
2026-09-20T07:42:30.933929+00:00,87679,2207846,3952897,
2026-09-20T07:42:30.965911+00:00,87680,2207871,3952447,
2026-09-20T07:42:30.997918+00:00,87681,2207896,3951497,
2026-09-20T07:42:31.013931+00:00,87682,2207921,3951016,
2026-09-20T07:42:31.045927+00:00,87683,2207946,3951291,
2026-09-20T07:42:31.061939+00:00,87684,2207972,3952061,
2026-09-20T07:42:31.093927+00:00,87685,2207997,3952733,
2026-09-20T07:42:31.109932+00:00,87686,2208022,3952023,
2026-09-20T07:42:31.144050+00:00,87687,2208047,3951588,
2026-09-20T07:42:31.175047+00:00,87688,2208072,3952669,
2026-09-20T07:42:31.190235+00:00,87689,2208097,3953190,
2026-09-20T07:42:31.221944+00:00,87690,2208123,3953397,
2026-09-20T07:42:31.238029+00:00,87691,2208148,3953838,
2026-09-20T07:42:31.270048+00:00,87692,2208173,3955091,
2026-09-20T07:42:31.286861+00:00,87693,2208198,3955710,
2026-09-20T07:42:31.318039+00:00,87694,2208223,3956064,
2026-09-20T07:42:31.351021+00:00,87695,2208248,3956610,
2026-09-20T07:42:31.375165+00:00,87696,2208274,3955818,
2026-09-20T07:42:31.397962+00:00,87697,2208299,3954748,
2026-09-20T07:42:31.413936+00:00,87698,2208324,3953487,
2026-09-20T07:42:31.445920+00:00,87699,2208349,3952281,
2026-09-20T07:42:31.461934+00:00,87700,2208374,3952242,
2026-09-20T07:42:31.493912+00:00,87701,2208399,3951786,
2026-09-20T07:42:31.527943+00:00,87702,2208425,3951079,
2026-09-20T07:42:31.541958+00:00,87703,2208450,3950800,
2026-09-20T07:42:31.573911+00:00,87704,2208475,3951734,
2026-09-20T07:42:31.589959+00:00,87705,2208500,3952982,
2026-09-20T07:42:31.621909+00:00,87706,2208525,3954099,
2026-09-20T07:42:31.637913+00:00,87707,2208550,3955938,
2026-09-20T07:42:31.669954+00:00,87708,2208576,3957755,
2026-09-20T07:42:31.701964+00:00,87709,2208601,3957895,
2026-09-20T07:42:31.718547+00:00,87710,2208626,3957421,
2026-09-20T07:42:31.750039+00:00,87711,2208651,3957880,
2026-09-20T07:42:31.769000+00:00,87712,2208676,3958278,
2026-09-20T07:42:31.799653+00:00,87713,2208701,3958535,
2026-09-20T07:42:31.829929+00:00,87714,2208727,3958912,
2026-09-20T07:42:31.846035+00:00,87715,2208752,3959110,
2026-09-20T07:42:31.877921+00:00,87716,2208777,3958209,
2026-09-20T07:42:31.894247+00:00,87717,2208802,3957638,
2026-09-20T07:42:31.925954+00:00,87718,2208827,3957573,
2026-09-20T07:42:31.943168+00:00,87719,2208852,3956614,
2026-09-20T07:42:31.974000+00:00,87720,2208878,3956053,
2026-09-20T07:42:32.005926+00:00,87721,2208903,3955827,
2026-09-20T07:42:32.022158+00:00,87722,2208928,3956579,
2026-09-20T07:42:32.054525+00:00,87723,2208953,3957135,
2026-09-20T07:42:32.070678+00:00,87724,2208978,3957049,
2026-09-20T07:42:32.101973+00:00,87725,2209004,3956728,
2026-09-20T07:42:32.119595+00:00,87726,2209029,3956847,
2026-09-20T07:42:32.150993+00:00,87727,2209054,3957245,
2026-09-20T07:42:32.181929+00:00,87728,2209079,3958067,
2026-09-20T07:42:32.197979+00:00,87729,2209104,3959547,
2026-09-20T07:42:32.232681+00:00,87730,2209129,3959086,
2026-09-20T07:42:32.246996+00:00,87731,2209155,3957915,
2026-09-20T07:42:32.263389+00:00,87732,2209180,3956969,
2026-09-20T07:42:32.294644+00:00,87733,2209205,3956856,
2026-09-20T07:42:32.325903+00:00,87734,2209230,3956878,
2026-09-20T07:42:32.360333+00:00,87735,2209255,3956805,
2026-09-20T07:42:32.375000+00:00,87736,2209280,3957556,
2026-09-20T07:42:32.405914+00:00,87737,2209306,3958024,
2026-09-20T07:42:32.422317+00:00,87738,2209331,3957145,
2026-09-20T07:42:32.453930+00:00,87739,2209356,3956230,
2026-09-20T07:42:32.469954+00:00,87740,2209381,3956225,
2026-09-20T07:42:32.503072+00:00,87741,2209406,3955759,
2026-09-20T07:42:32.535002+00:00,87742,2209431,3955278,
2026-09-20T07:42:32.551029+00:00,87743,2209457,3955672,
2026-09-20T07:42:32.581930+00:00,87744,2209482,3956184,
2026-09-20T07:42:32.597745+00:00,87745,2209507,3956034,
2026-09-20T07:42:32.629898+00:00,87746,2209532,3955888,
2026-09-20T07:42:32.645917+00:00,87747,2209557,3956430,
2026-09-20T07:42:32.677939+00:00,87748,2209582,3957954,
2026-09-20T07:42:32.709888+00:00,87749,2209608,3959089,
2026-09-20T07:42:32.725753+00:00,87750,2209633,3959148,
2026-09-20T07:42:32.757928+00:00,87751,2209658,3960481,
2026-09-20T07:42:32.773414+00:00,87752,2209683,3961307,
2026-09-20T07:42:32.805906+00:00,87753,2209708,3964113,
2026-09-20T07:42:32.821410+00:00,87754,2209733,3968917,
2026-09-20T07:42:32.853866+00:00,87755,2209759,3975275,
2026-09-20T07:42:32.886479+00:00,87756,2209784,3987038,
2026-09-20T07:42:32.901914+00:00,87757,2209809,4014763,
2026-09-20T07:42:32.933869+00:00,87758,2209834,4076024,
2026-09-20T07:42:32.951430+00:00,87759,2209859,4183799,
2026-09-20T07:42:32.982075+00:00,87760,2209885,4362193,
2026-09-20T07:42:32.997895+00:00,87761,2209910,4596060,
2026-09-20T07:42:33.029881+00:00,87762,2209935,4853663,
2026-09-20T07:42:33.061902+00:00,87763,2209960,5057426,
2026-09-20T07:42:33.077822+00:00,87764,2209985,5145195,
2026-09-20T07:42:33.109874+00:00,87765,2210010,5171975,
2026-09-20T07:42:33.125546+00:00,87766,2210036,5087439,
2026-09-20T07:42:33.157718+00:00,87767,2210061,4973104,
2026-09-20T07:42:33.173449+00:00,87768,2210086,4842304,
2026-09-20T07:42:33.205884+00:00,87769,2210111,4707934,
2026-09-20T07:42:33.237863+00:00,87770,2210136,4595329,
2026-09-20T07:42:33.253925+00:00,87771,2210161,4494389,
2026-09-20T07:42:33.285897+00:00,87772,2210187,4389092,
2026-09-20T07:42:33.301879+00:00,87773,2210212,4271693,
2026-09-20T07:42:33.333872+00:00,87774,2210237,4176452,
2026-09-20T07:42:33.349811+00:00,87775,2210262,4125009,
2026-09-20T07:42:33.381861+00:00,87776,2210287,4064523,
2026-09-20T07:42:33.413866+00:00,87777,2210312,4003640,
2026-09-20T07:42:33.429856+00:00,87778,2210338,3983636,
2026-09-20T07:42:33.461883+00:00,87779,2210363,3976142,
2026-09-20T07:42:33.477530+00:00,87780,2210388,3963051,
2026-09-20T07:42:33.509870+00:00,87781,2210413,3957692,
2026-09-20T07:42:33.525897+00:00,87782,2210438,3948340,
2026-09-20T07:42:33.557848+00:00,87783,2210464,3937955,
2026-09-20T07:42:33.589850+00:00,87784,2210489,3947674,
2026-09-20T07:42:33.605618+00:00,87785,2210514,3960761,
2026-09-20T07:42:33.637864+00:00,87786,2210539,3958588,
2026-09-20T07:42:33.653596+00:00,87787,2210564,3957699,
2026-09-20T07:42:33.685763+00:00,87788,2210589,3963005,
2026-09-20T07:42:33.702393+00:00,87789,2210615,3967482,
2026-09-20T07:42:33.733748+00:00,87790,2210640,3974056,
2026-09-20T07:42:33.765892+00:00,87791,2210665,3974907,
2026-09-20T07:42:33.781863+00:00,87792,2210690,3963475,
2026-09-20T07:42:33.813861+00:00,87793,2210715,3961506,
2026-09-20T07:42:33.829861+00:00,87794,2210740,3967030,
2026-09-20T07:42:33.861850+00:00,87795,2210766,3958111,
2026-09-20T07:42:33.877507+00:00,87796,2210791,3942116,
2026-09-20T07:42:33.909888+00:00,87797,2210816,3947232,
2026-09-20T07:42:33.941910+00:00,87798,2210841,3954281,
2026-09-20T07:42:33.957884+00:00,87799,2210866,3944241,
2026-09-20T07:42:33.989822+00:00,87800,2210891,3919876,
2026-09-20T07:42:34.005756+00:00,87801,2210917,3903618,
2026-09-20T07:42:34.038044+00:00,87802,2210942,3893661,
2026-09-20T07:42:34.069855+00:00,87803,2210967,3864787,
2026-09-20T07:42:34.085608+00:00,87804,2210992,3792337,
2026-09-20T07:42:34.117989+00:00,87805,2211017,3690317,
2026-09-20T07:42:34.134032+00:00,87806,2211042,3550243,
2026-09-20T07:42:34.165899+00:00,87807,2211068,3162053,
2026-09-20T07:42:34.181897+00:00,87808,2211093,2468460,
2026-09-20T07:42:34.213863+00:00,87809,2211118,1823269,
2026-09-20T07:42:34.245894+00:00,87810,2211143,1538249,
2026-09-20T07:42:34.261904+00:00,87811,2211168,1750629,
2026-09-20T07:42:34.294931+00:00,87812,2211194,2425647,
2026-09-20T07:42:34.311190+00:00,87813,2211219,3024591,
2026-09-20T07:42:34.341891+00:00,87814,2211244,3343748,
2026-09-20T07:42:34.363719+00:00,87815,2211269,3527308,
2026-09-20T07:42:34.389874+00:00,87816,2211294,3653769,
2026-09-20T07:42:34.421867+00:00,87817,2211319,3743855,
2026-09-20T07:42:34.437873+00:00,87818,2211345,3808982,
2026-09-20T07:42:34.469885+00:00,87819,2211370,3856069,
2026-09-20T07:42:34.486431+00:00,87820,2211395,3887114,
2026-09-20T07:42:34.519886+00:00,87821,2211420,3906830,
2026-09-20T07:42:34.534612+00:00,87822,2211445,3920204,
2026-09-20T07:42:34.567007+00:00,87823,2211470,3929600,
2026-09-20T07:42:34.600369+00:00,87824,2211496,3934972,
2026-09-20T07:42:34.615212+00:00,87825,2211521,3939531,
2026-09-20T07:42:34.645494+00:00,87826,2211546,3942178,
2026-09-20T07:42:34.662467+00:00,87827,2211571,3943873,
2026-09-20T07:42:34.694007+00:00,87828,2211596,3946161,
2026-09-20T07:42:34.710954+00:00,87829,2211621,3950495,
2026-09-20T07:42:34.741843+00:00,87830,2211647,3954237,
2026-09-20T07:42:34.774467+00:00,87831,2211672,3957051,
2026-09-20T07:42:34.790298+00:00,87832,2211697,3959132,
2026-09-20T07:42:34.821883+00:00,87833,2211722,3959619,
2026-09-20T07:42:34.837987+00:00,87834,2211747,3958621,
2026-09-20T07:42:34.869855+00:00,87835,2211772,3957687,
2026-09-20T07:42:34.886017+00:00,87836,2211798,3955392,
2026-09-20T07:42:34.918089+00:00,87837,2211823,3951513,
2026-09-20T07:42:34.951035+00:00,87838,2211848,3947292,
2026-09-20T07:42:34.972119+00:00,87839,2211873,3946065,
2026-09-20T07:42:34.997860+00:00,87840,2211898,3947084,
2026-09-20T07:42:35.013856+00:00,87841,2211923,3948994,
2026-09-20T07:42:35.045875+00:00,87842,2211949,3952111,
2026-09-20T07:42:35.062738+00:00,87843,2211974,3955608,
2026-09-20T07:42:35.093933+00:00,87844,2211999,3956541,
2026-09-20T07:42:35.127977+00:00,87845,2212024,3958596,
2026-09-20T07:42:35.143049+00:00,87846,2212049,3960137,
2026-09-20T07:42:35.174293+00:00,87847,2212075,3958320,
2026-09-20T07:42:35.190097+00:00,87848,2212100,3955429,
2026-09-20T07:42:35.222230+00:00,87849,2212125,3954169,
2026-09-20T07:42:35.239070+00:00,87850,2212150,3952936,
2026-09-20T07:42:35.269874+00:00,87851,2212175,3952887,
2026-09-20T07:42:35.301878+00:00,87852,2212200,3954595,
2026-09-20T07:42:35.317627+00:00,87853,2212226,3953460,
2026-09-20T07:42:35.352081+00:00,87854,2212251,3951698,
2026-09-20T07:42:35.365811+00:00,87855,2212276,3953531,
2026-09-20T07:42:35.397859+00:00,87856,2212301,3954209,
2026-09-20T07:42:35.413866+00:00,87857,2212326,3953406,
2026-09-20T07:42:35.445865+00:00,87858,2212351,3955149,
2026-09-20T07:42:35.477879+00:00,87859,2212377,3959075,
2026-09-20T07:42:35.494945+00:00,87860,2212402,3964828,
2026-09-20T07:42:35.525871+00:00,87861,2212427,3969460,
2026-09-20T07:42:35.542746+00:00,87862,2212452,3971055,
2026-09-20T07:42:35.573808+00:00,87863,2212477,3971370,
2026-09-20T07:42:35.589995+00:00,87864,2212502,3973240,
2026-09-20T07:42:35.621756+00:00,87865,2212528,3974637,
2026-09-20T07:42:35.653619+00:00,87866,2212553,3972783,
2026-09-20T07:42:35.669804+00:00,87867,2212578,3972339,
2026-09-20T07:42:35.701844+00:00,87868,2212603,3973590,
2026-09-20T07:42:35.717850+00:00,87869,2212628,3974772,
2026-09-20T07:42:35.749969+00:00,87870,2212653,3977003,
2026-09-20T07:42:35.767038+00:00,87871,2212679,3981409,
2026-09-20T07:42:35.797937+00:00,87872,2212704,3984179,
2026-09-20T07:42:35.830894+00:00,87873,2212729,3984047,
2026-09-20T07:42:35.845657+00:00,87874,2212754,3982014,
2026-09-20T07:42:35.877817+00:00,87875,2212779,3979501,
2026-09-20T07:42:35.893805+00:00,87876,2212804,3975493,
2026-09-20T07:42:35.925881+00:00,87877,2212830,3972903,
2026-09-20T07:42:35.941831+00:00,87878,2212855,3973097,
2026-09-20T07:42:35.973799+00:00,87879,2212880,3972094,
2026-09-20T07:42:36.007489+00:00,87880,2212905,3969684,
2026-09-20T07:42:36.021816+00:00,87881,2212930,3969055,
2026-09-20T07:42:36.053957+00:00,87882,2212956,3969615,
2026-09-20T07:42:36.069864+00:00,87883,2212981,3970015,
2026-09-20T07:42:36.102023+00:00,87884,2213006,3972660,
2026-09-20T07:42:36.117837+00:00,87885,2213031,3976278,
2026-09-20T07:42:36.150985+00:00,87886,2213056,3980689,
2026-09-20T07:42:36.181810+00:00,87887,2213081,3990906,
2026-09-20T07:42:36.197614+00:00,87888,2213107,4008351,
2026-09-20T07:42:36.230587+00:00,87889,2213132,4038076,
2026-09-20T07:42:36.246442+00:00,87890,2213157,4085714,
2026-09-20T07:42:36.277885+00:00,87891,2213182,4180804,
2026-09-20T07:42:36.310499+00:00,87892,2213207,4482949,
2026-09-20T07:42:36.325538+00:00,87893,2213232,5108497,
2026-09-20T07:42:36.358380+00:00,87894,2213258,5733426,
2026-09-20T07:42:36.373617+00:00,87895,2213283,6148982,
2026-09-20T07:42:36.405796+00:00,87896,2213308,6370096,
2026-09-20T07:42:36.422769+00:00,87897,2213333,6358264,
2026-09-20T07:42:36.453727+00:00,87898,2213358,6139815,
2026-09-20T07:42:36.485805+00:00,87899,2213383,5903511,
2026-09-20T07:42:36.501847+00:00,87900,2213409,5737851,
2026-09-20T07:42:36.535006+00:00,87901,2213434,5608544,
2026-09-20T07:42:36.550860+00:00,87902,2213459,5481658,
2026-09-20T07:42:36.581816+00:00,87903,2213484,5311592,
2026-09-20T07:42:36.598025+00:00,87904,2213509,5089597,
2026-09-20T07:42:36.629788+00:00,87905,2213534,4885605,
2026-09-20T07:42:36.661785+00:00,87906,2213560,4750051,
2026-09-20T07:42:36.677773+00:00,87907,2213585,4639881,
2026-09-20T07:42:36.709801+00:00,87908,2213610,4508406,
2026-09-20T07:42:36.727550+00:00,87909,2213635,4360122,
2026-09-20T07:42:36.760946+00:00,87910,2213660,4241441,
2026-09-20T07:42:36.773808+00:00,87911,2213686,4169634,
2026-09-20T07:42:36.805774+00:00,87912,2213711,4119047,
2026-09-20T07:42:36.837800+00:00,87913,2213736,4086231,
2026-09-20T07:42:36.853790+00:00,87914,2213761,4066287,
2026-09-20T07:42:36.885813+00:00,87915,2213786,4050709,
2026-09-20T07:42:36.901840+00:00,87916,2213811,4043828,
2026-09-20T07:42:36.934522+00:00,87917,2213837,4049403,
2026-09-20T07:42:36.949819+00:00,87918,2213862,4040440,
2026-09-20T07:42:36.981764+00:00,87919,2213887,4020898,
2026-09-20T07:42:37.013765+00:00,87920,2213912,4025440,
2026-09-20T07:42:37.029755+00:00,87921,2213937,4033493,
2026-09-20T07:42:37.061779+00:00,87922,2213962,4024753,
2026-09-20T07:42:37.077802+00:00,87923,2213988,4017095,
2026-09-20T07:42:37.109824+00:00,87924,2214013,4018236,
2026-09-20T07:42:37.125804+00:00,87925,2214038,4018400,
2026-09-20T07:42:37.157774+00:00,87926,2214063,4018628,
2026-09-20T07:42:37.189786+00:00,87927,2214088,4011548,
2026-09-20T07:42:37.205473+00:00,87928,2214113,3998855,
2026-09-20T07:42:37.237978+00:00,87929,2214139,3987882,
2026-09-20T07:42:37.253841+00:00,87930,2214164,3989730,
2026-09-20T07:42:37.285764+00:00,87931,2214189,4001917,
2026-09-20T07:42:37.301751+00:00,87932,2214214,4009515,
2026-09-20T07:42:37.333779+00:00,87933,2214239,4009720,
2026-09-20T07:42:37.365390+00:00,87934,2214264,4008955,
2026-09-20T07:42:37.381805+00:00,87935,2214290,4006729,
2026-09-20T07:42:37.414588+00:00,87936,2214315,3996917,
2026-09-20T07:42:37.429759+00:00,87937,2214340,3987199,
2026-09-20T07:42:37.461753+00:00,87938,2214365,3982861,
2026-09-20T07:42:37.477785+00:00,87939,2214390,3973052,
2026-09-20T07:42:37.509762+00:00,87940,2214415,3955734,
2026-09-20T07:42:37.541467+00:00,87941,2214441,3952463,
2026-09-20T07:42:37.557817+00:00,87942,2214466,3960510,
2026-09-20T07:42:37.591580+00:00,87943,2214491,3946350,
2026-09-20T07:42:37.605935+00:00,87944,2214516,3890634,
2026-09-20T07:42:37.639189+00:00,87945,2214541,3818026,
2026-09-20T07:42:37.653889+00:00,87946,2214566,3759999,
2026-09-20T07:42:37.685390+00:00,87947,2214592,3694899,
2026-09-20T07:42:37.717802+00:00,87948,2214617,3549694,
2026-09-20T07:42:37.736153+00:00,87949,2214642,3268609,
2026-09-20T07:42:37.765795+00:00,87950,2214667,2922624,
2026-09-20T07:42:37.781910+00:00,87951,2214692,2641776,
2026-09-20T07:42:37.813789+00:00,87952,2214718,2455661,
2026-09-20T07:42:37.829808+00:00,87953,2214743,2336151,
2026-09-20T07:42:37.864865+00:00,87954,2214768,2276477,
2026-09-20T07:42:37.893786+00:00,87955,2214793,2282191,
2026-09-20T07:42:37.911372+00:00,87956,2214818,2335821,
2026-09-20T07:42:37.941424+00:00,87957,2214843,2402160,
2026-09-20T07:42:37.957682+00:00,87958,2214869,2458836,
2026-09-20T07:42:37.990605+00:00,87959,2214894,2508222,
2026-09-20T07:42:38.005927+00:00,87960,2214919,2555789,
2026-09-20T07:42:38.037778+00:00,87961,2214944,2580934,
2026-09-20T07:42:38.069724+00:00,87962,2214969,2526859,
2026-09-20T07:42:38.085729+00:00,87963,2214994,2363025,
2026-09-20T07:42:38.117751+00:00,87964,2215020,2440246,
2026-09-20T07:42:38.133833+00:00,87965,2215045,2784408,
2026-09-20T07:42:38.166820+00:00,87966,2215070,3093060,
2026-09-20T07:42:38.181768+00:00,87967,2215095,3327190,
2026-09-20T07:42:38.213754+00:00,87968,2215120,3502582,
2026-09-20T07:42:38.245748+00:00,87969,2215145,3631571,
2026-09-20T07:42:38.261734+00:00,87970,2215171,3724126,
2026-09-20T07:42:38.293815+00:00,87971,2215196,3789986,
2026-09-20T07:42:38.309860+00:00,87972,2215221,3836518,
2026-09-20T07:42:38.341593+00:00,87973,2215246,3867629,
2026-09-20T07:42:38.357594+00:00,87974,2215271,3890004,
2026-09-20T07:42:38.389749+00:00,87975,2215297,3904930,
2026-09-20T07:42:38.421540+00:00,87976,2215322,3913224,
2026-09-20T07:42:38.437325+00:00,87977,2215347,3918880,
2026-09-20T07:42:38.469760+00:00,87978,2215372,3924287,
2026-09-20T07:42:38.485747+00:00,87979,2215397,3928314,
2026-09-20T07:42:38.517735+00:00,87980,2215422,3930778,
2026-09-20T07:42:38.549770+00:00,87981,2215448,3932336,
2026-09-20T07:42:38.565786+00:00,87982,2215473,3932020,
2026-09-20T07:42:38.597802+00:00,87983,2215498,3931479,
2026-09-20T07:42:38.613791+00:00,87984,2215523,3932573,
2026-09-20T07:42:38.645785+00:00,87985,2215548,3934883,
2026-09-20T07:42:38.661792+00:00,87986,2215573,3936258,
2026-09-20T07:42:38.693773+00:00,87987,2215599,3936973,
2026-09-20T07:42:38.725782+00:00,87988,2215624,3937259,
2026-09-20T07:42:38.742913+00:00,87989,2215649,3938448,
2026-09-20T07:42:38.773743+00:00,87990,2215674,3938360,
2026-09-20T07:42:38.793532+00:00,87991,2215699,3937370,
2026-09-20T07:42:38.822105+00:00,87992,2215724,3938692,
2026-09-20T07:42:38.837331+00:00,87993,2215750,3940150,
2026-09-20T07:42:38.869394+00:00,87994,2215775,3941247,
2026-09-20T07:42:38.901765+00:00,87995,2215800,3940664,
2026-09-20T07:42:38.917744+00:00,87996,2215825,3938546,
2026-09-20T07:42:38.950072+00:00,87997,2215850,3937709,
2026-09-20T07:42:38.969920+00:00,87998,2215875,3938934,
2026-09-20T07:42:38.997817+00:00,87999,2215901,3939602,
2026-09-20T07:42:39.013727+00:00,88000,2215926,3940374,
2026-09-20T07:42:39.046417+00:00,88001,2215951,3941020,
2026-09-20T07:42:39.077386+00:00,88002,2215976,3941238,
2026-09-20T07:42:39.093786+00:00,88003,2216001,3941976,
2026-09-20T07:42:39.115776+00:00,88004,2216026,3943278,
2026-09-20T07:42:39.141714+00:00,88005,2216052,3944211,
2026-09-20T07:42:39.173707+00:00,88006,2216077,3943940,
2026-09-20T07:42:39.189755+00:00,88007,2216102,3943557,
2026-09-20T07:42:39.221705+00:00,88008,2216127,3944102,
2026-09-20T07:42:39.253636+00:00,88009,2216152,3944792,
2026-09-20T07:42:39.269759+00:00,88010,2216178,3945009,
2026-09-20T07:42:39.301745+00:00,88011,2216203,3945090,
2026-09-20T07:42:39.319410+00:00,88012,2216228,3945806,
2026-09-20T07:42:39.350620+00:00,88013,2216253,3947124,
2026-09-20T07:42:39.366826+00:00,88014,2216278,3947389,
2026-09-20T07:42:39.397741+00:00,88015,2216303,3947902,
2026-09-20T07:42:39.430125+00:00,88016,2216329,3948994,
2026-09-20T07:42:39.446866+00:00,88017,2216354,3949690,
2026-09-20T07:42:39.477763+00:00,88018,2216379,3950672,
2026-09-20T07:42:39.493740+00:00,88019,2216404,3951552,
2026-09-20T07:42:39.525551+00:00,88020,2216429,3951887,
2026-09-20T07:42:39.541732+00:00,88021,2216454,3950745,
2026-09-20T07:42:39.573647+00:00,88022,2216480,3950378,
2026-09-20T07:42:39.605708+00:00,88023,2216505,3950179,
2026-09-20T07:42:39.621720+00:00,88024,2216530,3948677,
2026-09-20T07:42:39.653742+00:00,88025,2216555,3947909,
2026-09-20T07:42:39.669705+00:00,88026,2216580,3948518,
2026-09-20T07:42:39.701717+00:00,88027,2216605,3948968,
2026-09-20T07:42:39.718792+00:00,88028,2216631,3949897,
2026-09-20T07:42:39.749705+00:00,88029,2216656,3950349,
2026-09-20T07:42:39.781706+00:00,88030,2216681,3950124,
2026-09-20T07:42:39.797729+00:00,88031,2216706,3950689,
2026-09-20T07:42:39.829739+00:00,88032,2216731,3951156,
2026-09-20T07:42:39.846571+00:00,88033,2216756,3951431,
2026-09-20T07:42:39.877755+00:00,88034,2216782,3951279,
2026-09-20T07:42:39.894091+00:00,88035,2216807,3951139,
2026-09-20T07:42:39.925731+00:00,88036,2216832,3950596,
2026-09-20T07:42:39.957563+00:00,88037,2216857,3950950,
2026-09-20T07:42:39.974626+00:00,88038,2216882,3951035,
2026-09-20T07:42:40.005719+00:00,88039,2216907,3951243,
2026-09-20T07:42:40.022215+00:00,88040,2216933,3953414,
2026-09-20T07:42:40.053708+00:00,88041,2216958,3955276,
2026-09-20T07:42:40.069717+00:00,88042,2216983,3955478,
2026-09-20T07:42:40.101756+00:00,88043,2217008,3954407,
2026-09-20T07:42:40.133714+00:00,88044,2217033,3953899,
2026-09-20T07:42:40.149698+00:00,88045,2217059,3953834,
2026-09-20T07:42:40.181496+00:00,88046,2217084,3953261,
2026-09-20T07:42:40.197600+00:00,88047,2217109,3951914,
2026-09-20T07:42:40.229704+00:00,88048,2217134,3951631,
2026-09-20T07:42:40.245719+00:00,88049,2217159,3952634,
2026-09-20T07:42:40.277777+00:00,88050,2217184,3953382,
2026-09-20T07:42:40.309464+00:00,88051,2217210,3953361,
2026-09-20T07:42:40.326186+00:00,88052,2217235,3953373,
2026-09-20T07:42:40.358755+00:00,88053,2217260,3953186,
2026-09-20T07:42:40.373750+00:00,88054,2217285,3952841,
2026-09-20T07:42:40.405711+00:00,88055,2217310,3953291,
2026-09-20T07:42:40.421541+00:00,88056,2217335,3954346,
2026-09-20T07:42:40.453739+00:00,88057,2217361,3955616,
2026-09-20T07:42:40.485695+00:00,88058,2217386,3956017,
2026-09-20T07:42:40.501699+00:00,88059,2217411,3956000,
2026-09-20T07:42:40.533701+00:00,88060,2217436,3955702,
2026-09-20T07:42:40.549711+00:00,88061,2217461,3956042,
2026-09-20T07:42:40.581451+00:00,88062,2217486,3956683,
2026-09-20T07:42:40.598316+00:00,88063,2217512,3956573,
2026-09-20T07:42:40.629714+00:00,88064,2217537,3955926,
2026-09-20T07:42:40.661731+00:00,88065,2217562,3955728,
2026-09-20T07:42:40.677730+00:00,88066,2217587,3956421,
2026-09-20T07:42:40.709669+00:00,88067,2217612,3956951,
2026-09-20T07:42:40.726692+00:00,88068,2217637,3957031,
2026-09-20T07:42:40.757966+00:00,88069,2217663,3955668,
2026-09-20T07:42:40.789513+00:00,88070,2217688,3953664,
2026-09-20T07:42:40.805684+00:00,88071,2217713,3952183,
2026-09-20T07:42:40.837692+00:00,88072,2217738,3953184,
2026-09-20T07:42:40.855193+00:00,88073,2217763,3955126,
2026-09-20T07:42:40.885684+00:00,88074,2217788,3955366,
2026-09-20T07:42:40.902869+00:00,88075,2217814,3955586,
2026-09-20T07:42:40.933778+00:00,88076,2217839,3956429,
2026-09-20T07:42:40.967286+00:00,88077,2217864,3957359,
2026-09-20T07:42:40.982291+00:00,88078,2217889,3957531,
2026-09-20T07:42:41.013671+00:00,88079,2217914,3956323,
2026-09-20T07:42:41.029670+00:00,88080,2217940,3954945,
2026-09-20T07:42:41.061665+00:00,88081,2217965,3954991,
2026-09-20T07:42:41.077590+00:00,88082,2217990,3955766,
2026-09-20T07:42:41.109662+00:00,88083,2218015,3955071,
2026-09-20T07:42:41.142716+00:00,88084,2218040,3953865,
2026-09-20T07:42:41.159697+00:00,88085,2218065,3953909,
2026-09-20T07:42:41.189686+00:00,88086,2218091,3953977,
2026-09-20T07:42:41.205788+00:00,88087,2218116,3954590,
2026-09-20T07:42:41.237972+00:00,88088,2218141,3954880,
2026-09-20T07:42:41.253351+00:00,88089,2218166,3955109,
2026-09-20T07:42:41.285667+00:00,88090,2218191,3954585,
2026-09-20T07:42:41.317686+00:00,88091,2218216,3954369,
2026-09-20T07:42:41.333709+00:00,88092,2218242,3955261,
2026-09-20T07:42:41.365592+00:00,88093,2218267,3955667,
2026-09-20T07:42:41.381384+00:00,88094,2218292,3954996,
2026-09-20T07:42:41.413663+00:00,88095,2218317,3955229,
2026-09-20T07:42:41.429570+00:00,88096,2218342,3956162,
2026-09-20T07:42:41.461662+00:00,88097,2218367,3956136,
2026-09-20T07:42:41.493663+00:00,88098,2218393,3955577,
2026-09-20T07:42:41.510061+00:00,88099,2218418,3955637,
2026-09-20T07:42:41.541658+00:00,88100,2218443,3956489,
2026-09-20T07:42:41.557767+00:00,88101,2218468,3956367,
2026-09-20T07:42:41.589689+00:00,88102,2218493,3955757,
2026-09-20T07:42:41.605553+00:00,88103,2218518,3955178,
2026-09-20T07:42:41.637642+00:00,88104,2218544,3954368,
2026-09-20T07:42:41.670786+00:00,88105,2218569,3954285,
2026-09-20T07:42:41.686776+00:00,88106,2218594,3954523,
2026-09-20T07:42:41.717679+00:00,88107,2218619,3953423,
2026-09-20T07:42:41.733765+00:00,88108,2218644,3952443,
2026-09-20T07:42:41.767732+00:00,88109,2218670,3952745,
2026-09-20T07:42:41.781718+00:00,88110,2218695,3953392,
2026-09-20T07:42:41.813652+00:00,88111,2218720,3953909,
2026-09-20T07:42:41.845688+00:00,88112,2218745,3954682,
2026-09-20T07:42:41.861353+00:00,88113,2218770,3955837,
2026-09-20T07:42:41.893684+00:00,88114,2218795,3956283,
2026-09-20T07:42:41.909665+00:00,88115,2218821,3956151,
2026-09-20T07:42:41.941770+00:00,88116,2218846,3956704,
2026-09-20T07:42:41.957649+00:00,88117,2218871,3957328,
2026-09-20T07:42:41.990047+00:00,88118,2218896,3956694,
2026-09-20T07:42:42.021638+00:00,88119,2218921,3956560,
2026-09-20T07:42:42.037507+00:00,88120,2218946,3956891,
2026-09-20T07:42:42.069372+00:00,88121,2218972,3956846,
2026-09-20T07:42:42.086407+00:00,88122,2218997,3957683,
2026-09-20T07:42:42.117642+00:00,88123,2219022,3957919,
2026-09-20T07:42:42.133404+00:00,88124,2219047,3957955,
2026-09-20T07:42:42.165647+00:00,88125,2219072,3957395,
2026-09-20T07:42:42.198781+00:00,88126,2219097,3956345,
2026-09-20T07:42:42.213659+00:00,88127,2219123,3957103,
2026-09-20T07:42:42.245668+00:00,88128,2219148,3957521,
2026-09-20T07:42:42.261436+00:00,88129,2219173,3956544,
2026-09-20T07:42:42.293769+00:00,88130,2219198,3956130,
2026-09-20T07:42:42.310261+00:00,88131,2219223,3957471,
2026-09-20T07:42:42.342101+00:00,88132,2219248,3958788,
2026-09-20T07:42:42.373694+00:00,88133,2219274,3961062,
2026-09-20T07:42:42.393699+00:00,88134,2219299,3963149,
2026-09-20T07:42:42.421646+00:00,88135,2219324,3964959,
2026-09-20T07:42:42.437648+00:00,88136,2219349,3967984,
2026-09-20T07:42:42.469677+00:00,88137,2219374,3973350,
2026-09-20T07:42:42.485673+00:00,88138,2219399,3987908,
2026-09-20T07:42:42.518237+00:00,88139,2219425,4029446,
2026-09-20T07:42:42.549565+00:00,88140,2219450,4145934,
2026-09-20T07:42:42.566155+00:00,88141,2219475,4428103,
2026-09-20T07:42:42.600336+00:00,88142,2219500,4859206,
2026-09-20T07:42:42.614308+00:00,88143,2219525,5154309,
2026-09-20T07:42:42.645636+00:00,88144,2219550,5183348,
2026-09-20T07:42:42.661621+00:00,88145,2219576,5065569,
2026-09-20T07:42:42.693674+00:00,88146,2219601,4927260,
2026-09-20T07:42:42.725225+00:00,88147,2219626,4776892,
2026-09-20T07:42:42.741276+00:00,88148,2219651,4664834,
2026-09-20T07:42:42.773640+00:00,88149,2219676,4583509,
2026-09-20T07:42:42.789409+00:00,88150,2219701,4504781,
2026-09-20T07:42:42.821664+00:00,88151,2219727,4412542,
2026-09-20T07:42:42.838490+00:00,88152,2219752,4312385,
2026-09-20T07:42:42.869441+00:00,88153,2219777,4231374,
2026-09-20T07:42:42.902040+00:00,88154,2219802,4187806,
2026-09-20T07:42:42.918710+00:00,88155,2219827,4157776,
2026-09-20T07:42:42.949683+00:00,88156,2219852,4119130,
2026-09-20T07:42:42.968891+00:00,88157,2219878,4090264,
2026-09-20T07:42:42.997627+00:00,88158,2219903,4065286,
2026-09-20T07:42:43.013689+00:00,88159,2219928,4036716,
2026-09-20T07:42:43.046751+00:00,88160,2219953,4013773,
2026-09-20T07:42:43.077600+00:00,88161,2219978,4002227,
2026-09-20T07:42:43.095790+00:00,88162,2220004,3994574,
2026-09-20T07:42:43.120375+00:00,88163,2220029,3984877,
2026-09-20T07:42:43.135420+00:00,88164,2220054,3975922,
2026-09-20T07:42:43.173615+00:00,88165,2220079,3966984,
2026-09-20T07:42:43.205654+00:00,88166,2220104,3957537,
2026-09-20T07:42:43.221981+00:00,88167,2220129,3964990,
2026-09-20T07:42:43.254016+00:00,88168,2220155,3972670,
2026-09-20T07:42:43.269500+00:00,88169,2220180,3966360,
2026-09-20T07:42:43.301676+00:00,88170,2220205,3963628,
2026-09-20T07:42:43.318297+00:00,88171,2220230,3968931,
2026-09-20T07:42:43.349413+00:00,88172,2220255,3968145,
2026-09-20T07:42:43.381651+00:00,88173,2220280,3966614,
2026-09-20T07:42:43.398768+00:00,88174,2220306,3967930,
2026-09-20T07:42:43.429660+00:00,88175,2220331,3958257,
2026-09-20T07:42:43.446659+00:00,88176,2220356,3950624,
2026-09-20T07:42:43.477651+00:00,88177,2220381,3955616,
2026-09-20T07:42:43.494678+00:00,88178,2220406,3957570,
2026-09-20T07:42:43.530357+00:00,88179,2220431,3942175,
2026-09-20T07:42:43.557648+00:00,88180,2220457,3929902,
2026-09-20T07:42:43.573657+00:00,88181,2220482,3934989,
2026-09-20T07:42:43.605608+00:00,88182,2220507,3937524,
2026-09-20T07:42:43.621626+00:00,88183,2220532,3916685,
2026-09-20T07:42:43.653641+00:00,88184,2220557,3867690,
2026-09-20T07:42:43.669609+00:00,88185,2220582,3798703,
2026-09-20T07:42:43.702583+00:00,88186,2220608,3686186,
2026-09-20T07:42:43.733653+00:00,88187,2220633,3421409,
2026-09-20T07:42:43.749601+00:00,88188,2220658,3022466,
2026-09-20T07:42:43.781636+00:00,88189,2220683,2519961,
2026-09-20T07:42:43.797713+00:00,88190,2220708,1986752,
2026-09-20T07:42:43.830581+00:00,88191,2220733,1762228,
2026-09-20T07:42:43.846690+00:00,88192,2220759,1984927,
2026-09-20T07:42:43.877599+00:00,88193,2220784,2568751,
2026-09-20T07:42:43.912054+00:00,88194,2220809,3079878,
2026-09-20T07:42:43.925647+00:00,88195,2220834,3373378,
2026-09-20T07:42:43.969958+00:00,88196,2220859,3549339,
2026-09-20T07:42:43.974122+00:00,88197,2220884,3670290,
2026-09-20T07:42:44.005608+00:00,88198,2220910,3756841,
2026-09-20T07:42:44.021600+00:00,88199,2220935,3818483,
2026-09-20T07:42:44.053648+00:00,88200,2220960,3859810,
2026-09-20T07:42:44.085636+00:00,88201,2220985,3887643,
2026-09-20T07:42:44.101635+00:00,88202,2221010,3907329,
2026-09-20T07:42:44.133636+00:00,88203,2221035,3920337,
2026-09-20T07:42:44.149619+00:00,88204,2221061,3928849,
2026-09-20T07:42:44.181633+00:00,88205,2221086,3935605,
2026-09-20T07:42:44.197626+00:00,88206,2221111,3940032,
2026-09-20T07:42:44.229581+00:00,88207,2221136,3943551,
2026-09-20T07:42:44.261591+00:00,88208,2221161,3947090,
2026-09-20T07:42:44.277628+00:00,88209,2221186,3948684,
2026-09-20T07:42:44.311061+00:00,88210,2221212,3948882,
2026-09-20T07:42:44.325619+00:00,88211,2221237,3952304,
2026-09-20T07:42:44.389353+00:00,88212,2221262,3955747,
2026-09-20T07:42:44.390350+00:00,88213,2221287,3955338,
2026-09-20T07:42:44.405589+00:00,88214,2221312,3955349,
2026-09-20T07:42:44.437560+00:00,88215,2221338,3957683,
2026-09-20T07:42:44.453989+00:00,88216,2221363,3959150,
2026-09-20T07:42:44.486831+00:00,88217,2221388,3959595,
2026-09-20T07:42:44.501225+00:00,88218,2221413,3961194,
2026-09-20T07:42:44.533673+00:00,88219,2221438,3962148,
2026-09-20T07:42:44.549438+00:00,88220,2221463,3962321,
2026-09-20T07:42:44.581948+00:00,88221,2221489,3964688,
2026-09-20T07:42:44.613584+00:00,88222,2221514,3968596,
2026-09-20T07:42:44.633653+00:00,88223,2221539,3970280,
2026-09-20T07:42:44.661643+00:00,88224,2221564,3968606,
2026-09-20T07:42:44.677716+00:00,88225,2221589,3967536,
2026-09-20T07:42:44.709683+00:00,88226,2221614,3967512,
2026-09-20T07:42:44.725684+00:00,88227,2221640,3967447,
2026-09-20T07:42:44.757683+00:00,88228,2221665,3967192,
2026-09-20T07:42:44.789684+00:00,88229,2221690,3967182,
2026-09-20T07:42:44.805693+00:00,88230,2221715,3966748,
2026-09-20T07:42:44.837686+00:00,88231,2221740,3967344,
2026-09-20T07:42:44.853681+00:00,88232,2221765,3966919,
2026-09-20T07:42:44.885690+00:00,88233,2221791,3965291,
2026-09-20T07:42:44.901568+00:00,88234,2221816,3964752,
2026-09-20T07:42:44.933704+00:00,88235,2221841,3964064,
2026-09-20T07:42:44.965714+00:00,88236,2221866,3959111,
2026-09-20T07:42:44.981666+00:00,88237,2221891,3954611,
2026-09-20T07:42:45.013702+00:00,88238,2221916,3953497,
2026-09-20T07:42:45.029579+00:00,88239,2221942,3954943,
2026-09-20T07:42:45.061586+00:00,88240,2221967,3954475,
2026-09-20T07:42:45.078391+00:00,88241,2221992,3951859,
2026-09-20T07:42:45.109664+00:00,88242,2222017,3949780,
2026-09-20T07:42:45.141663+00:00,88243,2222042,3949069,
2026-09-20T07:42:45.157405+00:00,88244,2222068,3948711,
2026-09-20T07:42:45.189345+00:00,88245,2222093,3947940,
2026-09-20T07:42:45.205552+00:00,88246,2222118,3948594,
2026-09-20T07:42:45.237302+00:00,88247,2222143,3951488,
2026-09-20T07:42:45.254017+00:00,88248,2222168,3952651,
2026-09-20T07:42:45.285544+00:00,88249,2222193,3952339,
2026-09-20T07:42:45.317529+00:00,88250,2222219,3952778,
2026-09-20T07:42:45.333573+00:00,88251,2222244,3952132,
2026-09-20T07:42:45.365620+00:00,88252,2222269,3951708,
2026-09-20T07:42:45.381544+00:00,88253,2222294,3952191,
2026-09-20T07:42:45.413594+00:00,88254,2222319,3954014,
2026-09-20T07:42:45.445630+00:00,88255,2222344,3957229,
2026-09-20T07:42:45.461555+00:00,88256,2222370,3958754,
2026-09-20T07:42:45.493876+00:00,88257,2222395,3958558,
2026-09-20T07:42:45.508952+00:00,88258,2222420,3958625,
2026-09-20T07:42:45.541928+00:00,88259,2222445,3958696,
2026-09-20T07:42:45.557920+00:00,88260,2222470,3957687,
2026-09-20T07:42:45.589914+00:00,88261,2222495,3956027,
2026-09-20T07:42:45.621915+00:00,88262,2222521,3954261,
2026-09-20T07:42:45.637931+00:00,88263,2222546,3954165,
2026-09-20T07:42:45.669913+00:00,88264,2222571,3955028,
2026-09-20T07:42:45.685913+00:00,88265,2222596,3955661,
2026-09-20T07:42:45.717560+00:00,88266,2222621,3956352,
2026-09-20T07:42:45.733549+00:00,88267,2222647,3956606,
2026-09-20T07:42:45.765543+00:00,88268,2222672,3957860,
2026-09-20T07:42:45.797547+00:00,88269,2222697,3959289,
2026-09-20T07:42:45.813587+00:00,88270,2222722,3959128,
2026-09-20T07:42:45.845566+00:00,88271,2222747,3957594,
2026-09-20T07:42:45.861547+00:00,88272,2222772,3955926,
2026-09-20T07:42:45.893533+00:00,88273,2222798,3956802,
2026-09-20T07:42:45.909612+00:00,88274,2222823,3957678,
2026-09-20T07:42:45.941533+00:00,88275,2222848,3957660,
2026-09-20T07:42:45.973550+00:00,88276,2222873,3959044,
2026-09-20T07:42:45.989408+00:00,88277,2222898,3961801,
2026-09-20T07:42:46.021862+00:00,88278,2222923,3965032,
2026-09-20T07:42:46.037556+00:00,88279,2222949,3971204,
2026-09-20T07:42:46.069559+00:00,88280,2222974,3982083,
2026-09-20T07:42:46.085541+00:00,88281,2222999,3992878,
2026-09-20T07:42:46.117368+00:00,88282,2223024,3999159,
2026-09-20T07:42:46.149583+00:00,88283,2223049,4005843,
2026-09-20T07:42:46.165540+00:00,88284,2223074,4017582,
2026-09-20T07:42:46.197546+00:00,88285,2223100,4034517,
2026-09-20T07:42:46.213552+00:00,88286,2223125,4065095,
2026-09-20T07:42:46.245554+00:00,88287,2223150,4140879,
2026-09-20T07:42:46.261466+00:00,88288,2223175,4443211,
2026-09-20T07:42:46.293262+00:00,88289,2223200,5227111,
2026-09-20T07:42:46.325523+00:00,88290,2223226,6032758,
2026-09-20T07:42:46.341497+00:00,88291,2223251,6384239,
2026-09-20T07:42:46.373532+00:00,88292,2223276,6249969,
2026-09-20T07:42:46.389510+00:00,88293,2223301,5871395,
2026-09-20T07:42:46.421691+00:00,88294,2223326,5468367,
2026-09-20T07:42:46.436968+00:00,88295,2223351,5098656,
2026-09-20T07:42:46.469572+00:00,88296,2223377,4775295,
2026-09-20T07:42:46.501557+00:00,88297,2223402,4519242,
2026-09-20T07:42:46.517598+00:00,88298,2223427,4346620,
2026-09-20T07:42:46.550778+00:00,88299,2223452,4230582,
2026-09-20T07:42:46.565906+00:00,88300,2223477,4150637,
2026-09-20T07:42:46.597580+00:00,88301,2223502,4083735,
2026-09-20T07:42:46.613886+00:00,88302,2223528,4027809,
2026-09-20T07:42:46.645426+00:00,88303,2223553,3996438,
2026-09-20T07:42:46.678764+00:00,88304,2223578,3974622,
2026-09-20T07:42:46.693431+00:00,88305,2223603,3943639,
2026-09-20T07:42:46.725275+00:00,88306,2223628,3919780,
2026-09-20T07:42:46.745021+00:00,88307,2223653,3906659,
2026-09-20T07:42:46.774221+00:00,88308,2223679,3898088,
2026-09-20T07:42:46.799200+00:00,88309,2223704,3909850,
2026-09-20T07:42:46.821523+00:00,88310,2223729,3928736,
2026-09-20T07:42:46.853535+00:00,88311,2223754,3938999,
2026-09-20T07:42:46.869963+00:00,88312,2223779,3950206,
2026-09-20T07:42:46.901123+00:00,88313,2223804,3946280,
2026-09-20T07:42:46.918289+00:00,88314,2223830,3935601,
2026-09-20T07:42:46.949536+00:00,88315,2223855,3928223,
2026-09-20T07:42:46.965575+00:00,88316,2223880,3921252,
2026-09-20T07:42:46.998935+00:00,88317,2223905,3917715,
2026-09-20T07:42:47.029543+00:00,88318,2223930,3924466,
2026-09-20T07:42:47.047657+00:00,88319,2223956,3932977,
2026-09-20T07:42:47.077548+00:00,88320,2223981,3945477,
2026-09-20T07:42:47.093922+00:00,88321,2224006,3956390,
2026-09-20T07:42:47.125601+00:00,88322,2224031,3964614,
2026-09-20T07:42:47.141573+00:00,88323,2224056,3972556,
2026-09-20T07:42:47.170025+00:00,88324,2224081,3971548,
2026-09-20T07:42:47.203661+00:00,88325,2224107,3962190,
2026-09-20T07:42:47.221523+00:00,88326,2224132,3956606,
2026-09-20T07:42:47.241011+00:00,88327,2224157,3961375,
2026-09-20T07:42:47.257471+00:00,88328,2224182,3959993,
2026-09-20T07:42:47.288229+00:00,88329,2224207,3951694,
2026-09-20T07:42:47.303533+00:00,88330,2224232,3943391,
2026-09-20T07:42:47.349811+00:00,88331,2224258,3941722,
2026-09-20T07:42:47.381608+00:00,88332,2224283,3948279,
2026-09-20T07:42:47.397579+00:00,88333,2224308,3952784,
2026-09-20T07:42:47.430548+00:00,88334,2224333,3949422,
2026-09-20T07:42:47.446420+00:00,88335,2224358,3948410,
2026-09-20T07:42:47.467671+00:00,88336,2224383,3949210,
2026-09-20T07:42:47.483648+00:00,88337,2224409,3950128,
2026-09-20T07:42:47.515744+00:00,88338,2224434,3947517,
2026-09-20T07:42:47.546737+00:00,88339,2224459,3945741,
2026-09-20T07:42:47.561536+00:00,88340,2224484,3945764,
2026-09-20T07:42:47.594378+00:00,88341,2224509,3937804,
2026-09-20T07:42:47.608359+00:00,88342,2224534,3931549,
2026-09-20T07:42:47.640007+00:00,88343,2224560,3915498,
2026-09-20T07:42:47.678479+00:00,88344,2224585,3872525,
2026-09-20T07:42:47.697296+00:00,88345,2224610,3801327,
2026-09-20T07:42:47.726579+00:00,88346,2224635,3724524,
2026-09-20T07:42:47.742026+00:00,88347,2224660,3655049,
2026-09-20T07:42:47.781538+00:00,88348,2224686,3555621,
2026-09-20T07:42:47.787500+00:00,88349,2224711,3396827,
2026-09-20T07:42:47.819389+00:00,88350,2224736,3221496,
2026-09-20T07:42:47.861516+00:00,88351,2224761,3087949,
2026-09-20T07:42:47.877530+00:00,88352,2224786,3022202,
2026-09-20T07:42:47.896825+00:00,88353,2224811,3015297,
2026-09-20T07:42:47.922372+00:00,88354,2224837,3021445,
2026-09-20T07:42:47.947416+00:00,88355,2224862,3012546,
2026-09-20T07:42:47.963037+00:00,88356,2224887,2950423,
2026-09-20T07:42:48.005984+00:00,88357,2224912,2759143,
2026-09-20T07:42:48.037337+00:00,88358,2224937,2662326,
2026-09-20T07:42:48.053459+00:00,88359,2224962,2911992,
2026-09-20T07:42:48.087171+00:00,88360,2224988,3199220,
2026-09-20T07:42:48.101538+00:00,88361,2225013,3416091,
2026-09-20T07:42:48.133546+00:00,88362,2225038,3575173,
2026-09-20T07:42:48.149548+00:00,88363,2225063,3690383,
2026-09-20T07:42:48.181324+00:00,88364,2225088,3771514,
2026-09-20T07:42:48.213866+00:00,88365,2225113,3826791,
2026-09-20T07:42:48.229685+00:00,88366,2225139,3864713,
2026-09-20T07:42:48.261514+00:00,88367,2225164,3890601,
2026-09-20T07:42:48.278654+00:00,88368,2225189,3908399,
2026-09-20T07:42:48.309561+00:00,88369,2225214,3920654,
2026-09-20T07:42:48.326137+00:00,88370,2225239,3929198,
2026-09-20T07:42:48.358897+00:00,88371,2225264,3934694,
2026-09-20T07:42:48.389681+00:00,88372,2225290,3938320,
2026-09-20T07:42:48.409578+00:00,88373,2225315,3940730,
2026-09-20T07:42:48.444298+00:00,88374,2225340,3941681,
2026-09-20T07:42:48.461379+00:00,88375,2225365,3940909,
2026-09-20T07:42:48.488528+00:00,88376,2225390,3940308,
2026-09-20T07:42:48.504482+00:00,88377,2225416,3940766,
2026-09-20T07:42:48.534719+00:00,88378,2225441,3943183,
2026-09-20T07:42:48.565472+00:00,88379,2225466,3945248,
2026-09-20T07:42:48.582086+00:00,88380,2225491,3944657,
2026-09-20T07:42:48.614395+00:00,88381,2225516,3943826,
2026-09-20T07:42:48.629487+00:00,88382,2225541,3944723,
2026-09-20T07:42:48.661471+00:00,88383,2225567,3945871,
2026-09-20T07:42:48.677471+00:00,88384,2225592,3946194,
2026-09-20T07:42:48.709298+00:00,88385,2225617,3945515,
2026-09-20T07:42:48.741502+00:00,88386,2225642,3944166,
2026-09-20T07:42:48.758575+00:00,88387,2225667,3943057,
2026-09-20T07:42:48.789473+00:00,88388,2225692,3943336,
2026-09-20T07:42:48.805697+00:00,88389,2225718,3946048,
2026-09-20T07:42:48.837476+00:00,88390,2225743,3947035,
2026-09-20T07:42:48.853611+00:00,88391,2225768,3946405,
2026-09-20T07:42:48.885521+00:00,88392,2225793,3946119,
2026-09-20T07:42:48.917504+00:00,88393,2225818,3944492,
2026-09-20T07:42:48.934624+00:00,88394,2225843,3942570,
2026-09-20T07:42:48.968600+00:00,88395,2225869,3941643,
2026-09-20T07:42:48.981508+00:00,88396,2225894,3941406,
2026-09-20T07:42:49.013477+00:00,88397,2225919,3941644,
2026-09-20T07:42:49.030015+00:00,88398,2225944,3942796,
2026-09-20T07:42:49.061484+00:00,88399,2225969,3943443,
2026-09-20T07:42:49.093486+00:00,88400,2225994,3942057,
2026-09-20T07:42:49.109528+00:00,88401,2226020,3940834,
2026-09-20T07:42:49.141562+00:00,88402,2226045,3941731,
2026-09-20T07:42:49.159576+00:00,88403,2226070,3944075,
2026-09-20T07:42:49.194562+00:00,88404,2226095,3945419,
2026-09-20T07:42:49.205747+00:00,88405,2226120,3946023,
2026-09-20T07:42:49.237495+00:00,88406,2226146,3945883,
2026-09-20T07:42:49.269444+00:00,88407,2226171,3945200,
2026-09-20T07:42:49.286679+00:00,88408,2226196,3944229,
2026-09-20T07:42:49.317499+00:00,88409,2226221,3943920,
2026-09-20T07:42:49.333525+00:00,88410,2226246,3946681,
2026-09-20T07:42:49.366734+00:00,88411,2226271,3949391,
2026-09-20T07:42:49.381816+00:00,88412,2226297,3949715,
2026-09-20T07:42:49.413558+00:00,88413,2226322,3950184,
2026-09-20T07:42:49.446541+00:00,88414,2226347,3950642,
2026-09-20T07:42:49.461507+00:00,88415,2226372,3948992,
2026-09-20T07:42:49.498899+00:00,88416,2226397,3945946,
2026-09-20T07:42:49.509458+00:00,88417,2226422,3944935,
2026-09-20T07:42:49.542876+00:00,88418,2226448,3946471,
2026-09-20T07:42:49.557500+00:00,88419,2226473,3949554,
2026-09-20T07:42:49.589501+00:00,88420,2226498,3952846,
2026-09-20T07:42:49.621481+00:00,88421,2226523,3954325,
2026-09-20T07:42:49.637490+00:00,88422,2226548,3954687,
2026-09-20T07:42:49.669462+00:00,88423,2226573,3954179,
2026-09-20T07:42:49.685462+00:00,88424,2226599,3954481,
2026-09-20T07:42:49.717457+00:00,88425,2226624,3954967,
2026-09-20T07:42:49.749480+00:00,88426,2226649,3953632,
2026-09-20T07:42:49.771534+00:00,88427,2226674,3951929,
2026-09-20T07:42:49.796894+00:00,88428,2226699,3951507,
2026-09-20T07:42:49.813499+00:00,88429,2226725,3950696,
2026-09-20T07:42:49.846569+00:00,88430,2226750,3950010,
2026-09-20T07:42:49.862761+00:00,88431,2226775,3949975,
2026-09-20T07:42:49.893490+00:00,88432,2226800,3948470,
2026-09-20T07:42:49.928789+00:00,88433,2226825,3947871,
2026-09-20T07:42:49.943783+00:00,88434,2226850,3948924,
2026-09-20T07:42:49.973464+00:00,88435,2226876,3950185,
2026-09-20T07:42:49.989463+00:00,88436,2226901,3950919,
2026-09-20T07:42:50.021458+00:00,88437,2226926,3951169,
2026-09-20T07:42:50.038770+00:00,88438,2226951,3952257,
2026-09-20T07:42:50.069183+00:00,88439,2226976,3952403,
2026-09-20T07:42:50.102918+00:00,88440,2227001,3951335,
2026-09-20T07:42:50.117469+00:00,88441,2227027,3949927,
2026-09-20T07:42:50.149439+00:00,88442,2227052,3950007,
2026-09-20T07:42:50.167734+00:00,88443,2227077,3949967,
2026-09-20T07:42:50.197442+00:00,88444,2227102,3948702,
2026-09-20T07:42:50.214181+00:00,88445,2227127,3948421,
2026-09-20T07:42:50.246643+00:00,88446,2227152,3948612,
2026-09-20T07:42:50.277455+00:00,88447,2227178,3948307,
2026-09-20T07:42:50.293998+00:00,88448,2227203,3948422,
2026-09-20T07:42:50.325493+00:00,88449,2227228,3948616,
2026-09-20T07:42:50.341445+00:00,88450,2227253,3949126,
2026-09-20T07:42:50.374538+00:00,88451,2227278,3950288,
2026-09-20T07:42:50.389475+00:00,88452,2227303,3951240,
2026-09-20T07:42:50.421558+00:00,88453,2227329,3951946,
2026-09-20T07:42:50.455870+00:00,88454,2227354,3952401,
2026-09-20T07:42:50.469506+00:00,88455,2227379,3952166,
2026-09-20T07:42:50.502086+00:00,88456,2227404,3951228,
2026-09-20T07:42:50.517771+00:00,88457,2227429,3950395,
2026-09-20T07:42:50.549467+00:00,88458,2227455,3950665,
2026-09-20T07:42:50.568524+00:00,88459,2227480,3951434,
2026-09-20T07:42:50.599165+00:00,88460,2227505,3951384,
2026-09-20T07:42:50.629520+00:00,88461,2227530,3951932,
2026-09-20T07:42:50.645477+00:00,88462,2227555,3953825,
2026-09-20T07:42:50.677459+00:00,88463,2227580,3955189,
2026-09-20T07:42:50.693423+00:00,88464,2227606,3956785,
2026-09-20T07:42:50.725417+00:00,88465,2227631,3957835,
2026-09-20T07:42:50.741444+00:00,88466,2227656,3958225,
2026-09-20T07:42:50.773429+00:00,88467,2227681,3958710,
2026-09-20T07:42:50.805347+00:00,88468,2227706,3958660,
2026-09-20T07:42:50.821417+00:00,88469,2227731,3959107,
2026-09-20T07:42:50.853425+00:00,88470,2227757,3959069,
2026-09-20T07:42:50.869499+00:00,88471,2227782,3958728,
2026-09-20T07:42:50.901448+00:00,88472,2227807,3958212,
2026-09-20T07:42:50.917444+00:00,88473,2227832,3957339,
2026-09-20T07:42:50.949438+00:00,88474,2227857,3955796,
2026-09-20T07:42:50.981427+00:00,88475,2227882,3954747,
2026-09-20T07:42:50.997415+00:00,88476,2227908,3954027,
2026-09-20T07:42:51.029437+00:00,88477,2227933,3953364,
2026-09-20T07:42:51.046455+00:00,88478,2227958,3953972,
2026-09-20T07:42:51.077609+00:00,88479,2227983,3954706,
2026-09-20T07:42:51.096654+00:00,88480,2228008,3954782,
2026-09-20T07:42:51.130692+00:00,88481,2228033,3953914,
2026-09-20T07:42:51.157514+00:00,88482,2228059,3953214,
2026-09-20T07:42:51.174554+00:00,88483,2228084,3953079,
2026-09-20T07:42:51.205404+00:00,88484,2228109,3952789,
2026-09-20T07:42:51.221444+00:00,88485,2228134,3951889,
2026-09-20T07:42:51.253446+00:00,88486,2228159,3951598,
2026-09-20T07:42:51.270525+00:00,88487,2228184,3951610,
2026-09-20T07:42:51.301458+00:00,88488,2228210,3951835,
2026-09-20T07:42:51.333962+00:00,88489,2228235,3952280,
2026-09-20T07:42:51.350234+00:00,88490,2228260,3952248,
2026-09-20T07:42:51.381406+00:00,88491,2228285,3952411,
2026-09-20T07:42:51.398488+00:00,88492,2228310,3952363,
2026-09-20T07:42:51.429494+00:00,88493,2228336,3952171,
2026-09-20T07:42:51.446832+00:00,88494,2228361,3952207,
2026-09-20T07:42:51.477605+00:00,88495,2228386,3953111,
2026-09-20T07:42:51.509452+00:00,88496,2228411,3953369,
2026-09-20T07:42:51.525568+00:00,88497,2228436,3953102,
2026-09-20T07:42:51.562803+00:00,88498,2228461,3953040,
2026-09-20T07:42:51.573657+00:00,88499,2228487,3954068,
2026-09-20T07:42:51.605410+00:00,88500,2228512,3954158,
2026-09-20T07:42:51.621422+00:00,88501,2228537,3952531,
2026-09-20T07:42:51.653407+00:00,88502,2228562,3950909,
2026-09-20T07:42:51.685453+00:00,88503,2228587,3951094,
2026-09-20T07:42:51.701507+00:00,88504,2228612,3951326,
2026-09-20T07:42:51.733452+00:00,88505,2228638,3951481,
2026-09-20T07:42:51.750112+00:00,88506,2228663,3952095,
2026-09-20T07:42:51.781436+00:00,88507,2228688,3952185,
2026-09-20T07:42:51.798114+00:00,88508,2228713,3951714,
2026-09-20T07:42:51.829470+00:00,88509,2228738,3951915,
2026-09-20T07:42:51.861389+00:00,88510,2228763,3951494,
2026-09-20T07:42:51.877570+00:00,88511,2228789,3950910,
2026-09-20T07:42:51.911667+00:00,88512,2228814,3950640,
2026-09-20T07:42:51.927644+00:00,88513,2228839,3951471,
2026-09-20T07:42:51.969372+00:00,88514,2228864,3952270,
2026-09-20T07:42:51.989401+00:00,88515,2228889,3952346,
2026-09-20T07:42:52.005721+00:00,88516,2228914,3952813,
2026-09-20T07:42:52.038428+00:00,88517,2228940,3952733,
2026-09-20T07:42:52.053232+00:00,88518,2228965,3952662,
2026-09-20T07:42:52.085450+00:00,88519,2228990,3953360,
2026-09-20T07:42:52.101401+00:00,88520,2229015,3953792,
2026-09-20T07:42:52.134054+00:00,88521,2229040,3953803,
2026-09-20T07:42:52.167478+00:00,88522,2229066,3953781,
2026-09-20T07:42:52.181419+00:00,88523,2229091,3953786,
2026-09-20T07:42:52.213490+00:00,88524,2229116,3953491,
2026-09-20T07:42:52.229904+00:00,88525,2229141,3952876,
2026-09-20T07:42:52.262659+00:00,88526,2229166,3952768,
2026-09-20T07:42:52.277478+00:00,88527,2229191,3952197,
2026-09-20T07:42:52.309493+00:00,88528,2229217,3951473,
2026-09-20T07:42:52.341990+00:00,88529,2229242,3951459,
2026-09-20T07:42:52.346497+00:00,88530,2229267,3951741,
2026-09-20T07:42:52.378157+00:00,88531,2229292,3953447,
2026-09-20T07:42:52.393925+00:00,88532,2229317,3954852,
2026-09-20T07:42:52.437400+00:00,88533,2229342,3955426,
2026-09-20T07:42:52.453444+00:00,88534,2229368,3956499,
2026-09-20T07:42:52.485406+00:00,88535,2229393,3957968,
2026-09-20T07:42:52.517404+00:00,88536,2229418,3958933,
2026-09-20T07:42:52.533484+00:00,88537,2229443,3959590,
2026-09-20T07:42:52.566231+00:00,88538,2229468,3961614,
2026-09-20T07:42:52.581383+00:00,88539,2229493,3963184,
2026-09-20T07:42:52.613415+00:00,88540,2229519,3963662,
2026-09-20T07:42:52.630479+00:00,88541,2229544,3965618,
2026-09-20T07:42:52.661412+00:00,88542,2229569,3971184,
2026-09-20T07:42:52.693377+00:00,88543,2229594,3991571,
2026-09-20T07:42:52.709376+00:00,88544,2229619,4061461,
2026-09-20T07:42:52.742563+00:00,88545,2229645,4240801,
2026-09-20T07:42:52.760818+00:00,88546,2229670,4515381,
2026-09-20T07:42:52.789388+00:00,88547,2229695,4779519,
2026-09-20T07:42:52.805384+00:00,88548,2229720,5006847,
2026-09-20T07:42:52.837454+00:00,88549,2229745,5148064,
2026-09-20T07:42:52.869403+00:00,88550,2229770,5126607,
2026-09-20T07:42:52.885735+00:00,88551,2229796,4993977,
2026-09-20T07:42:52.917883+00:00,88552,2229821,4813165,
2026-09-20T07:42:52.934481+00:00,88553,2229846,4643089,
2026-09-20T07:42:52.969846+00:00,88554,2229871,4490083,
2026-09-20T07:42:52.981703+00:00,88555,2229896,4387799,
2026-09-20T07:42:53.013196+00:00,88556,2229921,4297186,
2026-09-20T07:42:53.045362+00:00,88557,2229947,4208998,
2026-09-20T07:42:53.061402+00:00,88558,2229972,4159869,
2026-09-20T07:42:53.094723+00:00,88559,2229997,4123785,
2026-09-20T07:42:53.109365+00:00,88560,2230022,4081089,
2026-09-20T07:42:53.142024+00:00,88561,2230047,4043367,
2026-09-20T07:42:53.159980+00:00,88562,2230072,4025868,
2026-09-20T07:42:53.190085+00:00,88563,2230098,4027321,
2026-09-20T07:42:53.222133+00:00,88564,2230123,4015319,
2026-09-20T07:42:53.237014+00:00,88565,2230148,3993261,
2026-09-20T07:42:53.269426+00:00,88566,2230173,3980432,
2026-09-20T07:42:53.285408+00:00,88567,2230198,3976007,
2026-09-20T07:42:53.317403+00:00,88568,2230223,3967162,
2026-09-20T07:42:53.333612+00:00,88569,2230249,3959682,
2026-09-20T07:42:53.365373+00:00,88570,2230274,3964919,
2026-09-20T07:42:53.397400+00:00,88571,2230299,3975019,
2026-09-20T07:42:53.414100+00:00,88572,2230324,3972459,
2026-09-20T07:42:53.446165+00:00,88573,2230349,3961558,
2026-09-20T07:42:53.462461+00:00,88574,2230374,3955644,
2026-09-20T07:42:53.493443+00:00,88575,2230400,3954386,
2026-09-20T07:42:53.510831+00:00,88576,2230425,3947323,
2026-09-20T07:42:53.541368+00:00,88577,2230450,3942964,
2026-09-20T07:42:53.574627+00:00,88578,2230475,3948693,
2026-09-20T07:42:53.589387+00:00,88579,2230500,3951225,
2026-09-20T07:42:53.621469+00:00,88580,2230526,3940387,
2026-09-20T07:42:53.637246+00:00,88581,2230551,3932316,
2026-09-20T07:42:53.669389+00:00,88582,2230576,3937280,
2026-09-20T07:42:53.685378+00:00,88583,2230601,3942941,
2026-09-20T07:42:53.717356+00:00,88584,2230626,3941422,
2026-09-20T07:42:53.749648+00:00,88585,2230651,3940449,
2026-09-20T07:42:53.765432+00:00,88586,2230677,3915683,
2026-09-20T07:42:53.797447+00:00,88587,2230702,3865730,
2026-09-20T07:42:53.813726+00:00,88588,2230727,3813526,
2026-09-20T07:42:53.845725+00:00,88589,2230752,3621475,
2026-09-20T07:42:53.864728+00:00,88590,2230777,2981727,
2026-09-20T07:42:53.893727+00:00,88591,2230802,2016714,
2026-09-20T07:42:53.925725+00:00,88592,2230828,1391306,
2026-09-20T07:42:53.940725+00:00,88593,2230853,1562139,
2026-09-20T07:42:53.973344+00:00,88594,2230878,2390640,
2026-09-20T07:42:53.989240+00:00,88595,2230903,3041712,
2026-09-20T07:42:54.021339+00:00,88596,2230928,3359578,
2026-09-20T07:42:54.037343+00:00,88597,2230953,3541562,
2026-09-20T07:42:54.069313+00:00,88598,2230979,3666274,
2026-09-20T07:42:54.101343+00:00,88599,2231004,3756686,
2026-09-20T07:42:54.117374+00:00,88600,2231029,3821159,
2026-09-20T07:42:54.149334+00:00,88601,2231054,3863372,
2026-09-20T07:42:54.165331+00:00,88602,2231079,3891845,
2026-09-20T07:42:54.197337+00:00,88603,2231104,3913426,
2026-09-20T07:42:54.229336+00:00,88604,2231130,3927760,
2026-09-20T07:42:54.246839+00:00,88605,2231155,3937695,
2026-09-20T07:42:54.278458+00:00,88606,2231180,3944673,
2026-09-20T07:42:54.294424+00:00,88607,2231205,3950155,
2026-09-20T07:42:54.329289+00:00,88608,2231230,3955507,
2026-09-20T07:42:54.341390+00:00,88609,2231256,3957754,
2026-09-20T07:42:54.374418+00:00,88610,2231281,3958190,
2026-09-20T07:42:54.405358+00:00,88611,2231306,3959881,
2026-09-20T07:42:54.422408+00:00,88612,2231331,3960665,
2026-09-20T07:42:54.454834+00:00,88613,2231356,3960076,
2026-09-20T07:42:54.469334+00:00,88614,2231381,3957904,
2026-09-20T07:42:54.501424+00:00,88615,2231407,3955408,
2026-09-20T07:42:54.517471+00:00,88616,2231432,3954594,
2026-09-20T07:42:54.549209+00:00,88617,2231457,3955173,
2026-09-20T07:42:54.581471+00:00,88618,2231482,3955134,
2026-09-20T07:42:54.596924+00:00,88619,2231507,3954671,
2026-09-20T07:42:54.629333+00:00,88620,2231532,3955826,
2026-09-20T07:42:54.645814+00:00,88621,2231558,3956473,
2026-09-20T07:42:54.677370+00:00,88622,2231583,3954903,
2026-09-20T07:42:54.693371+00:00,88623,2231608,3952387,
2026-09-20T07:42:54.725379+00:00,88624,2231633,3950469,
2026-09-20T07:42:54.759865+00:00,88625,2231658,3949713,
2026-09-20T07:42:54.773348+00:00,88626,2231683,3950032,
2026-09-20T07:42:54.805439+00:00,88627,2231709,3949998,
2026-09-20T07:42:54.821934+00:00,88628,2231734,3948680,
2026-09-20T07:42:54.853097+00:00,88629,2231759,3947441,
2026-09-20T07:42:54.871548+00:00,88630,2231784,3946563,
2026-09-20T07:42:54.901410+00:00,88631,2231809,3946953,
2026-09-20T07:42:54.934797+00:00,88632,2231834,3948906,
2026-09-20T07:42:54.949361+00:00,88633,2231860,3949764,
2026-09-20T07:42:54.981359+00:00,88634,2231885,3948893,
2026-09-20T07:42:54.997343+00:00,88635,2231910,3945540,
2026-09-20T07:42:55.029394+00:00,88636,2231935,3943390,
2026-09-20T07:42:55.045325+00:00,88637,2231960,3944959,
2026-09-20T07:42:55.077358+00:00,88638,2231985,3947395,
2026-09-20T07:42:55.109311+00:00,88639,2232011,3948432,
2026-09-20T07:42:55.125354+00:00,88640,2232036,3946002,
2026-09-20T07:42:55.157345+00:00,88641,2232061,3945868,
2026-09-20T07:42:55.173311+00:00,88642,2232086,3949595,
2026-09-20T07:42:55.205319+00:00,88643,2232111,3952327,
2026-09-20T07:42:55.221348+00:00,88644,2232136,3951329,
2026-09-20T07:42:55.253352+00:00,88645,2232162,3948535,
2026-09-20T07:42:55.285399+00:00,88646,2232187,3949234,
2026-09-20T07:42:55.301362+00:00,88647,2232212,3952832,
2026-09-20T07:42:55.333361+00:00,88648,2232237,3953894,
2026-09-20T07:42:55.349348+00:00,88649,2232262,3953403,
2026-09-20T07:42:55.382089+00:00,88650,2232288,3952737,
2026-09-20T07:42:55.397765+00:00,88651,2232313,3952610,
2026-09-20T07:42:55.433226+00:00,88652,2232338,3952349,
2026-09-20T07:42:55.461331+00:00,88653,2232363,3951098,
2026-09-20T07:42:55.477335+00:00,88654,2232388,3950209,
2026-09-20T07:42:55.510283+00:00,88655,2232413,3950414,
2026-09-20T07:42:55.528218+00:00,88656,2232439,3951529,
2026-09-20T07:42:55.557935+00:00,88657,2232464,3950511,
2026-09-20T07:42:55.573342+00:00,88658,2232489,3948879,
2026-09-20T07:42:55.605325+00:00,88659,2232514,3946711,
2026-09-20T07:42:55.637310+00:00,88660,2232539,3945423,
2026-09-20T07:42:55.653088+00:00,88661,2232564,3945507,
2026-09-20T07:42:55.685336+00:00,88662,2232590,3946488,
2026-09-20T07:42:55.702816+00:00,88663,2232615,3947384,
2026-09-20T07:42:55.735005+00:00,88664,2232640,3946372,
2026-09-20T07:42:55.749467+00:00,88665,2232665,3947023,
2026-09-20T07:42:55.785183+00:00,88666,2232690,3950459,
2026-09-20T07:42:55.814545+00:00,88667,2232715,3952922,
2026-09-20T07:42:55.829528+00:00,88668,2232741,3952306,
2026-09-20T07:42:55.861340+00:00,88669,2232766,3950273,
2026-09-20T07:42:55.877324+00:00,88670,2232791,3951118,
2026-09-20T07:42:55.909285+00:00,88671,2232816,3953555,
2026-09-20T07:42:55.925293+00:00,88672,2232841,3956437,
2026-09-20T07:42:55.962004+00:00,88673,2232866,3958143,
2026-09-20T07:42:55.995609+00:00,88674,2232892,3958070,
2026-09-20T07:42:56.005336+00:00,88675,2232917,3958024,
2026-09-20T07:42:56.037132+00:00,88676,2232942,3958845,
2026-09-20T07:42:56.053325+00:00,88677,2232967,3960147,
2026-09-20T07:42:56.085322+00:00,88678,2232992,3960650,
2026-09-20T07:42:56.101305+00:00,88679,2233018,3960981,
2026-09-20T07:42:56.133324+00:00,88680,2233043,3960630,
2026-09-20T07:42:56.166306+00:00,88681,2233068,3959666,
2026-09-20T07:42:56.181301+00:00,88682,2233093,3960318,
2026-09-20T07:42:56.213353+00:00,88683,2233118,3961159,
2026-09-20T07:42:56.229678+00:00,88684,2233143,3960544,
2026-09-20T07:42:56.261335+00:00,88685,2233169,3959400,
2026-09-20T07:42:56.277353+00:00,88686,2233194,3959996,
2026-09-20T07:42:56.309341+00:00,88687,2233219,3961672,
2026-09-20T07:42:56.341323+00:00,88688,2233244,3962136,
2026-09-20T07:42:56.357741+00:00,88689,2233269,3962225,
2026-09-20T07:42:56.389330+00:00,88690,2233294,3962625,
2026-09-20T07:42:56.405330+00:00,88691,2233320,3962149,
2026-09-20T07:42:56.437309+00:00,88692,2233345,3960606,
2026-09-20T07:42:56.469829+00:00,88693,2233370,3960262,
2026-09-20T07:42:56.485385+00:00,88694,2233395,3959923,
2026-09-20T07:42:56.517926+00:00,88695,2233420,3958016,
2026-09-20T07:42:56.533351+00:00,88696,2233445,3957452,
2026-09-20T07:42:56.567394+00:00,88697,2233471,3958393,
2026-09-20T07:42:56.581339+00:00,88698,2233496,3959764,
2026-09-20T07:42:56.613386+00:00,88699,2233521,3960265,
2026-09-20T07:42:56.645351+00:00,88700,2233546,3960315,
2026-09-20T07:42:56.661536+00:00,88701,2233571,3961329,
2026-09-20T07:42:56.693307+00:00,88702,2233596,3962368,
2026-09-20T07:42:56.709823+00:00,88703,2233622,3963012,
2026-09-20T07:42:56.741294+00:00,88704,2233647,3963451,
2026-09-20T07:42:56.758968+00:00,88705,2233672,3968928,
2026-09-20T07:42:56.789143+00:00,88706,2233697,3983271,
2026-09-20T07:42:56.821328+00:00,88707,2233722,4006500,
2026-09-20T07:42:56.837351+00:00,88708,2233747,4038629,
2026-09-20T07:42:56.869285+00:00,88709,2233773,4084564,
2026-09-20T07:42:56.885316+00:00,88710,2233798,4192577,
2026-09-20T07:42:56.917829+00:00,88711,2233823,4519161,
2026-09-20T07:42:56.934399+00:00,88712,2233848,5233982,
2026-09-20T07:42:56.965260+00:00,88713,2233873,6082857,
2026-09-20T07:42:56.997260+00:00,88714,2233898,6654378,
2026-09-20T07:42:57.013309+00:00,88715,2233924,6755293,
2026-09-20T07:42:57.046364+00:00,88716,2233949,6489133,
2026-09-20T07:42:57.061321+00:00,88717,2233974,6162259,
2026-09-20T07:42:57.094753+00:00,88718,2233999,5877879,
2026-09-20T07:42:57.109277+00:00,88719,2234024,5631642,
2026-09-20T07:42:57.142319+00:00,88720,2234049,5402501,
2026-09-20T07:42:57.173659+00:00,88721,2234075,5153043,
2026-09-20T07:42:57.190194+00:00,88722,2234100,4920521,
2026-09-20T07:42:57.221290+00:00,88723,2234125,4747256,
2026-09-20T07:42:57.238232+00:00,88724,2234150,4605038,
2026-09-20T07:42:57.272003+00:00,88725,2234175,4466574,
2026-09-20T07:42:57.286337+00:00,88726,2234201,4337660,
2026-09-20T07:42:57.317255+00:00,88727,2234226,4237322,
2026-09-20T07:42:57.349306+00:00,88728,2234251,4182329,
2026-09-20T07:42:57.368521+00:00,88729,2234276,4147851,
2026-09-20T07:42:57.397315+00:00,88730,2234301,4108784,
2026-09-20T07:42:57.413325+00:00,88731,2234326,4063624,
2026-09-20T07:42:57.445266+00:00,88732,2234352,4027264,
2026-09-20T07:42:57.462869+00:00,88733,2234377,4007712,
2026-09-20T07:42:57.493318+00:00,88734,2234402,3993520,
2026-09-20T07:42:57.525270+00:00,88735,2234427,3978901,
2026-09-20T07:42:57.542374+00:00,88736,2234452,3971157,
2026-09-20T07:42:57.575556+00:00,88737,2234477,3974519,
2026-09-20T07:42:57.589289+00:00,88738,2234503,3973740,
2026-09-20T07:42:57.621287+00:00,88739,2234528,3965422,
2026-09-20T07:42:57.638383+00:00,88740,2234553,3963554,
2026-09-20T07:42:57.675366+00:00,88741,2234578,3962866,
2026-09-20T07:42:57.703913+00:00,88742,2234603,3957366,
2026-09-20T07:42:57.717261+00:00,88743,2234628,3951454,
2026-09-20T07:42:57.749285+00:00,88744,2234654,3948685,
2026-09-20T07:42:57.765326+00:00,88745,2234679,3950182,
2026-09-20T07:42:57.798012+00:00,88746,2234704,3941722,
2026-09-20T07:42:57.813775+00:00,88747,2234729,3920514,
2026-09-20T07:42:57.846342+00:00,88748,2234754,3896755,
2026-09-20T07:42:57.878571+00:00,88749,2234779,3862418,
2026-09-20T07:42:57.893271+00:00,88750,2234805,3815519,
2026-09-20T07:42:57.925279+00:00,88751,2234830,3771124,
2026-09-20T07:42:57.941296+00:00,88752,2234855,3734654,
2026-09-20T07:42:57.974028+00:00,88753,2234880,3713364,
2026-09-20T07:42:57.989254+00:00,88754,2234905,3688925,
2026-09-20T07:42:58.022414+00:00,88755,2234931,3627094,
2026-09-20T07:42:58.053116+00:00,88756,2234956,3507011,
2026-09-20T07:42:58.069279+00:00,88757,2234981,3322018,
2026-09-20T07:42:58.101339+00:00,88758,2235006,3106214,
2026-09-20T07:42:58.107702+00:00,88759,2235031,2922044,
2026-09-20T07:42:58.146822+00:00,88760,2235056,2793719,
2026-09-20T07:42:58.168546+00:00,88761,2235082,2717635,
2026-09-20T07:42:58.197338+00:00,88762,2235107,2683884,
2026-09-20T07:42:58.230480+00:00,88763,2235132,2676525,
2026-09-20T07:42:58.245254+00:00,88764,2235157,2678669,
2026-09-20T07:42:58.278492+00:00,88765,2235182,2683801,
2026-09-20T07:42:58.294447+00:00,88766,2235207,2685103,
2026-09-20T07:42:58.325293+00:00,88767,2235233,2666857,
2026-09-20T07:42:58.343476+00:00,88768,2235258,2588603,
2026-09-20T07:42:58.373965+00:00,88769,2235283,2398067,
2026-09-20T07:42:58.405248+00:00,88770,2235308,2408860,
2026-09-20T07:42:58.432556+00:00,88771,2235333,2738421,
2026-09-20T07:42:58.453231+00:00,88772,2235358,3060821,
2026-09-20T07:42:58.469037+00:00,88773,2235384,3305489,
2026-09-20T07:42:58.501291+00:00,88774,2235409,3485929,
2026-09-20T07:42:58.517247+00:00,88775,2235434,3618942,
2026-09-20T07:42:58.549268+00:00,88776,2235459,3716767,
2026-09-20T07:42:58.581284+00:00,88777,2235484,3788979,
2026-09-20T07:42:58.598366+00:00,88778,2235509,3837264,
2026-09-20T07:42:58.630573+00:00,88779,2235535,3866057,
2026-09-20T07:42:58.645533+00:00,88780,2235560,3888957,
2026-09-20T07:42:58.678022+00:00,88781,2235585,3909301,
2026-09-20T07:42:58.709242+00:00,88782,2235610,3921354,
2026-09-20T07:42:58.726573+00:00,88783,2235635,3927192,
2026-09-20T07:42:58.758676+00:00,88784,2235661,3931601,
2026-09-20T07:42:58.773880+00:00,88785,2235686,3935451,
2026-09-20T07:42:58.805232+00:00,88786,2235711,3938336,
2026-09-20T07:42:58.821484+00:00,88787,2235736,3941091,
2026-09-20T07:42:58.853911+00:00,88788,2235761,3942113,
2026-09-20T07:42:58.885253+00:00,88789,2235786,3940007,
2026-09-20T07:42:58.901103+00:00,88790,2235812,3940094,
2026-09-20T07:42:58.933236+00:00,88791,2235837,3944025,
2026-09-20T07:42:58.949530+00:00,88792,2235862,3946778,
2026-09-20T07:42:58.981230+00:00,88793,2235887,3946389,
2026-09-20T07:42:58.997489+00:00,88794,2235912,3946537,
2026-09-20T07:42:59.030357+00:00,88795,2235937,3945911,
2026-09-20T07:42:59.061015+00:00,88796,2235963,3942055,
2026-09-20T07:42:59.077233+00:00,88797,2235988,3938835,
2026-09-20T07:42:59.108698+00:00,88798,2236013,3936424,
2026-09-20T07:42:59.126163+00:00,88799,2236038,3935571,
2026-09-20T07:42:59.158570+00:00,88800,2236063,3936625,
2026-09-20T07:42:59.173139+00:00,88801,2236089,3938528,
2026-09-20T07:42:59.205794+00:00,88802,2236114,3939242,
2026-09-20T07:42:59.237071+00:00,88803,2236139,3937991,
2026-09-20T07:42:59.253233+00:00,88804,2236164,3936814,
2026-09-20T07:42:59.285232+00:00,88805,2236189,3937863,
2026-09-20T07:42:59.301263+00:00,88806,2236214,3938321,
2026-09-20T07:42:59.333251+00:00,88807,2236240,3938007,
2026-09-20T07:42:59.349450+00:00,88808,2236265,3938697,
2026-09-20T07:42:59.381224+00:00,88809,2236290,3940302,
2026-09-20T07:42:59.413179+00:00,88810,2236315,3940213,
2026-09-20T07:42:59.428855+00:00,88811,2236340,3939681,
2026-09-20T07:42:59.461208+00:00,88812,2236365,3941525,
2026-09-20T07:42:59.477198+00:00,88813,2236391,3944483,
2026-09-20T07:42:59.509204+00:00,88814,2236416,3947844,
2026-09-20T07:42:59.525244+00:00,88815,2236441,3949923,
2026-09-20T07:42:59.556752+00:00,88816,2236466,3950857,
2026-09-20T07:42:59.589241+00:00,88817,2236491,3952133,
2026-09-20T07:42:59.605217+00:00,88818,2236516,3953615,
2026-09-20T07:42:59.637088+00:00,88819,2236542,3954678,
2026-09-20T07:42:59.653675+00:00,88820,2236567,3953499,
2026-09-20T07:42:59.685164+00:00,88821,2236592,3952246,
2026-09-20T07:42:59.701208+00:00,88822,2236617,3952539,
2026-09-20T07:42:59.734472+00:00,88823,2236642,3953573,
2026-09-20T07:42:59.766353+00:00,88824,2236668,3954496,
2026-09-20T07:42:59.781223+00:00,88825,2236693,3954822,
2026-09-20T07:42:59.813709+00:00,88826,2236718,3955072,
2026-09-20T07:42:59.830899+00:00,88827,2236743,3954112,
2026-09-20T07:42:59.867137+00:00,88828,2236768,3953963,
2026-09-20T07:42:59.877355+00:00,88829,2236793,3956529,
2026-09-20T07:42:59.909211+00:00,88830,2236819,3959567,
2026-09-20T07:42:59.941220+00:00,88831,2236844,3961154,
2026-09-20T07:42:59.957195+00:00,88832,2236869,3961877,
2026-09-20T07:42:59.989220+00:00,88833,2236894,3963180,
2026-09-20T07:43:00.005188+00:00,88834,2236919,3964475,
2026-09-20T07:43:00.037252+00:00,88835,2236944,3963917,
2026-09-20T07:43:00.053187+00:00,88836,2236970,3962398,
2026-09-20T07:43:00.085235+00:00,88837,2236995,3961853,
2026-09-20T07:43:00.117351+00:00,88838,2237020,3962482,
2026-09-20T07:43:00.133343+00:00,88839,2237045,3961406,
2026-09-20T07:43:00.166582+00:00,88840,2237070,3958414,
2026-09-20T07:43:00.181363+00:00,88841,2237096,3957657,
2026-09-20T07:43:00.216408+00:00,88842,2237121,3957285,
2026-09-20T07:43:00.230306+00:00,88843,2237146,3957527,
2026-09-20T07:43:00.261277+00:00,88844,2237171,3957847,
2026-09-20T07:43:00.295418+00:00,88845,2237196,3958541,
2026-09-20T07:43:00.309485+00:00,88846,2237221,3958876,
2026-09-20T07:43:00.341179+00:00,88847,2237247,3958966,
2026-09-20T07:43:00.357182+00:00,88848,2237272,3959278,
2026-09-20T07:43:00.390254+00:00,88849,2237297,3959375,
2026-09-20T07:43:00.405547+00:00,88850,2237322,3958257,
2026-09-20T07:43:00.438063+00:00,88851,2237347,3956793,
2026-09-20T07:43:00.469236+00:00,88852,2237372,3956167,
2026-09-20T07:43:00.485294+00:00,88853,2237398,3955046,
2026-09-20T07:43:00.518367+00:00,88854,2237423,3954958,
2026-09-20T07:43:00.533220+00:00,88855,2237448,3956316,
2026-09-20T07:43:00.567416+00:00,88856,2237473,3957537,
2026-09-20T07:43:00.581218+00:00,88857,2237498,3957891,
2026-09-20T07:43:00.613162+00:00,88858,2237523,3959049,
2026-09-20T07:43:00.645251+00:00,88859,2237549,3960283,
2026-09-20T07:43:00.660955+00:00,88860,2237574,3960244,
2026-09-20T07:43:00.693237+00:00,88861,2237599,3959640,
2026-09-20T07:43:00.709551+00:00,88862,2237624,3960149,
2026-09-20T07:43:00.741765+00:00,88863,2237649,3960512,
2026-09-20T07:43:00.773207+00:00,88864,2237675,3960220,
2026-09-20T07:43:00.790006+00:00,88865,2237700,3958974,
2026-09-20T07:43:00.821183+00:00,88866,2237725,3958717,
2026-09-20T07:43:00.837202+00:00,88867,2237750,3958644,
2026-09-20T07:43:00.869277+00:00,88868,2237775,3958527,
2026-09-20T07:43:00.886252+00:00,88869,2237800,3958974,
2026-09-20T07:43:00.917275+00:00,88870,2237826,3959219,
2026-09-20T07:43:00.949221+00:00,88871,2237851,3959802,
2026-09-20T07:43:00.968757+00:00,88872,2237876,3960161,
2026-09-20T07:43:00.997224+00:00,88873,2237901,3960866,
2026-09-20T07:43:01.013225+00:00,88874,2237926,3961484,
2026-09-20T07:43:01.045230+00:00,88875,2237951,3961100,
2026-09-20T07:43:01.061164+00:00,88876,2237977,3959574,
2026-09-20T07:43:01.094784+00:00,88877,2238002,3958965,
2026-09-20T07:43:01.125191+00:00,88878,2238027,3958121,
2026-09-20T07:43:01.144888+00:00,88879,2238052,3956513,
2026-09-20T07:43:01.177166+00:00,88880,2238077,3955063,
2026-09-20T07:43:01.189204+00:00,88881,2238103,3954596,
2026-09-20T07:43:01.221465+00:00,88882,2238128,3955047,
2026-09-20T07:43:01.238229+00:00,88883,2238153,3955271,
2026-09-20T07:43:01.269210+00:00,88884,2238178,3955611,
2026-09-20T07:43:01.301215+00:00,88885,2238203,3956189,
2026-09-20T07:43:01.317171+00:00,88886,2238228,3956766,
2026-09-20T07:43:01.350268+00:00,88887,2238254,3957175,
2026-09-20T07:43:01.368248+00:00,88888,2238279,3957273,
2026-09-20T07:43:01.397863+00:00,88889,2238304,3957067,
2026-09-20T07:43:01.413185+00:00,88890,2238329,3956098,
2026-09-20T07:43:01.445153+00:00,88891,2238354,3954905,
2026-09-20T07:43:01.478265+00:00,88892,2238379,3954639,
2026-09-20T07:43:01.502586+00:00,88893,2238405,3953764,
2026-09-20T07:43:01.525157+00:00,88894,2238430,3953319,
2026-09-20T07:43:01.541182+00:00,88895,2238455,3954851,
2026-09-20T07:43:01.572877+00:00,88896,2238480,3958594,
2026-09-20T07:43:01.589186+00:00,88897,2238505,3960303,
2026-09-20T07:43:01.621197+00:00,88898,2238531,3959680,
2026-09-20T07:43:01.653496+00:00,88899,2238556,3960363,
2026-09-20T07:43:01.669163+00:00,88900,2238581,3959190,
2026-09-20T07:43:01.700975+00:00,88901,2238606,3955564,
2026-09-20T07:43:01.718208+00:00,88902,2238631,3953353,
2026-09-20T07:43:01.749177+00:00,88903,2238656,3952378,
2026-09-20T07:43:01.769340+00:00,88904,2238682,3953608,
2026-09-20T07:43:01.797167+00:00,88905,2238707,3955874,
2026-09-20T07:43:01.829181+00:00,88906,2238732,3957245,
2026-09-20T07:43:01.846030+00:00,88907,2238757,3955739,
2026-09-20T07:43:01.877176+00:00,88908,2238782,3953811,
2026-09-20T07:43:01.898549+00:00,88909,2238807,3954270,
2026-09-20T07:43:01.928257+00:00,88910,2238833,3954679,
2026-09-20T07:43:01.941140+00:00,88911,2238858,3955256,
2026-09-20T07:43:01.973139+00:00,88912,2238883,3955229,
2026-09-20T07:43:02.005145+00:00,88913,2238908,3953896,
2026-09-20T07:43:02.021154+00:00,88914,2238933,3953192,
2026-09-20T07:43:02.053183+00:00,88915,2238958,3953316,
2026-09-20T07:43:02.069193+00:00,88916,2238984,3953290,
2026-09-20T07:43:02.101145+00:00,88917,2239009,3952679,
2026-09-20T07:43:02.117159+00:00,88918,2239034,3951927,
2026-09-20T07:43:02.149164+00:00,88919,2239059,3952017,
2026-09-20T07:43:02.181155+00:00,88920,2239084,3953632,
2026-09-20T07:43:02.197192+00:00,88921,2239110,3954491,
2026-09-20T07:43:02.229175+00:00,88922,2239135,3954324,
2026-09-20T07:43:02.245153+00:00,88923,2239160,3954546,
2026-09-20T07:43:02.280616+00:00,88924,2239185,3953978,
2026-09-20T07:43:02.295908+00:00,88925,2239210,3952243,
2026-09-20T07:43:02.325563+00:00,88926,2239235,3951432,
2026-09-20T07:43:02.359579+00:00,88927,2239261,3952250,
2026-09-20T07:43:02.372900+00:00,88928,2239286,3952328,
2026-09-20T07:43:02.405806+00:00,88929,2239311,3952361,
2026-09-20T07:43:02.421419+00:00,88930,2239336,3953750,
2026-09-20T07:43:02.453179+00:00,88931,2239361,3954681,
2026-09-20T07:43:02.470254+00:00,88932,2239386,3954787,
2026-09-20T07:43:02.501170+00:00,88933,2239412,3952995,
2026-09-20T07:43:02.535361+00:00,88934,2239437,3951658,
2026-09-20T07:43:02.549177+00:00,88935,2239462,3951346,
2026-09-20T07:43:02.581160+00:00,88936,2239487,3951458,
2026-09-20T07:43:02.597141+00:00,88937,2239512,3951751,
2026-09-20T07:43:02.629132+00:00,88938,2239538,3951641,
2026-09-20T07:43:02.661166+00:00,88939,2239563,3951869,
2026-09-20T07:43:02.677168+00:00,88940,2239588,3952586,
2026-09-20T07:43:02.708948+00:00,88941,2239613,3953628,
2026-09-20T07:43:02.725298+00:00,88942,2239638,3954610,
2026-09-20T07:43:02.757135+00:00,88943,2239663,3955283,
2026-09-20T07:43:02.773145+00:00,88944,2239689,3956084,
2026-09-20T07:43:02.805380+00:00,88945,2239714,3956635,
2026-09-20T07:43:02.837125+00:00,88946,2239739,3956424,
2026-09-20T07:43:02.853148+00:00,88947,2239764,3956419,
2026-09-20T07:43:02.885121+00:00,88948,2239789,3955386,
2026-09-20T07:43:02.902451+00:00,88949,2239814,3954048,
2026-09-20T07:43:02.934294+00:00,88950,2239840,3954150,
2026-09-20T07:43:02.949161+00:00,88951,2239865,3954381,
2026-09-20T07:43:02.981175+00:00,88952,2239890,3954174,
2026-09-20T07:43:03.013158+00:00,88953,2239915,3954056,
2026-09-20T07:43:03.029129+00:00,88954,2239940,3954637,
2026-09-20T07:43:03.062261+00:00,88955,2239965,3955447,
2026-09-20T07:43:03.078031+00:00,88956,2239991,3956438,
2026-09-20T07:43:03.109246+00:00,88957,2240016,3956806,
2026-09-20T07:43:03.127136+00:00,88958,2240041,3956431,
2026-09-20T07:43:03.158320+00:00,88959,2240066,3956409,
2026-09-20T07:43:03.182830+00:00,88960,2240091,3957470,
2026-09-20T07:43:03.197646+00:00,88961,2240117,3958550,
2026-09-20T07:43:03.237105+00:00,88962,2240142,3957774,
2026-09-20T07:43:03.253169+00:00,88963,2240167,3957483,
2026-09-20T07:43:03.285127+00:00,88964,2240192,3958514,
2026-09-20T07:43:03.301144+00:00,88965,2240217,3959477,
2026-09-20T07:43:03.334693+00:00,88966,2240242,3961452,
2026-09-20T07:43:03.365186+00:00,88967,2240268,3967615,
2026-09-20T07:43:03.381142+00:00,88968,2240293,3985281,
2026-09-20T07:43:03.413208+00:00,88969,2240318,4037537,
2026-09-20T07:43:03.429129+00:00,88970,2240343,4146686,
2026-09-20T07:43:03.461152+00:00,88971,2240368,4318883,
2026-09-20T07:43:03.477774+00:00,88972,2240393,4567501,
2026-09-20T07:43:03.509123+00:00,88973,2240419,4824633,
2026-09-20T07:43:03.542076+00:00,88974,2240444,5041890,
2026-09-20T07:43:03.557148+00:00,88975,2240469,5203654,
2026-09-20T07:43:03.589105+00:00,88976,2240494,5224151,
2026-09-20T07:43:03.605392+00:00,88977,2240519,5109328,
2026-09-20T07:43:03.637029+00:00,88978,2240545,4964127,
2026-09-20T07:43:03.653402+00:00,88979,2240570,4783146,
2026-09-20T07:43:03.685090+00:00,88980,2240595,4584869,
2026-09-20T07:43:03.717090+00:00,88981,2240620,4416400,
2026-09-20T07:43:03.733183+00:00,88982,2240645,4294156,
2026-09-20T07:43:03.766181+00:00,88983,2240670,4208503,
2026-09-20T07:43:03.781142+00:00,88984,2240696,4135297,
2026-09-20T07:43:03.813154+00:00,88985,2240721,4074122,
2026-09-20T07:43:03.829119+00:00,88986,2240746,4050653,
2026-09-20T07:43:03.861136+00:00,88987,2240771,4037746,
2026-09-20T07:43:03.896393+00:00,88988,2240796,4012898,
2026-09-20T07:43:03.909127+00:00,88989,2240821,3994042,
2026-09-20T07:43:03.941081+00:00,88990,2240847,3999605,
2026-09-20T07:43:03.958218+00:00,88991,2240872,4003121,
2026-09-20T07:43:03.989095+00:00,88992,2240897,3987265,
2026-09-20T07:43:04.005072+00:00,88993,2240922,3979526,
2026-09-20T07:43:04.036955+00:00,88994,2240947,3981478,
2026-09-20T07:43:04.069354+00:00,88995,2240973,3981475,
2026-09-20T07:43:04.085083+00:00,88996,2240998,3983043,
2026-09-20T07:43:04.117105+00:00,88997,2241023,3972408,
2026-09-20T07:43:04.133319+00:00,88998,2241048,3955631,
2026-09-20T07:43:04.165102+00:00,88999,2241073,3946033,
2026-09-20T07:43:04.182176+00:00,89000,2241098,3953673,
2026-09-20T07:43:04.213132+00:00,89001,2241124,3963343,
2026-09-20T07:43:04.246241+00:00,89002,2241149,3958529,
2026-09-20T07:43:04.261117+00:00,89003,2241174,3948343,
2026-09-20T07:43:04.294751+00:00,89004,2241199,3949007,
2026-09-20T07:43:04.310352+00:00,89005,2241224,3953751,
2026-09-20T07:43:04.341085+00:00,89006,2241249,3932485,
2026-09-20T07:43:04.357175+00:00,89007,2241275,3878702,
2026-09-20T07:43:04.389148+00:00,89008,2241300,3799603,
2026-09-20T07:43:04.421083+00:00,89009,2241325,3641037,
2026-09-20T07:43:04.436669+00:00,89010,2241350,3362743,
2026-09-20T07:43:04.469080+00:00,89011,2241375,3030046,
2026-09-20T07:43:04.485074+00:00,89012,2241401,2556007,
2026-09-20T07:43:04.517075+00:00,89013,2241426,1993492,
2026-09-20T07:43:04.533103+00:00,89014,2241451,1756032,
2026-09-20T07:43:04.566158+00:00,89015,2241476,2046486,
2026-09-20T07:43:04.597097+00:00,89016,2241501,2697724,
2026-09-20T07:43:04.613075+00:00,89017,2241526,3187507,
2026-09-20T07:43:04.645085+00:00,89018,2241552,3442279,
2026-09-20T07:43:04.662303+00:00,89019,2241577,3596259,
2026-09-20T07:43:04.693117+00:00,89020,2241602,3704798,
2026-09-20T07:43:04.725272+00:00,89021,2241627,3783236,
2026-09-20T07:43:04.741082+00:00,89022,2241652,3838240,
2026-09-20T07:43:04.773088+00:00,89023,2241677,3877003,
2026-09-20T07:43:04.789099+00:00,89024,2241703,3903299,
2026-09-20T07:43:04.821100+00:00,89025,2241728,3920756,
2026-09-20T07:43:04.837075+00:00,89026,2241753,3931718,
2026-09-20T07:43:04.869963+00:00,89027,2241778,3939112,
2026-09-20T07:43:04.901126+00:00,89028,2241803,3945025,
2026-09-20T07:43:04.917095+00:00,89029,2241829,3950291,
2026-09-20T07:43:04.949110+00:00,89030,2241854,3954082,
2026-09-20T07:43:04.972531+00:00,89031,2241879,3957981,
2026-09-20T07:43:04.997316+00:00,89032,2241904,3961316,
2026-09-20T07:43:05.013090+00:00,89033,2241929,3963454,
2026-09-20T07:43:05.045109+00:00,89034,2241954,3964125,
2026-09-20T07:43:05.077073+00:00,89035,2241980,3964464,
2026-09-20T07:43:05.096090+00:00,89036,2242005,3965053,
2026-09-20T07:43:05.125618+00:00,89037,2242030,3964696,
2026-09-20T07:43:05.141111+00:00,89038,2242055,3962053,
2026-09-20T07:43:05.173150+00:00,89039,2242080,3959078,
2026-09-20T07:43:05.193123+00:00,89040,2242105,3959484,
2026-09-20T07:43:05.221823+00:00,89041,2242131,3962420,
2026-09-20T07:43:05.254192+00:00,89042,2242156,3963587,
2026-09-20T07:43:05.270182+00:00,89043,2242181,3962522,
2026-09-20T07:43:05.301162+00:00,89044,2242206,3961735,
2026-09-20T07:43:05.318228+00:00,89045,2242231,3961857,
2026-09-20T07:43:05.349081+00:00,89046,2242256,3959861,
2026-09-20T07:43:05.367522+00:00,89047,2242282,3954594,
2026-09-20T07:43:05.397140+00:00,89048,2242307,3951517,
2026-09-20T07:43:05.429101+00:00,89049,2242332,3951314,
2026-09-20T07:43:05.448256+00:00,89050,2242357,3950945,
2026-09-20T07:43:05.477079+00:00,89051,2242382,3949362,
2026-09-20T07:43:05.496591+00:00,89052,2242408,3949433,
2026-09-20T07:43:05.525633+00:00,89053,2242433,3950980,
2026-09-20T07:43:05.542183+00:00,89054,2242458,3951993,
2026-09-20T07:43:05.573086+00:00,89055,2242483,3951156,
2026-09-20T07:43:05.605056+00:00,89056,2242508,3949214,
2026-09-20T07:43:05.621986+00:00,89057,2242533,3947021,
2026-09-20T07:43:05.653040+00:00,89058,2242559,3945047,
2026-09-20T07:43:05.669041+00:00,89059,2242584,3944717,
2026-09-20T07:43:05.701055+00:00,89060,2242609,3945103,
2026-09-20T07:43:05.717228+00:00,89061,2242634,3945766,
2026-09-20T07:43:05.749077+00:00,89062,2242659,3948206,
2026-09-20T07:43:05.781102+00:00,89063,2242684,3950013,
2026-09-20T07:43:05.797047+00:00,89064,2242710,3951633,
2026-09-20T07:43:05.829096+00:00,89065,2242735,3956133,
2026-09-20T07:43:05.847101+00:00,89066,2242760,3959296,
2026-09-20T07:43:05.878498+00:00,89067,2242785,3957583,
2026-09-20T07:43:05.893080+00:00,89068,2242810,3954345,
2026-09-20T07:43:05.925060+00:00,89069,2242836,3951168,
2026-09-20T07:43:05.968138+00:00,89070,2242861,3950665,
2026-09-20T07:43:05.973060+00:00,89071,2242886,3949099,
2026-09-20T07:43:06.005038+00:00,89072,2242911,3947593,
2026-09-20T07:43:06.020938+00:00,89073,2242936,3949782,
2026-09-20T07:43:06.053026+00:00,89074,2242961,3953668,
2026-09-20T07:43:06.069071+00:00,89075,2242987,3957882,
2026-09-20T07:43:06.101074+00:00,89076,2243012,3960708,
2026-09-20T07:43:06.133079+00:00,89077,2243037,3961674,
2026-09-20T07:43:06.149074+00:00,89078,2243062,3961795,
2026-09-20T07:43:06.181050+00:00,89079,2243087,3961180,
2026-09-20T07:43:06.197071+00:00,89080,2243113,3959401,
2026-09-20T07:43:06.229063+00:00,89081,2243138,3958742,
2026-09-20T07:43:06.245075+00:00,89082,2243163,3959912,
2026-09-20T07:43:06.277077+00:00,89083,2243188,3961087,
2026-09-20T07:43:06.310343+00:00,89084,2243213,3960397,
2026-09-20T07:43:06.325046+00:00,89085,2243238,3959702,
2026-09-20T07:43:06.357187+00:00,89086,2243264,3960239,
2026-09-20T07:43:06.373065+00:00,89087,2243289,3959580,
2026-09-20T07:43:06.405047+00:00,89088,2243314,3958328,
2026-09-20T07:43:06.421631+00:00,89089,2243339,3958813,
2026-09-20T07:43:06.453073+00:00,89090,2243364,3959523,
2026-09-20T07:43:06.485100+00:00,89091,2243389,3959730,
2026-09-20T07:43:06.504422+00:00,89092,2243415,3958660,
2026-09-20T07:43:06.535145+00:00,89093,2243440,3956902,
2026-09-20T07:43:06.549068+00:00,89094,2243465,3955437,
2026-09-20T07:43:06.581061+00:00,89095,2243490,3955101,
2026-09-20T07:43:06.613196+00:00,89096,2243515,3955140,
2026-09-20T07:43:06.629142+00:00,89097,2243540,3954750,
2026-09-20T07:43:06.661069+00:00,89098,2243566,3954423,
2026-09-20T07:43:06.677070+00:00,89099,2243591,3953838,
2026-09-20T07:43:06.709072+00:00,89100,2243616,3953960,
2026-09-20T07:43:06.725072+00:00,89101,2243641,3954823,
2026-09-20T07:43:06.757628+00:00,89102,2243666,3955742,
2026-09-20T07:43:06.789028+00:00,89103,2243692,3955680,
2026-09-20T07:43:06.804785+00:00,89104,2243717,3954888,
2026-09-20T07:43:06.837032+00:00,89105,2243742,3954967,
2026-09-20T07:43:06.853397+00:00,89106,2243767,3956186,
2026-09-20T07:43:06.885709+00:00,89107,2243792,3956099,
2026-09-20T07:43:06.901682+00:00,89108,2243817,3955403,
2026-09-20T07:43:06.933004+00:00,89109,2243843,3954930,
2026-09-20T07:43:06.966076+00:00,89110,2243868,3954636,
2026-09-20T07:43:06.980923+00:00,89111,2243893,3953896,
2026-09-20T07:43:07.012860+00:00,89112,2243918,3953449,
2026-09-20T07:43:07.029023+00:00,89113,2243943,3953882,
2026-09-20T07:43:07.061758+00:00,89114,2243968,3953719,
2026-09-20T07:43:07.077362+00:00,89115,2243994,3953929,
2026-09-20T07:43:07.111117+00:00,89116,2244019,3954523,
2026-09-20T07:43:07.143076+00:00,89117,2244044,3954779,
2026-09-20T07:43:07.156859+00:00,89118,2244069,3954996,
2026-09-20T07:43:07.189034+00:00,89119,2244094,3955569,
2026-09-20T07:43:07.204793+00:00,89120,2244120,3955980,
2026-09-20T07:43:07.232597+00:00,89121,2244145,3956156,
2026-09-20T07:43:07.249343+00:00,89122,2244170,3956512,
2026-09-20T07:43:07.281496+00:00,89123,2244195,3956921,
2026-09-20T07:43:07.318787+00:00,89124,2244220,3956064,
2026-09-20T07:43:07.334637+00:00,89125,2244245,3955184,
2026-09-20T07:43:07.365037+00:00,89126,2244271,3954274,
2026-09-20T07:43:07.382082+00:00,89127,2244296,3954526,
2026-09-20T07:43:07.414074+00:00,89128,2244321,3955989,
2026-09-20T07:43:07.428977+00:00,89129,2244346,3956051,
2026-09-20T07:43:07.461038+00:00,89130,2244371,3956193,
2026-09-20T07:43:07.493022+00:00,89131,2244396,3957422,
2026-09-20T07:43:07.509023+00:00,89132,2244422,3958018,
2026-09-20T07:43:07.541019+00:00,89133,2244447,3958854,
2026-09-20T07:43:07.556996+00:00,89134,2244472,3960386,
2026-09-20T07:43:07.588755+00:00,89135,2244497,3961911,
2026-09-20T07:43:07.605021+00:00,89136,2244522,3964827,
2026-09-20T07:43:07.637039+00:00,89137,2244548,3967862,
2026-09-20T07:43:07.669208+00:00,89138,2244573,3972890,
2026-09-20T07:43:07.685651+00:00,89139,2244598,3985476,
2026-09-20T07:43:07.717035+00:00,89140,2244623,4002503,
2026-09-20T07:43:07.733026+00:00,89141,2244648,4027814,
2026-09-20T07:43:07.767432+00:00,89142,2244673,4079225,
2026-09-20T07:43:07.782157+00:00,89143,2244699,4181748,
2026-09-20T07:43:07.813018+00:00,89144,2244724,4459489,
2026-09-20T07:43:07.846186+00:00,89145,2244749,5095596,
2026-09-20T07:43:07.867823+00:00,89146,2244774,5782962,
2026-09-20T07:43:07.893365+00:00,89147,2244799,6082900,
2026-09-20T07:43:07.909012+00:00,89148,2244825,5896205,
2026-09-20T07:43:07.940982+00:00,89149,2244850,5536628,
2026-09-20T07:43:07.956995+00:00,89150,2244875,5251112,
2026-09-20T07:43:07.988969+00:00,89151,2244900,5041241,
2026-09-20T07:43:08.021052+00:00,89152,2244925,4896879,
2026-09-20T07:43:08.037004+00:00,89153,2244950,4764414,
2026-09-20T07:43:08.069006+00:00,89154,2244976,4605608,
2026-09-20T07:43:08.085026+00:00,89155,2245001,4435745,
2026-09-20T07:43:08.120126+00:00,89156,2245026,4287658,
2026-09-20T07:43:08.132982+00:00,89157,2245051,4177774,
2026-09-20T07:43:08.167324+00:00,89158,2245076,4109027,
2026-09-20T07:43:08.197009+00:00,89159,2245101,4068581,
2026-09-20T07:43:08.213548+00:00,89160,2245127,4032387,
2026-09-20T07:43:08.233119+00:00,89161,2245152,3998284,
2026-09-20T07:43:08.248777+00:00,89162,2245177,3978277,
2026-09-20T07:43:08.295547+00:00,89163,2245202,3970245,
2026-09-20T07:43:08.309021+00:00,89164,2245227,3970482,
2026-09-20T07:43:08.340974+00:00,89165,2245252,3967827,
2026-09-20T07:43:08.374071+00:00,89166,2245278,3955918,
2026-09-20T07:43:08.388980+00:00,89167,2245303,3946711,
2026-09-20T07:43:08.420976+00:00,89168,2245328,3942826,
2026-09-20T07:43:08.438103+00:00,89169,2245353,3937725,
2026-09-20T07:43:08.469015+00:00,89170,2245378,3927998,
2026-09-20T07:43:08.501260+00:00,89171,2245404,3915476,
2026-09-20T07:43:08.516973+00:00,89172,2245429,3904131,
2026-09-20T07:43:08.549004+00:00,89173,2245454,3903599,
2026-09-20T07:43:08.564888+00:00,89174,2245479,3913236,
2026-09-20T07:43:08.597562+00:00,89175,2245504,3927050,
2026-09-20T07:43:08.612998+00:00,89176,2245529,3942796,
2026-09-20T07:43:08.644995+00:00,89177,2245555,3943965,
2026-09-20T07:43:08.676998+00:00,89178,2245580,3930992,
2026-09-20T07:43:08.694066+00:00,89179,2245605,3924072,
2026-09-20T07:43:08.724808+00:00,89180,2245630,3921774,
2026-09-20T07:43:08.742473+00:00,89181,2245655,3915072,
2026-09-20T07:43:08.772982+00:00,89182,2245680,3898898,
2026-09-20T07:43:08.789487+00:00,89183,2245706,3878268,
2026-09-20T07:43:08.821460+00:00,89184,2245731,3863470,
2026-09-20T07:43:08.852992+00:00,89185,2245756,3847526,
2026-09-20T07:43:08.870058+00:00,89186,2245781,3821215,
2026-09-20T07:43:08.902047+00:00,89187,2245806,3773398,
2026-09-20T07:43:08.916995+00:00,89188,2245832,3706988,
2026-09-20T07:43:08.948972+00:00,89189,2245857,3649965,
2026-09-20T07:43:08.969060+00:00,89190,2245882,3612134,
2026-09-20T07:43:08.999717+00:00,89191,2245907,3557594,
2026-09-20T07:43:09.029642+00:00,89192,2245932,3453702,
2026-09-20T07:43:09.044820+00:00,89193,2245957,3307971,
2026-09-20T07:43:09.076992+00:00,89194,2245983,3162596,
2026-09-20T07:43:09.093033+00:00,89195,2246008,3048486,
2026-09-20T07:43:09.124970+00:00,89196,2246033,2961297,
2026-09-20T07:43:09.140922+00:00,89197,2246058,2865349,
2026-09-20T07:43:09.172985+00:00,89198,2246083,2672712,
2026-09-20T07:43:09.204945+00:00,89199,2246108,2534576,
2026-09-20T07:43:09.220481+00:00,89200,2246134,2767457,
2026-09-20T07:43:09.252988+00:00,89201,2246159,3086553,
2026-09-20T07:43:09.268959+00:00,89202,2246184,3332927,
2026-09-20T07:43:09.300950+00:00,89203,2246209,3513261,
2026-09-20T07:43:09.316966+00:00,89204,2246234,3643865,
2026-09-20T07:43:09.348657+00:00,89205,2246259,3737318,
2026-09-20T07:43:09.380954+00:00,89206,2246285,3804116,
2026-09-20T07:43:09.396963+00:00,89207,2246310,3849844,
2026-09-20T07:43:09.428966+00:00,89208,2246335,3880092,
2026-09-20T07:43:09.446213+00:00,89209,2246360,3898356,
2026-09-20T07:43:09.478101+00:00,89210,2246385,3908596,
2026-09-20T07:43:09.496452+00:00,89211,2246411,3918335,
2026-09-20T07:43:09.524999+00:00,89212,2246436,3929054,
2026-09-20T07:43:09.558257+00:00,89213,2246461,3936518,
2026-09-20T07:43:09.572968+00:00,89214,2246486,3939273,
2026-09-20T07:43:09.604961+00:00,89215,2246511,3940555,
2026-09-20T07:43:09.620959+00:00,89216,2246536,3944844,
2026-09-20T07:43:09.654227+00:00,89217,2246562,3950828,
2026-09-20T07:43:09.668968+00:00,89218,2246587,3952328,
2026-09-20T07:43:09.701000+00:00,89219,2246612,3949293,
2026-09-20T07:43:09.732742+00:00,89220,2246637,3947002,
2026-09-20T07:43:09.751115+00:00,89221,2246662,3944356,
2026-09-20T07:43:09.780942+00:00,89222,2246687,3943199,
2026-09-20T07:43:09.796985+00:00,89223,2246713,3941612,
2026-09-20T07:43:09.830417+00:00,89224,2246738,3939682,
2026-09-20T07:43:09.845055+00:00,89225,2246763,3941423,
2026-09-20T07:43:09.877013+00:00,89226,2246788,3944497,
2026-09-20T07:43:09.909034+00:00,89227,2246813,3945526,
2026-09-20T07:43:09.925566+00:00,89228,2246839,3943173,
2026-09-20T07:43:09.956977+00:00,89229,2246864,3941272,
2026-09-20T07:43:09.974255+00:00,89230,2246889,3943270,
2026-09-20T07:43:10.004940+00:00,89231,2246914,3945707,
2026-09-20T07:43:10.020942+00:00,89232,2246939,3943846,
2026-09-20T07:43:10.052972+00:00,89233,2246964,3939992,
2026-09-20T07:43:10.084969+00:00,89234,2246990,3941265,
2026-09-20T07:43:10.100968+00:00,89235,2247015,3944271,
2026-09-20T07:43:10.132970+00:00,89236,2247040,3945862,
2026-09-20T07:43:10.148969+00:00,89237,2247065,3944868,
2026-09-20T07:43:10.180968+00:00,89238,2247090,3945153,
2026-09-20T07:43:10.196943+00:00,89239,2247115,3946387,
2026-09-20T07:43:10.228952+00:00,89240,2247141,3945826,
2026-09-20T07:43:10.260925+00:00,89241,2247166,3944701,
2026-09-20T07:43:10.276583+00:00,89242,2247191,3944093,
2026-09-20T07:43:10.308849+00:00,89243,2247216,3944194,
2026-09-20T07:43:10.324922+00:00,89244,2247241,3944204,
2026-09-20T07:43:10.356953+00:00,89245,2247267,3944430,
2026-09-20T07:43:10.388932+00:00,89246,2247292,3945693,
2026-09-20T07:43:10.404732+00:00,89247,2247317,3947516,
2026-09-20T07:43:10.436914+00:00,89248,2247342,3949339,
2026-09-20T07:43:10.452961+00:00,89249,2247367,3950902,
2026-09-20T07:43:10.485027+00:00,89250,2247392,3951939,
2026-09-20T07:43:10.502068+00:00,89251,2247418,3952644,
2026-09-20T07:43:10.534048+00:00,89252,2247443,3951795,
2026-09-20T07:43:10.566052+00:00,89253,2247468,3950825,
2026-09-20T07:43:10.580957+00:00,89254,2247493,3950379,
2026-09-20T07:43:10.612917+00:00,89255,2247518,3950197,
2026-09-20T07:43:10.628918+00:00,89256,2247543,3949638,
2026-09-20T07:43:10.660676+00:00,89257,2247569,3950670,
2026-09-20T07:43:10.676919+00:00,89258,2247594,3951033,
2026-09-20T07:43:10.708923+00:00,89259,2247619,3950747,
2026-09-20T07:43:10.740709+00:00,89260,2247644,3951555,
2026-09-20T07:43:10.756920+00:00,89261,2247669,3953415,
2026-09-20T07:43:10.789092+00:00,89262,2247694,3953848,
2026-09-20T07:43:10.805165+00:00,89263,2247720,3952715,
2026-09-20T07:43:10.837636+00:00,89264,2247745,3951331,
2026-09-20T07:43:10.852952+00:00,89265,2247770,3950275,
2026-09-20T07:43:10.884959+00:00,89266,2247795,3950147,
2026-09-20T07:43:10.918265+00:00,89267,2247820,3949822,
2026-09-20T07:43:10.934023+00:00,89268,2247846,3948763,
2026-09-20T07:43:10.967508+00:00,89269,2247871,3949524,
2026-09-20T07:43:10.980918+00:00,89270,2247896,3951216,
2026-09-20T07:43:11.012981+00:00,89271,2247921,3951568,
2026-09-20T07:43:11.028998+00:00,89272,2247946,3951256,
2026-09-20T07:43:11.061345+00:00,89273,2247971,3950878,
2026-09-20T07:43:11.092957+00:00,89274,2247997,3950350,
2026-09-20T07:43:11.108752+00:00,89275,2248022,3949683,
2026-09-20T07:43:11.140936+00:00,89276,2248047,3948486,
2026-09-20T07:43:11.156563+00:00,89277,2248072,3947544,
2026-09-20T07:43:11.188948+00:00,89278,2248097,3947920,
2026-09-20T07:43:11.205676+00:00,89279,2248122,3949328,
2026-09-20T07:43:11.239123+00:00,89280,2248148,3949670,
2026-09-20T07:43:11.268946+00:00,89281,2248173,3950098,
2026-09-20T07:43:11.284940+00:00,89282,2248198,3950147,
2026-09-20T07:43:11.316923+00:00,89283,2248223,3949863,
2026-09-20T07:43:11.333006+00:00,89284,2248248,3949603,
2026-09-20T07:43:11.364627+00:00,89285,2248274,3949206,
2026-09-20T07:43:11.380904+00:00,89286,2248299,3949329,
2026-09-20T07:43:11.412930+00:00,89287,2248324,3950312,
2026-09-20T07:43:11.444941+00:00,89288,2248349,3950895,
2026-09-20T07:43:11.460928+00:00,89289,2248374,3950070,
2026-09-20T07:43:11.502396+00:00,89290,2248399,3949487,
2026-09-20T07:43:11.509083+00:00,89291,2248425,3949895,
2026-09-20T07:43:11.544022+00:00,89292,2248450,3950863,
2026-09-20T07:43:11.557141+00:00,89293,2248475,3950878,
2026-09-20T07:43:11.588945+00:00,89294,2248500,3949744,
2026-09-20T07:43:11.620907+00:00,89295,2248525,3949041,
2026-09-20T07:43:11.636878+00:00,89296,2248550,3948912,
2026-09-20T07:43:11.668944+00:00,89297,2248576,3949188,
2026-09-20T07:43:11.684915+00:00,89298,2248601,3949164,
2026-09-20T07:43:11.716733+00:00,89299,2248626,3947445,
2026-09-20T07:43:11.733187+00:00,89300,2248651,3946423,
2026-09-20T07:43:11.766025+00:00,89301,2248676,3947318,
2026-09-20T07:43:11.796956+00:00,89302,2248702,3948555,
2026-09-20T07:43:11.812940+00:00,89303,2248727,3948724,
2026-09-20T07:43:11.846016+00:00,89304,2248752,3948954,
2026-09-20T07:43:11.860908+00:00,89305,2248777,3948566,
2026-09-20T07:43:11.894855+00:00,89306,2248802,3949393,
2026-09-20T07:43:11.908883+00:00,89307,2248827,3950267,
2026-09-20T07:43:11.941471+00:00,89308,2248853,3951601,
2026-09-20T07:43:11.972886+00:00,89309,2248878,3952816,
2026-09-20T07:43:11.988935+00:00,89310,2248903,3953132,
2026-09-20T07:43:12.020885+00:00,89311,2248928,3952659,
2026-09-20T07:43:12.036959+00:00,89312,2248953,3951353,
2026-09-20T07:43:12.068928+00:00,89313,2248978,3949583,
2026-09-20T07:43:12.084569+00:00,89314,2249004,3948434,
2026-09-20T07:43:12.116902+00:00,89315,2249029,3948366,
2026-09-20T07:43:12.148915+00:00,89316,2249054,3949826,
2026-09-20T07:43:12.167901+00:00,89317,2249079,3951902,
2026-09-20T07:43:12.196929+00:00,89318,2249104,3953008,
2026-09-20T07:43:12.212909+00:00,89319,2249130,3954195,
2026-09-20T07:43:12.244905+00:00,89320,2249155,3955073,
2026-09-20T07:43:12.261548+00:00,89321,2249180,3955779,
2026-09-20T07:43:12.293287+00:00,89322,2249205,3956628,
2026-09-20T07:43:12.324906+00:00,89323,2249230,3956517,
2026-09-20T07:43:12.340974+00:00,89324,2249255,3955647,
2026-09-20T07:43:12.372504+00:00,89325,2249281,3954392,
2026-09-20T07:43:12.389664+00:00,89326,2249306,3953282,
2026-09-20T07:43:12.421480+00:00,89327,2249331,3953750,
2026-09-20T07:43:12.442240+00:00,89328,2249356,3953995,
2026-09-20T07:43:12.457458+00:00,89329,2249381,3954099,
2026-09-20T07:43:12.500916+00:00,89330,2249406,3955417,
2026-09-20T07:43:12.516897+00:00,89331,2249432,3956923,
2026-09-20T07:43:12.548902+00:00,89332,2249457,3957076,
2026-09-20T07:43:12.566951+00:00,89333,2249482,3957644,
2026-09-20T07:43:12.603427+00:00,89334,2249507,3957468,
2026-09-20T07:43:12.628883+00:00,89335,2249532,3956999,
2026-09-20T07:43:12.644895+00:00,89336,2249557,3956029,
2026-09-20T07:43:12.676916+00:00,89337,2249583,3955613,
2026-09-20T07:43:12.693171+00:00,89338,2249608,3955766,
2026-09-20T07:43:12.724849+00:00,89339,2249633,3954652,
2026-09-20T07:43:12.740892+00:00,89340,2249658,3953871,
2026-09-20T07:43:12.772856+00:00,89341,2249683,3954978,
2026-09-20T07:43:12.804870+00:00,89342,2249709,3956642,
2026-09-20T07:43:12.820978+00:00,89343,2249734,3957298,
2026-09-20T07:43:12.852862+00:00,89344,2249759,3956627,
2026-09-20T07:43:12.868986+00:00,89345,2249784,3956167,
2026-09-20T07:43:12.900863+00:00,89346,2249809,3955169,
2026-09-20T07:43:12.916885+00:00,89347,2249834,3953992,
2026-09-20T07:43:12.948909+00:00,89348,2249860,3953281,
2026-09-20T07:43:12.980888+00:00,89349,2249885,3953932,
2026-09-20T07:43:12.996895+00:00,89350,2249910,3953829,
2026-09-20T07:43:13.029206+00:00,89351,2249935,3953638,
2026-09-20T07:43:13.044503+00:00,89352,2249960,3952629,
2026-09-20T07:43:13.078026+00:00,89353,2249985,3950732,
2026-09-20T07:43:13.092891+00:00,89354,2250011,3950985,
2026-09-20T07:43:13.126503+00:00,89355,2250036,3951779,
2026-09-20T07:43:13.159605+00:00,89356,2250061,3951403,
2026-09-20T07:43:13.172969+00:00,89357,2250086,3950960,
2026-09-20T07:43:13.204873+00:00,89358,2250111,3950187,
2026-09-20T07:43:13.221221+00:00,89359,2250137,3950524,
2026-09-20T07:43:13.252906+00:00,89360,2250162,3953237,
2026-09-20T07:43:13.268892+00:00,89361,2250187,3955859,
2026-09-20T07:43:13.301937+00:00,89362,2250212,3957360,
2026-09-20T07:43:13.332859+00:00,89363,2250237,3957940,
2026-09-20T07:43:13.349365+00:00,89364,2250262,3958896,
2026-09-20T07:43:13.380891+00:00,89365,2250288,3960097,
2026-09-20T07:43:13.397391+00:00,89366,2250313,3960923,
2026-09-20T07:43:13.428904+00:00,89367,2250338,3960558,
2026-09-20T07:43:13.444848+00:00,89368,2250363,3961113,
2026-09-20T07:43:13.477548+00:00,89369,2250388,3961494,
2026-09-20T07:43:13.508871+00:00,89370,2250413,3959986,
2026-09-20T07:43:13.524884+00:00,89371,2250439,3960002,
2026-09-20T07:43:13.556868+00:00,89372,2250464,3961378,
2026-09-20T07:43:13.572872+00:00,89373,2250489,3960401,
2026-09-20T07:43:13.604886+00:00,89374,2250514,3958131,
2026-09-20T07:43:13.620847+00:00,89375,2250539,3957298,
2026-09-20T07:43:13.652875+00:00,89376,2250565,3956757,
2026-09-20T07:43:13.684938+00:00,89377,2250590,3956315,
2026-09-20T07:43:13.700874+00:00,89378,2250615,3955694,
2026-09-20T07:43:13.732883+00:00,89379,2250640,3955098,
2026-09-20T07:43:13.748837+00:00,89380,2250665,3955306,
2026-09-20T07:43:13.780885+00:00,89381,2250690,3955591,
2026-09-20T07:43:13.796892+00:00,89382,2250716,3954503,
2026-09-20T07:43:13.828880+00:00,89383,2250741,3953831,
2026-09-20T07:43:13.861448+00:00,89384,2250766,3955661,
2026-09-20T07:43:13.876832+00:00,89385,2250791,3957840,
2026-09-20T07:43:13.910007+00:00,89386,2250816,3957635,
2026-09-20T07:43:13.927177+00:00,89387,2250841,3959605,
2026-09-20T07:43:13.971271+00:00,89388,2250867,3974914,
2026-09-20T07:43:13.972926+00:00,89389,2250892,4002774,
2026-09-20T07:43:14.004845+00:00,89390,2250917,4051492,
2026-09-20T07:43:14.040163+00:00,89391,2250942,4196124,
2026-09-20T07:43:14.052853+00:00,89392,2250967,4553578,
2026-09-20T07:43:14.084847+00:00,89393,2250992,5050003,
2026-09-20T07:43:14.101075+00:00,89394,2251018,5460488,
2026-09-20T07:43:14.132876+00:00,89395,2251043,5623436,
2026-09-20T07:43:14.149521+00:00,89396,2251068,5540035,
2026-09-20T07:43:14.180827+00:00,89397,2251093,5359715,
2026-09-20T07:43:14.213919+00:00,89398,2251118,5108236,
2026-09-20T07:43:14.228874+00:00,89399,2251144,4819010,
2026-09-20T07:43:14.260887+00:00,89400,2251169,4588722,
2026-09-20T07:43:14.278362+00:00,89401,2251194,4408395,
2026-09-20T07:43:14.308870+00:00,89402,2251219,4301563,
2026-09-20T07:43:14.340885+00:00,89403,2251244,4228691,
2026-09-20T07:43:14.356857+00:00,89404,2251269,4141942,
2026-09-20T07:43:14.388669+00:00,89405,2251295,4080591,
2026-09-20T07:43:14.405113+00:00,89406,2251320,4046750,
2026-09-20T07:43:14.437238+00:00,89407,2251345,4016480,
2026-09-20T07:43:14.452881+00:00,89408,2251370,4000491,
2026-09-20T07:43:14.484879+00:00,89409,2251395,3988259,
2026-09-20T07:43:14.516862+00:00,89410,2251420,3977951,
2026-09-20T07:43:14.532892+00:00,89411,2251446,3975084,
2026-09-20T07:43:14.564329+00:00,89412,2251471,3969038,
2026-09-20T07:43:14.580851+00:00,89413,2251496,3963341,
2026-09-20T07:43:14.612826+00:00,89414,2251521,3965105,
2026-09-20T07:43:14.628707+00:00,89415,2251546,3966404,
2026-09-20T07:43:14.660902+00:00,89416,2251572,3963333,
2026-09-20T07:43:14.696977+00:00,89417,2251597,3957165,
2026-09-20T07:43:14.708822+00:00,89418,2251622,3942698,
2026-09-20T07:43:14.741861+00:00,89419,2251647,3926908,
2026-09-20T07:43:14.761387+00:00,89420,2251672,3928304,
2026-09-20T07:43:14.788834+00:00,89421,2251697,3933576,
2026-09-20T07:43:14.804836+00:00,89422,2251723,3917443,
2026-09-20T07:43:14.836866+00:00,89423,2251748,3886734,
2026-09-20T07:43:14.868941+00:00,89424,2251773,3834139,
2026-09-20T07:43:14.884832+00:00,89425,2251798,3724919,
2026-09-20T07:43:14.916854+00:00,89426,2251823,3412549,
2026-09-20T07:43:14.934594+00:00,89427,2251848,2828015,
2026-09-20T07:43:14.970165+00:00,89428,2251874,2253379,
2026-09-20T07:43:14.980818+00:00,89429,2251899,1833284,
2026-09-20T07:43:15.012797+00:00,89430,2251924,1704101,
2026-09-20T07:43:15.044683+00:00,89431,2251949,2064234,
2026-09-20T07:43:15.061400+00:00,89432,2251974,2707696,
2026-09-20T07:43:15.093907+00:00,89433,2252000,3168544,
2026-09-20T07:43:15.108412+00:00,89434,2252025,3416173,
2026-09-20T07:43:15.141459+00:00,89435,2252050,3574134,
2026-09-20T07:43:15.163960+00:00,89436,2252075,3686505,
2026-09-20T07:43:15.189154+00:00,89437,2252100,3765310,
2026-09-20T07:43:15.221467+00:00,89438,2252125,3821741,
2026-09-20T07:43:15.236811+00:00,89439,2252151,3860322,
2026-09-20T07:43:15.269937+00:00,89440,2252176,3886178,
2026-09-20T07:43:15.286084+00:00,89441,2252201,3904330,
2026-09-20T07:43:15.317942+00:00,89442,2252226,3916022,
2026-09-20T07:43:15.334025+00:00,89443,2252251,3924878,
2026-09-20T07:43:15.365394+00:00,89444,2252276,3932660,
2026-09-20T07:43:15.396803+00:00,89445,2252302,3938558,
2026-09-20T07:43:15.413932+00:00,89446,2252327,3942410,
2026-09-20T07:43:15.445921+00:00,89447,2252352,3946667,
2026-09-20T07:43:15.460851+00:00,89448,2252377,3949389,
2026-09-20T07:43:15.492919+00:00,89449,2252402,3948769,
2026-09-20T07:43:15.508831+00:00,89450,2252427,3947869,
2026-09-20T07:43:15.540856+00:00,89451,2252453,3947807,
2026-09-20T07:43:15.572830+00:00,89452,2252478,3948317,
2026-09-20T07:43:15.589283+00:00,89453,2252503,3947986,
2026-09-20T07:43:15.620407+00:00,89454,2252528,3948484,
2026-09-20T07:43:15.637134+00:00,89455,2252553,3949609,
2026-09-20T07:43:15.668912+00:00,89456,2252578,3946828,
2026-09-20T07:43:15.684810+00:00,89457,2252604,3943452,
2026-09-20T07:43:15.716875+00:00,89458,2252629,3946630,
2026-09-20T07:43:15.748823+00:00,89459,2252654,3952032,
2026-09-20T07:43:15.764807+00:00,89460,2252679,3952953,
2026-09-20T07:43:15.797248+00:00,89461,2252704,3949923,
2026-09-20T07:43:15.812841+00:00,89462,2252730,3949925,
2026-09-20T07:43:15.844820+00:00,89463,2252755,3950202,
2026-09-20T07:43:15.862934+00:00,89464,2252780,3947573,
2026-09-20T07:43:15.892822+00:00,89465,2252805,3945786,
2026-09-20T07:43:15.927552+00:00,89466,2252830,3947150,
2026-09-20T07:43:15.940787+00:00,89467,2252855,3949392,
2026-09-20T07:43:15.972825+00:00,89468,2252881,3949295,
2026-09-20T07:43:15.988801+00:00,89469,2252906,3948029,
2026-09-20T07:43:16.020545+00:00,89470,2252931,3947843,
2026-09-20T07:43:16.038329+00:00,89471,2252956,3947193,
2026-09-20T07:43:16.068771+00:00,89472,2252981,3944539,
2026-09-20T07:43:16.101228+00:00,89473,2253006,3944507,
2026-09-20T07:43:16.117877+00:00,89474,2253032,3948173,
2026-09-20T07:43:16.148799+00:00,89475,2253057,3949997,
2026-09-20T07:43:16.167027+00:00,89476,2253082,3947299,
2026-09-20T07:43:16.197623+00:00,89477,2253107,3945730,
2026-09-20T07:43:16.212781+00:00,89478,2253132,3948002,
2026-09-20T07:43:16.246316+00:00,89479,2253157,3949351,
2026-09-20T07:43:16.278123+00:00,89480,2253183,3949081,
2026-09-20T07:43:16.294582+00:00,89481,2253208,3948684,
2026-09-20T07:43:16.325469+00:00,89482,2253233,3949435,
2026-09-20T07:43:16.340790+00:00,89483,2253258,3951598,
2026-09-20T07:43:16.374150+00:00,89484,2253283,3951344,
2026-09-20T07:43:16.405025+00:00,89485,2253308,3948786,
2026-09-20T07:43:16.421546+00:00,89486,2253334,3947566,
2026-09-20T07:43:16.452815+00:00,89487,2253359,3948012,
2026-09-20T07:43:16.468803+00:00,89488,2253384,3949229,
2026-09-20T07:43:16.500892+00:00,89489,2253409,3949119,
2026-09-20T07:43:16.516800+00:00,89490,2253434,3949343,
2026-09-20T07:43:16.548917+00:00,89491,2253460,3951802,
2026-09-20T07:43:16.581902+00:00,89492,2253485,3954061,
2026-09-20T07:43:16.597898+00:00,89493,2253510,3954016,
2026-09-20T07:43:16.628791+00:00,89494,2253535,3953779,
2026-09-20T07:43:16.644799+00:00,89495,2253560,3954447,
2026-09-20T07:43:16.676767+00:00,89496,2253585,3955378,
2026-09-20T07:43:16.692670+00:00,89497,2253611,3955426,
2026-09-20T07:43:16.724898+00:00,89498,2253636,3954274,
2026-09-20T07:43:16.757937+00:00,89499,2253661,3952782,
2026-09-20T07:43:16.774060+00:00,89500,2253686,3951620,
2026-09-20T07:43:16.804868+00:00,89501,2253711,3950490,
2026-09-20T07:43:16.821152+00:00,89502,2253736,3948624,
2026-09-20T07:43:16.852812+00:00,89503,2253762,3947725,
2026-09-20T07:43:16.870211+00:00,89504,2253787,3948775,
2026-09-20T07:43:16.901971+00:00,89505,2253812,3950790,
2026-09-20T07:43:16.933371+00:00,89506,2253837,3953076,
2026-09-20T07:43:16.949230+00:00,89507,2253862,3955026,
2026-09-20T07:43:16.980776+00:00,89508,2253887,3956770,
2026-09-20T07:43:16.996794+00:00,89509,2253913,3957105,
2026-09-20T07:43:17.028801+00:00,89510,2253938,3956146,
2026-09-20T07:43:17.044920+00:00,89511,2253963,3956691,
2026-09-20T07:43:17.077898+00:00,89512,2253988,3958893,
2026-09-20T07:43:17.108724+00:00,89513,2254013,3958716,
2026-09-20T07:43:17.124990+00:00,89514,2254038,3956343,
2026-09-20T07:43:17.159950+00:00,89515,2254064,3955079,
2026-09-20T07:43:17.172793+00:00,89516,2254089,3955348,
2026-09-20T07:43:17.204492+00:00,89517,2254114,3956325,
2026-09-20T07:43:17.221202+00:00,89518,2254139,3956862,
2026-09-20T07:43:17.252831+00:00,89519,2254164,3957197,
2026-09-20T07:43:17.285949+00:00,89520,2254190,3957169,
2026-09-20T07:43:17.300936+00:00,89521,2254215,3958127,
2026-09-20T07:43:17.332201+00:00,89522,2254240,3959330,
2026-09-20T07:43:17.348348+00:00,89523,2254265,3959999,
2026-09-20T07:43:17.380794+00:00,89524,2254290,3961817,
2026-09-20T07:43:17.396804+00:00,89525,2254315,3962814,
2026-09-20T07:43:17.428797+00:00,89526,2254341,3961847,
2026-09-20T07:43:17.461819+00:00,89527,2254366,3960443,
2026-09-20T07:43:17.476806+00:00,89528,2254391,3961685,
2026-09-20T07:43:17.508934+00:00,89529,2254416,3963584,
2026-09-20T07:43:17.529598+00:00,89530,2254441,3963856,
2026-09-20T07:43:17.556749+00:00,89531,2254466,3962906,
2026-09-20T07:43:17.572797+00:00,89532,2254492,3960962,
2026-09-20T07:43:17.604741+00:00,89533,2254517,3961007,
2026-09-20T07:43:17.636741+00:00,89534,2254542,3962074,
2026-09-20T07:43:17.652767+00:00,89535,2254567,3962724,
2026-09-20T07:43:17.684796+00:00,89536,2254592,3963566,
2026-09-20T07:43:17.700771+00:00,89537,2254617,3964706,
2026-09-20T07:43:17.733972+00:00,89538,2254643,3965048,
2026-09-20T07:43:17.748795+00:00,89539,2254668,3965266,
2026-09-20T07:43:17.780834+00:00,89540,2254693,3966504,
2026-09-20T07:43:17.813041+00:00,89541,2254718,3968135,
2026-09-20T07:43:17.829799+00:00,89542,2254743,3969271,
2026-09-20T07:43:17.863157+00:00,89543,2254768,3969946,
2026-09-20T07:43:17.876778+00:00,89544,2254794,3970251,
2026-09-20T07:43:17.908761+00:00,89545,2254819,3971338,
2026-09-20T07:43:17.924783+00:00,89546,2254844,3975550,
2026-09-20T07:43:17.956747+00:00,89547,2254869,3983066,
2026-09-20T07:43:17.988641+00:00,89548,2254894,3997455,
2026-09-20T07:43:18.004739+00:00,89549,2254919,4024621,
2026-09-20T07:43:18.036718+00:00,89550,2254945,4073463,
2026-09-20T07:43:18.052877+00:00,89551,2254970,4155281,
2026-09-20T07:43:18.084765+00:00,89552,2254995,4366204,
2026-09-20T07:43:18.101834+00:00,89553,2255020,4918318,
2026-09-20T07:43:18.133360+00:00,89554,2255045,5585715,
2026-09-20T07:43:18.164673+00:00,89555,2255070,5963376,
2026-09-20T07:43:18.180431+00:00,89556,2255096,5924236,
2026-09-20T07:43:18.213079+00:00,89557,2255121,5611672,
2026-09-20T07:43:18.228843+00:00,89558,2255146,5272006,
2026-09-20T07:43:18.255905+00:00,89559,2255171,5019593,
2026-09-20T07:43:18.271780+00:00,89560,2255196,4862883,
2026-09-20T07:43:18.303667+00:00,89561,2255222,4752256,
2026-09-20T07:43:18.334961+00:00,89562,2255247,4650459,
2026-09-20T07:43:18.350724+00:00,89563,2255272,4562757,
2026-09-20T07:43:18.382927+00:00,89564,2255297,4489127,
2026-09-20T07:43:18.397763+00:00,89565,2255322,4408967,
2026-09-20T07:43:18.436797+00:00,89566,2255347,4318223,
2026-09-20T07:43:18.444203+00:00,89567,2255373,4228648,
2026-09-20T07:43:18.476485+00:00,89568,2255398,4164524,
2026-09-20T07:43:18.506738+00:00,89569,2255423,4118716,
2026-09-20T07:43:18.522917+00:00,89570,2255448,4088243,
2026-09-20T07:43:18.553572+00:00,89571,2255473,4065516,
2026-09-20T07:43:18.569211+00:00,89572,2255498,4049504,
2026-09-20T07:43:18.600785+00:00,89573,2255524,4043393,
2026-09-20T07:43:18.616076+00:00,89574,2255549,4043005,
2026-09-20T07:43:18.660760+00:00,89575,2255574,4031692,
2026-09-20T07:43:18.696516+00:00,89576,2255599,4006504,
2026-09-20T07:43:18.696516+00:00,89577,2255624,3984692,
2026-09-20T07:43:18.742299+00:00,89578,2255649,3965740,
2026-09-20T07:43:18.757566+00:00,89579,2255675,3947910,
2026-09-20T07:43:18.787591+00:00,89580,2255700,3937797,
2026-09-20T07:43:18.819777+00:00,89581,2255725,3930248,
2026-09-20T07:43:18.835785+00:00,89582,2255750,3928922,
2026-09-20T07:43:18.868721+00:00,89583,2255775,3932952,
2026-09-20T07:43:18.883280+00:00,89584,2255800,3934195,
2026-09-20T07:43:18.916759+00:00,89585,2255826,3931094,
2026-09-20T07:43:18.932242+00:00,89586,2255851,3925338,
2026-09-20T07:43:18.961974+00:00,89587,2255876,3922955,
2026-09-20T07:43:18.993853+00:00,89588,2255901,3948616,
2026-09-20T07:43:19.010870+00:00,89589,2255926,3974567,
2026-09-20T07:43:19.041682+00:00,89590,2255952,3968248,
2026-09-20T07:43:19.056987+00:00,89591,2255977,3932287,
2026-09-20T07:43:19.087631+00:00,89592,2256002,3877984,
2026-09-20T07:43:19.103371+00:00,89593,2256027,3815653,
2026-09-20T07:43:19.136901+00:00,89594,2256052,3726289,
2026-09-20T07:43:19.167745+00:00,89595,2256077,3573141,
2026-09-20T07:43:19.182000+00:00,89596,2256103,3359316,
2026-09-20T07:43:19.220592+00:00,89597,2256128,3147588,
2026-09-20T07:43:19.236943+00:00,89598,2256153,2985460,
2026-09-20T07:43:19.268740+00:00,89599,2256178,2862941,
2026-09-20T07:43:19.285069+00:00,89600,2256203,2769631,
2026-09-20T07:43:19.316698+00:00,89601,2256228,2703229,
2026-09-20T07:43:19.348771+00:00,89602,2256254,2642932,
2026-09-20T07:43:19.364705+00:00,89603,2256279,2517350,
2026-09-20T07:43:19.401214+00:00,89604,2256304,2311006,
2026-09-20T07:43:19.412440+00:00,89605,2256329,2412779,
2026-09-20T07:43:19.444710+00:00,89606,2256354,2773387,
2026-09-20T07:43:19.460728+00:00,89607,2256379,3089741,
2026-09-20T07:43:19.492699+00:00,89608,2256405,3329673,
2026-09-20T07:43:19.524739+00:00,89609,2256430,3508523,
2026-09-20T07:43:19.540775+00:00,89610,2256455,3639648,
2026-09-20T07:43:19.572759+00:00,89611,2256480,3733534,
2026-09-20T07:43:19.588783+00:00,89612,2256505,3797774,
2026-09-20T07:43:19.620695+00:00,89613,2256530,3842544,
2026-09-20T07:43:19.637069+00:00,89614,2256556,3875180,
2026-09-20T07:43:19.671964+00:00,89615,2256581,3896579,
2026-09-20T07:43:19.701807+00:00,89616,2256606,3910362,
2026-09-20T07:43:19.716869+00:00,89617,2256631,3920625,
2026-09-20T07:43:19.748625+00:00,89618,2256656,3927068,
2026-09-20T07:43:19.766907+00:00,89619,2256682,3931198,
2026-09-20T07:43:19.801876+00:00,89620,2256707,3933590,
2026-09-20T07:43:19.812499+00:00,89621,2256732,3935474,
2026-09-20T07:43:19.844732+00:00,89622,2256757,3937745,
2026-09-20T07:43:19.876846+00:00,89623,2256782,3938716,
2026-09-20T07:43:19.892691+00:00,89624,2256807,3939774,
2026-09-20T07:43:19.927565+00:00,89625,2256833,3942717,
2026-09-20T07:43:19.940676+00:00,89626,2256858,3944853,
2026-09-20T07:43:19.972563+00:00,89627,2256883,3944407,
2026-09-20T07:43:19.988808+00:00,89628,2256908,3941487,
2026-09-20T07:43:20.021541+00:00,89629,2256933,3939084,
2026-09-20T07:43:20.057615+00:00,89630,2256958,3938987,
2026-09-20T07:43:20.068677+00:00,89631,2256984,3940331,
2026-09-20T07:43:20.100782+00:00,89632,2257009,3941010,
2026-09-20T07:43:20.116700+00:00,89633,2257034,3940262,
2026-09-20T07:43:20.148705+00:00,89634,2257059,3939665,
2026-09-20T07:43:20.166146+00:00,89635,2257084,3940590,
2026-09-20T07:43:20.196940+00:00,89636,2257109,3941713,
2026-09-20T07:43:20.229043+00:00,89637,2257135,3941250,
2026-09-20T07:43:20.244698+00:00,89638,2257160,3939108,
2026-09-20T07:43:20.276684+00:00,89639,2257185,3937873,
2026-09-20T07:43:20.292684+00:00,89640,2257210,3940173,
2026-09-20T07:43:20.324700+00:00,89641,2257235,3944061,
2026-09-20T07:43:20.341910+00:00,89642,2257260,3945974,
2026-09-20T07:43:20.372722+00:00,89643,2257286,3946355,
2026-09-20T07:43:20.404686+00:00,89644,2257311,3947751,
2026-09-20T07:43:20.420716+00:00,89645,2257336,3949834,
2026-09-20T07:43:20.452742+00:00,89646,2257361,3949421,
2026-09-20T07:43:20.468726+00:00,89647,2257386,3947690,
2026-09-20T07:43:20.500686+00:00,89648,2257411,3946549,
2026-09-20T07:43:20.516786+00:00,89649,2257437,3946723,
2026-09-20T07:43:20.548666+00:00,89650,2257462,3946674,
2026-09-20T07:43:20.580725+00:00,89651,2257487,3946413,
2026-09-20T07:43:20.596719+00:00,89652,2257512,3945510,
2026-09-20T07:43:20.628696+00:00,89653,2257537,3946091,
2026-09-20T07:43:20.644696+00:00,89654,2257562,3947515,
2026-09-20T07:43:20.676663+00:00,89655,2257588,3947907,
2026-09-20T07:43:20.694850+00:00,89656,2257613,3948363,
2026-09-20T07:43:20.724698+00:00,89657,2257638,3949113,
2026-09-20T07:43:20.756644+00:00,89658,2257663,3949746,
2026-09-20T07:43:20.772913+00:00,89659,2257688,3949822,
2026-09-20T07:43:20.804706+00:00,89660,2257714,3949434,
2026-09-20T07:43:20.820697+00:00,89661,2257739,3948680,
2026-09-20T07:43:20.853798+00:00,89662,2257764,3948540,
2026-09-20T07:43:20.870115+00:00,89663,2257789,3949111,
2026-09-20T07:43:20.900702+00:00,89664,2257814,3948335,
2026-09-20T07:43:20.932708+00:00,89665,2257839,3946610,
2026-09-20T07:43:20.949909+00:00,89666,2257865,3946373,
2026-09-20T07:43:20.980677+00:00,89667,2257890,3947283,
2026-09-20T07:43:20.997276+00:00,89668,2257915,3948915,
2026-09-20T07:43:21.028703+00:00,89669,2257940,3950179,
2026-09-20T07:43:21.060269+00:00,89670,2257965,3949252,
2026-09-20T07:43:21.076986+00:00,89671,2257990,3947939,
2026-09-20T07:43:21.108682+00:00,89672,2258016,3949379,
2026-09-20T07:43:21.124712+00:00,89673,2258041,3950777,
2026-09-20T07:43:21.160705+00:00,89674,2258066,3950305,
2026-09-20T07:43:21.173676+00:00,89675,2258091,3949954,
2026-09-20T07:43:21.204654+00:00,89676,2258116,3950047,
2026-09-20T07:43:21.238816+00:00,89677,2258141,3949709,
2026-09-20T07:43:21.252555+00:00,89678,2258167,3949361,
2026-09-20T07:43:21.284310+00:00,89679,2258192,3949561,
2026-09-20T07:43:21.300683+00:00,89680,2258217,3949571,
2026-09-20T07:43:21.332715+00:00,89681,2258242,3949941,
2026-09-20T07:43:21.348731+00:00,89682,2258267,3949887,
2026-09-20T07:43:21.381823+00:00,89683,2258292,3948014,
2026-09-20T07:43:21.412704+00:00,89684,2258318,3945803,
2026-09-20T07:43:21.429096+00:00,89685,2258343,3945327,
2026-09-20T07:43:21.461704+00:00,89686,2258368,3945493,
2026-09-20T07:43:21.476671+00:00,89687,2258393,3945994,
2026-09-20T07:43:21.508894+00:00,89688,2258418,3946312,
2026-09-20T07:43:21.526924+00:00,89689,2258443,3946249,
2026-09-20T07:43:21.562949+00:00,89690,2258469,3946258,
2026-09-20T07:43:21.588662+00:00,89691,2258494,3947420,
2026-09-20T07:43:21.604633+00:00,89692,2258519,3947452,
2026-09-20T07:43:21.636697+00:00,89693,2258544,3948152,
2026-09-20T07:43:21.652680+00:00,89694,2258569,3949636,
2026-09-20T07:43:21.684652+00:00,89695,2258595,3948808,
2026-09-20T07:43:21.700685+00:00,89696,2258620,3948228,
2026-09-20T07:43:21.732657+00:00,89697,2258645,3948521,
2026-09-20T07:43:21.764665+00:00,89698,2258670,3948261,
2026-09-20T07:43:21.780661+00:00,89699,2258695,3946933,
2026-09-20T07:43:21.812650+00:00,89700,2258720,3945405,
2026-09-20T07:43:21.828668+00:00,89701,2258746,3945806,
2026-09-20T07:43:21.860644+00:00,89702,2258771,3947284,
2026-09-20T07:43:21.876669+00:00,89703,2258796,3948074,
2026-09-20T07:43:21.908671+00:00,89704,2258821,3948000,
2026-09-20T07:43:21.940834+00:00,89705,2258846,3947668,
2026-09-20T07:43:21.959902+00:00,89706,2258871,3948548,
2026-09-20T07:43:21.988660+00:00,89707,2258897,3949069,
2026-09-20T07:43:22.004661+00:00,89708,2258922,3949672,
2026-09-20T07:43:22.036645+00:00,89709,2258947,3950192,
2026-09-20T07:43:22.052952+00:00,89710,2258972,3950043,
2026-09-20T07:43:22.084673+00:00,89711,2258997,3949617,
2026-09-20T07:43:22.116668+00:00,89712,2259022,3949311,
2026-09-20T07:43:22.132704+00:00,89713,2259048,3949118,
2026-09-20T07:43:22.167715+00:00,89714,2259073,3949218,
2026-09-20T07:43:22.180665+00:00,89715,2259098,3949532,
2026-09-20T07:43:22.212694+00:00,89716,2259123,3949259,
2026-09-20T07:43:22.228647+00:00,89717,2259148,3949394,
2026-09-20T07:43:22.260682+00:00,89718,2259173,3949695,
2026-09-20T07:43:22.293956+00:00,89719,2259199,3948974,
2026-09-20T07:43:22.309260+00:00,89720,2259224,3948113,
2026-09-20T07:43:22.340636+00:00,89721,2259249,3948499,
2026-09-20T07:43:22.357354+00:00,89722,2259274,3948903,
2026-09-20T07:43:22.388719+00:00,89723,2259299,3949653,
2026-09-20T07:43:22.404848+00:00,89724,2259324,3949063,
2026-09-20T07:43:22.437743+00:00,89725,2259350,3948093,
2026-09-20T07:43:22.468651+00:00,89726,2259375,3948405,
2026-09-20T07:43:22.486900+00:00,89727,2259400,3949053,
2026-09-20T07:43:22.516750+00:00,89728,2259425,3950141,
2026-09-20T07:43:22.532662+00:00,89729,2259450,3952482,
2026-09-20T07:43:22.564628+00:00,89730,2259476,3954203,
2026-09-20T07:43:22.580646+00:00,89731,2259501,3954188,
2026-09-20T07:43:22.612713+00:00,89732,2259526,3953618,
2026-09-20T07:43:22.646493+00:00,89733,2259551,3953635,
2026-09-20T07:43:22.660652+00:00,89734,2259576,3954178,
2026-09-20T07:43:22.692403+00:00,89735,2259601,3954469,
2026-09-20T07:43:22.708622+00:00,89736,2259627,3954516,
2026-09-20T07:43:22.740761+00:00,89737,2259652,3954994,
2026-09-20T07:43:22.757466+00:00,89738,2259677,3954288,
2026-09-20T07:43:22.788639+00:00,89739,2259702,3953878,
2026-09-20T07:43:22.820884+00:00,89740,2259727,3954988,
2026-09-20T07:43:22.836166+00:00,89741,2259752,3954097,
2026-09-20T07:43:22.868522+00:00,89742,2259778,3952989,
2026-09-20T07:43:22.885924+00:00,89743,2259803,3954842,
2026-09-20T07:43:22.916620+00:00,89744,2259828,3955770,
2026-09-20T07:43:22.932750+00:00,89745,2259853,3955804,
2026-09-20T07:43:22.963978+00:00,89746,2259878,3955912,
2026-09-20T07:43:22.996667+00:00,89747,2259903,3955262,
2026-09-20T07:43:23.013740+00:00,89748,2259929,3955199,
2026-09-20T07:43:23.044536+00:00,89749,2259954,3956882,
2026-09-20T07:43:23.063408+00:00,89750,2259979,3956829,
2026-09-20T07:43:23.092636+00:00,89751,2260004,3955767,
2026-09-20T07:43:23.109714+00:00,89752,2260029,3955171,
2026-09-20T07:43:23.141706+00:00,89753,2260054,3954630,
2026-09-20T07:43:23.172612+00:00,89754,2260080,3954648,
2026-09-20T07:43:23.191235+00:00,89755,2260105,3956357,
2026-09-20T07:43:23.220657+00:00,89756,2260130,3957727,
2026-09-20T07:43:23.236363+00:00,89757,2260155,3958470,
2026-09-20T07:43:23.269838+00:00,89758,2260180,3957713,
2026-09-20T07:43:23.300682+00:00,89759,2260205,3955903,
2026-09-20T07:43:23.317771+00:00,89760,2260231,3955209,
2026-09-20T07:43:23.348639+00:00,89761,2260256,3956291,
2026-09-20T07:43:23.364616+00:00,89762,2260281,3956361,
2026-09-20T07:43:23.400641+00:00,89763,2260306,3955991,
2026-09-20T07:43:23.412597+00:00,89764,2260331,3955951,
2026-09-20T07:43:23.444623+00:00,89765,2260357,3955743,
2026-09-20T07:43:23.476715+00:00,89766,2260382,3955295,
2026-09-20T07:43:23.492599+00:00,89767,2260407,3954746,
2026-09-20T07:43:23.524618+00:00,89768,2260432,3954257,
2026-09-20T07:43:23.540633+00:00,89769,2260457,3953705,
2026-09-20T07:43:23.572640+00:00,89770,2260482,3953210,
2026-09-20T07:43:23.588602+00:00,89771,2260508,3953020,
2026-09-20T07:43:23.620544+00:00,89772,2260533,3952273,
2026-09-20T07:43:23.652703+00:00,89773,2260558,3952840,
2026-09-20T07:43:23.668597+00:00,89774,2260583,3953414,
2026-09-20T07:43:23.700660+00:00,89775,2260608,3954595,
2026-09-20T07:43:23.716624+00:00,89776,2260633,3955694,
2026-09-20T07:43:23.748638+00:00,89777,2260659,3956164,
2026-09-20T07:43:23.764594+00:00,89778,2260684,3956721,
2026-09-20T07:43:23.796576+00:00,89779,2260709,3957076,
2026-09-20T07:43:23.828607+00:00,89780,2260734,3956981,
2026-09-20T07:43:23.847452+00:00,89781,2260759,3957323,
2026-09-20T07:43:23.876604+00:00,89782,2260784,3959148,
2026-09-20T07:43:23.892553+00:00,89783,2260810,3960700,
2026-09-20T07:43:23.924626+00:00,89784,2260835,3959958,
2026-09-20T07:43:23.940634+00:00,89785,2260860,3959990,
2026-09-20T07:43:23.973587+00:00,89786,2260885,3961188,
2026-09-20T07:43:24.004890+00:00,89787,2260910,3961140,
2026-09-20T07:43:24.020471+00:00,89788,2260935,3959525,
2026-09-20T07:43:24.052596+00:00,89789,2260961,3958365,
2026-09-20T07:43:24.068589+00:00,89790,2260986,3958419,
2026-09-20T07:43:24.100599+00:00,89791,2261011,3959574,
2026-09-20T07:43:24.116579+00:00,89792,2261036,3959720,
2026-09-20T07:43:24.148705+00:00,89793,2261061,3959756,
2026-09-20T07:43:24.180670+00:00,89794,2261087,3961133,
2026-09-20T07:43:24.196593+00:00,89795,2261112,3962522,
2026-09-20T07:43:24.228604+00:00,89796,2261137,3962935,
2026-09-20T07:43:24.244628+00:00,89797,2261162,3963784,
2026-09-20T07:43:24.276586+00:00,89798,2261187,3964346,
2026-09-20T07:43:24.300657+00:00,89799,2261212,3963185,
2026-09-20T07:43:24.324591+00:00,89800,2261238,3962489,
2026-09-20T07:43:24.358813+00:00,89801,2261263,3964155,
2026-09-20T07:43:24.372584+00:00,89802,2261288,3967267,
2026-09-20T07:43:24.404598+00:00,89803,2261313,3974944,
2026-09-20T07:43:24.420604+00:00,89804,2261338,4004523,
2026-09-20T07:43:24.452663+00:00,89805,2261363,4081801,
2026-09-20T07:43:24.468620+00:00,89806,2261389,4250968,
2026-09-20T07:43:24.500461+00:00,89807,2261414,4570865,
2026-09-20T07:43:24.532618+00:00,89808,2261439,4931872,
2026-09-20T07:43:24.548584+00:00,89809,2261464,5145587,
2026-09-20T07:43:24.580579+00:00,89810,2261489,5172934,
2026-09-20T07:43:24.596092+00:00,89811,2261514,5131172,
2026-09-20T07:43:24.628563+00:00,89812,2261540,5042778,
2026-09-20T07:43:24.644583+00:00,89813,2261565,4869091,
2026-09-20T07:43:24.676609+00:00,89814,2261590,4687135,
2026-09-20T07:43:24.708500+00:00,89815,2261615,4519834,
2026-09-20T07:43:24.724635+00:00,89816,2261640,4382163,
2026-09-20T07:43:24.761573+00:00,89817,2261665,4295181,
2026-09-20T07:43:24.772238+00:00,89818,2261691,4227439,
2026-09-20T07:43:24.804638+00:00,89819,2261716,4187910,
2026-09-20T07:43:24.820771+00:00,89820,2261741,4165855,
2026-09-20T07:43:24.852662+00:00,89821,2261766,4120615,
2026-09-20T07:43:24.884576+00:00,89822,2261791,4089564,
2026-09-20T07:43:24.900294+00:00,89823,2261816,4081284,
2026-09-20T07:43:24.932620+00:00,89824,2261842,4076012,
2026-09-20T07:43:24.948593+00:00,89825,2261867,4060644,
2026-09-20T07:43:24.981546+00:00,89826,2261892,4034964,
2026-09-20T07:43:24.996625+00:00,89827,2261917,4026039,
2026-09-20T07:43:25.028568+00:00,89828,2261942,4030370,
2026-09-20T07:43:25.060603+00:00,89829,2261967,4017324,
2026-09-20T07:43:25.076595+00:00,89830,2261993,3996517,
2026-09-20T07:43:25.108622+00:00,89831,2262018,3985633,
2026-09-20T07:43:25.128450+00:00,89832,2262043,3982093,
2026-09-20T07:43:25.156567+00:00,89833,2262068,3975029,
2026-09-20T07:43:25.172575+00:00,89834,2262093,3967170,
2026-09-20T07:43:25.204925+00:00,89835,2262119,3956059,
2026-09-20T07:43:25.237051+00:00,89836,2262144,3952022,
2026-09-20T07:43:25.253094+00:00,89837,2262169,3960019,
2026-09-20T07:43:25.284458+00:00,89838,2262194,3960684,
2026-09-20T07:43:25.301747+00:00,89839,2262219,3945323,
2026-09-20T07:43:25.334614+00:00,89840,2262244,3937555,
2026-09-20T07:43:25.348570+00:00,89841,2262270,3937599,
2026-09-20T07:43:25.380575+00:00,89842,2262295,3941612,
2026-09-20T07:43:25.412586+00:00,89843,2262320,3940160,
2026-09-20T07:43:25.428581+00:00,89844,2262345,3940910,
2026-09-20T07:43:25.460407+00:00,89845,2262370,3939949,
2026-09-20T07:43:25.476578+00:00,89846,2262395,3931062,
2026-09-20T07:43:25.508612+00:00,89847,2262421,3898135,
2026-09-20T07:43:25.540790+00:00,89848,2262446,3830430,
2026-09-20T07:43:25.556465+00:00,89849,2262471,3731334,
2026-09-20T07:43:25.589721+00:00,89850,2262496,3530914,
2026-09-20T07:43:25.604911+00:00,89851,2262521,3026879,
2026-09-20T07:43:25.638279+00:00,89852,2262546,2299798,
2026-09-20T07:43:25.653671+00:00,89853,2262572,1692710,
2026-09-20T07:43:25.684568+00:00,89854,2262597,1453313,
2026-09-20T07:43:25.717762+00:00,89855,2262622,1792662,
2026-09-20T07:43:25.733778+00:00,89856,2262647,2541702,
2026-09-20T07:43:25.767648+00:00,89857,2262672,3100877,
2026-09-20T07:43:25.780533+00:00,89858,2262697,3382497,
2026-09-20T07:43:25.812387+00:00,89859,2262723,3551837,
2026-09-20T07:43:25.828559+00:00,89860,2262748,3671201,
2026-09-20T07:43:25.860741+00:00,89861,2262773,3755652,
2026-09-20T07:43:25.892611+00:00,89862,2262798,3815671,
2026-09-20T07:43:25.909081+00:00,89863,2262823,3858591,
2026-09-20T07:43:25.940146+00:00,89864,2262848,3887589,
2026-09-20T07:43:25.969257+00:00,89865,2262874,3906582,
2026-09-20T07:43:25.988349+00:00,89866,2262899,3919851,
2026-09-20T07:43:26.004978+00:00,89867,2262924,3928302,
2026-09-20T07:43:26.037438+00:00,89868,2262949,3933314,
2026-09-20T07:43:26.068424+00:00,89869,2262974,3936934,
2026-09-20T07:43:26.084425+00:00,89870,2263000,3940802,
2026-09-20T07:43:26.116423+00:00,89871,2263025,3944299,
2026-09-20T07:43:26.132424+00:00,89872,2263050,3946460,
2026-09-20T07:43:26.164426+00:00,89873,2263075,3946913,
2026-09-20T07:43:26.180712+00:00,89874,2263100,3947767,
2026-09-20T07:43:26.212172+00:00,89875,2263125,3949749,
2026-09-20T07:43:26.244592+00:00,89876,2263151,3951804,
2026-09-20T07:43:26.260576+00:00,89877,2263176,3954135,
2026-09-20T07:43:26.292561+00:00,89878,2263201,3955790,
2026-09-20T07:43:26.308571+00:00,89879,2263226,3956726,
2026-09-20T07:43:26.340517+00:00,89880,2263251,3957545,
2026-09-20T07:43:26.356251+00:00,89881,2263276,3957563,
2026-09-20T07:43:26.388532+00:00,89882,2263302,3959103,
2026-09-20T07:43:26.420440+00:00,89883,2263327,3960368,
2026-09-20T07:43:26.436768+00:00,89884,2263352,3961343,
2026-09-20T07:43:26.468626+00:00,89885,2263377,3962908,
2026-09-20T07:43:26.486035+00:00,89886,2263402,3963586,
2026-09-20T07:43:26.516313+00:00,89887,2263427,3962936,
2026-09-20T07:43:26.534609+00:00,89888,2263453,3958592,
2026-09-20T07:43:26.564654+00:00,89889,2263478,3952222,
2026-09-20T07:43:26.596560+00:00,89890,2263503,3949078,
2026-09-20T07:43:26.613758+00:00,89891,2263528,3950305,
2026-09-20T07:43:26.644560+00:00,89892,2263553,3950125,
2026-09-20T07:43:26.660560+00:00,89893,2263579,3952292,
2026-09-20T07:43:26.692544+00:00,89894,2263604,3956307,
2026-09-20T07:43:26.708529+00:00,89895,2263629,3955708,
2026-09-20T07:43:26.743132+00:00,89896,2263654,3951559,
2026-09-20T07:43:26.772515+00:00,89897,2263679,3950119,
2026-09-20T07:43:26.788954+00:00,89898,2263704,3950410,
2026-09-20T07:43:26.820227+00:00,89899,2263730,3950803,
2026-09-20T07:43:26.837175+00:00,89900,2263755,3950547,
2026-09-20T07:43:26.868577+00:00,89901,2263780,3949932,
2026-09-20T07:43:26.884554+00:00,89902,2263805,3948272,
2026-09-20T07:43:26.917169+00:00,89903,2263830,3947468,
2026-09-20T07:43:26.948033+00:00,89904,2263855,3950963,
2026-09-20T07:43:26.968017+00:00,89905,2263881,3954750,
2026-09-20T07:43:26.996560+00:00,89906,2263906,3956683,
2026-09-20T07:43:27.012903+00:00,89907,2263931,3956491,
2026-09-20T07:43:27.044506+00:00,89908,2263956,3955489,
2026-09-20T07:43:27.060506+00:00,89909,2263981,3955265,
2026-09-20T07:43:27.094586+00:00,89910,2264006,3954736,
2026-09-20T07:43:27.128152+00:00,89911,2264032,3955526,
2026-09-20T07:43:27.141951+00:00,89912,2264057,3958351,
2026-09-20T07:43:27.172528+00:00,89913,2264082,3961674,
2026-09-20T07:43:27.188518+00:00,89914,2264107,3962723,
2026-09-20T07:43:27.220506+00:00,89915,2264132,3961941,
2026-09-20T07:43:27.236519+00:00,89916,2264158,3960725,
2026-09-20T07:43:27.268537+00:00,89917,2264183,3959617,
2026-09-20T07:43:27.301634+00:00,89918,2264208,3958539,
2026-09-20T07:43:27.316497+00:00,89919,2264233,3956939,
2026-09-20T07:43:27.347983+00:00,89920,2264258,3955417,
2026-09-20T07:43:27.362755+00:00,89921,2264283,3956287,
2026-09-20T07:43:27.396666+00:00,89922,2264309,3958775,
2026-09-20T07:43:27.412532+00:00,89923,2264334,3960052,
2026-09-20T07:43:27.444518+00:00,89924,2264359,3959597,
2026-09-20T07:43:27.477650+00:00,89925,2264384,3959067,
2026-09-20T07:43:27.495290+00:00,89926,2264409,3959617,
2026-09-20T07:43:27.524817+00:00,89927,2264434,3961274,
2026-09-20T07:43:27.540512+00:00,89928,2264460,3961725,
2026-09-20T07:43:27.573011+00:00,89929,2264485,3959640,
2026-09-20T07:43:27.588766+00:00,89930,2264510,3957386,
2026-09-20T07:43:27.620508+00:00,89931,2264535,3956427,
2026-09-20T07:43:27.652629+00:00,89932,2264560,3956890,
2026-09-20T07:43:27.670709+00:00,89933,2264585,3958123,
2026-09-20T07:43:27.701872+00:00,89934,2264611,3957649,
2026-09-20T07:43:27.716751+00:00,89935,2264636,3956105,
2026-09-20T07:43:27.748479+00:00,89936,2264661,3956366,
2026-09-20T07:43:27.780527+00:00,89937,2264686,3958816,
2026-09-20T07:43:27.797742+00:00,89938,2264711,3961593,
2026-09-20T07:43:27.828226+00:00,89939,2264736,3961549,
2026-09-20T07:43:27.845259+00:00,89940,2264762,3960183,
2026-09-20T07:43:27.876537+00:00,89941,2264787,3960542,
2026-09-20T07:43:27.896589+00:00,89942,2264812,3962517,
2026-09-20T07:43:27.934169+00:00,89943,2264837,3963305,
2026-09-20T07:43:27.956488+00:00,89944,2264862,3962585,
2026-09-20T07:43:27.972507+00:00,89945,2264888,3961936,
2026-09-20T07:43:28.004499+00:00,89946,2264913,3961738,
2026-09-20T07:43:28.020726+00:00,89947,2264938,3960957,
2026-09-20T07:43:28.053858+00:00,89948,2264963,3959770,
2026-09-20T07:43:28.068363+00:00,89949,2264988,3959782,
2026-09-20T07:43:28.101828+00:00,89950,2265013,3960073,
2026-09-20T07:43:28.133648+00:00,89951,2265039,3960547,
2026-09-20T07:43:28.148515+00:00,89952,2265064,3960658,
2026-09-20T07:43:28.180510+00:00,89953,2265089,3960037,
2026-09-20T07:43:28.197220+00:00,89954,2265114,3959748,
2026-09-20T07:43:28.229879+00:00,89955,2265139,3960341,
2026-09-20T07:43:28.244557+00:00,89956,2265164,3960493,
2026-09-20T07:43:28.276487+00:00,89957,2265190,3959792,
2026-09-20T07:43:28.308955+00:00,89958,2265215,3959413,
2026-09-20T07:43:28.326678+00:00,89959,2265240,3959979,
2026-09-20T07:43:28.357581+00:00,89960,2265265,3960377,
2026-09-20T07:43:28.373489+00:00,89961,2265290,3959747,
2026-09-20T07:43:28.404483+00:00,89962,2265315,3958672,
2026-09-20T07:43:28.421807+00:00,89963,2265341,3958771,
2026-09-20T07:43:28.452470+00:00,89964,2265366,3959348,
2026-09-20T07:43:28.484526+00:00,89965,2265391,3959029,
2026-09-20T07:43:28.501883+00:00,89966,2265416,3957678,
2026-09-20T07:43:28.521923+00:00,89967,2265441,3957710,
2026-09-20T07:43:28.537761+00:00,89968,2265466,3959867,
2026-09-20T07:43:28.569840+00:00,89969,2265492,3961321,
2026-09-20T07:43:28.584472+00:00,89970,2265517,3961177,
2026-09-20T07:43:28.633664+00:00,89971,2265542,3960335,
2026-09-20T07:43:28.648647+00:00,89972,2265567,3961190,
2026-09-20T07:43:28.663653+00:00,89973,2265592,3963007,
2026-09-20T07:43:28.696813+00:00,89974,2265618,3963896,
2026-09-20T07:43:28.727794+00:00,89975,2265643,3962626,
2026-09-20T07:43:28.741942+00:00,89976,2265668,3961360,
2026-09-20T07:43:28.773026+00:00,89977,2265693,3961002,
2026-09-20T07:43:28.804702+00:00,89978,2265718,3962200,
2026-09-20T07:43:28.836639+00:00,89979,2265743,3962830,
2026-09-20T07:43:28.852698+00:00,89980,2265769,3961167,
2026-09-20T07:43:28.884455+00:00,89981,2265794,3960134,
2026-09-20T07:43:28.900547+00:00,89982,2265819,3960808,
2026-09-20T07:43:28.932911+00:00,89983,2265844,3962202,
2026-09-20T07:43:28.948503+00:00,89984,2265869,3962759,
2026-09-20T07:43:28.980491+00:00,89985,2265894,3963033,
2026-09-20T07:43:29.011346+00:00,89986,2265920,3963373,
2026-09-20T07:43:29.027511+00:00,89987,2265945,3965005,
2026-09-20T07:43:29.060461+00:00,89988,2265970,3969035,
2026-09-20T07:43:29.068916+00:00,89989,2265995,3971207,
2026-09-20T07:43:29.100583+00:00,89990,2266020,3969531,
2026-09-20T07:43:29.115785+00:00,89991,2266045,3969560,
2026-09-20T07:43:29.148681+00:00,89992,2266071,3977261,
2026-09-20T07:43:29.179475+00:00,89993,2266096,3984243,
2026-09-20T07:43:29.194414+00:00,89994,2266121,3979063,
2026-09-20T07:43:29.226315+00:00,89995,2266146,3974526,
2026-09-20T07:43:29.240826+00:00,89996,2266171,3996002,
2026-09-20T07:43:29.284608+00:00,89997,2266196,4046343,
2026-09-20T07:43:29.287769+00:00,89998,2266222,4105549,
2026-09-20T07:43:29.321584+00:00,89999,2266247,4250566,
2026-09-20T07:43:29.378015+00:00,90000,2266272,4768118,
2026-09-20T07:43:29.378015+00:00,90001,2266297,5458869,
2026-09-20T07:43:29.412432+00:00,90002,2266322,5778893,
2026-09-20T07:43:29.428131+00:00,90003,2266348,5604395,
2026-09-20T07:43:29.460454+00:00,90004,2266373,5202907,
2026-09-20T07:43:29.476458+00:00,90005,2266398,4859726,
2026-09-20T07:43:29.507214+00:00,90006,2266423,4643425,
2026-09-20T07:43:29.540436+00:00,90007,2266448,4526400,
2026-09-20T07:43:29.560932+00:00,90008,2266473,4434866,
2026-09-20T07:43:29.588621+00:00,90009,2266499,4339036,
2026-09-20T07:43:29.604464+00:00,90010,2266524,4271772,
2026-09-20T07:43:29.636561+00:00,90011,2266549,4228854,
2026-09-20T07:43:29.653080+00:00,90012,2266574,4182366,
2026-09-20T07:43:29.684513+00:00,90013,2266599,4126012,
2026-09-20T07:43:29.716476+00:00,90014,2266624,4070995,
2026-09-20T07:43:29.732504+00:00,90015,2266650,4030246,
2026-09-20T07:43:29.764828+00:00,90016,2266675,4005500,
2026-09-20T07:43:29.781547+00:00,90017,2266700,3985900,
2026-09-20T07:43:29.812464+00:00,90018,2266725,3966298,
2026-09-20T07:43:29.844554+00:00,90019,2266750,3957022,
2026-09-20T07:43:29.860430+00:00,90020,2266775,3965583,
2026-09-20T07:43:29.892443+00:00,90021,2266801,3972646,
2026-09-20T07:43:29.910661+00:00,90022,2266826,3956486,
2026-09-20T07:43:29.941458+00:00,90023,2266851,3939220,
2026-09-20T07:43:29.957690+00:00,90024,2266876,3933313,
2026-09-20T07:43:29.988463+00:00,90025,2266901,3928088,
2026-09-20T07:43:30.021577+00:00,90026,2266927,3915550,
2026-09-20T07:43:30.036563+00:00,90027,2266952,3890926,
2026-09-20T07:43:30.069533+00:00,90028,2266977,3878354,
2026-09-20T07:43:30.086624+00:00,90029,2267002,3886429,
2026-09-20T07:43:30.116456+00:00,90030,2267027,3886790,
2026-09-20T07:43:30.133545+00:00,90031,2267052,3876179,
2026-09-20T07:43:30.164429+00:00,90032,2267078,3878893,
2026-09-20T07:43:30.196445+00:00,90033,2267103,3896255,
2026-09-20T07:43:30.212473+00:00,90034,2267128,3899902,
2026-09-20T07:43:30.245615+00:00,90035,2267153,3885507,
2026-09-20T07:43:30.261513+00:00,90036,2267178,3875396,
2026-09-20T07:43:30.295482+00:00,90037,2267203,3867594,
2026-09-20T07:43:30.308437+00:00,90038,2267229,3837732,
2026-09-20T07:43:30.340417+00:00,90039,2267254,3753257,
2026-09-20T07:43:30.372450+00:00,90040,2267279,3587064,
2026-09-20T07:43:30.388452+00:00,90041,2267304,3373365,
2026-09-20T07:43:30.420438+00:00,90042,2267329,3175945,
2026-09-20T07:43:30.436461+00:00,90043,2267354,3025327,
2026-09-20T07:43:30.468468+00:00,90044,2267380,2901032,
2026-09-20T07:43:30.484443+00:00,90045,2267405,2716088,
2026-09-20T07:43:30.516453+00:00,90046,2267430,2537110,
2026-09-20T07:43:30.548427+00:00,90047,2267455,2721499,
2026-09-20T07:43:30.564464+00:00,90048,2267480,3047697,
2026-09-20T07:43:30.596450+00:00,90049,2267505,3301560,
2026-09-20T07:43:30.612421+00:00,90050,2267531,3488080,
2026-09-20T07:43:30.644446+00:00,90051,2267556,3625230,
2026-09-20T07:43:30.660428+00:00,90052,2267581,3723591,
2026-09-20T07:43:30.692415+00:00,90053,2267606,3790360,
2026-09-20T07:43:30.725316+00:00,90054,2267631,3838802,
2026-09-20T07:43:30.740424+00:00,90055,2267657,3874401,
2026-09-20T07:43:30.772412+00:00,90056,2267682,3898213,
2026-09-20T07:43:30.788447+00:00,90057,2267707,3913730,
2026-09-20T07:43:30.821153+00:00,90058,2267732,3923674,
2026-09-20T07:43:30.836450+00:00,90059,2267757,3931165,
2026-09-20T07:43:30.868426+00:00,90060,2267782,3937253,
2026-09-20T07:43:30.900466+00:00,90061,2267808,3938742,
2026-09-20T07:43:30.916466+00:00,90062,2267833,3938071,
2026-09-20T07:43:30.948450+00:00,90063,2267858,3938854,
2026-09-20T07:43:30.964545+00:00,90064,2267883,3939698,
2026-09-20T07:43:30.996446+00:00,90065,2267908,3941441,
2026-09-20T07:43:31.014167+00:00,90066,2267933,3943669,
2026-09-20T07:43:31.044447+00:00,90067,2267959,3947080,
2026-09-20T07:43:31.076481+00:00,90068,2267984,3948336,
2026-09-20T07:43:31.092433+00:00,90069,2268009,3946798,
2026-09-20T07:43:31.127245+00:00,90070,2268034,3944172,
2026-09-20T07:43:31.142650+00:00,90071,2268059,3943372,
2026-09-20T07:43:31.172391+00:00,90072,2268084,3945434,
2026-09-20T07:43:31.189195+00:00,90073,2268110,3947115,
2026-09-20T07:43:31.220449+00:00,90074,2268135,3947173,
2026-09-20T07:43:31.252460+00:00,90075,2268160,3946571,
2026-09-20T07:43:31.269263+00:00,90076,2268185,3945489,
2026-09-20T07:43:31.300440+00:00,90077,2268210,3942709,
2026-09-20T07:43:31.316437+00:00,90078,2268235,3940575,
2026-09-20T07:43:31.348436+00:00,90079,2268261,3940838,
2026-09-20T07:43:31.364715+00:00,90080,2268286,3942080,
2026-09-20T07:43:31.396440+00:00,90081,2268311,3943521,
2026-09-20T07:43:31.428404+00:00,90082,2268336,3944059,
2026-09-20T07:43:31.444528+00:00,90083,2268361,3944694,
2026-09-20T07:43:31.476560+00:00,90084,2268387,3946360,
2026-09-20T07:43:31.492465+00:00,90085,2268412,3946827,
2026-09-20T07:43:31.527142+00:00,90086,2268437,3946036,
2026-09-20T07:43:31.540391+00:00,90087,2268462,3945994,
2026-09-20T07:43:31.572473+00:00,90088,2268487,3946441,
2026-09-20T07:43:31.604053+00:00,90089,2268512,3948241,
2026-09-20T07:43:31.620388+00:00,90090,2268538,3950571,
2026-09-20T07:43:31.652437+00:00,90091,2268563,3951282,
2026-09-20T07:43:31.668435+00:00,90092,2268588,3950496,
2026-09-20T07:43:31.701667+00:00,90093,2268613,3950069,
2026-09-20T07:43:31.717601+00:00,90094,2268638,3950292,
2026-09-20T07:43:31.749462+00:00,90095,2268663,3948803,
2026-09-20T07:43:31.780467+00:00,90096,2268689,3946631,
2026-09-20T07:43:31.796425+00:00,90097,2268714,3946563,
2026-09-20T07:43:31.828430+00:00,90098,2268739,3948730,
2026-09-20T07:43:31.845503+00:00,90099,2268764,3950586,
2026-09-20T07:43:31.876560+00:00,90100,2268789,3951364,
2026-09-20T07:43:31.893833+00:00,90101,2268814,3951401,
2026-09-20T07:43:31.925577+00:00,90102,2268840,3952529,
2026-09-20T07:43:31.962014+00:00,90103,2268865,3952960,
2026-09-20T07:43:31.972463+00:00,90104,2268890,3952316,
2026-09-20T07:43:32.004433+00:00,90105,2268915,3950711,
2026-09-20T07:43:32.020620+00:00,90106,2268940,3950083,
2026-09-20T07:43:32.053702+00:00,90107,2268965,3951440,
2026-09-20T07:43:32.084423+00:00,90108,2268991,3952233,
2026-09-20T07:43:32.100443+00:00,90109,2269016,3951887,
2026-09-20T07:43:32.132041+00:00,90110,2269041,3952597,
2026-09-20T07:43:32.148470+00:00,90111,2269066,3953700,
2026-09-20T07:43:32.180924+00:00,90112,2269091,3953278,
2026-09-20T07:43:32.196624+00:00,90113,2269116,3953406,
2026-09-20T07:43:32.228388+00:00,90114,2269142,3953977,
2026-09-20T07:43:32.260500+00:00,90115,2269167,3954341,
2026-09-20T07:43:32.276080+00:00,90116,2269192,3954918,
2026-09-20T07:43:32.308423+00:00,90117,2269217,3955255,
2026-09-20T07:43:32.324387+00:00,90118,2269242,3955041,
2026-09-20T07:43:32.368802+00:00,90119,2269268,3955025,
2026-09-20T07:43:32.372799+00:00,90120,2269293,3955801,
2026-09-20T07:43:32.404400+00:00,90121,2269318,3956607,
2026-09-20T07:43:32.437235+00:00,90122,2269343,3957346,
2026-09-20T07:43:32.452410+00:00,90123,2269368,3956694,
2026-09-20T07:43:32.484330+00:00,90124,2269393,3955504,
2026-09-20T07:43:32.501940+00:00,90125,2269419,3954522,
2026-09-20T07:43:32.532397+00:00,90126,2269444,3953739,
2026-09-20T07:43:32.548415+00:00,90127,2269469,3952211,
2026-09-20T07:43:32.580356+00:00,90128,2269494,3951563,
2026-09-20T07:43:32.613519+00:00,90129,2269519,3953134,
2026-09-20T07:43:32.628120+00:00,90130,2269544,3954657,
2026-09-20T07:43:32.660412+00:00,90131,2269570,3956694,
2026-09-20T07:43:32.676406+00:00,90132,2269595,3958509,
2026-09-20T07:43:32.708373+00:00,90133,2269620,3958781,
2026-09-20T07:43:32.724381+00:00,90134,2269645,3959643,
2026-09-20T07:43:32.760431+00:00,90135,2269670,3960218,
2026-09-20T07:43:32.788414+00:00,90136,2269695,3960290,
2026-09-20T07:43:32.804996+00:00,90137,2269721,3959182,
2026-09-20T07:43:32.836361+00:00,90138,2269746,3955703,
2026-09-20T07:43:32.852691+00:00,90139,2269771,3953408,
2026-09-20T07:43:32.884427+00:00,90140,2269796,3952375,
2026-09-20T07:43:32.900473+00:00,90141,2269821,3951392,
2026-09-20T07:43:32.936808+00:00,90142,2269846,3950595,
2026-09-20T07:43:32.964357+00:00,90143,2269872,3949824,
2026-09-20T07:43:32.980412+00:00,90144,2269897,3950042,
2026-09-20T07:43:33.012391+00:00,90145,2269922,3950234,
2026-09-20T07:43:33.028406+00:00,90146,2269947,3950950,
2026-09-20T07:43:33.060422+00:00,90147,2269972,3950911,
2026-09-20T07:43:33.076399+00:00,90148,2269997,3951891,
2026-09-20T07:43:33.108962+00:00,90149,2270023,3953999,
2026-09-20T07:43:33.140383+00:00,90150,2270048,3955012,
2026-09-20T07:43:33.156399+00:00,90151,2270073,3954428,
2026-09-20T07:43:33.188359+00:00,90152,2270098,3953924,
2026-09-20T07:43:33.204723+00:00,90153,2270123,3955260,
2026-09-20T07:43:33.236388+00:00,90154,2270149,3955748,
2026-09-20T07:43:33.239691+00:00,90155,2270174,3955454,
2026-09-20T07:43:33.272900+00:00,90156,2270199,3955883,
2026-09-20T07:43:33.316392+00:00,90157,2270224,3955780,
2026-09-20T07:43:33.332432+00:00,90158,2270249,3954579,
2026-09-20T07:43:33.364339+00:00,90159,2270274,3953390,
2026-09-20T07:43:33.380383+00:00,90160,2270300,3952939,
2026-09-20T07:43:33.412358+00:00,90161,2270325,3953543,
2026-09-20T07:43:33.429542+00:00,90162,2270350,3953706,
2026-09-20T07:43:33.460879+00:00,90163,2270375,3953418,
2026-09-20T07:43:33.499435+00:00,90164,2270400,3952768,
2026-09-20T07:43:33.508334+00:00,90165,2270425,3951462,
2026-09-20T07:43:33.540367+00:00,90166,2270451,3951153,
2026-09-20T07:43:33.556362+00:00,90167,2270476,3952189,
2026-09-20T07:43:33.588341+00:00,90168,2270501,3952768,
2026-09-20T07:43:33.604371+00:00,90169,2270526,3952449,
2026-09-20T07:43:33.636340+00:00,90170,2270551,3952900,
2026-09-20T07:43:33.668990+00:00,90171,2270576,3952898,
2026-09-20T07:43:33.684364+00:00,90172,2270602,3953155,
2026-09-20T07:43:33.716429+00:00,90173,2270627,3953365,
2026-09-20T07:43:33.732330+00:00,90174,2270652,3952344,
2026-09-20T07:43:33.765670+00:00,90175,2270677,3950989,
2026-09-20T07:43:33.780355+00:00,90176,2270702,3950839,
2026-09-20T07:43:33.812398+00:00,90177,2270727,3950679,
2026-09-20T07:43:33.844349+00:00,90178,2270753,3949534,
2026-09-20T07:43:33.860371+00:00,90179,2270778,3947735,
2026-09-20T07:43:33.895440+00:00,90180,2270803,3947334,
2026-09-20T07:43:33.908365+00:00,90181,2270828,3947736,
2026-09-20T07:43:33.940300+00:00,90182,2270853,3947869,
2026-09-20T07:43:33.956556+00:00,90183,2270879,3947074,
2026-09-20T07:43:33.988335+00:00,90184,2270904,3947119,
2026-09-20T07:43:34.020419+00:00,90185,2270929,3947293,
2026-09-20T07:43:34.036359+00:00,90186,2270954,3947865,
2026-09-20T07:43:34.068385+00:00,90187,2270979,3948456,
2026-09-20T07:43:34.084824+00:00,90188,2271004,3947538,
2026-09-20T07:43:34.116338+00:00,90189,2271030,3947257,
2026-09-20T07:43:34.132032+00:00,90190,2271055,3947173,
2026-09-20T07:43:34.164357+00:00,90191,2271080,3946389,
2026-09-20T07:43:34.196365+00:00,90192,2271105,3946690,
2026-09-20T07:43:34.213462+00:00,90193,2271130,3949318,
2026-09-20T07:43:34.244325+00:00,90194,2271155,3949797,
2026-09-20T07:43:34.261590+00:00,90195,2271181,3948575,
2026-09-20T07:43:34.295812+00:00,90196,2271206,3949096,
2026-09-20T07:43:34.324355+00:00,90197,2271231,3950690,
2026-09-20T07:43:34.340334+00:00,90198,2271256,3952329,
2026-09-20T07:43:34.371995+00:00,90199,2271281,3952639,
2026-09-20T07:43:34.388355+00:00,90200,2271306,3952244,
2026-09-20T07:43:34.421571+00:00,90201,2271332,3952661,
2026-09-20T07:43:34.436317+00:00,90202,2271357,3954322,
2026-09-20T07:43:34.468396+00:00,90203,2271382,3954291,
2026-09-20T07:43:34.500343+00:00,90204,2271407,3952435,
2026-09-20T07:43:34.516827+00:00,90205,2271432,3951752,
2026-09-20T07:43:34.548369+00:00,90206,2271458,3952337,
2026-09-20T07:43:34.566834+00:00,90207,2271483,3952871,
2026-09-20T07:43:34.597073+00:00,90208,2271508,3952969,
2026-09-20T07:43:34.615431+00:00,90209,2271533,3952638,
2026-09-20T07:43:34.644913+00:00,90210,2271558,3953242,
2026-09-20T07:43:34.676369+00:00,90211,2271583,3953990,
2026-09-20T07:43:34.694269+00:00,90212,2271609,3955051,
2026-09-20T07:43:34.724842+00:00,90213,2271634,3956333,
2026-09-20T07:43:34.743616+00:00,90214,2271659,3956989,
2026-09-20T07:43:34.772763+00:00,90215,2271684,3956989,
2026-09-20T07:43:34.788465+00:00,90216,2271709,3956491,
2026-09-20T07:43:34.820336+00:00,90217,2271734,3955823,
2026-09-20T07:43:34.852338+00:00,90218,2271760,3954650,
2026-09-20T07:43:34.868341+00:00,90219,2271785,3953480,
2026-09-20T07:43:34.900626+00:00,90220,2271810,3950567,
2026-09-20T07:43:34.916347+00:00,90221,2271835,3948240,
2026-09-20T07:43:34.948343+00:00,90222,2271860,3947816,
2026-09-20T07:43:34.969856+00:00,90223,2271885,3946561,
2026-09-20T07:43:34.996343+00:00,90224,2271911,3944552,
2026-09-20T07:43:35.029408+00:00,90225,2271936,3944244,
2026-09-20T07:43:35.044312+00:00,90226,2271961,3945374,
2026-09-20T07:43:35.076450+00:00,90227,2271986,3946633,
2026-09-20T07:43:35.093476+00:00,90228,2272011,3948177,
2026-09-20T07:43:35.126205+00:00,90229,2272036,3950869,
2026-09-20T07:43:35.140325+00:00,90230,2272062,3953088,
2026-09-20T07:43:35.172384+00:00,90231,2272087,3954935,
2026-09-20T07:43:35.204809+00:00,90232,2272112,3956199,
2026-09-20T07:43:35.220330+00:00,90233,2272137,3956808,
2026-09-20T07:43:35.252341+00:00,90234,2272162,3957523,
2026-09-20T07:43:35.269790+00:00,90235,2272188,3957689,
2026-09-20T07:43:35.300367+00:00,90236,2272213,3957552,
2026-09-20T07:43:35.316318+00:00,90237,2272238,3957867,
2026-09-20T07:43:35.348342+00:00,90238,2272263,3957023,
2026-09-20T07:43:35.380302+00:00,90239,2272288,3955991,
2026-09-20T07:43:35.396294+00:00,90240,2272313,3954424,
2026-09-20T07:43:35.432086+00:00,90241,2272339,3952592,
2026-09-20T07:43:35.444315+00:00,90242,2272364,3952207,
2026-09-20T07:43:35.476331+00:00,90243,2272389,3952673,
2026-09-20T07:43:35.499931+00:00,90244,2272414,3952566,
2026-09-20T07:43:35.524333+00:00,90245,2272439,3952830,
2026-09-20T07:43:35.559585+00:00,90246,2272464,3952398,
2026-09-20T07:43:35.572289+00:00,90247,2272490,3952514,
2026-09-20T07:43:35.604015+00:00,90248,2272515,3953888,
2026-09-20T07:43:35.620313+00:00,90249,2272540,3955665,
2026-09-20T07:43:35.652332+00:00,90250,2272565,3956877,
2026-09-20T07:43:35.668348+00:00,90251,2272590,3957601,
2026-09-20T07:43:35.700326+00:00,90252,2272615,3958313,
2026-09-20T07:43:35.732313+00:00,90253,2272641,3958452,
2026-09-20T07:43:35.748300+00:00,90254,2272666,3958589,
2026-09-20T07:43:35.780298+00:00,90255,2272691,3958113,
2026-09-20T07:43:35.796360+00:00,90256,2272716,3956738,
2026-09-20T07:43:35.831536+00:00,90257,2272741,3956324,
2026-09-20T07:43:35.844323+00:00,90258,2272766,3955509,
2026-09-20T07:43:35.876354+00:00,90259,2272792,3956287,
2026-09-20T07:43:35.908601+00:00,90260,2272817,3965954,
2026-09-20T07:43:35.924350+00:00,90261,2272842,4013374,
2026-09-20T07:43:35.956374+00:00,90262,2272867,4183364,
2026-09-20T07:43:35.972272+00:00,90263,2272892,4519332,
2026-09-20T07:43:36.004279+00:00,90264,2272918,4970975,
2026-09-20T07:43:36.020312+00:00,90265,2272943,5381265,
2026-09-20T07:43:36.052196+00:00,90266,2272968,5504986,
2026-09-20T07:43:36.087254+00:00,90267,2272993,5449999,
2026-09-20T07:43:36.100252+00:00,90268,2273018,5341446,
2026-09-20T07:43:36.132303+00:00,90269,2273043,5153932,
2026-09-20T07:43:36.148280+00:00,90270,2273069,4955297,
2026-09-20T07:43:36.180295+00:00,90271,2273094,4698606,
2026-09-20T07:43:36.196286+00:00,90272,2273119,4489577,
2026-09-20T07:43:36.228263+00:00,90273,2273144,4367990,
2026-09-20T07:43:36.260279+00:00,90274,2273169,4279527,
2026-09-20T07:43:36.276544+00:00,90275,2273194,4186639,
2026-09-20T07:43:36.308311+00:00,90276,2273220,4114858,
2026-09-20T07:43:36.324253+00:00,90277,2273245,4077751,
2026-09-20T07:43:36.356304+00:00,90278,2273270,4058967,
2026-09-20T07:43:36.373542+00:00,90279,2273295,4039256,
2026-09-20T07:43:36.404367+00:00,90280,2273320,4016976,
2026-09-20T07:43:36.436320+00:00,90281,2273345,3991344,
2026-09-20T07:43:36.452733+00:00,90282,2273371,3973683,
2026-09-20T07:43:36.484298+00:00,90283,2273396,3971314,
2026-09-20T07:43:36.501851+00:00,90284,2273421,3972088,
2026-09-20T07:43:36.532322+00:00,90285,2273446,3971964,
2026-09-20T07:43:36.567001+00:00,90286,2273471,3970475,
2026-09-20T07:43:36.580340+00:00,90287,2273496,3970109,
2026-09-20T07:43:36.612272+00:00,90288,2273522,3976646,
2026-09-20T07:43:36.628262+00:00,90289,2273547,3980357,
2026-09-20T07:43:36.661165+00:00,90290,2273572,3969300,
2026-09-20T07:43:36.676090+00:00,90291,2273597,3968257,
2026-09-20T07:43:36.708760+00:00,90292,2273622,3968061,
2026-09-20T07:43:36.741031+00:00,90293,2273647,3958804,
2026-09-20T07:43:36.758310+00:00,90294,2273673,3949834,
2026-09-20T07:43:36.788510+00:00,90295,2273698,3942693,
2026-09-20T07:43:36.804501+00:00,90296,2273723,3942907,
2026-09-20T07:43:36.836296+00:00,90297,2273748,3938435,
2026-09-20T07:43:36.852283+00:00,90298,2273773,3927088,
2026-09-20T07:43:36.884289+00:00,90299,2273799,3909745,
2026-09-20T07:43:36.917348+00:00,90300,2273824,3862601,
2026-09-20T07:43:36.932214+00:00,90301,2273849,3786408,
2026-09-20T07:43:36.968215+00:00,90302,2273874,3671455,
2026-09-20T07:43:36.981340+00:00,90303,2273899,3413372,
2026-09-20T07:43:37.012319+00:00,90304,2273924,2956298,
2026-09-20T07:43:37.029381+00:00,90305,2273950,2376233,
2026-09-20T07:43:37.063806+00:00,90306,2273975,1761843,
2026-09-20T07:43:37.100113+00:00,90307,2274000,1393048,
2026-09-20T07:43:37.108247+00:00,90308,2274025,1655848,
2026-09-20T07:43:37.141813+00:00,90309,2274050,2482305,
2026-09-20T07:43:37.156288+00:00,90310,2274075,3084039,
2026-09-20T07:43:37.188261+00:00,90311,2274101,3375380,
2026-09-20T07:43:37.204263+00:00,90312,2274126,3552628,
2026-09-20T07:43:37.236326+00:00,90313,2274151,3678264,
2026-09-20T07:43:37.268290+00:00,90314,2274176,3765679,
2026-09-20T07:43:37.284276+00:00,90315,2274201,3821626,
2026-09-20T07:43:37.316271+00:00,90316,2274226,3857446,
2026-09-20T07:43:37.332237+00:00,90317,2274252,3885583,
2026-09-20T07:43:37.364856+00:00,90318,2274277,3908326,
2026-09-20T07:43:37.379793+00:00,90319,2274302,3923308,
2026-09-20T07:43:37.412882+00:00,90320,2274327,3932373,
2026-09-20T07:43:37.444264+00:00,90321,2274352,3940734,
2026-09-20T07:43:37.461859+00:00,90322,2274377,3948716,
2026-09-20T07:43:37.495772+00:00,90323,2274403,3952567,
2026-09-20T07:43:37.508245+00:00,90324,2274428,3953584,
2026-09-20T07:43:37.542112+00:00,90325,2274453,3955083,
2026-09-20T07:43:37.556276+00:00,90326,2274478,3958058,
2026-09-20T07:43:37.588284+00:00,90327,2274503,3957796,
2026-09-20T07:43:37.619603+00:00,90328,2274529,3955826,
2026-09-20T07:43:37.636290+00:00,90329,2274554,3955218,
2026-09-20T07:43:37.669653+00:00,90330,2274579,3955933,
2026-09-20T07:43:37.685481+00:00,90331,2274604,3957474,
2026-09-20T07:43:37.716274+00:00,90332,2274629,3962344,
2026-09-20T07:43:37.732843+00:00,90333,2274654,3965082,
2026-09-20T07:43:37.764269+00:00,90334,2274680,3962674,
2026-09-20T07:43:37.796275+00:00,90335,2274705,3961829,
2026-09-20T07:43:37.812384+00:00,90336,2274730,3961300,
2026-09-20T07:43:37.844268+00:00,90337,2274755,3959573,
2026-09-20T07:43:37.860280+00:00,90338,2274780,3953880,
2026-09-20T07:43:37.896382+00:00,90339,2274805,3950177,
2026-09-20T07:43:37.908275+00:00,90340,2274831,3951817,
2026-09-20T07:43:37.941450+00:00,90341,2274856,3955200,
2026-09-20T07:43:37.972263+00:00,90342,2274881,3954478,
2026-09-20T07:43:37.988251+00:00,90343,2274906,3950108,
2026-09-20T07:43:38.020235+00:00,90344,2274931,3950405,
2026-09-20T07:43:38.036447+00:00,90345,2274957,3951629,
2026-09-20T07:43:38.068266+00:00,90346,2274982,3948925,
2026-09-20T07:43:38.085075+00:00,90347,2275007,3945567,
2026-09-20T07:43:38.116190+00:00,90348,2275032,3944447,
2026-09-20T07:43:38.148644+00:00,90349,2275057,3943630,
2026-09-20T07:43:38.165373+00:00,90350,2275082,3941656,
2026-09-20T07:43:38.196264+00:00,90351,2275108,3943121,
2026-09-20T07:43:38.212957+00:00,90352,2275133,3946018,
2026-09-20T07:43:38.244265+00:00,90353,2275158,3946680,
2026-09-20T07:43:38.260288+00:00,90354,2275183,3946014,
2026-09-20T07:43:38.292323+00:00,90355,2275208,3944708,
2026-09-20T07:43:38.324416+00:00,90356,2275233,3944295,
2026-09-20T07:43:38.340262+00:00,90357,2275259,3946009,
2026-09-20T07:43:38.372279+00:00,90358,2275284,3948189,
2026-09-20T07:43:38.387947+00:00,90359,2275309,3949740,
2026-09-20T07:43:38.420904+00:00,90360,2275334,3949750,
2026-09-20T07:43:38.436107+00:00,90361,2275359,3949071,
2026-09-20T07:43:38.469435+00:00,90362,2275385,3949101,
2026-09-20T07:43:38.501625+00:00,90363,2275410,3948654,
2026-09-20T07:43:38.516253+00:00,90364,2275435,3948058,
2026-09-20T07:43:38.548229+00:00,90365,2275460,3947140,
2026-09-20T07:43:38.568337+00:00,90366,2275485,3947467,
2026-09-20T07:43:38.596526+00:00,90367,2275510,3948993,
2026-09-20T07:43:38.628211+00:00,90368,2275536,3949649,
2026-09-20T07:43:38.644211+00:00,90369,2275561,3950401,
2026-09-20T07:43:38.676220+00:00,90370,2275586,3951309,
2026-09-20T07:43:38.694188+00:00,90371,2275611,3952570,
2026-09-20T07:43:38.729771+00:00,90372,2275636,3953569,
2026-09-20T07:43:38.740221+00:00,90373,2275661,3954615,
2026-09-20T07:43:38.772265+00:00,90374,2275687,3955778,
2026-09-20T07:43:38.804214+00:00,90375,2275712,3956962,
2026-09-20T07:43:38.820225+00:00,90376,2275737,3957500,
2026-09-20T07:43:38.852268+00:00,90377,2275762,3957741,
2026-09-20T07:43:38.868270+00:00,90378,2275787,3958558,
2026-09-20T07:43:38.900255+00:00,90379,2275813,3960293,
2026-09-20T07:43:38.916302+00:00,90380,2275838,3961478,
2026-09-20T07:43:38.948248+00:00,90381,2275863,3961620,
2026-09-20T07:43:38.980238+00:00,90382,2275888,3960297,
2026-09-20T07:43:38.996252+00:00,90383,2275913,3958871,
2026-09-20T07:43:39.034639+00:00,90384,2275938,3958662,
2026-09-20T07:43:39.044204+00:00,90385,2275964,3958547,
2026-09-20T07:43:39.076204+00:00,90386,2275989,3956840,
2026-09-20T07:43:39.092212+00:00,90387,2276014,3954005,
2026-09-20T07:43:39.124190+00:00,90388,2276039,3950823,
2026-09-20T07:43:39.156219+00:00,90389,2276064,3948665,
2026-09-20T07:43:39.172208+00:00,90390,2276089,3947080,
2026-09-20T07:43:39.204197+00:00,90391,2276115,3947287,
2026-09-20T07:43:39.220215+00:00,90392,2276140,3949173,
2026-09-20T07:43:39.252234+00:00,90393,2276165,3950559,
2026-09-20T07:43:39.268231+00:00,90394,2276190,3951449,
2026-09-20T07:43:39.300234+00:00,90395,2276215,3952870,
2026-09-20T07:43:39.332957+00:00,90396,2276241,3954821,
2026-09-20T07:43:39.348867+00:00,90397,2276266,3955038,
2026-09-20T07:43:39.380230+00:00,90398,2276291,3954325,
2026-09-20T07:43:39.396416+00:00,90399,2276316,3952929,
2026-09-20T07:43:39.428184+00:00,90400,2276341,3951962,
2026-09-20T07:43:39.444236+00:00,90401,2276366,3952143,
2026-09-20T07:43:39.476220+00:00,90402,2276392,3953017,
2026-09-20T07:43:39.508206+00:00,90403,2276417,3954411,
2026-09-20T07:43:39.525212+00:00,90404,2276442,3956283,
2026-09-20T07:43:39.556468+00:00,90405,2276467,3957029,
2026-09-20T07:43:39.572222+00:00,90406,2276492,3957010,
2026-09-20T07:43:39.604385+00:00,90407,2276517,3956976,
2026-09-20T07:43:39.620625+00:00,90408,2276543,3956585,
2026-09-20T07:43:39.652237+00:00,90409,2276568,3956472,
2026-09-20T07:43:39.684236+00:00,90410,2276593,3957293,
2026-09-20T07:43:39.700284+00:00,90411,2276618,3958427,
2026-09-20T07:43:39.733152+00:00,90412,2276643,3958396,
2026-09-20T07:43:39.748198+00:00,90413,2276669,3958151,
2026-09-20T07:43:39.781310+00:00,90414,2276694,3958114,
2026-09-20T07:43:39.796219+00:00,90415,2276719,3958690,
2026-09-20T07:43:39.828204+00:00,90416,2276744,3959426,
2026-09-20T07:43:39.860650+00:00,90417,2276769,3958825,
2026-09-20T07:43:39.876608+00:00,90418,2276794,3957654,
2026-09-20T07:43:39.908252+00:00,90419,2276820,3956940,
2026-09-20T07:43:39.928867+00:00,90420,2276845,3956501,
2026-09-20T07:43:39.956186+00:00,90421,2276870,3956458,
2026-09-20T07:43:39.972205+00:00,90422,2276895,3956446,
2026-09-20T07:43:40.004174+00:00,90423,2276920,3956652,
2026-09-20T07:43:40.037686+00:00,90424,2276945,3956926,
2026-09-20T07:43:40.052237+00:00,90425,2276971,3956604,
2026-09-20T07:43:40.084198+00:00,90426,2276996,3956153,
2026-09-20T07:43:40.100413+00:00,90427,2277021,3956102,
2026-09-20T07:43:40.133405+00:00,90428,2277046,3956430,
2026-09-20T07:43:40.148384+00:00,90429,2277071,3956903,
2026-09-20T07:43:40.180214+00:00,90430,2277097,3957810,
2026-09-20T07:43:40.212196+00:00,90431,2277122,3958049,
2026-09-20T07:43:40.228188+00:00,90432,2277147,3956940,
2026-09-20T07:43:40.260912+00:00,90433,2277172,3956641,
2026-09-20T07:43:40.276176+00:00,90434,2277197,3957260,
2026-09-20T07:43:40.315575+00:00,90435,2277222,3957972,
2026-09-20T07:43:40.334077+00:00,90436,2277248,3957501,
2026-09-20T07:43:40.356183+00:00,90437,2277273,3959979,
2026-09-20T07:43:40.388199+00:00,90438,2277298,3965738,
2026-09-20T07:43:40.404145+00:00,90439,2277323,3967568,
2026-09-20T07:43:40.436268+00:00,90440,2277348,3968326,
2026-09-20T07:43:40.452172+00:00,90441,2277373,3976914,
2026-09-20T07:43:40.484252+00:00,90442,2277399,3987183,
2026-09-20T07:43:40.516006+00:00,90443,2277424,3984673,
2026-09-20T07:43:40.532375+00:00,90444,2277449,3970796,
2026-09-20T07:43:40.563928+00:00,90445,2277474,3954840,
2026-09-20T07:43:40.579916+00:00,90446,2277499,3946627,
2026-09-20T07:43:40.611723+00:00,90447,2277525,3943898,
2026-09-20T07:43:40.628200+00:00,90448,2277550,3945479,
2026-09-20T07:43:40.660252+00:00,90449,2277575,3952577,
2026-09-20T07:43:40.692262+00:00,90450,2277600,3960978,
2026-09-20T07:43:40.708298+00:00,90451,2277625,3964382,
2026-09-20T07:43:40.740260+00:00,90452,2277650,3964861,
2026-09-20T07:43:40.756263+00:00,90453,2277676,3967744,
2026-09-20T07:43:40.788213+00:00,90454,2277701,3974955,
2026-09-20T07:43:40.804480+00:00,90455,2277726,3981364,
2026-09-20T07:43:40.836183+00:00,90456,2277751,3991180,
2026-09-20T07:43:40.868183+00:00,90457,2277776,4016586,
2026-09-20T07:43:40.884187+00:00,90458,2277801,4047856,
2026-09-20T07:43:40.916175+00:00,90459,2277827,4072469,
2026-09-20T07:43:40.931853+00:00,90460,2277852,4127752,
2026-09-20T07:43:40.964164+00:00,90461,2277877,4355276,
2026-09-20T07:43:40.980177+00:00,90462,2277902,4999677,
2026-09-20T07:43:41.012177+00:00,90463,2277927,5813496,
2026-09-20T07:43:41.044175+00:00,90464,2277952,6245452,
2026-09-20T07:43:41.060169+00:00,90465,2277978,6249075,
2026-09-20T07:43:41.093169+00:00,90466,2278003,6057464,
2026-09-20T07:43:41.111161+00:00,90467,2278028,5818740,
2026-09-20T07:43:41.140149+00:00,90468,2278053,5528334,
2026-09-20T07:43:41.157030+00:00,90469,2278078,5184600,
2026-09-20T07:43:41.188156+00:00,90470,2278104,4821940,
2026-09-20T07:43:41.220184+00:00,90471,2278129,4498968,
2026-09-20T07:43:41.236328+00:00,90472,2278154,4278822,
2026-09-20T07:43:41.268183+00:00,90473,2278179,4165985,
2026-09-20T07:43:41.284805+00:00,90474,2278204,4092571,
2026-09-20T07:43:41.316154+00:00,90475,2278229,4033221,
2026-09-20T07:43:41.332155+00:00,90476,2278255,3987908,
2026-09-20T07:43:41.364274+00:00,90477,2278280,3951741,
2026-09-20T07:43:41.396174+00:00,90478,2278305,3937486,
2026-09-20T07:43:41.412114+00:00,90479,2278330,3933614,
2026-09-20T07:43:41.445352+00:00,90480,2278355,3926624,
2026-09-20T07:43:41.460140+00:00,90481,2278380,3922239,
2026-09-20T07:43:41.492268+00:00,90482,2278406,3929539,
2026-09-20T07:43:41.508167+00:00,90483,2278431,3936215,
2026-09-20T07:43:41.539818+00:00,90484,2278456,3928671,
2026-09-20T07:43:41.572133+00:00,90485,2278481,3922844,
2026-09-20T07:43:41.588170+00:00,90486,2278506,3940134,
2026-09-20T07:43:41.620432+00:00,90487,2278532,3954260,
2026-09-20T07:43:41.636161+00:00,90488,2278557,3947619,
2026-09-20T07:43:41.668134+00:00,90489,2278582,3941940,
2026-09-20T07:43:41.684174+00:00,90490,2278607,3946715,
2026-09-20T07:43:41.716192+00:00,90491,2278632,3944746,
2026-09-20T07:43:41.748166+00:00,90492,2278657,3920379,
2026-09-20T07:43:41.764148+00:00,90493,2278683,3870864,
2026-09-20T07:43:41.796166+00:00,90494,2278708,3813525,
2026-09-20T07:43:41.812573+00:00,90495,2278733,3769073,
2026-09-20T07:43:41.845228+00:00,90496,2278758,3725418,
2026-09-20T07:43:41.860163+00:00,90497,2278783,3658548,
2026-09-20T07:43:41.892137+00:00,90498,2278808,3586118,
2026-09-20T07:43:41.927023+00:00,90499,2278834,3566174,
2026-09-20T07:43:41.940120+00:00,90500,2278859,3579442,
2026-09-20T07:43:41.973221+00:00,90501,2278884,3571631,
2026-09-20T07:43:41.988131+00:00,90502,2278909,3522477,
2026-09-20T07:43:42.019929+00:00,90503,2278934,3448645,
2026-09-20T07:43:42.036126+00:00,90504,2278960,3366229,
2026-09-20T07:43:42.068133+00:00,90505,2278985,3267160,
2026-09-20T07:43:42.100144+00:00,90506,2279010,3159573,
2026-09-20T07:43:42.118185+00:00,90507,2279035,3061202,
2026-09-20T07:43:42.149025+00:00,90508,2279060,2973937,
2026-09-20T07:43:42.164180+00:00,90509,2279085,2845595,
2026-09-20T07:43:42.198998+00:00,90510,2279111,2611094,
2026-09-20T07:43:42.212145+00:00,90511,2279136,2615338,
2026-09-20T07:43:42.244157+00:00,90512,2279161,2924168,
2026-09-20T07:43:42.276555+00:00,90513,2279186,3212237,
2026-09-20T07:43:42.292132+00:00,90514,2279211,3426993,
2026-09-20T07:43:42.324322+00:00,90515,2279236,3583150,
2026-09-20T07:43:42.340375+00:00,90516,2279262,3695915,
2026-09-20T07:43:42.372124+00:00,90517,2279287,3774965,
2026-09-20T07:43:42.404067+00:00,90518,2279312,3828254,
2026-09-20T07:43:42.420425+00:00,90519,2279337,3863558,
2026-09-20T07:43:42.452150+00:00,90520,2279362,3887749,
2026-09-20T07:43:42.468161+00:00,90521,2279388,3903082,
2026-09-20T07:43:42.500325+00:00,90522,2279413,3912711,
2026-09-20T07:43:42.516604+00:00,90523,2279438,3920162,
2026-09-20T07:43:42.548117+00:00,90524,2279463,3927504,
2026-09-20T07:43:42.580833+00:00,90525,2279488,3933962,
2026-09-20T07:43:42.597207+00:00,90526,2279513,3936694,
2026-09-20T07:43:42.629253+00:00,90527,2279539,3937213,
2026-09-20T07:43:42.647435+00:00,90528,2279564,3938760,
2026-09-20T07:43:42.676417+00:00,90529,2279589,3940759,
2026-09-20T07:43:42.692092+00:00,90530,2279614,3943576,
2026-09-20T07:43:42.723954+00:00,90531,2279639,3946256,
2026-09-20T07:43:42.756098+00:00,90532,2279664,3947804,
2026-09-20T07:43:42.772106+00:00,90533,2279690,3947336,
2026-09-20T07:43:42.804139+00:00,90534,2279715,3944319,
2026-09-20T07:43:42.820120+00:00,90535,2279740,3942200,
2026-09-20T07:43:42.852120+00:00,90536,2279765,3941561,
2026-09-20T07:43:42.868101+00:00,90537,2279790,3942879,
2026-09-20T07:43:42.900169+00:00,90538,2279816,3946446,
2026-09-20T07:43:42.933284+00:00,90539,2279841,3948456,
2026-09-20T07:43:42.948654+00:00,90540,2279866,3946956,
2026-09-20T07:43:42.980266+00:00,90541,2279891,3944775,
2026-09-20T07:43:42.998825+00:00,90542,2279916,3944549,
2026-09-20T07:43:43.028160+00:00,90543,2279941,3944994,
2026-09-20T07:43:43.044128+00:00,90544,2279967,3943935,
2026-09-20T07:43:43.076504+00:00,90545,2279992,3940129,
2026-09-20T07:43:43.108165+00:00,90546,2280017,3936285,
2026-09-20T07:43:43.131974+00:00,90547,2280042,3936206,
2026-09-20T07:43:43.160795+00:00,90548,2280067,3939917,
2026-09-20T07:43:43.172549+00:00,90549,2280092,3943453,
2026-09-20T07:43:43.205486+00:00,90550,2280118,3944500,
2026-09-20T07:43:43.220721+00:00,90551,2280143,3943927,
2026-09-20T07:43:43.252131+00:00,90552,2280168,3944302,
2026-09-20T07:43:43.285230+00:00,90553,2280193,3945070,
2026-09-20T07:43:43.301336+00:00,90554,2280218,3942553,
2026-09-20T07:43:43.321218+00:00,90555,2280244,3939374,
2026-09-20T07:43:43.336989+00:00,90556,2280269,3938701,
2026-09-20T07:43:43.380126+00:00,90557,2280294,3940817,
2026-09-20T07:43:43.396117+00:00,90558,2280319,3942603,
2026-09-20T07:43:43.428134+00:00,90559,2280344,3942260,
2026-09-20T07:43:43.460115+00:00,90560,2280369,3942709,
2026-09-20T07:43:43.476104+00:00,90561,2280395,3944337,
2026-09-20T07:43:43.508119+00:00,90562,2280420,3945019,
2026-09-20T07:43:43.529330+00:00,90563,2280445,3944899,
2026-09-20T07:43:43.556120+00:00,90564,2280470,3944427,
2026-09-20T07:43:43.572119+00:00,90565,2280495,3943167,
2026-09-20T07:43:43.604164+00:00,90566,2280520,3942738,
2026-09-20T07:43:43.636128+00:00,90567,2280546,3942078,
2026-09-20T07:43:43.652120+00:00,90568,2280571,3942634,
2026-09-20T07:43:43.684188+00:00,90569,2280596,3943673,
2026-09-20T07:43:43.700251+00:00,90570,2280621,3944985,
2026-09-20T07:43:43.732121+00:00,90571,2280646,3945538,
2026-09-20T07:43:43.748118+00:00,90572,2280671,3945469,
2026-09-20T07:43:43.780116+00:00,90573,2280697,3946280,
2026-09-20T07:43:43.812127+00:00,90574,2280722,3946455,
2026-09-20T07:43:43.828129+00:00,90575,2280747,3946382,
2026-09-20T07:43:43.860119+00:00,90576,2280772,3947727,
2026-09-20T07:43:43.877176+00:00,90577,2280797,3949936,
2026-09-20T07:43:43.910403+00:00,90578,2280823,3951479,
2026-09-20T07:43:43.924093+00:00,90579,2280848,3953553,
2026-09-20T07:43:43.956105+00:00,90580,2280873,3953909,
2026-09-20T07:43:43.988118+00:00,90581,2280898,3953317,
2026-09-20T07:43:44.003822+00:00,90582,2280923,3952351,
2026-09-20T07:43:44.039603+00:00,90583,2280948,3952005,
2026-09-20T07:43:44.052410+00:00,90584,2280974,3951656,
2026-09-20T07:43:44.085166+00:00,90585,2280999,3950634,
2026-09-20T07:43:44.100597+00:00,90586,2281024,3950122,
2026-09-20T07:43:44.132192+00:00,90587,2281049,3950955,
2026-09-20T07:43:44.164701+00:00,90588,2281074,3950534,
2026-09-20T07:43:44.180236+00:00,90589,2281099,3949795,
2026-09-20T07:43:44.212123+00:00,90590,2281125,3949679,
2026-09-20T07:43:44.229233+00:00,90591,2281150,3949713,
2026-09-20T07:43:44.260114+00:00,90592,2281175,3948369,
2026-09-20T07:43:44.292081+00:00,90593,2281200,3947959,
2026-09-20T07:43:44.309524+00:00,90594,2281225,3948228,
2026-09-20T07:43:44.340168+00:00,90595,2281251,3949558,
2026-09-20T07:43:44.359378+00:00,90596,2281276,3949972,
2026-09-20T07:43:44.388079+00:00,90597,2281301,3949377,
2026-09-20T07:43:44.404311+00:00,90598,2281326,3950141,
2026-09-20T07:43:44.436376+00:00,90599,2281351,3950978,
2026-09-20T07:43:44.469163+00:00,90600,2281376,3951496,
2026-09-20T07:43:44.483796+00:00,90601,2281402,3952206,
2026-09-20T07:43:44.516069+00:00,90602,2281427,3951708,
2026-09-20T07:43:44.532129+00:00,90603,2281452,3951322,
2026-09-20T07:43:44.564430+00:00,90604,2281477,3951249,
2026-09-20T07:43:44.580076+00:00,90605,2281502,3950460,
2026-09-20T07:43:44.612109+00:00,90606,2281528,3950024,
2026-09-20T07:43:44.644096+00:00,90607,2281553,3949447,
2026-09-20T07:43:44.660058+00:00,90608,2281578,3948221,
2026-09-20T07:43:44.693414+00:00,90609,2281603,3948130,
2026-09-20T07:43:44.708105+00:00,90610,2281628,3948137,
2026-09-20T07:43:44.740098+00:00,90611,2281653,3947449,
2026-09-20T07:43:44.757926+00:00,90612,2281679,3946802,
2026-09-20T07:43:44.788592+00:00,90613,2281704,3946527,
2026-09-20T07:43:44.821159+00:00,90614,2281729,3946015,
2026-09-20T07:43:44.836101+00:00,90615,2281754,3946009,
2026-09-20T07:43:44.868176+00:00,90616,2281779,3945889,
2026-09-20T07:43:44.885594+00:00,90617,2281804,3945809,
2026-09-20T07:43:44.916062+00:00,90618,2281830,3946726,
2026-09-20T07:43:44.932063+00:00,90619,2281855,3947637,
2026-09-20T07:43:44.964062+00:00,90620,2281880,3948160,
2026-09-20T07:43:44.996091+00:00,90621,2281905,3946526,
2026-09-20T07:43:45.012639+00:00,90622,2281930,3944059,
2026-09-20T07:43:45.044090+00:00,90623,2281956,3942061,
2026-09-20T07:43:45.062318+00:00,90624,2281981,3942421,
2026-09-20T07:43:45.092338+00:00,90625,2282006,3943349,
2026-09-20T07:43:45.109174+00:00,90626,2282031,3943443,
2026-09-20T07:43:45.140556+00:00,90627,2282056,3943609,
2026-09-20T07:43:45.172114+00:00,90628,2282081,3944401,
2026-09-20T07:43:45.188249+00:00,90629,2282107,3945679,
2026-09-20T07:43:45.220451+00:00,90630,2282132,3947370,
2026-09-20T07:43:45.236622+00:00,90631,2282157,3947933,
2026-09-20T07:43:45.268112+00:00,90632,2282182,3947658,
2026-09-20T07:43:45.284155+00:00,90633,2282207,3945240,
2026-09-20T07:43:45.317305+00:00,90634,2282232,3944280,
2026-09-20T07:43:45.348103+00:00,90635,2282258,3945044,
2026-09-20T07:43:45.364126+00:00,90636,2282283,3945312,
2026-09-20T07:43:45.396092+00:00,90637,2282308,3946232,
2026-09-20T07:43:45.413161+00:00,90638,2282333,3947671,
2026-09-20T07:43:45.446470+00:00,90639,2282358,3948685,
2026-09-20T07:43:45.459892+00:00,90640,2282384,3948266,
2026-09-20T07:43:45.493665+00:00,90641,2282409,3946871,
2026-09-20T07:43:45.528422+00:00,90642,2282434,3946663,
2026-09-20T07:43:45.541521+00:00,90643,2282459,3947006,
2026-09-20T07:43:45.572059+00:00,90644,2282484,3946991,
2026-09-20T07:43:45.588041+00:00,90645,2282509,3947269,
2026-09-20T07:43:45.620041+00:00,90646,2282535,3947608,
2026-09-20T07:43:45.636067+00:00,90647,2282560,3946729,
2026-09-20T07:43:45.668526+00:00,90648,2282585,3946293,
2026-09-20T07:43:45.700841+00:00,90649,2282610,3945846,
2026-09-20T07:43:45.716068+00:00,90650,2282635,3945445,
2026-09-20T07:43:45.748036+00:00,90651,2282660,3944847,
2026-09-20T07:43:45.764072+00:00,90652,2282686,3944606,
2026-09-20T07:43:45.796062+00:00,90653,2282711,3944944,
2026-09-20T07:43:45.812002+00:00,90654,2282736,3945159,
2026-09-20T07:43:45.844080+00:00,90655,2282761,3945897,
2026-09-20T07:43:45.876373+00:00,90656,2282786,3946559,
2026-09-20T07:43:45.895970+00:00,90657,2282812,3947854,
2026-09-20T07:43:45.924036+00:00,90658,2282837,3949017,
2026-09-20T07:43:45.940059+00:00,90659,2282862,3948944,
2026-09-20T07:43:45.972068+00:00,90660,2282887,3948622,
2026-09-20T07:43:45.988061+00:00,90661,2282912,3948756,
2026-09-20T07:43:46.020025+00:00,90662,2282937,3947703,
2026-09-20T07:43:46.052093+00:00,90663,2282963,3946969,
2026-09-20T07:43:46.068032+00:00,90664,2282988,3947034,
2026-09-20T07:43:46.100500+00:00,90665,2283013,3946397,
2026-09-20T07:43:46.117978+00:00,90666,2283038,3945860,
2026-09-20T07:43:46.148055+00:00,90667,2283063,3946146,
2026-09-20T07:43:46.168170+00:00,90668,2283088,3946702,
2026-09-20T07:43:46.196076+00:00,90669,2283114,3945950,
2026-09-20T07:43:46.227900+00:00,90670,2283139,3945080,
2026-09-20T07:43:46.246111+00:00,90671,2283164,3944474,
2026-09-20T07:43:46.276056+00:00,90672,2283189,3944806,
2026-09-20T07:43:46.294655+00:00,90673,2283214,3946595,
2026-09-20T07:43:46.324015+00:00,90674,2283239,3946987,
2026-09-20T07:43:46.356036+00:00,90675,2283265,3945702,
2026-09-20T07:43:46.372286+00:00,90676,2283290,3945522,
2026-09-20T07:43:46.404023+00:00,90677,2283315,3946923,
2026-09-20T07:43:46.420839+00:00,90678,2283340,3947495,
2026-09-20T07:43:46.452026+00:00,90679,2283365,3947455,
2026-09-20T07:43:46.468021+00:00,90680,2283391,3947680,
2026-09-20T07:43:46.500012+00:00,90681,2283416,3947330,
2026-09-20T07:43:46.532119+00:00,90682,2283441,3946819,
2026-09-20T07:43:46.548072+00:00,90683,2283466,3946640,
2026-09-20T07:43:46.580090+00:00,90684,2283491,3947951,
2026-09-20T07:43:46.595981+00:00,90685,2283516,3948520,
2026-09-20T07:43:46.629994+00:00,90686,2283542,3947270,
2026-09-20T07:43:46.646305+00:00,90687,2283567,3945677,
2026-09-20T07:43:46.677173+00:00,90688,2283592,3946052,
2026-09-20T07:43:46.708111+00:00,90689,2283617,3946469,
2026-09-20T07:43:46.724050+00:00,90690,2283642,3947457,
2026-09-20T07:43:46.757378+00:00,90691,2283667,3950811,
2026-09-20T07:43:46.773840+00:00,90692,2283693,3953973,
2026-09-20T07:43:46.804521+00:00,90693,2283718,3956003,
2026-09-20T07:43:46.820929+00:00,90694,2283743,3956204,
2026-09-20T07:43:46.851995+00:00,90695,2283768,3956549,
2026-09-20T07:43:46.884044+00:00,90696,2283793,3959187,
2026-09-20T07:43:46.901184+00:00,90697,2283819,3959906,
2026-09-20T07:43:46.935254+00:00,90698,2283844,3957492,
2026-09-20T07:43:46.948051+00:00,90699,2283869,3956282,
2026-09-20T07:43:46.980040+00:00,90700,2283894,3956545,
2026-09-20T07:43:46.996035+00:00,90701,2283919,3956339,
2026-09-20T07:43:47.028533+00:00,90702,2283944,3955152,
2026-09-20T07:43:47.061824+00:00,90703,2283970,3953979,
2026-09-20T07:43:47.076019+00:00,90704,2283995,3953792,
2026-09-20T07:43:47.108034+00:00,90705,2284020,3954545,
2026-09-20T07:43:47.124038+00:00,90706,2284045,3955251,
2026-09-20T07:43:47.156030+00:00,90707,2284070,3957278,
2026-09-20T07:43:47.172027+00:00,90708,2284095,3964271,
2026-09-20T07:43:47.203984+00:00,90709,2284121,3977743,
2026-09-20T07:43:47.236085+00:00,90710,2284146,4023052,
2026-09-20T07:43:47.251988+00:00,90711,2284171,4162501,
2026-09-20T07:43:47.284072+00:00,90712,2284196,4491078,
2026-09-20T07:43:47.300038+00:00,90713,2284221,5084167,
2026-09-20T07:43:47.332098+00:00,90714,2284247,5737080,
2026-09-20T07:43:47.349147+00:00,90715,2284272,6037209,
2026-09-20T07:43:47.380018+00:00,90716,2284297,5864355,
2026-09-20T07:43:47.412734+00:00,90717,2284322,5525668,
2026-09-20T07:43:47.428499+00:00,90718,2284347,5234630,
2026-09-20T07:43:47.462150+00:00,90719,2284372,4974688,
2026-09-20T07:43:47.476041+00:00,90720,2284398,4747204,
2026-09-20T07:43:47.508007+00:00,90721,2284423,4568712,
2026-09-20T07:43:47.524776+00:00,90722,2284448,4451419,
2026-09-20T07:43:47.556019+00:00,90723,2284473,4326718,
2026-09-20T07:43:47.588086+00:00,90724,2284498,4212845,
2026-09-20T07:43:47.604452+00:00,90725,2284523,4137043,
2026-09-20T07:43:47.636027+00:00,90726,2284549,4071046,
2026-09-20T07:43:47.651489+00:00,90727,2284574,4026668,
2026-09-20T07:43:47.686079+00:00,90728,2284599,4005966,
2026-09-20T07:43:47.700004+00:00,90729,2284624,3977336,
2026-09-20T07:43:47.732060+00:00,90730,2284649,3942626,
2026-09-20T07:43:47.768116+00:00,90731,2284674,3941862,
2026-09-20T07:43:47.780196+00:00,90732,2284700,3956327,
2026-09-20T07:43:47.813229+00:00,90733,2284725,3956781,
2026-09-20T07:43:47.828018+00:00,90734,2284750,3956686,
2026-09-20T07:43:47.865678+00:00,90735,2284775,3959418,
2026-09-20T07:43:47.876000+00:00,90736,2284800,3969289,
2026-09-20T07:43:47.908001+00:00,90737,2284826,3972525,
2026-09-20T07:43:47.943062+00:00,90738,2284851,3964336,
2026-09-20T07:43:47.956001+00:00,90739,2284876,3958220,
2026-09-20T07:43:47.988006+00:00,90740,2284901,3957806,
2026-09-20T07:43:48.004239+00:00,90741,2284926,3959236,
2026-09-20T07:43:48.036010+00:00,90742,2284951,3962079,
2026-09-20T07:43:48.052042+00:00,90743,2284977,3960658,
2026-09-20T07:43:48.083964+00:00,90744,2285002,3950780,
2026-09-20T07:43:48.116019+00:00,90745,2285027,3943506,
2026-09-20T07:43:48.131979+00:00,90746,2285052,3942335,
2026-09-20T07:43:48.164402+00:00,90747,2285077,3947003,
2026-09-20T07:43:48.179965+00:00,90748,2285102,3943688,
2026-09-20T07:43:48.212037+00:00,90749,2285128,3909855,
2026-09-20T07:43:48.245084+00:00,90750,2285153,3849836,
2026-09-20T07:43:48.259980+00:00,90751,2285178,3805992,
2026-09-20T07:43:48.294124+00:00,90752,2285203,3758274,
2026-09-20T07:43:48.308016+00:00,90753,2285228,3597753,
2026-09-20T07:43:48.339993+00:00,90754,2285253,3311886,
2026-09-20T07:43:48.355981+00:00,90755,2285279,2985249,
2026-09-20T07:43:48.387984+00:00,90756,2285304,2457013,
2026-09-20T07:43:48.420949+00:00,90757,2285329,1786539,
2026-09-20T07:43:48.437122+00:00,90758,2285354,1393653,
2026-09-20T07:43:48.468012+00:00,90759,2285379,1524973,
2026-09-20T07:43:48.484584+00:00,90760,2285405,2215050,
2026-09-20T07:43:48.516055+00:00,90761,2285430,2898056,
2026-09-20T07:43:48.532913+00:00,90762,2285455,3265801,
2026-09-20T07:43:48.564009+00:00,90763,2285480,3473379,
2026-09-20T07:43:48.595801+00:00,90764,2285505,3617964,
2026-09-20T07:43:48.612535+00:00,90765,2285530,3721228,
2026-09-20T07:43:48.645533+00:00,90766,2285556,3791574,
2026-09-20T07:43:48.663798+00:00,90767,2285581,3840909,
2026-09-20T07:43:48.693132+00:00,90768,2285606,3876259,
2026-09-20T07:43:48.709346+00:00,90769,2285631,3899396,
2026-09-20T07:43:48.739985+00:00,90770,2285656,3914955,
2026-09-20T07:43:48.772031+00:00,90771,2285681,3926235,
2026-09-20T07:43:48.787982+00:00,90772,2285707,3935583,
2026-09-20T07:43:48.819992+00:00,90773,2285732,3944259,
2026-09-20T07:43:48.836006+00:00,90774,2285757,3950644,
2026-09-20T07:43:48.868798+00:00,90775,2285782,3956437,
2026-09-20T07:43:48.883995+00:00,90776,2285807,3961585,
2026-09-20T07:43:48.916006+00:00,90777,2285833,3963681,
2026-09-20T07:43:48.947990+00:00,90778,2285858,3963888,
2026-09-20T07:43:48.968042+00:00,90779,2285883,3964018,
2026-09-20T07:43:48.995980+00:00,90780,2285908,3963592,
2026-09-20T07:43:49.013046+00:00,90781,2285933,3963473,
2026-09-20T07:43:49.044687+00:00,90782,2285958,3964580,
2026-09-20T07:43:49.068094+00:00,90783,2285984,3965729,
2026-09-20T07:43:49.091976+00:00,90784,2286009,3964027,
2026-09-20T07:43:49.124025+00:00,90785,2286034,3959922,
2026-09-20T07:43:49.140000+00:00,90786,2286059,3956678,
2026-09-20T07:43:49.171945+00:00,90787,2286084,3955845,
2026-09-20T07:43:49.187860+00:00,90788,2286109,3958143,
2026-09-20T07:43:49.220512+00:00,90789,2286135,3956331,
2026-09-20T07:43:49.236513+00:00,90790,2286160,3949967,
2026-09-20T07:43:49.267667+00:00,90791,2286185,3946434,
2026-09-20T07:43:49.300215+00:00,90792,2286210,3946373,
2026-09-20T07:43:49.317047+00:00,90793,2286235,3943803,
2026-09-20T07:43:49.347992+00:00,90794,2286261,3942626,
2026-09-20T07:43:49.363994+00:00,90795,2286286,3944386,
2026-09-20T07:43:49.395966+00:00,90796,2286311,3945499,
2026-09-20T07:43:49.411801+00:00,90797,2286336,3943509,
2026-09-20T07:43:49.443974+00:00,90798,2286361,3942448,
2026-09-20T07:43:49.476644+00:00,90799,2286386,3945123,
2026-09-20T07:43:49.491984+00:00,90800,2286412,3950315,
2026-09-20T07:43:49.523989+00:00,90801,2286437,3953201,
2026-09-20T07:43:49.539504+00:00,90802,2286462,3956413,
2026-09-20T07:43:49.571624+00:00,90803,2286487,3956440,
2026-09-20T07:43:49.599963+00:00,90804,2286512,3952512,
2026-09-20T07:43:49.619684+00:00,90805,2286537,3950854,
2026-09-20T07:43:49.651973+00:00,90806,2286563,3950171,
2026-09-20T07:43:49.667989+00:00,90807,2286588,3950708,
2026-09-20T07:43:49.701054+00:00,90808,2286613,3952362,
2026-09-20T07:43:49.717032+00:00,90809,2286638,3952104,
2026-09-20T07:43:49.748000+00:00,90810,2286663,3950023,
2026-09-20T07:43:49.763806+00:00,90811,2286689,3949306,
2026-09-20T07:43:49.795993+00:00,90812,2286714,3948572,
2026-09-20T07:43:49.828208+00:00,90813,2286739,3947766,
2026-09-20T07:43:49.843995+00:00,90814,2286764,3946341,
2026-09-20T07:43:49.876739+00:00,90815,2286789,3946273,
2026-09-20T07:43:49.894232+00:00,90816,2286814,3947461,
2026-09-20T07:43:49.925139+00:00,90817,2286840,3948442,
2026-09-20T07:43:49.942128+00:00,90818,2286865,3947281,
2026-09-20T07:43:49.971559+00:00,90819,2286890,3944585,
2026-09-20T07:43:50.004916+00:00,90820,2286915,3944978,
2026-09-20T07:43:50.021077+00:00,90821,2286940,3949863,
2026-09-20T07:43:50.052006+00:00,90822,2286966,3953892,
2026-09-20T07:43:50.068047+00:00,90823,2286991,3955065,
2026-09-20T07:43:50.100119+00:00,90824,2287016,3954574,
2026-09-20T07:43:50.133969+00:00,90825,2287041,3953099,
2026-09-20T07:43:50.148160+00:00,90826,2287066,3951797,
2026-09-20T07:43:50.179917+00:00,90827,2287091,3951112,
2026-09-20T07:43:50.195957+00:00,90828,2287117,3952061,
2026-09-20T07:43:50.227974+00:00,90829,2287142,3952552,
2026-09-20T07:43:50.243965+00:00,90830,2287167,3952422,
2026-09-20T07:43:50.277071+00:00,90831,2287192,3952239,
2026-09-20T07:43:50.307922+00:00,90832,2287217,3953702,
2026-09-20T07:43:50.323939+00:00,90833,2287242,3955538,
2026-09-20T07:43:50.355926+00:00,90834,2287268,3955596,
2026-09-20T07:43:50.371919+00:00,90835,2287293,3954901,
2026-09-20T07:43:50.405000+00:00,90836,2287318,3954321,
2026-09-20T07:43:50.419973+00:00,90837,2287343,3954793,
2026-09-20T07:43:50.451946+00:00,90838,2287368,3955142,
2026-09-20T07:43:50.483946+00:00,90839,2287394,3954450,
2026-09-20T07:43:50.499922+00:00,90840,2287419,3953565,
2026-09-20T07:43:50.531976+00:00,90841,2287444,3953278,
2026-09-20T07:43:50.547932+00:00,90842,2287469,3953082,
2026-09-20T07:43:50.579935+00:00,90843,2287494,3953202,
2026-09-20T07:43:50.596270+00:00,90844,2287519,3953551,
2026-09-20T07:43:50.630611+00:00,90845,2287545,3954334,
2026-09-20T07:43:50.659948+00:00,90846,2287570,3954284,
2026-09-20T07:43:50.676013+00:00,90847,2287595,3954154,
2026-09-20T07:43:50.707951+00:00,90848,2287620,3954579,
2026-09-20T07:43:50.725987+00:00,90849,2287645,3955888,
2026-09-20T07:43:50.755921+00:00,90850,2287670,3956709,
2026-09-20T07:43:50.771925+00:00,90851,2287696,3956856,
2026-09-20T07:43:50.803948+00:00,90852,2287721,3957698,
2026-09-20T07:43:50.835979+00:00,90853,2287746,3959231,
2026-09-20T07:43:50.851908+00:00,90854,2287771,3959136,
2026-09-20T07:43:50.883939+00:00,90855,2287796,3957429,
2026-09-20T07:43:50.899943+00:00,90856,2287822,3955971,
2026-09-20T07:43:50.931958+00:00,90857,2287847,3954861,
2026-09-20T07:43:50.947925+00:00,90858,2287872,3953568,
2026-09-20T07:43:50.979951+00:00,90859,2287897,3952401,
2026-09-20T07:43:51.011897+00:00,90860,2287922,3951843,
2026-09-20T07:43:51.027906+00:00,90861,2287947,3952251,
2026-09-20T07:43:51.059931+00:00,90862,2287973,3953711,
2026-09-20T07:43:51.077035+00:00,90863,2287998,3955524,
2026-09-20T07:43:51.108016+00:00,90864,2288023,3956043,
2026-09-20T07:43:51.135957+00:00,90865,2288048,3956154,
2026-09-20T07:43:51.155970+00:00,90866,2288073,3956222,
2026-09-20T07:43:51.187908+00:00,90867,2288098,3956817,
2026-09-20T07:43:51.204487+00:00,90868,2288124,3956788,
2026-09-20T07:43:51.237057+00:00,90869,2288149,3956635,
2026-09-20T07:43:51.251943+00:00,90870,2288174,3956343,
2026-09-20T07:43:51.283904+00:00,90871,2288199,3956086,
2026-09-20T07:43:51.301956+00:00,90872,2288224,3956183,
2026-09-20T07:43:51.333169+00:00,90873,2288250,3956879,
2026-09-20T07:43:51.363932+00:00,90874,2288275,3957329,
2026-09-20T07:43:51.381015+00:00,90875,2288300,3958467,
2026-09-20T07:43:51.407650+00:00,90876,2288325,3959288,
2026-09-20T07:43:51.425042+00:00,90877,2288350,3960120,
2026-09-20T07:43:51.460463+00:00,90878,2288375,3961895,
2026-09-20T07:43:51.475922+00:00,90879,2288401,3963210,
2026-09-20T07:43:51.507923+00:00,90880,2288426,3962168,
2026-09-20T07:43:51.539538+00:00,90881,2288451,3961192,
2026-09-20T07:43:51.555903+00:00,90882,2288476,3963514,
2026-09-20T07:43:51.587893+00:00,90883,2288501,3967622,
2026-09-20T07:43:51.603885+00:00,90884,2288526,3970533,
2026-09-20T07:43:51.635900+00:00,90885,2288552,3970547,
2026-09-20T07:43:51.652685+00:00,90886,2288577,3971320,
2026-09-20T07:43:51.683981+00:00,90887,2288602,3973852,
2026-09-20T07:43:51.716597+00:00,90888,2288627,3975921,
2026-09-20T07:43:51.732373+00:00,90889,2288652,3977734,
2026-09-20T07:43:51.763930+00:00,90890,2288678,3979211,
2026-09-20T07:43:51.781116+00:00,90891,2288703,3984604,
2026-09-20T07:43:51.811845+00:00,90892,2288728,3993014,
2026-09-20T07:43:51.828953+00:00,90893,2288753,4003144,
2026-09-20T07:43:51.859908+00:00,90894,2288778,4020870,
2026-09-20T07:43:51.893095+00:00,90895,2288803,4046061,
2026-09-20T07:43:51.909012+00:00,90896,2288829,4117128,
2026-09-20T07:43:51.939915+00:00,90897,2288854,4395067,
2026-09-20T07:43:51.955895+00:00,90898,2288879,5009109,
2026-09-20T07:43:51.987866+00:00,90899,2288904,5590137,
2026-09-20T07:43:52.019720+00:00,90900,2288929,5808079,
2026-09-20T07:43:52.035900+00:00,90901,2288954,5695971,
2026-09-20T07:43:52.067901+00:00,90902,2288980,5462049,
2026-09-20T07:43:52.083933+00:00,90903,2289005,5240404,
2026-09-20T07:43:52.115896+00:00,90904,2289030,5067992,
2026-09-20T07:43:52.131865+00:00,90905,2289055,4928426,
2026-09-20T07:43:52.163903+00:00,90906,2289080,4771952,
2026-09-20T07:43:52.195883+00:00,90907,2289106,4603513,
2026-09-20T07:43:52.211817+00:00,90908,2289131,4457718,
2026-09-20T07:43:52.243974+00:00,90909,2289156,4342878,
2026-09-20T07:43:52.259889+00:00,90910,2289181,4243931,
2026-09-20T07:43:52.291907+00:00,90911,2289206,4167426,
2026-09-20T07:43:52.307931+00:00,90912,2289231,4118476,
2026-09-20T07:43:52.339899+00:00,90913,2289257,4082776,
2026-09-20T07:43:52.371871+00:00,90914,2289282,4066916,
2026-09-20T07:43:52.387879+00:00,90915,2289307,4062813,
2026-09-20T07:43:52.419902+00:00,90916,2289332,4046265,
2026-09-20T07:43:52.435902+00:00,90917,2289357,4027329,
2026-09-20T07:43:52.467921+00:00,90918,2289383,4023511,
2026-09-20T07:43:52.483939+00:00,90919,2289408,4021641,
2026-09-20T07:43:52.515905+00:00,90920,2289433,3993179,
2026-09-20T07:43:52.548030+00:00,90921,2289458,3946410,
2026-09-20T07:43:52.564713+00:00,90922,2289483,3924798,
2026-09-20T07:43:52.596028+00:00,90923,2289508,3917054,
2026-09-20T07:43:52.611879+00:00,90924,2289534,3897823,
2026-09-20T07:43:52.644896+00:00,90925,2289559,3869777,
2026-09-20T07:43:52.659881+00:00,90926,2289584,3849283,
2026-09-20T07:43:52.691325+00:00,90927,2289609,3843548,
2026-09-20T07:43:52.723902+00:00,90928,2289634,3841583,
2026-09-20T07:43:52.739520+00:00,90929,2289659,3837804,
2026-09-20T07:43:52.771999+00:00,90930,2289685,3848861,
2026-09-20T07:43:52.788269+00:00,90931,2289710,3867080,
2026-09-20T07:43:52.819898+00:00,90932,2289735,3874145,
2026-09-20T07:43:52.836420+00:00,90933,2289760,3864094,
2026-09-20T07:43:52.867909+00:00,90934,2289785,3837636,
2026-09-20T07:43:52.899742+00:00,90935,2289811,3799337,
2026-09-20T07:43:52.915808+00:00,90936,2289836,3737020,
2026-09-20T07:43:52.948225+00:00,90937,2289861,3636962,
2026-09-20T07:43:52.966106+00:00,90938,2289886,3508789,
2026-09-20T07:43:52.999156+00:00,90939,2289911,3398787,
2026-09-20T07:43:53.011878+00:00,90940,2289936,3348367,
2026-09-20T07:43:53.043885+00:00,90941,2289962,3321764,
2026-09-20T07:43:53.076148+00:00,90942,2289987,3289894,
2026-09-20T07:43:53.091866+00:00,90943,2290012,3276504,
2026-09-20T07:43:53.128031+00:00,90944,2290037,3339263,
2026-09-20T07:43:53.140028+00:00,90945,2290062,3464232,
2026-09-20T07:43:53.171865+00:00,90946,2290087,3549869,
2026-09-20T07:43:53.189254+00:00,90947,2290113,3561347,
2026-09-20T07:43:53.219783+00:00,90948,2290138,3520122,
2026-09-20T07:43:53.251902+00:00,90949,2290163,3460087,
2026-09-20T07:43:53.268120+00:00,90950,2290188,3376534,
2026-09-20T07:43:53.300025+00:00,90951,2290213,3218209,
2026-09-20T07:43:53.317121+00:00,90952,2290239,2961158,
2026-09-20T07:43:53.347893+00:00,90953,2290264,2946063,
2026-09-20T07:43:53.366010+00:00,90954,2290289,3196932,
2026-09-20T07:43:53.387005+00:00,90955,2290314,3424159,
2026-09-20T07:43:53.427885+00:00,90956,2290339,3587479,
2026-09-20T07:43:53.443864+00:00,90957,2290364,3699785,
2026-09-20T07:43:53.475844+00:00,90958,2290390,3778889,
2026-09-20T07:43:53.491867+00:00,90959,2290415,3833702,
2026-09-20T07:43:53.527007+00:00,90960,2290440,3869350,
2026-09-20T07:43:53.539858+00:00,90961,2290465,3893027,
2026-09-20T07:43:53.571875+00:00,90962,2290490,3909030,
2026-09-20T07:43:53.604130+00:00,90963,2290515,3918698,
2026-09-20T07:43:53.619861+00:00,90964,2290541,3923027,
2026-09-20T07:43:53.651871+00:00,90965,2290566,3927881,
2026-09-20T07:43:53.668178+00:00,90966,2290591,3937808,
2026-09-20T07:43:53.699942+00:00,90967,2290616,3942621,
2026-09-20T07:43:53.715857+00:00,90968,2290641,3940858,
2026-09-20T07:43:53.747847+00:00,90969,2290667,3938528,
2026-09-20T07:43:53.779874+00:00,90970,2290692,3938813,
2026-09-20T07:43:53.797239+00:00,90971,2290717,3939837,
2026-09-20T07:43:53.828692+00:00,90972,2290742,3941117,
2026-09-20T07:43:53.843868+00:00,90973,2290767,3940370,
2026-09-20T07:43:53.875870+00:00,90974,2290792,3944233,
2026-09-20T07:43:53.908065+00:00,90975,2290818,3948270,
2026-09-20T07:43:53.926512+00:00,90976,2290843,3949483,
2026-09-20T07:43:53.955870+00:00,90977,2290868,3950600,
2026-09-20T07:43:53.972590+00:00,90978,2290893,3951777,
2026-09-20T07:43:54.003847+00:00,90979,2290918,3949573,
2026-09-20T07:43:54.019850+00:00,90980,2290943,3947064,
2026-09-20T07:43:54.051859+00:00,90981,2290969,3945770,
2026-09-20T07:43:54.083882+00:00,90982,2290994,3941109,
2026-09-20T07:43:54.100942+00:00,90983,2291019,3933713,
2026-09-20T07:43:54.132056+00:00,90984,2291044,3929190,
2026-09-20T07:43:54.147867+00:00,90985,2291069,3926882,
2026-09-20T07:43:54.181005+00:00,90986,2291095,3926172,
2026-09-20T07:43:54.195833+00:00,90987,2291120,3927883,
2026-09-20T07:43:54.228043+00:00,90988,2291145,3930643,
2026-09-20T07:43:54.259841+00:00,90989,2291170,3932108,
2026-09-20T07:43:54.276949+00:00,90990,2291195,3931876,
2026-09-20T07:43:54.307886+00:00,90991,2291220,3932838,
2026-09-20T07:43:54.323822+00:00,90992,2291246,3934214,
2026-09-20T07:43:54.358996+00:00,90993,2291271,3934864,
2026-09-20T07:43:54.371866+00:00,90994,2291296,3934491,
2026-09-20T07:43:54.404252+00:00,90995,2291321,3934108,
2026-09-20T07:43:54.435827+00:00,90996,2291346,3934046,
2026-09-20T07:43:54.452457+00:00,90997,2291371,3934659,
2026-09-20T07:43:54.483870+00:00,90998,2291397,3935738,
2026-09-20T07:43:54.501647+00:00,90999,2291422,3935102,
2026-09-20T07:43:54.531937+00:00,91000,2291447,3934330,
2026-09-20T07:43:54.547863+00:00,91001,2291472,3933153,
2026-09-20T07:43:54.579904+00:00,91002,2291497,3933911,
2026-09-20T07:43:54.611810+00:00,91003,2291523,3934475,
2026-09-20T07:43:54.630986+00:00,91004,2291548,3933813,
2026-09-20T07:43:54.663659+00:00,91005,2291573,3933784,
2026-09-20T07:43:54.675825+00:00,91006,2291598,3934125,
2026-09-20T07:43:54.707811+00:00,91007,2291623,3933655,
2026-09-20T07:43:54.724291+00:00,91008,2291648,3932678,
2026-09-20T07:43:54.755823+00:00,91009,2291674,3932729,
2026-09-20T07:43:54.787813+00:00,91010,2291699,3933188,
2026-09-20T07:43:54.803835+00:00,91011,2291724,3934177,
2026-09-20T07:43:54.837021+00:00,91012,2291749,3934230,
2026-09-20T07:43:54.851834+00:00,91013,2291774,3933847,
2026-09-20T07:43:54.885023+00:00,91014,2291799,3933845,
2026-09-20T07:43:54.900957+00:00,91015,2291825,3934124,
2026-09-20T07:43:54.931834+00:00,91016,2291850,3934186,
2026-09-20T07:43:54.969911+00:00,91017,2291875,3933853,
2026-09-20T07:43:54.979557+00:00,91018,2291900,3933721,
2026-09-20T07:43:55.011832+00:00,91019,2291925,3934044,
2026-09-20T07:43:55.027520+00:00,91020,2291951,3934113,
2026-09-20T07:43:55.060171+00:00,91021,2291976,3933865,
2026-09-20T07:43:55.076596+00:00,91022,2292001,3934021,
2026-09-20T07:43:55.107417+00:00,91023,2292026,3934024,
2026-09-20T07:43:55.139598+00:00,91024,2292051,3934087,
2026-09-20T07:43:55.155872+00:00,91025,2292076,3934267,
2026-09-20T07:43:55.187589+00:00,91026,2292102,3934109,
2026-09-20T07:43:55.204154+00:00,91027,2292127,3934428,
2026-09-20T07:43:55.235153+00:00,91028,2292152,3934287,
2026-09-20T07:43:55.271155+00:00,91029,2292177,3933981,
2026-09-20T07:43:55.283153+00:00,91030,2292202,3933859,
2026-09-20T07:43:55.315162+00:00,91031,2292228,3933937,
2026-09-20T07:43:55.332222+00:00,91032,2292253,3934205,
2026-09-20T07:43:55.363208+00:00,91033,2292278,3933814,
2026-09-20T07:43:55.379538+00:00,91034,2292303,3933740,
2026-09-20T07:43:55.411996+00:00,91035,2292328,3934569,
2026-09-20T07:43:55.427790+00:00,91036,2292353,3934670,
2026-09-20T07:43:55.460129+00:00,91037,2292379,3934430,
2026-09-20T07:43:55.491777+00:00,91038,2292404,3934342,
2026-09-20T07:43:55.507778+00:00,91039,2292429,3934275,
2026-09-20T07:43:55.539791+00:00,91040,2292454,3934065,
2026-09-20T07:43:55.555807+00:00,91041,2292479,3934336,
2026-09-20T07:43:55.587178+00:00,91042,2292504,3934867,
2026-09-20T07:43:55.603788+00:00,91043,2292530,3934285,
2026-09-20T07:43:55.635770+00:00,91044,2292555,3933875,
2026-09-20T07:43:55.667774+00:00,91045,2292580,3934219,
2026-09-20T07:43:55.683717+00:00,91046,2292605,3934347,
2026-09-20T07:43:55.715774+00:00,91047,2292630,3934067,
2026-09-20T07:43:55.731825+00:00,91048,2292656,3934362,
2026-09-20T07:43:55.764046+00:00,91049,2292681,3934627,
2026-09-20T07:43:55.795227+00:00,91050,2292706,3934614,
2026-09-20T07:43:55.811790+00:00,91051,2292731,3934668,
2026-09-20T07:43:55.843777+00:00,91052,2292756,3934619,
2026-09-20T07:43:55.859823+00:00,91053,2292781,3934545,
2026-09-20T07:43:55.891784+00:00,91054,2292807,3934448,
2026-09-20T07:43:55.907764+00:00,91055,2292832,3934431,
2026-09-20T07:43:55.939768+00:00,91056,2292857,3934034,
2026-09-20T07:43:55.971794+00:00,91057,2292882,3934596,
2026-09-20T07:43:55.987772+00:00,91058,2292907,3934703,
2026-09-20T07:43:56.019772+00:00,91059,2292932,3934686,
2026-09-20T07:43:56.035774+00:00,91060,2292958,3934690,
2026-09-20T07:43:56.067786+00:00,91061,2292983,3934319,
2026-09-20T07:43:56.083767+00:00,91062,2293008,3934768,
2026-09-20T07:43:56.115774+00:00,91063,2293033,3934996,
2026-09-20T07:43:56.147370+00:00,91064,2293058,3934661,
2026-09-20T07:43:56.163808+00:00,91065,2293084,3934227,
2026-09-20T07:43:56.196277+00:00,91066,2293109,3934162,
2026-09-20T07:43:56.213863+00:00,91067,2293134,3934935,
2026-09-20T07:43:56.244029+00:00,91068,2293159,3934743,
2026-09-20T07:43:56.262659+00:00,91069,2293184,3934546,
2026-09-20T07:43:56.292166+00:00,91070,2293209,3934815,
2026-09-20T07:43:56.324582+00:00,91071,2293235,3934568,
2026-09-20T07:43:56.340382+00:00,91072,2293260,3934591,
2026-09-20T07:43:56.372202+00:00,91073,2293285,3934282,
2026-09-20T07:43:56.387192+00:00,91074,2293310,3934241,
2026-09-20T07:43:56.419672+00:00,91075,2293335,3934353,
2026-09-20T07:43:56.435592+00:00,91076,2293360,3934561,
2026-09-20T07:43:56.468869+00:00,91077,2293386,3934848,
2026-09-20T07:43:56.500916+00:00,91078,2293411,3934771,
2026-09-20T07:43:56.515451+00:00,91079,2293436,3934915,
2026-09-20T07:43:56.547763+00:00,91080,2293461,3935141,
2026-09-20T07:43:56.563785+00:00,91081,2293486,3934972,
2026-09-20T07:43:56.595756+00:00,91082,2293512,3934813,
2026-09-20T07:43:56.611381+00:00,91083,2293537,3934819,
2026-09-20T07:43:56.643820+00:00,91084,2293562,3934522,
2026-09-20T07:43:56.675763+00:00,91085,2293587,3934485,
2026-09-20T07:43:56.692809+00:00,91086,2293612,3934871,
2026-09-20T07:43:56.724563+00:00,91087,2293637,3935236,
2026-09-20T07:43:56.739749+00:00,91088,2293663,3935195,
2026-09-20T07:43:56.771788+00:00,91089,2293688,3935273,
2026-09-20T07:43:56.788506+00:00,91090,2293713,3935314,
2026-09-20T07:43:56.819594+00:00,91091,2293738,3934848,
2026-09-20T07:43:56.851727+00:00,91092,2293763,3934735,
2026-09-20T07:43:56.867530+00:00,91093,2293788,3934957,
2026-09-20T07:43:56.899745+00:00,91094,2293814,3934893,
2026-09-20T07:43:56.915760+00:00,91095,2293839,3935283,
2026-09-20T07:43:56.947761+00:00,91096,2293864,3934514,
2026-09-20T07:43:56.964116+00:00,91097,2293889,3934105,
2026-09-20T07:43:56.996897+00:00,91098,2293914,3934097,
2026-09-20T07:43:57.027790+00:00,91099,2293939,3934675,
2026-09-20T07:43:57.043759+00:00,91100,2293965,3934985,
2026-09-20T07:43:57.075745+00:00,91101,2293990,3934854,
2026-09-20T07:43:57.091756+00:00,91102,2294015,3934723,
2026-09-20T07:43:57.130633+00:00,91103,2294040,3934752,
2026-09-20T07:43:57.139744+00:00,91104,2294065,3934940,
2026-09-20T07:43:57.171773+00:00,91105,2294090,3935326,
2026-09-20T07:43:57.203747+00:00,91106,2294116,3934918,
2026-09-20T07:43:57.219808+00:00,91107,2294141,3934887,
2026-09-20T07:43:57.251828+00:00,91108,2294166,3935113,
2026-09-20T07:43:57.267751+00:00,91109,2294191,3934892,
2026-09-20T07:43:57.299771+00:00,91110,2294216,3934877,
2026-09-20T07:43:57.315767+00:00,91111,2294242,3934533,
2026-09-20T07:43:57.347774+00:00,91112,2294267,3935095,
2026-09-20T07:43:57.379780+00:00,91113,2294292,3935221,
2026-09-20T07:43:57.395777+00:00,91114,2294317,3935040,
2026-09-20T07:43:57.427776+00:00,91115,2294342,3934717,
2026-09-20T07:43:57.443792+00:00,91116,2294367,3934513,
2026-09-20T07:43:57.475726+00:00,91117,2294393,3934491,
2026-09-20T07:43:57.492750+00:00,91118,2294418,3934535,
2026-09-20T07:43:57.524052+00:00,91119,2294443,3934974,
2026-09-20T07:43:57.555758+00:00,91120,2294468,3935264,
2026-09-20T07:43:57.571386+00:00,91121,2294493,3934537,
2026-09-20T07:43:57.603442+00:00,91122,2294518,3934297,
2026-09-20T07:43:57.619528+00:00,91123,2294544,3934624,
2026-09-20T07:43:57.651748+00:00,91124,2294569,3934899,
2026-09-20T07:43:57.667753+00:00,91125,2294594,3935331,
2026-09-20T07:43:57.699477+00:00,91126,2294619,3935201,
2026-09-20T07:43:57.731716+00:00,91127,2294644,3935016,
2026-09-20T07:43:57.747758+00:00,91128,2294669,3934649,
2026-09-20T07:43:57.779982+00:00,91129,2294695,3934737,
2026-09-20T07:43:57.795973+00:00,91130,2294720,3935338,
2026-09-20T07:43:57.827801+00:00,91131,2294745,3935101,
2026-09-20T07:43:57.859740+00:00,91132,2294770,3935013,
2026-09-20T07:43:57.875763+00:00,91133,2294795,3934833,
2026-09-20T07:43:57.907718+00:00,91134,2294820,3934518,
2026-09-20T07:43:57.923381+00:00,91135,2294846,3935166,
2026-09-20T07:43:57.955519+00:00,91136,2294871,3934893,
2026-09-20T07:43:57.971514+00:00,91137,2294896,3934745,
2026-09-20T07:43:58.004668+00:00,91138,2294921,3934624,
2026-09-20T07:43:58.035417+00:00,91139,2294946,3934741,
2026-09-20T07:43:58.051642+00:00,91140,2294972,3934909,
2026-09-20T07:43:58.083691+00:00,91141,2294997,3934754,
2026-09-20T07:43:58.099717+00:00,91142,2295022,3934953,
2026-09-20T07:43:58.131536+00:00,91143,2295047,3934489,
2026-09-20T07:43:58.147569+00:00,91144,2295072,3934528,
2026-09-20T07:43:58.179570+00:00,91145,2295097,3934936,
2026-09-20T07:43:58.211578+00:00,91146,2295123,3934673,
2026-09-20T07:43:58.227746+00:00,91147,2295148,3934601,
2026-09-20T07:43:58.259747+00:00,91148,2295173,3935011,
2026-09-20T07:43:58.275718+00:00,91149,2295198,3934700,
2026-09-20T07:43:58.307683+00:00,91150,2295223,3934740,
2026-09-20T07:43:58.323735+00:00,91151,2295248,3934721,
2026-09-20T07:43:58.355765+00:00,91152,2295274,3934553,
2026-09-20T07:43:58.387722+00:00,91153,2295299,3934854,
2026-09-20T07:43:58.403720+00:00,91154,2295324,3934574,
2026-09-20T07:43:58.435740+00:00,91155,2295349,3934116,
2026-09-20T07:43:58.446425+00:00,91156,2295374,3934416,
2026-09-20T07:43:58.484799+00:00,91157,2295400,3934598,
2026-09-20T07:43:58.499826+00:00,91158,2295425,3934848,
2026-09-20T07:43:58.531795+00:00,91159,2295450,3934834,
2026-09-20T07:43:58.563799+00:00,91160,2295475,3934843,
2026-09-20T07:43:58.579811+00:00,91161,2295500,3934446,
2026-09-20T07:43:58.611809+00:00,91162,2295525,3934439,
2026-09-20T07:43:58.627797+00:00,91163,2295551,3934813,
2026-09-20T07:43:58.659795+00:00,91164,2295576,3934732,
2026-09-20T07:43:58.675804+00:00,91165,2295601,3934854,
2026-09-20T07:43:58.707820+00:00,91166,2295626,3934584,
2026-09-20T07:43:58.739796+00:00,91167,2295651,3934300,
2026-09-20T07:43:58.755808+00:00,91168,2295676,3934022,
2026-09-20T07:43:58.788801+00:00,91169,2295702,3934481,
2026-09-20T07:43:58.809805+00:00,91170,2295727,3935000,
2026-09-20T07:43:58.835830+00:00,91171,2295752,3934857,
2026-09-20T07:43:58.851842+00:00,91172,2295777,3934649,
2026-09-20T07:43:58.883804+00:00,91173,2295802,3934860,
2026-09-20T07:43:58.915808+00:00,91174,2295828,3935192,
2026-09-20T07:43:58.931801+00:00,91175,2295853,3934909,
2026-09-20T07:43:58.963796+00:00,91176,2295878,3934216,
2026-09-20T07:43:58.979797+00:00,91177,2295903,3934641,
2026-09-20T07:43:59.011797+00:00,91178,2295928,3934589,
2026-09-20T07:43:59.027795+00:00,91179,2295953,3934515,
2026-09-20T07:43:59.059796+00:00,91180,2295979,3934960,
2026-09-20T07:43:59.091560+00:00,91181,2296004,3935369,
2026-09-20T07:43:59.107984+00:00,91182,2296029,3935278,
2026-09-20T07:43:59.139220+00:00,91183,2296054,3935046,
2026-09-20T07:43:59.155712+00:00,91184,2296079,3934898,
2026-09-20T07:43:59.188217+00:00,91185,2296104,3935217,
2026-09-20T07:43:59.203976+00:00,91186,2296130,3934813,
2026-09-20T07:43:59.236051+00:00,91187,2296155,3934241,
2026-09-20T07:43:59.267704+00:00,91188,2296180,3933890,
2026-09-20T07:43:59.283691+00:00,91189,2296205,3934397,
2026-09-20T07:43:59.315150+00:00,91190,2296230,3934597,
2026-09-20T07:43:59.331685+00:00,91191,2296255,3934888,
2026-09-20T07:43:59.363693+00:00,91192,2296281,3934883,
2026-09-20T07:43:59.380067+00:00,91193,2296306,3934603,
2026-09-20T07:43:59.411069+00:00,91194,2296331,3934990,
2026-09-20T07:43:59.443569+00:00,91195,2296356,3935101,
2026-09-20T07:43:59.459929+00:00,91196,2296381,3934491,
2026-09-20T07:43:59.491688+00:00,91197,2296407,3934419,
2026-09-20T07:43:59.507571+00:00,91198,2296432,3934049,
2026-09-20T07:43:59.559613+00:00,91199,2296457,3934482,
2026-09-20T07:43:59.574633+00:00,91200,2296482,3935191,
2026-09-20T07:43:59.588608+00:00,91201,2296507,3935136,
2026-09-20T07:43:59.619732+00:00,91202,2296532,3934765,
2026-09-20T07:43:59.635650+00:00,91203,2296558,3934752,
2026-09-20T07:43:59.667684+00:00,91204,2296583,3934691,
2026-09-20T07:43:59.683690+00:00,91205,2296608,3934780,
2026-09-20T07:43:59.715680+00:00,91206,2296633,3934787,
2026-09-20T07:43:59.747659+00:00,91207,2296658,3934836,
2026-09-20T07:43:59.763677+00:00,91208,2296683,3934917,
2026-09-20T07:43:59.795190+00:00,91209,2296709,3935140,
2026-09-20T07:43:59.811700+00:00,91210,2296734,3934865,
2026-09-20T07:43:59.843679+00:00,91211,2296759,3935076,
2026-09-20T07:43:59.859939+00:00,91212,2296784,3935221,
2026-09-20T07:43:59.891667+00:00,91213,2296809,3934667,
2026-09-20T07:43:59.923892+00:00,91214,2296834,3935039,
2026-09-20T07:43:59.939854+00:00,91215,2296860,3935137,
2026-09-20T07:43:59.972450+00:00,91216,2296885,3934416,
2026-09-20T07:43:59.988120+00:00,91217,2296910,3934480,
2026-09-20T07:44:00.019677+00:00,91218,2296935,3935003,
2026-09-20T07:44:00.035730+00:00,91219,2296960,3935153,
2026-09-20T07:44:00.067468+00:00,91220,2296986,3935067,
2026-09-20T07:44:00.099681+00:00,91221,2297011,3935109,
2026-09-20T07:44:00.115674+00:00,91222,2297036,3934555,
2026-09-20T07:44:00.147706+00:00,91223,2297061,3934551,
2026-09-20T07:44:00.163676+00:00,91224,2297086,3934299,
2026-09-20T07:44:00.195787+00:00,91225,2297111,3934768,
2026-09-20T07:44:00.211768+00:00,91226,2297137,3935050,
2026-09-20T07:44:00.243736+00:00,91227,2297162,3934903,
2026-09-20T07:44:00.275670+00:00,91228,2297187,3934964,
2026-09-20T07:44:00.291665+00:00,91229,2297212,3934778,
2026-09-20T07:44:00.323189+00:00,91230,2297237,3934479,
2026-09-20T07:44:00.339666+00:00,91231,2297262,3934786,
2026-09-20T07:44:00.371683+00:00,91232,2297288,3935304,
2026-09-20T07:44:00.388224+00:00,91233,2297313,3935501,
2026-09-20T07:44:00.419640+00:00,91234,2297338,3935268,
2026-09-20T07:44:00.451673+00:00,91235,2297363,3934755,
2026-09-20T07:44:00.467516+00:00,91236,2297388,3935086,
2026-09-20T07:44:00.499274+00:00,91237,2297413,3935567,
2026-09-20T07:44:00.515692+00:00,91238,2297439,3934985,
2026-09-20T07:44:00.547657+00:00,91239,2297464,3934837,
2026-09-20T07:44:00.563562+00:00,91240,2297489,3935242,
2026-09-20T07:44:00.595665+00:00,91241,2297514,3935136,
2026-09-20T07:44:00.627672+00:00,91242,2297539,3934829,
2026-09-20T07:44:00.643660+00:00,91243,2297564,3934837,
2026-09-20T07:44:00.675662+00:00,91244,2297590,3934798,
2026-09-20T07:44:00.691695+00:00,91245,2297615,3934648,
2026-09-20T07:44:00.723651+00:00,91246,2297640,3934986,
2026-09-20T07:44:00.739946+00:00,91247,2297665,3934910,
2026-09-20T07:44:00.771667+00:00,91248,2297690,3934445,
2026-09-20T07:44:00.803677+00:00,91249,2297716,3934743,
2026-09-20T07:44:00.819666+00:00,91250,2297741,3934676,
2026-09-20T07:44:00.851668+00:00,91251,2297766,3934597,
2026-09-20T07:44:00.868127+00:00,91252,2297791,3934351,
2026-09-20T07:44:00.899725+00:00,91253,2297816,3934898,
2026-09-20T07:44:00.915645+00:00,91254,2297841,3934755,
2026-09-20T07:44:00.947659+00:00,91255,2297867,3934630,
2026-09-20T07:44:00.979587+00:00,91256,2297892,3934674,
2026-09-20T07:44:00.995646+00:00,91257,2297917,3934663,
2026-09-20T07:44:01.027649+00:00,91258,2297942,3934748,
2026-09-20T07:44:01.043647+00:00,91259,2297967,3934444,
2026-09-20T07:44:01.075690+00:00,91260,2297992,3934524,
2026-09-20T07:44:01.091692+00:00,91261,2298018,3934972,
2026-09-20T07:44:01.123663+00:00,91262,2298043,3935257,
2026-09-20T07:44:01.155892+00:00,91263,2298068,3935047,
2026-09-20T07:44:01.172098+00:00,91264,2298093,3934579,
2026-09-20T07:44:01.203313+00:00,91265,2298118,3934801,
2026-09-20T07:44:01.219639+00:00,91266,2298144,3934814,
2026-09-20T07:44:01.251666+00:00,91267,2298169,3934657,
2026-09-20T07:44:01.267644+00:00,91268,2298194,3934895,
2026-09-20T07:44:01.299660+00:00,91269,2298219,3934460,
2026-09-20T07:44:01.331549+00:00,91270,2298244,3934522,
2026-09-20T07:44:01.347648+00:00,91271,2298269,3934499,
2026-09-20T07:44:01.379640+00:00,91272,2298295,3935098,
2026-09-20T07:44:01.395661+00:00,91273,2298320,3934887,
2026-09-20T07:44:01.427650+00:00,91274,2298345,3934839,
2026-09-20T07:44:01.443660+00:00,91275,2298370,3935080,
2026-09-20T07:44:01.475600+00:00,91276,2298395,3934895,
2026-09-20T07:44:01.507648+00:00,91277,2298420,3934562,
2026-09-20T07:44:01.523662+00:00,91278,2298446,3934615,
2026-09-20T07:44:01.555647+00:00,91279,2298471,3934678,
2026-09-20T07:44:01.571209+00:00,91280,2298496,3934625,
2026-09-20T07:44:01.603362+00:00,91281,2298521,3934587,
2026-09-20T07:44:01.619649+00:00,91282,2298546,3934669,
2026-09-20T07:44:01.651656+00:00,91283,2298572,3934718,
2026-09-20T07:44:01.683624+00:00,91284,2298597,3935139,
2026-09-20T07:44:01.699655+00:00,91285,2298622,3935179,
2026-09-20T07:44:01.731635+00:00,91286,2298647,3934811,
2026-09-20T07:44:01.747512+00:00,91287,2298672,3934607,
2026-09-20T07:44:01.779826+00:00,91288,2298697,3934854,
2026-09-20T07:44:01.811631+00:00,91289,2298723,3935190,
2026-09-20T07:44:01.827639+00:00,91290,2298748,3934994,
2026-09-20T07:44:01.859481+00:00,91291,2298773,3934972,
2026-09-20T07:44:01.875635+00:00,91292,2298798,3935110,
2026-09-20T07:44:01.907652+00:00,91293,2298823,3935127,
2026-09-20T07:44:01.923633+00:00,91294,2298848,3934993,
2026-09-20T07:44:01.955624+00:00,91295,2298874,3934838,
2026-09-20T07:44:01.987693+00:00,91296,2298899,3935017,
2026-09-20T07:44:02.003874+00:00,91297,2298924,3935115,
2026-09-20T07:44:02.035641+00:00,91298,2298949,3935052,
2026-09-20T07:44:02.051627+00:00,91299,2298974,3935513,
2026-09-20T07:44:02.083630+00:00,91300,2299000,3935574,
2026-09-20T07:44:02.099644+00:00,91301,2299025,3935270,
2026-09-20T07:44:02.131621+00:00,91302,2299050,3935000,
2026-09-20T07:44:02.163632+00:00,91303,2299075,3934932,
2026-09-20T07:44:02.179613+00:00,91304,2299100,3935165,
2026-09-20T07:44:02.211606+00:00,91305,2299125,3935326,
2026-09-20T07:44:02.227619+00:00,91306,2299151,3935068,
2026-09-20T07:44:02.259615+00:00,91307,2299176,3934982,
2026-09-20T07:44:02.275618+00:00,91308,2299201,3934826,
2026-09-20T07:44:02.308196+00:00,91309,2299226,3934678,
2026-09-20T07:44:02.339626+00:00,91310,2299251,3935096,
2026-09-20T07:44:02.355644+00:00,91311,2299276,3934940,
2026-09-20T07:44:02.387613+00:00,91312,2299302,3934833,
2026-09-20T07:44:02.403636+00:00,91313,2299327,3935171,
2026-09-20T07:44:02.436722+00:00,91314,2299352,3934424,
2026-09-20T07:44:02.451723+00:00,91315,2299377,3934885,
2026-09-20T07:44:02.483611+00:00,91316,2299402,3934724,
2026-09-20T07:44:02.515614+00:00,91317,2299427,3934795,
2026-09-20T07:44:02.532060+00:00,91318,2299453,3935191,
2026-09-20T07:44:02.563640+00:00,91319,2299478,3934922,
2026-09-20T07:44:02.579630+00:00,91320,2299503,3935160,
2026-09-20T07:44:02.611599+00:00,91321,2299528,3935180,
2026-09-20T07:44:02.627609+00:00,91322,2299553,3935243,
2026-09-20T07:44:02.659518+00:00,91323,2299579,3935024,
2026-09-20T07:44:02.691120+00:00,91324,2299604,3935071,
2026-09-20T07:44:02.707599+00:00,91325,2299629,3935173,
2026-09-20T07:44:02.739609+00:00,91326,2299654,3935130,
2026-09-20T07:44:02.755637+00:00,91327,2299679,3935013,
2026-09-20T07:44:02.787629+00:00,91328,2299704,3934798,
2026-09-20T07:44:02.803629+00:00,91329,2299730,3934903,
2026-09-20T07:44:02.835629+00:00,91330,2299755,3935099,
2026-09-20T07:44:02.867887+00:00,91331,2299780,3934673,
2026-09-20T07:44:02.883886+00:00,91332,2299805,3934717,
2026-09-20T07:44:02.915907+00:00,91333,2299830,3934725,
2026-09-20T07:44:02.931628+00:00,91334,2299856,3934925,
2026-09-20T07:44:02.963854+00:00,91335,2299881,3935110,
2026-09-20T07:44:02.979854+00:00,91336,2299906,3935041,
2026-09-20T07:44:03.011606+00:00,91337,2299931,3935353,
2026-09-20T07:44:03.043771+00:00,91338,2299956,3935053,
2026-09-20T07:44:03.059768+00:00,91339,2299981,3934635,
2026-09-20T07:44:03.091622+00:00,91340,2300007,3934433,
2026-09-20T07:44:03.107597+00:00,91341,2300032,3934580,
2026-09-20T07:44:03.139603+00:00,91342,2300057,3934663,
2026-09-20T07:44:03.155981+00:00,91343,2300082,3934693,
2026-09-20T07:44:03.187656+00:00,91344,2300107,3934618,
2026-09-20T07:44:03.219598+00:00,91345,2300132,3934783,
2026-09-20T07:44:03.235766+00:00,91346,2300158,3934801,
2026-09-20T07:44:03.267592+00:00,91347,2300183,3934613,
2026-09-20T07:44:03.283615+00:00,91348,2300208,3934636,
2026-09-20T07:44:03.315578+00:00,91349,2300233,3934577,
2026-09-20T07:44:03.331646+00:00,91350,2300258,3934844,
2026-09-20T07:44:03.363653+00:00,91351,2300283,3934911,
2026-09-20T07:44:03.395642+00:00,91352,2300309,3934899,
2026-09-20T07:44:03.411642+00:00,91353,2300334,3934721,
2026-09-20T07:44:03.443933+00:00,91354,2300359,3934800,
2026-09-20T07:44:03.459588+00:00,91355,2300384,3934954,
2026-09-20T07:44:03.491584+00:00,91356,2300409,3935146,
2026-09-20T07:44:03.507586+00:00,91357,2300435,3935204,
2026-09-20T07:44:03.540354+00:00,91358,2300460,3934946,
2026-09-20T07:44:03.571582+00:00,91359,2300485,3934993,
2026-09-20T07:44:03.587504+00:00,91360,2300510,3934587,
2026-09-20T07:44:03.619582+00:00,91361,2300535,3934511,
2026-09-20T07:44:03.635984+00:00,91362,2300560,3934651,
2026-09-20T07:44:03.667422+00:00,91363,2300586,3934983,
2026-09-20T07:44:03.683598+00:00,91364,2300611,3935238,
2026-09-20T07:44:03.715027+00:00,91365,2300636,3935055,
2026-09-20T07:44:03.747586+00:00,91366,2300661,3935390,
2026-09-20T07:44:03.763399+00:00,91367,2300686,3935078,
2026-09-20T07:44:03.795568+00:00,91368,2300711,3934696,
2026-09-20T07:44:03.811577+00:00,91369,2300737,3934684,
2026-09-20T07:44:03.843613+00:00,91370,2300762,3935356,
2026-09-20T07:44:03.875609+00:00,91371,2300787,3935375,
2026-09-20T07:44:03.891391+00:00,91372,2300812,3935044,
2026-09-20T07:44:03.923622+00:00,91373,2300837,3934918,
2026-09-20T07:44:03.939610+00:00,91374,2300863,3934749,
2026-09-20T07:44:03.971989+00:00,91375,2300888,3934408,
2026-09-20T07:44:03.987497+00:00,91376,2300913,3934496,
2026-09-20T07:44:04.019774+00:00,91377,2300938,3934154,
2026-09-20T07:44:04.051594+00:00,91378,2300963,3934583,
2026-09-20T07:44:04.067775+00:00,91379,2300988,3935195,
2026-09-20T07:44:04.099454+00:00,91380,2301014,3935257,
2026-09-20T07:44:04.115575+00:00,91381,2301039,3935296,
2026-09-20T07:44:04.147570+00:00,91382,2301064,3934842,
2026-09-20T07:44:04.163916+00:00,91383,2301089,3935061,
2026-09-20T07:44:04.195572+00:00,91384,2301114,3935500,
2026-09-20T07:44:04.227590+00:00,91385,2301140,3934973,
2026-09-20T07:44:04.243592+00:00,91386,2301165,3935332,
2026-09-20T07:44:04.275571+00:00,91387,2301190,3935164,
2026-09-20T07:44:04.291732+00:00,91388,2301215,3934993,
2026-09-20T07:44:04.323178+00:00,91389,2301240,3935071,
2026-09-20T07:44:04.339562+00:00,91390,2301265,3935274,
2026-09-20T07:44:04.371709+00:00,91391,2301291,3935303,
2026-09-20T07:44:04.403658+00:00,91392,2301316,3935652,
2026-09-20T07:44:04.419567+00:00,91393,2301341,3935405,
2026-09-20T07:44:04.451598+00:00,91394,2301366,3935004,
2026-09-20T07:44:04.467557+00:00,91395,2301391,3934873,
2026-09-20T07:44:04.499328+00:00,91396,2301416,3935054,
2026-09-20T07:44:04.515500+00:00,91397,2301442,3934916,
2026-09-20T07:44:04.547568+00:00,91398,2301467,3935017,
2026-09-20T07:44:04.579546+00:00,91399,2301492,3934947,
2026-09-20T07:44:04.595581+00:00,91400,2301517,3935199,
2026-09-20T07:44:04.627137+00:00,91401,2301542,3934867,
2026-09-20T07:44:04.643560+00:00,91402,2301568,3934676,
2026-09-20T07:44:04.675887+00:00,91403,2301593,3934638,
2026-09-20T07:44:04.691805+00:00,91404,2301618,3934552,
2026-09-20T07:44:04.723574+00:00,91405,2301643,3935029,
2026-09-20T07:44:04.755749+00:00,91406,2301668,3934894,
2026-09-20T07:44:04.771534+00:00,91407,2301693,3934925,
2026-09-20T07:44:04.803552+00:00,91408,2301719,3934894,
2026-09-20T07:44:04.819009+00:00,91409,2301744,3934681,
2026-09-20T07:44:04.851573+00:00,91410,2301769,3934746,
2026-09-20T07:44:04.867552+00:00,91411,2301794,3934927,
2026-09-20T07:44:04.899538+00:00,91412,2301819,3934772,
2026-09-20T07:44:04.931554+00:00,91413,2301844,3935249,
2026-09-20T07:44:04.947430+00:00,91414,2301870,3935166,
2026-09-20T07:44:04.979522+00:00,91415,2301895,3935113,
2026-09-20T07:44:04.995551+00:00,91416,2301920,3935752,
2026-09-20T07:44:05.027077+00:00,91417,2301945,3935108,
2026-09-20T07:44:05.043546+00:00,91418,2301970,3935170,
2026-09-20T07:44:05.075165+00:00,91419,2301995,3935587,
2026-09-20T07:44:05.107094+00:00,91420,2302021,3935344,
2026-09-20T07:44:05.123593+00:00,91421,2302046,3935641,
2026-09-20T07:44:05.155555+00:00,91422,2302071,3935659,
2026-09-20T07:44:05.171820+00:00,91423,2302096,3935071,
2026-09-20T07:44:05.204592+00:00,91424,2302121,3934816,
2026-09-20T07:44:05.219540+00:00,91425,2302147,3934614,
2026-09-20T07:44:05.251591+00:00,91426,2302172,3935027,
2026-09-20T07:44:05.283567+00:00,91427,2302197,3935248,
2026-09-20T07:44:05.299553+00:00,91428,2302222,3935359,
2026-09-20T07:44:05.331539+00:00,91429,2302247,3934979,
2026-09-20T07:44:05.347565+00:00,91430,2302272,3935143,
2026-09-20T07:44:05.379567+00:00,91431,2302298,3935237,
2026-09-20T07:44:05.395563+00:00,91432,2302323,3935463,
2026-09-20T07:44:05.427564+00:00,91433,2302348,3935245,
2026-09-20T07:44:05.459566+00:00,91434,2302373,3935057,
2026-09-20T07:44:05.475564+00:00,91435,2302398,3935002,
2026-09-20T07:44:05.506972+00:00,91436,2302423,3935162,
2026-09-20T07:44:05.523566+00:00,91437,2302449,3934894,
2026-09-20T07:44:05.555912+00:00,91438,2302474,3934649,
2026-09-20T07:44:05.571534+00:00,91439,2302499,3935269,
2026-09-20T07:44:05.604052+00:00,91440,2302524,3935159,
2026-09-20T07:44:05.635522+00:00,91441,2302549,3934864,
2026-09-20T07:44:05.651484+00:00,91442,2302575,3934675,
2026-09-20T07:44:05.683657+00:00,91443,2302600,3935074,
2026-09-20T07:44:05.699528+00:00,91444,2302625,3935240,
2026-09-20T07:44:05.731521+00:00,91445,2302650,3935031,
2026-09-20T07:44:05.763532+00:00,91446,2302675,3935192,
2026-09-20T07:44:05.779542+00:00,91447,2302700,3935316,
2026-09-20T07:44:05.811918+00:00,91448,2302726,3935192,
2026-09-20T07:44:05.827524+00:00,91449,2302751,3935202,
2026-09-20T07:44:05.859533+00:00,91450,2302776,3935127,
2026-09-20T07:44:05.875593+00:00,91451,2302801,3935067,
2026-09-20T07:44:05.907528+00:00,91452,2302826,3934857,
2026-09-20T07:44:05.939434+00:00,91453,2302851,3934911,
2026-09-20T07:44:05.955967+00:00,91454,2302877,3934784,
2026-09-20T07:44:05.987162+00:00,91455,2302902,3935064,
2026-09-20T07:44:06.003523+00:00,91456,2302927,3935729,
2026-09-20T07:44:06.035524+00:00,91457,2302952,3935920,
2026-09-20T07:44:06.051559+00:00,91458,2302977,3934966,
2026-09-20T07:44:06.083529+00:00,91459,2303002,3934441,
2026-09-20T07:44:06.115528+00:00,91460,2303028,3934784,
2026-09-20T07:44:06.131509+00:00,91461,2303053,3935348,
2026-09-20T07:44:06.162876+00:00,91462,2303078,3934766,
2026-09-20T07:44:06.179117+00:00,91463,2303103,3934887,
2026-09-20T07:44:06.211528+00:00,91464,2303128,3935282,
2026-09-20T07:44:06.227509+00:00,91465,2303154,3935097,
2026-09-20T07:44:06.259510+00:00,91466,2303179,3934715,
2026-09-20T07:44:06.291523+00:00,91467,2303204,3934843,
2026-09-20T07:44:06.307716+00:00,91468,2303229,3935187,
2026-09-20T07:44:06.339064+00:00,91469,2303254,3935366,
2026-09-20T07:44:06.356072+00:00,91470,2303279,3935431,
2026-09-20T07:44:06.387222+00:00,91471,2303305,3935925,
2026-09-20T07:44:06.403639+00:00,91472,2303330,3935389,
2026-09-20T07:44:06.435504+00:00,91473,2303355,3934784,
2026-09-20T07:44:06.467508+00:00,91474,2303380,3934692,
2026-09-20T07:44:06.483286+00:00,91475,2303405,3934821,
2026-09-20T07:44:06.515511+00:00,91476,2303431,3935110,
2026-09-20T07:44:06.531472+00:00,91477,2303456,3935435,
2026-09-20T07:44:06.562924+00:00,91478,2303481,3934892,
2026-09-20T07:44:06.579511+00:00,91479,2303506,3934931,
2026-09-20T07:44:06.611497+00:00,91480,2303531,3935164,
2026-09-20T07:44:06.643473+00:00,91481,2303556,3935262,
2026-09-20T07:44:06.659569+00:00,91482,2303582,3935458,
2026-09-20T07:44:06.691247+00:00,91483,2303607,3935383,
2026-09-20T07:44:06.707135+00:00,91484,2303632,3935023,
2026-09-20T07:44:06.738911+00:00,91485,2303657,3934874,
2026-09-20T07:44:06.755210+00:00,91486,2303682,3934919,
2026-09-20T07:44:06.787600+00:00,91487,2303707,3934939,
2026-09-20T07:44:06.819390+00:00,91488,2303733,3934655,
2026-09-20T07:44:06.835517+00:00,91489,2303758,3934416,
2026-09-20T07:44:06.867487+00:00,91490,2303783,3934765,
2026-09-20T07:44:06.883504+00:00,91491,2303808,3935187,
2026-09-20T07:44:06.915490+00:00,91492,2303833,3935353,
2026-09-20T07:44:06.931513+00:00,91493,2303858,3935107,
2026-09-20T07:44:06.963620+00:00,91494,2303884,3934847,
2026-09-20T07:44:06.995498+00:00,91495,2303909,3934698,
2026-09-20T07:44:07.011506+00:00,91496,2303934,3934954,
2026-09-20T07:44:07.043497+00:00,91497,2303959,3935055,
2026-09-20T07:44:07.059704+00:00,91498,2303984,3934793,
2026-09-20T07:44:07.091416+00:00,91499,2304010,3934954,
2026-09-20T07:44:07.107712+00:00,91500,2304035,3935259,
2026-09-20T07:44:07.139736+00:00,91501,2304060,3935359,
2026-09-20T07:44:07.171112+00:00,91502,2304085,3935526,
2026-09-20T07:44:07.187478+00:00,91503,2304110,3935226,
2026-09-20T07:44:07.219158+00:00,91504,2304135,3934653,
2026-09-20T07:44:07.235503+00:00,91505,2304161,3934807,
2026-09-20T07:44:07.267496+00:00,91506,2304186,3934764,
2026-09-20T07:44:07.283648+00:00,91507,2304211,3934852,
2026-09-20T07:44:07.315492+00:00,91508,2304236,3934773,
2026-09-20T07:44:07.347496+00:00,91509,2304261,3934814,
2026-09-20T07:44:07.363861+00:00,91510,2304286,3934941,
2026-09-20T07:44:07.395497+00:00,91511,2304312,3934857,
2026-09-20T07:44:07.411505+00:00,91512,2304337,3934314,
2026-09-20T07:44:07.443338+00:00,91513,2304362,3934384,
2026-09-20T07:44:07.461337+00:00,91514,2304387,3934519,
2026-09-20T07:44:07.491074+00:00,91515,2304412,3935155,
2026-09-20T07:44:07.522873+00:00,91516,2304437,3935797,
2026-09-20T07:44:07.539503+00:00,91517,2304463,3935357,
2026-09-20T07:44:07.571569+00:00,91518,2304488,3935155,
2026-09-20T07:44:07.587221+00:00,91519,2304513,3935152,
2026-09-20T07:44:07.619261+00:00,91520,2304538,3934999,
2026-09-20T07:44:07.651510+00:00,91521,2304563,3935447,
2026-09-20T07:44:07.667498+00:00,91522,2304589,3935204,
2026-09-20T07:44:07.699650+00:00,91523,2304614,3934819,
2026-09-20T07:44:07.729710+00:00,91524,2304639,3935325,
2026-09-20T07:44:07.750666+00:00,91525,2304664,3936094,
2026-09-20T07:44:07.763644+00:00,91526,2304689,3935791,
2026-09-20T07:44:07.795483+00:00,91527,2304714,3935478,
2026-09-20T07:44:07.827187+00:00,91528,2304740,3935066,
2026-09-20T07:44:07.843475+00:00,91529,2304765,3934498,
2026-09-20T07:44:07.875642+00:00,91530,2304790,3934354,
2026-09-20T07:44:07.891656+00:00,91531,2304815,3934846,
2026-09-20T07:44:07.923468+00:00,91532,2304840,3935309,
2026-09-20T07:44:07.939519+00:00,91533,2304866,3935297,
2026-09-20T07:44:07.971453+00:00,91534,2304891,3935589,
2026-09-20T07:44:08.003363+00:00,91535,2304916,3935240,
2026-09-20T07:44:08.019464+00:00,91536,2304941,3934505,
2026-09-20T07:44:08.051524+00:00,91537,2304966,3934866,
2026-09-20T07:44:08.067620+00:00,91538,2304991,3934943,
2026-09-20T07:44:08.099468+00:00,91539,2305017,3934710,
2026-09-20T07:44:08.115489+00:00,91540,2305042,3934814,
2026-09-20T07:44:08.147506+00:00,91541,2305067,3935221,
2026-09-20T07:44:08.179465+00:00,91542,2305092,3935156,
2026-09-20T07:44:08.195501+00:00,91543,2305117,3934616,
2026-09-20T07:44:08.227490+00:00,91544,2305142,3935233,
2026-09-20T07:44:08.243478+00:00,91545,2305168,3935345,
2026-09-20T07:44:08.275499+00:00,91546,2305193,3935144,
