host_utc,seq,mcu_ms,raw,label
2026-09-20T08:18:39.945538+00:00,173770,4375164,3922012,
2026-09-20T08:18:39.977331+00:00,173771,4375189,3922804,
2026-09-20T08:18:40.009412+00:00,173772,4375214,3923990,
2026-09-20T08:18:40.025700+00:00,173773,4375239,3924694,
2026-09-20T08:18:40.057411+00:00,173774,4375265,3925074,
2026-09-20T08:18:40.073397+00:00,173775,4375290,3924688,
2026-09-20T08:18:40.105507+00:00,173776,4375315,3924752,
2026-09-20T08:18:40.121387+00:00,173777,4375340,3924350,
2026-09-20T08:18:40.153145+00:00,173778,4375365,3925224,
2026-09-20T08:18:40.185405+00:00,173779,4375391,3925931,
2026-09-20T08:18:40.201417+00:00,173780,4375416,3926901,
2026-09-20T08:18:40.233716+00:00,173781,4375441,3926423,
2026-09-20T08:18:40.248971+00:00,173782,4375466,3926112,
2026-09-20T08:18:40.281731+00:00,173783,4375491,3927282,
2026-09-20T08:18:40.297116+00:00,173784,4375516,3927140,
2026-09-20T08:18:40.329392+00:00,173785,4375542,3926194,
2026-09-20T08:18:40.361489+00:00,173786,4375567,3925832,
2026-09-20T08:18:40.377411+00:00,173787,4375592,3926207,
2026-09-20T08:18:40.409409+00:00,173788,4375617,3926437,
2026-09-20T08:18:40.425405+00:00,173789,4375642,3926492,
2026-09-20T08:18:40.457388+00:00,173790,4375668,3926805,
2026-09-20T08:18:40.489436+00:00,173791,4375693,3926405,
2026-09-20T08:18:40.505404+00:00,173792,4375718,3925383,
2026-09-20T08:18:40.538568+00:00,173793,4375743,3925955,
2026-09-20T08:18:40.553624+00:00,173794,4375768,3927253,
2026-09-20T08:18:40.585376+00:00,173795,4375793,3928403,
2026-09-20T08:18:40.602501+00:00,173796,4375819,3928471,
2026-09-20T08:18:40.633666+00:00,173797,4375844,3927978,
2026-09-20T08:18:40.665379+00:00,173798,4375869,3927875,
2026-09-20T08:18:40.681696+00:00,173799,4375894,3928925,
2026-09-20T08:18:40.714434+00:00,173800,4375919,3929375,
2026-09-20T08:18:40.729377+00:00,173801,4375945,3928632,
2026-09-20T08:18:40.761377+00:00,173802,4375970,3928204,
2026-09-20T08:18:40.777368+00:00,173803,4375995,3928282,
2026-09-20T08:18:40.809369+00:00,173804,4376020,3928916,
2026-09-20T08:18:40.841356+00:00,173805,4376045,3929605,
2026-09-20T08:18:40.857432+00:00,173806,4376070,3929807,
2026-09-20T08:18:40.889554+00:00,173807,4376096,3929495,
2026-09-20T08:18:40.907015+00:00,173808,4376121,3928754,
2026-09-20T08:18:40.937360+00:00,173809,4376146,3928857,
2026-09-20T08:18:40.953408+00:00,173810,4376171,3929367,
2026-09-20T08:18:40.988815+00:00,173811,4376196,3929003,
2026-09-20T08:18:41.017475+00:00,173812,4376222,3928403,
2026-09-20T08:18:41.040038+00:00,173813,4376247,3928749,
2026-09-20T08:18:41.065401+00:00,173814,4376272,3929169,
2026-09-20T08:18:41.081454+00:00,173815,4376297,3929056,
2026-09-20T08:18:41.118354+00:00,173816,4376322,3928883,
2026-09-20T08:18:41.129398+00:00,173817,4376347,3928251,
2026-09-20T08:18:41.161361+00:00,173818,4376373,3928637,
2026-09-20T08:18:41.192882+00:00,173819,4376398,3928605,
2026-09-20T08:18:41.209364+00:00,173820,4376423,3928227,
2026-09-20T08:18:41.241615+00:00,173821,4376448,3928128,
2026-09-20T08:18:41.257364+00:00,173822,4376473,3927918,
2026-09-20T08:18:41.289372+00:00,173823,4376499,3928705,
2026-09-20T08:18:41.305361+00:00,173824,4376524,3929799,
2026-09-20T08:18:41.337204+00:00,173825,4376549,3930736,
2026-09-20T08:18:41.369234+00:00,173826,4376574,3930859,
2026-09-20T08:18:41.385410+00:00,173827,4376599,3930877,
2026-09-20T08:18:41.417378+00:00,173828,4376624,3930757,
2026-09-20T08:18:41.434450+00:00,173829,4376650,3930706,
2026-09-20T08:18:41.465374+00:00,173830,4376675,3931159,
2026-09-20T08:18:41.482739+00:00,173831,4376700,3931280,
2026-09-20T08:18:41.513551+00:00,173832,4376725,3930257,
2026-09-20T08:18:41.545878+00:00,173833,4376750,3929345,
2026-09-20T08:18:41.562347+00:00,173834,4376775,3928907,
2026-09-20T08:18:41.593368+00:00,173835,4376801,3928360,
2026-09-20T08:18:41.609358+00:00,173836,4376826,3928003,
2026-09-20T08:18:41.641106+00:00,173837,4376851,3927782,
2026-09-20T08:18:41.657728+00:00,173838,4376876,3928881,
2026-09-20T08:18:41.689353+00:00,173839,4376901,3929598,
2026-09-20T08:18:41.721356+00:00,173840,4376927,3929353,
2026-09-20T08:18:41.737376+00:00,173841,4376952,3929410,
2026-09-20T08:18:41.769346+00:00,173842,4376977,3929534,
2026-09-20T08:18:41.784950+00:00,173843,4377002,3929649,
2026-09-20T08:18:41.818969+00:00,173844,4377027,3929206,
2026-09-20T08:18:41.833631+00:00,173845,4377052,3928836,
2026-09-20T08:18:41.865370+00:00,173846,4377078,3929148,
2026-09-20T08:18:41.897304+00:00,173847,4377103,3929265,
2026-09-20T08:18:41.913384+00:00,173848,4377128,3929263,
2026-09-20T08:18:41.945390+00:00,173849,4377153,3930093,
2026-09-20T08:18:41.961490+00:00,173850,4377178,3930258,
2026-09-20T08:18:41.994707+00:00,173851,4377204,3929799,
2026-09-20T08:18:42.011724+00:00,173852,4377229,3929761,
2026-09-20T08:18:42.041438+00:00,173853,4377254,3929597,
2026-09-20T08:18:42.073382+00:00,173854,4377279,3929717,
2026-09-20T08:18:42.090443+00:00,173855,4377304,3929695,
2026-09-20T08:18:42.121493+00:00,173856,4377329,3929930,
2026-09-20T08:18:42.144293+00:00,173857,4377355,3930077,
2026-09-20T08:18:42.169332+00:00,173858,4377380,3930005,
2026-09-20T08:18:42.201391+00:00,173859,4377405,3929540,
2026-09-20T08:18:42.217357+00:00,173860,4377430,3928912,
2026-09-20T08:18:42.249394+00:00,173861,4377455,3929113,
2026-09-20T08:18:42.265421+00:00,173862,4377481,3930170,
2026-09-20T08:18:42.297428+00:00,173863,4377506,3931115,
2026-09-20T08:18:42.313330+00:00,173864,4377531,3931514,
2026-09-20T08:18:42.341082+00:00,173865,4377556,3932093,
2026-09-20T08:18:42.374063+00:00,173866,4377581,3932676,
2026-09-20T08:18:42.388950+00:00,173867,4377606,3932647,
2026-09-20T08:18:42.425364+00:00,173868,4377632,3932726,
2026-09-20T08:18:42.441362+00:00,173869,4377657,3933262,
2026-09-20T08:18:42.473344+00:00,173870,4377682,3933361,
2026-09-20T08:18:42.488994+00:00,173871,4377707,3932356,
2026-09-20T08:18:42.523503+00:00,173872,4377732,3932503,
2026-09-20T08:18:42.557740+00:00,173873,4377757,3933307,
2026-09-20T08:18:42.569504+00:00,173874,4377783,3934232,
2026-09-20T08:18:42.606928+00:00,173875,4377808,3934149,
2026-09-20T08:18:42.617367+00:00,173876,4377833,3933641,
2026-09-20T08:18:42.651854+00:00,173877,4377858,3932856,
2026-09-20T08:18:42.665373+00:00,173878,4377883,3932419,
2026-09-20T08:18:42.698452+00:00,173879,4377909,3933633,
2026-09-20T08:18:42.729097+00:00,173880,4377934,3934602,
2026-09-20T08:18:42.745641+00:00,173881,4377959,3935071,
2026-09-20T08:18:42.777302+00:00,173882,4377984,3934763,
2026-09-20T08:18:42.793241+00:00,173883,4378009,3934284,
2026-09-20T08:18:42.825498+00:00,173884,4378034,3933685,
2026-09-20T08:18:42.841635+00:00,173885,4378060,3933423,
2026-09-20T08:18:42.873324+00:00,173886,4378085,3932768,
2026-09-20T08:18:42.914952+00:00,173887,4378110,3932382,
2026-09-20T08:18:42.921357+00:00,173888,4378135,3933753,
2026-09-20T08:18:42.953366+00:00,173889,4378160,3934558,
2026-09-20T08:18:42.973117+00:00,173890,4378186,3934263,
2026-09-20T08:18:43.006476+00:00,173891,4378211,3933339,
2026-09-20T08:18:43.017348+00:00,173892,4378236,3933159,
2026-09-20T08:18:43.049351+00:00,173893,4378261,3933884,
2026-09-20T08:18:43.081326+00:00,173894,4378286,3934151,
2026-09-20T08:18:43.097334+00:00,173895,4378311,3933711,
2026-09-20T08:18:43.129195+00:00,173896,4378337,3933595,
2026-09-20T08:18:43.145350+00:00,173897,4378362,3933267,
2026-09-20T08:18:43.177316+00:00,173898,4378387,3932661,
2026-09-20T08:18:43.193317+00:00,173899,4378412,3933421,
2026-09-20T08:18:43.225344+00:00,173900,4378437,3934145,
2026-09-20T08:18:43.257315+00:00,173901,4378462,3934790,
2026-09-20T08:18:43.273612+00:00,173902,4378488,3934697,
2026-09-20T08:18:43.305314+00:00,173903,4378513,3934629,
2026-09-20T08:18:43.321350+00:00,173904,4378538,3936677,
2026-09-20T08:18:43.353310+00:00,173905,4378563,3938239,
2026-09-20T08:18:43.369059+00:00,173906,4378588,3939235,
2026-09-20T08:18:43.401380+00:00,173907,4378614,3940164,
2026-09-20T08:18:43.432998+00:00,173908,4378639,3943484,
2026-09-20T08:18:43.449386+00:00,173909,4378664,3950257,
2026-09-20T08:18:43.482657+00:00,173910,4378689,3963912,
2026-09-20T08:18:43.497297+00:00,173911,4378714,3982834,
2026-09-20T08:18:43.530490+00:00,173912,4378739,4010270,
2026-09-20T08:18:43.546506+00:00,173913,4378765,4055108,
2026-09-20T08:18:43.577311+00:00,173914,4378790,4122841,
2026-09-20T08:18:43.608958+00:00,173915,4378815,4205069,
2026-09-20T08:18:43.625573+00:00,173916,4378840,4274037,
2026-09-20T08:18:43.657358+00:00,173917,4378865,4317684,
2026-09-20T08:18:43.674397+00:00,173918,4378890,4342705,
2026-09-20T08:18:43.706605+00:00,173919,4378916,4345333,
2026-09-20T08:18:43.721602+00:00,173920,4378941,4329642,
2026-09-20T08:18:43.753353+00:00,173921,4378966,4300397,
2026-09-20T08:18:43.785302+00:00,173922,4378991,4250379,
2026-09-20T08:18:43.801286+00:00,173923,4379016,4180013,
2026-09-20T08:18:43.833575+00:00,173924,4379042,4117691,
2026-09-20T08:18:43.848654+00:00,173925,4379067,4073187,
2026-09-20T08:18:43.880633+00:00,173926,4379092,4048967,
2026-09-20T08:18:43.897289+00:00,173927,4379117,4042920,
2026-09-20T08:18:43.929318+00:00,173928,4379142,4032102,
2026-09-20T08:18:43.961319+00:00,173929,4379167,4011922,
2026-09-20T08:18:43.977282+00:00,173930,4379193,4002251,
2026-09-20T08:18:44.009292+00:00,173931,4379218,3994535,
2026-09-20T08:18:44.025299+00:00,173932,4379243,3977748,
2026-09-20T08:18:44.057338+00:00,173933,4379268,3959622,
2026-09-20T08:18:44.089288+00:00,173934,4379293,3939239,
2026-09-20T08:18:44.105284+00:00,173935,4379319,3915729,
2026-09-20T08:18:44.137130+00:00,173936,4379344,3904506,
2026-09-20T08:18:44.153073+00:00,173937,4379369,3903467,
2026-09-20T08:18:44.185281+00:00,173938,4379394,3892311,
2026-09-20T08:18:44.201591+00:00,173939,4379419,3887907,
2026-09-20T08:18:44.233893+00:00,173940,4379444,3897733,
2026-09-20T08:18:44.265171+00:00,173941,4379470,3891037,
2026-09-20T08:18:44.281753+00:00,173942,4379495,3866721,
2026-09-20T08:18:44.313264+00:00,173943,4379520,3848766,
2026-09-20T08:18:44.329276+00:00,173944,4379545,3845237,
2026-09-20T08:18:44.361294+00:00,173945,4379570,3848184,
2026-09-20T08:18:44.377293+00:00,173946,4379596,3851071,
2026-09-20T08:18:44.409304+00:00,173947,4379621,3830830,
2026-09-20T08:18:44.441287+00:00,173948,4379646,3741764,
2026-09-20T08:18:44.457301+00:00,173949,4379671,3583288,
2026-09-20T08:18:44.489284+00:00,173950,4379696,3433287,
2026-09-20T08:18:44.505315+00:00,173951,4379721,3332012,
2026-09-20T08:18:44.537282+00:00,173952,4379747,3278860,
2026-09-20T08:18:44.553287+00:00,173953,4379772,3280804,
2026-09-20T08:18:44.585298+00:00,173954,4379797,3354872,
2026-09-20T08:18:44.617289+00:00,173955,4379822,3472831,
2026-09-20T08:18:44.636225+00:00,173956,4379847,3589154,
2026-09-20T08:18:44.665297+00:00,173957,4379873,3685140,
2026-09-20T08:18:44.681062+00:00,173958,4379898,3758618,
2026-09-20T08:18:44.713134+00:00,173959,4379923,3811112,
2026-09-20T08:18:44.729166+00:00,173960,4379948,3845803,
2026-09-20T08:18:44.756428+00:00,173961,4379973,3868513,
2026-09-20T08:18:44.788611+00:00,173962,4379998,3884756,
2026-09-20T08:18:44.809282+00:00,173963,4380024,3896466,
2026-09-20T08:18:44.841272+00:00,173964,4380049,3903987,
2026-09-20T08:18:44.857264+00:00,173965,4380074,3908430,
2026-09-20T08:18:44.889190+00:00,173966,4380099,3913028,
2026-09-20T08:18:44.905249+00:00,173967,4380124,3917620,
2026-09-20T08:18:44.937072+00:00,173968,4380150,3919239,
2026-09-20T08:18:44.969278+00:00,173969,4380175,3919960,
2026-09-20T08:18:44.985261+00:00,173970,4380200,3919422,
2026-09-20T08:18:45.019119+00:00,173971,4380225,3921321,
2026-09-20T08:18:45.033344+00:00,173972,4380250,3923459,
2026-09-20T08:18:45.065285+00:00,173973,4380275,3923601,
2026-09-20T08:18:45.081254+00:00,173974,4380301,3923184,
2026-09-20T08:18:45.113319+00:00,173975,4380326,3924121,
2026-09-20T08:18:45.145265+00:00,173976,4380351,3926247,
2026-09-20T08:18:45.161296+00:00,173977,4380376,3927745,
2026-09-20T08:18:45.193086+00:00,173978,4380401,3927999,
2026-09-20T08:18:45.208939+00:00,173979,4380426,3928747,
2026-09-20T08:18:45.241287+00:00,173980,4380452,3929151,
2026-09-20T08:18:45.257913+00:00,173981,4380477,3928896,
2026-09-20T08:18:45.289290+00:00,173982,4380502,3929643,
2026-09-20T08:18:45.321294+00:00,173983,4380527,3930298,
2026-09-20T08:18:45.337266+00:00,173984,4380552,3931228,
2026-09-20T08:18:45.370233+00:00,173985,4380578,3931140,
2026-09-20T08:18:45.386359+00:00,173986,4380603,3930464,
2026-09-20T08:18:45.417272+00:00,173987,4380628,3929267,
2026-09-20T08:18:45.432769+00:00,173988,4380653,3928674,
2026-09-20T08:18:45.465899+00:00,173989,4380678,3928269,
2026-09-20T08:18:45.497087+00:00,173990,4380703,3927670,
2026-09-20T08:18:45.513296+00:00,173991,4380729,3926998,
2026-09-20T08:18:45.545364+00:00,173992,4380754,3926604,
2026-09-20T08:18:45.562602+00:00,173993,4380779,3926781,
2026-09-20T08:18:45.593328+00:00,173994,4380804,3926616,
2026-09-20T08:18:45.609301+00:00,173995,4380829,3926395,
2026-09-20T08:18:45.641288+00:00,173996,4380854,3927088,
2026-09-20T08:18:45.673255+00:00,173997,4380880,3927296,
2026-09-20T08:18:45.688980+00:00,173998,4380905,3927866,
2026-09-20T08:18:45.721310+00:00,173999,4380930,3927748,
2026-09-20T08:18:45.739585+00:00,174000,4380955,3927495,
2026-09-20T08:18:45.770765+00:00,174001,4380980,3927899,
2026-09-20T08:18:45.801262+00:00,174002,4381006,3928489,
2026-09-20T08:18:45.819643+00:00,174003,4381031,3928392,
2026-09-20T08:18:45.849390+00:00,174004,4381056,3928514,
2026-09-20T08:18:45.865279+00:00,174005,4381081,3929171,
2026-09-20T08:18:45.899511+00:00,174006,4381106,3930138,
2026-09-20T08:18:45.913504+00:00,174007,4381131,3930345,
2026-09-20T08:18:45.945255+00:00,174008,4381157,3929421,
2026-09-20T08:18:45.977286+00:00,174009,4381182,3928245,
2026-09-20T08:18:45.994651+00:00,174010,4381207,3927636,
2026-09-20T08:18:46.025233+00:00,174011,4381232,3927275,
2026-09-20T08:18:46.041225+00:00,174012,4381257,3926891,
2026-09-20T08:18:46.077149+00:00,174013,4381283,3926692,
2026-09-20T08:18:46.091320+00:00,174014,4381308,3926532,
2026-09-20T08:18:46.121346+00:00,174015,4381333,3927150,
2026-09-20T08:18:46.153685+00:00,174016,4381358,3927656,
2026-09-20T08:18:46.169207+00:00,174017,4381383,3927876,
2026-09-20T08:18:46.201234+00:00,174018,4381408,3928630,
2026-09-20T08:18:46.217085+00:00,174019,4381434,3929496,
2026-09-20T08:18:46.249335+00:00,174020,4381459,3930237,
2026-09-20T08:18:46.265249+00:00,174021,4381484,3930778,
2026-09-20T08:18:46.297227+00:00,174022,4381509,3931087,
2026-09-20T08:18:46.329266+00:00,174023,4381534,3930596,
2026-09-20T08:18:46.345248+00:00,174024,4381560,3930882,
2026-09-20T08:18:46.376915+00:00,174025,4381585,3930712,
2026-09-20T08:18:46.394012+00:00,174026,4381610,3929898,
2026-09-20T08:18:46.425233+00:00,174027,4381635,3929339,
2026-09-20T08:18:46.441542+00:00,174028,4381660,3928745,
2026-09-20T08:18:46.473289+00:00,174029,4381685,3928751,
2026-09-20T08:18:46.510500+00:00,174030,4381711,3928829,
2026-09-20T08:18:46.521273+00:00,174031,4381736,3928960,
2026-09-20T08:18:46.553263+00:00,174032,4381761,3929582,
2026-09-20T08:18:46.569284+00:00,174033,4381786,3929452,
2026-09-20T08:18:46.611333+00:00,174034,4381811,3929048,
2026-09-20T08:18:46.617243+00:00,174035,4381837,3928911,
2026-09-20T08:18:46.650336+00:00,174036,4381862,3928875,
2026-09-20T08:18:46.681322+00:00,174037,4381887,3928718,
2026-09-20T08:18:46.697246+00:00,174038,4381912,3928481,
2026-09-20T08:18:46.729261+00:00,174039,4381937,3927972,
2026-09-20T08:18:46.745218+00:00,174040,4381962,3927254,
2026-09-20T08:18:46.777267+00:00,174041,4381988,3927639,
2026-09-20T08:18:46.793248+00:00,174042,4382013,3927923,
2026-09-20T08:18:46.825241+00:00,174043,4382038,3927371,
2026-09-20T08:18:46.856908+00:00,174044,4382063,3927309,
2026-09-20T08:18:46.873293+00:00,174045,4382088,3927619,
2026-09-20T08:18:46.906079+00:00,174046,4382113,3927290,
2026-09-20T08:18:46.922401+00:00,174047,4382139,3927612,
2026-09-20T08:18:46.954104+00:00,174048,4382164,3928507,
2026-09-20T08:18:46.973151+00:00,174049,4382189,3928899,
2026-09-20T08:18:47.001233+00:00,174050,4382214,3929469,
2026-09-20T08:18:47.033230+00:00,174051,4382239,3929933,
2026-09-20T08:18:47.049237+00:00,174052,4382265,3930119,
2026-09-20T08:18:47.081250+00:00,174053,4382290,3930088,
2026-09-20T08:18:47.097244+00:00,174054,4382315,3930244,
2026-09-20T08:18:47.128995+00:00,174055,4382340,3930394,
2026-09-20T08:18:47.145251+00:00,174056,4382365,3930562,
2026-09-20T08:18:47.177209+00:00,174057,4382390,3929895,
2026-09-20T08:18:47.209234+00:00,174058,4382416,3929705,
2026-09-20T08:18:47.225243+00:00,174059,4382441,3929628,
2026-09-20T08:18:47.257259+00:00,174060,4382466,3929051,
2026-09-20T08:18:47.273251+00:00,174061,4382491,3928668,
2026-09-20T08:18:47.305872+00:00,174062,4382516,3927211,
2026-09-20T08:18:47.321225+00:00,174063,4382541,3926109,
2026-09-20T08:18:47.353253+00:00,174064,4382567,3925348,
2026-09-20T08:18:47.385219+00:00,174065,4382592,3925697,
2026-09-20T08:18:47.401240+00:00,174066,4382617,3926163,
2026-09-20T08:18:47.438887+00:00,174067,4382642,3926101,
2026-09-20T08:18:47.449201+00:00,174068,4382667,3926863,
2026-09-20T08:18:47.482237+00:00,174069,4382693,3927455,
2026-09-20T08:18:47.513367+00:00,174070,4382718,3927289,
2026-09-20T08:18:47.529164+00:00,174071,4382743,3926626,
2026-09-20T08:18:47.561244+00:00,174072,4382768,3926558,
2026-09-20T08:18:47.577275+00:00,174073,4382793,3927517,
2026-09-20T08:18:47.609189+00:00,174074,4382818,3927910,
2026-09-20T08:18:47.625243+00:00,174075,4382844,3927725,
2026-09-20T08:18:47.657211+00:00,174076,4382869,3928030,
2026-09-20T08:18:47.689205+00:00,174077,4382894,3928159,
2026-09-20T08:18:47.705204+00:00,174078,4382919,3928448,
2026-09-20T08:18:47.737201+00:00,174079,4382944,3928916,
2026-09-20T08:18:47.753211+00:00,174080,4382970,3929154,
2026-09-20T08:18:47.785039+00:00,174081,4382995,3928311,
2026-09-20T08:18:47.801197+00:00,174082,4383020,3927738,
2026-09-20T08:18:47.833225+00:00,174083,4383045,3927111,
2026-09-20T08:18:47.865078+00:00,174084,4383070,3926799,
2026-09-20T08:18:47.881734+00:00,174085,4383095,3926686,
2026-09-20T08:18:47.913063+00:00,174086,4383121,3927212,
2026-09-20T08:18:47.930031+00:00,174087,4383146,3927445,
2026-09-20T08:18:47.961224+00:00,174088,4383171,3927299,
2026-09-20T08:18:47.978252+00:00,174089,4383196,3926681,
2026-09-20T08:18:48.009187+00:00,174090,4383221,3925691,
2026-09-20T08:18:48.041192+00:00,174091,4383246,3924993,
2026-09-20T08:18:48.057188+00:00,174092,4383272,3925611,
2026-09-20T08:18:48.089288+00:00,174093,4383297,3926326,
2026-09-20T08:18:48.105176+00:00,174094,4383322,3925704,
2026-09-20T08:18:48.137152+00:00,174095,4383347,3925579,
2026-09-20T08:18:48.152789+00:00,174096,4383372,3926220,
2026-09-20T08:18:48.185196+00:00,174097,4383397,3926140,
2026-09-20T08:18:48.217192+00:00,174098,4383423,3926190,
2026-09-20T08:18:48.233177+00:00,174099,4383448,3926195,
2026-09-20T08:18:48.265107+00:00,174100,4383473,3926470,
2026-09-20T08:18:48.281325+00:00,174101,4383498,3926542,
2026-09-20T08:18:48.313194+00:00,174102,4383523,3926903,
2026-09-20T08:18:48.329579+00:00,174103,4383549,3926810,
2026-09-20T08:18:48.361042+00:00,174104,4383574,3925679,
2026-09-20T08:18:48.395288+00:00,174105,4383599,3926481,
2026-09-20T08:18:48.410285+00:00,174106,4383624,3927960,
2026-09-20T08:18:48.441206+00:00,174107,4383649,3929360,
2026-09-20T08:18:48.462739+00:00,174108,4383674,3930373,
2026-09-20T08:18:48.489184+00:00,174109,4383700,3929862,
2026-09-20T08:18:48.507838+00:00,174110,4383725,3928417,
2026-09-20T08:18:48.537194+00:00,174111,4383750,3927664,
2026-09-20T08:18:48.569463+00:00,174112,4383775,3926929,
2026-09-20T08:18:48.585199+00:00,174113,4383800,3927126,
2026-09-20T08:18:48.618224+00:00,174114,4383825,3928087,
2026-09-20T08:18:48.639240+00:00,174115,4383851,3929540,
2026-09-20T08:18:48.665176+00:00,174116,4383876,3930352,
2026-09-20T08:18:48.681880+00:00,174117,4383901,3930520,
2026-09-20T08:18:48.713178+00:00,174118,4383926,3930562,
2026-09-20T08:18:48.745183+00:00,174119,4383951,3931291,
2026-09-20T08:18:48.761176+00:00,174120,4383977,3933222,
2026-09-20T08:18:48.793221+00:00,174121,4384002,3934993,
2026-09-20T08:18:48.809299+00:00,174122,4384027,3936899,
2026-09-20T08:18:48.841202+00:00,174123,4384052,3939624,
2026-09-20T08:18:48.857243+00:00,174124,4384077,3944379,
2026-09-20T08:18:48.889221+00:00,174125,4384102,3949862,
2026-09-20T08:18:48.921223+00:00,174126,4384128,3956031,
2026-09-20T08:18:48.937213+00:00,174127,4384153,3970711,
2026-09-20T08:18:48.972206+00:00,174128,4384178,3998099,
2026-09-20T08:18:48.985185+00:00,174129,4384203,4037592,
2026-09-20T08:18:49.019302+00:00,174130,4384228,4097067,
2026-09-20T08:18:49.038258+00:00,174131,4384253,4184336,
2026-09-20T08:18:49.065227+00:00,174132,4384279,4286808,
2026-09-20T08:18:49.097044+00:00,174133,4384304,4372398,
2026-09-20T08:18:49.113057+00:00,174134,4384329,4413842,
2026-09-20T08:18:49.145234+00:00,174135,4384354,4408940,
2026-09-20T08:18:49.161219+00:00,174136,4384379,4360828,
2026-09-20T08:18:49.193299+00:00,174137,4384405,4285453,
2026-09-20T08:18:49.209226+00:00,174138,4384430,4215829,
2026-09-20T08:18:49.241172+00:00,174139,4384455,4167845,
2026-09-20T08:18:49.273172+00:00,174140,4384480,4125006,
2026-09-20T08:18:49.289175+00:00,174141,4384505,4090036,
2026-09-20T08:18:49.320901+00:00,174142,4384530,4070285,
2026-09-20T08:18:49.336933+00:00,174143,4384556,4047438,
2026-09-20T08:18:49.369935+00:00,174144,4384581,4021731,
2026-09-20T08:18:49.400934+00:00,174145,4384606,4007757,
2026-09-20T08:18:49.416934+00:00,174146,4384631,3994832,
2026-09-20T08:18:49.448933+00:00,174147,4384656,3978549,
2026-09-20T08:18:49.464932+00:00,174148,4384681,3966707,
2026-09-20T08:18:49.497069+00:00,174149,4384707,3955970,
2026-09-20T08:18:49.513146+00:00,174150,4384732,3951156,
2026-09-20T08:18:49.545160+00:00,174151,4384757,3950542,
2026-09-20T08:18:49.577247+00:00,174152,4384782,3955271,
2026-09-20T08:18:49.593158+00:00,174153,4384807,3958445,
2026-09-20T08:18:49.625138+00:00,174154,4384832,3953035,
2026-09-20T08:18:49.641146+00:00,174155,4384858,3931652,
2026-09-20T08:18:49.674176+00:00,174156,4384883,3906758,
2026-09-20T08:18:49.689173+00:00,174157,4384908,3888278,
2026-09-20T08:18:49.721158+00:00,174158,4384933,3861863,
2026-09-20T08:18:49.753091+00:00,174159,4384958,3820432,
2026-09-20T08:18:49.769150+00:00,174160,4384984,3790859,
2026-09-20T08:18:49.801163+00:00,174161,4385009,3778360,
2026-09-20T08:18:49.817142+00:00,174162,4385034,3755564,
2026-09-20T08:18:49.849143+00:00,174163,4385059,3731174,
2026-09-20T08:18:49.865542+00:00,174164,4385084,3703969,
2026-09-20T08:18:49.897168+00:00,174165,4385109,3626102,
2026-09-20T08:18:49.929213+00:00,174166,4385135,3470631,
2026-09-20T08:18:49.945146+00:00,174167,4385160,3292872,
2026-09-20T08:18:49.977155+00:00,174168,4385185,3192431,
2026-09-20T08:18:49.997522+00:00,174169,4385210,3232897,
2026-09-20T08:18:50.025186+00:00,174170,4385235,3362549,
2026-09-20T08:18:50.041178+00:00,174171,4385260,3499571,
2026-09-20T08:18:50.073179+00:00,174172,4385286,3614141,
2026-09-20T08:18:50.106931+00:00,174173,4385311,3703161,
2026-09-20T08:18:50.121203+00:00,174174,4385336,3768221,
2026-09-20T08:18:50.154229+00:00,174175,4385361,3813867,
2026-09-20T08:18:50.169183+00:00,174176,4385386,3846230,
2026-09-20T08:18:50.201133+00:00,174177,4385412,3868748,
2026-09-20T08:18:50.217501+00:00,174178,4385437,3883137,
2026-09-20T08:18:50.249126+00:00,174179,4385462,3892879,
2026-09-20T08:18:50.281782+00:00,174180,4385487,3900670,
2026-09-20T08:18:50.298694+00:00,174181,4385512,3905066,
2026-09-20T08:18:50.329140+00:00,174182,4385537,3907718,
2026-09-20T08:18:50.345590+00:00,174183,4385563,3911038,
2026-09-20T08:18:50.377315+00:00,174184,4385588,3914303,
2026-09-20T08:18:50.393394+00:00,174185,4385613,3917038,
2026-09-20T08:18:50.415752+00:00,174186,4385638,3918116,
2026-09-20T08:18:50.457160+00:00,174187,4385663,3919989,
2026-09-20T08:18:50.473187+00:00,174188,4385689,3921575,
2026-09-20T08:18:50.506326+00:00,174189,4385714,3921259,
2026-09-20T08:18:50.521132+00:00,174190,4385739,3921695,
2026-09-20T08:18:50.553355+00:00,174191,4385764,3923256,
2026-09-20T08:18:50.569234+00:00,174192,4385789,3924220,
2026-09-20T08:18:50.601120+00:00,174193,4385814,3924783,
2026-09-20T08:18:50.633127+00:00,174194,4385840,3925780,
2026-09-20T08:18:50.649130+00:00,174195,4385865,3926351,
2026-09-20T08:18:50.681122+00:00,174196,4385890,3926724,
2026-09-20T08:18:50.697122+00:00,174197,4385915,3927323,
2026-09-20T08:18:50.729106+00:00,174198,4385940,3928590,
2026-09-20T08:18:50.745116+00:00,174199,4385965,3929821,
2026-09-20T08:18:50.777546+00:00,174200,4385991,3928144,
2026-09-20T08:18:50.809202+00:00,174201,4386016,3927037,
2026-09-20T08:18:50.825134+00:00,174202,4386041,3926842,
2026-09-20T08:18:50.857407+00:00,174203,4386066,3927493,
2026-09-20T08:18:50.873185+00:00,174204,4386091,3927652,
2026-09-20T08:18:50.905171+00:00,174205,4386117,3927109,
2026-09-20T08:18:50.920837+00:00,174206,4386142,3925308,
2026-09-20T08:18:50.953156+00:00,174207,4386167,3924663,
2026-09-20T08:18:50.988415+00:00,174208,4386192,3925478,
2026-09-20T08:18:51.001659+00:00,174209,4386217,3926249,
2026-09-20T08:18:51.037978+00:00,174210,4386242,3926361,
2026-09-20T08:18:51.049461+00:00,174211,4386268,3926128,
2026-09-20T08:18:51.081937+00:00,174212,4386293,3926132,
2026-09-20T08:18:51.096923+00:00,174213,4386318,3924961,
2026-09-20T08:18:51.129010+00:00,174214,4386343,3922966,
2026-09-20T08:18:51.161557+00:00,174215,4386368,3922576,
2026-09-20T08:18:51.177758+00:00,174216,4386394,3922956,
2026-09-20T08:18:51.209106+00:00,174217,4386419,3922740,
2026-09-20T08:18:51.225153+00:00,174218,4386444,3922128,
2026-09-20T08:18:51.257169+00:00,174219,4386469,3923349,
2026-09-20T08:18:51.289081+00:00,174220,4386494,3924618,
2026-09-20T08:18:51.304756+00:00,174221,4386519,3924580,
2026-09-20T08:18:51.337047+00:00,174222,4386545,3924329,
2026-09-20T08:18:51.353121+00:00,174223,4386570,3924023,
2026-09-20T08:18:51.385120+00:00,174224,4386595,3925130,
2026-09-20T08:18:51.401138+00:00,174225,4386620,3925225,
2026-09-20T08:18:51.432716+00:00,174226,4386645,3924748,
2026-09-20T08:18:51.465102+00:00,174227,4386671,3925540,
2026-09-20T08:18:51.480653+00:00,174228,4386696,3925669,
2026-09-20T08:18:51.513107+00:00,174229,4386721,3924971,
2026-09-20T08:18:51.531947+00:00,174230,4386746,3924181,
2026-09-20T08:18:51.561156+00:00,174231,4386771,3924459,
2026-09-20T08:18:51.577169+00:00,174232,4386796,3925076,
2026-09-20T08:18:51.610388+00:00,174233,4386822,3924953,
2026-09-20T08:18:51.641253+00:00,174234,4386847,3924257,
2026-09-20T08:18:51.657128+00:00,174235,4386872,3924356,
2026-09-20T08:18:51.689151+00:00,174236,4386897,3924744,
2026-09-20T08:18:51.707692+00:00,174237,4386922,3925103,
2026-09-20T08:18:51.737178+00:00,174238,4386947,3926452,
2026-09-20T08:18:51.753434+00:00,174239,4386973,3927560,
2026-09-20T08:18:51.785097+00:00,174240,4386998,3927305,
2026-09-20T08:18:51.817414+00:00,174241,4387023,3925993,
2026-09-20T08:18:51.833110+00:00,174242,4387048,3924870,
2026-09-20T08:18:51.865086+00:00,174243,4387073,3924697,
2026-09-20T08:18:51.880647+00:00,174244,4387099,3925185,
2026-09-20T08:18:51.913102+00:00,174245,4387124,3925159,
2026-09-20T08:18:51.929086+00:00,174246,4387149,3925130,
2026-09-20T08:18:51.961085+00:00,174247,4387174,3925505,
2026-09-20T08:18:51.993112+00:00,174248,4387199,3925595,
2026-09-20T08:18:52.009094+00:00,174249,4387224,3924775,
2026-09-20T08:18:52.041212+00:00,174250,4387250,3924271,
2026-09-20T08:18:52.057091+00:00,174251,4387275,3923441,
2026-09-20T08:18:52.089100+00:00,174252,4387300,3922701,
2026-09-20T08:18:52.105147+00:00,174253,4387325,3923445,
2026-09-20T08:18:52.137103+00:00,174254,4387350,3924358,
2026-09-20T08:18:52.169196+00:00,174255,4387376,3925489,
2026-09-20T08:18:52.185883+00:00,174256,4387401,3926516,
2026-09-20T08:18:52.217560+00:00,174257,4387426,3927277,
2026-09-20T08:18:52.232895+00:00,174258,4387451,3927396,
2026-09-20T08:18:52.265173+00:00,174259,4387476,3927074,
2026-09-20T08:18:52.280862+00:00,174260,4387501,3926644,
2026-09-20T08:18:52.313142+00:00,174261,4387527,3926592,
2026-09-20T08:18:52.345069+00:00,174262,4387552,3926939,
2026-09-20T08:18:52.361094+00:00,174263,4387577,3927146,
2026-09-20T08:18:52.393075+00:00,174264,4387602,3926615,
2026-09-20T08:18:52.409093+00:00,174265,4387627,3925699,
2026-09-20T08:18:52.441092+00:00,174266,4387652,3925401,
2026-09-20T08:18:52.458073+00:00,174267,4387678,3924994,
2026-09-20T08:18:52.489107+00:00,174268,4387703,3924670,
2026-09-20T08:18:52.521156+00:00,174269,4387728,3923499,
2026-09-20T08:18:52.537285+00:00,174270,4387753,3921996,
2026-09-20T08:18:52.569142+00:00,174271,4387778,3922216,
2026-09-20T08:18:52.585103+00:00,174272,4387804,3923478,
2026-09-20T08:18:52.617088+00:00,174273,4387829,3924453,
2026-09-20T08:18:52.633048+00:00,174274,4387854,3924787,
2026-09-20T08:18:52.665073+00:00,174275,4387879,3925748,
2026-09-20T08:18:52.697070+00:00,174276,4387904,3926283,
2026-09-20T08:18:52.714200+00:00,174277,4387929,3925612,
2026-09-20T08:18:52.745206+00:00,174278,4387955,3925744,
2026-09-20T08:18:52.761070+00:00,174279,4387980,3927554,
2026-09-20T08:18:52.793064+00:00,174280,4388005,3929234,
2026-09-20T08:18:52.809431+00:00,174281,4388030,3928475,
2026-09-20T08:18:52.841085+00:00,174282,4388055,3927527,
2026-09-20T08:18:52.873629+00:00,174283,4388081,3927055,
2026-09-20T08:18:52.889721+00:00,174284,4388106,3926998,
2026-09-20T08:18:52.921085+00:00,174285,4388131,3927169,
2026-09-20T08:18:52.937188+00:00,174286,4388156,3927785,
2026-09-20T08:18:52.969068+00:00,174287,4388181,3928810,
2026-09-20T08:18:53.001102+00:00,174288,4388206,3929217,
2026-09-20T08:18:53.017083+00:00,174289,4388232,3928821,
2026-09-20T08:18:53.049464+00:00,174290,4388257,3927826,
2026-09-20T08:18:53.065148+00:00,174291,4388282,3926863,
2026-09-20T08:18:53.098124+00:00,174292,4388307,3926341,
2026-09-20T08:18:53.113104+00:00,174293,4388332,3926844,
2026-09-20T08:18:53.145071+00:00,174294,4388358,3927324,
2026-09-20T08:18:53.178186+00:00,174295,4388383,3927764,
2026-09-20T08:18:53.193056+00:00,174296,4388408,3927662,
2026-09-20T08:18:53.225042+00:00,174297,4388433,3928162,
2026-09-20T08:18:53.241358+00:00,174298,4388458,3928385,
2026-09-20T08:18:53.274174+00:00,174299,4388483,3928935,
2026-09-20T08:18:53.292128+00:00,174300,4388509,3928394,
2026-09-20T08:18:53.323173+00:00,174301,4388534,3927886,
2026-09-20T08:18:53.353081+00:00,174302,4388559,3927079,
2026-09-20T08:18:53.369748+00:00,174303,4388584,3926820,
2026-09-20T08:18:53.401071+00:00,174304,4388609,3927325,
2026-09-20T08:18:53.417321+00:00,174305,4388635,3927178,
2026-09-20T08:18:53.449145+00:00,174306,4388660,3928016,
2026-09-20T08:18:53.465243+00:00,174307,4388685,3928553,
2026-09-20T08:18:53.497098+00:00,174308,4388710,3928256,
2026-09-20T08:18:53.529091+00:00,174309,4388735,3928373,
2026-09-20T08:18:53.545082+00:00,174310,4388760,3929537,
2026-09-20T08:18:53.578142+00:00,174311,4388786,3929272,
2026-09-20T08:18:53.593066+00:00,174312,4388811,3928598,
2026-09-20T08:18:53.626230+00:00,174313,4388836,3927734,
2026-09-20T08:18:53.642297+00:00,174314,4388861,3927110,
2026-09-20T08:18:53.672683+00:00,174315,4388886,3927465,
2026-09-20T08:18:53.706208+00:00,174316,4388911,3927304,
2026-09-20T08:18:53.721043+00:00,174317,4388937,3927398,
2026-09-20T08:18:53.753051+00:00,174318,4388962,3927150,
2026-09-20T08:18:53.769055+00:00,174319,4388987,3927756,
2026-09-20T08:18:53.800754+00:00,174320,4389012,3927643,
2026-09-20T08:18:53.817557+00:00,174321,4389037,3928418,
2026-09-20T08:18:53.849593+00:00,174322,4389063,3929571,
2026-09-20T08:18:53.881069+00:00,174323,4389088,3929581,
2026-09-20T08:18:53.898272+00:00,174324,4389113,3929367,
2026-09-20T08:18:53.929053+00:00,174325,4389138,3929370,
2026-09-20T08:18:53.946079+00:00,174326,4389163,3929558,
2026-09-20T08:18:53.977139+00:00,174327,4389188,3929967,
2026-09-20T08:18:53.993043+00:00,174328,4389214,3929917,
2026-09-20T08:18:54.025062+00:00,174329,4389239,3930119,
2026-09-20T08:18:54.057052+00:00,174330,4389264,3930346,
2026-09-20T08:18:54.073096+00:00,174331,4389289,3931554,
2026-09-20T08:18:54.105051+00:00,174332,4389314,3931496,
2026-09-20T08:18:54.122130+00:00,174333,4389340,3930753,
2026-09-20T08:18:54.152916+00:00,174334,4389365,3931279,
2026-09-20T08:18:54.169283+00:00,174335,4389390,3931578,
2026-09-20T08:18:54.201037+00:00,174336,4389415,3931887,
2026-09-20T08:18:54.233047+00:00,174337,4389440,3931141,
2026-09-20T08:18:54.249407+00:00,174338,4389465,3932348,
2026-09-20T08:18:54.281736+00:00,174339,4389491,3933996,
2026-09-20T08:18:54.297069+00:00,174340,4389516,3936403,
2026-09-20T08:18:54.329162+00:00,174341,4389541,3940913,
2026-09-20T08:18:54.345028+00:00,174342,4389566,3950772,
2026-09-20T08:18:54.377058+00:00,174343,4389591,3968795,
2026-09-20T08:18:54.409459+00:00,174344,4389617,3998572,
2026-09-20T08:18:54.425058+00:00,174345,4389642,4048261,
2026-09-20T08:18:54.457050+00:00,174346,4389667,4130314,
2026-09-20T08:18:54.472831+00:00,174347,4389692,4238456,
2026-09-20T08:18:54.505641+00:00,174348,4389717,4345553,
2026-09-20T08:18:54.521046+00:00,174349,4389742,4415541,
2026-09-20T08:18:54.553573+00:00,174350,4389768,4405835,
2026-09-20T08:18:54.585059+00:00,174351,4389793,4329673,
2026-09-20T08:18:54.601699+00:00,174352,4389818,4248374,
2026-09-20T08:18:54.632936+00:00,174353,4389843,4190388,
2026-09-20T08:18:54.650117+00:00,174354,4389868,4151662,
2026-09-20T08:18:54.680875+00:00,174355,4389894,4123832,
2026-09-20T08:18:54.712782+00:00,174356,4389919,4104405,
2026-09-20T08:18:54.728770+00:00,174357,4389944,4080459,
2026-09-20T08:18:54.761032+00:00,174358,4389969,4049806,
2026-09-20T08:18:54.777022+00:00,174359,4389994,4030385,
2026-09-20T08:18:54.809477+00:00,174360,4390019,4014823,
2026-09-20T08:18:54.825142+00:00,174361,4390045,3999329,
2026-09-20T08:18:54.857068+00:00,174362,4390070,3988842,
2026-09-20T08:18:54.888665+00:00,174363,4390095,3986948,
2026-09-20T08:18:54.905022+00:00,174364,4390120,3979551,
2026-09-20T08:18:54.936644+00:00,174365,4390145,3957266,
2026-09-20T08:18:54.953011+00:00,174366,4390170,3939280,
2026-09-20T08:18:54.981006+00:00,174367,4390196,3926770,
2026-09-20T08:18:54.997360+00:00,174368,4390221,3912029,
2026-09-20T08:18:55.024195+00:00,174369,4390246,3898641,
2026-09-20T08:18:55.056848+00:00,174370,4390271,3892470,
2026-09-20T08:18:55.071207+00:00,174371,4390296,3882722,
2026-09-20T08:18:55.103367+00:00,174372,4390322,3865105,
2026-09-20T08:18:55.118301+00:00,174373,4390347,3848684,
2026-09-20T08:18:55.156968+00:00,174374,4390372,3844815,
2026-09-20T08:18:55.173729+00:00,174375,4390397,3842554,
2026-09-20T08:18:55.206913+00:00,174376,4390422,3835744,
2026-09-20T08:18:55.241058+00:00,174377,4390447,3836689,
2026-09-20T08:18:55.257025+00:00,174378,4390473,3820908,
2026-09-20T08:18:55.279553+00:00,174379,4390498,3754974,
2026-09-20T08:18:55.294660+00:00,174380,4390523,3635842,
2026-09-20T08:18:55.323714+00:00,174381,4390548,3498549,
2026-09-20T08:18:55.339540+00:00,174382,4390573,3388836,
2026-09-20T08:18:55.371479+00:00,174383,4390599,3325755,
2026-09-20T08:18:55.403285+00:00,174384,4390624,3320337,
2026-09-20T08:18:55.433209+00:00,174385,4390649,3392336,
2026-09-20T08:18:55.457144+00:00,174386,4390674,3504661,
2026-09-20T08:18:55.474113+00:00,174387,4390699,3612382,
2026-09-20T08:18:55.505282+00:00,174388,4390724,3699970,
2026-09-20T08:18:55.520577+00:00,174389,4390750,3766740,
2026-09-20T08:18:55.556717+00:00,174390,4390775,3816160,
2026-09-20T08:18:55.591615+00:00,174391,4390800,3849343,
2026-09-20T08:18:55.608249+00:00,174392,4390825,3870076,
2026-09-20T08:18:55.640450+00:00,174393,4390850,3883971,
2026-09-20T08:18:55.655020+00:00,174394,4390876,3893004,
2026-09-20T08:18:55.688995+00:00,174395,4390901,3899595,
2026-09-20T08:18:55.699337+00:00,174396,4390926,3904823,
2026-09-20T08:18:55.736999+00:00,174397,4390951,3909077,
2026-09-20T08:18:55.765250+00:00,174398,4390976,3910630,
2026-09-20T08:18:55.784697+00:00,174399,4391001,3912653,
2026-09-20T08:18:55.809557+00:00,174400,4391027,3915770,
2026-09-20T08:18:55.831967+00:00,174401,4391052,3917958,
2026-09-20T08:18:55.865525+00:00,174402,4391077,3918088,
2026-09-20T08:18:55.881293+00:00,174403,4391102,3918214,
2026-09-20T08:18:55.906576+00:00,174404,4391127,3918231,
2026-09-20T08:18:55.944985+00:00,174405,4391153,3918871,
2026-09-20T08:18:55.961013+00:00,174406,4391178,3919432,
2026-09-20T08:18:55.981033+00:00,174407,4391203,3920024,
2026-09-20T08:18:55.998429+00:00,174408,4391228,3920503,
2026-09-20T08:18:56.032062+00:00,174409,4391253,3920552,
2026-09-20T08:18:56.057214+00:00,174410,4391278,3920769,
2026-09-20T08:18:56.083133+00:00,174411,4391304,3921763,
2026-09-20T08:18:56.115616+00:00,174412,4391329,3922883,
2026-09-20T08:18:56.136935+00:00,174413,4391354,3924930,
2026-09-20T08:18:56.169543+00:00,174414,4391379,3926641,
2026-09-20T08:18:56.182282+00:00,174415,4391404,3927167,
2026-09-20T08:18:56.217786+00:00,174416,4391430,3926505,
2026-09-20T08:18:56.224155+00:00,174417,4391455,3925633,
2026-09-20T08:18:56.265413+00:00,174418,4391480,3925071,
2026-09-20T08:18:56.297646+00:00,174419,4391505,3925162,
2026-09-20T08:18:56.298285+00:00,174420,4391530,3926187,
2026-09-20T08:18:56.340737+00:00,174421,4391555,3927707,
2026-09-20T08:18:56.349149+00:00,174422,4391581,3927645,
2026-09-20T08:18:56.390816+00:00,174423,4391606,3926393,
2026-09-20T08:18:56.420588+00:00,174424,4391631,3925194,
2026-09-20T08:18:56.440971+00:00,174425,4391656,3924219,
2026-09-20T08:18:56.472602+00:00,174426,4391681,3923219,
2026-09-20T08:18:56.480879+00:00,174427,4391707,3922427,
2026-09-20T08:18:56.513450+00:00,174428,4391732,3923106,
2026-09-20T08:18:56.527926+00:00,174429,4391757,3924627,
2026-09-20T08:18:56.561026+00:00,174430,4391782,3925415,
2026-09-20T08:18:56.598692+00:00,174431,4391807,3924830,
2026-09-20T08:18:56.616977+00:00,174432,4391832,3923982,
2026-09-20T08:18:56.648976+00:00,174433,4391858,3924754,
2026-09-20T08:18:56.664976+00:00,174434,4391883,3927009,
2026-09-20T08:18:56.697799+00:00,174435,4391908,3927495,
2026-09-20T08:18:56.699593+00:00,174436,4391933,3927891,
2026-09-20T08:18:56.739289+00:00,174437,4391958,3928222,
2026-09-20T08:18:56.777385+00:00,174438,4391983,3927968,
2026-09-20T08:18:56.793066+00:00,174439,4392009,3928136,
2026-09-20T08:18:56.824998+00:00,174440,4392034,3928419,
2026-09-20T08:18:56.840518+00:00,174441,4392059,3928446,
2026-09-20T08:18:56.871273+00:00,174442,4392084,3928310,
2026-09-20T08:18:56.889147+00:00,174443,4392109,3928658,
2026-09-20T08:18:56.906702+00:00,174444,4392135,3928199,
2026-09-20T08:18:56.938053+00:00,174445,4392160,3927310,
2026-09-20T08:18:56.969208+00:00,174446,4392185,3927631,
2026-09-20T08:18:56.997717+00:00,174447,4392210,3927307,
2026-09-20T08:18:57.013601+00:00,174448,4392235,3927185,
2026-09-20T08:18:57.047356+00:00,174449,4392260,3927137,
2026-09-20T08:18:57.061865+00:00,174450,4392286,3926671,
2026-09-20T08:18:57.096969+00:00,174451,4392311,3926397,
2026-09-20T08:18:57.124661+00:00,174452,4392336,3926573,
2026-09-20T08:18:57.140017+00:00,174453,4392361,3926997,
2026-09-20T08:18:57.168919+00:00,174454,4392386,3927703,
2026-09-20T08:18:57.189705+00:00,174455,4392412,3928259,
2026-09-20T08:18:57.222675+00:00,174456,4392437,3928693,
2026-09-20T08:18:57.238567+00:00,174457,4392462,3929001,
2026-09-20T08:18:57.270894+00:00,174458,4392487,3929212,
2026-09-20T08:18:57.301635+00:00,174459,4392512,3929606,
2026-09-20T08:18:57.321122+00:00,174460,4392537,3929287,
2026-09-20T08:18:57.340352+00:00,174461,4392563,3929517,
2026-09-20T08:18:57.356116+00:00,174462,4392588,3930019,
2026-09-20T08:18:57.387644+00:00,174463,4392613,3929909,
2026-09-20T08:18:57.416962+00:00,174464,4392638,3929838,
2026-09-20T08:18:57.435073+00:00,174465,4392663,3930107,
2026-09-20T08:18:57.480947+00:00,174466,4392688,3929838,
2026-09-20T08:18:57.496957+00:00,174467,4392714,3929573,
2026-09-20T08:18:57.528068+00:00,174468,4392739,3929219,
2026-09-20T08:18:57.544222+00:00,174469,4392764,3928996,
2026-09-20T08:18:57.574937+00:00,174470,4392789,3928680,
2026-09-20T08:18:57.590934+00:00,174471,4392814,3928472,
2026-09-20T08:18:57.624991+00:00,174472,4392840,3927920,
2026-09-20T08:18:57.655365+00:00,174473,4392865,3928017,
2026-09-20T08:18:57.673117+00:00,174474,4392890,3928490,
2026-09-20T08:18:57.704591+00:00,174475,4392915,3928740,
2026-09-20T08:18:57.721002+00:00,174476,4392940,3929002,
2026-09-20T08:18:57.752114+00:00,174477,4392965,3929165,
2026-09-20T08:18:57.766867+00:00,174478,4392991,3929629,
2026-09-20T08:18:57.798377+00:00,174479,4393016,3929813,
2026-09-20T08:18:57.833010+00:00,174480,4393041,3929641,
2026-09-20T08:18:57.848918+00:00,174481,4393066,3929142,
2026-09-20T08:18:57.873622+00:00,174482,4393091,3928740,
2026-09-20T08:18:57.888523+00:00,174483,4393117,3927736,
2026-09-20T08:18:57.919104+00:00,174484,4393142,3927425,
2026-09-20T08:18:57.938623+00:00,174485,4393167,3927618,
2026-09-20T08:18:57.976964+00:00,174486,4393192,3928203,
2026-09-20T08:18:57.996637+00:00,174487,4393217,3928411,
2026-09-20T08:18:58.012323+00:00,174488,4393242,3928052,
2026-09-20T08:18:58.056965+00:00,174489,4393268,3928246,
2026-09-20T08:18:58.073001+00:00,174490,4393293,3928908,
2026-09-20T08:18:58.105680+00:00,174491,4393318,3929191,
2026-09-20T08:18:58.138104+00:00,174492,4393343,3928378,
2026-09-20T08:18:58.152513+00:00,174493,4393368,3927616,
2026-09-20T08:18:58.184935+00:00,174494,4393394,3928289,
2026-09-20T08:18:58.198986+00:00,174495,4393419,3928700,
2026-09-20T08:18:58.224023+00:00,174496,4393444,3927844,
2026-09-20T08:18:58.240788+00:00,174497,4393469,3927947,
2026-09-20T08:18:58.272275+00:00,174498,4393494,3928499,
2026-09-20T08:18:58.303128+00:00,174499,4393519,3928907,
2026-09-20T08:18:58.323045+00:00,174500,4393545,3928196,
2026-09-20T08:18:58.361060+00:00,174501,4393570,3926823,
2026-09-20T08:18:58.376654+00:00,174502,4393595,3926603,
2026-09-20T08:18:58.408951+00:00,174503,4393620,3928069,
2026-09-20T08:18:58.424938+00:00,174504,4393645,3928273,
2026-09-20T08:18:58.456937+00:00,174505,4393670,3927185,
2026-09-20T08:18:58.488956+00:00,174506,4393696,3926467,
2026-09-20T08:18:58.504919+00:00,174507,4393721,3927144,
2026-09-20T08:18:58.536986+00:00,174508,4393746,3928353,
2026-09-20T08:18:58.552929+00:00,174509,4393771,3928990,
2026-09-20T08:18:58.585666+00:00,174510,4393796,3928610,
2026-09-20T08:18:58.600927+00:00,174511,4393822,3927005,
2026-09-20T08:18:58.632914+00:00,174512,4393847,3927531,
2026-09-20T08:18:58.664927+00:00,174513,4393872,3928328,
2026-09-20T08:18:58.680961+00:00,174514,4393897,3928460,
2026-09-20T08:18:58.712940+00:00,174515,4393922,3928651,
2026-09-20T08:18:58.728866+00:00,174516,4393947,3928058,
2026-09-20T08:18:58.762157+00:00,174517,4393973,3927906,
2026-09-20T08:18:58.776954+00:00,174518,4393998,3929157,
2026-09-20T08:18:58.808933+00:00,174519,4394023,3929076,
2026-09-20T08:18:58.840936+00:00,174520,4394048,3928565,
2026-09-20T08:18:58.856919+00:00,174521,4394073,3929039,
2026-09-20T08:18:58.890009+00:00,174522,4394099,3929495,
2026-09-20T08:18:58.905402+00:00,174523,4394124,3930503,
2026-09-20T08:18:58.938052+00:00,174524,4394149,3930518,
2026-09-20T08:18:58.952927+00:00,174525,4394174,3930028,
2026-09-20T08:18:58.984885+00:00,174526,4394199,3929655,
2026-09-20T08:18:59.018014+00:00,174527,4394224,3929771,
2026-09-20T08:18:59.041161+00:00,174528,4394250,3930387,
2026-09-20T08:18:59.065201+00:00,174529,4394275,3930759,
2026-09-20T08:18:59.080856+00:00,174530,4394300,3931659,
2026-09-20T08:18:59.113281+00:00,174531,4394325,3931367,
2026-09-20T08:18:59.128918+00:00,174532,4394350,3930798,
2026-09-20T08:18:59.160932+00:00,174533,4394376,3930822,
2026-09-20T08:18:59.192989+00:00,174534,4394401,3931148,
2026-09-20T08:18:59.208901+00:00,174535,4394426,3930831,
2026-09-20T08:18:59.241898+00:00,174536,4394451,3930675,
2026-09-20T08:18:59.256421+00:00,174537,4394476,3931562,
2026-09-20T08:18:59.288912+00:00,174538,4394501,3932361,
2026-09-20T08:18:59.306296+00:00,174539,4394527,3933008,
2026-09-20T08:18:59.336937+00:00,174540,4394552,3933063,
2026-09-20T08:18:59.373945+00:00,174541,4394577,3932426,
2026-09-20T08:18:59.384974+00:00,174542,4394602,3931096,
2026-09-20T08:18:59.416930+00:00,174543,4394627,3930785,
2026-09-20T08:18:59.432919+00:00,174544,4394653,3930618,
2026-09-20T08:18:59.465139+00:00,174545,4394678,3930835,
2026-09-20T08:18:59.480699+00:00,174546,4394703,3931695,
2026-09-20T08:18:59.512906+00:00,174547,4394728,3931936,
2026-09-20T08:18:59.544905+00:00,174548,4394753,3931782,
2026-09-20T08:18:59.560953+00:00,174549,4394778,3932154,
2026-09-20T08:18:59.592908+00:00,174550,4394804,3933665,
2026-09-20T08:18:59.608901+00:00,174551,4394829,3937075,
2026-09-20T08:18:59.640900+00:00,174552,4394854,3941264,
2026-09-20T08:18:59.657343+00:00,174553,4394879,3946639,
2026-09-20T08:18:59.688919+00:00,174554,4394904,3952173,
2026-09-20T08:18:59.720883+00:00,174555,4394930,3966461,
2026-09-20T08:18:59.736893+00:00,174556,4394955,3988430,
2026-09-20T08:18:59.769128+00:00,174557,4394980,4015059,
2026-09-20T08:18:59.784891+00:00,174558,4395005,4058083,
2026-09-20T08:18:59.816922+00:00,174559,4395030,4115063,
2026-09-20T08:18:59.848868+00:00,174560,4395055,4181497,
2026-09-20T08:18:59.864898+00:00,174561,4395081,4245869,
2026-09-20T08:18:59.896444+00:00,174562,4395106,4286062,
2026-09-20T08:18:59.912871+00:00,174563,4395131,4287896,
2026-09-20T08:18:59.944901+00:00,174564,4395156,4263770,
2026-09-20T08:18:59.961341+00:00,174565,4395181,4241235,
2026-09-20T08:18:59.992949+00:00,174566,4395206,4224079,
2026-09-20T08:19:00.024777+00:00,174567,4395232,4202039,
2026-09-20T08:19:00.040687+00:00,174568,4395257,4179447,
2026-09-20T08:19:00.072871+00:00,174569,4395282,4157189,
2026-09-20T08:19:00.088872+00:00,174570,4395307,4143069,
2026-09-20T08:19:00.120887+00:00,174571,4395332,4125488,
2026-09-20T08:19:00.137015+00:00,174572,4395358,4085528,
2026-09-20T08:19:00.169040+00:00,174573,4395383,4043841,
2026-09-20T08:19:00.200879+00:00,174574,4395408,4020498,
2026-09-20T08:19:00.217222+00:00,174575,4395433,3996499,
2026-09-20T08:19:00.248838+00:00,174576,4395458,3970499,
2026-09-20T08:19:00.264847+00:00,174577,4395483,3960307,
2026-09-20T08:19:00.296876+00:00,174578,4395509,3952683,
2026-09-20T08:19:00.312925+00:00,174579,4395534,3937724,
2026-09-20T08:19:00.344872+00:00,174580,4395559,3922340,
2026-09-20T08:19:00.377400+00:00,174581,4395584,3912033,
2026-09-20T08:19:00.393552+00:00,174582,4395609,3900270,
2026-09-20T08:19:00.424874+00:00,174583,4395635,3889675,
2026-09-20T08:19:00.442000+00:00,174584,4395660,3877929,
2026-09-20T08:19:00.474954+00:00,174585,4395685,3847369,
2026-09-20T08:19:00.488872+00:00,174586,4395710,3813277,
2026-09-20T08:19:00.521367+00:00,174587,4395735,3801485,
2026-09-20T08:19:00.552901+00:00,174588,4395760,3782173,
2026-09-20T08:19:00.570863+00:00,174589,4395786,3747161,
2026-09-20T08:19:00.601122+00:00,174590,4395811,3713908,
2026-09-20T08:19:00.616880+00:00,174591,4395836,3664372,
2026-09-20T08:19:00.648867+00:00,174592,4395861,3577117,
2026-09-20T08:19:00.665046+00:00,174593,4395886,3459627,
2026-09-20T08:19:00.696866+00:00,174594,4395912,3357871,
2026-09-20T08:19:00.728871+00:00,174595,4395937,3338171,
2026-09-20T08:19:00.744909+00:00,174596,4395962,3401140,
2026-09-20T08:19:00.776908+00:00,174597,4395987,3506579,
2026-09-20T08:19:00.792908+00:00,174598,4396012,3613408,
2026-09-20T08:19:00.824911+00:00,174599,4396037,3701730,
2026-09-20T08:19:00.840907+00:00,174600,4396063,3767980,
2026-09-20T08:19:00.872910+00:00,174601,4396088,3815228,
2026-09-20T08:19:00.904914+00:00,174602,4396113,3848430,
2026-09-20T08:19:00.920907+00:00,174603,4396138,3870899,
2026-09-20T08:19:00.952907+00:00,174604,4396163,3886920,
2026-09-20T08:19:00.968907+00:00,174605,4396189,3896579,
2026-09-20T08:19:01.000908+00:00,174606,4396214,3901016,
2026-09-20T08:19:01.016908+00:00,174607,4396239,3904342,
2026-09-20T08:19:01.048908+00:00,174608,4396264,3907560,
2026-09-20T08:19:01.080907+00:00,174609,4396289,3910265,
2026-09-20T08:19:01.096907+00:00,174610,4396314,3911870,
2026-09-20T08:19:01.128927+00:00,174611,4396340,3912516,
2026-09-20T08:19:01.144910+00:00,174612,4396365,3914020,
2026-09-20T08:19:01.177914+00:00,174613,4396390,3914515,
2026-09-20T08:19:01.193913+00:00,174614,4396415,3914714,
2026-09-20T08:19:01.224907+00:00,174615,4396440,3915877,
2026-09-20T08:19:01.256907+00:00,174616,4396465,3917454,
2026-09-20T08:19:01.272907+00:00,174617,4396491,3918852,
2026-09-20T08:19:01.304965+00:00,174618,4396516,3918997,
2026-09-20T08:19:01.320909+00:00,174619,4396541,3919068,
2026-09-20T08:19:01.352920+00:00,174620,4396566,3919630,
2026-09-20T08:19:01.368921+00:00,174621,4396591,3919415,
2026-09-20T08:19:01.400922+00:00,174622,4396617,3919058,
2026-09-20T08:19:01.432918+00:00,174623,4396642,3918820,
2026-09-20T08:19:01.448907+00:00,174624,4396667,3919466,
2026-09-20T08:19:01.480908+00:00,174625,4396692,3920573,
2026-09-20T08:19:01.496920+00:00,174626,4396717,3920008,
2026-09-20T08:19:01.528924+00:00,174627,4396742,3918998,
2026-09-20T08:19:01.560909+00:00,174628,4396768,3918755,
2026-09-20T08:19:01.576938+00:00,174629,4396793,3918809,
2026-09-20T08:19:01.608915+00:00,174630,4396818,3918969,
2026-09-20T08:19:01.624924+00:00,174631,4396843,3919145,
2026-09-20T08:19:01.656907+00:00,174632,4396868,3919440,
2026-09-20T08:19:01.672941+00:00,174633,4396894,3919466,
2026-09-20T08:19:01.704908+00:00,174634,4396919,3918593,
2026-09-20T08:19:01.736913+00:00,174635,4396944,3917671,
2026-09-20T08:19:01.752908+00:00,174636,4396969,3919264,
2026-09-20T08:19:01.784920+00:00,174637,4396994,3919881,
2026-09-20T08:19:01.800914+00:00,174638,4397019,3919200,
2026-09-20T08:19:01.835283+00:00,174639,4397045,3918355,
2026-09-20T08:19:01.848913+00:00,174640,4397070,3918329,
2026-09-20T08:19:01.880922+00:00,174641,4397095,3919731,
2026-09-20T08:19:01.912908+00:00,174642,4397120,3920124,
2026-09-20T08:19:01.928908+00:00,174643,4397145,3919841,
2026-09-20T08:19:01.960907+00:00,174644,4397171,3920137,
2026-09-20T08:19:01.976908+00:00,174645,4397196,3921751,
2026-09-20T08:19:02.008907+00:00,174646,4397221,3922800,
2026-09-20T08:19:02.024926+00:00,174647,4397246,3922791,
2026-09-20T08:19:02.056918+00:00,174648,4397271,3922364,
2026-09-20T08:19:02.088501+00:00,174649,4397296,3922308,
2026-09-20T08:19:02.105026+00:00,174650,4397322,3922114,
2026-09-20T08:19:02.136847+00:00,174651,4397347,3922637,
2026-09-20T08:19:02.152826+00:00,174652,4397372,3923660,
2026-09-20T08:19:02.184833+00:00,174653,4397397,3923107,
2026-09-20T08:19:02.200696+00:00,174654,4397422,3921944,
2026-09-20T08:19:02.232870+00:00,174655,4397448,3921032,
2026-09-20T08:19:02.265073+00:00,174656,4397473,3921257,
2026-09-20T08:19:02.280865+00:00,174657,4397498,3921949,
2026-09-20T08:19:02.312841+00:00,174658,4397523,3921522,
2026-09-20T08:19:02.328832+00:00,174659,4397548,3921554,
2026-09-20T08:19:02.361687+00:00,174660,4397573,3921787,
2026-09-20T08:19:02.380271+00:00,174661,4397599,3923274,
2026-09-20T08:19:02.408459+00:00,174662,4397624,3924347,
2026-09-20T08:19:02.440831+00:00,174663,4397649,3924641,
2026-09-20T08:19:02.456508+00:00,174664,4397674,3925330,
2026-09-20T08:19:02.478814+00:00,174665,4397699,3926384,
2026-09-20T08:19:02.504810+00:00,174666,4397725,3926273,
2026-09-20T08:19:02.536828+00:00,174667,4397750,3926043,
2026-09-20T08:19:02.552842+00:00,174668,4397775,3927274,
2026-09-20T08:19:02.572924+00:00,174669,4397800,3928005,
2026-09-20T08:19:02.607104+00:00,174670,4397825,3927360,
2026-09-20T08:19:02.619986+00:00,174671,4397850,3926390,
2026-09-20T08:19:02.651402+00:00,174672,4397876,3926253,
2026-09-20T08:19:02.666562+00:00,174673,4397901,3925737,
2026-09-20T08:19:02.697879+00:00,174674,4397926,3925249,
2026-09-20T08:19:02.729054+00:00,174675,4397951,3925356,
2026-09-20T08:19:02.760925+00:00,174676,4397976,3924047,
2026-09-20T08:19:02.792880+00:00,174677,4398002,3923162,
2026-09-20T08:19:02.808934+00:00,174678,4398027,3923806,
2026-09-20T08:19:02.826180+00:00,174679,4398052,3924607,
2026-09-20T08:19:02.841800+00:00,174680,4398077,3923611,
2026-09-20T08:19:02.888819+00:00,174681,4398102,3923343,
2026-09-20T08:19:02.905556+00:00,174682,4398127,3922656,
2026-09-20T08:19:02.936279+00:00,174683,4398153,3921703,
2026-09-20T08:19:02.970992+00:00,174684,4398178,3921751,
2026-09-20T08:19:02.974261+00:00,174685,4398203,3922658,
2026-09-20T08:19:03.006997+00:00,174686,4398228,3923979,
2026-09-20T08:19:03.021465+00:00,174687,4398253,3925297,
2026-09-20T08:19:03.059436+00:00,174688,4398279,3924892,
2026-09-20T08:19:03.076817+00:00,174689,4398304,3924432,
2026-09-20T08:19:03.112819+00:00,174690,4398329,3924158,
2026-09-20T08:19:03.144817+00:00,174691,4398354,3924638,
2026-09-20T08:19:03.152490+00:00,174692,4398379,3925583,
2026-09-20T08:19:03.189661+00:00,174693,4398404,3925856,
2026-09-20T08:19:03.207761+00:00,174694,4398430,3925618,
2026-09-20T08:19:03.241683+00:00,174695,4398455,3926405,
2026-09-20T08:19:03.262964+00:00,174696,4398480,3927467,
2026-09-20T08:19:03.278675+00:00,174697,4398505,3928382,
2026-09-20T08:19:03.310086+00:00,174698,4398530,3927749,
2026-09-20T08:19:03.338659+00:00,174699,4398556,3926662,
2026-09-20T08:19:03.374183+00:00,174700,4398581,3925892,
2026-09-20T08:19:03.384847+00:00,174701,4398606,3925719,
2026-09-20T08:19:03.416825+00:00,174702,4398631,3925462,
2026-09-20T08:19:03.448817+00:00,174703,4398656,3925665,
2026-09-20T08:19:03.465151+00:00,174704,4398681,3926611,
2026-09-20T08:19:03.496797+00:00,174705,4398707,3926596,
2026-09-20T08:19:03.512859+00:00,174706,4398732,3926931,
2026-09-20T08:19:03.544854+00:00,174707,4398757,3927841,
2026-09-20T08:19:03.560845+00:00,174708,4398782,3928648,
2026-09-20T08:19:03.592833+00:00,174709,4398807,3928948,
2026-09-20T08:19:03.624803+00:00,174710,4398833,3928477,
2026-09-20T08:19:03.641540+00:00,174711,4398858,3927665,
2026-09-20T08:19:03.672831+00:00,174712,4398883,3926784,
2026-09-20T08:19:03.688798+00:00,174713,4398908,3927108,
2026-09-20T08:19:03.720799+00:00,174714,4398933,3926509,
2026-09-20T08:19:03.736786+00:00,174715,4398958,3925797,
2026-09-20T08:19:03.768793+00:00,174716,4398984,3925338,
2026-09-20T08:19:03.800461+00:00,174717,4399009,3924716,
2026-09-20T08:19:03.816783+00:00,174718,4399034,3924447,
2026-09-20T08:19:03.848681+00:00,174719,4399059,3924864,
2026-09-20T08:19:03.865142+00:00,174720,4399084,3925440,
2026-09-20T08:19:03.896782+00:00,174721,4399109,3926246,
2026-09-20T08:19:03.912792+00:00,174722,4399135,3927042,
2026-09-20T08:19:03.944816+00:00,174723,4399160,3927507,
2026-09-20T08:19:03.977533+00:00,174724,4399185,3927112,
2026-09-20T08:19:03.992784+00:00,174725,4399210,3926818,
2026-09-20T08:19:04.024782+00:00,174726,4399235,3927926,
2026-09-20T08:19:04.040782+00:00,174727,4399261,3927912,
2026-09-20T08:19:04.072808+00:00,174728,4399286,3927472,
2026-09-20T08:19:04.088781+00:00,174729,4399311,3927130,
2026-09-20T08:19:04.120841+00:00,174730,4399336,3926695,
2026-09-20T08:19:04.152867+00:00,174731,4399361,3927149,
2026-09-20T08:19:04.169057+00:00,174732,4399386,3927350,
2026-09-20T08:19:04.200815+00:00,174733,4399412,3926755,
2026-09-20T08:19:04.216767+00:00,174734,4399437,3926600,
2026-09-20T08:19:04.248750+00:00,174735,4399462,3927328,
2026-09-20T08:19:04.266125+00:00,174736,4399487,3929039,
2026-09-20T08:19:04.298101+00:00,174737,4399512,3930867,
2026-09-20T08:19:04.328842+00:00,174738,4399538,3932204,
2026-09-20T08:19:04.344813+00:00,174739,4399563,3932470,
2026-09-20T08:19:04.376816+00:00,174740,4399588,3931756,
2026-09-20T08:19:04.393012+00:00,174741,4399613,3931438,
2026-09-20T08:19:04.424833+00:00,174742,4399638,3931447,
2026-09-20T08:19:04.440818+00:00,174743,4399663,3930743,
2026-09-20T08:19:04.474877+00:00,174744,4399689,3929733,
2026-09-20T08:19:04.510125+00:00,174745,4399714,3928979,
2026-09-20T08:19:04.520777+00:00,174746,4399739,3927614,
2026-09-20T08:19:04.552818+00:00,174747,4399764,3926337,
2026-09-20T08:19:04.569143+00:00,174748,4399789,3926269,
2026-09-20T08:19:04.607960+00:00,174749,4399815,3927459,
2026-09-20T08:19:04.616778+00:00,174750,4399840,3928138,
2026-09-20T08:19:04.649566+00:00,174751,4399865,3927916,
2026-09-20T08:19:04.684114+00:00,174752,4399890,3927598,
2026-09-20T08:19:04.696781+00:00,174753,4399915,3928097,
2026-09-20T08:19:04.728976+00:00,174754,4399940,3929583,
2026-09-20T08:19:04.744769+00:00,174755,4399966,3929783,
2026-09-20T08:19:04.776750+00:00,174756,4399991,3929788,
2026-09-20T08:19:04.808760+00:00,174757,4400016,3930018,
2026-09-20T08:19:04.824768+00:00,174758,4400041,3930293,
2026-09-20T08:19:04.856815+00:00,174759,4400066,3930202,
2026-09-20T08:19:04.875468+00:00,174760,4400092,3931025,
2026-09-20T08:19:04.905938+00:00,174761,4400117,3931963,
2026-09-20T08:19:04.921349+00:00,174762,4400142,3931901,
2026-09-20T08:19:04.952768+00:00,174763,4400167,3932012,
2026-09-20T08:19:04.987338+00:00,174764,4400192,3933053,
2026-09-20T08:19:05.003921+00:00,174765,4400217,3934276,
2026-09-20T08:19:05.032788+00:00,174766,4400243,3937056,
2026-09-20T08:19:05.049492+00:00,174767,4400268,3941708,
2026-09-20T08:19:05.080790+00:00,174768,4400293,3945003,
2026-09-20T08:19:05.096762+00:00,174769,4400318,3947778,
2026-09-20T08:19:05.128989+00:00,174770,4400343,3954907,
2026-09-20T08:19:05.160779+00:00,174771,4400369,3970862,
2026-09-20T08:19:05.176753+00:00,174772,4400394,3991951,
2026-09-20T08:19:05.208772+00:00,174773,4400419,4021038,
2026-09-20T08:19:05.224807+00:00,174774,4400444,4062919,
2026-09-20T08:19:05.256794+00:00,174775,4400469,4115001,
2026-09-20T08:19:05.272796+00:00,174776,4400494,4168894,
2026-09-20T08:19:05.305915+00:00,174777,4400520,4227537,
2026-09-20T08:19:05.336941+00:00,174778,4400545,4285557,
2026-09-20T08:19:05.352787+00:00,174779,4400570,4313292,
2026-09-20T08:19:05.386518+00:00,174780,4400595,4299784,
2026-09-20T08:19:05.400756+00:00,174781,4400620,4271070,
2026-09-20T08:19:05.433022+00:00,174782,4400645,4244124,
2026-09-20T08:19:05.449893+00:00,174783,4400671,4214516,
2026-09-20T08:19:05.481901+00:00,174784,4400696,4195980,
2026-09-20T08:19:05.512761+00:00,174785,4400721,4178377,
2026-09-20T08:19:05.528769+00:00,174786,4400746,4141416,
2026-09-20T08:19:05.560831+00:00,174787,4400771,4102968,
2026-09-20T08:19:05.577051+00:00,174788,4400797,4078012,
2026-09-20T08:19:05.608656+00:00,174789,4400822,4040084,
2026-09-20T08:19:05.624828+00:00,174790,4400847,3983160,
2026-09-20T08:19:05.656748+00:00,174791,4400872,3936501,
2026-09-20T08:19:05.688739+00:00,174792,4400897,3915156,
2026-09-20T08:19:05.704770+00:00,174793,4400922,3910057,
2026-09-20T08:19:05.739388+00:00,174794,4400948,3904530,
2026-09-20T08:19:05.752779+00:00,174795,4400973,3901830,
2026-09-20T08:19:05.784737+00:00,174796,4400998,3911720,
2026-09-20T08:19:05.809976+00:00,174797,4401023,3925244,
2026-09-20T08:19:05.833202+00:00,174798,4401048,3929206,
2026-09-20T08:19:05.865117+00:00,174799,4401074,3929224,
2026-09-20T08:19:05.881450+00:00,174800,4401099,3930471,
2026-09-20T08:19:05.912757+00:00,174801,4401124,3925467,
2026-09-20T08:19:05.929865+00:00,174802,4401149,3916366,
2026-09-20T08:19:05.961916+00:00,174803,4401174,3915379,
2026-09-20T08:19:05.976884+00:00,174804,4401199,3917423,
2026-09-20T08:19:06.008802+00:00,174805,4401225,3906003,
2026-09-20T08:19:06.041852+00:00,174806,4401250,3886830,
2026-09-20T08:19:06.057299+00:00,174807,4401275,3879446,
2026-09-20T08:19:06.088782+00:00,174808,4401300,3885884,
2026-09-20T08:19:06.106590+00:00,174809,4401325,3888771,
2026-09-20T08:19:06.136846+00:00,174810,4401350,3888313,
2026-09-20T08:19:06.152742+00:00,174811,4401376,3894653,
2026-09-20T08:19:06.185041+00:00,174812,4401401,3905017,
2026-09-20T08:19:06.216741+00:00,174813,4401426,3905592,
2026-09-20T08:19:06.232809+00:00,174814,4401451,3896773,
2026-09-20T08:19:06.265403+00:00,174815,4401476,3867410,
2026-09-20T08:19:06.280702+00:00,174816,4401502,3787141,
2026-09-20T08:19:06.312784+00:00,174817,4401527,3622670,
2026-09-20T08:19:06.329180+00:00,174818,4401552,3413603,
2026-09-20T08:19:06.360787+00:00,174819,4401577,3267233,
2026-09-20T08:19:06.392763+00:00,174820,4401602,3229944,
2026-09-20T08:19:06.408338+00:00,174821,4401627,3280619,
2026-09-20T08:19:06.440784+00:00,174822,4401653,3388702,
2026-09-20T08:19:06.456742+00:00,174823,4401678,3515962,
2026-09-20T08:19:06.488758+00:00,174824,4401703,3629869,
2026-09-20T08:19:06.506000+00:00,174825,4401728,3716575,
2026-09-20T08:19:06.539641+00:00,174826,4401753,3779916,
2026-09-20T08:19:06.573265+00:00,174827,4401779,3826658,
2026-09-20T08:19:06.584584+00:00,174828,4401804,3859630,
2026-09-20T08:19:06.616737+00:00,174829,4401829,3879754,
2026-09-20T08:19:06.634621+00:00,174830,4401854,3891840,
2026-09-20T08:19:06.665094+00:00,174831,4401879,3900341,
2026-09-20T08:19:06.696964+00:00,174832,4401904,3906346,
2026-09-20T08:19:06.712743+00:00,174833,4401930,3909792,
2026-09-20T08:19:06.744783+00:00,174834,4401955,3912609,
2026-09-20T08:19:06.761848+00:00,174835,4401980,3914925,
2026-09-20T08:19:06.792779+00:00,174836,4402005,3916671,
2026-09-20T08:19:06.808664+00:00,174837,4402030,3918168,
2026-09-20T08:19:06.843079+00:00,174838,4402056,3919473,
2026-09-20T08:19:06.873330+00:00,174839,4402081,3920568,
2026-09-20T08:19:06.889803+00:00,174840,4402106,3921616,
2026-09-20T08:19:06.920785+00:00,174841,4402131,3922653,
2026-09-20T08:19:06.939941+00:00,174842,4402156,3923607,
2026-09-20T08:19:06.972067+00:00,174843,4402181,3924967,
2026-09-20T08:19:06.984718+00:00,174844,4402207,3925408,
2026-09-20T08:19:07.016796+00:00,174845,4402232,3925870,
2026-09-20T08:19:07.048730+00:00,174846,4402257,3926513,
2026-09-20T08:19:07.064731+00:00,174847,4402282,3926363,
2026-09-20T08:19:07.097104+00:00,174848,4402307,3926551,
2026-09-20T08:19:07.112928+00:00,174849,4402332,3927101,
2026-09-20T08:19:07.144759+00:00,174850,4402358,3926725,
2026-09-20T08:19:07.160654+00:00,174851,4402383,3926438,
2026-09-20T08:19:07.192678+00:00,174852,4402408,3926281,
2026-09-20T08:19:07.225053+00:00,174853,4402433,3925418,
2026-09-20T08:19:07.240777+00:00,174854,4402458,3924746,
2026-09-20T08:19:07.272715+00:00,174855,4402484,3925202,
2026-09-20T08:19:07.288619+00:00,174856,4402509,3925461,
2026-09-20T08:19:07.320747+00:00,174857,4402534,3924086,
2026-09-20T08:19:07.339681+00:00,174858,4402559,3923614,
2026-09-20T08:19:07.368734+00:00,174859,4402584,3924372,
2026-09-20T08:19:07.401716+00:00,174860,4402609,3925604,
2026-09-20T08:19:07.417376+00:00,174861,4402635,3926617,
2026-09-20T08:19:07.449445+00:00,174862,4402660,3927165,
2026-09-20T08:19:07.464874+00:00,174863,4402685,3927959,
2026-09-20T08:19:07.496737+00:00,174864,4402710,3928137,
2026-09-20T08:19:07.512743+00:00,174865,4402735,3928045,
2026-09-20T08:19:07.544753+00:00,174866,4402760,3928705,
2026-09-20T08:19:07.576735+00:00,174867,4402786,3929491,
2026-09-20T08:19:07.592720+00:00,174868,4402811,3929389,
2026-09-20T08:19:07.624695+00:00,174869,4402836,3929017,
2026-09-20T08:19:07.641383+00:00,174870,4402861,3928996,
2026-09-20T08:19:07.673097+00:00,174871,4402886,3929275,
2026-09-20T08:19:07.688643+00:00,174872,4402912,3929305,
2026-09-20T08:19:07.720408+00:00,174873,4402937,3929931,
2026-09-20T08:19:07.752530+00:00,174874,4402962,3930974,
2026-09-20T08:19:07.769046+00:00,174875,4402987,3931887,
2026-09-20T08:19:07.800979+00:00,174876,4403012,3932009,
2026-09-20T08:19:07.816978+00:00,174877,4403037,3931406,
2026-09-20T08:19:07.848981+00:00,174878,4403063,3931105,
2026-09-20T08:19:07.864984+00:00,174879,4403088,3931885,
2026-09-20T08:19:07.897047+00:00,174880,4403113,3931564,
2026-09-20T08:19:07.928682+00:00,174881,4403138,3930140,
2026-09-20T08:19:07.944721+00:00,174882,4403163,3930259,
2026-09-20T08:19:07.977074+00:00,174883,4403188,3930661,
2026-09-20T08:19:07.993142+00:00,174884,4403214,3930526,
2026-09-20T08:19:08.025185+00:00,174885,4403239,3930041,
2026-09-20T08:19:08.041112+00:00,174886,4403264,3929881,
2026-09-20T08:19:08.072706+00:00,174887,4403289,3930514,
2026-09-20T08:19:08.104968+00:00,174888,4403314,3930876,
2026-09-20T08:19:08.120690+00:00,174889,4403340,3930693,
2026-09-20T08:19:08.152414+00:00,174890,4403365,3929474,
2026-09-20T08:19:08.168410+00:00,174891,4403390,3928820,
2026-09-20T08:19:08.200686+00:00,174892,4403415,3928565,
2026-09-20T08:19:08.216685+00:00,174893,4403440,3928572,
2026-09-20T08:19:08.248928+00:00,174894,4403465,3929330,
2026-09-20T08:19:08.281932+00:00,174895,4403491,3930467,
2026-09-20T08:19:08.296722+00:00,174896,4403516,3930234,
2026-09-20T08:19:08.328763+00:00,174897,4403541,3929494,
2026-09-20T08:19:08.344680+00:00,174898,4403566,3929722,
2026-09-20T08:19:08.376893+00:00,174899,4403591,3929277,
2026-09-20T08:19:08.408692+00:00,174900,4403616,3929156,
2026-09-20T08:19:08.424354+00:00,174901,4403642,3929212,
2026-09-20T08:19:08.456684+00:00,174902,4403667,3928554,
2026-09-20T08:19:08.472660+00:00,174903,4403692,3928217,
2026-09-20T08:19:08.504664+00:00,174904,4403717,3928493,
2026-09-20T08:19:08.520466+00:00,174905,4403742,3929391,
2026-09-20T08:19:08.552722+00:00,174906,4403768,3930359,
2026-09-20T08:19:08.585059+00:00,174907,4403793,3930571,
2026-09-20T08:19:08.600935+00:00,174908,4403818,3930045,
2026-09-20T08:19:08.632934+00:00,174909,4403843,3930499,
2026-09-20T08:19:08.648934+00:00,174910,4403868,3930631,
2026-09-20T08:19:08.680967+00:00,174911,4403893,3930747,
2026-09-20T08:19:08.696796+00:00,174912,4403919,3931196,
2026-09-20T08:19:08.729067+00:00,174913,4403944,3928405,
2026-09-20T08:19:08.761121+00:00,174914,4403969,3925330,
2026-09-20T08:19:08.776137+00:00,174915,4403994,3925601,
2026-09-20T08:19:08.808336+00:00,174916,4404019,3926429,
2026-09-20T08:19:08.825139+00:00,174917,4404044,3927096,
2026-09-20T08:19:08.856139+00:00,174918,4404070,3927623,
2026-09-20T08:19:08.872676+00:00,174919,4404095,3927063,
2026-09-20T08:19:08.904392+00:00,174920,4404120,3926158,
2026-09-20T08:19:08.936294+00:00,174921,4404145,3926086,
2026-09-20T08:19:08.952407+00:00,174922,4404170,3926456,
2026-09-20T08:19:08.984742+00:00,174923,4404195,3926916,
2026-09-20T08:19:09.000199+00:00,174924,4404221,3927466,
2026-09-20T08:19:09.032824+00:00,174925,4404246,3927830,
2026-09-20T08:19:09.048381+00:00,174926,4404271,3928528,
2026-09-20T08:19:09.081313+00:00,174927,4404296,3927528,
2026-09-20T08:19:09.112654+00:00,174928,4404321,3926565,
2026-09-20T08:19:09.128678+00:00,174929,4404347,3926281,
2026-09-20T08:19:09.160589+00:00,174930,4404372,3925930,
2026-09-20T08:19:09.176658+00:00,174931,4404397,3925603,
2026-09-20T08:19:09.208012+00:00,174932,4404422,3925454,
2026-09-20T08:19:09.224285+00:00,174933,4404447,3924778,
2026-09-20T08:19:09.256645+00:00,174934,4404472,3924209,
2026-09-20T08:19:09.288665+00:00,174935,4404498,3923505,
2026-09-20T08:19:09.304660+00:00,174936,4404523,3923980,
2026-09-20T08:19:09.336585+00:00,174937,4404548,3924291,
2026-09-20T08:19:09.353514+00:00,174938,4404573,3924342,
2026-09-20T08:19:09.384381+00:00,174939,4404598,3924800,
2026-09-20T08:19:09.400381+00:00,174940,4404623,3925734,
2026-09-20T08:19:09.432380+00:00,174941,4404649,3926250,
2026-09-20T08:19:09.465388+00:00,174942,4404674,3926402,
2026-09-20T08:19:09.510380+00:00,174943,4404699,3927822,
2026-09-20T08:19:09.512380+00:00,174944,4404724,3928551,
2026-09-20T08:19:09.528621+00:00,174945,4404749,3929061,
2026-09-20T08:19:09.560379+00:00,174946,4404775,3928590,
2026-09-20T08:19:09.576413+00:00,174947,4404800,3926837,
2026-09-20T08:19:09.608439+00:00,174948,4404825,3924916,
2026-09-20T08:19:09.640740+00:00,174949,4404850,3925582,
2026-09-20T08:19:09.656637+00:00,174950,4404875,3925738,
2026-09-20T08:19:09.688710+00:00,174951,4404900,3924909,
2026-09-20T08:19:09.704712+00:00,174952,4404926,3925277,
2026-09-20T08:19:09.736651+00:00,174953,4404951,3925083,
2026-09-20T08:19:09.752641+00:00,174954,4404976,3925267,
2026-09-20T08:19:09.784684+00:00,174955,4405001,3925643,
2026-09-20T08:19:09.816643+00:00,174956,4405026,3925310,
2026-09-20T08:19:09.832670+00:00,174957,4405051,3925186,
2026-09-20T08:19:09.861101+00:00,174958,4405077,3925639,
2026-09-20T08:19:09.881380+00:00,174959,4405102,3926358,
2026-09-20T08:19:09.908103+00:00,174960,4405127,3927148,
2026-09-20T08:19:09.924052+00:00,174961,4405152,3928782,
2026-09-20T08:19:09.954533+00:00,174962,4405177,3930846,
2026-09-20T08:19:09.985453+00:00,174963,4405203,3931045,
2026-09-20T08:19:10.000332+00:00,174964,4405228,3930269,
2026-09-20T08:19:10.031542+00:00,174965,4405253,3930852,
2026-09-20T08:19:10.056627+00:00,174966,4405278,3932615,
2026-09-20T08:19:10.074763+00:00,174967,4405303,3933837,
2026-09-20T08:19:10.090122+00:00,174968,4405328,3936505,
2026-09-20T08:19:10.137038+00:00,174969,4405354,3941411,
2026-09-20T08:19:10.168801+00:00,174970,4405379,3952639,
2026-09-20T08:19:10.184668+00:00,174971,4405404,3973562,
2026-09-20T08:19:10.216253+00:00,174972,4405429,4011007,
2026-09-20T08:19:10.231424+00:00,174973,4405454,4067528,
2026-09-20T08:19:10.264439+00:00,174974,4405479,4138184,
2026-09-20T08:19:10.280076+00:00,174975,4405505,4216452,
2026-09-20T08:19:10.311378+00:00,174976,4405530,4292993,
2026-09-20T08:19:10.343246+00:00,174977,4405555,4352948,
2026-09-20T08:19:10.360640+00:00,174978,4405580,4373363,
2026-09-20T08:19:10.392688+00:00,174979,4405605,4336966,
2026-09-20T08:19:10.408628+00:00,174980,4405631,4268352,
2026-09-20T08:19:10.440645+00:00,174981,4405656,4210991,
2026-09-20T08:19:10.472205+00:00,174982,4405681,4173767,
2026-09-20T08:19:10.488221+00:00,174983,4405706,4146191,
2026-09-20T08:19:10.520405+00:00,174984,4405731,4129414,
2026-09-20T08:19:10.536610+00:00,174985,4405756,4105536,
2026-09-20T08:19:10.568631+00:00,174986,4405782,4078277,
2026-09-20T08:19:10.584773+00:00,174987,4405807,4054149,
2026-09-20T08:19:10.616627+00:00,174988,4405832,4029773,
2026-09-20T08:19:10.648429+00:00,174989,4405857,4002607,
2026-09-20T08:19:10.664654+00:00,174990,4405882,3979012,
2026-09-20T08:19:10.696620+00:00,174991,4405907,3960413,
2026-09-20T08:19:10.712627+00:00,174992,4405933,3948299,
2026-09-20T08:19:10.744629+00:00,174993,4405958,3934113,
2026-09-20T08:19:10.760501+00:00,174994,4405983,3921593,
2026-09-20T08:19:10.792626+00:00,174995,4406008,3912206,
2026-09-20T08:19:10.824627+00:00,174996,4406033,3897959,
2026-09-20T08:19:10.840634+00:00,174997,4406059,3886388,
2026-09-20T08:19:10.872627+00:00,174998,4406084,3884018,
2026-09-20T08:19:10.888665+00:00,174999,4406109,3884079,
2026-09-20T08:19:10.920591+00:00,175000,4406134,3884556,
2026-09-20T08:19:10.936663+00:00,175001,4406159,3892302,
2026-09-20T08:19:10.971250+00:00,175002,4406184,3899964,
2026-09-20T08:19:11.005713+00:00,175003,4406210,3902397,
2026-09-20T08:19:11.017293+00:00,175004,4406235,3901412,
2026-09-20T08:19:11.048614+00:00,175005,4406260,3894868,
2026-09-20T08:19:11.064942+00:00,175006,4406285,3891543,
2026-09-20T08:19:11.096681+00:00,175007,4406310,3891840,
2026-09-20T08:19:11.113051+00:00,175008,4406335,3889263,
2026-09-20T08:19:11.144676+00:00,175009,4406361,3883743,
2026-09-20T08:19:11.176651+00:00,175010,4406386,3879589,
2026-09-20T08:19:11.192584+00:00,175011,4406411,3873614,
2026-09-20T08:19:11.225309+00:00,175012,4406436,3864741,
2026-09-20T08:19:11.240417+00:00,175013,4406461,3855243,
2026-09-20T08:19:11.272670+00:00,175014,4406487,3837306,
2026-09-20T08:19:11.288638+00:00,175015,4406512,3811187,
2026-09-20T08:19:11.320662+00:00,175016,4406537,3786353,
2026-09-20T08:19:11.352580+00:00,175017,4406562,3772719,
2026-09-20T08:19:11.368667+00:00,175018,4406587,3769155,
2026-09-20T08:19:11.400612+00:00,175019,4406612,3748690,
2026-09-20T08:19:11.417694+00:00,175020,4406638,3687865,
2026-09-20T08:19:11.448590+00:00,175021,4406663,3575025,
2026-09-20T08:19:11.465169+00:00,175022,4406688,3435837,
2026-09-20T08:19:11.496602+00:00,175023,4406713,3312281,
2026-09-20T08:19:11.528699+00:00,175024,4406738,3253532,
2026-09-20T08:19:11.545755+00:00,175025,4406763,3295409,
2026-09-20T08:19:11.576640+00:00,175026,4406789,3412740,
2026-09-20T08:19:11.592628+00:00,175027,4406814,3541015,
2026-09-20T08:19:11.624689+00:00,175028,4406839,3649305,
2026-09-20T08:19:11.640724+00:00,175029,4406864,3730616,
2026-09-20T08:19:11.673672+00:00,175030,4406889,3787050,
2026-09-20T08:19:11.704598+00:00,175031,4406915,3826172,
2026-09-20T08:19:11.720595+00:00,175032,4406940,3854285,
2026-09-20T08:19:11.752587+00:00,175033,4406965,3873383,
2026-09-20T08:19:11.768610+00:00,175034,4406990,3886677,
2026-09-20T08:19:11.802445+00:00,175035,4407015,3898890,
2026-09-20T08:19:11.816588+00:00,175036,4407040,3910276,
2026-09-20T08:19:11.848596+00:00,175037,4407066,3920549,
2026-09-20T08:19:11.880470+00:00,175038,4407091,3926799,
2026-09-20T08:19:11.896622+00:00,175039,4407116,3929363,
2026-09-20T08:19:11.929711+00:00,175040,4407141,3931804,
2026-09-20T08:19:11.944721+00:00,175041,4407166,3932864,
2026-09-20T08:19:11.976353+00:00,175042,4407191,3930331,
2026-09-20T08:19:11.992773+00:00,175043,4407217,3927090,
2026-09-20T08:19:12.024704+00:00,175044,4407242,3925793,
2026-09-20T08:19:12.056597+00:00,175045,4407267,3926501,
2026-09-20T08:19:12.072632+00:00,175046,4407292,3926517,
2026-09-20T08:19:12.105655+00:00,175047,4407317,3927053,
2026-09-20T08:19:12.121042+00:00,175048,4407343,3927402,
2026-09-20T08:19:12.152603+00:00,175049,4407368,3928586,
2026-09-20T08:19:12.175546+00:00,175050,4407393,3929773,
2026-09-20T08:19:12.200561+00:00,175051,4407418,3931370,
2026-09-20T08:19:12.232601+00:00,175052,4407443,3932825,
2026-09-20T08:19:12.248677+00:00,175053,4407468,3933305,
2026-09-20T08:19:12.280642+00:00,175054,4407494,3933494,
2026-09-20T08:19:12.296536+00:00,175055,4407519,3935081,
2026-09-20T08:19:12.328608+00:00,175056,4407544,3937480,
2026-09-20T08:19:12.360637+00:00,175057,4407569,3939991,
2026-09-20T08:19:12.377057+00:00,175058,4407594,3944993,
2026-09-20T08:19:12.408622+00:00,175059,4407619,3951134,
2026-09-20T08:19:12.424625+00:00,175060,4407645,3954028,
2026-09-20T08:19:12.456282+00:00,175061,4407670,3952555,
2026-09-20T08:19:12.472593+00:00,175062,4407695,3953337,
2026-09-20T08:19:12.505688+00:00,175063,4407720,3953627,
2026-09-20T08:19:12.536658+00:00,175064,4407745,3958254,
2026-09-20T08:19:12.553013+00:00,175065,4407771,3967418,
2026-09-20T08:19:12.585116+00:00,175066,4407796,3971482,
2026-09-20T08:19:12.601038+00:00,175067,4407821,3970772,
2026-09-20T08:19:12.632711+00:00,175068,4407846,3968176,
2026-09-20T08:19:12.648745+00:00,175069,4407871,3965382,
2026-09-20T08:19:12.680616+00:00,175070,4407896,3962750,
2026-09-20T08:19:12.713700+00:00,175071,4407922,3960723,
2026-09-20T08:19:12.728170+00:00,175072,4407947,3960245,
2026-09-20T08:19:12.760642+00:00,175073,4407972,3960280,
2026-09-20T08:19:12.778775+00:00,175074,4407997,3958910,
2026-09-20T08:19:12.809156+00:00,175075,4408022,3957028,
2026-09-20T08:19:12.825196+00:00,175076,4408048,3954802,
2026-09-20T08:19:12.856556+00:00,175077,4408073,3953922,
2026-09-20T08:19:12.888561+00:00,175078,4408098,3952510,
2026-09-20T08:19:12.904694+00:00,175079,4408123,3951162,
2026-09-20T08:19:12.938758+00:00,175080,4408148,3949740,
2026-09-20T08:19:12.952585+00:00,175081,4408173,3948579,
2026-09-20T08:19:12.985684+00:00,175082,4408199,3947628,
2026-09-20T08:19:13.000620+00:00,175083,4408224,3948043,
2026-09-20T08:19:13.033131+00:00,175084,4408249,3951269,
2026-09-20T08:19:13.064561+00:00,175085,4408274,3958368,
2026-09-20T08:19:13.080627+00:00,175086,4408299,3964576,
2026-09-20T08:19:13.112571+00:00,175087,4408324,3965049,
2026-09-20T08:19:13.128591+00:00,175088,4408350,3963329,
2026-09-20T08:19:13.161770+00:00,175089,4408375,3962081,
2026-09-20T08:19:13.176707+00:00,175090,4408400,3959824,
2026-09-20T08:19:13.209033+00:00,175091,4408425,3957630,
2026-09-20T08:19:13.240602+00:00,175092,4408450,3958255,
2026-09-20T08:19:13.256648+00:00,175093,4408476,3957284,
2026-09-20T08:19:13.288543+00:00,175094,4408501,3953416,
2026-09-20T08:19:13.304569+00:00,175095,4408526,3949730,
2026-09-20T08:19:13.336576+00:00,175096,4408551,3947563,
2026-09-20T08:19:13.352539+00:00,175097,4408576,3948125,
2026-09-20T08:19:13.384553+00:00,175098,4408601,3949890,
2026-09-20T08:19:13.416581+00:00,175099,4408627,3949143,
2026-09-20T08:19:13.432949+00:00,175100,4408652,3945444,
2026-09-20T08:19:13.464594+00:00,175101,4408677,3944355,
2026-09-20T08:19:13.480601+00:00,175102,4408702,3945839,
2026-09-20T08:19:13.512342+00:00,175103,4408727,3947257,
2026-09-20T08:19:13.528543+00:00,175104,4408752,3947645,
2026-09-20T08:19:13.560856+00:00,175105,4408778,3948087,
2026-09-20T08:19:13.592547+00:00,175106,4408803,3947701,
2026-09-20T08:19:13.609673+00:00,175107,4408828,3947714,
2026-09-20T08:19:13.641920+00:00,175108,4408853,3947775,
2026-09-20T08:19:13.656863+00:00,175109,4408878,3947253,
2026-09-20T08:19:13.688909+00:00,175110,4408904,3946997,
2026-09-20T08:19:13.704557+00:00,175111,4408929,3947091,
2026-09-20T08:19:13.736153+00:00,175112,4408954,3946653,
2026-09-20T08:19:13.774656+00:00,175113,4408979,3946457,
2026-09-20T08:19:13.786043+00:00,175114,4409004,3946536,
2026-09-20T08:19:13.816560+00:00,175115,4409029,3946681,
2026-09-20T08:19:13.834150+00:00,175116,4409055,3946997,
2026-09-20T08:19:13.864550+00:00,175117,4409080,3947261,
2026-09-20T08:19:13.880289+00:00,175118,4409105,3946868,
2026-09-20T08:19:13.912577+00:00,175119,4409130,3947234,
2026-09-20T08:19:13.944576+00:00,175120,4409155,3947716,
2026-09-20T08:19:13.960603+00:00,175121,4409180,3947844,
2026-09-20T08:19:13.993729+00:00,175122,4409206,3946958,
2026-09-20T08:19:14.008581+00:00,175123,4409231,3947473,
2026-09-20T08:19:14.040537+00:00,175124,4409256,3947705,
2026-09-20T08:19:14.056585+00:00,175125,4409281,3947371,
2026-09-20T08:19:14.088577+00:00,175126,4409306,3947595,
2026-09-20T08:19:14.120533+00:00,175127,4409331,3947707,
2026-09-20T08:19:14.136535+00:00,175128,4409357,3947793,
2026-09-20T08:19:14.168625+00:00,175129,4409382,3947922,
2026-09-20T08:19:14.184931+00:00,175130,4409407,3948047,
2026-09-20T08:19:14.217146+00:00,175131,4409432,3948422,
2026-09-20T08:19:14.248543+00:00,175132,4409457,3948253,
2026-09-20T08:19:14.264876+00:00,175133,4409483,3947384,
2026-09-20T08:19:14.297674+00:00,175134,4409508,3946980,
2026-09-20T08:19:14.313319+00:00,175135,4409533,3946566,
2026-09-20T08:19:14.344571+00:00,175136,4409558,3946314,
2026-09-20T08:19:14.360558+00:00,175137,4409583,3946463,
2026-09-20T08:19:14.392340+00:00,175138,4409608,3946491,
2026-09-20T08:19:14.424451+00:00,175139,4409634,3946428,
2026-09-20T08:19:14.440582+00:00,175140,4409659,3946683,
2026-09-20T08:19:14.473620+00:00,175141,4409684,3946449,
2026-09-20T08:19:14.488564+00:00,175142,4409709,3946363,
2026-09-20T08:19:14.520541+00:00,175143,4409734,3946773,
2026-09-20T08:19:14.539613+00:00,175144,4409759,3946771,
2026-09-20T08:19:14.570591+00:00,175145,4409785,3946745,
2026-09-20T08:19:14.600537+00:00,175146,4409810,3946733,
2026-09-20T08:19:14.616538+00:00,175147,4409835,3946569,
2026-09-20T08:19:14.649953+00:00,175148,4409860,3946533,
2026-09-20T08:19:14.665118+00:00,175149,4409885,3946927,
2026-09-20T08:19:14.696524+00:00,175150,4409911,3947202,
2026-09-20T08:19:14.712525+00:00,175151,4409936,3947423,
2026-09-20T08:19:14.744530+00:00,175152,4409961,3947772,
2026-09-20T08:19:14.776515+00:00,175153,4409986,3947144,
2026-09-20T08:19:14.792612+00:00,175154,4410011,3946912,
2026-09-20T08:19:14.824611+00:00,175155,4410036,3947240,
2026-09-20T08:19:14.840620+00:00,175156,4410062,3947083,
2026-09-20T08:19:14.872611+00:00,175157,4410087,3947078,
2026-09-20T08:19:14.888618+00:00,175158,4410112,3947040,
2026-09-20T08:19:14.920083+00:00,175159,4410137,3946360,
2026-09-20T08:19:14.952034+00:00,175160,4410162,3946055,
2026-09-20T08:19:14.968356+00:00,175161,4410187,3946224,
2026-09-20T08:19:15.000512+00:00,175162,4410213,3945633,
2026-09-20T08:19:15.016523+00:00,175163,4410238,3945590,
2026-09-20T08:19:15.048362+00:00,175164,4410263,3945044,
2026-09-20T08:19:15.067382+00:00,175165,4410288,3944820,
2026-09-20T08:19:15.096503+00:00,175166,4410313,3945382,
2026-09-20T08:19:15.128643+00:00,175167,4410338,3946162,
2026-09-20T08:19:15.144640+00:00,175168,4410364,3946241,
2026-09-20T08:19:15.176511+00:00,175169,4410389,3946194,
2026-09-20T08:19:15.192398+00:00,175170,4410414,3946388,
2026-09-20T08:19:15.224509+00:00,175171,4410439,3946558,
2026-09-20T08:19:15.240734+00:00,175172,4410464,3946217,
2026-09-20T08:19:15.273669+00:00,175173,4410490,3946164,
2026-09-20T08:19:15.304511+00:00,175174,4410515,3946442,
2026-09-20T08:19:15.320509+00:00,175175,4410540,3946622,
2026-09-20T08:19:15.352295+00:00,175176,4410565,3946572,
2026-09-20T08:19:15.368418+00:00,175177,4410590,3946104,
2026-09-20T08:19:15.401421+00:00,175178,4410615,3946641,
2026-09-20T08:19:15.417703+00:00,175179,4410641,3947040,
2026-09-20T08:19:15.448543+00:00,175180,4410666,3946638,
2026-09-20T08:19:15.480815+00:00,175181,4410691,3946230,
2026-09-20T08:19:15.497089+00:00,175182,4410716,3946279,
2026-09-20T08:19:15.529087+00:00,175183,4410741,3946414,
2026-09-20T08:19:15.545102+00:00,175184,4410766,3946282,
2026-09-20T08:19:15.576678+00:00,175185,4410792,3946101,
2026-09-20T08:19:15.592675+00:00,175186,4410817,3945809,
2026-09-20T08:19:15.624502+00:00,175187,4410842,3945456,
2026-09-20T08:19:15.656859+00:00,175188,4410867,3945214,
2026-09-20T08:19:15.672405+00:00,175189,4410892,3945040,
2026-09-20T08:19:15.704592+00:00,175190,4410918,3945091,
2026-09-20T08:19:15.720778+00:00,175191,4410943,3945228,
2026-09-20T08:19:15.752383+00:00,175192,4410968,3946027,
2026-09-20T08:19:15.768493+00:00,175193,4410993,3945899,
2026-09-20T08:19:15.800484+00:00,175194,4411018,3945939,
2026-09-20T08:19:15.832455+00:00,175195,4411043,3946208,
2026-09-20T08:19:15.848477+00:00,175196,4411069,3945943,
2026-09-20T08:19:15.881121+00:00,175197,4411094,3945821,
2026-09-20T08:19:15.896122+00:00,175198,4411119,3945957,
2026-09-20T08:19:15.928155+00:00,175199,4411144,3945758,
2026-09-20T08:19:15.945126+00:00,175200,4411169,3946309,
2026-09-20T08:19:15.976122+00:00,175201,4411194,3946262,
2026-09-20T08:19:16.009264+00:00,175202,4411220,3945966,
2026-09-20T08:19:16.025122+00:00,175203,4411245,3946116,
2026-09-20T08:19:16.057119+00:00,175204,4411270,3946404,
2026-09-20T08:19:16.073287+00:00,175205,4411295,3946382,
2026-09-20T08:19:16.105123+00:00,175206,4411320,3946923,
2026-09-20T08:19:16.136123+00:00,175207,4411346,3946912,
2026-09-20T08:19:16.152122+00:00,175208,4411371,3946161,
2026-09-20T08:19:16.184360+00:00,175209,4411396,3945657,
2026-09-20T08:19:16.200122+00:00,175210,4411421,3945869,
2026-09-20T08:19:16.232122+00:00,175211,4411446,3945602,
2026-09-20T08:19:16.249122+00:00,175212,4411471,3945254,
2026-09-20T08:19:16.280125+00:00,175213,4411497,3945370,
2026-09-20T08:19:16.313120+00:00,175214,4411522,3944975,
2026-09-20T08:19:16.328122+00:00,175215,4411547,3944818,
2026-09-20T08:19:16.360123+00:00,175216,4411572,3945032,
2026-09-20T08:19:16.376329+00:00,175217,4411597,3945192,
2026-09-20T08:19:16.408121+00:00,175218,4411622,3945294,
2026-09-20T08:19:16.424121+00:00,175219,4411648,3945364,
2026-09-20T08:19:16.456372+00:00,175220,4411673,3945529,
2026-09-20T08:19:16.488273+00:00,175221,4411698,3945394,
2026-09-20T08:19:16.504122+00:00,175222,4411723,3945616,
2026-09-20T08:19:16.537286+00:00,175223,4411748,3945195,
2026-09-20T08:19:16.553123+00:00,175224,4411774,3945601,
2026-09-20T08:19:16.585123+00:00,175225,4411799,3946182,
2026-09-20T08:19:16.600125+00:00,175226,4411824,3946290,
2026-09-20T08:19:16.633121+00:00,175227,4411849,3946480,
2026-09-20T08:19:16.665263+00:00,175228,4411874,3946585,
2026-09-20T08:19:16.680123+00:00,175229,4411899,3946383,
2026-09-20T08:19:16.712232+00:00,175230,4411925,3946022,
2026-09-20T08:19:16.736487+00:00,175231,4411950,3945593,
2026-09-20T08:19:16.774366+00:00,175232,4411975,3945593,
2026-09-20T08:19:16.783210+00:00,175233,4412000,3945831,
2026-09-20T08:19:16.813212+00:00,175234,4412025,3946129,
2026-09-20T08:19:16.840219+00:00,175235,4412050,3945642,
2026-09-20T08:19:16.858213+00:00,175236,4412076,3944973,
2026-09-20T08:19:16.888447+00:00,175237,4412101,3944840,
2026-09-20T08:19:16.904857+00:00,175238,4412126,3944711,
2026-09-20T08:19:16.936110+00:00,175239,4412151,3944496,
2026-09-20T08:19:16.952346+00:00,175240,4412176,3944334,
2026-09-20T08:19:16.984450+00:00,175241,4412201,3944508,
2026-09-20T08:19:17.017034+00:00,175242,4412227,3944774,
2026-09-20T08:19:17.032761+00:00,175243,4412252,3944614,
2026-09-20T08:19:17.065131+00:00,175244,4412277,3944271,
2026-09-20T08:19:17.081127+00:00,175245,4412302,3944765,
2026-09-20T08:19:17.112470+00:00,175246,4412327,3944931,
2026-09-20T08:19:17.128844+00:00,175247,4412353,3944420,
2026-09-20T08:19:17.160455+00:00,175248,4412378,3944635,
2026-09-20T08:19:17.192445+00:00,175249,4412403,3945279,
2026-09-20T08:19:17.208086+00:00,175250,4412428,3945516,
2026-09-20T08:19:17.240439+00:00,175251,4412453,3945185,
2026-09-20T08:19:17.256493+00:00,175252,4412478,3945435,
2026-09-20T08:19:17.288486+00:00,175253,4412504,3945774,
2026-09-20T08:19:17.304487+00:00,175254,4412529,3945629,
2026-09-20T08:19:17.336478+00:00,175255,4412554,3945355,
2026-09-20T08:19:17.368231+00:00,175256,4412579,3945808,
2026-09-20T08:19:17.384625+00:00,175257,4412604,3946041,
2026-09-20T08:19:17.415909+00:00,175258,4412629,3946051,
2026-09-20T08:19:17.432765+00:00,175259,4412655,3946058,
2026-09-20T08:19:17.464305+00:00,175260,4412680,3945848,
2026-09-20T08:19:17.480989+00:00,175261,4412705,3945518,
2026-09-20T08:19:17.512499+00:00,175262,4412730,3944902,
2026-09-20T08:19:17.544450+00:00,175263,4412755,3944513,
2026-09-20T08:19:17.560064+00:00,175264,4412781,3944099,
2026-09-20T08:19:17.592448+00:00,175265,4412806,3943828,
2026-09-20T08:19:17.608601+00:00,175266,4412831,3944361,
2026-09-20T08:19:17.640434+00:00,175267,4412856,3944610,
2026-09-20T08:19:17.656452+00:00,175268,4412881,3944688,
2026-09-20T08:19:17.688524+00:00,175269,4412906,3944904,
2026-09-20T08:19:17.720431+00:00,175270,4412932,3944960,
2026-09-20T08:19:17.736535+00:00,175271,4412957,3944832,
2026-09-20T08:19:17.768444+00:00,175272,4412982,3944494,
2026-09-20T08:19:17.784933+00:00,175273,4413007,3945126,
2026-09-20T08:19:17.816436+00:00,175274,4413032,3944973,
2026-09-20T08:19:17.832827+00:00,175275,4413057,3945055,
2026-09-20T08:19:17.864115+00:00,175276,4413083,3945500,
2026-09-20T08:19:17.896434+00:00,175277,4413108,3945147,
2026-09-20T08:19:17.912434+00:00,175278,4413133,3945196,
2026-09-20T08:19:17.944422+00:00,175279,4413158,3945773,
2026-09-20T08:19:17.960462+00:00,175280,4413183,3945737,
2026-09-20T08:19:17.992428+00:00,175281,4413209,3945559,
2026-09-20T08:19:18.008431+00:00,175282,4413234,3944870,
2026-09-20T08:19:18.040594+00:00,175283,4413259,3944701,
2026-09-20T08:19:18.072437+00:00,175284,4413284,3945582,
2026-09-20T08:19:18.088430+00:00,175285,4413309,3945321,
2026-09-20T08:19:18.120415+00:00,175286,4413334,3944755,
2026-09-20T08:19:18.136834+00:00,175287,4413360,3945046,
2026-09-20T08:19:18.167850+00:00,175288,4413385,3944642,
2026-09-20T08:19:18.200439+00:00,175289,4413410,3944045,
2026-09-20T08:19:18.216426+00:00,175290,4413435,3944414,
2026-09-20T08:19:18.248663+00:00,175291,4413460,3944019,
2026-09-20T08:19:18.264422+00:00,175292,4413485,3943838,
2026-09-20T08:19:18.296753+00:00,175293,4413511,3944547,
2026-09-20T08:19:18.312987+00:00,175294,4413536,3944477,
2026-09-20T08:19:18.344452+00:00,175295,4413561,3944244,
2026-09-20T08:19:18.376451+00:00,175296,4413586,3944447,
2026-09-20T08:19:18.392424+00:00,175297,4413611,3944522,
2026-09-20T08:19:18.424410+00:00,175298,4413637,3944470,
2026-09-20T08:19:18.440440+00:00,175299,4413662,3945383,
2026-09-20T08:19:18.472408+00:00,175300,4413687,3945246,
2026-09-20T08:19:18.488448+00:00,175301,4413712,3945018,
2026-09-20T08:19:18.520462+00:00,175302,4413737,3944778,
2026-09-20T08:19:18.552431+00:00,175303,4413762,3944745,
2026-09-20T08:19:18.568413+00:00,175304,4413788,3944335,
2026-09-20T08:19:18.600417+00:00,175305,4413813,3944504,
2026-09-20T08:19:18.615940+00:00,175306,4413838,3944998,
2026-09-20T08:19:18.648433+00:00,175307,4413863,3945856,
2026-09-20T08:19:18.664897+00:00,175308,4413888,3945980,
2026-09-20T08:19:18.696408+00:00,175309,4413913,3945859,
2026-09-20T08:19:18.728419+00:00,175310,4413939,3945412,
2026-09-20T08:19:18.744430+00:00,175311,4413964,3944781,
2026-09-20T08:19:18.776418+00:00,175312,4413989,3944845,
2026-09-20T08:19:18.792427+00:00,175313,4414014,3944547,
2026-09-20T08:19:18.824419+00:00,175314,4414039,3943946,
2026-09-20T08:19:18.840409+00:00,175315,4414065,3944279,
2026-09-20T08:19:18.872429+00:00,175316,4414090,3943977,
2026-09-20T08:19:18.904459+00:00,175317,4414115,3943858,
2026-09-20T08:19:18.920407+00:00,175318,4414140,3944194,
2026-09-20T08:19:18.952435+00:00,175319,4414165,3944144,
2026-09-20T08:19:18.968597+00:00,175320,4414190,3944425,
2026-09-20T08:19:19.000432+00:00,175321,4414216,3944488,
2026-09-20T08:19:19.016095+00:00,175322,4414241,3944287,
2026-09-20T08:19:19.048402+00:00,175323,4414266,3944160,
2026-09-20T08:19:19.080421+00:00,175324,4414291,3943962,
2026-09-20T08:19:19.096392+00:00,175325,4414316,3944629,
2026-09-20T08:19:19.128404+00:00,175326,4414341,3944998,
2026-09-20T08:19:19.144424+00:00,175327,4414367,3945110,
2026-09-20T08:19:19.176400+00:00,175328,4414392,3945003,
2026-09-20T08:19:19.192172+00:00,175329,4414417,3944813,
2026-09-20T08:19:19.224295+00:00,175330,4414442,3945035,
2026-09-20T08:19:19.256434+00:00,175331,4414467,3945657,
2026-09-20T08:19:19.272485+00:00,175332,4414493,3945846,
2026-09-20T08:19:19.304440+00:00,175333,4414518,3946055,
2026-09-20T08:19:19.320399+00:00,175334,4414543,3945602,
2026-09-20T08:19:19.352420+00:00,175335,4414568,3944747,
2026-09-20T08:19:19.368217+00:00,175336,4414593,3944339,
2026-09-20T08:19:19.400385+00:00,175337,4414618,3944449,
2026-09-20T08:19:19.432394+00:00,175338,4414644,3944339,
2026-09-20T08:19:19.448529+00:00,175339,4414669,3944052,
2026-09-20T08:19:19.480419+00:00,175340,4414694,3943919,
2026-09-20T08:19:19.496381+00:00,175341,4414719,3943745,
2026-09-20T08:19:19.528312+00:00,175342,4414744,3944040,
2026-09-20T08:19:19.544409+00:00,175343,4414769,3944308,
2026-09-20T08:19:19.576410+00:00,175344,4414795,3944461,
2026-09-20T08:19:19.608396+00:00,175345,4414820,3944127,
2026-09-20T08:19:19.624390+00:00,175346,4414845,3943957,
2026-09-20T08:19:19.656312+00:00,175347,4414870,3944265,
2026-09-20T08:19:19.672397+00:00,175348,4414895,3944473,
2026-09-20T08:19:19.704127+00:00,175349,4414921,3944917,
2026-09-20T08:19:19.720383+00:00,175350,4414946,3945349,
2026-09-20T08:19:19.752439+00:00,175351,4414971,3945189,
2026-09-20T08:19:19.784393+00:00,175352,4414996,3944939,
2026-09-20T08:19:19.800402+00:00,175353,4415021,3944644,
2026-09-20T08:19:19.832397+00:00,175354,4415046,3944418,
2026-09-20T08:19:19.848393+00:00,175355,4415072,3944563,
2026-09-20T08:19:19.879902+00:00,175356,4415097,3944763,
2026-09-20T08:19:19.896411+00:00,175357,4415122,3944643,
2026-09-20T08:19:19.928128+00:00,175358,4415147,3944903,
2026-09-20T08:19:19.960425+00:00,175359,4415172,3945136,
2026-09-20T08:19:19.976458+00:00,175360,4415197,3945158,
2026-09-20T08:19:20.008612+00:00,175361,4415223,3944947,
2026-09-20T08:19:20.024398+00:00,175362,4415248,3944603,
2026-09-20T08:19:20.056400+00:00,175363,4415273,3944112,
2026-09-20T08:19:20.088388+00:00,175364,4415298,3944517,
2026-09-20T08:19:20.104404+00:00,175365,4415323,3943682,
2026-09-20T08:19:20.136428+00:00,175366,4415349,3943374,
2026-09-20T08:19:20.152381+00:00,175367,4415374,3943611,
2026-09-20T08:19:20.184375+00:00,175368,4415399,3943733,
2026-09-20T08:19:20.200666+00:00,175369,4415424,3943908,
2026-09-20T08:19:20.232275+00:00,175370,4415449,3943526,
2026-09-20T08:19:20.264373+00:00,175371,4415474,3943832,
2026-09-20T08:19:20.279983+00:00,175372,4415500,3944052,
2026-09-20T08:19:20.312420+00:00,175373,4415525,3944212,
2026-09-20T08:19:20.328536+00:00,175374,4415550,3944983,
2026-09-20T08:19:20.360373+00:00,175375,4415575,3944340,
2026-09-20T08:19:20.376363+00:00,175376,4415600,3944080,
2026-09-20T08:19:20.410008+00:00,175377,4415625,3943978,
2026-09-20T08:19:20.440375+00:00,175378,4415651,3944042,
2026-09-20T08:19:20.456369+00:00,175379,4415676,3944622,
2026-09-20T08:19:20.488672+00:00,175380,4415701,3944950,
2026-09-20T08:19:20.504184+00:00,175381,4415726,3945080,
2026-09-20T08:19:20.536394+00:00,175382,4415751,3944743,
2026-09-20T08:19:20.552367+00:00,175383,4415777,3945196,
2026-09-20T08:19:20.583989+00:00,175384,4415802,3945234,
2026-09-20T08:19:20.615988+00:00,175385,4415827,3945370,
2026-09-20T08:19:20.632373+00:00,175386,4415852,3944544,
2026-09-20T08:19:20.664288+00:00,175387,4415877,3944165,
2026-09-20T08:19:20.680413+00:00,175388,4415902,3944563,
2026-09-20T08:19:20.712736+00:00,175389,4415928,3944602,
2026-09-20T08:19:20.727766+00:00,175390,4415953,3944423,
2026-09-20T08:19:20.760373+00:00,175391,4415978,3943930,
2026-09-20T08:19:20.792086+00:00,175392,4416003,3943930,
2026-09-20T08:19:20.808057+00:00,175393,4416028,3943659,
2026-09-20T08:19:20.840366+00:00,175394,4416053,3943815,
2026-09-20T08:19:20.856373+00:00,175395,4416079,3943724,
2026-09-20T08:19:20.888358+00:00,175396,4416104,3943205,
2026-09-20T08:19:20.904365+00:00,175397,4416129,3943144,
2026-09-20T08:19:20.937096+00:00,175398,4416154,3943970,
2026-09-20T08:19:20.968321+00:00,175399,4416179,3943942,
2026-09-20T08:19:20.984348+00:00,175400,4416205,3944290,
2026-09-20T08:19:21.016183+00:00,175401,4416230,3944376,
2026-09-20T08:19:21.032506+00:00,175402,4416255,3944319,
2026-09-20T08:19:21.064121+00:00,175403,4416280,3944550,
2026-09-20T08:19:21.080158+00:00,175404,4416305,3944418,
2026-09-20T08:19:21.112649+00:00,175405,4416330,3944566,
2026-09-20T08:19:21.144681+00:00,175406,4416356,3944601,
2026-09-20T08:19:21.160344+00:00,175407,4416381,3944592,
2026-09-20T08:19:21.192350+00:00,175408,4416406,3944539,
2026-09-20T08:19:21.207959+00:00,175409,4416431,3944799,
2026-09-20T08:19:21.239958+00:00,175410,4416456,3945010,
2026-09-20T08:19:21.256993+00:00,175411,4416481,3945130,
2026-09-20T08:19:21.287984+00:00,175412,4416507,3945167,
2026-09-20T08:19:21.320194+00:00,175413,4416532,3944661,
2026-09-20T08:19:21.336207+00:00,175414,4416557,3944004,
2026-09-20T08:19:21.368341+00:00,175415,4416582,3943961,
2026-09-20T08:19:21.384348+00:00,175416,4416607,3944313,
2026-09-20T08:19:21.416803+00:00,175417,4416632,3943992,
2026-09-20T08:19:21.432335+00:00,175418,4416658,3943559,
2026-09-20T08:19:21.464275+00:00,175419,4416683,3943812,
2026-09-20T08:19:21.496341+00:00,175420,4416708,3944013,
2026-09-20T08:19:21.512365+00:00,175421,4416733,3944221,
2026-09-20T08:19:21.544626+00:00,175422,4416758,3943722,
2026-09-20T08:19:21.560602+00:00,175423,4416783,3943792,
2026-09-20T08:19:21.592352+00:00,175424,4416809,3944454,
2026-09-20T08:19:21.608174+00:00,175425,4416834,3944109,
2026-09-20T08:19:21.640335+00:00,175426,4416859,3944110,
2026-09-20T08:19:21.672438+00:00,175427,4416884,3944660,
2026-09-20T08:19:21.688106+00:00,175428,4416909,3944751,
2026-09-20T08:19:21.720350+00:00,175429,4416935,3944288,
2026-09-20T08:19:21.736329+00:00,175430,4416960,3944442,
2026-09-20T08:19:21.768350+00:00,175431,4416985,3944295,
2026-09-20T08:19:21.784592+00:00,175432,4417010,3943815,
2026-09-20T08:19:21.816209+00:00,175433,4417035,3944090,
2026-09-20T08:19:21.848460+00:00,175434,4417060,3944284,
2026-09-20T08:19:21.864301+00:00,175435,4417086,3944944,
2026-09-20T08:19:21.896330+00:00,175436,4417111,3944941,
2026-09-20T08:19:21.912329+00:00,175437,4417136,3944698,
2026-09-20T08:19:21.944378+00:00,175438,4417161,3944806,
2026-09-20T08:19:21.976322+00:00,175439,4417186,3944389,
2026-09-20T08:19:21.992466+00:00,175440,4417211,3944114,
2026-09-20T08:19:22.024330+00:00,175441,4417237,3943937,
2026-09-20T08:19:22.040355+00:00,175442,4417262,3943953,
2026-09-20T08:19:22.072251+00:00,175443,4417287,3943807,
2026-09-20T08:19:22.088342+00:00,175444,4417312,3943713,
2026-09-20T08:19:22.120396+00:00,175445,4417337,3943474,
2026-09-20T08:19:22.152325+00:00,175446,4417363,3943446,
2026-09-20T08:19:22.168319+00:00,175447,4417388,3943987,
2026-09-20T08:19:22.200319+00:00,175448,4417413,3944234,
2026-09-20T08:19:22.217478+00:00,175449,4417438,3943876,
2026-09-20T08:19:22.248322+00:00,175450,4417463,3943868,
2026-09-20T08:19:22.264324+00:00,175451,4417488,3944151,
2026-09-20T08:19:22.296317+00:00,175452,4417514,3944665,
2026-09-20T08:19:22.328311+00:00,175453,4417539,3944343,
2026-09-20T08:19:22.344244+00:00,175454,4417564,3944169,
2026-09-20T08:19:22.376318+00:00,175455,4417589,3944579,
2026-09-20T08:19:22.392504+00:00,175456,4417614,3944844,
2026-09-20T08:19:22.424327+00:00,175457,4417640,3944395,
2026-09-20T08:19:22.430683+00:00,175458,4417665,3944877,
2026-09-20T08:19:22.464984+00:00,175459,4417690,3944876,
2026-09-20T08:19:22.504340+00:00,175460,4417715,3945075,
2026-09-20T08:19:22.520307+00:00,175461,4417740,3944868,
2026-09-20T08:19:22.552338+00:00,175462,4417765,3945073,
2026-09-20T08:19:22.568364+00:00,175463,4417791,3944812,
2026-09-20T08:19:22.600356+00:00,175464,4417816,3944416,
2026-09-20T08:19:22.616444+00:00,175465,4417841,3944097,
2026-09-20T08:19:22.648301+00:00,175466,4417866,3944017,
2026-09-20T08:19:22.680326+00:00,175467,4417891,3943758,
2026-09-20T08:19:22.696310+00:00,175468,4417916,3943299,
2026-09-20T08:19:22.728342+00:00,175469,4417942,3943307,
2026-09-20T08:19:22.744267+00:00,175470,4417967,3943335,
2026-09-20T08:19:22.776303+00:00,175471,4417992,3943142,
2026-09-20T08:19:22.792306+00:00,175472,4418017,3943684,
2026-09-20T08:19:22.824315+00:00,175473,4418042,3943598,
2026-09-20T08:19:22.856307+00:00,175474,4418068,3943554,
2026-09-20T08:19:22.872298+00:00,175475,4418093,3943990,
2026-09-20T08:19:22.904343+00:00,175476,4418118,3944372,
2026-09-20T08:19:22.920315+00:00,175477,4418143,3944137,
2026-09-20T08:19:22.952401+00:00,175478,4418168,3944209,
2026-09-20T08:19:22.968309+00:00,175479,4418193,3944336,
2026-09-20T08:19:23.000304+00:00,175480,4418219,3944135,
2026-09-20T08:19:23.032295+00:00,175481,4418244,3944261,
2026-09-20T08:19:23.048303+00:00,175482,4418269,3944340,
2026-09-20T08:19:23.080293+00:00,175483,4418294,3944497,
2026-09-20T08:19:23.096299+00:00,175484,4418319,3944745,
2026-09-20T08:19:23.128324+00:00,175485,4418344,3944456,
2026-09-20T08:19:23.144303+00:00,175486,4418370,3944556,
2026-09-20T08:19:23.176293+00:00,175487,4418395,3944961,
2026-09-20T08:19:23.208304+00:00,175488,4418420,3944775,
2026-09-20T08:19:23.224304+00:00,175489,4418445,3943858,
2026-09-20T08:19:23.256308+00:00,175490,4418470,3943998,
2026-09-20T08:19:23.272295+00:00,175491,4418496,3944519,
2026-09-20T08:19:23.304397+00:00,175492,4418521,3943804,
2026-09-20T08:19:23.320352+00:00,175493,4418546,3943331,
2026-09-20T08:19:23.352291+00:00,175494,4418571,3943295,
2026-09-20T08:19:23.384293+00:00,175495,4418596,3943710,
2026-09-20T08:19:23.400290+00:00,175496,4418621,3943363,
2026-09-20T08:19:23.432377+00:00,175497,4418647,3943438,
2026-09-20T08:19:23.448284+00:00,175498,4418672,3943664,
2026-09-20T08:19:23.480811+00:00,175499,4418697,3943542,
2026-09-20T08:19:23.496836+00:00,175500,4418722,3943829,
2026-09-20T08:19:23.528368+00:00,175501,4418747,3944178,
2026-09-20T08:19:23.561816+00:00,175502,4418772,3944239,
2026-09-20T08:19:23.576814+00:00,175503,4418798,3944034,
2026-09-20T08:19:23.608277+00:00,175504,4418823,3944398,
2026-09-20T08:19:23.624309+00:00,175505,4418848,3944448,
2026-09-20T08:19:23.656295+00:00,175506,4418873,3944510,
2026-09-20T08:19:23.672203+00:00,175507,4418898,3944801,
2026-09-20T08:19:23.705063+00:00,175508,4418923,3944711,
2026-09-20T08:19:23.735962+00:00,175509,4418949,3944613,
2026-09-20T08:19:23.752890+00:00,175510,4418974,3944498,
2026-09-20T08:19:23.784373+00:00,175511,4418999,3944531,
2026-09-20T08:19:23.800280+00:00,175512,4419024,3944455,
2026-09-20T08:19:23.832155+00:00,175513,4419049,3944962,
2026-09-20T08:19:23.864251+00:00,175514,4419075,3944435,
2026-09-20T08:19:23.880268+00:00,175515,4419100,3944132,
2026-09-20T08:19:23.912283+00:00,175516,4419125,3944456,
2026-09-20T08:19:23.928250+00:00,175517,4419150,3944495,
2026-09-20T08:19:23.960320+00:00,175518,4419175,3943941,
2026-09-20T08:19:23.976284+00:00,175519,4419200,3943516,
2026-09-20T08:19:24.008312+00:00,175520,4419226,3942774,
2026-09-20T08:19:24.040294+00:00,175521,4419251,3943251,
2026-09-20T08:19:24.056525+00:00,175522,4419276,3944027,
2026-09-20T08:19:24.088290+00:00,175523,4419301,3943749,
2026-09-20T08:19:24.104287+00:00,175524,4419326,3943570,
2026-09-20T08:19:24.136667+00:00,175525,4419351,3943557,
2026-09-20T08:19:24.152285+00:00,175526,4419377,3943624,
2026-09-20T08:19:24.184197+00:00,175527,4419402,3943637,
2026-09-20T08:19:24.216698+00:00,175528,4419427,3943662,
2026-09-20T08:19:24.232701+00:00,175529,4419452,3944332,
2026-09-20T08:19:24.264257+00:00,175530,4419477,3944594,
2026-09-20T08:19:24.280341+00:00,175531,4419503,3944445,
2026-09-20T08:19:24.312382+00:00,175532,4419528,3943737,
2026-09-20T08:19:24.328284+00:00,175533,4419553,3943347,
2026-09-20T08:19:24.360029+00:00,175534,4419578,3944340,
2026-09-20T08:19:24.392323+00:00,175535,4419603,3944596,
2026-09-20T08:19:24.408289+00:00,175536,4419628,3944677,
2026-09-20T08:19:24.439892+00:00,175537,4419654,3944780,
2026-09-20T08:19:24.456285+00:00,175538,4419679,3944527,
2026-09-20T08:19:24.488291+00:00,175539,4419704,3944630,
2026-09-20T08:19:24.504301+00:00,175540,4419729,3944574,
2026-09-20T08:19:24.536189+00:00,175541,4419754,3944128,
2026-09-20T08:19:24.568271+00:00,175542,4419779,3944182,
2026-09-20T08:19:24.584245+00:00,175543,4419805,3944048,
2026-09-20T08:19:24.616260+00:00,175544,4419830,3944037,
2026-09-20T08:19:24.632257+00:00,175545,4419855,3943609,
2026-09-20T08:19:24.664385+00:00,175546,4419880,3943691,
2026-09-20T08:19:24.680249+00:00,175547,4419905,3943291,
2026-09-20T08:19:24.712273+00:00,175548,4419930,3942985,
2026-09-20T08:19:24.744252+00:00,175549,4419956,3943777,
2026-09-20T08:19:24.760590+00:00,175550,4419981,3943605,
2026-09-20T08:19:24.791799+00:00,175551,4420006,3943244,
2026-09-20T08:19:24.808246+00:00,175552,4420031,3943672,
2026-09-20T08:19:24.840308+00:00,175553,4420056,3943337,
2026-09-20T08:19:24.856252+00:00,175554,4420082,3943270,
2026-09-20T08:19:24.888251+00:00,175555,4420107,3943982,
2026-09-20T08:19:24.920259+00:00,175556,4420132,3944026,
2026-09-20T08:19:24.936266+00:00,175557,4420157,3944130,
2026-09-20T08:19:24.968275+00:00,175558,4420182,3944218,
2026-09-20T08:19:24.984262+00:00,175559,4420207,3944470,
2026-09-20T08:19:25.016170+00:00,175560,4420233,3943805,
2026-09-20T08:19:25.032107+00:00,175561,4420258,3944324,
2026-09-20T08:19:25.064139+00:00,175562,4420283,3944785,
2026-09-20T08:19:25.096293+00:00,175563,4420308,3944589,
2026-09-20T08:19:25.112458+00:00,175564,4420333,3945052,
2026-09-20T08:19:25.144244+00:00,175565,4420358,3945158,
2026-09-20T08:19:25.159907+00:00,175566,4420384,3944802,
2026-09-20T08:19:25.192273+00:00,175567,4420409,3944001,
2026-09-20T08:19:25.208249+00:00,175568,4420434,3944068,
2026-09-20T08:19:25.240243+00:00,175569,4420459,3944099,
2026-09-20T08:19:25.272244+00:00,175570,4420484,3943707,
2026-09-20T08:19:25.288054+00:00,175571,4420510,3943362,
2026-09-20T08:19:25.319931+00:00,175572,4420535,3943103,
2026-09-20T08:19:25.336194+00:00,175573,4420560,3942950,
2026-09-20T08:19:25.368262+00:00,175574,4420585,3943534,
2026-09-20T08:19:25.384409+00:00,175575,4420610,3943098,
2026-09-20T08:19:25.416236+00:00,175576,4420635,3943415,
2026-09-20T08:19:25.448460+00:00,175577,4420661,3943086,
2026-09-20T08:19:25.464148+00:00,175578,4420686,3943356,
2026-09-20T08:19:25.495861+00:00,175579,4420711,3944222,
2026-09-20T08:19:25.512275+00:00,175580,4420736,3944242,
2026-09-20T08:19:25.544234+00:00,175581,4420761,3943491,
2026-09-20T08:19:25.560321+00:00,175582,4420786,3943931,
2026-09-20T08:19:25.592232+00:00,175583,4420812,3944551,
2026-09-20T08:19:25.624083+00:00,175584,4420837,3944419,
2026-09-20T08:19:25.639883+00:00,175585,4420862,3944418,
2026-09-20T08:19:25.672228+00:00,175586,4420887,3944261,
2026-09-20T08:19:25.688309+00:00,175587,4420912,3944286,
2026-09-20T08:19:25.720228+00:00,175588,4420938,3944661,
2026-09-20T08:19:25.736222+00:00,175589,4420963,3944698,
2026-09-20T08:19:25.768221+00:00,175590,4420988,3944914,
2026-09-20T08:19:25.800254+00:00,175591,4421013,3945011,
2026-09-20T08:19:25.816079+00:00,175592,4421038,3944751,
2026-09-20T08:19:25.848547+00:00,175593,4421063,3944285,
2026-09-20T08:19:25.864441+00:00,175594,4421089,3943824,
2026-09-20T08:19:25.896231+00:00,175595,4421114,3943702,
2026-09-20T08:19:25.928353+00:00,175596,4421139,3943422,
2026-09-20T08:19:25.944392+00:00,175597,4421164,3943139,
2026-09-20T08:19:25.976221+00:00,175598,4421189,3943273,
2026-09-20T08:19:25.992214+00:00,175599,4421214,3943644,
2026-09-20T08:19:26.024242+00:00,175600,4421240,3943772,
2026-09-20T08:19:26.040214+00:00,175601,4421265,3943456,
2026-09-20T08:19:26.072397+00:00,175602,4421290,3943294,
2026-09-20T08:19:26.104222+00:00,175603,4421315,3943778,
2026-09-20T08:19:26.120223+00:00,175604,4421340,3943768,
2026-09-20T08:19:26.152222+00:00,175605,4421365,3943983,
2026-09-20T08:19:26.168233+00:00,175606,4421391,3943932,
2026-09-20T08:19:26.200583+00:00,175607,4421416,3943669,
2026-09-20T08:19:26.216584+00:00,175608,4421441,3944152,
2026-09-20T08:19:26.248218+00:00,175609,4421466,3944460,
2026-09-20T08:19:26.280210+00:00,175610,4421491,3944638,
2026-09-20T08:19:26.296207+00:00,175611,4421517,3944580,
2026-09-20T08:19:26.328223+00:00,175612,4421542,3943763,
2026-09-20T08:19:26.344234+00:00,175613,4421567,3944207,
2026-09-20T08:19:26.376225+00:00,175614,4421592,3944532,
2026-09-20T08:19:26.392248+00:00,175615,4421617,3944567,
2026-09-20T08:19:26.424213+00:00,175616,4421642,3944449,
2026-09-20T08:19:26.456220+00:00,175617,4421668,3944338,
2026-09-20T08:19:26.472221+00:00,175618,4421693,3944399,
2026-09-20T08:19:26.503926+00:00,175619,4421718,3944073,
2026-09-20T08:19:26.520222+00:00,175620,4421743,3943628,
2026-09-20T08:19:26.552246+00:00,175621,4421768,3943232,
2026-09-20T08:19:26.568220+00:00,175622,4421793,3943337,
2026-09-20T08:19:26.600954+00:00,175623,4421819,3943502,
2026-09-20T08:19:26.632225+00:00,175624,4421844,3943271,
2026-09-20T08:19:26.647904+00:00,175625,4421869,3943563,
2026-09-20T08:19:26.680197+00:00,175626,4421894,3943648,
2026-09-20T08:19:26.696240+00:00,175627,4421919,3943401,
2026-09-20T08:19:26.728257+00:00,175628,4421945,3943677,
2026-09-20T08:19:26.744210+00:00,175629,4421970,3943427,
2026-09-20T08:19:26.776213+00:00,175630,4421995,3943347,
2026-09-20T08:19:26.808202+00:00,175631,4422020,3943982,
2026-09-20T08:19:26.823962+00:00,175632,4422045,3943857,
2026-09-20T08:19:26.855864+00:00,175633,4422070,3943998,
2026-09-20T08:19:26.871820+00:00,175634,4422096,3944336,
2026-09-20T08:19:26.904187+00:00,175635,4422121,3944646,
2026-09-20T08:19:26.920231+00:00,175636,4422146,3944425,
2026-09-20T08:19:26.952191+00:00,175637,4422171,3944240,
2026-09-20T08:19:26.984425+00:00,175638,4422196,3944632,
2026-09-20T08:19:27.000223+00:00,175639,4422221,3945046,
2026-09-20T08:19:27.032190+00:00,175640,4422247,3944996,
2026-09-20T08:19:27.048245+00:00,175641,4422272,3944522,
2026-09-20T08:19:27.080207+00:00,175642,4422297,3944118,
2026-09-20T08:19:27.096198+00:00,175643,4422322,3944567,
2026-09-20T08:19:27.128206+00:00,175644,4422347,3944227,
2026-09-20T08:19:27.160200+00:00,175645,4422372,3943970,
2026-09-20T08:19:27.175910+00:00,175646,4422398,3943609,
2026-09-20T08:19:27.208192+00:00,175647,4422423,3943364,
2026-09-20T08:19:27.224346+00:00,175648,4422448,3943263,
2026-09-20T08:19:27.256438+00:00,175649,4422473,3943343,
2026-09-20T08:19:27.272188+00:00,175650,4422498,3943377,
2026-09-20T08:19:27.304189+00:00,175651,4422524,3943669,
2026-09-20T08:19:27.336209+00:00,175652,4422549,3943897,
2026-09-20T08:19:27.352188+00:00,175653,4422574,3943702,
2026-09-20T08:19:27.383956+00:00,175654,4422599,3943945,
2026-09-20T08:19:27.399868+00:00,175655,4422624,3943947,
2026-09-20T08:19:27.432177+00:00,175656,4422649,3943647,
2026-09-20T08:19:27.448172+00:00,175657,4422675,3943877,
2026-09-20T08:19:27.480200+00:00,175658,4422700,3944193,
2026-09-20T08:19:27.512187+00:00,175659,4422725,3944095,
2026-09-20T08:19:27.528178+00:00,175660,4422750,3944134,
2026-09-20T08:19:27.560190+00:00,175661,4422775,3944443,
2026-09-20T08:19:27.576184+00:00,175662,4422800,3944654,
2026-09-20T08:19:27.608670+00:00,175663,4422826,3944774,
2026-09-20T08:19:27.624180+00:00,175664,4422851,3944763,
2026-09-20T08:19:27.655964+00:00,175665,4422876,3944855,
2026-09-20T08:19:27.688167+00:00,175666,4422901,3944980,
2026-09-20T08:19:27.704185+00:00,175667,4422926,3944396,
2026-09-20T08:19:27.736186+00:00,175668,4422952,3944434,
2026-09-20T08:19:27.752186+00:00,175669,4422977,3944394,
2026-09-20T08:19:27.784246+00:00,175670,4423002,3944309,
2026-09-20T08:19:27.816179+00:00,175671,4423027,3944250,
2026-09-20T08:19:27.832188+00:00,175672,4423052,3943590,
2026-09-20T08:19:27.864219+00:00,175673,4423077,3943562,
2026-09-20T08:19:27.879947+00:00,175674,4423103,3943489,
2026-09-20T08:19:27.912210+00:00,175675,4423128,3943370,
2026-09-20T08:19:27.928142+00:00,175676,4423153,3943470,
2026-09-20T08:19:27.960169+00:00,175677,4423178,3943704,
2026-09-20T08:19:27.992217+00:00,175678,4423203,3943685,
2026-09-20T08:19:28.008172+00:00,175679,4423228,3943385,
2026-09-20T08:19:28.040182+00:00,175680,4423254,3943844,
2026-09-20T08:19:28.056171+00:00,175681,4423279,3944250,
2026-09-20T08:19:28.088177+00:00,175682,4423304,3944349,
2026-09-20T08:19:28.103958+00:00,175683,4423329,3944027,
2026-09-20T08:19:28.136225+00:00,175684,4423354,3944037,
2026-09-20T08:19:28.167904+00:00,175685,4423379,3943866,
2026-09-20T08:19:28.183951+00:00,175686,4423405,3943993,
2026-09-20T08:19:28.217044+00:00,175687,4423430,3944594,
2026-09-20T08:19:28.232042+00:00,175688,4423455,3944497,
2026-09-20T08:19:28.264146+00:00,175689,4423480,3944658,
2026-09-20T08:19:28.280055+00:00,175690,4423505,3944560,
2026-09-20T08:19:28.312189+00:00,175691,4423531,3944314,
2026-09-20T08:19:28.343968+00:00,175692,4423556,3945095,
2026-09-20T08:19:28.360167+00:00,175693,4423581,3945080,
2026-09-20T08:19:28.391909+00:00,175694,4423606,3944404,
2026-09-20T08:19:28.408179+00:00,175695,4423631,3943537,
2026-09-20T08:19:28.440167+00:00,175696,4423656,3943598,
2026-09-20T08:19:28.455955+00:00,175697,4423682,3943481,
2026-09-20T08:19:28.488163+00:00,175698,4423707,3943401,
2026-09-20T08:19:28.520177+00:00,175699,4423732,3943553,
2026-09-20T08:19:28.536185+00:00,175700,4423757,3943503,
2026-09-20T08:19:28.568171+00:00,175701,4423782,3943426,
2026-09-20T08:19:28.584004+00:00,175702,4423807,3943465,
2026-09-20T08:19:28.616161+00:00,175703,4423833,3943974,
2026-09-20T08:19:28.631773+00:00,175704,4423858,3943476,
2026-09-20T08:19:28.664164+00:00,175705,4423883,3943552,
2026-09-20T08:19:28.696175+00:00,175706,4423908,3943906,
2026-09-20T08:19:28.712181+00:00,175707,4423933,3943722,
2026-09-20T08:19:28.744163+00:00,175708,4423959,3943829,
2026-09-20T08:19:28.759854+00:00,175709,4423984,3944103,
2026-09-20T08:19:28.792143+00:00,175710,4424009,3943967,
2026-09-20T08:19:28.807794+00:00,175711,4424034,3944016,
2026-09-20T08:19:28.840181+00:00,175712,4424059,3944474,
2026-09-20T08:19:28.872182+00:00,175713,4424084,3945066,
2026-09-20T08:19:28.888179+00:00,175714,4424110,3945221,
2026-09-20T08:19:28.920264+00:00,175715,4424135,3945275,
2026-09-20T08:19:28.936190+00:00,175716,4424160,3944865,
2026-09-20T08:19:28.968145+00:00,175717,4424185,3944577,
2026-09-20T08:19:28.984148+00:00,175718,4424210,3944563,
2026-09-20T08:19:29.015858+00:00,175719,4424235,3944510,
2026-09-20T08:19:29.048453+00:00,175720,4424261,3944157,
2026-09-20T08:19:29.064092+00:00,175721,4424286,3944295,
2026-09-20T08:19:29.096169+00:00,175722,4424311,3943940,
2026-09-20T08:19:29.112151+00:00,175723,4424336,3943593,
2026-09-20T08:19:29.144164+00:00,175724,4424361,3943566,
2026-09-20T08:19:29.160178+00:00,175725,4424386,3943073,
2026-09-20T08:19:29.192160+00:00,175726,4424412,3942971,
2026-09-20T08:19:29.224194+00:00,175727,4424437,3943484,
2026-09-20T08:19:29.240157+00:00,175728,4424462,3943719,
2026-09-20T08:19:29.272145+00:00,175729,4424487,3943380,
2026-09-20T08:19:29.288145+00:00,175730,4424512,3943708,
2026-09-20T08:19:29.320133+00:00,175731,4424538,3943976,
2026-09-20T08:19:29.336135+00:00,175732,4424563,3944217,
2026-09-20T08:19:29.368108+00:00,175733,4424588,3944584,
2026-09-20T08:19:29.401088+00:00,175734,4424613,3944873,
2026-09-20T08:19:29.416149+00:00,175735,4424638,3944329,
2026-09-20T08:19:29.448487+00:00,175736,4424663,3944399,
2026-09-20T08:19:29.464045+00:00,175737,4424689,3944413,
2026-09-20T08:19:29.496140+00:00,175738,4424714,3944839,
2026-09-20T08:19:29.512384+00:00,175739,4424739,3944716,
2026-09-20T08:19:29.544438+00:00,175740,4424764,3944621,
2026-09-20T08:19:29.576842+00:00,175741,4424789,3944493,
2026-09-20T08:19:29.600874+00:00,175742,4424814,3945107,
2026-09-20T08:19:29.642246+00:00,175743,4424840,3945397,
2026-09-20T08:19:29.643242+00:00,175744,4424865,3944729,
2026-09-20T08:19:29.685437+00:00,175745,4424890,3944303,
2026-09-20T08:19:29.689347+00:00,175746,4424915,3944310,
2026-09-20T08:19:29.721388+00:00,175747,4424940,3944344,
2026-09-20T08:19:29.753680+00:00,175748,4424966,3943834,
2026-09-20T08:19:29.767681+00:00,175749,4424991,3943429,
2026-09-20T08:19:29.800132+00:00,175750,4425016,3942919,
2026-09-20T08:19:29.816145+00:00,175751,4425041,3942954,
2026-09-20T08:19:29.849552+00:00,175752,4425066,3943163,
2026-09-20T08:19:29.882186+00:00,175753,4425091,3943404,
2026-09-20T08:19:29.896140+00:00,175754,4425117,3943578,
2026-09-20T08:19:29.934721+00:00,175755,4425142,3943856,
2026-09-20T08:19:29.944350+00:00,175756,4425167,3943890,
2026-09-20T08:19:29.977205+00:00,175757,4425192,3943905,
2026-09-20T08:19:30.001823+00:00,175758,4425217,3944144,
2026-09-20T08:19:30.026832+00:00,175759,4425242,3944157,
2026-09-20T08:19:30.056457+00:00,175760,4425268,3944598,
2026-09-20T08:19:30.072141+00:00,175761,4425293,3944564,
2026-09-20T08:19:30.111623+00:00,175762,4425318,3944210,
2026-09-20T08:19:30.123288+00:00,175763,4425343,3944174,
2026-09-20T08:19:30.153376+00:00,175764,4425368,3944412,
2026-09-20T08:19:30.177488+00:00,175765,4425394,3944767,
2026-09-20T08:19:30.202832+00:00,175766,4425419,3944822,
2026-09-20T08:19:30.232114+00:00,175767,4425444,3944880,
2026-09-20T08:19:30.247769+00:00,175768,4425469,3945263,
2026-09-20T08:19:30.280343+00:00,175769,4425494,3945195,
2026-09-20T08:19:30.296118+00:00,175770,4425519,3944773,
2026-09-20T08:19:30.328122+00:00,175771,4425545,3944243,
2026-09-20T08:19:30.344136+00:00,175772,4425570,3944392,
2026-09-20T08:19:30.376136+00:00,175773,4425595,3944101,
2026-09-20T08:19:30.409218+00:00,175774,4425620,3943498,
2026-09-20T08:19:30.424214+00:00,175775,4425645,3943810,
2026-09-20T08:19:30.456120+00:00,175776,4425670,3943819,
2026-09-20T08:19:30.472188+00:00,175777,4425696,3943201,
2026-09-20T08:19:30.507369+00:00,175778,4425721,3942961,
2026-09-20T08:19:30.520360+00:00,175779,4425746,3943176,
2026-09-20T08:19:30.552120+00:00,175780,4425771,3943502,
2026-09-20T08:19:30.584122+00:00,175781,4425796,3943775,
2026-09-20T08:19:30.600575+00:00,175782,4425822,3944204,
2026-09-20T08:19:30.632139+00:00,175783,4425847,3943923,
2026-09-20T08:19:30.648494+00:00,175784,4425872,3943835,
2026-09-20T08:19:30.680129+00:00,175785,4425897,3944002,
2026-09-20T08:19:30.696206+00:00,175786,4425922,3944222,
2026-09-20T08:19:30.728129+00:00,175787,4425947,3944423,
2026-09-20T08:19:30.760114+00:00,175788,4425973,3944560,
2026-09-20T08:19:30.776107+00:00,175789,4425998,3944103,
2026-09-20T08:19:30.808198+00:00,175790,4426023,3944179,
2026-09-20T08:19:30.824121+00:00,175791,4426048,3944432,
2026-09-20T08:19:30.856104+00:00,175792,4426073,3944282,
2026-09-20T08:19:30.872099+00:00,175793,4426098,3944624,
2026-09-20T08:19:30.904147+00:00,175794,4426124,3944756,
2026-09-20T08:19:30.936106+00:00,175795,4426149,3944373,
2026-09-20T08:19:30.952096+00:00,175796,4426174,3944303,
2026-09-20T08:19:30.984111+00:00,175797,4426199,3944425,
2026-09-20T08:19:31.000119+00:00,175798,4426224,3943908,
2026-09-20T08:19:31.032118+00:00,175799,4426250,3943317,
2026-09-20T08:19:31.048194+00:00,175800,4426275,3943422,
2026-09-20T08:19:31.080122+00:00,175801,4426300,3943608,
2026-09-20T08:19:31.113182+00:00,175802,4426325,3943625,
2026-09-20T08:19:31.128177+00:00,175803,4426350,3943087,
2026-09-20T08:19:31.160100+00:00,175804,4426375,3943357,
2026-09-20T08:19:31.176105+00:00,175805,4426401,3943341,
2026-09-20T08:19:31.208149+00:00,175806,4426426,3943146,
2026-09-20T08:19:31.224153+00:00,175807,4426451,3943473,
2026-09-20T08:19:31.256119+00:00,175808,4426476,3943671,
2026-09-20T08:19:31.291128+00:00,175809,4426501,3943959,
2026-09-20T08:19:31.308189+00:00,175810,4426526,3944273,
2026-09-20T08:19:31.336143+00:00,175811,4426552,3944131,
2026-09-20T08:19:31.352103+00:00,175812,4426577,3943743,
2026-09-20T08:19:31.384099+00:00,175813,4426602,3944107,
2026-09-20T08:19:31.400140+00:00,175814,4426627,3944495,
2026-09-20T08:19:31.432140+00:00,175815,4426652,3944433,
2026-09-20T08:19:31.464109+00:00,175816,4426678,3944565,
2026-09-20T08:19:31.480087+00:00,175817,4426703,3944542,
2026-09-20T08:19:31.512095+00:00,175818,4426728,3944638,
2026-09-20T08:19:31.529158+00:00,175819,4426753,3944622,
2026-09-20T08:19:31.560538+00:00,175820,4426778,3944278,
2026-09-20T08:19:31.576088+00:00,175821,4426803,3944413,
2026-09-20T08:19:31.608090+00:00,175822,4426829,3944147,
2026-09-20T08:19:31.640088+00:00,175823,4426854,3944328,
2026-09-20T08:19:31.656083+00:00,175824,4426879,3944155,
2026-09-20T08:19:31.688095+00:00,175825,4426904,3943973,
2026-09-20T08:19:31.704096+00:00,175826,4426929,3943574,
2026-09-20T08:19:31.736129+00:00,175827,4426955,3943188,
2026-09-20T08:19:31.768143+00:00,175828,4426980,3943013,
2026-09-20T08:19:31.783625+00:00,175829,4427005,3943010,
2026-09-20T08:19:31.815794+00:00,175830,4427030,3943954,
2026-09-20T08:19:31.832104+00:00,175831,4427055,3943767,
2026-09-20T08:19:31.865273+00:00,175832,4427080,3943600,
2026-09-20T08:19:31.880119+00:00,175833,4427106,3944096,
2026-09-20T08:19:31.912101+00:00,175834,4427131,3944153,
2026-09-20T08:19:31.944086+00:00,175835,4427156,3944055,
2026-09-20T08:19:31.960096+00:00,175836,4427181,3943531,
2026-09-20T08:19:31.992077+00:00,175837,4427206,3943678,
2026-09-20T08:19:32.008092+00:00,175838,4427231,3944079,
2026-09-20T08:19:32.040081+00:00,175839,4427257,3944008,
2026-09-20T08:19:32.058210+00:00,175840,4427282,3943683,
2026-09-20T08:19:32.088081+00:00,175841,4427307,3944066,
2026-09-20T08:19:32.120104+00:00,175842,4427332,3944736,
2026-09-20T08:19:32.136064+00:00,175843,4427357,3945105,
2026-09-20T08:19:32.167827+00:00,175844,4427382,3945047,
2026-09-20T08:19:32.184084+00:00,175845,4427408,3945071,
2026-09-20T08:19:32.216556+00:00,175846,4427433,3944714,
2026-09-20T08:19:32.232840+00:00,175847,4427458,3944682,
2026-09-20T08:19:32.264091+00:00,175848,4427483,3944675,
2026-09-20T08:19:32.296120+00:00,175849,4427508,3943877,
2026-09-20T08:19:32.312067+00:00,175850,4427534,3943623,
2026-09-20T08:19:32.356693+00:00,175851,4427559,3943400,
2026-09-20T08:19:32.362693+00:00,175852,4427584,3943655,
2026-09-20T08:19:32.392081+00:00,175853,4427609,3943653,
2026-09-20T08:19:32.411165+00:00,175854,4427634,3943539,
2026-09-20T08:19:32.441151+00:00,175855,4427659,3943444,
2026-09-20T08:19:32.472088+00:00,175856,4427685,3943140,
2026-09-20T08:19:32.488072+00:00,175857,4427710,3943366,
2026-09-20T08:19:32.521173+00:00,175858,4427735,3944074,
2026-09-20T08:19:32.536148+00:00,175859,4427760,3944363,
2026-09-20T08:19:32.569585+00:00,175860,4427785,3944299,
2026-09-20T08:19:32.590167+00:00,175861,4427810,3944200,
2026-09-20T08:19:32.620584+00:00,175862,4427836,3944205,
2026-09-20T08:19:32.648586+00:00,175863,4427861,3943936,
