host_utc,seq,mcu_ms,raw,label
2026-09-20T08:15:56.382965+00:00,167272,4211570,5367218,
2026-09-20T08:15:56.414593+00:00,167273,4211595,5700467,
2026-09-20T08:15:56.430733+00:00,167274,4211620,5961169,
2026-09-20T08:15:56.462558+00:00,167275,4211646,6073366,
2026-09-20T08:15:56.478587+00:00,167276,4211671,6067273,
2026-09-20T08:15:56.510950+00:00,167277,4211696,6015987,
2026-09-20T08:15:56.542992+00:00,167278,4211721,5953866,
2026-09-20T08:15:56.558950+00:00,167279,4211746,5848845,
2026-09-20T08:15:56.590155+00:00,167280,4211771,5686960,
2026-09-20T08:15:56.606951+00:00,167281,4211797,5513676,
2026-09-20T08:15:56.639012+00:00,167282,4211822,5367609,
2026-09-20T08:15:56.654950+00:00,167283,4211847,5211399,
2026-09-20T08:15:56.686151+00:00,167284,4211872,5033531,
2026-09-20T08:15:56.718950+00:00,167285,4211897,4892618,
2026-09-20T08:15:56.733951+00:00,167286,4211922,4798390,
2026-09-20T08:15:56.765960+00:00,167287,4211948,4711471,
2026-09-20T08:15:56.781981+00:00,167288,4211973,4605238,
2026-09-20T08:15:56.814951+00:00,167289,4211998,4470926,
2026-09-20T08:15:56.830148+00:00,167290,4212023,4331299,
2026-09-20T08:15:56.862155+00:00,167291,4212048,4220656,
2026-09-20T08:15:56.894150+00:00,167292,4212074,4135276,
2026-09-20T08:15:56.910560+00:00,167293,4212099,4088181,
2026-09-20T08:15:56.942659+00:00,167294,4212124,4077198,
2026-09-20T08:15:56.958777+00:00,167295,4212149,4069738,
2026-09-20T08:15:56.990537+00:00,167296,4212174,4053270,
2026-09-20T08:15:57.006536+00:00,167297,4212199,4039694,
2026-09-20T08:15:57.038528+00:00,167298,4212225,4036635,
2026-09-20T08:15:57.070536+00:00,167299,4212250,4035850,
2026-09-20T08:15:57.086539+00:00,167300,4212275,4034843,
2026-09-20T08:15:57.118484+00:00,167301,4212300,4032545,
2026-09-20T08:15:57.134546+00:00,167302,4212325,4028700,
2026-09-20T08:15:57.166574+00:00,167303,4212350,4020738,
2026-09-20T08:15:57.182517+00:00,167304,4212376,3998999,
2026-09-20T08:15:57.214543+00:00,167305,4212401,3962895,
2026-09-20T08:15:57.246547+00:00,167306,4212426,3914734,
2026-09-20T08:15:57.262550+00:00,167307,4212451,3857008,
2026-09-20T08:15:57.294566+00:00,167308,4212476,3797826,
2026-09-20T08:15:57.310549+00:00,167309,4212501,3728411,
2026-09-20T08:15:57.342526+00:00,167310,4212527,3645973,
2026-09-20T08:15:57.358596+00:00,167311,4212552,3559988,
2026-09-20T08:15:57.393664+00:00,167312,4212577,3459928,
2026-09-20T08:15:57.422524+00:00,167313,4212602,3318133,
2026-09-20T08:15:57.438602+00:00,167314,4212627,3118620,
2026-09-20T08:15:57.474871+00:00,167315,4212653,2884502,
2026-09-20T08:15:57.487620+00:00,167316,4212678,2659361,
2026-09-20T08:15:57.519871+00:00,167317,4212703,2479518,
2026-09-20T08:15:57.550518+00:00,167318,4212728,2348103,
2026-09-20T08:15:57.566524+00:00,167319,4212753,2249561,
2026-09-20T08:15:57.598550+00:00,167320,4212778,2179616,
2026-09-20T08:15:57.614526+00:00,167321,4212804,2135870,
2026-09-20T08:15:57.646512+00:00,167322,4212829,2112153,
2026-09-20T08:15:57.662525+00:00,167323,4212854,2107217,
2026-09-20T08:15:57.694523+00:00,167324,4212879,2120612,
2026-09-20T08:15:57.727885+00:00,167325,4212904,2146332,
2026-09-20T08:15:57.742568+00:00,167326,4212929,2155886,
2026-09-20T08:15:57.774551+00:00,167327,4212955,2076957,
2026-09-20T08:15:57.790549+00:00,167328,4212980,2080136,
2026-09-20T08:15:57.822577+00:00,167329,4213005,2415103,
2026-09-20T08:15:57.838516+00:00,167330,4213030,2794905,
2026-09-20T08:15:57.870517+00:00,167331,4213055,3094633,
2026-09-20T08:15:57.901837+00:00,167332,4213080,3321202,
2026-09-20T08:15:57.918474+00:00,167333,4213106,3491116,
2026-09-20T08:15:57.950813+00:00,167334,4213131,3617900,
2026-09-20T08:15:57.966533+00:00,167335,4213156,3711208,
2026-09-20T08:15:57.998516+00:00,167336,4213181,3777552,
2026-09-20T08:15:58.018762+00:00,167337,4213206,3823868,
2026-09-20T08:15:58.046544+00:00,167338,4213231,3856027,
2026-09-20T08:15:58.082190+00:00,167339,4213257,3878605,
2026-09-20T08:15:58.093884+00:00,167340,4213282,3893980,
2026-09-20T08:15:58.126201+00:00,167341,4213307,3904220,
2026-09-20T08:15:58.142552+00:00,167342,4213332,3911132,
2026-09-20T08:15:58.174518+00:00,167343,4213357,3916245,
2026-09-20T08:15:58.190645+00:00,167344,4213383,3920571,
2026-09-20T08:15:58.223873+00:00,167345,4213408,3923656,
2026-09-20T08:15:58.255849+00:00,167346,4213433,3926550,
2026-09-20T08:15:58.273131+00:00,167347,4213458,3928610,
2026-09-20T08:15:58.302991+00:00,167348,4213483,3929665,
2026-09-20T08:15:58.318522+00:00,167349,4213508,3930428,
2026-09-20T08:15:58.350493+00:00,167350,4213534,3931129,
2026-09-20T08:15:58.368009+00:00,167351,4213559,3932038,
2026-09-20T08:15:58.407462+00:00,167352,4213584,3932968,
2026-09-20T08:15:58.430341+00:00,167353,4213609,3934413,
2026-09-20T08:15:58.446507+00:00,167354,4213634,3934919,
2026-09-20T08:15:58.478504+00:00,167355,4213659,3934571,
2026-09-20T08:15:58.494243+00:00,167356,4213685,3935063,
2026-09-20T08:15:58.526529+00:00,167357,4213710,3935558,
2026-09-20T08:15:58.543020+00:00,167358,4213735,3935840,
2026-09-20T08:15:58.574601+00:00,167359,4213760,3936033,
2026-09-20T08:15:58.606562+00:00,167360,4213785,3936384,
2026-09-20T08:15:58.622501+00:00,167361,4213810,3936846,
2026-09-20T08:15:58.654941+00:00,167362,4213836,3937553,
2026-09-20T08:15:58.673099+00:00,167363,4213861,3937628,
2026-09-20T08:15:58.702910+00:00,167364,4213886,3937509,
2026-09-20T08:15:58.718531+00:00,167365,4213911,3937777,
2026-09-20T08:15:58.750508+00:00,167366,4213936,3937913,
2026-09-20T08:15:58.786998+00:00,167367,4213962,3938735,
2026-09-20T08:15:58.799749+00:00,167368,4213987,3939424,
2026-09-20T08:15:58.831696+00:00,167369,4214012,3939372,
2026-09-20T08:15:58.846483+00:00,167370,4214037,3939351,
2026-09-20T08:15:58.878493+00:00,167371,4214062,3939754,
2026-09-20T08:15:58.894510+00:00,167372,4214087,3940601,
2026-09-20T08:15:58.926518+00:00,167373,4214113,3941297,
2026-09-20T08:15:58.958478+00:00,167374,4214138,3940838,
2026-09-20T08:15:58.974498+00:00,167375,4214163,3940789,
2026-09-20T08:15:59.006888+00:00,167376,4214188,3942083,
2026-09-20T08:15:59.022522+00:00,167377,4214213,3942814,
2026-09-20T08:15:59.054552+00:00,167378,4214238,3942102,
2026-09-20T08:15:59.071363+00:00,167379,4214264,3941750,
2026-09-20T08:15:59.102543+00:00,167380,4214289,3941612,
2026-09-20T08:15:59.138420+00:00,167381,4214314,3941372,
2026-09-20T08:15:59.150517+00:00,167382,4214339,3940891,
2026-09-20T08:15:59.182498+00:00,167383,4214364,3940413,
2026-09-20T08:15:59.199117+00:00,167384,4214389,3940481,
2026-09-20T08:15:59.230227+00:00,167385,4214415,3940519,
2026-09-20T08:15:59.246472+00:00,167386,4214440,3940924,
2026-09-20T08:15:59.278599+00:00,167387,4214465,3941235,
2026-09-20T08:15:59.311615+00:00,167388,4214490,3941339,
2026-09-20T08:15:59.326543+00:00,167389,4214515,3941074,
2026-09-20T08:15:59.358504+00:00,167390,4214541,3941459,
2026-09-20T08:15:59.374500+00:00,167391,4214566,3941434,
2026-09-20T08:15:59.406472+00:00,167392,4214591,3941580,
2026-09-20T08:15:59.422674+00:00,167393,4214616,3941632,
2026-09-20T08:15:59.454497+00:00,167394,4214641,3941574,
2026-09-20T08:15:59.486499+00:00,167395,4214666,3941586,
2026-09-20T08:15:59.505636+00:00,167396,4214692,3941822,
2026-09-20T08:15:59.540424+00:00,167397,4214717,3942039,
2026-09-20T08:15:59.550483+00:00,167398,4214742,3942802,
2026-09-20T08:15:59.582481+00:00,167399,4214767,3943933,
2026-09-20T08:15:59.615286+00:00,167400,4214792,3944397,
2026-09-20T08:15:59.630481+00:00,167401,4214817,3943874,
2026-09-20T08:15:59.662473+00:00,167402,4214843,3942965,
2026-09-20T08:15:59.678483+00:00,167403,4214868,3942480,
2026-09-20T08:15:59.710467+00:00,167404,4214893,3942591,
2026-09-20T08:15:59.726468+00:00,167405,4214918,3942159,
2026-09-20T08:15:59.758317+00:00,167406,4214943,3941565,
2026-09-20T08:15:59.790415+00:00,167407,4214968,3941380,
2026-09-20T08:15:59.806738+00:00,167408,4214994,3941372,
2026-09-20T08:15:59.839547+00:00,167409,4215019,3941671,
2026-09-20T08:15:59.855542+00:00,167410,4215044,3941729,
2026-09-20T08:15:59.886489+00:00,167411,4215069,3941220,
2026-09-20T08:15:59.902515+00:00,167412,4215094,3940924,
2026-09-20T08:15:59.934476+00:00,167413,4215120,3941384,
2026-09-20T08:15:59.966505+00:00,167414,4215145,3941185,
2026-09-20T08:15:59.983265+00:00,167415,4215170,3940471,
2026-09-20T08:16:00.018553+00:00,167416,4215195,3939665,
2026-09-20T08:16:00.030550+00:00,167417,4215220,3940432,
2026-09-20T08:16:00.062207+00:00,167418,4215245,3940860,
2026-09-20T08:16:00.078462+00:00,167419,4215271,3940984,
2026-09-20T08:16:00.110450+00:00,167420,4215296,3941678,
2026-09-20T08:16:00.143548+00:00,167421,4215321,3942332,
2026-09-20T08:16:00.158546+00:00,167422,4215346,3943136,
2026-09-20T08:16:00.190501+00:00,167423,4215371,3943563,
2026-09-20T08:16:00.205941+00:00,167424,4215396,3943705,
2026-09-20T08:16:00.238435+00:00,167425,4215422,3943851,
2026-09-20T08:16:00.254434+00:00,167426,4215447,3943613,
2026-09-20T08:16:00.286452+00:00,167427,4215472,3943218,
2026-09-20T08:16:00.318449+00:00,167428,4215497,3942950,
2026-09-20T08:16:00.334459+00:00,167429,4215522,3942466,
2026-09-20T08:16:00.366483+00:00,167430,4215547,3942339,
2026-09-20T08:16:00.382432+00:00,167431,4215573,3942212,
2026-09-20T08:16:00.414485+00:00,167432,4215598,3942397,
2026-09-20T08:16:00.430219+00:00,167433,4215623,3942224,
2026-09-20T08:16:00.462572+00:00,167434,4215648,3941746,
2026-09-20T08:16:00.494511+00:00,167435,4215673,3942180,
2026-09-20T08:16:00.511543+00:00,167436,4215698,3942637,
2026-09-20T08:16:00.542669+00:00,167437,4215724,3942132,
2026-09-20T08:16:00.558270+00:00,167438,4215749,3942210,
2026-09-20T08:16:00.590477+00:00,167439,4215774,3942883,
2026-09-20T08:16:00.606835+00:00,167440,4215799,3942883,
2026-09-20T08:16:00.638339+00:00,167441,4215824,3942450,
2026-09-20T08:16:00.670495+00:00,167442,4215850,3941910,
2026-09-20T08:16:00.686464+00:00,167443,4215875,3941860,
2026-09-20T08:16:00.718467+00:00,167444,4215900,3941285,
2026-09-20T08:16:00.734649+00:00,167445,4215925,3942025,
2026-09-20T08:16:00.766445+00:00,167446,4215950,3942508,
2026-09-20T08:16:00.782101+00:00,167447,4215975,3941512,
2026-09-20T08:16:00.814319+00:00,167448,4216001,3941329,
2026-09-20T08:16:00.846786+00:00,167449,4216026,3941597,
2026-09-20T08:16:00.862463+00:00,167450,4216051,3941795,
2026-09-20T08:16:00.894459+00:00,167451,4216076,3941453,
2026-09-20T08:16:00.910313+00:00,167452,4216101,3941638,
2026-09-20T08:16:00.942448+00:00,167453,4216126,3941727,
2026-09-20T08:16:00.958459+00:00,167454,4216152,3941407,
2026-09-20T08:16:00.990457+00:00,167455,4216177,3940283,
2026-09-20T08:16:01.022469+00:00,167456,4216202,3939424,
2026-09-20T08:16:01.039359+00:00,167457,4216227,3938916,
2026-09-20T08:16:01.072842+00:00,167458,4216252,3938296,
2026-09-20T08:16:01.086424+00:00,167459,4216277,3937772,
2026-09-20T08:16:01.118363+00:00,167460,4216303,3938178,
2026-09-20T08:16:01.138091+00:00,167461,4216328,3938778,
2026-09-20T08:16:01.169075+00:00,167462,4216353,3939701,
2026-09-20T08:16:01.198464+00:00,167463,4216378,3940604,
2026-09-20T08:16:01.214522+00:00,167464,4216403,3941592,
2026-09-20T08:16:01.246463+00:00,167465,4216429,3941900,
2026-09-20T08:16:01.264500+00:00,167466,4216454,3942068,
2026-09-20T08:16:01.294460+00:00,167467,4216479,3942388,
2026-09-20T08:16:01.310485+00:00,167468,4216504,3943210,
2026-09-20T08:16:01.342444+00:00,167469,4216529,3943704,
2026-09-20T08:16:01.374446+00:00,167470,4216554,3944319,
2026-09-20T08:16:01.390552+00:00,167471,4216580,3944417,
2026-09-20T08:16:01.423531+00:00,167472,4216605,3944272,
2026-09-20T08:16:01.438472+00:00,167473,4216630,3945281,
2026-09-20T08:16:01.470386+00:00,167474,4216655,3946576,
2026-09-20T08:16:01.491527+00:00,167475,4216680,3946710,
2026-09-20T08:16:01.518426+00:00,167476,4216705,3945734,
2026-09-20T08:16:01.550451+00:00,167477,4216731,3944876,
2026-09-20T08:16:01.567644+00:00,167478,4216756,3945784,
2026-09-20T08:16:01.598421+00:00,167479,4216781,3946506,
2026-09-20T08:16:01.614429+00:00,167480,4216806,3946639,
2026-09-20T08:16:01.646411+00:00,167481,4216831,3946015,
2026-09-20T08:16:01.662453+00:00,167482,4216856,3945739,
2026-09-20T08:16:01.694462+00:00,167483,4216882,3945817,
2026-09-20T08:16:01.726465+00:00,167484,4216907,3945139,
2026-09-20T08:16:01.742461+00:00,167485,4216932,3944421,
2026-09-20T08:16:01.774431+00:00,167486,4216957,3944614,
2026-09-20T08:16:01.791510+00:00,167487,4216982,3944268,
2026-09-20T08:16:01.822458+00:00,167488,4217008,3944637,
2026-09-20T08:16:01.854647+00:00,167489,4217033,3945637,
2026-09-20T08:16:01.870211+00:00,167490,4217058,3945591,
2026-09-20T08:16:01.902471+00:00,167491,4217083,3945583,
2026-09-20T08:16:01.918424+00:00,167492,4217108,3947047,
2026-09-20T08:16:01.950401+00:00,167493,4217133,3948129,
2026-09-20T08:16:01.972581+00:00,167494,4217159,3948183,
2026-09-20T08:16:01.998418+00:00,167495,4217184,3948140,
2026-09-20T08:16:02.030541+00:00,167496,4217209,3949051,
2026-09-20T08:16:02.048160+00:00,167497,4217234,3950879,
2026-09-20T08:16:02.079563+00:00,167498,4217259,3953059,
2026-09-20T08:16:02.094412+00:00,167499,4217284,3953525,
2026-09-20T08:16:02.126899+00:00,167500,4217310,3953323,
2026-09-20T08:16:02.142449+00:00,167501,4217335,3955734,
2026-09-20T08:16:02.175299+00:00,167502,4217360,3958555,
2026-09-20T08:16:02.206391+00:00,167503,4217385,3960542,
2026-09-20T08:16:02.222426+00:00,167504,4217410,3963252,
2026-09-20T08:16:02.256694+00:00,167505,4217435,3965836,
2026-09-20T08:16:02.273162+00:00,167506,4217461,3970540,
2026-09-20T08:16:02.305329+00:00,167507,4217486,3981143,
2026-09-20T08:16:02.318441+00:00,167508,4217511,3999088,
2026-09-20T08:16:02.351569+00:00,167509,4217536,4022345,
2026-09-20T08:16:02.382397+00:00,167510,4217561,4049372,
2026-09-20T08:16:02.398401+00:00,167511,4217586,4100107,
2026-09-20T08:16:02.432394+00:00,167512,4217612,4218388,
2026-09-20T08:16:02.446401+00:00,167513,4217637,4411114,
2026-09-20T08:16:02.478945+00:00,167514,4217662,4638975,
2026-09-20T08:16:02.495488+00:00,167515,4217687,4873117,
2026-09-20T08:16:02.526423+00:00,167516,4217712,5080777,
2026-09-20T08:16:02.558459+00:00,167517,4217738,5234127,
2026-09-20T08:16:02.574565+00:00,167518,4217763,5322150,
2026-09-20T08:16:02.606420+00:00,167519,4217788,5342934,
2026-09-20T08:16:02.622428+00:00,167520,4217813,5311279,
2026-09-20T08:16:02.653855+00:00,167521,4217838,5243397,
2026-09-20T08:16:02.670181+00:00,167522,4217863,5128600,
2026-09-20T08:16:02.702395+00:00,167523,4217889,4969069,
2026-09-20T08:16:02.737960+00:00,167524,4217914,4797781,
2026-09-20T08:16:02.750389+00:00,167525,4217939,4617814,
2026-09-20T08:16:02.782445+00:00,167526,4217964,4426107,
2026-09-20T08:16:02.801859+00:00,167527,4217989,4232686,
2026-09-20T08:16:02.830195+00:00,167528,4218014,4066626,
2026-09-20T08:16:02.846413+00:00,167529,4218040,3967373,
2026-09-20T08:16:02.878395+00:00,167530,4218065,3918399,
2026-09-20T08:16:02.910382+00:00,167531,4218090,3889539,
2026-09-20T08:16:02.926375+00:00,167532,4218115,3878576,
2026-09-20T08:16:02.958382+00:00,167533,4218140,3875446,
2026-09-20T08:16:02.974416+00:00,167534,4218165,3881260,
2026-09-20T08:16:03.006387+00:00,167535,4218191,3892668,
2026-09-20T08:16:03.022411+00:00,167536,4218216,3901622,
2026-09-20T08:16:03.054421+00:00,167537,4218241,3915491,
2026-09-20T08:16:03.086418+00:00,167538,4218266,3928270,
2026-09-20T08:16:03.103662+00:00,167539,4218291,3930218,
2026-09-20T08:16:03.138593+00:00,167540,4218317,3933665,
2026-09-20T08:16:03.150421+00:00,167541,4218342,3937756,
2026-09-20T08:16:03.182411+00:00,167542,4218367,3937904,
2026-09-20T08:16:03.198404+00:00,167543,4218392,3935365,
2026-09-20T08:16:03.230240+00:00,167544,4218417,3925125,
2026-09-20T08:16:03.262415+00:00,167545,4218442,3912416,
2026-09-20T08:16:03.278448+00:00,167546,4218468,3884658,
2026-09-20T08:16:03.310396+00:00,167547,4218493,3826740,
2026-09-20T08:16:03.326381+00:00,167548,4218518,3735210,
2026-09-20T08:16:03.358402+00:00,167549,4218543,3585513,
2026-09-20T08:16:03.374433+00:00,167550,4218568,3365595,
2026-09-20T08:16:03.406365+00:00,167551,4218593,3105902,
2026-09-20T08:16:03.438361+00:00,167552,4218619,2857372,
2026-09-20T08:16:03.454361+00:00,167553,4218644,2662835,
2026-09-20T08:16:03.486542+00:00,167554,4218669,2538607,
2026-09-20T08:16:03.505080+00:00,167555,4218694,2421451,
2026-09-20T08:16:03.534365+00:00,167556,4218719,2248755,
2026-09-20T08:16:03.550412+00:00,167557,4218744,2348883,
2026-09-20T08:16:03.582406+00:00,167558,4218770,2712718,
2026-09-20T08:16:03.614386+00:00,167559,4218795,3038184,
2026-09-20T08:16:03.630422+00:00,167560,4218820,3287094,
2026-09-20T08:16:03.664025+00:00,167561,4218845,3472933,
2026-09-20T08:16:03.678351+00:00,167562,4218870,3609986,
2026-09-20T08:16:03.710415+00:00,167563,4218895,3709157,
2026-09-20T08:16:03.726887+00:00,167564,4218921,3779700,
2026-09-20T08:16:03.758379+00:00,167565,4218946,3828984,
2026-09-20T08:16:03.791157+00:00,167566,4218971,3861877,
2026-09-20T08:16:03.806859+00:00,167567,4218996,3883791,
2026-09-20T08:16:03.841583+00:00,167568,4219021,3898900,
2026-09-20T08:16:03.855493+00:00,167569,4219047,3909062,
2026-09-20T08:16:03.886492+00:00,167570,4219072,3915916,
2026-09-20T08:16:03.918362+00:00,167571,4219097,3920685,
2026-09-20T08:16:03.934294+00:00,167572,4219122,3924112,
2026-09-20T08:16:03.969947+00:00,167573,4219147,3926183,
2026-09-20T08:16:03.982043+00:00,167574,4219172,3927939,
2026-09-20T08:16:04.014346+00:00,167575,4219198,3929568,
2026-09-20T08:16:04.037507+00:00,167576,4219223,3931358,
2026-09-20T08:16:04.063299+00:00,167577,4219248,3932511,
2026-09-20T08:16:04.094375+00:00,167578,4219273,3932914,
2026-09-20T08:16:04.110356+00:00,167579,4219298,3933830,
2026-09-20T08:16:04.142848+00:00,167580,4219323,3934212,
2026-09-20T08:16:04.158318+00:00,167581,4219349,3934060,
2026-09-20T08:16:04.190359+00:00,167582,4219374,3933968,
2026-09-20T08:16:04.206357+00:00,167583,4219399,3934589,
2026-09-20T08:16:04.238338+00:00,167584,4219424,3934850,
2026-09-20T08:16:04.270412+00:00,167585,4219449,3934631,
2026-09-20T08:16:04.286330+00:00,167586,4219474,3934060,
2026-09-20T08:16:04.318341+00:00,167587,4219500,3934152,
2026-09-20T08:16:04.334343+00:00,167588,4219525,3934906,
2026-09-20T08:16:04.365919+00:00,167589,4219550,3935492,
2026-09-20T08:16:04.381911+00:00,167590,4219575,3935537,
2026-09-20T08:16:04.414679+00:00,167591,4219600,3935639,
2026-09-20T08:16:04.446339+00:00,167592,4219626,3935660,
2026-09-20T08:16:04.462344+00:00,167593,4219651,3935420,
2026-09-20T08:16:04.494328+00:00,167594,4219676,3936412,
2026-09-20T08:16:04.510343+00:00,167595,4219701,3936866,
2026-09-20T08:16:04.542338+00:00,167596,4219726,3936725,
2026-09-20T08:16:04.558330+00:00,167597,4219751,3936729,
2026-09-20T08:16:04.590349+00:00,167598,4219777,3936756,
2026-09-20T08:16:04.621883+00:00,167599,4219802,3937098,
2026-09-20T08:16:04.638349+00:00,167600,4219827,3937509,
2026-09-20T08:16:04.670360+00:00,167601,4219852,3937898,
2026-09-20T08:16:04.686333+00:00,167602,4219877,3938442,
2026-09-20T08:16:04.718348+00:00,167603,4219903,3938911,
2026-09-20T08:16:04.734372+00:00,167604,4219928,3938870,
2026-09-20T08:16:04.766370+00:00,167605,4219953,3939082,
2026-09-20T08:16:04.797968+00:00,167606,4219978,3938452,
2026-09-20T08:16:04.814256+00:00,167607,4220003,3937979,
2026-09-20T08:16:04.847384+00:00,167608,4220028,3936618,
2026-09-20T08:16:04.862341+00:00,167609,4220054,3936351,
2026-09-20T08:16:04.894318+00:00,167610,4220079,3936408,
2026-09-20T08:16:04.910329+00:00,167611,4220104,3936698,
2026-09-20T08:16:04.942392+00:00,167612,4220129,3936573,
2026-09-20T08:16:04.974346+00:00,167613,4220154,3937274,
2026-09-20T08:16:04.990364+00:00,167614,4220179,3937069,
2026-09-20T08:16:05.022366+00:00,167615,4220205,3937428,
2026-09-20T08:16:05.039467+00:00,167616,4220230,3937507,
2026-09-20T08:16:05.072389+00:00,167617,4220255,3937828,
2026-09-20T08:16:05.086583+00:00,167618,4220280,3938516,
2026-09-20T08:16:05.118329+00:00,167619,4220305,3939223,
2026-09-20T08:16:05.150340+00:00,167620,4220331,3939710,
2026-09-20T08:16:05.166334+00:00,167621,4220356,3938843,
2026-09-20T08:16:05.198312+00:00,167622,4220381,3938255,
2026-09-20T08:16:05.214316+00:00,167623,4220406,3938668,
2026-09-20T08:16:05.246364+00:00,167624,4220431,3939171,
2026-09-20T08:16:05.262377+00:00,167625,4220456,3938948,
2026-09-20T08:16:05.294376+00:00,167626,4220482,3938635,
2026-09-20T08:16:05.326350+00:00,167627,4220507,3939140,
2026-09-20T08:16:05.343477+00:00,167628,4220532,3939355,
2026-09-20T08:16:05.374351+00:00,167629,4220557,3939776,
2026-09-20T08:16:05.390550+00:00,167630,4220582,3940070,
2026-09-20T08:16:05.422137+00:00,167631,4220607,3939756,
2026-09-20T08:16:05.441707+00:00,167632,4220633,3940168,
2026-09-20T08:16:05.470393+00:00,167633,4220658,3940219,
2026-09-20T08:16:05.506513+00:00,167634,4220683,3939991,
2026-09-20T08:16:05.518319+00:00,167635,4220708,3939659,
2026-09-20T08:16:05.550344+00:00,167636,4220733,3939125,
2026-09-20T08:16:05.565647+00:00,167637,4220758,3938875,
2026-09-20T08:16:05.597597+00:00,167638,4220784,3939057,
2026-09-20T08:16:05.613519+00:00,167639,4220809,3939517,
2026-09-20T08:16:05.646328+00:00,167640,4220834,3940468,
2026-09-20T08:16:05.678323+00:00,167641,4220859,3940477,
2026-09-20T08:16:05.694320+00:00,167642,4220884,3940003,
2026-09-20T08:16:05.726341+00:00,167643,4220910,3939588,
2026-09-20T08:16:05.742310+00:00,167644,4220935,3939107,
2026-09-20T08:16:05.774302+00:00,167645,4220960,3938926,
2026-09-20T08:16:05.806411+00:00,167646,4220985,3939637,
2026-09-20T08:16:05.822312+00:00,167647,4221010,3939814,
2026-09-20T08:16:05.854322+00:00,167648,4221035,3940597,
2026-09-20T08:16:05.870375+00:00,167649,4221061,3941294,
2026-09-20T08:16:05.905505+00:00,167650,4221086,3940855,
2026-09-20T08:16:05.918323+00:00,167651,4221111,3940746,
2026-09-20T08:16:05.950308+00:00,167652,4221136,3940730,
2026-09-20T08:16:05.982349+00:00,167653,4221161,3940777,
2026-09-20T08:16:05.998568+00:00,167654,4221186,3940984,
2026-09-20T08:16:06.030230+00:00,167655,4221212,3940767,
2026-09-20T08:16:06.046333+00:00,167656,4221237,3940319,
2026-09-20T08:16:06.078301+00:00,167657,4221262,3940254,
2026-09-20T08:16:06.094312+00:00,167658,4221287,3940452,
2026-09-20T08:16:06.126319+00:00,167659,4221312,3940165,
2026-09-20T08:16:06.158291+00:00,167660,4221338,3939854,
2026-09-20T08:16:06.175445+00:00,167661,4221363,3939699,
2026-09-20T08:16:06.206310+00:00,167662,4221388,3939616,
2026-09-20T08:16:06.222309+00:00,167663,4221413,3939990,
2026-09-20T08:16:06.255494+00:00,167664,4221438,3940320,
2026-09-20T08:16:06.270399+00:00,167665,4221463,3939993,
2026-09-20T08:16:06.302653+00:00,167666,4221489,3940409,
2026-09-20T08:16:06.342652+00:00,167667,4221514,3940803,
2026-09-20T08:16:06.350337+00:00,167668,4221539,3940699,
2026-09-20T08:16:06.382322+00:00,167669,4221564,3940770,
2026-09-20T08:16:06.398324+00:00,167670,4221589,3940771,
2026-09-20T08:16:06.430431+00:00,167671,4221614,3941134,
2026-09-20T08:16:06.446339+00:00,167672,4221640,3941256,
2026-09-20T08:16:06.478322+00:00,167673,4221665,3941106,
2026-09-20T08:16:06.510332+00:00,167674,4221690,3941062,
2026-09-20T08:16:06.526320+00:00,167675,4221715,3940745,
2026-09-20T08:16:06.558722+00:00,167676,4221740,3940266,
2026-09-20T08:16:06.594804+00:00,167677,4221766,3940666,
2026-09-20T08:16:06.606724+00:00,167678,4221791,3941328,
2026-09-20T08:16:06.631721+00:00,167679,4221816,3941535,
2026-09-20T08:16:06.654726+00:00,167680,4221841,3941355,
2026-09-20T08:16:06.686723+00:00,167681,4221866,3941747,
2026-09-20T08:16:06.702869+00:00,167682,4221891,3942243,
2026-09-20T08:16:06.734292+00:00,167683,4221917,3943189,
2026-09-20T08:16:06.750278+00:00,167684,4221942,3943760,
2026-09-20T08:16:06.782203+00:00,167685,4221967,3943236,
2026-09-20T08:16:06.798272+00:00,167686,4221992,3942231,
2026-09-20T08:16:06.830291+00:00,167687,4222017,3942198,
2026-09-20T08:16:06.862292+00:00,167688,4222043,3942842,
2026-09-20T08:16:06.878323+00:00,167689,4222068,3943479,
2026-09-20T08:16:06.911321+00:00,167690,4222093,3944175,
2026-09-20T08:16:06.926290+00:00,167691,4222118,3944542,
2026-09-20T08:16:06.958297+00:00,167692,4222143,3944495,
2026-09-20T08:16:06.974339+00:00,167693,4222168,3944987,
2026-09-20T08:16:07.006285+00:00,167694,4222194,3945355,
2026-09-20T08:16:07.038325+00:00,167695,4222219,3944746,
2026-09-20T08:16:07.054290+00:00,167696,4222244,3944493,
2026-09-20T08:16:07.086318+00:00,167697,4222269,3943977,
2026-09-20T08:16:07.106456+00:00,167698,4222294,3943608,
2026-09-20T08:16:07.138870+00:00,167699,4222319,3942447,
2026-09-20T08:16:07.150315+00:00,167700,4222345,3941692,
2026-09-20T08:16:07.182243+00:00,167701,4222370,3942188,
2026-09-20T08:16:07.214283+00:00,167702,4222395,3943506,
2026-09-20T08:16:07.230973+00:00,167703,4222420,3944185,
2026-09-20T08:16:07.262316+00:00,167704,4222445,3945131,
2026-09-20T08:16:07.278300+00:00,167705,4222471,3946587,
2026-09-20T08:16:07.310391+00:00,167706,4222496,3947100,
2026-09-20T08:16:07.326556+00:00,167707,4222521,3947115,
2026-09-20T08:16:07.359060+00:00,167708,4222546,3947788,
2026-09-20T08:16:07.390321+00:00,167709,4222571,3949384,
2026-09-20T08:16:07.406359+00:00,167710,4222596,3949138,
2026-09-20T08:16:07.438753+00:00,167711,4222622,3947674,
2026-09-20T08:16:07.454319+00:00,167712,4222647,3947275,
2026-09-20T08:16:07.486523+00:00,167713,4222672,3947019,
2026-09-20T08:16:07.505426+00:00,167714,4222697,3946750,
2026-09-20T08:16:07.534352+00:00,167715,4222722,3948361,
2026-09-20T08:16:07.566264+00:00,167716,4222748,3950525,
2026-09-20T08:16:07.582305+00:00,167717,4222773,3952858,
2026-09-20T08:16:07.614569+00:00,167718,4222798,3956801,
2026-09-20T08:16:07.630026+00:00,167719,4222823,3958943,
2026-09-20T08:16:07.662278+00:00,167720,4222848,3957240,
2026-09-20T08:16:07.694276+00:00,167721,4222873,3955696,
2026-09-20T08:16:07.710363+00:00,167722,4222899,3955527,
2026-09-20T08:16:07.742272+00:00,167723,4222924,3953918,
2026-09-20T08:16:07.758286+00:00,167724,4222949,3951522,
2026-09-20T08:16:07.791391+00:00,167725,4222974,3949327,
2026-09-20T08:16:07.807379+00:00,167726,4222999,3948167,
2026-09-20T08:16:07.838304+00:00,167727,4223024,3948859,
2026-09-20T08:16:07.870098+00:00,167728,4223050,3952353,
2026-09-20T08:16:07.886323+00:00,167729,4223075,3956845,
2026-09-20T08:16:07.918725+00:00,167730,4223100,3958523,
2026-09-20T08:16:07.934782+00:00,167731,4223125,3960707,
2026-09-20T08:16:07.966285+00:00,167732,4223150,3965459,
2026-09-20T08:16:07.982271+00:00,167733,4223176,3971280,
2026-09-20T08:16:08.014254+00:00,167734,4223201,3978137,
2026-09-20T08:16:08.046281+00:00,167735,4223226,3984721,
2026-09-20T08:16:08.062262+00:00,167736,4223251,3996248,
2026-09-20T08:16:08.094258+00:00,167737,4223276,4017361,
2026-09-20T08:16:08.110301+00:00,167738,4223301,4059746,
2026-09-20T08:16:08.143338+00:00,167739,4223327,4214224,
2026-09-20T08:16:08.158448+00:00,167740,4223352,4629329,
2026-09-20T08:16:08.190263+00:00,167741,4223377,5084651,
2026-09-20T08:16:08.222244+00:00,167742,4223402,5286824,
2026-09-20T08:16:08.238240+00:00,167743,4223427,5253570,
2026-09-20T08:16:08.270235+00:00,167744,4223452,5178068,
2026-09-20T08:16:08.286315+00:00,167745,4223478,5117708,
2026-09-20T08:16:08.318555+00:00,167746,4223503,5017938,
2026-09-20T08:16:08.334247+00:00,167747,4223528,4867403,
2026-09-20T08:16:08.366490+00:00,167748,4223553,4694398,
2026-09-20T08:16:08.398284+00:00,167749,4223578,4549014,
2026-09-20T08:16:08.413782+00:00,167750,4223604,4442466,
2026-09-20T08:16:08.446280+00:00,167751,4223629,4356493,
2026-09-20T08:16:08.462252+00:00,167752,4223654,4278449,
2026-09-20T08:16:08.494241+00:00,167753,4223679,4222836,
2026-09-20T08:16:08.510316+00:00,167754,4223704,4198703,
2026-09-20T08:16:08.542227+00:00,167755,4223729,4166309,
2026-09-20T08:16:08.574284+00:00,167756,4223755,4110658,
2026-09-20T08:16:08.590266+00:00,167757,4223780,4064268,
2026-09-20T08:16:08.622240+00:00,167758,4223805,4048315,
2026-09-20T08:16:08.638237+00:00,167759,4223830,4036133,
2026-09-20T08:16:08.670263+00:00,167760,4223855,4010327,
2026-09-20T08:16:08.686226+00:00,167761,4223881,3995320,
2026-09-20T08:16:08.718235+00:00,167762,4223906,3999911,
2026-09-20T08:16:08.749916+00:00,167763,4223931,4003037,
2026-09-20T08:16:08.766732+00:00,167764,4223956,3989351,
2026-09-20T08:16:08.798881+00:00,167765,4223981,3967209,
2026-09-20T08:16:08.814637+00:00,167766,4224006,3953361,
2026-09-20T08:16:08.846221+00:00,167767,4224032,3949496,
2026-09-20T08:16:08.862238+00:00,167768,4224057,3946815,
2026-09-20T08:16:08.894238+00:00,167769,4224082,3935194,
2026-09-20T08:16:08.926235+00:00,167770,4224107,3921634,
2026-09-20T08:16:08.942258+00:00,167771,4224132,3918321,
2026-09-20T08:16:08.974213+00:00,167772,4224157,3912976,
2026-09-20T08:16:08.990052+00:00,167773,4224183,3897812,
2026-09-20T08:16:09.022894+00:00,167774,4224208,3887144,
2026-09-20T08:16:09.038570+00:00,167775,4224233,3885070,
2026-09-20T08:16:09.071490+00:00,167776,4224258,3878012,
2026-09-20T08:16:09.102223+00:00,167777,4224283,3869497,
2026-09-20T08:16:09.118512+00:00,167778,4224309,3859559,
2026-09-20T08:16:09.150941+00:00,167779,4224334,3838415,
2026-09-20T08:16:09.166632+00:00,167780,4224359,3815820,
2026-09-20T08:16:09.198264+00:00,167781,4224384,3795984,
2026-09-20T08:16:09.214208+00:00,167782,4224409,3762486,
2026-09-20T08:16:09.246020+00:00,167783,4224434,3701857,
2026-09-20T08:16:09.278320+00:00,167784,4224460,3628652,
2026-09-20T08:16:09.294240+00:00,167785,4224485,3568647,
2026-09-20T08:16:09.327894+00:00,167786,4224510,3505513,
2026-09-20T08:16:09.342711+00:00,167787,4224535,3400386,
2026-09-20T08:16:09.374281+00:00,167788,4224560,3246964,
2026-09-20T08:16:09.390289+00:00,167789,4224585,3083701,
2026-09-20T08:16:09.421870+00:00,167790,4224611,2941633,
2026-09-20T08:16:09.455005+00:00,167791,4224636,2826837,
2026-09-20T08:16:09.470219+00:00,167792,4224661,2683267,
2026-09-20T08:16:09.506149+00:00,167793,4224686,2440886,
2026-09-20T08:16:09.519524+00:00,167794,4224711,2487055,
2026-09-20T08:16:09.550283+00:00,167795,4224737,2824609,
2026-09-20T08:16:09.583917+00:00,167796,4224762,3127656,
2026-09-20T08:16:09.599102+00:00,167797,4224787,3356306,
2026-09-20T08:16:09.630003+00:00,167798,4224812,3526338,
2026-09-20T08:16:09.646262+00:00,167799,4224837,3650726,
2026-09-20T08:16:09.678221+00:00,167800,4224862,3738805,
2026-09-20T08:16:09.693963+00:00,167801,4224888,3800632,
2026-09-20T08:16:09.726226+00:00,167802,4224913,3842944,
2026-09-20T08:16:09.758272+00:00,167803,4224938,3871890,
2026-09-20T08:16:09.774299+00:00,167804,4224963,3891262,
2026-09-20T08:16:09.806408+00:00,167805,4224988,3903201,
2026-09-20T08:16:09.822258+00:00,167806,4225013,3911886,
2026-09-20T08:16:09.854187+00:00,167807,4225039,3918083,
2026-09-20T08:16:09.870302+00:00,167808,4225064,3922173,
2026-09-20T08:16:09.902210+00:00,167809,4225089,3925029,
2026-09-20T08:16:09.934253+00:00,167810,4225114,3926941,
2026-09-20T08:16:09.951007+00:00,167811,4225139,3928349,
2026-09-20T08:16:09.982210+00:00,167812,4225165,3929616,
2026-09-20T08:16:09.998987+00:00,167813,4225190,3930292,
2026-09-20T08:16:10.030194+00:00,167814,4225215,3930270,
2026-09-20T08:16:10.046958+00:00,167815,4225240,3930404,
2026-09-20T08:16:10.078224+00:00,167816,4225265,3930792,
2026-09-20T08:16:10.110262+00:00,167817,4225290,3930955,
2026-09-20T08:16:10.126225+00:00,167818,4225316,3931038,
2026-09-20T08:16:10.161604+00:00,167819,4225341,3931848,
2026-09-20T08:16:10.174243+00:00,167820,4225366,3932101,
2026-09-20T08:16:10.206213+00:00,167821,4225391,3932406,
2026-09-20T08:16:10.222191+00:00,167822,4225416,3933237,
2026-09-20T08:16:10.254225+00:00,167823,4225442,3933667,
2026-09-20T08:16:10.286304+00:00,167824,4225467,3934087,
2026-09-20T08:16:10.305330+00:00,167825,4225492,3934514,
2026-09-20T08:16:10.336418+00:00,167826,4225517,3934820,
2026-09-20T08:16:10.350192+00:00,167827,4225542,3934862,
2026-09-20T08:16:10.382233+00:00,167828,4225567,3935291,
2026-09-20T08:16:10.398390+00:00,167829,4225593,3935946,
2026-09-20T08:16:10.430233+00:00,167830,4225618,3936109,
2026-09-20T08:16:10.462245+00:00,167831,4225643,3936021,
2026-09-20T08:16:10.479466+00:00,167832,4225668,3936264,
2026-09-20T08:16:10.510299+00:00,167833,4225693,3936627,
2026-09-20T08:16:10.526207+00:00,167834,4225718,3936709,
2026-09-20T08:16:10.559369+00:00,167835,4225744,3937056,
2026-09-20T08:16:10.573703+00:00,167836,4225769,3937347,
2026-09-20T08:16:10.606263+00:00,167837,4225794,3937193,
2026-09-20T08:16:10.638229+00:00,167838,4225819,3936598,
2026-09-20T08:16:10.654121+00:00,167839,4225844,3936826,
2026-09-20T08:16:10.686070+00:00,167840,4225870,3936919,
2026-09-20T08:16:10.702185+00:00,167841,4225895,3936021,
2026-09-20T08:16:10.734272+00:00,167842,4225920,3935621,
2026-09-20T08:16:10.750217+00:00,167843,4225945,3935622,
2026-09-20T08:16:10.782679+00:00,167844,4225970,3935817,
2026-09-20T08:16:10.814661+00:00,167845,4225995,3936053,
2026-09-20T08:16:10.830725+00:00,167846,4226021,3935790,
2026-09-20T08:16:10.862265+00:00,167847,4226046,3936228,
2026-09-20T08:16:10.879225+00:00,167848,4226071,3936975,
2026-09-20T08:16:10.910167+00:00,167849,4226096,3937296,
2026-09-20T08:16:10.926169+00:00,167850,4226121,3937648,
2026-09-20T08:16:10.958182+00:00,167851,4226146,3937593,
2026-09-20T08:16:10.990228+00:00,167852,4226172,3937135,
2026-09-20T08:16:11.007148+00:00,167853,4226197,3936583,
2026-09-20T08:16:11.039414+00:00,167854,4226222,3936714,
2026-09-20T08:16:11.054200+00:00,167855,4226247,3936946,
2026-09-20T08:16:11.085879+00:00,167856,4226272,3936825,
2026-09-20T08:16:11.103921+00:00,167857,4226298,3936917,
2026-09-20T08:16:11.145916+00:00,167858,4226323,3937331,
2026-09-20T08:16:11.166599+00:00,167859,4226348,3937505,
2026-09-20T08:16:11.182198+00:00,167860,4226373,3937244,
2026-09-20T08:16:11.214643+00:00,167861,4226398,3937039,
2026-09-20T08:16:11.230465+00:00,167862,4226423,3936619,
2026-09-20T08:16:11.262154+00:00,167863,4226449,3936145,
2026-09-20T08:16:11.278188+00:00,167864,4226474,3935847,
2026-09-20T08:16:11.310174+00:00,167865,4226499,3935856,
2026-09-20T08:16:11.342194+00:00,167866,4226524,3936286,
2026-09-20T08:16:11.358166+00:00,167867,4226549,3936646,
2026-09-20T08:16:11.390185+00:00,167868,4226574,3937370,
2026-09-20T08:16:11.406169+00:00,167869,4226600,3938112,
2026-09-20T08:16:11.438161+00:00,167870,4226625,3937574,
2026-09-20T08:16:11.470250+00:00,167871,4226650,3937536,
2026-09-20T08:16:11.486187+00:00,167872,4226675,3937577,
2026-09-20T08:16:11.518197+00:00,167873,4226700,3937306,
2026-09-20T08:16:11.540641+00:00,167874,4226726,3936454,
2026-09-20T08:16:11.572335+00:00,167875,4226751,3936647,
2026-09-20T08:16:11.583109+00:00,167876,4226776,3936648,
2026-09-20T08:16:11.614149+00:00,167877,4226801,3936404,
2026-09-20T08:16:11.646154+00:00,167878,4226826,3936731,
2026-09-20T08:16:11.662178+00:00,167879,4226851,3937364,
2026-09-20T08:16:11.694152+00:00,167880,4226877,3936933,
2026-09-20T08:16:11.710157+00:00,167881,4226902,3936616,
2026-09-20T08:16:11.742290+00:00,167882,4226927,3936228,
2026-09-20T08:16:11.758161+00:00,167883,4226952,3936469,
2026-09-20T08:16:11.790153+00:00,167884,4226977,3937127,
2026-09-20T08:16:11.821888+00:00,167885,4227002,3937344,
2026-09-20T08:16:11.839025+00:00,167886,4227028,3938055,
2026-09-20T08:16:11.870138+00:00,167887,4227053,3938624,
2026-09-20T08:16:11.886141+00:00,167888,4227078,3939398,
2026-09-20T08:16:11.918160+00:00,167889,4227103,3940309,
2026-09-20T08:16:11.944284+00:00,167890,4227128,3940124,
2026-09-20T08:16:11.966150+00:00,167891,4227154,3939476,
2026-09-20T08:16:11.998212+00:00,167892,4227179,3939804,
2026-09-20T08:16:12.013617+00:00,167893,4227204,3939389,
2026-09-20T08:16:12.046167+00:00,167894,4227229,3939283,
2026-09-20T08:16:12.062293+00:00,167895,4227254,3939263,
2026-09-20T08:16:12.094155+00:00,167896,4227279,3938912,
2026-09-20T08:16:12.110765+00:00,167897,4227305,3938856,
2026-09-20T08:16:12.142307+00:00,167898,4227330,3939111,
2026-09-20T08:16:12.174143+00:00,167899,4227355,3938431,
2026-09-20T08:16:12.190380+00:00,167900,4227380,3937512,
2026-09-20T08:16:12.222152+00:00,167901,4227405,3936920,
2026-09-20T08:16:12.239104+00:00,167902,4227430,3937317,
2026-09-20T08:16:12.270157+00:00,167903,4227456,3938305,
2026-09-20T08:16:12.286147+00:00,167904,4227481,3938531,
2026-09-20T08:16:12.318155+00:00,167905,4227506,3938310,
2026-09-20T08:16:12.350152+00:00,167906,4227531,3938793,
2026-09-20T08:16:12.366139+00:00,167907,4227556,3938798,
2026-09-20T08:16:12.397884+00:00,167908,4227581,3939495,
2026-09-20T08:16:12.414570+00:00,167909,4227607,3939769,
2026-09-20T08:16:12.447159+00:00,167910,4227632,3939941,
2026-09-20T08:16:12.462166+00:00,167911,4227657,3940694,
2026-09-20T08:16:12.495344+00:00,167912,4227682,3940589,
2026-09-20T08:16:12.526084+00:00,167913,4227707,3939920,
2026-09-20T08:16:12.542147+00:00,167914,4227733,3940288,
2026-09-20T08:16:12.574177+00:00,167915,4227758,3940791,
2026-09-20T08:16:12.590148+00:00,167916,4227783,3940353,
2026-09-20T08:16:12.621907+00:00,167917,4227808,3940210,
2026-09-20T08:16:12.637766+00:00,167918,4227833,3940310,
2026-09-20T08:16:12.675067+00:00,167919,4227858,3940232,
2026-09-20T08:16:12.702127+00:00,167920,4227884,3939793,
2026-09-20T08:16:12.718141+00:00,167921,4227909,3939553,
2026-09-20T08:16:12.750162+00:00,167922,4227934,3939742,
2026-09-20T08:16:12.768170+00:00,167923,4227959,3940106,
2026-09-20T08:16:12.798684+00:00,167924,4227984,3940469,
2026-09-20T08:16:12.814149+00:00,167925,4228009,3940660,
2026-09-20T08:16:12.846115+00:00,167926,4228035,3940885,
2026-09-20T08:16:12.878220+00:00,167927,4228060,3940825,
2026-09-20T08:16:12.894128+00:00,167928,4228085,3940239,
2026-09-20T08:16:12.926150+00:00,167929,4228110,3939973,
2026-09-20T08:16:12.942178+00:00,167930,4228135,3940030,
2026-09-20T08:16:12.974157+00:00,167931,4228161,3939670,
2026-09-20T08:16:12.990336+00:00,167932,4228186,3939019,
2026-09-20T08:16:13.022109+00:00,167933,4228211,3939021,
2026-09-20T08:16:13.054320+00:00,167934,4228236,3939186,
2026-09-20T08:16:13.071528+00:00,167935,4228261,3939834,
2026-09-20T08:16:13.102853+00:00,167936,4228286,3941207,
2026-09-20T08:16:13.118559+00:00,167937,4228312,3941235,
2026-09-20T08:16:13.150117+00:00,167938,4228337,3941084,
2026-09-20T08:16:13.165573+00:00,167939,4228362,3941016,
2026-09-20T08:16:13.198120+00:00,167940,4228387,3942240,
2026-09-20T08:16:13.230512+00:00,167941,4228412,3943024,
2026-09-20T08:16:13.246106+00:00,167942,4228437,3942229,
2026-09-20T08:16:13.278692+00:00,167943,4228463,3941134,
2026-09-20T08:16:13.293981+00:00,167944,4228488,3940603,
2026-09-20T08:16:13.327271+00:00,167945,4228513,3939848,
2026-09-20T08:16:13.358147+00:00,167946,4228538,3938658,
2026-09-20T08:16:13.374142+00:00,167947,4228563,3939107,
2026-09-20T08:16:13.406153+00:00,167948,4228588,3939376,
2026-09-20T08:16:13.423251+00:00,167949,4228614,3939772,
2026-09-20T08:16:13.454148+00:00,167950,4228639,3940393,
2026-09-20T08:16:13.472538+00:00,167951,4228664,3942127,
2026-09-20T08:16:13.502127+00:00,167952,4228689,3942853,
2026-09-20T08:16:13.533965+00:00,167953,4228714,3942075,
2026-09-20T08:16:13.550096+00:00,167954,4228740,3942684,
2026-09-20T08:16:13.582115+00:00,167955,4228765,3943336,
2026-09-20T08:16:13.597898+00:00,167956,4228790,3944017,
2026-09-20T08:16:13.630215+00:00,167957,4228815,3945299,
2026-09-20T08:16:13.646550+00:00,167958,4228840,3946689,
2026-09-20T08:16:13.678115+00:00,167959,4228865,3949886,
2026-09-20T08:16:13.710193+00:00,167960,4228891,3956402,
2026-09-20T08:16:13.727208+00:00,167961,4228916,3962984,
2026-09-20T08:16:13.758150+00:00,167962,4228941,3971183,
2026-09-20T08:16:13.774143+00:00,167963,4228966,3984320,
2026-09-20T08:16:13.806205+00:00,167964,4228991,3998636,
2026-09-20T08:16:13.822147+00:00,167965,4229017,4014898,
2026-09-20T08:16:13.854309+00:00,167966,4229042,4035740,
2026-09-20T08:16:13.886099+00:00,167967,4229067,4067995,
2026-09-20T08:16:13.902356+00:00,167968,4229092,4153364,
2026-09-20T08:16:13.939346+00:00,167969,4229117,4362410,
2026-09-20T08:16:13.950133+00:00,167970,4229142,4755462,
2026-09-20T08:16:13.982847+00:00,167971,4229168,5289498,
2026-09-20T08:16:14.010174+00:00,167972,4229193,5704754,
2026-09-20T08:16:14.030309+00:00,167973,4229218,5901968,
2026-09-20T08:16:14.063265+00:00,167974,4229243,5992824,
2026-09-20T08:16:14.077987+00:00,167975,4229268,6001799,
2026-09-20T08:16:14.111219+00:00,167976,4229293,5826647,
2026-09-20T08:16:14.126164+00:00,167977,4229319,5524453,
2026-09-20T08:16:14.159200+00:00,167978,4229344,5272151,
2026-09-20T08:16:14.174145+00:00,167979,4229369,5072914,
2026-09-20T08:16:14.207263+00:00,167980,4229394,4915160,
2026-09-20T08:16:14.238918+00:00,167981,4229419,4793529,
2026-09-20T08:16:14.262022+00:00,167982,4229445,4697486,
2026-09-20T08:16:14.286144+00:00,167983,4229470,4624876,
2026-09-20T08:16:14.302138+00:00,167984,4229495,4560058,
2026-09-20T08:16:14.331492+00:00,167985,4229520,4492723,
2026-09-20T08:16:14.347141+00:00,167986,4229545,4424150,
2026-09-20T08:16:14.379842+00:00,167987,4229570,4351266,
2026-09-20T08:16:14.412412+00:00,167988,4229596,4275618,
2026-09-20T08:16:14.426276+00:00,167989,4229621,4215167,
2026-09-20T08:16:14.462114+00:00,167990,4229646,4161909,
2026-09-20T08:16:14.478910+00:00,167991,4229671,4121995,
2026-09-20T08:16:14.512435+00:00,167992,4229696,4102912,
2026-09-20T08:16:14.512435+00:00,167993,4229721,4083843,
2026-09-20T08:16:14.543917+00:00,167994,4229747,4061754,
2026-09-20T08:16:14.589529+00:00,167995,4229772,4032439,
2026-09-20T08:16:14.606369+00:00,167996,4229797,4003473,
2026-09-20T08:16:14.638089+00:00,167997,4229822,3994584,
2026-09-20T08:16:14.653819+00:00,167998,4229847,3983443,
2026-09-20T08:16:14.685861+00:00,167999,4229873,3955166,
2026-09-20T08:16:14.701947+00:00,168000,4229898,3936796,
2026-09-20T08:16:14.734075+00:00,168001,4229923,3937395,
2026-09-20T08:16:14.766082+00:00,168002,4229948,3945145,
2026-09-20T08:16:14.782222+00:00,168003,4229973,3954477,
2026-09-20T08:16:14.816949+00:00,168004,4229998,3977852,
2026-09-20T08:16:14.830033+00:00,168005,4230024,4010149,
2026-09-20T08:16:14.864196+00:00,168006,4230049,4017469,
2026-09-20T08:16:14.878189+00:00,168007,4230074,3981868,
2026-09-20T08:16:14.910082+00:00,168008,4230099,3922254,
2026-09-20T08:16:14.941753+00:00,168009,4230124,3837823,
2026-09-20T08:16:14.960313+00:00,168010,4230149,3685454,
2026-09-20T08:16:14.994565+00:00,168011,4230175,3440008,
2026-09-20T08:16:15.008738+00:00,168012,4230200,3128948,
2026-09-20T08:16:15.038128+00:00,168013,4230225,2811657,
2026-09-20T08:16:15.054215+00:00,168014,4230250,2540632,
2026-09-20T08:16:15.086062+00:00,168015,4230275,2350396,
2026-09-20T08:16:15.119285+00:00,168016,4230300,2248446,
2026-09-20T08:16:15.134128+00:00,168017,4230326,2199382,
2026-09-20T08:16:15.166685+00:00,168018,4230351,2179002,
2026-09-20T08:16:15.182362+00:00,168019,4230376,2176000,
2026-09-20T08:16:15.214094+00:00,168020,4230401,2175351,
2026-09-20T08:16:15.247155+00:00,168021,4230426,2123833,
2026-09-20T08:16:15.262182+00:00,168022,4230452,1921912,
2026-09-20T08:16:15.294093+00:00,168023,4230477,1910799,
2026-09-20T08:16:15.313184+00:00,168024,4230502,2300479,
2026-09-20T08:16:15.342158+00:00,168025,4230527,2703961,
2026-09-20T08:16:15.358113+00:00,168026,4230552,3021743,
2026-09-20T08:16:15.390157+00:00,168027,4230577,3266616,
2026-09-20T08:16:15.422058+00:00,168028,4230603,3452725,
2026-09-20T08:16:15.444871+00:00,168029,4230628,3591565,
2026-09-20T08:16:15.474742+00:00,168030,4230653,3692390,
2026-09-20T08:16:15.485921+00:00,168031,4230678,3764225,
2026-09-20T08:16:15.518781+00:00,168032,4230703,3814711,
2026-09-20T08:16:15.539377+00:00,168033,4230729,3849736,
2026-09-20T08:16:15.566093+00:00,168034,4230754,3873920,
2026-09-20T08:16:15.599589+00:00,168035,4230779,3890459,
2026-09-20T08:16:15.614058+00:00,168036,4230804,3901412,
2026-09-20T08:16:15.645961+00:00,168037,4230829,3909172,
2026-09-20T08:16:15.662056+00:00,168038,4230854,3914443,
2026-09-20T08:16:15.694073+00:00,168039,4230880,3918788,
2026-09-20T08:16:15.711497+00:00,168040,4230905,3922191,
2026-09-20T08:16:15.742104+00:00,168041,4230930,3924874,
2026-09-20T08:16:15.774091+00:00,168042,4230955,3925982,
2026-09-20T08:16:15.790087+00:00,168043,4230980,3926136,
2026-09-20T08:16:15.822071+00:00,168044,4231005,3927692,
2026-09-20T08:16:15.839164+00:00,168045,4231031,3929106,
2026-09-20T08:16:15.870055+00:00,168046,4231056,3929627,
2026-09-20T08:16:15.886049+00:00,168047,4231081,3929834,
2026-09-20T08:16:15.918044+00:00,168048,4231106,3930207,
2026-09-20T08:16:15.950040+00:00,168049,4231131,3930933,
2026-09-20T08:16:15.966054+00:00,168050,4231157,3931902,
2026-09-20T08:16:16.003609+00:00,168051,4231182,3932459,
2026-09-20T08:16:16.013558+00:00,168052,4231207,3932359,
2026-09-20T08:16:16.046098+00:00,168053,4231232,3932432,
2026-09-20T08:16:16.062095+00:00,168054,4231257,3932915,
2026-09-20T08:16:16.096743+00:00,168055,4231282,3933431,
2026-09-20T08:16:16.126050+00:00,168056,4231308,3933724,
2026-09-20T08:16:16.142049+00:00,168057,4231333,3934327,
2026-09-20T08:16:16.174065+00:00,168058,4231358,3934886,
2026-09-20T08:16:16.189877+00:00,168059,4231383,3935051,
2026-09-20T08:16:16.221617+00:00,168060,4231408,3934924,
2026-09-20T08:16:16.238051+00:00,168061,4231434,3935282,
2026-09-20T08:16:16.270091+00:00,168062,4231459,3935786,
2026-09-20T08:16:16.302035+00:00,168063,4231484,3935875,
2026-09-20T08:16:16.317655+00:00,168064,4231509,3935887,
2026-09-20T08:16:16.350039+00:00,168065,4231534,3935563,
2026-09-20T08:16:16.366114+00:00,168066,4231559,3935830,
2026-09-20T08:16:16.397906+00:00,168067,4231585,3936333,
2026-09-20T08:16:16.414084+00:00,168068,4231610,3936180,
2026-09-20T08:16:16.446053+00:00,168069,4231635,3935434,
2026-09-20T08:16:16.478032+00:00,168070,4231660,3935277,
2026-09-20T08:16:16.494051+00:00,168071,4231685,3935572,
2026-09-20T08:16:16.525766+00:00,168072,4231710,3935651,
2026-09-20T08:16:16.541819+00:00,168073,4231736,3935433,
2026-09-20T08:16:16.574082+00:00,168074,4231761,3935179,
2026-09-20T08:16:16.590074+00:00,168075,4231786,3935672,
2026-09-20T08:16:16.622064+00:00,168076,4231811,3936628,
2026-09-20T08:16:16.653626+00:00,168077,4231836,3936901,
2026-09-20T08:16:16.669686+00:00,168078,4231862,3936594,
2026-09-20T08:16:16.702045+00:00,168079,4231887,3936030,
2026-09-20T08:16:16.718653+00:00,168080,4231912,3936108,
2026-09-20T08:16:16.750023+00:00,168081,4231937,3936538,
2026-09-20T08:16:16.766600+00:00,168082,4231962,3936518,
2026-09-20T08:16:16.797982+00:00,168083,4231987,3937189,
2026-09-20T08:16:16.829847+00:00,168084,4232013,3937587,
2026-09-20T08:16:16.846081+00:00,168085,4232038,3938156,
2026-09-20T08:16:16.878021+00:00,168086,4232063,3938430,
2026-09-20T08:16:16.893665+00:00,168087,4232088,3938331,
2026-09-20T08:16:16.926041+00:00,168088,4232113,3938470,
2026-09-20T08:16:16.942044+00:00,168089,4232139,3939171,
2026-09-20T08:16:16.974038+00:00,168090,4232164,3939138,
2026-09-20T08:16:17.006016+00:00,168091,4232189,3938510,
2026-09-20T08:16:17.022022+00:00,168092,4232214,3938174,
2026-09-20T08:16:17.054011+00:00,168093,4232239,3938047,
2026-09-20T08:16:17.070016+00:00,168094,4232264,3937564,
2026-09-20T08:16:17.101530+00:00,168095,4232290,3937173,
2026-09-20T08:16:17.134004+00:00,168096,4232315,3937246,
2026-09-20T08:16:17.149948+00:00,168097,4232340,3937670,
2026-09-20T08:16:17.182017+00:00,168098,4232365,3937817,
2026-09-20T08:16:17.198005+00:00,168099,4232390,3937285,
2026-09-20T08:16:17.230035+00:00,168100,4232415,3937046,
2026-09-20T08:16:17.249596+00:00,168101,4232441,3936972,
2026-09-20T08:16:17.278051+00:00,168102,4232466,3937625,
2026-09-20T08:16:17.310042+00:00,168103,4232491,3937882,
2026-09-20T08:16:17.326074+00:00,168104,4232516,3937879,
2026-09-20T08:16:17.358906+00:00,168105,4232541,3938231,
2026-09-20T08:16:17.376412+00:00,168106,4232567,3937914,
2026-09-20T08:16:17.406843+00:00,168107,4232592,3937881,
2026-09-20T08:16:17.423365+00:00,168108,4232617,3937699,
2026-09-20T08:16:17.454474+00:00,168109,4232642,3937656,
2026-09-20T08:16:17.489193+00:00,168110,4232667,3937727,
2026-09-20T08:16:17.502791+00:00,168111,4232692,3937867,
2026-09-20T08:16:17.535806+00:00,168112,4232718,3938778,
2026-09-20T08:16:17.552068+00:00,168113,4232743,3938990,
2026-09-20T08:16:17.582027+00:00,168114,4232768,3938519,
2026-09-20T08:16:17.598931+00:00,168115,4232793,3938418,
2026-09-20T08:16:17.630002+00:00,168116,4232818,3938213,
2026-09-20T08:16:17.666206+00:00,168117,4232843,3938090,
2026-09-20T08:16:17.678421+00:00,168118,4232869,3938296,
2026-09-20T08:16:17.710058+00:00,168119,4232894,3938062,
2026-09-20T08:16:17.726136+00:00,168120,4232919,3937704,
2026-09-20T08:16:17.758733+00:00,168121,4232944,3937653,
2026-09-20T08:16:17.774046+00:00,168122,4232969,3937982,
2026-09-20T08:16:17.805995+00:00,168123,4232995,3939133,
2026-09-20T08:16:17.838025+00:00,168124,4233020,3940214,
2026-09-20T08:16:17.854006+00:00,168125,4233045,3940319,
2026-09-20T08:16:17.886357+00:00,168126,4233070,3939373,
2026-09-20T08:16:17.901900+00:00,168127,4233095,3939326,
2026-09-20T08:16:17.933990+00:00,168128,4233120,3939894,
2026-09-20T08:16:17.949876+00:00,168129,4233146,3940440,
2026-09-20T08:16:17.981988+00:00,168130,4233171,3940666,
2026-09-20T08:16:18.013999+00:00,168131,4233196,3940564,
2026-09-20T08:16:18.029815+00:00,168132,4233221,3940798,
2026-09-20T08:16:18.061986+00:00,168133,4233246,3940635,
2026-09-20T08:16:18.078080+00:00,168134,4233271,3940571,
2026-09-20T08:16:18.110008+00:00,168135,4233297,3940577,
2026-09-20T08:16:18.126043+00:00,168136,4233322,3941235,
2026-09-20T08:16:18.158036+00:00,168137,4233347,3941628,
2026-09-20T08:16:18.191155+00:00,168138,4233372,3941840,
2026-09-20T08:16:18.206062+00:00,168139,4233397,3942229,
2026-09-20T08:16:18.238065+00:00,168140,4233423,3942229,
2026-09-20T08:16:18.255782+00:00,168141,4233448,3942021,
2026-09-20T08:16:18.285865+00:00,168142,4233473,3941221,
2026-09-20T08:16:18.302018+00:00,168143,4233498,3940155,
2026-09-20T08:16:18.337133+00:00,168144,4233523,3939335,
2026-09-20T08:16:18.373164+00:00,168145,4233548,3938311,
2026-09-20T08:16:18.383085+00:00,168146,4233574,3937898,
2026-09-20T08:16:18.413990+00:00,168147,4233599,3937871,
2026-09-20T08:16:18.430084+00:00,168148,4233624,3938685,
2026-09-20T08:16:18.462028+00:00,168149,4233649,3939611,
2026-09-20T08:16:18.478026+00:00,168150,4233674,3941450,
2026-09-20T08:16:18.510055+00:00,168151,4233699,3942837,
2026-09-20T08:16:18.542876+00:00,168152,4233725,3943015,
2026-09-20T08:16:18.558050+00:00,168153,4233750,3942239,
2026-09-20T08:16:18.593038+00:00,168154,4233775,3941053,
2026-09-20T08:16:18.606032+00:00,168155,4233800,3940652,
2026-09-20T08:16:18.637986+00:00,168156,4233825,3941298,
2026-09-20T08:16:18.653990+00:00,168157,4233851,3942220,
2026-09-20T08:16:18.686035+00:00,168158,4233876,3942584,
2026-09-20T08:16:18.718013+00:00,168159,4233901,3943276,
2026-09-20T08:16:18.734012+00:00,168160,4233926,3944485,
2026-09-20T08:16:18.765981+00:00,168161,4233951,3945117,
2026-09-20T08:16:18.781819+00:00,168162,4233976,3944931,
2026-09-20T08:16:18.815029+00:00,168163,4234002,3944326,
2026-09-20T08:16:18.830008+00:00,168164,4234027,3945035,
2026-09-20T08:16:18.862020+00:00,168165,4234052,3946189,
2026-09-20T08:16:18.893993+00:00,168166,4234077,3945677,
2026-09-20T08:16:18.910144+00:00,168167,4234102,3945025,
2026-09-20T08:16:18.941988+00:00,168168,4234127,3945725,
2026-09-20T08:16:18.957996+00:00,168169,4234153,3947113,
2026-09-20T08:16:18.990004+00:00,168170,4234178,3946161,
2026-09-20T08:16:19.021964+00:00,168171,4234203,3944596,
2026-09-20T08:16:19.039067+00:00,168172,4234228,3944313,
2026-09-20T08:16:19.069664+00:00,168173,4234253,3944341,
2026-09-20T08:16:19.086047+00:00,168174,4234279,3944029,
2026-09-20T08:16:19.118195+00:00,168175,4234304,3944171,
2026-09-20T08:16:19.133978+00:00,168176,4234329,3944602,
2026-09-20T08:16:19.167288+00:00,168177,4234354,3944621,
2026-09-20T08:16:19.198013+00:00,168178,4234379,3944122,
2026-09-20T08:16:19.213963+00:00,168179,4234404,3943968,
2026-09-20T08:16:19.245997+00:00,168180,4234430,3943499,
2026-09-20T08:16:19.262042+00:00,168181,4234455,3942471,
2026-09-20T08:16:19.293582+00:00,168182,4234480,3942266,
2026-09-20T08:16:19.310157+00:00,168183,4234505,3942272,
2026-09-20T08:16:19.340859+00:00,168184,4234530,3942363,
2026-09-20T08:16:19.374190+00:00,168185,4234555,3942602,
2026-09-20T08:16:19.389960+00:00,168186,4234581,3942985,
2026-09-20T08:16:19.421955+00:00,168187,4234606,3943178,
2026-09-20T08:16:19.438083+00:00,168188,4234631,3944158,
2026-09-20T08:16:19.470941+00:00,168189,4234656,3945331,
2026-09-20T08:16:19.486140+00:00,168190,4234681,3945459,
2026-09-20T08:16:19.517981+00:00,168191,4234707,3945224,
2026-09-20T08:16:19.551195+00:00,168192,4234732,3944432,
2026-09-20T08:16:19.565953+00:00,168193,4234757,3944884,
2026-09-20T08:16:19.598086+00:00,168194,4234782,3947205,
2026-09-20T08:16:19.614145+00:00,168195,4234807,3949213,
2026-09-20T08:16:19.647074+00:00,168196,4234832,3949205,
2026-09-20T08:16:19.661983+00:00,168197,4234858,3950304,
2026-09-20T08:16:19.694003+00:00,168198,4234883,3954016,
2026-09-20T08:16:19.726003+00:00,168199,4234908,3957754,
2026-09-20T08:16:19.741986+00:00,168200,4234933,3960356,
2026-09-20T08:16:19.773979+00:00,168201,4234958,3965729,
2026-09-20T08:16:19.791077+00:00,168202,4234984,3972907,
2026-09-20T08:16:19.822003+00:00,168203,4235009,3977673,
2026-09-20T08:16:19.840963+00:00,168204,4235034,3982988,
2026-09-20T08:16:19.869949+00:00,168205,4235059,3993602,
2026-09-20T08:16:19.901942+00:00,168206,4235084,4008764,
2026-09-20T08:16:19.917793+00:00,168207,4235109,4031949,
2026-09-20T08:16:19.949987+00:00,168208,4235135,4093804,
2026-09-20T08:16:19.965674+00:00,168209,4235160,4252868,
2026-09-20T08:16:19.998563+00:00,168210,4235185,4582962,
2026-09-20T08:16:20.014551+00:00,168211,4235210,5143139,
2026-09-20T08:16:20.045910+00:00,168212,4235235,5742341,
2026-09-20T08:16:20.077939+00:00,168213,4235260,6102297,
2026-09-20T08:16:20.094615+00:00,168214,4235286,6149712,
2026-09-20T08:16:20.126043+00:00,168215,4235311,5932243,
2026-09-20T08:16:20.142994+00:00,168216,4235336,5608622,
2026-09-20T08:16:20.173990+00:00,168217,4235361,5322814,
2026-09-20T08:16:20.190321+00:00,168218,4235386,5131110,
2026-09-20T08:16:20.221936+00:00,168219,4235412,4998088,
2026-09-20T08:16:20.253938+00:00,168220,4235437,4858101,
2026-09-20T08:16:20.270165+00:00,168221,4235462,4707998,
2026-09-20T08:16:20.301924+00:00,168222,4235487,4573599,
2026-09-20T08:16:20.317658+00:00,168223,4235512,4450771,
2026-09-20T08:16:20.349977+00:00,168224,4235537,4336605,
2026-09-20T08:16:20.366156+00:00,168225,4235563,4239290,
2026-09-20T08:16:20.397671+00:00,168226,4235588,4178081,
2026-09-20T08:16:20.429400+00:00,168227,4235613,4153605,
2026-09-20T08:16:20.460401+00:00,168228,4235638,4138506,
2026-09-20T08:16:20.478400+00:00,168229,4235663,4125159,
2026-09-20T08:16:20.503450+00:00,168230,4235688,4108755,
2026-09-20T08:16:20.526403+00:00,168231,4235714,4080638,
2026-09-20T08:16:20.542427+00:00,168232,4235739,4057889,
2026-09-20T08:16:20.573784+00:00,168233,4235764,4046070,
2026-09-20T08:16:20.605944+00:00,168234,4235789,4028797,
2026-09-20T08:16:20.622018+00:00,168235,4235814,4010180,
2026-09-20T08:16:20.654037+00:00,168236,4235840,3997589,
2026-09-20T08:16:20.669995+00:00,168237,4235865,3984287,
2026-09-20T08:16:20.701950+00:00,168238,4235890,3973150,
2026-09-20T08:16:20.733933+00:00,168239,4235915,3960222,
2026-09-20T08:16:20.749834+00:00,168240,4235940,3947366,
2026-09-20T08:16:20.781847+00:00,168241,4235965,3942529,
2026-09-20T08:16:20.798097+00:00,168242,4235991,3940758,
2026-09-20T08:16:20.829777+00:00,168243,4236016,3938981,
2026-09-20T08:16:20.845927+00:00,168244,4236041,3936282,
2026-09-20T08:16:20.877930+00:00,168245,4236066,3924003,
2026-09-20T08:16:20.909924+00:00,168246,4236091,3909978,
2026-09-20T08:16:20.925924+00:00,168247,4236116,3905442,
2026-09-20T08:16:20.957909+00:00,168248,4236142,3904552,
2026-09-20T08:16:20.973895+00:00,168249,4236167,3901332,
2026-09-20T08:16:21.005922+00:00,168250,4236192,3892957,
2026-09-20T08:16:21.021947+00:00,168251,4236217,3892578,
2026-09-20T08:16:21.053945+00:00,168252,4236242,3908428,
2026-09-20T08:16:21.085679+00:00,168253,4236268,3915922,
2026-09-20T08:16:21.101933+00:00,168254,4236293,3910472,
2026-09-20T08:16:21.133917+00:00,168255,4236318,3904923,
2026-09-20T08:16:21.149927+00:00,168256,4236343,3904341,
2026-09-20T08:16:21.181922+00:00,168257,4236368,3902848,
2026-09-20T08:16:21.197958+00:00,168258,4236393,3889984,
2026-09-20T08:16:21.229936+00:00,168259,4236419,3863291,
2026-09-20T08:16:21.262038+00:00,168260,4236444,3819170,
2026-09-20T08:16:21.277617+00:00,168261,4236469,3748351,
2026-09-20T08:16:21.309472+00:00,168262,4236494,3631897,
2026-09-20T08:16:21.325921+00:00,168263,4236519,3448256,
2026-09-20T08:16:21.357926+00:00,168264,4236544,3222024,
2026-09-20T08:16:21.373915+00:00,168265,4236570,3007225,
2026-09-20T08:16:21.405913+00:00,168266,4236595,2825785,
2026-09-20T08:16:21.437904+00:00,168267,4236620,2687881,
2026-09-20T08:16:21.453751+00:00,168268,4236645,2606764,
2026-09-20T08:16:21.485681+00:00,168269,4236670,2559516,
2026-09-20T08:16:21.502140+00:00,168270,4236696,2522970,
2026-09-20T08:16:21.540072+00:00,168271,4236721,2487047,
2026-09-20T08:16:21.550299+00:00,168272,4236746,2394052,
2026-09-20T08:16:21.581897+00:00,168273,4236771,2146490,
2026-09-20T08:16:21.613522+00:00,168274,4236796,2109450,
2026-09-20T08:16:21.633091+00:00,168275,4236821,2472717,
2026-09-20T08:16:21.661914+00:00,168276,4236847,2845684,
2026-09-20T08:16:21.677766+00:00,168277,4236872,3135221,
2026-09-20T08:16:21.709940+00:00,168278,4236897,3356752,
2026-09-20T08:16:21.725344+00:00,168279,4236922,3522160,
2026-09-20T08:16:21.757934+00:00,168280,4236947,3644131,
2026-09-20T08:16:21.790607+00:00,168281,4236972,3732712,
2026-09-20T08:16:21.808588+00:00,168282,4236998,3794212,
2026-09-20T08:16:21.843611+00:00,168283,4237023,3837300,
2026-09-20T08:16:21.853944+00:00,168284,4237048,3866112,
2026-09-20T08:16:21.885921+00:00,168285,4237073,3885643,
2026-09-20T08:16:21.901900+00:00,168286,4237098,3899119,
2026-09-20T08:16:21.939458+00:00,168287,4237124,3908351,
2026-09-20T08:16:21.965917+00:00,168288,4237149,3915007,
2026-09-20T08:16:21.981941+00:00,168289,4237174,3919369,
2026-09-20T08:16:22.014286+00:00,168290,4237199,3922404,
2026-09-20T08:16:22.029914+00:00,168291,4237224,3924674,
2026-09-20T08:16:22.061944+00:00,168292,4237249,3926355,
2026-09-20T08:16:22.077925+00:00,168293,4237275,3927551,
2026-09-20T08:16:22.109934+00:00,168294,4237300,3928349,
2026-09-20T08:16:22.141889+00:00,168295,4237325,3929163,
2026-09-20T08:16:22.157892+00:00,168296,4237350,3929983,
2026-09-20T08:16:22.189889+00:00,168297,4237375,3930438,
2026-09-20T08:16:22.206135+00:00,168298,4237400,3930497,
2026-09-20T08:16:22.239458+00:00,168299,4237426,3930793,
2026-09-20T08:16:22.256088+00:00,168300,4237451,3931185,
2026-09-20T08:16:22.285903+00:00,168301,4237476,3931836,
2026-09-20T08:16:22.319000+00:00,168302,4237501,3932578,
2026-09-20T08:16:22.333540+00:00,168303,4237526,3932953,
2026-09-20T08:16:22.365902+00:00,168304,4237552,3933747,
2026-09-20T08:16:22.383435+00:00,168305,4237577,3934465,
2026-09-20T08:16:22.413900+00:00,168306,4237602,3934659,
2026-09-20T08:16:22.431057+00:00,168307,4237627,3934949,
2026-09-20T08:16:22.461925+00:00,168308,4237652,3935411,
2026-09-20T08:16:22.493932+00:00,168309,4237677,3935361,
2026-09-20T08:16:22.510329+00:00,168310,4237703,3935861,
2026-09-20T08:16:22.541869+00:00,168311,4237728,3935795,
2026-09-20T08:16:22.558159+00:00,168312,4237753,3935795,
2026-09-20T08:16:22.589885+00:00,168313,4237778,3936069,
2026-09-20T08:16:22.615010+00:00,168314,4237803,3936393,
2026-09-20T08:16:22.637884+00:00,168315,4237828,3936907,
2026-09-20T08:16:22.669912+00:00,168316,4237854,3936926,
2026-09-20T08:16:22.685925+00:00,168317,4237879,3936919,
2026-09-20T08:16:22.717917+00:00,168318,4237904,3936912,
2026-09-20T08:16:22.739567+00:00,168319,4237929,3936862,
2026-09-20T08:16:22.765800+00:00,168320,4237954,3936466,
2026-09-20T08:16:22.797921+00:00,168321,4237980,3936556,
2026-09-20T08:16:22.813682+00:00,168322,4238005,3936696,
2026-09-20T08:16:22.846927+00:00,168323,4238030,3936010,
2026-09-20T08:16:22.862189+00:00,168324,4238055,3935549,
2026-09-20T08:16:22.893516+00:00,168325,4238080,3936091,
2026-09-20T08:16:22.909893+00:00,168326,4238105,3936066,
2026-09-20T08:16:22.941578+00:00,168327,4238131,3936089,
2026-09-20T08:16:22.973884+00:00,168328,4238156,3936472,
2026-09-20T08:16:22.989886+00:00,168329,4238181,3937244,
2026-09-20T08:16:23.021729+00:00,168330,4238206,3936799,
2026-09-20T08:16:23.037898+00:00,168331,4238231,3936821,
2026-09-20T08:16:23.069879+00:00,168332,4238256,3937145,
2026-09-20T08:16:23.085891+00:00,168333,4238282,3937172,
2026-09-20T08:16:23.117869+00:00,168334,4238307,3937334,
2026-09-20T08:16:23.149862+00:00,168335,4238332,3937794,
2026-09-20T08:16:23.165865+00:00,168336,4238357,3937806,
2026-09-20T08:16:23.197868+00:00,168337,4238382,3937940,
2026-09-20T08:16:23.213868+00:00,168338,4238408,3939019,
2026-09-20T08:16:23.246321+00:00,168339,4238433,3939239,
2026-09-20T08:16:23.262038+00:00,168340,4238458,3938931,
2026-09-20T08:16:23.293922+00:00,168341,4238483,3939004,
2026-09-20T08:16:23.325896+00:00,168342,4238508,3938414,
2026-09-20T08:16:23.342203+00:00,168343,4238533,3938299,
2026-09-20T08:16:23.375395+00:00,168344,4238559,3937803,
2026-09-20T08:16:23.390944+00:00,168345,4238584,3937285,
2026-09-20T08:16:23.421861+00:00,168346,4238609,3937359,
2026-09-20T08:16:23.440562+00:00,168347,4238634,3937095,
2026-09-20T08:16:23.470507+00:00,168348,4238659,3936894,
2026-09-20T08:16:23.506910+00:00,168349,4238685,3938028,
2026-09-20T08:16:23.518214+00:00,168350,4238710,3938904,
2026-09-20T08:16:23.549867+00:00,168351,4238735,3939260,
2026-09-20T08:16:23.567908+00:00,168352,4238760,3938756,
2026-09-20T08:16:23.597842+00:00,168353,4238785,3937348,
2026-09-20T08:16:23.613843+00:00,168354,4238810,3936974,
2026-09-20T08:16:23.645888+00:00,168355,4238836,3936935,
2026-09-20T08:16:23.678117+00:00,168356,4238861,3936619,
2026-09-20T08:16:23.693842+00:00,168357,4238886,3936471,
2026-09-20T08:16:23.725939+00:00,168358,4238911,3937058,
2026-09-20T08:16:23.742945+00:00,168359,4238936,3937941,
2026-09-20T08:16:23.773913+00:00,168360,4238961,3938711,
2026-09-20T08:16:23.789885+00:00,168361,4238987,3939181,
2026-09-20T08:16:23.821853+00:00,168362,4239012,3939320,
2026-09-20T08:16:23.853779+00:00,168363,4239037,3939907,
2026-09-20T08:16:23.869903+00:00,168364,4239062,3940225,
2026-09-20T08:16:23.901853+00:00,168365,4239087,3940020,
2026-09-20T08:16:23.917850+00:00,168366,4239112,3939408,
2026-09-20T08:16:23.949417+00:00,168367,4239138,3938517,
2026-09-20T08:16:23.970486+00:00,168368,4239163,3937960,
2026-09-20T08:16:23.998033+00:00,168369,4239188,3937377,
2026-09-20T08:16:24.029845+00:00,168370,4239213,3937048,
2026-09-20T08:16:24.045860+00:00,168371,4239238,3937060,
2026-09-20T08:16:24.077837+00:00,168372,4239264,3936992,
2026-09-20T08:16:24.094514+00:00,168373,4239289,3937518,
2026-09-20T08:16:24.126416+00:00,168374,4239314,3938384,
2026-09-20T08:16:24.142399+00:00,168375,4239339,3938512,
2026-09-20T08:16:24.173807+00:00,168376,4239364,3937921,
2026-09-20T08:16:24.205835+00:00,168377,4239389,3937179,
2026-09-20T08:16:24.221606+00:00,168378,4239415,3936830,
2026-09-20T08:16:24.253840+00:00,168379,4239440,3937613,
2026-09-20T08:16:24.270227+00:00,168380,4239465,3938444,
2026-09-20T08:16:24.301831+00:00,168381,4239490,3939845,
2026-09-20T08:16:24.317441+00:00,168382,4239515,3940901,
2026-09-20T08:16:24.349760+00:00,168383,4239540,3941261,
2026-09-20T08:16:24.382327+00:00,168384,4239566,3941629,
2026-09-20T08:16:24.398003+00:00,168385,4239591,3942271,
2026-09-20T08:16:24.431372+00:00,168386,4239616,3942811,
2026-09-20T08:16:24.445834+00:00,168387,4239641,3942187,
2026-09-20T08:16:24.477822+00:00,168388,4239666,3941592,
2026-09-20T08:16:24.493821+00:00,168389,4239691,3942193,
2026-09-20T08:16:24.525821+00:00,168390,4239717,3942947,
2026-09-20T08:16:24.557427+00:00,168391,4239742,3943385,
2026-09-20T08:16:24.573829+00:00,168392,4239767,3943112,
2026-09-20T08:16:24.605856+00:00,168393,4239792,3943008,
2026-09-20T08:16:24.621821+00:00,168394,4239817,3943827,
2026-09-20T08:16:24.653813+00:00,168395,4239843,3944647,
2026-09-20T08:16:24.685832+00:00,168396,4239868,3944538,
2026-09-20T08:16:24.701837+00:00,168397,4239893,3944067,
2026-09-20T08:16:24.733817+00:00,168398,4239918,3943166,
2026-09-20T08:16:24.749921+00:00,168399,4239943,3943059,
2026-09-20T08:16:24.782249+00:00,168400,4239968,3942959,
2026-09-20T08:16:24.797924+00:00,168401,4239994,3943072,
2026-09-20T08:16:24.829770+00:00,168402,4240019,3943221,
2026-09-20T08:16:24.861949+00:00,168403,4240044,3942864,
2026-09-20T08:16:24.878041+00:00,168404,4240069,3941560,
2026-09-20T08:16:24.909824+00:00,168405,4240094,3940602,
2026-09-20T08:16:24.925327+00:00,168406,4240119,3941017,
2026-09-20T08:16:24.957814+00:00,168407,4240145,3941191,
2026-09-20T08:16:24.974409+00:00,168408,4240170,3941667,
2026-09-20T08:16:25.005863+00:00,168409,4240195,3941543,
2026-09-20T08:16:25.037903+00:00,168410,4240220,3941539,
2026-09-20T08:16:25.054916+00:00,168411,4240245,3940955,
2026-09-20T08:16:25.085834+00:00,168412,4240270,3941518,
2026-09-20T08:16:25.106326+00:00,168413,4240296,3942723,
2026-09-20T08:16:25.139010+00:00,168414,4240321,3942550,
2026-09-20T08:16:25.149787+00:00,168415,4240346,3942153,
2026-09-20T08:16:25.181271+00:00,168416,4240371,3942960,
2026-09-20T08:16:25.213805+00:00,168417,4240396,3943766,
2026-09-20T08:16:25.229811+00:00,168418,4240422,3943763,
2026-09-20T08:16:25.261827+00:00,168419,4240447,3942248,
2026-09-20T08:16:25.278928+00:00,168420,4240472,3942179,
2026-09-20T08:16:25.310904+00:00,168421,4240497,3942704,
2026-09-20T08:16:25.325820+00:00,168422,4240522,3943640,
2026-09-20T08:16:25.357816+00:00,168423,4240547,3943786,
2026-09-20T08:16:25.391688+00:00,168424,4240573,3943007,
2026-09-20T08:16:25.405950+00:00,168425,4240598,3942765,
2026-09-20T08:16:25.437964+00:00,168426,4240623,3942887,
2026-09-20T08:16:25.453851+00:00,168427,4240648,3942606,
2026-09-20T08:16:25.486508+00:00,168428,4240673,3943069,
2026-09-20T08:16:25.506039+00:00,168429,4240698,3944965,
2026-09-20T08:16:25.534028+00:00,168430,4240724,3946801,
2026-09-20T08:16:25.565784+00:00,168431,4240749,3946625,
2026-09-20T08:16:25.581779+00:00,168432,4240774,3946791,
2026-09-20T08:16:25.613560+00:00,168433,4240799,3949988,
2026-09-20T08:16:25.629817+00:00,168434,4240824,3953033,
2026-09-20T08:16:25.655205+00:00,168435,4240849,3955678,
2026-09-20T08:16:25.669258+00:00,168436,4240875,3960467,
2026-09-20T08:16:25.709274+00:00,168437,4240900,3965992,
2026-09-20T08:16:25.741274+00:00,168438,4240925,3971310,
2026-09-20T08:16:25.775274+00:00,168439,4240950,3978174,
2026-09-20T08:16:25.789273+00:00,168440,4240975,3989386,
2026-09-20T08:16:25.805279+00:00,168441,4241001,4004330,
2026-09-20T08:16:25.837273+00:00,168442,4241026,4030759,
2026-09-20T08:16:25.853272+00:00,168443,4241051,4100008,
2026-09-20T08:16:25.885282+00:00,168444,4241076,4249961,
2026-09-20T08:16:25.917292+00:00,168445,4241101,4475580,
2026-09-20T08:16:25.933536+00:00,168446,4241126,4776816,
2026-09-20T08:16:25.966278+00:00,168447,4241152,5213913,
2026-09-20T08:16:25.982274+00:00,168448,4241177,5760727,
2026-09-20T08:16:26.014277+00:00,168449,4241202,6195946,
2026-09-20T08:16:26.029327+00:00,168450,4241227,6395938,
2026-09-20T08:16:26.061350+00:00,168451,4241252,6378480,
2026-09-20T08:16:26.094348+00:00,168452,4241277,6158923,
2026-09-20T08:16:26.110347+00:00,168453,4241303,5837759,
2026-09-20T08:16:26.142390+00:00,168454,4241328,5584671,
2026-09-20T08:16:26.157348+00:00,168455,4241353,5413382,
2026-09-20T08:16:26.189348+00:00,168456,4241378,5241145,
2026-09-20T08:16:26.205348+00:00,168457,4241403,5055645,
2026-09-20T08:16:26.237541+00:00,168458,4241429,4919803,
2026-09-20T08:16:26.269475+00:00,168459,4241454,4814025,
2026-09-20T08:16:26.285348+00:00,168460,4241479,4700931,
2026-09-20T08:16:26.317380+00:00,168461,4241504,4597509,
2026-09-20T08:16:26.333579+00:00,168462,4241529,4492033,
2026-09-20T08:16:26.365347+00:00,168463,4241554,4378871,
2026-09-20T08:16:26.381347+00:00,168464,4241580,4298008,
2026-09-20T08:16:26.413550+00:00,168465,4241605,4253738,
2026-09-20T08:16:26.445347+00:00,168466,4241630,4221551,
2026-09-20T08:16:26.461350+00:00,168467,4241655,4184927,
2026-09-20T08:16:26.494348+00:00,168468,4241680,4144149,
2026-09-20T08:16:26.509723+00:00,168469,4241705,4103503,
2026-09-20T08:16:26.541975+00:00,168470,4241731,4061095,
2026-09-20T08:16:26.557973+00:00,168471,4241756,4028357,
2026-09-20T08:16:26.589968+00:00,168472,4241781,4001289,
2026-09-20T08:16:26.621975+00:00,168473,4241806,3979936,
2026-09-20T08:16:26.637974+00:00,168474,4241831,3972705,
2026-09-20T08:16:26.669699+00:00,168475,4241856,3980997,
2026-09-20T08:16:26.685710+00:00,168476,4241882,3981675,
2026-09-20T08:16:26.717656+00:00,168477,4241907,3952281,
2026-09-20T08:16:26.749783+00:00,168478,4241932,3912996,
2026-09-20T08:16:26.766063+00:00,168479,4241957,3884619,
2026-09-20T08:16:26.797764+00:00,168480,4241982,3860862,
2026-09-20T08:16:26.813768+00:00,168481,4242008,3831106,
2026-09-20T08:16:26.845778+00:00,168482,4242033,3787330,
2026-09-20T08:16:26.861770+00:00,168483,4242058,3735853,
2026-09-20T08:16:26.893996+00:00,168484,4242083,3712247,
2026-09-20T08:16:26.925683+00:00,168485,4242108,3727990,
2026-09-20T08:16:26.941765+00:00,168486,4242133,3741597,
2026-09-20T08:16:26.973768+00:00,168487,4242159,3739480,
2026-09-20T08:16:26.989769+00:00,168488,4242184,3754230,
2026-09-20T08:16:27.021820+00:00,168489,4242209,3786392,
2026-09-20T08:16:27.037769+00:00,168490,4242234,3810914,
2026-09-20T08:16:27.069916+00:00,168491,4242259,3823802,
2026-09-20T08:16:27.101785+00:00,168492,4242284,3823143,
2026-09-20T08:16:27.117781+00:00,168493,4242310,3805648,
2026-09-20T08:16:27.149610+00:00,168494,4242335,3784473,
2026-09-20T08:16:27.165700+00:00,168495,4242360,3765707,
2026-09-20T08:16:27.197787+00:00,168496,4242385,3764040,
2026-09-20T08:16:27.214041+00:00,168497,4242410,3764594,
2026-09-20T08:16:27.245812+00:00,168498,4242435,3738407,
2026-09-20T08:16:27.280876+00:00,168499,4242461,3664090,
2026-09-20T08:16:27.293790+00:00,168500,4242486,3504172,
2026-09-20T08:16:27.325761+00:00,168501,4242511,3245617,
2026-09-20T08:16:27.341791+00:00,168502,4242536,2956541,
2026-09-20T08:16:27.373779+00:00,168503,4242561,2738606,
2026-09-20T08:16:27.394530+00:00,168504,4242586,2608965,
2026-09-20T08:16:27.421819+00:00,168505,4242612,2520887,
2026-09-20T08:16:27.454916+00:00,168506,4242637,2452440,
2026-09-20T08:16:27.472023+00:00,168507,4242662,2394730,
2026-09-20T08:16:27.502955+00:00,168508,4242687,2345102,
2026-09-20T08:16:27.525611+00:00,168509,4242712,2296498,
2026-09-20T08:16:27.549792+00:00,168510,4242738,2186426,
2026-09-20T08:16:27.571930+00:00,168511,4242763,1944677,
2026-09-20T08:16:27.597769+00:00,168512,4242788,1987425,
2026-09-20T08:16:27.631476+00:00,168513,4242813,2393995,
2026-09-20T08:16:27.646866+00:00,168514,4242838,2781527,
2026-09-20T08:16:27.677754+00:00,168515,4242863,3083138,
2026-09-20T08:16:27.693763+00:00,168516,4242889,3315277,
2026-09-20T08:16:27.725782+00:00,168517,4242914,3490338,
2026-09-20T08:16:27.745490+00:00,168518,4242939,3619640,
2026-09-20T08:16:27.773738+00:00,168519,4242964,3713770,
2026-09-20T08:16:27.805753+00:00,168520,4242989,3780405,
2026-09-20T08:16:27.823655+00:00,168521,4243014,3826858,
2026-09-20T08:16:27.853746+00:00,168522,4243040,3859913,
2026-09-20T08:16:27.869755+00:00,168523,4243065,3883365,
2026-09-20T08:16:27.901803+00:00,168524,4243090,3898845,
2026-09-20T08:16:27.917779+00:00,168525,4243115,3908886,
2026-09-20T08:16:27.949731+00:00,168526,4243140,3916236,
2026-09-20T08:16:27.981743+00:00,168527,4243165,3919998,
2026-09-20T08:16:27.998866+00:00,168528,4243191,3921678,
2026-09-20T08:16:28.042046+00:00,168529,4243216,3922461,
2026-09-20T08:16:28.046134+00:00,168530,4243241,3923553,
2026-09-20T08:16:28.077790+00:00,168531,4243266,3923733,
2026-09-20T08:16:28.093791+00:00,168532,4243291,3922273,
2026-09-20T08:16:28.125793+00:00,168533,4243317,3919830,
2026-09-20T08:16:28.157818+00:00,168534,4243342,3924548,
2026-09-20T08:16:28.173731+00:00,168535,4243367,3933081,
2026-09-20T08:16:28.205724+00:00,168536,4243392,3937329,
2026-09-20T08:16:28.221726+00:00,168537,4243417,3939433,
2026-09-20T08:16:28.253735+00:00,168538,4243442,3938416,
2026-09-20T08:16:28.269730+00:00,168539,4243468,3937284,
2026-09-20T08:16:28.301736+00:00,168540,4243493,3937348,
2026-09-20T08:16:28.333742+00:00,168541,4243518,3937881,
2026-09-20T08:16:28.349310+00:00,168542,4243543,3939187,
2026-09-20T08:16:28.381282+00:00,168543,4243568,3940989,
2026-09-20T08:16:28.397364+00:00,168544,4243593,3941637,
2026-09-20T08:16:28.429741+00:00,168545,4243619,3941512,
2026-09-20T08:16:28.446236+00:00,168546,4243644,3941591,
2026-09-20T08:16:28.477723+00:00,168547,4243669,3941592,
2026-09-20T08:16:28.509759+00:00,168548,4243694,3942419,
2026-09-20T08:16:28.525802+00:00,168549,4243719,3942438,
2026-09-20T08:16:28.557725+00:00,168550,4243744,3941522,
2026-09-20T08:16:28.573390+00:00,168551,4243770,3941415,
2026-09-20T08:16:28.605738+00:00,168552,4243795,3941500,
2026-09-20T08:16:28.621724+00:00,168553,4243820,3941515,
2026-09-20T08:16:28.653682+00:00,168554,4243845,3941226,
2026-09-20T08:16:28.685683+00:00,168555,4243870,3941246,
2026-09-20T08:16:28.701685+00:00,168556,4243896,3941605,
2026-09-20T08:16:28.733686+00:00,168557,4243921,3941485,
2026-09-20T08:16:28.749730+00:00,168558,4243946,3941568,
2026-09-20T08:16:28.781356+00:00,168559,4243971,3941534,
2026-09-20T08:16:28.813024+00:00,168560,4243996,3941505,
2026-09-20T08:16:28.830060+00:00,168561,4244021,3941774,
2026-09-20T08:16:28.861725+00:00,168562,4244047,3942106,
2026-09-20T08:16:28.877749+00:00,168563,4244072,3942709,
2026-09-20T08:16:28.909705+00:00,168564,4244097,3943423,
2026-09-20T08:16:28.925686+00:00,168565,4244122,3943520,
2026-09-20T08:16:28.957408+00:00,168566,4244147,3943771,
2026-09-20T08:16:28.989458+00:00,168567,4244172,3943718,
2026-09-20T08:16:29.005354+00:00,168568,4244198,3943805,
2026-09-20T08:16:29.037684+00:00,168569,4244223,3943356,
2026-09-20T08:16:29.053720+00:00,168570,4244248,3943428,
2026-09-20T08:16:29.085263+00:00,168571,4244273,3943872,
2026-09-20T08:16:29.105264+00:00,168572,4244298,3944025,
2026-09-20T08:16:29.133363+00:00,168573,4244323,3944226,
2026-09-20T08:16:29.165317+00:00,168574,4244349,3944041,
2026-09-20T08:16:29.182319+00:00,168575,4244374,3944032,
2026-09-20T08:16:29.214229+00:00,168576,4244399,3943752,
2026-09-20T08:16:29.229705+00:00,168577,4244424,3943303,
2026-09-20T08:16:29.261728+00:00,168578,4244449,3943300,
2026-09-20T08:16:29.277732+00:00,168579,4244475,3943133,
2026-09-20T08:16:29.309943+00:00,168580,4244500,3942705,
2026-09-20T08:16:29.341843+00:00,168581,4244525,3942747,
2026-09-20T08:16:29.357697+00:00,168582,4244550,3943262,
2026-09-20T08:16:29.389713+00:00,168583,4244575,3943045,
2026-09-20T08:16:29.405705+00:00,168584,4244600,3942823,
2026-09-20T08:16:29.437857+00:00,168585,4244626,3942905,
2026-09-20T08:16:29.453701+00:00,168586,4244651,3942784,
2026-09-20T08:16:29.485799+00:00,168587,4244676,3942933,
2026-09-20T08:16:29.517938+00:00,168588,4244701,3942824,
2026-09-20T08:16:29.533530+00:00,168589,4244726,3943247,
2026-09-20T08:16:29.565602+00:00,168590,4244751,3943992,
2026-09-20T08:16:29.581267+00:00,168591,4244777,3943730,
2026-09-20T08:16:29.613935+00:00,168592,4244802,3944099,
2026-09-20T08:16:29.629936+00:00,168593,4244827,3944253,
2026-09-20T08:16:29.661469+00:00,168594,4244852,3943949,
2026-09-20T08:16:29.693273+00:00,168595,4244877,3943874,
2026-09-20T08:16:29.709291+00:00,168596,4244902,3944302,
2026-09-20T08:16:29.741358+00:00,168597,4244928,3944357,
2026-09-20T08:16:29.757357+00:00,168598,4244953,3944363,
2026-09-20T08:16:29.781201+00:00,168599,4244978,3944629,
2026-09-20T08:16:29.805127+00:00,168600,4245003,3944767,
2026-09-20T08:16:29.838125+00:00,168601,4245028,3944438,
2026-09-20T08:16:29.869930+00:00,168602,4245053,3943917,
2026-09-20T08:16:29.885933+00:00,168603,4245079,3943237,
2026-09-20T08:16:29.917696+00:00,168604,4245104,3943455,
2026-09-20T08:16:29.933597+00:00,168605,4245129,3943072,
2026-09-20T08:16:29.965940+00:00,168606,4245154,3943011,
2026-09-20T08:16:29.981521+00:00,168607,4245179,3943574,
2026-09-20T08:16:30.014521+00:00,168608,4245205,3943377,
2026-09-20T08:16:30.045522+00:00,168609,4245230,3943635,
2026-09-20T08:16:30.061686+00:00,168610,4245255,3943611,
2026-09-20T08:16:30.093709+00:00,168611,4245280,3943974,
2026-09-20T08:16:30.109708+00:00,168612,4245305,3943522,
2026-09-20T08:16:30.141685+00:00,168613,4245330,3943484,
2026-09-20T08:16:30.157079+00:00,168614,4245356,3943567,
2026-09-20T08:16:30.189695+00:00,168615,4245381,3943696,
2026-09-20T08:16:30.221807+00:00,168616,4245406,3943795,
2026-09-20T08:16:30.237828+00:00,168617,4245431,3943945,
2026-09-20T08:16:30.269845+00:00,168618,4245456,3944184,
2026-09-20T08:16:30.285805+00:00,168619,4245481,3944214,
2026-09-20T08:16:30.317806+00:00,168620,4245507,3944449,
2026-09-20T08:16:30.333824+00:00,168621,4245532,3944367,
2026-09-20T08:16:30.365804+00:00,168622,4245557,3944421,
2026-09-20T08:16:30.397803+00:00,168623,4245582,3944347,
2026-09-20T08:16:30.413803+00:00,168624,4245607,3944865,
2026-09-20T08:16:30.445684+00:00,168625,4245632,3944849,
2026-09-20T08:16:30.461662+00:00,168626,4245658,3944546,
2026-09-20T08:16:30.493671+00:00,168627,4245683,3944081,
2026-09-20T08:16:30.509682+00:00,168628,4245708,3943961,
2026-09-20T08:16:30.541668+00:00,168629,4245733,3943738,
2026-09-20T08:16:30.573670+00:00,168630,4245758,3942949,
2026-09-20T08:16:30.589707+00:00,168631,4245784,3942926,
2026-09-20T08:16:30.621676+00:00,168632,4245809,3943516,
2026-09-20T08:16:30.637666+00:00,168633,4245834,3943563,
2026-09-20T08:16:30.670016+00:00,168634,4245859,3943590,
2026-09-20T08:16:30.686065+00:00,168635,4245884,3943681,
2026-09-20T08:16:30.717683+00:00,168636,4245909,3943757,
2026-09-20T08:16:30.749816+00:00,168637,4245935,3943719,
2026-09-20T08:16:30.765705+00:00,168638,4245960,3943927,
2026-09-20T08:16:30.797693+00:00,168639,4245985,3943921,
2026-09-20T08:16:30.813670+00:00,168640,4246010,3944173,
2026-09-20T08:16:30.845656+00:00,168641,4246035,3944182,
2026-09-20T08:16:30.877664+00:00,168642,4246060,3944184,
2026-09-20T08:16:30.893662+00:00,168643,4246086,3944525,
2026-09-20T08:16:30.925688+00:00,168644,4246111,3944357,
2026-09-20T08:16:30.941673+00:00,168645,4246136,3944179,
2026-09-20T08:16:30.973664+00:00,168646,4246161,3944310,
2026-09-20T08:16:30.989296+00:00,168647,4246186,3944506,
2026-09-20T08:16:31.021665+00:00,168648,4246211,3944757,
2026-09-20T08:16:31.053689+00:00,168649,4246237,3944761,
2026-09-20T08:16:31.069661+00:00,168650,4246262,3944924,
2026-09-20T08:16:31.101653+00:00,168651,4246287,3944428,
2026-09-20T08:16:31.117434+00:00,168652,4246312,3944445,
2026-09-20T08:16:31.149467+00:00,168653,4246337,3944292,
2026-09-20T08:16:31.165684+00:00,168654,4246362,3943955,
2026-09-20T08:16:31.197872+00:00,168655,4246388,3943506,
2026-09-20T08:16:31.229690+00:00,168656,4246413,3943405,
2026-09-20T08:16:31.245700+00:00,168657,4246438,3943595,
2026-09-20T08:16:31.277669+00:00,168658,4246463,3943623,
2026-09-20T08:16:31.293704+00:00,168659,4246488,3943667,
2026-09-20T08:16:31.325656+00:00,168660,4246514,3943488,
2026-09-20T08:16:31.341551+00:00,168661,4246539,3943310,
2026-09-20T08:16:31.373652+00:00,168662,4246564,3943451,
2026-09-20T08:16:31.405653+00:00,168663,4246589,3943693,
2026-09-20T08:16:31.421659+00:00,168664,4246614,3943640,
2026-09-20T08:16:31.453652+00:00,168665,4246639,3943865,
2026-09-20T08:16:31.469711+00:00,168666,4246665,3944102,
2026-09-20T08:16:31.501663+00:00,168667,4246690,3943976,
2026-09-20T08:16:31.517603+00:00,168668,4246715,3943905,
2026-09-20T08:16:31.549449+00:00,168669,4246740,3944247,
2026-09-20T08:16:31.581491+00:00,168670,4246765,3944584,
2026-09-20T08:16:31.598765+00:00,168671,4246790,3944426,
2026-09-20T08:16:31.629199+00:00,168672,4246816,3944328,
2026-09-20T08:16:31.646174+00:00,168673,4246841,3944969,
2026-09-20T08:16:31.678847+00:00,168674,4246866,3945155,
2026-09-20T08:16:31.693837+00:00,168675,4246891,3944917,
2026-09-20T08:16:31.725699+00:00,168676,4246916,3944291,
2026-09-20T08:16:31.758132+00:00,168677,4246942,3944315,
2026-09-20T08:16:31.773130+00:00,168678,4246967,3944283,
2026-09-20T08:16:31.806131+00:00,168679,4246992,3943640,
2026-09-20T08:16:31.821141+00:00,168680,4247017,3943879,
2026-09-20T08:16:31.853659+00:00,168681,4247042,3943667,
2026-09-20T08:16:31.869270+00:00,168682,4247067,3943487,
2026-09-20T08:16:31.901574+00:00,168683,4247093,3943755,
2026-09-20T08:16:31.934271+00:00,168684,4247118,3943671,
2026-09-20T08:16:31.950271+00:00,168685,4247143,3943797,
2026-09-20T08:16:31.981515+00:00,168686,4247168,3944167,
2026-09-20T08:16:31.997381+00:00,168687,4247193,3944387,
2026-09-20T08:16:32.029645+00:00,168688,4247218,3943863,
2026-09-20T08:16:32.045634+00:00,168689,4247244,3943719,
2026-09-20T08:16:32.079038+00:00,168690,4247269,3944197,
2026-09-20T08:16:32.109637+00:00,168691,4247294,3944096,
2026-09-20T08:16:32.125644+00:00,168692,4247319,3944034,
2026-09-20T08:16:32.157158+00:00,168693,4247344,3943870,
2026-09-20T08:16:32.173663+00:00,168694,4247369,3944456,
2026-09-20T08:16:32.205644+00:00,168695,4247395,3944757,
2026-09-20T08:16:32.221614+00:00,168696,4247420,3944349,
2026-09-20T08:16:32.253636+00:00,168697,4247445,3944404,
2026-09-20T08:16:32.285468+00:00,168698,4247470,3944558,
2026-09-20T08:16:32.301468+00:00,168699,4247495,3944735,
2026-09-20T08:16:32.333632+00:00,168700,4247521,3944892,
2026-09-20T08:16:32.349458+00:00,168701,4247546,3944806,
2026-09-20T08:16:32.382382+00:00,168702,4247571,3944321,
2026-09-20T08:16:32.397939+00:00,168703,4247596,3943895,
2026-09-20T08:16:32.429620+00:00,168704,4247621,3944235,
2026-09-20T08:16:32.461662+00:00,168705,4247646,3943922,
2026-09-20T08:16:32.478664+00:00,168706,4247672,3943469,
2026-09-20T08:16:32.509626+00:00,168707,4247697,3943499,
2026-09-20T08:16:32.525719+00:00,168708,4247722,3943281,
2026-09-20T08:16:32.557741+00:00,168709,4247747,3943519,
2026-09-20T08:16:32.573585+00:00,168710,4247772,3943544,
2026-09-20T08:16:32.605821+00:00,168711,4247797,3943866,
2026-09-20T08:16:32.637670+00:00,168712,4247823,3943851,
2026-09-20T08:16:32.653612+00:00,168713,4247848,3943596,
2026-09-20T08:16:32.685630+00:00,168714,4247873,3943985,
2026-09-20T08:16:32.701514+00:00,168715,4247898,3943900,
2026-09-20T08:16:32.733492+00:00,168716,4247923,3943930,
2026-09-20T08:16:32.749616+00:00,168717,4247948,3944464,
2026-09-20T08:16:32.781619+00:00,168718,4247974,3944501,
2026-09-20T08:16:32.813623+00:00,168719,4247999,3944096,
2026-09-20T08:16:32.829619+00:00,168720,4248024,3944139,
2026-09-20T08:16:32.861306+00:00,168721,4248049,3944128,
2026-09-20T08:16:32.877613+00:00,168722,4248074,3944438,
2026-09-20T08:16:32.909617+00:00,168723,4248100,3944836,
2026-09-20T08:16:32.941463+00:00,168724,4248125,3944261,
2026-09-20T08:16:32.957474+00:00,168725,4248150,3944393,
2026-09-20T08:16:32.989461+00:00,168726,4248175,3944620,
2026-09-20T08:16:33.005625+00:00,168727,4248200,3944886,
2026-09-20T08:16:33.038667+00:00,168728,4248225,3944595,
2026-09-20T08:16:33.053464+00:00,168729,4248251,3944117,
2026-09-20T08:16:33.085463+00:00,168730,4248276,3943988,
2026-09-20T08:16:33.117466+00:00,168731,4248301,3944387,
2026-09-20T08:16:33.135463+00:00,168732,4248326,3944221,
2026-09-20T08:16:33.165465+00:00,168733,4248351,3943865,
2026-09-20T08:16:33.181831+00:00,168734,4248376,3943603,
2026-09-20T08:16:33.213464+00:00,168735,4248402,3943416,
2026-09-20T08:16:33.231926+00:00,168736,4248427,3943428,
2026-09-20T08:16:33.261469+00:00,168737,4248452,3943769,
2026-09-20T08:16:33.294468+00:00,168738,4248477,3943912,
2026-09-20T08:16:33.309464+00:00,168739,4248502,3943593,
2026-09-20T08:16:33.341480+00:00,168740,4248527,3943519,
2026-09-20T08:16:33.358464+00:00,168741,4248553,3943712,
2026-09-20T08:16:33.389602+00:00,168742,4248578,3943786,
2026-09-20T08:16:33.405465+00:00,168743,4248603,3944370,
2026-09-20T08:16:33.437468+00:00,168744,4248628,3944705,
2026-09-20T08:16:33.469603+00:00,168745,4248653,3944527,
2026-09-20T08:16:33.485464+00:00,168746,4248679,3944270,
2026-09-20T08:16:33.517587+00:00,168747,4248704,3944246,
2026-09-20T08:16:33.533500+00:00,168748,4248729,3944187,
2026-09-20T08:16:33.565693+00:00,168749,4248754,3944441,
2026-09-20T08:16:33.581367+00:00,168750,4248779,3944340,
2026-09-20T08:16:33.613581+00:00,168751,4248804,3944446,
2026-09-20T08:16:33.645612+00:00,168752,4248830,3944851,
2026-09-20T08:16:33.661624+00:00,168753,4248855,3944597,
2026-09-20T08:16:33.693605+00:00,168754,4248880,3944632,
2026-09-20T08:16:33.709590+00:00,168755,4248905,3944686,
2026-09-20T08:16:33.741491+00:00,168756,4248930,3944274,
2026-09-20T08:16:33.757345+00:00,168757,4248956,3943914,
2026-09-20T08:16:33.789409+00:00,168758,4248981,3943428,
2026-09-20T08:16:33.821303+00:00,168759,4249006,3943303,
2026-09-20T08:16:33.837593+00:00,168760,4249031,3943450,
2026-09-20T08:16:33.869699+00:00,168761,4249056,3943363,
2026-09-20T08:16:33.885592+00:00,168762,4249081,3943797,
2026-09-20T08:16:33.917923+00:00,168763,4249107,3943605,
2026-09-20T08:16:33.933980+00:00,168764,4249132,3943217,
2026-09-20T08:16:33.965675+00:00,168765,4249157,3943668,
2026-09-20T08:16:33.997300+00:00,168766,4249182,3944074,
2026-09-20T08:16:34.029305+00:00,168767,4249207,3944275,
2026-09-20T08:16:34.057299+00:00,168768,4249232,3944399,
2026-09-20T08:16:34.068298+00:00,168769,4249258,3944228,
2026-09-20T08:16:34.093071+00:00,168770,4249283,3944175,
2026-09-20T08:16:34.109573+00:00,168771,4249308,3944406,
2026-09-20T08:16:34.141580+00:00,168772,4249333,3944722,
2026-09-20T08:16:34.173700+00:00,168773,4249358,3944082,
2026-09-20T08:16:34.189518+00:00,168774,4249384,3944496,
2026-09-20T08:16:34.221592+00:00,168775,4249409,3944716,
2026-09-20T08:16:34.237613+00:00,168776,4249434,3944823,
2026-09-20T08:16:34.269577+00:00,168777,4249459,3944894,
2026-09-20T08:16:34.285597+00:00,168778,4249484,3945283,
2026-09-20T08:16:34.317572+00:00,168779,4249509,3945481,
2026-09-20T08:16:34.349573+00:00,168780,4249535,3945084,
2026-09-20T08:16:34.365606+00:00,168781,4249560,3944182,
2026-09-20T08:16:34.397614+00:00,168782,4249585,3943954,
2026-09-20T08:16:34.406861+00:00,168783,4249610,3944082,
2026-09-20T08:16:34.430781+00:00,168784,4249635,3943702,
2026-09-20T08:16:34.461770+00:00,168785,4249660,3943586,
2026-09-20T08:16:34.493572+00:00,168786,4249686,3943384,
2026-09-20T08:16:34.525756+00:00,168787,4249711,3943560,
2026-09-20T08:16:34.541780+00:00,168788,4249736,3943769,
2026-09-20T08:16:34.573562+00:00,168789,4249761,3943897,
2026-09-20T08:16:34.589858+00:00,168790,4249786,3943733,
2026-09-20T08:16:34.621234+00:00,168791,4249812,3944164,
2026-09-20T08:16:34.637461+00:00,168792,4249837,3943780,
2026-09-20T08:16:34.669629+00:00,168793,4249862,3943682,
2026-09-20T08:16:34.701564+00:00,168794,4249887,3943815,
2026-09-20T08:16:34.717190+00:00,168795,4249912,3943754,
2026-09-20T08:16:34.749427+00:00,168796,4249937,3943612,
2026-09-20T08:16:34.765184+00:00,168797,4249963,3943693,
2026-09-20T08:16:34.798028+00:00,168798,4249988,3944090,
2026-09-20T08:16:34.813546+00:00,168799,4250013,3944260,
2026-09-20T08:16:34.845572+00:00,168800,4250038,3944474,
2026-09-20T08:16:34.877573+00:00,168801,4250063,3944573,
2026-09-20T08:16:34.893552+00:00,168802,4250088,3944944,
2026-09-20T08:16:34.925322+00:00,168803,4250114,3945151,
2026-09-20T08:16:34.941555+00:00,168804,4250139,3944649,
2026-09-20T08:16:34.973457+00:00,168805,4250164,3944402,
2026-09-20T08:16:35.005458+00:00,168806,4250189,3944879,
2026-09-20T08:16:35.022458+00:00,168807,4250214,3944775,
2026-09-20T08:16:35.058457+00:00,168808,4250239,3944306,
2026-09-20T08:16:35.069460+00:00,168809,4250265,3943685,
2026-09-20T08:16:35.101456+00:00,168810,4250290,3943722,
2026-09-20T08:16:35.117555+00:00,168811,4250315,3943609,
2026-09-20T08:16:35.151666+00:00,168812,4250340,3943600,
2026-09-20T08:16:35.181514+00:00,168813,4250365,3943472,
2026-09-20T08:16:35.197282+00:00,168814,4250391,3943582,
2026-09-20T08:16:35.229564+00:00,168815,4250416,3943727,
2026-09-20T08:16:35.245579+00:00,168816,4250441,3944039,
2026-09-20T08:16:35.277578+00:00,168817,4250466,3943557,
2026-09-20T08:16:35.293559+00:00,168818,4250491,3943752,
2026-09-20T08:16:35.325548+00:00,168819,4250516,3944543,
2026-09-20T08:16:35.357550+00:00,168820,4250542,3944727,
2026-09-20T08:16:35.373561+00:00,168821,4250567,3944746,
2026-09-20T08:16:35.404973+00:00,168822,4250592,3944483,
2026-09-20T08:16:35.421027+00:00,168823,4250617,3944317,
2026-09-20T08:16:35.453577+00:00,168824,4250642,3944579,
2026-09-20T08:16:35.469545+00:00,168825,4250667,3944567,
2026-09-20T08:16:35.501586+00:00,168826,4250693,3944623,
2026-09-20T08:16:35.533549+00:00,168827,4250718,3945131,
2026-09-20T08:16:35.549567+00:00,168828,4250743,3945115,
2026-09-20T08:16:35.581567+00:00,168829,4250768,3944921,
2026-09-20T08:16:35.597540+00:00,168830,4250793,3944534,
2026-09-20T08:16:35.629418+00:00,168831,4250818,3944362,
2026-09-20T08:16:35.645262+00:00,168832,4250844,3944216,
2026-09-20T08:16:35.677407+00:00,168833,4250869,3944200,
2026-09-20T08:16:35.709249+00:00,168834,4250894,3943683,
2026-09-20T08:16:35.725075+00:00,168835,4250919,3943304,
2026-09-20T08:16:35.757559+00:00,168836,4250944,3943330,
2026-09-20T08:16:35.773712+00:00,168837,4250970,3943224,
2026-09-20T08:16:35.805525+00:00,168838,4250995,3943505,
2026-09-20T08:16:35.821308+00:00,168839,4251020,3943474,
2026-09-20T08:16:35.853543+00:00,168840,4251045,3943223,
2026-09-20T08:16:35.885715+00:00,168841,4251070,3943196,
2026-09-20T08:16:35.901711+00:00,168842,4251095,3943586,
2026-09-20T08:16:35.933612+00:00,168843,4251121,3943840,
2026-09-20T08:16:35.949613+00:00,168844,4251146,3944007,
2026-09-20T08:16:35.981604+00:00,168845,4251171,3944205,
2026-09-20T08:16:35.997848+00:00,168846,4251196,3944147,
2026-09-20T08:16:36.029129+00:00,168847,4251221,3943991,
2026-09-20T08:16:36.060941+00:00,168848,4251246,3944155,
2026-09-20T08:16:36.077941+00:00,168849,4251272,3944629,
2026-09-20T08:16:36.108958+00:00,168850,4251297,3944387,
2026-09-20T08:16:36.125037+00:00,168851,4251322,3944448,
2026-09-20T08:16:36.156958+00:00,168852,4251347,3944783,
2026-09-20T08:16:36.173554+00:00,168853,4251372,3944692,
2026-09-20T08:16:36.205349+00:00,168854,4251397,3945052,
2026-09-20T08:16:36.237721+00:00,168855,4251423,3945087,
2026-09-20T08:16:36.253742+00:00,168856,4251448,3944523,
2026-09-20T08:16:36.285295+00:00,168857,4251473,3944631,
2026-09-20T08:16:36.301549+00:00,168858,4251498,3944522,
2026-09-20T08:16:36.333568+00:00,168859,4251523,3944065,
2026-09-20T08:16:36.351968+00:00,168860,4251549,3944104,
2026-09-20T08:16:36.381525+00:00,168861,4251574,3943453,
2026-09-20T08:16:36.414107+00:00,168862,4251599,3943353,
2026-09-20T08:16:36.429510+00:00,168863,4251624,3943291,
2026-09-20T08:16:36.461524+00:00,168864,4251649,3942919,
2026-09-20T08:16:36.477528+00:00,168865,4251674,3943477,
2026-09-20T08:16:36.510162+00:00,168866,4251700,3943546,
2026-09-20T08:16:36.525550+00:00,168867,4251725,3943308,
2026-09-20T08:16:36.557249+00:00,168868,4251750,3943383,
2026-09-20T08:16:36.589598+00:00,168869,4251775,3943742,
2026-09-20T08:16:36.605052+00:00,168870,4251800,3943769,
2026-09-20T08:16:36.637561+00:00,168871,4251825,3944662,
2026-09-20T08:16:36.653519+00:00,168872,4251851,3944565,
2026-09-20T08:16:36.684966+00:00,168873,4251876,3944379,
2026-09-20T08:16:36.701526+00:00,168874,4251901,3944282,
2026-09-20T08:16:36.733520+00:00,168875,4251926,3944455,
2026-09-20T08:16:36.765768+00:00,168876,4251951,3944485,
2026-09-20T08:16:36.781293+00:00,168877,4251976,3944517,
2026-09-20T08:16:36.813223+00:00,168878,4252002,3945034,
2026-09-20T08:16:36.829622+00:00,168879,4252027,3944606,
2026-09-20T08:16:36.861510+00:00,168880,4252052,3944333,
2026-09-20T08:16:36.877544+00:00,168881,4252077,3945006,
2026-09-20T08:16:36.909510+00:00,168882,4252102,3945382,
2026-09-20T08:16:36.941517+00:00,168883,4252128,3944529,
2026-09-20T08:16:36.957437+00:00,168884,4252153,3944226,
2026-09-20T08:16:36.989512+00:00,168885,4252178,3944319,
2026-09-20T08:16:37.005516+00:00,168886,4252203,3943697,
2026-09-20T08:16:37.036964+00:00,168887,4252228,3943421,
2026-09-20T08:16:37.069466+00:00,168888,4252253,3943204,
2026-09-20T08:16:37.085493+00:00,168889,4252279,3943197,
2026-09-20T08:16:37.117625+00:00,168890,4252304,3943558,
2026-09-20T08:16:37.133085+00:00,168891,4252329,3943504,
2026-09-20T08:16:37.165187+00:00,168892,4252354,3943403,
2026-09-20T08:16:37.181506+00:00,168893,4252379,3943834,
2026-09-20T08:16:37.213548+00:00,168894,4252404,3943847,
2026-09-20T08:16:37.245500+00:00,168895,4252430,3944170,
2026-09-20T08:16:37.261114+00:00,168896,4252455,3944114,
2026-09-20T08:16:37.293518+00:00,168897,4252480,3944092,
2026-09-20T08:16:37.309690+00:00,168898,4252505,3943938,
2026-09-20T08:16:37.341531+00:00,168899,4252530,3944018,
2026-09-20T08:16:37.357512+00:00,168900,4252556,3944006,
2026-09-20T08:16:37.389500+00:00,168901,4252581,3943911,
2026-09-20T08:16:37.421514+00:00,168902,4252606,3944565,
2026-09-20T08:16:37.437364+00:00,168903,4252631,3944573,
2026-09-20T08:16:37.469922+00:00,168904,4252656,3943996,
2026-09-20T08:16:37.485497+00:00,168905,4252681,3944294,
2026-09-20T08:16:37.517627+00:00,168906,4252707,3944995,
2026-09-20T08:16:37.533805+00:00,168907,4252732,3944871,
2026-09-20T08:16:37.565521+00:00,168908,4252757,3944524,
2026-09-20T08:16:37.596926+00:00,168909,4252782,3944526,
2026-09-20T08:16:37.613519+00:00,168910,4252807,3944165,
2026-09-20T08:16:37.645621+00:00,168911,4252833,3944059,
2026-09-20T08:16:37.661511+00:00,168912,4252858,3943852,
2026-09-20T08:16:37.693516+00:00,168913,4252883,3943526,
2026-09-20T08:16:37.709327+00:00,168914,4252908,3943448,
2026-09-20T08:16:37.741498+00:00,168915,4252933,3943681,
2026-09-20T08:16:37.773196+00:00,168916,4252958,3943920,
2026-09-20T08:16:37.789442+00:00,168917,4252984,3943406,
2026-09-20T08:16:37.821490+00:00,168918,4253009,3943144,
2026-09-20T08:16:37.837505+00:00,168919,4253034,3943293,
2026-09-20T08:16:37.869484+00:00,168920,4253059,3943425,
2026-09-20T08:16:37.885794+00:00,168921,4253084,3943979,
2026-09-20T08:16:37.917329+00:00,168922,4253109,3944313,
2026-09-20T08:16:37.949480+00:00,168923,4253135,3944350,
2026-09-20T08:16:37.965327+00:00,168924,4253160,3944155,
2026-09-20T08:16:37.997484+00:00,168925,4253185,3944408,
2026-09-20T08:16:38.013499+00:00,168926,4253210,3944491,
2026-09-20T08:16:38.045535+00:00,168927,4253235,3944569,
2026-09-20T08:16:38.061497+00:00,168928,4253261,3944478,
2026-09-20T08:16:38.093571+00:00,168929,4253286,3944477,
2026-09-20T08:16:38.125514+00:00,168930,4253311,3944922,
2026-09-20T08:16:38.141320+00:00,168931,4253336,3944756,
2026-09-20T08:16:38.174524+00:00,168932,4253361,3944794,
2026-09-20T08:16:38.189481+00:00,168933,4253386,3944509,
2026-09-20T08:16:38.221484+00:00,168934,4253412,3944526,
2026-09-20T08:16:38.237520+00:00,168935,4253437,3944662,
2026-09-20T08:16:38.269473+00:00,168936,4253462,3944619,
2026-09-20T08:16:38.301261+00:00,168937,4253487,3944424,
2026-09-20T08:16:38.317392+00:00,168938,4253512,3944061,
2026-09-20T08:16:38.349516+00:00,168939,4253537,3943785,
2026-09-20T08:16:38.365239+00:00,168940,4253563,3943682,
2026-09-20T08:16:38.397474+00:00,168941,4253588,3943502,
2026-09-20T08:16:38.412890+00:00,168942,4253613,3943152,
2026-09-20T08:16:38.445472+00:00,168943,4253638,3942751,
2026-09-20T08:16:38.477457+00:00,168944,4253663,3943274,
2026-09-20T08:16:38.493444+00:00,168945,4253689,3943711,
2026-09-20T08:16:38.525457+00:00,168946,4253714,3943459,
2026-09-20T08:16:38.541313+00:00,168947,4253739,3943508,
2026-09-20T08:16:38.573501+00:00,168948,4253764,3943937,
2026-09-20T08:16:38.589480+00:00,168949,4253789,3943909,
2026-09-20T08:16:38.621405+00:00,168950,4253814,3944082,
2026-09-20T08:16:38.653238+00:00,168951,4253840,3944072,
2026-09-20T08:16:38.668946+00:00,168952,4253865,3943748,
2026-09-20T08:16:38.701455+00:00,168953,4253890,3944168,
2026-09-20T08:16:38.717257+00:00,168954,4253915,3944454,
2026-09-20T08:16:38.749659+00:00,168955,4253940,3944668,
2026-09-20T08:16:38.781467+00:00,168956,4253965,3944627,
2026-09-20T08:16:38.797478+00:00,168957,4253991,3944395,
2026-09-20T08:16:38.829507+00:00,168958,4254016,3944598,
2026-09-20T08:16:38.845494+00:00,168959,4254041,3944987,
2026-09-20T08:16:38.877478+00:00,168960,4254066,3944700,
2026-09-20T08:16:38.893517+00:00,168961,4254091,3944456,
2026-09-20T08:16:38.925453+00:00,168962,4254117,3944531,
2026-09-20T08:16:38.957462+00:00,168963,4254142,3943927,
2026-09-20T08:16:38.973419+00:00,168964,4254167,3943597,
2026-09-20T08:16:39.005467+00:00,168965,4254192,3943466,
2026-09-20T08:16:39.021459+00:00,168966,4254217,3943555,
2026-09-20T08:16:39.053453+00:00,168967,4254242,3943235,
2026-09-20T08:16:39.069478+00:00,168968,4254268,3943518,
2026-09-20T08:16:39.101469+00:00,168969,4254293,3943635,
2026-09-20T08:16:39.138576+00:00,168970,4254318,3943502,
2026-09-20T08:16:39.149572+00:00,168971,4254343,3943708,
2026-09-20T08:16:39.181454+00:00,168972,4254368,3943673,
2026-09-20T08:16:39.197478+00:00,168973,4254394,3943674,
2026-09-20T08:16:39.229454+00:00,168974,4254419,3943933,
2026-09-20T08:16:39.245440+00:00,168975,4254444,3944391,
2026-09-20T08:16:39.277485+00:00,168976,4254469,3944477,
2026-09-20T08:16:39.309524+00:00,168977,4254494,3944293,
2026-09-20T08:16:39.325461+00:00,168978,4254519,3944007,
2026-09-20T08:16:39.357527+00:00,168979,4254545,3944300,
2026-09-20T08:16:39.373764+00:00,168980,4254570,3944693,
2026-09-20T08:16:39.399239+00:00,168981,4254595,3944757,
2026-09-20T08:16:39.414469+00:00,168982,4254620,3944721,
2026-09-20T08:16:39.453497+00:00,168983,4254645,3945017,
2026-09-20T08:16:39.485441+00:00,168984,4254671,3944884,
2026-09-20T08:16:39.501502+00:00,168985,4254696,3945322,
2026-09-20T08:16:39.533454+00:00,168986,4254721,3945080,
2026-09-20T08:16:39.549470+00:00,168987,4254746,3944924,
2026-09-20T08:16:39.581434+00:00,168988,4254771,3944587,
2026-09-20T08:16:39.597773+00:00,168989,4254796,3944123,
2026-09-20T08:16:39.629441+00:00,168990,4254822,3943909,
2026-09-20T08:16:39.661435+00:00,168991,4254847,3943428,
2026-09-20T08:16:39.677434+00:00,168992,4254872,3943010,
2026-09-20T08:16:39.709457+00:00,168993,4254897,3943581,
2026-09-20T08:16:39.725444+00:00,168994,4254922,3943727,
2026-09-20T08:16:39.757433+00:00,168995,4254948,3943329,
2026-09-20T08:16:39.773439+00:00,168996,4254973,3943097,
2026-09-20T08:16:39.805474+00:00,168997,4254998,3943437,
2026-09-20T08:16:39.837439+00:00,168998,4255023,3943818,
2026-09-20T08:16:39.853441+00:00,168999,4255048,3943584,
2026-09-20T08:16:39.885727+00:00,169000,4255073,3943686,
2026-09-20T08:16:39.901438+00:00,169001,4255099,3944204,
2026-09-20T08:16:39.933440+00:00,169002,4255124,3944094,
2026-09-20T08:16:39.949435+00:00,169003,4255149,3944271,
2026-09-20T08:16:39.981425+00:00,169004,4255174,3944247,
2026-09-20T08:16:40.013435+00:00,169005,4255199,3944120,
2026-09-20T08:16:40.029421+00:00,169006,4255224,3944578,
2026-09-20T08:16:40.061344+00:00,169007,4255250,3945057,
2026-09-20T08:16:40.077366+00:00,169008,4255275,3944861,
2026-09-20T08:16:40.109434+00:00,169009,4255300,3945214,
2026-09-20T08:16:40.125410+00:00,169010,4255325,3945172,
2026-09-20T08:16:40.157418+00:00,169011,4255350,3945177,
2026-09-20T08:16:40.189676+00:00,169012,4255376,3944433,
2026-09-20T08:16:40.205427+00:00,169013,4255401,3944660,
2026-09-20T08:16:40.237480+00:00,169014,4255426,3944641,
2026-09-20T08:16:40.253289+00:00,169015,4255451,3943875,
2026-09-20T08:16:40.285423+00:00,169016,4255476,3943267,
2026-09-20T08:16:40.301433+00:00,169017,4255501,3943245,
2026-09-20T08:16:40.335458+00:00,169018,4255527,3942905,
2026-09-20T08:16:40.365361+00:00,169019,4255552,3943180,
2026-09-20T08:16:40.381259+00:00,169020,4255577,3943647,
2026-09-20T08:16:40.413435+00:00,169021,4255602,3943760,
2026-09-20T08:16:40.429806+00:00,169022,4255627,3943805,
2026-09-20T08:16:40.460941+00:00,169023,4255652,3943662,
2026-09-20T08:16:40.477503+00:00,169024,4255678,3943839,
2026-09-20T08:16:40.509709+00:00,169025,4255703,3943800,
2026-09-20T08:16:40.541439+00:00,169026,4255728,3944171,
2026-09-20T08:16:40.557062+00:00,169027,4255753,3944616,
2026-09-20T08:16:40.589434+00:00,169028,4255778,3944484,
2026-09-20T08:16:40.604970+00:00,169029,4255804,3944631,
2026-09-20T08:16:40.637429+00:00,169030,4255829,3944276,
2026-09-20T08:16:40.669748+00:00,169031,4255854,3944209,
2026-09-20T08:16:40.685510+00:00,169032,4255879,3944346,
2026-09-20T08:16:40.717487+00:00,169033,4255904,3944343,
2026-09-20T08:16:40.733958+00:00,169034,4255929,3944735,
2026-09-20T08:16:40.765380+00:00,169035,4255955,3945061,
2026-09-20T08:16:40.781085+00:00,169036,4255980,3944716,
2026-09-20T08:16:40.813405+00:00,169037,4256005,3944660,
2026-09-20T08:16:40.845430+00:00,169038,4256030,3944302,
2026-09-20T08:16:40.861244+00:00,169039,4256055,3944214,
2026-09-20T08:16:40.893415+00:00,169040,4256081,3943732,
2026-09-20T08:16:40.909439+00:00,169041,4256106,3943253,
2026-09-20T08:16:40.941911+00:00,169042,4256131,3943388,
2026-09-20T08:16:40.957630+00:00,169043,4256156,3943660,
2026-09-20T08:16:40.990284+00:00,169044,4256181,3943468,
2026-09-20T08:16:41.021276+00:00,169045,4256206,3943480,
2026-09-20T08:16:41.037481+00:00,169046,4256232,3943573,
2026-09-20T08:16:41.069493+00:00,169047,4256257,3943593,
2026-09-20T08:16:41.085275+00:00,169048,4256282,3943986,
2026-09-20T08:16:41.116969+00:00,169049,4256307,3944040,
2026-09-20T08:16:41.133403+00:00,169050,4256332,3944274,
2026-09-20T08:16:41.165666+00:00,169051,4256357,3944405,
2026-09-20T08:16:41.197216+00:00,169052,4256383,3944257,
2026-09-20T08:16:41.213399+00:00,169053,4256408,3944458,
2026-09-20T08:16:41.244956+00:00,169054,4256433,3944508,
2026-09-20T08:16:41.261396+00:00,169055,4256458,3944047,
2026-09-20T08:16:41.293417+00:00,169056,4256483,3944725,
2026-09-20T08:16:41.309220+00:00,169057,4256509,3944743,
2026-09-20T08:16:41.341390+00:00,169058,4256534,3944916,
2026-09-20T08:16:41.373004+00:00,169059,4256559,3945143,
2026-09-20T08:16:41.389404+00:00,169060,4256584,3944640,
2026-09-20T08:16:41.421424+00:00,169061,4256609,3944707,
2026-09-20T08:16:41.437467+00:00,169062,4256634,3945278,
2026-09-20T08:16:41.469475+00:00,169063,4256660,3944938,
2026-09-20T08:16:41.485393+00:00,169064,4256685,3944254,
2026-09-20T08:16:41.517412+00:00,169065,4256710,3944152,
2026-09-20T08:16:41.549421+00:00,169066,4256735,3944113,
2026-09-20T08:16:41.565599+00:00,169067,4256760,3943592,
2026-09-20T08:16:41.597429+00:00,169068,4256785,3943293,
2026-09-20T08:16:41.613285+00:00,169069,4256811,3942952,
2026-09-20T08:16:41.645386+00:00,169070,4256836,3943131,
2026-09-20T08:16:41.661386+00:00,169071,4256861,3942872,
2026-09-20T08:16:41.693691+00:00,169072,4256886,3942996,
2026-09-20T08:16:41.725398+00:00,169073,4256911,3943462,
2026-09-20T08:16:41.741175+00:00,169074,4256937,3943618,
2026-09-20T08:16:41.773388+00:00,169075,4256962,3943497,
2026-09-20T08:16:41.789391+00:00,169076,4256987,3943498,
2026-09-20T08:16:41.821385+00:00,169077,4257012,3944178,
2026-09-20T08:16:41.837577+00:00,169078,4257037,3944735,
2026-09-20T08:16:41.869412+00:00,169079,4257062,3944288,
2026-09-20T08:16:41.901392+00:00,169080,4257088,3944394,
2026-09-20T08:16:41.917749+00:00,169081,4257113,3944452,
2026-09-20T08:16:41.949684+00:00,169082,4257138,3944449,
2026-09-20T08:16:41.965371+00:00,169083,4257163,3944904,
2026-09-20T08:16:41.997392+00:00,169084,4257188,3944821,
2026-09-20T08:16:42.013408+00:00,169085,4257214,3945025,
2026-09-20T08:16:42.045381+00:00,169086,4257239,3944828,
2026-09-20T08:16:42.077386+00:00,169087,4257264,3944777,
2026-09-20T08:16:42.093425+00:00,169088,4257289,3945092,
2026-09-20T08:16:42.125378+00:00,169089,4257314,3944986,
2026-09-20T08:16:42.141707+00:00,169090,4257339,3944248,
2026-09-20T08:16:42.173386+00:00,169091,4257365,3943825,
2026-09-20T08:16:42.189044+00:00,169092,4257390,3944015,
2026-09-20T08:16:42.221371+00:00,169093,4257415,3943624,
2026-09-20T08:16:42.253392+00:00,169094,4257440,3943330,
2026-09-20T08:16:42.269365+00:00,169095,4257465,3943269,
2026-09-20T08:16:42.301392+00:00,169096,4257490,3943336,
2026-09-20T08:16:42.317376+00:00,169097,4257516,3943140,
2026-09-20T08:16:42.349373+00:00,169098,4257541,3943548,
2026-09-20T08:16:42.381631+00:00,169099,4257566,3944334,
2026-09-20T08:16:42.397370+00:00,169100,4257591,3944187,
2026-09-20T08:16:42.429408+00:00,169101,4257616,3943724,
2026-09-20T08:16:42.445600+00:00,169102,4257642,3944220,
2026-09-20T08:16:42.477156+00:00,169103,4257667,3944451,
2026-09-20T08:16:42.493028+00:00,169104,4257692,3944291,
2026-09-20T08:16:42.525374+00:00,169105,4257717,3944456,
2026-09-20T08:16:42.557384+00:00,169106,4257742,3944571,
2026-09-20T08:16:42.573412+00:00,169107,4257767,3944564,
2026-09-20T08:16:42.605410+00:00,169108,4257793,3944770,
2026-09-20T08:16:42.621411+00:00,169109,4257818,3944796,
2026-09-20T08:16:42.653410+00:00,169110,4257843,3944930,
2026-09-20T08:16:42.669413+00:00,169111,4257868,3944645,
2026-09-20T08:16:42.701361+00:00,169112,4257893,3944663,
2026-09-20T08:16:42.733384+00:00,169113,4257919,3944670,
2026-09-20T08:16:42.749150+00:00,169114,4257944,3944494,
2026-09-20T08:16:42.781356+00:00,169115,4257969,3944027,
2026-09-20T08:16:42.797451+00:00,169116,4257994,3943948,
2026-09-20T08:16:42.829373+00:00,169117,4258019,3943768,
2026-09-20T08:16:42.845394+00:00,169118,4258044,3943875,
2026-09-20T08:16:42.877395+00:00,169119,4258070,3943972,
2026-09-20T08:16:42.909364+00:00,169120,4258095,3943917,
2026-09-20T08:16:42.925395+00:00,169121,4258120,3943846,
2026-09-20T08:16:42.957365+00:00,169122,4258145,3943798,
2026-09-20T08:16:42.973395+00:00,169123,4258170,3943819,
2026-09-20T08:16:43.005362+00:00,169124,4258195,3944121,
2026-09-20T08:16:43.021400+00:00,169125,4258221,3943887,
2026-09-20T08:16:43.053172+00:00,169126,4258246,3944014,
2026-09-20T08:16:43.085357+00:00,169127,4258271,3944018,
2026-09-20T08:16:43.101454+00:00,169128,4258296,3943648,
2026-09-20T08:16:43.133358+00:00,169129,4258321,3944147,
2026-09-20T08:16:43.149369+00:00,169130,4258347,3944759,
2026-09-20T08:16:43.181313+00:00,169131,4258372,3944232,
2026-09-20T08:16:43.197859+00:00,169132,4258397,3944492,
2026-09-20T08:16:43.229366+00:00,169133,4258422,3944446,
2026-09-20T08:16:43.261362+00:00,169134,4258447,3944094,
2026-09-20T08:16:43.277377+00:00,169135,4258472,3944021,
2026-09-20T08:16:43.309362+00:00,169136,4258498,3944436,
2026-09-20T08:16:43.325361+00:00,169137,4258523,3944420,
2026-09-20T08:16:43.356937+00:00,169138,4258548,3944587,
2026-09-20T08:16:43.373350+00:00,169139,4258573,3945031,
2026-09-20T08:16:43.405369+00:00,169140,4258598,3945043,
2026-09-20T08:16:43.437373+00:00,169141,4258623,3944130,
2026-09-20T08:16:43.453345+00:00,169142,4258649,3944011,
2026-09-20T08:16:43.485402+00:00,169143,4258674,3943597,
2026-09-20T08:16:43.501339+00:00,169144,4258699,3943241,
2026-09-20T08:16:43.533342+00:00,169145,4258724,3943658,
2026-09-20T08:16:43.549347+00:00,169146,4258749,3943267,
2026-09-20T08:16:43.581413+00:00,169147,4258775,3943508,
2026-09-20T08:16:43.613342+00:00,169148,4258800,3943907,
2026-09-20T08:16:43.629201+00:00,169149,4258825,3943893,
2026-09-20T08:16:43.661352+00:00,169150,4258850,3943567,
2026-09-20T08:16:43.677344+00:00,169151,4258875,3944007,
2026-09-20T08:16:43.709354+00:00,169152,4258900,3944076,
2026-09-20T08:16:43.725366+00:00,169153,4258926,3943501,
2026-09-20T08:16:43.757397+00:00,169154,4258951,3943558,
2026-09-20T08:16:43.789342+00:00,169155,4258976,3943983,
2026-09-20T08:16:43.805340+00:00,169156,4259001,3944392,
2026-09-20T08:16:43.837686+00:00,169157,4259026,3944469,
2026-09-20T08:16:43.853350+00:00,169158,4259051,3944281,
2026-09-20T08:16:43.885344+00:00,169159,4259077,3944347,
2026-09-20T08:16:43.901075+00:00,169160,4259102,3944732,
2026-09-20T08:16:43.933329+00:00,169161,4259127,3945003,
2026-09-20T08:16:43.965641+00:00,169162,4259152,3945044,
2026-09-20T08:16:43.981365+00:00,169163,4259177,3944601,
2026-09-20T08:16:44.013315+00:00,169164,4259203,3944745,
2026-09-20T08:16:44.029325+00:00,169165,4259228,3944809,
2026-09-20T08:16:44.061422+00:00,169166,4259253,3944937,
2026-09-20T08:16:44.077134+00:00,169167,4259278,3944573,
2026-09-20T08:16:44.109342+00:00,169168,4259303,3944298,
2026-09-20T08:16:44.141324+00:00,169169,4259328,3944183,
2026-09-20T08:16:44.157340+00:00,169170,4259354,3944198,
2026-09-20T08:16:44.189336+00:00,169171,4259379,3943732,
2026-09-20T08:16:44.205282+00:00,169172,4259404,3943348,
2026-09-20T08:16:44.237331+00:00,169173,4259429,3943313,
2026-09-20T08:16:44.269322+00:00,169174,4259454,3943611,
2026-09-20T08:16:44.284888+00:00,169175,4259480,3944031,
2026-09-20T08:16:44.317328+00:00,169176,4259505,3943570,
2026-09-20T08:16:44.333324+00:00,169177,4259530,3943355,
2026-09-20T08:16:44.365354+00:00,169178,4259555,3943504,
2026-09-20T08:16:44.381022+00:00,169179,4259580,3944269,
2026-09-20T08:16:44.413364+00:00,169180,4259605,3944746,
2026-09-20T08:16:44.445311+00:00,169181,4259631,3944408,
2026-09-20T08:16:44.461023+00:00,169182,4259656,3944230,
2026-09-20T08:16:44.493325+00:00,169183,4259681,3943768,
2026-09-20T08:16:44.509318+00:00,169184,4259706,3944154,
2026-09-20T08:16:44.541200+00:00,169185,4259731,3944543,
2026-09-20T08:16:44.557318+00:00,169186,4259756,3944336,
2026-09-20T08:16:44.589335+00:00,169187,4259782,3944467,
2026-09-20T08:16:44.621311+00:00,169188,4259807,3944668,
2026-09-20T08:16:44.637325+00:00,169189,4259832,3945229,
2026-09-20T08:16:44.669365+00:00,169190,4259857,3945517,
2026-09-20T08:16:44.685364+00:00,169191,4259882,3945096,
2026-09-20T08:16:44.717405+00:00,169192,4259907,3944229,
2026-09-20T08:16:44.733772+00:00,169193,4259933,3943882,
2026-09-20T08:16:44.765827+00:00,169194,4259958,3944036,
2026-09-20T08:16:44.797076+00:00,169195,4259983,3943911,
2026-09-20T08:16:44.813133+00:00,169196,4260008,3943821,
2026-09-20T08:16:44.845359+00:00,169197,4260033,3943377,
2026-09-20T08:16:44.861665+00:00,169198,4260059,3942994,
2026-09-20T08:16:44.893331+00:00,169199,4260084,3943155,
2026-09-20T08:16:44.909478+00:00,169200,4260109,3943402,
2026-09-20T08:16:44.941311+00:00,169201,4260134,3943576,
2026-09-20T08:16:44.973326+00:00,169202,4260159,3943631,
2026-09-20T08:16:44.989321+00:00,169203,4260184,3943782,
2026-09-20T08:16:45.021317+00:00,169204,4260210,3944384,
2026-09-20T08:16:45.037326+00:00,169205,4260235,3944369,
2026-09-20T08:16:45.069225+00:00,169206,4260260,3944534,
2026-09-20T08:16:45.085269+00:00,169207,4260285,3944560,
2026-09-20T08:16:45.117727+00:00,169208,4260310,3944586,
2026-09-20T08:16:45.149326+00:00,169209,4260335,3944504,
2026-09-20T08:16:45.165315+00:00,169210,4260361,3944267,
2026-09-20T08:16:45.197325+00:00,169211,4260386,3944117,
2026-09-20T08:16:45.213897+00:00,169212,4260411,3944389,
2026-09-20T08:16:45.245135+00:00,169213,4260436,3944747,
2026-09-20T08:16:45.261348+00:00,169214,4260461,3944935,
2026-09-20T08:16:45.293304+00:00,169215,4260487,3944948,
2026-09-20T08:16:45.325315+00:00,169216,4260512,3945034,
2026-09-20T08:16:45.341718+00:00,169217,4260537,3944496,
2026-09-20T08:16:45.373019+00:00,169218,4260562,3944350,
2026-09-20T08:16:45.388919+00:00,169219,4260587,3944491,
2026-09-20T08:16:45.421291+00:00,169220,4260612,3944005,
2026-09-20T08:16:45.437307+00:00,169221,4260638,3943992,
2026-09-20T08:16:45.469292+00:00,169222,4260663,3944199,
2026-09-20T08:16:45.501184+00:00,169223,4260688,3944003,
2026-09-20T08:16:45.517297+00:00,169224,4260713,3943802,
2026-09-20T08:16:45.549315+00:00,169225,4260738,3943566,
2026-09-20T08:16:45.565198+00:00,169226,4260763,3943901,
2026-09-20T08:16:45.597283+00:00,169227,4260789,3943642,
2026-09-20T08:16:45.613280+00:00,169228,4260814,3943715,
2026-09-20T08:16:45.645295+00:00,169229,4260839,3943811,
2026-09-20T08:16:45.677288+00:00,169230,4260864,3944224,
2026-09-20T08:16:45.693556+00:00,169231,4260889,3944474,
2026-09-20T08:16:45.725274+00:00,169232,4260914,3944269,
2026-09-20T08:16:45.741185+00:00,169233,4260940,3944056,
2026-09-20T08:16:45.773354+00:00,169234,4260965,3943977,
2026-09-20T08:16:45.789277+00:00,169235,4260990,3944419,
2026-09-20T08:16:45.821314+00:00,169236,4261015,3944381,
2026-09-20T08:16:45.853280+00:00,169237,4261040,3944313,
2026-09-20T08:16:45.867304+00:00,169238,4261066,3944515,
2026-09-20T08:16:45.898925+00:00,169239,4261091,3944619,
2026-09-20T08:16:45.914415+00:00,169240,4261116,3944495,
2026-09-20T08:16:45.949225+00:00,169241,4261141,3944647,
2026-09-20T08:16:45.965312+00:00,169242,4261166,3944681,
2026-09-20T08:16:45.997311+00:00,169243,4261191,3944190,
2026-09-20T08:16:46.029359+00:00,169244,4261217,3944329,
2026-09-20T08:16:46.045308+00:00,169245,4261242,3944004,
2026-09-20T08:16:46.077054+00:00,169246,4261267,3943865,
2026-09-20T08:16:46.093311+00:00,169247,4261292,3943486,
2026-09-20T08:16:46.125342+00:00,169248,4261317,3943209,
2026-09-20T08:16:46.157280+00:00,169249,4261342,3943120,
2026-09-20T08:16:46.173283+00:00,169250,4261368,3943303,
2026-09-20T08:16:46.205294+00:00,169251,4261393,3943373,
2026-09-20T08:16:46.221271+00:00,169252,4261418,3943375,
2026-09-20T08:16:46.253372+00:00,169253,4261443,3943193,
2026-09-20T08:16:46.269275+00:00,169254,4261468,3943547,
2026-09-20T08:16:46.301262+00:00,169255,4261494,3944336,
2026-09-20T08:16:46.333405+00:00,169256,4261519,3944318,
2026-09-20T08:16:46.349320+00:00,169257,4261544,3943622,
2026-09-20T08:16:46.381312+00:00,169258,4261569,3943663,
2026-09-20T08:16:46.396958+00:00,169259,4261594,3944055,
2026-09-20T08:16:46.429275+00:00,169260,4261619,3944392,
2026-09-20T08:16:46.445281+00:00,169261,4261645,3944315,
2026-09-20T08:16:46.477816+00:00,169262,4261670,3944237,
2026-09-20T08:16:46.509271+00:00,169263,4261695,3943894,
2026-09-20T08:16:46.525252+00:00,169264,4261720,3944277,
2026-09-20T08:16:46.557664+00:00,169265,4261745,3945126,
2026-09-20T08:16:46.573268+00:00,169266,4261770,3945039,
2026-09-20T08:16:46.605580+00:00,169267,4261796,3945105,
2026-09-20T08:16:46.620825+00:00,169268,4261821,3945249,
2026-09-20T08:16:46.652985+00:00,169269,4261846,3945221,
2026-09-20T08:16:46.685255+00:00,169270,4261871,3944821,
2026-09-20T08:16:46.701263+00:00,169271,4261896,3944527,
2026-09-20T08:16:46.733266+00:00,169272,4261922,3944113,
2026-09-20T08:16:46.749259+00:00,169273,4261947,3943611,
2026-09-20T08:16:46.781031+00:00,169274,4261972,3943316,
2026-09-20T08:16:46.797436+00:00,169275,4261997,3943384,
2026-09-20T08:16:46.829271+00:00,169276,4262022,3943201,
2026-09-20T08:16:46.861385+00:00,169277,4262047,3943308,
2026-09-20T08:16:46.877244+00:00,169278,4262073,3943504,
2026-09-20T08:16:46.909259+00:00,169279,4262098,3943805,
2026-09-20T08:16:46.925258+00:00,169280,4262123,3943811,
2026-09-20T08:16:46.957259+00:00,169281,4262148,3944037,
2026-09-20T08:16:46.973205+00:00,169282,4262173,3943875,
2026-09-20T08:16:47.005274+00:00,169283,4262198,3943900,
2026-09-20T08:16:47.042635+00:00,169284,4262224,3944186,
2026-09-20T08:16:47.053258+00:00,169285,4262249,3944185,
2026-09-20T08:16:47.085253+00:00,169286,4262274,3944170,
2026-09-20T08:16:47.101255+00:00,169287,4262299,3944069,
2026-09-20T08:16:47.133253+00:00,169288,4262324,3944402,
2026-09-20T08:16:47.149248+00:00,169289,4262349,3944234,
2026-09-20T08:16:47.181247+00:00,169290,4262375,3944744,
2026-09-20T08:16:47.213375+00:00,169291,4262400,3945512,
2026-09-20T08:16:47.229284+00:00,169292,4262425,3945292,
2026-09-20T08:16:47.260992+00:00,169293,4262450,3945149,
2026-09-20T08:16:47.277274+00:00,169294,4262475,3945165,
2026-09-20T08:16:47.308867+00:00,169295,4262501,3944872,
