host_utc,seq,mcu_ms,raw,label
2026-09-20T08:38:26.628438+00:00,220916,5562031,3955188,
2026-09-20T08:38:26.660463+00:00,220917,5562057,3956779,
2026-09-20T08:38:26.676438+00:00,220918,5562082,3957490,
2026-09-20T08:38:26.708517+00:00,220919,5562107,3956737,
2026-09-20T08:38:26.724437+00:00,220920,5562132,3955047,
2026-09-20T08:38:26.756458+00:00,220921,5562157,3954071,
2026-09-20T08:38:26.788564+00:00,220922,5562182,3952872,
2026-09-20T08:38:26.804484+00:00,220923,5562208,3952234,
2026-09-20T08:38:26.836577+00:00,220924,5562233,3951793,
2026-09-20T08:38:26.852445+00:00,220925,5562258,3952323,
2026-09-20T08:38:26.884131+00:00,220926,5562283,3952627,
2026-09-20T08:38:26.916459+00:00,220927,5562308,3952027,
2026-09-20T08:38:26.932442+00:00,220928,5562333,3951924,
2026-09-20T08:38:26.964458+00:00,220929,5562359,3952073,
2026-09-20T08:38:26.980445+00:00,220930,5562384,3951661,
2026-09-20T08:38:27.012439+00:00,220931,5562409,3951965,
2026-09-20T08:38:27.028425+00:00,220932,5562434,3952829,
2026-09-20T08:38:27.060482+00:00,220933,5562459,3952951,
2026-09-20T08:38:27.092549+00:00,220934,5562484,3952281,
2026-09-20T08:38:27.109458+00:00,220935,5562510,3951396,
2026-09-20T08:38:27.144762+00:00,220936,5562535,3949719,
2026-09-20T08:38:27.156435+00:00,220937,5562560,3950605,
2026-09-20T08:38:27.188524+00:00,220938,5562585,3951577,
2026-09-20T08:38:27.211226+00:00,220939,5562610,3952940,
2026-09-20T08:38:27.236449+00:00,220940,5562636,3953831,
2026-09-20T08:38:27.268440+00:00,220941,5562661,3954386,
2026-09-20T08:38:27.284499+00:00,220942,5562686,3954698,
2026-09-20T08:38:27.316424+00:00,220943,5562711,3955064,
2026-09-20T08:38:27.332487+00:00,220944,5562736,3954851,
2026-09-20T08:38:27.364421+00:00,220945,5562761,3954409,
2026-09-20T08:38:27.380418+00:00,220946,5562787,3954514,
2026-09-20T08:38:27.412433+00:00,220947,5562812,3954239,
2026-09-20T08:38:27.444461+00:00,220948,5562837,3953760,
2026-09-20T08:38:27.460796+00:00,220949,5562862,3954192,
2026-09-20T08:38:27.492434+00:00,220950,5562887,3954784,
2026-09-20T08:38:27.508421+00:00,220951,5562912,3954576,
2026-09-20T08:38:27.540435+00:00,220952,5562938,3954977,
2026-09-20T08:38:27.556448+00:00,220953,5562963,3955957,
2026-09-20T08:38:27.590533+00:00,220954,5562988,3956629,
2026-09-20T08:38:27.621450+00:00,220955,5563013,3957063,
2026-09-20T08:38:27.639993+00:00,220956,5563038,3956761,
2026-09-20T08:38:27.668222+00:00,220957,5563063,3956754,
2026-09-20T08:38:27.684458+00:00,220958,5563089,3956780,
2026-09-20T08:38:27.717579+00:00,220959,5563114,3955660,
2026-09-20T08:38:27.732446+00:00,220960,5563139,3955427,
2026-09-20T08:38:27.764419+00:00,220961,5563164,3955773,
2026-09-20T08:38:27.796409+00:00,220962,5563189,3955560,
2026-09-20T08:38:27.812407+00:00,220963,5563215,3954962,
2026-09-20T08:38:27.844439+00:00,220964,5563240,3955262,
2026-09-20T08:38:27.860524+00:00,220965,5563265,3955227,
2026-09-20T08:38:27.893581+00:00,220966,5563290,3954928,
2026-09-20T08:38:27.908818+00:00,220967,5563315,3955288,
2026-09-20T08:38:27.940452+00:00,220968,5563340,3955428,
2026-09-20T08:38:27.972246+00:00,220969,5563366,3954627,
2026-09-20T08:38:27.988412+00:00,220970,5563391,3954250,
2026-09-20T08:38:28.020451+00:00,220971,5563416,3954442,
2026-09-20T08:38:28.036406+00:00,220972,5563441,3954256,
2026-09-20T08:38:28.068699+00:00,220973,5563466,3954665,
2026-09-20T08:38:28.084412+00:00,220974,5563491,3955592,
2026-09-20T08:38:28.116474+00:00,220975,5563517,3954790,
2026-09-20T08:38:28.148755+00:00,220976,5563542,3954001,
2026-09-20T08:38:28.164449+00:00,220977,5563567,3954334,
2026-09-20T08:38:28.196461+00:00,220978,5563592,3954551,
2026-09-20T08:38:28.212458+00:00,220979,5563617,3954391,
2026-09-20T08:38:28.244422+00:00,220980,5563642,3953865,
2026-09-20T08:38:28.261172+00:00,220981,5563668,3953163,
2026-09-20T08:38:28.292523+00:00,220982,5563693,3952637,
2026-09-20T08:38:28.324873+00:00,220983,5563718,3952848,
2026-09-20T08:38:28.341568+00:00,220984,5563743,3952872,
2026-09-20T08:38:28.374435+00:00,220985,5563768,3952711,
2026-09-20T08:38:28.388676+00:00,220986,5563793,3952950,
2026-09-20T08:38:28.420207+00:00,220987,5563819,3953116,
2026-09-20T08:38:28.436531+00:00,220988,5563844,3952503,
2026-09-20T08:38:28.468806+00:00,220989,5563869,3952661,
2026-09-20T08:38:28.500424+00:00,220990,5563894,3953199,
2026-09-20T08:38:28.516394+00:00,220991,5563919,3953129,
2026-09-20T08:38:28.548444+00:00,220992,5563944,3952354,
2026-09-20T08:38:28.564395+00:00,220993,5563970,3952745,
2026-09-20T08:38:28.596425+00:00,220994,5563995,3953291,
2026-09-20T08:38:28.613712+00:00,220995,5564020,3953647,
2026-09-20T08:38:28.646536+00:00,220996,5564045,3953677,
2026-09-20T08:38:28.676407+00:00,220997,5564070,3954118,
2026-09-20T08:38:28.692441+00:00,220998,5564095,3953654,
2026-09-20T08:38:28.724406+00:00,220999,5564121,3952945,
2026-09-20T08:38:28.745876+00:00,221000,5564146,3952858,
2026-09-20T08:38:28.772442+00:00,221001,5564171,3951837,
2026-09-20T08:38:28.788421+00:00,221002,5564196,3950293,
2026-09-20T08:38:28.820588+00:00,221003,5564221,3947325,
2026-09-20T08:38:28.852399+00:00,221004,5564246,3943739,
2026-09-20T08:38:28.874642+00:00,221005,5564272,3941975,
2026-09-20T08:38:28.900384+00:00,221006,5564297,3941116,
2026-09-20T08:38:28.916412+00:00,221007,5564322,3941212,
2026-09-20T08:38:28.948390+00:00,221008,5564347,3942851,
2026-09-20T08:38:28.964429+00:00,221009,5564372,3944181,
2026-09-20T08:38:28.996445+00:00,221010,5564397,3944514,
2026-09-20T08:38:29.027878+00:00,221011,5564423,3945451,
2026-09-20T08:38:29.044395+00:00,221012,5564448,3947418,
2026-09-20T08:38:29.076667+00:00,221013,5564473,3947945,
2026-09-20T08:38:29.092037+00:00,221014,5564498,3947494,
2026-09-20T08:38:29.124398+00:00,221015,5564523,3948209,
2026-09-20T08:38:29.156465+00:00,221016,5564548,3948824,
2026-09-20T08:38:29.172391+00:00,221017,5564574,3950059,
2026-09-20T08:38:29.210322+00:00,221018,5564599,3950802,
2026-09-20T08:38:29.220386+00:00,221019,5564624,3951139,
2026-09-20T08:38:29.252384+00:00,221020,5564649,3951044,
2026-09-20T08:38:29.268403+00:00,221021,5564674,3951896,
2026-09-20T08:38:29.300411+00:00,221022,5564699,3953296,
2026-09-20T08:38:29.332442+00:00,221023,5564725,3953402,
2026-09-20T08:38:29.348375+00:00,221024,5564750,3952961,
2026-09-20T08:38:29.380430+00:00,221025,5564775,3953063,
2026-09-20T08:38:29.396400+00:00,221026,5564800,3952712,
2026-09-20T08:38:29.428376+00:00,221027,5564825,3951743,
2026-09-20T08:38:29.444392+00:00,221028,5564851,3951131,
2026-09-20T08:38:29.476460+00:00,221029,5564876,3951827,
2026-09-20T08:38:29.508488+00:00,221030,5564901,3952750,
2026-09-20T08:38:29.524392+00:00,221031,5564926,3952813,
2026-09-20T08:38:29.556398+00:00,221032,5564951,3951633,
2026-09-20T08:38:29.572407+00:00,221033,5564976,3951947,
2026-09-20T08:38:29.604377+00:00,221034,5565002,3952917,
2026-09-20T08:38:29.620368+00:00,221035,5565027,3953259,
2026-09-20T08:38:29.652384+00:00,221036,5565052,3953046,
2026-09-20T08:38:29.684359+00:00,221037,5565077,3951780,
2026-09-20T08:38:29.700425+00:00,221038,5565102,3949757,
2026-09-20T08:38:29.732373+00:00,221039,5565127,3948173,
2026-09-20T08:38:29.748681+00:00,221040,5565153,3947251,
2026-09-20T08:38:29.781635+00:00,221041,5565178,3945653,
2026-09-20T08:38:29.796399+00:00,221042,5565203,3944030,
2026-09-20T08:38:29.828377+00:00,221043,5565228,3942672,
2026-09-20T08:38:29.860650+00:00,221044,5565253,3940998,
2026-09-20T08:38:29.876393+00:00,221045,5565278,3940055,
2026-09-20T08:38:29.909691+00:00,221046,5565304,3940234,
2026-09-20T08:38:29.924441+00:00,221047,5565329,3940915,
2026-09-20T08:38:29.956416+00:00,221048,5565354,3941603,
2026-09-20T08:38:29.974460+00:00,221049,5565379,3942121,
2026-09-20T08:38:30.004461+00:00,221050,5565404,3942819,
2026-09-20T08:38:30.036209+00:00,221051,5565429,3943046,
2026-09-20T08:38:30.061932+00:00,221052,5565455,3943110,
2026-09-20T08:38:30.086003+00:00,221053,5565480,3943860,
2026-09-20T08:38:30.100989+00:00,221054,5565505,3945362,
2026-09-20T08:38:30.132371+00:00,221055,5565530,3947667,
2026-09-20T08:38:30.148364+00:00,221056,5565555,3949962,
2026-09-20T08:38:30.180397+00:00,221057,5565580,3950626,
2026-09-20T08:38:30.212360+00:00,221058,5565606,3949952,
2026-09-20T08:38:30.229449+00:00,221059,5565631,3951366,
2026-09-20T08:38:30.260401+00:00,221060,5565656,3952516,
2026-09-20T08:38:30.276395+00:00,221061,5565681,3951606,
2026-09-20T08:38:30.309610+00:00,221062,5565706,3949498,
2026-09-20T08:38:30.324476+00:00,221063,5565731,3947363,
2026-09-20T08:38:30.356352+00:00,221064,5565757,3946156,
2026-09-20T08:38:30.388368+00:00,221065,5565782,3946452,
2026-09-20T08:38:30.404581+00:00,221066,5565807,3946346,
2026-09-20T08:38:30.436369+00:00,221067,5565832,3945225,
2026-09-20T08:38:30.451830+00:00,221068,5565857,3944650,
2026-09-20T08:38:30.484139+00:00,221069,5565883,3944831,
2026-09-20T08:38:30.500352+00:00,221070,5565908,3944230,
2026-09-20T08:38:30.532271+00:00,221071,5565933,3944903,
2026-09-20T08:38:30.564478+00:00,221072,5565958,3945592,
2026-09-20T08:38:30.580400+00:00,221073,5565983,3946983,
2026-09-20T08:38:30.612355+00:00,221074,5566008,3949469,
2026-09-20T08:38:30.628157+00:00,221075,5566034,3950369,
2026-09-20T08:38:30.660330+00:00,221076,5566059,3949262,
2026-09-20T08:38:30.676241+00:00,221077,5566084,3950660,
2026-09-20T08:38:30.708353+00:00,221078,5566109,3952853,
2026-09-20T08:38:30.740089+00:00,221079,5566134,3953572,
2026-09-20T08:38:30.755887+00:00,221080,5566159,3953435,
2026-09-20T08:38:30.788330+00:00,221081,5566185,3958093,
2026-09-20T08:38:30.804092+00:00,221082,5566210,3966068,
2026-09-20T08:38:30.836245+00:00,221083,5566235,3971496,
2026-09-20T08:38:30.851611+00:00,221084,5566260,3977368,
2026-09-20T08:38:30.884149+00:00,221085,5566285,3985657,
2026-09-20T08:38:30.916256+00:00,221086,5566310,3996817,
2026-09-20T08:38:30.932344+00:00,221087,5566336,4011720,
2026-09-20T08:38:30.964359+00:00,221088,5566361,4028875,
2026-09-20T08:38:30.980360+00:00,221089,5566386,4048216,
2026-09-20T08:38:31.012333+00:00,221090,5566411,4066365,
2026-09-20T08:38:31.028334+00:00,221091,5566436,4082510,
2026-09-20T08:38:31.060338+00:00,221092,5566461,4099189,
2026-09-20T08:38:31.092324+00:00,221093,5566487,4112827,
2026-09-20T08:38:31.108333+00:00,221094,5566512,4123025,
2026-09-20T08:38:31.141440+00:00,221095,5566537,4134887,
2026-09-20T08:38:31.156035+00:00,221096,5566562,4150978,
2026-09-20T08:38:31.188375+00:00,221097,5566587,4161968,
2026-09-20T08:38:31.209340+00:00,221098,5566612,4156003,
2026-09-20T08:38:31.236308+00:00,221099,5566638,4137464,
2026-09-20T08:38:31.272659+00:00,221100,5566663,4127002,
2026-09-20T08:38:31.284653+00:00,221101,5566688,4119107,
2026-09-20T08:38:31.316102+00:00,221102,5566713,4101138,
2026-09-20T08:38:31.332330+00:00,221103,5566738,4082352,
2026-09-20T08:38:31.364332+00:00,221104,5566763,4057165,
2026-09-20T08:38:31.380228+00:00,221105,5566789,4022513,
2026-09-20T08:38:31.412334+00:00,221106,5566814,4003975,
2026-09-20T08:38:31.444374+00:00,221107,5566839,4005443,
2026-09-20T08:38:31.461435+00:00,221108,5566864,4008530,
2026-09-20T08:38:31.492324+00:00,221109,5566889,4008360,
2026-09-20T08:38:31.508615+00:00,221110,5566915,4012791,
2026-09-20T08:38:31.540345+00:00,221111,5566940,4019297,
2026-09-20T08:38:31.573884+00:00,221112,5566965,4020234,
2026-09-20T08:38:31.589415+00:00,221113,5566990,4014207,
2026-09-20T08:38:31.620313+00:00,221114,5567015,4002101,
2026-09-20T08:38:31.636361+00:00,221115,5567040,3985739,
2026-09-20T08:38:31.668363+00:00,221116,5567066,3968567,
2026-09-20T08:38:31.684419+00:00,221117,5567091,3957508,
2026-09-20T08:38:31.716372+00:00,221118,5567116,3950480,
2026-09-20T08:38:31.748302+00:00,221119,5567141,3943491,
2026-09-20T08:38:31.764330+00:00,221120,5567166,3938938,
2026-09-20T08:38:31.796386+00:00,221121,5567191,3936849,
2026-09-20T08:38:31.812323+00:00,221122,5567217,3930490,
2026-09-20T08:38:31.844375+00:00,221123,5567242,3912502,
2026-09-20T08:38:31.862393+00:00,221124,5567267,3871931,
2026-09-20T08:38:31.892718+00:00,221125,5567292,3806516,
2026-09-20T08:38:31.925363+00:00,221126,5567317,3741549,
2026-09-20T08:38:31.940355+00:00,221127,5567342,3669910,
2026-09-20T08:38:31.972423+00:00,221128,5567368,3549671,
2026-09-20T08:38:31.987936+00:00,221129,5567393,3385314,
2026-09-20T08:38:32.020338+00:00,221130,5567418,3258779,
2026-09-20T08:38:32.037433+00:00,221131,5567443,3236237,
2026-09-20T08:38:32.068289+00:00,221132,5567468,3314009,
2026-09-20T08:38:32.101395+00:00,221133,5567493,3447603,
2026-09-20T08:38:32.116300+00:00,221134,5567519,3580587,
2026-09-20T08:38:32.148307+00:00,221135,5567544,3690348,
2026-09-20T08:38:32.164091+00:00,221136,5567569,3769022,
2026-09-20T08:38:32.196335+00:00,221137,5567594,3824093,
2026-09-20T08:38:32.212332+00:00,221138,5567619,3862650,
2026-09-20T08:38:32.246440+00:00,221139,5567644,3888754,
2026-09-20T08:38:32.276301+00:00,221140,5567670,3904536,
2026-09-20T08:38:32.292326+00:00,221141,5567695,3914620,
2026-09-20T08:38:32.324346+00:00,221142,5567720,3921828,
2026-09-20T08:38:32.341395+00:00,221143,5567745,3926932,
2026-09-20T08:38:32.376412+00:00,221144,5567770,3931855,
2026-09-20T08:38:32.388303+00:00,221145,5567795,3935224,
2026-09-20T08:38:32.420080+00:00,221146,5567821,3936935,
2026-09-20T08:38:32.452907+00:00,221147,5567846,3938547,
2026-09-20T08:38:32.468586+00:00,221148,5567871,3940158,
2026-09-20T08:38:32.500316+00:00,221149,5567896,3941429,
2026-09-20T08:38:32.516287+00:00,221150,5567921,3941831,
2026-09-20T08:38:32.548089+00:00,221151,5567946,3941061,
2026-09-20T08:38:32.564935+00:00,221152,5567972,3940706,
2026-09-20T08:38:32.596594+00:00,221153,5567997,3941616,
2026-09-20T08:38:32.630171+00:00,221154,5568022,3943620,
2026-09-20T08:38:32.644434+00:00,221155,5568047,3945007,
2026-09-20T08:38:32.676293+00:00,221156,5568072,3944402,
2026-09-20T08:38:32.692344+00:00,221157,5568097,3944083,
2026-09-20T08:38:32.724378+00:00,221158,5568123,3944312,
2026-09-20T08:38:32.740924+00:00,221159,5568148,3945150,
2026-09-20T08:38:32.772446+00:00,221160,5568173,3945379,
2026-09-20T08:38:32.804310+00:00,221161,5568198,3945022,
2026-09-20T08:38:32.819990+00:00,221162,5568223,3945017,
2026-09-20T08:38:32.852143+00:00,221163,5568249,3945676,
2026-09-20T08:38:32.869314+00:00,221164,5568274,3946848,
2026-09-20T08:38:32.900301+00:00,221165,5568299,3947470,
2026-09-20T08:38:32.917438+00:00,221166,5568324,3946304,
2026-09-20T08:38:32.948324+00:00,221167,5568349,3946257,
2026-09-20T08:38:32.982389+00:00,221168,5568374,3947684,
2026-09-20T08:38:32.996312+00:00,221169,5568400,3948120,
2026-09-20T08:38:33.029408+00:00,221170,5568425,3947405,
2026-09-20T08:38:33.045402+00:00,221171,5568450,3947178,
2026-09-20T08:38:33.076382+00:00,221172,5568475,3947400,
2026-09-20T08:38:33.092383+00:00,221173,5568500,3947786,
2026-09-20T08:38:33.124383+00:00,221174,5568525,3947440,
2026-09-20T08:38:33.156383+00:00,221175,5568551,3947481,
2026-09-20T08:38:33.172382+00:00,221176,5568576,3947397,
2026-09-20T08:38:33.204382+00:00,221177,5568601,3947083,
2026-09-20T08:38:33.220015+00:00,221178,5568626,3946931,
2026-09-20T08:38:33.252274+00:00,221179,5568651,3947617,
2026-09-20T08:38:33.268312+00:00,221180,5568676,3947711,
2026-09-20T08:38:33.300295+00:00,221181,5568702,3947202,
2026-09-20T08:38:33.332281+00:00,221182,5568727,3946649,
2026-09-20T08:38:33.348286+00:00,221183,5568752,3947491,
2026-09-20T08:38:33.380283+00:00,221184,5568777,3948535,
2026-09-20T08:38:33.396316+00:00,221185,5568802,3947850,
2026-09-20T08:38:33.428266+00:00,221186,5568827,3947331,
2026-09-20T08:38:33.444272+00:00,221187,5568853,3947628,
2026-09-20T08:38:33.476278+00:00,221188,5568878,3948321,
2026-09-20T08:38:33.508317+00:00,221189,5568903,3948606,
2026-09-20T08:38:33.524367+00:00,221190,5568928,3948150,
2026-09-20T08:38:33.556271+00:00,221191,5568953,3948419,
2026-09-20T08:38:33.572161+00:00,221192,5568978,3948723,
2026-09-20T08:38:33.604494+00:00,221193,5569004,3948516,
2026-09-20T08:38:33.619909+00:00,221194,5569029,3948107,
2026-09-20T08:38:33.652117+00:00,221195,5569054,3948306,
2026-09-20T08:38:33.684264+00:00,221196,5569079,3948207,
2026-09-20T08:38:33.700913+00:00,221197,5569104,3947686,
2026-09-20T08:38:33.732362+00:00,221198,5569130,3947771,
2026-09-20T08:38:33.748832+00:00,221199,5569155,3947949,
2026-09-20T08:38:33.780325+00:00,221200,5569180,3948275,
2026-09-20T08:38:33.797378+00:00,221201,5569205,3948455,
2026-09-20T08:38:33.828302+00:00,221202,5569230,3949132,
2026-09-20T08:38:33.861473+00:00,221203,5569255,3949334,
2026-09-20T08:38:33.876260+00:00,221204,5569281,3948401,
2026-09-20T08:38:33.908275+00:00,221205,5569306,3948201,
2026-09-20T08:38:33.924525+00:00,221206,5569331,3949450,
2026-09-20T08:38:33.956265+00:00,221207,5569356,3949741,
2026-09-20T08:38:33.988260+00:00,221208,5569381,3949856,
2026-09-20T08:38:34.011852+00:00,221209,5569406,3949866,
2026-09-20T08:38:34.036300+00:00,221210,5569432,3949340,
2026-09-20T08:38:34.052251+00:00,221211,5569457,3949334,
2026-09-20T08:38:34.086168+00:00,221212,5569482,3950197,
2026-09-20T08:38:34.100209+00:00,221213,5569507,3949547,
2026-09-20T08:38:34.132290+00:00,221214,5569532,3947523,
2026-09-20T08:38:34.164298+00:00,221215,5569557,3947636,
2026-09-20T08:38:34.180261+00:00,221216,5569583,3948509,
2026-09-20T08:38:34.212304+00:00,221217,5569608,3948246,
2026-09-20T08:38:34.228288+00:00,221218,5569633,3948845,
2026-09-20T08:38:34.260289+00:00,221219,5569658,3950047,
2026-09-20T08:38:34.276330+00:00,221220,5569683,3949243,
2026-09-20T08:38:34.308266+00:00,221221,5569708,3948193,
2026-09-20T08:38:34.340235+00:00,221222,5569734,3947184,
2026-09-20T08:38:34.356247+00:00,221223,5569759,3946365,
2026-09-20T08:38:34.387990+00:00,221224,5569784,3945039,
2026-09-20T08:38:34.404573+00:00,221225,5569809,3944236,
2026-09-20T08:38:34.436242+00:00,221226,5569834,3945634,
2026-09-20T08:38:34.452621+00:00,221227,5569859,3946201,
2026-09-20T08:38:34.483863+00:00,221228,5569885,3946717,
2026-09-20T08:38:34.516277+00:00,221229,5569910,3946423,
2026-09-20T08:38:34.532724+00:00,221230,5569935,3946153,
2026-09-20T08:38:34.564117+00:00,221231,5569960,3947068,
2026-09-20T08:38:34.581128+00:00,221232,5569985,3947877,
2026-09-20T08:38:34.613360+00:00,221233,5570010,3948368,
2026-09-20T08:38:34.628260+00:00,221234,5570036,3948356,
2026-09-20T08:38:34.660337+00:00,221235,5570061,3949060,
2026-09-20T08:38:34.692227+00:00,221236,5570086,3949387,
2026-09-20T08:38:34.708879+00:00,221237,5570111,3949373,
2026-09-20T08:38:34.740239+00:00,221238,5570136,3950131,
2026-09-20T08:38:34.756524+00:00,221239,5570162,3950518,
2026-09-20T08:38:34.791522+00:00,221240,5570187,3949723,
2026-09-20T08:38:34.809517+00:00,221241,5570212,3949550,
2026-09-20T08:38:34.836521+00:00,221242,5570237,3949828,
2026-09-20T08:38:34.868713+00:00,221243,5570262,3949172,
2026-09-20T08:38:34.884379+00:00,221244,5570287,3947576,
2026-09-20T08:38:34.917408+00:00,221245,5570313,3946752,
2026-09-20T08:38:34.932230+00:00,221246,5570338,3946066,
2026-09-20T08:38:34.964238+00:00,221247,5570363,3945831,
2026-09-20T08:38:34.980237+00:00,221248,5570388,3946674,
2026-09-20T08:38:35.011872+00:00,221249,5570413,3947049,
2026-09-20T08:38:35.044225+00:00,221250,5570438,3947164,
2026-09-20T08:38:35.060238+00:00,221251,5570464,3948012,
2026-09-20T08:38:35.092254+00:00,221252,5570489,3948558,
2026-09-20T08:38:35.107952+00:00,221253,5570514,3949045,
2026-09-20T08:38:35.140234+00:00,221254,5570539,3950035,
2026-09-20T08:38:35.156227+00:00,221255,5570564,3950069,
2026-09-20T08:38:35.188257+00:00,221256,5570589,3948446,
2026-09-20T08:38:35.220246+00:00,221257,5570615,3946616,
2026-09-20T08:38:35.236230+00:00,221258,5570640,3947892,
2026-09-20T08:38:35.268234+00:00,221259,5570665,3949855,
2026-09-20T08:38:35.284732+00:00,221260,5570690,3950461,
2026-09-20T08:38:35.316343+00:00,221261,5570715,3950997,
2026-09-20T08:38:35.332226+00:00,221262,5570740,3951635,
2026-09-20T08:38:35.364292+00:00,221263,5570766,3952456,
2026-09-20T08:38:35.396229+00:00,221264,5570791,3952999,
2026-09-20T08:38:35.412221+00:00,221265,5570816,3953739,
2026-09-20T08:38:35.445382+00:00,221266,5570841,3955522,
2026-09-20T08:38:35.460369+00:00,221267,5570866,3957353,
2026-09-20T08:38:35.492249+00:00,221268,5570891,3961894,
2026-09-20T08:38:35.511564+00:00,221269,5570917,3972993,
2026-09-20T08:38:35.540231+00:00,221270,5570942,3991721,
2026-09-20T08:38:35.576523+00:00,221271,5570967,4019940,
2026-09-20T08:38:35.588240+00:00,221272,5570992,4060631,
2026-09-20T08:38:35.620238+00:00,221273,5571017,4108760,
2026-09-20T08:38:35.636349+00:00,221274,5571043,4151364,
2026-09-20T08:38:35.667971+00:00,221275,5571068,4183069,
2026-09-20T08:38:35.684157+00:00,221276,5571093,4210741,
2026-09-20T08:38:35.715753+00:00,221277,5571118,4229273,
2026-09-20T08:38:35.747645+00:00,221278,5571143,4229364,
2026-09-20T08:38:35.763616+00:00,221279,5571168,4215511,
2026-09-20T08:38:35.796205+00:00,221280,5571194,4191793,
2026-09-20T08:38:35.812222+00:00,221281,5571219,4165962,
2026-09-20T08:38:35.844225+00:00,221282,5571244,4148068,
2026-09-20T08:38:35.860244+00:00,221283,5571269,4126919,
2026-09-20T08:38:35.892213+00:00,221284,5571294,4097669,
2026-09-20T08:38:35.924525+00:00,221285,5571319,4078172,
2026-09-20T08:38:35.940244+00:00,221286,5571345,4071739,
2026-09-20T08:38:35.972147+00:00,221287,5571370,4054621,
2026-09-20T08:38:35.988197+00:00,221288,5571395,4035477,
2026-09-20T08:38:36.020226+00:00,221289,5571420,4028808,
2026-09-20T08:38:36.036215+00:00,221290,5571445,4022831,
2026-09-20T08:38:36.068216+00:00,221291,5571470,4011803,
2026-09-20T08:38:36.099999+00:00,221292,5571496,3994982,
2026-09-20T08:38:36.116016+00:00,221293,5571521,3978404,
2026-09-20T08:38:36.148245+00:00,221294,5571546,3967758,
2026-09-20T08:38:36.165325+00:00,221295,5571571,3960102,
2026-09-20T08:38:36.196328+00:00,221296,5571596,3950428,
2026-09-20T08:38:36.228241+00:00,221297,5571621,3944328,
2026-09-20T08:38:36.244239+00:00,221298,5571647,3940022,
2026-09-20T08:38:36.275853+00:00,221299,5571672,3933549,
2026-09-20T08:38:36.291945+00:00,221300,5571697,3920695,
2026-09-20T08:38:36.324215+00:00,221301,5571722,3883794,
2026-09-20T08:38:36.340642+00:00,221302,5571747,3808135,
2026-09-20T08:38:36.372700+00:00,221303,5571772,3717056,
2026-09-20T08:38:36.409120+00:00,221304,5571798,3620352,
2026-09-20T08:38:36.420276+00:00,221305,5571823,3517131,
2026-09-20T08:38:36.452191+00:00,221306,5571848,3429683,
2026-09-20T08:38:36.468196+00:00,221307,5571873,3402484,
2026-09-20T08:38:36.500193+00:00,221308,5571898,3451766,
2026-09-20T08:38:36.516193+00:00,221309,5571924,3546683,
2026-09-20T08:38:36.548186+00:00,221310,5571949,3645847,
2026-09-20T08:38:36.580189+00:00,221311,5571974,3730998,
2026-09-20T08:38:36.596224+00:00,221312,5571999,3795732,
2026-09-20T08:38:36.628266+00:00,221313,5572024,3840639,
2026-09-20T08:38:36.644250+00:00,221314,5572049,3871706,
2026-09-20T08:38:36.676232+00:00,221315,5572075,3893845,
2026-09-20T08:38:36.692282+00:00,221316,5572100,3908956,
2026-09-20T08:38:36.725036+00:00,221317,5572125,3918396,
2026-09-20T08:38:36.757311+00:00,221318,5572150,3926001,
2026-09-20T08:38:36.773854+00:00,221319,5572175,3931762,
2026-09-20T08:38:36.805324+00:00,221320,5572200,3934988,
2026-09-20T08:38:36.819923+00:00,221321,5572226,3935829,
2026-09-20T08:38:36.857579+00:00,221322,5572251,3937183,
2026-09-20T08:38:36.868751+00:00,221323,5572276,3939524,
2026-09-20T08:38:36.900223+00:00,221324,5572301,3940225,
2026-09-20T08:38:36.932184+00:00,221325,5572326,3941412,
2026-09-20T08:38:36.948007+00:00,221326,5572351,3942326,
2026-09-20T08:38:36.986316+00:00,221327,5572377,3943402,
2026-09-20T08:38:36.996205+00:00,221328,5572402,3944151,
2026-09-20T08:38:37.029930+00:00,221329,5572427,3944383,
2026-09-20T08:38:37.043759+00:00,221330,5572452,3944894,
2026-09-20T08:38:37.077294+00:00,221331,5572477,3944473,
2026-09-20T08:38:37.108194+00:00,221332,5572502,3944284,
2026-09-20T08:38:37.124215+00:00,221333,5572528,3944887,
2026-09-20T08:38:37.157411+00:00,221334,5572553,3946213,
2026-09-20T08:38:37.182058+00:00,221335,5572578,3947089,
2026-09-20T08:38:37.206536+00:00,221336,5572603,3947103,
2026-09-20T08:38:37.220306+00:00,221337,5572628,3946972,
2026-09-20T08:38:37.252351+00:00,221338,5572653,3946679,
2026-09-20T08:38:37.284278+00:00,221339,5572679,3946608,
2026-09-20T08:38:37.300221+00:00,221340,5572704,3946261,
2026-09-20T08:38:37.332207+00:00,221341,5572729,3946286,
2026-09-20T08:38:37.349338+00:00,221342,5572754,3946224,
2026-09-20T08:38:37.380213+00:00,221343,5572779,3945866,
2026-09-20T08:38:37.396215+00:00,221344,5572805,3946227,
2026-09-20T08:38:37.428218+00:00,221345,5572830,3947476,
2026-09-20T08:38:37.460186+00:00,221346,5572855,3947557,
2026-09-20T08:38:37.476212+00:00,221347,5572880,3947267,
2026-09-20T08:38:37.509987+00:00,221348,5572905,3947440,
2026-09-20T08:38:37.524526+00:00,221349,5572930,3947480,
2026-09-20T08:38:37.556226+00:00,221350,5572956,3947005,
2026-09-20T08:38:37.572163+00:00,221351,5572981,3946228,
2026-09-20T08:38:37.610121+00:00,221352,5573006,3945472,
2026-09-20T08:38:37.636210+00:00,221353,5573031,3945008,
2026-09-20T08:38:37.652167+00:00,221354,5573056,3944964,
2026-09-20T08:38:37.684118+00:00,221355,5573081,3945386,
2026-09-20T08:38:37.700150+00:00,221356,5573107,3946015,
2026-09-20T08:38:37.732190+00:00,221357,5573132,3945207,
2026-09-20T08:38:37.748227+00:00,221358,5573157,3944322,
2026-09-20T08:38:37.780334+00:00,221359,5573182,3944237,
2026-09-20T08:38:37.812394+00:00,221360,5573207,3943785,
2026-09-20T08:38:37.828162+00:00,221361,5573232,3943576,
2026-09-20T08:38:37.860167+00:00,221362,5573258,3944128,
2026-09-20T08:38:37.876151+00:00,221363,5573283,3946169,
2026-09-20T08:38:37.908156+00:00,221364,5573308,3948802,
2026-09-20T08:38:37.924190+00:00,221365,5573333,3949501,
2026-09-20T08:38:37.956178+00:00,221366,5573358,3948038,
2026-09-20T08:38:37.988881+00:00,221367,5573383,3947724,
2026-09-20T08:38:38.005038+00:00,221368,5573409,3948139,
2026-09-20T08:38:38.036482+00:00,221369,5573434,3947325,
2026-09-20T08:38:38.052198+00:00,221370,5573459,3947473,
2026-09-20T08:38:38.084736+00:00,221371,5573484,3947437,
2026-09-20T08:38:38.099672+00:00,221372,5573509,3947991,
2026-09-20T08:38:38.132175+00:00,221373,5573534,3947558,
2026-09-20T08:38:38.164188+00:00,221374,5573560,3947400,
2026-09-20T08:38:38.180156+00:00,221375,5573585,3949113,
2026-09-20T08:38:38.212243+00:00,221376,5573610,3949143,
2026-09-20T08:38:38.227982+00:00,221377,5573635,3948722,
2026-09-20T08:38:38.261241+00:00,221378,5573660,3949863,
2026-09-20T08:38:38.276059+00:00,221379,5573685,3950414,
2026-09-20T08:38:38.308739+00:00,221380,5573711,3950563,
2026-09-20T08:38:38.342238+00:00,221381,5573736,3949941,
2026-09-20T08:38:38.356231+00:00,221382,5573761,3949816,
2026-09-20T08:38:38.388283+00:00,221383,5573786,3951654,
2026-09-20T08:38:38.403925+00:00,221384,5573811,3951367,
2026-09-20T08:38:38.436461+00:00,221385,5573836,3950853,
2026-09-20T08:38:38.451534+00:00,221386,5573862,3951486,
2026-09-20T08:38:38.483605+00:00,221387,5573887,3952031,
2026-09-20T08:38:38.516199+00:00,221388,5573912,3950825,
2026-09-20T08:38:38.532154+00:00,221389,5573937,3948945,
2026-09-20T08:38:38.564123+00:00,221390,5573962,3947399,
2026-09-20T08:38:38.580140+00:00,221391,5573987,3945432,
2026-09-20T08:38:38.612137+00:00,221392,5574013,3943828,
2026-09-20T08:38:38.644143+00:00,221393,5574038,3943873,
2026-09-20T08:38:38.660155+00:00,221394,5574063,3944484,
2026-09-20T08:38:38.692315+00:00,221395,5574088,3945132,
2026-09-20T08:38:38.708151+00:00,221396,5574113,3945659,
2026-09-20T08:38:38.740135+00:00,221397,5574138,3946194,
2026-09-20T08:38:38.756160+00:00,221398,5574164,3946705,
2026-09-20T08:38:38.788173+00:00,221399,5574189,3947203,
2026-09-20T08:38:38.820169+00:00,221400,5574214,3946492,
2026-09-20T08:38:38.836018+00:00,221401,5574239,3946969,
2026-09-20T08:38:38.867962+00:00,221402,5574264,3947830,
2026-09-20T08:38:38.884141+00:00,221403,5574289,3948810,
2026-09-20T08:38:38.916165+00:00,221404,5574315,3949527,
2026-09-20T08:38:38.933331+00:00,221405,5574340,3949646,
2026-09-20T08:38:38.964117+00:00,221406,5574365,3950271,
2026-09-20T08:38:38.996137+00:00,221407,5574390,3951252,
2026-09-20T08:38:39.014255+00:00,221408,5574415,3951727,
2026-09-20T08:38:39.044173+00:00,221409,5574441,3951133,
2026-09-20T08:38:39.060981+00:00,221410,5574466,3949320,
2026-09-20T08:38:39.092002+00:00,221411,5574491,3949590,
2026-09-20T08:38:39.108172+00:00,221412,5574516,3952328,
2026-09-20T08:38:39.140126+00:00,221413,5574541,3952872,
2026-09-20T08:38:39.171597+00:00,221414,5574566,3951633,
2026-09-20T08:38:39.188160+00:00,221415,5574592,3950750,
2026-09-20T08:38:39.220125+00:00,221416,5574617,3949559,
2026-09-20T08:38:39.238217+00:00,221417,5574642,3948399,
2026-09-20T08:38:39.268679+00:00,221418,5574667,3947617,
2026-09-20T08:38:39.285245+00:00,221419,5574692,3949064,
2026-09-20T08:38:39.316136+00:00,221420,5574717,3950434,
2026-09-20T08:38:39.348180+00:00,221421,5574743,3951210,
2026-09-20T08:38:39.364201+00:00,221422,5574768,3951289,
2026-09-20T08:38:39.396074+00:00,221423,5574793,3951367,
2026-09-20T08:38:39.412171+00:00,221424,5574818,3950730,
2026-09-20T08:38:39.444151+00:00,221425,5574843,3951676,
2026-09-20T08:38:39.461307+00:00,221426,5574868,3955230,
2026-09-20T08:38:39.493087+00:00,221427,5574894,3957893,
2026-09-20T08:38:39.523929+00:00,221428,5574919,3957023,
2026-09-20T08:38:39.541251+00:00,221429,5574944,3954940,
2026-09-20T08:38:39.577082+00:00,221430,5574969,3954263,
2026-09-20T08:38:39.588157+00:00,221431,5574994,3955055,
2026-09-20T08:38:39.628486+00:00,221432,5575019,3957655,
2026-09-20T08:38:39.636168+00:00,221433,5575045,3961965,
2026-09-20T08:38:39.668143+00:00,221434,5575070,3970937,
2026-09-20T08:38:39.700131+00:00,221435,5575095,3986251,
2026-09-20T08:38:39.716117+00:00,221436,5575120,4003503,
2026-09-20T08:38:39.748152+00:00,221437,5575145,4025275,
2026-09-20T08:38:39.764146+00:00,221438,5575170,4059810,
2026-09-20T08:38:39.796089+00:00,221439,5575196,4105037,
2026-09-20T08:38:39.812106+00:00,221440,5575221,4138505,
2026-09-20T08:38:39.846703+00:00,221441,5575246,4157139,
2026-09-20T08:38:39.876134+00:00,221442,5575271,4164694,
2026-09-20T08:38:39.892112+00:00,221443,5575296,4155262,
2026-09-20T08:38:39.923905+00:00,221444,5575321,4138221,
2026-09-20T08:38:39.940099+00:00,221445,5575347,4129758,
2026-09-20T08:38:39.972103+00:00,221446,5575372,4120818,
2026-09-20T08:38:39.988098+00:00,221447,5575397,4104364,
2026-09-20T08:38:40.020117+00:00,221448,5575422,4088720,
2026-09-20T08:38:40.052111+00:00,221449,5575447,4072578,
2026-09-20T08:38:40.068037+00:00,221450,5575472,4051543,
2026-09-20T08:38:40.099901+00:00,221451,5575498,4038694,
2026-09-20T08:38:40.116540+00:00,221452,5575523,4034512,
2026-09-20T08:38:40.148180+00:00,221453,5575548,4014565,
2026-09-20T08:38:40.164156+00:00,221454,5575573,3988466,
2026-09-20T08:38:40.184354+00:00,221455,5575598,3978487,
2026-09-20T08:38:40.228117+00:00,221456,5575623,3976434,
2026-09-20T08:38:40.244115+00:00,221457,5575649,3968725,
2026-09-20T08:38:40.261805+00:00,221458,5575674,3968543,
2026-09-20T08:38:40.277447+00:00,221459,5575699,3972649,
2026-09-20T08:38:40.324304+00:00,221460,5575724,3967670,
2026-09-20T08:38:40.340110+00:00,221461,5575749,3959435,
2026-09-20T08:38:40.373035+00:00,221462,5575774,3951562,
2026-09-20T08:38:40.404287+00:00,221463,5575800,3941577,
2026-09-20T08:38:40.420141+00:00,221464,5575825,3927171,
2026-09-20T08:38:40.451384+00:00,221465,5575850,3886092,
2026-09-20T08:38:40.467836+00:00,221466,5575875,3816496,
2026-09-20T08:38:40.498786+00:00,221467,5575900,3745179,
2026-09-20T08:38:40.515515+00:00,221468,5575925,3696462,
2026-09-20T08:38:40.547142+00:00,221469,5575951,3661060,
2026-09-20T08:38:40.580115+00:00,221470,5575976,3608649,
2026-09-20T08:38:40.590942+00:00,221471,5576001,3552325,
2026-09-20T08:38:40.623319+00:00,221472,5576026,3527260,
2026-09-20T08:38:40.638158+00:00,221473,5576051,3544072,
2026-09-20T08:38:40.669415+00:00,221474,5576076,3601730,
2026-09-20T08:38:40.692130+00:00,221475,5576102,3675451,
2026-09-20T08:38:40.724086+00:00,221476,5576127,3743723,
2026-09-20T08:38:40.756081+00:00,221477,5576152,3800018,
2026-09-20T08:38:40.760414+00:00,221478,5576177,3842069,
2026-09-20T08:38:40.806862+00:00,221479,5576202,3871907,
2026-09-20T08:38:40.820091+00:00,221480,5576227,3893639,
2026-09-20T08:38:40.852098+00:00,221481,5576253,3909616,
2026-09-20T08:38:40.868094+00:00,221482,5576278,3919734,
2026-09-20T08:38:40.900139+00:00,221483,5576303,3925975,
2026-09-20T08:38:40.932069+00:00,221484,5576328,3930661,
2026-09-20T08:38:40.948082+00:00,221485,5576353,3934097,
2026-09-20T08:38:40.980102+00:00,221486,5576378,3937155,
2026-09-20T08:38:40.996124+00:00,221487,5576404,3939069,
2026-09-20T08:38:41.028077+00:00,221488,5576429,3939442,
2026-09-20T08:38:41.045431+00:00,221489,5576454,3939940,
2026-09-20T08:38:41.076789+00:00,221490,5576479,3940028,
2026-09-20T08:38:41.108571+00:00,221491,5576504,3940034,
2026-09-20T08:38:41.124531+00:00,221492,5576529,3940976,
2026-09-20T08:38:41.156120+00:00,221493,5576555,3942861,
2026-09-20T08:38:41.175828+00:00,221494,5576580,3943863,
2026-09-20T08:38:41.204112+00:00,221495,5576605,3944593,
2026-09-20T08:38:41.236164+00:00,221496,5576630,3945926,
2026-09-20T08:38:41.252054+00:00,221497,5576655,3947152,
2026-09-20T08:38:41.284076+00:00,221498,5576680,3948237,
2026-09-20T08:38:41.300097+00:00,221499,5576706,3949405,
2026-09-20T08:38:41.332077+00:00,221500,5576731,3949945,
2026-09-20T08:38:41.347543+00:00,221501,5576756,3949467,
2026-09-20T08:38:41.380062+00:00,221502,5576781,3948754,
2026-09-20T08:38:41.412071+00:00,221503,5576806,3948151,
2026-09-20T08:38:41.428571+00:00,221504,5576831,3946418,
2026-09-20T08:38:41.460094+00:00,221505,5576857,3945744,
2026-09-20T08:38:41.476639+00:00,221506,5576882,3945804,
2026-09-20T08:38:41.507797+00:00,221507,5576907,3946304,
2026-09-20T08:38:41.523577+00:00,221508,5576932,3946940,
2026-09-20T08:38:41.556066+00:00,221509,5576957,3947157,
2026-09-20T08:38:41.588080+00:00,221510,5576982,3947180,
2026-09-20T08:38:41.604362+00:00,221511,5577008,3947034,
2026-09-20T08:38:41.636137+00:00,221512,5577033,3946636,
2026-09-20T08:38:41.651904+00:00,221513,5577058,3946874,
2026-09-20T08:38:41.684104+00:00,221514,5577083,3946994,
2026-09-20T08:38:41.700076+00:00,221515,5577108,3947824,
2026-09-20T08:38:41.732059+00:00,221516,5577133,3948248,
2026-09-20T08:38:41.765280+00:00,221517,5577159,3948586,
2026-09-20T08:38:41.780126+00:00,221518,5577184,3949736,
2026-09-20T08:38:41.812122+00:00,221519,5577209,3949702,
2026-09-20T08:38:41.828094+00:00,221520,5577234,3949768,
2026-09-20T08:38:41.860124+00:00,221521,5577259,3949674,
2026-09-20T08:38:41.876540+00:00,221522,5577285,3950113,
2026-09-20T08:38:41.908967+00:00,221523,5577310,3950916,
2026-09-20T08:38:41.940485+00:00,221524,5577335,3951233,
2026-09-20T08:38:41.956057+00:00,221525,5577360,3950208,
2026-09-20T08:38:41.988078+00:00,221526,5577385,3950107,
2026-09-20T08:38:42.009049+00:00,221527,5577410,3951007,
2026-09-20T08:38:42.036128+00:00,221528,5577436,3951288,
2026-09-20T08:38:42.052568+00:00,221529,5577461,3951835,
2026-09-20T08:38:42.084134+00:00,221530,5577486,3951193,
2026-09-20T08:38:42.116026+00:00,221531,5577511,3949437,
2026-09-20T08:38:42.133243+00:00,221532,5577536,3948250,
2026-09-20T08:38:42.164627+00:00,221533,5577561,3948738,
2026-09-20T08:38:42.180186+00:00,221534,5577587,3949829,
2026-09-20T08:38:42.212083+00:00,221535,5577612,3950798,
2026-09-20T08:38:42.228322+00:00,221536,5577637,3949817,
2026-09-20T08:38:42.260745+00:00,221537,5577662,3949817,
2026-09-20T08:38:42.292074+00:00,221538,5577687,3950841,
2026-09-20T08:38:42.308611+00:00,221539,5577712,3951365,
2026-09-20T08:38:42.339924+00:00,221540,5577738,3951357,
2026-09-20T08:38:42.355910+00:00,221541,5577763,3950554,
2026-09-20T08:38:42.388041+00:00,221542,5577788,3950621,
2026-09-20T08:38:42.404215+00:00,221543,5577813,3950989,
2026-09-20T08:38:42.435837+00:00,221544,5577838,3950990,
2026-09-20T08:38:42.468840+00:00,221545,5577863,3950925,
2026-09-20T08:38:42.483836+00:00,221546,5577889,3951081,
2026-09-20T08:38:42.516024+00:00,221547,5577914,3951291,
2026-09-20T08:38:42.531653+00:00,221548,5577939,3951417,
2026-09-20T08:38:42.564067+00:00,221549,5577964,3951388,
2026-09-20T08:38:42.580064+00:00,221550,5577989,3951222,
2026-09-20T08:38:42.612018+00:00,221551,5578014,3951664,
2026-09-20T08:38:42.644048+00:00,221552,5578040,3951016,
2026-09-20T08:38:42.659646+00:00,221553,5578065,3950731,
2026-09-20T08:38:42.692043+00:00,221554,5578090,3951064,
2026-09-20T08:38:42.708038+00:00,221555,5578115,3950897,
2026-09-20T08:38:42.740028+00:00,221556,5578140,3950714,
2026-09-20T08:38:42.756047+00:00,221557,5578165,3951088,
2026-09-20T08:38:42.788198+00:00,221558,5578191,3951025,
2026-09-20T08:38:42.820030+00:00,221559,5578216,3950576,
2026-09-20T08:38:42.836141+00:00,221560,5578241,3950467,
2026-09-20T08:38:42.868144+00:00,221561,5578266,3950615,
2026-09-20T08:38:42.883847+00:00,221562,5578291,3950571,
2026-09-20T08:38:42.916051+00:00,221563,5578316,3950562,
2026-09-20T08:38:42.932040+00:00,221564,5578342,3950555,
2026-09-20T08:38:42.964041+00:00,221565,5578367,3950715,
2026-09-20T08:38:42.996016+00:00,221566,5578392,3950253,
2026-09-20T08:38:43.012174+00:00,221567,5578417,3950491,
2026-09-20T08:38:43.044057+00:00,221568,5578442,3950686,
2026-09-20T08:38:43.060074+00:00,221569,5578468,3950499,
2026-09-20T08:38:43.092038+00:00,221570,5578493,3950905,
2026-09-20T08:38:43.111335+00:00,221571,5578518,3951454,
2026-09-20T08:38:43.140097+00:00,221572,5578543,3951537,
2026-09-20T08:38:43.175253+00:00,221573,5578568,3951899,
2026-09-20T08:38:43.188052+00:00,221574,5578593,3952006,
2026-09-20T08:38:43.221117+00:00,221575,5578619,3952237,
2026-09-20T08:38:43.236368+00:00,221576,5578644,3951831,
2026-09-20T08:38:43.268109+00:00,221577,5578669,3951254,
2026-09-20T08:38:43.283822+00:00,221578,5578694,3951421,
2026-09-20T08:38:43.316323+00:00,221579,5578719,3952030,
2026-09-20T08:38:43.348064+00:00,221580,5578744,3952424,
2026-09-20T08:38:43.363703+00:00,221581,5578770,3952744,
2026-09-20T08:38:43.395416+00:00,221582,5578795,3953091,
2026-09-20T08:38:43.412025+00:00,221583,5578820,3953031,
2026-09-20T08:38:43.444012+00:00,221584,5578845,3952680,
2026-09-20T08:38:43.460074+00:00,221585,5578870,3952643,
2026-09-20T08:38:43.491491+00:00,221586,5578895,3951904,
2026-09-20T08:38:43.524030+00:00,221587,5578921,3952404,
2026-09-20T08:38:43.543170+00:00,221588,5578946,3952184,
2026-09-20T08:38:43.574126+00:00,221589,5578971,3951113,
2026-09-20T08:38:43.588349+00:00,221590,5578996,3950484,
2026-09-20T08:38:43.620040+00:00,221591,5579021,3950323,
2026-09-20T08:38:43.652396+00:00,221592,5579046,3950179,
2026-09-20T08:38:43.673613+00:00,221593,5579072,3950197,
2026-09-20T08:38:43.699883+00:00,221594,5579097,3950121,
2026-09-20T08:38:43.716030+00:00,221595,5579122,3950145,
2026-09-20T08:38:43.748021+00:00,221596,5579147,3950660,
2026-09-20T08:38:43.764391+00:00,221597,5579172,3950745,
2026-09-20T08:38:43.796480+00:00,221598,5579197,3950739,
2026-09-20T08:38:43.824927+00:00,221599,5579223,3950275,
2026-09-20T08:38:43.840993+00:00,221600,5579248,3950401,
2026-09-20T08:38:43.876036+00:00,221601,5579273,3949844,
2026-09-20T08:38:43.892513+00:00,221602,5579298,3949687,
2026-09-20T08:38:43.924034+00:00,221603,5579323,3950334,
2026-09-20T08:38:43.939833+00:00,221604,5579348,3950297,
2026-09-20T08:38:43.972047+00:00,221605,5579374,3949736,
2026-09-20T08:38:44.007034+00:00,221606,5579399,3949721,
2026-09-20T08:38:44.019718+00:00,221607,5579424,3950319,
2026-09-20T08:38:44.052473+00:00,221608,5579449,3950785,
2026-09-20T08:38:44.068391+00:00,221609,5579474,3950435,
2026-09-20T08:38:44.100657+00:00,221610,5579499,3949480,
2026-09-20T08:38:44.116002+00:00,221611,5579525,3949142,
2026-09-20T08:38:44.147877+00:00,221612,5579550,3949083,
2026-09-20T08:38:44.180004+00:00,221613,5579575,3948986,
2026-09-20T08:38:44.196038+00:00,221614,5579600,3948932,
2026-09-20T08:38:44.228102+00:00,221615,5579625,3948653,
2026-09-20T08:38:44.245177+00:00,221616,5579650,3948540,
2026-09-20T08:38:44.277097+00:00,221617,5579676,3949192,
2026-09-20T08:38:44.291514+00:00,221618,5579701,3949659,
2026-09-20T08:38:44.324063+00:00,221619,5579726,3950082,
2026-09-20T08:38:44.355561+00:00,221620,5579751,3950408,
2026-09-20T08:38:44.374441+00:00,221621,5579776,3950588,
2026-09-20T08:38:44.412130+00:00,221622,5579801,3950389,
2026-09-20T08:38:44.420017+00:00,221623,5579827,3950153,
2026-09-20T08:38:44.452543+00:00,221624,5579852,3949630,
2026-09-20T08:38:44.470260+00:00,221625,5579877,3949088,
2026-09-20T08:38:44.500042+00:00,221626,5579902,3949357,
2026-09-20T08:38:44.532044+00:00,221627,5579927,3949991,
2026-09-20T08:38:44.548122+00:00,221628,5579952,3950493,
2026-09-20T08:38:44.580152+00:00,221629,5579978,3950928,
2026-09-20T08:38:44.596535+00:00,221630,5580003,3950337,
2026-09-20T08:38:44.627982+00:00,221631,5580028,3949636,
2026-09-20T08:38:44.644056+00:00,221632,5580053,3949839,
2026-09-20T08:38:44.675990+00:00,221633,5580078,3950505,
2026-09-20T08:38:44.707998+00:00,221634,5580103,3950880,
2026-09-20T08:38:44.723984+00:00,221635,5580129,3951026,
2026-09-20T08:38:44.755880+00:00,221636,5580154,3951227,
2026-09-20T08:38:44.771996+00:00,221637,5580179,3950727,
2026-09-20T08:38:44.803984+00:00,221638,5580204,3950008,
2026-09-20T08:38:44.819836+00:00,221639,5580229,3950149,
2026-09-20T08:38:44.851700+00:00,221640,5580254,3951112,
2026-09-20T08:38:44.883997+00:00,221641,5580280,3951071,
2026-09-20T08:38:44.900669+00:00,221642,5580305,3950214,
2026-09-20T08:38:44.932083+00:00,221643,5580330,3950973,
2026-09-20T08:38:44.948420+00:00,221644,5580355,3952048,
2026-09-20T08:38:44.980519+00:00,221645,5580380,3950757,
2026-09-20T08:38:44.995731+00:00,221646,5580405,3950305,
2026-09-20T08:38:45.028018+00:00,221647,5580431,3951902,
2026-09-20T08:38:45.059996+00:00,221648,5580456,3952406,
2026-09-20T08:38:45.076128+00:00,221649,5580481,3951884,
2026-09-20T08:38:45.113246+00:00,221650,5580506,3953004,
2026-09-20T08:38:45.125074+00:00,221651,5580531,3954975,
2026-09-20T08:38:45.156031+00:00,221652,5580556,3955012,
2026-09-20T08:38:45.173290+00:00,221653,5580582,3953154,
2026-09-20T08:38:45.203968+00:00,221654,5580607,3952788,
2026-09-20T08:38:45.236011+00:00,221655,5580632,3953693,
2026-09-20T08:38:45.251840+00:00,221656,5580657,3955734,
2026-09-20T08:38:45.283986+00:00,221657,5580682,3957364,
2026-09-20T08:38:45.301178+00:00,221658,5580707,3963806,
2026-09-20T08:38:45.332634+00:00,221659,5580733,3980644,
2026-09-20T08:38:45.348379+00:00,221660,5580758,4002885,
2026-09-20T08:38:45.380478+00:00,221661,5580783,4029522,
2026-09-20T08:38:45.411639+00:00,221662,5580808,4061095,
2026-09-20T08:38:45.429063+00:00,221663,5580833,4092956,
2026-09-20T08:38:45.460554+00:00,221664,5580859,4116349,
2026-09-20T08:38:45.476326+00:00,221665,5580884,4129532,
2026-09-20T08:38:45.507986+00:00,221666,5580909,4140502,
2026-09-20T08:38:45.523978+00:00,221667,5580934,4151309,
2026-09-20T08:38:45.556002+00:00,221668,5580959,4160237,
2026-09-20T08:38:45.587978+00:00,221669,5580984,4159002,
2026-09-20T08:38:45.608970+00:00,221670,5581010,4142687,
2026-09-20T08:38:45.636285+00:00,221671,5581035,4117450,
2026-09-20T08:38:45.652293+00:00,221672,5581060,4092850,
2026-09-20T08:38:45.684028+00:00,221673,5581085,4072192,
2026-09-20T08:38:45.700032+00:00,221674,5581110,4054568,
2026-09-20T08:38:45.732288+00:00,221675,5581135,4036598,
2026-09-20T08:38:45.763998+00:00,221676,5581161,4022041,
2026-09-20T08:38:45.779977+00:00,221677,5581186,4005703,
2026-09-20T08:38:45.812004+00:00,221678,5581211,3993318,
2026-09-20T08:38:45.828988+00:00,221679,5581236,3990062,
2026-09-20T08:38:45.859985+00:00,221680,5581261,3980779,
2026-09-20T08:38:45.876590+00:00,221681,5581286,3963925,
2026-09-20T08:38:45.910293+00:00,221682,5581312,3949080,
2026-09-20T08:38:45.939978+00:00,221683,5581337,3936788,
2026-09-20T08:38:45.955719+00:00,221684,5581362,3917542,
2026-09-20T08:38:45.991506+00:00,221685,5581387,3894206,
2026-09-20T08:38:46.008144+00:00,221686,5581412,3873334,
2026-09-20T08:38:46.036145+00:00,221687,5581437,3846374,
2026-09-20T08:38:46.051972+00:00,221688,5581463,3804225,
2026-09-20T08:38:46.083476+00:00,221689,5581488,3761633,
2026-09-20T08:38:46.115984+00:00,221690,5581513,3716798,
2026-09-20T08:38:46.131980+00:00,221691,5581538,3656550,
2026-09-20T08:38:46.164086+00:00,221692,5581563,3595550,
2026-09-20T08:38:46.179938+00:00,221693,5581588,3563402,
2026-09-20T08:38:46.213059+00:00,221694,5581614,3573266,
2026-09-20T08:38:46.243954+00:00,221695,5581639,3620443,
2026-09-20T08:38:46.261985+00:00,221696,5581664,3685412,
2026-09-20T08:38:46.292219+00:00,221697,5581689,3750251,
2026-09-20T08:38:46.307967+00:00,221698,5581714,3805099,
2026-09-20T08:38:46.340272+00:00,221699,5581739,3845973,
2026-09-20T08:38:46.355932+00:00,221700,5581765,3874190,
2026-09-20T08:38:46.388221+00:00,221701,5581790,3893499,
2026-09-20T08:38:46.419617+00:00,221702,5581815,3908240,
2026-09-20T08:38:46.435817+00:00,221703,5581840,3919791,
2026-09-20T08:38:46.468157+00:00,221704,5581865,3926706,
2026-09-20T08:38:46.483924+00:00,221705,5581890,3931609,
2026-09-20T08:38:46.515948+00:00,221706,5581916,3935106,
2026-09-20T08:38:46.531942+00:00,221707,5581941,3937517,
2026-09-20T08:38:46.563941+00:00,221708,5581966,3939323,
2026-09-20T08:38:46.595954+00:00,221709,5581991,3940199,
2026-09-20T08:38:46.611951+00:00,221710,5582016,3941868,
2026-09-20T08:38:46.643966+00:00,221711,5582041,3944332,
2026-09-20T08:38:46.659932+00:00,221712,5582067,3946582,
2026-09-20T08:38:46.691940+00:00,221713,5582092,3946261,
2026-09-20T08:38:46.707898+00:00,221714,5582117,3943728,
2026-09-20T08:38:46.740038+00:00,221715,5582142,3941969,
2026-09-20T08:38:46.771923+00:00,221716,5582167,3942315,
2026-09-20T08:38:46.787932+00:00,221717,5582192,3943850,
2026-09-20T08:38:46.819620+00:00,221718,5582218,3945457,
2026-09-20T08:38:46.836303+00:00,221719,5582243,3946440,
2026-09-20T08:38:46.867896+00:00,221720,5582268,3945938,
2026-09-20T08:38:46.883966+00:00,221721,5582293,3944865,
2026-09-20T08:38:46.915985+00:00,221722,5582318,3944554,
2026-09-20T08:38:46.947979+00:00,221723,5582343,3943950,
2026-09-20T08:38:46.963921+00:00,221724,5582369,3944489,
2026-09-20T08:38:46.996945+00:00,221725,5582394,3944950,
2026-09-20T08:38:47.011909+00:00,221726,5582419,3945237,
2026-09-20T08:38:47.043931+00:00,221727,5582444,3945307,
2026-09-20T08:38:47.060845+00:00,221728,5582469,3946287,
2026-09-20T08:38:47.091931+00:00,221729,5582494,3947313,
2026-09-20T08:38:47.124760+00:00,221730,5582520,3947913,
2026-09-20T08:38:47.140259+00:00,221731,5582545,3948679,
2026-09-20T08:38:47.175504+00:00,221732,5582570,3948589,
2026-09-20T08:38:47.188377+00:00,221733,5582595,3947219,
2026-09-20T08:38:47.219938+00:00,221734,5582620,3946695,
2026-09-20T08:38:47.236235+00:00,221735,5582645,3947828,
2026-09-20T08:38:47.268536+00:00,221736,5582671,3947448,
2026-09-20T08:38:47.299933+00:00,221737,5582696,3945779,
2026-09-20T08:38:47.316585+00:00,221738,5582721,3945769,
2026-09-20T08:38:47.347955+00:00,221739,5582746,3947245,
2026-09-20T08:38:47.363756+00:00,221740,5582771,3948013,
2026-09-20T08:38:47.395916+00:00,221741,5582796,3947432,
2026-09-20T08:38:47.411996+00:00,221742,5582822,3946808,
2026-09-20T08:38:47.443970+00:00,221743,5582847,3947108,
2026-09-20T08:38:47.477038+00:00,221744,5582872,3947164,
2026-09-20T08:38:47.493008+00:00,221745,5582897,3947246,
2026-09-20T08:38:47.523927+00:00,221746,5582922,3947821,
2026-09-20T08:38:47.542360+00:00,221747,5582947,3948881,
2026-09-20T08:38:47.574683+00:00,221748,5582973,3949274,
2026-09-20T08:38:47.587908+00:00,221749,5582998,3948827,
2026-09-20T08:38:47.619961+00:00,221750,5583023,3948272,
2026-09-20T08:38:47.651886+00:00,221751,5583048,3947541,
2026-09-20T08:38:47.667912+00:00,221752,5583073,3946507,
2026-09-20T08:38:47.699945+00:00,221753,5583098,3945390,
2026-09-20T08:38:47.715892+00:00,221754,5583124,3945858,
2026-09-20T08:38:47.747907+00:00,221755,5583149,3946638,
2026-09-20T08:38:47.763953+00:00,221756,5583174,3946507,
2026-09-20T08:38:47.796471+00:00,221757,5583199,3946485,
2026-09-20T08:38:47.827998+00:00,221758,5583224,3947115,
2026-09-20T08:38:47.844589+00:00,221759,5583250,3947488,
2026-09-20T08:38:47.876556+00:00,221760,5583275,3948114,
2026-09-20T08:38:47.892530+00:00,221761,5583300,3948537,
2026-09-20T08:38:47.923962+00:00,221762,5583325,3947565,
2026-09-20T08:38:47.940008+00:00,221763,5583350,3948627,
2026-09-20T08:38:47.971918+00:00,221764,5583375,3949468,
2026-09-20T08:38:48.006386+00:00,221765,5583401,3949054,
2026-09-20T08:38:48.019902+00:00,221766,5583426,3947951,
2026-09-20T08:38:48.052063+00:00,221767,5583451,3948053,
2026-09-20T08:38:48.068062+00:00,221768,5583476,3948408,
2026-09-20T08:38:48.100565+00:00,221769,5583501,3948068,
2026-09-20T08:38:48.116965+00:00,221770,5583526,3947922,
2026-09-20T08:38:48.148018+00:00,221771,5583552,3948789,
2026-09-20T08:38:48.180560+00:00,221772,5583577,3949085,
2026-09-20T08:38:48.195888+00:00,221773,5583602,3949287,
2026-09-20T08:38:48.227941+00:00,221774,5583627,3948772,
2026-09-20T08:38:48.243954+00:00,221775,5583652,3948873,
2026-09-20T08:38:48.275903+00:00,221776,5583677,3949631,
2026-09-20T08:38:48.291580+00:00,221777,5583703,3948754,
2026-09-20T08:38:48.324683+00:00,221778,5583728,3947798,
2026-09-20T08:38:48.355896+00:00,221779,5583753,3947040,
2026-09-20T08:38:48.372061+00:00,221780,5583778,3947583,
2026-09-20T08:38:48.403900+00:00,221781,5583803,3948311,
2026-09-20T08:38:48.421232+00:00,221782,5583828,3947792,
2026-09-20T08:38:48.451904+00:00,221783,5583854,3947140,
2026-09-20T08:38:48.467901+00:00,221784,5583879,3947145,
2026-09-20T08:38:48.499925+00:00,221785,5583904,3947738,
2026-09-20T08:38:48.531912+00:00,221786,5583929,3947992,
2026-09-20T08:38:48.547874+00:00,221787,5583954,3946556,
2026-09-20T08:38:48.580010+00:00,221788,5583979,3945862,
2026-09-20T08:38:48.595882+00:00,221789,5584005,3945830,
2026-09-20T08:38:48.627901+00:00,221790,5584030,3946349,
2026-09-20T08:38:48.644447+00:00,221791,5584055,3946812,
2026-09-20T08:38:48.676504+00:00,221792,5584080,3946746,
2026-09-20T08:38:48.708486+00:00,221793,5584105,3946640,
2026-09-20T08:38:48.723886+00:00,221794,5584131,3947049,
2026-09-20T08:38:48.755916+00:00,221795,5584156,3947697,
2026-09-20T08:38:48.771916+00:00,221796,5584181,3947830,
2026-09-20T08:38:48.807118+00:00,221797,5584206,3947484,
2026-09-20T08:38:48.836247+00:00,221798,5584231,3948011,
2026-09-20T08:38:48.851918+00:00,221799,5584256,3949460,
2026-09-20T08:38:48.883759+00:00,221800,5584282,3950089,
2026-09-20T08:38:48.901015+00:00,221801,5584307,3950025,
2026-09-20T08:38:48.931877+00:00,221802,5584332,3949037,
2026-09-20T08:38:48.947515+00:00,221803,5584357,3949135,
2026-09-20T08:38:48.979880+00:00,221804,5584382,3949353,
2026-09-20T08:38:49.012017+00:00,221805,5584407,3949374,
2026-09-20T08:38:49.030970+00:00,221806,5584433,3949520,
2026-09-20T08:38:49.059942+00:00,221807,5584458,3949516,
2026-09-20T08:38:49.075929+00:00,221808,5584483,3949687,
2026-09-20T08:38:49.108177+00:00,221809,5584508,3949052,
2026-09-20T08:38:49.123620+00:00,221810,5584533,3948671,
2026-09-20T08:38:49.155576+00:00,221811,5584558,3948949,
2026-09-20T08:38:49.187897+00:00,221812,5584584,3949232,
2026-09-20T08:38:49.207826+00:00,221813,5584609,3949314,
2026-09-20T08:38:49.236237+00:00,221814,5584634,3949723,
2026-09-20T08:38:49.251246+00:00,221815,5584659,3950039,
2026-09-20T08:38:49.284237+00:00,221816,5584684,3950343,
2026-09-20T08:38:49.300238+00:00,221817,5584709,3950060,
2026-09-20T08:38:49.332238+00:00,221818,5584735,3949895,
2026-09-20T08:38:49.363444+00:00,221819,5584760,3950396,
2026-09-20T08:38:49.379439+00:00,221820,5584785,3951503,
2026-09-20T08:38:49.412237+00:00,221821,5584810,3951876,
2026-09-20T08:38:49.427237+00:00,221822,5584835,3951663,
2026-09-20T08:38:49.459239+00:00,221823,5584860,3951429,
2026-09-20T08:38:49.475352+00:00,221824,5584886,3951720,
2026-09-20T08:38:49.508235+00:00,221825,5584911,3951507,
2026-09-20T08:38:49.540239+00:00,221826,5584936,3951168,
2026-09-20T08:38:49.555329+00:00,221827,5584961,3951340,
2026-09-20T08:38:49.588238+00:00,221828,5584986,3951231,
2026-09-20T08:38:49.603988+00:00,221829,5585011,3950937,
2026-09-20T08:38:49.635988+00:00,221830,5585037,3950698,
2026-09-20T08:38:49.651993+00:00,221831,5585062,3950532,
2026-09-20T08:38:49.684019+00:00,221832,5585087,3950775,
2026-09-20T08:38:49.715989+00:00,221833,5585112,3951138,
2026-09-20T08:38:49.731987+00:00,221834,5585137,3951353,
2026-09-20T08:38:49.764032+00:00,221835,5585162,3951061,
2026-09-20T08:38:49.779989+00:00,221836,5585188,3951512,
2026-09-20T08:38:49.811987+00:00,221837,5585213,3951651,
2026-09-20T08:38:49.827988+00:00,221838,5585238,3951764,
2026-09-20T08:38:49.859988+00:00,221839,5585263,3951681,
2026-09-20T08:38:49.891992+00:00,221840,5585288,3952178,
2026-09-20T08:38:49.907988+00:00,221841,5585313,3952522,
2026-09-20T08:38:49.939991+00:00,221842,5585339,3952566,
2026-09-20T08:38:49.955988+00:00,221843,5585364,3952657,
2026-09-20T08:38:49.987989+00:00,221844,5585389,3952208,
2026-09-20T08:38:50.005997+00:00,221845,5585414,3950534,
2026-09-20T08:38:50.036017+00:00,221846,5585439,3950535,
2026-09-20T08:38:50.067989+00:00,221847,5585464,3951493,
2026-09-20T08:38:50.083990+00:00,221848,5585490,3952149,
2026-09-20T08:38:50.116002+00:00,221849,5585515,3951641,
2026-09-20T08:38:50.131989+00:00,221850,5585540,3951317,
2026-09-20T08:38:50.163989+00:00,221851,5585565,3950710,
2026-09-20T08:38:50.179990+00:00,221852,5585590,3950147,
2026-09-20T08:38:50.211997+00:00,221853,5585616,3950281,
2026-09-20T08:38:50.243991+00:00,221854,5585641,3951550,
2026-09-20T08:38:50.259989+00:00,221855,5585666,3951191,
2026-09-20T08:38:50.291989+00:00,221856,5585691,3950633,
2026-09-20T08:38:50.307989+00:00,221857,5585716,3950805,
2026-09-20T08:38:50.339990+00:00,221858,5585741,3950701,
2026-09-20T08:38:50.355989+00:00,221859,5585767,3950061,
2026-09-20T08:38:50.387987+00:00,221860,5585792,3950436,
2026-09-20T08:38:50.419989+00:00,221861,5585817,3950717,
2026-09-20T08:38:50.435868+00:00,221862,5585842,3951133,
2026-09-20T08:38:50.467536+00:00,221863,5585867,3951092,
2026-09-20T08:38:50.483903+00:00,221864,5585892,3950667,
2026-09-20T08:38:50.515866+00:00,221865,5585918,3951939,
2026-09-20T08:38:50.531874+00:00,221866,5585943,3954628,
2026-09-20T08:38:50.563891+00:00,221867,5585968,3957281,
2026-09-20T08:38:50.595838+00:00,221868,5585993,3961113,
2026-09-20T08:38:50.611441+00:00,221869,5586018,3967416,
2026-09-20T08:38:50.643843+00:00,221870,5586043,3975560,
2026-09-20T08:38:50.659834+00:00,221871,5586069,3985555,
2026-09-20T08:38:50.691609+00:00,221872,5586094,3998118,
2026-09-20T08:38:50.707842+00:00,221873,5586119,4011914,
2026-09-20T08:38:50.739814+00:00,221874,5586144,4029159,
2026-09-20T08:38:50.771837+00:00,221875,5586169,4048360,
2026-09-20T08:38:50.787850+00:00,221876,5586194,4069855,
2026-09-20T08:38:50.819841+00:00,221877,5586220,4089477,
2026-09-20T08:38:50.835767+00:00,221878,5586245,4109796,
2026-09-20T08:38:50.867534+00:00,221879,5586270,4132489,
2026-09-20T08:38:50.883838+00:00,221880,5586295,4141533,
2026-09-20T08:38:50.915832+00:00,221881,5586320,4144788,
2026-09-20T08:38:50.947840+00:00,221882,5586345,4147170,
2026-09-20T08:38:50.963842+00:00,221883,5586371,4138873,
2026-09-20T08:38:50.995825+00:00,221884,5586396,4121889,
2026-09-20T08:38:51.011917+00:00,221885,5586421,4106661,
2026-09-20T08:38:51.044947+00:00,221886,5586446,4097126,
2026-09-20T08:38:51.059832+00:00,221887,5586471,4086483,
2026-09-20T08:38:51.092057+00:00,221888,5586496,4073843,
2026-09-20T08:38:51.123827+00:00,221889,5586522,4058836,
2026-09-20T08:38:51.140068+00:00,221890,5586547,4043143,
2026-09-20T08:38:51.171866+00:00,221891,5586572,4032567,
2026-09-20T08:38:51.187837+00:00,221892,5586597,4021379,
2026-09-20T08:38:51.219865+00:00,221893,5586622,4011837,
2026-09-20T08:38:51.251829+00:00,221894,5586647,4008093,
2026-09-20T08:38:51.268547+00:00,221895,5586673,3996748,
2026-09-20T08:38:51.300011+00:00,221896,5586698,3976708,
2026-09-20T08:38:51.316033+00:00,221897,5586723,3960172,
2026-09-20T08:38:51.347818+00:00,221898,5586748,3946409,
2026-09-20T08:38:51.363591+00:00,221899,5586773,3924391,
2026-09-20T08:38:51.395625+00:00,221900,5586798,3887547,
2026-09-20T08:38:51.427623+00:00,221901,5586824,3837953,
2026-09-20T08:38:51.443623+00:00,221902,5586849,3777678,
2026-09-20T08:38:51.475624+00:00,221903,5586874,3702742,
2026-09-20T08:38:51.492623+00:00,221904,5586899,3612311,
2026-09-20T08:38:51.523817+00:00,221905,5586924,3532277,
2026-09-20T08:38:51.539815+00:00,221906,5586949,3484988,
2026-09-20T08:38:51.571902+00:00,221907,5586975,3485367,
2026-09-20T08:38:51.603816+00:00,221908,5587000,3530210,
2026-09-20T08:38:51.619805+00:00,221909,5587025,3603395,
2026-09-20T08:38:51.651836+00:00,221910,5587050,3681854,
2026-09-20T08:38:51.667805+00:00,221911,5587075,3752390,
2026-09-20T08:38:51.699807+00:00,221912,5587100,3809002,
2026-09-20T08:38:51.715824+00:00,221913,5587126,3851005,
2026-09-20T08:38:51.747825+00:00,221914,5587151,3879859,
2026-09-20T08:38:51.779829+00:00,221915,5587176,3899712,
2026-09-20T08:38:51.796512+00:00,221916,5587201,3914252,
2026-09-20T08:38:51.827811+00:00,221917,5587226,3923515,
2026-09-20T08:38:51.846259+00:00,221918,5587251,3928697,
2026-09-20T08:38:51.876342+00:00,221919,5587277,3932767,
2026-09-20T08:38:51.891823+00:00,221920,5587302,3935118,
2026-09-20T08:38:51.925105+00:00,221921,5587327,3937352,
2026-09-20T08:38:51.955828+00:00,221922,5587352,3939174,
2026-09-20T08:38:51.975035+00:00,221923,5587377,3941441,
2026-09-20T08:38:52.003836+00:00,221924,5587402,3943417,
2026-09-20T08:38:52.020023+00:00,221925,5587428,3944792,
2026-09-20T08:38:52.052391+00:00,221926,5587453,3946219,
2026-09-20T08:38:52.067842+00:00,221927,5587478,3948201,
2026-09-20T08:38:52.099814+00:00,221928,5587503,3949849,
2026-09-20T08:38:52.132267+00:00,221929,5587528,3949683,
2026-09-20T08:38:52.147524+00:00,221930,5587554,3949999,
2026-09-20T08:38:52.180576+00:00,221931,5587579,3949788,
2026-09-20T08:38:52.196250+00:00,221932,5587604,3950714,
2026-09-20T08:38:52.227887+00:00,221933,5587629,3950884,
2026-09-20T08:38:52.245038+00:00,221934,5587654,3949943,
2026-09-20T08:38:52.275799+00:00,221935,5587679,3948975,
2026-09-20T08:38:52.309992+00:00,221936,5587705,3947705,
2026-09-20T08:38:52.323809+00:00,221937,5587730,3946799,
2026-09-20T08:38:52.355994+00:00,221938,5587755,3947313,
2026-09-20T08:38:52.371856+00:00,221939,5587780,3948250,
2026-09-20T08:38:52.405960+00:00,221940,5587805,3949188,
2026-09-20T08:38:52.419793+00:00,221941,5587830,3950023,
2026-09-20T08:38:52.451932+00:00,221942,5587856,3950618,
2026-09-20T08:38:52.483496+00:00,221943,5587881,3950608,
2026-09-20T08:38:52.499782+00:00,221944,5587906,3950403,
2026-09-20T08:38:52.531449+00:00,221945,5587931,3949185,
2026-09-20T08:38:52.548243+00:00,221946,5587956,3948773,
2026-09-20T08:38:52.579238+00:00,221947,5587981,3949135,
2026-09-20T08:38:52.595797+00:00,221948,5588007,3949588,
2026-09-20T08:38:52.627906+00:00,221949,5588032,3949505,
2026-09-20T08:38:52.659978+00:00,221950,5588057,3949792,
2026-09-20T08:38:52.675983+00:00,221951,5588082,3949970,
2026-09-20T08:38:52.707968+00:00,221952,5588107,3950467,
2026-09-20T08:38:52.724282+00:00,221953,5588132,3950395,
2026-09-20T08:38:52.755194+00:00,221954,5588158,3950189,
2026-09-20T08:38:52.772198+00:00,221955,5588183,3949869,
2026-09-20T08:38:52.803765+00:00,221956,5588208,3949907,
2026-09-20T08:38:52.835964+00:00,221957,5588233,3950666,
2026-09-20T08:38:52.851889+00:00,221958,5588258,3951084,
2026-09-20T08:38:52.883788+00:00,221959,5588283,3950606,
2026-09-20T08:38:52.899776+00:00,221960,5588309,3950626,
2026-09-20T08:38:52.931791+00:00,221961,5588334,3951064,
2026-09-20T08:38:52.947765+00:00,221962,5588359,3950581,
2026-09-20T08:38:52.979991+00:00,221963,5588384,3949334,
2026-09-20T08:38:53.011779+00:00,221964,5588409,3949623,
2026-09-20T08:38:53.027710+00:00,221965,5588434,3949847,
2026-09-20T08:38:53.059841+00:00,221966,5588460,3950375,
2026-09-20T08:38:53.075767+00:00,221967,5588485,3950398,
2026-09-20T08:38:53.107979+00:00,221968,5588510,3949904,
2026-09-20T08:38:53.123809+00:00,221969,5588535,3949919,
2026-09-20T08:38:53.156089+00:00,221970,5588560,3950295,
2026-09-20T08:38:53.187231+00:00,221971,5588585,3950637,
2026-09-20T08:38:53.203820+00:00,221972,5588611,3951106,
2026-09-20T08:38:53.235796+00:00,221973,5588636,3951416,
2026-09-20T08:38:53.251909+00:00,221974,5588661,3951337,
2026-09-20T08:38:53.284209+00:00,221975,5588686,3951680,
2026-09-20T08:38:53.299819+00:00,221976,5588711,3951134,
2026-09-20T08:38:53.331398+00:00,221977,5588736,3950836,
2026-09-20T08:38:53.363762+00:00,221978,5588762,3951144,
2026-09-20T08:38:53.379594+00:00,221979,5588787,3951552,
2026-09-20T08:38:53.411776+00:00,221980,5588812,3951759,
2026-09-20T08:38:53.427785+00:00,221981,5588837,3950661,
2026-09-20T08:38:53.459756+00:00,221982,5588862,3950501,
2026-09-20T08:38:53.475586+00:00,221983,5588887,3951242,
2026-09-20T08:38:53.507744+00:00,221984,5588913,3951239,
2026-09-20T08:38:53.539763+00:00,221985,5588938,3951174,
2026-09-20T08:38:53.555676+00:00,221986,5588963,3951411,
2026-09-20T08:38:53.587760+00:00,221987,5588988,3951672,
2026-09-20T08:38:53.603215+00:00,221988,5589013,3951815,
2026-09-20T08:38:53.636248+00:00,221989,5589039,3951683,
2026-09-20T08:38:53.652038+00:00,221990,5589064,3951386,
2026-09-20T08:38:53.683903+00:00,221991,5589089,3951571,
2026-09-20T08:38:53.715638+00:00,221992,5589114,3951948,
2026-09-20T08:38:53.731755+00:00,221993,5589139,3951777,
2026-09-20T08:38:53.764092+00:00,221994,5589164,3951221,
2026-09-20T08:38:53.780064+00:00,221995,5589190,3950676,
2026-09-20T08:38:53.811746+00:00,221996,5589215,3950625,
2026-09-20T08:38:53.843773+00:00,221997,5589240,3951400,
2026-09-20T08:38:53.859772+00:00,221998,5589265,3951000,
2026-09-20T08:38:53.891786+00:00,221999,5589290,3950601,
2026-09-20T08:38:53.907752+00:00,222000,5589315,3950942,
2026-09-20T08:38:53.939743+00:00,222001,5589341,3951130,
2026-09-20T08:38:53.956012+00:00,222002,5589366,3951382,
2026-09-20T08:38:53.987749+00:00,222003,5589391,3951450,
2026-09-20T08:38:54.019668+00:00,222004,5589416,3950978,
2026-09-20T08:38:54.035383+00:00,222005,5589441,3950503,
2026-09-20T08:38:54.067546+00:00,222006,5589466,3950537,
2026-09-20T08:38:54.083785+00:00,222007,5589492,3951149,
2026-09-20T08:38:54.115765+00:00,222008,5589517,3951153,
2026-09-20T08:38:54.131759+00:00,222009,5589542,3950928,
2026-09-20T08:38:54.163745+00:00,222010,5589567,3950324,
2026-09-20T08:38:54.195933+00:00,222011,5589592,3950375,
2026-09-20T08:38:54.211934+00:00,222012,5589617,3950385,
2026-09-20T08:38:54.243747+00:00,222013,5589643,3949731,
2026-09-20T08:38:54.259575+00:00,222014,5589668,3949614,
2026-09-20T08:38:54.291570+00:00,222015,5589693,3950101,
2026-09-20T08:38:54.307766+00:00,222016,5589718,3950486,
2026-09-20T08:38:54.339675+00:00,222017,5589743,3950154,
2026-09-20T08:38:54.371717+00:00,222018,5589768,3949790,
2026-09-20T08:38:54.387570+00:00,222019,5589794,3949418,
2026-09-20T08:38:54.420576+00:00,222020,5589819,3950030,
2026-09-20T08:38:54.441568+00:00,222021,5589844,3950525,
2026-09-20T08:38:54.467569+00:00,222022,5589869,3950860,
2026-09-20T08:38:54.483570+00:00,222023,5589894,3951111,
2026-09-20T08:38:54.515757+00:00,222024,5589920,3951201,
2026-09-20T08:38:54.547742+00:00,222025,5589945,3951143,
2026-09-20T08:38:54.563729+00:00,222026,5589970,3951349,
2026-09-20T08:38:54.595932+00:00,222027,5589995,3952045,
2026-09-20T08:38:54.611941+00:00,222028,5590020,3952044,
2026-09-20T08:38:54.643746+00:00,222029,5590045,3951101,
2026-09-20T08:38:54.659423+00:00,222030,5590071,3951058,
2026-09-20T08:38:54.691744+00:00,222031,5590096,3950736,
2026-09-20T08:38:54.723751+00:00,222032,5590121,3950483,
2026-09-20T08:38:54.739745+00:00,222033,5590146,3951054,
2026-09-20T08:38:54.771785+00:00,222034,5590171,3950955,
2026-09-20T08:38:54.787766+00:00,222035,5590196,3951226,
2026-09-20T08:38:54.819350+00:00,222036,5590222,3951360,
2026-09-20T08:38:54.835664+00:00,222037,5590247,3951295,
2026-09-20T08:38:54.867541+00:00,222038,5590272,3951315,
2026-09-20T08:38:54.899765+00:00,222039,5590297,3952086,
2026-09-20T08:38:54.915743+00:00,222040,5590322,3953124,
2026-09-20T08:38:54.947501+00:00,222041,5590347,3953170,
2026-09-20T08:38:54.963985+00:00,222042,5590373,3952644,
2026-09-20T08:38:54.995741+00:00,222043,5590398,3952139,
2026-09-20T08:38:55.011748+00:00,222044,5590423,3951833,
2026-09-20T08:38:55.043438+00:00,222045,5590448,3951730,
2026-09-20T08:38:55.075764+00:00,222046,5590473,3951196,
2026-09-20T08:38:55.091764+00:00,222047,5590498,3950789,
2026-09-20T08:38:55.123579+00:00,222048,5590524,3951146,
2026-09-20T08:38:55.139726+00:00,222049,5590549,3951089,
2026-09-20T08:38:55.171875+00:00,222050,5590574,3950520,
2026-09-20T08:38:55.187938+00:00,222051,5590599,3949792,
2026-09-20T08:38:55.219743+00:00,222052,5590624,3949601,
2026-09-20T08:38:55.251710+00:00,222053,5590650,3949581,
2026-09-20T08:38:55.267542+00:00,222054,5590675,3949327,
2026-09-20T08:38:55.299712+00:00,222055,5590700,3949432,
2026-09-20T08:38:55.315723+00:00,222056,5590725,3949084,
2026-09-20T08:38:55.347728+00:00,222057,5590750,3949617,
2026-09-20T08:38:55.363741+00:00,222058,5590775,3949274,
2026-09-20T08:38:55.395720+00:00,222059,5590801,3949164,
2026-09-20T08:38:55.427710+00:00,222060,5590826,3948854,
2026-09-20T08:38:55.443701+00:00,222061,5590851,3949449,
2026-09-20T08:38:55.476010+00:00,222062,5590876,3950607,
2026-09-20T08:38:55.491834+00:00,222063,5590901,3950378,
2026-09-20T08:38:55.523740+00:00,222064,5590926,3949825,
2026-09-20T08:38:55.539728+00:00,222065,5590952,3950011,
2026-09-20T08:38:55.574255+00:00,222066,5590977,3950490,
2026-09-20T08:38:55.603447+00:00,222067,5591002,3949761,
2026-09-20T08:38:55.619709+00:00,222068,5591027,3948978,
2026-09-20T08:38:55.651456+00:00,222069,5591052,3949385,
2026-09-20T08:38:55.667933+00:00,222070,5591077,3951146,
2026-09-20T08:38:55.699715+00:00,222071,5591103,3951818,
2026-09-20T08:38:55.715708+00:00,222072,5591128,3952783,
2026-09-20T08:38:55.747760+00:00,222073,5591153,3953402,
2026-09-20T08:38:55.779745+00:00,222074,5591178,3954998,
2026-09-20T08:38:55.796055+00:00,222075,5591203,3956954,
2026-09-20T08:38:55.827742+00:00,222076,5591228,3958252,
2026-09-20T08:38:55.843893+00:00,222077,5591254,3963411,
2026-09-20T08:38:55.875759+00:00,222078,5591279,3972999,
2026-09-20T08:38:55.891848+00:00,222079,5591304,3987122,
2026-09-20T08:38:55.923781+00:00,222080,5591329,4006615,
2026-09-20T08:38:55.955746+00:00,222081,5591354,4030127,
2026-09-20T08:38:55.976242+00:00,222082,5591379,4054361,
2026-09-20T08:38:56.006421+00:00,222083,5591405,4072955,
2026-09-20T08:38:56.020663+00:00,222084,5591430,4088206,
2026-09-20T08:38:56.051706+00:00,222085,5591455,4106346,
2026-09-20T08:38:56.083741+00:00,222086,5591480,4121930,
2026-09-20T08:38:56.099711+00:00,222087,5591505,4129684,
2026-09-20T08:38:56.131705+00:00,222088,5591531,4134666,
2026-09-20T08:38:56.147729+00:00,222089,5591556,4130106,
2026-09-20T08:38:56.179728+00:00,222090,5591581,4122917,
2026-09-20T08:38:56.197083+00:00,222091,5591606,4115475,
2026-09-20T08:38:56.227730+00:00,222092,5591631,4101929,
2026-09-20T08:38:56.259266+00:00,222093,5591656,4089277,
2026-09-20T08:38:56.276989+00:00,222094,5591682,4078797,
2026-09-20T08:38:56.307729+00:00,222095,5591707,4070165,
2026-09-20T08:38:56.323756+00:00,222096,5591732,4058841,
2026-09-20T08:38:56.356955+00:00,222097,5591757,4037666,
2026-09-20T08:38:56.371293+00:00,222098,5591782,4018680,
2026-09-20T08:38:56.406516+00:00,222099,5591807,4008575,
2026-09-20T08:38:56.435690+00:00,222100,5591833,3999284,
2026-09-20T08:38:56.451742+00:00,222101,5591858,3989606,
2026-09-20T08:38:56.484751+00:00,222102,5591883,3980232,
2026-09-20T08:38:56.500783+00:00,222103,5591908,3973395,
2026-09-20T08:38:56.532877+00:00,222104,5591933,3969537,
2026-09-20T08:38:56.547694+00:00,222105,5591958,3957476,
2026-09-20T08:38:56.579955+00:00,222106,5591984,3934363,
2026-09-20T08:38:56.612808+00:00,222107,5592009,3900617,
2026-09-20T08:38:56.627720+00:00,222108,5592034,3856406,
2026-09-20T08:38:56.659710+00:00,222109,5592059,3815173,
2026-09-20T08:38:56.675673+00:00,222110,5592084,3778840,
2026-09-20T08:38:56.707692+00:00,222111,5592109,3737966,
2026-09-20T08:38:56.723697+00:00,222112,5592135,3687040,
2026-09-20T08:38:56.755685+00:00,222113,5592160,3632056,
2026-09-20T08:38:56.787694+00:00,222114,5592185,3577578,
2026-09-20T08:38:56.808450+00:00,222115,5592210,3539670,
2026-09-20T08:38:56.835847+00:00,222116,5592235,3544674,
2026-09-20T08:38:56.851535+00:00,222117,5592261,3599712,
2026-09-20T08:38:56.883294+00:00,222118,5592286,3678674,
2026-09-20T08:38:56.899699+00:00,222119,5592311,3751977,
2026-09-20T08:38:56.931697+00:00,222120,5592336,3808067,
2026-09-20T08:38:56.963668+00:00,222121,5592361,3848281,
2026-09-20T08:38:56.979746+00:00,222122,5592386,3877787,
2026-09-20T08:38:57.011784+00:00,222123,5592412,3899269,
2026-09-20T08:38:57.027722+00:00,222124,5592437,3913799,
2026-09-20T08:38:57.060766+00:00,222125,5592462,3921505,
2026-09-20T08:38:57.075748+00:00,222126,5592487,3926883,
2026-09-20T08:38:57.108399+00:00,222127,5592512,3931399,
2026-09-20T08:38:57.139899+00:00,222128,5592537,3935341,
2026-09-20T08:38:57.162360+00:00,222129,5592563,3937043,
2026-09-20T08:38:57.187664+00:00,222130,5592588,3939054,
2026-09-20T08:38:57.203697+00:00,222131,5592613,3941597,
2026-09-20T08:38:57.241176+00:00,222132,5592638,3943129,
2026-09-20T08:38:57.251721+00:00,222133,5592663,3944247,
2026-09-20T08:38:57.283614+00:00,222134,5592688,3943534,
2026-09-20T08:38:57.315669+00:00,222135,5592714,3942749,
2026-09-20T08:38:57.331724+00:00,222136,5592739,3943739,
2026-09-20T08:38:57.363714+00:00,222137,5592764,3945523,
2026-09-20T08:38:57.379675+00:00,222138,5592789,3946154,
2026-09-20T08:38:57.411716+00:00,222139,5592814,3947375,
2026-09-20T08:38:57.428027+00:00,222140,5592839,3947909,
2026-09-20T08:38:57.459698+00:00,222141,5592865,3947715,
2026-09-20T08:38:57.491673+00:00,222142,5592890,3948107,
2026-09-20T08:38:57.507668+00:00,222143,5592915,3947732,
2026-09-20T08:38:57.539821+00:00,222144,5592940,3946954,
2026-09-20T08:38:57.555733+00:00,222145,5592965,3947135,
2026-09-20T08:38:57.587755+00:00,222146,5592990,3948015,
2026-09-20T08:38:57.607756+00:00,222147,5593016,3947978,
2026-09-20T08:38:57.635666+00:00,222148,5593041,3948167,
2026-09-20T08:38:57.667725+00:00,222149,5593066,3948027,
2026-09-20T08:38:57.683686+00:00,222150,5593091,3947068,
2026-09-20T08:38:57.717120+00:00,222151,5593116,3946960,
2026-09-20T08:38:57.731663+00:00,222152,5593142,3946644,
2026-09-20T08:38:57.763661+00:00,222153,5593167,3947031,
2026-09-20T08:38:57.779647+00:00,222154,5593192,3947163,
2026-09-20T08:38:57.812255+00:00,222155,5593217,3946995,
2026-09-20T08:38:57.844766+00:00,222156,5593242,3947326,
2026-09-20T08:38:57.859683+00:00,222157,5593267,3948596,
2026-09-20T08:38:57.891980+00:00,222158,5593293,3948674,
2026-09-20T08:38:57.910007+00:00,222159,5593318,3948578,
2026-09-20T08:38:57.940112+00:00,222160,5593343,3948462,
2026-09-20T08:38:57.955967+00:00,222161,5593368,3948790,
2026-09-20T08:38:57.987686+00:00,222162,5593393,3948549,
2026-09-20T08:38:58.019653+00:00,222163,5593418,3948998,
2026-09-20T08:38:58.035677+00:00,222164,5593444,3950216,
2026-09-20T08:38:58.068775+00:00,222165,5593469,3950715,
2026-09-20T08:38:58.083657+00:00,222166,5593494,3951111,
2026-09-20T08:38:58.115709+00:00,222167,5593519,3950960,
2026-09-20T08:38:58.131703+00:00,222168,5593544,3951308,
2026-09-20T08:38:58.163680+00:00,222169,5593569,3951575,
2026-09-20T08:38:58.195674+00:00,222170,5593595,3951113,
2026-09-20T08:38:58.211652+00:00,222171,5593620,3949541,
2026-09-20T08:38:58.244390+00:00,222172,5593645,3948704,
2026-09-20T08:38:58.259674+00:00,222173,5593670,3948399,
2026-09-20T08:38:58.291673+00:00,222174,5593695,3948815,
2026-09-20T08:38:58.324890+00:00,222175,5593720,3948001,
2026-09-20T08:38:58.339668+00:00,222176,5593746,3946148,
2026-09-20T08:38:58.374511+00:00,222177,5593771,3944145,
2026-09-20T08:38:58.387659+00:00,222178,5593796,3942301,
2026-09-20T08:38:58.419649+00:00,222179,5593821,3941411,
2026-09-20T08:38:58.442551+00:00,222180,5593846,3940149,
2026-09-20T08:38:58.467654+00:00,222181,5593872,3939277,
2026-09-20T08:38:58.499643+00:00,222182,5593897,3938934,
2026-09-20T08:38:58.515698+00:00,222183,5593922,3939216,
2026-09-20T08:38:58.547642+00:00,222184,5593947,3940227,
2026-09-20T08:38:58.563650+00:00,222185,5593972,3941388,
2026-09-20T08:38:58.596913+00:00,222186,5593997,3941959,
2026-09-20T08:38:58.611638+00:00,222187,5594023,3942791,
2026-09-20T08:38:58.643718+00:00,222188,5594048,3943698,
2026-09-20T08:38:58.675625+00:00,222189,5594073,3944391,
2026-09-20T08:38:58.691636+00:00,222190,5594098,3945699,
2026-09-20T08:38:58.723667+00:00,222191,5594123,3946118,
2026-09-20T08:38:58.739387+00:00,222192,5594148,3946506,
2026-09-20T08:38:58.775306+00:00,222193,5594174,3947455,
2026-09-20T08:38:58.787569+00:00,222194,5594199,3949858,
2026-09-20T08:38:58.819649+00:00,222195,5594224,3952157,
2026-09-20T08:38:58.851668+00:00,222196,5594249,3950960,
2026-09-20T08:38:58.867511+00:00,222197,5594274,3947699,
2026-09-20T08:38:58.900726+00:00,222198,5594299,3945766,
2026-09-20T08:38:58.915728+00:00,222199,5594325,3944262,
2026-09-20T08:38:58.947664+00:00,222200,5594350,3943189,
2026-09-20T08:38:58.964888+00:00,222201,5594375,3942906,
2026-09-20T08:38:58.995329+00:00,222202,5594400,3943970,
2026-09-20T08:38:59.028712+00:00,222203,5594425,3943933,
2026-09-20T08:38:59.043999+00:00,222204,5594450,3943053,
2026-09-20T08:38:59.075661+00:00,222205,5594476,3941568,
2026-09-20T08:38:59.092288+00:00,222206,5594501,3943478,
2026-09-20T08:38:59.123660+00:00,222207,5594526,3945544,
2026-09-20T08:38:59.143515+00:00,222208,5594551,3945361,
2026-09-20T08:38:59.171630+00:00,222209,5594576,3945319,
2026-09-20T08:38:59.200950+00:00,222210,5594601,3944965,
2026-09-20T08:38:59.214936+00:00,222211,5594627,3943501,
2026-09-20T08:38:59.246919+00:00,222212,5594652,3942231,
2026-09-20T08:38:59.265068+00:00,222213,5594677,3940800,
2026-09-20T08:38:59.295119+00:00,222214,5594702,3940375,
2026-09-20T08:38:59.302215+00:00,222215,5594727,3940705,
2026-09-20T08:38:59.345872+00:00,222216,5594752,3943066,
2026-09-20T08:38:59.379648+00:00,222217,5594778,3945399,
2026-09-20T08:38:59.388461+00:00,222218,5594803,3946076,
2026-09-20T08:38:59.425406+00:00,222219,5594828,3945606,
2026-09-20T08:38:59.442875+00:00,222220,5594853,3945307,
2026-09-20T08:38:59.476130+00:00,222221,5594878,3946087,
2026-09-20T08:38:59.491593+00:00,222222,5594904,3947657,
2026-09-20T08:38:59.523619+00:00,222223,5594929,3949535,
2026-09-20T08:38:59.544364+00:00,222224,5594954,3950422,
2026-09-20T08:38:59.571605+00:00,222225,5594979,3951536,
2026-09-20T08:38:59.590157+00:00,222226,5595004,3954019,
2026-09-20T08:38:59.605986+00:00,222227,5595029,3955576,
2026-09-20T08:38:59.637335+00:00,222228,5595055,3955592,
2026-09-20T08:38:59.667617+00:00,222229,5595080,3954405,
2026-09-20T08:38:59.700064+00:00,222230,5595105,3953429,
2026-09-20T08:38:59.731631+00:00,222231,5595130,3952977,
2026-09-20T08:38:59.747635+00:00,222232,5595155,3954079,
2026-09-20T08:38:59.779612+00:00,222233,5595180,3956874,
2026-09-20T08:38:59.794198+00:00,222234,5595206,3959818,
2026-09-20T08:38:59.825387+00:00,222235,5595231,3960497,
2026-09-20T08:38:59.843393+00:00,222236,5595256,3958924,
2026-09-20T08:38:59.876003+00:00,222237,5595281,3957848,
2026-09-20T08:38:59.907600+00:00,222238,5595306,3957755,
2026-09-20T08:38:59.918369+00:00,222239,5595331,3956046,
2026-09-20T08:38:59.955614+00:00,222240,5595357,3954296,
2026-09-20T08:38:59.971613+00:00,222241,5595382,3953040,
2026-09-20T08:39:00.005453+00:00,222242,5595407,3950451,
2026-09-20T08:39:00.019607+00:00,222243,5595432,3947236,
2026-09-20T08:39:00.051611+00:00,222244,5595457,3945416,
2026-09-20T08:39:00.083593+00:00,222245,5595482,3944510,
2026-09-20T08:39:00.100211+00:00,222246,5595508,3945215,
2026-09-20T08:39:00.132321+00:00,222247,5595533,3947534,
2026-09-20T08:39:00.148709+00:00,222248,5595558,3949052,
2026-09-20T08:39:00.179651+00:00,222249,5595583,3949319,
2026-09-20T08:39:00.195660+00:00,222250,5595608,3947012,
2026-09-20T08:39:00.227625+00:00,222251,5595633,3940800,
2026-09-20T08:39:00.260852+00:00,222252,5595659,3936081,
2026-09-20T08:39:00.275391+00:00,222253,5595684,3937058,
2026-09-20T08:39:00.307652+00:00,222254,5595709,3936996,
2026-09-20T08:39:00.323644+00:00,222255,5595734,3936902,
2026-09-20T08:39:00.355487+00:00,222256,5595759,3939866,
2026-09-20T08:39:00.371901+00:00,222257,5595785,3938453,
2026-09-20T08:39:00.410753+00:00,222258,5595810,3936304,
2026-09-20T08:39:00.435596+00:00,222259,5595835,3939161,
2026-09-20T08:39:00.451606+00:00,222260,5595860,3940082,
2026-09-20T08:39:00.483593+00:00,222261,5595885,3940173,
2026-09-20T08:39:00.499634+00:00,222262,5595910,3941398,
2026-09-20T08:39:00.532788+00:00,222263,5595936,3941212,
2026-09-20T08:39:00.564723+00:00,222264,5595961,3941359,
2026-09-20T08:39:00.580261+00:00,222265,5595986,3941648,
2026-09-20T08:39:00.611649+00:00,222266,5596011,3943435,
2026-09-20T08:39:00.627787+00:00,222267,5596036,3947849,
2026-09-20T08:39:00.659608+00:00,222268,5596061,3948814,
2026-09-20T08:39:00.675634+00:00,222269,5596087,3947426,
2026-09-20T08:39:00.707620+00:00,222270,5596112,3948353,
2026-09-20T08:39:00.741847+00:00,222271,5596137,3947825,
2026-09-20T08:39:00.755584+00:00,222272,5596162,3946849,
2026-09-20T08:39:00.788891+00:00,222273,5596187,3946864,
2026-09-20T08:39:00.807777+00:00,222274,5596212,3946623,
2026-09-20T08:39:00.836389+00:00,222275,5596238,3946311,
2026-09-20T08:39:00.852325+00:00,222276,5596263,3946814,
2026-09-20T08:39:00.883680+00:00,222277,5596288,3947035,
2026-09-20T08:39:00.915625+00:00,222278,5596313,3946692,
2026-09-20T08:39:00.931682+00:00,222279,5596338,3946472,
2026-09-20T08:39:00.963650+00:00,222280,5596363,3946116,
2026-09-20T08:39:00.979593+00:00,222281,5596389,3946394,
2026-09-20T08:39:01.011324+00:00,222282,5596414,3946597,
2026-09-20T08:39:01.029659+00:00,222283,5596439,3946393,
2026-09-20T08:39:01.059617+00:00,222284,5596464,3945900,
2026-09-20T08:39:01.091608+00:00,222285,5596489,3945937,
2026-09-20T08:39:01.107587+00:00,222286,5596515,3946188,
2026-09-20T08:39:01.139593+00:00,222287,5596540,3946063,
2026-09-20T08:39:01.155618+00:00,222288,5596565,3946002,
2026-09-20T08:39:01.190734+00:00,222289,5596590,3945998,
2026-09-20T08:39:01.203600+00:00,222290,5596615,3945798,
2026-09-20T08:39:01.236357+00:00,222291,5596640,3945857,
2026-09-20T08:39:01.269547+00:00,222292,5596666,3946179,
2026-09-20T08:39:01.283366+00:00,222293,5596691,3946282,
2026-09-20T08:39:01.315644+00:00,222294,5596716,3946200,
2026-09-20T08:39:01.331611+00:00,222295,5596741,3946096,
2026-09-20T08:39:01.363599+00:00,222296,5596766,3945778,
2026-09-20T08:39:01.379587+00:00,222297,5596791,3946141,
2026-09-20T08:39:01.411586+00:00,222298,5596817,3946872,
2026-09-20T08:39:01.443659+00:00,222299,5596842,3946625,
2026-09-20T08:39:01.459736+00:00,222300,5596867,3946233,
2026-09-20T08:39:01.491590+00:00,222301,5596892,3946175,
2026-09-20T08:39:01.507753+00:00,222302,5596917,3946242,
2026-09-20T08:39:01.539562+00:00,222303,5596942,3946454,
2026-09-20T08:39:01.555587+00:00,222304,5596968,3946814,
2026-09-20T08:39:01.587514+00:00,222305,5596993,3946665,
2026-09-20T08:39:01.619515+00:00,222306,5597018,3946526,
2026-09-20T08:39:01.635514+00:00,222307,5597043,3946525,
2026-09-20T08:39:01.667259+00:00,222308,5597068,3946403,
2026-09-20T08:39:01.683310+00:00,222309,5597093,3946616,
2026-09-20T08:39:01.715559+00:00,222310,5597119,3946244,
2026-09-20T08:39:01.731573+00:00,222311,5597144,3946359,
2026-09-20T08:39:01.763547+00:00,222312,5597169,3946377,
2026-09-20T08:39:01.795546+00:00,222313,5597194,3946256,
2026-09-20T08:39:01.811548+00:00,222314,5597219,3946411,
2026-09-20T08:39:01.843252+00:00,222315,5597244,3946103,
2026-09-20T08:39:01.859562+00:00,222316,5597270,3946323,
2026-09-20T08:39:01.891556+00:00,222317,5597295,3946510,
2026-09-20T08:39:01.907346+00:00,222318,5597320,3946654,
2026-09-20T08:39:01.956346+00:00,222319,5597345,3946197,
2026-09-20T08:39:01.971346+00:00,222320,5597370,3946356,
2026-09-20T08:39:01.987345+00:00,222321,5597395,3946356,
2026-09-20T08:39:02.019349+00:00,222322,5597421,3945740,
2026-09-20T08:39:02.035345+00:00,222323,5597446,3945998,
2026-09-20T08:39:02.067553+00:00,222324,5597471,3946280,
2026-09-20T08:39:02.083534+00:00,222325,5597496,3946197,
2026-09-20T08:39:02.115610+00:00,222326,5597521,3946530,
2026-09-20T08:39:02.147540+00:00,222327,5597547,3946468,
2026-09-20T08:39:02.163562+00:00,222328,5597572,3946000,
2026-09-20T08:39:02.195541+00:00,222329,5597597,3946178,
2026-09-20T08:39:02.211544+00:00,222330,5597622,3946322,
2026-09-20T08:39:02.244150+00:00,222331,5597647,3946448,
2026-09-20T08:39:02.259389+00:00,222332,5597672,3946423,
2026-09-20T08:39:02.291549+00:00,222333,5597698,3946650,
2026-09-20T08:39:02.323534+00:00,222334,5597723,3946679,
2026-09-20T08:39:02.339585+00:00,222335,5597748,3946961,
2026-09-20T08:39:02.371600+00:00,222336,5597773,3946773,
2026-09-20T08:39:02.387531+00:00,222337,5597798,3946292,
2026-09-20T08:39:02.419612+00:00,222338,5597823,3945937,
2026-09-20T08:39:02.435557+00:00,222339,5597849,3945878,
2026-09-20T08:39:02.467358+00:00,222340,5597874,3946283,
2026-09-20T08:39:02.499536+00:00,222341,5597899,3946542,
2026-09-20T08:39:02.515521+00:00,222342,5597924,3946236,
2026-09-20T08:39:02.547534+00:00,222343,5597949,3945911,
2026-09-20T08:39:02.563635+00:00,222344,5597974,3946147,
2026-09-20T08:39:02.595388+00:00,222345,5598000,3946205,
2026-09-20T08:39:02.611540+00:00,222346,5598025,3946124,
2026-09-20T08:39:02.643539+00:00,222347,5598050,3946583,
2026-09-20T08:39:02.675201+00:00,222348,5598075,3946481,
2026-09-20T08:39:02.692002+00:00,222349,5598100,3946348,
2026-09-20T08:39:02.724002+00:00,222350,5598125,3946504,
2026-09-20T08:39:02.740005+00:00,222351,5598151,3946753,
2026-09-20T08:39:02.771002+00:00,222352,5598176,3946729,
2026-09-20T08:39:02.803002+00:00,222353,5598201,3946680,
2026-09-20T08:39:02.820019+00:00,222354,5598226,3946652,
2026-09-20T08:39:02.852002+00:00,222355,5598251,3946690,
2026-09-20T08:39:02.867001+00:00,222356,5598277,3946255,
2026-09-20T08:39:02.899206+00:00,222357,5598302,3946330,
2026-09-20T08:39:02.915002+00:00,222358,5598327,3946690,
2026-09-20T08:39:02.947247+00:00,222359,5598352,3946773,
2026-09-20T08:39:02.979002+00:00,222360,5598377,3946280,
2026-09-20T08:39:02.995004+00:00,222361,5598402,3945959,
2026-09-20T08:39:03.027999+00:00,222362,5598428,3946128,
2026-09-20T08:39:03.043001+00:00,222363,5598453,3946556,
2026-09-20T08:39:03.075006+00:00,222364,5598478,3946983,
2026-09-20T08:39:03.091262+00:00,222365,5598503,3947048,
2026-09-20T08:39:03.124006+00:00,222366,5598528,3946879,
2026-09-20T08:39:03.156001+00:00,222367,5598553,3946318,
2026-09-20T08:39:03.171002+00:00,222368,5598579,3946242,
2026-09-20T08:39:03.204012+00:00,222369,5598604,3946391,
2026-09-20T08:39:03.219464+00:00,222370,5598629,3946434,
2026-09-20T08:39:03.251451+00:00,222371,5598654,3946346,
2026-09-20T08:39:03.267839+00:00,222372,5598679,3946163,
2026-09-20T08:39:03.284531+00:00,222373,5598704,3946801,
2026-09-20T08:39:03.331518+00:00,222374,5598730,3947138,
2026-09-20T08:39:03.347269+00:00,222375,5598755,3946846,
2026-09-20T08:39:03.379354+00:00,222376,5598780,3946344,
2026-09-20T08:39:03.395532+00:00,222377,5598805,3946698,
2026-09-20T08:39:03.427523+00:00,222378,5598830,3946674,
2026-09-20T08:39:03.443520+00:00,222379,5598855,3946789,
2026-09-20T08:39:03.475520+00:00,222380,5598881,3946527,
2026-09-20T08:39:03.507854+00:00,222381,5598906,3945928,
2026-09-20T08:39:03.523006+00:00,222382,5598931,3946162,
2026-09-20T08:39:03.555535+00:00,222383,5598956,3946560,
2026-09-20T08:39:03.571555+00:00,222384,5598981,3946544,
2026-09-20T08:39:03.604685+00:00,222385,5599006,3946106,
2026-09-20T08:39:03.619861+00:00,222386,5599032,3946162,
2026-09-20T08:39:03.651017+00:00,222387,5599057,3946277,
2026-09-20T08:39:03.683582+00:00,222388,5599082,3946154,
2026-09-20T08:39:03.699529+00:00,222389,5599107,3946177,
2026-09-20T08:39:03.731509+00:00,222390,5599132,3946551,
2026-09-20T08:39:03.747789+00:00,222391,5599157,3946448,
2026-09-20T08:39:03.779527+00:00,222392,5599183,3946435,
2026-09-20T08:39:03.795555+00:00,222393,5599208,3946391,
2026-09-20T08:39:03.827528+00:00,222394,5599233,3946449,
2026-09-20T08:39:03.859509+00:00,222395,5599258,3946284,
2026-09-20T08:39:03.875503+00:00,222396,5599283,3946292,
2026-09-20T08:39:03.907027+00:00,222397,5599309,3946501,
2026-09-20T08:39:03.923732+00:00,222398,5599334,3946432,
2026-09-20T08:39:03.954138+00:00,222399,5599359,3946600,
2026-09-20T08:39:03.972181+00:00,222400,5599384,3946769,
2026-09-20T08:39:04.003925+00:00,222401,5599409,3946674,
2026-09-20T08:39:04.035925+00:00,222402,5599434,3946088,
2026-09-20T08:39:04.051926+00:00,222403,5599460,3946193,
2026-09-20T08:39:04.083936+00:00,222404,5599485,3946272,
2026-09-20T08:39:04.099170+00:00,222405,5599510,3946580,
2026-09-20T08:39:04.131506+00:00,222406,5599535,3946470,
2026-09-20T08:39:04.147524+00:00,222407,5599560,3946255,
2026-09-20T08:39:04.179843+00:00,222408,5599585,3946519,
2026-09-20T08:39:04.211507+00:00,222409,5599611,3946293,
2026-09-20T08:39:04.230553+00:00,222410,5599636,3946310,
2026-09-20T08:39:04.259081+00:00,222411,5599661,3946108,
2026-09-20T08:39:04.275485+00:00,222412,5599686,3946085,
2026-09-20T08:39:04.307733+00:00,222413,5599711,3945996,
2026-09-20T08:39:04.323744+00:00,222414,5599736,3946177,
2026-09-20T08:39:04.355736+00:00,222415,5599762,3946334,
2026-09-20T08:39:04.387508+00:00,222416,5599787,3946773,
2026-09-20T08:39:04.403490+00:00,222417,5599812,3946946,
2026-09-20T08:39:04.435349+00:00,222418,5599837,3946712,
2026-09-20T08:39:04.451505+00:00,222419,5599862,3946194,
2026-09-20T08:39:04.483543+00:00,222420,5599887,3945827,
2026-09-20T08:39:04.499519+00:00,222421,5599913,3946017,
2026-09-20T08:39:04.531168+00:00,222422,5599938,3946485,
2026-09-20T08:39:04.563507+00:00,222423,5599963,3946388,
2026-09-20T08:39:04.579476+00:00,222424,5599988,3946341,
2026-09-20T08:39:04.611482+00:00,222425,5600013,3946370,
2026-09-20T08:39:04.627480+00:00,222426,5600039,3946320,
2026-09-20T08:39:04.659678+00:00,222427,5600064,3946140,
2026-09-20T08:39:04.675189+00:00,222428,5600089,3946101,
2026-09-20T08:39:04.707434+00:00,222429,5600114,3946088,
2026-09-20T08:39:04.739515+00:00,222430,5600139,3945895,
2026-09-20T08:39:04.755491+00:00,222431,5600164,3946200,
2026-09-20T08:39:04.787487+00:00,222432,5600190,3946450,
2026-09-20T08:39:04.803454+00:00,222433,5600215,3946430,
2026-09-20T08:39:04.835434+00:00,222434,5600240,3946340,
2026-09-20T08:39:04.851942+00:00,222435,5600265,3946737,
2026-09-20T08:39:04.883538+00:00,222436,5600290,3946257,
2026-09-20T08:39:04.915508+00:00,222437,5600315,3946339,
2026-09-20T08:39:04.931522+00:00,222438,5600341,3946519,
2026-09-20T08:39:04.963464+00:00,222439,5600366,3946616,
2026-09-20T08:39:04.979484+00:00,222440,5600391,3946452,
2026-09-20T08:39:05.011375+00:00,222441,5600416,3946458,
2026-09-20T08:39:05.043528+00:00,222442,5600441,3946324,
2026-09-20T08:39:05.059679+00:00,222443,5600466,3946146,
2026-09-20T08:39:05.091480+00:00,222444,5600492,3945908,
2026-09-20T08:39:05.107469+00:00,222445,5600517,3946121,
2026-09-20T08:39:05.139474+00:00,222446,5600542,3946572,
2026-09-20T08:39:05.155464+00:00,222447,5600567,3946223,
2026-09-20T08:39:05.187343+00:00,222448,5600592,3946006,
2026-09-20T08:39:05.219485+00:00,222449,5600617,3946344,
2026-09-20T08:39:05.235516+00:00,222450,5600643,3946703,
2026-09-20T08:39:05.267485+00:00,222451,5600668,3946463,
2026-09-20T08:39:05.283878+00:00,222452,5600693,3946118,
2026-09-20T08:39:05.315478+00:00,222453,5600718,3946503,
2026-09-20T08:39:05.331455+00:00,222454,5600743,3946328,
2026-09-20T08:39:05.363458+00:00,222455,5600769,3945957,
2026-09-20T08:39:05.395509+00:00,222456,5600794,3946659,
2026-09-20T08:39:05.411468+00:00,222457,5600819,3946775,
2026-09-20T08:39:05.443458+00:00,222458,5600844,3946494,
2026-09-20T08:39:05.459462+00:00,222459,5600869,3946187,
2026-09-20T08:39:05.491525+00:00,222460,5600894,3946319,
2026-09-20T08:39:05.530926+00:00,222461,5600920,3946324,
2026-09-20T08:39:05.541925+00:00,222462,5600945,3946575,
2026-09-20T08:39:05.571957+00:00,222463,5600970,3946741,
2026-09-20T08:39:05.587933+00:00,222464,5600995,3946423,
2026-09-20T08:39:05.619925+00:00,222465,5601020,3946206,
2026-09-20T08:39:05.635931+00:00,222466,5601045,3946331,
2026-09-20T08:39:05.667699+00:00,222467,5601071,3946411,
2026-09-20T08:39:05.683430+00:00,222468,5601096,3946381,
2026-09-20T08:39:05.715457+00:00,222469,5601121,3946360,
2026-09-20T08:39:05.747471+00:00,222470,5601146,3946345,
2026-09-20T08:39:05.763456+00:00,222471,5601171,3946387,
2026-09-20T08:39:05.795461+00:00,222472,5601196,3946396,
2026-09-20T08:39:05.811460+00:00,222473,5601222,3946076,
2026-09-20T08:39:05.843496+00:00,222474,5601247,3946377,
2026-09-20T08:39:05.859448+00:00,222475,5601272,3946228,
2026-09-20T08:39:05.892118+00:00,222476,5601297,3946897,
2026-09-20T08:39:05.923459+00:00,222477,5601322,3946629,
2026-09-20T08:39:05.939484+00:00,222478,5601347,3946063,
2026-09-20T08:39:05.972115+00:00,222479,5601373,3945708,
2026-09-20T08:39:05.988072+00:00,222480,5601398,3945835,
2026-09-20T08:39:06.018980+00:00,222481,5601423,3945862,
2026-09-20T08:39:06.035183+00:00,222482,5601448,3945939,
2026-09-20T08:39:06.067576+00:00,222483,5601473,3946510,
2026-09-20T08:39:06.099438+00:00,222484,5601498,3946710,
2026-09-20T08:39:06.115385+00:00,222485,5601524,3946552,
2026-09-20T08:39:06.147511+00:00,222486,5601549,3946342,
2026-09-20T08:39:06.163452+00:00,222487,5601574,3946218,
2026-09-20T08:39:06.199611+00:00,222488,5601599,3946355,
2026-09-20T08:39:06.211619+00:00,222489,5601624,3946254,
2026-09-20T08:39:06.243332+00:00,222490,5601649,3946234,
2026-09-20T08:39:06.275449+00:00,222491,5601675,3946670,
2026-09-20T08:39:06.292455+00:00,222492,5601700,3946906,
2026-09-20T08:39:06.323444+00:00,222493,5601725,3946718,
2026-09-20T08:39:06.339442+00:00,222494,5601750,3946492,
2026-09-20T08:39:06.371233+00:00,222495,5601775,3946844,
2026-09-20T08:39:06.387018+00:00,222496,5601801,3946894,
2026-09-20T08:39:06.419194+00:00,222497,5601826,3946904,
2026-09-20T08:39:06.451468+00:00,222498,5601851,3946657,
2026-09-20T08:39:06.467446+00:00,222499,5601876,3946029,
2026-09-20T08:39:06.499455+00:00,222500,5601901,3945870,
2026-09-20T08:39:06.515449+00:00,222501,5601926,3945860,
2026-09-20T08:39:06.547081+00:00,222502,5601952,3945909,
2026-09-20T08:39:06.563600+00:00,222503,5601977,3946532,
2026-09-20T08:39:06.595421+00:00,222504,5602002,3946022,
2026-09-20T08:39:06.627426+00:00,222505,5602027,3945451,
2026-09-20T08:39:06.643453+00:00,222506,5602052,3946675,
2026-09-20T08:39:06.674863+00:00,222507,5602077,3946736,
2026-09-20T08:39:06.691427+00:00,222508,5602103,3946321,
2026-09-20T08:39:06.722948+00:00,222509,5602128,3946304,
2026-09-20T08:39:06.739221+00:00,222510,5602153,3946500,
2026-09-20T08:39:06.771477+00:00,222511,5602178,3946345,
2026-09-20T08:39:06.803727+00:00,222512,5602203,3946286,
2026-09-20T08:39:06.819705+00:00,222513,5602228,3946313,
2026-09-20T08:39:06.851862+00:00,222514,5602254,3946466,
2026-09-20T08:39:06.867705+00:00,222515,5602279,3946278,
2026-09-20T08:39:06.899455+00:00,222516,5602304,3945948,
2026-09-20T08:39:06.915451+00:00,222517,5602329,3946204,
2026-09-20T08:39:06.947428+00:00,222518,5602354,3945968,
2026-09-20T08:39:06.979424+00:00,222519,5602379,3946507,
2026-09-20T08:39:06.995428+00:00,222520,5602405,3946639,
2026-09-20T08:39:07.027444+00:00,222521,5602430,3946836,
2026-09-20T08:39:07.043611+00:00,222522,5602455,3946978,
2026-09-20T08:39:07.075453+00:00,222523,5602480,3946692,
2026-09-20T08:39:07.090953+00:00,222524,5602505,3946233,
2026-09-20T08:39:07.123422+00:00,222525,5602530,3946071,
2026-09-20T08:39:07.155431+00:00,222526,5602556,3946126,
2026-09-20T08:39:07.171383+00:00,222527,5602581,3946180,
2026-09-20T08:39:07.203443+00:00,222528,5602606,3946583,
2026-09-20T08:39:07.219620+00:00,222529,5602631,3946464,
2026-09-20T08:39:07.251325+00:00,222530,5602656,3946410,
2026-09-20T08:39:07.267324+00:00,222531,5602681,3946733,
2026-09-20T08:39:07.299430+00:00,222532,5602707,3946516,
2026-09-20T08:39:07.330846+00:00,222533,5602732,3946189,
2026-09-20T08:39:07.347792+00:00,222534,5602757,3946379,
2026-09-20T08:39:07.379422+00:00,222535,5602782,3946472,
2026-09-20T08:39:07.395429+00:00,222536,5602807,3946529,
2026-09-20T08:39:07.427263+00:00,222537,5602832,3946471,
2026-09-20T08:39:07.444222+00:00,222538,5602858,3946552,
2026-09-20T08:39:07.475415+00:00,222539,5602883,3946738,
2026-09-20T08:39:07.507729+00:00,222540,5602908,3946634,
2026-09-20T08:39:07.523757+00:00,222541,5602933,3946700,
2026-09-20T08:39:07.555383+00:00,222542,5602958,3946523,
2026-09-20T08:39:07.571535+00:00,222543,5602983,3946377,
2026-09-20T08:39:07.604023+00:00,222544,5603009,3946374,
2026-09-20T08:39:07.635057+00:00,222545,5603034,3946564,
2026-09-20T08:39:07.652028+00:00,222546,5603059,3946677,
2026-09-20T08:39:07.690022+00:00,222547,5603084,3946785,
2026-09-20T08:39:07.699022+00:00,222548,5603109,3946845,
2026-09-20T08:39:07.731023+00:00,222549,5603134,3946446,
2026-09-20T08:39:07.747115+00:00,222550,5603160,3946416,
2026-09-20T08:39:07.779231+00:00,222551,5603185,3946381,
2026-09-20T08:39:07.811019+00:00,222552,5603210,3946425,
2026-09-20T08:39:07.828023+00:00,222553,5603235,3946792,
2026-09-20T08:39:07.859024+00:00,222554,5603260,3946396,
2026-09-20T08:39:07.875422+00:00,222555,5603285,3946580,
2026-09-20T08:39:07.908287+00:00,222556,5603311,3946931,
2026-09-20T08:39:07.923321+00:00,222557,5603336,3946821,
2026-09-20T08:39:07.955856+00:00,222558,5603361,3946160,
2026-09-20T08:39:07.987888+00:00,222559,5603386,3946241,
2026-09-20T08:39:08.003471+00:00,222560,5603411,3945844,
2026-09-20T08:39:08.035470+00:00,222561,5603436,3945929,
2026-09-20T08:39:08.051631+00:00,222562,5603462,3946793,
2026-09-20T08:39:08.083556+00:00,222563,5603487,3946615,
2026-09-20T08:39:08.099318+00:00,222564,5603512,3946520,
2026-09-20T08:39:08.131416+00:00,222565,5603537,3946149,
2026-09-20T08:39:08.164543+00:00,222566,5603562,3946183,
2026-09-20T08:39:08.181396+00:00,222567,5603587,3946516,
2026-09-20T08:39:08.212567+00:00,222568,5603613,3946766,
2026-09-20T08:39:08.227170+00:00,222569,5603638,3946878,
2026-09-20T08:39:08.265004+00:00,222570,5603663,3946615,
2026-09-20T08:39:08.276464+00:00,222571,5603688,3946238,
2026-09-20T08:39:08.307035+00:00,222572,5603713,3946408,
2026-09-20T08:39:08.341040+00:00,222573,5603738,3946539,
2026-09-20T08:39:08.357036+00:00,222574,5603764,3946172,
2026-09-20T08:39:08.403033+00:00,222575,5603789,3946129,
2026-09-20T08:39:08.408033+00:00,222576,5603814,3946538,
2026-09-20T08:39:08.439059+00:00,222577,5603839,3946799,
2026-09-20T08:39:08.451033+00:00,222578,5603864,3946779,
2026-09-20T08:39:08.484063+00:00,222579,5603890,3946533,
2026-09-20T08:39:08.515665+00:00,222580,5603915,3946322,
2026-09-20T08:39:08.531471+00:00,222581,5603940,3946953,
2026-09-20T08:39:08.563383+00:00,222582,5603965,3946902,
2026-09-20T08:39:08.579587+00:00,222583,5603990,3946066,
2026-09-20T08:39:08.611963+00:00,222584,5604015,3946156,
2026-09-20T08:39:08.677177+00:00,222585,5604041,3946456,
2026-09-20T08:39:08.767107+00:00,222586,5604066,3946493,
2026-09-20T08:39:08.767107+00:00,222587,5604091,3946058,
2026-09-20T08:39:08.832444+00:00,222588,5604116,3946062,
2026-09-20T08:39:08.841444+00:00,222589,5604141,3946687,
2026-09-20T08:39:08.842516+00:00,222590,5604166,3946576,
2026-09-20T08:39:08.845455+00:00,222591,5604192,3946729,
2026-09-20T08:39:08.846444+00:00,222592,5604217,3946310,
2026-09-20T08:39:08.847444+00:00,222593,5604242,3946258,
2026-09-20T08:39:08.902416+00:00,222594,5604267,3946455,
2026-09-20T08:39:08.904426+00:00,222595,5604292,3946301,
2026-09-20T08:39:08.904426+00:00,222596,5604317,3946609,
2026-09-20T08:39:08.932411+00:00,222597,5604343,3946794,
2026-09-20T08:39:08.964370+00:00,222598,5604368,3946665,
2026-09-20T08:39:08.980423+00:00,222599,5604393,3946236,
2026-09-20T08:39:09.012399+00:00,222600,5604418,3946091,
2026-09-20T08:39:09.044389+00:00,222601,5604443,3946296,
2026-09-20T08:39:09.060379+00:00,222602,5604468,3946565,
2026-09-20T08:39:09.092367+00:00,222603,5604494,3946407,
2026-09-20T08:39:09.108375+00:00,222604,5604519,3945701,
2026-09-20T08:39:09.140382+00:00,222605,5604544,3946104,
2026-09-20T08:39:09.156363+00:00,222606,5604569,3946607,
2026-09-20T08:39:09.189628+00:00,222607,5604594,3946434,
2026-09-20T08:39:09.220225+00:00,222608,5604619,3946112,
2026-09-20T08:39:09.236394+00:00,222609,5604645,3946357,
2026-09-20T08:39:09.268356+00:00,222610,5604670,3946795,
2026-09-20T08:39:09.283743+00:00,222611,5604695,3946731,
2026-09-20T08:39:09.316425+00:00,222612,5604720,3946323,
2026-09-20T08:39:09.332372+00:00,222613,5604745,3946440,
2026-09-20T08:39:09.364387+00:00,222614,5604771,3946968,
2026-09-20T08:39:09.397490+00:00,222615,5604796,3946966,
2026-09-20T08:39:09.412350+00:00,222616,5604821,3947100,
2026-09-20T08:39:09.444356+00:00,222617,5604846,3947120,
2026-09-20T08:39:09.460373+00:00,222618,5604871,3946803,
2026-09-20T08:39:09.492368+00:00,222619,5604896,3946644,
2026-09-20T08:39:09.508360+00:00,222620,5604922,3946319,
2026-09-20T08:39:09.540360+00:00,222621,5604947,3946382,
2026-09-20T08:39:09.572433+00:00,222622,5604972,3946579,
2026-09-20T08:39:09.588404+00:00,222623,5604997,3946483,
2026-09-20T08:39:09.620215+00:00,222624,5605022,3946889,
2026-09-20T08:39:09.636336+00:00,222625,5605047,3946820,
2026-09-20T08:39:09.668460+00:00,222626,5605073,3946686,
2026-09-20T08:39:09.684254+00:00,222627,5605098,3946750,
2026-09-20T08:39:09.716392+00:00,222628,5605123,3946553,
2026-09-20T08:39:09.748386+00:00,222629,5605148,3946129,
2026-09-20T08:39:09.764374+00:00,222630,5605173,3946377,
2026-09-20T08:39:09.796356+00:00,222631,5605198,3946379,
2026-09-20T08:39:09.812568+00:00,222632,5605224,3946466,
2026-09-20T08:39:09.844358+00:00,222633,5605249,3947116,
2026-09-20T08:39:09.860353+00:00,222634,5605274,3947075,
2026-09-20T08:39:09.892357+00:00,222635,5605299,3946387,
2026-09-20T08:39:09.924375+00:00,222636,5605324,3946259,
2026-09-20T08:39:09.940265+00:00,222637,5605350,3946427,
2026-09-20T08:39:09.972359+00:00,222638,5605375,3946507,
2026-09-20T08:39:09.988363+00:00,222639,5605400,3946373,
2026-09-20T08:39:10.020344+00:00,222640,5605425,3946660,
2026-09-20T08:39:10.036354+00:00,222641,5605450,3946703,
2026-09-20T08:39:10.068628+00:00,222642,5605475,3946914,
2026-09-20T08:39:10.100349+00:00,222643,5605501,3946502,
2026-09-20T08:39:10.116356+00:00,222644,5605526,3946431,
2026-09-20T08:39:10.148338+00:00,222645,5605551,3946738,
2026-09-20T08:39:10.164340+00:00,222646,5605576,3946721,
2026-09-20T08:39:10.196345+00:00,222647,5605601,3946882,
2026-09-20T08:39:10.212370+00:00,222648,5605626,3946733,
2026-09-20T08:39:10.244395+00:00,222649,5605652,3946599,
2026-09-20T08:39:10.276365+00:00,222650,5605677,3946426,
2026-09-20T08:39:10.292351+00:00,222651,5605702,3946644,
2026-09-20T08:39:10.324363+00:00,222652,5605727,3946721,
2026-09-20T08:39:10.340393+00:00,222653,5605752,3946881,
2026-09-20T08:39:10.372381+00:00,222654,5605777,3946467,
2026-09-20T08:39:10.388370+00:00,222655,5605803,3946585,
2026-09-20T08:39:10.420349+00:00,222656,5605828,3946765,
2026-09-20T08:39:10.451981+00:00,222657,5605853,3946715,
2026-09-20T08:39:10.468723+00:00,222658,5605878,3946602,
2026-09-20T08:39:10.500340+00:00,222659,5605903,3946342,
2026-09-20T08:39:10.516359+00:00,222660,5605928,3946449,
2026-09-20T08:39:10.548380+00:00,222661,5605954,3946928,
2026-09-20T08:39:10.564350+00:00,222662,5605979,3946251,
2026-09-20T08:39:10.596339+00:00,222663,5606004,3945892,
2026-09-20T08:39:10.628338+00:00,222664,5606029,3946094,
2026-09-20T08:39:10.644339+00:00,222665,5606054,3946647,
2026-09-20T08:39:10.676319+00:00,222666,5606079,3946109,
2026-09-20T08:39:10.692334+00:00,222667,5606105,3945955,
2026-09-20T08:39:10.724333+00:00,222668,5606130,3946713,
2026-09-20T08:39:10.756403+00:00,222669,5606155,3946874,
2026-09-20T08:39:10.772330+00:00,222670,5606180,3946686,
2026-09-20T08:39:10.804325+00:00,222671,5606205,3946691,
2026-09-20T08:39:10.820319+00:00,222672,5606231,3946566,
2026-09-20T08:39:10.852389+00:00,222673,5606256,3946741,
2026-09-20T08:39:10.868323+00:00,222674,5606281,3946764,
2026-09-20T08:39:10.900308+00:00,222675,5606306,3946751,
2026-09-20T08:39:10.932376+00:00,222676,5606331,3946686,
2026-09-20T08:39:10.948344+00:00,222677,5606356,3946715,
2026-09-20T08:39:10.980348+00:00,222678,5606382,3946394,
2026-09-20T08:39:10.996394+00:00,222679,5606407,3946413,
2026-09-20T08:39:11.028324+00:00,222680,5606432,3946534,
2026-09-20T08:39:11.044335+00:00,222681,5606457,3946613,
2026-09-20T08:39:11.076368+00:00,222682,5606482,3947079,
2026-09-20T08:39:11.108360+00:00,222683,5606507,3947081,
2026-09-20T08:39:11.124511+00:00,222684,5606533,3946732,
2026-09-20T08:39:11.156354+00:00,222685,5606558,3946561,
2026-09-20T08:39:11.172340+00:00,222686,5606583,3946440,
2026-09-20T08:39:11.204348+00:00,222687,5606608,3946621,
2026-09-20T08:39:11.220382+00:00,222688,5606633,3946463,
2026-09-20T08:39:11.252451+00:00,222689,5606658,3946708,
2026-09-20T08:39:11.284394+00:00,222690,5606684,3946502,
2026-09-20T08:39:11.300363+00:00,222691,5606709,3946603,
2026-09-20T08:39:11.332458+00:00,222692,5606734,3946750,
2026-09-20T08:39:11.348492+00:00,222693,5606759,3946423,
2026-09-20T08:39:11.380327+00:00,222694,5606784,3946417,
2026-09-20T08:39:11.396336+00:00,222695,5606809,3946585,
2026-09-20T08:39:11.428297+00:00,222696,5606835,3946399,
2026-09-20T08:39:11.460315+00:00,222697,5606860,3946301,
2026-09-20T08:39:11.476318+00:00,222698,5606885,3946627,
2026-09-20T08:39:11.508316+00:00,222699,5606910,3946819,
2026-09-20T08:39:11.524317+00:00,222700,5606935,3946809,
2026-09-20T08:39:11.557392+00:00,222701,5606960,3946813,
2026-09-20T08:39:11.572384+00:00,222702,5606986,3946857,
2026-09-20T08:39:11.604320+00:00,222703,5607011,3946834,
2026-09-20T08:39:11.637362+00:00,222704,5607036,3946299,
2026-09-20T08:39:11.652318+00:00,222705,5607061,3946158,
2026-09-20T08:39:11.684292+00:00,222706,5607086,3946543,
2026-09-20T08:39:11.699956+00:00,222707,5607111,3946500,
2026-09-20T08:39:11.732297+00:00,222708,5607137,3946447,
2026-09-20T08:39:11.748307+00:00,222709,5607162,3946091,
2026-09-20T08:39:11.780331+00:00,222710,5607187,3946091,
2026-09-20T08:39:11.812303+00:00,222711,5607212,3946579,
2026-09-20T08:39:11.828307+00:00,222712,5607237,3946816,
2026-09-20T08:39:11.860331+00:00,222713,5607262,3946427,
2026-09-20T08:39:11.876328+00:00,222714,5607288,3946417,
2026-09-20T08:39:11.908357+00:00,222715,5607313,3946585,
2026-09-20T08:39:11.924297+00:00,222716,5607338,3946640,
2026-09-20T08:39:11.956316+00:00,222717,5607363,3946745,
2026-09-20T08:39:11.988296+00:00,222718,5607388,3946643,
2026-09-20T08:39:12.004300+00:00,222719,5607413,3946330,
2026-09-20T08:39:12.036305+00:00,222720,5607439,3946097,
2026-09-20T08:39:12.052102+00:00,222721,5607464,3945907,
2026-09-20T08:39:12.084226+00:00,222722,5607489,3946311,
2026-09-20T08:39:12.100376+00:00,222723,5607514,3946475,
2026-09-20T08:39:12.132291+00:00,222724,5607539,3946795,
2026-09-20T08:39:12.164299+00:00,222725,5607564,3946726,
2026-09-20T08:39:12.180348+00:00,222726,5607590,3946670,
2026-09-20T08:39:12.212298+00:00,222727,5607615,3946391,
2026-09-20T08:39:12.228171+00:00,222728,5607640,3946452,
2026-09-20T08:39:12.260302+00:00,222729,5607665,3946335,
2026-09-20T08:39:12.276334+00:00,222730,5607690,3946193,
2026-09-20T08:39:12.308311+00:00,222731,5607715,3946575,
2026-09-20T08:39:12.340305+00:00,222732,5607741,3947158,
2026-09-20T08:39:12.356343+00:00,222733,5607766,3947225,
2026-09-20T08:39:12.388534+00:00,222734,5607791,3946486,
2026-09-20T08:39:12.404520+00:00,222735,5607816,3946191,
2026-09-20T08:39:12.436406+00:00,222736,5607841,3946225,
2026-09-20T08:39:12.451969+00:00,222737,5607866,3946361,
2026-09-20T08:39:12.484267+00:00,222738,5607892,3946262,
2026-09-20T08:39:12.516404+00:00,222739,5607917,3946275,
2026-09-20T08:39:12.532304+00:00,222740,5607942,3946324,
2026-09-20T08:39:12.563955+00:00,222741,5607967,3945902,
2026-09-20T08:39:12.580596+00:00,222742,5607992,3946572,
2026-09-20T08:39:12.612297+00:00,222743,5608017,3947043,
2026-09-20T08:39:12.628752+00:00,222744,5608043,3946878,
2026-09-20T08:39:12.660317+00:00,222745,5608068,3946620,
2026-09-20T08:39:12.692368+00:00,222746,5608093,3946827,
2026-09-20T08:39:12.708287+00:00,222747,5608118,3946705,
2026-09-20T08:39:12.740324+00:00,222748,5608143,3946495,
2026-09-20T08:39:12.756054+00:00,222749,5608168,3946646,
2026-09-20T08:39:12.788732+00:00,222750,5608194,3947001,
2026-09-20T08:39:12.805298+00:00,222751,5608219,3947295,
2026-09-20T08:39:12.836584+00:00,222752,5608244,3946589,
2026-09-20T08:39:12.868527+00:00,222753,5608269,3946142,
2026-09-20T08:39:12.884383+00:00,222754,5608294,3946558,
2026-09-20T08:39:12.917336+00:00,222755,5608319,3946722,
2026-09-20T08:39:12.932286+00:00,222756,5608345,3946888,
2026-09-20T08:39:12.964322+00:00,222757,5608370,3947176,
2026-09-20T08:39:12.980465+00:00,222758,5608395,3947105,
2026-09-20T08:39:13.012321+00:00,222759,5608420,3946653,
2026-09-20T08:39:13.044294+00:00,222760,5608445,3946558,
2026-09-20T08:39:13.060277+00:00,222761,5608471,3946393,
2026-09-20T08:39:13.092271+00:00,222762,5608496,3946930,
2026-09-20T08:39:13.108302+00:00,222763,5608521,3946922,
2026-09-20T08:39:13.140282+00:00,222764,5608546,3946409,
2026-09-20T08:39:13.156261+00:00,222765,5608571,3946382,
2026-09-20T08:39:13.189157+00:00,222766,5608596,3946567,
2026-09-20T08:39:13.220314+00:00,222767,5608622,3947166,
2026-09-20T08:39:13.236339+00:00,222768,5608647,3946834,
2026-09-20T08:39:13.267607+00:00,222769,5608672,3947173,
2026-09-20T08:39:13.284093+00:00,222770,5608697,3946864,
2026-09-20T08:39:13.316276+00:00,222771,5608722,3946457,
2026-09-20T08:39:13.347943+00:00,222772,5608747,3946375,
2026-09-20T08:39:13.364272+00:00,222773,5608773,3946696,
2026-09-20T08:39:13.396290+00:00,222774,5608798,3946875,
2026-09-20T08:39:13.412279+00:00,222775,5608823,3946440,
2026-09-20T08:39:13.444295+00:00,222776,5608848,3946246,
2026-09-20T08:39:13.460262+00:00,222777,5608873,3946592,
2026-09-20T08:39:13.492258+00:00,222778,5608898,3947081,
2026-09-20T08:39:13.524256+00:00,222779,5608924,3947159,
2026-09-20T08:39:13.540270+00:00,222780,5608949,3946810,
2026-09-20T08:39:13.572054+00:00,222781,5608974,3946565,
2026-09-20T08:39:13.589993+00:00,222782,5608999,3946496,
2026-09-20T08:39:13.620332+00:00,222783,5609024,3946762,
2026-09-20T08:39:13.636402+00:00,222784,5609049,3946810,
2026-09-20T08:39:13.668353+00:00,222785,5609075,3946470,
2026-09-20T08:39:13.700257+00:00,222786,5609100,3946357,
2026-09-20T08:39:13.716253+00:00,222787,5609125,3946609,
2026-09-20T08:39:13.748276+00:00,222788,5609150,3946418,
2026-09-20T08:39:13.764277+00:00,222789,5609175,3946486,
2026-09-20T08:39:13.796252+00:00,222790,5609200,3946587,
2026-09-20T08:39:13.812262+00:00,222791,5609226,3946419,
2026-09-20T08:39:13.844299+00:00,222792,5609251,3946854,
2026-09-20T08:39:13.876269+00:00,222793,5609276,3946640,
2026-09-20T08:39:13.892271+00:00,222794,5609301,3947133,
2026-09-20T08:39:13.924250+00:00,222795,5609326,3947478,
2026-09-20T08:39:13.940306+00:00,222796,5609351,3947272,
2026-09-20T08:39:13.972316+00:00,222797,5609377,3946796,
2026-09-20T08:39:13.988490+00:00,222798,5609402,3947022,
2026-09-20T08:39:14.020324+00:00,222799,5609427,3946887,
2026-09-20T08:39:14.052250+00:00,222800,5609452,3946347,
2026-09-20T08:39:14.067951+00:00,222801,5609477,3946396,
2026-09-20T08:39:14.100281+00:00,222802,5609502,3946203,
2026-09-20T08:39:14.117483+00:00,222803,5609528,3946685,
2026-09-20T08:39:14.148271+00:00,222804,5609553,3946809,
2026-09-20T08:39:14.164276+00:00,222805,5609578,3946701,
2026-09-20T08:39:14.196278+00:00,222806,5609603,3946409,
2026-09-20T08:39:14.228255+00:00,222807,5609628,3946459,
2026-09-20T08:39:14.244249+00:00,222808,5609653,3946472,
2026-09-20T08:39:14.276251+00:00,222809,5609679,3946342,
2026-09-20T08:39:14.292246+00:00,222810,5609704,3946179,
2026-09-20T08:39:14.324245+00:00,222811,5609729,3946314,
2026-09-20T08:39:14.340251+00:00,222812,5609754,3946759,
2026-09-20T08:39:14.372246+00:00,222813,5609779,3947064,
2026-09-20T08:39:14.404387+00:00,222814,5609804,3946647,
2026-09-20T08:39:14.420473+00:00,222815,5609830,3946009,
2026-09-20T08:39:14.452231+00:00,222816,5609855,3945917,
2026-09-20T08:39:14.468679+00:00,222817,5609880,3946203,
2026-09-20T08:39:14.499930+00:00,222818,5609905,3946805,
2026-09-20T08:39:14.516246+00:00,222819,5609930,3946833,
2026-09-20T08:39:14.548241+00:00,222820,5609955,3946674,
2026-09-20T08:39:14.580245+00:00,222821,5609981,3946954,
2026-09-20T08:39:14.596270+00:00,222822,5610006,3946967,
2026-09-20T08:39:14.628265+00:00,222823,5610031,3947072,
2026-09-20T08:39:14.644311+00:00,222824,5610056,3947054,
2026-09-20T08:39:14.676239+00:00,222825,5610081,3946771,
2026-09-20T08:39:14.692533+00:00,222826,5610106,3946117,
2026-09-20T08:39:14.724237+00:00,222827,5610132,3946248,
2026-09-20T08:39:14.768301+00:00,222828,5610157,3946955,
2026-09-20T08:39:14.828769+00:00,222829,5610182,3946806,
2026-09-20T08:39:14.906805+00:00,222830,5610207,3946540,
2026-09-20T08:39:14.916500+00:00,222831,5610232,3946521,
2026-09-20T08:39:14.946830+00:00,222832,5610257,3946627,
2026-09-20T08:39:14.946830+00:00,222833,5610283,3946345,
2026-09-20T08:39:14.946830+00:00,222834,5610308,3946319,
2026-09-20T08:39:14.976697+00:00,222835,5610333,3946297,
2026-09-20T08:39:14.976697+00:00,222836,5610358,3946337,
2026-09-20T08:39:14.976697+00:00,222837,5610383,3946339,
2026-09-20T08:39:15.008278+00:00,222838,5610408,3945919,
2026-09-20T08:39:15.027806+00:00,222839,5610434,3946164,
2026-09-20T08:39:15.056239+00:00,222840,5610459,3946228,
2026-09-20T08:39:15.072212+00:00,222841,5610484,3946438,
2026-09-20T08:39:15.105417+00:00,222842,5610509,3946777,
2026-09-20T08:39:15.122373+00:00,222843,5610534,3946937,
2026-09-20T08:39:15.152262+00:00,222844,5610559,3946536,
2026-09-20T08:39:15.184257+00:00,222845,5610585,3946428,
2026-09-20T08:39:15.200282+00:00,222846,5610610,3945809,
2026-09-20T08:39:15.232377+00:00,222847,5610635,3946009,
2026-09-20T08:39:15.248225+00:00,222848,5610660,3946279,
2026-09-20T08:39:15.280211+00:00,222849,5610685,3946766,
2026-09-20T08:39:15.296473+00:00,222850,5610711,3946592,
2026-09-20T08:39:15.328206+00:00,222851,5610736,3945982,
2026-09-20T08:39:15.360212+00:00,222852,5610761,3946053,
2026-09-20T08:39:15.376219+00:00,222853,5610786,3946335,
2026-09-20T08:39:15.408240+00:00,222854,5610811,3946712,
2026-09-20T08:39:15.424224+00:00,222855,5610836,3946749,
2026-09-20T08:39:15.455571+00:00,222856,5610862,3946876,
2026-09-20T08:39:15.472202+00:00,222857,5610887,3946597,
2026-09-20T08:39:15.504248+00:00,222858,5610912,3946257,
2026-09-20T08:39:15.536262+00:00,222859,5610937,3946508,
2026-09-20T08:39:15.552476+00:00,222860,5610962,3946938,
2026-09-20T08:39:15.584262+00:00,222861,5610987,3946572,
2026-09-20T08:39:15.600201+00:00,222862,5611013,3946542,
2026-09-20T08:39:15.632211+00:00,222863,5611038,3946175,
2026-09-20T08:39:15.647826+00:00,222864,5611063,3946317,
2026-09-20T08:39:15.680222+00:00,222865,5611088,3946248,
2026-09-20T08:39:15.711884+00:00,222866,5611113,3946379,
2026-09-20T08:39:15.727919+00:00,222867,5611138,3946412,
2026-09-20T08:39:15.760206+00:00,222868,5611164,3946695,
2026-09-20T08:39:15.776221+00:00,222869,5611189,3946414,
2026-09-20T08:39:15.808208+00:00,222870,5611214,3946569,
2026-09-20T08:39:15.824216+00:00,222871,5611239,3946907,
2026-09-20T08:39:15.856215+00:00,222872,5611264,3946839,
2026-09-20T08:39:15.888205+00:00,222873,5611289,3946731,
2026-09-20T08:39:15.905228+00:00,222874,5611315,3946810,
2026-09-20T08:39:15.936367+00:00,222875,5611340,3946863,
2026-09-20T08:39:15.952383+00:00,222876,5611365,3946523,
2026-09-20T08:39:15.984693+00:00,222877,5611390,3946654,
2026-09-20T08:39:16.000205+00:00,222878,5611415,3946474,
2026-09-20T08:39:16.032199+00:00,222879,5611440,3946178,
2026-09-20T08:39:16.064237+00:00,222880,5611466,3946372,
2026-09-20T08:39:16.080190+00:00,222881,5611491,3946268,
2026-09-20T08:39:16.112210+00:00,222882,5611516,3946074,
2026-09-20T08:39:16.128256+00:00,222883,5611541,3946313,
2026-09-20T08:39:16.160199+00:00,222884,5611566,3946766,
2026-09-20T08:39:16.176203+00:00,222885,5611591,3946463,
2026-09-20T08:39:16.208271+00:00,222886,5611617,3946918,
2026-09-20T08:39:16.240212+00:00,222887,5611642,3946606,
2026-09-20T08:39:16.257531+00:00,222888,5611667,3946584,
2026-09-20T08:39:16.287889+00:00,222889,5611692,3946701,
2026-09-20T08:39:16.304712+00:00,222890,5611717,3946397,
2026-09-20T08:39:16.336276+00:00,222891,5611742,3946796,
2026-09-20T08:39:16.352370+00:00,222892,5611768,3946804,
2026-09-20T08:39:16.384195+00:00,222893,5611793,3946797,
2026-09-20T08:39:16.416211+00:00,222894,5611818,3946815,
2026-09-20T08:39:16.432196+00:00,222895,5611843,3946306,
2026-09-20T08:39:16.464187+00:00,222896,5611868,3946214,
2026-09-20T08:39:16.480538+00:00,222897,5611893,3946502,
2026-09-20T08:39:16.512189+00:00,222898,5611919,3946609,
2026-09-20T08:39:16.544223+00:00,222899,5611944,3946313,
2026-09-20T08:39:16.560214+00:00,222900,5611969,3946137,
2026-09-20T08:39:16.592429+00:00,222901,5611994,3946533,
2026-09-20T08:39:16.608197+00:00,222902,5612019,3946700,
2026-09-20T08:39:16.640189+00:00,222903,5612044,3946367,
2026-09-20T08:39:16.656474+00:00,222904,5612070,3946703,
2026-09-20T08:39:16.688317+00:00,222905,5612095,3946450,
2026-09-20T08:39:16.720195+00:00,222906,5612120,3946071,
2026-09-20T08:39:16.736887+00:00,222907,5612145,3946420,
2026-09-20T08:39:16.767626+00:00,222908,5612170,3946626,
2026-09-20T08:39:16.783790+00:00,222909,5612196,3946656,
2026-09-20T08:39:16.816224+00:00,222910,5612221,3946549,
2026-09-20T08:39:16.832185+00:00,222911,5612246,3946656,
2026-09-20T08:39:16.864185+00:00,222912,5612271,3946947,
2026-09-20T08:39:16.896238+00:00,222913,5612296,3946603,
2026-09-20T08:39:16.912197+00:00,222914,5612321,3946358,
2026-09-20T08:39:16.944185+00:00,222915,5612347,3946513,
2026-09-20T08:39:16.961229+00:00,222916,5612372,3946551,
2026-09-20T08:39:16.992240+00:00,222917,5612397,3946393,
2026-09-20T08:39:17.009148+00:00,222918,5612422,3946408,
2026-09-20T08:39:17.040190+00:00,222919,5612447,3946118,
2026-09-20T08:39:17.073080+00:00,222920,5612472,3946514,
2026-09-20T08:39:17.088188+00:00,222921,5612498,3946759,
2026-09-20T08:39:17.120303+00:00,222922,5612523,3946370,
2026-09-20T08:39:17.136291+00:00,222923,5612548,3946201,
2026-09-20T08:39:17.168153+00:00,222924,5612573,3946593,
2026-09-20T08:39:17.184198+00:00,222925,5612598,3946950,
2026-09-20T08:39:17.216217+00:00,222926,5612623,3946785,
2026-09-20T08:39:17.248177+00:00,222927,5612649,3946626,
2026-09-20T08:39:17.264208+00:00,222928,5612674,3946605,
2026-09-20T08:39:17.296176+00:00,222929,5612699,3946829,
2026-09-20T08:39:17.313497+00:00,222930,5612724,3947063,
2026-09-20T08:39:17.344159+00:00,222931,5612749,3946876,
2026-09-20T08:39:17.360165+00:00,222932,5612774,3946350,
2026-09-20T08:39:17.392169+00:00,222933,5612800,3946317,
2026-09-20T08:39:17.424179+00:00,222934,5612825,3946219,
2026-09-20T08:39:17.440581+00:00,222935,5612850,3946320,
2026-09-20T08:39:17.472166+00:00,222936,5612875,3946617,
2026-09-20T08:39:17.488155+00:00,222937,5612900,3946526,
2026-09-20T08:39:17.520180+00:00,222938,5612925,3946503,
2026-09-20T08:39:17.536248+00:00,222939,5612951,3946529,
2026-09-20T08:39:17.568220+00:00,222940,5612976,3946908,
2026-09-20T08:39:17.599987+00:00,222941,5613001,3946358,
2026-09-20T08:39:17.616160+00:00,222942,5613026,3946855,
2026-09-20T08:39:17.648172+00:00,222943,5613051,3947281,
2026-09-20T08:39:17.664157+00:00,222944,5613076,3946850,
2026-09-20T08:39:17.696156+00:00,222945,5613102,3946882,
2026-09-20T08:39:17.712160+00:00,222946,5613127,3946808,
2026-09-20T08:39:17.744244+00:00,222947,5613152,3946930,
2026-09-20T08:39:17.776176+00:00,222948,5613177,3946577,
2026-09-20T08:39:17.792165+00:00,222949,5613202,3946649,
2026-09-20T08:39:17.824156+00:00,222950,5613227,3946555,
2026-09-20T08:39:17.840146+00:00,222951,5613253,3946592,
2026-09-20T08:39:17.872147+00:00,222952,5613278,3947073,
2026-09-20T08:39:17.888149+00:00,222953,5613303,3946975,
2026-09-20T08:39:17.920153+00:00,222954,5613328,3946476,
2026-09-20T08:39:17.952197+00:00,222955,5613353,3946405,
2026-09-20T08:39:17.968608+00:00,222956,5613378,3946600,
2026-09-20T08:39:18.000146+00:00,222957,5613404,3946844,
2026-09-20T08:39:18.016163+00:00,222958,5613429,3946714,
2026-09-20T08:39:18.048192+00:00,222959,5613454,3946738,
2026-09-20T08:39:18.064157+00:00,222960,5613479,3946848,
2026-09-20T08:39:18.096179+00:00,222961,5613504,3946726,
2026-09-20T08:39:18.128189+00:00,222962,5613529,3946197,
2026-09-20T08:39:18.144179+00:00,222963,5613555,3945981,
2026-09-20T08:39:18.176163+00:00,222964,5613580,3946570,
2026-09-20T08:39:18.193197+00:00,222965,5613605,3946908,
2026-09-20T08:39:18.224156+00:00,222966,5613630,3946382,
2026-09-20T08:39:18.240144+00:00,222967,5613655,3946615,
2026-09-20T08:39:18.272134+00:00,222968,5613681,3947082,
2026-09-20T08:39:18.304129+00:00,222969,5613706,3946746,
2026-09-20T08:39:18.320144+00:00,222970,5613731,3946285,
2026-09-20T08:39:18.352460+00:00,222971,5613756,3946519,
2026-09-20T08:39:18.368175+00:00,222972,5613781,3946999,
2026-09-20T08:39:18.399794+00:00,222973,5613806,3947084,
2026-09-20T08:39:18.416151+00:00,222974,5613832,3946902,
2026-09-20T08:39:18.449187+00:00,222975,5613857,3946813,
2026-09-20T08:39:18.480144+00:00,222976,5613882,3947059,
2026-09-20T08:39:18.496154+00:00,222977,5613907,3946501,
2026-09-20T08:39:18.528147+00:00,222978,5613932,3946461,
2026-09-20T08:39:18.544177+00:00,222979,5613957,3946383,
2026-09-20T08:39:18.576139+00:00,222980,5613983,3946552,
2026-09-20T08:39:18.592134+00:00,222981,5614008,3946483,
2026-09-20T08:39:18.624123+00:00,222982,5614033,3946162,
2026-09-20T08:39:18.656131+00:00,222983,5614058,3946511,
2026-09-20T08:39:18.672174+00:00,222984,5614083,3946482,
2026-09-20T08:39:18.704132+00:00,222985,5614108,3946887,
2026-09-20T08:39:18.720205+00:00,222986,5614134,3946788,
2026-09-20T08:39:18.752131+00:00,222987,5614159,3946587,
2026-09-20T08:39:18.767795+00:00,222988,5614184,3946690,
2026-09-20T08:39:18.800159+00:00,222989,5614209,3946785,
2026-09-20T08:39:18.832168+00:00,222990,5614234,3946856,
2026-09-20T08:39:18.848219+00:00,222991,5614259,3946672,
2026-09-20T08:39:18.880129+00:00,222992,5614285,3946559,
2026-09-20T08:39:18.896164+00:00,222993,5614310,3946127,
2026-09-20T08:39:18.928116+00:00,222994,5614335,3946474,
2026-09-20T08:39:18.944144+00:00,222995,5614360,3946618,
2026-09-20T08:39:18.976122+00:00,222996,5614385,3946661,
2026-09-20T08:39:19.008258+00:00,222997,5614410,3946888,
2026-09-20T08:39:19.024117+00:00,222998,5614436,3946828,
2026-09-20T08:39:19.055921+00:00,222999,5614461,3946603,
2026-09-20T08:39:19.071954+00:00,223000,5614486,3946280,
2026-09-20T08:39:19.104141+00:00,223001,5614511,3946679,
2026-09-20T08:39:19.136160+00:00,223002,5614536,3946315,
2026-09-20T08:39:19.152345+00:00,223003,5614561,3946713,
2026-09-20T08:39:19.184138+00:00,223004,5614587,3946898,
2026-09-20T08:39:19.200172+00:00,223005,5614612,3946807,
2026-09-20T08:39:19.232138+00:00,223006,5614637,3946309,
2026-09-20T08:39:19.248120+00:00,223007,5614662,3946330,
2026-09-20T08:39:19.280140+00:00,223008,5614687,3946958,
2026-09-20T08:39:19.312119+00:00,223009,5614712,3947016,
2026-09-20T08:39:19.328140+00:00,223010,5614738,3946497,
