host_utc,seq,mcu_ms,raw,label
2026-09-20T08:40:28.886331+00:00,225774,5684306,3964011,
2026-09-20T08:40:28.917883+00:00,225775,5684331,3963459,
2026-09-20T08:40:28.934340+00:00,225776,5684356,3963413,
2026-09-20T08:40:28.966326+00:00,225777,5684382,3964186,
2026-09-20T08:40:28.982326+00:00,225778,5684407,3964526,
2026-09-20T08:40:29.014369+00:00,225779,5684432,3964656,
2026-09-20T08:40:29.030347+00:00,225780,5684457,3965859,
2026-09-20T08:40:29.062346+00:00,225781,5684482,3965587,
2026-09-20T08:40:29.094350+00:00,225782,5684507,3965339,
2026-09-20T08:40:29.110348+00:00,225783,5684533,3964839,
2026-09-20T08:40:29.142347+00:00,225784,5684558,3964321,
2026-09-20T08:40:29.158347+00:00,225785,5684583,3963573,
2026-09-20T08:40:29.190349+00:00,225786,5684608,3961933,
2026-09-20T08:40:29.206347+00:00,225787,5684633,3960381,
2026-09-20T08:40:29.238349+00:00,225788,5684659,3960146,
2026-09-20T08:40:29.270347+00:00,225789,5684684,3961019,
2026-09-20T08:40:29.286347+00:00,225790,5684709,3961676,
2026-09-20T08:40:29.318347+00:00,225791,5684734,3961482,
2026-09-20T08:40:29.334347+00:00,225792,5684759,3960869,
2026-09-20T08:40:29.366347+00:00,225793,5684784,3960558,
2026-09-20T08:40:29.398347+00:00,225794,5684810,3961981,
2026-09-20T08:40:29.414353+00:00,225795,5684835,3963444,
2026-09-20T08:40:29.446348+00:00,225796,5684860,3963338,
2026-09-20T08:40:29.462347+00:00,225797,5684885,3963711,
2026-09-20T08:40:29.494310+00:00,225798,5684910,3964645,
2026-09-20T08:40:29.510319+00:00,225799,5684935,3964882,
2026-09-20T08:40:29.542308+00:00,225800,5684961,3964924,
2026-09-20T08:40:29.574321+00:00,225801,5684986,3965637,
2026-09-20T08:40:29.590326+00:00,225802,5685011,3965622,
2026-09-20T08:40:29.622329+00:00,225803,5685036,3966117,
2026-09-20T08:40:29.638322+00:00,225804,5685061,3966603,
2026-09-20T08:40:29.670012+00:00,225805,5685086,3967640,
2026-09-20T08:40:29.686383+00:00,225806,5685112,3968750,
2026-09-20T08:40:29.718041+00:00,225807,5685137,3969655,
2026-09-20T08:40:29.750286+00:00,225808,5685162,3970294,
2026-09-20T08:40:29.765863+00:00,225809,5685187,3970815,
2026-09-20T08:40:29.798340+00:00,225810,5685212,3969715,
2026-09-20T08:40:29.814327+00:00,225811,5685238,3970670,
2026-09-20T08:40:29.846022+00:00,225812,5685263,3972751,
2026-09-20T08:40:29.862358+00:00,225813,5685288,3974018,
2026-09-20T08:40:29.894320+00:00,225814,5685313,3975433,
2026-09-20T08:40:29.926344+00:00,225815,5685338,3977875,
2026-09-20T08:40:29.942348+00:00,225816,5685363,3984457,
2026-09-20T08:40:29.975510+00:00,225817,5685389,3994068,
2026-09-20T08:40:29.990579+00:00,225818,5685414,4007720,
2026-09-20T08:40:30.023390+00:00,225819,5685439,4024410,
2026-09-20T08:40:30.039427+00:00,225820,5685464,4046486,
2026-09-20T08:40:30.070315+00:00,225821,5685489,4082080,
2026-09-20T08:40:30.102361+00:00,225822,5685514,4126589,
2026-09-20T08:40:30.117831+00:00,225823,5685540,4165830,
2026-09-20T08:40:30.150373+00:00,225824,5685565,4197273,
2026-09-20T08:40:30.167490+00:00,225825,5685590,4224071,
2026-09-20T08:40:30.198305+00:00,225826,5685615,4220003,
2026-09-20T08:40:30.214301+00:00,225827,5685640,4204143,
2026-09-20T08:40:30.250462+00:00,225828,5685665,4203221,
2026-09-20T08:40:30.278308+00:00,225829,5685691,4176957,
2026-09-20T08:40:30.294642+00:00,225830,5685716,4125760,
2026-09-20T08:40:30.326307+00:00,225831,5685741,4103258,
2026-09-20T08:40:30.342292+00:00,225832,5685766,4087218,
2026-09-20T08:40:30.374308+00:00,225833,5685791,4068833,
2026-09-20T08:40:30.390307+00:00,225834,5685817,4076082,
2026-09-20T08:40:30.422346+00:00,225835,5685842,4078791,
2026-09-20T08:40:30.454300+00:00,225836,5685867,4049671,
2026-09-20T08:40:30.471540+00:00,225837,5685892,4030494,
2026-09-20T08:40:30.502597+00:00,225838,5685917,4017090,
2026-09-20T08:40:30.517861+00:00,225839,5685942,3979415,
2026-09-20T08:40:30.550784+00:00,225840,5685968,3943999,
2026-09-20T08:40:30.566849+00:00,225841,5685993,3924497,
2026-09-20T08:40:30.598799+00:00,225842,5686018,3902179,
2026-09-20T08:40:30.630338+00:00,225843,5686043,3884704,
2026-09-20T08:40:30.647389+00:00,225844,5686068,3883949,
2026-09-20T08:40:30.678352+00:00,225845,5686093,3879803,
2026-09-20T08:40:30.697864+00:00,225846,5686119,3858555,
2026-09-20T08:40:30.726313+00:00,225847,5686144,3816230,
2026-09-20T08:40:30.742329+00:00,225848,5686169,3754664,
2026-09-20T08:40:30.774318+00:00,225849,5686194,3698741,
2026-09-20T08:40:30.806328+00:00,225850,5686219,3612290,
2026-09-20T08:40:30.823122+00:00,225851,5686245,3498906,
2026-09-20T08:40:30.857058+00:00,225852,5686270,3451433,
2026-09-20T08:40:30.872060+00:00,225853,5686295,3503341,
2026-09-20T08:40:30.901947+00:00,225854,5686320,3603173,
2026-09-20T08:40:30.918618+00:00,225855,5686345,3698884,
2026-09-20T08:40:30.950327+00:00,225856,5686370,3773902,
2026-09-20T08:40:30.982343+00:00,225857,5686396,3830281,
2026-09-20T08:40:30.998067+00:00,225858,5686421,3872139,
2026-09-20T08:40:31.030187+00:00,225859,5686446,3901045,
2026-09-20T08:40:31.046579+00:00,225860,5686471,3919020,
2026-09-20T08:40:31.078305+00:00,225861,5686496,3930505,
2026-09-20T08:40:31.093917+00:00,225862,5686521,3940313,
2026-09-20T08:40:31.126257+00:00,225863,5686547,3946473,
2026-09-20T08:40:31.162550+00:00,225864,5686572,3950332,
2026-09-20T08:40:31.174306+00:00,225865,5686597,3954444,
2026-09-20T08:40:31.206328+00:00,225866,5686622,3957159,
2026-09-20T08:40:31.224137+00:00,225867,5686647,3957450,
2026-09-20T08:40:31.258721+00:00,225868,5686672,3957570,
2026-09-20T08:40:31.271556+00:00,225869,5686698,3958687,
2026-09-20T08:40:31.302317+00:00,225870,5686723,3959518,
2026-09-20T08:40:31.334725+00:00,225871,5686748,3960464,
2026-09-20T08:40:31.350315+00:00,225872,5686773,3962276,
2026-09-20T08:40:31.382302+00:00,225873,5686798,3963405,
2026-09-20T08:40:31.398399+00:00,225874,5686824,3963547,
2026-09-20T08:40:31.430362+00:00,225875,5686849,3964508,
2026-09-20T08:40:31.462269+00:00,225876,5686874,3964228,
2026-09-20T08:40:31.478255+00:00,225877,5686899,3962317,
2026-09-20T08:40:31.510321+00:00,225878,5686924,3962058,
2026-09-20T08:40:31.526326+00:00,225879,5686949,3962415,
2026-09-20T08:40:31.558322+00:00,225880,5686975,3963121,
2026-09-20T08:40:31.574612+00:00,225881,5687000,3964023,
2026-09-20T08:40:31.607357+00:00,225882,5687025,3964833,
2026-09-20T08:40:31.639574+00:00,225883,5687050,3965420,
2026-09-20T08:40:31.656707+00:00,225884,5687075,3966622,
2026-09-20T08:40:31.686542+00:00,225885,5687100,3966965,
2026-09-20T08:40:31.706000+00:00,225886,5687126,3965260,
2026-09-20T08:40:31.734274+00:00,225887,5687151,3964809,
2026-09-20T08:40:31.750297+00:00,225888,5687176,3966320,
2026-09-20T08:40:31.781840+00:00,225889,5687201,3967725,
2026-09-20T08:40:31.814307+00:00,225890,5687226,3967025,
2026-09-20T08:40:31.830261+00:00,225891,5687251,3966472,
2026-09-20T08:40:31.862342+00:00,225892,5687277,3968314,
2026-09-20T08:40:31.878310+00:00,225893,5687302,3968699,
2026-09-20T08:40:31.912497+00:00,225894,5687327,3966059,
2026-09-20T08:40:31.926334+00:00,225895,5687352,3964006,
2026-09-20T08:40:31.958016+00:00,225896,5687377,3962999,
2026-09-20T08:40:31.990275+00:00,225897,5687402,3963486,
2026-09-20T08:40:32.005958+00:00,225898,5687428,3965167,
2026-09-20T08:40:32.039709+00:00,225899,5687453,3966339,
2026-09-20T08:40:32.054703+00:00,225900,5687478,3966255,
2026-09-20T08:40:32.085994+00:00,225901,5687503,3966089,
2026-09-20T08:40:32.102185+00:00,225902,5687528,3965369,
2026-09-20T08:40:32.136515+00:00,225903,5687553,3964911,
2026-09-20T08:40:32.167360+00:00,225904,5687579,3963912,
2026-09-20T08:40:32.182257+00:00,225905,5687604,3963032,
2026-09-20T08:40:32.214296+00:00,225906,5687629,3962988,
2026-09-20T08:40:32.230305+00:00,225907,5687654,3962407,
2026-09-20T08:40:32.262042+00:00,225908,5687679,3962379,
2026-09-20T08:40:32.278112+00:00,225909,5687704,3964025,
2026-09-20T08:40:32.312313+00:00,225910,5687730,3964135,
2026-09-20T08:40:32.342162+00:00,225911,5687755,3964265,
2026-09-20T08:40:32.358403+00:00,225912,5687780,3964839,
2026-09-20T08:40:32.390242+00:00,225913,5687805,3966313,
2026-09-20T08:40:32.406293+00:00,225914,5687830,3966692,
2026-09-20T08:40:32.439364+00:00,225915,5687856,3966844,
2026-09-20T08:40:32.456958+00:00,225916,5687881,3968097,
2026-09-20T08:40:32.486249+00:00,225917,5687906,3969859,
2026-09-20T08:40:32.518483+00:00,225918,5687931,3969126,
2026-09-20T08:40:32.535772+00:00,225919,5687956,3967490,
2026-09-20T08:40:32.566271+00:00,225920,5687981,3966705,
2026-09-20T08:40:32.582293+00:00,225921,5688007,3966802,
2026-09-20T08:40:32.613960+00:00,225922,5688032,3966673,
2026-09-20T08:40:32.632339+00:00,225923,5688057,3965970,
2026-09-20T08:40:32.662231+00:00,225924,5688082,3964962,
2026-09-20T08:40:32.694232+00:00,225925,5688107,3964489,
2026-09-20T08:40:32.710247+00:00,225926,5688132,3964863,
2026-09-20T08:40:32.742272+00:00,225927,5688158,3965184,
2026-09-20T08:40:32.758239+00:00,225928,5688183,3966007,
2026-09-20T08:40:32.790281+00:00,225929,5688208,3967912,
2026-09-20T08:40:32.806239+00:00,225930,5688233,3967597,
2026-09-20T08:40:32.838237+00:00,225931,5688258,3965485,
2026-09-20T08:40:32.869853+00:00,225932,5688284,3963920,
2026-09-20T08:40:32.886333+00:00,225933,5688309,3962896,
2026-09-20T08:40:32.918493+00:00,225934,5688334,3963131,
2026-09-20T08:40:32.933676+00:00,225935,5688359,3964152,
2026-09-20T08:40:32.966243+00:00,225936,5688384,3963865,
2026-09-20T08:40:32.982242+00:00,225937,5688409,3963373,
2026-09-20T08:40:33.014300+00:00,225938,5688435,3962991,
2026-09-20T08:40:33.046588+00:00,225939,5688460,3960852,
2026-09-20T08:40:33.061825+00:00,225940,5688485,3959787,
2026-09-20T08:40:33.094234+00:00,225941,5688510,3961232,
2026-09-20T08:40:33.110236+00:00,225942,5688535,3963632,
2026-09-20T08:40:33.142230+00:00,225943,5688560,3964993,
2026-09-20T08:40:33.158236+00:00,225944,5688586,3965048,
2026-09-20T08:40:33.190214+00:00,225945,5688611,3964648,
2026-09-20T08:40:33.222169+00:00,225946,5688636,3964044,
2026-09-20T08:40:33.238172+00:00,225947,5688661,3962962,
2026-09-20T08:40:33.270458+00:00,225948,5688686,3962689,
2026-09-20T08:40:33.285882+00:00,225949,5688711,3962902,
2026-09-20T08:40:33.317827+00:00,225950,5688737,3962587,
2026-09-20T08:40:33.334220+00:00,225951,5688762,3961535,
2026-09-20T08:40:33.366238+00:00,225952,5688787,3962208,
2026-09-20T08:40:33.398247+00:00,225953,5688812,3964078,
2026-09-20T08:40:33.414237+00:00,225954,5688837,3964790,
2026-09-20T08:40:33.446249+00:00,225955,5688862,3963300,
2026-09-20T08:40:33.462257+00:00,225956,5688888,3960472,
2026-09-20T08:40:33.496415+00:00,225957,5688913,3960255,
2026-09-20T08:40:33.511328+00:00,225958,5688938,3961922,
2026-09-20T08:40:33.542328+00:00,225959,5688963,3962776,
2026-09-20T08:40:33.574371+00:00,225960,5688988,3961802,
2026-09-20T08:40:33.590502+00:00,225961,5689014,3960677,
2026-09-20T08:40:33.623685+00:00,225962,5689039,3960041,
2026-09-20T08:40:33.638230+00:00,225963,5689064,3959330,
2026-09-20T08:40:33.670145+00:00,225964,5689089,3958723,
2026-09-20T08:40:33.702208+00:00,225965,5689114,3957390,
2026-09-20T08:40:33.718004+00:00,225966,5689139,3957061,
2026-09-20T08:40:33.750187+00:00,225967,5689165,3957858,
2026-09-20T08:40:33.766567+00:00,225968,5689190,3958477,
2026-09-20T08:40:33.798297+00:00,225969,5689215,3958224,
2026-09-20T08:40:33.814740+00:00,225970,5689240,3958087,
2026-09-20T08:40:33.846198+00:00,225971,5689265,3958421,
2026-09-20T08:40:33.878230+00:00,225972,5689290,3960365,
2026-09-20T08:40:33.895929+00:00,225973,5689316,3962158,
2026-09-20T08:40:33.925863+00:00,225974,5689341,3965200,
2026-09-20T08:40:33.942252+00:00,225975,5689366,3973021,
2026-09-20T08:40:33.973896+00:00,225976,5689391,3982424,
2026-09-20T08:40:33.989886+00:00,225977,5689416,3991095,
2026-09-20T08:40:34.022120+00:00,225978,5689441,4002290,
2026-09-20T08:40:34.054290+00:00,225979,5689467,4024319,
2026-09-20T08:40:34.071300+00:00,225980,5689492,4052111,
2026-09-20T08:40:34.102259+00:00,225981,5689517,4076182,
2026-09-20T08:40:34.117873+00:00,225982,5689542,4100050,
2026-09-20T08:40:34.150053+00:00,225983,5689567,4131636,
2026-09-20T08:40:34.166207+00:00,225984,5689592,4158179,
2026-09-20T08:40:34.198249+00:00,225985,5689618,4170615,
2026-09-20T08:40:34.229878+00:00,225986,5689643,4182463,
2026-09-20T08:40:34.246451+00:00,225987,5689668,4195084,
2026-09-20T08:40:34.279334+00:00,225988,5689693,4192953,
2026-09-20T08:40:34.294683+00:00,225989,5689718,4179719,
2026-09-20T08:40:34.327180+00:00,225990,5689744,4159050,
2026-09-20T08:40:34.342447+00:00,225991,5689769,4135540,
2026-09-20T08:40:34.374206+00:00,225992,5689794,4108447,
2026-09-20T08:40:34.406255+00:00,225993,5689819,4090191,
2026-09-20T08:40:34.422243+00:00,225994,5689844,4086470,
2026-09-20T08:40:34.456302+00:00,225995,5689869,4068079,
2026-09-20T08:40:34.472212+00:00,225996,5689895,4048073,
2026-09-20T08:40:34.502255+00:00,225997,5689920,4048933,
2026-09-20T08:40:34.518251+00:00,225998,5689945,4050666,
2026-09-20T08:40:34.550221+00:00,225999,5689970,4035711,
2026-09-20T08:40:34.583473+00:00,226000,5689995,4001801,
2026-09-20T08:40:34.605127+00:00,226001,5690020,3938874,
2026-09-20T08:40:34.630198+00:00,226002,5690046,3850102,
2026-09-20T08:40:34.646222+00:00,226003,5690071,3796389,
2026-09-20T08:40:34.678199+00:00,226004,5690096,3777613,
2026-09-20T08:40:34.694222+00:00,226005,5690121,3751295,
2026-09-20T08:40:34.725761+00:00,226006,5690146,3704694,
2026-09-20T08:40:34.758192+00:00,226007,5690172,3619250,
2026-09-20T08:40:34.774220+00:00,226008,5690197,3521591,
2026-09-20T08:40:34.806190+00:00,226009,5690222,3480618,
2026-09-20T08:40:34.822225+00:00,226010,5690247,3510153,
2026-09-20T08:40:34.855106+00:00,226011,5690272,3584209,
2026-09-20T08:40:34.870238+00:00,226012,5690297,3670132,
2026-09-20T08:40:34.902200+00:00,226013,5690323,3746917,
2026-09-20T08:40:34.936244+00:00,226014,5690348,3805764,
2026-09-20T08:40:34.950265+00:00,226015,5690373,3850555,
2026-09-20T08:40:34.982187+00:00,226016,5690398,3881967,
2026-09-20T08:40:34.998237+00:00,226017,5690423,3903532,
2026-09-20T08:40:35.030238+00:00,226018,5690448,3919925,
2026-09-20T08:40:35.046179+00:00,226019,5690474,3930913,
2026-09-20T08:40:35.078730+00:00,226020,5690499,3938131,
2026-09-20T08:40:35.110184+00:00,226021,5690524,3943474,
2026-09-20T08:40:35.126246+00:00,226022,5690549,3947937,
2026-09-20T08:40:35.160801+00:00,226023,5690574,3950537,
2026-09-20T08:40:35.174204+00:00,226024,5690599,3950953,
2026-09-20T08:40:35.206713+00:00,226025,5690625,3951934,
2026-09-20T08:40:35.223450+00:00,226026,5690650,3953501,
2026-09-20T08:40:35.255347+00:00,226027,5690675,3954450,
2026-09-20T08:40:35.287175+00:00,226028,5690700,3954621,
2026-09-20T08:40:35.302851+00:00,226029,5690725,3955289,
2026-09-20T08:40:35.334065+00:00,226030,5690751,3955657,
2026-09-20T08:40:35.350247+00:00,226031,5690776,3956212,
2026-09-20T08:40:35.382224+00:00,226032,5690801,3956835,
2026-09-20T08:40:35.398207+00:00,226033,5690826,3956968,
2026-09-20T08:40:35.430202+00:00,226034,5690851,3957309,
2026-09-20T08:40:35.462203+00:00,226035,5690876,3956943,
2026-09-20T08:40:35.478204+00:00,226036,5690902,3957637,
2026-09-20T08:40:35.511090+00:00,226037,5690927,3957789,
2026-09-20T08:40:35.526304+00:00,226038,5690952,3957658,
2026-09-20T08:40:35.558173+00:00,226039,5690977,3957677,
2026-09-20T08:40:35.574245+00:00,226040,5691002,3958009,
2026-09-20T08:40:35.603113+00:00,226041,5691027,3957952,
2026-09-20T08:40:35.634504+00:00,226042,5691053,3958020,
2026-09-20T08:40:35.654159+00:00,226043,5691078,3958195,
2026-09-20T08:40:35.686202+00:00,226044,5691103,3958675,
2026-09-20T08:40:35.702146+00:00,226045,5691128,3958683,
2026-09-20T08:40:35.733889+00:00,226046,5691153,3958168,
2026-09-20T08:40:35.766208+00:00,226047,5691179,3957502,
2026-09-20T08:40:35.782191+00:00,226048,5691204,3957836,
2026-09-20T08:40:35.814193+00:00,226049,5691229,3958419,
2026-09-20T08:40:35.830188+00:00,226050,5691254,3958384,
2026-09-20T08:40:35.862666+00:00,226051,5691279,3958056,
2026-09-20T08:40:35.878314+00:00,226052,5691304,3957836,
2026-09-20T08:40:35.911547+00:00,226053,5691330,3957900,
2026-09-20T08:40:35.942179+00:00,226054,5691355,3957998,
2026-09-20T08:40:35.962222+00:00,226055,5691380,3957625,
2026-09-20T08:40:35.992286+00:00,226056,5691405,3958042,
2026-09-20T08:40:36.006158+00:00,226057,5691430,3958076,
2026-09-20T08:40:36.038558+00:00,226058,5691456,3958006,
2026-09-20T08:40:36.056463+00:00,226059,5691481,3958188,
2026-09-20T08:40:36.086068+00:00,226060,5691506,3958551,
2026-09-20T08:40:36.118955+00:00,226061,5691531,3958194,
2026-09-20T08:40:36.134153+00:00,226062,5691556,3958600,
2026-09-20T08:40:36.166258+00:00,226063,5691581,3959684,
2026-09-20T08:40:36.185358+00:00,226064,5691607,3960586,
2026-09-20T08:40:36.214166+00:00,226065,5691632,3961205,
2026-09-20T08:40:36.230222+00:00,226066,5691657,3962567,
2026-09-20T08:40:36.262204+00:00,226067,5691682,3961755,
2026-09-20T08:40:36.295383+00:00,226068,5691707,3961320,
2026-09-20T08:40:36.312208+00:00,226069,5691732,3961764,
2026-09-20T08:40:36.342195+00:00,226070,5691758,3961053,
2026-09-20T08:40:36.361531+00:00,226071,5691783,3960792,
2026-09-20T08:40:36.391252+00:00,226072,5691808,3960708,
2026-09-20T08:40:36.405749+00:00,226073,5691833,3960860,
2026-09-20T08:40:36.438417+00:00,226074,5691858,3961148,
2026-09-20T08:40:36.470185+00:00,226075,5691884,3960398,
2026-09-20T08:40:36.486179+00:00,226076,5691909,3960035,
2026-09-20T08:40:36.518964+00:00,226077,5691934,3960025,
2026-09-20T08:40:36.534182+00:00,226078,5691959,3960376,
2026-09-20T08:40:36.566228+00:00,226079,5691984,3960417,
2026-09-20T08:40:36.582429+00:00,226080,5692009,3960241,
2026-09-20T08:40:36.614191+00:00,226081,5692035,3961207,
2026-09-20T08:40:36.646144+00:00,226082,5692060,3961462,
2026-09-20T08:40:36.662055+00:00,226083,5692085,3960866,
2026-09-20T08:40:36.694089+00:00,226084,5692110,3960936,
2026-09-20T08:40:36.710160+00:00,226085,5692135,3961635,
2026-09-20T08:40:36.742159+00:00,226086,5692160,3961941,
2026-09-20T08:40:36.757960+00:00,226087,5692186,3961827,
2026-09-20T08:40:36.790126+00:00,226088,5692211,3961475,
2026-09-20T08:40:36.821939+00:00,226089,5692236,3961566,
2026-09-20T08:40:36.838227+00:00,226090,5692261,3961662,
2026-09-20T08:40:36.869815+00:00,226091,5692286,3961261,
2026-09-20T08:40:36.885802+00:00,226092,5692311,3962276,
2026-09-20T08:40:36.917845+00:00,226093,5692337,3962831,
2026-09-20T08:40:36.934136+00:00,226094,5692362,3962852,
2026-09-20T08:40:36.965744+00:00,226095,5692387,3963097,
2026-09-20T08:40:36.998002+00:00,226096,5692412,3963521,
2026-09-20T08:40:37.014180+00:00,226097,5692437,3963024,
2026-09-20T08:40:37.046124+00:00,226098,5692463,3962419,
2026-09-20T08:40:37.061671+00:00,226099,5692488,3962272,
2026-09-20T08:40:37.094134+00:00,226100,5692513,3961896,
2026-09-20T08:40:37.111182+00:00,226101,5692538,3960881,
2026-09-20T08:40:37.142168+00:00,226102,5692563,3960009,
2026-09-20T08:40:37.174183+00:00,226103,5692588,3958979,
2026-09-20T08:40:37.189790+00:00,226104,5692614,3958241,
2026-09-20T08:40:37.222174+00:00,226105,5692639,3958835,
2026-09-20T08:40:37.238136+00:00,226106,5692664,3958448,
2026-09-20T08:40:37.271899+00:00,226107,5692689,3958776,
2026-09-20T08:40:37.286159+00:00,226108,5692714,3959962,
2026-09-20T08:40:37.318020+00:00,226109,5692739,3960735,
2026-09-20T08:40:37.349942+00:00,226110,5692765,3959672,
2026-09-20T08:40:37.366137+00:00,226111,5692790,3959182,
2026-09-20T08:40:37.398225+00:00,226112,5692815,3958765,
2026-09-20T08:40:37.414237+00:00,226113,5692840,3958176,
2026-09-20T08:40:37.446177+00:00,226114,5692865,3959544,
2026-09-20T08:40:37.463190+00:00,226115,5692891,3959661,
2026-09-20T08:40:37.494146+00:00,226116,5692916,3959080,
2026-09-20T08:40:37.527213+00:00,226117,5692941,3958563,
2026-09-20T08:40:37.542909+00:00,226118,5692966,3957300,
2026-09-20T08:40:37.574205+00:00,226119,5692991,3956795,
2026-09-20T08:40:37.590155+00:00,226120,5693016,3956781,
2026-09-20T08:40:37.623500+00:00,226121,5693042,3956194,
2026-09-20T08:40:37.656450+00:00,226122,5693067,3955398,
2026-09-20T08:40:37.669892+00:00,226123,5693092,3956709,
2026-09-20T08:40:37.702426+00:00,226124,5693117,3958112,
2026-09-20T08:40:37.718237+00:00,226125,5693142,3957802,
2026-09-20T08:40:37.749823+00:00,226126,5693167,3957747,
2026-09-20T08:40:37.766028+00:00,226127,5693193,3958221,
2026-09-20T08:40:37.799207+00:00,226128,5693218,3958488,
2026-09-20T08:40:37.831313+00:00,226129,5693243,3957971,
2026-09-20T08:40:37.846116+00:00,226130,5693268,3957620,
2026-09-20T08:40:37.878200+00:00,226131,5693293,3958469,
2026-09-20T08:40:37.895460+00:00,226132,5693319,3958511,
2026-09-20T08:40:37.926158+00:00,226133,5693344,3958149,
2026-09-20T08:40:37.939780+00:00,226134,5693369,3957931,
2026-09-20T08:40:37.974244+00:00,226135,5693394,3957247,
2026-09-20T08:40:38.007205+00:00,226136,5693419,3957539,
2026-09-20T08:40:38.022125+00:00,226137,5693444,3958253,
2026-09-20T08:40:38.054179+00:00,226138,5693470,3958048,
2026-09-20T08:40:38.070132+00:00,226139,5693495,3957779,
2026-09-20T08:40:38.102198+00:00,226140,5693520,3957272,
2026-09-20T08:40:38.118123+00:00,226141,5693545,3957015,
2026-09-20T08:40:38.150107+00:00,226142,5693570,3957736,
2026-09-20T08:40:38.182190+00:00,226143,5693595,3958496,
2026-09-20T08:40:38.197717+00:00,226144,5693621,3960639,
2026-09-20T08:40:38.230029+00:00,226145,5693646,3964062,
2026-09-20T08:40:38.246106+00:00,226146,5693671,3965907,
2026-09-20T08:40:38.279293+00:00,226147,5693696,3966252,
2026-09-20T08:40:38.295358+00:00,226148,5693721,3969439,
2026-09-20T08:40:38.327041+00:00,226149,5693747,3975683,
2026-09-20T08:40:38.358088+00:00,226150,5693772,3984100,
2026-09-20T08:40:38.374457+00:00,226151,5693797,3996487,
2026-09-20T08:40:38.406628+00:00,226152,5693822,4016645,
2026-09-20T08:40:38.422044+00:00,226153,5693847,4042919,
2026-09-20T08:40:38.458788+00:00,226154,5693872,4070103,
2026-09-20T08:40:38.472017+00:00,226155,5693898,4098443,
2026-09-20T08:40:38.502118+00:00,226156,5693923,4125276,
2026-09-20T08:40:38.537881+00:00,226157,5693948,4156950,
2026-09-20T08:40:38.550083+00:00,226158,5693973,4202422,
2026-09-20T08:40:38.582265+00:00,226159,5693998,4234297,
2026-09-20T08:40:38.598110+00:00,226160,5694023,4243980,
2026-09-20T08:40:38.630100+00:00,226161,5694049,4243236,
2026-09-20T08:40:38.646075+00:00,226162,5694074,4233749,
2026-09-20T08:40:38.678041+00:00,226163,5694099,4217966,
2026-09-20T08:40:38.710107+00:00,226164,5694124,4188815,
2026-09-20T08:40:38.726017+00:00,226165,5694149,4142137,
2026-09-20T08:40:38.758184+00:00,226166,5694175,4096658,
2026-09-20T08:40:38.774119+00:00,226167,5694200,4052065,
2026-09-20T08:40:38.806657+00:00,226168,5694225,4008214,
2026-09-20T08:40:38.822703+00:00,226169,5694250,3965598,
2026-09-20T08:40:38.856622+00:00,226170,5694275,3913867,
2026-09-20T08:40:38.886082+00:00,226171,5694300,3839011,
2026-09-20T08:40:38.903292+00:00,226172,5694326,3738656,
2026-09-20T08:40:38.935876+00:00,226173,5694351,3625169,
2026-09-20T08:40:38.950159+00:00,226174,5694376,3532376,
2026-09-20T08:40:38.983205+00:00,226175,5694401,3491172,
2026-09-20T08:40:38.998066+00:00,226176,5694426,3494598,
2026-09-20T08:40:39.030115+00:00,226177,5694451,3546495,
2026-09-20T08:40:39.062121+00:00,226178,5694477,3632702,
2026-09-20T08:40:39.079261+00:00,226179,5694502,3715895,
2026-09-20T08:40:39.110678+00:00,226180,5694527,3780767,
2026-09-20T08:40:39.125851+00:00,226181,5694552,3829028,
2026-09-20T08:40:39.158061+00:00,226182,5694577,3865863,
2026-09-20T08:40:39.174139+00:00,226183,5694602,3894801,
2026-09-20T08:40:39.206038+00:00,226184,5694628,3913537,
2026-09-20T08:40:39.238319+00:00,226185,5694653,3924726,
2026-09-20T08:40:39.254313+00:00,226186,5694678,3932733,
2026-09-20T08:40:39.286176+00:00,226187,5694703,3938490,
2026-09-20T08:40:39.302230+00:00,226188,5694728,3942658,
2026-09-20T08:40:39.334088+00:00,226189,5694754,3946728,
2026-09-20T08:40:39.350089+00:00,226190,5694779,3949567,
2026-09-20T08:40:39.382136+00:00,226191,5694804,3950374,
2026-09-20T08:40:39.414078+00:00,226192,5694829,3950338,
2026-09-20T08:40:39.430089+00:00,226193,5694854,3950754,
2026-09-20T08:40:39.463449+00:00,226194,5694879,3951038,
2026-09-20T08:40:39.479153+00:00,226195,5694905,3951661,
2026-09-20T08:40:39.510108+00:00,226196,5694930,3952393,
2026-09-20T08:40:39.542631+00:00,226197,5694955,3952736,
2026-09-20T08:40:39.558095+00:00,226198,5694980,3952902,
2026-09-20T08:40:39.590848+00:00,226199,5695005,3952897,
2026-09-20T08:40:39.607341+00:00,226200,5695030,3952890,
2026-09-20T08:40:39.638401+00:00,226201,5695056,3953776,
2026-09-20T08:40:39.657797+00:00,226202,5695081,3954483,
2026-09-20T08:40:39.686257+00:00,226203,5695106,3954986,
2026-09-20T08:40:39.723153+00:00,226204,5695131,3954736,
2026-09-20T08:40:39.736639+00:00,226205,5695156,3955232,
2026-09-20T08:40:39.766068+00:00,226206,5695182,3955632,
2026-09-20T08:40:39.782120+00:00,226207,5695207,3955522,
2026-09-20T08:40:39.814066+00:00,226208,5695232,3955121,
2026-09-20T08:40:39.830474+00:00,226209,5695257,3955126,
2026-09-20T08:40:39.862623+00:00,226210,5695282,3955868,
2026-09-20T08:40:39.894067+00:00,226211,5695307,3955730,
2026-09-20T08:40:39.911411+00:00,226212,5695333,3953770,
2026-09-20T08:40:39.948444+00:00,226213,5695358,3951812,
2026-09-20T08:40:39.958110+00:00,226214,5695383,3951693,
2026-09-20T08:40:39.990090+00:00,226215,5695408,3951774,
2026-09-20T08:40:40.006095+00:00,226216,5695433,3951118,
2026-09-20T08:40:40.038131+00:00,226217,5695458,3951606,
2026-09-20T08:40:40.070052+00:00,226218,5695484,3951906,
2026-09-20T08:40:40.086045+00:00,226219,5695509,3951764,
2026-09-20T08:40:40.118059+00:00,226220,5695534,3951323,
2026-09-20T08:40:40.134031+00:00,226221,5695559,3950203,
2026-09-20T08:40:40.166070+00:00,226222,5695584,3949999,
2026-09-20T08:40:40.182077+00:00,226223,5695610,3950310,
2026-09-20T08:40:40.214039+00:00,226224,5695635,3950277,
2026-09-20T08:40:40.246035+00:00,226225,5695660,3949982,
2026-09-20T08:40:40.262114+00:00,226226,5695685,3949905,
2026-09-20T08:40:40.294092+00:00,226227,5695710,3950613,
2026-09-20T08:40:40.311139+00:00,226228,5695735,3951651,
2026-09-20T08:40:40.342084+00:00,226229,5695761,3951529,
2026-09-20T08:40:40.358263+00:00,226230,5695786,3951418,
2026-09-20T08:40:40.390082+00:00,226231,5695811,3951509,
2026-09-20T08:40:40.422045+00:00,226232,5695836,3952725,
2026-09-20T08:40:40.438092+00:00,226233,5695861,3953883,
2026-09-20T08:40:40.470062+00:00,226234,5695886,3955068,
2026-09-20T08:40:40.486637+00:00,226235,5695912,3956483,
2026-09-20T08:40:40.518523+00:00,226236,5695937,3957610,
2026-09-20T08:40:40.537258+00:00,226237,5695962,3957244,
2026-09-20T08:40:40.566097+00:00,226238,5695987,3956499,
2026-09-20T08:40:40.598077+00:00,226239,5696012,3957401,
2026-09-20T08:40:40.614094+00:00,226240,5696038,3958424,
2026-09-20T08:40:40.647170+00:00,226241,5696063,3958329,
2026-09-20T08:40:40.662041+00:00,226242,5696088,3957837,
2026-09-20T08:40:40.694039+00:00,226243,5696113,3957120,
2026-09-20T08:40:40.710098+00:00,226244,5696138,3956515,
2026-09-20T08:40:40.742074+00:00,226245,5696163,3956568,
2026-09-20T08:40:40.774050+00:00,226246,5696189,3956368,
2026-09-20T08:40:40.790414+00:00,226247,5696214,3955895,
2026-09-20T08:40:40.822034+00:00,226248,5696239,3955381,
2026-09-20T08:40:40.838052+00:00,226249,5696264,3955388,
2026-09-20T08:40:40.872425+00:00,226250,5696289,3954449,
2026-09-20T08:40:40.886578+00:00,226251,5696314,3953669,
2026-09-20T08:40:40.918281+00:00,226252,5696340,3953910,
2026-09-20T08:40:40.950070+00:00,226253,5696365,3954388,
2026-09-20T08:40:40.966110+00:00,226254,5696390,3954371,
2026-09-20T08:40:40.998059+00:00,226255,5696415,3954887,
2026-09-20T08:40:41.014455+00:00,226256,5696440,3955011,
2026-09-20T08:40:41.046094+00:00,226257,5696466,3955330,
2026-09-20T08:40:41.062032+00:00,226258,5696491,3954980,
2026-09-20T08:40:41.094032+00:00,226259,5696516,3954953,
2026-09-20T08:40:41.126026+00:00,226260,5696541,3956498,
2026-09-20T08:40:41.142030+00:00,226261,5696566,3957494,
2026-09-20T08:40:41.174022+00:00,226262,5696591,3958047,
2026-09-20T08:40:41.190015+00:00,226263,5696617,3958223,
2026-09-20T08:40:41.222033+00:00,226264,5696642,3958152,
2026-09-20T08:40:41.238061+00:00,226265,5696667,3958103,
2026-09-20T08:40:41.270202+00:00,226266,5696692,3959069,
2026-09-20T08:40:41.302045+00:00,226267,5696717,3958837,
2026-09-20T08:40:41.318047+00:00,226268,5696742,3957747,
2026-09-20T08:40:41.350037+00:00,226269,5696768,3956551,
2026-09-20T08:40:41.365534+00:00,226270,5696793,3955758,
2026-09-20T08:40:41.398038+00:00,226271,5696818,3956201,
2026-09-20T08:40:41.429825+00:00,226272,5696843,3955955,
2026-09-20T08:40:41.446077+00:00,226273,5696868,3955147,
2026-09-20T08:40:41.480138+00:00,226274,5696893,3954570,
2026-09-20T08:40:41.496130+00:00,226275,5696919,3955087,
2026-09-20T08:40:41.526032+00:00,226276,5696944,3955241,
2026-09-20T08:40:41.542045+00:00,226277,5696969,3954982,
2026-09-20T08:40:41.574058+00:00,226278,5696994,3954577,
2026-09-20T08:40:41.606100+00:00,226279,5697019,3954465,
2026-09-20T08:40:41.622818+00:00,226280,5697045,3955028,
2026-09-20T08:40:41.654307+00:00,226281,5697070,3955183,
2026-09-20T08:40:41.669936+00:00,226282,5697095,3955871,
2026-09-20T08:40:41.702011+00:00,226283,5697120,3956256,
2026-09-20T08:40:41.717910+00:00,226284,5697145,3955750,
2026-09-20T08:40:41.750049+00:00,226285,5697170,3954873,
2026-09-20T08:40:41.781993+00:00,226286,5697196,3954797,
2026-09-20T08:40:41.798340+00:00,226287,5697221,3955167,
2026-09-20T08:40:41.830028+00:00,226288,5697246,3954722,
2026-09-20T08:40:41.847144+00:00,226289,5697271,3954819,
2026-09-20T08:40:41.879129+00:00,226290,5697296,3954830,
2026-09-20T08:40:41.893825+00:00,226291,5697321,3955470,
2026-09-20T08:40:41.926038+00:00,226292,5697347,3955575,
2026-09-20T08:40:41.957760+00:00,226293,5697372,3954766,
2026-09-20T08:40:41.974627+00:00,226294,5697397,3955193,
2026-09-20T08:40:42.007129+00:00,226295,5697422,3956560,
2026-09-20T08:40:42.022015+00:00,226296,5697447,3957022,
2026-09-20T08:40:42.054039+00:00,226297,5697473,3956824,
2026-09-20T08:40:42.070011+00:00,226298,5697498,3955652,
2026-09-20T08:40:42.102019+00:00,226299,5697523,3954237,
2026-09-20T08:40:42.138882+00:00,226300,5697548,3954038,
2026-09-20T08:40:42.149997+00:00,226301,5697573,3954720,
2026-09-20T08:40:42.182367+00:00,226302,5697598,3955601,
2026-09-20T08:40:42.198046+00:00,226303,5697624,3957034,
2026-09-20T08:40:42.229673+00:00,226304,5697649,3957212,
2026-09-20T08:40:42.247107+00:00,226305,5697674,3956532,
2026-09-20T08:40:42.278197+00:00,226306,5697699,3956571,
2026-09-20T08:40:42.312185+00:00,226307,5697724,3956387,
2026-09-20T08:40:42.326028+00:00,226308,5697749,3958012,
2026-09-20T08:40:42.358048+00:00,226309,5697775,3964444,
2026-09-20T08:40:42.373991+00:00,226310,5697800,3971845,
2026-09-20T08:40:42.405686+00:00,226311,5697825,3979541,
2026-09-20T08:40:42.423081+00:00,226312,5697850,3990415,
2026-09-20T08:40:42.453798+00:00,226313,5697875,4009786,
2026-09-20T08:40:42.486020+00:00,226314,5697901,4030109,
2026-09-20T08:40:42.502736+00:00,226315,5697926,4046161,
2026-09-20T08:40:42.533976+00:00,226316,5697951,4072465,
2026-09-20T08:40:42.549745+00:00,226317,5697976,4101914,
2026-09-20T08:40:42.581988+00:00,226318,5698001,4115548,
2026-09-20T08:40:42.598569+00:00,226319,5698026,4126188,
2026-09-20T08:40:42.630157+00:00,226320,5698052,4142908,
2026-09-20T08:40:42.662856+00:00,226321,5698077,4157666,
2026-09-20T08:40:42.679050+00:00,226322,5698102,4158184,
2026-09-20T08:40:42.710021+00:00,226323,5698127,4149797,
2026-09-20T08:40:42.726023+00:00,226324,5698152,4148671,
2026-09-20T08:40:42.758009+00:00,226325,5698177,4146062,
2026-09-20T08:40:42.775083+00:00,226326,5698203,4120209,
2026-09-20T08:40:42.807087+00:00,226327,5698228,4099538,
2026-09-20T08:40:42.838475+00:00,226328,5698253,4091131,
2026-09-20T08:40:42.853976+00:00,226329,5698278,4064574,
2026-09-20T08:40:42.886028+00:00,226330,5698303,4040397,
2026-09-20T08:40:42.905426+00:00,226331,5698329,4038287,
2026-09-20T08:40:42.938056+00:00,226332,5698354,4025985,
2026-09-20T08:40:42.950028+00:00,226333,5698379,4018458,
2026-09-20T08:40:42.981985+00:00,226334,5698404,4006132,
2026-09-20T08:40:43.014034+00:00,226335,5698429,3986546,
2026-09-20T08:40:43.029993+00:00,226336,5698454,3987099,
2026-09-20T08:40:43.061991+00:00,226337,5698480,3971876,
2026-09-20T08:40:43.078106+00:00,226338,5698505,3905939,
2026-09-20T08:40:43.109937+00:00,226339,5698530,3795382,
2026-09-20T08:40:43.125693+00:00,226340,5698555,3665968,
2026-09-20T08:40:43.158427+00:00,226341,5698580,3527011,
2026-09-20T08:40:43.190035+00:00,226342,5698605,3392454,
2026-09-20T08:40:43.205990+00:00,226343,5698631,3327833,
2026-09-20T08:40:43.238590+00:00,226344,5698656,3380909,
2026-09-20T08:40:43.254219+00:00,226345,5698681,3508652,
2026-09-20T08:40:43.286070+00:00,226346,5698706,3626176,
2026-09-20T08:40:43.303522+00:00,226347,5698731,3713096,
2026-09-20T08:40:43.333974+00:00,226348,5698756,3778766,
2026-09-20T08:40:43.365860+00:00,226349,5698782,3828363,
2026-09-20T08:40:43.382543+00:00,226350,5698807,3863273,
2026-09-20T08:40:43.414048+00:00,226351,5698832,3889225,
2026-09-20T08:40:43.430299+00:00,226352,5698857,3908233,
2026-09-20T08:40:43.462129+00:00,226353,5698882,3921497,
2026-09-20T08:40:43.493968+00:00,226354,5698908,3930322,
2026-09-20T08:40:43.510020+00:00,226355,5698933,3935778,
2026-09-20T08:40:43.541991+00:00,226356,5698958,3938778,
2026-09-20T08:40:43.561154+00:00,226357,5698983,3940491,
2026-09-20T08:40:43.589935+00:00,226358,5699008,3942415,
2026-09-20T08:40:43.610065+00:00,226359,5699033,3944554,
2026-09-20T08:40:43.637953+00:00,226360,5699059,3946318,
2026-09-20T08:40:43.664542+00:00,226361,5699084,3947028,
2026-09-20T08:40:43.682326+00:00,226362,5699109,3947711,
2026-09-20T08:40:43.712018+00:00,226363,5699134,3949011,
2026-09-20T08:40:43.733951+00:00,226364,5699159,3950289,
2026-09-20T08:40:43.765986+00:00,226365,5699184,3949337,
2026-09-20T08:40:43.781958+00:00,226366,5699210,3948529,
2026-09-20T08:40:43.814200+00:00,226367,5699235,3948210,
2026-09-20T08:40:43.846010+00:00,226368,5699260,3948338,
2026-09-20T08:40:43.863175+00:00,226369,5699285,3950748,
2026-09-20T08:40:43.893747+00:00,226370,5699310,3950920,
2026-09-20T08:40:43.912039+00:00,226371,5699336,3950615,
2026-09-20T08:40:43.941953+00:00,226372,5699361,3950202,
2026-09-20T08:40:43.957992+00:00,226373,5699386,3950735,
2026-09-20T08:40:43.992053+00:00,226374,5699411,3951610,
2026-09-20T08:40:44.023683+00:00,226375,5699436,3951458,
2026-09-20T08:40:44.038326+00:00,226376,5699461,3952236,
2026-09-20T08:40:44.070292+00:00,226377,5699487,3953039,
2026-09-20T08:40:44.086400+00:00,226378,5699512,3953607,
2026-09-20T08:40:44.117968+00:00,226379,5699537,3954014,
2026-09-20T08:40:44.133983+00:00,226380,5699562,3954134,
2026-09-20T08:40:44.165834+00:00,226381,5699587,3954931,
2026-09-20T08:40:44.198031+00:00,226382,5699613,3955659,
2026-09-20T08:40:44.213982+00:00,226383,5699638,3955886,
2026-09-20T08:40:44.248094+00:00,226384,5699663,3955277,
2026-09-20T08:40:44.263165+00:00,226385,5699688,3955045,
2026-09-20T08:40:44.294012+00:00,226386,5699713,3955294,
2026-09-20T08:40:44.312124+00:00,226387,5699738,3955311,
2026-09-20T08:40:44.341937+00:00,226388,5699764,3954677,
2026-09-20T08:40:44.373942+00:00,226389,5699789,3953989,
2026-09-20T08:40:44.390015+00:00,226390,5699814,3954340,
2026-09-20T08:40:44.424005+00:00,226391,5699839,3954864,
2026-09-20T08:40:44.437997+00:00,226392,5699864,3955148,
2026-09-20T08:40:44.469968+00:00,226393,5699889,3954750,
2026-09-20T08:40:44.486608+00:00,226394,5699915,3953361,
2026-09-20T08:40:44.517706+00:00,226395,5699940,3953061,
2026-09-20T08:40:44.549974+00:00,226396,5699965,3953081,
2026-09-20T08:40:44.565978+00:00,226397,5699990,3952782,
2026-09-20T08:40:44.598010+00:00,226398,5700015,3952703,
2026-09-20T08:40:44.613940+00:00,226399,5700041,3953312,
2026-09-20T08:40:44.645929+00:00,226400,5700066,3953162,
2026-09-20T08:40:44.661946+00:00,226401,5700091,3953086,
2026-09-20T08:40:44.693948+00:00,226402,5700116,3953359,
2026-09-20T08:40:44.725439+00:00,226403,5700141,3952881,
2026-09-20T08:40:44.741946+00:00,226404,5700166,3952488,
2026-09-20T08:40:44.773946+00:00,226405,5700192,3952400,
2026-09-20T08:40:44.789941+00:00,226406,5700217,3952225,
2026-09-20T08:40:44.821939+00:00,226407,5700242,3952514,
2026-09-20T08:40:44.837925+00:00,226408,5700267,3952005,
2026-09-20T08:40:44.869623+00:00,226409,5700292,3952008,
2026-09-20T08:40:44.902299+00:00,226410,5700317,3951920,
2026-09-20T08:40:44.917788+00:00,226411,5700343,3951327,
2026-09-20T08:40:44.949842+00:00,226412,5700368,3951387,
2026-09-20T08:40:44.965707+00:00,226413,5700393,3951274,
2026-09-20T08:40:44.997603+00:00,226414,5700418,3951254,
2026-09-20T08:40:45.013806+00:00,226415,5700443,3951271,
2026-09-20T08:40:45.045981+00:00,226416,5700468,3951548,
2026-09-20T08:40:45.077929+00:00,226417,5700494,3951758,
2026-09-20T08:40:45.093929+00:00,226418,5700519,3951958,
2026-09-20T08:40:45.125924+00:00,226419,5700544,3951501,
2026-09-20T08:40:45.141960+00:00,226420,5700569,3951367,
2026-09-20T08:40:45.173967+00:00,226421,5700594,3951638,
2026-09-20T08:40:45.189828+00:00,226422,5700620,3951671,
2026-09-20T08:40:45.221928+00:00,226423,5700645,3950974,
2026-09-20T08:40:45.253929+00:00,226424,5700670,3951168,
2026-09-20T08:40:45.269695+00:00,226425,5700695,3951448,
2026-09-20T08:40:45.301919+00:00,226426,5700720,3951312,
2026-09-20T08:40:45.317611+00:00,226427,5700745,3951663,
2026-09-20T08:40:45.349929+00:00,226428,5700771,3951633,
2026-09-20T08:40:45.382015+00:00,226429,5700796,3951063,
2026-09-20T08:40:45.397911+00:00,226430,5700821,3951114,
2026-09-20T08:40:45.429935+00:00,226431,5700846,3951938,
2026-09-20T08:40:45.446506+00:00,226432,5700871,3951915,
2026-09-20T08:40:45.477710+00:00,226433,5700896,3952140,
2026-09-20T08:40:45.493929+00:00,226434,5700922,3952459,
2026-09-20T08:40:45.525925+00:00,226435,5700947,3952890,
2026-09-20T08:40:45.557930+00:00,226436,5700972,3953492,
2026-09-20T08:40:45.574110+00:00,226437,5700997,3954050,
2026-09-20T08:40:45.606121+00:00,226438,5701022,3953831,
2026-09-20T08:40:45.621974+00:00,226439,5701048,3953559,
2026-09-20T08:40:45.654000+00:00,226440,5701073,3953758,
2026-09-20T08:40:45.669866+00:00,226441,5701098,3954201,
2026-09-20T08:40:45.701902+00:00,226442,5701123,3953836,
2026-09-20T08:40:45.734357+00:00,226443,5701148,3953965,
2026-09-20T08:40:45.749950+00:00,226444,5701173,3953849,
2026-09-20T08:40:45.781942+00:00,226445,5701199,3954218,
2026-09-20T08:40:45.799011+00:00,226446,5701224,3954576,
2026-09-20T08:40:45.829944+00:00,226447,5701249,3955115,
2026-09-20T08:40:45.846372+00:00,226448,5701274,3954498,
2026-09-20T08:40:45.877943+00:00,226449,5701299,3954321,
2026-09-20T08:40:45.911232+00:00,226450,5701324,3955118,
2026-09-20T08:40:45.927037+00:00,226451,5701350,3955491,
2026-09-20T08:40:45.957731+00:00,226452,5701375,3954792,
2026-09-20T08:40:45.976277+00:00,226453,5701400,3954453,
2026-09-20T08:40:46.005928+00:00,226454,5701425,3955542,
2026-09-20T08:40:46.029411+00:00,226455,5701450,3956704,
2026-09-20T08:40:46.053665+00:00,226456,5701476,3956944,
2026-09-20T08:40:46.085920+00:00,226457,5701501,3956811,
2026-09-20T08:40:46.101884+00:00,226458,5701526,3956484,
2026-09-20T08:40:46.133914+00:00,226459,5701551,3956173,
2026-09-20T08:40:46.150010+00:00,226460,5701576,3955972,
2026-09-20T08:40:46.181942+00:00,226461,5701601,3955665,
2026-09-20T08:40:46.197934+00:00,226462,5701627,3955491,
2026-09-20T08:40:46.229972+00:00,226463,5701652,3955229,
2026-09-20T08:40:46.261892+00:00,226464,5701677,3954948,
2026-09-20T08:40:46.277924+00:00,226465,5701702,3954154,
2026-09-20T08:40:46.309919+00:00,226466,5701727,3953551,
2026-09-20T08:40:46.325814+00:00,226467,5701752,3953786,
2026-09-20T08:40:46.357928+00:00,226468,5701778,3953757,
2026-09-20T08:40:46.373924+00:00,226469,5701803,3954194,
2026-09-20T08:40:46.406304+00:00,226470,5701828,3954500,
2026-09-20T08:40:46.438416+00:00,226471,5701853,3954898,
2026-09-20T08:40:46.454446+00:00,226472,5701878,3955295,
2026-09-20T08:40:46.487605+00:00,226473,5701904,3954606,
2026-09-20T08:40:46.501883+00:00,226474,5701929,3953803,
2026-09-20T08:40:46.537146+00:00,226475,5701954,3953880,
2026-09-20T08:40:46.550568+00:00,226476,5701979,3954861,
2026-09-20T08:40:46.581926+00:00,226477,5702004,3955138,
2026-09-20T08:40:46.614507+00:00,226478,5702029,3954972,
2026-09-20T08:40:46.629920+00:00,226479,5702055,3953806,
2026-09-20T08:40:46.661937+00:00,226480,5702080,3953491,
2026-09-20T08:40:46.678611+00:00,226481,5702105,3953965,
2026-09-20T08:40:46.712142+00:00,226482,5702130,3954817,
2026-09-20T08:40:46.725974+00:00,226483,5702155,3954489,
2026-09-20T08:40:46.757764+00:00,226484,5702181,3953483,
2026-09-20T08:40:46.790232+00:00,226485,5702206,3953101,
2026-09-20T08:40:46.806989+00:00,226486,5702231,3953428,
2026-09-20T08:40:46.837886+00:00,226487,5702256,3953558,
2026-09-20T08:40:46.853710+00:00,226488,5702281,3953366,
2026-09-20T08:40:46.885919+00:00,226489,5702306,3953577,
2026-09-20T08:40:46.902278+00:00,226490,5702332,3953472,
2026-09-20T08:40:46.936273+00:00,226491,5702357,3953048,
2026-09-20T08:40:46.965902+00:00,226492,5702382,3953018,
2026-09-20T08:40:46.994293+00:00,226493,5702407,3954163,
2026-09-20T08:40:47.013869+00:00,226494,5702432,3954095,
2026-09-20T08:40:47.031022+00:00,226495,5702457,3953004,
2026-09-20T08:40:47.062734+00:00,226496,5702483,3951857,
2026-09-20T08:40:47.077732+00:00,226497,5702508,3952332,
2026-09-20T08:40:47.111362+00:00,226498,5702533,3953286,
2026-09-20T08:40:47.141925+00:00,226499,5702558,3952849,
2026-09-20T08:40:47.158565+00:00,226500,5702583,3952611,
2026-09-20T08:40:47.189892+00:00,226501,5702608,3953386,
2026-09-20T08:40:47.206323+00:00,226502,5702634,3953981,
2026-09-20T08:40:47.237895+00:00,226503,5702659,3954432,
2026-09-20T08:40:47.271723+00:00,226504,5702684,3955118,
2026-09-20T08:40:47.285824+00:00,226505,5702709,3956040,
2026-09-20T08:40:47.317896+00:00,226506,5702734,3957842,
2026-09-20T08:40:47.333874+00:00,226507,5702760,3960274,
2026-09-20T08:40:47.365932+00:00,226508,5702785,3963449,
2026-09-20T08:40:47.381865+00:00,226509,5702810,3966374,
2026-09-20T08:40:47.413906+00:00,226510,5702835,3968731,
2026-09-20T08:40:47.445912+00:00,226511,5702860,3971003,
2026-09-20T08:40:47.461879+00:00,226512,5702885,3975528,
2026-09-20T08:40:47.494109+00:00,226513,5702911,3981717,
2026-09-20T08:40:47.511932+00:00,226514,5702936,3988397,
2026-09-20T08:40:47.541870+00:00,226515,5702961,3996712,
2026-09-20T08:40:47.558194+00:00,226516,5702986,4013536,
2026-09-20T08:40:47.589773+00:00,226517,5703011,4038244,
2026-09-20T08:40:47.623687+00:00,226518,5703036,4065493,
2026-09-20T08:40:47.638515+00:00,226519,5703062,4089700,
2026-09-20T08:40:47.669889+00:00,226520,5703087,4112542,
2026-09-20T08:40:47.685876+00:00,226521,5703112,4129146,
2026-09-20T08:40:47.718221+00:00,226522,5703137,4142849,
2026-09-20T08:40:47.733855+00:00,226523,5703162,4151303,
2026-09-20T08:40:47.766469+00:00,226524,5703188,4146267,
2026-09-20T08:40:47.797868+00:00,226525,5703213,4137903,
2026-09-20T08:40:47.814156+00:00,226526,5703238,4124624,
2026-09-20T08:40:47.845779+00:00,226527,5703263,4120720,
2026-09-20T08:40:47.861889+00:00,226528,5703288,4112796,
2026-09-20T08:40:47.894148+00:00,226529,5703313,4092184,
2026-09-20T08:40:47.910158+00:00,226530,5703339,4080147,
2026-09-20T08:40:47.942148+00:00,226531,5703364,4069357,
2026-09-20T08:40:47.973783+00:00,226532,5703389,4056230,
2026-09-20T08:40:47.989606+00:00,226533,5703414,4043928,
2026-09-20T08:40:48.021787+00:00,226534,5703439,4018966,
2026-09-20T08:40:48.038604+00:00,226535,5703464,3981113,
2026-09-20T08:40:48.069815+00:00,226536,5703490,3963194,
2026-09-20T08:40:48.085749+00:00,226537,5703515,3952042,
2026-09-20T08:40:48.117604+00:00,226538,5703540,3926228,
2026-09-20T08:40:48.149620+00:00,226539,5703565,3870632,
2026-09-20T08:40:48.165818+00:00,226540,5703590,3772285,
2026-09-20T08:40:48.197606+00:00,226541,5703616,3674687,
2026-09-20T08:40:48.213605+00:00,226542,5703641,3596027,
2026-09-20T08:40:48.245591+00:00,226543,5703666,3517586,
2026-09-20T08:40:48.261602+00:00,226544,5703691,3469519,
2026-09-20T08:40:48.293596+00:00,226545,5703716,3489482,
2026-09-20T08:40:48.325387+00:00,226546,5703741,3567318,
2026-09-20T08:40:48.341386+00:00,226547,5703767,3656367,
2026-09-20T08:40:48.373588+00:00,226548,5703792,3734094,
2026-09-20T08:40:48.389426+00:00,226549,5703817,3797092,
2026-09-20T08:40:48.421540+00:00,226550,5703842,3843863,
2026-09-20T08:40:48.437593+00:00,226551,5703867,3876441,
2026-09-20T08:40:48.469386+00:00,226552,5703892,3898337,
2026-09-20T08:40:48.501390+00:00,226553,5703918,3913871,
2026-09-20T08:40:48.517589+00:00,226554,5703943,3924684,
2026-09-20T08:40:48.549389+00:00,226555,5703968,3932572,
2026-09-20T08:40:48.565597+00:00,226556,5703993,3936667,
2026-09-20T08:40:48.597590+00:00,226557,5704018,3939411,
2026-09-20T08:40:48.614417+00:00,226558,5704044,3942224,
2026-09-20T08:40:48.645467+00:00,226559,5704069,3944156,
2026-09-20T08:40:48.677536+00:00,226560,5704094,3945206,
2026-09-20T08:40:48.693385+00:00,226561,5704119,3946838,
2026-09-20T08:40:48.725588+00:00,226562,5704144,3947483,
2026-09-20T08:40:48.741598+00:00,226563,5704169,3947405,
2026-09-20T08:40:48.773421+00:00,226564,5704195,3947366,
2026-09-20T08:40:48.789591+00:00,226565,5704220,3947937,
2026-09-20T08:40:48.821385+00:00,226566,5704245,3948527,
2026-09-20T08:40:48.853384+00:00,226567,5704270,3948921,
2026-09-20T08:40:48.869389+00:00,226568,5704295,3950121,
2026-09-20T08:40:48.902388+00:00,226569,5704320,3950538,
2026-09-20T08:40:48.917495+00:00,226570,5704346,3950295,
2026-09-20T08:40:48.949389+00:00,226571,5704371,3949013,
2026-09-20T08:40:48.965389+00:00,226572,5704396,3949068,
2026-09-20T08:40:48.997591+00:00,226573,5704421,3950128,
2026-09-20T08:40:49.029415+00:00,226574,5704446,3951155,
2026-09-20T08:40:49.046401+00:00,226575,5704471,3951007,
2026-09-20T08:40:49.077411+00:00,226576,5704497,3950218,
2026-09-20T08:40:49.093585+00:00,226577,5704522,3949828,
2026-09-20T08:40:49.125697+00:00,226578,5704547,3949871,
2026-09-20T08:40:49.158031+00:00,226579,5704572,3950805,
2026-09-20T08:40:49.173817+00:00,226580,5704597,3951075,
2026-09-20T08:40:49.205816+00:00,226581,5704623,3951449,
2026-09-20T08:40:49.221852+00:00,226582,5704648,3951921,
2026-09-20T08:40:49.253237+00:00,226583,5704673,3951542,
2026-09-20T08:40:49.269810+00:00,226584,5704698,3950802,
2026-09-20T08:40:49.301858+00:00,226585,5704723,3951031,
2026-09-20T08:40:49.333838+00:00,226586,5704748,3950684,
2026-09-20T08:40:49.349934+00:00,226587,5704774,3950115,
2026-09-20T08:40:49.381819+00:00,226588,5704799,3950941,
2026-09-20T08:40:49.397826+00:00,226589,5704824,3951109,
2026-09-20T08:40:49.429557+00:00,226590,5704849,3950979,
2026-09-20T08:40:49.446215+00:00,226591,5704874,3950852,
2026-09-20T08:40:49.477707+00:00,226592,5704899,3950379,
2026-09-20T08:40:49.509851+00:00,226593,5704925,3949933,
2026-09-20T08:40:49.526060+00:00,226594,5704950,3950541,
2026-09-20T08:40:49.557758+00:00,226595,5704975,3950968,
2026-09-20T08:40:49.574934+00:00,226596,5705000,3951001,
2026-09-20T08:40:49.605865+00:00,226597,5705025,3950841,
2026-09-20T08:40:49.622164+00:00,226598,5705050,3950742,
2026-09-20T08:40:49.654687+00:00,226599,5705076,3950913,
2026-09-20T08:40:49.685844+00:00,226600,5705101,3950937,
2026-09-20T08:40:49.701845+00:00,226601,5705126,3950806,
2026-09-20T08:40:49.740780+00:00,226602,5705151,3950932,
2026-09-20T08:40:49.749836+00:00,226603,5705176,3951029,
2026-09-20T08:40:49.781814+00:00,226604,5705202,3951159,
2026-09-20T08:40:49.798908+00:00,226605,5705227,3950977,
2026-09-20T08:40:49.831156+00:00,226606,5705252,3950732,
2026-09-20T08:40:49.862914+00:00,226607,5705277,3950279,
2026-09-20T08:40:49.879094+00:00,226608,5705302,3950962,
2026-09-20T08:40:49.911010+00:00,226609,5705327,3951519,
2026-09-20T08:40:49.926907+00:00,226610,5705353,3951869,
2026-09-20T08:40:49.958879+00:00,226611,5705378,3952192,
2026-09-20T08:40:49.974389+00:00,226612,5705403,3952534,
2026-09-20T08:40:50.005942+00:00,226613,5705428,3952940,
2026-09-20T08:40:50.038003+00:00,226614,5705453,3952722,
2026-09-20T08:40:50.055237+00:00,226615,5705478,3952573,
2026-09-20T08:40:50.086632+00:00,226616,5705504,3952317,
2026-09-20T08:40:50.102484+00:00,226617,5705529,3952118,
2026-09-20T08:40:50.133791+00:00,226618,5705554,3951974,
2026-09-20T08:40:50.149788+00:00,226619,5705579,3951611,
2026-09-20T08:40:50.182884+00:00,226620,5705604,3951785,
2026-09-20T08:40:50.213853+00:00,226621,5705629,3952823,
2026-09-20T08:40:50.230932+00:00,226622,5705655,3952855,
2026-09-20T08:40:50.261786+00:00,226623,5705680,3952901,
2026-09-20T08:40:50.279133+00:00,226624,5705705,3953232,
2026-09-20T08:40:50.310634+00:00,226625,5705730,3953476,
2026-09-20T08:40:50.326127+00:00,226626,5705755,3953581,
2026-09-20T08:40:50.357833+00:00,226627,5705781,3953460,
2026-09-20T08:40:50.389793+00:00,226628,5705806,3953340,
2026-09-20T08:40:50.406023+00:00,226629,5705831,3953039,
2026-09-20T08:40:50.440258+00:00,226630,5705856,3952902,
2026-09-20T08:40:50.453807+00:00,226631,5705881,3952748,
2026-09-20T08:40:50.486632+00:00,226632,5705906,3952658,
2026-09-20T08:40:50.502363+00:00,226633,5705932,3952727,
2026-09-20T08:40:50.533782+00:00,226634,5705957,3953133,
2026-09-20T08:40:50.565847+00:00,226635,5705982,3952845,
2026-09-20T08:40:50.581955+00:00,226636,5706007,3953198,
2026-09-20T08:40:50.613799+00:00,226637,5706032,3954116,
2026-09-20T08:40:50.630865+00:00,226638,5706057,3953877,
2026-09-20T08:40:50.661778+00:00,226639,5706083,3953337,
2026-09-20T08:40:50.677810+00:00,226640,5706108,3953222,
2026-09-20T08:40:50.709818+00:00,226641,5706133,3953020,
2026-09-20T08:40:50.741805+00:00,226642,5706158,3953270,
2026-09-20T08:40:50.762204+00:00,226643,5706183,3952982,
2026-09-20T08:40:50.796933+00:00,226644,5706209,3952998,
2026-09-20T08:40:50.805826+00:00,226645,5706234,3952922,
2026-09-20T08:40:50.838191+00:00,226646,5706259,3953090,
2026-09-20T08:40:50.853777+00:00,226647,5706284,3953316,
2026-09-20T08:40:50.885823+00:00,226648,5706309,3953240,
2026-09-20T08:40:50.917786+00:00,226649,5706334,3953015,
2026-09-20T08:40:50.933813+00:00,226650,5706360,3952283,
2026-09-20T08:40:50.965832+00:00,226651,5706385,3952109,
2026-09-20T08:40:50.981886+00:00,226652,5706410,3952363,
2026-09-20T08:40:51.013786+00:00,226653,5706435,3952165,
2026-09-20T08:40:51.029773+00:00,226654,5706460,3952768,
2026-09-20T08:40:51.061769+00:00,226655,5706485,3953495,
2026-09-20T08:40:51.093765+00:00,226656,5706511,3953750,
2026-09-20T08:40:51.109794+00:00,226657,5706536,3953666,
2026-09-20T08:40:51.141799+00:00,226658,5706561,3953549,
2026-09-20T08:40:51.157873+00:00,226659,5706586,3953346,
2026-09-20T08:40:51.189811+00:00,226660,5706611,3953291,
2026-09-20T08:40:51.223552+00:00,226661,5706636,3952935,
2026-09-20T08:40:51.238241+00:00,226662,5706662,3952936,
2026-09-20T08:40:51.269765+00:00,226663,5706687,3952507,
2026-09-20T08:40:51.285781+00:00,226664,5706712,3952191,
2026-09-20T08:40:51.318165+00:00,226665,5706737,3952457,
2026-09-20T08:40:51.335167+00:00,226666,5706762,3952755,
2026-09-20T08:40:51.365526+00:00,226667,5706787,3953376,
2026-09-20T08:40:51.397416+00:00,226668,5706813,3952950,
2026-09-20T08:40:51.414199+00:00,226669,5706838,3952877,
2026-09-20T08:40:51.445792+00:00,226670,5706863,3953714,
2026-09-20T08:40:51.461652+00:00,226671,5706888,3954164,
2026-09-20T08:40:51.493756+00:00,226672,5706913,3953930,
2026-09-20T08:40:51.509785+00:00,226673,5706939,3953146,
2026-09-20T08:40:51.542071+00:00,226674,5706964,3952848,
2026-09-20T08:40:51.573746+00:00,226675,5706989,3953011,
2026-09-20T08:40:51.589706+00:00,226676,5707014,3952646,
2026-09-20T08:40:51.621424+00:00,226677,5707039,3952405,
2026-09-20T08:40:51.637767+00:00,226678,5707064,3952207,
2026-09-20T08:40:51.669478+00:00,226679,5707090,3952060,
2026-09-20T08:40:51.685271+00:00,226680,5707115,3952329,
2026-09-20T08:40:51.718058+00:00,226681,5707140,3952606,
2026-09-20T08:40:51.749793+00:00,226682,5707165,3952486,
2026-09-20T08:40:51.765813+00:00,226683,5707190,3951803,
2026-09-20T08:40:51.797816+00:00,226684,5707215,3951226,
2026-09-20T08:40:51.813750+00:00,226685,5707241,3951286,
2026-09-20T08:40:51.845750+00:00,226686,5707266,3951101,
2026-09-20T08:40:51.861758+00:00,226687,5707291,3950704,
2026-09-20T08:40:51.893842+00:00,226688,5707316,3951445,
2026-09-20T08:40:51.925913+00:00,226689,5707341,3952036,
2026-09-20T08:40:51.941932+00:00,226690,5707366,3951941,
2026-09-20T08:40:51.973911+00:00,226691,5707392,3952003,
2026-09-20T08:40:51.989893+00:00,226692,5707417,3951665,
2026-09-20T08:40:52.021784+00:00,226693,5707442,3951386,
2026-09-20T08:40:52.037758+00:00,226694,5707467,3950442,
2026-09-20T08:40:52.069849+00:00,226695,5707492,3949792,
2026-09-20T08:40:52.101850+00:00,226696,5707517,3950197,
2026-09-20T08:40:52.117856+00:00,226697,5707543,3950872,
2026-09-20T08:40:52.149736+00:00,226698,5707568,3950538,
2026-09-20T08:40:52.165671+00:00,226699,5707593,3950205,
2026-09-20T08:40:52.197461+00:00,226700,5707618,3950827,
2026-09-20T08:40:52.213047+00:00,226701,5707643,3950956,
2026-09-20T08:40:52.245731+00:00,226702,5707668,3951300,
2026-09-20T08:40:52.277847+00:00,226703,5707694,3951854,
2026-09-20T08:40:52.293860+00:00,226704,5707719,3952376,
2026-09-20T08:40:52.325733+00:00,226705,5707744,3952660,
2026-09-20T08:40:52.341787+00:00,226706,5707769,3952858,
2026-09-20T08:40:52.373353+00:00,226707,5707794,3953244,
2026-09-20T08:40:52.389482+00:00,226708,5707820,3953414,
2026-09-20T08:40:52.421447+00:00,226709,5707845,3953758,
2026-09-20T08:40:52.453472+00:00,226710,5707870,3954249,
2026-09-20T08:40:52.469543+00:00,226711,5707895,3954627,
2026-09-20T08:40:52.501425+00:00,226712,5707920,3954671,
2026-09-20T08:40:52.517733+00:00,226713,5707945,3953907,
2026-09-20T08:40:52.549668+00:00,226714,5707971,3952539,
2026-09-20T08:40:52.565130+00:00,226715,5707996,3951665,
2026-09-20T08:40:52.597530+00:00,226716,5708021,3951664,
2026-09-20T08:40:52.629654+00:00,226717,5708046,3951788,
2026-09-20T08:40:52.645736+00:00,226718,5708071,3952251,
2026-09-20T08:40:52.677448+00:00,226719,5708096,3952889,
2026-09-20T08:40:52.693449+00:00,226720,5708122,3953400,
2026-09-20T08:40:52.725709+00:00,226721,5708147,3954288,
2026-09-20T08:40:52.741373+00:00,226722,5708172,3955501,
2026-09-20T08:40:52.773726+00:00,226723,5708197,3955732,
2026-09-20T08:40:52.805759+00:00,226724,5708222,3957276,
2026-09-20T08:40:52.821900+00:00,226725,5708247,3958674,
2026-09-20T08:40:52.853710+00:00,226726,5708273,3957857,
2026-09-20T08:40:52.869710+00:00,226727,5708298,3957671,
2026-09-20T08:40:52.901593+00:00,226728,5708323,3958613,
2026-09-20T08:40:52.917591+00:00,226729,5708348,3958971,
2026-09-20T08:40:52.949686+00:00,226730,5708373,3958812,
2026-09-20T08:40:52.975410+00:00,226731,5708399,3958904,
2026-09-20T08:40:53.020083+00:00,226732,5708424,3958850,
2026-09-20T08:40:53.030084+00:00,226733,5708449,3959032,
2026-09-20T08:40:53.046092+00:00,226734,5708474,3959524,
2026-09-20T08:40:53.078082+00:00,226735,5708499,3960838,
2026-09-20T08:40:53.093083+00:00,226736,5708524,3960985,
2026-09-20T08:40:53.125703+00:00,226737,5708550,3960268,
2026-09-20T08:40:53.157721+00:00,226738,5708575,3961100,
2026-09-20T08:40:53.173917+00:00,226739,5708600,3962764,
2026-09-20T08:40:53.206105+00:00,226740,5708625,3964816,
2026-09-20T08:40:53.222105+00:00,226741,5708650,3966531,
2026-09-20T08:40:53.253720+00:00,226742,5708675,3969158,
2026-09-20T08:40:53.269709+00:00,226743,5708701,3974019,
2026-09-20T08:40:53.301721+00:00,226744,5708726,3982363,
2026-09-20T08:40:53.333726+00:00,226745,5708751,3994117,
2026-09-20T08:40:53.349723+00:00,226746,5708776,4012642,
2026-09-20T08:40:53.381697+00:00,226747,5708801,4034987,
2026-09-20T08:40:53.397940+00:00,226748,5708826,4051748,
2026-09-20T08:40:53.429732+00:00,226749,5708852,4067656,
2026-09-20T08:40:53.461702+00:00,226750,5708877,4077049,
2026-09-20T08:40:53.477709+00:00,226751,5708902,4076024,
2026-09-20T08:40:53.509678+00:00,226752,5708927,4076750,
2026-09-20T08:40:53.525694+00:00,226753,5708952,4088688,
2026-09-20T08:40:53.557723+00:00,226754,5708977,4103819,
2026-09-20T08:40:53.573705+00:00,226755,5709003,4117070,
2026-09-20T08:40:53.605707+00:00,226756,5709028,4119162,
2026-09-20T08:40:53.637033+00:00,226757,5709053,4103587,
2026-09-20T08:40:53.653708+00:00,226758,5709078,4103687,
2026-09-20T08:40:53.685088+00:00,226759,5709103,4111329,
2026-09-20T08:40:53.702109+00:00,226760,5709129,4102774,
2026-09-20T08:40:53.733566+00:00,226761,5709154,4081899,
2026-09-20T08:40:53.749717+00:00,226762,5709179,4067494,
2026-09-20T08:40:53.781700+00:00,226763,5709204,4052921,
2026-09-20T08:40:53.813730+00:00,226764,5709229,4041209,
2026-09-20T08:40:53.829757+00:00,226765,5709254,4036457,
2026-09-20T08:40:53.861729+00:00,226766,5709280,4024564,
2026-09-20T08:40:53.877709+00:00,226767,5709305,3996195,
2026-09-20T08:40:53.909721+00:00,226768,5709330,3970898,
2026-09-20T08:40:53.925749+00:00,226769,5709355,3957169,
2026-09-20T08:40:53.957644+00:00,226770,5709380,3939336,
2026-09-20T08:40:53.989718+00:00,226771,5709405,3922788,
2026-09-20T08:40:54.005705+00:00,226772,5709431,3918538,
2026-09-20T08:40:54.037629+00:00,226773,5709456,3894876,
2026-09-20T08:40:54.053731+00:00,226774,5709481,3827486,
2026-09-20T08:40:54.085735+00:00,226775,5709506,3709456,
2026-09-20T08:40:54.102272+00:00,226776,5709531,3564036,
2026-09-20T08:40:54.133754+00:00,226777,5709557,3448932,
2026-09-20T08:40:54.165858+00:00,226778,5709582,3411856,
2026-09-20T08:40:54.182301+00:00,226779,5709607,3465678,
2026-09-20T08:40:54.214802+00:00,226780,5709632,3566209,
2026-09-20T08:40:54.230406+00:00,226781,5709657,3665231,
2026-09-20T08:40:54.261689+00:00,226782,5709682,3744656,
2026-09-20T08:40:54.277680+00:00,226783,5709708,3804310,
2026-09-20T08:40:54.311919+00:00,226784,5709733,3848318,
2026-09-20T08:40:54.341785+00:00,226785,5709758,3879437,
2026-09-20T08:40:54.358492+00:00,226786,5709783,3900008,
2026-09-20T08:40:54.389724+00:00,226787,5709808,3913460,
2026-09-20T08:40:54.405723+00:00,226788,5709833,3922669,
2026-09-20T08:40:54.438372+00:00,226789,5709859,3929329,
2026-09-20T08:40:54.453485+00:00,226790,5709884,3934468,
2026-09-20T08:40:54.485717+00:00,226791,5709909,3938901,
2026-09-20T08:40:54.517739+00:00,226792,5709934,3941401,
2026-09-20T08:40:54.535922+00:00,226793,5709959,3942688,
2026-09-20T08:40:54.566131+00:00,226794,5709985,3944266,
2026-09-20T08:40:54.581739+00:00,226795,5710010,3945222,
2026-09-20T08:40:54.614818+00:00,226796,5710035,3945708,
2026-09-20T08:40:54.629720+00:00,226797,5710060,3947203,
2026-09-20T08:40:54.661568+00:00,226798,5710085,3948024,
2026-09-20T08:40:54.694921+00:00,226799,5710110,3948039,
2026-09-20T08:40:54.710929+00:00,226800,5710136,3948922,
2026-09-20T08:40:54.741759+00:00,226801,5710161,3949993,
2026-09-20T08:40:54.757675+00:00,226802,5710186,3949129,
2026-09-20T08:40:54.789712+00:00,226803,5710211,3948529,
2026-09-20T08:40:54.805671+00:00,226804,5710236,3947835,
2026-09-20T08:40:54.837688+00:00,226805,5710261,3947208,
2026-09-20T08:40:54.869729+00:00,226806,5710287,3947546,
2026-09-20T08:40:54.886459+00:00,226807,5710312,3948257,
2026-09-20T08:40:54.917722+00:00,226808,5710337,3948777,
2026-09-20T08:40:54.938346+00:00,226809,5710362,3948857,
2026-09-20T08:40:54.965741+00:00,226810,5710387,3949523,
2026-09-20T08:40:54.981673+00:00,226811,5710412,3950373,
2026-09-20T08:40:55.013721+00:00,226812,5710438,3951954,
2026-09-20T08:40:55.046828+00:00,226813,5710463,3951969,
2026-09-20T08:40:55.061705+00:00,226814,5710488,3952081,
2026-09-20T08:40:55.093715+00:00,226815,5710513,3952320,
2026-09-20T08:40:55.110810+00:00,226816,5710538,3953342,
2026-09-20T08:40:55.141690+00:00,226817,5710564,3954162,
2026-09-20T08:40:55.160811+00:00,226818,5710589,3954558,
2026-09-20T08:40:55.190772+00:00,226819,5710614,3955068,
2026-09-20T08:40:55.225367+00:00,226820,5710639,3954652,
2026-09-20T08:40:55.237547+00:00,226821,5710664,3954226,
2026-09-20T08:40:55.269660+00:00,226822,5710689,3953762,
2026-09-20T08:40:55.287679+00:00,226823,5710715,3953412,
2026-09-20T08:40:55.317661+00:00,226824,5710740,3953385,
2026-09-20T08:40:55.333673+00:00,226825,5710765,3952888,
2026-09-20T08:40:55.365701+00:00,226826,5710790,3952440,
2026-09-20T08:40:55.397736+00:00,226827,5710815,3952258,
2026-09-20T08:40:55.413679+00:00,226828,5710840,3951796,
2026-09-20T08:40:55.445718+00:00,226829,5710866,3951547,
2026-09-20T08:40:55.463991+00:00,226830,5710891,3951502,
2026-09-20T08:40:55.493697+00:00,226831,5710916,3950786,
2026-09-20T08:40:55.526784+00:00,226832,5710941,3950628,
2026-09-20T08:40:55.541725+00:00,226833,5710966,3950825,
2026-09-20T08:40:55.573543+00:00,226834,5710992,3950343,
2026-09-20T08:40:55.589714+00:00,226835,5711017,3950683,
2026-09-20T08:40:55.622331+00:00,226836,5711042,3951071,
2026-09-20T08:40:55.638893+00:00,226837,5711067,3950535,
2026-09-20T08:40:55.669232+00:00,226838,5711092,3950170,
2026-09-20T08:40:55.702130+00:00,226839,5711117,3950683,
2026-09-20T08:40:55.718743+00:00,226840,5711143,3951648,
2026-09-20T08:40:55.750870+00:00,226841,5711168,3951438,
2026-09-20T08:40:55.765843+00:00,226842,5711193,3950673,
2026-09-20T08:40:55.798848+00:00,226843,5711218,3950897,
2026-09-20T08:40:55.813683+00:00,226844,5711243,3951290,
2026-09-20T08:40:55.846763+00:00,226845,5711268,3950662,
2026-09-20T08:40:55.877435+00:00,226846,5711294,3950151,
2026-09-20T08:40:55.895622+00:00,226847,5711319,3950117,
2026-09-20T08:40:55.925650+00:00,226848,5711344,3950225,
2026-09-20T08:40:55.941690+00:00,226849,5711369,3950412,
2026-09-20T08:40:55.973675+00:00,226850,5711394,3950288,
2026-09-20T08:40:55.989657+00:00,226851,5711420,3949447,
2026-09-20T08:40:56.021652+00:00,226852,5711445,3949641,
2026-09-20T08:40:56.053657+00:00,226853,5711470,3950432,
2026-09-20T08:40:56.069642+00:00,226854,5711495,3950545,
2026-09-20T08:40:56.102471+00:00,226855,5711520,3950515,
2026-09-20T08:40:56.117626+00:00,226856,5711545,3950437,
2026-09-20T08:40:56.149697+00:00,226857,5711571,3950776,
2026-09-20T08:40:56.165681+00:00,226858,5711596,3951230,
2026-09-20T08:40:56.197638+00:00,226859,5711621,3951045,
2026-09-20T08:40:56.229654+00:00,226860,5711646,3950519,
2026-09-20T08:40:56.245649+00:00,226861,5711671,3950503,
2026-09-20T08:40:56.278091+00:00,226862,5711696,3950746,
2026-09-20T08:40:56.295380+00:00,226863,5711722,3950928,
2026-09-20T08:40:56.325688+00:00,226864,5711747,3951340,
2026-09-20T08:40:56.341330+00:00,226865,5711772,3952366,
2026-09-20T08:40:56.373635+00:00,226866,5711797,3951928,
2026-09-20T08:40:56.397987+00:00,226867,5711822,3951005,
2026-09-20T08:40:56.414466+00:00,226868,5711848,3950886,
2026-09-20T08:40:56.446475+00:00,226869,5711873,3951020,
2026-09-20T08:40:56.460489+00:00,226870,5711898,3950646,
2026-09-20T08:40:56.501632+00:00,226871,5711923,3950489,
2026-09-20T08:40:56.517627+00:00,226872,5711948,3950517,
2026-09-20T08:40:56.549694+00:00,226873,5711973,3951129,
2026-09-20T08:40:56.581646+00:00,226874,5711999,3951392,
2026-09-20T08:40:56.597626+00:00,226875,5712024,3951561,
2026-09-20T08:40:56.629617+00:00,226876,5712049,3951479,
2026-09-20T08:40:56.645628+00:00,226877,5712074,3951666,
2026-09-20T08:40:56.677699+00:00,226878,5712099,3951003,
2026-09-20T08:40:56.693699+00:00,226879,5712124,3950274,
2026-09-20T08:40:56.725631+00:00,226880,5712150,3950109,
2026-09-20T08:40:56.757635+00:00,226881,5712175,3949961,
2026-09-20T08:40:56.773637+00:00,226882,5712200,3950250,
2026-09-20T08:40:56.805607+00:00,226883,5712225,3950380,
2026-09-20T08:40:56.821640+00:00,226884,5712250,3949922,
2026-09-20T08:40:56.853635+00:00,226885,5712276,3948879,
2026-09-20T08:40:56.870575+00:00,226886,5712301,3948409,
2026-09-20T08:40:56.901677+00:00,226887,5712326,3949214,
2026-09-20T08:40:56.933614+00:00,226888,5712351,3949302,
2026-09-20T08:40:56.950623+00:00,226889,5712376,3949022,
2026-09-20T08:40:56.983166+00:00,226890,5712401,3948390,
2026-09-20T08:40:56.998053+00:00,226891,5712427,3947858,
2026-09-20T08:40:57.029661+00:00,226892,5712452,3947395,
2026-09-20T08:40:57.045693+00:00,226893,5712477,3948227,
2026-09-20T08:40:57.078763+00:00,226894,5712502,3948875,
2026-09-20T08:40:57.109691+00:00,226895,5712527,3949052,
2026-09-20T08:40:57.125662+00:00,226896,5712552,3949710,
2026-09-20T08:40:57.157643+00:00,226897,5712578,3950196,
2026-09-20T08:40:57.173657+00:00,226898,5712603,3950496,
2026-09-20T08:40:57.205767+00:00,226899,5712628,3950591,
2026-09-20T08:40:57.223948+00:00,226900,5712653,3950531,
2026-09-20T08:40:57.254688+00:00,226901,5712678,3950268,
2026-09-20T08:40:57.285638+00:00,226902,5712703,3949473,
2026-09-20T08:40:57.301269+00:00,226903,5712729,3948774,
2026-09-20T08:40:57.336740+00:00,226904,5712754,3948635,
2026-09-20T08:40:57.349615+00:00,226905,5712779,3948746,
2026-09-20T08:40:57.381716+00:00,226906,5712804,3949101,
2026-09-20T08:40:57.413699+00:00,226907,5712829,3948902,
2026-09-20T08:40:57.429611+00:00,226908,5712855,3949471,
2026-09-20T08:40:57.461595+00:00,226909,5712880,3949718,
2026-09-20T08:40:57.477630+00:00,226910,5712905,3949569,
2026-09-20T08:40:57.510979+00:00,226911,5712930,3949931,
2026-09-20T08:40:57.525667+00:00,226912,5712955,3950013,
2026-09-20T08:40:57.557562+00:00,226913,5712980,3950338,
2026-09-20T08:40:57.589292+00:00,226914,5713006,3950427,
2026-09-20T08:40:57.605640+00:00,226915,5713031,3949796,
2026-09-20T08:40:57.638405+00:00,226916,5713056,3948868,
2026-09-20T08:40:57.653038+00:00,226917,5713081,3948953,
2026-09-20T08:40:57.685683+00:00,226918,5713106,3949765,
2026-09-20T08:40:57.701664+00:00,226919,5713131,3950133,
2026-09-20T08:40:57.733604+00:00,226920,5713157,3949398,
2026-09-20T08:40:57.765638+00:00,226921,5713182,3949076,
2026-09-20T08:40:57.781597+00:00,226922,5713207,3949186,
2026-09-20T08:40:57.813637+00:00,226923,5713232,3949693,
2026-09-20T08:40:57.829615+00:00,226924,5713257,3949755,
2026-09-20T08:40:57.861637+00:00,226925,5713283,3949468,
2026-09-20T08:40:57.877098+00:00,226926,5713308,3948939,
2026-09-20T08:40:57.913771+00:00,226927,5713333,3948679,
2026-09-20T08:40:57.941763+00:00,226928,5713358,3948366,
2026-09-20T08:40:57.957317+00:00,226929,5713383,3948469,
2026-09-20T08:40:57.989871+00:00,226930,5713408,3948107,
2026-09-20T08:40:58.005629+00:00,226931,5713434,3948096,
2026-09-20T08:40:58.037620+00:00,226932,5713459,3948873,
2026-09-20T08:40:58.063031+00:00,226933,5713484,3948805,
2026-09-20T08:40:58.088991+00:00,226934,5713509,3948270,
2026-09-20T08:40:58.117708+00:00,226935,5713534,3948283,
2026-09-20T08:40:58.133112+00:00,226936,5713560,3947529,
2026-09-20T08:40:58.165606+00:00,226937,5713585,3946926,
2026-09-20T08:40:58.181622+00:00,226938,5713610,3947285,
2026-09-20T08:40:58.213630+00:00,226939,5713635,3947012,
2026-09-20T08:40:58.229599+00:00,226940,5713660,3947135,
2026-09-20T08:40:58.260965+00:00,226941,5713685,3947101,
2026-09-20T08:40:58.293629+00:00,226942,5713711,3947338,
2026-09-20T08:40:58.309653+00:00,226943,5713736,3947687,
2026-09-20T08:40:58.341634+00:00,226944,5713761,3948053,
2026-09-20T08:40:58.361546+00:00,226945,5713786,3948313,
2026-09-20T08:40:58.389645+00:00,226946,5713811,3948272,
2026-09-20T08:40:58.405636+00:00,226947,5713836,3949157,
2026-09-20T08:40:58.437294+00:00,226948,5713862,3949895,
2026-09-20T08:40:58.469356+00:00,226949,5713887,3950238,
2026-09-20T08:40:58.485609+00:00,226950,5713912,3950383,
2026-09-20T08:40:58.517612+00:00,226951,5713937,3949186,
2026-09-20T08:40:58.533591+00:00,226952,5713962,3948803,
2026-09-20T08:40:58.565612+00:00,226953,5713987,3948771,
2026-09-20T08:40:58.581630+00:00,226954,5714013,3948692,
2026-09-20T08:40:58.613246+00:00,226955,5714038,3949320,
2026-09-20T08:40:58.645489+00:00,226956,5714063,3950554,
2026-09-20T08:40:58.661571+00:00,226957,5714088,3951247,
2026-09-20T08:40:58.693635+00:00,226958,5714113,3951120,
2026-09-20T08:40:58.709569+00:00,226959,5714139,3950375,
2026-09-20T08:40:58.741612+00:00,226960,5714164,3949913,
2026-09-20T08:40:58.758671+00:00,226961,5714189,3950422,
2026-09-20T08:40:58.791886+00:00,226962,5714214,3950908,
2026-09-20T08:40:58.823315+00:00,226963,5714239,3950453,
2026-09-20T08:40:58.838948+00:00,226964,5714264,3950160,
2026-09-20T08:40:58.869678+00:00,226965,5714290,3949936,
2026-09-20T08:40:58.891630+00:00,226966,5714315,3949364,
2026-09-20T08:40:58.917596+00:00,226967,5714340,3949838,
2026-09-20T08:40:58.933593+00:00,226968,5714365,3950373,
2026-09-20T08:40:58.965668+00:00,226969,5714390,3950103,
2026-09-20T08:40:58.997600+00:00,226970,5714415,3949705,
2026-09-20T08:40:59.013856+00:00,226971,5714441,3949601,
2026-09-20T08:40:59.045563+00:00,226972,5714466,3949652,
2026-09-20T08:40:59.061632+00:00,226973,5714491,3949451,
2026-09-20T08:40:59.095766+00:00,226974,5714516,3949845,
2026-09-20T08:40:59.110640+00:00,226975,5714541,3951858,
2026-09-20T08:40:59.142860+00:00,226976,5714567,3953174,
2026-09-20T08:40:59.173606+00:00,226977,5714592,3953183,
2026-09-20T08:40:59.189586+00:00,226978,5714617,3954411,
2026-09-20T08:40:59.225702+00:00,226979,5714642,3955855,
2026-09-20T08:40:59.237616+00:00,226980,5714667,3958451,
2026-09-20T08:40:59.270725+00:00,226981,5714692,3962813,
2026-09-20T08:40:59.301380+00:00,226982,5714718,3966692,
2026-09-20T08:40:59.333380+00:00,226983,5714743,3971445,
2026-09-20T08:40:59.349382+00:00,226984,5714768,3979761,
2026-09-20T08:40:59.365379+00:00,226985,5714793,3988524,
2026-09-20T08:40:59.397381+00:00,226986,5714818,3998172,
2026-09-20T08:40:59.413380+00:00,226987,5714844,4015367,
2026-09-20T08:40:59.445551+00:00,226988,5714869,4042726,
2026-09-20T08:40:59.477566+00:00,226989,5714894,4076915,
2026-09-20T08:40:59.493565+00:00,226990,5714919,4108213,
2026-09-20T08:40:59.525559+00:00,226991,5714944,4144262,
2026-09-20T08:40:59.541563+00:00,226992,5714969,4186421,
2026-09-20T08:40:59.573557+00:00,226993,5714995,4205130,
2026-09-20T08:40:59.589556+00:00,226994,5715020,4195970,
2026-09-20T08:40:59.621545+00:00,226995,5715045,4192046,
2026-09-20T08:40:59.653382+00:00,226996,5715070,4177042,
2026-09-20T08:40:59.669787+00:00,226997,5715095,4163321,
2026-09-20T08:40:59.701236+00:00,226998,5715120,4142321,
2026-09-20T08:40:59.717550+00:00,226999,5715146,4104781,
2026-09-20T08:40:59.749534+00:00,227000,5715171,4071769,
2026-09-20T08:40:59.765547+00:00,227001,5715196,4051117,
2026-09-20T08:40:59.787395+00:00,227002,5715221,4023487,
2026-09-20T08:40:59.818865+00:00,227003,5715246,3992451,
2026-09-20T08:40:59.834323+00:00,227004,5715272,3976577,
2026-09-20T08:40:59.865643+00:00,227005,5715297,3977988,
2026-09-20T08:40:59.881251+00:00,227006,5715322,3969038,
2026-09-20T08:40:59.913019+00:00,227007,5715347,3948994,
2026-09-20T08:40:59.928024+00:00,227008,5715372,3942418,
2026-09-20T08:40:59.959650+00:00,227009,5715397,3942453,
2026-09-20T08:41:00.001811+00:00,227010,5715423,3939095,
2026-09-20T08:41:00.017271+00:00,227011,5715448,3937016,
2026-09-20T08:41:00.053672+00:00,227012,5715473,3937036,
2026-09-20T08:41:00.068044+00:00,227013,5715498,3934969,
2026-09-20T08:41:00.095447+00:00,227014,5715523,3928937,
2026-09-20T08:41:00.111896+00:00,227015,5715548,3919819,
2026-09-20T08:41:00.143422+00:00,227016,5715574,3905369,
2026-09-20T08:41:00.173919+00:00,227017,5715599,3885246,
2026-09-20T08:41:00.189816+00:00,227018,5715624,3843085,
2026-09-20T08:41:00.220941+00:00,227019,5715649,3787846,
2026-09-20T08:41:00.246215+00:00,227020,5715674,3756116,
2026-09-20T08:41:00.278119+00:00,227021,5715699,3703059,
2026-09-20T08:41:00.295739+00:00,227022,5715725,3605685,
2026-09-20T08:41:00.325688+00:00,227023,5715750,3527729,
2026-09-20T08:41:00.357547+00:00,227024,5715775,3532475,
2026-09-20T08:41:00.372578+00:00,227025,5715800,3602302,
2026-09-20T08:41:00.404435+00:00,227026,5715825,3685720,
2026-09-20T08:41:00.419789+00:00,227027,5715850,3757495,
2026-09-20T08:41:00.451078+00:00,227028,5715876,3812324,
2026-09-20T08:41:00.472135+00:00,227029,5715901,3852719,
2026-09-20T08:41:00.502470+00:00,227030,5715926,3881789,
2026-09-20T08:41:00.533569+00:00,227031,5715951,3902260,
2026-09-20T08:41:00.550651+00:00,227032,5715976,3916182,
2026-09-20T08:41:00.581564+00:00,227033,5716002,3925357,
2026-09-20T08:41:00.597543+00:00,227034,5716027,3931796,
2026-09-20T08:41:00.629565+00:00,227035,5716052,3936997,
2026-09-20T08:41:00.646647+00:00,227036,5716077,3940407,
2026-09-20T08:41:00.677571+00:00,227037,5716102,3942610,
2026-09-20T08:41:00.709561+00:00,227038,5716127,3943191,
2026-09-20T08:41:00.725552+00:00,227039,5716153,3943047,
2026-09-20T08:41:00.757576+00:00,227040,5716178,3943789,
2026-09-20T08:41:00.774638+00:00,227041,5716203,3943971,
2026-09-20T08:41:00.805545+00:00,227042,5716228,3943930,
2026-09-20T08:41:00.823947+00:00,227043,5716253,3943698,
2026-09-20T08:41:00.853528+00:00,227044,5716278,3943791,
2026-09-20T08:41:00.886716+00:00,227045,5716304,3944258,
2026-09-20T08:41:00.902553+00:00,227046,5716329,3945211,
2026-09-20T08:41:00.935721+00:00,227047,5716354,3945249,
2026-09-20T08:41:00.949582+00:00,227048,5716379,3945257,
2026-09-20T08:41:00.981527+00:00,227049,5716404,3945988,
2026-09-20T08:41:00.997537+00:00,227050,5716429,3946790,
2026-09-20T08:41:01.029561+00:00,227051,5716455,3946909,
2026-09-20T08:41:01.061577+00:00,227052,5716480,3946681,
2026-09-20T08:41:01.078315+00:00,227053,5716505,3946905,
2026-09-20T08:41:01.109528+00:00,227054,5716530,3947002,
2026-09-20T08:41:01.125555+00:00,227055,5716555,3947396,
2026-09-20T08:41:01.157323+00:00,227056,5716580,3947905,
2026-09-20T08:41:01.173546+00:00,227057,5716606,3947950,
2026-09-20T08:41:01.206191+00:00,227058,5716631,3948446,
2026-09-20T08:41:01.237373+00:00,227059,5716656,3949091,
2026-09-20T08:41:01.255407+00:00,227060,5716681,3949655,
2026-09-20T08:41:01.285456+00:00,227061,5716706,3949754,
2026-09-20T08:41:01.301827+00:00,227062,5716731,3950321,
2026-09-20T08:41:01.333733+00:00,227063,5716757,3950531,
2026-09-20T08:41:01.365497+00:00,227064,5716782,3950453,
2026-09-20T08:41:01.381528+00:00,227065,5716807,3949732,
2026-09-20T08:41:01.413533+00:00,227066,5716832,3949271,
2026-09-20T08:41:01.429552+00:00,227067,5716857,3949482,
2026-09-20T08:41:01.461521+00:00,227068,5716883,3949748,
2026-09-20T08:41:01.477540+00:00,227069,5716908,3949705,
2026-09-20T08:41:01.509503+00:00,227070,5716933,3950014,
2026-09-20T08:41:01.541519+00:00,227071,5716958,3950309,
2026-09-20T08:41:01.557532+00:00,227072,5716983,3950856,
2026-09-20T08:41:01.589542+00:00,227073,5717008,3950596,
2026-09-20T08:41:01.606858+00:00,227074,5717034,3950454,
2026-09-20T08:41:01.638558+00:00,227075,5717059,3950709,
2026-09-20T08:41:01.653295+00:00,227076,5717084,3951058,
2026-09-20T08:41:01.685694+00:00,227077,5717109,3951435,
2026-09-20T08:41:01.717496+00:00,227078,5717134,3951365,
2026-09-20T08:41:01.735593+00:00,227079,5717159,3951599,
2026-09-20T08:41:01.765561+00:00,227080,5717185,3951946,
2026-09-20T08:41:01.781664+00:00,227081,5717210,3952007,
2026-09-20T08:41:01.813511+00:00,227082,5717235,3951835,
2026-09-20T08:41:01.829590+00:00,227083,5717260,3952173,
2026-09-20T08:41:01.861537+00:00,227084,5717285,3951455,
2026-09-20T08:41:01.893533+00:00,227085,5717310,3951029,
2026-09-20T08:41:01.909551+00:00,227086,5717336,3951520,
2026-09-20T08:41:01.941088+00:00,227087,5717361,3951306,
2026-09-20T08:41:01.957527+00:00,227088,5717386,3950745,
2026-09-20T08:41:01.990186+00:00,227089,5717411,3950707,
2026-09-20T08:41:02.005673+00:00,227090,5717436,3950336,
2026-09-20T08:41:02.037513+00:00,227091,5717461,3950525,
2026-09-20T08:41:02.069527+00:00,227092,5717487,3950663,
2026-09-20T08:41:02.085601+00:00,227093,5717512,3950556,
2026-09-20T08:41:02.118595+00:00,227094,5717537,3950782,
2026-09-20T08:41:02.133826+00:00,227095,5717562,3951052,
2026-09-20T08:41:02.165512+00:00,227096,5717587,3951133,
2026-09-20T08:41:02.181541+00:00,227097,5717612,3951142,
2026-09-20T08:41:02.213481+00:00,227098,5717638,3951314,
2026-09-20T08:41:02.246587+00:00,227099,5717663,3951648,
2026-09-20T08:41:02.261498+00:00,227100,5717688,3951740,
2026-09-20T08:41:02.293515+00:00,227101,5717713,3951462,
2026-09-20T08:41:02.309773+00:00,227102,5717738,3951429,
2026-09-20T08:41:02.341509+00:00,227103,5717763,3951812,
2026-09-20T08:41:02.357523+00:00,227104,5717789,3951949,
2026-09-20T08:41:02.389479+00:00,227105,5717814,3951388,
2026-09-20T08:41:02.421523+00:00,227106,5717839,3951548,
2026-09-20T08:41:02.441766+00:00,227107,5717864,3951185,
2026-09-20T08:41:02.469629+00:00,227108,5717889,3951208,
2026-09-20T08:41:02.486105+00:00,227109,5717915,3951176,
2026-09-20T08:41:02.517483+00:00,227110,5717940,3950937,
2026-09-20T08:41:02.533481+00:00,227111,5717965,3950762,
2026-09-20T08:41:02.566612+00:00,227112,5717990,3951073,
2026-09-20T08:41:02.598567+00:00,227113,5718015,3951373,
2026-09-20T08:41:02.615580+00:00,227114,5718040,3951530,
2026-09-20T08:41:02.645212+00:00,227115,5718066,3951629,
2026-09-20T08:41:02.661486+00:00,227116,5718091,3951291,
2026-09-20T08:41:02.693493+00:00,227117,5718116,3950573,
2026-09-20T08:41:02.709492+00:00,227118,5718141,3950465,
2026-09-20T08:41:02.741507+00:00,227119,5718166,3950903,
2026-09-20T08:41:02.773518+00:00,227120,5718191,3950642,
2026-09-20T08:41:02.790551+00:00,227121,5718217,3949657,
2026-09-20T08:41:02.824143+00:00,227122,5718242,3949289,
2026-09-20T08:41:02.838203+00:00,227123,5718267,3949833,
2026-09-20T08:41:02.869514+00:00,227124,5718292,3949589,
2026-09-20T08:41:02.886760+00:00,227125,5718317,3949262,
2026-09-20T08:41:02.918164+00:00,227126,5718342,3949485,
2026-09-20T08:41:02.950616+00:00,227127,5718368,3949813,
2026-09-20T08:41:02.965799+00:00,227128,5718393,3949846,
2026-09-20T08:41:02.997526+00:00,227129,5718418,3949663,
2026-09-20T08:41:03.015616+00:00,227130,5718443,3949529,
2026-09-20T08:41:03.045485+00:00,227131,5718468,3949656,
2026-09-20T08:41:03.061535+00:00,227132,5718494,3949680,
2026-09-20T08:41:03.093502+00:00,227133,5718519,3949899,
2026-09-20T08:41:03.125508+00:00,227134,5718544,3950662,
2026-09-20T08:41:03.142373+00:00,227135,5718569,3950401,
2026-09-20T08:41:03.174562+00:00,227136,5718594,3950107,
2026-09-20T08:41:03.190179+00:00,227137,5718619,3949639,
2026-09-20T08:41:03.221452+00:00,227138,5718645,3949187,
2026-09-20T08:41:03.238556+00:00,227139,5718670,3949653,
2026-09-20T08:41:03.268872+00:00,227140,5718695,3950190,
2026-09-20T08:41:03.301254+00:00,227141,5718720,3949804,
2026-09-20T08:41:03.317450+00:00,227142,5718745,3949590,
2026-09-20T08:41:03.349502+00:00,227143,5718770,3950077,
2026-09-20T08:41:03.365340+00:00,227144,5718796,3950205,
2026-09-20T08:41:03.398538+00:00,227145,5718821,3949956,
2026-09-20T08:41:03.413918+00:00,227146,5718846,3950026,
2026-09-20T08:41:03.445296+00:00,227147,5718871,3950460,
2026-09-20T08:41:03.477461+00:00,227148,5718896,3950717,
2026-09-20T08:41:03.493487+00:00,227149,5718921,3950580,
2026-09-20T08:41:03.525880+00:00,227150,5718947,3950380,
2026-09-20T08:41:03.542585+00:00,227151,5718972,3950547,
2026-09-20T08:41:03.573499+00:00,227152,5718997,3950447,
2026-09-20T08:41:03.605463+00:00,227153,5719022,3949807,
2026-09-20T08:41:03.622317+00:00,227154,5719047,3949267,
2026-09-20T08:41:03.653440+00:00,227155,5719072,3949644,
2026-09-20T08:41:03.669521+00:00,227156,5719098,3949943,
2026-09-20T08:41:03.701560+00:00,227157,5719123,3950147,
2026-09-20T08:41:03.718126+00:00,227158,5719148,3950574,
2026-09-20T08:41:03.749495+00:00,227159,5719173,3950262,
2026-09-20T08:41:03.783337+00:00,227160,5719198,3949853,
2026-09-20T08:41:03.797511+00:00,227161,5719223,3949982,
2026-09-20T08:41:03.830543+00:00,227162,5719249,3950073,
2026-09-20T08:41:03.845138+00:00,227163,5719274,3950295,
2026-09-20T08:41:03.878801+00:00,227164,5719299,3950305,
2026-09-20T08:41:03.894153+00:00,227165,5719324,3950384,
2026-09-20T08:41:03.925990+00:00,227166,5719349,3950088,
2026-09-20T08:41:03.959531+00:00,227167,5719375,3949948,
2026-09-20T08:41:03.974142+00:00,227168,5719400,3949905,
2026-09-20T08:41:04.005271+00:00,227169,5719425,3949719,
2026-09-20T08:41:04.021146+00:00,227170,5719450,3949765,
2026-09-20T08:41:04.053438+00:00,227171,5719475,3949598,
2026-09-20T08:41:04.069441+00:00,227172,5719500,3948866,
2026-09-20T08:41:04.101494+00:00,227173,5719526,3948405,
2026-09-20T08:41:04.134562+00:00,227174,5719551,3948904,
2026-09-20T08:41:04.149453+00:00,227175,5719576,3949821,
2026-09-20T08:41:04.181537+00:00,227176,5719601,3950068,
2026-09-20T08:41:04.198578+00:00,227177,5719626,3949881,
2026-09-20T08:41:04.231666+00:00,227178,5719651,3948843,
2026-09-20T08:41:04.245453+00:00,227179,5719677,3948568,
2026-09-20T08:41:04.278251+00:00,227180,5719702,3948551,
2026-09-20T08:41:04.309425+00:00,227181,5719727,3948693,
2026-09-20T08:41:04.325469+00:00,227182,5719752,3949107,
2026-09-20T08:41:04.358607+00:00,227183,5719777,3949238,
2026-09-20T08:41:04.373468+00:00,227184,5719802,3949778,
2026-09-20T08:41:04.406744+00:00,227185,5719828,3949545,
2026-09-20T08:41:04.423708+00:00,227186,5719853,3948778,
2026-09-20T08:41:04.453434+00:00,227187,5719878,3949434,
2026-09-20T08:41:04.485463+00:00,227188,5719903,3950297,
2026-09-20T08:41:04.501311+00:00,227189,5719928,3950617,
2026-09-20T08:41:04.533440+00:00,227190,5719953,3950443,
2026-09-20T08:41:04.549446+00:00,227191,5719979,3950258,
2026-09-20T08:41:04.581734+00:00,227192,5720004,3949804,
2026-09-20T08:41:04.597770+00:00,227193,5720029,3950041,
2026-09-20T08:41:04.629430+00:00,227194,5720054,3950531,
2026-09-20T08:41:04.661429+00:00,227195,5720079,3950325,
2026-09-20T08:41:04.677425+00:00,227196,5720105,3950424,
2026-09-20T08:41:04.709516+00:00,227197,5720130,3950979,
2026-09-20T08:41:04.725185+00:00,227198,5720155,3951919,
2026-09-20T08:41:04.757329+00:00,227199,5720180,3951718,
2026-09-20T08:41:04.773444+00:00,227200,5720205,3949922,
2026-09-20T08:41:04.805453+00:00,227201,5720230,3948811,
2026-09-20T08:41:04.837422+00:00,227202,5720256,3947785,
2026-09-20T08:41:04.853444+00:00,227203,5720281,3948662,
2026-09-20T08:41:04.885888+00:00,227204,5720306,3951728,
2026-09-20T08:41:04.901725+00:00,227205,5720331,3952859,
2026-09-20T08:41:04.936363+00:00,227206,5720356,3952404,
2026-09-20T08:41:04.950283+00:00,227207,5720381,3952922,
2026-09-20T08:41:04.983407+00:00,227208,5720407,3954436,
2026-09-20T08:41:05.013448+00:00,227209,5720432,3955205,
2026-09-20T08:41:05.030007+00:00,227210,5720457,3956167,
2026-09-20T08:41:05.061454+00:00,227211,5720482,3957471,
2026-09-20T08:41:05.077979+00:00,227212,5720507,3958155,
2026-09-20T08:41:05.109445+00:00,227213,5720532,3956588,
2026-09-20T08:41:05.125462+00:00,227214,5720558,3955055,
2026-09-20T08:41:05.157434+00:00,227215,5720583,3954677,
2026-09-20T08:41:05.189154+00:00,227216,5720608,3954196,
2026-09-20T08:41:05.206500+00:00,227217,5720633,3954093,
2026-09-20T08:41:05.237409+00:00,227218,5720658,3953788,
2026-09-20T08:41:05.256505+00:00,227219,5720684,3954493,
2026-09-20T08:41:05.285707+00:00,227220,5720709,3954855,
2026-09-20T08:41:05.301295+00:00,227221,5720734,3955100,
2026-09-20T08:41:05.334510+00:00,227222,5720759,3955002,
2026-09-20T08:41:05.365409+00:00,227223,5720784,3953389,
2026-09-20T08:41:05.381414+00:00,227224,5720809,3952373,
2026-09-20T08:41:05.413454+00:00,227225,5720835,3953998,
2026-09-20T08:41:05.429445+00:00,227226,5720860,3958958,
2026-09-20T08:41:05.462655+00:00,227227,5720885,3972260,
2026-09-20T08:41:05.477417+00:00,227228,5720910,4007035,
2026-09-20T08:41:05.509452+00:00,227229,5720935,4068261,
2026-09-20T08:41:05.541445+00:00,227230,5720960,4132112,
2026-09-20T08:41:05.557440+00:00,227231,5720986,4192759,
2026-09-20T08:41:05.589433+00:00,227232,5721011,4238713,
2026-09-20T08:41:05.605439+00:00,227233,5721036,4259609,
2026-09-20T08:41:05.638596+00:00,227234,5721061,4269178,
2026-09-20T08:41:05.652899+00:00,227235,5721086,4281068,
2026-09-20T08:41:05.685401+00:00,227236,5721111,4272632,
2026-09-20T08:41:05.717394+00:00,227237,5721137,4245713,
2026-09-20T08:41:05.733406+00:00,227238,5721162,4206479,
2026-09-20T08:41:05.765501+00:00,227239,5721187,4171956,
2026-09-20T08:41:05.782441+00:00,227240,5721212,4143990,
2026-09-20T08:41:05.813452+00:00,227241,5721237,4117709,
2026-09-20T08:41:05.845227+00:00,227242,5721262,4091110,
2026-09-20T08:41:05.861439+00:00,227243,5721288,4058399,
2026-09-20T08:41:05.893425+00:00,227244,5721313,4023223,
2026-09-20T08:41:05.909389+00:00,227245,5721338,3995505,
2026-09-20T08:41:05.941426+00:00,227246,5721363,3985105,
2026-09-20T08:41:05.958050+00:00,227247,5721388,3972465,
2026-09-20T08:41:05.990379+00:00,227248,5721414,3935299,
2026-09-20T08:41:06.022556+00:00,227249,5721439,3863262,
2026-09-20T08:41:06.038782+00:00,227250,5721464,3751710,
2026-09-20T08:41:06.069398+00:00,227251,5721489,3594218,
2026-09-20T08:41:06.085638+00:00,227252,5721514,3366620,
2026-09-20T08:41:06.117393+00:00,227253,5721539,3177682,
2026-09-20T08:41:06.135482+00:00,227254,5721565,3152338,
2026-09-20T08:41:06.166565+00:00,227255,5721590,3269622,
2026-09-20T08:41:06.197413+00:00,227256,5721615,3435118,
2026-09-20T08:41:06.213421+00:00,227257,5721640,3575685,
2026-09-20T08:41:06.245836+00:00,227258,5721665,3683351,
2026-09-20T08:41:06.262072+00:00,227259,5721690,3762813,
2026-09-20T08:41:06.294325+00:00,227260,5721716,3820546,
2026-09-20T08:41:06.309672+00:00,227261,5721741,3857993,
2026-09-20T08:41:06.341393+00:00,227262,5721766,3884350,
2026-09-20T08:41:06.373392+00:00,227263,5721791,3903375,
2026-09-20T08:41:06.389413+00:00,227264,5721816,3915444,
2026-09-20T08:41:06.422480+00:00,227265,5721841,3924061,
2026-09-20T08:41:06.437625+00:00,227266,5721867,3931396,
2026-09-20T08:41:06.471968+00:00,227267,5721892,3936175,
2026-09-20T08:41:06.485567+00:00,227268,5721917,3937480,
2026-09-20T08:41:06.517400+00:00,227269,5721942,3937205,
2026-09-20T08:41:06.552101+00:00,227270,5721967,3936424,
2026-09-20T08:41:06.565129+00:00,227271,5721992,3936716,
2026-09-20T08:41:06.598484+00:00,227272,5722018,3938796,
2026-09-20T08:41:06.614698+00:00,227273,5722043,3941863,
2026-09-20T08:41:06.645464+00:00,227274,5722068,3943577,
2026-09-20T08:41:06.661434+00:00,227275,5722093,3945253,
2026-09-20T08:41:06.693446+00:00,227276,5722118,3947188,
2026-09-20T08:41:06.725515+00:00,227277,5722143,3947240,
2026-09-20T08:41:06.742074+00:00,227278,5722169,3945153,
2026-09-20T08:41:06.773381+00:00,227279,5722194,3946134,
2026-09-20T08:41:06.789894+00:00,227280,5722219,3947450,
2026-09-20T08:41:06.823557+00:00,227281,5722244,3948701,
2026-09-20T08:41:06.838075+00:00,227282,5722269,3950928,
2026-09-20T08:41:06.870015+00:00,227283,5722295,3955672,
2026-09-20T08:41:06.901395+00:00,227284,5722320,3958184,
2026-09-20T08:41:06.918025+00:00,227285,5722345,3959233,
2026-09-20T08:41:06.949365+00:00,227286,5722370,3960408,
2026-09-20T08:41:06.965202+00:00,227287,5722395,3959613,
2026-09-20T08:41:06.997874+00:00,227288,5722420,3958353,
2026-09-20T08:41:07.013373+00:00,227289,5722446,3955933,
2026-09-20T08:41:07.046547+00:00,227290,5722471,3955742,
2026-09-20T08:41:07.077380+00:00,227291,5722496,3956407,
2026-09-20T08:41:07.093423+00:00,227292,5722521,3956665,
2026-09-20T08:41:07.125474+00:00,227293,5722546,3956561,
2026-09-20T08:41:07.141692+00:00,227294,5722571,3956518,
2026-09-20T08:41:07.173280+00:00,227295,5722597,3953807,
2026-09-20T08:41:07.190486+00:00,227296,5722622,3951271,
2026-09-20T08:41:07.222193+00:00,227297,5722647,3951153,
2026-09-20T08:41:07.253757+00:00,227298,5722672,3951405,
2026-09-20T08:41:07.270000+00:00,227299,5722697,3950377,
2026-09-20T08:41:07.301903+00:00,227300,5722722,3949450,
2026-09-20T08:41:07.318506+00:00,227301,5722748,3949954,
2026-09-20T08:41:07.349395+00:00,227302,5722773,3949358,
2026-09-20T08:41:07.365428+00:00,227303,5722798,3949235,
2026-09-20T08:41:07.397382+00:00,227304,5722823,3949096,
2026-09-20T08:41:07.429381+00:00,227305,5722848,3949201,
2026-09-20T08:41:07.446478+00:00,227306,5722873,3948903,
2026-09-20T08:41:07.480483+00:00,227307,5722899,3948859,
2026-09-20T08:41:07.493398+00:00,227308,5722924,3949053,
2026-09-20T08:41:07.525391+00:00,227309,5722949,3948715,
2026-09-20T08:41:07.542440+00:00,227310,5722974,3948960,
2026-09-20T08:41:07.573383+00:00,227311,5722999,3949127,
2026-09-20T08:41:07.606554+00:00,227312,5723025,3949249,
2026-09-20T08:41:07.623274+00:00,227313,5723050,3949378,
2026-09-20T08:41:07.653355+00:00,227314,5723075,3949377,
2026-09-20T08:41:07.669747+00:00,227315,5723100,3949454,
2026-09-20T08:41:07.702531+00:00,227316,5723125,3949383,
2026-09-20T08:41:07.717632+00:00,227317,5723150,3949303,
2026-09-20T08:41:07.749355+00:00,227318,5723176,3948770,
2026-09-20T08:41:07.781337+00:00,227319,5723201,3948834,
2026-09-20T08:41:07.797443+00:00,227320,5723226,3949640,
2026-09-20T08:41:07.830527+00:00,227321,5723251,3948990,
2026-09-20T08:41:07.844930+00:00,227322,5723276,3948545,
2026-09-20T08:41:07.877356+00:00,227323,5723301,3948561,
2026-09-20T08:41:07.895461+00:00,227324,5723327,3948460,
2026-09-20T08:41:07.926120+00:00,227325,5723352,3948521,
2026-09-20T08:41:07.957047+00:00,227326,5723377,3948530,
2026-09-20T08:41:07.973028+00:00,227327,5723402,3948945,
2026-09-20T08:41:08.005630+00:00,227328,5723427,3949126,
2026-09-20T08:41:08.021440+00:00,227329,5723452,3949112,
2026-09-20T08:41:08.043308+00:00,227330,5723478,3948940,
2026-09-20T08:41:08.075241+00:00,227331,5723503,3949158,
2026-09-20T08:41:08.101337+00:00,227332,5723528,3949054,
2026-09-20T08:41:08.133362+00:00,227333,5723553,3948692,
2026-09-20T08:41:08.149391+00:00,227334,5723578,3948788,
2026-09-20T08:41:08.181359+00:00,227335,5723603,3949182,
2026-09-20T08:41:08.197362+00:00,227336,5723629,3948982,
2026-09-20T08:41:08.229361+00:00,227337,5723654,3948761,
2026-09-20T08:41:08.261376+00:00,227338,5723679,3948584,
2026-09-20T08:41:08.277345+00:00,227339,5723704,3948362,
2026-09-20T08:41:08.309382+00:00,227340,5723729,3948419,
2026-09-20T08:41:08.325412+00:00,227341,5723755,3948261,
2026-09-20T08:41:08.357664+00:00,227342,5723780,3948252,
2026-09-20T08:41:08.374642+00:00,227343,5723805,3948412,
2026-09-20T08:41:08.405384+00:00,227344,5723830,3948759,
2026-09-20T08:41:08.438562+00:00,227345,5723855,3949102,
2026-09-20T08:41:08.453324+00:00,227346,5723880,3948680,
2026-09-20T08:41:08.485639+00:00,227347,5723906,3948589,
2026-09-20T08:41:08.487121+00:00,227348,5723931,3948649,
2026-09-20T08:41:08.533993+00:00,227349,5723956,3948751,
2026-09-20T08:41:08.549345+00:00,227350,5723981,3948819,
2026-09-20T08:41:08.581679+00:00,227351,5724006,3948560,
2026-09-20T08:41:08.614473+00:00,227352,5724031,3948284,
2026-09-20T08:41:08.629344+00:00,227353,5724057,3948457,
2026-09-20T08:41:08.661104+00:00,227354,5724082,3948675,
2026-09-20T08:41:08.677328+00:00,227355,5724107,3948495,
2026-09-20T08:41:08.709312+00:00,227356,5724132,3948766,
2026-09-20T08:41:08.725355+00:00,227357,5724157,3948478,
2026-09-20T08:41:08.757329+00:00,227358,5724182,3948685,
2026-09-20T08:41:08.789554+00:00,227359,5724208,3948672,
2026-09-20T08:41:08.806419+00:00,227360,5724233,3948641,
2026-09-20T08:41:08.837496+00:00,227361,5724258,3947935,
2026-09-20T08:41:08.853798+00:00,227362,5724283,3947999,
2026-09-20T08:41:08.885262+00:00,227363,5724308,3948242,
2026-09-20T08:41:08.901277+00:00,227364,5724333,3948842,
2026-09-20T08:41:08.935163+00:00,227365,5724359,3948898,
2026-09-20T08:41:08.965309+00:00,227366,5724384,3948702,
2026-09-20T08:41:08.981308+00:00,227367,5724409,3948527,
2026-09-20T08:41:09.013350+00:00,227368,5724434,3948341,
2026-09-20T08:41:09.029349+00:00,227369,5724459,3948196,
2026-09-20T08:41:09.061813+00:00,227370,5724485,3948582,
2026-09-20T08:41:09.077577+00:00,227371,5724510,3948593,
2026-09-20T08:41:09.109544+00:00,227372,5724535,3948568,
2026-09-20T08:41:09.141542+00:00,227373,5724560,3948427,
2026-09-20T08:41:09.157572+00:00,227374,5724585,3948732,
2026-09-20T08:41:09.189560+00:00,227375,5724610,3948708,
2026-09-20T08:41:09.205543+00:00,227376,5724636,3948439,
2026-09-20T08:41:09.237334+00:00,227377,5724661,3947828,
2026-09-20T08:41:09.253456+00:00,227378,5724686,3947776,
2026-09-20T08:41:09.285218+00:00,227379,5724711,3947656,
2026-09-20T08:41:09.317310+00:00,227380,5724736,3947968,
2026-09-20T08:41:09.333288+00:00,227381,5724761,3948310,
2026-09-20T08:41:09.365459+00:00,227382,5724787,3948142,
2026-09-20T08:41:09.381300+00:00,227383,5724812,3948437,
2026-09-20T08:41:09.412919+00:00,227384,5724837,3948349,
2026-09-20T08:41:09.429323+00:00,227385,5724862,3948310,
2026-09-20T08:41:09.461310+00:00,227386,5724887,3948387,
2026-09-20T08:41:09.493331+00:00,227387,5724912,3948748,
2026-09-20T08:41:09.509285+00:00,227388,5724938,3948632,
2026-09-20T08:41:09.541287+00:00,227389,5724963,3948037,
2026-09-20T08:41:09.557305+00:00,227390,5724988,3948511,
2026-09-20T08:41:09.589298+00:00,227391,5725013,3948292,
2026-09-20T08:41:09.605319+00:00,227392,5725038,3947866,
2026-09-20T08:41:09.637292+00:00,227393,5725063,3948202,
2026-09-20T08:41:09.669170+00:00,227394,5725089,3948247,
2026-09-20T08:41:09.685256+00:00,227395,5725114,3947860,
2026-09-20T08:41:09.717789+00:00,227396,5725139,3948125,
2026-09-20T08:41:09.733288+00:00,227397,5725164,3948043,
2026-09-20T08:41:09.766862+00:00,227398,5725189,3947924,
2026-09-20T08:41:09.780896+00:00,227399,5725215,3948029,
2026-09-20T08:41:09.813317+00:00,227400,5725240,3948355,
2026-09-20T08:41:09.844888+00:00,227401,5725265,3948477,
2026-09-20T08:41:09.861573+00:00,227402,5725290,3948169,
2026-09-20T08:41:09.893283+00:00,227403,5725315,3948598,
2026-09-20T08:41:09.909285+00:00,227404,5725340,3948323,
2026-09-20T08:41:09.941317+00:00,227405,5725366,3948197,
2026-09-20T08:41:09.957281+00:00,227406,5725391,3948438,
2026-09-20T08:41:09.989302+00:00,227407,5725416,3948347,
2026-09-20T08:41:10.020813+00:00,227408,5725441,3948355,
2026-09-20T08:41:10.037337+00:00,227409,5725466,3948361,
2026-09-20T08:41:10.069424+00:00,227410,5725491,3947883,
2026-09-20T08:41:10.085307+00:00,227411,5725517,3947448,
2026-09-20T08:41:10.117318+00:00,227412,5725542,3948178,
2026-09-20T08:41:10.133291+00:00,227413,5725567,3948237,
2026-09-20T08:41:10.165253+00:00,227414,5725592,3947823,
2026-09-20T08:41:10.197006+00:00,227415,5725617,3948195,
2026-09-20T08:41:10.212942+00:00,227416,5725642,3947857,
2026-09-20T08:41:10.244748+00:00,227417,5725668,3947715,
2026-09-20T08:41:10.261749+00:00,227418,5725693,3948296,
2026-09-20T08:41:10.292781+00:00,227419,5725718,3948288,
2026-09-20T08:41:10.324929+00:00,227420,5725743,3948681,
2026-09-20T08:41:10.340945+00:00,227421,5725768,3948222,
2026-09-20T08:41:10.372748+00:00,227422,5725793,3948280,
2026-09-20T08:41:10.388766+00:00,227423,5725819,3948093,
2026-09-20T08:41:10.420767+00:00,227424,5725844,3947941,
2026-09-20T08:41:10.436747+00:00,227425,5725869,3948294,
2026-09-20T08:41:10.468747+00:00,227426,5725894,3948925,
2026-09-20T08:41:10.500746+00:00,227427,5725919,3948235,
2026-09-20T08:41:10.516745+00:00,227428,5725945,3948052,
2026-09-20T08:41:10.549747+00:00,227429,5725970,3947897,
2026-09-20T08:41:10.564746+00:00,227430,5725995,3947815,
2026-09-20T08:41:10.596747+00:00,227431,5726020,3947739,
2026-09-20T08:41:10.613802+00:00,227432,5726045,3948228,
2026-09-20T08:41:10.644962+00:00,227433,5726070,3948707,
2026-09-20T08:41:10.676747+00:00,227434,5726096,3948165,
2026-09-20T08:41:10.692746+00:00,227435,5726121,3948014,
2026-09-20T08:41:10.724748+00:00,227436,5726146,3947570,
2026-09-20T08:41:10.740750+00:00,227437,5726171,3947797,
2026-09-20T08:41:10.772748+00:00,227438,5726196,3947832,
2026-09-20T08:41:10.788747+00:00,227439,5726221,3947276,
2026-09-20T08:41:10.821747+00:00,227440,5726247,3947584,
2026-09-20T08:41:10.852748+00:00,227441,5726272,3947520,
2026-09-20T08:41:10.869746+00:00,227442,5726297,3947561,
2026-09-20T08:41:10.901746+00:00,227443,5726322,3947762,
2026-09-20T08:41:10.916746+00:00,227444,5726347,3948037,
2026-09-20T08:41:10.949255+00:00,227445,5726372,3948218,
2026-09-20T08:41:10.965277+00:00,227446,5726398,3948309,
2026-09-20T08:41:10.997513+00:00,227447,5726423,3948277,
2026-09-20T08:41:11.029847+00:00,227448,5726448,3947563,
2026-09-20T08:41:11.045256+00:00,227449,5726473,3947770,
2026-09-20T08:41:11.077259+00:00,227450,5726498,3948328,
2026-09-20T08:41:11.093252+00:00,227451,5726524,3947898,
2026-09-20T08:41:11.125006+00:00,227452,5726549,3948131,
2026-09-20T08:41:11.141280+00:00,227453,5726574,3947749,
2026-09-20T08:41:11.173965+00:00,227454,5726599,3947568,
2026-09-20T08:41:11.205259+00:00,227455,5726624,3948006,
2026-09-20T08:41:11.221249+00:00,227456,5726649,3948193,
2026-09-20T08:41:11.253702+00:00,227457,5726675,3947915,
2026-09-20T08:41:11.269177+00:00,227458,5726700,3948062,
2026-09-20T08:41:11.301235+00:00,227459,5726725,3948328,
2026-09-20T08:41:11.317261+00:00,227460,5726750,3948286,
2026-09-20T08:41:11.349254+00:00,227461,5726775,3948305,
2026-09-20T08:41:11.381257+00:00,227462,5726800,3948322,
2026-09-20T08:41:11.397277+00:00,227463,5726826,3947887,
2026-09-20T08:41:11.429246+00:00,227464,5726851,3947803,
2026-09-20T08:41:11.445250+00:00,227465,5726876,3947715,
2026-09-20T08:41:11.477274+00:00,227466,5726901,3948097,
2026-09-20T08:41:11.493266+00:00,227467,5726926,3947895,
2026-09-20T08:41:11.525675+00:00,227468,5726951,3947241,
2026-09-20T08:41:11.557272+00:00,227469,5726977,3947401,
2026-09-20T08:41:11.573272+00:00,227470,5727002,3947860,
2026-09-20T08:41:11.605253+00:00,227471,5727027,3948109,
2026-09-20T08:41:11.620992+00:00,227472,5727052,3948170,
2026-09-20T08:41:11.653088+00:00,227473,5727077,3948487,
2026-09-20T08:41:11.669253+00:00,227474,5727103,3948131,
2026-09-20T08:41:11.701267+00:00,227475,5727128,3948082,
2026-09-20T08:41:11.733243+00:00,227476,5727153,3948147,
2026-09-20T08:41:11.749251+00:00,227477,5727178,3947848,
2026-09-20T08:41:11.781017+00:00,227478,5727203,3948249,
2026-09-20T08:41:11.797250+00:00,227479,5727228,3948436,
2026-09-20T08:41:11.829245+00:00,227480,5727254,3948504,
2026-09-20T08:41:11.845436+00:00,227481,5727279,3948069,
2026-09-20T08:41:11.877435+00:00,227482,5727304,3947913,
2026-09-20T08:41:11.909238+00:00,227483,5727329,3947592,
2026-09-20T08:41:11.925241+00:00,227484,5727354,3947607,
2026-09-20T08:41:11.957217+00:00,227485,5727379,3948076,
2026-09-20T08:41:11.972764+00:00,227486,5727405,3948385,
2026-09-20T08:41:12.005239+00:00,227487,5727430,3948243,
2026-09-20T08:41:12.022438+00:00,227488,5727455,3947975,
2026-09-20T08:41:12.054355+00:00,227489,5727480,3947858,
2026-09-20T08:41:12.085244+00:00,227490,5727505,3947714,
2026-09-20T08:41:12.101267+00:00,227491,5727530,3947739,
2026-09-20T08:41:12.133886+00:00,227492,5727556,3947822,
2026-09-20T08:41:12.148869+00:00,227493,5727581,3947615,
2026-09-20T08:41:12.181208+00:00,227494,5727606,3947669,
2026-09-20T08:41:12.197229+00:00,227495,5727631,3948078,
2026-09-20T08:41:12.229229+00:00,227496,5727656,3947974,
2026-09-20T08:41:12.261275+00:00,227497,5727681,3947725,
2026-09-20T08:41:12.277858+00:00,227498,5727707,3947832,
2026-09-20T08:41:12.309237+00:00,227499,5727732,3948554,
2026-09-20T08:41:12.325234+00:00,227500,5727757,3948648,
2026-09-20T08:41:12.357729+00:00,227501,5727782,3948156,
2026-09-20T08:41:12.389240+00:00,227502,5727807,3947952,
2026-09-20T08:41:12.414289+00:00,227503,5727833,3948177,
2026-09-20T08:41:12.444267+00:00,227504,5727858,3948370,
2026-09-20T08:41:12.623974+00:00,227505,5727883,3947539,
2026-09-20T08:41:12.637985+00:00,227506,5727908,3947923,
2026-09-20T08:41:12.640977+00:00,227507,5727933,3948060,
2026-09-20T08:41:12.642338+00:00,227508,5727958,3947812,
2026-09-20T08:41:12.642338+00:00,227509,5727984,3947699,
2026-09-20T08:41:12.642978+00:00,227510,5728009,3947772,
2026-09-20T08:41:12.642978+00:00,227511,5728034,3948290,
2026-09-20T08:41:12.646587+00:00,227512,5728059,3948121,
2026-09-20T08:41:12.666949+00:00,227513,5728084,3948174,
2026-09-20T08:41:12.686977+00:00,227514,5728109,3948402,
2026-09-20T08:41:12.702207+00:00,227515,5728135,3948213,
2026-09-20T08:41:12.734167+00:00,227516,5728160,3948490,
2026-09-20T08:41:12.766341+00:00,227517,5728185,3948111,
2026-09-20T08:41:12.782220+00:00,227518,5728210,3947541,
2026-09-20T08:41:12.814209+00:00,227519,5728235,3948003,
2026-09-20T08:41:12.830335+00:00,227520,5728260,3948169,
2026-09-20T08:41:12.862219+00:00,227521,5728286,3948039,
2026-09-20T08:41:12.878221+00:00,227522,5728311,3948495,
2026-09-20T08:41:12.910228+00:00,227523,5728336,3948523,
2026-09-20T08:41:12.942433+00:00,227524,5728361,3947708,
2026-09-20T08:41:12.958220+00:00,227525,5728386,3947620,
2026-09-20T08:41:12.990206+00:00,227526,5728412,3947546,
2026-09-20T08:41:13.006565+00:00,227527,5728437,3947990,
2026-09-20T08:41:13.038203+00:00,227528,5728462,3948364,
2026-09-20T08:41:13.054246+00:00,227529,5728487,3948203,
2026-09-20T08:41:13.086220+00:00,227530,5728512,3947546,
2026-09-20T08:41:13.118201+00:00,227531,5728537,3947564,
2026-09-20T08:41:13.134525+00:00,227532,5728563,3947845,
2026-09-20T08:41:13.166233+00:00,227533,5728588,3947997,
2026-09-20T08:41:13.182179+00:00,227534,5728613,3947969,
2026-09-20T08:41:13.214201+00:00,227535,5728638,3947728,
2026-09-20T08:41:13.230213+00:00,227536,5728663,3947431,
2026-09-20T08:41:13.263245+00:00,227537,5728688,3947945,
2026-09-20T08:41:13.293890+00:00,227538,5728714,3947773,
2026-09-20T08:41:13.310251+00:00,227539,5728739,3947778,
2026-09-20T08:41:13.342199+00:00,227540,5728764,3947749,
2026-09-20T08:41:13.358197+00:00,227541,5728789,3947767,
2026-09-20T08:41:13.390198+00:00,227542,5728814,3947991,
2026-09-20T08:41:13.406195+00:00,227543,5728839,3947685,
2026-09-20T08:41:13.438199+00:00,227544,5728865,3947264,
2026-09-20T08:41:13.470249+00:00,227545,5728890,3947578,
2026-09-20T08:41:13.486628+00:00,227546,5728915,3947738,
2026-09-20T08:41:13.518230+00:00,227547,5728940,3947721,
2026-09-20T08:41:13.534182+00:00,227548,5728965,3947250,
2026-09-20T08:41:13.566210+00:00,227549,5728991,3947613,
2026-09-20T08:41:13.582203+00:00,227550,5729016,3948022,
2026-09-20T08:41:13.614215+00:00,227551,5729041,3947755,
2026-09-20T08:41:13.646201+00:00,227552,5729066,3947504,
2026-09-20T08:41:13.662227+00:00,227553,5729091,3947892,
2026-09-20T08:41:13.694188+00:00,227554,5729116,3948187,
2026-09-20T08:41:13.710206+00:00,227555,5729142,3947939,
2026-09-20T08:41:13.742229+00:00,227556,5729167,3947844,
2026-09-20T08:41:13.758293+00:00,227557,5729192,3947877,
2026-09-20T08:41:13.790196+00:00,227558,5729217,3948072,
2026-09-20T08:41:13.822187+00:00,227559,5729242,3947724,
2026-09-20T08:41:13.838198+00:00,227560,5729267,3947561,
2026-09-20T08:41:13.870171+00:00,227561,5729293,3947536,
2026-09-20T08:41:13.886602+00:00,227562,5729318,3947603,
2026-09-20T08:41:13.917943+00:00,227563,5729343,3947499,
2026-09-20T08:41:13.934024+00:00,227564,5729368,3947581,
2026-09-20T08:41:13.966189+00:00,227565,5729393,3947660,
2026-09-20T08:41:13.998196+00:00,227566,5729418,3947918,
2026-09-20T08:41:14.013901+00:00,227567,5729444,3948022,
2026-09-20T08:41:14.046175+00:00,227568,5729469,3947988,
2026-09-20T08:41:14.062193+00:00,227569,5729494,3948352,
2026-09-20T08:41:14.093735+00:00,227570,5729519,3947719,
2026-09-20T08:41:14.109735+00:00,227571,5729544,3947389,
2026-09-20T08:41:14.141823+00:00,227572,5729570,3947397,
2026-09-20T08:41:14.174528+00:00,227573,5729595,3947695,
2026-09-20T08:41:14.190481+00:00,227574,5729620,3948094,
2026-09-20T08:41:14.221971+00:00,227575,5729645,3947675,
2026-09-20T08:41:14.238193+00:00,227576,5729670,3947254,
2026-09-20T08:41:14.270795+00:00,227577,5729695,3947659,
2026-09-20T08:41:14.301799+00:00,227578,5729721,3947701,
2026-09-20T08:41:14.318446+00:00,227579,5729746,3947436,
2026-09-20T08:41:14.350173+00:00,227580,5729771,3947573,
2026-09-20T08:41:14.366008+00:00,227581,5729796,3947355,
2026-09-20T08:41:14.397855+00:00,227582,5729821,3947484,
2026-09-20T08:41:14.414378+00:00,227583,5729846,3947429,
2026-09-20T08:41:14.446166+00:00,227584,5729872,3947435,
2026-09-20T08:41:14.478494+00:00,227585,5729897,3947947,
2026-09-20T08:41:14.494471+00:00,227586,5729922,3947778,
2026-09-20T08:41:14.525832+00:00,227587,5729947,3947419,
2026-09-20T08:41:14.541970+00:00,227588,5729972,3947578,
2026-09-20T08:41:14.574175+00:00,227589,5729997,3947754,
2026-09-20T08:41:14.590276+00:00,227590,5730023,3947777,
2026-09-20T08:41:14.621808+00:00,227591,5730048,3947557,
2026-09-20T08:41:14.654163+00:00,227592,5730073,3947777,
2026-09-20T08:41:14.670195+00:00,227593,5730098,3947791,
2026-09-20T08:41:14.702062+00:00,227594,5730123,3947370,
2026-09-20T08:41:14.718090+00:00,227595,5730149,3947261,
2026-09-20T08:41:14.750162+00:00,227596,5730174,3947485,
2026-09-20T08:41:14.766165+00:00,227597,5730199,3947524,
2026-09-20T08:41:14.798181+00:00,227598,5730224,3947653,
2026-09-20T08:41:14.831347+00:00,227599,5730249,3947698,
2026-09-20T08:41:14.846197+00:00,227600,5730274,3947322,
2026-09-20T08:41:14.878060+00:00,227601,5730300,3947645,
2026-09-20T08:41:14.894037+00:00,227602,5730325,3947371,
2026-09-20T08:41:14.926156+00:00,227603,5730350,3947216,
2026-09-20T08:41:14.942119+00:00,227604,5730375,3948000,
2026-09-20T08:41:14.973921+00:00,227605,5730400,3948460,
2026-09-20T08:41:15.006643+00:00,227606,5730426,3947670,
2026-09-20T08:41:15.021644+00:00,227607,5730451,3947284,
2026-09-20T08:41:15.054896+00:00,227608,5730476,3947693,
2026-09-20T08:41:15.070641+00:00,227609,5730501,3948002,
2026-09-20T08:41:15.101666+00:00,227610,5730526,3947943,
2026-09-20T08:41:15.118666+00:00,227611,5730551,3947654,
2026-09-20T08:41:15.149667+00:00,227612,5730577,3947598,
2026-09-20T08:41:15.181681+00:00,227613,5730602,3948094,
2026-09-20T08:41:15.198192+00:00,227614,5730627,3948207,
2026-09-20T08:41:15.230161+00:00,227615,5730652,3947897,
2026-09-20T08:41:15.245802+00:00,227616,5730677,3947632,
2026-09-20T08:41:15.277877+00:00,227617,5730702,3947665,
2026-09-20T08:41:15.294142+00:00,227618,5730728,3947703,
2026-09-20T08:41:15.325265+00:00,227619,5730753,3947435,
2026-09-20T08:41:15.357926+00:00,227620,5730778,3947629,
2026-09-20T08:41:15.374177+00:00,227621,5730803,3947523,
2026-09-20T08:41:15.406706+00:00,227622,5730828,3947565,
2026-09-20T08:41:15.421636+00:00,227623,5730854,3947544,
2026-09-20T08:41:15.453748+00:00,227624,5730879,3947720,
2026-09-20T08:41:15.469788+00:00,227625,5730904,3947834,
2026-09-20T08:41:15.501718+00:00,227626,5730929,3947703,
2026-09-20T08:41:15.534148+00:00,227627,5730954,3947970,
2026-09-20T08:41:15.550144+00:00,227628,5730979,3947821,
2026-09-20T08:41:15.582149+00:00,227629,5731005,3947635,
2026-09-20T08:41:15.598156+00:00,227630,5731030,3947331,
2026-09-20T08:41:15.630271+00:00,227631,5731055,3947296,
2026-09-20T08:41:15.646255+00:00,227632,5731080,3947745,
2026-09-20T08:41:15.678157+00:00,227633,5731105,3947762,
2026-09-20T08:41:15.710138+00:00,227634,5731131,3948121,
2026-09-20T08:41:15.726149+00:00,227635,5731156,3948008,
2026-09-20T08:41:15.758152+00:00,227636,5731181,3948247,
2026-09-20T08:41:15.774148+00:00,227637,5731206,3947856,
2026-09-20T08:41:15.806431+00:00,227638,5731231,3947489,
2026-09-20T08:41:15.822181+00:00,227639,5731256,3947460,
2026-09-20T08:41:15.854171+00:00,227640,5731282,3947486,
2026-09-20T08:41:15.886141+00:00,227641,5731307,3947176,
2026-09-20T08:41:15.902132+00:00,227642,5731332,3947197,
2026-09-20T08:41:15.934410+00:00,227643,5731357,3947329,
2026-09-20T08:41:15.950140+00:00,227644,5731382,3947930,
2026-09-20T08:41:15.982160+00:00,227645,5731408,3947803,
2026-09-20T08:41:15.998160+00:00,227646,5731433,3947557,
2026-09-20T08:41:16.030143+00:00,227647,5731458,3947175,
2026-09-20T08:41:16.061774+00:00,227648,5731483,3947308,
2026-09-20T08:41:16.078130+00:00,227649,5731508,3947241,
2026-09-20T08:41:16.110147+00:00,227650,5731533,3947433,
2026-09-20T08:41:16.126071+00:00,227651,5731559,3947886,
2026-09-20T08:41:16.158149+00:00,227652,5731584,3947507,
2026-09-20T08:41:16.189922+00:00,227653,5731609,3947529,
2026-09-20T08:41:16.206143+00:00,227654,5731634,3948077,
2026-09-20T08:41:16.238138+00:00,227655,5731659,3947971,
2026-09-20T08:41:16.254484+00:00,227656,5731684,3947616,
2026-09-20T08:41:16.286143+00:00,227657,5731710,3947534,
2026-09-20T08:41:16.302129+00:00,227658,5731735,3947531,
2026-09-20T08:41:16.334118+00:00,227659,5731760,3947559,
2026-09-20T08:41:16.365824+00:00,227660,5731785,3947677,
2026-09-20T08:41:16.382060+00:00,227661,5731810,3947944,
2026-09-20T08:41:16.414103+00:00,227662,5731836,3947941,
2026-09-20T08:41:16.430122+00:00,227663,5731861,3947081,
2026-09-20T08:41:16.462113+00:00,227664,5731886,3947216,
2026-09-20T08:41:16.478132+00:00,227665,5731911,3947896,
2026-09-20T08:41:16.510115+00:00,227666,5731936,3947941,
2026-09-20T08:41:16.542155+00:00,227667,5731961,3947723,
2026-09-20T08:41:16.557925+00:00,227668,5731987,3947580,
2026-09-20T08:41:16.590124+00:00,227669,5732012,3947527,
2026-09-20T08:41:16.606125+00:00,227670,5732037,3947417,
2026-09-20T08:41:16.638332+00:00,227671,5732062,3947533,
2026-09-20T08:41:16.653583+00:00,227672,5732087,3947797,
2026-09-20T08:41:16.686117+00:00,227673,5732112,3947285,
2026-09-20T08:41:16.717947+00:00,227674,5732138,3947342,
2026-09-20T08:41:16.734386+00:00,227675,5732163,3947703,
2026-09-20T08:41:16.767149+00:00,227676,5732188,3947670,
2026-09-20T08:41:16.782136+00:00,227677,5732213,3947410,
2026-09-20T08:41:16.814126+00:00,227678,5732238,3947389,
2026-09-20T08:41:16.830115+00:00,227679,5732264,3947558,
2026-09-20T08:41:16.862112+00:00,227680,5732289,3947795,
2026-09-20T08:41:16.894113+00:00,227681,5732314,3947590,
2026-09-20T08:41:16.910148+00:00,227682,5732339,3947434,
2026-09-20T08:41:16.942104+00:00,227683,5732364,3947360,
2026-09-20T08:41:16.957738+00:00,227684,5732389,3947744,
2026-09-20T08:41:16.990121+00:00,227685,5732415,3947916,
2026-09-20T08:41:17.006119+00:00,227686,5732440,3948139,
2026-09-20T08:41:17.038162+00:00,227687,5732465,3948192,
2026-09-20T08:41:17.070155+00:00,227688,5732490,3948183,
2026-09-20T08:41:17.086565+00:00,227689,5732515,3947659,
2026-09-20T08:41:17.118102+00:00,227690,5732540,3947222,
2026-09-20T08:41:17.134145+00:00,227691,5732566,3947447,
2026-09-20T08:41:17.166101+00:00,227692,5732591,3948075,
2026-09-20T08:41:17.182099+00:00,227693,5732616,3948148,
2026-09-20T08:41:17.213778+00:00,227694,5732641,3947504,
2026-09-20T08:41:17.246129+00:00,227695,5732666,3947404,
2026-09-20T08:41:17.262107+00:00,227696,5732692,3947680,
2026-09-20T08:41:17.294059+00:00,227697,5732717,3947635,
2026-09-20T08:41:17.310104+00:00,227698,5732742,3947207,
2026-09-20T08:41:17.342107+00:00,227699,5732767,3947232,
2026-09-20T08:41:17.358103+00:00,227700,5732792,3947007,
2026-09-20T08:41:17.390109+00:00,227701,5732817,3947237,
2026-09-20T08:41:17.422134+00:00,227702,5732843,3947550,
2026-09-20T08:41:17.438141+00:00,227703,5732868,3947456,
2026-09-20T08:41:17.470736+00:00,227704,5732893,3947467,
2026-09-20T08:41:17.486094+00:00,227705,5732918,3947442,
2026-09-20T08:41:17.518149+00:00,227706,5732943,3947231,
2026-09-20T08:41:17.534286+00:00,227707,5732968,3947558,
2026-09-20T08:41:17.566038+00:00,227708,5732994,3947531,
2026-09-20T08:41:17.598238+00:00,227709,5733019,3947859,
2026-09-20T08:41:17.613873+00:00,227710,5733044,3948140,
2026-09-20T08:41:17.646105+00:00,227711,5733069,3948176,
2026-09-20T08:41:17.662001+00:00,227712,5733094,3947424,
2026-09-20T08:41:17.694083+00:00,227713,5733120,3947765,
2026-09-20T08:41:17.710123+00:00,227714,5733145,3948105,
2026-09-20T08:41:17.742068+00:00,227715,5733170,3947781,
2026-09-20T08:41:17.774101+00:00,227716,5733195,3947751,
2026-09-20T08:41:17.790091+00:00,227717,5733220,3947644,
2026-09-20T08:41:17.822138+00:00,227718,5733245,3947281,
2026-09-20T08:41:17.838089+00:00,227719,5733271,3947495,
2026-09-20T08:41:17.870162+00:00,227720,5733296,3947849,
2026-09-20T08:41:17.902064+00:00,227721,5733321,3947440,
2026-09-20T08:41:17.918550+00:00,227722,5733346,3947533,
2026-09-20T08:41:17.950089+00:00,227723,5733371,3947600,
2026-09-20T08:41:17.966072+00:00,227724,5733397,3947855,
2026-09-20T08:41:17.998073+00:00,227725,5733422,3947764,
2026-09-20T08:41:18.013993+00:00,227726,5733447,3947850,
2026-09-20T08:41:18.046304+00:00,227727,5733472,3947807,
2026-09-20T08:41:18.078143+00:00,227728,5733497,3947104,
2026-09-20T08:41:18.092041+00:00,227729,5733522,3947348,
2026-09-20T08:41:18.122839+00:00,227730,5733548,3947618,
2026-09-20T08:41:18.142037+00:00,227731,5733573,3947615,
2026-09-20T08:41:18.174083+00:00,227732,5733598,3947830,
2026-09-20T08:41:18.190070+00:00,227733,5733623,3948100,
2026-09-20T08:41:18.222089+00:00,227734,5733648,3947928,
2026-09-20T08:41:18.253740+00:00,227735,5733673,3947492,
2026-09-20T08:41:18.270113+00:00,227736,5733699,3947115,
2026-09-20T08:41:18.302315+00:00,227737,5733724,3947439,
2026-09-20T08:41:18.317622+00:00,227738,5733749,3947981,
2026-09-20T08:41:18.350074+00:00,227739,5733774,3947822,
2026-09-20T08:41:18.366063+00:00,227740,5733799,3947452,
2026-09-20T08:41:18.398081+00:00,227741,5733825,3947353,
2026-09-20T08:41:18.430072+00:00,227742,5733850,3947058,
2026-09-20T08:41:18.446065+00:00,227743,5733875,3947273,
2026-09-20T08:41:18.478062+00:00,227744,5733900,3947605,
2026-09-20T08:41:18.494074+00:00,227745,5733925,3947207,
2026-09-20T08:41:18.526120+00:00,227746,5733950,3947300,
2026-09-20T08:41:18.542030+00:00,227747,5733976,3947558,
2026-09-20T08:41:18.574063+00:00,227748,5734001,3947463,
2026-09-20T08:41:18.606092+00:00,227749,5734026,3947603,
2026-09-20T08:41:18.622074+00:00,227750,5734051,3947798,
2026-09-20T08:41:18.654082+00:00,227751,5734076,3947374,
2026-09-20T08:41:18.669978+00:00,227752,5734102,3947799,
2026-09-20T08:41:18.702066+00:00,227753,5734127,3947852,
2026-09-20T08:41:18.720033+00:00,227754,5734152,3947711,
2026-09-20T08:41:18.750112+00:00,227755,5734177,3947519,
2026-09-20T08:41:18.782055+00:00,227756,5734202,3947486,
2026-09-20T08:41:18.798409+00:00,227757,5734227,3947386,
2026-09-20T08:41:18.830059+00:00,227758,5734253,3947381,
2026-09-20T08:41:18.845853+00:00,227759,5734278,3947363,
2026-09-20T08:41:18.878067+00:00,227760,5734303,3947732,
2026-09-20T08:41:18.894060+00:00,227761,5734328,3947685,
2026-09-20T08:41:18.926050+00:00,227762,5734353,3947762,
2026-09-20T08:41:18.958072+00:00,227763,5734379,3947507,
2026-09-20T08:41:18.973896+00:00,227764,5734404,3947238,
2026-09-20T08:41:19.006056+00:00,227765,5734429,3947480,
2026-09-20T08:41:19.021748+00:00,227766,5734454,3947993,
2026-09-20T08:41:19.054042+00:00,227767,5734479,3948305,
2026-09-20T08:41:19.070499+00:00,227768,5734504,3947531,
2026-09-20T08:41:19.101588+00:00,227769,5734530,3947075,
2026-09-20T08:41:19.134069+00:00,227770,5734555,3947464,
2026-09-20T08:41:19.150061+00:00,227771,5734580,3947704,
2026-09-20T08:41:19.182088+00:00,227772,5734605,3947426,
2026-09-20T08:41:19.198109+00:00,227773,5734630,3947616,
2026-09-20T08:41:19.229954+00:00,227774,5734655,3947680,
2026-09-20T08:41:19.246150+00:00,227775,5734681,3947776,
2026-09-20T08:41:19.278035+00:00,227776,5734706,3947709,
2026-09-20T08:41:19.309831+00:00,227777,5734731,3947444,
2026-09-20T08:41:19.326053+00:00,227778,5734756,3947230,
2026-09-20T08:41:19.358091+00:00,227779,5734781,3947766,
2026-09-20T08:41:19.374039+00:00,227780,5734807,3947796,
2026-09-20T08:41:19.405830+00:00,227781,5734832,3947146,
2026-09-20T08:41:19.421825+00:00,227782,5734857,3947563,
2026-09-20T08:41:19.454050+00:00,227783,5734882,3947800,
2026-09-20T08:41:19.486097+00:00,227784,5734907,3947483,
2026-09-20T08:41:19.502065+00:00,227785,5734932,3947093,
2026-09-20T08:41:19.533815+00:00,227786,5734958,3947519,
2026-09-20T08:41:19.550049+00:00,227787,5734983,3947895,
2026-09-20T08:41:19.582041+00:00,227788,5735008,3947514,
2026-09-20T08:41:19.598035+00:00,227789,5735033,3947269,
2026-09-20T08:41:19.630036+00:00,227790,5735058,3947984,
2026-09-20T08:41:19.662041+00:00,227791,5735084,3947753,
2026-09-20T08:41:19.678077+00:00,227792,5735109,3947251,
2026-09-20T08:41:19.709870+00:00,227793,5735134,3947333,
2026-09-20T08:41:19.726036+00:00,227794,5735159,3947502,
2026-09-20T08:41:19.758100+00:00,227795,5735184,3947228,
2026-09-20T08:41:19.789661+00:00,227796,5735209,3947438,
2026-09-20T08:41:19.805694+00:00,227797,5735235,3947214,
2026-09-20T08:41:19.837693+00:00,227798,5735260,3947272,
2026-09-20T08:41:19.861694+00:00,227799,5735285,3947590,
2026-09-20T08:41:19.885693+00:00,227800,5735310,3947319,
2026-09-20T08:41:19.901778+00:00,227801,5735335,3947435,
2026-09-20T08:41:19.935041+00:00,227802,5735361,3947716,
2026-09-20T08:41:19.966034+00:00,227803,5735386,3947676,
2026-09-20T08:41:19.982022+00:00,227804,5735411,3947112,
2026-09-20T08:41:20.014059+00:00,227805,5735436,3946733,
2026-09-20T08:41:20.030054+00:00,227806,5735461,3947012,
2026-09-20T08:41:20.061967+00:00,227807,5735486,3947299,
2026-09-20T08:41:20.078016+00:00,227808,5735512,3947037,
2026-09-20T08:41:20.110038+00:00,227809,5735537,3947371,
2026-09-20T08:41:20.142034+00:00,227810,5735562,3947622,
2026-09-20T08:41:20.158022+00:00,227811,5735587,3947505,
2026-09-20T08:41:20.190060+00:00,227812,5735612,3947748,
2026-09-20T08:41:20.206042+00:00,227813,5735637,3947703,
2026-09-20T08:41:20.238024+00:00,227814,5735663,3947150,
2026-09-20T08:41:20.253579+00:00,227815,5735688,3947011,
2026-09-20T08:41:20.286070+00:00,227816,5735713,3947357,
2026-09-20T08:41:20.317731+00:00,227817,5735738,3947144,
2026-09-20T08:41:20.334058+00:00,227818,5735763,3947068,
2026-09-20T08:41:20.366030+00:00,227819,5735789,3947589,
2026-09-20T08:41:20.382064+00:00,227820,5735814,3947594,
2026-09-20T08:41:20.414051+00:00,227821,5735839,3947612,
2026-09-20T08:41:20.430090+00:00,227822,5735864,3947239,
2026-09-20T08:41:20.461993+00:00,227823,5735889,3947145,
2026-09-20T08:41:20.494050+00:00,227824,5735914,3947174,
2026-09-20T08:41:20.510028+00:00,227825,5735940,3947403,
2026-09-20T08:41:20.541837+00:00,227826,5735965,3947570,
2026-09-20T08:41:20.558043+00:00,227827,5735990,3947423,
2026-09-20T08:41:20.590014+00:00,227828,5736015,3947340,
2026-09-20T08:41:20.606070+00:00,227829,5736040,3947176,
2026-09-20T08:41:20.637793+00:00,227830,5736066,3947089,
2026-09-20T08:41:20.670089+00:00,227831,5736091,3947437,
2026-09-20T08:41:20.685712+00:00,227832,5736116,3947453,
2026-09-20T08:41:20.717960+00:00,227833,5736141,3947359,
2026-09-20T08:41:20.733913+00:00,227834,5736166,3947034,
2026-09-20T08:41:20.766001+00:00,227835,5736191,3947725,
2026-09-20T08:41:20.782582+00:00,227836,5736217,3948162,
2026-09-20T08:41:20.814022+00:00,227837,5736242,3947320,
2026-09-20T08:41:20.846014+00:00,227838,5736267,3947121,
2026-09-20T08:41:20.862018+00:00,227839,5736292,3947467,
2026-09-20T08:41:20.894011+00:00,227840,5736317,3947358,
2026-09-20T08:41:20.910012+00:00,227841,5736343,3947476,
2026-09-20T08:41:20.942020+00:00,227842,5736368,3947367,
2026-09-20T08:41:20.957961+00:00,227843,5736393,3947026,
2026-09-20T08:41:20.989761+00:00,227844,5736418,3947298,
2026-09-20T08:41:21.021736+00:00,227845,5736443,3947094,
2026-09-20T08:41:21.038000+00:00,227846,5736468,3947546,
2026-09-20T08:41:21.070030+00:00,227847,5736494,3947451,
2026-09-20T08:41:21.086496+00:00,227848,5736519,3947508,
2026-09-20T08:41:21.117883+00:00,227849,5736544,3947639,
2026-09-20T08:41:21.133995+00:00,227850,5736569,3947325,
2026-09-20T08:41:21.165962+00:00,227851,5736594,3947089,
2026-09-20T08:41:21.198018+00:00,227852,5736619,3947176,
2026-09-20T08:41:21.214664+00:00,227853,5736645,3947311,
2026-09-20T08:41:21.246022+00:00,227854,5736670,3947581,
2026-09-20T08:41:21.262009+00:00,227855,5736695,3947415,
2026-09-20T08:41:21.294000+00:00,227856,5736720,3947248,
2026-09-20T08:41:21.309992+00:00,227857,5736745,3947536,
2026-09-20T08:41:21.342005+00:00,227858,5736771,3947723,
2026-09-20T08:41:21.373984+00:00,227859,5736796,3947391,
2026-09-20T08:41:21.389644+00:00,227860,5736821,3946819,
2026-09-20T08:41:21.421992+00:00,227861,5736846,3946933,
2026-09-20T08:41:21.437990+00:00,227862,5736871,3947125,
2026-09-20T08:41:21.469950+00:00,227863,5736896,3947051,
2026-09-20T08:41:21.501973+00:00,227864,5736922,3947192,
2026-09-20T08:41:21.517921+00:00,227865,5736947,3947557,
2026-09-20T08:41:21.550024+00:00,227866,5736972,3947380,
2026-09-20T08:41:21.565753+00:00,227867,5736997,3947446,
2026-09-20T08:41:21.597687+00:00,227868,5737022,3947197,
2026-09-20T08:41:21.614015+00:00,227869,5737048,3947053,
2026-09-20T08:41:21.646016+00:00,227870,5737073,3947457,
2026-09-20T08:41:21.677994+00:00,227871,5737098,3947548,
2026-09-20T08:41:21.693992+00:00,227872,5737123,3947892,
2026-09-20T08:41:21.726001+00:00,227873,5737148,3947775,
2026-09-20T08:41:21.741994+00:00,227874,5737173,3947574,
2026-09-20T08:41:21.773988+00:00,227875,5737199,3947462,
2026-09-20T08:41:21.790001+00:00,227876,5737224,3947656,
2026-09-20T08:41:21.822030+00:00,227877,5737249,3947715,
2026-09-20T08:41:21.854027+00:00,227878,5737274,3947428,
2026-09-20T08:41:21.869981+00:00,227879,5737299,3947265,
2026-09-20T08:41:21.902011+00:00,227880,5737324,3947514,
2026-09-20T08:41:21.917493+00:00,227881,5737350,3947712,
2026-09-20T08:41:21.949988+00:00,227882,5737375,3947276,
2026-09-20T08:41:21.966282+00:00,227883,5737400,3946747,
2026-09-20T08:41:21.997892+00:00,227884,5737425,3947033,
2026-09-20T08:41:22.029971+00:00,227885,5737450,3947587,
2026-09-20T08:41:22.046001+00:00,227886,5737476,3947532,
2026-09-20T08:41:22.077943+00:00,227887,5737501,3947465,
2026-09-20T08:41:22.093984+00:00,227888,5737526,3947222,
2026-09-20T08:41:22.125991+00:00,227889,5737551,3947095,
2026-09-20T08:41:22.141985+00:00,227890,5737576,3947023,
2026-09-20T08:41:22.173967+00:00,227891,5737601,3947453,
2026-09-20T08:41:22.205995+00:00,227892,5737627,3947576,
2026-09-20T08:41:22.221751+00:00,227893,5737652,3947237,
2026-09-20T08:41:22.253646+00:00,227894,5737677,3946941,
2026-09-20T08:41:22.269975+00:00,227895,5737702,3947209,
2026-09-20T08:41:22.301973+00:00,227896,5737727,3947089,
2026-09-20T08:41:22.317460+00:00,227897,5737753,3947237,
2026-09-20T08:41:22.349958+00:00,227898,5737778,3947445,
2026-09-20T08:41:22.381513+00:00,227899,5737803,3947090,
2026-09-20T08:41:22.397970+00:00,227900,5737828,3947344,
2026-09-20T08:41:22.429976+00:00,227901,5737853,3947323,
2026-09-20T08:41:22.445983+00:00,227902,5737878,3947083,
2026-09-20T08:41:22.477955+00:00,227903,5737904,3947215,
2026-09-20T08:41:22.493958+00:00,227904,5737929,3947252,
2026-09-20T08:41:22.525954+00:00,227905,5737954,3946936,
2026-09-20T08:41:22.557949+00:00,227906,5737979,3947405,
2026-09-20T08:41:22.573714+00:00,227907,5738004,3947327,
2026-09-20T08:41:22.606080+00:00,227908,5738029,3946898,
2026-09-20T08:41:22.621959+00:00,227909,5738055,3946890,
2026-09-20T08:41:22.654009+00:00,227910,5738080,3947071,
2026-09-20T08:41:22.670050+00:00,227911,5738105,3947187,
2026-09-20T08:41:22.701905+00:00,227912,5738130,3947536,
2026-09-20T08:41:22.733992+00:00,227913,5738155,3947504,
2026-09-20T08:41:22.750112+00:00,227914,5738181,3947553,
2026-09-20T08:41:22.781980+00:00,227915,5738206,3947213,
2026-09-20T08:41:22.797957+00:00,227916,5738231,3947004,
2026-09-20T08:41:22.830106+00:00,227917,5738256,3947101,
2026-09-20T08:41:22.845958+00:00,227918,5738281,3947204,
2026-09-20T08:41:22.877954+00:00,227919,5738306,3947075,
2026-09-20T08:41:22.909957+00:00,227920,5738332,3947449,
2026-09-20T08:41:22.926411+00:00,227921,5738357,3947285,
2026-09-20T08:41:22.957994+00:00,227922,5738382,3947162,
2026-09-20T08:41:22.974489+00:00,227923,5738407,3946960,
2026-09-20T08:41:23.006004+00:00,227924,5738432,3947026,
2026-09-20T08:41:23.021432+00:00,227925,5738458,3947038,
2026-09-20T08:41:23.053969+00:00,227926,5738483,3947026,
2026-09-20T08:41:23.085354+00:00,227927,5738508,3947694,
2026-09-20T08:41:23.102415+00:00,227928,5738533,3947446,
2026-09-20T08:41:23.133936+00:00,227929,5738558,3947106,
2026-09-20T08:41:23.149516+00:00,227930,5738583,3947493,
2026-09-20T08:41:23.181947+00:00,227931,5738609,3947621,
2026-09-20T08:41:23.214230+00:00,227932,5738634,3947516,
2026-09-20T08:41:23.229757+00:00,227933,5738659,3947136,
2026-09-20T08:41:23.261960+00:00,227934,5738684,3946659,
2026-09-20T08:41:23.277912+00:00,227935,5738709,3946797,
2026-09-20T08:41:23.309939+00:00,227936,5738734,3947365,
2026-09-20T08:41:23.325943+00:00,227937,5738760,3947821,
2026-09-20T08:41:23.357960+00:00,227938,5738785,3947671,
2026-09-20T08:41:23.389974+00:00,227939,5738810,3947949,
2026-09-20T08:41:23.406402+00:00,227940,5738835,3947520,
2026-09-20T08:41:23.437930+00:00,227941,5738860,3947348,
2026-09-20T08:41:23.453926+00:00,227942,5738886,3947599,
2026-09-20T08:41:23.485806+00:00,227943,5738911,3947630,
2026-09-20T08:41:23.502056+00:00,227944,5738936,3947575,
2026-09-20T08:41:23.533844+00:00,227945,5738961,3947440,
2026-09-20T08:41:23.565981+00:00,227946,5738986,3947828,
2026-09-20T08:41:23.581942+00:00,227947,5739011,3947656,
2026-09-20T08:41:23.613957+00:00,227948,5739037,3947337,
2026-09-20T08:41:23.629643+00:00,227949,5739062,3947508,
2026-09-20T08:41:23.661930+00:00,227950,5739087,3947363,
2026-09-20T08:41:23.677954+00:00,227951,5739112,3947253,
2026-09-20T08:41:23.710288+00:00,227952,5739137,3947019,
2026-09-20T08:41:23.741940+00:00,227953,5739162,3946670,
2026-09-20T08:41:23.757381+00:00,227954,5739188,3947044,
2026-09-20T08:41:23.789961+00:00,227955,5739213,3947386,
2026-09-20T08:41:23.801469+00:00,227956,5739238,3947021,
2026-09-20T08:41:23.827894+00:00,227957,5739263,3947040,
2026-09-20T08:41:23.853952+00:00,227958,5739288,3947007,
2026-09-20T08:41:23.885953+00:00,227959,5739314,3947181,
2026-09-20T08:41:23.917957+00:00,227960,5739339,3947286,
2026-09-20T08:41:23.933977+00:00,227961,5739364,3947002,
2026-09-20T08:41:23.965927+00:00,227962,5739389,3947840,
2026-09-20T08:41:23.981922+00:00,227963,5739414,3947782,
2026-09-20T08:41:24.013924+00:00,227964,5739439,3947530,
2026-09-20T08:41:24.029931+00:00,227965,5739465,3947541,
2026-09-20T08:41:24.061962+00:00,227966,5739490,3947315,
2026-09-20T08:41:24.093925+00:00,227967,5739515,3946882,
2026-09-20T08:41:24.109996+00:00,227968,5739540,3947243,
2026-09-20T08:41:24.141949+00:00,227969,5739565,3947622,
2026-09-20T08:41:24.157927+00:00,227970,5739591,3947371,
2026-09-20T08:41:24.189997+00:00,227971,5739616,3946902,
2026-09-20T08:41:24.205928+00:00,227972,5739641,3946997,
2026-09-20T08:41:24.237847+00:00,227973,5739666,3946968,
2026-09-20T08:41:24.269716+00:00,227974,5739691,3947370,
2026-09-20T08:41:24.286103+00:00,227975,5739716,3947116,
2026-09-20T08:41:24.317928+00:00,227976,5739742,3946925,
2026-09-20T08:41:24.333923+00:00,227977,5739767,3947172,
2026-09-20T08:41:24.365938+00:00,227978,5739792,3947058,
2026-09-20T08:41:24.381919+00:00,227979,5739817,3947274,
2026-09-20T08:41:24.413820+00:00,227980,5739842,3947103,
2026-09-20T08:41:24.445952+00:00,227981,5739868,3947473,
2026-09-20T08:41:24.461887+00:00,227982,5739893,3947411,
2026-09-20T08:41:24.493918+00:00,227983,5739918,3947208,
2026-09-20T08:41:24.509919+00:00,227984,5739943,3947015,
2026-09-20T08:41:24.541939+00:00,227985,5739968,3947146,
2026-09-20T08:41:24.557976+00:00,227986,5739993,3947269,
2026-09-20T08:41:24.589671+00:00,227987,5740019,3947354,
2026-09-20T08:41:24.622009+00:00,227988,5740044,3947087,
2026-09-20T08:41:24.637928+00:00,227989,5740069,3946681,
2026-09-20T08:41:24.670029+00:00,227990,5740094,3946991,
2026-09-20T08:41:24.685955+00:00,227991,5740119,3947260,
2026-09-20T08:41:24.718954+00:00,227992,5740144,3947189,
2026-09-20T08:41:24.733928+00:00,227993,5740170,3947096,
2026-09-20T08:41:24.765948+00:00,227994,5740195,3947378,
2026-09-20T08:41:24.797911+00:00,227995,5740220,3947597,
2026-09-20T08:41:24.813937+00:00,227996,5740245,3947219,
2026-09-20T08:41:24.845940+00:00,227997,5740270,3947170,
2026-09-20T08:41:24.861824+00:00,227998,5740296,3947250,
2026-09-20T08:41:24.893881+00:00,227999,5740321,3947240,
2026-09-20T08:41:24.909918+00:00,228000,5740346,3946853,
2026-09-20T08:41:24.941950+00:00,228001,5740371,3947175,
2026-09-20T08:41:24.973922+00:00,228002,5740396,3947265,
2026-09-20T08:41:24.989934+00:00,228003,5740421,3947575,
2026-09-20T08:41:25.021940+00:00,228004,5740447,3947264,
2026-09-20T08:41:25.037936+00:00,228005,5740472,3947340,
2026-09-20T08:41:25.069740+00:00,228006,5740497,3947884,
2026-09-20T08:41:25.101475+00:00,228007,5740522,3947499,
2026-09-20T08:41:25.117496+00:00,228008,5740547,3947578,
2026-09-20T08:41:25.149677+00:00,228009,5740573,3947666,
2026-09-20T08:41:25.165931+00:00,228010,5740598,3947526,
2026-09-20T08:41:25.197901+00:00,228011,5740623,3947313,
2026-09-20T08:41:25.214236+00:00,228012,5740648,3947156,
2026-09-20T08:41:25.245916+00:00,228013,5740673,3947861,
2026-09-20T08:41:25.277896+00:00,228014,5740698,3947873,
2026-09-20T08:41:25.293368+00:00,228015,5740724,3947530,
2026-09-20T08:41:25.325913+00:00,228016,5740749,3947383,
2026-09-20T08:41:25.341835+00:00,228017,5740774,3947969,
2026-09-20T08:41:25.373880+00:00,228018,5740799,3947644,
2026-09-20T08:41:25.389897+00:00,228019,5740824,3947347,
2026-09-20T08:41:25.422243+00:00,228020,5740849,3947390,
2026-09-20T08:41:25.453789+00:00,228021,5740875,3947452,
2026-09-20T08:41:25.469909+00:00,228022,5740900,3947372,
2026-09-20T08:41:25.501895+00:00,228023,5740925,3946766,
2026-09-20T08:41:25.517882+00:00,228024,5740950,3946918,
2026-09-20T08:41:25.549905+00:00,228025,5740975,3947221,
2026-09-20T08:41:25.566038+00:00,228026,5741001,3947307,
2026-09-20T08:41:25.597891+00:00,228027,5741026,3947212,
2026-09-20T08:41:25.629892+00:00,228028,5741051,3947267,
2026-09-20T08:41:25.646640+00:00,228029,5741076,3947261,
2026-09-20T08:41:25.677456+00:00,228030,5741101,3947275,
2026-09-20T08:41:25.694409+00:00,228031,5741126,3947324,
2026-09-20T08:41:25.725890+00:00,228032,5741152,3947585,
2026-09-20T08:41:25.741878+00:00,228033,5741177,3947107,
2026-09-20T08:41:25.773804+00:00,228034,5741202,3946952,
2026-09-20T08:41:25.805786+00:00,228035,5741227,3947482,
2026-09-20T08:41:25.821818+00:00,228036,5741252,3947462,
2026-09-20T08:41:25.853862+00:00,228037,5741278,3947316,
2026-09-20T08:41:25.869993+00:00,228038,5741303,3947304,
2026-09-20T08:41:25.901942+00:00,228039,5741328,3947240,
2026-09-20T08:41:25.918344+00:00,228040,5741353,3947591,
2026-09-20T08:41:25.949977+00:00,228041,5741378,3947213,
2026-09-20T08:41:25.981879+00:00,228042,5741403,3946931,
2026-09-20T08:41:25.997896+00:00,228043,5741429,3946891,
2026-09-20T08:41:26.029873+00:00,228044,5741454,3947377,
2026-09-20T08:41:26.045868+00:00,228045,5741479,3947298,
2026-09-20T08:41:26.077905+00:00,228046,5741504,3946821,
2026-09-20T08:41:26.093867+00:00,228047,5741529,3947017,
2026-09-20T08:41:26.125438+00:00,228048,5741554,3947136,
